ISO-10303-21;
HEADER;
FILE_DESCRIPTION(('Open CASCADE Model'),'2;1');
FILE_NAME('LEE_LHL_1250D_09_REJECTED_REFERENCE','2026-08-18T00:00:00',('STINGRAY DF8 WP02'),(
    'Open CASCADE'),'Open CASCADE STEP processor 7.9','Open CASCADE 7.9'
  ,'Unknown');
FILE_SCHEMA((
'AP242_MANAGED_MODEL_BASED_3D_ENGINEERING_MIM_LF {1 0 10303 442 1 1 4 }'
    ));
ENDSEC;
DATA;
#1 = APPLICATION_PROTOCOL_DEFINITION('international standard',
  'ap242_managed_model_based_3d_engineering',2013,#2);
#2 = APPLICATION_CONTEXT('Managed model based 3d engineering');
#3 = SHAPE_DEFINITION_REPRESENTATION(#4,#10);
#4 = PRODUCT_DEFINITION_SHAPE('','',#5);
#5 = PRODUCT_DEFINITION('design','',#6,#9);
#6 = PRODUCT_DEFINITION_FORMATION('','',#7);
#7 = PRODUCT('Open CASCADE STEP translator 7.9 5',
  'Open CASCADE STEP translator 7.9 5','',(#8));
#8 = PRODUCT_CONTEXT('',#2,'mechanical');
#9 = PRODUCT_DEFINITION_CONTEXT('part definition',#2,'design');
#10 = ADVANCED_BREP_SHAPE_REPRESENTATION('',(#11,#15),#2303);
#11 = AXIS2_PLACEMENT_3D('',#12,#13,#14);
#12 = CARTESIAN_POINT('',(0.,0.,0.));
#13 = DIRECTION('',(0.,0.,1.));
#14 = DIRECTION('',(1.,0.,-0.));
#15 = MANIFOLD_SOLID_BREP('',#16);
#16 = CLOSED_SHELL('',(#17,#2295,#2299));
#17 = ADVANCED_FACE('',(#18),#302,.F.);
#18 = FACE_BOUND('',#19,.F.);
#19 = EDGE_LOOP('',(#20,#2226,#2260,#2261));
#20 = ORIENTED_EDGE('',*,*,#21,.T.);
#21 = EDGE_CURVE('',#22,#24,#26,.T.);
#22 = VERTEX_POINT('',#23);
#23 = CARTESIAN_POINT('',(15.24,-8.708311849404E-16,3.325));
#24 = VERTEX_POINT('',#25);
#25 = CARTESIAN_POINT('',(15.106864392218,2.010036874069,126.67499798288
    ));
#26 = SEAM_CURVE('',#27,(#301,#2219),.PCURVE_S1.);
#27 = ( BOUNDED_CURVE() B_SPLINE_CURVE(9,(#28,#29,#30,#31,#32,#33,#34,
    #35,#36,#37,#38,#39,#40,#41,#42,#43,#44,#45,#46,#47,#48,#49,#50,#51,
    #52,#53,#54,#55,#56,#57,#58,#59,#60,#61,#62,#63,#64,#65,#66,#67,#68,
    #69,#70,#71,#72,#73,#74,#75,#76,#77,#78,#79,#80,#81,#82,#83,#84,#85,
    #86,#87,#88,#89,#90,#91,#92,#93,#94,#95,#96,#97,#98,#99,#100,#101,
    #102,#103,#104,#105,#106,#107,#108,#109,#110,#111,#112,#113,#114,
    #115,#116,#117,#118,#119,#120,#121,#122,#123,#124,#125,#126,#127,
    #128,#129,#130,#131,#132,#133,#134,#135,#136,#137,#138,#139,#140,
    #141,#142,#143,#144,#145,#146,#147,#148,#149,#150,#151,#152,#153,
    #154,#155,#156,#157,#158,#159,#160,#161,#162,#163,#164,#165,#166,
    #167,#168,#169,#170,#171,#172,#173,#174,#175,#176,#177,#178,#179,
    #180,#181,#182,#183,#184,#185,#186,#187,#188,#189,#190,#191,#192,
    #193,#194,#195,#196,#197,#198,#199,#200,#201,#202,#203,#204,#205,
    #206,#207,#208,#209,#210,#211,#212,#213,#214,#215,#216,#217,#218,
    #219,#220,#221,#222,#223,#224,#225,#226,#227,#228,#229,#230,#231,
    #232,#233,#234,#235,#236,#237,#238,#239,#240,#241,#242,#243,#244,
    #245,#246,#247,#248,#249,#250,#251,#252,#253,#254,#255,#256,#257,
    #258,#259,#260,#261,#262,#263,#264,#265,#266,#267,#268,#269,#270,
    #271,#272,#273,#274,#275,#276,#277,#278,#279,#280,#281,#282,#283,
    #284,#285,#286,#287,#288,#289,#290,#291,#292,#293,#294,#295,#296,
    #297,#298,#299,#300),.UNSPECIFIED.,.F.,.F.) 
B_SPLINE_CURVE_WITH_KNOTS((10,8,9,8,9,8,9,8,9,8,9,8,9,8,9,8,9,8,9,8,9,8,
    9,8,9,8,9,8,9,8,9,8,10),(0.,5.232501323804,10.465002647607,
    15.697503971411,20.930005295214,26.162506619018,31.395007942821,
    36.627509266625,41.860010590429,47.092511914232,52.325013238036,
    57.557514561839,62.790015885643,68.022517209446,73.25501853325,
    78.487519857053,83.720021180857,88.952522504661,94.185023828464,
    99.417525152268,104.65002647607,109.88252779987,115.11502912367,
    120.34753044748,125.58003177128,130.81253309508,136.04503441889,
    141.27753574269,146.5100370665,151.7425383903,156.9750397141,
162.20754103791,167.44004236171),.UNSPECIFIED.) CURVE() 
GEOMETRIC_REPRESENTATION_ITEM() RATIONAL_B_SPLINE_CURVE((1.669078461068,
    1.669078461068,1.669078461068,1.669078461068,1.669078461068,
    1.669078461068,1.669078461068,1.669078461068,1.669078461068,
    1.669078461068,1.669078461068,1.669078461068,1.669078461068,
    1.669078461068,1.669078461068,1.669078461068,1.669078461068,
    1.669078461068,1.669078461068,1.669078461068,1.669078461068,
    1.669078461068,1.669078461068,1.669078461068,1.669078461068,
    1.669078461068,1.669078461068,1.669078461068,1.669078461068,
    1.669078461068,1.669078461068,1.669078461068,1.669078461068,
    1.669078461068,1.669078461068,1.669078461068,1.669078461068,
    1.669078461068,1.669078461068,1.669078461068,1.669078461068,
    1.669078461068,1.669078461068,1.669078461068,1.669078461068,
    1.669078461068,1.669078461068,1.669078461068,1.669078461068,
    1.669078461068,1.669078461068,1.669078461068,1.669078461068,
    1.669078461068,1.669078461068,1.669078461069,1.669078461068,
    1.669078461069,1.669078461068,1.669078461068,1.669078461068,
    1.669078461068,1.669078461068,1.669078461068,1.669078461068,
    1.669078461068,1.669078461068,1.669078461068,1.669078461068,
    1.669078461068,1.669078461068,1.669078461068,1.669078461069,
    1.669078461068,1.669078461068,1.669078461068,1.669078461068,
    1.669078461068,1.669078461068,1.669078461068,1.669078461069,
    1.669078461068,1.669078461069,1.669078461068,1.669078461068,
    1.669078461068,1.669078461068,1.669078461068,1.669078461068,
    1.669078461068,1.669078461068,1.669078461068,1.669078461068,
    1.669078461068,1.669078461068,1.669078461068,1.669078461068,
    1.669078461068,1.669078461068,1.669078461068,1.669078461068,
    1.669078461068,1.669078461068,1.669078461068,1.669078461068,
    1.669078461068,1.669078461069,1.669078461068,1.669078461069,
    1.669078461068,1.669078461068,1.669078461068,1.669078461068,
    1.669078461068,1.669078461068,1.669078461068,1.669078461068,
    1.669078461068,1.669078461068,1.669078461068,1.669078461068,
    1.669078461068,1.669078461068,1.669078461068,1.669078461068,
    1.669078461068,1.669078461068,1.669078461068,1.669078461068,
    1.669078461068,1.669078461068,1.669078461068,1.669078461068,
    1.669078461068,1.669078461068,1.669078461068,1.669078461068,
    1.669078461068,1.669078461068,1.669078461068,1.669078461068,
    1.669078461068,1.669078461068,1.669078461068,1.669078461068,
    1.669078461068,1.669078461068,1.669078461068,1.669078461068,
    1.669078461068,1.669078461068,1.669078461068,1.669078461068,
    1.669078461068,1.669078461068,1.669078461068,1.669078461068,
    1.669078461068,1.669078461068,1.669078461068,1.669078461068,
    1.669078461068,1.669078461068,1.669078461068,1.669078461068,
    1.669078461068,1.669078461068,1.669078461068,1.669078461068,
    1.669078461068,1.669078461068,1.669078461068,1.669078461068,
    1.669078461068,1.669078461068,1.669078461068,1.669078461068,
    1.669078461068,1.669078461068,1.669078461068,1.669078461068,
    1.669078461068,1.669078461068,1.669078461068,1.669078461068,
    1.669078461068,1.669078461068,1.669078461068,1.669078461068,
    1.669078461068,1.669078461068,1.669078461069,1.669078461068,
    1.669078461069,1.669078461068,1.669078461068,1.669078461068,
    1.669078461068,1.669078461068,1.669078461068,1.669078461068,
    1.669078461068,1.669078461068,1.669078461068,1.669078461068,
    1.669078461068,1.669078461068,1.669078461069,1.669078461068,
    1.669078461069,1.669078461068,1.669078461068,1.669078461068,
    1.669078461068,1.669078461068,1.669078461068,1.669078461068,
    1.669078461068,1.669078461068,1.669078461068,1.669078461068,
    1.669078461068,1.669078461068,1.669078461068,1.669078461068,
    1.669078461069,1.669078461068,1.669078461068,1.669078461068,
    1.669078461068,1.669078461068,1.669078461068,1.669078461068,
    1.669078461068,1.669078461068,1.669078461068,1.669078461068,
    1.669078461068,1.669078461068,1.669078461068,1.669078461068,
    1.669078461068,1.669078461068,1.669078461068,1.669078461068,
    1.669078461068,1.669078461068,1.669078461068,1.669078461068,
    1.669078461068,1.669078461069,1.669078461068,1.669078461068,
    1.669078461068,1.669078461068,1.669078461068,1.669078461068,
    1.669078461068,1.669078461069,1.669078461068,1.669078461069,
    1.669078461068,1.669078461068,1.669078461068,1.669078461068,
    1.669078461068,1.669078461068,1.669078461068,1.669078461068,
    1.669078461068,1.669078461068,1.669078461068,1.669078461068)) 
REPRESENTATION_ITEM('') );
#28 = CARTESIAN_POINT('',(15.24,-8.708311849404E-16,3.325));
#29 = CARTESIAN_POINT('',(15.240000000294,5.99173551438,3.753291067464)
  );
#30 = CARTESIAN_POINT('',(12.589820600026,11.983640945944,4.181614622399
    ));
#31 = CARTESIAN_POINT('',(7.289562279979,16.634585067032,4.609864347899)
  );
#32 = CARTESIAN_POINT('',(0.129103274586,18.611355991818,5.038225932628)
  );
#33 = CARTESIAN_POINT('',(-7.312345278476,17.115165035539,5.466469333909
    ));
#34 = CARTESIAN_POINT('',(-13.15234008405,12.524495306984,5.894800484944
    ));
#35 = CARTESIAN_POINT('',(-16.24313171758,6.186436910804,6.323087282362)
  );
#36 = CARTESIAN_POINT('',(-16.37149589916,-0.364132961616,6.751387737081
    ));
#37 = CARTESIAN_POINT('',(-11.73989573728,-11.41636188574,7.607985324679
    ));
#38 = CARTESIAN_POINT('',(-6.979794445588,-15.91834785769,8.036284984752
    ));
#39 = CARTESIAN_POINT('',(-0.293835301971,-18.15931435128,8.464574520921
    ));
#40 = CARTESIAN_POINT('',(7.07420251657,-17.21496193872,8.89289985582));
#41 = CARTESIAN_POINT('',(13.359097623495,-12.95892620842,9.321152397205
    ));
#42 = CARTESIAN_POINT('',(16.970977820979,-6.467846031053,9.749502709883
    ));
#43 = CARTESIAN_POINT('',(17.371924192158,0.572271298895,10.177763596109
    ));
#44 = CARTESIAN_POINT('',(14.958526974467,6.663404624806,10.606078233954
    ));
#45 = CARTESIAN_POINT('',(10.686848592309,10.865029551965,
    11.034375000006));
#46 = CARTESIAN_POINT('',(6.415169889686,15.066654896464,11.462666067455
    ));
#47 = CARTESIAN_POINT('',(0.284966767654,17.379011105503,11.890989622414
    ));
#48 = CARTESIAN_POINT('',(-6.747559707851,16.861719265027,
    12.319239347877));
#49 = CARTESIAN_POINT('',(-13.17803318272,13.143008823948,
    12.747600932653));
#50 = CARTESIAN_POINT('',(-17.32957353962,6.788604319009,13.17584433389)
  );
#51 = CARTESIAN_POINT('',(-18.15197367103,-0.594040593798,
    13.604175484954));
#52 = CARTESIAN_POINT('',(-15.80076831943,-7.24203356538,14.032462282359
    ));
#53 = CARTESIAN_POINT('',(-11.22069439076,-11.92704859465,
    14.460762737079));
#54 = CARTESIAN_POINT('',(-9.339757016658E-02,-16.37527854793,
    15.317360324684));
#55 = CARTESIAN_POINT('',(6.454154425639,-16.13862508614,15.745659984729
    ));
#56 = CARTESIAN_POINT('',(12.740243680245,-12.94346274617,16.17394952098
    ));
#57 = CARTESIAN_POINT('',(17.233727126364,-7.028364328257,
    16.602274855717));
#58 = CARTESIAN_POINT('',(18.606677811603,0.436804997288,17.030527397338
    ));
#59 = CARTESIAN_POINT('',(16.511785347822,7.563601331895,17.458877709754
    ));
#60 = CARTESIAN_POINT('',(11.773843768035,12.786236643529,
    17.887138596203));
#61 = CARTESIAN_POINT('',(5.738938633515,15.336983856035,18.3154532339)
  );
#62 = CARTESIAN_POINT('',(-0.251977318242,15.237916768085,
    18.743750000035));
#63 = CARTESIAN_POINT('',(-6.242893792278,15.138849744321,
    19.172041067405));
#64 = CARTESIAN_POINT('',(-12.1901622405,12.389962776933,19.600364622465
    ));
#65 = CARTESIAN_POINT('',(-16.75283642236,7.013530522447,20.028614347845
    ));
#66 = CARTESIAN_POINT('',(-18.61094649882,-0.178633505126,
    20.456975932663));
#67 = CARTESIAN_POINT('',(-16.99192356495,-7.594326910789,
    20.885219333891));
#68 = CARTESIAN_POINT('',(-12.30532320651,-13.35762153844,
    21.313550484949));
#69 = CARTESIAN_POINT('',(-5.91702821311,-16.34319756876,21.741837282364
    ));
#70 = CARTESIAN_POINT('',(0.634768595398,-16.36323744313,22.170137737076
    ));
#71 = CARTESIAN_POINT('',(11.608908113758,-11.54953345529,23.02673532469
    ));
#72 = CARTESIAN_POINT('',(16.031575434853,-6.715647258287,
    23.455034984691));
#73 = CARTESIAN_POINT('',(18.161690320342,6.449964341649E-03,
    23.88332452108));
#74 = CARTESIAN_POINT('',(17.095644265665,7.35786673822,24.311649855531)
  );
#75 = CARTESIAN_POINT('',(12.736276205718,13.571533671756,
    24.739902397601));
#76 = CARTESIAN_POINT('',(6.186364698824,17.075596982022,25.168252709461
    ));
#77 = CARTESIAN_POINT('',(-0.859419507308,17.360087634838,
    25.596513596462));
#78 = CARTESIAN_POINT('',(-6.909817229463,14.846309854471,
    26.024828233725));
#79 = CARTESIAN_POINT('',(-11.04024012101,10.505745954968,
    26.453125000117));
#80 = CARTESIAN_POINT('',(-15.17066342458,6.165181728112,26.881416067212
    ));
#81 = CARTESIAN_POINT('',(-17.38134710625,-2.415795591717E-03,
    27.309739622724));
#82 = CARTESIAN_POINT('',(-16.74785057264,-7.025428085116,
    27.737989347608));
#83 = CARTESIAN_POINT('',(-12.92332736751,-13.39353759334,
    28.166350932818));
#84 = CARTESIAN_POINT('',(-6.501150138941,-17.43944708228,
    28.594594333818));
#85 = CARTESIAN_POINT('',(0.894083121481,-18.13967055249,29.022925484972
    ));
#86 = CARTESIAN_POINT('',(7.50229264621,-15.67886905031,29.451212282361)
  );
#87 = CARTESIAN_POINT('',(12.110940567949,-11.02195941516,
    29.879512737076));
#88 = CARTESIAN_POINT('',(16.374584359379,0.177363147861,30.736110324691
    ));
#89 = CARTESIAN_POINT('',(16.029706383888,6.720107310724,31.164409984687
    ));
#90 = CARTESIAN_POINT('',(12.731046954085,12.952508650699,
    31.592699521096));
#91 = CARTESIAN_POINT('',(6.742462093586,17.347577949438,32.021024855481
    ));
#92 = CARTESIAN_POINT('',(-0.744387071541,18.596912262047,
    32.449277397716));
#93 = CARTESIAN_POINT('',(-7.835572372214,16.384472102429,
    32.877627709269));
#94 = CARTESIAN_POINT('',(-12.97915691139,11.560827412026,
    33.305888596687));
#95 = CARTESIAN_POINT('',(-15.42977466129,5.484573305252,33.734203233552
    ));
#96 = CARTESIAN_POINT('',(-15.23166764187,-0.503885748387,
    34.162500000181));
#97 = CARTESIAN_POINT('',(-15.0335606777,-6.492345325659,34.590791062644
    ));
#98 = CARTESIAN_POINT('',(-12.18671766291,-12.39335086525,
    35.019114641044));
#99 = CARTESIAN_POINT('',(-6.735581332786,-16.8665077223,35.447364303072
    ));
#100 = CARTESIAN_POINT('',(0.486321443004,-18.60544895396,
    35.875726011642));
#101 = CARTESIAN_POINT('',(7.87423233717,-16.86403667884,36.303969225669
    ));
#102 = CARTESIAN_POINT('',(13.559251144553,-12.08278694622,
    36.732300603088));
#103 = CARTESIAN_POINT('',(16.438795359869,-5.646001865398,
    37.160587178813));
#104 = CARTESIAN_POINT('',(16.350505436495,0.905230694271,
    37.588887809544));
#105 = CARTESIAN_POINT('',(11.356013656386,11.798280572808,
    38.445485172976));
#106 = CARTESIAN_POINT('',(6.44966402499,16.140420190087,38.873785803694
    ));
#107 = CARTESIAN_POINT('',(-0.306733323252,18.159100931959,
    39.302072379503));
#108 = CARTESIAN_POINT('',(-7.639519654959,16.971653055809,
    39.730403756645));
#109 = CARTESIAN_POINT('',(-13.78025903325,12.510143896153,
    40.158646971324));
#110 = CARTESIAN_POINT('',(-17.17554824685,5.903192445983,
    40.587008678736));
#111 = CARTESIAN_POINT('',(-17.34350464948,-1.146333084419,
    41.015258342301));
#112 = CARTESIAN_POINT('',(-14.73003414951,-7.154340530844,
    41.443581919228));
#113 = CARTESIAN_POINT('',(-10.32177101587,-11.21243252358,
    41.871872982625));
#114 = CARTESIAN_POINT('',(-5.91350831532,-15.27052421659,
    42.300169752756));
#115 = CARTESIAN_POINT('',(0.289798051788,-17.37893154555,
    42.728484368615));
#116 = CARTESIAN_POINT('',(7.301375379002,-16.6294028156,43.156745316628
    ));
#117 = CARTESIAN_POINT('',(13.605380709475,-12.70011313831,
    43.58509550695));
#118 = CARTESIAN_POINT('',(17.544552591865,-6.211918367854,
    44.013348234539));
#119 = CARTESIAN_POINT('',(18.122408373179,1.193881083197,
    44.441673343646));
#120 = CARTESIAN_POINT('',(15.552683279877,7.760500725841,
    44.869963101262));
#121 = CARTESIAN_POINT('',(10.820211156128,12.291521521631,
    45.298262585378));
#122 = CARTESIAN_POINT('',(-0.448075381449,16.369413527443,
    46.154860397163));
#123 = CARTESIAN_POINT('',(-6.984222978607,15.916405313538,
    46.583159881084));
#124 = CARTESIAN_POINT('',(-13.16123254253,12.515150628249,
    47.011449639365));
#125 = CARTESIAN_POINT('',(-17.45668611071,6.454716530275,
    47.439774747079));
#126 = CARTESIAN_POINT('',(-18.58206250754,-1.051765632747,
    47.868027476815));
#127 = CARTESIAN_POINT('',(-16.25267950311,-8.105401248181,
    48.296377664551));
#128 = CARTESIAN_POINT('',(-11.34465044234,-13.16852880616,
    48.724638615054));
#129 = CARTESIAN_POINT('',(-5.228708549165,-15.5183471205,
    49.152953228997));
#130 = CARTESIAN_POINT('',(0.755656421204,-15.22125432982,
    49.581250000273));
#131 = CARTESIAN_POINT('',(6.740021916374,-14.92416158599,
    50.009541062481));
#132 = CARTESIAN_POINT('',(12.593151272749,-11.98014082075,
    50.437864641217));
#133 = CARTESIAN_POINT('',(16.975567884667,-6.455790705397,
    50.86611430295));
#134 = CARTESIAN_POINT('',(18.594864870071,0.793876430688,
    51.294476011701));
#135 = CARTESIAN_POINT('',(16.731539326702,8.15198501988,51.722719225647
    ));
#136 = CARTESIAN_POINT('',(11.856947380074,13.757173794619,
    52.151050603095));
#137 = CARTESIAN_POINT('',(5.373431950626,16.529898941605,
    52.579337178811));
#138 = CARTESIAN_POINT('',(-1.175445307543,16.333303369732,
    53.007637809544));
#139 = CARTESIAN_POINT('',(-11.98442750931,11.159389226685,
    53.864235172976));
#140 = CARTESIAN_POINT('',(-16.24485226397,6.181917572187,
    54.292535803693));
#141 = CARTESIAN_POINT('',(-18.15154716169,-0.606932966146,
    54.720822379512));
#142 = CARTESIAN_POINT('',(-16.84302171954,-7.919083744998,
    55.149153756613));
#143 = CARTESIAN_POINT('',(-12.28059178021,-13.98521736881,
    55.577396971386));
#144 = CARTESIAN_POINT('',(-5.618405943,-17.27080349301,56.00575867865)
  );
#145 = CARTESIAN_POINT('',(1.432932934337,-17.32218047107,
    56.434008342391));
#146 = CARTESIAN_POINT('',(7.396908139247,-14.6097311562,56.862331919159
    ));
#147 = CARTESIAN_POINT('',(11.381559431902,-10.13497434126,
    57.290622982658));
#148 = CARTESIAN_POINT('',(15.366210432037,-5.660217964301,
    57.718919752684));
#149 = CARTESIAN_POINT('',(17.371764427402,0.577100732106,
    58.147234368743));
#150 = CARTESIAN_POINT('',(16.506409122023,7.575326945103,
    58.575495316462));
#151 = CARTESIAN_POINT('',(12.473426483081,13.813503890999,
    59.003845507113));
#152 = CARTESIAN_POINT('',(5.920988566122,17.644861854314,
    59.432098234412));
#153 = CARTESIAN_POINT('',(-1.493352784692,18.100191566537,
    59.860423343725));
#154 = CARTESIAN_POINT('',(-8.016587110452,15.422245615362,
    60.288713101221));
#155 = CARTESIAN_POINT('',(-12.46874210562,10.615504749348,
    60.717012585395));
#156 = CARTESIAN_POINT('',(-16.35976745672,-0.7186651109,61.573610397134
    ));
#157 = CARTESIAN_POINT('',(-15.79875286343,-7.246429236542,
    62.001909881234));
#158 = CARTESIAN_POINT('',(-12.29583277772,-13.36635827695,
    62.430199638976));
#159 = CARTESIAN_POINT('',(-6.165206318804,-17.56102179553,
    62.858524747786));
#160 = CARTESIAN_POINT('',(1.358856656799,-18.5621325974,63.286777475832
    ));
#161 = CARTESIAN_POINT('',(8.373014185486,-16.11644358651,
    63.715127665627));
#162 = CARTESIAN_POINT('',(13.354300557845,-11.12537195726,
    64.143388614119));
#163 = CARTESIAN_POINT('',(15.602677018274,-4.971414316703,
    64.571703229622));
#164 = CARTESIAN_POINT('',(15.206679678814,1.007220505129,
    64.999999999977));
#165 = CARTESIAN_POINT('',(14.810682377832,6.985855852066,
    65.428291067527));
#166 = CARTESIAN_POINT('',(11.770288726497,12.7895088396,65.856614622319
    ));
#167 = CARTESIAN_POINT('',(6.174235132295,17.079987093542,
    66.284864347963));
#168 = CARTESIAN_POINT('',(-1.101214385857,18.579197140543,
    66.713225932595));
#169 = CARTESIAN_POINT('',(-8.427509023847,16.594467732293,
    67.141469333919));
#170 = CARTESIAN_POINT('',(-13.95133537889,11.62786624995,
    67.569800484943));
#171 = CARTESIAN_POINT('',(-16.61648340685,5.099392987033,
    67.998087282362));
#172 = CARTESIAN_POINT('',(-16.31163594593,-1.445338561481,
    68.42638773708));
#173 = CARTESIAN_POINT('',(-10.95971392088,-12.16729803206,
    69.282985324682));
#174 = CARTESIAN_POINT('',(-5.91248110158,-16.34484310859,
    69.711284984739));
#175 = CARTESIAN_POINT('',(0.906966827968,-18.13903106746,
    70.139574520952));
#176 = CARTESIAN_POINT('',(8.196482566409,-16.70978543654,
    70.567899855775));
#177 = CARTESIAN_POINT('',(14.186352661424,-12.0476825969,
    70.996152397248));
#178 = CARTESIAN_POINT('',(17.361336660514,-5.332083067762,
    71.424502709856));
#179 = CARTESIAN_POINT('',(17.296120945415,1.719140721219,
    71.852763596117));
#180 = CARTESIAN_POINT('',(14.48543375299,7.6374537267,72.281078233954)
  );
#181 = CARTESIAN_POINT('',(9.945407005625,11.547574615151,
    72.709375000012));
#182 = CARTESIAN_POINT('',(5.405379910509,15.45769589882,73.137666063055
    ));
#183 = CARTESIAN_POINT('',(-0.864245273244,17.35984772898,
    73.565989640518));
#184 = CARTESIAN_POINT('',(-7.847207909973,16.378903096787,
    73.994239303519));
#185 = CARTESIAN_POINT('',(-14.01785021545,12.243329394472,
    74.422601011372));
#186 = CARTESIAN_POINT('',(-17.74034746777,5.628440257143,74.85084422579
    ));
#187 = CARTESIAN_POINT('',(-18.07302618915,-1.792416345306,
    75.279175603047));
#188 = CARTESIAN_POINT('',(-15.28759172904,-8.270481792119,
    75.707462178821));
#189 = CARTESIAN_POINT('',(-10.40789615245,-12.64255386852,
    76.135762809545));
#190 = CARTESIAN_POINT('',(0.989058345645,-16.34564878576,
    76.992360172976));
#191 = CARTESIAN_POINT('',(7.506654474856,-15.67678119203,
    77.420660803702));
#192 = CARTESIAN_POINT('',(13.567829579206,-12.07315337841,
    77.848947379465));
#193 = CARTESIAN_POINT('',(17.660556835201,-5.874010578458,
    78.277278756755));
#194 = CARTESIAN_POINT('',(18.537127485777,1.665576146701,
    78.705521971092));
#195 = CARTESIAN_POINT('',(15.975802142026,8.63833806678,79.133883679099
    ));
#196 = CARTESIAN_POINT('',(10.903051426644,13.536421338471,
    79.56213334188));
#197 = CARTESIAN_POINT('',(4.712761285282,15.682741327517,
    79.990456919581));
#198 = CARTESIAN_POINT('',(-1.25850940884,15.187947658187,
    80.418747982427));
#199 = CARTESIAN_POINT('',(-7.229779589006,14.693154104521,
    80.847044753056));
#200 = CARTESIAN_POINT('',(-12.98237036005,11.557218714359,
    81.275359368089));
#201 = CARTESIAN_POINT('',(-17.17973626328,5.890991627068,81.70362031741
    ));
#202 = CARTESIAN_POINT('',(-18.55845053368,-1.408251315684,
    82.131970506082));
#203 = CARTESIAN_POINT('',(-16.45285902719,-8.700729008868,
    82.560223235242));
#204 = CARTESIAN_POINT('',(-11.39560636526,-14.1416828155,
    82.988548343242));
#205 = CARTESIAN_POINT('',(-4.82395983198,-16.69852509233,
    83.416838101407));
#206 = CARTESIAN_POINT('',(1.714836664871,-16.28550907993,
    83.845137585367));
#207 = CARTESIAN_POINT('',(12.346842134389,-10.75704234854,
    84.701735397129));
#208 = CARTESIAN_POINT('',(16.440365476689,-5.641428162539,
    85.130034881326));
#209 = CARTESIAN_POINT('',(18.121555823761,1.206752588827,
    85.558324638719));
#210 = CARTESIAN_POINT('',(16.571981092499,8.471640816746,
    85.986649748218));
#211 = CARTESIAN_POINT('',(11.811479374564,14.383609177162,
    86.414902475339));
#212 = CARTESIAN_POINT('',(5.044302813253,17.447123818962,
    86.843252666009));
#213 = CARTESIAN_POINT('',(-2.004878830037,17.265332474498,
    87.271513613934));
#214 = CARTESIAN_POINT('',(-7.875911086889,14.357176428393,
    87.699828229691));
#215 = CARTESIAN_POINT('',(-11.71043292946,9.75312055726,88.128124999895
    ));
#216 = CARTESIAN_POINT('',(-15.54495516187,5.149064332265,
    88.556416067632));
#217 = CARTESIAN_POINT('',(-17.34318534069,-1.151153900391,
    88.984739622203));
#218 = CARTESIAN_POINT('',(-16.24691888074,-8.11694311092,
    89.412989348067));
#219 = CARTESIAN_POINT('',(-12.00988543055,-14.21836458444,
    89.841350932524));
#220 = CARTESIAN_POINT('',(-5.334352953263,-17.83098276133,
    90.269594333959));
#221 = CARTESIAN_POINT('',(2.090989748778,-18.04091999459,90.69792548492
    ));
#222 = CARTESIAN_POINT('',(8.522115454871,-15.14875829301,
    91.126212282377));
#223 = CARTESIAN_POINT('',(12.812909275299,-10.19744216423,
    91.55451273707));
#224 = CARTESIAN_POINT('',(16.327061379751,1.259181214305,
    92.411110324701));
#225 = CARTESIAN_POINT('',(15.550523651257,7.764827312489,
    92.839409984635));
#226 = CARTESIAN_POINT('',(11.847173274369,13.765591970613,
    93.267699521218));
#227 = CARTESIAN_POINT('',(5.5812089946,17.755262936758,93.696024855305)
  );
#228 = CARTESIAN_POINT('',(-1.971840361859,18.507055502706,
    94.124277397876));
#229 = CARTESIAN_POINT('',(-8.901300225259,15.830791982031,
    94.552627709201));
#230 = CARTESIAN_POINT('',(-13.7148414749,10.677751069274,94.98088859666
    ));
#231 = CARTESIAN_POINT('',(-15.75851807648,4.452819160102,
    95.409203233598));
#232 = CARTESIAN_POINT('',(-15.16506343478,-1.509453881007,
    95.837500000191));
#233 = CARTESIAN_POINT('',(-14.57160881393,-7.471727447993,
    96.265791067101));
#234 = CARTESIAN_POINT('',(-11.34098915338,-13.17168167262,
    96.694114622799));
#235 = CARTESIAN_POINT('',(-5.606137493374,-17.27478975244,
    97.122364347603));
#236 = CARTESIAN_POINT('',(1.714903161679,-18.53262924294,
    97.550725932786));
#237 = CARTESIAN_POINT('',(8.971570360391,-16.3067529856,97.978969333852
    ));
#238 = CARTESIAN_POINT('',(14.328164024896,-11.16023064533,
    98.407300484946));
#239 = CARTESIAN_POINT('',(16.776001580149,-4.547208003716,
    98.835587282381));
#240 = CARTESIAN_POINT('',(16.254929916078,1.983865976682,
    99.263887737063));
#241 = CARTESIAN_POINT('',(10.551429909323,12.523010720161,
    100.12048532471));
#242 = CARTESIAN_POINT('',(5.368832911823,16.53139323185,100.54878498453
    ));
#243 = CARTESIAN_POINT('',(-1.506208433803,18.099126306211,
    100.97707452148));
#244 = CARTESIAN_POINT('',(-8.744483006737,16.429646153803,
    101.40539985476));
#245 = CARTESIAN_POINT('',(-14.57693335651,11.572046997613,
    101.83365239871));
#246 = CARTESIAN_POINT('',(-17.52814110868,4.755143504568,
    102.26200270817));
#247 = CARTESIAN_POINT('',(-17.2298238338,-2.290068828143,
    102.69026359763));
#248 = CARTESIAN_POINT('',(-14.22499399514,-8.112215250901,
    103.11857823291));
#249 = CARTESIAN_POINT('',(-9.558167703162,-11.87008972831,
    103.54687500048));
#250 = CARTESIAN_POINT('',(-4.891341050371,-15.6279645894,103.975166062)
  );
#251 = CARTESIAN_POINT('',(1.437747810197,-17.32178149892,
    104.40348964182));
#252 = CARTESIAN_POINT('',(8.384459228757,-16.11049291863,
    104.83173930242));
#253 = CARTESIAN_POINT('',(14.414991780229,-11.77315808519,
    105.26010101203));
#254 = CARTESIAN_POINT('',(17.916743261899,-5.038807288666,
    105.68834422549));
#255 = CARTESIAN_POINT('',(18.003881571178,2.388991494423,
    106.11667560314));
#256 = CARTESIAN_POINT('',(15.005783356565,8.771419258218,106.5449621788
    ));
#257 = CARTESIAN_POINT('',(9.984200283968,12.979761759306,
    106.97326280954));
#258 = CARTESIAN_POINT('',(-1.52895980779,16.304010320927,
    107.82986017297));
#259 = CARTESIAN_POINT('',(-8.020877472883,15.420014737769,
    108.25816080368));
#260 = CARTESIAN_POINT('',(-13.95959059697,11.617954310162,
    108.68644737955));
#261 = CARTESIAN_POINT('',(-17.84511563647,5.286881493441,
    109.11477875648));
#262 = CARTESIAN_POINT('',(-18.47192288824,-2.277565397509,
    109.54302197168));
#263 = CARTESIAN_POINT('',(-15.68145492755,-9.161828965041,
    109.97138367817));
#264 = CARTESIAN_POINT('',(-10.4495305655,-13.88951201558,
    110.39963334293));
#265 = CARTESIAN_POINT('',(-4.191660349131,-15.82998667067,
    110.82795691874));
#266 = CARTESIAN_POINT('',(1.759986050615,-15.13803319792,
    111.25624798281));
#267 = CARTESIAN_POINT('',(7.711631940758,-14.44607985773,
    111.68454475225));
#268 = CARTESIAN_POINT('',(13.357392934877,-11.12165898406,
    112.11285936937));
#269 = CARTESIAN_POINT('',(17.365119400559,-5.319750805754,
    112.54112031581));
#270 = CARTESIAN_POINT('',(18.501742303606,2.021086268528,
    112.96947050759));
#271 = CARTESIAN_POINT('',(16.156188130859,9.23995890352,113.39772323415
    ));
#272 = CARTESIAN_POINT('',(10.921804219382,14.510728096083,
    113.82604834381));
#273 = CARTESIAN_POINT('',(4.269212865193,16.848891661816,114.2543381012
    ));
#274 = CARTESIAN_POINT('',(-2.252352891746,16.219906819429,
    114.68263758539));
#275 = CARTESIAN_POINT('',(-12.69575565302,10.342932813213,
    115.53923539715));
#276 = CARTESIAN_POINT('',(-16.61790145035,5.094769877655,
    115.96753488112));
#277 = CARTESIAN_POINT('',(-18.07174868965,-1.805252498563,
    116.39582463929));
#278 = CARTESIAN_POINT('',(-16.28281949438,-9.014934540402,
    116.82414974713));
#279 = CARTESIAN_POINT('',(-11.32945095266,-14.76627234931,
    117.25240247688));
#280 = CARTESIAN_POINT('',(-4.464684179275,-17.60436637881,
    117.68075266425));
#281 = CARTESIAN_POINT('',(2.574632741155,-17.18960473163,
    118.10901361551));
#282 = CARTESIAN_POINT('',(8.346301616988,-14.08892259052,118.5373282286
    ));
#283 = CARTESIAN_POINT('',(12.026501363181,-9.360601741412,
    118.9656250004));
#284 = CARTESIAN_POINT('',(15.706701487427,-4.632280525136,
    119.39391606209));
#285 = CARTESIAN_POINT('',(17.295642054979,1.723948655802,
    119.82223964174));
#286 = CARTESIAN_POINT('',(15.969662508921,8.64968311512,120.25048930248
    ));
#287 = CARTESIAN_POINT('',(11.533212075333,14.607678068326,
    120.67885101198));
#288 = CARTESIAN_POINT('',(4.7418840654,17.997605493938,121.10709422552)
  );
#289 = CARTESIAN_POINT('',(-2.6863401147,17.961921077039,121.53542560313
    ));
#290 = CARTESIAN_POINT('',(-9.018325042187,14.858705979357,
    121.9637121788));
#291 = CARTESIAN_POINT('',(-13.1430657067,9.768228829627,122.39201280954
    ));
#292 = CARTESIAN_POINT('',(-16.2765019071,-1.798320412733,
    123.24861017297));
#293 = CARTESIAN_POINT('',(-15.28529015362,-8.274734730949,
    123.67691080368));
#294 = CARTESIAN_POINT('',(-11.38555909393,-14.14977300548,
    124.10519737955));
#295 = CARTESIAN_POINT('',(-4.991108646826,-17.93008930488,
    124.53352875649));
#296 = CARTESIAN_POINT('',(2.582667818414,-18.43174072807,
    124.96177197163));
#297 = CARTESIAN_POINT('',(9.419852898421,-15.52783017693,
    125.39013367825));
#298 = CARTESIAN_POINT('',(14.06038534982,-10.21845374231,
    125.81838334286));
#299 = CARTESIAN_POINT('',(15.897127471217,-3.929355244834,
    126.24670691876));
#300 = CARTESIAN_POINT('',(15.106864392218,2.010036874069,
    126.67499798288));
#301 = PCURVE('',#302,#2214);
#302 = ( BOUNDED_SURFACE() B_SPLINE_SURFACE(6,9,(
    (#303,#304,#305,#306,#307,#308,#309,#310,#311,#312,#313,#314,#315
      ,#316,#317,#318,#319,#320,#321,#322,#323,#324,#325,#326,#327,#328
      ,#329,#330,#331,#332,#333,#334,#335,#336,#337,#338,#339,#340,#341
      ,#342,#343,#344,#345,#346,#347,#348,#349,#350,#351,#352,#353,#354
      ,#355,#356,#357,#358,#359,#360,#361,#362,#363,#364,#365,#366,#367
      ,#368,#369,#370,#371,#372,#373,#374,#375,#376,#377,#378,#379,#380
      ,#381,#382,#383,#384,#385,#386,#387,#388,#389,#390,#391,#392,#393
      ,#394,#395,#396,#397,#398,#399,#400,#401,#402,#403,#404,#405,#406
      ,#407,#408,#409,#410,#411,#412,#413,#414,#415,#416,#417,#418,#419
      ,#420,#421,#422,#423,#424,#425,#426,#427,#428,#429,#430,#431,#432
      ,#433,#434,#435,#436,#437,#438,#439,#440,#441,#442,#443,#444,#445
      ,#446,#447,#448,#449,#450,#451,#452,#453,#454,#455,#456,#457,#458
      ,#459,#460,#461,#462,#463,#464,#465,#466,#467,#468,#469,#470,#471
      ,#472,#473,#474,#475,#476,#477,#478,#479,#480,#481,#482,#483,#484
      ,#485,#486,#487,#488,#489,#490,#491,#492,#493,#494,#495,#496,#497
      ,#498,#499,#500,#501,#502,#503,#504,#505,#506,#507,#508,#509,#510
      ,#511,#512,#513,#514,#515,#516,#517,#518,#519,#520,#521,#522,#523
      ,#524,#525,#526,#527,#528,#529,#530,#531,#532,#533,#534,#535,#536
      ,#537,#538,#539,#540,#541,#542,#543,#544,#545,#546,#547,#548,#549
      ,#550,#551,#552,#553,#554,#555,#556,#557,#558,#559,#560,#561,#562
      ,#563,#564,#565,#566,#567,#568,#569,#570,#571,#572,#573,#574,#575)
    ,(#576,#577,#578,#579,#580,#581,#582,#583,#584,#585,#586,#587,#588
      ,#589,#590,#591,#592,#593,#594,#595,#596,#597,#598,#599,#600,#601
      ,#602,#603,#604,#605,#606,#607,#608,#609,#610,#611,#612,#613,#614
      ,#615,#616,#617,#618,#619,#620,#621,#622,#623,#624,#625,#626,#627
      ,#628,#629,#630,#631,#632,#633,#634,#635,#636,#637,#638,#639,#640
      ,#641,#642,#643,#644,#645,#646,#647,#648,#649,#650,#651,#652,#653
      ,#654,#655,#656,#657,#658,#659,#660,#661,#662,#663,#664,#665,#666
      ,#667,#668,#669,#670,#671,#672,#673,#674,#675,#676,#677,#678,#679
      ,#680,#681,#682,#683,#684,#685,#686,#687,#688,#689,#690,#691,#692
      ,#693,#694,#695,#696,#697,#698,#699,#700,#701,#702,#703,#704,#705
      ,#706,#707,#708,#709,#710,#711,#712,#713,#714,#715,#716,#717,#718
      ,#719,#720,#721,#722,#723,#724,#725,#726,#727,#728,#729,#730,#731
      ,#732,#733,#734,#735,#736,#737,#738,#739,#740,#741,#742,#743,#744
      ,#745,#746,#747,#748,#749,#750,#751,#752,#753,#754,#755,#756,#757
      ,#758,#759,#760,#761,#762,#763,#764,#765,#766,#767,#768,#769,#770
      ,#771,#772,#773,#774,#775,#776,#777,#778,#779,#780,#781,#782,#783
      ,#784,#785,#786,#787,#788,#789,#790,#791,#792,#793,#794,#795,#796
      ,#797,#798,#799,#800,#801,#802,#803,#804,#805,#806,#807,#808,#809
      ,#810,#811,#812,#813,#814,#815,#816,#817,#818,#819,#820,#821,#822
      ,#823,#824,#825,#826,#827,#828,#829,#830,#831,#832,#833,#834,#835
      ,#836,#837,#838,#839,#840,#841,#842,#843,#844,#845,#846,#847,#848)
    ,(#849,#850,#851,#852,#853,#854,#855,#856,#857,#858,#859,#860,#861
      ,#862,#863,#864,#865,#866,#867,#868,#869,#870,#871,#872,#873,#874
      ,#875,#876,#877,#878,#879,#880,#881,#882,#883,#884,#885,#886,#887
      ,#888,#889,#890,#891,#892,#893,#894,#895,#896,#897,#898,#899,#900
      ,#901,#902,#903,#904,#905,#906,#907,#908,#909,#910,#911,#912,#913
      ,#914,#915,#916,#917,#918,#919,#920,#921,#922,#923,#924,#925,#926
      ,#927,#928,#929,#930,#931,#932,#933,#934,#935,#936,#937,#938,#939
      ,#940,#941,#942,#943,#944,#945,#946,#947,#948,#949,#950,#951,#952
      ,#953,#954,#955,#956,#957,#958,#959,#960,#961,#962,#963,#964,#965
      ,#966,#967,#968,#969,#970,#971,#972,#973,#974,#975,#976,#977,#978
      ,#979,#980,#981,#982,#983,#984,#985,#986,#987,#988,#989,#990,#991
      ,#992,#993,#994,#995,#996,#997,#998,#999,#1000,#1001,#1002,#1003
      ,#1004,#1005,#1006,#1007,#1008,#1009,#1010,#1011,#1012,#1013,#1014
      ,#1015,#1016,#1017,#1018,#1019,#1020,#1021,#1022,#1023,#1024,#1025
      ,#1026,#1027,#1028,#1029,#1030,#1031,#1032,#1033,#1034,#1035,#1036
      ,#1037,#1038,#1039,#1040,#1041,#1042,#1043,#1044,#1045,#1046,#1047
      ,#1048,#1049,#1050,#1051,#1052,#1053,#1054,#1055,#1056,#1057,#1058
      ,#1059,#1060,#1061,#1062,#1063,#1064,#1065,#1066,#1067,#1068,#1069
      ,#1070,#1071,#1072,#1073,#1074,#1075,#1076,#1077,#1078,#1079,#1080
      ,#1081,#1082,#1083,#1084,#1085,#1086,#1087,#1088,#1089,#1090,#1091
      ,#1092,#1093,#1094,#1095,#1096,#1097,#1098,#1099,#1100,#1101,#1102
      ,#1103,#1104,#1105,#1106,#1107,#1108,#1109,#1110,#1111,#1112,#1113
      ,#1114,#1115,#1116,#1117,#1118,#1119,#1120,#1121)
    ,(#1122,#1123,#1124,#1125,#1126,#1127,#1128,#1129,#1130,#1131,#1132
      ,#1133,#1134,#1135,#1136,#1137,#1138,#1139,#1140,#1141,#1142,#1143
      ,#1144,#1145,#1146,#1147,#1148,#1149,#1150,#1151,#1152,#1153,#1154
      ,#1155,#1156,#1157,#1158,#1159,#1160,#1161,#1162,#1163,#1164,#1165
      ,#1166,#1167,#1168,#1169,#1170,#1171,#1172,#1173,#1174,#1175,#1176
      ,#1177,#1178,#1179,#1180,#1181,#1182,#1183,#1184,#1185,#1186,#1187
      ,#1188,#1189,#1190,#1191,#1192,#1193,#1194,#1195,#1196,#1197,#1198
      ,#1199,#1200,#1201,#1202,#1203,#1204,#1205,#1206,#1207,#1208,#1209
      ,#1210,#1211,#1212,#1213,#1214,#1215,#1216,#1217,#1218,#1219,#1220
      ,#1221,#1222,#1223,#1224,#1225,#1226,#1227,#1228,#1229,#1230,#1231
      ,#1232,#1233,#1234,#1235,#1236,#1237,#1238,#1239,#1240,#1241,#1242
      ,#1243,#1244,#1245,#1246,#1247,#1248,#1249,#1250,#1251,#1252,#1253
      ,#1254,#1255,#1256,#1257,#1258,#1259,#1260,#1261,#1262,#1263,#1264
      ,#1265,#1266,#1267,#1268,#1269,#1270,#1271,#1272,#1273,#1274,#1275
      ,#1276,#1277,#1278,#1279,#1280,#1281,#1282,#1283,#1284,#1285,#1286
      ,#1287,#1288,#1289,#1290,#1291,#1292,#1293,#1294,#1295,#1296,#1297
      ,#1298,#1299,#1300,#1301,#1302,#1303,#1304,#1305,#1306,#1307,#1308
      ,#1309,#1310,#1311,#1312,#1313,#1314,#1315,#1316,#1317,#1318,#1319
      ,#1320,#1321,#1322,#1323,#1324,#1325,#1326,#1327,#1328,#1329,#1330
      ,#1331,#1332,#1333,#1334,#1335,#1336,#1337,#1338,#1339,#1340,#1341
      ,#1342,#1343,#1344,#1345,#1346,#1347,#1348,#1349,#1350,#1351,#1352
      ,#1353,#1354,#1355,#1356,#1357,#1358,#1359,#1360,#1361,#1362,#1363
      ,#1364,#1365,#1366,#1367,#1368,#1369,#1370,#1371,#1372,#1373,#1374
      ,#1375,#1376,#1377,#1378,#1379,#1380,#1381,#1382,#1383,#1384,#1385
      ,#1386,#1387,#1388,#1389,#1390,#1391,#1392,#1393,#1394)
    ,(#1395,#1396,#1397,#1398,#1399,#1400,#1401,#1402,#1403,#1404,#1405
      ,#1406,#1407,#1408,#1409,#1410,#1411,#1412,#1413,#1414,#1415,#1416
      ,#1417,#1418,#1419,#1420,#1421,#1422,#1423,#1424,#1425,#1426,#1427
      ,#1428,#1429,#1430,#1431,#1432,#1433,#1434,#1435,#1436,#1437,#1438
      ,#1439,#1440,#1441,#1442,#1443,#1444,#1445,#1446,#1447,#1448,#1449
      ,#1450,#1451,#1452,#1453,#1454,#1455,#1456,#1457,#1458,#1459,#1460
      ,#1461,#1462,#1463,#1464,#1465,#1466,#1467,#1468,#1469,#1470,#1471
      ,#1472,#1473,#1474,#1475,#1476,#1477,#1478,#1479,#1480,#1481,#1482
      ,#1483,#1484,#1485,#1486,#1487,#1488,#1489,#1490,#1491,#1492,#1493
      ,#1494,#1495,#1496,#1497,#1498,#1499,#1500,#1501,#1502,#1503,#1504
      ,#1505,#1506,#1507,#1508,#1509,#1510,#1511,#1512,#1513,#1514,#1515
      ,#1516,#1517,#1518,#1519,#1520,#1521,#1522,#1523,#1524,#1525,#1526
      ,#1527,#1528,#1529,#1530,#1531,#1532,#1533,#1534,#1535,#1536,#1537
      ,#1538,#1539,#1540,#1541,#1542,#1543,#1544,#1545,#1546,#1547,#1548
      ,#1549,#1550,#1551,#1552,#1553,#1554,#1555,#1556,#1557,#1558,#1559
      ,#1560,#1561,#1562,#1563,#1564,#1565,#1566,#1567,#1568,#1569,#1570
      ,#1571,#1572,#1573,#1574,#1575,#1576,#1577,#1578,#1579,#1580,#1581
      ,#1582,#1583,#1584,#1585,#1586,#1587,#1588,#1589,#1590,#1591,#1592
      ,#1593,#1594,#1595,#1596,#1597,#1598,#1599,#1600,#1601,#1602,#1603
      ,#1604,#1605,#1606,#1607,#1608,#1609,#1610,#1611,#1612,#1613,#1614
      ,#1615,#1616,#1617,#1618,#1619,#1620,#1621,#1622,#1623,#1624,#1625
      ,#1626,#1627,#1628,#1629,#1630,#1631,#1632,#1633,#1634,#1635,#1636
      ,#1637,#1638,#1639,#1640,#1641,#1642,#1643,#1644,#1645,#1646,#1647
      ,#1648,#1649,#1650,#1651,#1652,#1653,#1654,#1655,#1656,#1657,#1658
      ,#1659,#1660,#1661,#1662,#1663,#1664,#1665,#1666,#1667)
    ,(#1668,#1669,#1670,#1671,#1672,#1673,#1674,#1675,#1676,#1677,#1678
      ,#1679,#1680,#1681,#1682,#1683,#1684,#1685,#1686,#1687,#1688,#1689
      ,#1690,#1691,#1692,#1693,#1694,#1695,#1696,#1697,#1698,#1699,#1700
      ,#1701,#1702,#1703,#1704,#1705,#1706,#1707,#1708,#1709,#1710,#1711
      ,#1712,#1713,#1714,#1715,#1716,#1717,#1718,#1719,#1720,#1721,#1722
      ,#1723,#1724,#1725,#1726,#1727,#1728,#1729,#1730,#1731,#1732,#1733
      ,#1734,#1735,#1736,#1737,#1738,#1739,#1740,#1741,#1742,#1743,#1744
      ,#1745,#1746,#1747,#1748,#1749,#1750,#1751,#1752,#1753,#1754,#1755
      ,#1756,#1757,#1758,#1759,#1760,#1761,#1762,#1763,#1764,#1765,#1766
      ,#1767,#1768,#1769,#1770,#1771,#1772,#1773,#1774,#1775,#1776,#1777
      ,#1778,#1779,#1780,#1781,#1782,#1783,#1784,#1785,#1786,#1787,#1788
      ,#1789,#1790,#1791,#1792,#1793,#1794,#1795,#1796,#1797,#1798,#1799
      ,#1800,#1801,#1802,#1803,#1804,#1805,#1806,#1807,#1808,#1809,#1810
      ,#1811,#1812,#1813,#1814,#1815,#1816,#1817,#1818,#1819,#1820,#1821
      ,#1822,#1823,#1824,#1825,#1826,#1827,#1828,#1829,#1830,#1831,#1832
      ,#1833,#1834,#1835,#1836,#1837,#1838,#1839,#1840,#1841,#1842,#1843
      ,#1844,#1845,#1846,#1847,#1848,#1849,#1850,#1851,#1852,#1853,#1854
      ,#1855,#1856,#1857,#1858,#1859,#1860,#1861,#1862,#1863,#1864,#1865
      ,#1866,#1867,#1868,#1869,#1870,#1871,#1872,#1873,#1874,#1875,#1876
      ,#1877,#1878,#1879,#1880,#1881,#1882,#1883,#1884,#1885,#1886,#1887
      ,#1888,#1889,#1890,#1891,#1892,#1893,#1894,#1895,#1896,#1897,#1898
      ,#1899,#1900,#1901,#1902,#1903,#1904,#1905,#1906,#1907,#1908,#1909
      ,#1910,#1911,#1912,#1913,#1914,#1915,#1916,#1917,#1918,#1919,#1920
      ,#1921,#1922,#1923,#1924,#1925,#1926,#1927,#1928,#1929,#1930,#1931
      ,#1932,#1933,#1934,#1935,#1936,#1937,#1938,#1939,#1940)
    ,(#1941,#1942,#1943,#1944,#1945,#1946,#1947,#1948,#1949,#1950,#1951
      ,#1952,#1953,#1954,#1955,#1956,#1957,#1958,#1959,#1960,#1961,#1962
      ,#1963,#1964,#1965,#1966,#1967,#1968,#1969,#1970,#1971,#1972,#1973
      ,#1974,#1975,#1976,#1977,#1978,#1979,#1980,#1981,#1982,#1983,#1984
      ,#1985,#1986,#1987,#1988,#1989,#1990,#1991,#1992,#1993,#1994,#1995
      ,#1996,#1997,#1998,#1999,#2000,#2001,#2002,#2003,#2004,#2005,#2006
      ,#2007,#2008,#2009,#2010,#2011,#2012,#2013,#2014,#2015,#2016,#2017
      ,#2018,#2019,#2020,#2021,#2022,#2023,#2024,#2025,#2026,#2027,#2028
      ,#2029,#2030,#2031,#2032,#2033,#2034,#2035,#2036,#2037,#2038,#2039
      ,#2040,#2041,#2042,#2043,#2044,#2045,#2046,#2047,#2048,#2049,#2050
      ,#2051,#2052,#2053,#2054,#2055,#2056,#2057,#2058,#2059,#2060,#2061
      ,#2062,#2063,#2064,#2065,#2066,#2067,#2068,#2069,#2070,#2071,#2072
      ,#2073,#2074,#2075,#2076,#2077,#2078,#2079,#2080,#2081,#2082,#2083
      ,#2084,#2085,#2086,#2087,#2088,#2089,#2090,#2091,#2092,#2093,#2094
      ,#2095,#2096,#2097,#2098,#2099,#2100,#2101,#2102,#2103,#2104,#2105
      ,#2106,#2107,#2108,#2109,#2110,#2111,#2112,#2113,#2114,#2115,#2116
      ,#2117,#2118,#2119,#2120,#2121,#2122,#2123,#2124,#2125,#2126,#2127
      ,#2128,#2129,#2130,#2131,#2132,#2133,#2134,#2135,#2136,#2137,#2138
      ,#2139,#2140,#2141,#2142,#2143,#2144,#2145,#2146,#2147,#2148,#2149
      ,#2150,#2151,#2152,#2153,#2154,#2155,#2156,#2157,#2158,#2159,#2160
      ,#2161,#2162,#2163,#2164,#2165,#2166,#2167,#2168,#2169,#2170,#2171
      ,#2172,#2173,#2174,#2175,#2176,#2177,#2178,#2179,#2180,#2181,#2182
      ,#2183,#2184,#2185,#2186,#2187,#2188,#2189,#2190,#2191,#2192,#2193
      ,#2194,#2195,#2196,#2197,#2198,#2199,#2200,#2201,#2202,#2203,#2204
      ,#2205,#2206,#2207,#2208,#2209,#2210,#2211,#2212,#2213
)),.UNSPECIFIED.,.T.,.F.,.F.) B_SPLINE_SURFACE_WITH_KNOTS((1,6,6,1),(10,
    8,9,8,9,8,9,8,9,8,9,8,9,8,9,8,9,8,9,8,9,8,9,8,9,8,9,8,9,8,9,8,10),(
    -6.28318530718,0.,6.28318530718,12.566370614359),(0.,5.232501323804,
    10.465002647607,15.697503971411,20.930005295214,26.162506619018,
    31.395007942821,36.627509266625,41.860010590429,47.092511914232,
    52.325013238036,57.557514561839,62.790015885643,68.022517209446,
    73.25501853325,78.487519857053,83.720021180857,88.952522504661,
    94.185023828464,99.417525152268,104.65002647607,109.88252779987,
    115.11502912367,120.34753044748,125.58003177128,130.81253309508,
    136.04503441889,141.27753574269,146.5100370665,151.7425383903,
    156.9750397141,162.20754103791,167.44004236171),.UNSPECIFIED.) 
GEOMETRIC_REPRESENTATION_ITEM() RATIONAL_B_SPLINE_SURFACE((
    (1.669078461068,1.669078461068,1.669078461068,1.669078461068
      ,1.669078461068,1.669078461068,1.669078461068,1.669078461068
      ,1.669078461068,1.669078461068,1.669078461068,1.669078461068
      ,1.669078461068,1.669078461068,1.669078461068,1.669078461068
      ,1.669078461068,1.669078461068,1.669078461068,1.669078461068
      ,1.669078461068,1.669078461068,1.669078461068,1.669078461068
      ,1.669078461068,1.669078461068,1.669078461068,1.669078461068
      ,1.669078461068,1.669078461068,1.669078461068,1.669078461068
      ,1.669078461068,1.669078461068,1.669078461068,1.669078461068
      ,1.669078461068,1.669078461068,1.669078461068,1.669078461068
      ,1.669078461068,1.669078461068,1.669078461068,1.669078461068
      ,1.669078461068,1.669078461068,1.669078461068,1.669078461068
      ,1.669078461068,1.669078461068,1.669078461068,1.669078461068
      ,1.669078461068,1.669078461068,1.669078461068,1.669078461069
      ,1.669078461068,1.669078461069,1.669078461068,1.669078461068
      ,1.669078461068,1.669078461068,1.669078461068,1.669078461068
      ,1.669078461068,1.669078461068,1.669078461068,1.669078461068
      ,1.669078461068,1.669078461068,1.669078461068,1.669078461068
      ,1.669078461069,1.669078461068,1.669078461068,1.669078461068
      ,1.669078461068,1.669078461068,1.669078461068,1.669078461068
      ,1.669078461069,1.669078461068,1.669078461069,1.669078461068
      ,1.669078461068,1.669078461068,1.669078461068,1.669078461068
      ,1.669078461068,1.669078461068,1.669078461068,1.669078461068
      ,1.669078461068,1.669078461068,1.669078461068,1.669078461068
      ,1.669078461068,1.669078461068,1.669078461068,1.669078461068
      ,1.669078461068,1.669078461068,1.669078461068,1.669078461068
      ,1.669078461068,1.669078461068,1.669078461069,1.669078461068
      ,1.669078461069,1.669078461068,1.669078461068,1.669078461068
      ,1.669078461068,1.669078461068,1.669078461068,1.669078461068
      ,1.669078461068,1.669078461068,1.669078461068,1.669078461068
      ,1.669078461068,1.669078461068,1.669078461068,1.669078461068
      ,1.669078461068,1.669078461068,1.669078461068,1.669078461068
      ,1.669078461068,1.669078461068,1.669078461068,1.669078461068
      ,1.669078461068,1.669078461068,1.669078461068,1.669078461068
      ,1.669078461068,1.669078461068,1.669078461068,1.669078461068
      ,1.669078461068,1.669078461068,1.669078461068,1.669078461068
      ,1.669078461068,1.669078461068,1.669078461068,1.669078461068
      ,1.669078461068,1.669078461068,1.669078461068,1.669078461068
      ,1.669078461068,1.669078461068,1.669078461068,1.669078461068
      ,1.669078461068,1.669078461068,1.669078461068,1.669078461068
      ,1.669078461068,1.669078461068,1.669078461068,1.669078461068
      ,1.669078461068,1.669078461068,1.669078461068,1.669078461068
      ,1.669078461068,1.669078461068,1.669078461068,1.669078461068
      ,1.669078461068,1.669078461068,1.669078461068,1.669078461068
      ,1.669078461068,1.669078461068,1.669078461068,1.669078461068
      ,1.669078461068,1.669078461068,1.669078461068,1.669078461068
      ,1.669078461068,1.669078461068,1.669078461068,1.669078461068
      ,1.669078461068,1.669078461068,1.669078461068,1.669078461069
      ,1.669078461068,1.669078461069,1.669078461068,1.669078461068
      ,1.669078461068,1.669078461068,1.669078461068,1.669078461068
      ,1.669078461068,1.669078461068,1.669078461068,1.669078461068
      ,1.669078461068,1.669078461068,1.669078461068,1.669078461069
      ,1.669078461068,1.669078461069,1.669078461068,1.669078461068
      ,1.669078461068,1.669078461068,1.669078461068,1.669078461068
      ,1.669078461068,1.669078461068,1.669078461068,1.669078461068
      ,1.669078461068,1.669078461068,1.669078461068,1.669078461068
      ,1.669078461068,1.669078461069,1.669078461068,1.669078461068
      ,1.669078461068,1.669078461068,1.669078461068,1.669078461068
      ,1.669078461068,1.669078461068,1.669078461068,1.669078461068
      ,1.669078461068,1.669078461068,1.669078461068,1.669078461068
      ,1.669078461068,1.669078461068,1.669078461068,1.669078461068
      ,1.669078461068,1.669078461068,1.669078461068,1.669078461068
      ,1.669078461068,1.669078461068,1.669078461069,1.669078461068
      ,1.669078461068,1.669078461068,1.669078461068,1.669078461068
      ,1.669078461068,1.669078461068,1.669078461069,1.669078461068
      ,1.669078461069,1.669078461068,1.669078461068,1.669078461068
      ,1.669078461068,1.669078461068,1.669078461068,1.669078461068
      ,1.669078461068,1.669078461068,1.669078461068,1.669078461068
      ,1.669078461068)
    ,(1.03672962321,1.03672962321,1.03672962321,1.036729623209
      ,1.03672962321,1.036729623209,1.03672962321,1.03672962321
      ,1.03672962321,1.03672962321,1.03672962321,1.03672962321
      ,1.036729623209,1.03672962321,1.036729623209,1.03672962321
      ,1.03672962321,1.03672962321,1.03672962321,1.03672962321
      ,1.03672962321,1.03672962321,1.03672962321,1.03672962321
      ,1.03672962321,1.03672962321,1.03672962321,1.03672962321
      ,1.03672962321,1.03672962321,1.03672962321,1.03672962321
      ,1.03672962321,1.03672962321,1.03672962321,1.03672962321
      ,1.03672962321,1.03672962321,1.03672962321,1.03672962321
      ,1.03672962321,1.03672962321,1.03672962321,1.03672962321
      ,1.03672962321,1.036729623209,1.03672962321,1.036729623209
      ,1.03672962321,1.03672962321,1.03672962321,1.03672962321
      ,1.03672962321,1.03672962321,1.036729623209,1.03672962321
      ,1.036729623209,1.03672962321,1.03672962321,1.03672962321
      ,1.03672962321,1.03672962321,1.03672962321,1.03672962321
      ,1.03672962321,1.03672962321,1.03672962321,1.03672962321
      ,1.03672962321,1.03672962321,1.03672962321,1.036729623209
      ,1.03672962321,1.036729623209,1.03672962321,1.03672962321
      ,1.03672962321,1.03672962321,1.03672962321,1.036729623209
      ,1.03672962321,1.036729623209,1.03672962321,1.03672962321
      ,1.03672962321,1.03672962321,1.03672962321,1.03672962321
      ,1.03672962321,1.03672962321,1.03672962321,1.03672962321
      ,1.03672962321,1.03672962321,1.03672962321,1.03672962321
      ,1.03672962321,1.03672962321,1.03672962321,1.03672962321
      ,1.03672962321,1.03672962321,1.03672962321,1.03672962321
      ,1.03672962321,1.036729623209,1.03672962321,1.036729623209
      ,1.03672962321,1.03672962321,1.03672962321,1.03672962321
      ,1.03672962321,1.036729623209,1.03672962321,1.036729623209
      ,1.03672962321,1.03672962321,1.03672962321,1.03672962321
      ,1.03672962321,1.03672962321,1.03672962321,1.03672962321
      ,1.03672962321,1.03672962321,1.03672962321,1.03672962321
      ,1.03672962321,1.03672962321,1.03672962321,1.03672962321
      ,1.03672962321,1.03672962321,1.03672962321,1.03672962321
      ,1.03672962321,1.03672962321,1.03672962321,1.036729623209
      ,1.03672962321,1.036729623209,1.03672962321,1.03672962321
      ,1.03672962321,1.03672962321,1.03672962321,1.03672962321
      ,1.036729623209,1.03672962321,1.03672962321,1.03672962321
      ,1.03672962321,1.03672962321,1.03672962321,1.03672962321
      ,1.03672962321,1.03672962321,1.03672962321,1.03672962321
      ,1.03672962321,1.03672962321,1.03672962321,1.03672962321
      ,1.03672962321,1.03672962321,1.03672962321,1.03672962321
      ,1.03672962321,1.03672962321,1.03672962321,1.03672962321
      ,1.03672962321,1.03672962321,1.03672962321,1.03672962321
      ,1.03672962321,1.03672962321,1.03672962321,1.03672962321
      ,1.03672962321,1.03672962321,1.036729623209,1.03672962321
      ,1.03672962321,1.03672962321,1.03672962321,1.03672962321
      ,1.03672962321,1.03672962321,1.036729623209,1.03672962321
      ,1.036729623209,1.03672962321,1.03672962321,1.03672962321
      ,1.03672962321,1.03672962321,1.03672962321,1.036729623209
      ,1.03672962321,1.036729623209,1.03672962321,1.03672962321
      ,1.03672962321,1.03672962321,1.03672962321,1.03672962321
      ,1.036729623209,1.03672962321,1.036729623209,1.03672962321
      ,1.03672962321,1.03672962321,1.03672962321,1.03672962321
      ,1.03672962321,1.03672962321,1.03672962321,1.03672962321
      ,1.03672962321,1.03672962321,1.03672962321,1.03672962321
      ,1.036729623209,1.03672962321,1.03672962321,1.03672962321
      ,1.03672962321,1.03672962321,1.03672962321,1.03672962321
      ,1.03672962321,1.036729623209,1.03672962321,1.03672962321
      ,1.03672962321,1.03672962321,1.03672962321,1.03672962321
      ,1.03672962321,1.03672962321,1.036729623209,1.03672962321
      ,1.03672962321,1.03672962321,1.03672962321,1.03672962321
      ,1.03672962321,1.03672962321,1.03672962321,1.03672962321
      ,1.03672962321,1.03672962321,1.03672962321,1.03672962321
      ,1.03672962321,1.03672962321,1.03672962321,1.036729623209
      ,1.03672962321,1.036729623209,1.03672962321,1.03672962321
      ,1.03672962321,1.03672962321,1.03672962321,1.036729623209
      ,1.03672962321,1.036729623209,1.03672962321,1.03672962321
      ,1.03672962321)
    ,(1.038346699848,1.038346699847,1.038346699848,1.038346699847
      ,1.038346699848,1.038346699847,1.038346699848,1.038346699847
      ,1.038346699848,1.038346699848,1.038346699847,1.038346699848
      ,1.038346699847,1.038346699848,1.038346699847,1.038346699848
      ,1.038346699847,1.038346699848,1.038346699848,1.038346699847
      ,1.038346699848,1.038346699847,1.038346699848,1.038346699847
      ,1.038346699848,1.038346699848,1.038346699847,1.038346699848
      ,1.038346699847,1.038346699848,1.038346699847,1.038346699848
      ,1.038346699847,1.038346699848,1.038346699848,1.038346699848
      ,1.038346699848,1.038346699847,1.038346699848,1.038346699848
      ,1.038346699847,1.038346699848,1.038346699848,1.038346699847
      ,1.038346699848,1.038346699847,1.038346699848,1.038346699847
      ,1.038346699848,1.038346699847,1.038346699848,1.038346699848
      ,1.038346699847,1.038346699848,1.038346699847,1.038346699848
      ,1.038346699847,1.038346699848,1.038346699847,1.038346699848
      ,1.038346699847,1.038346699848,1.038346699847,1.038346699848
      ,1.038346699847,1.038346699848,1.038346699847,1.038346699848
      ,1.038346699848,1.038346699847,1.038346699848,1.038346699847
      ,1.038346699848,1.038346699847,1.038346699848,1.038346699847
      ,1.038346699848,1.038346699847,1.038346699848,1.038346699847
      ,1.038346699848,1.038346699847,1.038346699848,1.038346699847
      ,1.038346699848,1.038346699848,1.038346699847,1.038346699848
      ,1.038346699847,1.038346699848,1.038346699847,1.038346699848
      ,1.038346699847,1.038346699848,1.038346699847,1.038346699848
      ,1.038346699847,1.038346699848,1.038346699847,1.038346699848
      ,1.038346699847,1.038346699848,1.038346699848,1.038346699847
      ,1.038346699848,1.038346699847,1.038346699848,1.038346699847
      ,1.038346699848,1.038346699847,1.038346699848,1.038346699847
      ,1.038346699848,1.038346699847,1.038346699848,1.038346699847
      ,1.038346699848,1.038346699847,1.038346699848,1.038346699848
      ,1.038346699848,1.038346699847,1.038346699848,1.038346699847
      ,1.038346699848,1.038346699847,1.038346699848,1.038346699848
      ,1.038346699847,1.038346699848,1.038346699847,1.038346699848
      ,1.038346699847,1.038346699848,1.038346699847,1.038346699848
      ,1.038346699848,1.038346699847,1.038346699848,1.038346699847
      ,1.038346699848,1.038346699847,1.038346699848,1.038346699847
      ,1.038346699848,1.038346699848,1.038346699847,1.038346699848
      ,1.038346699847,1.038346699848,1.038346699847,1.038346699848
      ,1.038346699847,1.038346699848,1.038346699848,1.038346699847
      ,1.038346699848,1.038346699847,1.038346699848,1.038346699848
      ,1.038346699847,1.038346699848,1.038346699847,1.038346699848
      ,1.038346699847,1.038346699848,1.038346699847,1.038346699848
      ,1.038346699847,1.038346699848,1.038346699848,1.038346699848
      ,1.038346699847,1.038346699848,1.038346699847,1.038346699848
      ,1.038346699847,1.038346699848,1.038346699848,1.038346699848
      ,1.038346699848,1.038346699848,1.038346699848,1.038346699847
      ,1.038346699848,1.038346699848,1.038346699848,1.038346699848
      ,1.038346699847,1.038346699848,1.038346699847,1.038346699848
      ,1.038346699847,1.038346699848,1.038346699847,1.038346699848
      ,1.038346699847,1.038346699847,1.038346699848,1.038346699847
      ,1.038346699848,1.038346699847,1.038346699848,1.038346699848
      ,1.038346699848,1.038346699848,1.038346699847,1.038346699848
      ,1.038346699847,1.038346699848,1.038346699847,1.038346699848
      ,1.038346699848,1.038346699848,1.038346699848,1.038346699847
      ,1.038346699848,1.038346699847,1.038346699848,1.038346699847
      ,1.038346699848,1.038346699848,1.038346699847,1.038346699848
      ,1.038346699847,1.038346699848,1.038346699847,1.038346699848
      ,1.038346699847,1.038346699848,1.038346699848,1.038346699847
      ,1.038346699848,1.038346699847,1.038346699848,1.038346699847
      ,1.038346699848,1.038346699847,1.038346699848,1.038346699848
      ,1.038346699847,1.038346699848,1.038346699847,1.038346699848
      ,1.038346699847,1.038346699848,1.038346699848,1.038346699847
      ,1.038346699848,1.038346699847,1.038346699848,1.038346699847
      ,1.038346699848,1.038346699847,1.038346699848,1.038346699848
      ,1.038346699848,1.038346699847,1.038346699848,1.038346699847
      ,1.038346699848,1.038346699847,1.038346699848,1.038346699847
      ,1.038346699848,1.038346699847,1.038346699848,1.038346699847
      ,1.038346699848,1.038346699847,1.038346699848,1.038346699848
      ,1.038346699848)
    ,(0.853534330196,0.853534330196,0.853534330196,0.853534330196
      ,0.853534330196,0.853534330196,0.853534330196,0.853534330196
      ,0.853534330196,0.853534330196,0.853534330196,0.853534330196
      ,0.853534330196,0.853534330196,0.853534330196,0.853534330196
      ,0.853534330196,0.853534330196,0.853534330196,0.853534330196
      ,0.853534330196,0.853534330196,0.853534330196,0.853534330196
      ,0.853534330196,0.853534330196,0.853534330196,0.853534330196
      ,0.853534330196,0.853534330196,0.853534330196,0.853534330196
      ,0.853534330196,0.853534330196,0.853534330196,0.853534330196
      ,0.853534330196,0.853534330196,0.853534330196,0.853534330196
      ,0.853534330196,0.853534330196,0.853534330196,0.853534330196
      ,0.853534330196,0.853534330196,0.853534330196,0.853534330196
      ,0.853534330196,0.853534330196,0.853534330196,0.853534330196
      ,0.853534330196,0.853534330196,0.853534330196,0.853534330196
      ,0.853534330196,0.853534330196,0.853534330196,0.853534330196
      ,0.853534330196,0.853534330196,0.853534330196,0.853534330196
      ,0.853534330196,0.853534330196,0.853534330196,0.853534330196
      ,0.853534330196,0.853534330196,0.853534330196,0.853534330196
      ,0.853534330196,0.853534330196,0.853534330196,0.853534330196
      ,0.853534330196,0.853534330196,0.853534330196,0.853534330196
      ,0.853534330196,0.853534330196,0.853534330196,0.853534330196
      ,0.853534330196,0.853534330196,0.853534330196,0.853534330196
      ,0.853534330196,0.853534330196,0.853534330196,0.853534330196
      ,0.853534330196,0.853534330196,0.853534330196,0.853534330196
      ,0.853534330196,0.853534330196,0.853534330196,0.853534330196
      ,0.853534330196,0.853534330196,0.853534330196,0.853534330196
      ,0.853534330196,0.853534330196,0.853534330196,0.853534330196
      ,0.853534330196,0.853534330196,0.853534330196,0.853534330196
      ,0.853534330196,0.853534330196,0.853534330196,0.853534330196
      ,0.853534330196,0.853534330196,0.853534330196,0.853534330196
      ,0.853534330196,0.853534330196,0.853534330196,0.853534330196
      ,0.853534330196,0.853534330196,0.853534330196,0.853534330196
      ,0.853534330196,0.853534330196,0.853534330196,0.853534330196
      ,0.853534330196,0.853534330196,0.853534330196,0.853534330196
      ,0.853534330196,0.853534330196,0.853534330196,0.853534330196
      ,0.853534330196,0.853534330196,0.853534330196,0.853534330196
      ,0.853534330196,0.853534330196,0.853534330196,0.853534330196
      ,0.853534330196,0.853534330196,0.853534330196,0.853534330196
      ,0.853534330196,0.853534330196,0.853534330196,0.853534330196
      ,0.853534330196,0.853534330196,0.853534330196,0.853534330196
      ,0.853534330196,0.853534330196,0.853534330196,0.853534330196
      ,0.853534330196,0.853534330196,0.853534330196,0.853534330196
      ,0.853534330196,0.853534330196,0.853534330196,0.853534330196
      ,0.853534330196,0.853534330196,0.853534330196,0.853534330196
      ,0.853534330196,0.853534330196,0.853534330196,0.853534330196
      ,0.853534330196,0.853534330196,0.853534330196,0.853534330196
      ,0.853534330196,0.853534330196,0.853534330196,0.853534330196
      ,0.853534330196,0.853534330196,0.853534330196,0.853534330196
      ,0.853534330196,0.853534330196,0.853534330196,0.853534330196
      ,0.853534330196,0.853534330196,0.853534330196,0.853534330196
      ,0.853534330196,0.853534330196,0.853534330196,0.853534330196
      ,0.853534330196,0.853534330196,0.853534330196,0.853534330196
      ,0.853534330196,0.853534330196,0.853534330196,0.853534330196
      ,0.853534330196,0.853534330196,0.853534330196,0.853534330196
      ,0.853534330196,0.853534330196,0.853534330196,0.853534330196
      ,0.853534330196,0.853534330196,0.853534330196,0.853534330196
      ,0.853534330196,0.853534330196,0.853534330196,0.853534330196
      ,0.853534330196,0.853534330196,0.853534330196,0.853534330196
      ,0.853534330196,0.853534330196,0.853534330196,0.853534330196
      ,0.853534330196,0.853534330196,0.853534330196,0.853534330196
      ,0.853534330196,0.853534330196,0.853534330196,0.853534330196
      ,0.853534330196,0.853534330196,0.853534330196,0.853534330196
      ,0.853534330196,0.853534330196,0.853534330196,0.853534330196
      ,0.853534330196,0.853534330196,0.853534330196,0.853534330196
      ,0.853534330196,0.853534330196,0.853534330196,0.853534330196
      ,0.853534330196,0.853534330196,0.853534330196,0.853534330196
      ,0.853534330196,0.853534330196,0.853534330196,0.853534330196
      ,0.853534330196,0.853534330196,0.853534330196,0.853534330196
      ,0.853534330196)
    ,(1.038346699848,1.038346699847,1.038346699848,1.038346699847
      ,1.038346699848,1.038346699847,1.038346699848,1.038346699847
      ,1.038346699848,1.038346699848,1.038346699847,1.038346699848
      ,1.038346699847,1.038346699848,1.038346699847,1.038346699848
      ,1.038346699848,1.038346699848,1.038346699848,1.038346699847
      ,1.038346699848,1.038346699847,1.038346699848,1.038346699847
      ,1.038346699848,1.038346699848,1.038346699848,1.038346699848
      ,1.038346699847,1.038346699848,1.038346699847,1.038346699848
      ,1.038346699847,1.038346699848,1.038346699848,1.038346699847
      ,1.038346699848,1.038346699847,1.038346699848,1.038346699847
      ,1.038346699848,1.038346699847,1.038346699848,1.038346699847
      ,1.038346699848,1.038346699847,1.038346699848,1.038346699847
      ,1.038346699848,1.038346699847,1.038346699848,1.038346699848
      ,1.038346699847,1.038346699848,1.038346699847,1.038346699848
      ,1.038346699847,1.038346699848,1.038346699847,1.038346699848
      ,1.038346699847,1.038346699848,1.038346699847,1.038346699848
      ,1.038346699847,1.038346699848,1.038346699847,1.038346699848
      ,1.038346699848,1.038346699847,1.038346699848,1.038346699847
      ,1.038346699848,1.038346699847,1.038346699848,1.038346699847
      ,1.038346699848,1.038346699847,1.038346699848,1.038346699847
      ,1.038346699848,1.038346699847,1.038346699848,1.038346699847
      ,1.038346699848,1.038346699848,1.038346699847,1.038346699848
      ,1.038346699847,1.038346699848,1.038346699847,1.038346699848
      ,1.038346699847,1.038346699848,1.038346699848,1.038346699848
      ,1.038346699847,1.038346699848,1.038346699847,1.038346699848
      ,1.038346699847,1.038346699848,1.038346699848,1.038346699847
      ,1.038346699848,1.038346699847,1.038346699848,1.038346699847
      ,1.038346699848,1.038346699847,1.038346699848,1.038346699847
      ,1.038346699848,1.038346699847,1.038346699848,1.038346699847
      ,1.038346699848,1.038346699847,1.038346699848,1.038346699848
      ,1.038346699848,1.038346699847,1.038346699848,1.038346699847
      ,1.038346699848,1.038346699847,1.038346699848,1.038346699848
      ,1.038346699847,1.038346699848,1.038346699847,1.038346699848
      ,1.038346699847,1.038346699848,1.038346699847,1.038346699848
      ,1.038346699848,1.038346699847,1.038346699848,1.038346699847
      ,1.038346699848,1.038346699847,1.038346699848,1.038346699847
      ,1.038346699848,1.038346699848,1.038346699847,1.038346699848
      ,1.038346699847,1.038346699848,1.038346699847,1.038346699848
      ,1.038346699848,1.038346699848,1.038346699848,1.038346699847
      ,1.038346699848,1.038346699847,1.038346699848,1.038346699848
      ,1.038346699847,1.038346699848,1.038346699847,1.038346699848
      ,1.038346699847,1.038346699848,1.038346699847,1.038346699848
      ,1.038346699847,1.038346699848,1.038346699848,1.038346699848
      ,1.038346699847,1.038346699848,1.038346699847,1.038346699848
      ,1.038346699847,1.038346699848,1.038346699848,1.038346699848
      ,1.038346699848,1.038346699847,1.038346699848,1.038346699847
      ,1.038346699848,1.038346699847,1.038346699848,1.038346699848
      ,1.038346699847,1.038346699848,1.038346699847,1.038346699848
      ,1.038346699847,1.038346699848,1.038346699847,1.038346699848
      ,1.038346699847,1.038346699848,1.038346699848,1.038346699847
      ,1.038346699848,1.038346699847,1.038346699848,1.038346699848
      ,1.038346699848,1.038346699848,1.038346699847,1.038346699848
      ,1.038346699847,1.038346699848,1.038346699847,1.038346699848
      ,1.038346699848,1.038346699848,1.038346699848,1.038346699847
      ,1.038346699848,1.038346699847,1.038346699848,1.038346699847
      ,1.038346699848,1.038346699848,1.038346699847,1.038346699848
      ,1.038346699847,1.038346699848,1.038346699847,1.038346699848
      ,1.038346699847,1.038346699848,1.038346699848,1.038346699847
      ,1.038346699848,1.038346699847,1.038346699848,1.038346699847
      ,1.038346699848,1.038346699847,1.038346699848,1.038346699848
      ,1.038346699847,1.038346699848,1.038346699847,1.038346699848
      ,1.038346699847,1.038346699848,1.038346699848,1.038346699847
      ,1.038346699848,1.038346699847,1.038346699848,1.038346699847
      ,1.038346699848,1.038346699847,1.038346699848,1.038346699848
      ,1.038346699848,1.038346699847,1.038346699848,1.038346699847
      ,1.038346699848,1.038346699847,1.038346699848,1.038346699847
      ,1.038346699848,1.038346699847,1.038346699848,1.038346699847
      ,1.038346699848,1.038346699847,1.038346699848,1.038346699847
      ,1.038346699848)
    ,(1.03672962321,1.03672962321,1.03672962321,1.03672962321
      ,1.03672962321,1.036729623209,1.03672962321,1.03672962321
      ,1.03672962321,1.03672962321,1.03672962321,1.03672962321
      ,1.036729623209,1.03672962321,1.036729623209,1.03672962321
      ,1.03672962321,1.03672962321,1.03672962321,1.03672962321
      ,1.03672962321,1.03672962321,1.03672962321,1.03672962321
      ,1.03672962321,1.03672962321,1.03672962321,1.03672962321
      ,1.036729623209,1.03672962321,1.036729623209,1.03672962321
      ,1.03672962321,1.03672962321,1.03672962321,1.03672962321
      ,1.03672962321,1.03672962321,1.03672962321,1.03672962321
      ,1.03672962321,1.03672962321,1.03672962321,1.03672962321
      ,1.03672962321,1.036729623209,1.03672962321,1.036729623209
      ,1.03672962321,1.03672962321,1.03672962321,1.03672962321
      ,1.03672962321,1.03672962321,1.036729623209,1.03672962321
      ,1.036729623209,1.03672962321,1.03672962321,1.03672962321
      ,1.03672962321,1.03672962321,1.03672962321,1.03672962321
      ,1.03672962321,1.03672962321,1.03672962321,1.03672962321
      ,1.03672962321,1.03672962321,1.03672962321,1.036729623209
      ,1.03672962321,1.036729623209,1.03672962321,1.03672962321
      ,1.03672962321,1.03672962321,1.03672962321,1.036729623209
      ,1.03672962321,1.036729623209,1.03672962321,1.036729623209
      ,1.03672962321,1.03672962321,1.03672962321,1.03672962321
      ,1.03672962321,1.03672962321,1.03672962321,1.03672962321
      ,1.03672962321,1.03672962321,1.03672962321,1.03672962321
      ,1.03672962321,1.03672962321,1.03672962321,1.03672962321
      ,1.03672962321,1.03672962321,1.03672962321,1.03672962321
      ,1.03672962321,1.036729623209,1.03672962321,1.036729623209
      ,1.03672962321,1.03672962321,1.03672962321,1.03672962321
      ,1.03672962321,1.036729623209,1.03672962321,1.036729623209
      ,1.03672962321,1.03672962321,1.03672962321,1.03672962321
      ,1.03672962321,1.03672962321,1.03672962321,1.03672962321
      ,1.03672962321,1.03672962321,1.03672962321,1.03672962321
      ,1.03672962321,1.03672962321,1.03672962321,1.03672962321
      ,1.03672962321,1.03672962321,1.03672962321,1.03672962321
      ,1.03672962321,1.03672962321,1.03672962321,1.036729623209
      ,1.03672962321,1.036729623209,1.03672962321,1.03672962321
      ,1.03672962321,1.03672962321,1.03672962321,1.03672962321
      ,1.036729623209,1.03672962321,1.036729623209,1.03672962321
      ,1.03672962321,1.03672962321,1.03672962321,1.03672962321
      ,1.03672962321,1.03672962321,1.03672962321,1.03672962321
      ,1.03672962321,1.03672962321,1.03672962321,1.03672962321
      ,1.03672962321,1.03672962321,1.03672962321,1.03672962321
      ,1.03672962321,1.03672962321,1.03672962321,1.03672962321
      ,1.03672962321,1.03672962321,1.03672962321,1.03672962321
      ,1.03672962321,1.03672962321,1.03672962321,1.03672962321
      ,1.03672962321,1.03672962321,1.036729623209,1.03672962321
      ,1.03672962321,1.03672962321,1.03672962321,1.03672962321
      ,1.03672962321,1.03672962321,1.036729623209,1.03672962321
      ,1.036729623209,1.03672962321,1.03672962321,1.03672962321
      ,1.03672962321,1.03672962321,1.03672962321,1.036729623209
      ,1.03672962321,1.036729623209,1.03672962321,1.03672962321
      ,1.03672962321,1.03672962321,1.03672962321,1.03672962321
      ,1.036729623209,1.03672962321,1.036729623209,1.03672962321
      ,1.03672962321,1.03672962321,1.03672962321,1.03672962321
      ,1.03672962321,1.03672962321,1.03672962321,1.03672962321
      ,1.03672962321,1.03672962321,1.03672962321,1.03672962321
      ,1.036729623209,1.03672962321,1.036729623209,1.03672962321
      ,1.03672962321,1.03672962321,1.03672962321,1.03672962321
      ,1.03672962321,1.03672962321,1.03672962321,1.03672962321
      ,1.03672962321,1.03672962321,1.03672962321,1.03672962321
      ,1.03672962321,1.03672962321,1.036729623209,1.03672962321
      ,1.03672962321,1.03672962321,1.03672962321,1.03672962321
      ,1.03672962321,1.03672962321,1.03672962321,1.03672962321
      ,1.03672962321,1.03672962321,1.03672962321,1.03672962321
      ,1.03672962321,1.03672962321,1.03672962321,1.036729623209
      ,1.03672962321,1.036729623209,1.03672962321,1.03672962321
      ,1.03672962321,1.03672962321,1.03672962321,1.036729623209
      ,1.03672962321,1.036729623209,1.03672962321,1.03672962321
      ,1.03672962321)
    ,(1.669078461068,1.669078461068,1.669078461068,1.669078461068
      ,1.669078461068,1.669078461068,1.669078461068,1.669078461068
      ,1.669078461068,1.669078461068,1.669078461068,1.669078461068
      ,1.669078461068,1.669078461068,1.669078461068,1.669078461068
      ,1.669078461068,1.669078461068,1.669078461068,1.669078461068
      ,1.669078461068,1.669078461068,1.669078461068,1.669078461068
      ,1.669078461068,1.669078461068,1.669078461068,1.669078461068
      ,1.669078461068,1.669078461068,1.669078461068,1.669078461068
      ,1.669078461068,1.669078461068,1.669078461068,1.669078461068
      ,1.669078461068,1.669078461068,1.669078461068,1.669078461068
      ,1.669078461068,1.669078461068,1.669078461068,1.669078461068
      ,1.669078461068,1.669078461068,1.669078461068,1.669078461068
      ,1.669078461068,1.669078461068,1.669078461068,1.669078461068
      ,1.669078461068,1.669078461068,1.669078461068,1.669078461069
      ,1.669078461068,1.669078461069,1.669078461068,1.669078461068
      ,1.669078461068,1.669078461068,1.669078461068,1.669078461068
      ,1.669078461068,1.669078461068,1.669078461068,1.669078461068
      ,1.669078461068,1.669078461068,1.669078461068,1.669078461068
      ,1.669078461069,1.669078461068,1.669078461068,1.669078461068
      ,1.669078461068,1.669078461068,1.669078461068,1.669078461068
      ,1.669078461069,1.669078461068,1.669078461069,1.669078461068
      ,1.669078461068,1.669078461068,1.669078461068,1.669078461068
      ,1.669078461068,1.669078461068,1.669078461068,1.669078461068
      ,1.669078461068,1.669078461068,1.669078461068,1.669078461068
      ,1.669078461068,1.669078461068,1.669078461068,1.669078461068
      ,1.669078461068,1.669078461068,1.669078461068,1.669078461068
      ,1.669078461068,1.669078461068,1.669078461069,1.669078461068
      ,1.669078461069,1.669078461068,1.669078461068,1.669078461068
      ,1.669078461068,1.669078461068,1.669078461068,1.669078461068
      ,1.669078461068,1.669078461068,1.669078461068,1.669078461068
      ,1.669078461068,1.669078461068,1.669078461068,1.669078461068
      ,1.669078461068,1.669078461068,1.669078461068,1.669078461068
      ,1.669078461068,1.669078461068,1.669078461068,1.669078461068
      ,1.669078461068,1.669078461068,1.669078461068,1.669078461068
      ,1.669078461068,1.669078461068,1.669078461068,1.669078461068
      ,1.669078461068,1.669078461068,1.669078461068,1.669078461068
      ,1.669078461068,1.669078461068,1.669078461068,1.669078461068
      ,1.669078461068,1.669078461068,1.669078461068,1.669078461068
      ,1.669078461068,1.669078461068,1.669078461068,1.669078461068
      ,1.669078461068,1.669078461068,1.669078461068,1.669078461068
      ,1.669078461068,1.669078461068,1.669078461068,1.669078461068
      ,1.669078461068,1.669078461068,1.669078461068,1.669078461068
      ,1.669078461068,1.669078461068,1.669078461068,1.669078461068
      ,1.669078461068,1.669078461068,1.669078461068,1.669078461068
      ,1.669078461068,1.669078461068,1.669078461068,1.669078461068
      ,1.669078461068,1.669078461068,1.669078461068,1.669078461068
      ,1.669078461068,1.669078461068,1.669078461068,1.669078461068
      ,1.669078461068,1.669078461068,1.669078461068,1.669078461069
      ,1.669078461068,1.669078461069,1.669078461068,1.669078461068
      ,1.669078461068,1.669078461068,1.669078461068,1.669078461068
      ,1.669078461068,1.669078461068,1.669078461068,1.669078461068
      ,1.669078461068,1.669078461068,1.669078461068,1.669078461069
      ,1.669078461068,1.669078461069,1.669078461068,1.669078461068
      ,1.669078461068,1.669078461068,1.669078461068,1.669078461068
      ,1.669078461068,1.669078461068,1.669078461068,1.669078461068
      ,1.669078461068,1.669078461068,1.669078461068,1.669078461068
      ,1.669078461068,1.669078461069,1.669078461068,1.669078461068
      ,1.669078461068,1.669078461068,1.669078461068,1.669078461068
      ,1.669078461068,1.669078461068,1.669078461068,1.669078461068
      ,1.669078461068,1.669078461068,1.669078461068,1.669078461068
      ,1.669078461068,1.669078461068,1.669078461068,1.669078461068
      ,1.669078461068,1.669078461068,1.669078461068,1.669078461068
      ,1.669078461068,1.669078461068,1.669078461069,1.669078461068
      ,1.669078461068,1.669078461068,1.669078461068,1.669078461068
      ,1.669078461068,1.669078461068,1.669078461069,1.669078461068
      ,1.669078461069,1.669078461068,1.669078461068,1.669078461068
      ,1.669078461068,1.669078461068,1.669078461068,1.669078461068
      ,1.669078461068,1.669078461068,1.669078461068,1.669078461068
,1.669078461068))) REPRESENTATION_ITEM('') SURFACE() );
#303 = CARTESIAN_POINT('',(15.24,-8.708311849404E-16,3.325));
#304 = CARTESIAN_POINT('',(15.240000000294,5.99173551438,3.753291067464)
  );
#305 = CARTESIAN_POINT('',(12.589820600026,11.983640945944,
    4.181614622399));
#306 = CARTESIAN_POINT('',(7.289562279979,16.634585067032,4.609864347899
    ));
#307 = CARTESIAN_POINT('',(0.129103274586,18.611355991818,5.038225932628
    ));
#308 = CARTESIAN_POINT('',(-7.312345278476,17.115165035539,
    5.466469333909));
#309 = CARTESIAN_POINT('',(-13.15234008405,12.524495306984,
    5.894800484944));
#310 = CARTESIAN_POINT('',(-16.24313171758,6.186436910804,6.323087282362
    ));
#311 = CARTESIAN_POINT('',(-16.37149589916,-0.364132961616,
    6.751387737081));
#312 = CARTESIAN_POINT('',(-11.73989573728,-11.41636188574,
    7.607985324679));
#313 = CARTESIAN_POINT('',(-6.979794445588,-15.91834785769,
    8.036284984752));
#314 = CARTESIAN_POINT('',(-0.293835301971,-18.15931435128,
    8.464574520921));
#315 = CARTESIAN_POINT('',(7.07420251657,-17.21496193872,8.89289985582)
  );
#316 = CARTESIAN_POINT('',(13.359097623495,-12.95892620842,
    9.321152397205));
#317 = CARTESIAN_POINT('',(16.970977820979,-6.467846031053,
    9.749502709883));
#318 = CARTESIAN_POINT('',(17.371924192158,0.572271298895,
    10.177763596109));
#319 = CARTESIAN_POINT('',(14.958526974467,6.663404624806,
    10.606078233954));
#320 = CARTESIAN_POINT('',(10.686848592309,10.865029551965,
    11.034375000006));
#321 = CARTESIAN_POINT('',(6.415169889686,15.066654896464,
    11.462666067455));
#322 = CARTESIAN_POINT('',(0.284966767654,17.379011105503,
    11.890989622414));
#323 = CARTESIAN_POINT('',(-6.747559707851,16.861719265027,
    12.319239347877));
#324 = CARTESIAN_POINT('',(-13.17803318272,13.143008823948,
    12.747600932653));
#325 = CARTESIAN_POINT('',(-17.32957353962,6.788604319009,13.17584433389
    ));
#326 = CARTESIAN_POINT('',(-18.15197367103,-0.594040593798,
    13.604175484954));
#327 = CARTESIAN_POINT('',(-15.80076831943,-7.24203356538,
    14.032462282359));
#328 = CARTESIAN_POINT('',(-11.22069439076,-11.92704859465,
    14.460762737079));
#329 = CARTESIAN_POINT('',(-9.339757016658E-02,-16.37527854793,
    15.317360324684));
#330 = CARTESIAN_POINT('',(6.454154425639,-16.13862508614,
    15.745659984729));
#331 = CARTESIAN_POINT('',(12.740243680245,-12.94346274617,
    16.17394952098));
#332 = CARTESIAN_POINT('',(17.233727126364,-7.028364328257,
    16.602274855717));
#333 = CARTESIAN_POINT('',(18.606677811603,0.436804997288,
    17.030527397338));
#334 = CARTESIAN_POINT('',(16.511785347822,7.563601331895,
    17.458877709754));
#335 = CARTESIAN_POINT('',(11.773843768035,12.786236643529,
    17.887138596203));
#336 = CARTESIAN_POINT('',(5.738938633515,15.336983856035,18.3154532339)
  );
#337 = CARTESIAN_POINT('',(-0.251977318242,15.237916768085,
    18.743750000035));
#338 = CARTESIAN_POINT('',(-6.242893792278,15.138849744321,
    19.172041067405));
#339 = CARTESIAN_POINT('',(-12.1901622405,12.389962776933,
    19.600364622465));
#340 = CARTESIAN_POINT('',(-16.75283642236,7.013530522447,
    20.028614347845));
#341 = CARTESIAN_POINT('',(-18.61094649882,-0.178633505126,
    20.456975932663));
#342 = CARTESIAN_POINT('',(-16.99192356495,-7.594326910789,
    20.885219333891));
#343 = CARTESIAN_POINT('',(-12.30532320651,-13.35762153844,
    21.313550484949));
#344 = CARTESIAN_POINT('',(-5.91702821311,-16.34319756876,
    21.741837282364));
#345 = CARTESIAN_POINT('',(0.634768595398,-16.36323744313,
    22.170137737076));
#346 = CARTESIAN_POINT('',(11.608908113758,-11.54953345529,
    23.02673532469));
#347 = CARTESIAN_POINT('',(16.031575434853,-6.715647258287,
    23.455034984691));
#348 = CARTESIAN_POINT('',(18.161690320342,6.449964341649E-03,
    23.88332452108));
#349 = CARTESIAN_POINT('',(17.095644265665,7.35786673822,24.311649855531
    ));
#350 = CARTESIAN_POINT('',(12.736276205718,13.571533671756,
    24.739902397601));
#351 = CARTESIAN_POINT('',(6.186364698824,17.075596982022,
    25.168252709461));
#352 = CARTESIAN_POINT('',(-0.859419507308,17.360087634838,
    25.596513596462));
#353 = CARTESIAN_POINT('',(-6.909817229463,14.846309854471,
    26.024828233725));
#354 = CARTESIAN_POINT('',(-11.04024012101,10.505745954968,
    26.453125000117));
#355 = CARTESIAN_POINT('',(-15.17066342458,6.165181728112,
    26.881416067212));
#356 = CARTESIAN_POINT('',(-17.38134710625,-2.415795591717E-03,
    27.309739622724));
#357 = CARTESIAN_POINT('',(-16.74785057264,-7.025428085116,
    27.737989347608));
#358 = CARTESIAN_POINT('',(-12.92332736751,-13.39353759334,
    28.166350932818));
#359 = CARTESIAN_POINT('',(-6.501150138941,-17.43944708228,
    28.594594333818));
#360 = CARTESIAN_POINT('',(0.894083121481,-18.13967055249,
    29.022925484972));
#361 = CARTESIAN_POINT('',(7.50229264621,-15.67886905031,29.451212282361
    ));
#362 = CARTESIAN_POINT('',(12.110940567949,-11.02195941516,
    29.879512737076));
#363 = CARTESIAN_POINT('',(16.374584359379,0.177363147861,
    30.736110324691));
#364 = CARTESIAN_POINT('',(16.029706383888,6.720107310724,
    31.164409984687));
#365 = CARTESIAN_POINT('',(12.731046954085,12.952508650699,
    31.592699521096));
#366 = CARTESIAN_POINT('',(6.742462093586,17.347577949438,
    32.021024855481));
#367 = CARTESIAN_POINT('',(-0.744387071541,18.596912262047,
    32.449277397716));
#368 = CARTESIAN_POINT('',(-7.835572372214,16.384472102429,
    32.877627709269));
#369 = CARTESIAN_POINT('',(-12.97915691139,11.560827412026,
    33.305888596687));
#370 = CARTESIAN_POINT('',(-15.42977466129,5.484573305252,
    33.734203233552));
#371 = CARTESIAN_POINT('',(-15.23166764187,-0.503885748387,
    34.162500000181));
#372 = CARTESIAN_POINT('',(-15.0335606777,-6.492345325659,
    34.590791062644));
#373 = CARTESIAN_POINT('',(-12.18671766291,-12.39335086525,
    35.019114641044));
#374 = CARTESIAN_POINT('',(-6.735581332786,-16.8665077223,
    35.447364303072));
#375 = CARTESIAN_POINT('',(0.486321443004,-18.60544895396,
    35.875726011642));
#376 = CARTESIAN_POINT('',(7.87423233717,-16.86403667884,36.303969225669
    ));
#377 = CARTESIAN_POINT('',(13.559251144553,-12.08278694622,
    36.732300603088));
#378 = CARTESIAN_POINT('',(16.438795359869,-5.646001865398,
    37.160587178813));
#379 = CARTESIAN_POINT('',(16.350505436495,0.905230694271,
    37.588887809544));
#380 = CARTESIAN_POINT('',(11.356013656386,11.798280572808,
    38.445485172976));
#381 = CARTESIAN_POINT('',(6.44966402499,16.140420190087,38.873785803694
    ));
#382 = CARTESIAN_POINT('',(-0.306733323252,18.159100931959,
    39.302072379503));
#383 = CARTESIAN_POINT('',(-7.639519654959,16.971653055809,
    39.730403756645));
#384 = CARTESIAN_POINT('',(-13.78025903325,12.510143896153,
    40.158646971324));
#385 = CARTESIAN_POINT('',(-17.17554824685,5.903192445983,
    40.587008678736));
#386 = CARTESIAN_POINT('',(-17.34350464948,-1.146333084419,
    41.015258342301));
#387 = CARTESIAN_POINT('',(-14.73003414951,-7.154340530844,
    41.443581919228));
#388 = CARTESIAN_POINT('',(-10.32177101587,-11.21243252358,
    41.871872982625));
#389 = CARTESIAN_POINT('',(-5.91350831532,-15.27052421659,
    42.300169752756));
#390 = CARTESIAN_POINT('',(0.289798051788,-17.37893154555,
    42.728484368615));
#391 = CARTESIAN_POINT('',(7.301375379002,-16.6294028156,43.156745316628
    ));
#392 = CARTESIAN_POINT('',(13.605380709475,-12.70011313831,
    43.58509550695));
#393 = CARTESIAN_POINT('',(17.544552591865,-6.211918367854,
    44.013348234539));
#394 = CARTESIAN_POINT('',(18.122408373179,1.193881083197,
    44.441673343646));
#395 = CARTESIAN_POINT('',(15.552683279877,7.760500725841,
    44.869963101262));
#396 = CARTESIAN_POINT('',(10.820211156128,12.291521521631,
    45.298262585378));
#397 = CARTESIAN_POINT('',(-0.448075381449,16.369413527443,
    46.154860397163));
#398 = CARTESIAN_POINT('',(-6.984222978607,15.916405313538,
    46.583159881084));
#399 = CARTESIAN_POINT('',(-13.16123254253,12.515150628249,
    47.011449639365));
#400 = CARTESIAN_POINT('',(-17.45668611071,6.454716530275,
    47.439774747079));
#401 = CARTESIAN_POINT('',(-18.58206250754,-1.051765632747,
    47.868027476815));
#402 = CARTESIAN_POINT('',(-16.25267950311,-8.105401248181,
    48.296377664551));
#403 = CARTESIAN_POINT('',(-11.34465044234,-13.16852880616,
    48.724638615054));
#404 = CARTESIAN_POINT('',(-5.228708549165,-15.5183471205,
    49.152953228997));
#405 = CARTESIAN_POINT('',(0.755656421204,-15.22125432982,
    49.581250000273));
#406 = CARTESIAN_POINT('',(6.740021916374,-14.92416158599,
    50.009541062481));
#407 = CARTESIAN_POINT('',(12.593151272749,-11.98014082075,
    50.437864641217));
#408 = CARTESIAN_POINT('',(16.975567884667,-6.455790705397,
    50.86611430295));
#409 = CARTESIAN_POINT('',(18.594864870071,0.793876430688,
    51.294476011701));
#410 = CARTESIAN_POINT('',(16.731539326702,8.15198501988,51.722719225647
    ));
#411 = CARTESIAN_POINT('',(11.856947380074,13.757173794619,
    52.151050603095));
#412 = CARTESIAN_POINT('',(5.373431950626,16.529898941605,
    52.579337178811));
#413 = CARTESIAN_POINT('',(-1.175445307543,16.333303369732,
    53.007637809544));
#414 = CARTESIAN_POINT('',(-11.98442750931,11.159389226685,
    53.864235172976));
#415 = CARTESIAN_POINT('',(-16.24485226397,6.181917572187,
    54.292535803693));
#416 = CARTESIAN_POINT('',(-18.15154716169,-0.606932966146,
    54.720822379512));
#417 = CARTESIAN_POINT('',(-16.84302171954,-7.919083744998,
    55.149153756613));
#418 = CARTESIAN_POINT('',(-12.28059178021,-13.98521736881,
    55.577396971386));
#419 = CARTESIAN_POINT('',(-5.618405943,-17.27080349301,56.00575867865)
  );
#420 = CARTESIAN_POINT('',(1.432932934337,-17.32218047107,
    56.434008342391));
#421 = CARTESIAN_POINT('',(7.396908139247,-14.6097311562,56.862331919159
    ));
#422 = CARTESIAN_POINT('',(11.381559431902,-10.13497434126,
    57.290622982658));
#423 = CARTESIAN_POINT('',(15.366210432037,-5.660217964301,
    57.718919752684));
#424 = CARTESIAN_POINT('',(17.371764427402,0.577100732106,
    58.147234368743));
#425 = CARTESIAN_POINT('',(16.506409122023,7.575326945103,
    58.575495316462));
#426 = CARTESIAN_POINT('',(12.473426483081,13.813503890999,
    59.003845507113));
#427 = CARTESIAN_POINT('',(5.920988566122,17.644861854314,
    59.432098234412));
#428 = CARTESIAN_POINT('',(-1.493352784692,18.100191566537,
    59.860423343725));
#429 = CARTESIAN_POINT('',(-8.016587110452,15.422245615362,
    60.288713101221));
#430 = CARTESIAN_POINT('',(-12.46874210562,10.615504749348,
    60.717012585395));
#431 = CARTESIAN_POINT('',(-16.35976745672,-0.7186651109,61.573610397134
    ));
#432 = CARTESIAN_POINT('',(-15.79875286343,-7.246429236542,
    62.001909881234));
#433 = CARTESIAN_POINT('',(-12.29583277772,-13.36635827695,
    62.430199638976));
#434 = CARTESIAN_POINT('',(-6.165206318804,-17.56102179553,
    62.858524747786));
#435 = CARTESIAN_POINT('',(1.358856656799,-18.5621325974,63.286777475832
    ));
#436 = CARTESIAN_POINT('',(8.373014185486,-16.11644358651,
    63.715127665627));
#437 = CARTESIAN_POINT('',(13.354300557845,-11.12537195726,
    64.143388614119));
#438 = CARTESIAN_POINT('',(15.602677018274,-4.971414316703,
    64.571703229622));
#439 = CARTESIAN_POINT('',(15.206679678814,1.007220505129,
    64.999999999977));
#440 = CARTESIAN_POINT('',(14.810682377832,6.985855852066,
    65.428291067527));
#441 = CARTESIAN_POINT('',(11.770288726497,12.7895088396,65.856614622319
    ));
#442 = CARTESIAN_POINT('',(6.174235132295,17.079987093542,
    66.284864347963));
#443 = CARTESIAN_POINT('',(-1.101214385857,18.579197140543,
    66.713225932595));
#444 = CARTESIAN_POINT('',(-8.427509023847,16.594467732293,
    67.141469333919));
#445 = CARTESIAN_POINT('',(-13.95133537889,11.62786624995,
    67.569800484943));
#446 = CARTESIAN_POINT('',(-16.61648340685,5.099392987033,
    67.998087282362));
#447 = CARTESIAN_POINT('',(-16.31163594593,-1.445338561481,
    68.42638773708));
#448 = CARTESIAN_POINT('',(-10.95971392088,-12.16729803206,
    69.282985324682));
#449 = CARTESIAN_POINT('',(-5.91248110158,-16.34484310859,
    69.711284984739));
#450 = CARTESIAN_POINT('',(0.906966827968,-18.13903106746,
    70.139574520952));
#451 = CARTESIAN_POINT('',(8.196482566409,-16.70978543654,
    70.567899855775));
#452 = CARTESIAN_POINT('',(14.186352661424,-12.0476825969,
    70.996152397248));
#453 = CARTESIAN_POINT('',(17.361336660514,-5.332083067762,
    71.424502709856));
#454 = CARTESIAN_POINT('',(17.296120945415,1.719140721219,
    71.852763596117));
#455 = CARTESIAN_POINT('',(14.48543375299,7.6374537267,72.281078233954)
  );
#456 = CARTESIAN_POINT('',(9.945407005625,11.547574615151,
    72.709375000012));
#457 = CARTESIAN_POINT('',(5.405379910509,15.45769589882,73.137666063055
    ));
#458 = CARTESIAN_POINT('',(-0.864245273244,17.35984772898,
    73.565989640518));
#459 = CARTESIAN_POINT('',(-7.847207909973,16.378903096787,
    73.994239303519));
#460 = CARTESIAN_POINT('',(-14.01785021545,12.243329394472,
    74.422601011372));
#461 = CARTESIAN_POINT('',(-17.74034746777,5.628440257143,74.85084422579
    ));
#462 = CARTESIAN_POINT('',(-18.07302618915,-1.792416345306,
    75.279175603047));
#463 = CARTESIAN_POINT('',(-15.28759172904,-8.270481792119,
    75.707462178821));
#464 = CARTESIAN_POINT('',(-10.40789615245,-12.64255386852,
    76.135762809545));
#465 = CARTESIAN_POINT('',(0.989058345645,-16.34564878576,
    76.992360172976));
#466 = CARTESIAN_POINT('',(7.506654474856,-15.67678119203,
    77.420660803702));
#467 = CARTESIAN_POINT('',(13.567829579206,-12.07315337841,
    77.848947379465));
#468 = CARTESIAN_POINT('',(17.660556835201,-5.874010578458,
    78.277278756755));
#469 = CARTESIAN_POINT('',(18.537127485777,1.665576146701,
    78.705521971092));
#470 = CARTESIAN_POINT('',(15.975802142026,8.63833806678,79.133883679099
    ));
#471 = CARTESIAN_POINT('',(10.903051426644,13.536421338471,
    79.56213334188));
#472 = CARTESIAN_POINT('',(4.712761285282,15.682741327517,
    79.990456919581));
#473 = CARTESIAN_POINT('',(-1.25850940884,15.187947658187,
    80.418747982427));
#474 = CARTESIAN_POINT('',(-7.229779589006,14.693154104521,
    80.847044753056));
#475 = CARTESIAN_POINT('',(-12.98237036005,11.557218714359,
    81.275359368089));
#476 = CARTESIAN_POINT('',(-17.17973626328,5.890991627068,81.70362031741
    ));
#477 = CARTESIAN_POINT('',(-18.55845053368,-1.408251315684,
    82.131970506082));
#478 = CARTESIAN_POINT('',(-16.45285902719,-8.700729008868,
    82.560223235242));
#479 = CARTESIAN_POINT('',(-11.39560636526,-14.1416828155,
    82.988548343242));
#480 = CARTESIAN_POINT('',(-4.82395983198,-16.69852509233,
    83.416838101407));
#481 = CARTESIAN_POINT('',(1.714836664871,-16.28550907993,
    83.845137585367));
#482 = CARTESIAN_POINT('',(12.346842134389,-10.75704234854,
    84.701735397129));
#483 = CARTESIAN_POINT('',(16.440365476689,-5.641428162539,
    85.130034881326));
#484 = CARTESIAN_POINT('',(18.121555823761,1.206752588827,
    85.558324638719));
#485 = CARTESIAN_POINT('',(16.571981092499,8.471640816746,
    85.986649748218));
#486 = CARTESIAN_POINT('',(11.811479374564,14.383609177162,
    86.414902475339));
#487 = CARTESIAN_POINT('',(5.044302813253,17.447123818962,
    86.843252666009));
#488 = CARTESIAN_POINT('',(-2.004878830037,17.265332474498,
    87.271513613934));
#489 = CARTESIAN_POINT('',(-7.875911086889,14.357176428393,
    87.699828229691));
#490 = CARTESIAN_POINT('',(-11.71043292946,9.75312055726,88.128124999895
    ));
#491 = CARTESIAN_POINT('',(-15.54495516187,5.149064332265,
    88.556416067632));
#492 = CARTESIAN_POINT('',(-17.34318534069,-1.151153900391,
    88.984739622203));
#493 = CARTESIAN_POINT('',(-16.24691888074,-8.11694311092,
    89.412989348067));
#494 = CARTESIAN_POINT('',(-12.00988543055,-14.21836458444,
    89.841350932524));
#495 = CARTESIAN_POINT('',(-5.334352953263,-17.83098276133,
    90.269594333959));
#496 = CARTESIAN_POINT('',(2.090989748778,-18.04091999459,90.69792548492
    ));
#497 = CARTESIAN_POINT('',(8.522115454871,-15.14875829301,
    91.126212282377));
#498 = CARTESIAN_POINT('',(12.812909275299,-10.19744216423,
    91.55451273707));
#499 = CARTESIAN_POINT('',(16.327061379751,1.259181214305,
    92.411110324701));
#500 = CARTESIAN_POINT('',(15.550523651257,7.764827312489,
    92.839409984635));
#501 = CARTESIAN_POINT('',(11.847173274369,13.765591970613,
    93.267699521218));
#502 = CARTESIAN_POINT('',(5.5812089946,17.755262936758,93.696024855305)
  );
#503 = CARTESIAN_POINT('',(-1.971840361859,18.507055502706,
    94.124277397876));
#504 = CARTESIAN_POINT('',(-8.901300225259,15.830791982031,
    94.552627709201));
#505 = CARTESIAN_POINT('',(-13.7148414749,10.677751069274,94.98088859666
    ));
#506 = CARTESIAN_POINT('',(-15.75851807648,4.452819160102,
    95.409203233598));
#507 = CARTESIAN_POINT('',(-15.16506343478,-1.509453881007,
    95.837500000191));
#508 = CARTESIAN_POINT('',(-14.57160881393,-7.471727447993,
    96.265791067101));
#509 = CARTESIAN_POINT('',(-11.34098915338,-13.17168167262,
    96.694114622799));
#510 = CARTESIAN_POINT('',(-5.606137493374,-17.27478975244,
    97.122364347603));
#511 = CARTESIAN_POINT('',(1.714903161679,-18.53262924294,
    97.550725932786));
#512 = CARTESIAN_POINT('',(8.971570360391,-16.3067529856,97.978969333852
    ));
#513 = CARTESIAN_POINT('',(14.328164024896,-11.16023064533,
    98.407300484946));
#514 = CARTESIAN_POINT('',(16.776001580149,-4.547208003716,
    98.835587282381));
#515 = CARTESIAN_POINT('',(16.254929916078,1.983865976682,
    99.263887737063));
#516 = CARTESIAN_POINT('',(10.551429909323,12.523010720161,
    100.12048532471));
#517 = CARTESIAN_POINT('',(5.368832911823,16.53139323185,100.54878498453
    ));
#518 = CARTESIAN_POINT('',(-1.506208433803,18.099126306211,
    100.97707452148));
#519 = CARTESIAN_POINT('',(-8.744483006737,16.429646153803,
    101.40539985476));
#520 = CARTESIAN_POINT('',(-14.57693335651,11.572046997613,
    101.83365239871));
#521 = CARTESIAN_POINT('',(-17.52814110868,4.755143504568,
    102.26200270817));
#522 = CARTESIAN_POINT('',(-17.2298238338,-2.290068828143,
    102.69026359763));
#523 = CARTESIAN_POINT('',(-14.22499399514,-8.112215250901,
    103.11857823291));
#524 = CARTESIAN_POINT('',(-9.558167703162,-11.87008972831,
    103.54687500048));
#525 = CARTESIAN_POINT('',(-4.891341050371,-15.6279645894,103.975166062)
  );
#526 = CARTESIAN_POINT('',(1.437747810197,-17.32178149892,
    104.40348964182));
#527 = CARTESIAN_POINT('',(8.384459228757,-16.11049291863,
    104.83173930242));
#528 = CARTESIAN_POINT('',(14.414991780229,-11.77315808519,
    105.26010101203));
#529 = CARTESIAN_POINT('',(17.916743261899,-5.038807288666,
    105.68834422549));
#530 = CARTESIAN_POINT('',(18.003881571178,2.388991494423,
    106.11667560314));
#531 = CARTESIAN_POINT('',(15.005783356565,8.771419258218,106.5449621788
    ));
#532 = CARTESIAN_POINT('',(9.984200283968,12.979761759306,
    106.97326280954));
#533 = CARTESIAN_POINT('',(-1.52895980779,16.304010320927,
    107.82986017297));
#534 = CARTESIAN_POINT('',(-8.020877472883,15.420014737769,
    108.25816080368));
#535 = CARTESIAN_POINT('',(-13.95959059697,11.617954310162,
    108.68644737955));
#536 = CARTESIAN_POINT('',(-17.84511563647,5.286881493441,
    109.11477875648));
#537 = CARTESIAN_POINT('',(-18.47192288824,-2.277565397509,
    109.54302197168));
#538 = CARTESIAN_POINT('',(-15.68145492755,-9.161828965041,
    109.97138367817));
#539 = CARTESIAN_POINT('',(-10.4495305655,-13.88951201558,
    110.39963334293));
#540 = CARTESIAN_POINT('',(-4.191660349131,-15.82998667067,
    110.82795691874));
#541 = CARTESIAN_POINT('',(1.759986050615,-15.13803319792,
    111.25624798281));
#542 = CARTESIAN_POINT('',(7.711631940758,-14.44607985773,
    111.68454475225));
#543 = CARTESIAN_POINT('',(13.357392934877,-11.12165898406,
    112.11285936937));
#544 = CARTESIAN_POINT('',(17.365119400559,-5.319750805754,
    112.54112031581));
#545 = CARTESIAN_POINT('',(18.501742303606,2.021086268528,
    112.96947050759));
#546 = CARTESIAN_POINT('',(16.156188130859,9.23995890352,113.39772323415
    ));
#547 = CARTESIAN_POINT('',(10.921804219382,14.510728096083,
    113.82604834381));
#548 = CARTESIAN_POINT('',(4.269212865193,16.848891661816,114.2543381012
    ));
#549 = CARTESIAN_POINT('',(-2.252352891746,16.219906819429,
    114.68263758539));
#550 = CARTESIAN_POINT('',(-12.69575565302,10.342932813213,
    115.53923539715));
#551 = CARTESIAN_POINT('',(-16.61790145035,5.094769877655,
    115.96753488112));
#552 = CARTESIAN_POINT('',(-18.07174868965,-1.805252498563,
    116.39582463929));
#553 = CARTESIAN_POINT('',(-16.28281949438,-9.014934540402,
    116.82414974713));
#554 = CARTESIAN_POINT('',(-11.32945095266,-14.76627234931,
    117.25240247688));
#555 = CARTESIAN_POINT('',(-4.464684179275,-17.60436637881,
    117.68075266425));
#556 = CARTESIAN_POINT('',(2.574632741155,-17.18960473163,
    118.10901361551));
#557 = CARTESIAN_POINT('',(8.346301616988,-14.08892259052,118.5373282286
    ));
#558 = CARTESIAN_POINT('',(12.026501363181,-9.360601741412,
    118.9656250004));
#559 = CARTESIAN_POINT('',(15.706701487427,-4.632280525136,
    119.39391606209));
#560 = CARTESIAN_POINT('',(17.295642054979,1.723948655802,
    119.82223964174));
#561 = CARTESIAN_POINT('',(15.969662508921,8.64968311512,120.25048930248
    ));
#562 = CARTESIAN_POINT('',(11.533212075333,14.607678068326,
    120.67885101198));
#563 = CARTESIAN_POINT('',(4.7418840654,17.997605493938,121.10709422552)
  );
#564 = CARTESIAN_POINT('',(-2.6863401147,17.961921077039,121.53542560313
    ));
#565 = CARTESIAN_POINT('',(-9.018325042187,14.858705979357,
    121.9637121788));
#566 = CARTESIAN_POINT('',(-13.1430657067,9.768228829627,122.39201280954
    ));
#567 = CARTESIAN_POINT('',(-16.2765019071,-1.798320412733,
    123.24861017297));
#568 = CARTESIAN_POINT('',(-15.28529015362,-8.274734730949,
    123.67691080368));
#569 = CARTESIAN_POINT('',(-11.38555909393,-14.14977300548,
    124.10519737955));
#570 = CARTESIAN_POINT('',(-4.991108646826,-17.93008930488,
    124.53352875649));
#571 = CARTESIAN_POINT('',(2.582667818414,-18.43174072807,
    124.96177197163));
#572 = CARTESIAN_POINT('',(9.419852898421,-15.52783017693,
    125.39013367825));
#573 = CARTESIAN_POINT('',(14.06038534982,-10.21845374231,
    125.81838334286));
#574 = CARTESIAN_POINT('',(15.897127471217,-3.929355244834,
    126.24670691876));
#575 = CARTESIAN_POINT('',(15.106864392218,2.010036874069,
    126.67499798288));
#576 = CARTESIAN_POINT('',(15.24,-1.101549407245E-15,8.849630726274));
#577 = CARTESIAN_POINT('',(15.240012536572,5.991736168125,9.277921793737
    ));
#578 = CARTESIAN_POINT('',(12.589792169507,11.983641735104,
    9.706245348673));
#579 = CARTESIAN_POINT('',(7.289611023283,16.634587649408,
    10.134495074174));
#580 = CARTESIAN_POINT('',(0.129053884816,18.611358134092,
    10.562856658901));
#581 = CARTESIAN_POINT('',(-7.312313312259,17.115166105401,
    10.991100060182));
#582 = CARTESIAN_POINT('',(-13.15235451354,12.524497322805,
    11.41943121122));
#583 = CARTESIAN_POINT('',(-16.24313106606,6.186437320464,
    11.847718008633));
#584 = CARTESIAN_POINT('',(-16.37149772383,-0.364132943108,
    12.276018463355));
#585 = CARTESIAN_POINT('',(-11.73989710956,-11.4163632627,
    13.132616050953));
#586 = CARTESIAN_POINT('',(-6.979795947606,-15.91835056615,
    13.560915711026));
#587 = CARTESIAN_POINT('',(-0.293828984122,-18.15930918141,
    13.989205247186));
#588 = CARTESIAN_POINT('',(7.074185259466,-17.21498314385,
    14.417530582116));
#589 = CARTESIAN_POINT('',(13.35912747722,-12.9588987726,14.845783123446
    ));
#590 = CARTESIAN_POINT('',(16.97095241334,-6.467873322617,
    15.274133436187));
#591 = CARTESIAN_POINT('',(17.37194129547,0.572286023309,15.702394322366
    ));
#592 = CARTESIAN_POINT('',(14.958525294509,6.663401977126,
    16.130708960232));
#593 = CARTESIAN_POINT('',(10.686848592303,10.865029551956,
    16.55900572628));
#594 = CARTESIAN_POINT('',(6.415178214524,15.066664292373,16.98729679373
    ));
#595 = CARTESIAN_POINT('',(0.284946268493,17.378991389955,
    17.415620348683));
#596 = CARTESIAN_POINT('',(-6.747527368275,16.861755826381,
    17.843870074162));
#597 = CARTESIAN_POINT('',(-13.17806934396,13.142975114811,
    18.272231658909));
#598 = CARTESIAN_POINT('',(-17.32955188644,6.788627858863,
    18.700475060179));
#599 = CARTESIAN_POINT('',(-18.15198522666,-0.594049467424,
    19.128806211218));
#600 = CARTESIAN_POINT('',(-15.80076815461,-7.242032813627,
    19.557093008637));
#601 = CARTESIAN_POINT('',(-11.22069568348,-11.92704988252,
    19.985393463352));
#602 = CARTESIAN_POINT('',(-9.339755078693E-02,-16.37528049185,
    20.841991050958));
#603 = CARTESIAN_POINT('',(6.454155303316,-16.13862805621,
    21.270290711003));
#604 = CARTESIAN_POINT('',(12.740244424778,-12.94345461678,
    21.698580247244));
#605 = CARTESIAN_POINT('',(17.233730142865,-7.028391501019,
    22.126905582015));
#606 = CARTESIAN_POINT('',(18.606679186253,0.436845519692,
    22.555158123576));
#607 = CARTESIAN_POINT('',(16.511786988071,7.563564080387,
    22.983508436059));
#608 = CARTESIAN_POINT('',(11.773845264012,12.786259162136,
    23.41176932246));
#609 = CARTESIAN_POINT('',(5.738939343076,15.336980801777,
    23.840083960178));
#610 = CARTESIAN_POINT('',(-0.251977318236,15.237916768027,
    24.268380726309));
#611 = CARTESIAN_POINT('',(-6.242894653203,15.138862268183,
    24.696671793679));
#612 = CARTESIAN_POINT('',(-12.19016255954,12.389934337115,
    25.124995348736));
#613 = CARTESIAN_POINT('',(-16.75283981019,7.013579216522,
    25.553245074126));
#614 = CARTESIAN_POINT('',(-18.61094782432,-0.178682923659,
    25.981606658927));
#615 = CARTESIAN_POINT('',(-16.99192516309,-7.594294966586,
    26.409850060172));
#616 = CARTESIAN_POINT('',(-12.30532498353,-13.35763599929,
    26.838181211219));
#617 = CARTESIAN_POINT('',(-5.91702863347,-16.34319692411,
    27.266468008639));
#618 = CARTESIAN_POINT('',(0.634768607055,-16.36323926785,
    27.694768463349));
#619 = CARTESIAN_POINT('',(11.608909513232,-11.54953480463,
    28.551366050964));
#620 = CARTESIAN_POINT('',(16.031578167712,-6.715648715246,
    28.979665710967));
#621 = CARTESIAN_POINT('',(18.161685046894,6.456195653915E-03,
    29.407955247342));
#622 = CARTESIAN_POINT('',(17.095665752936,7.357849834439,
    29.836280581832));
#623 = CARTESIAN_POINT('',(12.736248280441,13.571563067284,
    30.264533123836));
#624 = CARTESIAN_POINT('',(6.186392406321,17.075572029612,
    30.692883435768));
#625 = CARTESIAN_POINT('',(-0.859434512122,17.36010449194,
    31.121144322717));
#626 = CARTESIAN_POINT('',(-6.909814554627,14.846308218779,
    31.549458960003));
#627 = CARTESIAN_POINT('',(-11.04024012086,10.505745954845,
    31.977755726391));
#628 = CARTESIAN_POINT('',(-15.17067295715,6.165189896764,
    32.406046793485));
#629 = CARTESIAN_POINT('',(-17.38132705413,-2.435966544608E-03,
    32.834370348996));
#630 = CARTESIAN_POINT('',(-16.74788766389,-7.025396353681,
    33.262620073888));
#631 = CARTESIAN_POINT('',(-12.92329306507,-13.39357319305,
    33.690981659084));
#632 = CARTESIAN_POINT('',(-6.501174033533,-17.43942582078,
    34.119225060098));
#633 = CARTESIAN_POINT('',(0.894092184907,-18.13968196002,
    34.547556211243));
#634 = CARTESIAN_POINT('',(7.502291891854,-15.67886889791,
    34.975843008634));
#635 = CARTESIAN_POINT('',(12.11094187702,-11.02196068642,
    35.404143463349));
#636 = CARTESIAN_POINT('',(16.374586302724,0.177363199379,
    36.260741050964));
#637 = CARTESIAN_POINT('',(16.029709338965,6.720108237357,
    36.689040710963));
#638 = CARTESIAN_POINT('',(12.731038813742,12.952509260861,
    37.117330247357));
#639 = CARTESIAN_POINT('',(6.74248921223,17.347581414477,37.545655581785
    ));
#640 = CARTESIAN_POINT('',(-0.744427610307,18.596912966948,
    37.973908123949));
#641 = CARTESIAN_POINT('',(-7.835535153893,16.384474358019,
    38.402258435578));
#642 = CARTESIAN_POINT('',(-12.97917945078,11.560828535623,
    38.830519322942));
#643 = CARTESIAN_POINT('',(-15.42977161976,5.484574065202,39.25883395983
    ));
#644 = CARTESIAN_POINT('',(-15.23166764158,-0.503885748366,
    39.687130726455));
#645 = CARTESIAN_POINT('',(-15.03357319119,-6.492346398931,
    40.115421788918));
#646 = CARTESIAN_POINT('',(-12.18668920037,-12.3933506921,
    40.543745367315));
#647 = CARTESIAN_POINT('',(-6.735630015156,-16.86651196841,
    40.971995029351));
#648 = CARTESIAN_POINT('',(0.486370966125,-18.60544936672,
    41.400356737908));
#649 = CARTESIAN_POINT('',(7.874200301627,-16.86403893652,
    41.828599951948));
#650 = CARTESIAN_POINT('',(13.559265765889,-12.08278833978,
    42.25693132936));
#651 = CARTESIAN_POINT('',(16.438794605703,-5.646002422885,
    42.685217905086));
#652 = CARTESIAN_POINT('',(16.350507342327,0.905230824685,
    43.113518535818));
#653 = CARTESIAN_POINT('',(11.356014811673,11.798281808939,
    43.97011589925));
#654 = CARTESIAN_POINT('',(6.44966635824,16.140423947803,44.398416529971
    ));
#655 = CARTESIAN_POINT('',(-0.306741876613,18.159092938462,
    44.826703105761));
#656 = CARTESIAN_POINT('',(-7.639498718482,16.97167958801,
    45.255034482952));
#657 = CARTESIAN_POINT('',(-13.7802940697,12.51010885607,45.683277697552
    ));
#658 = CARTESIAN_POINT('',(-17.17551703831,5.903227858731,
    46.111639405051));
#659 = CARTESIAN_POINT('',(-17.34352716895,-1.146354788497,
    46.539889068551));
#660 = CARTESIAN_POINT('',(-14.73002841086,-7.154333324075,
    46.968212645509));
#661 = CARTESIAN_POINT('',(-10.32177328608,-11.2124349897,
    47.396503708897));
#662 = CARTESIAN_POINT('',(-5.913512177741,-15.27052937756,
    47.824800479032));
#663 = CARTESIAN_POINT('',(0.289811975563,-17.37891758544,
    48.253115094884));
#664 = CARTESIAN_POINT('',(7.301350982851,-16.62943312983,
    48.681376042911));
#665 = CARTESIAN_POINT('',(13.605409630611,-12.70008488453,
    49.109726233212));
#666 = CARTESIAN_POINT('',(17.544536118409,-6.211937842494,
    49.537978960821));
#667 = CARTESIAN_POINT('',(18.122417219417,1.193887716436,
    49.966304069915));
#668 = CARTESIAN_POINT('',(15.552684061532,7.760500970108,
    50.394593827536));
#669 = CARTESIAN_POINT('',(10.820212234859,12.291522666098,
    50.822893311651));
#670 = CARTESIAN_POINT('',(-0.448075383554,16.36941555827,
    51.679491123436));
#671 = CARTESIAN_POINT('',(-6.9842240705,15.916408126217,52.10779060736)
  );
#672 = CARTESIAN_POINT('',(-13.16123288501,12.515142623535,
    52.536080365626));
#673 = CARTESIAN_POINT('',(-17.45669014559,6.454743455397,
    52.964405473381));
#674 = CARTESIAN_POINT('',(-18.58206245309,-1.051806080944,
    53.392658203049));
#675 = CARTESIAN_POINT('',(-16.25268242401,-8.105364126902,
    53.821008390859));
#676 = CARTESIAN_POINT('',(-11.3446511726,-13.16855133857,
    54.249269341308));
#677 = CARTESIAN_POINT('',(-5.228709364255,-15.51834409756,
    54.677583955275));
#678 = CARTESIAN_POINT('',(0.755656421157,-15.22125432938,
    55.105880726547));
#679 = CARTESIAN_POINT('',(6.740023196398,-14.92417408032,
    55.534171788755));
#680 = CARTESIAN_POINT('',(12.593150629155,-11.98011236459,
    55.962495367488));
#681 = CARTESIAN_POINT('',(16.975572934811,-6.455839311274,
    56.39074502923));
#682 = CARTESIAN_POINT('',(18.594864464315,0.793925954128,
    56.819106737966));
#683 = CARTESIAN_POINT('',(16.731542113496,8.151953025909,
    57.247349951927));
#684 = CARTESIAN_POINT('',(11.856948531793,13.757188437041,
    57.675681329366));
#685 = CARTESIAN_POINT('',(5.373432520484,16.529898196752,
    58.103967905085));
#686 = CARTESIAN_POINT('',(-1.17544546945,16.333305273147,
    58.532268535818));
#687 = CARTESIAN_POINT('',(-11.98442876438,11.159390361376,
    59.38886589925));
#688 = CARTESIAN_POINT('',(-16.24485605974,6.18191984299,59.817166529969
    ));
#689 = CARTESIAN_POINT('',(-18.15153902792,-0.606941386181,
    60.245453105772));
#690 = CARTESIAN_POINT('',(-16.84304859414,-7.919063250057,
    60.673784482918));
#691 = CARTESIAN_POINT('',(-12.28055616585,-13.98525182112,
    61.102027697617));
#692 = CARTESIAN_POINT('',(-5.618441866679,-17.27077287431,
    61.530389404962));
#693 = CARTESIAN_POINT('',(1.432955007613,-17.32220262853,
    61.958639068643));
#694 = CARTESIAN_POINT('',(7.396900838675,-14.60972553757,
    62.386962645439));
#695 = CARTESIAN_POINT('',(11.381561935186,-10.13497657035,
    62.815253708931));
#696 = CARTESIAN_POINT('',(15.366215656248,-5.660221740936,
    63.243550478959));
#697 = CARTESIAN_POINT('',(17.371750238811,0.577114423264,
    63.671865095011));
#698 = CARTESIAN_POINT('',(16.506439835706,7.575303053379,
    64.100126042746));
#699 = CARTESIAN_POINT('',(12.473397754749,13.813532341154,
    64.528476233373));
#700 = CARTESIAN_POINT('',(5.921008310656,17.64484570501,64.956728960696
    ));
#701 = CARTESIAN_POINT('',(-1.493359563402,18.100200301945,
    65.385054069994));
#702 = CARTESIAN_POINT('',(-8.01658736755,15.422246392851,
    65.813343827496));
#703 = CARTESIAN_POINT('',(-12.46874326779,10.615505809012,
    66.241643311668));
#704 = CARTESIAN_POINT('',(-16.35976948719,-0.71866514658,
    67.098241123407));
#705 = CARTESIAN_POINT('',(-15.79875565792,-7.246430374802,
    67.52654060751));
#706 = CARTESIAN_POINT('',(-12.29582476778,-13.366358487,67.954830365237
    ));
#707 = CARTESIAN_POINT('',(-6.165233174716,-17.56102627507,
    68.383155474089));
#708 = CARTESIAN_POINT('',(1.358897100207,-18.56213187414,
    68.811408202066));
#709 = CARTESIAN_POINT('',(8.372977115795,-16.11644712081,
    69.239758391936));
#710 = CARTESIAN_POINT('',(13.35432310077,-11.12537231483,
    69.668019340374));
#711 = CARTESIAN_POINT('',(15.602674008218,-4.971415181705,
    70.096333955901));
#712 = CARTESIAN_POINT('',(15.20667967885,1.007220505131,70.52463072625)
  );
#713 = CARTESIAN_POINT('',(14.810694843387,6.985857332904,70.9529217938)
  );
#714 = CARTESIAN_POINT('',(11.770260306149,12.789507748011,
    71.38124534859));
#715 = CARTESIAN_POINT('',(6.174283598171,17.079992891848,
    71.809495074243));
#716 = CARTESIAN_POINT('',(-1.101263809076,18.579196013799,
    72.23785665886));
#717 = CARTESIAN_POINT('',(-8.427477198314,16.594470912584,
    72.666100060199));
#718 = CARTESIAN_POINT('',(-13.95134991003,11.627867307665,
    73.094431211213));
#719 = CARTESIAN_POINT('',(-16.61648278383,5.099393438864,
    73.522718008636));
#720 = CARTESIAN_POINT('',(-16.31163776783,-1.445338663606,
    73.951018463353));
#721 = CARTESIAN_POINT('',(-10.95971519916,-12.1672994967,
    74.807616050955));
#722 = CARTESIAN_POINT('',(-5.912482421292,-16.3448459104,
    75.235915711015));
#723 = CARTESIAN_POINT('',(0.906972790276,-18.13902549134,
    75.664205247213));
#724 = CARTESIAN_POINT('',(8.19646674858,-16.70980773589,76.092530582078
    ));
#725 = CARTESIAN_POINT('',(14.186380636533,-12.04765324793,
    76.520783123482));
#726 = CARTESIAN_POINT('',(17.361313112208,-5.332111978937,
    76.949133436165));
#727 = CARTESIAN_POINT('',(17.296137038166,1.719156543848,
    77.377394322372));
#728 = CARTESIAN_POINT('',(14.48543225169,7.637450973773,77.805708960232
    ));
#729 = CARTESIAN_POINT('',(9.945407005614,11.547574615133,
    78.234005726285));
#730 = CARTESIAN_POINT('',(5.405387595563,15.457705831668,
    78.662296789329));
#731 = CARTESIAN_POINT('',(-0.864264422081,17.359826671753,
    79.090620366789));
#732 = CARTESIAN_POINT('',(-7.847178063573,16.378941789003,
    79.518870029799));
#733 = CARTESIAN_POINT('',(-14.01788405894,12.243293238763,
    79.947231737637));
#734 = CARTESIAN_POINT('',(-17.74032743256,5.628465355605,80.37547495207
    ));
#735 = CARTESIAN_POINT('',(-18.07303711684,-1.792426158803,
    80.803806329318));
#736 = CARTESIAN_POINT('',(-15.28759162848,-8.270480859669,
    81.232092905095));
#737 = CARTESIAN_POINT('',(-10.40789734729,-12.64255535901,
    81.660393535818));
#738 = CARTESIAN_POINT('',(0.989058472641,-16.34565047294,
    82.516990899249));
#739 = CARTESIAN_POINT('',(7.50665565928,-15.67678545371,82.945291529978
    ));
#740 = CARTESIAN_POINT('',(13.567829490988,-12.07314167153,
    83.373578105725));
#741 = CARTESIAN_POINT('',(17.660562176258,-5.874043952042,
    83.801909483061));
#742 = CARTESIAN_POINT('',(18.537125434691,1.665625656496,
    84.230152697322));
#743 = CARTESIAN_POINT('',(15.975807059776,8.638291120672,
    84.658514405411));
#744 = CARTESIAN_POINT('',(10.903050710089,13.536452607199,
    85.086764068132));
#745 = CARTESIAN_POINT('',(4.712762700878,15.68273222381,85.515087645862
    ));
#746 = CARTESIAN_POINT('',(-1.258509685648,15.187950999032,85.9433787087
    ));
#747 = CARTESIAN_POINT('',(-7.22978077004,14.693160441191,
    86.371675479332));
#748 = CARTESIAN_POINT('',(-12.98236952006,11.55719901595,
    86.799990094356));
#749 = CARTESIAN_POINT('',(-17.17974204207,5.891030106451,
    87.228251043694));
#750 = CARTESIAN_POINT('',(-18.55844933571,-1.40829172862,
    87.656601232341));
#751 = CARTESIAN_POINT('',(-16.45286219707,-8.70070369988,
    88.084853961527));
#752 = CARTESIAN_POINT('',(-11.3956074768,-14.14169381594,88.51317906951
    ));
#753 = CARTESIAN_POINT('',(-4.82396018161,-16.69852583308,
    88.941468827682));
#754 = CARTESIAN_POINT('',(1.714836776304,-16.28551064867,89.36976831164
    ));
#755 = CARTESIAN_POINT('',(12.34684362988,-10.75704372241,
    90.226366123403));
#756 = CARTESIAN_POINT('',(16.440368285836,-5.64142926447,
    90.654665607602));
#757 = CARTESIAN_POINT('',(18.121550165934,1.206758263106,91.08295536498
    ));
#758 = CARTESIAN_POINT('',(16.572003635385,8.47162554779,91.511280474521
    ));
#759 = CARTESIAN_POINT('',(11.81144957821,14.383636534046,
    91.939533201572));
#760 = CARTESIAN_POINT('',(5.04433210342,17.447100824389,92.367883392318
    ));
#761 = CARTESIAN_POINT('',(-2.004894914014,17.265348273913,
    92.796144340188));
#762 = CARTESIAN_POINT('',(-7.875908309998,14.357174979972,
    93.22445895597));
#763 = CARTESIAN_POINT('',(-11.71043292962,9.753120557359,
    93.652755726169));
#764 = CARTESIAN_POINT('',(-15.54496521291,5.149071852536,
    94.081046793906));
#765 = CARTESIAN_POINT('',(-17.34316399991,-1.151172701044,
    94.509370348473));
#766 = CARTESIAN_POINT('',(-16.24695798765,-8.116913901542,
    94.937620074348));
#767 = CARTESIAN_POINT('',(-12.00984885043,-14.21839783799,
    95.365981658788));
#768 = CARTESIAN_POINT('',(-5.334378200821,-17.83096312636,
    95.79422506024));
#769 = CARTESIAN_POINT('',(2.090999546349,-18.04093077785,
    96.222556211191));
#770 = CARTESIAN_POINT('',(8.52211469209,-15.14875819086,96.650843008651
    ));
#771 = CARTESIAN_POINT('',(12.812910665517,-10.19744334619,
    97.079143463344));
#772 = CARTESIAN_POINT('',(16.327063315462,1.259181394149,
    97.935741050975));
#773 = CARTESIAN_POINT('',(15.550526538555,7.764828432439,
    98.364040710911));
#774 = CARTESIAN_POINT('',(11.847165111624,13.765592041228,
    98.792330247478));
#775 = CARTESIAN_POINT('',(5.581235824841,17.755268187009,
    99.220655581609));
#776 = CARTESIAN_POINT('',(-1.971880858581,18.507053526151,
    99.648908124108));
#777 = CARTESIAN_POINT('',(-8.901263237263,15.830796693034,
    100.07725843551));
#778 = CARTESIAN_POINT('',(-13.71486403944,10.677750700525,
    100.50551932291));
#779 = CARTESIAN_POINT('',(-15.75851509172,4.452820119428,
    100.93383395987));
#780 = CARTESIAN_POINT('',(-15.16506343447,-1.509453880954,
    101.36213072646));
#781 = CARTESIAN_POINT('',(-14.57162122446,-7.471729340226,
    101.79042179337));
#782 = CARTESIAN_POINT('',(-11.34096078361,-13.17167964222,
    102.21874534907));
#783 = CARTESIAN_POINT('',(-5.606185742115,-17.2747971493,
    102.64699507388));
#784 = CARTESIAN_POINT('',(1.71495252144,-18.53262648361,103.07535665905
    ));
#785 = CARTESIAN_POINT('',(8.971538656978,-16.30675721575,
    103.50360006013));
#786 = CARTESIAN_POINT('',(14.328178583194,-11.16023122232,
    103.93193121121));
#787 = CARTESIAN_POINT('',(16.776000972411,-4.547208475812,
    104.36021800865));
#788 = CARTESIAN_POINT('',(16.254931733592,1.983866138967,
    104.78851846333));
#789 = CARTESIAN_POINT('',(10.551431138515,12.523012226318,
    105.64511605099));
#790 = CARTESIAN_POINT('',(5.368834137982,16.531396075471,
    106.07341571081));
#791 = CARTESIAN_POINT('',(-1.506214207981,18.099120536839,
    106.50170524774));
#792 = CARTESIAN_POINT('',(-8.744467935791,16.42966896232,
    106.93003058106));
#793 = CARTESIAN_POINT('',(-14.57696034455,11.572016742063,
    107.35828312494));
#794 = CARTESIAN_POINT('',(-17.52811853083,4.755173176043,
    107.78663343448));
#795 = CARTESIAN_POINT('',(-17.22983939302,-2.290085172163,
    108.21489432388));
#796 = CARTESIAN_POINT('',(-14.22499258676,-8.112212451136,
    108.64320895919));
#797 = CARTESIAN_POINT('',(-9.558167702708,-11.87008972769,
    109.07150572675));
#798 = CARTESIAN_POINT('',(-4.891348403987,-15.62797477232,
    109.49979678827));
#799 = CARTESIAN_POINT('',(1.43776625464,-17.32175981851,109.92812036809
    ));
#800 = CARTESIAN_POINT('',(8.384430674733,-16.1105325775,110.35637002869
    ));
#801 = CARTESIAN_POINT('',(14.41502441296,-11.77312083002,110.7847317383
    ));
#802 = CARTESIAN_POINT('',(17.9167240654,-5.038833035719,111.21297495176
    ));
#803 = CARTESIAN_POINT('',(18.003892169269,2.389001663736,
    111.64130632942));
#804 = CARTESIAN_POINT('',(15.005783286725,8.771418322991,
    112.06959290507));
#805 = CARTESIAN_POINT('',(9.98420142887,12.979763288489,112.49789353581
    ));
#806 = CARTESIAN_POINT('',(-1.528959990501,16.304012002986,
    113.35449089925));
#807 = CARTESIAN_POINT('',(-8.020878797437,15.420018957907,
    113.78279152996));
#808 = CARTESIAN_POINT('',(-13.95959012235,11.617942612903,
    114.21107810581));
#809 = CARTESIAN_POINT('',(-17.84512207661,5.286914671316,
    114.63940948278));
#810 = CARTESIAN_POINT('',(-18.47191920331,-2.277614810827,
    115.06765269791));
#811 = CARTESIAN_POINT('',(-15.68146139307,-9.161782209291,
    115.49601440448));
#812 = CARTESIAN_POINT('',(-10.44952881637,-13.88954324147,
    115.92426406918));
#813 = CARTESIAN_POINT('',(-4.191662064743,-15.8299776202,
    116.35258764502));
#814 = CARTESIAN_POINT('',(1.759986437696,-15.13803652715,
    116.78087870909));
#815 = CARTESIAN_POINT('',(7.711633330843,-14.44608615314,
    117.20917547853));
#816 = CARTESIAN_POINT('',(13.357391443552,-11.12163932225,
    117.63749009564));
#817 = CARTESIAN_POINT('',(17.365126449244,-5.319789075397,
    118.06575104209));
#818 = CARTESIAN_POINT('',(18.501739769284,2.021126622035,
    118.49410123386));
#819 = CARTESIAN_POINT('',(16.156192136346,9.239933711464,
    118.92235396043));
#820 = CARTESIAN_POINT('',(10.921804966386,14.51073912822,
    119.35067907008));
#821 = CARTESIAN_POINT('',(4.269213190174,16.848892413367,
    119.77896882747));
#822 = CARTESIAN_POINT('',(-2.252353054967,16.219908383678,
    120.20726831166));
#823 = CARTESIAN_POINT('',(-12.69575719317,10.342934136893,
    121.06386612342));
#824 = CARTESIAN_POINT('',(-16.61790429409,5.094770885924,121.4921656074
    ));
#825 = CARTESIAN_POINT('',(-18.07174284816,-1.805257982136,
    121.92045536554));
#826 = CARTESIAN_POINT('',(-16.28284252818,-9.014920026176,
    122.34878047345));
#827 = CARTESIAN_POINT('',(-11.32942027034,-14.76629870454,
    122.7770332031));
#828 = CARTESIAN_POINT('',(-4.464714211264,-17.60434436702,
    123.20538339057));
#829 = CARTESIAN_POINT('',(2.574649336654,-17.18961998898,
    123.63364434176));
#830 = CARTESIAN_POINT('',(8.34629879509,-14.08892123581,124.06195895488
    ));
#831 = CARTESIAN_POINT('',(12.026501362671,-9.360601741038,
    124.49025572667));
#832 = CARTESIAN_POINT('',(15.706711790416,-4.632287709263,
    124.91854678836));
#833 = CARTESIAN_POINT('',(17.295620072645,1.72396673908,125.34687036801
    ));
#834 = CARTESIAN_POINT('',(15.969702634464,8.649655220923,
    125.77512002876));
#835 = CARTESIAN_POINT('',(11.533174285702,14.607710080452,
    126.20348173824));
#836 = CARTESIAN_POINT('',(4.741910126336,17.997586725867,126.6317249518
    ));
#837 = CARTESIAN_POINT('',(-2.686350457855,17.961931505498,
    127.0600563294));
#838 = CARTESIAN_POINT('',(-9.018324105932,14.858705924998,
    127.48834290507));
#839 = CARTESIAN_POINT('',(-13.14306725461,9.768229949089,
    127.91664353581));
#840 = CARTESIAN_POINT('',(-16.2765035859,-1.798320623231,
    128.77324089925));
#841 = CARTESIAN_POINT('',(-15.28529435128,-8.274736125108,
    129.20154152996));
#842 = CARTESIAN_POINT('',(-11.38554740608,-14.14977233748,
    129.6298281058));
#843 = CARTESIAN_POINT('',(-4.991141713782,-17.93009629279,
    130.0581594828));
#844 = CARTESIAN_POINT('',(2.582717164214,-18.43173622656,
    130.48640269785));
#845 = CARTESIAN_POINT('',(9.419806255785,-15.52783741466,
    130.91476440457));
#846 = CARTESIAN_POINT('',(14.060416542636,-10.21845147716,
    131.3430140691));
#847 = CARTESIAN_POINT('',(15.89711845036,-3.929357109818,
    131.77133764504));
#848 = CARTESIAN_POINT('',(15.10686771446,2.010037316158,132.19962870915
    ));
#849 = CARTESIAN_POINT('',(8.408627266427,-2.608156746131E-15,
    9.642873674292));
#850 = CARTESIAN_POINT('',(8.408641602406,3.30592109251,10.071180240539)
  );
#851 = CARTESIAN_POINT('',(6.946367820606,6.611950344456,10.499452547194
    ));
#852 = CARTESIAN_POINT('',(4.022042944936,9.178070996224,10.927802710527
    ));
#853 = CARTESIAN_POINT('',(7.119169843276E-02,10.26878837029,
    11.35603491293));
#854 = CARTESIAN_POINT('',(-4.034543918263,9.443226542681,
    11.784391745468));
#855 = CARTESIAN_POINT('',(-7.256776228031,6.910366910046,
    12.212656041657));
#856 = CARTESIAN_POINT('',(-8.962102986098,3.413348050759,
    12.640967110882));
#857 = CARTESIAN_POINT('',(-9.032928998212,-0.200909252336,
    13.069263777817));
#858 = CARTESIAN_POINT('',(-6.477456282095,-6.298947015245,
    13.925860614733));
#859 = CARTESIAN_POINT('',(-3.851086070021,-8.782906642338,
    14.354158119668));
#860 = CARTESIAN_POINT('',(-0.162104494184,-10.01934625586,
    14.782466300721));
#861 = CARTESIAN_POINT('',(3.90312804949,-9.498328746517,15.210736730362
    ));
#862 = CARTESIAN_POINT('',(7.370905058342,-7.150023999072,15.63908392414
    ));
#863 = CARTESIAN_POINT('',(9.363642452827,-3.568641650852,
    16.067328013539));
#864 = CARTESIAN_POINT('',(9.584937493024,0.315761216696,16.495666407303
    ));
#865 = CARTESIAN_POINT('',(8.253321823132,3.676513169841,16.923948117476
    ));
#866 = CARTESIAN_POINT('',(5.896438744453,5.994749589301,17.352248674284
    ));
#867 = CARTESIAN_POINT('',(3.539563602708,8.312993285835,17.78055524055)
  );
#868 = CARTESIAN_POINT('',(0.157201133656,9.588806028888,18.208827547177
    ));
#869 = CARTESIAN_POINT('',(-3.722903452747,9.303429826953,
    18.637177710549));
#870 = CARTESIAN_POINT('',(-7.27098912098,7.251606722214,19.065409912908
    ));
#871 = CARTESIAN_POINT('',(-9.561515449189,3.745596678757,
    19.493766745483));
#872 = CARTESIAN_POINT('',(-10.01531558463,-0.327758745709,
    19.922031041652));
#873 = CARTESIAN_POINT('',(-8.718029207597,-3.995772964593,
    20.350342110881));
#874 = CARTESIAN_POINT('',(-6.190988161753,-6.580717012256,
    20.778638777819));
#875 = CARTESIAN_POINT('',(-5.153209207403E-02,-9.035016205351,
    21.635235614728));
#876 = CARTESIAN_POINT('',(3.561060792321,-8.904446026534,22.06353311969
    ));
#877 = CARTESIAN_POINT('',(7.029403344833,-7.141503054574,
    22.491841300669));
#878 = CARTESIAN_POINT('',(9.508645736731,-3.877926482206,
    22.920111730448));
#879 = CARTESIAN_POINT('',(10.266205275068,0.241068068973,
    23.348458924032));
#880 = CARTESIAN_POINT('',(9.110316677461,4.173144288969,23.776703013644
    ));
#881 = CARTESIAN_POINT('',(6.496195590752,7.054797993923,24.205041407223
    ));
#882 = CARTESIAN_POINT('',(3.166442025535,8.46213419326,24.633323117526)
  );
#883 = CARTESIAN_POINT('',(-0.139027778775,8.407477848993,
    25.061623674254));
#884 = CARTESIAN_POINT('',(-3.444497205428,8.352832266448,
    25.489930240611));
#885 = CARTESIAN_POINT('',(-6.725897385748,6.836096664871,
    25.918202547101));
#886 = CARTESIAN_POINT('',(-9.243316635567,3.869743432961,
    26.346552710619));
#887 = CARTESIAN_POINT('',(-10.26856175789,-9.860161293874E-02,
    26.774784912859));
#888 = CARTESIAN_POINT('',(-9.375228774381,-4.190126202284,
    27.203141745509));
#889 = CARTESIAN_POINT('',(-6.789439160091,-7.37003988776,
    27.631406041644));
#890 = CARTESIAN_POINT('',(-3.264702547343,-9.01731401951,28.05971711088
    ));
#891 = CARTESIAN_POINT('',(0.350231738172,-9.028372419426,
    28.488013777822));
#892 = CARTESIAN_POINT('',(6.405183885045,-6.372424404139,
    29.344610614721));
#893 = CARTESIAN_POINT('',(8.845379707143,-3.705343552382,
    29.772908119729));
#894 = CARTESIAN_POINT('',(10.020656888201,3.57698204919E-03,
    30.201216300562));
#895 = CARTESIAN_POINT('',(9.432496268475,4.059639354663,30.629486730647
    ));
#896 = CARTESIAN_POINT('',(7.02717648982,7.488115593718,31.057833923751)
  );
#897 = CARTESIAN_POINT('',(3.413335887757,9.421366214208,31.486078013955
    ));
#898 = CARTESIAN_POINT('',(-0.474194880407,9.578406500906,
    31.914416406952));
#899 = CARTESIAN_POINT('',(-3.812470576288,8.191406369873,
    32.342698117706));
#900 = CARTESIAN_POINT('',(-6.091421529328,5.796515871976,
    32.770998674173));
#901 = CARTESIAN_POINT('',(-8.370379890593,3.401633190551,33.19930524083
    ));
#902 = CARTESIAN_POINT('',(-9.59009444148,-1.361144844411E-03,
    33.627577546767));
#903 = CARTESIAN_POINT('',(-9.240603814678,-3.876216944473,
    34.055927710974));
#904 = CARTESIAN_POINT('',(-7.130397331253,-7.389892878902,
    34.484159912583));
#905 = CARTESIAN_POINT('',(-3.586995105994,-9.622137925833,
    34.912516745662));
#906 = CARTESIAN_POINT('',(0.49330661736,-10.0085273962,35.340781041587)
  );
#907 = CARTESIAN_POINT('',(4.13937017579,-8.650771606991,35.76909211089)
  );
#908 = CARTESIAN_POINT('',(6.682178917404,-6.081336672975,
    36.197388777822));
#909 = CARTESIAN_POINT('',(9.03463319252,9.7859411008E-02,
    37.053985614721));
#910 = CARTESIAN_POINT('',(8.844350450679,3.707799631835,37.482283119739
    ));
#911 = CARTESIAN_POINT('',(7.024303080402,7.146519677696,37.910591300516
    ));
#912 = CARTESIAN_POINT('',(3.720180964987,9.571463374247,38.338861730772
    ));
#913 = CARTESIAN_POINT('',(-0.410775986191,10.260816130381,
    38.767208923523));
#914 = CARTESIAN_POINT('',(-4.323203314854,9.040072805135,
    39.195453014258));
#915 = CARTESIAN_POINT('',(-7.16124137634,6.378663952985,39.623791406659
    ));
#916 = CARTESIAN_POINT('',(-8.513331239984,3.026096729387,
    40.052073117898));
#917 = CARTESIAN_POINT('',(-8.404029910864,-0.27801754875,
    40.480373674116));
#918 = CARTESIAN_POINT('',(-8.294739356116,-3.582131633049,
    40.908680245658));
#919 = CARTESIAN_POINT('',(-6.72395656306,-6.838005609976,
    41.336952527391));
#920 = CARTESIAN_POINT('',(-3.716386033013,-9.306035302936,
    41.765302758041));
#921 = CARTESIAN_POINT('',(0.268368075311,-10.2655277191,42.193534829355
    ));
#922 = CARTESIAN_POINT('',(4.344562800392,-9.304668055643,42.62189185978
    ));
#923 = CARTESIAN_POINT('',(7.481288812709,-6.666655088116,
    43.050155917001));
#924 = CARTESIAN_POINT('',(9.070059668671,-3.115164644796,
    43.478467220092));
#925 = CARTESIAN_POINT('',(9.021347672178,0.499458570731,43.906763701401
    ));
#926 = CARTESIAN_POINT('',(6.265650162958,6.509669439327,44.763360774711
    ));
#927 = CARTESIAN_POINT('',(3.55858914301,8.905435624938,45.191657256062)
  );
#928 = CARTESIAN_POINT('',(-0.169260388652,10.019225119056,
    45.619968558907));
#929 = CARTESIAN_POINT('',(-4.215035497189,9.364090238746,
    46.048232616862));
#930 = CARTESIAN_POINT('',(-7.603286322005,6.902400589673,
    46.476589645831));
#931 = CARTESIAN_POINT('',(-9.476506161926,3.257104907493,
    46.904821719251));
#932 = CARTESIAN_POINT('',(-9.569264003021,-0.632505906047,
    47.333171947603));
#933 = CARTESIAN_POINT('',(-8.127246463255,-3.947380779602,
    47.761444231204));
#934 = CARTESIAN_POINT('',(-5.695011029506,-6.186430824328,
    48.189750801716));
#935 = CARTESIAN_POINT('',(-3.262767801065,-8.425473205148,
    48.618051354212));
#936 = CARTESIAN_POINT('',(0.159915916062,-9.588768020224,
    49.046333087577));
#937 = CARTESIAN_POINT('',(4.028478823618,-9.175243558932,
    49.474671416193));
#938 = CARTESIAN_POINT('',(7.506768944907,-7.007245791428,
    49.902915634593));
#939 = CARTESIAN_POINT('',(9.680135103638,-3.427407686537,
    50.331262632049));
#940 = CARTESIAN_POINT('',(9.999000068331,0.658716770404,50.759533299767
    ));
#941 = CARTESIAN_POINT('',(8.581150083816,4.281836815785,51.18784124731)
  );
#942 = CARTESIAN_POINT('',(5.9700224015,6.781813779398,51.616138937796)
  );
#943 = CARTESIAN_POINT('',(-0.247224061918,9.03178029776,52.472735538296
    ));
#944 = CARTESIAN_POINT('',(-3.853524936592,8.781836779713,
    52.901033228986));
#945 = CARTESIAN_POINT('',(-7.26168206279,6.905182889263,53.32934117583)
  );
#946 = CARTESIAN_POINT('',(-9.631664416719,3.561418243586,
    53.757611845006));
#947 = CARTESIAN_POINT('',(-10.2526216732,-0.580371496926,
    54.185958840227));
#948 = CARTESIAN_POINT('',(-8.967357528128,-4.472080478582,
    54.614203061301));
#949 = CARTESIAN_POINT('',(-6.259388427332,-7.265726923363,
    55.04254138736));
#950 = CARTESIAN_POINT('',(-2.884924134555,-8.562200832417,
    55.470823122678));
#951 = CARTESIAN_POINT('',(0.416931311483,-8.398284394965,
    55.899123674019));
#952 = CARTESIAN_POINT('',(3.71878673589,-8.234378740425,56.327430245852
    ));
#953 = CARTESIAN_POINT('',(6.948244415335,-6.609978224273,
    56.755702527143));
#954 = CARTESIAN_POINT('',(9.366209735422,-3.562012548302,
    57.184052758268));
#955 = CARTESIAN_POINT('',(10.259687290176,0.438061059317,
    57.612284829195));
#956 = CARTESIAN_POINT('',(9.231563392321,4.497811787912,58.040641859866
    ));
#957 = CARTESIAN_POINT('',(6.542048573752,7.590492264923,58.468905916969
    ));
#958 = CARTESIAN_POINT('',(2.964774951729,9.120325796965,58.897217220098
    ));
#959 = CARTESIAN_POINT('',(-0.648548761368,9.011856478568,
    59.325513701401));
#960 = CARTESIAN_POINT('',(-6.612375513734,6.157163164904,
    60.182110774711));
#961 = CARTESIAN_POINT('',(-8.96305581267,3.410860720899,60.610407256066
    ));
#962 = CARTESIAN_POINT('',(-10.01505699915,-0.33489456633,
    61.038718558884));
#963 = CARTESIAN_POINT('',(-9.293119050086,-4.369284673666,
    61.466982616923));
#964 = CARTESIAN_POINT('',(-6.775744750149,-7.716370900817,
    61.895339645726));
#965 = CARTESIAN_POINT('',(-3.099975647775,-9.52906356354,
    62.323571719381));
#966 = CARTESIAN_POINT('',(0.790637127922,-9.557498114595,
    62.751921947484));
#967 = CARTESIAN_POINT('',(4.081216636593,-8.060869733549,
    63.180194231285));
#968 = CARTESIAN_POINT('',(6.279746167883,-5.591946444336,
    63.608500801682));
#969 = CARTESIAN_POINT('',(8.478267907731,-3.123015488477,
    64.036801354283));
#970 = CARTESIAN_POINT('',(9.584813242399,0.318434217306,64.465083087456
    ));
#971 = CARTESIAN_POINT('',(9.107382702836,4.179631120741,64.893421416351
    ));
#972 = CARTESIAN_POINT('',(6.882171432544,7.621600222105,65.321665634435
    ));
#973 = CARTESIAN_POINT('',(3.266888358087,9.735480446755,65.750012632174
    ));
#974 = CARTESIAN_POINT('',(-0.823949642087,9.986742068314,
    66.178283299687));
#975 = CARTESIAN_POINT('',(-4.42313177152,8.509181430002,66.606591247352
    ));
#976 = CARTESIAN_POINT('',(-6.879594759982,5.857076194803,
    67.034888937778));
#977 = CARTESIAN_POINT('',(-9.026458109445,-0.396521224209,
    67.891485538326));
#978 = CARTESIAN_POINT('',(-8.716922378294,-3.998196583235,
    68.319783228829));
#979 = CARTESIAN_POINT('',(-6.784174734359,-7.374859339598,
    68.748091176237));
#980 = CARTESIAN_POINT('',(-3.401682009369,-9.689232108804,
    69.17636184427));
#981 = CARTESIAN_POINT('',(0.749808445367,-10.24162436074,
    69.604708841247));
#982 = CARTESIAN_POINT('',(4.61973495954,-8.892190603469,70.032953060189
    ));
#983 = CARTESIAN_POINT('',(7.368226119041,-6.138401672576,70.46129138832
    ));
#984 = CARTESIAN_POINT('',(8.608729597449,-2.742962824187,
    70.889573122043));
#985 = CARTESIAN_POINT('',(8.390242872686,0.555731089412,71.317873674312
    ));
#986 = CARTESIAN_POINT('',(8.171766920415,3.854425153513,71.746180240469
    ));
#987 = CARTESIAN_POINT('',(6.494192809471,7.056583664331,72.1744525473)
  );
#988 = CARTESIAN_POINT('',(3.406665184383,9.423823480181,72.60280271042)
  );
#989 = CARTESIAN_POINT('',(-0.607634176702,10.251042071662,
    73.031034913008));
#990 = CARTESIAN_POINT('',(-4.649831261476,9.155934764292,
    73.459391745427));
#991 = CARTESIAN_POINT('',(-7.69762039696,6.415653690637,73.887656041672
    ));
#992 = CARTESIAN_POINT('',(-9.168098655256,2.813574576359,
    74.315967110878));
#993 = CARTESIAN_POINT('',(-8.999901438231,-0.797461545478,
    74.744263777818));
#994 = CARTESIAN_POINT('',(-6.046993059118,-6.713274039572,
    75.60086061473));
#995 = CARTESIAN_POINT('',(-3.26219872817,-9.018224462964,
    76.029158119678));
#996 = CARTESIAN_POINT('',(0.500434375232,-10.00815381066,
    76.457466300703));
#997 = CARTESIAN_POINT('',(4.522344453618,-9.219601845633,
    76.885736730379));
#998 = CARTESIAN_POINT('',(7.827338776101,-6.647243958822,
    77.314083924135));
#999 = CARTESIAN_POINT('',(9.579023651847,-2.941990668835,
    77.742328013531));
#1000 = CARTESIAN_POINT('',(9.543112403245,0.948544964649,
    78.170666407316));
#1001 = CARTESIAN_POINT('',(7.992294081263,4.213941803428,78.59894811747
    ));
#1002 = CARTESIAN_POINT('',(5.487350428026,6.37134191402,79.027248674277
    ));
#1003 = CARTESIAN_POINT('',(2.982414213167,8.528749818714,
    79.455555245193));
#1004 = CARTESIAN_POINT('',(-0.476872358946,9.578230804729,
    79.883827528082));
#1005 = CARTESIAN_POINT('',(-4.329632914195,9.03704028099,80.31217775733
    ));
#1006 = CARTESIAN_POINT('',(-7.734354949018,6.75520793732,
    80.740409829892));
#1007 = CARTESIAN_POINT('',(-9.788159091814,3.105481470627,
    81.168766859482));
#1008 = CARTESIAN_POINT('',(-9.971756597026,-0.988960426678,
    81.597030917114));
#1009 = CARTESIAN_POINT('',(-8.434885382068,-4.56321616295,
    82.025342220069));
#1010 = CARTESIAN_POINT('',(-5.742528916717,-6.975495274663,
    82.4536387014));
#1011 = CARTESIAN_POINT('',(0.545710067466,-9.018667789433,
    83.310235774711));
#1012 = CARTESIAN_POINT('',(4.141775076737,-8.649626556873,
    83.738532256042));
#1013 = CARTESIAN_POINT('',(7.486020428269,-6.661307619884,
    84.166843559003));
#1014 = CARTESIAN_POINT('',(9.744150956985,-3.241023354568,
    84.595107616606));
#1015 = CARTESIAN_POINT('',(10.227826863662,0.919050828221,
    85.023464646284));
#1016 = CARTESIAN_POINT('',(8.814592947649,4.766115041255,
    85.451696718664));
#1017 = CARTESIAN_POINT('',(6.015736444178,7.468720929669,
    85.880046948179));
#1018 = CARTESIAN_POINT('',(2.600251833593,8.65289780843,86.308319230781
    ));
#1019 = CARTESIAN_POINT('',(-0.694379058665,8.379911377793,
    86.73662580193));
#1020 = CARTESIAN_POINT('',(-3.98900959157,8.10691401978,87.164926353958
    ));
#1021 = CARTESIAN_POINT('',(-7.162994009833,6.376641912257,
    87.593208087936));
#1022 = CARTESIAN_POINT('',(-9.478860540341,3.250375182555,
    88.021546415691));
#1023 = CARTESIAN_POINT('',(-10.23959454692,-0.777030961273,
    88.449790635173));
#1024 = CARTESIAN_POINT('',(-9.077802902164,-4.800586790664,
    88.878137631534));
#1025 = CARTESIAN_POINT('',(-6.287504803019,-7.802640161989,
    89.306408300099));
#1026 = CARTESIAN_POINT('',(-2.661605088098,-9.213366466048,
    89.734716247176));
#1027 = CARTESIAN_POINT('',(0.946156400538,-8.985485722985,
    90.163013937807));
#1028 = CARTESIAN_POINT('',(6.812337022137,-5.935169700965,
    91.019610538331));
#1029 = CARTESIAN_POINT('',(9.07092872411,-3.112645780041,
    91.447908228748));
#1030 = CARTESIAN_POINT('',(9.998511598792,0.66584000671,91.876216176424
    ));
#1031 = CARTESIAN_POINT('',(9.143569371921,4.674162863844,
    92.304486844018));
#1032 = CARTESIAN_POINT('',(6.516918531994,7.936173834077,
    92.732833841465));
#1033 = CARTESIAN_POINT('',(2.783209462328,9.626357041663,
    93.161078060078));
#1034 = CARTESIAN_POINT('',(-1.106200595458,9.526124683432,
    93.58941638834));
#1035 = CARTESIAN_POINT('',(-4.345509927648,7.921528501765,
    94.01769812202));
#1036 = CARTESIAN_POINT('',(-6.46119853247,5.381256919456,
    94.445998674411));
#1037 = CARTESIAN_POINT('',(-8.576895044441,2.840992653747,
    94.874305240333));
#1038 = CARTESIAN_POINT('',(-9.569036961812,-0.635173113191,
    95.302577547466));
#1039 = CARTESIAN_POINT('',(-8.964218966792,-4.478458996325,
    95.730927710252));
#1040 = CARTESIAN_POINT('',(-6.626405286219,-7.844987942956,
    96.159159913142));
#1041 = CARTESIAN_POINT('',(-2.943219879607,-9.838166948819,
    96.587516745347));
#1042 = CARTESIAN_POINT('',(1.153697489101,-9.954042101365,
    97.015781041711));
#1043 = CARTESIAN_POINT('',(4.702054519876,-8.358284401826,
    97.44409211086));
#1044 = CARTESIAN_POINT('',(7.069488277488,-5.626411494781,
    97.872388777828));
#1045 = CARTESIAN_POINT('',(9.008412530785,0.694749640718,98.72898561471
    ));
#1046 = CARTESIAN_POINT('',(8.579962759272,4.284221288958,
    99.157283119782));
#1047 = CARTESIAN_POINT('',(6.536627674073,7.595135016404,
    99.585591300445));
#1048 = CARTESIAN_POINT('',(3.079463655246,9.796405521609,
    100.01386173082));
#1049 = CARTESIAN_POINT('',(-1.088021210521,10.211233735535,
    100.44220892354));
#1050 = CARTESIAN_POINT('',(-4.911214874659,8.734584803416,
    100.87045301414));
#1051 = CARTESIAN_POINT('',(-7.567153861193,5.89142718841,
    101.29879140679));
#1052 = CARTESIAN_POINT('',(-8.694714425232,2.456829517667,
    101.72707311782));
#1053 = CARTESIAN_POINT('',(-8.367281226342,-0.832836946234,
    102.15537367409));
#1054 = CARTESIAN_POINT('',(-8.039858785337,-4.122503922552,
    102.58368024096));
#1055 = CARTESIAN_POINT('',(-6.257327724255,-7.267445424605,
    103.01195254663));
#1056 = CARTESIAN_POINT('',(-3.093219260249,-9.531306902198,
    103.44030271105));
#1057 = CARTESIAN_POINT('',(0.946235947933,-10.22534695745,
    103.86853491254));
#1058 = CARTESIAN_POINT('',(4.950015052485,-8.997189735184,
    104.29689174566));
#1059 = CARTESIAN_POINT('',(7.905534907029,-6.157636713361,
    104.72515604159));
#1060 = CARTESIAN_POINT('',(9.256112319941,-2.508908043244,
    105.15346711087));
#1061 = CARTESIAN_POINT('',(8.968614042571,1.094592604279,
    105.58176377783));
#1062 = CARTESIAN_POINT('',(5.8217234512,6.909537571096,106.43836061469)
  );
#1063 = CARTESIAN_POINT('',(2.962242258717,9.121153095961,
    106.86665811989));
#1064 = CARTESIAN_POINT('',(-0.831064051409,9.98613588039,107.2949663001
    ));
#1065 = CARTESIAN_POINT('',(-4.82470299694,9.06503714935,107.72323673151
    ));
#1066 = CARTESIAN_POINT('',(-8.042839516305,6.384811436818,
    108.15158392248));
#1067 = CARTESIAN_POINT('',(-9.671058517057,2.623667357602,
    108.57982801538));
#1068 = CARTESIAN_POINT('',(-9.506532682189,-1.263553802239,
    109.00816640568));
#1069 = CARTESIAN_POINT('',(-7.848597240332,-4.475890034003,
    109.43644811853));
#1070 = CARTESIAN_POINT('',(-5.273692228171,-6.54928872271,
    109.86474867382));
#1071 = CARTESIAN_POINT('',(-2.698794396423,-8.622695451486,
    110.29305524639));
#1072 = CARTESIAN_POINT('',(0.793300217652,-9.557226968773,
    110.72132752634));
#1073 = CARTESIAN_POINT('',(4.626060715845,-8.888947094441,
    111.14967775909));
#1074 = CARTESIAN_POINT('',(7.953476185645,-6.49579074276,
    111.57790982856));
#1075 = CARTESIAN_POINT('',(9.885485166133,-2.780154052186,
    112.00626686022));
#1076 = CARTESIAN_POINT('',(9.933606249413,1.318119590745,
    112.43453091683));
#1077 = CARTESIAN_POINT('',(8.279398368954,4.8396069886,112.86284222012)
  );
#1078 = CARTESIAN_POINT('',(5.50875585475,7.161548828217,113.2911387014)
  );
#1079 = CARTESIAN_POINT('',(-0.843599248365,8.995693885522,
    114.14773577471));
#1080 = CARTESIAN_POINT('',(-4.425496388781,8.507956397989,
    114.57603225608));
#1081 = CARTESIAN_POINT('',(-7.702172776214,6.410152541103,
    115.00434355877));
#1082 = CARTESIAN_POINT('',(-9.845982564533,2.917076885967,
    115.43260761722));
#1083 = CARTESIAN_POINT('',(-10.19184795962,-1.256714758864,
    115.86096464517));
#1084 = CARTESIAN_POINT('',(-8.652189810007,-5.054949347381,
    116.28919672011));
#1085 = CARTESIAN_POINT('',(-5.765506306881,-7.663537974681,
    116.71754694678));
#1086 = CARTESIAN_POINT('',(-2.312736208945,-8.734139988455,
    117.14581923174));
#1087 = CARTESIAN_POINT('',(0.971067516742,-8.352371210765,
    117.57412580153));
#1088 = CARTESIAN_POINT('',(4.254870522246,-7.970591528175,
    118.00242635474));
#1089 = CARTESIAN_POINT('',(7.369910961564,-6.136322811473,
    118.43070808669));
#1090 = CARTESIAN_POINT('',(9.581146398734,-2.935194999802,
    118.85904641721));
#1091 = CARTESIAN_POINT('',(10.208304861374,1.115161624133,
    119.28729063372));
#1092 = CARTESIAN_POINT('',(8.914116106558,5.098104853018,
    119.71563763258));
#1093 = CARTESIAN_POINT('',(6.026085582415,8.006260220263,
    120.14390829952));
#1094 = CARTESIAN_POINT('',(2.355524936949,9.296330757162,
    120.57221624738));
#1095 = CARTESIAN_POINT('',(-1.242729529402,8.949289856181,
    121.00051393778));
#1096 = CARTESIAN_POINT('',(-7.004849134722,5.706685875637,
    121.8571105383));
#1097 = CARTESIAN_POINT('',(-9.168883817056,2.81102849713,
    122.28540822896));
#1098 = CARTESIAN_POINT('',(-9.97103007287,-0.99606044452,122.7137161758
    ));
#1099 = CARTESIAN_POINT('',(-8.984026617694,-4.973924511924,
    123.14198684518));
#1100 = CARTESIAN_POINT('',(-6.250958810675,-8.147306071635,
    123.57033383979));
#1101 = CARTESIAN_POINT('',(-2.463407962254,-9.713116186151,
    123.99857806195));
#1102 = CARTESIAN_POINT('',(1.420561564711,-9.484341623868,
    124.42691638668));
#1103 = CARTESIAN_POINT('',(4.605046475901,-7.773520265945,
    124.85519812312));
#1104 = CARTESIAN_POINT('',(6.635588403788,-5.164685762853,
    125.28349867391));
#1105 = CARTESIAN_POINT('',(8.666138489417,-2.555858314233,
    125.71180524628));
#1106 = CARTESIAN_POINT('',(9.542804161653,0.951210440091,
    126.14007752646));
#1107 = CARTESIAN_POINT('',(8.811244987378,4.772397716964,
    126.56842775897));
#1108 = CARTESIAN_POINT('',(6.363400464625,8.059790030316,
    126.99665982866));
#1109 = CARTESIAN_POINT('',(2.616327953299,9.930100783328,
    127.42501686015));
#1110 = CARTESIAN_POINT('',(-1.482181107444,9.910454658469,
    127.85328091686));
#1111 = CARTESIAN_POINT('',(-4.975836553815,8.198248821902,
    128.28159222011));
#1112 = CARTESIAN_POINT('',(-7.25165134528,5.38959418256,128.7098887014)
  );
#1113 = CARTESIAN_POINT('',(-8.980516195702,-0.992218238398,
    129.56648577471));
#1114 = CARTESIAN_POINT('',(-8.433622489977,-4.565561526687,
    129.99478225608));
#1115 = CARTESIAN_POINT('',(-6.281929005943,-7.807105035667,
    130.42309355878));
#1116 = CARTESIAN_POINT('',(-2.753885204354,-9.892867456059,
    130.85135761719));
#1117 = CARTESIAN_POINT('',(1.425054423665,-10.16967633242,
    131.27971464523));
#1118 = CARTESIAN_POINT('',(5.197313189252,-8.567428845543,
    131.70794672002));
#1119 = CARTESIAN_POINT('',(7.75781697026,-5.638009677431,
    132.13629694684));
#1120 = CARTESIAN_POINT('',(8.771184727875,-2.168010281251,
    132.56456923176));
#1121 = CARTESIAN_POINT('',(8.335173906484,1.109032420952,
    132.99287580143));
#1122 = CARTESIAN_POINT('',(2.774186237647,1.076829597713E-15,3.325));
#1123 = CARTESIAN_POINT('',(2.774186236865,1.090689559398,3.753319349474
    ));
#1124 = CARTESIAN_POINT('',(2.291769421759,2.181437422768,4.181549387115
    ));
#1125 = CARTESIAN_POINT('',(1.326927249848,3.028014885347,4.609982390455
    ));
#1126 = CARTESIAN_POINT('',(2.352993438653E-02,3.387925963132,
    5.03810787976));
#1127 = CARTESIAN_POINT('',(-1.331116146441,3.115493896268,
    5.466558269131));
#1128 = CARTESIAN_POINT('',(-2.394149948348,2.279891403708,
    5.894767424189));
#1129 = CARTESIAN_POINT('',(-2.956791999779,1.126134031138,
    6.323098512531));
#1130 = CARTESIAN_POINT('',(-2.980155995809,-6.628417236106E-02,
    6.751392055343));
#1131 = CARTESIAN_POINT('',(-2.137051286349,-2.078156690708,
    7.607988273103));
#1132 = CARTESIAN_POINT('',(-1.270558709239,-2.897667625045,
    8.036284000502));
#1133 = CARTESIAN_POINT('',(-5.346755812728E-02,-3.305600966524,
    8.464607559678));
#1134 = CARTESIAN_POINT('',(1.287696749297,-3.133690385846,
    8.892832703987));
#1135 = CARTESIAN_POINT('',(2.431847451801,-2.358962656003,9.32125796615
    ));
#1136 = CARTESIAN_POINT('',(3.089249005683,-1.177352841431,
    9.749414443611));
#1137 = CARTESIAN_POINT('',(3.162280893992,0.104163797768,
    10.177816764845));
#1138 = CARTESIAN_POINT('',(2.722945933021,1.212963503587,
    10.606071316589));
#1139 = CARTESIAN_POINT('',(1.945361436272,1.977796289666,
    11.034374999982));
#1140 = CARTESIAN_POINT('',(1.167777820521,2.742627928429,11.4626943495)
  );
#1141 = CARTESIAN_POINT('',(5.18642228185E-02,3.16357178105,
    11.890924387075));
#1142 = CARTESIAN_POINT('',(-1.228267756041,3.069359606276,
    12.319357390507));
#1143 = CARTESIAN_POINT('',(-2.398848744243,2.392513467233,
    12.74748287971));
#1144 = CARTESIAN_POINT('',(-3.154551835179,1.23570835254,
    13.175933269164));
#1145 = CARTESIAN_POINT('',(-3.304265451554,-0.108113891259,
    13.604142424177));
#1146 = CARTESIAN_POINT('',(-2.876264301077,-1.318294525661,
    14.032473512529));
#1147 = CARTESIAN_POINT('',(-2.042539134983,-2.171118889633,
    14.460767055348));
#1148 = CARTESIAN_POINT('',(-1.700194705271E-02,-2.980844572502,
    15.317363273092));
#1149 = CARTESIAN_POINT('',(1.174867180097,-2.937768576317,
    15.745659000559));
#1150 = CARTESIAN_POINT('',(2.319163549197,-2.356127535106,
    16.173982559538));
#1151 = CARTESIAN_POINT('',(3.137077351827,-1.279423323725,
    16.602207704222));
#1152 = CARTESIAN_POINT('',(3.387072472825,7.954184317531E-02,
    17.03063296585));
#1153 = CARTESIAN_POINT('',(3.005663372943,1.376810379527,
    17.458789443904));
#1154 = CARTESIAN_POINT('',(2.143246350314,2.327523497406,
    17.887191764624));
#1155 = CARTESIAN_POINT('',(1.044673661402,2.791840245499,
    18.315446316726));
#1156 = CARTESIAN_POINT('',(-4.586824201883E-02,2.773807020238,
    18.743749999903));
#1157 = CARTESIAN_POINT('',(-1.136408709635,2.755773618518,
    19.172069349652));
#1158 = CARTESIAN_POINT('',(-2.219031220103,2.255388382468,
    19.600299386897));
#1159 = CARTESIAN_POINT('',(-3.049540312825,1.276680834656,
    20.028732390651));
#1160 = CARTESIAN_POINT('',(-3.387851893069,-3.2489062802E-02,
    20.456857879625));
#1161 = CARTESIAN_POINT('',(-3.093059423049,-1.382445593494,
    20.885308269196));
#1162 = CARTESIAN_POINT('',(-2.239995010891,-2.431518278553,
    21.313517424177));
#1163 = CARTESIAN_POINT('',(-1.077092658636,-2.975007258944,
    21.741848512518));
#1164 = CARTESIAN_POINT('',(0.115548846276,-2.978652684517,
    22.170142055358));
#1165 = CARTESIAN_POINT('',(2.113206504993,-2.102399034169,
    23.026738273073));
#1166 = CARTESIAN_POINT('',(2.918278875876,-1.222475153732,
    23.455034000663));
#1167 = CARTESIAN_POINT('',(3.306033137013,1.194374394573E-03,
    23.883357559261));
#1168 = CARTESIAN_POINT('',(3.111971319113,1.339332991381,
    24.311582704738));
#1169 = CARTESIAN_POINT('',(2.318432166093,2.470517988591,24.74000796512
    ));
#1170 = CARTESIAN_POINT('',(1.126114430809,3.108293007689,
    25.168164444714));
#1171 = CARTESIAN_POINT('',(-0.156434536801,3.160126387441,
    25.596566763916));
#1172 = CARTESIAN_POINT('',(-1.257818735145,2.702518648375,
    26.024821317198));
#1173 = CARTESIAN_POINT('',(-2.00969043334,1.912394740446,
    26.453124999687));
#1174 = CARTESIAN_POINT('',(-2.761560998842,1.122271732447,
    26.881444350212));
#1175 = CARTESIAN_POINT('',(-3.163996856808,-4.491878215076E-04,
    27.30967438607));
#1176 = CARTESIAN_POINT('',(-3.048631928878,-1.278848480247,
    27.738107391504));
#1177 = CARTESIAN_POINT('',(-2.352523989962,-2.438078519025,
    28.166232878981));
#1178 = CARTESIAN_POINT('',(-1.183382251565,-3.174551757405,
    28.594683269549));
#1179 = CARTESIAN_POINT('',(0.162731655097,-3.302026225829,
    29.022892424046));
#1180 = CARTESIAN_POINT('',(1.365670316468,-2.85407452124,
    29.451223512544));
#1181 = CARTESIAN_POINT('',(2.204593337761,-2.006362770278,
    29.879517055358));
#1182 = CARTESIAN_POINT('',(2.980718215184,3.228549654569E-02,
    30.736113273073));
#1183 = CARTESIAN_POINT('',(2.917941808948,1.223279485008,
    31.164409000682));
#1184 = CARTESIAN_POINT('',(2.317460542243,2.357802613605,
    31.592732559165));
#1185 = CARTESIAN_POINT('',(1.227380169205,3.157802443679,
    32.020957705004));
#1186 = CARTESIAN_POINT('',(-0.135532639286,3.385294336326,
    32.449382964613));
#1187 = CARTESIAN_POINT('',(-1.426317648698,2.982488407195,
    32.877539445421));
#1188 = CARTESIAN_POINT('',(-2.362641653305,2.10447023411,
    33.305941763197));
#1189 = CARTESIAN_POINT('',(-2.808731191502,0.998370727423,
    33.734196317691));
#1190 = CARTESIAN_POINT('',(-2.772669471683,-9.172394416042E-02,
    34.162499999529));
#1191 = CARTESIAN_POINT('',(-2.736607599986,-1.181817176217,
    34.590819362789));
#1192 = CARTESIAN_POINT('',(-2.218390739225,-2.256018359714,
    35.019049335604));
#1193 = CARTESIAN_POINT('',(-1.226085395743,-3.070232018692,
    35.447482514121));
#1194 = CARTESIAN_POINT('',(8.849919220331E-02,-3.386851631677,
    35.875607662096));
#1195 = CARTESIAN_POINT('',(1.433397073849,-3.069779319783,
    36.304058566988));
#1196 = CARTESIAN_POINT('',(2.468221877729,-2.199486245939,
    36.732267099282));
#1197 = CARTESIAN_POINT('',(2.99240916169,-1.027756802124,
    37.160598797219));
#1198 = CARTESIAN_POINT('',(2.976335052725,0.164781917953,
    37.588891856133));
#1199 = CARTESIAN_POINT('',(2.067171979028,2.147678615549,
    38.445488690153));
#1200 = CARTESIAN_POINT('',(1.174057537181,2.938092158965,
    38.873781749145));
#1201 = CARTESIAN_POINT('',(-5.58563764047E-02,3.305561835662,
    39.302113446617));
#1202 = CARTESIAN_POINT('',(-1.390602351835,3.089400806311,
    39.730321980346));
#1203 = CARTESIAN_POINT('',(-2.508514113808,2.277268763828,
    40.158772882252));
#1204 = CARTESIAN_POINT('',(-3.126486129618,1.074567135458,
    40.586898034805));
#1205 = CARTESIAN_POINT('',(-3.157108905493,-0.208661613676,
    41.015331208017));
#1206 = CARTESIAN_POINT('',(-2.681351840566,-1.302330719054,
    41.443561185385));
#1207 = CARTESIAN_POINT('',(-1.878905588085,-2.041034804266,
    41.871880546011));
#1208 = CARTESIAN_POINT('',(-1.07645814499,-2.779739713453,
    42.300184218154));
#1209 = CARTESIAN_POINT('',(5.276150419809E-02,-3.163556033005,
    42.728438830416));
#1210 = CARTESIAN_POINT('',(1.329080683628,-3.027071802055,
    43.15684098167));
#1211 = CARTESIAN_POINT('',(2.476640744343,-2.311890432485,
    43.58499779564));
#1212 = CARTESIAN_POINT('',(3.193684510063,-1.130733289712,
    44.013422545801));
#1213 = CARTESIAN_POINT('',(3.298883863183,0.217305294241,
    44.441648310889));
#1214 = CARTESIAN_POINT('',(2.831104617349,1.412672607247,
    44.869971261272));
#1215 = CARTESIAN_POINT('',(1.969637857972,2.237465097906,
    45.298267472394));
#1216 = CARTESIAN_POINT('',(-8.156410021067E-02,2.979776946934,
    46.154863073839));
#1217 = CARTESIAN_POINT('',(-1.271357376672,2.897317323064,
    46.583159285487));
#1218 = CARTESIAN_POINT('',(-2.395797056492,2.278159958631,
    47.01148223409));
#1219 = CARTESIAN_POINT('',(-3.177664243806,1.17500147977,
    47.439708002872));
#1220 = CARTESIAN_POINT('',(-3.382590679732,-0.191486395749,
    47.868132747372));
#1221 = CARTESIAN_POINT('',(-2.958498066909,-1.475434969136,
    48.296289568152));
#1222 = CARTESIAN_POINT('',(-2.065118773592,-2.397113889727,
    48.724691712832));
#1223 = CARTESIAN_POINT('',(-0.951794849562,-2.824854257677,
    49.15294633017));
#1224 = CARTESIAN_POINT('',(0.137554569874,-2.770773902983,
    49.581249999277));
#1225 = CARTESIAN_POINT('',(1.226902546569,-2.716693419468,
    50.009569363279));
#1226 = CARTESIAN_POINT('',(2.292388723277,-2.180786613366,
    50.437799335008));
#1227 = CARTESIAN_POINT('',(3.090084361471,-1.175154749307,
    50.866232514639));
#1228 = CARTESIAN_POINT('',(3.384925425231,0.144485112536,51.29435766175
    ));
#1229 = CARTESIAN_POINT('',(3.045659988227,1.4839566974,51.722808567169)
  );
#1230 = CARTESIAN_POINT('',(2.158376142949,2.504250668202,
    52.151017099214));
#1231 = CARTESIAN_POINT('',(0.978139985103,3.008992988502,
    52.579348797233));
#1232 = CARTESIAN_POINT('',(-0.213969952456,2.973203707453,
    53.007641856132));
#1233 = CARTESIAN_POINT('',(-2.181563545928,2.031379807333,
    53.864238690153));
#1234 = CARTESIAN_POINT('',(-2.957102338905,1.125318795903,
    54.292531749154));
#1235 = CARTESIAN_POINT('',(-3.30418645563,-0.110502717934,
    54.720863446566));
#1236 = CARTESIAN_POINT('',(-3.065986358143,-1.441492245717,
    55.149071980487));
#1237 = CARTESIAN_POINT('',(-2.235481838788,-2.545823448429,
    55.577522882004));
#1238 = CARTESIAN_POINT('',(-1.022727098484,-3.143825588225,
    56.005648035116));
#1239 = CARTESIAN_POINT('',(0.260832554921,-3.153227344876,
    56.434081207723));
#1240 = CARTESIAN_POINT('',(1.346486020182,-2.659452648981,
    56.86231118559));
#1241 = CARTESIAN_POINT('',(2.071821526215,-1.844902394349,
    57.290630545922));
#1242 = CARTESIAN_POINT('',(2.79715783642,-1.030350935657,
    57.718934218343));
#1243 = CARTESIAN_POINT('',(3.1622512349,0.105060352703,58.147188830091)
  );
#1244 = CARTESIAN_POINT('',(3.004683069829,1.378948442872,
    58.575590982094));
#1245 = CARTESIAN_POINT('',(2.270625767345,2.514526868681,59.00374779522
    ));
#1246 = CARTESIAN_POINT('',(1.077774520813,3.211943431056,
    59.432172546131));
#1247 = CARTESIAN_POINT('',(-0.271819153269,3.294840008518,
    59.860398310679));
#1248 = CARTESIAN_POINT('',(-1.459288829328,2.807360568611,
    60.288721261381));
#1249 = CARTESIAN_POINT('',(-2.269725131151,1.932374493968,
    60.717017472348));
#1250 = CARTESIAN_POINT('',(-2.978021049974,-0.130820418269,
    61.573613073918));
#1251 = CARTESIAN_POINT('',(-2.875900721606,-1.319087673022,
    62.001909285077));
#1252 = CARTESIAN_POINT('',(-2.238236569339,-2.433136534005,
    62.430232235152));
#1253 = CARTESIAN_POINT('',(-1.122301537828,-3.196657282388,
    62.858458000945));
#1254 = CARTESIAN_POINT('',(0.247387787962,-3.378962271181,
    63.286882750042));
#1255 = CARTESIAN_POINT('',(1.524148928188,-2.933698894491,
    63.715039565235));
#1256 = CARTESIAN_POINT('',(2.430930775957,-2.025202733703,
    64.143441715352));
#1257 = CARTESIAN_POINT('',(2.840205037673,-0.904958759562,
    64.571696328496));
#1258 = CARTESIAN_POINT('',(2.768120832368,0.18334758946,65.000000000057
    ));
#1259 = CARTESIAN_POINT('',(2.696036521287,1.271652494898,
    65.428319349294));
#1260 = CARTESIAN_POINT('',(2.142586285522,2.328132367511,
    65.856549387377));
#1261 = CARTESIAN_POINT('',(1.12390281914,3.109091913415,66.2849823902)
  );
#1262 = CARTESIAN_POINT('',(-0.200431517421,3.38207380105,
    66.713107879939));
#1263 = CARTESIAN_POINT('',(-1.534110642365,3.02070802134,
    67.141558269038));
#1264 = CARTESIAN_POINT('',(-2.539594799151,2.116675942129,
    67.569767424223));
#1265 = CARTESIAN_POINT('',(-3.024754206375,0.928255771353,
    67.998098512521));
#1266 = CARTESIAN_POINT('',(-2.969259504173,-0.263099501596,
    68.426392055346));
#1267 = CARTESIAN_POINT('',(-1.995032305575,-2.214852033733,
    69.282988273097));
#1268 = CARTESIAN_POINT('',(-1.076272247739,-2.975304210935,
    69.711284000529));
#1269 = CARTESIAN_POINT('',(0.165118441318,-3.301907392706,
    70.139607559623));
#1270 = CARTESIAN_POINT('',(1.49198879285,-3.04173433988,70.567832704049
    ));
#1271 = CARTESIAN_POINT('',(2.582435747092,-2.193082865188,
    70.996257966111));
#1272 = CARTESIAN_POINT('',(3.160306692965,-0.970608437306,
    71.424414443614));
#1273 = CARTESIAN_POINT('',(3.148482722872,0.312933048963,
    71.852816764864));
#1274 = CARTESIAN_POINT('',(2.636827091429,1.390272600996,
    72.281071316578));
#1275 = CARTESIAN_POINT('',(1.810394438515,2.102042163741,
    72.709374999964));
#1276 = CARTESIAN_POINT('',(0.983962741606,2.813810639988,
    73.137694361602));
#1277 = CARTESIAN_POINT('',(-0.157331483805,3.160082770231,
    73.565924337298));
#1278 = CARTESIAN_POINT('',(-1.428438063632,2.981471909198,
    73.994357512457));
#1279 = CARTESIAN_POINT('',(-2.551726599407,2.228741224052,
    74.422482663298));
#1280 = CARTESIAN_POINT('',(-3.229323468915,1.02452046161,
    74.850933566345));
#1281 = CARTESIAN_POINT('',(-3.289895814841,-0.326258350905,
    75.279142099521));
#1282 = CARTESIAN_POINT('',(-2.782848833648,-1.505506228576,
    75.707473797171));
#1283 = CARTESIAN_POINT('',(-1.89458288511,-2.301364620831,
    76.135766856132));
#1284 = CARTESIAN_POINT('',(0.180041023124,-2.97545100053,
    76.992363690154));
#1285 = CARTESIAN_POINT('',(1.36645711915,-2.853697877628,
    77.420656749106));
#1286 = CARTESIAN_POINT('',(2.469811375109,-2.197701243421,
    77.848988446816));
#1287 = CARTESIAN_POINT('',(3.214775389182,-1.069294833131,78.2771969798
    ));
#1288 = CARTESIAN_POINT('',(3.374411462099,0.303221646597,
    78.705647883258));
#1289 = CARTESIAN_POINT('',(2.908096174591,1.572446083462,
    79.133773033444));
#1290 = CARTESIAN_POINT('',(1.984734343025,2.464083176109,79.56220620941
    ));
#1291 = CARTESIAN_POINT('',(0.857874338937,2.854779258181,
    79.990436184324));
#1292 = CARTESIAN_POINT('',(-0.22908997832,2.764711027031,
    80.418755546565));
#1293 = CARTESIAN_POINT('',(-1.316055708506,2.674642477911,
    80.847059217442));
#1294 = CARTESIAN_POINT('',(-2.363238210568,2.103800301874,
    81.275313831508));
#1295 = CARTESIAN_POINT('',(-3.127250958519,1.072343509159,
    81.703715980104));
#1296 = CARTESIAN_POINT('',(-3.378296205514,-0.256323028004,
    82.131872797422));
#1297 = CARTESIAN_POINT('',(-2.994931182252,-1.583845237803,
    82.560297544274));
#1298 = CARTESIAN_POINT('',(-2.074396546479,-2.574244607824,
    82.988523311833));
#1299 = CARTESIAN_POINT('',(-0.87811796961,-3.039688484238,
    83.416846260905));
#1300 = CARTESIAN_POINT('',(0.312157147851,-2.964503545448,
    83.845142472424));
#1301 = CARTESIAN_POINT('',(2.247535010315,-1.958139354927,
    84.701738073931));
#1302 = CARTESIAN_POINT('',(2.99269255351,-1.026931609072,
    85.130034284856));
#1303 = CARTESIAN_POINT('',(3.298725949764,0.219689422443,
    85.558357235702));
#1304 = CARTESIAN_POINT('',(3.016650116613,1.542076715328,
    85.986583000136));
#1305 = CARTESIAN_POINT('',(2.150085212167,2.618343050186,86.41500775084
    ));
#1306 = CARTESIAN_POINT('',(0.918223434652,3.175922682197,
    86.843164564723));
#1307 = CARTESIAN_POINT('',(-0.3649471165,3.142878322777,87.27156671554)
  );
#1308 = CARTESIAN_POINT('',(-1.433679710065,2.613479960052,
    87.699821328398));
#1309 = CARTESIAN_POINT('',(-2.131687786709,1.775391917618,
    88.128125000304));
#1310 = CARTESIAN_POINT('',(-2.829694791661,0.937304847991,
    88.556444348959));
#1311 = CARTESIAN_POINT('',(-3.157049493037,-0.209558606825,
    88.984674387777));
#1312 = CARTESIAN_POINT('',(-2.957446639775,-1.477538306232,
    89.413107389805));
#1313 = CARTESIAN_POINT('',(-2.186246461513,-2.588227655747,
    89.841232880245));
#1314 = CARTESIAN_POINT('',(-0.970986956246,-3.245821428268,
    90.269683268855));
#1315 = CARTESIAN_POINT('',(0.380608705775,-3.284051735421,
    90.697892424316));
#1316 = CARTESIAN_POINT('',(1.551311904876,-2.757576501175,
    91.126223512474));
#1317 = CARTESIAN_POINT('',(2.33237496275,-1.856273251433,
    91.554517055372));
#1318 = CARTESIAN_POINT('',(2.972067486679,0.229212316964,
    92.411113273043));
#1319 = CARTESIAN_POINT('',(2.830714844454,1.413453419233,
    92.839409000808));
#1320 = CARTESIAN_POINT('',(2.156565157077,2.505809899513,
    93.267732558926));
#1321 = CARTESIAN_POINT('',(1.015995650052,3.232016582959,
    93.695957705258));
#1322 = CARTESIAN_POINT('',(-0.35897239539,3.368935389616,
    94.124382964512));
#1323 = CARTESIAN_POINT('',(-1.620313588043,2.881701408838,
    94.552539445287));
#1324 = CARTESIAN_POINT('',(-2.496561705442,1.943720710314,
    94.980941763461));
#1325 = CARTESIAN_POINT('',(-2.868573162807,0.810557231141,
    95.409196317512));
#1326 = CARTESIAN_POINT('',(-2.760545293555,-0.274770746953,
    95.837499999487));
#1327 = CARTESIAN_POINT('',(-2.652517367013,-1.360097279351,
    96.265819350554));
#1328 = CARTESIAN_POINT('',(-2.064438941995,-2.397700599945,
    96.694049385761));
#1329 = CARTESIAN_POINT('',(-1.020491279192,-3.144552054212,
    97.122482391663));
#1330 = CARTESIAN_POINT('',(0.312144687931,-3.373597735705,
    97.550607878942));
#1331 = CARTESIAN_POINT('',(1.633146663659,-2.96833360471,
    97.979058269531));
#1332 = CARTESIAN_POINT('',(2.608190732687,-2.031551104307,
    98.40726742409));
#1333 = CARTESIAN_POINT('',(3.05379170762,-0.827739688915,
    98.835598512495));
#1334 = CARTESIAN_POINT('',(2.958937127344,0.361129377463,
    99.263892055394));
#1335 = CARTESIAN_POINT('',(1.92071106554,2.279603569556,100.12048827299
    ));
#1336 = CARTESIAN_POINT('',(0.977310221786,3.009262672041,
    100.54878400109));
#1337 = CARTESIAN_POINT('',(-0.274200347467,3.294642726999,
    100.97710755808));
#1338 = CARTESIAN_POINT('',(-1.591743045032,2.990741117619,
    101.40533270697));
#1339 = CARTESIAN_POINT('',(-2.653534527654,2.106499786184,
    101.83375796187));
#1340 = CARTESIAN_POINT('',(-3.190670404094,0.86558737717,102.2619144484
    ));
#1341 = CARTESIAN_POINT('',(-3.136414691768,-0.416861402407,
    102.69031676063));
#1342 = CARTESIAN_POINT('',(-2.589418329311,-1.476694867446,
    103.11857131938));
#1343 = CARTESIAN_POINT('',(-1.73990402218,-2.160750627616,
    103.54687499874));
#1344 = CARTESIAN_POINT('',(-0.890390706972,-2.844805333014,
    103.97519436466));
#1345 = CARTESIAN_POINT('',(0.261728447779,-3.153153109561,
    104.40342433305));
#1346 = CARTESIAN_POINT('',(1.526234582483,-2.932612835619,
    104.83185751657));
#1347 = CARTESIAN_POINT('',(2.624021155694,-2.143153997621,
    105.25998266031));
#1348 = CARTESIAN_POINT('',(3.261431958533,-0.917187997803,
    105.68843356794));
#1349 = CARTESIAN_POINT('',(3.277309888046,0.434855011783,
    106.11664209893));
#1350 = CARTESIAN_POINT('',(2.731550223046,1.596693462858,
    106.54497379729));
#1351 = CARTESIAN_POINT('',(1.817456167433,2.362747660252,
    106.97326685613));
#1352 = CARTESIAN_POINT('',(-0.278321022332,2.967871431698,
    107.82986369015));
#1353 = CARTESIAN_POINT('',(-1.460062885607,2.806957962847,
    108.2581567492));
#1354 = CARTESIAN_POINT('',(-2.541124431684,2.114839380893,
    108.68648844632));
#1355 = CARTESIAN_POINT('',(-3.248372224456,0.962418897758,
    109.11469698115));
#1356 = CARTESIAN_POINT('',(-3.36254099784,-0.414625274356,
    109.54314788074));
#1357 = CARTESIAN_POINT('',(-2.854515829144,-1.667737818326,
    109.97127303684));
#1358 = CARTESIAN_POINT('',(-1.902178311641,-2.528357961088,
    110.39970620599));
#1359 = CARTESIAN_POINT('',(-0.763016681764,-2.88158264474,
    110.82793618677));
#1360 = CARTESIAN_POINT('',(0.320375386903,-2.755624955,111.25625554551)
  );
#1361 = CARTESIAN_POINT('',(1.403768856532,-2.629666900881,
    111.68455921954));
#1362 = CARTESIAN_POINT('',(2.431504854129,-2.024513446662,
    112.11281382818));
#1363 = CARTESIAN_POINT('',(3.160996446037,-0.968359759982,
    112.54121598419));
#1364 = CARTESIAN_POINT('',(3.367974244373,0.367880740534,
    112.96937279353));
#1365 = CARTESIAN_POINT('',(2.940926465244,1.682001797698,
    113.39779754709));
#1366 = CARTESIAN_POINT('',(1.988149185389,2.641423697653,
    113.82602331031));
#1367 = CARTESIAN_POINT('',(0.777135522032,3.0670600956,114.25434626145)
  );
#1368 = CARTESIAN_POINT('',(-0.410002953779,2.95256175783,
    114.68264247236));
#1369 = CARTESIAN_POINT('',(-2.311048871712,1.882757676517,
    115.53923807387));
#1370 = CARTESIAN_POINT('',(-3.025010139906,0.927421642554,
    115.96753428541));
#1371 = CARTESIAN_POINT('',(-3.289658722979,-0.328636303075,
    116.3958572341));
#1372 = CARTESIAN_POINT('',(-2.964014533506,-1.640974213383,
    116.82408300314));
#1373 = CARTESIAN_POINT('',(-2.062338425361,-2.688000551398,
    117.25250774652));
#1374 = CARTESIAN_POINT('',(-0.812714698442,-3.204545830724,
    117.68066456959));
#1375 = CARTESIAN_POINT('',(0.468661731305,-3.129093595501,
    118.10906671121));
#1376 = CARTESIAN_POINT('',(1.519306309159,-2.564648777541,
    118.53732133131));
#1377 = CARTESIAN_POINT('',(2.189222740786,-1.703940454465,
    118.96562499897));
#1378 = CARTESIAN_POINT('',(2.859138133107,-0.843233140762,
    119.39394436438));
#1379 = CARTESIAN_POINT('',(3.148394685566,0.313826730174,
    119.82217433333));
#1380 = CARTESIAN_POINT('',(2.906977283801,1.574513612468,
    120.25060751632));
#1381 = CARTESIAN_POINT('',(2.099475618317,2.659097254925,
    120.67873266053));
#1382 = CARTESIAN_POINT('',(0.863138286918,3.27615087277,121.10718356781
    ));
#1383 = CARTESIAN_POINT('',(-0.488982429945,3.269672027394,
    121.53539209897));
#1384 = CARTESIAN_POINT('',(-1.641638503347,2.704777192245,
    121.96372379728));
#1385 = CARTESIAN_POINT('',(-2.39247440433,1.778142190937,
    122.39201685613));
#1386 = CARTESIAN_POINT('',(-2.96286399408,-0.327353599563,
    123.24861369015));
#1387 = CARTESIAN_POINT('',(-2.782433666606,-1.506273390215,
    123.67690674919));
#1388 = CARTESIAN_POINT('',(-2.072535481889,-2.575743710195,
    124.10523844634));
#1389 = CARTESIAN_POINT('',(-0.908578933007,-3.263840769029,
    124.53344698108));
#1390 = CARTESIAN_POINT('',(0.470164664344,-3.355225963988,
    124.96189788089));
#1391 = CARTESIAN_POINT('',(1.714706253902,-2.826551345997,
    125.39002303662));
#1392 = CARTESIAN_POINT('',(2.559462858329,-1.860114562564,
    125.81845620616));
#1393 = CARTESIAN_POINT('',(2.893804422457,-0.715268452876,
    126.24668618679));
#1394 = CARTESIAN_POINT('',(2.749951205873,0.365892944007,
    126.67500554529));
#1395 = CARTESIAN_POINT('',(8.408627266427,-2.606855703524E-15,
    -2.992873674292));
#1396 = CARTESIAN_POINT('',(8.408612929857,3.305919597288,
    -2.564567108045));
#1397 = CARTESIAN_POINT('',(6.946432845922,6.611948539517,
    -2.136294801381));
#1398 = CARTESIAN_POINT('',(4.021931460911,9.178065089903,
    -1.707944638073));
#1399 = CARTESIAN_POINT('',(7.130466103403E-02,10.268783470553,
    -1.279712435628));
#1400 = CARTESIAN_POINT('',(-4.034617030309,9.443224095732,
    -0.851355603135));
#1401 = CARTESIAN_POINT('',(-7.256743225385,6.910362299529,
    -0.423091306915));
#1402 = CARTESIAN_POINT('',(-8.962104476233,3.413347113798,
    5.219762295837E-03));
#1403 = CARTESIAN_POINT('',(-9.032924824885,-0.200909294667,
    0.433516429235));
#1404 = CARTESIAN_POINT('',(-6.477453143459,-6.29894386591,1.29011326615
    ));
#1405 = CARTESIAN_POINT('',(-3.851082634658,-8.78290044763,
    1.718410771077));
#1406 = CARTESIAN_POINT('',(-0.162118944153,-10.01935808021,
    2.146718952173));
#1407 = CARTESIAN_POINT('',(3.90316751935,-9.498280246846,2.574989381706
    ));
#1408 = CARTESIAN_POINT('',(7.370836777918,-7.150086749352,
    3.003336575655));
#1409 = CARTESIAN_POINT('',(9.363700564314,-3.568579230515,
    3.431580664872));
#1410 = CARTESIAN_POINT('',(9.584898374911,0.315727539518,3.859919058765
    ));
#1411 = CARTESIAN_POINT('',(8.253325665475,3.676519225526,4.288200768881
    ));
#1412 = CARTESIAN_POINT('',(5.896438744468,5.994749589321,4.716501325701
    ));
#1413 = CARTESIAN_POINT('',(3.539544562421,8.312971795832,5.144807891967
    ));
#1414 = CARTESIAN_POINT('',(0.157248018639,9.58885112162,5.5730801986));
#1415 = CARTESIAN_POINT('',(-3.722977418724,9.303346205068,
    6.001430361953));
#1416 = CARTESIAN_POINT('',(-7.270906414228,7.251683820605,
    6.429662564344));
#1417 = CARTESIAN_POINT('',(-9.561564973583,3.745542839207,
    6.858019396887));
#1418 = CARTESIAN_POINT('',(-10.01528915498,-0.327738450256,
    7.286283693073));
#1419 = CARTESIAN_POINT('',(-8.718029584551,-3.995774683974,
    7.714594762299));
#1420 = CARTESIAN_POINT('',(-6.190985205083,-6.580714066665,
    8.142891429236));
#1421 = CARTESIAN_POINT('',(-5.153213639836E-02,-9.035011759282,
    8.999488266146));
#1422 = CARTESIAN_POINT('',(3.561058784928,-8.904439233491,
    9.427785771099));
#1423 = CARTESIAN_POINT('',(7.029401641962,-7.141521647837,
    9.856093952119));
#1424 = CARTESIAN_POINT('',(9.508638837493,-3.87786433359,
    10.284364381795));
#1425 = CARTESIAN_POINT('',(10.266202131014,0.24097538751,
    10.712711575543));
#1426 = CARTESIAN_POINT('',(9.110312925939,4.173229489353,11.14095566498
    ));
#1427 = CARTESIAN_POINT('',(6.496192169202,7.05474649013,11.569294058683
    ));
#1428 = CARTESIAN_POINT('',(3.16644040265,8.462141178855,11.997575768932
    ));
#1429 = CARTESIAN_POINT('',(-0.13902777879,8.407477849127,
    12.425876325671));
#1430 = CARTESIAN_POINT('',(-3.444495236349,8.352803622296,
    12.854182892026));
#1431 = CARTESIAN_POINT('',(-6.72589665606,6.836161711455,
    13.282455198528));
#1432 = CARTESIAN_POINT('',(-9.24330888704,3.86963206153,13.710805362012
    ));
#1433 = CARTESIAN_POINT('',(-10.26855872624,-9.848858455285E-02,
    14.13903756431));
#1434 = CARTESIAN_POINT('',(-9.375225119155,-4.190199263978,
    14.567394396898));
#1435 = CARTESIAN_POINT('',(-6.789435095763,-7.37000681338,
    14.995658693076));
#1436 = CARTESIAN_POINT('',(-3.26470158591,-9.017315493937,
    15.423969762292));
#1437 = CARTESIAN_POINT('',(0.350231711511,-9.028368245983,
    15.85226642924));
#1438 = CARTESIAN_POINT('',(6.405180684215,-6.372421317974,
    16.708863266138));
#1439 = CARTESIAN_POINT('',(8.845373456641,-3.705340220077,
    17.137160771142));
#1440 = CARTESIAN_POINT('',(10.020668949454,3.562730005531E-03,
    17.565468952007));
#1441 = CARTESIAN_POINT('',(9.432447123517,4.05967801641,17.993739382));
#1442 = CARTESIAN_POINT('',(7.027240359566,7.488048361272,
    18.422086575257));
#1443 = CARTESIAN_POINT('',(3.413272516111,9.421423284507,
    18.850330665294));
#1444 = CARTESIAN_POINT('',(-0.474160561907,9.57836794592,
    19.278669058411));
#1445 = CARTESIAN_POINT('',(-3.812476694083,8.19141011097,
    19.706950769112));
#1446 = CARTESIAN_POINT('',(-6.091421529662,5.796515872256,
    20.13525132559));
#1447 = CARTESIAN_POINT('',(-8.370358088024,3.401614507489,
    20.563557892247));
#1448 = CARTESIAN_POINT('',(-9.590140303996,-1.315010527502E-03,
    20.99183019819));
#1449 = CARTESIAN_POINT('',(-9.240518980839,-3.876289519532,
    21.420180362376));
#1450 = CARTESIAN_POINT('',(-7.130475786619,-7.389811456455,
    21.848412564023));
#1451 = CARTESIAN_POINT('',(-3.586940455099,-9.622186554413,
    22.276769397061));
#1452 = CARTESIAN_POINT('',(0.493285887801,-10.00850130527,
    22.705033693014));
#1453 = CARTESIAN_POINT('',(4.139371901126,-8.650771955556,
    23.133344762305));
#1454 = CARTESIAN_POINT('',(6.682175923342,-6.081333765411,
    23.56164142924));
#1455 = CARTESIAN_POINT('',(9.034628747766,9.785929317766E-02,
    24.418238266138));
#1456 = CARTESIAN_POINT('',(8.844343691929,3.70779751247,24.846535771151
    ));
#1457 = CARTESIAN_POINT('',(7.024321698716,7.146518282154,
    25.274843951961));
#1458 = CARTESIAN_POINT('',(3.720118940148,9.571455449128,
    25.703114382125));
#1459 = CARTESIAN_POINT('',(-0.410683267304,10.260814518154,
    26.131461575029));
#1460 = CARTESIAN_POINT('',(-4.323288439333,9.040067646227,
    26.559705665597));
#1461 = CARTESIAN_POINT('',(-7.161189825023,6.378661383132,
    26.988044058118));
#1462 = CARTESIAN_POINT('',(-8.513338196467,3.026094991254,
    27.416325769304));
#1463 = CARTESIAN_POINT('',(-8.404029911524,-0.278017548798,
    27.844626325532));
#1464 = CARTESIAN_POINT('',(-8.294710735688,-3.582129178297,
    28.272932897074));
#1465 = CARTESIAN_POINT('',(-6.724021661604,-6.838006005994,
    28.701205178815));
#1466 = CARTESIAN_POINT('',(-3.716274688352,-9.306025591375,
    29.129555409439));
#1467 = CARTESIAN_POINT('',(0.268254807714,-10.26552677504,
    29.557787480798));
#1468 = CARTESIAN_POINT('',(4.344636070994,-9.304662891958,
    29.986144511175));
#1469 = CARTESIAN_POINT('',(7.481255371288,-6.666651900829,
    30.41440856843));
#1470 = CARTESIAN_POINT('',(9.070061393573,-3.115163369732,
    30.842719871506));
#1471 = CARTESIAN_POINT('',(9.021343313224,0.499458272453,
    31.271016352818));
#1472 = CARTESIAN_POINT('',(6.265647520624,6.50966661209,32.127613426128
    ));
#1473 = CARTESIAN_POINT('',(3.55858380648,8.905427030418,32.555909907473
    ));
#1474 = CARTESIAN_POINT('',(-0.169240825695,10.019243401512,
    32.984221210354));
#1475 = CARTESIAN_POINT('',(-4.215083382385,9.364029555198,
    33.412485268211));
#1476 = CARTESIAN_POINT('',(-7.603206187821,6.90248073216,
    33.840842297343));
#1477 = CARTESIAN_POINT('',(-9.476577541019,3.257023912658,
    34.269074370585));
#1478 = CARTESIAN_POINT('',(-9.569212497255,-0.632456265218,
    34.697424599068));
#1479 = CARTESIAN_POINT('',(-8.127259588497,-3.947397262679,
    35.125696882606));
#1480 = CARTESIAN_POINT('',(-5.695005837149,-6.186425183894,
    35.554003453135));
#1481 = CARTESIAN_POINT('',(-3.262758967067,-8.425461401159,
    35.982304005624));
#1482 = CARTESIAN_POINT('',(0.159884070079,-9.58879994933,
    36.410585739007));
#1483 = CARTESIAN_POINT('',(4.028534621665,-9.175174225251,
    36.838924067586));
#1484 = CARTESIAN_POINT('',(7.506702797468,-7.00731041251,37.26716828604
    ));
#1485 = CARTESIAN_POINT('',(9.680172781165,-3.427363144804,
    37.695515283442));
#1486 = CARTESIAN_POINT('',(9.998979835517,0.658701599087,
    38.123785951197));
#1487 = CARTESIAN_POINT('',(8.581148296041,4.281836257106,
    38.552093898723));
#1488 = CARTESIAN_POINT('',(5.970019934263,6.781811161814,
    38.980391589213));
#1489 = CARTESIAN_POINT('',(-0.247224057105,9.031775652921,
    39.836988189713));
#1490 = CARTESIAN_POINT('',(-3.85352243925,8.781830346648,
    40.265285880398));
#1491 = CARTESIAN_POINT('',(-7.261681279485,6.905201197372,
    40.693593827276));
#1492 = CARTESIAN_POINT('',(-9.631655188284,3.561356661364,
    41.121864496358));
#1493 = CARTESIAN_POINT('',(-10.25262179773,-0.580278985184,
    41.550211491736));
#1494 = CARTESIAN_POINT('',(-8.967350847539,-4.472165381108,
    41.978455712639));
#1495 = CARTESIAN_POINT('',(-6.259386757115,-7.265675388012,
    42.406794038821));
#1496 = CARTESIAN_POINT('',(-2.884922270309,-8.562207746377,
    42.835075774084));
#1497 = CARTESIAN_POINT('',(0.41693131159,-8.398284395971,
    43.263376325435));
#1498 = CARTESIAN_POINT('',(3.718783808261,-8.234350163822,
    43.691682897269));
#1499 = CARTESIAN_POINT('',(6.948245887343,-6.610043308243,
    44.119955178568));
#1500 = CARTESIAN_POINT('',(9.366198184903,-3.561901378593,
    44.548305409668));
#1501 = CARTESIAN_POINT('',(10.25968821821,0.437947790988,
    44.976537480636));
#1502 = CARTESIAN_POINT('',(9.231557018457,4.497884963433,
    45.404894511263));
#1503 = CARTESIAN_POINT('',(6.542045939582,7.590458775275,
    45.833158568396));
#1504 = CARTESIAN_POINT('',(2.964773648368,9.120327500566,
    46.261469871512));
#1505 = CARTESIAN_POINT('',(-0.648548391059,9.011852125142,
    46.689766352818));
#1506 = CARTESIAN_POINT('',(-6.612372643196,6.157160569678,
    47.546363426128));
#1507 = CARTESIAN_POINT('',(-8.963047131118,3.410855527195,
    47.974659907477));
#1508 = CARTESIAN_POINT('',(-10.01507560243,-0.33487530831,
    48.402971210333));
#1509 = CARTESIAN_POINT('',(-9.293057583427,-4.369331549,48.83123526827)
  );
#1510 = CARTESIAN_POINT('',(-6.775826206118,-7.716292102678,
    49.25959229724));
#1511 = CARTESIAN_POINT('',(-3.099893484356,-9.529133593602,
    49.687824370712));
#1512 = CARTESIAN_POINT('',(0.790586642676,-9.557447436817,
    50.11617459895));
#1513 = CARTESIAN_POINT('',(4.081233334214,-8.060882584286,
    50.544446882686));
#1514 = CARTESIAN_POINT('',(6.279740442456,-5.591941346036,
    50.972753453101));
#1515 = CARTESIAN_POINT('',(8.478255959093,-3.123006850688,
    51.401054005695));
#1516 = CARTESIAN_POINT('',(9.584845694061,0.318402903354,
    51.829335738886));
#1517 = CARTESIAN_POINT('',(9.107312455547,4.179685765077,
    52.257674067745));
#1518 = CARTESIAN_POINT('',(6.882237139006,7.62153515188,52.685918285881
    ));
#1519 = CARTESIAN_POINT('',(3.266843199063,9.735517382893,
    53.114265283569));
#1520 = CARTESIAN_POINT('',(-0.823934138052,9.986722088985,
    53.542535951115));
#1521 = CARTESIAN_POINT('',(-4.423131183494,8.509179651756,
    53.970843898766));
#1522 = CARTESIAN_POINT('',(-6.879592101903,5.857073771176,
    54.399141589195));
#1523 = CARTESIAN_POINT('',(-9.026453465428,-0.396521142602,
    55.255738189743));
#1524 = CARTESIAN_POINT('',(-8.716915986832,-3.998193979845,
    55.684035880241));
#1525 = CARTESIAN_POINT('',(-6.784193054399,-7.374858859168,
    56.112343827682));
#1526 = CARTESIAN_POINT('',(-3.401620585442,-9.689221863336,
    56.540614495622));
#1527 = CARTESIAN_POINT('',(0.74971594458,-10.24162601495,
    56.968961492754));
#1528 = CARTESIAN_POINT('',(4.619819744079,-8.892182519922,
    57.397205711527));
#1529 = CARTESIAN_POINT('',(7.36817455963,-6.138400854751,57.82554403978
    ));
#1530 = CARTESIAN_POINT('',(8.608736481947,-2.742960845784,
    58.253825773449));
#1531 = CARTESIAN_POINT('',(8.390242872605,0.555731089407,
    58.682126325729));
#1532 = CARTESIAN_POINT('',(8.171738409621,3.854421766591,
    59.110432891886));
#1533 = CARTESIAN_POINT('',(6.494257811521,7.056586160973,
    59.538705198724));
#1534 = CARTESIAN_POINT('',(3.406554334882,9.423810218497,
    59.967055361821));
#1535 = CARTESIAN_POINT('',(-0.607521137598,10.251044648709,
    60.395287564448));
#1536 = CARTESIAN_POINT('',(-4.649904051752,9.155927490444,
    60.823644396826));
#1537 = CARTESIAN_POINT('',(-7.697587161835,6.415651271463,
    61.251908693098));
#1538 = CARTESIAN_POINT('',(-9.168100080193,2.813573542946,
    61.680219762293));
#1539 = CARTESIAN_POINT('',(-8.999897271233,-0.797461311902,
    62.108516429236));
#1540 = CARTESIAN_POINT('',(-6.046990135479,-6.71327068968,
    62.965113266147));
#1541 = CARTESIAN_POINT('',(-3.262195709769,-9.01821805477,
    63.393410771089));
#1542 = CARTESIAN_POINT('',(0.500420738442,-10.00816656418,
    63.82171895215));
#1543 = CARTESIAN_POINT('',(4.52238063162,-9.219550843315,
    64.249989381729));
#1544 = CARTESIAN_POINT('',(7.827274792383,-6.647311084775,
    64.678336575644));
#1545 = CARTESIAN_POINT('',(9.579077510732,-2.941924544179,
    65.106580664868));
#1546 = CARTESIAN_POINT('',(9.543075596454,0.948508775671,
    65.534919058776));
#1547 = CARTESIAN_POINT('',(7.992297514986,4.21394809983,65.963200768876
    ));
#1548 = CARTESIAN_POINT('',(5.487350428051,6.371341914063,
    66.391501325694));
#1549 = CARTESIAN_POINT('',(2.982396636174,8.528727100643,66.81980789661
    ));
#1550 = CARTESIAN_POINT('',(-0.476828562377,9.578278966102,
    67.248080179506));
#1551 = CARTESIAN_POINT('',(-4.329701177866,9.036951785469,
    67.67643040873));
#1552 = CARTESIAN_POINT('',(-7.734277543339,6.755290631428,
    68.104662481334));
#1553 = CARTESIAN_POINT('',(-9.788204915671,3.105424066278,
    68.533019510879));
#1554 = CARTESIAN_POINT('',(-9.971731603576,-0.988937981583,
    68.961283568541));
#1555 = CARTESIAN_POINT('',(-8.434885612067,-4.563218295618,
    69.389594871484));
#1556 = CARTESIAN_POINT('',(-5.742526183929,-6.975491865658,
    69.817891352818));
#1557 = CARTESIAN_POINT('',(0.545709777004,-9.018663930569,
    70.674488426128));
#1558 = CARTESIAN_POINT('',(4.141772367761,-8.649616809702,
    71.102784907454));
#1559 = CARTESIAN_POINT('',(7.486020630036,-6.661334395469,
    71.53109621045));
#1560 = CARTESIAN_POINT('',(9.744138741103,-3.240947023646,
    71.959360267956));
#1561 = CARTESIAN_POINT('',(10.227831554835,0.918937591103,
    72.387717297796));
#1562 = CARTESIAN_POINT('',(8.814581699939,4.766222414796,
    72.815949369997));
#1563 = CARTESIAN_POINT('',(6.015738083058,7.468649412899,
    73.244299599644));
#1564 = CARTESIAN_POINT('',(2.60024859589,8.65291863012,73.672571882183)
  );
#1565 = CARTESIAN_POINT('',(-0.69437842556,8.379903736725,
    74.100878453349));
#1566 = CARTESIAN_POINT('',(-3.989006890348,8.106899526762,
    74.52917900537));
#1567 = CARTESIAN_POINT('',(-7.162995931039,6.376686965789,
    74.957460739367));
#1568 = CARTESIAN_POINT('',(-9.478847323287,3.250287173818,
    75.385799067082));
#1569 = CARTESIAN_POINT('',(-10.23959728688,-0.776938530179,
    75.814043286623));
#1570 = CARTESIAN_POINT('',(-9.077795652127,-4.800644676522,
    76.242390282924));
#1571 = CARTESIAN_POINT('',(-6.287502260734,-7.80261500216,
    76.67066095153));
#1572 = CARTESIAN_POINT('',(-2.661604288438,-9.213364771824,
    77.098968898589));
#1573 = CARTESIAN_POINT('',(0.946156145674,-8.985482135014,
    77.527266589225));
#1574 = CARTESIAN_POINT('',(6.812333601702,-5.935166558702,
    78.383863189748));
#1575 = CARTESIAN_POINT('',(9.070922299127,-3.112643259743,
    78.812160880161));
#1576 = CARTESIAN_POINT('',(9.998524539177,0.665827028694,
    79.240468827868));
#1577 = CARTESIAN_POINT('',(9.143517812605,4.674197786481,
    79.668739495372));
#1578 = CARTESIAN_POINT('',(6.516986681196,7.936111264341,80.09708649297
    ));
#1579 = CARTESIAN_POINT('',(2.783142470857,9.626409634071,
    80.525330711418));
#1580 = CARTESIAN_POINT('',(-1.106163808732,9.526088547547,
    80.953669039799));
#1581 = CARTESIAN_POINT('',(-4.345516278857,7.921531814544,
    81.381950773426));
#1582 = CARTESIAN_POINT('',(-6.461198532121,5.381256919228,
    81.810251325827));
#1583 = CARTESIAN_POINT('',(-8.576872056045,2.84097545364,82.23855789175
    ));
#1584 = CARTESIAN_POINT('',(-9.569085771721,-0.635130112976,
    82.66683019889));
#1585 = CARTESIAN_POINT('',(-8.964129522797,-4.478525803023,
    83.095180361653));
#1586 = CARTESIAN_POINT('',(-6.626488951043,-7.844911886586,
    83.523412564581));
#1587 = CARTESIAN_POINT('',(-2.943162134252,-9.838211857264,
    83.951769396746));
#1588 = CARTESIAN_POINT('',(1.153675080429,-9.954017438276,
    84.380033693137));
#1589 = CARTESIAN_POINT('',(4.702056264482,-8.358284635452,
    84.808344762275));
#1590 = CARTESIAN_POINT('',(7.069485097829,-5.626408791451,
    85.236641429245));
#1591 = CARTESIAN_POINT('',(9.008408103494,0.694749229385,
    86.093238266127));
#1592 = CARTESIAN_POINT('',(8.579956155543,4.284218727447,
    86.521535771194));
#1593 = CARTESIAN_POINT('',(6.536646343625,7.595134854891,
    86.949843951891));
#1594 = CARTESIAN_POINT('',(3.079402290032,9.796393513419,
    87.378114382176));
#1595 = CARTESIAN_POINT('',(-1.087928587798,10.211238256239,
    87.806461575055));
#1596 = CARTESIAN_POINT('',(-4.911299472343,8.734574028573,
    88.234705665486));
#1597 = CARTESIAN_POINT('',(-7.567102252365,5.891428031798,
    88.663044058254));
#1598 = CARTESIAN_POINT('',(-8.694721251866,2.45682732353,
    89.091325769226));
#1599 = CARTESIAN_POINT('',(-8.367281227047,-0.832836946355,
    89.519626325513));
#1600 = CARTESIAN_POINT('',(-8.039830400388,-4.1224995947,
    89.947932892384));
#1601 = CARTESIAN_POINT('',(-6.257392610619,-7.267450068477,
    90.376205198055));
#1602 = CARTESIAN_POINT('',(-3.093108907372,-9.531289984332,
    90.80455536246));
#1603 = CARTESIAN_POINT('',(0.94612305397,-10.22535326852,
    91.232787563988));
#1604 = CARTESIAN_POINT('',(4.95008756345,-8.997180060126,
    91.661144397066));
#1605 = CARTESIAN_POINT('',(7.905501609789,-6.157635393681,
    92.089408693026));
#1606 = CARTESIAN_POINT('',(9.256113709936,-2.508906963481,
    92.517719762288));
#1607 = CARTESIAN_POINT('',(8.968609885615,1.094592233107,
    92.946016429254));
#1608 = CARTESIAN_POINT('',(5.821720639833,6.909534126265,
    93.802613266109));
#1609 = CARTESIAN_POINT('',(2.962239454288,9.121146592128,
    94.230910771307));
#1610 = CARTESIAN_POINT('',(-0.831050844904,9.9861490759,94.659218951551
    ));
#1611 = CARTESIAN_POINT('',(-4.824737466698,9.064984982487,
    95.087489382873));
#1612 = CARTESIAN_POINT('',(-8.042777790179,6.384880636284,
    95.515836573991));
#1613 = CARTESIAN_POINT('',(-9.671110156356,2.623599494013,
    95.944080666729));
#1614 = CARTESIAN_POINT('',(-9.506497095662,-1.263516420753,
    96.372419057145));
#1615 = CARTESIAN_POINT('',(-7.848600461516,-4.475896437532,
    96.800700769946));
#1616 = CARTESIAN_POINT('',(-5.273692229209,-6.549288724134,
    97.229001325236));
#1617 = CARTESIAN_POINT('',(-2.698777577482,-8.622672161457,
    97.657307897813));
#1618 = CARTESIAN_POINT('',(0.793258032149,-9.557276555474,
    98.085580177772));
#1619 = CARTESIAN_POINT('',(4.626126023639,-8.888856388014,
    98.513930410489));
#1620 = CARTESIAN_POINT('',(7.953401549173,-6.49587595152,
    98.942162480006));
#1621 = CARTESIAN_POINT('',(9.885529071711,-2.780095164401,
    99.370519511614));
#1622 = CARTESIAN_POINT('',(9.933582009821,1.318096331839,
    99.798783568266));
#1623 = CARTESIAN_POINT('',(8.279398528688,4.83960912762,100.22709487153
    ));
#1624 = CARTESIAN_POINT('',(5.508753236169,7.161545330721,
    100.65539135281));
#1625 = CARTESIAN_POINT('',(-0.843598830475,8.995690038374,
    101.51198842612));
#1626 = CARTESIAN_POINT('',(-4.425493359304,8.507946745834,
    101.94028490749));
#1627 = CARTESIAN_POINT('',(-7.702173861751,6.410179294676,
    102.36859621022));
#1628 = CARTESIAN_POINT('',(-9.845967834855,2.917001002662,
    102.79686026857));
#1629 = CARTESIAN_POINT('',(-10.19185638766,-1.256601742405,
    103.22521729668));
#1630 = CARTESIAN_POINT('',(-8.652175022281,-5.055056285539,
    103.65344937144));
#1631 = CARTESIAN_POINT('',(-5.76551030743,-7.663466555889,
    104.08179959824));
#1632 = CARTESIAN_POINT('',(-2.312732285055,-8.734160688378,
    104.51007188314));
#1633 = CARTESIAN_POINT('',(0.971066631423,-8.352363596268,
    104.93837845295));
#1634 = CARTESIAN_POINT('',(4.254867342891,-7.970577129511,
    105.36667900616));
#1635 = CARTESIAN_POINT('',(7.369914372474,-6.136367781294,
    105.79496073812));
#1636 = CARTESIAN_POINT('',(9.581130277218,-2.935107470776,
    106.2232990686));
#1637 = CARTESIAN_POINT('',(10.208310657793,1.115069328966,
    106.65154328517));
#1638 = CARTESIAN_POINT('',(8.914106945338,5.098162471428,
    107.07989028398));
#1639 = CARTESIAN_POINT('',(6.026083873895,8.006234987938,
    107.50816095095));
#1640 = CARTESIAN_POINT('',(2.355524193661,9.296329038238,
    107.93646889879));
#1641 = CARTESIAN_POINT('',(-1.24272915609,8.949286278484,108.3647665892
    ));
#1642 = CARTESIAN_POINT('',(-7.004845612144,5.706682848162,
    109.22136318972));
#1643 = CARTESIAN_POINT('',(-9.168877312961,2.811026191053,
    109.64966088037));
#1644 = CARTESIAN_POINT('',(-9.97104343333,-0.996047902678,
    110.07796882725));
#1645 = CARTESIAN_POINT('',(-8.983973935582,-4.973957708372,
    110.50623949653));
#1646 = CARTESIAN_POINT('',(-6.251028986221,-8.147245792839,
    110.9345864913));
#1647 = CARTESIAN_POINT('',(-2.463339274112,-9.713166530766,
    111.36283071329));
#1648 = CARTESIAN_POINT('',(1.42052360805,-9.484306727772,
    111.79116903814));
#1649 = CARTESIAN_POINT('',(4.60505293005,-7.773523364386,
    112.21945077453));
#1650 = CARTESIAN_POINT('',(6.635588404954,-5.164685763711,
    112.64775132532));
#1651 = CARTESIAN_POINT('',(8.666114924771,-2.555841882944,
    113.07605789769));
#1652 = CARTESIAN_POINT('',(9.5428544389,0.951169080634,113.50433017788)
  );
#1653 = CARTESIAN_POINT('',(8.811153213602,4.772461515622,
    113.93268041038));
#1654 = CARTESIAN_POINT('',(6.363486895783,8.059716813275,
    114.36091248009));
#1655 = CARTESIAN_POINT('',(2.616268347612,9.930143709016,
    114.78926951156));
#1656 = CARTESIAN_POINT('',(-1.482157450933,9.910430806857,
    115.21753356828));
#1657 = CARTESIAN_POINT('',(-4.975838695186,8.198248946227,
    115.64584487153));
#1658 = CARTESIAN_POINT('',(-7.251647804966,5.389591622164,
    116.07414135281));
#1659 = CARTESIAN_POINT('',(-8.980512355989,-0.992217756956,
    116.93073842612));
#1660 = CARTESIAN_POINT('',(-8.433612889218,-4.565558338016,
    117.35903490749));
#1661 = CARTESIAN_POINT('',(-6.281955737993,-7.807106563491,
    117.78734621023));
#1662 = CARTESIAN_POINT('',(-2.753809574737,-9.892851473551,
    118.21561026854));
#1663 = CARTESIAN_POINT('',(1.424941561631,-10.16968662812,
    118.64396729675));
#1664 = CARTESIAN_POINT('',(5.197419868704,-8.567412291658,
    119.07219937135));
#1665 = CARTESIAN_POINT('',(7.75774562711,-5.638014858194,119.5005495983
    ));
#1666 = CARTESIAN_POINT('',(8.771205360071,-2.168006015724,
    119.92882188316));
#1667 = CARTESIAN_POINT('',(8.335166307965,1.109031409821,
    120.35712845285));
#1668 = CARTESIAN_POINT('',(15.24,-1.104151492459E-15,-2.199630726274));
#1669 = CARTESIAN_POINT('',(15.239987464016,5.991734860635,
    -1.771339658811));
#1670 = CARTESIAN_POINT('',(12.589849030545,11.983640156785,
    -1.343016103866));
#1671 = CARTESIAN_POINT('',(7.289513536676,16.634582484656,
    -0.914766378393));
#1672 = CARTESIAN_POINT('',(0.129152664355,18.611353849545,
    -0.486404793619));
#1673 = CARTESIAN_POINT('',(-7.312377244694,17.115163965678,
    -5.816139238725E-02));
#1674 = CARTESIAN_POINT('',(-13.15232565455,12.524493291164,
    0.370169758683));
#1675 = CARTESIAN_POINT('',(-16.2431323691,6.186436501144,0.798456556083
    ));
#1676 = CARTESIAN_POINT('',(-16.37149407449,-0.364132980125,
    1.226757010808));
#1677 = CARTESIAN_POINT('',(-11.739894365,-11.41636050878,2.083354598406
    ));
#1678 = CARTESIAN_POINT('',(-6.979792943571,-15.91834514922,
    2.511654258473));
#1679 = CARTESIAN_POINT('',(-0.29384161982,-18.15931952115,
    2.939943794667));
#1680 = CARTESIAN_POINT('',(7.074219773673,-17.21494073358,
    3.368269129507));
#1681 = CARTESIAN_POINT('',(13.35906776977,-12.95895364425,
    3.796521670982));
#1682 = CARTESIAN_POINT('',(16.971003228618,-6.467818739489,
    4.224871983567));
#1683 = CARTESIAN_POINT('',(17.371907088846,0.572256574481,
    4.653132869858));
#1684 = CARTESIAN_POINT('',(14.958528654425,6.663407272487,
    5.081447507675));
#1685 = CARTESIAN_POINT('',(10.686848592316,10.865029551974,
    5.509744273732));
#1686 = CARTESIAN_POINT('',(6.415161564847,15.066645500556,
    5.938035341182));
#1687 = CARTESIAN_POINT('',(0.284987266815,17.379030821052,
    6.366358896142));
#1688 = CARTESIAN_POINT('',(-6.747592047427,16.861682703673,6.7946086216
    ));
#1689 = CARTESIAN_POINT('',(-13.17799702148,13.143042533084,
    7.222970206385));
#1690 = CARTESIAN_POINT('',(-17.32959519279,6.788580779157,
    7.651213607612));
#1691 = CARTESIAN_POINT('',(-18.1519621154,-0.594031720173,
    8.079544758681));
#1692 = CARTESIAN_POINT('',(-15.80076848424,-7.242034317131,
    8.507831556086));
#1693 = CARTESIAN_POINT('',(-11.22069309803,-11.92704730677,
    8.936132010806));
#1694 = CARTESIAN_POINT('',(-9.339758954615E-02,-16.37527660401,
    9.79272959841));
#1695 = CARTESIAN_POINT('',(6.454153547962,-16.13862211607,
    10.221029258454));
#1696 = CARTESIAN_POINT('',(12.740242935713,-12.94347087556,
    10.649318794716));
#1697 = CARTESIAN_POINT('',(17.233724109862,-7.028337155494,
    11.077644129418));
#1698 = CARTESIAN_POINT('',(18.606676436953,0.436764474884,
    11.505896671101));
#1699 = CARTESIAN_POINT('',(16.511783707572,7.563638583405,
    11.934246983448));
#1700 = CARTESIAN_POINT('',(11.773842272057,12.786214124921,
    12.362507869947));
#1701 = CARTESIAN_POINT('',(5.738937923954,15.336986910293,
    12.790822507621));
#1702 = CARTESIAN_POINT('',(-0.251977318249,15.237916768143,
    13.219119273761));
#1703 = CARTESIAN_POINT('',(-6.242892931352,15.138837220458,
    13.647410341131));
#1704 = CARTESIAN_POINT('',(-12.19016192147,12.389991216752,
    14.075733896194));
#1705 = CARTESIAN_POINT('',(-16.75283303453,7.013481828371,
    14.503983621566));
#1706 = CARTESIAN_POINT('',(-18.61094517332,-0.178584086593,
    14.932345206397));
#1707 = CARTESIAN_POINT('',(-16.9919219668,-7.594358854991,
    15.360588607612));
#1708 = CARTESIAN_POINT('',(-12.3053214295,-13.35760707758,
    15.788919758677));
#1709 = CARTESIAN_POINT('',(-5.91702779275,-16.34319821341,
    16.217206556091));
#1710 = CARTESIAN_POINT('',(0.634768583741,-16.3632356184,
    16.645507010802));
#1711 = CARTESIAN_POINT('',(11.608906714284,-11.54953210595,
    17.502104598417));
#1712 = CARTESIAN_POINT('',(16.031572701993,-6.715645801329,
    17.930404258415));
#1713 = CARTESIAN_POINT('',(18.161695593792,6.443733030598E-03,
    18.358693794818));
#1714 = CARTESIAN_POINT('',(17.095622778391,7.357883641997,
    18.787019129231));
#1715 = CARTESIAN_POINT('',(12.736304130998,13.571504276231,
    19.215271671364));
#1716 = CARTESIAN_POINT('',(6.186336991325,17.075621934429,
    19.643621983155));
#1717 = CARTESIAN_POINT('',(-0.859404502493,17.360070777738,
    20.071882870205));
#1718 = CARTESIAN_POINT('',(-6.909819904299,14.846311490162,
    20.500197507447));
#1719 = CARTESIAN_POINT('',(-11.04024012116,10.50574595509,
    20.928494273843));
#1720 = CARTESIAN_POINT('',(-15.17065389201,6.165173559461,
    21.356785340938));
#1721 = CARTESIAN_POINT('',(-17.38136715837,-2.395624638838E-03,
    21.785108896453));
#1722 = CARTESIAN_POINT('',(-16.74781348139,-7.025459816552,
    22.213358621329));
#1723 = CARTESIAN_POINT('',(-12.92336166994,-13.39350199363,
    22.641720206552));
#1724 = CARTESIAN_POINT('',(-6.50112624435,-17.43946834378,
    23.069963607539));
#1725 = CARTESIAN_POINT('',(0.894074058055,-18.13965914495,
    23.498294758701));
#1726 = CARTESIAN_POINT('',(7.502293400565,-15.67886920271,
    23.926581556087));
#1727 = CARTESIAN_POINT('',(12.110939258878,-11.02195814391,
    24.354882010802));
#1728 = CARTESIAN_POINT('',(16.374582416033,0.177363096343,
    25.211479598417));
#1729 = CARTESIAN_POINT('',(16.029703428812,6.72010638409,
    25.639779258411));
#1730 = CARTESIAN_POINT('',(12.731055094427,12.952508040536,
    26.068068794836));
#1731 = CARTESIAN_POINT('',(6.742434974943,17.347574484399,
    26.496394129179));
#1732 = CARTESIAN_POINT('',(-0.744346532774,18.596911557144,
    26.924646671482));
#1733 = CARTESIAN_POINT('',(-7.835609590536,16.38446984684,
    27.352996982962));
#1734 = CARTESIAN_POINT('',(-12.97913437201,11.560826288429,
    27.781257870432));
#1735 = CARTESIAN_POINT('',(-15.42977770282,5.484572545302,
    28.209572507273));
#1736 = CARTESIAN_POINT('',(-15.23166764216,-0.503885748408,
    28.637869273908));
#1737 = CARTESIAN_POINT('',(-15.03354816421,-6.492344252387,
    29.06616033637));
#1738 = CARTESIAN_POINT('',(-12.18674612544,-12.39335103839,
    29.494483914775));
#1739 = CARTESIAN_POINT('',(-6.735532650416,-16.86650347619,
    29.922733576787));
#1740 = CARTESIAN_POINT('',(0.486271919882,-18.6054485412,
    30.351095285384));
#1741 = CARTESIAN_POINT('',(7.874264372712,-16.86403442116,
    30.779338499382));
#1742 = CARTESIAN_POINT('',(13.559236523218,-12.08278555267,
    31.207669876822));
#1743 = CARTESIAN_POINT('',(16.438796114035,-5.646001307911,
    31.635956452537));
#1744 = CARTESIAN_POINT('',(16.350503530663,0.905230563857,
    32.064257083271));
#1745 = CARTESIAN_POINT('',(11.356012501099,11.798279336677,
    32.920854446703));
#1746 = CARTESIAN_POINT('',(6.449661691739,16.140416432371,
    33.349155077418));
#1747 = CARTESIAN_POINT('',(-0.306724769889,18.159108925457,
    33.777441653241));
#1748 = CARTESIAN_POINT('',(-7.639540591437,16.971626523608,
    34.205773030343));
#1749 = CARTESIAN_POINT('',(-13.78022399679,12.510178936237,
    34.63401624509));
#1750 = CARTESIAN_POINT('',(-17.17557945538,5.903157033233,
    35.062377952428));
#1751 = CARTESIAN_POINT('',(-17.34348213001,-1.14631138034,
    35.490627616047));
#1752 = CARTESIAN_POINT('',(-14.73003988815,-7.154347737613,
    35.918951192948));
#1753 = CARTESIAN_POINT('',(-10.32176874565,-11.21243005746,
    36.347242256352));
#1754 = CARTESIAN_POINT('',(-5.913504452899,-15.27051905563,
    36.775539026481));
#1755 = CARTESIAN_POINT('',(0.289784128014,-17.37894550567,
    37.203853642347));
#1756 = CARTESIAN_POINT('',(7.301399775154,-16.62937250137,
    37.632114590344));
#1757 = CARTESIAN_POINT('',(13.605351788338,-12.70014139209,
    38.060464780689));
#1758 = CARTESIAN_POINT('',(17.544569065321,-6.211898893214,
    38.488717508256));
#1759 = CARTESIAN_POINT('',(18.122399526942,1.193874449959,
    38.917042617377));
#1760 = CARTESIAN_POINT('',(15.552682498222,7.760500481574,
    39.345332374987));
#1761 = CARTESIAN_POINT('',(10.820210077396,12.291520377165,
    39.773631859104));
#1762 = CARTESIAN_POINT('',(-0.448075379345,16.369411496615,
    40.630229670889));
#1763 = CARTESIAN_POINT('',(-6.984221886714,15.916402500858,
    41.058529154809));
#1764 = CARTESIAN_POINT('',(-13.16123220005,12.515158632963,
    41.486818913103));
#1765 = CARTESIAN_POINT('',(-17.45668207583,6.454689605153,
    41.915144020777));
#1766 = CARTESIAN_POINT('',(-18.58206256198,-1.051725184548,
    42.343396750581));
#1767 = CARTESIAN_POINT('',(-16.25267658221,-8.105438369461,
    42.771746938243));
#1768 = CARTESIAN_POINT('',(-11.34464971209,-13.16850627376,
    43.200007888799));
#1769 = CARTESIAN_POINT('',(-5.228707734075,-15.51835014344,
    43.628322502719));
#1770 = CARTESIAN_POINT('',(0.75565642125,-15.22125433026,
    44.056619273999));
#1771 = CARTESIAN_POINT('',(6.740020636349,-14.92414909166,
    44.484910336207));
#1772 = CARTESIAN_POINT('',(12.593151916345,-11.98016927691,
    44.913233914946));
#1773 = CARTESIAN_POINT('',(16.97556283452,-6.45574209952,45.34148357667
    ));
#1774 = CARTESIAN_POINT('',(18.594865275831,0.793826907247,
    45.769845285438));
#1775 = CARTESIAN_POINT('',(16.731536539904,8.152017013849,
    46.198088499365));
#1776 = CARTESIAN_POINT('',(11.856946228357,13.757159152199,
    46.626419876825));
#1777 = CARTESIAN_POINT('',(5.373431380767,16.529899686456,
    47.054706452537));
#1778 = CARTESIAN_POINT('',(-1.175445145636,16.333301466316,
    47.483007083271));
#1779 = CARTESIAN_POINT('',(-11.98442625425,11.159388091994,
    48.339604446703));
#1780 = CARTESIAN_POINT('',(-16.24484846821,6.181915301384,
    48.767905077416));
#1781 = CARTESIAN_POINT('',(-18.15155529546,-0.60692454611,
    49.196191653253));
#1782 = CARTESIAN_POINT('',(-16.84299484495,-7.91910423994,
    49.624523030308));
#1783 = CARTESIAN_POINT('',(-12.28062739458,-13.98518291651,
    50.052766245156));
#1784 = CARTESIAN_POINT('',(-5.618370019319,-17.27083411172,
    50.481127952338));
#1785 = CARTESIAN_POINT('',(1.432910861061,-17.32215831362,
    50.909377616139));
#1786 = CARTESIAN_POINT('',(7.39691543982,-14.60973677483,
    51.337701192879));
#1787 = CARTESIAN_POINT('',(11.381556928618,-10.13497211217,
    51.765992256385));
#1788 = CARTESIAN_POINT('',(15.366205207826,-5.660214187667,
    52.194289026408));
#1789 = CARTESIAN_POINT('',(17.371778615993,0.577087040948,
    52.622603642475));
#1790 = CARTESIAN_POINT('',(16.506378408341,7.575350836825,
    53.050864590178));
#1791 = CARTESIAN_POINT('',(12.473455211412,13.813475440846,
    53.479214780852));
#1792 = CARTESIAN_POINT('',(5.920968821589,17.644878003616,
    53.907467508128));
#1793 = CARTESIAN_POINT('',(-1.493346005982,18.10018283113,
    54.335792617457));
#1794 = CARTESIAN_POINT('',(-8.016586853354,15.422244837873,
    54.764082374946));
#1795 = CARTESIAN_POINT('',(-12.46874094344,10.615503689683,
    55.192381859121));
#1796 = CARTESIAN_POINT('',(-16.35976542626,-0.718665075219,
    56.04897967086));
#1797 = CARTESIAN_POINT('',(-15.79875006894,-7.246428098281,
    56.477279154958));
#1798 = CARTESIAN_POINT('',(-12.29584078765,-13.36635806689,
    56.905568912716));
#1799 = CARTESIAN_POINT('',(-6.165179462892,-17.56101731598,
    57.333894021483));
#1800 = CARTESIAN_POINT('',(1.35881621339,-18.56213332066,57.7621467496)
  );
#1801 = CARTESIAN_POINT('',(8.37305125518,-16.1164400522,58.190496939318
    ));
#1802 = CARTESIAN_POINT('',(13.354278014919,-11.12537159969,
    58.618757887865));
#1803 = CARTESIAN_POINT('',(15.602680028331,-4.971413451701,
    59.047072503344));
#1804 = CARTESIAN_POINT('',(15.206679678779,1.007220505127,
    59.475369273703));
#1805 = CARTESIAN_POINT('',(14.810669912277,6.985854371228,
    59.903660341253));
#1806 = CARTESIAN_POINT('',(11.770317146843,12.789509931187,
    60.331983896048));
#1807 = CARTESIAN_POINT('',(6.174186666419,17.079981295239,
    60.760233621683));
#1808 = CARTESIAN_POINT('',(-1.101164962637,18.579198267284,
    61.188595206332));
#1809 = CARTESIAN_POINT('',(-8.427540849381,16.594464552006,
    61.616838607637));
#1810 = CARTESIAN_POINT('',(-13.95132084775,11.627865192233,
    62.045169758673));
#1811 = CARTESIAN_POINT('',(-16.61648402986,5.099392535202,
    62.473456556087));
#1812 = CARTESIAN_POINT('',(-16.31163412403,-1.445338459357,
    62.901757010806));
#1813 = CARTESIAN_POINT('',(-10.9597126426,-12.16729656741,
    63.758354598408));
#1814 = CARTESIAN_POINT('',(-5.912479781868,-16.34484030679,
    64.186654258462));
#1815 = CARTESIAN_POINT('',(0.906960865659,-18.13903664359,
    64.614943794691));
#1816 = CARTESIAN_POINT('',(8.19649838424,-16.70976313719,
    65.043269129472));
#1817 = CARTESIAN_POINT('',(14.186324686314,-12.04771194586,
    65.471521671014));
#1818 = CARTESIAN_POINT('',(17.361360208821,-5.332054156587,
    65.899871983548));
#1819 = CARTESIAN_POINT('',(17.296104852664,1.71912489859,
    66.328132869862));
#1820 = CARTESIAN_POINT('',(14.48543525429,7.637456479628,
    66.756447507675));
#1821 = CARTESIAN_POINT('',(9.945407005635,11.54757461517,
    67.184744273738));
#1822 = CARTESIAN_POINT('',(5.405372225456,15.457685965973,
    67.613035336781));
#1823 = CARTESIAN_POINT('',(-0.864226124407,17.359868786207,
    68.041358914247));
#1824 = CARTESIAN_POINT('',(-7.847237756372,16.37886440457,
    68.469608577239));
#1825 = CARTESIAN_POINT('',(-14.01781637196,12.243365550181,
    68.897970285108));
#1826 = CARTESIAN_POINT('',(-17.74036750298,5.628415158681,
    69.326213499509));
#1827 = CARTESIAN_POINT('',(-18.07301526146,-1.792406531811,
    69.754544876777));
#1828 = CARTESIAN_POINT('',(-15.2875918296,-8.270482724569,
    70.182831452547));
#1829 = CARTESIAN_POINT('',(-10.40789495761,-12.64255237802,
    70.611132083271));
#1830 = CARTESIAN_POINT('',(0.989058218648,-16.34564709858,
    71.467729446702));
#1831 = CARTESIAN_POINT('',(7.506653290431,-15.67677693035,
    71.896030077425));
#1832 = CARTESIAN_POINT('',(13.567829667423,-12.07316508529,
    72.324316653206));
#1833 = CARTESIAN_POINT('',(17.660551494145,-5.873977204876,
    72.75264803045));
#1834 = CARTESIAN_POINT('',(18.537129536863,1.665526636906,
    73.180891244862));
#1835 = CARTESIAN_POINT('',(15.975797224276,8.638385012888,
    73.609252952787));
#1836 = CARTESIAN_POINT('',(10.903052143199,13.536390069744,
    74.037502615628));
#1837 = CARTESIAN_POINT('',(4.712759869686,15.682750431224,
    74.465826193301));
#1838 = CARTESIAN_POINT('',(-1.258509132032,15.187944317341,
    74.894117256154));
#1839 = CARTESIAN_POINT('',(-7.229778407971,14.69314776785,
    75.322414026781));
#1840 = CARTESIAN_POINT('',(-12.98237120004,11.557238412768,
    75.750728641821));
#1841 = CARTESIAN_POINT('',(-17.17973048449,5.890953147684,
    76.178989591125));
#1842 = CARTESIAN_POINT('',(-18.55845173166,-1.408210902747,
    76.607339779822));
#1843 = CARTESIAN_POINT('',(-16.45285585731,-8.700754317857,
    77.035592508958));
#1844 = CARTESIAN_POINT('',(-11.39560525372,-14.14167181507,
    77.463917616974));
#1845 = CARTESIAN_POINT('',(-4.823959482351,-16.69852435157,
    77.892207375132));
#1846 = CARTESIAN_POINT('',(1.714836553439,-16.28550751119,
    78.320506859093));
#1847 = CARTESIAN_POINT('',(12.346840638899,-10.75704097467,
    79.177104670855));
#1848 = CARTESIAN_POINT('',(16.440362667543,-5.641427060609,
    79.60540415505));
#1849 = CARTESIAN_POINT('',(18.121561481584,1.206746914549,
    80.033693912458));
#1850 = CARTESIAN_POINT('',(16.571958549617,8.471656085702,
    80.462019021915));
#1851 = CARTESIAN_POINT('',(11.811509170914,14.383581820277,
    80.890271749106));
#1852 = CARTESIAN_POINT('',(5.044273523088,17.447146813538,81.3186219397
    ));
#1853 = CARTESIAN_POINT('',(-2.004862746059,17.265316675083,
    81.74688288768));
#1854 = CARTESIAN_POINT('',(-7.875913863779,14.357177876814,
    82.175197503413));
#1855 = CARTESIAN_POINT('',(-11.71043292931,9.75312055716,
    82.603494273621));
#1856 = CARTESIAN_POINT('',(-15.54494511083,5.149056811995,
    83.031785341358));
#1857 = CARTESIAN_POINT('',(-17.34320668147,-1.151135099737,
    83.460108895932));
#1858 = CARTESIAN_POINT('',(-16.24687977383,-8.1169723203,
    83.888358621786));
#1859 = CARTESIAN_POINT('',(-12.00992201068,-14.2183313309,
    84.316720206261));
#1860 = CARTESIAN_POINT('',(-5.334327705704,-17.83100239631,
    84.744963607676));
#1861 = CARTESIAN_POINT('',(2.090979951206,-18.04090921134,
    85.173294758651));
#1862 = CARTESIAN_POINT('',(8.522116217652,-15.14875839516,
    85.601581556102));
#1863 = CARTESIAN_POINT('',(12.812907885081,-10.19744098228,
    86.029882010797));
#1864 = CARTESIAN_POINT('',(16.327059444041,1.259181034461,
    86.886479598428));
#1865 = CARTESIAN_POINT('',(15.550520763959,7.76482619254,
    87.314779258359));
#1866 = CARTESIAN_POINT('',(11.847181437114,13.765591899994,
    87.743068794955));
#1867 = CARTESIAN_POINT('',(5.581182164358,17.755257686513,
    88.171394129005));
#1868 = CARTESIAN_POINT('',(-1.971799865137,18.507057479256,
    88.59964667164));
#1869 = CARTESIAN_POINT('',(-8.901337213256,15.830787271031,
    89.027996982894));
#1870 = CARTESIAN_POINT('',(-13.71481891037,10.677751438021,
    89.456257870404));
#1871 = CARTESIAN_POINT('',(-15.75852106123,4.452818200776,
    89.88457250732));
#1872 = CARTESIAN_POINT('',(-15.16506343509,-1.50945388106,
    90.312869273917));
#1873 = CARTESIAN_POINT('',(-14.57159640339,-7.47172555576,
    90.741160340827));
#1874 = CARTESIAN_POINT('',(-11.34101752314,-13.17168370303,
    91.169483896529));
#1875 = CARTESIAN_POINT('',(-5.606089244635,-17.27478235557,
    91.59773362132));
#1876 = CARTESIAN_POINT('',(1.714853801921,-18.53263200228,
    92.026095206526));
#1877 = CARTESIAN_POINT('',(8.971602063801,-16.30674875544,
    92.454338607566));
#1878 = CARTESIAN_POINT('',(14.328149466602,-11.16023006834,
    92.882669758679));
#1879 = CARTESIAN_POINT('',(16.776002187884,-4.547207531619,
    93.310956556105));
#1880 = CARTESIAN_POINT('',(16.254928098564,1.983865814398,
    93.73925701079));
#1881 = CARTESIAN_POINT('',(10.551428680131,12.523009214003,
    94.595854598444));
#1882 = CARTESIAN_POINT('',(5.368831685665,16.531390388229,
    95.024154258263));
#1883 = CARTESIAN_POINT('',(-1.506202659625,18.099132075582,
    95.452443795226));
#1884 = CARTESIAN_POINT('',(-8.744498077683,16.429623345287,
    95.880769128462));
#1885 = CARTESIAN_POINT('',(-14.57690636847,11.572077253164,
    96.30902167248));
#1886 = CARTESIAN_POINT('',(-17.52816368654,4.755113833092,
    96.737371981867));
#1887 = CARTESIAN_POINT('',(-17.22980827458,-2.290052484123,
    97.16563287138));
#1888 = CARTESIAN_POINT('',(-14.22499540351,-8.112218050667,
    97.593947506641));
#1889 = CARTESIAN_POINT('',(-9.558167703616,-11.87008972893,
    98.022244274206));
#1890 = CARTESIAN_POINT('',(-4.891333696754,-15.62795440648,
    98.450535335729));
#1891 = CARTESIAN_POINT('',(1.437729365754,-17.32180317933,
    98.878858915551));
#1892 = CARTESIAN_POINT('',(8.384487782782,-16.11045325975,
    99.307108576142));
#1893 = CARTESIAN_POINT('',(14.414959147498,-11.77319534036,
    99.735470285774));
#1894 = CARTESIAN_POINT('',(17.916762458398,-5.038781541612,
    100.16371349921));
#1895 = CARTESIAN_POINT('',(18.003870973087,2.38898132511,
    100.59204487687));
#1896 = CARTESIAN_POINT('',(15.005783426404,8.771420193445,
    101.02033145252));
#1897 = CARTESIAN_POINT('',(9.984199139066,12.979760230122,
    101.44863208327));
#1898 = CARTESIAN_POINT('',(-1.528959625079,16.304008638868,
    102.3052294467));
#1899 = CARTESIAN_POINT('',(-8.020876148328,15.420010517631,
    102.7335300774));
#1900 = CARTESIAN_POINT('',(-13.95959107159,11.617966007421,
    103.16181665329));
#1901 = CARTESIAN_POINT('',(-17.84510919632,5.286848315566,
    103.59014803017));
#1902 = CARTESIAN_POINT('',(-18.47192657316,-2.27751598419,
    104.01839124545));
#1903 = CARTESIAN_POINT('',(-15.68144846203,-9.16187572079,
    104.44675295186));
#1904 = CARTESIAN_POINT('',(-10.44953231463,-13.88948078969,
    104.87500261668));
#1905 = CARTESIAN_POINT('',(-4.191658633519,-15.82999572113,
    105.30332619246));
#1906 = CARTESIAN_POINT('',(1.759985663534,-15.1380298687,
    105.73161725654));
#1907 = CARTESIAN_POINT('',(7.711630550673,-14.44607356231,
    106.15991402598));
#1908 = CARTESIAN_POINT('',(13.357394426204,-11.12167864587,
    106.5882286431));
#1909 = CARTESIAN_POINT('',(17.365112351872,-5.31971253611,
    107.01648958952));
#1910 = CARTESIAN_POINT('',(18.501744837931,2.02104591502,
    107.44483978133));
#1911 = CARTESIAN_POINT('',(16.156184125369,9.239984095575,
    107.87309250787));
#1912 = CARTESIAN_POINT('',(10.921803472379,14.510717063948,
    108.30141761754));
#1913 = CARTESIAN_POINT('',(4.26921254021,16.848890910263,
    108.72970737492));
#1914 = CARTESIAN_POINT('',(-2.252352728526,16.21990525518,
    109.15800685911));
#1915 = CARTESIAN_POINT('',(-12.69575411287,10.342931489533,
    110.01460467087));
#1916 = CARTESIAN_POINT('',(-16.61789860662,5.094768869387,
    110.44290415484));
#1917 = CARTESIAN_POINT('',(-18.07175453114,-1.80524701499,
    110.87119391302));
#1918 = CARTESIAN_POINT('',(-16.28279646059,-9.01494905463,
    111.29951902084));
#1919 = CARTESIAN_POINT('',(-11.32948163497,-14.76624599407,
    111.72777175064));
#1920 = CARTESIAN_POINT('',(-4.464654147286,-17.6043883906,
    112.15612193795));
#1921 = CARTESIAN_POINT('',(2.574616145656,-17.18958947428,
    112.58438288925));
#1922 = CARTESIAN_POINT('',(8.346304438886,-14.08892394523,
    113.01269750233));
#1923 = CARTESIAN_POINT('',(12.026501363691,-9.360601741787,
    113.44099427412));
#1924 = CARTESIAN_POINT('',(15.706691184438,-4.63227334101,
    113.86928533581));
#1925 = CARTESIAN_POINT('',(17.295664037314,1.723930572524,
    114.29760891548));
#1926 = CARTESIAN_POINT('',(15.969622383377,8.649711009318,
    114.7258585762));
#1927 = CARTESIAN_POINT('',(11.533249864965,14.607646056202,
    115.15422028572));
#1928 = CARTESIAN_POINT('',(4.741858004463,17.997624262006,
    115.58246349923));
#1929 = CARTESIAN_POINT('',(-2.686329771545,17.961910648582,
    116.01079487687));
#1930 = CARTESIAN_POINT('',(-9.018325978442,14.858706033714,
    116.43908145252));
#1931 = CARTESIAN_POINT('',(-13.1430641588,9.768227710164,
    116.86738208327));
#1932 = CARTESIAN_POINT('',(-16.27650022829,-1.798320202236,
    117.7239794467));
#1933 = CARTESIAN_POINT('',(-15.28528595595,-8.274733336791,
    118.15228007741));
#1934 = CARTESIAN_POINT('',(-11.38557078177,-14.14977367348,
    118.58056665328));
#1935 = CARTESIAN_POINT('',(-4.99107557987,-17.93008231697,
    119.0088980302));
#1936 = CARTESIAN_POINT('',(2.582618472614,-18.43174522958,
    119.43714124539));
#1937 = CARTESIAN_POINT('',(9.419899541059,-15.5278229392,
    119.86550295194));
#1938 = CARTESIAN_POINT('',(14.060354157003,-10.21845600746,
    120.2937526166));
#1939 = CARTESIAN_POINT('',(15.897136492073,-3.92935337985,
    120.72207619248));
#1940 = CARTESIAN_POINT('',(15.106861069975,2.010036431981,
    121.15036725661));
#1941 = CARTESIAN_POINT('',(15.24,-8.708311849404E-16,3.325));
#1942 = CARTESIAN_POINT('',(15.240000000294,5.99173551438,3.753291067464
    ));
#1943 = CARTESIAN_POINT('',(12.589820600026,11.983640945944,
    4.181614622399));
#1944 = CARTESIAN_POINT('',(7.289562279979,16.634585067032,
    4.609864347899));
#1945 = CARTESIAN_POINT('',(0.129103274586,18.611355991818,
    5.038225932628));
#1946 = CARTESIAN_POINT('',(-7.312345278476,17.115165035539,
    5.466469333909));
#1947 = CARTESIAN_POINT('',(-13.15234008405,12.524495306984,
    5.894800484944));
#1948 = CARTESIAN_POINT('',(-16.24313171758,6.186436910804,
    6.323087282362));
#1949 = CARTESIAN_POINT('',(-16.37149589916,-0.364132961616,
    6.751387737081));
#1950 = CARTESIAN_POINT('',(-11.73989573728,-11.41636188574,
    7.607985324679));
#1951 = CARTESIAN_POINT('',(-6.979794445588,-15.91834785769,
    8.036284984752));
#1952 = CARTESIAN_POINT('',(-0.293835301971,-18.15931435128,
    8.464574520921));
#1953 = CARTESIAN_POINT('',(7.07420251657,-17.21496193872,8.89289985582)
  );
#1954 = CARTESIAN_POINT('',(13.359097623495,-12.95892620842,
    9.321152397205));
#1955 = CARTESIAN_POINT('',(16.970977820979,-6.467846031053,
    9.749502709883));
#1956 = CARTESIAN_POINT('',(17.371924192158,0.572271298895,
    10.177763596109));
#1957 = CARTESIAN_POINT('',(14.958526974467,6.663404624806,
    10.606078233954));
#1958 = CARTESIAN_POINT('',(10.686848592309,10.865029551965,
    11.034375000006));
#1959 = CARTESIAN_POINT('',(6.415169889686,15.066654896464,
    11.462666067455));
#1960 = CARTESIAN_POINT('',(0.284966767654,17.379011105503,
    11.890989622414));
#1961 = CARTESIAN_POINT('',(-6.747559707851,16.861719265027,
    12.319239347877));
#1962 = CARTESIAN_POINT('',(-13.17803318272,13.143008823948,
    12.747600932653));
#1963 = CARTESIAN_POINT('',(-17.32957353962,6.788604319009,
    13.17584433389));
#1964 = CARTESIAN_POINT('',(-18.15197367103,-0.594040593798,
    13.604175484954));
#1965 = CARTESIAN_POINT('',(-15.80076831943,-7.24203356538,
    14.032462282359));
#1966 = CARTESIAN_POINT('',(-11.22069439076,-11.92704859465,
    14.460762737079));
#1967 = CARTESIAN_POINT('',(-9.339757016658E-02,-16.37527854793,
    15.317360324684));
#1968 = CARTESIAN_POINT('',(6.454154425639,-16.13862508614,
    15.745659984729));
#1969 = CARTESIAN_POINT('',(12.740243680245,-12.94346274617,
    16.17394952098));
#1970 = CARTESIAN_POINT('',(17.233727126364,-7.028364328257,
    16.602274855717));
#1971 = CARTESIAN_POINT('',(18.606677811603,0.436804997288,
    17.030527397338));
#1972 = CARTESIAN_POINT('',(16.511785347822,7.563601331895,
    17.458877709754));
#1973 = CARTESIAN_POINT('',(11.773843768035,12.786236643529,
    17.887138596203));
#1974 = CARTESIAN_POINT('',(5.738938633515,15.336983856035,18.3154532339
    ));
#1975 = CARTESIAN_POINT('',(-0.251977318242,15.237916768085,
    18.743750000035));
#1976 = CARTESIAN_POINT('',(-6.242893792278,15.138849744321,
    19.172041067405));
#1977 = CARTESIAN_POINT('',(-12.1901622405,12.389962776933,
    19.600364622465));
#1978 = CARTESIAN_POINT('',(-16.75283642236,7.013530522447,
    20.028614347845));
#1979 = CARTESIAN_POINT('',(-18.61094649882,-0.178633505126,
    20.456975932663));
#1980 = CARTESIAN_POINT('',(-16.99192356495,-7.594326910789,
    20.885219333891));
#1981 = CARTESIAN_POINT('',(-12.30532320651,-13.35762153844,
    21.313550484949));
#1982 = CARTESIAN_POINT('',(-5.91702821311,-16.34319756876,
    21.741837282364));
#1983 = CARTESIAN_POINT('',(0.634768595398,-16.36323744313,
    22.170137737076));
#1984 = CARTESIAN_POINT('',(11.608908113758,-11.54953345529,
    23.02673532469));
#1985 = CARTESIAN_POINT('',(16.031575434853,-6.715647258287,
    23.455034984691));
#1986 = CARTESIAN_POINT('',(18.161690320342,6.449964341649E-03,
    23.88332452108));
#1987 = CARTESIAN_POINT('',(17.095644265665,7.35786673822,
    24.311649855531));
#1988 = CARTESIAN_POINT('',(12.736276205718,13.571533671756,
    24.739902397601));
#1989 = CARTESIAN_POINT('',(6.186364698824,17.075596982022,
    25.168252709461));
#1990 = CARTESIAN_POINT('',(-0.859419507308,17.360087634838,
    25.596513596462));
#1991 = CARTESIAN_POINT('',(-6.909817229463,14.846309854471,
    26.024828233725));
#1992 = CARTESIAN_POINT('',(-11.04024012101,10.505745954968,
    26.453125000117));
#1993 = CARTESIAN_POINT('',(-15.17066342458,6.165181728112,
    26.881416067212));
#1994 = CARTESIAN_POINT('',(-17.38134710625,-2.415795591717E-03,
    27.309739622724));
#1995 = CARTESIAN_POINT('',(-16.74785057264,-7.025428085116,
    27.737989347608));
#1996 = CARTESIAN_POINT('',(-12.92332736751,-13.39353759334,
    28.166350932818));
#1997 = CARTESIAN_POINT('',(-6.501150138941,-17.43944708228,
    28.594594333818));
#1998 = CARTESIAN_POINT('',(0.894083121481,-18.13967055249,
    29.022925484972));
#1999 = CARTESIAN_POINT('',(7.50229264621,-15.67886905031,
    29.451212282361));
#2000 = CARTESIAN_POINT('',(12.110940567949,-11.02195941516,
    29.879512737076));
#2001 = CARTESIAN_POINT('',(16.374584359379,0.177363147861,
    30.736110324691));
#2002 = CARTESIAN_POINT('',(16.029706383888,6.720107310724,
    31.164409984687));
#2003 = CARTESIAN_POINT('',(12.731046954085,12.952508650699,
    31.592699521096));
#2004 = CARTESIAN_POINT('',(6.742462093586,17.347577949438,
    32.021024855481));
#2005 = CARTESIAN_POINT('',(-0.744387071541,18.596912262047,
    32.449277397716));
#2006 = CARTESIAN_POINT('',(-7.835572372214,16.384472102429,
    32.877627709269));
#2007 = CARTESIAN_POINT('',(-12.97915691139,11.560827412026,
    33.305888596687));
#2008 = CARTESIAN_POINT('',(-15.42977466129,5.484573305252,
    33.734203233552));
#2009 = CARTESIAN_POINT('',(-15.23166764187,-0.503885748387,
    34.162500000181));
#2010 = CARTESIAN_POINT('',(-15.0335606777,-6.492345325659,
    34.590791062644));
#2011 = CARTESIAN_POINT('',(-12.18671766291,-12.39335086525,
    35.019114641044));
#2012 = CARTESIAN_POINT('',(-6.735581332786,-16.8665077223,
    35.447364303072));
#2013 = CARTESIAN_POINT('',(0.486321443004,-18.60544895396,
    35.875726011642));
#2014 = CARTESIAN_POINT('',(7.87423233717,-16.86403667884,
    36.303969225669));
#2015 = CARTESIAN_POINT('',(13.559251144553,-12.08278694622,
    36.732300603088));
#2016 = CARTESIAN_POINT('',(16.438795359869,-5.646001865398,
    37.160587178813));
#2017 = CARTESIAN_POINT('',(16.350505436495,0.905230694271,
    37.588887809544));
#2018 = CARTESIAN_POINT('',(11.356013656386,11.798280572808,
    38.445485172976));
#2019 = CARTESIAN_POINT('',(6.44966402499,16.140420190087,
    38.873785803694));
#2020 = CARTESIAN_POINT('',(-0.306733323252,18.159100931959,
    39.302072379503));
#2021 = CARTESIAN_POINT('',(-7.639519654959,16.971653055809,
    39.730403756645));
#2022 = CARTESIAN_POINT('',(-13.78025903325,12.510143896153,
    40.158646971324));
#2023 = CARTESIAN_POINT('',(-17.17554824685,5.903192445983,
    40.587008678736));
#2024 = CARTESIAN_POINT('',(-17.34350464948,-1.146333084419,
    41.015258342301));
#2025 = CARTESIAN_POINT('',(-14.73003414951,-7.154340530844,
    41.443581919228));
#2026 = CARTESIAN_POINT('',(-10.32177101587,-11.21243252358,
    41.871872982625));
#2027 = CARTESIAN_POINT('',(-5.91350831532,-15.27052421659,
    42.300169752756));
#2028 = CARTESIAN_POINT('',(0.289798051788,-17.37893154555,
    42.728484368615));
#2029 = CARTESIAN_POINT('',(7.301375379002,-16.6294028156,
    43.156745316628));
#2030 = CARTESIAN_POINT('',(13.605380709475,-12.70011313831,
    43.58509550695));
#2031 = CARTESIAN_POINT('',(17.544552591865,-6.211918367854,
    44.013348234539));
#2032 = CARTESIAN_POINT('',(18.122408373179,1.193881083197,
    44.441673343646));
#2033 = CARTESIAN_POINT('',(15.552683279877,7.760500725841,
    44.869963101262));
#2034 = CARTESIAN_POINT('',(10.820211156128,12.291521521631,
    45.298262585378));
#2035 = CARTESIAN_POINT('',(-0.448075381449,16.369413527443,
    46.154860397163));
#2036 = CARTESIAN_POINT('',(-6.984222978607,15.916405313538,
    46.583159881084));
#2037 = CARTESIAN_POINT('',(-13.16123254253,12.515150628249,
    47.011449639365));
#2038 = CARTESIAN_POINT('',(-17.45668611071,6.454716530275,
    47.439774747079));
#2039 = CARTESIAN_POINT('',(-18.58206250754,-1.051765632747,
    47.868027476815));
#2040 = CARTESIAN_POINT('',(-16.25267950311,-8.105401248181,
    48.296377664551));
#2041 = CARTESIAN_POINT('',(-11.34465044234,-13.16852880616,
    48.724638615054));
#2042 = CARTESIAN_POINT('',(-5.228708549165,-15.5183471205,
    49.152953228997));
#2043 = CARTESIAN_POINT('',(0.755656421204,-15.22125432982,
    49.581250000273));
#2044 = CARTESIAN_POINT('',(6.740021916374,-14.92416158599,
    50.009541062481));
#2045 = CARTESIAN_POINT('',(12.593151272749,-11.98014082075,
    50.437864641217));
#2046 = CARTESIAN_POINT('',(16.975567884667,-6.455790705397,
    50.86611430295));
#2047 = CARTESIAN_POINT('',(18.594864870071,0.793876430688,
    51.294476011701));
#2048 = CARTESIAN_POINT('',(16.731539326702,8.15198501988,
    51.722719225647));
#2049 = CARTESIAN_POINT('',(11.856947380074,13.757173794619,
    52.151050603095));
#2050 = CARTESIAN_POINT('',(5.373431950626,16.529898941605,
    52.579337178811));
#2051 = CARTESIAN_POINT('',(-1.175445307543,16.333303369732,
    53.007637809544));
#2052 = CARTESIAN_POINT('',(-11.98442750931,11.159389226685,
    53.864235172976));
#2053 = CARTESIAN_POINT('',(-16.24485226397,6.181917572187,
    54.292535803693));
#2054 = CARTESIAN_POINT('',(-18.15154716169,-0.606932966146,
    54.720822379512));
#2055 = CARTESIAN_POINT('',(-16.84302171954,-7.919083744998,
    55.149153756613));
#2056 = CARTESIAN_POINT('',(-12.28059178021,-13.98521736881,
    55.577396971386));
#2057 = CARTESIAN_POINT('',(-5.618405943,-17.27080349301,56.00575867865)
  );
#2058 = CARTESIAN_POINT('',(1.432932934337,-17.32218047107,
    56.434008342391));
#2059 = CARTESIAN_POINT('',(7.396908139247,-14.6097311562,
    56.862331919159));
#2060 = CARTESIAN_POINT('',(11.381559431902,-10.13497434126,
    57.290622982658));
#2061 = CARTESIAN_POINT('',(15.366210432037,-5.660217964301,
    57.718919752684));
#2062 = CARTESIAN_POINT('',(17.371764427402,0.577100732106,
    58.147234368743));
#2063 = CARTESIAN_POINT('',(16.506409122023,7.575326945103,
    58.575495316462));
#2064 = CARTESIAN_POINT('',(12.473426483081,13.813503890999,
    59.003845507113));
#2065 = CARTESIAN_POINT('',(5.920988566122,17.644861854314,
    59.432098234412));
#2066 = CARTESIAN_POINT('',(-1.493352784692,18.100191566537,
    59.860423343725));
#2067 = CARTESIAN_POINT('',(-8.016587110452,15.422245615362,
    60.288713101221));
#2068 = CARTESIAN_POINT('',(-12.46874210562,10.615504749348,
    60.717012585395));
#2069 = CARTESIAN_POINT('',(-16.35976745672,-0.7186651109,
    61.573610397134));
#2070 = CARTESIAN_POINT('',(-15.79875286343,-7.246429236542,
    62.001909881234));
#2071 = CARTESIAN_POINT('',(-12.29583277772,-13.36635827695,
    62.430199638976));
#2072 = CARTESIAN_POINT('',(-6.165206318804,-17.56102179553,
    62.858524747786));
#2073 = CARTESIAN_POINT('',(1.358856656799,-18.5621325974,
    63.286777475832));
#2074 = CARTESIAN_POINT('',(8.373014185486,-16.11644358651,
    63.715127665627));
#2075 = CARTESIAN_POINT('',(13.354300557845,-11.12537195726,
    64.143388614119));
#2076 = CARTESIAN_POINT('',(15.602677018274,-4.971414316703,
    64.571703229622));
#2077 = CARTESIAN_POINT('',(15.206679678814,1.007220505129,
    64.999999999977));
#2078 = CARTESIAN_POINT('',(14.810682377832,6.985855852066,
    65.428291067527));
#2079 = CARTESIAN_POINT('',(11.770288726497,12.7895088396,
    65.856614622319));
#2080 = CARTESIAN_POINT('',(6.174235132295,17.079987093542,
    66.284864347963));
#2081 = CARTESIAN_POINT('',(-1.101214385857,18.579197140543,
    66.713225932595));
#2082 = CARTESIAN_POINT('',(-8.427509023847,16.594467732293,
    67.141469333919));
#2083 = CARTESIAN_POINT('',(-13.95133537889,11.62786624995,
    67.569800484943));
#2084 = CARTESIAN_POINT('',(-16.61648340685,5.099392987033,
    67.998087282362));
#2085 = CARTESIAN_POINT('',(-16.31163594593,-1.445338561481,
    68.42638773708));
#2086 = CARTESIAN_POINT('',(-10.95971392088,-12.16729803206,
    69.282985324682));
#2087 = CARTESIAN_POINT('',(-5.91248110158,-16.34484310859,
    69.711284984739));
#2088 = CARTESIAN_POINT('',(0.906966827968,-18.13903106746,
    70.139574520952));
#2089 = CARTESIAN_POINT('',(8.196482566409,-16.70978543654,
    70.567899855775));
#2090 = CARTESIAN_POINT('',(14.186352661424,-12.0476825969,
    70.996152397248));
#2091 = CARTESIAN_POINT('',(17.361336660514,-5.332083067762,
    71.424502709856));
#2092 = CARTESIAN_POINT('',(17.296120945415,1.719140721219,
    71.852763596117));
#2093 = CARTESIAN_POINT('',(14.48543375299,7.6374537267,72.281078233954)
  );
#2094 = CARTESIAN_POINT('',(9.945407005625,11.547574615151,
    72.709375000012));
#2095 = CARTESIAN_POINT('',(5.405379910509,15.45769589882,
    73.137666063055));
#2096 = CARTESIAN_POINT('',(-0.864245273244,17.35984772898,
    73.565989640518));
#2097 = CARTESIAN_POINT('',(-7.847207909973,16.378903096787,
    73.994239303519));
#2098 = CARTESIAN_POINT('',(-14.01785021545,12.243329394472,
    74.422601011372));
#2099 = CARTESIAN_POINT('',(-17.74034746777,5.628440257143,
    74.85084422579));
#2100 = CARTESIAN_POINT('',(-18.07302618915,-1.792416345306,
    75.279175603047));
#2101 = CARTESIAN_POINT('',(-15.28759172904,-8.270481792119,
    75.707462178821));
#2102 = CARTESIAN_POINT('',(-10.40789615245,-12.64255386852,
    76.135762809545));
#2103 = CARTESIAN_POINT('',(0.989058345645,-16.34564878576,
    76.992360172976));
#2104 = CARTESIAN_POINT('',(7.506654474856,-15.67678119203,
    77.420660803702));
#2105 = CARTESIAN_POINT('',(13.567829579206,-12.07315337841,
    77.848947379465));
#2106 = CARTESIAN_POINT('',(17.660556835201,-5.874010578458,
    78.277278756755));
#2107 = CARTESIAN_POINT('',(18.537127485777,1.665576146701,
    78.705521971092));
#2108 = CARTESIAN_POINT('',(15.975802142026,8.63833806678,
    79.133883679099));
#2109 = CARTESIAN_POINT('',(10.903051426644,13.536421338471,
    79.56213334188));
#2110 = CARTESIAN_POINT('',(4.712761285282,15.682741327517,
    79.990456919581));
#2111 = CARTESIAN_POINT('',(-1.25850940884,15.187947658187,
    80.418747982427));
#2112 = CARTESIAN_POINT('',(-7.229779589006,14.693154104521,
    80.847044753056));
#2113 = CARTESIAN_POINT('',(-12.98237036005,11.557218714359,
    81.275359368089));
#2114 = CARTESIAN_POINT('',(-17.17973626328,5.890991627068,
    81.70362031741));
#2115 = CARTESIAN_POINT('',(-18.55845053368,-1.408251315684,
    82.131970506082));
#2116 = CARTESIAN_POINT('',(-16.45285902719,-8.700729008868,
    82.560223235242));
#2117 = CARTESIAN_POINT('',(-11.39560636526,-14.1416828155,
    82.988548343242));
#2118 = CARTESIAN_POINT('',(-4.82395983198,-16.69852509233,
    83.416838101407));
#2119 = CARTESIAN_POINT('',(1.714836664871,-16.28550907993,
    83.845137585367));
#2120 = CARTESIAN_POINT('',(12.346842134389,-10.75704234854,
    84.701735397129));
#2121 = CARTESIAN_POINT('',(16.440365476689,-5.641428162539,
    85.130034881326));
#2122 = CARTESIAN_POINT('',(18.121555823761,1.206752588827,
    85.558324638719));
#2123 = CARTESIAN_POINT('',(16.571981092499,8.471640816746,
    85.986649748218));
#2124 = CARTESIAN_POINT('',(11.811479374564,14.383609177162,
    86.414902475339));
#2125 = CARTESIAN_POINT('',(5.044302813253,17.447123818962,
    86.843252666009));
#2126 = CARTESIAN_POINT('',(-2.004878830037,17.265332474498,
    87.271513613934));
#2127 = CARTESIAN_POINT('',(-7.875911086889,14.357176428393,
    87.699828229691));
#2128 = CARTESIAN_POINT('',(-11.71043292946,9.75312055726,
    88.128124999895));
#2129 = CARTESIAN_POINT('',(-15.54495516187,5.149064332265,
    88.556416067632));
#2130 = CARTESIAN_POINT('',(-17.34318534069,-1.151153900391,
    88.984739622203));
#2131 = CARTESIAN_POINT('',(-16.24691888074,-8.11694311092,
    89.412989348067));
#2132 = CARTESIAN_POINT('',(-12.00988543055,-14.21836458444,
    89.841350932524));
#2133 = CARTESIAN_POINT('',(-5.334352953263,-17.83098276133,
    90.269594333959));
#2134 = CARTESIAN_POINT('',(2.090989748778,-18.04091999459,
    90.69792548492));
#2135 = CARTESIAN_POINT('',(8.522115454871,-15.14875829301,
    91.126212282377));
#2136 = CARTESIAN_POINT('',(12.812909275299,-10.19744216423,
    91.55451273707));
#2137 = CARTESIAN_POINT('',(16.327061379751,1.259181214305,
    92.411110324701));
#2138 = CARTESIAN_POINT('',(15.550523651257,7.764827312489,
    92.839409984635));
#2139 = CARTESIAN_POINT('',(11.847173274369,13.765591970613,
    93.267699521218));
#2140 = CARTESIAN_POINT('',(5.5812089946,17.755262936758,93.696024855305
    ));
#2141 = CARTESIAN_POINT('',(-1.971840361859,18.507055502706,
    94.124277397876));
#2142 = CARTESIAN_POINT('',(-8.901300225259,15.830791982031,
    94.552627709201));
#2143 = CARTESIAN_POINT('',(-13.7148414749,10.677751069274,
    94.98088859666));
#2144 = CARTESIAN_POINT('',(-15.75851807648,4.452819160102,
    95.409203233598));
#2145 = CARTESIAN_POINT('',(-15.16506343478,-1.509453881007,
    95.837500000191));
#2146 = CARTESIAN_POINT('',(-14.57160881393,-7.471727447993,
    96.265791067101));
#2147 = CARTESIAN_POINT('',(-11.34098915338,-13.17168167262,
    96.694114622799));
#2148 = CARTESIAN_POINT('',(-5.606137493374,-17.27478975244,
    97.122364347603));
#2149 = CARTESIAN_POINT('',(1.714903161679,-18.53262924294,
    97.550725932786));
#2150 = CARTESIAN_POINT('',(8.971570360391,-16.3067529856,
    97.978969333852));
#2151 = CARTESIAN_POINT('',(14.328164024896,-11.16023064533,
    98.407300484946));
#2152 = CARTESIAN_POINT('',(16.776001580149,-4.547208003716,
    98.835587282381));
#2153 = CARTESIAN_POINT('',(16.254929916078,1.983865976682,
    99.263887737063));
#2154 = CARTESIAN_POINT('',(10.551429909323,12.523010720161,
    100.12048532471));
#2155 = CARTESIAN_POINT('',(5.368832911823,16.53139323185,
    100.54878498453));
#2156 = CARTESIAN_POINT('',(-1.506208433803,18.099126306211,
    100.97707452148));
#2157 = CARTESIAN_POINT('',(-8.744483006737,16.429646153803,
    101.40539985476));
#2158 = CARTESIAN_POINT('',(-14.57693335651,11.572046997613,
    101.83365239871));
#2159 = CARTESIAN_POINT('',(-17.52814110868,4.755143504568,
    102.26200270817));
#2160 = CARTESIAN_POINT('',(-17.2298238338,-2.290068828143,
    102.69026359763));
#2161 = CARTESIAN_POINT('',(-14.22499399514,-8.112215250901,
    103.11857823291));
#2162 = CARTESIAN_POINT('',(-9.558167703162,-11.87008972831,
    103.54687500048));
#2163 = CARTESIAN_POINT('',(-4.891341050371,-15.6279645894,103.975166062
    ));
#2164 = CARTESIAN_POINT('',(1.437747810197,-17.32178149892,
    104.40348964182));
#2165 = CARTESIAN_POINT('',(8.384459228757,-16.11049291863,
    104.83173930242));
#2166 = CARTESIAN_POINT('',(14.414991780229,-11.77315808519,
    105.26010101203));
#2167 = CARTESIAN_POINT('',(17.916743261899,-5.038807288666,
    105.68834422549));
#2168 = CARTESIAN_POINT('',(18.003881571178,2.388991494423,
    106.11667560314));
#2169 = CARTESIAN_POINT('',(15.005783356565,8.771419258218,
    106.5449621788));
#2170 = CARTESIAN_POINT('',(9.984200283968,12.979761759306,
    106.97326280954));
#2171 = CARTESIAN_POINT('',(-1.52895980779,16.304010320927,
    107.82986017297));
#2172 = CARTESIAN_POINT('',(-8.020877472883,15.420014737769,
    108.25816080368));
#2173 = CARTESIAN_POINT('',(-13.95959059697,11.617954310162,
    108.68644737955));
#2174 = CARTESIAN_POINT('',(-17.84511563647,5.286881493441,
    109.11477875648));
#2175 = CARTESIAN_POINT('',(-18.47192288824,-2.277565397509,
    109.54302197168));
#2176 = CARTESIAN_POINT('',(-15.68145492755,-9.161828965041,
    109.97138367817));
#2177 = CARTESIAN_POINT('',(-10.4495305655,-13.88951201558,
    110.39963334293));
#2178 = CARTESIAN_POINT('',(-4.191660349131,-15.82998667067,
    110.82795691874));
#2179 = CARTESIAN_POINT('',(1.759986050615,-15.13803319792,
    111.25624798281));
#2180 = CARTESIAN_POINT('',(7.711631940758,-14.44607985773,
    111.68454475225));
#2181 = CARTESIAN_POINT('',(13.357392934877,-11.12165898406,
    112.11285936937));
#2182 = CARTESIAN_POINT('',(17.365119400559,-5.319750805754,
    112.54112031581));
#2183 = CARTESIAN_POINT('',(18.501742303606,2.021086268528,
    112.96947050759));
#2184 = CARTESIAN_POINT('',(16.156188130859,9.23995890352,
    113.39772323415));
#2185 = CARTESIAN_POINT('',(10.921804219382,14.510728096083,
    113.82604834381));
#2186 = CARTESIAN_POINT('',(4.269212865193,16.848891661816,
    114.2543381012));
#2187 = CARTESIAN_POINT('',(-2.252352891746,16.219906819429,
    114.68263758539));
#2188 = CARTESIAN_POINT('',(-12.69575565302,10.342932813213,
    115.53923539715));
#2189 = CARTESIAN_POINT('',(-16.61790145035,5.094769877655,
    115.96753488112));
#2190 = CARTESIAN_POINT('',(-18.07174868965,-1.805252498563,
    116.39582463929));
#2191 = CARTESIAN_POINT('',(-16.28281949438,-9.014934540402,
    116.82414974713));
#2192 = CARTESIAN_POINT('',(-11.32945095266,-14.76627234931,
    117.25240247688));
#2193 = CARTESIAN_POINT('',(-4.464684179275,-17.60436637881,
    117.68075266425));
#2194 = CARTESIAN_POINT('',(2.574632741155,-17.18960473163,
    118.10901361551));
#2195 = CARTESIAN_POINT('',(8.346301616988,-14.08892259052,
    118.5373282286));
#2196 = CARTESIAN_POINT('',(12.026501363181,-9.360601741412,
    118.9656250004));
#2197 = CARTESIAN_POINT('',(15.706701487427,-4.632280525136,
    119.39391606209));
#2198 = CARTESIAN_POINT('',(17.295642054979,1.723948655802,
    119.82223964174));
#2199 = CARTESIAN_POINT('',(15.969662508921,8.64968311512,
    120.25048930248));
#2200 = CARTESIAN_POINT('',(11.533212075333,14.607678068326,
    120.67885101198));
#2201 = CARTESIAN_POINT('',(4.7418840654,17.997605493938,121.10709422552
    ));
#2202 = CARTESIAN_POINT('',(-2.6863401147,17.961921077039,
    121.53542560313));
#2203 = CARTESIAN_POINT('',(-9.018325042187,14.858705979357,
    121.9637121788));
#2204 = CARTESIAN_POINT('',(-13.1430657067,9.768228829627,
    122.39201280954));
#2205 = CARTESIAN_POINT('',(-16.2765019071,-1.798320412733,
    123.24861017297));
#2206 = CARTESIAN_POINT('',(-15.28529015362,-8.274734730949,
    123.67691080368));
#2207 = CARTESIAN_POINT('',(-11.38555909393,-14.14977300548,
    124.10519737955));
#2208 = CARTESIAN_POINT('',(-4.991108646826,-17.93008930488,
    124.53352875649));
#2209 = CARTESIAN_POINT('',(2.582667818414,-18.43174072807,
    124.96177197163));
#2210 = CARTESIAN_POINT('',(9.419852898421,-15.52783017693,
    125.39013367825));
#2211 = CARTESIAN_POINT('',(14.06038534982,-10.21845374231,
    125.81838334286));
#2212 = CARTESIAN_POINT('',(15.897127471217,-3.929355244834,
    126.24670691876));
#2213 = CARTESIAN_POINT('',(15.106864392218,2.010036874069,
    126.67499798288));
#2214 = DEFINITIONAL_REPRESENTATION('',(#2215),#2218);
#2215 = B_SPLINE_CURVE_WITH_KNOTS('',1,(#2216,#2217),.UNSPECIFIED.,.F.,
  .F.,(2,2),(0.,167.44004236171),.PIECEWISE_BEZIER_KNOTS.);
#2216 = CARTESIAN_POINT('',(6.28318530718,0.));
#2217 = CARTESIAN_POINT('',(6.28318530718,167.44004236171));
#2218 = ( GEOMETRIC_REPRESENTATION_CONTEXT(2) 
PARAMETRIC_REPRESENTATION_CONTEXT() REPRESENTATION_CONTEXT('2D SPACE',''
  ) );
#2219 = PCURVE('',#302,#2220);
#2220 = DEFINITIONAL_REPRESENTATION('',(#2221),#2225);
#2221 = LINE('',#2222,#2223);
#2222 = CARTESIAN_POINT('',(0.,0.));
#2223 = VECTOR('',#2224,1.);
#2224 = DIRECTION('',(0.,1.));
#2225 = ( GEOMETRIC_REPRESENTATION_CONTEXT(2) 
PARAMETRIC_REPRESENTATION_CONTEXT() REPRESENTATION_CONTEXT('2D SPACE',''
  ) );
#2226 = ORIENTED_EDGE('',*,*,#2227,.F.);
#2227 = EDGE_CURVE('',#24,#24,#2228,.T.);
#2228 = SURFACE_CURVE('',#2229,(#2237,#2244),.PCURVE_S1.);
#2229 = ( BOUNDED_CURVE() B_SPLINE_CURVE(6,(#2230,#2231,#2232,#2233,
#2234,#2235,#2236),.UNSPECIFIED.,.T.,.F.) B_SPLINE_CURVE_WITH_KNOTS((1,6
    ,6,1),(-6.28318530718,0.,6.28318530718,12.566370614359),
.UNSPECIFIED.) CURVE() GEOMETRIC_REPRESENTATION_ITEM() 
RATIONAL_B_SPLINE_CURVE((1.669078461068,1.03672962321,1.038346699848,
    0.853534330196,1.038346699848,1.03672962321,1.669078461068)) 
REPRESENTATION_ITEM('') );
#2230 = CARTESIAN_POINT('',(15.106864392218,2.010036874069,
    126.67499798288));
#2231 = CARTESIAN_POINT('',(15.10686771446,2.010037316158,
    132.19962870915));
#2232 = CARTESIAN_POINT('',(8.335173906484,1.109032420952,
    132.99287580143));
#2233 = CARTESIAN_POINT('',(2.749951205873,0.365892944007,
    126.67500554529));
#2234 = CARTESIAN_POINT('',(8.335166307965,1.109031409821,
    120.35712845285));
#2235 = CARTESIAN_POINT('',(15.106861069975,2.010036431981,
    121.15036725661));
#2236 = CARTESIAN_POINT('',(15.106864392218,2.010036874069,
    126.67499798288));
#2237 = PCURVE('',#302,#2238);
#2238 = DEFINITIONAL_REPRESENTATION('',(#2239),#2243);
#2239 = LINE('',#2240,#2241);
#2240 = CARTESIAN_POINT('',(0.,167.44004236171));
#2241 = VECTOR('',#2242,1.);
#2242 = DIRECTION('',(1.,0.));
#2243 = ( GEOMETRIC_REPRESENTATION_CONTEXT(2) 
PARAMETRIC_REPRESENTATION_CONTEXT() REPRESENTATION_CONTEXT('2D SPACE',''
  ) );
#2244 = PCURVE('',#2245,#2250);
#2245 = PLANE('',#2246);
#2246 = AXIS2_PLACEMENT_3D('',#2247,#2248,#2249);
#2247 = CARTESIAN_POINT('',(11.811433541568,1.571564696728,
    126.67499999968));
#2248 = DIRECTION('',(0.131892226324,-0.991264062011,8.820088212767E-12)
  );
#2249 = DIRECTION('',(-0.991264062011,-0.131892226324,
    -2.019483917366E-28));
#2250 = DEFINITIONAL_REPRESENTATION('',(#2251),#2259);
#2251 = ( BOUNDED_CURVE() B_SPLINE_CURVE(6,(#2252,#2253,#2254,#2255,
#2256,#2257,#2258),.UNSPECIFIED.,.T.,.F.) B_SPLINE_CURVE_WITH_KNOTS((1,6
    ,6,1),(-6.28318530718,0.,6.28318530718,12.566370614359),
.UNSPECIFIED.) CURVE() GEOMETRIC_REPRESENTATION_ITEM() 
RATIONAL_B_SPLINE_CURVE((1.669078461068,1.03672962321,1.038346699848,
    0.853534330196,1.038346699848,1.03672962321,1.669078461068)) 
REPRESENTATION_ITEM('') );
#2252 = CARTESIAN_POINT('',(-3.324473242743,2.016797893134E-06));
#2253 = CARTESIAN_POINT('',(-3.324476594271,-5.524628709475));
#2254 = CARTESIAN_POINT('',(3.506895658078,-6.317875801758));
#2255 = CARTESIAN_POINT('',(9.141340519607,-5.545611443836E-06));
#2256 = CARTESIAN_POINT('',(3.506903323578,6.317871546823));
#2257 = CARTESIAN_POINT('',(-3.324469891216,5.524632743071));
#2258 = CARTESIAN_POINT('',(-3.324473242743,2.016797893134E-06));
#2259 = ( GEOMETRIC_REPRESENTATION_CONTEXT(2) 
PARAMETRIC_REPRESENTATION_CONTEXT() REPRESENTATION_CONTEXT('2D SPACE',''
  ) );
#2260 = ORIENTED_EDGE('',*,*,#21,.F.);
#2261 = ORIENTED_EDGE('',*,*,#2262,.T.);
#2262 = EDGE_CURVE('',#22,#22,#2263,.T.);
#2263 = SURFACE_CURVE('',#2264,(#2272,#2279),.PCURVE_S1.);
#2264 = ( BOUNDED_CURVE() B_SPLINE_CURVE(6,(#2265,#2266,#2267,#2268,
#2269,#2270,#2271),.UNSPECIFIED.,.T.,.F.) B_SPLINE_CURVE_WITH_KNOTS((1,6
    ,6,1),(-6.28318530718,0.,6.28318530718,12.566370614359),
.UNSPECIFIED.) CURVE() GEOMETRIC_REPRESENTATION_ITEM() 
RATIONAL_B_SPLINE_CURVE((1.669078461068,1.03672962321,1.038346699848,
    0.853534330196,1.038346699848,1.03672962321,1.669078461068)) 
REPRESENTATION_ITEM('') );
#2265 = CARTESIAN_POINT('',(15.24,-8.708311849404E-16,3.325));
#2266 = CARTESIAN_POINT('',(15.24,-1.101549407245E-15,8.849630726274));
#2267 = CARTESIAN_POINT('',(8.408627266427,-2.608156746131E-15,
    9.642873674292));
#2268 = CARTESIAN_POINT('',(2.774186237647,1.076829597713E-15,3.325));
#2269 = CARTESIAN_POINT('',(8.408627266427,-2.606855703524E-15,
    -2.992873674292));
#2270 = CARTESIAN_POINT('',(15.24,-1.104151492459E-15,-2.199630726274));
#2271 = CARTESIAN_POINT('',(15.24,-8.708311849404E-16,3.325));
#2272 = PCURVE('',#302,#2273);
#2273 = DEFINITIONAL_REPRESENTATION('',(#2274),#2278);
#2274 = LINE('',#2275,#2276);
#2275 = CARTESIAN_POINT('',(0.,0.));
#2276 = VECTOR('',#2277,1.);
#2277 = DIRECTION('',(1.,0.));
#2278 = ( GEOMETRIC_REPRESENTATION_CONTEXT(2) 
PARAMETRIC_REPRESENTATION_CONTEXT() REPRESENTATION_CONTEXT('2D SPACE',''
  ) );
#2279 = PCURVE('',#2280,#2285);
#2280 = PLANE('',#2281);
#2281 = AXIS2_PLACEMENT_3D('',#2282,#2283,#2284);
#2282 = CARTESIAN_POINT('',(11.915526757256,-1.176882373769E-15,3.325));
#2283 = DIRECTION('',(-0.,-1.,-0.));
#2284 = DIRECTION('',(0.,0.,-1.));
#2285 = DEFINITIONAL_REPRESENTATION('',(#2286),#2294);
#2286 = ( BOUNDED_CURVE() B_SPLINE_CURVE(6,(#2287,#2288,#2289,#2290,
#2291,#2292,#2293),.UNSPECIFIED.,.T.,.F.) B_SPLINE_CURVE_WITH_KNOTS((1,6
    ,6,1),(-6.28318530718,0.,6.28318530718,12.566370614359),
.UNSPECIFIED.) CURVE() GEOMETRIC_REPRESENTATION_ITEM() 
RATIONAL_B_SPLINE_CURVE((1.669078461068,1.03672962321,1.038346699848,
    0.853534330196,1.038346699848,1.03672962321,1.669078461068)) 
REPRESENTATION_ITEM('') );
#2287 = CARTESIAN_POINT('',(4.440892098501E-15,3.324473242744));
#2288 = CARTESIAN_POINT('',(-5.524630726274,3.324473242744));
#2289 = CARTESIAN_POINT('',(-6.317873674292,-3.506899490829));
#2290 = CARTESIAN_POINT('',(4.884981308351E-15,-9.141340519609));
#2291 = CARTESIAN_POINT('',(6.317873674292,-3.506899490829));
#2292 = CARTESIAN_POINT('',(5.524630726274,3.324473242744));
#2293 = CARTESIAN_POINT('',(4.440892098501E-15,3.324473242744));
#2294 = ( GEOMETRIC_REPRESENTATION_CONTEXT(2) 
PARAMETRIC_REPRESENTATION_CONTEXT() REPRESENTATION_CONTEXT('2D SPACE',''
  ) );
#2295 = ADVANCED_FACE('',(#2296),#2280,.T.);
#2296 = FACE_BOUND('',#2297,.T.);
#2297 = EDGE_LOOP('',(#2298));
#2298 = ORIENTED_EDGE('',*,*,#2262,.T.);
#2299 = ADVANCED_FACE('',(#2300),#2245,.F.);
#2300 = FACE_BOUND('',#2301,.F.);
#2301 = EDGE_LOOP('',(#2302));
#2302 = ORIENTED_EDGE('',*,*,#2227,.T.);
#2303 = ( GEOMETRIC_REPRESENTATION_CONTEXT(3) 
GLOBAL_UNCERTAINTY_ASSIGNED_CONTEXT((#2307)) 
GLOBAL_UNIT_ASSIGNED_CONTEXT((#2304,#2305,#2306)) REPRESENTATION_CONTEXT
('Context #1','3D Context with UNIT and UNCERTAINTY') );
#2304 = ( LENGTH_UNIT() NAMED_UNIT(*) SI_UNIT(.MILLI.,.METRE.) );
#2305 = ( NAMED_UNIT(*) PLANE_ANGLE_UNIT() SI_UNIT($,.RADIAN.) );
#2306 = ( NAMED_UNIT(*) SI_UNIT($,.STERADIAN.) SOLID_ANGLE_UNIT() );
#2307 = UNCERTAINTY_MEASURE_WITH_UNIT(LENGTH_MEASURE(5.E-06),#2304,
  'distance_accuracy_value','confusion accuracy');
#2308 = PRODUCT_RELATED_PRODUCT_CATEGORY('part',$,(#7));
ENDSEC;
END-ISO-10303-21;
