"manufacturer","cartridge_mpn","compatibility","cartridge_charge_g","cartridge_count","total_inventory_g","scenario","temp_C","depth_m","theoretical_required_g","design_required_g","qualification_required_g","design_status","qualification_status","max_grid_design_depth_m","max_grid_qualification_depth_m","total_water_capacity_ml","estimated_outer_envelope_ml","estimated_cartridge_mass","inflator_branches","reset_burden"
"Leland","85202Z","PUBLISHED CONFIGURATION SUPPORTED","33","1","33","warm","25","0","119.31","142.65","156.92","FAIL","FAIL","UNSUPPORTED_AT_0_M","UNSUPPORTED_AT_0_M","45","64.4","UNVERIFIED; total gross mass must be quoted","1","LOW"
"Leland","85202Z","PUBLISHED CONFIGURATION SUPPORTED","33","1","33","warm","25","3","151.88","181.60","199.76","FAIL","FAIL","UNSUPPORTED_AT_0_M","UNSUPPORTED_AT_0_M","45","64.4","UNVERIFIED; total gross mass must be quoted","1","LOW"
"Leland","85202Z","PUBLISHED CONFIGURATION SUPPORTED","33","1","33","warm","25","5","173.66","207.63","228.40","FAIL","FAIL","UNSUPPORTED_AT_0_M","UNSUPPORTED_AT_0_M","45","64.4","UNVERIFIED; total gross mass must be quoted","1","LOW"
"Leland","85202Z","PUBLISHED CONFIGURATION SUPPORTED","33","1","33","warm","25","7.5","200.95","240.26","264.29","FAIL","FAIL","UNSUPPORTED_AT_0_M","UNSUPPORTED_AT_0_M","45","64.4","UNVERIFIED; total gross mass must be quoted","1","LOW"
"Leland","85202Z","PUBLISHED CONFIGURATION SUPPORTED","33","1","33","warm","25","10","228.31","272.98","300.28","FAIL","FAIL","UNSUPPORTED_AT_0_M","UNSUPPORTED_AT_0_M","45","64.4","UNVERIFIED; total gross mass must be quoted","1","LOW"
"Leland","85202Z","PUBLISHED CONFIGURATION SUPPORTED","33","1","33","warm","25","15","283.28","338.70","372.57","FAIL","FAIL","UNSUPPORTED_AT_0_M","UNSUPPORTED_AT_0_M","45","64.4","UNVERIFIED; total gross mass must be quoted","1","LOW"
"Leland","85202Z","PUBLISHED CONFIGURATION SUPPORTED","33","1","33","nominal","15","0","123.53","167.13","183.85","FAIL","FAIL","UNSUPPORTED_AT_0_M","UNSUPPORTED_AT_0_M","45","64.4","UNVERIFIED; total gross mass must be quoted","1","LOW"
"Leland","85202Z","PUBLISHED CONFIGURATION SUPPORTED","33","1","33","nominal","15","3","157.29","212.80","234.08","FAIL","FAIL","UNSUPPORTED_AT_0_M","UNSUPPORTED_AT_0_M","45","64.4","UNVERIFIED; total gross mass must be quoted","1","LOW"
"Leland","85202Z","PUBLISHED CONFIGURATION SUPPORTED","33","1","33","nominal","15","5","179.86","243.34","267.67","FAIL","FAIL","UNSUPPORTED_AT_0_M","UNSUPPORTED_AT_0_M","45","64.4","UNVERIFIED; total gross mass must be quoted","1","LOW"
"Leland","85202Z","PUBLISHED CONFIGURATION SUPPORTED","33","1","33","nominal","15","7.5","208.16","281.62","309.78","FAIL","FAIL","UNSUPPORTED_AT_0_M","UNSUPPORTED_AT_0_M","45","64.4","UNVERIFIED; total gross mass must be quoted","1","LOW"
"Leland","85202Z","PUBLISHED CONFIGURATION SUPPORTED","33","1","33","nominal","15","10","236.54","320.02","352.03","FAIL","FAIL","UNSUPPORTED_AT_0_M","UNSUPPORTED_AT_0_M","45","64.4","UNVERIFIED; total gross mass must be quoted","1","LOW"
"Leland","85202Z","PUBLISHED CONFIGURATION SUPPORTED","33","1","33","nominal","15","15","293.58","397.19","436.91","FAIL","FAIL","UNSUPPORTED_AT_0_M","UNSUPPORTED_AT_0_M","45","64.4","UNVERIFIED; total gross mass must be quoted","1","LOW"
"Leland","85202Z","PUBLISHED CONFIGURATION SUPPORTED","33","1","33","cold","0","0","130.47","208.75","229.63","FAIL","FAIL","UNSUPPORTED_AT_0_M","UNSUPPORTED_AT_0_M","45","64.4","UNVERIFIED; total gross mass must be quoted","1","LOW"
"Leland","85202Z","PUBLISHED CONFIGURATION SUPPORTED","33","1","33","cold","0","3","166.17","265.88","292.47","FAIL","FAIL","UNSUPPORTED_AT_0_M","UNSUPPORTED_AT_0_M","45","64.4","UNVERIFIED; total gross mass must be quoted","1","LOW"
"Leland","85202Z","PUBLISHED CONFIGURATION SUPPORTED","33","1","33","cold","0","5","190.06","304.10","334.51","FAIL","FAIL","UNSUPPORTED_AT_0_M","UNSUPPORTED_AT_0_M","45","64.4","UNVERIFIED; total gross mass must be quoted","1","LOW"
"Leland","85202Z","PUBLISHED CONFIGURATION SUPPORTED","33","1","33","cold","0","7.5","220.02","352.04","387.24","FAIL","FAIL","UNSUPPORTED_AT_0_M","UNSUPPORTED_AT_0_M","45","64.4","UNVERIFIED; total gross mass must be quoted","1","LOW"
"Leland","85202Z","PUBLISHED CONFIGURATION SUPPORTED","33","1","33","cold","0","10","250.10","400.15","440.17","FAIL","FAIL","UNSUPPORTED_AT_0_M","UNSUPPORTED_AT_0_M","45","64.4","UNVERIFIED; total gross mass must be quoted","1","LOW"
"Leland","85202Z","PUBLISHED CONFIGURATION SUPPORTED","33","1","33","cold","0","15","310.58","496.92","546.61","FAIL","FAIL","UNSUPPORTED_AT_0_M","UNSUPPORTED_AT_0_M","45","64.4","UNVERIFIED; total gross mass must be quoted","1","LOW"
"Leland","85202Z","PUBLISHED CONFIGURATION SUPPORTED","33","2","66","warm","25","0","119.31","142.65","156.92","FAIL","FAIL","UNSUPPORTED_AT_0_M","UNSUPPORTED_AT_0_M","90","128.8","UNVERIFIED; total gross mass must be quoted","2","LOW"
"Leland","85202Z","PUBLISHED CONFIGURATION SUPPORTED","33","2","66","warm","25","3","151.88","181.60","199.76","FAIL","FAIL","UNSUPPORTED_AT_0_M","UNSUPPORTED_AT_0_M","90","128.8","UNVERIFIED; total gross mass must be quoted","2","LOW"
"Leland","85202Z","PUBLISHED CONFIGURATION SUPPORTED","33","2","66","warm","25","5","173.66","207.63","228.40","FAIL","FAIL","UNSUPPORTED_AT_0_M","UNSUPPORTED_AT_0_M","90","128.8","UNVERIFIED; total gross mass must be quoted","2","LOW"
"Leland","85202Z","PUBLISHED CONFIGURATION SUPPORTED","33","2","66","warm","25","7.5","200.95","240.26","264.29","FAIL","FAIL","UNSUPPORTED_AT_0_M","UNSUPPORTED_AT_0_M","90","128.8","UNVERIFIED; total gross mass must be quoted","2","LOW"
"Leland","85202Z","PUBLISHED CONFIGURATION SUPPORTED","33","2","66","warm","25","10","228.31","272.98","300.28","FAIL","FAIL","UNSUPPORTED_AT_0_M","UNSUPPORTED_AT_0_M","90","128.8","UNVERIFIED; total gross mass must be quoted","2","LOW"
"Leland","85202Z","PUBLISHED CONFIGURATION SUPPORTED","33","2","66","warm","25","15","283.28","338.70","372.57","FAIL","FAIL","UNSUPPORTED_AT_0_M","UNSUPPORTED_AT_0_M","90","128.8","UNVERIFIED; total gross mass must be quoted","2","LOW"
"Leland","85202Z","PUBLISHED CONFIGURATION SUPPORTED","33","2","66","nominal","15","0","123.53","167.13","183.85","FAIL","FAIL","UNSUPPORTED_AT_0_M","UNSUPPORTED_AT_0_M","90","128.8","UNVERIFIED; total gross mass must be quoted","2","LOW"
"Leland","85202Z","PUBLISHED CONFIGURATION SUPPORTED","33","2","66","nominal","15","3","157.29","212.80","234.08","FAIL","FAIL","UNSUPPORTED_AT_0_M","UNSUPPORTED_AT_0_M","90","128.8","UNVERIFIED; total gross mass must be quoted","2","LOW"
"Leland","85202Z","PUBLISHED CONFIGURATION SUPPORTED","33","2","66","nominal","15","5","179.86","243.34","267.67","FAIL","FAIL","UNSUPPORTED_AT_0_M","UNSUPPORTED_AT_0_M","90","128.8","UNVERIFIED; total gross mass must be quoted","2","LOW"
"Leland","85202Z","PUBLISHED CONFIGURATION SUPPORTED","33","2","66","nominal","15","7.5","208.16","281.62","309.78","FAIL","FAIL","UNSUPPORTED_AT_0_M","UNSUPPORTED_AT_0_M","90","128.8","UNVERIFIED; total gross mass must be quoted","2","LOW"
"Leland","85202Z","PUBLISHED CONFIGURATION SUPPORTED","33","2","66","nominal","15","10","236.54","320.02","352.03","FAIL","FAIL","UNSUPPORTED_AT_0_M","UNSUPPORTED_AT_0_M","90","128.8","UNVERIFIED; total gross mass must be quoted","2","LOW"
"Leland","85202Z","PUBLISHED CONFIGURATION SUPPORTED","33","2","66","nominal","15","15","293.58","397.19","436.91","FAIL","FAIL","UNSUPPORTED_AT_0_M","UNSUPPORTED_AT_0_M","90","128.8","UNVERIFIED; total gross mass must be quoted","2","LOW"
"Leland","85202Z","PUBLISHED CONFIGURATION SUPPORTED","33","2","66","cold","0","0","130.47","208.75","229.63","FAIL","FAIL","UNSUPPORTED_AT_0_M","UNSUPPORTED_AT_0_M","90","128.8","UNVERIFIED; total gross mass must be quoted","2","LOW"
"Leland","85202Z","PUBLISHED CONFIGURATION SUPPORTED","33","2","66","cold","0","3","166.17","265.88","292.47","FAIL","FAIL","UNSUPPORTED_AT_0_M","UNSUPPORTED_AT_0_M","90","128.8","UNVERIFIED; total gross mass must be quoted","2","LOW"
"Leland","85202Z","PUBLISHED CONFIGURATION SUPPORTED","33","2","66","cold","0","5","190.06","304.10","334.51","FAIL","FAIL","UNSUPPORTED_AT_0_M","UNSUPPORTED_AT_0_M","90","128.8","UNVERIFIED; total gross mass must be quoted","2","LOW"
"Leland","85202Z","PUBLISHED CONFIGURATION SUPPORTED","33","2","66","cold","0","7.5","220.02","352.04","387.24","FAIL","FAIL","UNSUPPORTED_AT_0_M","UNSUPPORTED_AT_0_M","90","128.8","UNVERIFIED; total gross mass must be quoted","2","LOW"
"Leland","85202Z","PUBLISHED CONFIGURATION SUPPORTED","33","2","66","cold","0","10","250.10","400.15","440.17","FAIL","FAIL","UNSUPPORTED_AT_0_M","UNSUPPORTED_AT_0_M","90","128.8","UNVERIFIED; total gross mass must be quoted","2","LOW"
"Leland","85202Z","PUBLISHED CONFIGURATION SUPPORTED","33","2","66","cold","0","15","310.58","496.92","546.61","FAIL","FAIL","UNSUPPORTED_AT_0_M","UNSUPPORTED_AT_0_M","90","128.8","UNVERIFIED; total gross mass must be quoted","2","LOW"
"Leland","85202Z","PUBLISHED CONFIGURATION SUPPORTED","33","3","99","warm","25","0","119.31","142.65","156.92","FAIL","FAIL","UNSUPPORTED_AT_0_M","UNSUPPORTED_AT_0_M","135","193.2","UNVERIFIED; total gross mass must be quoted","3","LOW"
"Leland","85202Z","PUBLISHED CONFIGURATION SUPPORTED","33","3","99","warm","25","3","151.88","181.60","199.76","FAIL","FAIL","UNSUPPORTED_AT_0_M","UNSUPPORTED_AT_0_M","135","193.2","UNVERIFIED; total gross mass must be quoted","3","LOW"
"Leland","85202Z","PUBLISHED CONFIGURATION SUPPORTED","33","3","99","warm","25","5","173.66","207.63","228.40","FAIL","FAIL","UNSUPPORTED_AT_0_M","UNSUPPORTED_AT_0_M","135","193.2","UNVERIFIED; total gross mass must be quoted","3","LOW"
"Leland","85202Z","PUBLISHED CONFIGURATION SUPPORTED","33","3","99","warm","25","7.5","200.95","240.26","264.29","FAIL","FAIL","UNSUPPORTED_AT_0_M","UNSUPPORTED_AT_0_M","135","193.2","UNVERIFIED; total gross mass must be quoted","3","LOW"
"Leland","85202Z","PUBLISHED CONFIGURATION SUPPORTED","33","3","99","warm","25","10","228.31","272.98","300.28","FAIL","FAIL","UNSUPPORTED_AT_0_M","UNSUPPORTED_AT_0_M","135","193.2","UNVERIFIED; total gross mass must be quoted","3","LOW"
"Leland","85202Z","PUBLISHED CONFIGURATION SUPPORTED","33","3","99","warm","25","15","283.28","338.70","372.57","FAIL","FAIL","UNSUPPORTED_AT_0_M","UNSUPPORTED_AT_0_M","135","193.2","UNVERIFIED; total gross mass must be quoted","3","LOW"
"Leland","85202Z","PUBLISHED CONFIGURATION SUPPORTED","33","3","99","nominal","15","0","123.53","167.13","183.85","FAIL","FAIL","UNSUPPORTED_AT_0_M","UNSUPPORTED_AT_0_M","135","193.2","UNVERIFIED; total gross mass must be quoted","3","LOW"
"Leland","85202Z","PUBLISHED CONFIGURATION SUPPORTED","33","3","99","nominal","15","3","157.29","212.80","234.08","FAIL","FAIL","UNSUPPORTED_AT_0_M","UNSUPPORTED_AT_0_M","135","193.2","UNVERIFIED; total gross mass must be quoted","3","LOW"
"Leland","85202Z","PUBLISHED CONFIGURATION SUPPORTED","33","3","99","nominal","15","5","179.86","243.34","267.67","FAIL","FAIL","UNSUPPORTED_AT_0_M","UNSUPPORTED_AT_0_M","135","193.2","UNVERIFIED; total gross mass must be quoted","3","LOW"
"Leland","85202Z","PUBLISHED CONFIGURATION SUPPORTED","33","3","99","nominal","15","7.5","208.16","281.62","309.78","FAIL","FAIL","UNSUPPORTED_AT_0_M","UNSUPPORTED_AT_0_M","135","193.2","UNVERIFIED; total gross mass must be quoted","3","LOW"
"Leland","85202Z","PUBLISHED CONFIGURATION SUPPORTED","33","3","99","nominal","15","10","236.54","320.02","352.03","FAIL","FAIL","UNSUPPORTED_AT_0_M","UNSUPPORTED_AT_0_M","135","193.2","UNVERIFIED; total gross mass must be quoted","3","LOW"
"Leland","85202Z","PUBLISHED CONFIGURATION SUPPORTED","33","3","99","nominal","15","15","293.58","397.19","436.91","FAIL","FAIL","UNSUPPORTED_AT_0_M","UNSUPPORTED_AT_0_M","135","193.2","UNVERIFIED; total gross mass must be quoted","3","LOW"
"Leland","85202Z","PUBLISHED CONFIGURATION SUPPORTED","33","3","99","cold","0","0","130.47","208.75","229.63","FAIL","FAIL","UNSUPPORTED_AT_0_M","UNSUPPORTED_AT_0_M","135","193.2","UNVERIFIED; total gross mass must be quoted","3","LOW"
"Leland","85202Z","PUBLISHED CONFIGURATION SUPPORTED","33","3","99","cold","0","3","166.17","265.88","292.47","FAIL","FAIL","UNSUPPORTED_AT_0_M","UNSUPPORTED_AT_0_M","135","193.2","UNVERIFIED; total gross mass must be quoted","3","LOW"
"Leland","85202Z","PUBLISHED CONFIGURATION SUPPORTED","33","3","99","cold","0","5","190.06","304.10","334.51","FAIL","FAIL","UNSUPPORTED_AT_0_M","UNSUPPORTED_AT_0_M","135","193.2","UNVERIFIED; total gross mass must be quoted","3","LOW"
"Leland","85202Z","PUBLISHED CONFIGURATION SUPPORTED","33","3","99","cold","0","7.5","220.02","352.04","387.24","FAIL","FAIL","UNSUPPORTED_AT_0_M","UNSUPPORTED_AT_0_M","135","193.2","UNVERIFIED; total gross mass must be quoted","3","LOW"
"Leland","85202Z","PUBLISHED CONFIGURATION SUPPORTED","33","3","99","cold","0","10","250.10","400.15","440.17","FAIL","FAIL","UNSUPPORTED_AT_0_M","UNSUPPORTED_AT_0_M","135","193.2","UNVERIFIED; total gross mass must be quoted","3","LOW"
"Leland","85202Z","PUBLISHED CONFIGURATION SUPPORTED","33","3","99","cold","0","15","310.58","496.92","546.61","FAIL","FAIL","UNSUPPORTED_AT_0_M","UNSUPPORTED_AT_0_M","135","193.2","UNVERIFIED; total gross mass must be quoted","3","LOW"
"Leland","85202Z","PUBLISHED CONFIGURATION SUPPORTED","33","4","132","warm","25","0","119.31","142.65","156.92","FAIL","FAIL","UNSUPPORTED_AT_0_M","UNSUPPORTED_AT_0_M","180","257.6","UNVERIFIED; total gross mass must be quoted","4","MODERATE"
"Leland","85202Z","PUBLISHED CONFIGURATION SUPPORTED","33","4","132","warm","25","3","151.88","181.60","199.76","FAIL","FAIL","UNSUPPORTED_AT_0_M","UNSUPPORTED_AT_0_M","180","257.6","UNVERIFIED; total gross mass must be quoted","4","MODERATE"
"Leland","85202Z","PUBLISHED CONFIGURATION SUPPORTED","33","4","132","warm","25","5","173.66","207.63","228.40","FAIL","FAIL","UNSUPPORTED_AT_0_M","UNSUPPORTED_AT_0_M","180","257.6","UNVERIFIED; total gross mass must be quoted","4","MODERATE"
"Leland","85202Z","PUBLISHED CONFIGURATION SUPPORTED","33","4","132","warm","25","7.5","200.95","240.26","264.29","FAIL","FAIL","UNSUPPORTED_AT_0_M","UNSUPPORTED_AT_0_M","180","257.6","UNVERIFIED; total gross mass must be quoted","4","MODERATE"
"Leland","85202Z","PUBLISHED CONFIGURATION SUPPORTED","33","4","132","warm","25","10","228.31","272.98","300.28","FAIL","FAIL","UNSUPPORTED_AT_0_M","UNSUPPORTED_AT_0_M","180","257.6","UNVERIFIED; total gross mass must be quoted","4","MODERATE"
"Leland","85202Z","PUBLISHED CONFIGURATION SUPPORTED","33","4","132","warm","25","15","283.28","338.70","372.57","FAIL","FAIL","UNSUPPORTED_AT_0_M","UNSUPPORTED_AT_0_M","180","257.6","UNVERIFIED; total gross mass must be quoted","4","MODERATE"
"Leland","85202Z","PUBLISHED CONFIGURATION SUPPORTED","33","4","132","nominal","15","0","123.53","167.13","183.85","FAIL","FAIL","UNSUPPORTED_AT_0_M","UNSUPPORTED_AT_0_M","180","257.6","UNVERIFIED; total gross mass must be quoted","4","MODERATE"
"Leland","85202Z","PUBLISHED CONFIGURATION SUPPORTED","33","4","132","nominal","15","3","157.29","212.80","234.08","FAIL","FAIL","UNSUPPORTED_AT_0_M","UNSUPPORTED_AT_0_M","180","257.6","UNVERIFIED; total gross mass must be quoted","4","MODERATE"
"Leland","85202Z","PUBLISHED CONFIGURATION SUPPORTED","33","4","132","nominal","15","5","179.86","243.34","267.67","FAIL","FAIL","UNSUPPORTED_AT_0_M","UNSUPPORTED_AT_0_M","180","257.6","UNVERIFIED; total gross mass must be quoted","4","MODERATE"
"Leland","85202Z","PUBLISHED CONFIGURATION SUPPORTED","33","4","132","nominal","15","7.5","208.16","281.62","309.78","FAIL","FAIL","UNSUPPORTED_AT_0_M","UNSUPPORTED_AT_0_M","180","257.6","UNVERIFIED; total gross mass must be quoted","4","MODERATE"
"Leland","85202Z","PUBLISHED CONFIGURATION SUPPORTED","33","4","132","nominal","15","10","236.54","320.02","352.03","FAIL","FAIL","UNSUPPORTED_AT_0_M","UNSUPPORTED_AT_0_M","180","257.6","UNVERIFIED; total gross mass must be quoted","4","MODERATE"
"Leland","85202Z","PUBLISHED CONFIGURATION SUPPORTED","33","4","132","nominal","15","15","293.58","397.19","436.91","FAIL","FAIL","UNSUPPORTED_AT_0_M","UNSUPPORTED_AT_0_M","180","257.6","UNVERIFIED; total gross mass must be quoted","4","MODERATE"
"Leland","85202Z","PUBLISHED CONFIGURATION SUPPORTED","33","4","132","cold","0","0","130.47","208.75","229.63","FAIL","FAIL","UNSUPPORTED_AT_0_M","UNSUPPORTED_AT_0_M","180","257.6","UNVERIFIED; total gross mass must be quoted","4","MODERATE"
"Leland","85202Z","PUBLISHED CONFIGURATION SUPPORTED","33","4","132","cold","0","3","166.17","265.88","292.47","FAIL","FAIL","UNSUPPORTED_AT_0_M","UNSUPPORTED_AT_0_M","180","257.6","UNVERIFIED; total gross mass must be quoted","4","MODERATE"
"Leland","85202Z","PUBLISHED CONFIGURATION SUPPORTED","33","4","132","cold","0","5","190.06","304.10","334.51","FAIL","FAIL","UNSUPPORTED_AT_0_M","UNSUPPORTED_AT_0_M","180","257.6","UNVERIFIED; total gross mass must be quoted","4","MODERATE"
"Leland","85202Z","PUBLISHED CONFIGURATION SUPPORTED","33","4","132","cold","0","7.5","220.02","352.04","387.24","FAIL","FAIL","UNSUPPORTED_AT_0_M","UNSUPPORTED_AT_0_M","180","257.6","UNVERIFIED; total gross mass must be quoted","4","MODERATE"
"Leland","85202Z","PUBLISHED CONFIGURATION SUPPORTED","33","4","132","cold","0","10","250.10","400.15","440.17","FAIL","FAIL","UNSUPPORTED_AT_0_M","UNSUPPORTED_AT_0_M","180","257.6","UNVERIFIED; total gross mass must be quoted","4","MODERATE"
"Leland","85202Z","PUBLISHED CONFIGURATION SUPPORTED","33","4","132","cold","0","15","310.58","496.92","546.61","FAIL","FAIL","UNSUPPORTED_AT_0_M","UNSUPPORTED_AT_0_M","180","257.6","UNVERIFIED; total gross mass must be quoted","4","MODERATE"
"Leland","85202Z","PUBLISHED CONFIGURATION SUPPORTED","33","5","165","warm","25","0","119.31","142.65","156.92","PASS","PASS","0","0","225","322","UNVERIFIED; total gross mass must be quoted","5","MODERATE"
"Leland","85202Z","PUBLISHED CONFIGURATION SUPPORTED","33","5","165","warm","25","3","151.88","181.60","199.76","FAIL","FAIL","0","0","225","322","UNVERIFIED; total gross mass must be quoted","5","MODERATE"
"Leland","85202Z","PUBLISHED CONFIGURATION SUPPORTED","33","5","165","warm","25","5","173.66","207.63","228.40","FAIL","FAIL","0","0","225","322","UNVERIFIED; total gross mass must be quoted","5","MODERATE"
"Leland","85202Z","PUBLISHED CONFIGURATION SUPPORTED","33","5","165","warm","25","7.5","200.95","240.26","264.29","FAIL","FAIL","0","0","225","322","UNVERIFIED; total gross mass must be quoted","5","MODERATE"
"Leland","85202Z","PUBLISHED CONFIGURATION SUPPORTED","33","5","165","warm","25","10","228.31","272.98","300.28","FAIL","FAIL","0","0","225","322","UNVERIFIED; total gross mass must be quoted","5","MODERATE"
"Leland","85202Z","PUBLISHED CONFIGURATION SUPPORTED","33","5","165","warm","25","15","283.28","338.70","372.57","FAIL","FAIL","0","0","225","322","UNVERIFIED; total gross mass must be quoted","5","MODERATE"
"Leland","85202Z","PUBLISHED CONFIGURATION SUPPORTED","33","5","165","nominal","15","0","123.53","167.13","183.85","FAIL","FAIL","UNSUPPORTED_AT_0_M","UNSUPPORTED_AT_0_M","225","322","UNVERIFIED; total gross mass must be quoted","5","MODERATE"
"Leland","85202Z","PUBLISHED CONFIGURATION SUPPORTED","33","5","165","nominal","15","3","157.29","212.80","234.08","FAIL","FAIL","UNSUPPORTED_AT_0_M","UNSUPPORTED_AT_0_M","225","322","UNVERIFIED; total gross mass must be quoted","5","MODERATE"
"Leland","85202Z","PUBLISHED CONFIGURATION SUPPORTED","33","5","165","nominal","15","5","179.86","243.34","267.67","FAIL","FAIL","UNSUPPORTED_AT_0_M","UNSUPPORTED_AT_0_M","225","322","UNVERIFIED; total gross mass must be quoted","5","MODERATE"
"Leland","85202Z","PUBLISHED CONFIGURATION SUPPORTED","33","5","165","nominal","15","7.5","208.16","281.62","309.78","FAIL","FAIL","UNSUPPORTED_AT_0_M","UNSUPPORTED_AT_0_M","225","322","UNVERIFIED; total gross mass must be quoted","5","MODERATE"
"Leland","85202Z","PUBLISHED CONFIGURATION SUPPORTED","33","5","165","nominal","15","10","236.54","320.02","352.03","FAIL","FAIL","UNSUPPORTED_AT_0_M","UNSUPPORTED_AT_0_M","225","322","UNVERIFIED; total gross mass must be quoted","5","MODERATE"
"Leland","85202Z","PUBLISHED CONFIGURATION SUPPORTED","33","5","165","nominal","15","15","293.58","397.19","436.91","FAIL","FAIL","UNSUPPORTED_AT_0_M","UNSUPPORTED_AT_0_M","225","322","UNVERIFIED; total gross mass must be quoted","5","MODERATE"
"Leland","85202Z","PUBLISHED CONFIGURATION SUPPORTED","33","5","165","cold","0","0","130.47","208.75","229.63","FAIL","FAIL","UNSUPPORTED_AT_0_M","UNSUPPORTED_AT_0_M","225","322","UNVERIFIED; total gross mass must be quoted","5","MODERATE"
"Leland","85202Z","PUBLISHED CONFIGURATION SUPPORTED","33","5","165","cold","0","3","166.17","265.88","292.47","FAIL","FAIL","UNSUPPORTED_AT_0_M","UNSUPPORTED_AT_0_M","225","322","UNVERIFIED; total gross mass must be quoted","5","MODERATE"
"Leland","85202Z","PUBLISHED CONFIGURATION SUPPORTED","33","5","165","cold","0","5","190.06","304.10","334.51","FAIL","FAIL","UNSUPPORTED_AT_0_M","UNSUPPORTED_AT_0_M","225","322","UNVERIFIED; total gross mass must be quoted","5","MODERATE"
"Leland","85202Z","PUBLISHED CONFIGURATION SUPPORTED","33","5","165","cold","0","7.5","220.02","352.04","387.24","FAIL","FAIL","UNSUPPORTED_AT_0_M","UNSUPPORTED_AT_0_M","225","322","UNVERIFIED; total gross mass must be quoted","5","MODERATE"
"Leland","85202Z","PUBLISHED CONFIGURATION SUPPORTED","33","5","165","cold","0","10","250.10","400.15","440.17","FAIL","FAIL","UNSUPPORTED_AT_0_M","UNSUPPORTED_AT_0_M","225","322","UNVERIFIED; total gross mass must be quoted","5","MODERATE"
"Leland","85202Z","PUBLISHED CONFIGURATION SUPPORTED","33","5","165","cold","0","15","310.58","496.92","546.61","FAIL","FAIL","UNSUPPORTED_AT_0_M","UNSUPPORTED_AT_0_M","225","322","UNVERIFIED; total gross mass must be quoted","5","MODERATE"
"Leland","85202Z","PUBLISHED CONFIGURATION SUPPORTED","33","6","198","warm","25","0","119.31","142.65","156.92","PASS","PASS","3","0","270","386.4","UNVERIFIED; total gross mass must be quoted","6","HIGH"
"Leland","85202Z","PUBLISHED CONFIGURATION SUPPORTED","33","6","198","warm","25","3","151.88","181.60","199.76","PASS","FAIL","3","0","270","386.4","UNVERIFIED; total gross mass must be quoted","6","HIGH"
"Leland","85202Z","PUBLISHED CONFIGURATION SUPPORTED","33","6","198","warm","25","5","173.66","207.63","228.40","FAIL","FAIL","3","0","270","386.4","UNVERIFIED; total gross mass must be quoted","6","HIGH"
"Leland","85202Z","PUBLISHED CONFIGURATION SUPPORTED","33","6","198","warm","25","7.5","200.95","240.26","264.29","FAIL","FAIL","3","0","270","386.4","UNVERIFIED; total gross mass must be quoted","6","HIGH"
"Leland","85202Z","PUBLISHED CONFIGURATION SUPPORTED","33","6","198","warm","25","10","228.31","272.98","300.28","FAIL","FAIL","3","0","270","386.4","UNVERIFIED; total gross mass must be quoted","6","HIGH"
"Leland","85202Z","PUBLISHED CONFIGURATION SUPPORTED","33","6","198","warm","25","15","283.28","338.70","372.57","FAIL","FAIL","3","0","270","386.4","UNVERIFIED; total gross mass must be quoted","6","HIGH"
"Leland","85202Z","PUBLISHED CONFIGURATION SUPPORTED","33","6","198","nominal","15","0","123.53","167.13","183.85","PASS","PASS","0","0","270","386.4","UNVERIFIED; total gross mass must be quoted","6","HIGH"
"Leland","85202Z","PUBLISHED CONFIGURATION SUPPORTED","33","6","198","nominal","15","3","157.29","212.80","234.08","FAIL","FAIL","0","0","270","386.4","UNVERIFIED; total gross mass must be quoted","6","HIGH"
"Leland","85202Z","PUBLISHED CONFIGURATION SUPPORTED","33","6","198","nominal","15","5","179.86","243.34","267.67","FAIL","FAIL","0","0","270","386.4","UNVERIFIED; total gross mass must be quoted","6","HIGH"
"Leland","85202Z","PUBLISHED CONFIGURATION SUPPORTED","33","6","198","nominal","15","7.5","208.16","281.62","309.78","FAIL","FAIL","0","0","270","386.4","UNVERIFIED; total gross mass must be quoted","6","HIGH"
"Leland","85202Z","PUBLISHED CONFIGURATION SUPPORTED","33","6","198","nominal","15","10","236.54","320.02","352.03","FAIL","FAIL","0","0","270","386.4","UNVERIFIED; total gross mass must be quoted","6","HIGH"
"Leland","85202Z","PUBLISHED CONFIGURATION SUPPORTED","33","6","198","nominal","15","15","293.58","397.19","436.91","FAIL","FAIL","0","0","270","386.4","UNVERIFIED; total gross mass must be quoted","6","HIGH"
"Leland","85202Z","PUBLISHED CONFIGURATION SUPPORTED","33","6","198","cold","0","0","130.47","208.75","229.63","FAIL","FAIL","UNSUPPORTED_AT_0_M","UNSUPPORTED_AT_0_M","270","386.4","UNVERIFIED; total gross mass must be quoted","6","HIGH"
"Leland","85202Z","PUBLISHED CONFIGURATION SUPPORTED","33","6","198","cold","0","3","166.17","265.88","292.47","FAIL","FAIL","UNSUPPORTED_AT_0_M","UNSUPPORTED_AT_0_M","270","386.4","UNVERIFIED; total gross mass must be quoted","6","HIGH"
"Leland","85202Z","PUBLISHED CONFIGURATION SUPPORTED","33","6","198","cold","0","5","190.06","304.10","334.51","FAIL","FAIL","UNSUPPORTED_AT_0_M","UNSUPPORTED_AT_0_M","270","386.4","UNVERIFIED; total gross mass must be quoted","6","HIGH"
"Leland","85202Z","PUBLISHED CONFIGURATION SUPPORTED","33","6","198","cold","0","7.5","220.02","352.04","387.24","FAIL","FAIL","UNSUPPORTED_AT_0_M","UNSUPPORTED_AT_0_M","270","386.4","UNVERIFIED; total gross mass must be quoted","6","HIGH"
"Leland","85202Z","PUBLISHED CONFIGURATION SUPPORTED","33","6","198","cold","0","10","250.10","400.15","440.17","FAIL","FAIL","UNSUPPORTED_AT_0_M","UNSUPPORTED_AT_0_M","270","386.4","UNVERIFIED; total gross mass must be quoted","6","HIGH"
"Leland","85202Z","PUBLISHED CONFIGURATION SUPPORTED","33","6","198","cold","0","15","310.58","496.92","546.61","FAIL","FAIL","UNSUPPORTED_AT_0_M","UNSUPPORTED_AT_0_M","270","386.4","UNVERIFIED; total gross mass must be quoted","6","HIGH"
"Leland","85202Z","PUBLISHED CONFIGURATION SUPPORTED","33","7","231","warm","25","0","119.31","142.65","156.92","PASS","PASS","5","5","315","450.8","UNVERIFIED; total gross mass must be quoted","7","HIGH"
"Leland","85202Z","PUBLISHED CONFIGURATION SUPPORTED","33","7","231","warm","25","3","151.88","181.60","199.76","PASS","PASS","5","5","315","450.8","UNVERIFIED; total gross mass must be quoted","7","HIGH"
"Leland","85202Z","PUBLISHED CONFIGURATION SUPPORTED","33","7","231","warm","25","5","173.66","207.63","228.40","PASS","PASS","5","5","315","450.8","UNVERIFIED; total gross mass must be quoted","7","HIGH"
"Leland","85202Z","PUBLISHED CONFIGURATION SUPPORTED","33","7","231","warm","25","7.5","200.95","240.26","264.29","FAIL","FAIL","5","5","315","450.8","UNVERIFIED; total gross mass must be quoted","7","HIGH"
"Leland","85202Z","PUBLISHED CONFIGURATION SUPPORTED","33","7","231","warm","25","10","228.31","272.98","300.28","FAIL","FAIL","5","5","315","450.8","UNVERIFIED; total gross mass must be quoted","7","HIGH"
"Leland","85202Z","PUBLISHED CONFIGURATION SUPPORTED","33","7","231","warm","25","15","283.28","338.70","372.57","FAIL","FAIL","5","5","315","450.8","UNVERIFIED; total gross mass must be quoted","7","HIGH"
"Leland","85202Z","PUBLISHED CONFIGURATION SUPPORTED","33","7","231","nominal","15","0","123.53","167.13","183.85","PASS","PASS","3","0","315","450.8","UNVERIFIED; total gross mass must be quoted","7","HIGH"
"Leland","85202Z","PUBLISHED CONFIGURATION SUPPORTED","33","7","231","nominal","15","3","157.29","212.80","234.08","PASS","FAIL","3","0","315","450.8","UNVERIFIED; total gross mass must be quoted","7","HIGH"
"Leland","85202Z","PUBLISHED CONFIGURATION SUPPORTED","33","7","231","nominal","15","5","179.86","243.34","267.67","FAIL","FAIL","3","0","315","450.8","UNVERIFIED; total gross mass must be quoted","7","HIGH"
"Leland","85202Z","PUBLISHED CONFIGURATION SUPPORTED","33","7","231","nominal","15","7.5","208.16","281.62","309.78","FAIL","FAIL","3","0","315","450.8","UNVERIFIED; total gross mass must be quoted","7","HIGH"
"Leland","85202Z","PUBLISHED CONFIGURATION SUPPORTED","33","7","231","nominal","15","10","236.54","320.02","352.03","FAIL","FAIL","3","0","315","450.8","UNVERIFIED; total gross mass must be quoted","7","HIGH"
"Leland","85202Z","PUBLISHED CONFIGURATION SUPPORTED","33","7","231","nominal","15","15","293.58","397.19","436.91","FAIL","FAIL","3","0","315","450.8","UNVERIFIED; total gross mass must be quoted","7","HIGH"
"Leland","85202Z","PUBLISHED CONFIGURATION SUPPORTED","33","7","231","cold","0","0","130.47","208.75","229.63","PASS","PASS","0","0","315","450.8","UNVERIFIED; total gross mass must be quoted","7","HIGH"
"Leland","85202Z","PUBLISHED CONFIGURATION SUPPORTED","33","7","231","cold","0","3","166.17","265.88","292.47","FAIL","FAIL","0","0","315","450.8","UNVERIFIED; total gross mass must be quoted","7","HIGH"
"Leland","85202Z","PUBLISHED CONFIGURATION SUPPORTED","33","7","231","cold","0","5","190.06","304.10","334.51","FAIL","FAIL","0","0","315","450.8","UNVERIFIED; total gross mass must be quoted","7","HIGH"
"Leland","85202Z","PUBLISHED CONFIGURATION SUPPORTED","33","7","231","cold","0","7.5","220.02","352.04","387.24","FAIL","FAIL","0","0","315","450.8","UNVERIFIED; total gross mass must be quoted","7","HIGH"
"Leland","85202Z","PUBLISHED CONFIGURATION SUPPORTED","33","7","231","cold","0","10","250.10","400.15","440.17","FAIL","FAIL","0","0","315","450.8","UNVERIFIED; total gross mass must be quoted","7","HIGH"
"Leland","85202Z","PUBLISHED CONFIGURATION SUPPORTED","33","7","231","cold","0","15","310.58","496.92","546.61","FAIL","FAIL","0","0","315","450.8","UNVERIFIED; total gross mass must be quoted","7","HIGH"
"Leland","86202Z","PUBLISHED CONFIGURATION SUPPORTED","38","1","38","warm","25","0","119.31","142.65","156.92","FAIL","FAIL","UNSUPPORTED_AT_0_M","UNSUPPORTED_AT_0_M","50","83.3","UNVERIFIED; total gross mass must be quoted","1","LOW"
"Leland","86202Z","PUBLISHED CONFIGURATION SUPPORTED","38","1","38","warm","25","3","151.88","181.60","199.76","FAIL","FAIL","UNSUPPORTED_AT_0_M","UNSUPPORTED_AT_0_M","50","83.3","UNVERIFIED; total gross mass must be quoted","1","LOW"
"Leland","86202Z","PUBLISHED CONFIGURATION SUPPORTED","38","1","38","warm","25","5","173.66","207.63","228.40","FAIL","FAIL","UNSUPPORTED_AT_0_M","UNSUPPORTED_AT_0_M","50","83.3","UNVERIFIED; total gross mass must be quoted","1","LOW"
"Leland","86202Z","PUBLISHED CONFIGURATION SUPPORTED","38","1","38","warm","25","7.5","200.95","240.26","264.29","FAIL","FAIL","UNSUPPORTED_AT_0_M","UNSUPPORTED_AT_0_M","50","83.3","UNVERIFIED; total gross mass must be quoted","1","LOW"
"Leland","86202Z","PUBLISHED CONFIGURATION SUPPORTED","38","1","38","warm","25","10","228.31","272.98","300.28","FAIL","FAIL","UNSUPPORTED_AT_0_M","UNSUPPORTED_AT_0_M","50","83.3","UNVERIFIED; total gross mass must be quoted","1","LOW"
"Leland","86202Z","PUBLISHED CONFIGURATION SUPPORTED","38","1","38","warm","25","15","283.28","338.70","372.57","FAIL","FAIL","UNSUPPORTED_AT_0_M","UNSUPPORTED_AT_0_M","50","83.3","UNVERIFIED; total gross mass must be quoted","1","LOW"
"Leland","86202Z","PUBLISHED CONFIGURATION SUPPORTED","38","1","38","nominal","15","0","123.53","167.13","183.85","FAIL","FAIL","UNSUPPORTED_AT_0_M","UNSUPPORTED_AT_0_M","50","83.3","UNVERIFIED; total gross mass must be quoted","1","LOW"
"Leland","86202Z","PUBLISHED CONFIGURATION SUPPORTED","38","1","38","nominal","15","3","157.29","212.80","234.08","FAIL","FAIL","UNSUPPORTED_AT_0_M","UNSUPPORTED_AT_0_M","50","83.3","UNVERIFIED; total gross mass must be quoted","1","LOW"
"Leland","86202Z","PUBLISHED CONFIGURATION SUPPORTED","38","1","38","nominal","15","5","179.86","243.34","267.67","FAIL","FAIL","UNSUPPORTED_AT_0_M","UNSUPPORTED_AT_0_M","50","83.3","UNVERIFIED; total gross mass must be quoted","1","LOW"
"Leland","86202Z","PUBLISHED CONFIGURATION SUPPORTED","38","1","38","nominal","15","7.5","208.16","281.62","309.78","FAIL","FAIL","UNSUPPORTED_AT_0_M","UNSUPPORTED_AT_0_M","50","83.3","UNVERIFIED; total gross mass must be quoted","1","LOW"
"Leland","86202Z","PUBLISHED CONFIGURATION SUPPORTED","38","1","38","nominal","15","10","236.54","320.02","352.03","FAIL","FAIL","UNSUPPORTED_AT_0_M","UNSUPPORTED_AT_0_M","50","83.3","UNVERIFIED; total gross mass must be quoted","1","LOW"
"Leland","86202Z","PUBLISHED CONFIGURATION SUPPORTED","38","1","38","nominal","15","15","293.58","397.19","436.91","FAIL","FAIL","UNSUPPORTED_AT_0_M","UNSUPPORTED_AT_0_M","50","83.3","UNVERIFIED; total gross mass must be quoted","1","LOW"
"Leland","86202Z","PUBLISHED CONFIGURATION SUPPORTED","38","1","38","cold","0","0","130.47","208.75","229.63","FAIL","FAIL","UNSUPPORTED_AT_0_M","UNSUPPORTED_AT_0_M","50","83.3","UNVERIFIED; total gross mass must be quoted","1","LOW"
"Leland","86202Z","PUBLISHED CONFIGURATION SUPPORTED","38","1","38","cold","0","3","166.17","265.88","292.47","FAIL","FAIL","UNSUPPORTED_AT_0_M","UNSUPPORTED_AT_0_M","50","83.3","UNVERIFIED; total gross mass must be quoted","1","LOW"
"Leland","86202Z","PUBLISHED CONFIGURATION SUPPORTED","38","1","38","cold","0","5","190.06","304.10","334.51","FAIL","FAIL","UNSUPPORTED_AT_0_M","UNSUPPORTED_AT_0_M","50","83.3","UNVERIFIED; total gross mass must be quoted","1","LOW"
"Leland","86202Z","PUBLISHED CONFIGURATION SUPPORTED","38","1","38","cold","0","7.5","220.02","352.04","387.24","FAIL","FAIL","UNSUPPORTED_AT_0_M","UNSUPPORTED_AT_0_M","50","83.3","UNVERIFIED; total gross mass must be quoted","1","LOW"
"Leland","86202Z","PUBLISHED CONFIGURATION SUPPORTED","38","1","38","cold","0","10","250.10","400.15","440.17","FAIL","FAIL","UNSUPPORTED_AT_0_M","UNSUPPORTED_AT_0_M","50","83.3","UNVERIFIED; total gross mass must be quoted","1","LOW"
"Leland","86202Z","PUBLISHED CONFIGURATION SUPPORTED","38","1","38","cold","0","15","310.58","496.92","546.61","FAIL","FAIL","UNSUPPORTED_AT_0_M","UNSUPPORTED_AT_0_M","50","83.3","UNVERIFIED; total gross mass must be quoted","1","LOW"
"Leland","86202Z","PUBLISHED CONFIGURATION SUPPORTED","38","2","76","warm","25","0","119.31","142.65","156.92","FAIL","FAIL","UNSUPPORTED_AT_0_M","UNSUPPORTED_AT_0_M","100","166.6","UNVERIFIED; total gross mass must be quoted","2","LOW"
"Leland","86202Z","PUBLISHED CONFIGURATION SUPPORTED","38","2","76","warm","25","3","151.88","181.60","199.76","FAIL","FAIL","UNSUPPORTED_AT_0_M","UNSUPPORTED_AT_0_M","100","166.6","UNVERIFIED; total gross mass must be quoted","2","LOW"
"Leland","86202Z","PUBLISHED CONFIGURATION SUPPORTED","38","2","76","warm","25","5","173.66","207.63","228.40","FAIL","FAIL","UNSUPPORTED_AT_0_M","UNSUPPORTED_AT_0_M","100","166.6","UNVERIFIED; total gross mass must be quoted","2","LOW"
"Leland","86202Z","PUBLISHED CONFIGURATION SUPPORTED","38","2","76","warm","25","7.5","200.95","240.26","264.29","FAIL","FAIL","UNSUPPORTED_AT_0_M","UNSUPPORTED_AT_0_M","100","166.6","UNVERIFIED; total gross mass must be quoted","2","LOW"
"Leland","86202Z","PUBLISHED CONFIGURATION SUPPORTED","38","2","76","warm","25","10","228.31","272.98","300.28","FAIL","FAIL","UNSUPPORTED_AT_0_M","UNSUPPORTED_AT_0_M","100","166.6","UNVERIFIED; total gross mass must be quoted","2","LOW"
"Leland","86202Z","PUBLISHED CONFIGURATION SUPPORTED","38","2","76","warm","25","15","283.28","338.70","372.57","FAIL","FAIL","UNSUPPORTED_AT_0_M","UNSUPPORTED_AT_0_M","100","166.6","UNVERIFIED; total gross mass must be quoted","2","LOW"
"Leland","86202Z","PUBLISHED CONFIGURATION SUPPORTED","38","2","76","nominal","15","0","123.53","167.13","183.85","FAIL","FAIL","UNSUPPORTED_AT_0_M","UNSUPPORTED_AT_0_M","100","166.6","UNVERIFIED; total gross mass must be quoted","2","LOW"
"Leland","86202Z","PUBLISHED CONFIGURATION SUPPORTED","38","2","76","nominal","15","3","157.29","212.80","234.08","FAIL","FAIL","UNSUPPORTED_AT_0_M","UNSUPPORTED_AT_0_M","100","166.6","UNVERIFIED; total gross mass must be quoted","2","LOW"
"Leland","86202Z","PUBLISHED CONFIGURATION SUPPORTED","38","2","76","nominal","15","5","179.86","243.34","267.67","FAIL","FAIL","UNSUPPORTED_AT_0_M","UNSUPPORTED_AT_0_M","100","166.6","UNVERIFIED; total gross mass must be quoted","2","LOW"
"Leland","86202Z","PUBLISHED CONFIGURATION SUPPORTED","38","2","76","nominal","15","7.5","208.16","281.62","309.78","FAIL","FAIL","UNSUPPORTED_AT_0_M","UNSUPPORTED_AT_0_M","100","166.6","UNVERIFIED; total gross mass must be quoted","2","LOW"
"Leland","86202Z","PUBLISHED CONFIGURATION SUPPORTED","38","2","76","nominal","15","10","236.54","320.02","352.03","FAIL","FAIL","UNSUPPORTED_AT_0_M","UNSUPPORTED_AT_0_M","100","166.6","UNVERIFIED; total gross mass must be quoted","2","LOW"
"Leland","86202Z","PUBLISHED CONFIGURATION SUPPORTED","38","2","76","nominal","15","15","293.58","397.19","436.91","FAIL","FAIL","UNSUPPORTED_AT_0_M","UNSUPPORTED_AT_0_M","100","166.6","UNVERIFIED; total gross mass must be quoted","2","LOW"
"Leland","86202Z","PUBLISHED CONFIGURATION SUPPORTED","38","2","76","cold","0","0","130.47","208.75","229.63","FAIL","FAIL","UNSUPPORTED_AT_0_M","UNSUPPORTED_AT_0_M","100","166.6","UNVERIFIED; total gross mass must be quoted","2","LOW"
"Leland","86202Z","PUBLISHED CONFIGURATION SUPPORTED","38","2","76","cold","0","3","166.17","265.88","292.47","FAIL","FAIL","UNSUPPORTED_AT_0_M","UNSUPPORTED_AT_0_M","100","166.6","UNVERIFIED; total gross mass must be quoted","2","LOW"
"Leland","86202Z","PUBLISHED CONFIGURATION SUPPORTED","38","2","76","cold","0","5","190.06","304.10","334.51","FAIL","FAIL","UNSUPPORTED_AT_0_M","UNSUPPORTED_AT_0_M","100","166.6","UNVERIFIED; total gross mass must be quoted","2","LOW"
"Leland","86202Z","PUBLISHED CONFIGURATION SUPPORTED","38","2","76","cold","0","7.5","220.02","352.04","387.24","FAIL","FAIL","UNSUPPORTED_AT_0_M","UNSUPPORTED_AT_0_M","100","166.6","UNVERIFIED; total gross mass must be quoted","2","LOW"
"Leland","86202Z","PUBLISHED CONFIGURATION SUPPORTED","38","2","76","cold","0","10","250.10","400.15","440.17","FAIL","FAIL","UNSUPPORTED_AT_0_M","UNSUPPORTED_AT_0_M","100","166.6","UNVERIFIED; total gross mass must be quoted","2","LOW"
"Leland","86202Z","PUBLISHED CONFIGURATION SUPPORTED","38","2","76","cold","0","15","310.58","496.92","546.61","FAIL","FAIL","UNSUPPORTED_AT_0_M","UNSUPPORTED_AT_0_M","100","166.6","UNVERIFIED; total gross mass must be quoted","2","LOW"
"Leland","86202Z","PUBLISHED CONFIGURATION SUPPORTED","38","3","114","warm","25","0","119.31","142.65","156.92","FAIL","FAIL","UNSUPPORTED_AT_0_M","UNSUPPORTED_AT_0_M","150","249.9","UNVERIFIED; total gross mass must be quoted","3","LOW"
"Leland","86202Z","PUBLISHED CONFIGURATION SUPPORTED","38","3","114","warm","25","3","151.88","181.60","199.76","FAIL","FAIL","UNSUPPORTED_AT_0_M","UNSUPPORTED_AT_0_M","150","249.9","UNVERIFIED; total gross mass must be quoted","3","LOW"
"Leland","86202Z","PUBLISHED CONFIGURATION SUPPORTED","38","3","114","warm","25","5","173.66","207.63","228.40","FAIL","FAIL","UNSUPPORTED_AT_0_M","UNSUPPORTED_AT_0_M","150","249.9","UNVERIFIED; total gross mass must be quoted","3","LOW"
"Leland","86202Z","PUBLISHED CONFIGURATION SUPPORTED","38","3","114","warm","25","7.5","200.95","240.26","264.29","FAIL","FAIL","UNSUPPORTED_AT_0_M","UNSUPPORTED_AT_0_M","150","249.9","UNVERIFIED; total gross mass must be quoted","3","LOW"
"Leland","86202Z","PUBLISHED CONFIGURATION SUPPORTED","38","3","114","warm","25","10","228.31","272.98","300.28","FAIL","FAIL","UNSUPPORTED_AT_0_M","UNSUPPORTED_AT_0_M","150","249.9","UNVERIFIED; total gross mass must be quoted","3","LOW"
"Leland","86202Z","PUBLISHED CONFIGURATION SUPPORTED","38","3","114","warm","25","15","283.28","338.70","372.57","FAIL","FAIL","UNSUPPORTED_AT_0_M","UNSUPPORTED_AT_0_M","150","249.9","UNVERIFIED; total gross mass must be quoted","3","LOW"
"Leland","86202Z","PUBLISHED CONFIGURATION SUPPORTED","38","3","114","nominal","15","0","123.53","167.13","183.85","FAIL","FAIL","UNSUPPORTED_AT_0_M","UNSUPPORTED_AT_0_M","150","249.9","UNVERIFIED; total gross mass must be quoted","3","LOW"
"Leland","86202Z","PUBLISHED CONFIGURATION SUPPORTED","38","3","114","nominal","15","3","157.29","212.80","234.08","FAIL","FAIL","UNSUPPORTED_AT_0_M","UNSUPPORTED_AT_0_M","150","249.9","UNVERIFIED; total gross mass must be quoted","3","LOW"
"Leland","86202Z","PUBLISHED CONFIGURATION SUPPORTED","38","3","114","nominal","15","5","179.86","243.34","267.67","FAIL","FAIL","UNSUPPORTED_AT_0_M","UNSUPPORTED_AT_0_M","150","249.9","UNVERIFIED; total gross mass must be quoted","3","LOW"
"Leland","86202Z","PUBLISHED CONFIGURATION SUPPORTED","38","3","114","nominal","15","7.5","208.16","281.62","309.78","FAIL","FAIL","UNSUPPORTED_AT_0_M","UNSUPPORTED_AT_0_M","150","249.9","UNVERIFIED; total gross mass must be quoted","3","LOW"
"Leland","86202Z","PUBLISHED CONFIGURATION SUPPORTED","38","3","114","nominal","15","10","236.54","320.02","352.03","FAIL","FAIL","UNSUPPORTED_AT_0_M","UNSUPPORTED_AT_0_M","150","249.9","UNVERIFIED; total gross mass must be quoted","3","LOW"
"Leland","86202Z","PUBLISHED CONFIGURATION SUPPORTED","38","3","114","nominal","15","15","293.58","397.19","436.91","FAIL","FAIL","UNSUPPORTED_AT_0_M","UNSUPPORTED_AT_0_M","150","249.9","UNVERIFIED; total gross mass must be quoted","3","LOW"
"Leland","86202Z","PUBLISHED CONFIGURATION SUPPORTED","38","3","114","cold","0","0","130.47","208.75","229.63","FAIL","FAIL","UNSUPPORTED_AT_0_M","UNSUPPORTED_AT_0_M","150","249.9","UNVERIFIED; total gross mass must be quoted","3","LOW"
"Leland","86202Z","PUBLISHED CONFIGURATION SUPPORTED","38","3","114","cold","0","3","166.17","265.88","292.47","FAIL","FAIL","UNSUPPORTED_AT_0_M","UNSUPPORTED_AT_0_M","150","249.9","UNVERIFIED; total gross mass must be quoted","3","LOW"
"Leland","86202Z","PUBLISHED CONFIGURATION SUPPORTED","38","3","114","cold","0","5","190.06","304.10","334.51","FAIL","FAIL","UNSUPPORTED_AT_0_M","UNSUPPORTED_AT_0_M","150","249.9","UNVERIFIED; total gross mass must be quoted","3","LOW"
"Leland","86202Z","PUBLISHED CONFIGURATION SUPPORTED","38","3","114","cold","0","7.5","220.02","352.04","387.24","FAIL","FAIL","UNSUPPORTED_AT_0_M","UNSUPPORTED_AT_0_M","150","249.9","UNVERIFIED; total gross mass must be quoted","3","LOW"
"Leland","86202Z","PUBLISHED CONFIGURATION SUPPORTED","38","3","114","cold","0","10","250.10","400.15","440.17","FAIL","FAIL","UNSUPPORTED_AT_0_M","UNSUPPORTED_AT_0_M","150","249.9","UNVERIFIED; total gross mass must be quoted","3","LOW"
"Leland","86202Z","PUBLISHED CONFIGURATION SUPPORTED","38","3","114","cold","0","15","310.58","496.92","546.61","FAIL","FAIL","UNSUPPORTED_AT_0_M","UNSUPPORTED_AT_0_M","150","249.9","UNVERIFIED; total gross mass must be quoted","3","LOW"
"Leland","86202Z","PUBLISHED CONFIGURATION SUPPORTED","38","4","152","warm","25","0","119.31","142.65","156.92","PASS","FAIL","0","UNSUPPORTED_AT_0_M","200","333.2","UNVERIFIED; total gross mass must be quoted","4","MODERATE"
"Leland","86202Z","PUBLISHED CONFIGURATION SUPPORTED","38","4","152","warm","25","3","151.88","181.60","199.76","FAIL","FAIL","0","UNSUPPORTED_AT_0_M","200","333.2","UNVERIFIED; total gross mass must be quoted","4","MODERATE"
"Leland","86202Z","PUBLISHED CONFIGURATION SUPPORTED","38","4","152","warm","25","5","173.66","207.63","228.40","FAIL","FAIL","0","UNSUPPORTED_AT_0_M","200","333.2","UNVERIFIED; total gross mass must be quoted","4","MODERATE"
"Leland","86202Z","PUBLISHED CONFIGURATION SUPPORTED","38","4","152","warm","25","7.5","200.95","240.26","264.29","FAIL","FAIL","0","UNSUPPORTED_AT_0_M","200","333.2","UNVERIFIED; total gross mass must be quoted","4","MODERATE"
"Leland","86202Z","PUBLISHED CONFIGURATION SUPPORTED","38","4","152","warm","25","10","228.31","272.98","300.28","FAIL","FAIL","0","UNSUPPORTED_AT_0_M","200","333.2","UNVERIFIED; total gross mass must be quoted","4","MODERATE"
"Leland","86202Z","PUBLISHED CONFIGURATION SUPPORTED","38","4","152","warm","25","15","283.28","338.70","372.57","FAIL","FAIL","0","UNSUPPORTED_AT_0_M","200","333.2","UNVERIFIED; total gross mass must be quoted","4","MODERATE"
"Leland","86202Z","PUBLISHED CONFIGURATION SUPPORTED","38","4","152","nominal","15","0","123.53","167.13","183.85","FAIL","FAIL","UNSUPPORTED_AT_0_M","UNSUPPORTED_AT_0_M","200","333.2","UNVERIFIED; total gross mass must be quoted","4","MODERATE"
"Leland","86202Z","PUBLISHED CONFIGURATION SUPPORTED","38","4","152","nominal","15","3","157.29","212.80","234.08","FAIL","FAIL","UNSUPPORTED_AT_0_M","UNSUPPORTED_AT_0_M","200","333.2","UNVERIFIED; total gross mass must be quoted","4","MODERATE"
"Leland","86202Z","PUBLISHED CONFIGURATION SUPPORTED","38","4","152","nominal","15","5","179.86","243.34","267.67","FAIL","FAIL","UNSUPPORTED_AT_0_M","UNSUPPORTED_AT_0_M","200","333.2","UNVERIFIED; total gross mass must be quoted","4","MODERATE"
"Leland","86202Z","PUBLISHED CONFIGURATION SUPPORTED","38","4","152","nominal","15","7.5","208.16","281.62","309.78","FAIL","FAIL","UNSUPPORTED_AT_0_M","UNSUPPORTED_AT_0_M","200","333.2","UNVERIFIED; total gross mass must be quoted","4","MODERATE"
"Leland","86202Z","PUBLISHED CONFIGURATION SUPPORTED","38","4","152","nominal","15","10","236.54","320.02","352.03","FAIL","FAIL","UNSUPPORTED_AT_0_M","UNSUPPORTED_AT_0_M","200","333.2","UNVERIFIED; total gross mass must be quoted","4","MODERATE"
"Leland","86202Z","PUBLISHED CONFIGURATION SUPPORTED","38","4","152","nominal","15","15","293.58","397.19","436.91","FAIL","FAIL","UNSUPPORTED_AT_0_M","UNSUPPORTED_AT_0_M","200","333.2","UNVERIFIED; total gross mass must be quoted","4","MODERATE"
"Leland","86202Z","PUBLISHED CONFIGURATION SUPPORTED","38","4","152","cold","0","0","130.47","208.75","229.63","FAIL","FAIL","UNSUPPORTED_AT_0_M","UNSUPPORTED_AT_0_M","200","333.2","UNVERIFIED; total gross mass must be quoted","4","MODERATE"
"Leland","86202Z","PUBLISHED CONFIGURATION SUPPORTED","38","4","152","cold","0","3","166.17","265.88","292.47","FAIL","FAIL","UNSUPPORTED_AT_0_M","UNSUPPORTED_AT_0_M","200","333.2","UNVERIFIED; total gross mass must be quoted","4","MODERATE"
"Leland","86202Z","PUBLISHED CONFIGURATION SUPPORTED","38","4","152","cold","0","5","190.06","304.10","334.51","FAIL","FAIL","UNSUPPORTED_AT_0_M","UNSUPPORTED_AT_0_M","200","333.2","UNVERIFIED; total gross mass must be quoted","4","MODERATE"
"Leland","86202Z","PUBLISHED CONFIGURATION SUPPORTED","38","4","152","cold","0","7.5","220.02","352.04","387.24","FAIL","FAIL","UNSUPPORTED_AT_0_M","UNSUPPORTED_AT_0_M","200","333.2","UNVERIFIED; total gross mass must be quoted","4","MODERATE"
"Leland","86202Z","PUBLISHED CONFIGURATION SUPPORTED","38","4","152","cold","0","10","250.10","400.15","440.17","FAIL","FAIL","UNSUPPORTED_AT_0_M","UNSUPPORTED_AT_0_M","200","333.2","UNVERIFIED; total gross mass must be quoted","4","MODERATE"
"Leland","86202Z","PUBLISHED CONFIGURATION SUPPORTED","38","4","152","cold","0","15","310.58","496.92","546.61","FAIL","FAIL","UNSUPPORTED_AT_0_M","UNSUPPORTED_AT_0_M","200","333.2","UNVERIFIED; total gross mass must be quoted","4","MODERATE"
"Leland","86202Z","PUBLISHED CONFIGURATION SUPPORTED","38","5","190","warm","25","0","119.31","142.65","156.92","PASS","PASS","3","0","250","416.5","UNVERIFIED; total gross mass must be quoted","5","MODERATE"
"Leland","86202Z","PUBLISHED CONFIGURATION SUPPORTED","38","5","190","warm","25","3","151.88","181.60","199.76","PASS","FAIL","3","0","250","416.5","UNVERIFIED; total gross mass must be quoted","5","MODERATE"
"Leland","86202Z","PUBLISHED CONFIGURATION SUPPORTED","38","5","190","warm","25","5","173.66","207.63","228.40","FAIL","FAIL","3","0","250","416.5","UNVERIFIED; total gross mass must be quoted","5","MODERATE"
"Leland","86202Z","PUBLISHED CONFIGURATION SUPPORTED","38","5","190","warm","25","7.5","200.95","240.26","264.29","FAIL","FAIL","3","0","250","416.5","UNVERIFIED; total gross mass must be quoted","5","MODERATE"
"Leland","86202Z","PUBLISHED CONFIGURATION SUPPORTED","38","5","190","warm","25","10","228.31","272.98","300.28","FAIL","FAIL","3","0","250","416.5","UNVERIFIED; total gross mass must be quoted","5","MODERATE"
"Leland","86202Z","PUBLISHED CONFIGURATION SUPPORTED","38","5","190","warm","25","15","283.28","338.70","372.57","FAIL","FAIL","3","0","250","416.5","UNVERIFIED; total gross mass must be quoted","5","MODERATE"
"Leland","86202Z","PUBLISHED CONFIGURATION SUPPORTED","38","5","190","nominal","15","0","123.53","167.13","183.85","PASS","PASS","0","0","250","416.5","UNVERIFIED; total gross mass must be quoted","5","MODERATE"
"Leland","86202Z","PUBLISHED CONFIGURATION SUPPORTED","38","5","190","nominal","15","3","157.29","212.80","234.08","FAIL","FAIL","0","0","250","416.5","UNVERIFIED; total gross mass must be quoted","5","MODERATE"
"Leland","86202Z","PUBLISHED CONFIGURATION SUPPORTED","38","5","190","nominal","15","5","179.86","243.34","267.67","FAIL","FAIL","0","0","250","416.5","UNVERIFIED; total gross mass must be quoted","5","MODERATE"
"Leland","86202Z","PUBLISHED CONFIGURATION SUPPORTED","38","5","190","nominal","15","7.5","208.16","281.62","309.78","FAIL","FAIL","0","0","250","416.5","UNVERIFIED; total gross mass must be quoted","5","MODERATE"
"Leland","86202Z","PUBLISHED CONFIGURATION SUPPORTED","38","5","190","nominal","15","10","236.54","320.02","352.03","FAIL","FAIL","0","0","250","416.5","UNVERIFIED; total gross mass must be quoted","5","MODERATE"
"Leland","86202Z","PUBLISHED CONFIGURATION SUPPORTED","38","5","190","nominal","15","15","293.58","397.19","436.91","FAIL","FAIL","0","0","250","416.5","UNVERIFIED; total gross mass must be quoted","5","MODERATE"
"Leland","86202Z","PUBLISHED CONFIGURATION SUPPORTED","38","5","190","cold","0","0","130.47","208.75","229.63","FAIL","FAIL","UNSUPPORTED_AT_0_M","UNSUPPORTED_AT_0_M","250","416.5","UNVERIFIED; total gross mass must be quoted","5","MODERATE"
"Leland","86202Z","PUBLISHED CONFIGURATION SUPPORTED","38","5","190","cold","0","3","166.17","265.88","292.47","FAIL","FAIL","UNSUPPORTED_AT_0_M","UNSUPPORTED_AT_0_M","250","416.5","UNVERIFIED; total gross mass must be quoted","5","MODERATE"
"Leland","86202Z","PUBLISHED CONFIGURATION SUPPORTED","38","5","190","cold","0","5","190.06","304.10","334.51","FAIL","FAIL","UNSUPPORTED_AT_0_M","UNSUPPORTED_AT_0_M","250","416.5","UNVERIFIED; total gross mass must be quoted","5","MODERATE"
"Leland","86202Z","PUBLISHED CONFIGURATION SUPPORTED","38","5","190","cold","0","7.5","220.02","352.04","387.24","FAIL","FAIL","UNSUPPORTED_AT_0_M","UNSUPPORTED_AT_0_M","250","416.5","UNVERIFIED; total gross mass must be quoted","5","MODERATE"
"Leland","86202Z","PUBLISHED CONFIGURATION SUPPORTED","38","5","190","cold","0","10","250.10","400.15","440.17","FAIL","FAIL","UNSUPPORTED_AT_0_M","UNSUPPORTED_AT_0_M","250","416.5","UNVERIFIED; total gross mass must be quoted","5","MODERATE"
"Leland","86202Z","PUBLISHED CONFIGURATION SUPPORTED","38","5","190","cold","0","15","310.58","496.92","546.61","FAIL","FAIL","UNSUPPORTED_AT_0_M","UNSUPPORTED_AT_0_M","250","416.5","UNVERIFIED; total gross mass must be quoted","5","MODERATE"
"Leland","86202Z","PUBLISHED CONFIGURATION SUPPORTED","38","6","228","warm","25","0","119.31","142.65","156.92","PASS","PASS","5","3","300","499.8","UNVERIFIED; total gross mass must be quoted","6","HIGH"
"Leland","86202Z","PUBLISHED CONFIGURATION SUPPORTED","38","6","228","warm","25","3","151.88","181.60","199.76","PASS","PASS","5","3","300","499.8","UNVERIFIED; total gross mass must be quoted","6","HIGH"
"Leland","86202Z","PUBLISHED CONFIGURATION SUPPORTED","38","6","228","warm","25","5","173.66","207.63","228.40","PASS","FAIL","5","3","300","499.8","UNVERIFIED; total gross mass must be quoted","6","HIGH"
"Leland","86202Z","PUBLISHED CONFIGURATION SUPPORTED","38","6","228","warm","25","7.5","200.95","240.26","264.29","FAIL","FAIL","5","3","300","499.8","UNVERIFIED; total gross mass must be quoted","6","HIGH"
"Leland","86202Z","PUBLISHED CONFIGURATION SUPPORTED","38","6","228","warm","25","10","228.31","272.98","300.28","FAIL","FAIL","5","3","300","499.8","UNVERIFIED; total gross mass must be quoted","6","HIGH"
"Leland","86202Z","PUBLISHED CONFIGURATION SUPPORTED","38","6","228","warm","25","15","283.28","338.70","372.57","FAIL","FAIL","5","3","300","499.8","UNVERIFIED; total gross mass must be quoted","6","HIGH"
"Leland","86202Z","PUBLISHED CONFIGURATION SUPPORTED","38","6","228","nominal","15","0","123.53","167.13","183.85","PASS","PASS","3","0","300","499.8","UNVERIFIED; total gross mass must be quoted","6","HIGH"
"Leland","86202Z","PUBLISHED CONFIGURATION SUPPORTED","38","6","228","nominal","15","3","157.29","212.80","234.08","PASS","FAIL","3","0","300","499.8","UNVERIFIED; total gross mass must be quoted","6","HIGH"
"Leland","86202Z","PUBLISHED CONFIGURATION SUPPORTED","38","6","228","nominal","15","5","179.86","243.34","267.67","FAIL","FAIL","3","0","300","499.8","UNVERIFIED; total gross mass must be quoted","6","HIGH"
"Leland","86202Z","PUBLISHED CONFIGURATION SUPPORTED","38","6","228","nominal","15","7.5","208.16","281.62","309.78","FAIL","FAIL","3","0","300","499.8","UNVERIFIED; total gross mass must be quoted","6","HIGH"
"Leland","86202Z","PUBLISHED CONFIGURATION SUPPORTED","38","6","228","nominal","15","10","236.54","320.02","352.03","FAIL","FAIL","3","0","300","499.8","UNVERIFIED; total gross mass must be quoted","6","HIGH"
"Leland","86202Z","PUBLISHED CONFIGURATION SUPPORTED","38","6","228","nominal","15","15","293.58","397.19","436.91","FAIL","FAIL","3","0","300","499.8","UNVERIFIED; total gross mass must be quoted","6","HIGH"
"Leland","86202Z","PUBLISHED CONFIGURATION SUPPORTED","38","6","228","cold","0","0","130.47","208.75","229.63","PASS","FAIL","0","UNSUPPORTED_AT_0_M","300","499.8","UNVERIFIED; total gross mass must be quoted","6","HIGH"
"Leland","86202Z","PUBLISHED CONFIGURATION SUPPORTED","38","6","228","cold","0","3","166.17","265.88","292.47","FAIL","FAIL","0","UNSUPPORTED_AT_0_M","300","499.8","UNVERIFIED; total gross mass must be quoted","6","HIGH"
"Leland","86202Z","PUBLISHED CONFIGURATION SUPPORTED","38","6","228","cold","0","5","190.06","304.10","334.51","FAIL","FAIL","0","UNSUPPORTED_AT_0_M","300","499.8","UNVERIFIED; total gross mass must be quoted","6","HIGH"
"Leland","86202Z","PUBLISHED CONFIGURATION SUPPORTED","38","6","228","cold","0","7.5","220.02","352.04","387.24","FAIL","FAIL","0","UNSUPPORTED_AT_0_M","300","499.8","UNVERIFIED; total gross mass must be quoted","6","HIGH"
"Leland","86202Z","PUBLISHED CONFIGURATION SUPPORTED","38","6","228","cold","0","10","250.10","400.15","440.17","FAIL","FAIL","0","UNSUPPORTED_AT_0_M","300","499.8","UNVERIFIED; total gross mass must be quoted","6","HIGH"
"Leland","86202Z","PUBLISHED CONFIGURATION SUPPORTED","38","6","228","cold","0","15","310.58","496.92","546.61","FAIL","FAIL","0","UNSUPPORTED_AT_0_M","300","499.8","UNVERIFIED; total gross mass must be quoted","6","HIGH"
"Leland","86202Z","PUBLISHED CONFIGURATION SUPPORTED","38","7","266","warm","25","0","119.31","142.65","156.92","PASS","PASS","7.5","7.5","350","583.1","UNVERIFIED; total gross mass must be quoted","7","HIGH"
"Leland","86202Z","PUBLISHED CONFIGURATION SUPPORTED","38","7","266","warm","25","3","151.88","181.60","199.76","PASS","PASS","7.5","7.5","350","583.1","UNVERIFIED; total gross mass must be quoted","7","HIGH"
"Leland","86202Z","PUBLISHED CONFIGURATION SUPPORTED","38","7","266","warm","25","5","173.66","207.63","228.40","PASS","PASS","7.5","7.5","350","583.1","UNVERIFIED; total gross mass must be quoted","7","HIGH"
"Leland","86202Z","PUBLISHED CONFIGURATION SUPPORTED","38","7","266","warm","25","7.5","200.95","240.26","264.29","PASS","PASS","7.5","7.5","350","583.1","UNVERIFIED; total gross mass must be quoted","7","HIGH"
"Leland","86202Z","PUBLISHED CONFIGURATION SUPPORTED","38","7","266","warm","25","10","228.31","272.98","300.28","FAIL","FAIL","7.5","7.5","350","583.1","UNVERIFIED; total gross mass must be quoted","7","HIGH"
"Leland","86202Z","PUBLISHED CONFIGURATION SUPPORTED","38","7","266","warm","25","15","283.28","338.70","372.57","FAIL","FAIL","7.5","7.5","350","583.1","UNVERIFIED; total gross mass must be quoted","7","HIGH"
"Leland","86202Z","PUBLISHED CONFIGURATION SUPPORTED","38","7","266","nominal","15","0","123.53","167.13","183.85","PASS","PASS","5","3","350","583.1","UNVERIFIED; total gross mass must be quoted","7","HIGH"
"Leland","86202Z","PUBLISHED CONFIGURATION SUPPORTED","38","7","266","nominal","15","3","157.29","212.80","234.08","PASS","PASS","5","3","350","583.1","UNVERIFIED; total gross mass must be quoted","7","HIGH"
"Leland","86202Z","PUBLISHED CONFIGURATION SUPPORTED","38","7","266","nominal","15","5","179.86","243.34","267.67","PASS","FAIL","5","3","350","583.1","UNVERIFIED; total gross mass must be quoted","7","HIGH"
"Leland","86202Z","PUBLISHED CONFIGURATION SUPPORTED","38","7","266","nominal","15","7.5","208.16","281.62","309.78","FAIL","FAIL","5","3","350","583.1","UNVERIFIED; total gross mass must be quoted","7","HIGH"
"Leland","86202Z","PUBLISHED CONFIGURATION SUPPORTED","38","7","266","nominal","15","10","236.54","320.02","352.03","FAIL","FAIL","5","3","350","583.1","UNVERIFIED; total gross mass must be quoted","7","HIGH"
"Leland","86202Z","PUBLISHED CONFIGURATION SUPPORTED","38","7","266","nominal","15","15","293.58","397.19","436.91","FAIL","FAIL","5","3","350","583.1","UNVERIFIED; total gross mass must be quoted","7","HIGH"
"Leland","86202Z","PUBLISHED CONFIGURATION SUPPORTED","38","7","266","cold","0","0","130.47","208.75","229.63","PASS","PASS","3","0","350","583.1","UNVERIFIED; total gross mass must be quoted","7","HIGH"
"Leland","86202Z","PUBLISHED CONFIGURATION SUPPORTED","38","7","266","cold","0","3","166.17","265.88","292.47","PASS","FAIL","3","0","350","583.1","UNVERIFIED; total gross mass must be quoted","7","HIGH"
"Leland","86202Z","PUBLISHED CONFIGURATION SUPPORTED","38","7","266","cold","0","5","190.06","304.10","334.51","FAIL","FAIL","3","0","350","583.1","UNVERIFIED; total gross mass must be quoted","7","HIGH"
"Leland","86202Z","PUBLISHED CONFIGURATION SUPPORTED","38","7","266","cold","0","7.5","220.02","352.04","387.24","FAIL","FAIL","3","0","350","583.1","UNVERIFIED; total gross mass must be quoted","7","HIGH"
"Leland","86202Z","PUBLISHED CONFIGURATION SUPPORTED","38","7","266","cold","0","10","250.10","400.15","440.17","FAIL","FAIL","3","0","350","583.1","UNVERIFIED; total gross mass must be quoted","7","HIGH"
"Leland","86202Z","PUBLISHED CONFIGURATION SUPPORTED","38","7","266","cold","0","15","310.58","496.92","546.61","FAIL","FAIL","3","0","350","583.1","UNVERIFIED; total gross mass must be quoted","7","HIGH"
"Leland","87202Z","PUBLISHED CONFIGURATION SUPPORTED; CURRENT KIT CONFIRMATION REQUIRED","45","1","45","warm","25","0","119.31","142.65","156.92","FAIL","FAIL","UNSUPPORTED_AT_0_M","UNSUPPORTED_AT_0_M","60","97.3","UNVERIFIED; total gross mass must be quoted","1","LOW"
"Leland","87202Z","PUBLISHED CONFIGURATION SUPPORTED; CURRENT KIT CONFIRMATION REQUIRED","45","1","45","warm","25","3","151.88","181.60","199.76","FAIL","FAIL","UNSUPPORTED_AT_0_M","UNSUPPORTED_AT_0_M","60","97.3","UNVERIFIED; total gross mass must be quoted","1","LOW"
"Leland","87202Z","PUBLISHED CONFIGURATION SUPPORTED; CURRENT KIT CONFIRMATION REQUIRED","45","1","45","warm","25","5","173.66","207.63","228.40","FAIL","FAIL","UNSUPPORTED_AT_0_M","UNSUPPORTED_AT_0_M","60","97.3","UNVERIFIED; total gross mass must be quoted","1","LOW"
"Leland","87202Z","PUBLISHED CONFIGURATION SUPPORTED; CURRENT KIT CONFIRMATION REQUIRED","45","1","45","warm","25","7.5","200.95","240.26","264.29","FAIL","FAIL","UNSUPPORTED_AT_0_M","UNSUPPORTED_AT_0_M","60","97.3","UNVERIFIED; total gross mass must be quoted","1","LOW"
"Leland","87202Z","PUBLISHED CONFIGURATION SUPPORTED; CURRENT KIT CONFIRMATION REQUIRED","45","1","45","warm","25","10","228.31","272.98","300.28","FAIL","FAIL","UNSUPPORTED_AT_0_M","UNSUPPORTED_AT_0_M","60","97.3","UNVERIFIED; total gross mass must be quoted","1","LOW"
"Leland","87202Z","PUBLISHED CONFIGURATION SUPPORTED; CURRENT KIT CONFIRMATION REQUIRED","45","1","45","warm","25","15","283.28","338.70","372.57","FAIL","FAIL","UNSUPPORTED_AT_0_M","UNSUPPORTED_AT_0_M","60","97.3","UNVERIFIED; total gross mass must be quoted","1","LOW"
"Leland","87202Z","PUBLISHED CONFIGURATION SUPPORTED; CURRENT KIT CONFIRMATION REQUIRED","45","1","45","nominal","15","0","123.53","167.13","183.85","FAIL","FAIL","UNSUPPORTED_AT_0_M","UNSUPPORTED_AT_0_M","60","97.3","UNVERIFIED; total gross mass must be quoted","1","LOW"
"Leland","87202Z","PUBLISHED CONFIGURATION SUPPORTED; CURRENT KIT CONFIRMATION REQUIRED","45","1","45","nominal","15","3","157.29","212.80","234.08","FAIL","FAIL","UNSUPPORTED_AT_0_M","UNSUPPORTED_AT_0_M","60","97.3","UNVERIFIED; total gross mass must be quoted","1","LOW"
"Leland","87202Z","PUBLISHED CONFIGURATION SUPPORTED; CURRENT KIT CONFIRMATION REQUIRED","45","1","45","nominal","15","5","179.86","243.34","267.67","FAIL","FAIL","UNSUPPORTED_AT_0_M","UNSUPPORTED_AT_0_M","60","97.3","UNVERIFIED; total gross mass must be quoted","1","LOW"
"Leland","87202Z","PUBLISHED CONFIGURATION SUPPORTED; CURRENT KIT CONFIRMATION REQUIRED","45","1","45","nominal","15","7.5","208.16","281.62","309.78","FAIL","FAIL","UNSUPPORTED_AT_0_M","UNSUPPORTED_AT_0_M","60","97.3","UNVERIFIED; total gross mass must be quoted","1","LOW"
"Leland","87202Z","PUBLISHED CONFIGURATION SUPPORTED; CURRENT KIT CONFIRMATION REQUIRED","45","1","45","nominal","15","10","236.54","320.02","352.03","FAIL","FAIL","UNSUPPORTED_AT_0_M","UNSUPPORTED_AT_0_M","60","97.3","UNVERIFIED; total gross mass must be quoted","1","LOW"
"Leland","87202Z","PUBLISHED CONFIGURATION SUPPORTED; CURRENT KIT CONFIRMATION REQUIRED","45","1","45","nominal","15","15","293.58","397.19","436.91","FAIL","FAIL","UNSUPPORTED_AT_0_M","UNSUPPORTED_AT_0_M","60","97.3","UNVERIFIED; total gross mass must be quoted","1","LOW"
"Leland","87202Z","PUBLISHED CONFIGURATION SUPPORTED; CURRENT KIT CONFIRMATION REQUIRED","45","1","45","cold","0","0","130.47","208.75","229.63","FAIL","FAIL","UNSUPPORTED_AT_0_M","UNSUPPORTED_AT_0_M","60","97.3","UNVERIFIED; total gross mass must be quoted","1","LOW"
"Leland","87202Z","PUBLISHED CONFIGURATION SUPPORTED; CURRENT KIT CONFIRMATION REQUIRED","45","1","45","cold","0","3","166.17","265.88","292.47","FAIL","FAIL","UNSUPPORTED_AT_0_M","UNSUPPORTED_AT_0_M","60","97.3","UNVERIFIED; total gross mass must be quoted","1","LOW"
"Leland","87202Z","PUBLISHED CONFIGURATION SUPPORTED; CURRENT KIT CONFIRMATION REQUIRED","45","1","45","cold","0","5","190.06","304.10","334.51","FAIL","FAIL","UNSUPPORTED_AT_0_M","UNSUPPORTED_AT_0_M","60","97.3","UNVERIFIED; total gross mass must be quoted","1","LOW"
"Leland","87202Z","PUBLISHED CONFIGURATION SUPPORTED; CURRENT KIT CONFIRMATION REQUIRED","45","1","45","cold","0","7.5","220.02","352.04","387.24","FAIL","FAIL","UNSUPPORTED_AT_0_M","UNSUPPORTED_AT_0_M","60","97.3","UNVERIFIED; total gross mass must be quoted","1","LOW"
"Leland","87202Z","PUBLISHED CONFIGURATION SUPPORTED; CURRENT KIT CONFIRMATION REQUIRED","45","1","45","cold","0","10","250.10","400.15","440.17","FAIL","FAIL","UNSUPPORTED_AT_0_M","UNSUPPORTED_AT_0_M","60","97.3","UNVERIFIED; total gross mass must be quoted","1","LOW"
"Leland","87202Z","PUBLISHED CONFIGURATION SUPPORTED; CURRENT KIT CONFIRMATION REQUIRED","45","1","45","cold","0","15","310.58","496.92","546.61","FAIL","FAIL","UNSUPPORTED_AT_0_M","UNSUPPORTED_AT_0_M","60","97.3","UNVERIFIED; total gross mass must be quoted","1","LOW"
"Leland","87202Z","PUBLISHED CONFIGURATION SUPPORTED; CURRENT KIT CONFIRMATION REQUIRED","45","2","90","warm","25","0","119.31","142.65","156.92","FAIL","FAIL","UNSUPPORTED_AT_0_M","UNSUPPORTED_AT_0_M","120","194.6","UNVERIFIED; total gross mass must be quoted","2","LOW"
"Leland","87202Z","PUBLISHED CONFIGURATION SUPPORTED; CURRENT KIT CONFIRMATION REQUIRED","45","2","90","warm","25","3","151.88","181.60","199.76","FAIL","FAIL","UNSUPPORTED_AT_0_M","UNSUPPORTED_AT_0_M","120","194.6","UNVERIFIED; total gross mass must be quoted","2","LOW"
"Leland","87202Z","PUBLISHED CONFIGURATION SUPPORTED; CURRENT KIT CONFIRMATION REQUIRED","45","2","90","warm","25","5","173.66","207.63","228.40","FAIL","FAIL","UNSUPPORTED_AT_0_M","UNSUPPORTED_AT_0_M","120","194.6","UNVERIFIED; total gross mass must be quoted","2","LOW"
"Leland","87202Z","PUBLISHED CONFIGURATION SUPPORTED; CURRENT KIT CONFIRMATION REQUIRED","45","2","90","warm","25","7.5","200.95","240.26","264.29","FAIL","FAIL","UNSUPPORTED_AT_0_M","UNSUPPORTED_AT_0_M","120","194.6","UNVERIFIED; total gross mass must be quoted","2","LOW"
"Leland","87202Z","PUBLISHED CONFIGURATION SUPPORTED; CURRENT KIT CONFIRMATION REQUIRED","45","2","90","warm","25","10","228.31","272.98","300.28","FAIL","FAIL","UNSUPPORTED_AT_0_M","UNSUPPORTED_AT_0_M","120","194.6","UNVERIFIED; total gross mass must be quoted","2","LOW"
"Leland","87202Z","PUBLISHED CONFIGURATION SUPPORTED; CURRENT KIT CONFIRMATION REQUIRED","45","2","90","warm","25","15","283.28","338.70","372.57","FAIL","FAIL","UNSUPPORTED_AT_0_M","UNSUPPORTED_AT_0_M","120","194.6","UNVERIFIED; total gross mass must be quoted","2","LOW"
"Leland","87202Z","PUBLISHED CONFIGURATION SUPPORTED; CURRENT KIT CONFIRMATION REQUIRED","45","2","90","nominal","15","0","123.53","167.13","183.85","FAIL","FAIL","UNSUPPORTED_AT_0_M","UNSUPPORTED_AT_0_M","120","194.6","UNVERIFIED; total gross mass must be quoted","2","LOW"
"Leland","87202Z","PUBLISHED CONFIGURATION SUPPORTED; CURRENT KIT CONFIRMATION REQUIRED","45","2","90","nominal","15","3","157.29","212.80","234.08","FAIL","FAIL","UNSUPPORTED_AT_0_M","UNSUPPORTED_AT_0_M","120","194.6","UNVERIFIED; total gross mass must be quoted","2","LOW"
"Leland","87202Z","PUBLISHED CONFIGURATION SUPPORTED; CURRENT KIT CONFIRMATION REQUIRED","45","2","90","nominal","15","5","179.86","243.34","267.67","FAIL","FAIL","UNSUPPORTED_AT_0_M","UNSUPPORTED_AT_0_M","120","194.6","UNVERIFIED; total gross mass must be quoted","2","LOW"
"Leland","87202Z","PUBLISHED CONFIGURATION SUPPORTED; CURRENT KIT CONFIRMATION REQUIRED","45","2","90","nominal","15","7.5","208.16","281.62","309.78","FAIL","FAIL","UNSUPPORTED_AT_0_M","UNSUPPORTED_AT_0_M","120","194.6","UNVERIFIED; total gross mass must be quoted","2","LOW"
"Leland","87202Z","PUBLISHED CONFIGURATION SUPPORTED; CURRENT KIT CONFIRMATION REQUIRED","45","2","90","nominal","15","10","236.54","320.02","352.03","FAIL","FAIL","UNSUPPORTED_AT_0_M","UNSUPPORTED_AT_0_M","120","194.6","UNVERIFIED; total gross mass must be quoted","2","LOW"
"Leland","87202Z","PUBLISHED CONFIGURATION SUPPORTED; CURRENT KIT CONFIRMATION REQUIRED","45","2","90","nominal","15","15","293.58","397.19","436.91","FAIL","FAIL","UNSUPPORTED_AT_0_M","UNSUPPORTED_AT_0_M","120","194.6","UNVERIFIED; total gross mass must be quoted","2","LOW"
"Leland","87202Z","PUBLISHED CONFIGURATION SUPPORTED; CURRENT KIT CONFIRMATION REQUIRED","45","2","90","cold","0","0","130.47","208.75","229.63","FAIL","FAIL","UNSUPPORTED_AT_0_M","UNSUPPORTED_AT_0_M","120","194.6","UNVERIFIED; total gross mass must be quoted","2","LOW"
"Leland","87202Z","PUBLISHED CONFIGURATION SUPPORTED; CURRENT KIT CONFIRMATION REQUIRED","45","2","90","cold","0","3","166.17","265.88","292.47","FAIL","FAIL","UNSUPPORTED_AT_0_M","UNSUPPORTED_AT_0_M","120","194.6","UNVERIFIED; total gross mass must be quoted","2","LOW"
"Leland","87202Z","PUBLISHED CONFIGURATION SUPPORTED; CURRENT KIT CONFIRMATION REQUIRED","45","2","90","cold","0","5","190.06","304.10","334.51","FAIL","FAIL","UNSUPPORTED_AT_0_M","UNSUPPORTED_AT_0_M","120","194.6","UNVERIFIED; total gross mass must be quoted","2","LOW"
"Leland","87202Z","PUBLISHED CONFIGURATION SUPPORTED; CURRENT KIT CONFIRMATION REQUIRED","45","2","90","cold","0","7.5","220.02","352.04","387.24","FAIL","FAIL","UNSUPPORTED_AT_0_M","UNSUPPORTED_AT_0_M","120","194.6","UNVERIFIED; total gross mass must be quoted","2","LOW"
"Leland","87202Z","PUBLISHED CONFIGURATION SUPPORTED; CURRENT KIT CONFIRMATION REQUIRED","45","2","90","cold","0","10","250.10","400.15","440.17","FAIL","FAIL","UNSUPPORTED_AT_0_M","UNSUPPORTED_AT_0_M","120","194.6","UNVERIFIED; total gross mass must be quoted","2","LOW"
"Leland","87202Z","PUBLISHED CONFIGURATION SUPPORTED; CURRENT KIT CONFIRMATION REQUIRED","45","2","90","cold","0","15","310.58","496.92","546.61","FAIL","FAIL","UNSUPPORTED_AT_0_M","UNSUPPORTED_AT_0_M","120","194.6","UNVERIFIED; total gross mass must be quoted","2","LOW"
"Leland","87202Z","PUBLISHED CONFIGURATION SUPPORTED; CURRENT KIT CONFIRMATION REQUIRED","45","3","135","warm","25","0","119.31","142.65","156.92","FAIL","FAIL","UNSUPPORTED_AT_0_M","UNSUPPORTED_AT_0_M","180","291.9","UNVERIFIED; total gross mass must be quoted","3","LOW"
"Leland","87202Z","PUBLISHED CONFIGURATION SUPPORTED; CURRENT KIT CONFIRMATION REQUIRED","45","3","135","warm","25","3","151.88","181.60","199.76","FAIL","FAIL","UNSUPPORTED_AT_0_M","UNSUPPORTED_AT_0_M","180","291.9","UNVERIFIED; total gross mass must be quoted","3","LOW"
"Leland","87202Z","PUBLISHED CONFIGURATION SUPPORTED; CURRENT KIT CONFIRMATION REQUIRED","45","3","135","warm","25","5","173.66","207.63","228.40","FAIL","FAIL","UNSUPPORTED_AT_0_M","UNSUPPORTED_AT_0_M","180","291.9","UNVERIFIED; total gross mass must be quoted","3","LOW"
"Leland","87202Z","PUBLISHED CONFIGURATION SUPPORTED; CURRENT KIT CONFIRMATION REQUIRED","45","3","135","warm","25","7.5","200.95","240.26","264.29","FAIL","FAIL","UNSUPPORTED_AT_0_M","UNSUPPORTED_AT_0_M","180","291.9","UNVERIFIED; total gross mass must be quoted","3","LOW"
"Leland","87202Z","PUBLISHED CONFIGURATION SUPPORTED; CURRENT KIT CONFIRMATION REQUIRED","45","3","135","warm","25","10","228.31","272.98","300.28","FAIL","FAIL","UNSUPPORTED_AT_0_M","UNSUPPORTED_AT_0_M","180","291.9","UNVERIFIED; total gross mass must be quoted","3","LOW"
"Leland","87202Z","PUBLISHED CONFIGURATION SUPPORTED; CURRENT KIT CONFIRMATION REQUIRED","45","3","135","warm","25","15","283.28","338.70","372.57","FAIL","FAIL","UNSUPPORTED_AT_0_M","UNSUPPORTED_AT_0_M","180","291.9","UNVERIFIED; total gross mass must be quoted","3","LOW"
"Leland","87202Z","PUBLISHED CONFIGURATION SUPPORTED; CURRENT KIT CONFIRMATION REQUIRED","45","3","135","nominal","15","0","123.53","167.13","183.85","FAIL","FAIL","UNSUPPORTED_AT_0_M","UNSUPPORTED_AT_0_M","180","291.9","UNVERIFIED; total gross mass must be quoted","3","LOW"
"Leland","87202Z","PUBLISHED CONFIGURATION SUPPORTED; CURRENT KIT CONFIRMATION REQUIRED","45","3","135","nominal","15","3","157.29","212.80","234.08","FAIL","FAIL","UNSUPPORTED_AT_0_M","UNSUPPORTED_AT_0_M","180","291.9","UNVERIFIED; total gross mass must be quoted","3","LOW"
"Leland","87202Z","PUBLISHED CONFIGURATION SUPPORTED; CURRENT KIT CONFIRMATION REQUIRED","45","3","135","nominal","15","5","179.86","243.34","267.67","FAIL","FAIL","UNSUPPORTED_AT_0_M","UNSUPPORTED_AT_0_M","180","291.9","UNVERIFIED; total gross mass must be quoted","3","LOW"
"Leland","87202Z","PUBLISHED CONFIGURATION SUPPORTED; CURRENT KIT CONFIRMATION REQUIRED","45","3","135","nominal","15","7.5","208.16","281.62","309.78","FAIL","FAIL","UNSUPPORTED_AT_0_M","UNSUPPORTED_AT_0_M","180","291.9","UNVERIFIED; total gross mass must be quoted","3","LOW"
"Leland","87202Z","PUBLISHED CONFIGURATION SUPPORTED; CURRENT KIT CONFIRMATION REQUIRED","45","3","135","nominal","15","10","236.54","320.02","352.03","FAIL","FAIL","UNSUPPORTED_AT_0_M","UNSUPPORTED_AT_0_M","180","291.9","UNVERIFIED; total gross mass must be quoted","3","LOW"
"Leland","87202Z","PUBLISHED CONFIGURATION SUPPORTED; CURRENT KIT CONFIRMATION REQUIRED","45","3","135","nominal","15","15","293.58","397.19","436.91","FAIL","FAIL","UNSUPPORTED_AT_0_M","UNSUPPORTED_AT_0_M","180","291.9","UNVERIFIED; total gross mass must be quoted","3","LOW"
"Leland","87202Z","PUBLISHED CONFIGURATION SUPPORTED; CURRENT KIT CONFIRMATION REQUIRED","45","3","135","cold","0","0","130.47","208.75","229.63","FAIL","FAIL","UNSUPPORTED_AT_0_M","UNSUPPORTED_AT_0_M","180","291.9","UNVERIFIED; total gross mass must be quoted","3","LOW"
"Leland","87202Z","PUBLISHED CONFIGURATION SUPPORTED; CURRENT KIT CONFIRMATION REQUIRED","45","3","135","cold","0","3","166.17","265.88","292.47","FAIL","FAIL","UNSUPPORTED_AT_0_M","UNSUPPORTED_AT_0_M","180","291.9","UNVERIFIED; total gross mass must be quoted","3","LOW"
"Leland","87202Z","PUBLISHED CONFIGURATION SUPPORTED; CURRENT KIT CONFIRMATION REQUIRED","45","3","135","cold","0","5","190.06","304.10","334.51","FAIL","FAIL","UNSUPPORTED_AT_0_M","UNSUPPORTED_AT_0_M","180","291.9","UNVERIFIED; total gross mass must be quoted","3","LOW"
"Leland","87202Z","PUBLISHED CONFIGURATION SUPPORTED; CURRENT KIT CONFIRMATION REQUIRED","45","3","135","cold","0","7.5","220.02","352.04","387.24","FAIL","FAIL","UNSUPPORTED_AT_0_M","UNSUPPORTED_AT_0_M","180","291.9","UNVERIFIED; total gross mass must be quoted","3","LOW"
"Leland","87202Z","PUBLISHED CONFIGURATION SUPPORTED; CURRENT KIT CONFIRMATION REQUIRED","45","3","135","cold","0","10","250.10","400.15","440.17","FAIL","FAIL","UNSUPPORTED_AT_0_M","UNSUPPORTED_AT_0_M","180","291.9","UNVERIFIED; total gross mass must be quoted","3","LOW"
"Leland","87202Z","PUBLISHED CONFIGURATION SUPPORTED; CURRENT KIT CONFIRMATION REQUIRED","45","3","135","cold","0","15","310.58","496.92","546.61","FAIL","FAIL","UNSUPPORTED_AT_0_M","UNSUPPORTED_AT_0_M","180","291.9","UNVERIFIED; total gross mass must be quoted","3","LOW"
"Leland","87202Z","PUBLISHED CONFIGURATION SUPPORTED; CURRENT KIT CONFIRMATION REQUIRED","45","4","180","warm","25","0","119.31","142.65","156.92","PASS","PASS","0","0","240","389.2","UNVERIFIED; total gross mass must be quoted","4","MODERATE"
"Leland","87202Z","PUBLISHED CONFIGURATION SUPPORTED; CURRENT KIT CONFIRMATION REQUIRED","45","4","180","warm","25","3","151.88","181.60","199.76","FAIL","FAIL","0","0","240","389.2","UNVERIFIED; total gross mass must be quoted","4","MODERATE"
"Leland","87202Z","PUBLISHED CONFIGURATION SUPPORTED; CURRENT KIT CONFIRMATION REQUIRED","45","4","180","warm","25","5","173.66","207.63","228.40","FAIL","FAIL","0","0","240","389.2","UNVERIFIED; total gross mass must be quoted","4","MODERATE"
"Leland","87202Z","PUBLISHED CONFIGURATION SUPPORTED; CURRENT KIT CONFIRMATION REQUIRED","45","4","180","warm","25","7.5","200.95","240.26","264.29","FAIL","FAIL","0","0","240","389.2","UNVERIFIED; total gross mass must be quoted","4","MODERATE"
"Leland","87202Z","PUBLISHED CONFIGURATION SUPPORTED; CURRENT KIT CONFIRMATION REQUIRED","45","4","180","warm","25","10","228.31","272.98","300.28","FAIL","FAIL","0","0","240","389.2","UNVERIFIED; total gross mass must be quoted","4","MODERATE"
"Leland","87202Z","PUBLISHED CONFIGURATION SUPPORTED; CURRENT KIT CONFIRMATION REQUIRED","45","4","180","warm","25","15","283.28","338.70","372.57","FAIL","FAIL","0","0","240","389.2","UNVERIFIED; total gross mass must be quoted","4","MODERATE"
"Leland","87202Z","PUBLISHED CONFIGURATION SUPPORTED; CURRENT KIT CONFIRMATION REQUIRED","45","4","180","nominal","15","0","123.53","167.13","183.85","PASS","FAIL","0","UNSUPPORTED_AT_0_M","240","389.2","UNVERIFIED; total gross mass must be quoted","4","MODERATE"
"Leland","87202Z","PUBLISHED CONFIGURATION SUPPORTED; CURRENT KIT CONFIRMATION REQUIRED","45","4","180","nominal","15","3","157.29","212.80","234.08","FAIL","FAIL","0","UNSUPPORTED_AT_0_M","240","389.2","UNVERIFIED; total gross mass must be quoted","4","MODERATE"
"Leland","87202Z","PUBLISHED CONFIGURATION SUPPORTED; CURRENT KIT CONFIRMATION REQUIRED","45","4","180","nominal","15","5","179.86","243.34","267.67","FAIL","FAIL","0","UNSUPPORTED_AT_0_M","240","389.2","UNVERIFIED; total gross mass must be quoted","4","MODERATE"
"Leland","87202Z","PUBLISHED CONFIGURATION SUPPORTED; CURRENT KIT CONFIRMATION REQUIRED","45","4","180","nominal","15","7.5","208.16","281.62","309.78","FAIL","FAIL","0","UNSUPPORTED_AT_0_M","240","389.2","UNVERIFIED; total gross mass must be quoted","4","MODERATE"
"Leland","87202Z","PUBLISHED CONFIGURATION SUPPORTED; CURRENT KIT CONFIRMATION REQUIRED","45","4","180","nominal","15","10","236.54","320.02","352.03","FAIL","FAIL","0","UNSUPPORTED_AT_0_M","240","389.2","UNVERIFIED; total gross mass must be quoted","4","MODERATE"
"Leland","87202Z","PUBLISHED CONFIGURATION SUPPORTED; CURRENT KIT CONFIRMATION REQUIRED","45","4","180","nominal","15","15","293.58","397.19","436.91","FAIL","FAIL","0","UNSUPPORTED_AT_0_M","240","389.2","UNVERIFIED; total gross mass must be quoted","4","MODERATE"
"Leland","87202Z","PUBLISHED CONFIGURATION SUPPORTED; CURRENT KIT CONFIRMATION REQUIRED","45","4","180","cold","0","0","130.47","208.75","229.63","FAIL","FAIL","UNSUPPORTED_AT_0_M","UNSUPPORTED_AT_0_M","240","389.2","UNVERIFIED; total gross mass must be quoted","4","MODERATE"
"Leland","87202Z","PUBLISHED CONFIGURATION SUPPORTED; CURRENT KIT CONFIRMATION REQUIRED","45","4","180","cold","0","3","166.17","265.88","292.47","FAIL","FAIL","UNSUPPORTED_AT_0_M","UNSUPPORTED_AT_0_M","240","389.2","UNVERIFIED; total gross mass must be quoted","4","MODERATE"
"Leland","87202Z","PUBLISHED CONFIGURATION SUPPORTED; CURRENT KIT CONFIRMATION REQUIRED","45","4","180","cold","0","5","190.06","304.10","334.51","FAIL","FAIL","UNSUPPORTED_AT_0_M","UNSUPPORTED_AT_0_M","240","389.2","UNVERIFIED; total gross mass must be quoted","4","MODERATE"
"Leland","87202Z","PUBLISHED CONFIGURATION SUPPORTED; CURRENT KIT CONFIRMATION REQUIRED","45","4","180","cold","0","7.5","220.02","352.04","387.24","FAIL","FAIL","UNSUPPORTED_AT_0_M","UNSUPPORTED_AT_0_M","240","389.2","UNVERIFIED; total gross mass must be quoted","4","MODERATE"
"Leland","87202Z","PUBLISHED CONFIGURATION SUPPORTED; CURRENT KIT CONFIRMATION REQUIRED","45","4","180","cold","0","10","250.10","400.15","440.17","FAIL","FAIL","UNSUPPORTED_AT_0_M","UNSUPPORTED_AT_0_M","240","389.2","UNVERIFIED; total gross mass must be quoted","4","MODERATE"
"Leland","87202Z","PUBLISHED CONFIGURATION SUPPORTED; CURRENT KIT CONFIRMATION REQUIRED","45","4","180","cold","0","15","310.58","496.92","546.61","FAIL","FAIL","UNSUPPORTED_AT_0_M","UNSUPPORTED_AT_0_M","240","389.2","UNVERIFIED; total gross mass must be quoted","4","MODERATE"
"Leland","87202Z","PUBLISHED CONFIGURATION SUPPORTED; CURRENT KIT CONFIRMATION REQUIRED","45","5","225","warm","25","0","119.31","142.65","156.92","PASS","PASS","5","3","300","486.5","UNVERIFIED; total gross mass must be quoted","5","MODERATE"
"Leland","87202Z","PUBLISHED CONFIGURATION SUPPORTED; CURRENT KIT CONFIRMATION REQUIRED","45","5","225","warm","25","3","151.88","181.60","199.76","PASS","PASS","5","3","300","486.5","UNVERIFIED; total gross mass must be quoted","5","MODERATE"
"Leland","87202Z","PUBLISHED CONFIGURATION SUPPORTED; CURRENT KIT CONFIRMATION REQUIRED","45","5","225","warm","25","5","173.66","207.63","228.40","PASS","FAIL","5","3","300","486.5","UNVERIFIED; total gross mass must be quoted","5","MODERATE"
"Leland","87202Z","PUBLISHED CONFIGURATION SUPPORTED; CURRENT KIT CONFIRMATION REQUIRED","45","5","225","warm","25","7.5","200.95","240.26","264.29","FAIL","FAIL","5","3","300","486.5","UNVERIFIED; total gross mass must be quoted","5","MODERATE"
"Leland","87202Z","PUBLISHED CONFIGURATION SUPPORTED; CURRENT KIT CONFIRMATION REQUIRED","45","5","225","warm","25","10","228.31","272.98","300.28","FAIL","FAIL","5","3","300","486.5","UNVERIFIED; total gross mass must be quoted","5","MODERATE"
"Leland","87202Z","PUBLISHED CONFIGURATION SUPPORTED; CURRENT KIT CONFIRMATION REQUIRED","45","5","225","warm","25","15","283.28","338.70","372.57","FAIL","FAIL","5","3","300","486.5","UNVERIFIED; total gross mass must be quoted","5","MODERATE"
"Leland","87202Z","PUBLISHED CONFIGURATION SUPPORTED; CURRENT KIT CONFIRMATION REQUIRED","45","5","225","nominal","15","0","123.53","167.13","183.85","PASS","PASS","3","0","300","486.5","UNVERIFIED; total gross mass must be quoted","5","MODERATE"
"Leland","87202Z","PUBLISHED CONFIGURATION SUPPORTED; CURRENT KIT CONFIRMATION REQUIRED","45","5","225","nominal","15","3","157.29","212.80","234.08","PASS","FAIL","3","0","300","486.5","UNVERIFIED; total gross mass must be quoted","5","MODERATE"
"Leland","87202Z","PUBLISHED CONFIGURATION SUPPORTED; CURRENT KIT CONFIRMATION REQUIRED","45","5","225","nominal","15","5","179.86","243.34","267.67","FAIL","FAIL","3","0","300","486.5","UNVERIFIED; total gross mass must be quoted","5","MODERATE"
"Leland","87202Z","PUBLISHED CONFIGURATION SUPPORTED; CURRENT KIT CONFIRMATION REQUIRED","45","5","225","nominal","15","7.5","208.16","281.62","309.78","FAIL","FAIL","3","0","300","486.5","UNVERIFIED; total gross mass must be quoted","5","MODERATE"
"Leland","87202Z","PUBLISHED CONFIGURATION SUPPORTED; CURRENT KIT CONFIRMATION REQUIRED","45","5","225","nominal","15","10","236.54","320.02","352.03","FAIL","FAIL","3","0","300","486.5","UNVERIFIED; total gross mass must be quoted","5","MODERATE"
"Leland","87202Z","PUBLISHED CONFIGURATION SUPPORTED; CURRENT KIT CONFIRMATION REQUIRED","45","5","225","nominal","15","15","293.58","397.19","436.91","FAIL","FAIL","3","0","300","486.5","UNVERIFIED; total gross mass must be quoted","5","MODERATE"
"Leland","87202Z","PUBLISHED CONFIGURATION SUPPORTED; CURRENT KIT CONFIRMATION REQUIRED","45","5","225","cold","0","0","130.47","208.75","229.63","PASS","FAIL","0","UNSUPPORTED_AT_0_M","300","486.5","UNVERIFIED; total gross mass must be quoted","5","MODERATE"
"Leland","87202Z","PUBLISHED CONFIGURATION SUPPORTED; CURRENT KIT CONFIRMATION REQUIRED","45","5","225","cold","0","3","166.17","265.88","292.47","FAIL","FAIL","0","UNSUPPORTED_AT_0_M","300","486.5","UNVERIFIED; total gross mass must be quoted","5","MODERATE"
"Leland","87202Z","PUBLISHED CONFIGURATION SUPPORTED; CURRENT KIT CONFIRMATION REQUIRED","45","5","225","cold","0","5","190.06","304.10","334.51","FAIL","FAIL","0","UNSUPPORTED_AT_0_M","300","486.5","UNVERIFIED; total gross mass must be quoted","5","MODERATE"
"Leland","87202Z","PUBLISHED CONFIGURATION SUPPORTED; CURRENT KIT CONFIRMATION REQUIRED","45","5","225","cold","0","7.5","220.02","352.04","387.24","FAIL","FAIL","0","UNSUPPORTED_AT_0_M","300","486.5","UNVERIFIED; total gross mass must be quoted","5","MODERATE"
"Leland","87202Z","PUBLISHED CONFIGURATION SUPPORTED; CURRENT KIT CONFIRMATION REQUIRED","45","5","225","cold","0","10","250.10","400.15","440.17","FAIL","FAIL","0","UNSUPPORTED_AT_0_M","300","486.5","UNVERIFIED; total gross mass must be quoted","5","MODERATE"
"Leland","87202Z","PUBLISHED CONFIGURATION SUPPORTED; CURRENT KIT CONFIRMATION REQUIRED","45","5","225","cold","0","15","310.58","496.92","546.61","FAIL","FAIL","0","UNSUPPORTED_AT_0_M","300","486.5","UNVERIFIED; total gross mass must be quoted","5","MODERATE"
"Leland","87202Z","PUBLISHED CONFIGURATION SUPPORTED; CURRENT KIT CONFIRMATION REQUIRED","45","6","270","warm","25","0","119.31","142.65","156.92","PASS","PASS","7.5","7.5","360","583.8","UNVERIFIED; total gross mass must be quoted","6","HIGH"
"Leland","87202Z","PUBLISHED CONFIGURATION SUPPORTED; CURRENT KIT CONFIRMATION REQUIRED","45","6","270","warm","25","3","151.88","181.60","199.76","PASS","PASS","7.5","7.5","360","583.8","UNVERIFIED; total gross mass must be quoted","6","HIGH"
"Leland","87202Z","PUBLISHED CONFIGURATION SUPPORTED; CURRENT KIT CONFIRMATION REQUIRED","45","6","270","warm","25","5","173.66","207.63","228.40","PASS","PASS","7.5","7.5","360","583.8","UNVERIFIED; total gross mass must be quoted","6","HIGH"
"Leland","87202Z","PUBLISHED CONFIGURATION SUPPORTED; CURRENT KIT CONFIRMATION REQUIRED","45","6","270","warm","25","7.5","200.95","240.26","264.29","PASS","PASS","7.5","7.5","360","583.8","UNVERIFIED; total gross mass must be quoted","6","HIGH"
"Leland","87202Z","PUBLISHED CONFIGURATION SUPPORTED; CURRENT KIT CONFIRMATION REQUIRED","45","6","270","warm","25","10","228.31","272.98","300.28","FAIL","FAIL","7.5","7.5","360","583.8","UNVERIFIED; total gross mass must be quoted","6","HIGH"
"Leland","87202Z","PUBLISHED CONFIGURATION SUPPORTED; CURRENT KIT CONFIRMATION REQUIRED","45","6","270","warm","25","15","283.28","338.70","372.57","FAIL","FAIL","7.5","7.5","360","583.8","UNVERIFIED; total gross mass must be quoted","6","HIGH"
"Leland","87202Z","PUBLISHED CONFIGURATION SUPPORTED; CURRENT KIT CONFIRMATION REQUIRED","45","6","270","nominal","15","0","123.53","167.13","183.85","PASS","PASS","5","5","360","583.8","UNVERIFIED; total gross mass must be quoted","6","HIGH"
"Leland","87202Z","PUBLISHED CONFIGURATION SUPPORTED; CURRENT KIT CONFIRMATION REQUIRED","45","6","270","nominal","15","3","157.29","212.80","234.08","PASS","PASS","5","5","360","583.8","UNVERIFIED; total gross mass must be quoted","6","HIGH"
"Leland","87202Z","PUBLISHED CONFIGURATION SUPPORTED; CURRENT KIT CONFIRMATION REQUIRED","45","6","270","nominal","15","5","179.86","243.34","267.67","PASS","PASS","5","5","360","583.8","UNVERIFIED; total gross mass must be quoted","6","HIGH"
"Leland","87202Z","PUBLISHED CONFIGURATION SUPPORTED; CURRENT KIT CONFIRMATION REQUIRED","45","6","270","nominal","15","7.5","208.16","281.62","309.78","FAIL","FAIL","5","5","360","583.8","UNVERIFIED; total gross mass must be quoted","6","HIGH"
"Leland","87202Z","PUBLISHED CONFIGURATION SUPPORTED; CURRENT KIT CONFIRMATION REQUIRED","45","6","270","nominal","15","10","236.54","320.02","352.03","FAIL","FAIL","5","5","360","583.8","UNVERIFIED; total gross mass must be quoted","6","HIGH"
"Leland","87202Z","PUBLISHED CONFIGURATION SUPPORTED; CURRENT KIT CONFIRMATION REQUIRED","45","6","270","nominal","15","15","293.58","397.19","436.91","FAIL","FAIL","5","5","360","583.8","UNVERIFIED; total gross mass must be quoted","6","HIGH"
"Leland","87202Z","PUBLISHED CONFIGURATION SUPPORTED; CURRENT KIT CONFIRMATION REQUIRED","45","6","270","cold","0","0","130.47","208.75","229.63","PASS","PASS","3","0","360","583.8","UNVERIFIED; total gross mass must be quoted","6","HIGH"
"Leland","87202Z","PUBLISHED CONFIGURATION SUPPORTED; CURRENT KIT CONFIRMATION REQUIRED","45","6","270","cold","0","3","166.17","265.88","292.47","PASS","FAIL","3","0","360","583.8","UNVERIFIED; total gross mass must be quoted","6","HIGH"
"Leland","87202Z","PUBLISHED CONFIGURATION SUPPORTED; CURRENT KIT CONFIRMATION REQUIRED","45","6","270","cold","0","5","190.06","304.10","334.51","FAIL","FAIL","3","0","360","583.8","UNVERIFIED; total gross mass must be quoted","6","HIGH"
"Leland","87202Z","PUBLISHED CONFIGURATION SUPPORTED; CURRENT KIT CONFIRMATION REQUIRED","45","6","270","cold","0","7.5","220.02","352.04","387.24","FAIL","FAIL","3","0","360","583.8","UNVERIFIED; total gross mass must be quoted","6","HIGH"
"Leland","87202Z","PUBLISHED CONFIGURATION SUPPORTED; CURRENT KIT CONFIRMATION REQUIRED","45","6","270","cold","0","10","250.10","400.15","440.17","FAIL","FAIL","3","0","360","583.8","UNVERIFIED; total gross mass must be quoted","6","HIGH"
"Leland","87202Z","PUBLISHED CONFIGURATION SUPPORTED; CURRENT KIT CONFIRMATION REQUIRED","45","6","270","cold","0","15","310.58","496.92","546.61","FAIL","FAIL","3","0","360","583.8","UNVERIFIED; total gross mass must be quoted","6","HIGH"
"Leland","87202Z","PUBLISHED CONFIGURATION SUPPORTED; CURRENT KIT CONFIRMATION REQUIRED","45","7","315","warm","25","0","119.31","142.65","156.92","PASS","PASS","10","10","420","681.1","UNVERIFIED; total gross mass must be quoted","7","HIGH"
"Leland","87202Z","PUBLISHED CONFIGURATION SUPPORTED; CURRENT KIT CONFIRMATION REQUIRED","45","7","315","warm","25","3","151.88","181.60","199.76","PASS","PASS","10","10","420","681.1","UNVERIFIED; total gross mass must be quoted","7","HIGH"
"Leland","87202Z","PUBLISHED CONFIGURATION SUPPORTED; CURRENT KIT CONFIRMATION REQUIRED","45","7","315","warm","25","5","173.66","207.63","228.40","PASS","PASS","10","10","420","681.1","UNVERIFIED; total gross mass must be quoted","7","HIGH"
"Leland","87202Z","PUBLISHED CONFIGURATION SUPPORTED; CURRENT KIT CONFIRMATION REQUIRED","45","7","315","warm","25","7.5","200.95","240.26","264.29","PASS","PASS","10","10","420","681.1","UNVERIFIED; total gross mass must be quoted","7","HIGH"
"Leland","87202Z","PUBLISHED CONFIGURATION SUPPORTED; CURRENT KIT CONFIRMATION REQUIRED","45","7","315","warm","25","10","228.31","272.98","300.28","PASS","PASS","10","10","420","681.1","UNVERIFIED; total gross mass must be quoted","7","HIGH"
"Leland","87202Z","PUBLISHED CONFIGURATION SUPPORTED; CURRENT KIT CONFIRMATION REQUIRED","45","7","315","warm","25","15","283.28","338.70","372.57","FAIL","FAIL","10","10","420","681.1","UNVERIFIED; total gross mass must be quoted","7","HIGH"
"Leland","87202Z","PUBLISHED CONFIGURATION SUPPORTED; CURRENT KIT CONFIRMATION REQUIRED","45","7","315","nominal","15","0","123.53","167.13","183.85","PASS","PASS","7.5","7.5","420","681.1","UNVERIFIED; total gross mass must be quoted","7","HIGH"
"Leland","87202Z","PUBLISHED CONFIGURATION SUPPORTED; CURRENT KIT CONFIRMATION REQUIRED","45","7","315","nominal","15","3","157.29","212.80","234.08","PASS","PASS","7.5","7.5","420","681.1","UNVERIFIED; total gross mass must be quoted","7","HIGH"
"Leland","87202Z","PUBLISHED CONFIGURATION SUPPORTED; CURRENT KIT CONFIRMATION REQUIRED","45","7","315","nominal","15","5","179.86","243.34","267.67","PASS","PASS","7.5","7.5","420","681.1","UNVERIFIED; total gross mass must be quoted","7","HIGH"
"Leland","87202Z","PUBLISHED CONFIGURATION SUPPORTED; CURRENT KIT CONFIRMATION REQUIRED","45","7","315","nominal","15","7.5","208.16","281.62","309.78","PASS","PASS","7.5","7.5","420","681.1","UNVERIFIED; total gross mass must be quoted","7","HIGH"
"Leland","87202Z","PUBLISHED CONFIGURATION SUPPORTED; CURRENT KIT CONFIRMATION REQUIRED","45","7","315","nominal","15","10","236.54","320.02","352.03","FAIL","FAIL","7.5","7.5","420","681.1","UNVERIFIED; total gross mass must be quoted","7","HIGH"
"Leland","87202Z","PUBLISHED CONFIGURATION SUPPORTED; CURRENT KIT CONFIRMATION REQUIRED","45","7","315","nominal","15","15","293.58","397.19","436.91","FAIL","FAIL","7.5","7.5","420","681.1","UNVERIFIED; total gross mass must be quoted","7","HIGH"
"Leland","87202Z","PUBLISHED CONFIGURATION SUPPORTED; CURRENT KIT CONFIRMATION REQUIRED","45","7","315","cold","0","0","130.47","208.75","229.63","PASS","PASS","5","3","420","681.1","UNVERIFIED; total gross mass must be quoted","7","HIGH"
"Leland","87202Z","PUBLISHED CONFIGURATION SUPPORTED; CURRENT KIT CONFIRMATION REQUIRED","45","7","315","cold","0","3","166.17","265.88","292.47","PASS","PASS","5","3","420","681.1","UNVERIFIED; total gross mass must be quoted","7","HIGH"
"Leland","87202Z","PUBLISHED CONFIGURATION SUPPORTED; CURRENT KIT CONFIRMATION REQUIRED","45","7","315","cold","0","5","190.06","304.10","334.51","PASS","FAIL","5","3","420","681.1","UNVERIFIED; total gross mass must be quoted","7","HIGH"
"Leland","87202Z","PUBLISHED CONFIGURATION SUPPORTED; CURRENT KIT CONFIRMATION REQUIRED","45","7","315","cold","0","7.5","220.02","352.04","387.24","FAIL","FAIL","5","3","420","681.1","UNVERIFIED; total gross mass must be quoted","7","HIGH"
"Leland","87202Z","PUBLISHED CONFIGURATION SUPPORTED; CURRENT KIT CONFIRMATION REQUIRED","45","7","315","cold","0","10","250.10","400.15","440.17","FAIL","FAIL","5","3","420","681.1","UNVERIFIED; total gross mass must be quoted","7","HIGH"
"Leland","87202Z","PUBLISHED CONFIGURATION SUPPORTED; CURRENT KIT CONFIRMATION REQUIRED","45","7","315","cold","0","15","310.58","496.92","546.61","FAIL","FAIL","5","3","420","681.1","UNVERIFIED; total gross mass must be quoted","7","HIGH"
"Leland","87203Z","APPLICATION APPROVAL REQUIRED","60","1","60","warm","25","0","119.31","142.65","156.92","FAIL","FAIL","UNSUPPORTED_AT_0_M","UNSUPPORTED_AT_0_M","83","126.5","UNVERIFIED; total gross mass must be quoted","1","LOW"
"Leland","87203Z","APPLICATION APPROVAL REQUIRED","60","1","60","warm","25","3","151.88","181.60","199.76","FAIL","FAIL","UNSUPPORTED_AT_0_M","UNSUPPORTED_AT_0_M","83","126.5","UNVERIFIED; total gross mass must be quoted","1","LOW"
"Leland","87203Z","APPLICATION APPROVAL REQUIRED","60","1","60","warm","25","5","173.66","207.63","228.40","FAIL","FAIL","UNSUPPORTED_AT_0_M","UNSUPPORTED_AT_0_M","83","126.5","UNVERIFIED; total gross mass must be quoted","1","LOW"
"Leland","87203Z","APPLICATION APPROVAL REQUIRED","60","1","60","warm","25","7.5","200.95","240.26","264.29","FAIL","FAIL","UNSUPPORTED_AT_0_M","UNSUPPORTED_AT_0_M","83","126.5","UNVERIFIED; total gross mass must be quoted","1","LOW"
"Leland","87203Z","APPLICATION APPROVAL REQUIRED","60","1","60","warm","25","10","228.31","272.98","300.28","FAIL","FAIL","UNSUPPORTED_AT_0_M","UNSUPPORTED_AT_0_M","83","126.5","UNVERIFIED; total gross mass must be quoted","1","LOW"
"Leland","87203Z","APPLICATION APPROVAL REQUIRED","60","1","60","warm","25","15","283.28","338.70","372.57","FAIL","FAIL","UNSUPPORTED_AT_0_M","UNSUPPORTED_AT_0_M","83","126.5","UNVERIFIED; total gross mass must be quoted","1","LOW"
"Leland","87203Z","APPLICATION APPROVAL REQUIRED","60","1","60","nominal","15","0","123.53","167.13","183.85","FAIL","FAIL","UNSUPPORTED_AT_0_M","UNSUPPORTED_AT_0_M","83","126.5","UNVERIFIED; total gross mass must be quoted","1","LOW"
"Leland","87203Z","APPLICATION APPROVAL REQUIRED","60","1","60","nominal","15","3","157.29","212.80","234.08","FAIL","FAIL","UNSUPPORTED_AT_0_M","UNSUPPORTED_AT_0_M","83","126.5","UNVERIFIED; total gross mass must be quoted","1","LOW"
"Leland","87203Z","APPLICATION APPROVAL REQUIRED","60","1","60","nominal","15","5","179.86","243.34","267.67","FAIL","FAIL","UNSUPPORTED_AT_0_M","UNSUPPORTED_AT_0_M","83","126.5","UNVERIFIED; total gross mass must be quoted","1","LOW"
"Leland","87203Z","APPLICATION APPROVAL REQUIRED","60","1","60","nominal","15","7.5","208.16","281.62","309.78","FAIL","FAIL","UNSUPPORTED_AT_0_M","UNSUPPORTED_AT_0_M","83","126.5","UNVERIFIED; total gross mass must be quoted","1","LOW"
"Leland","87203Z","APPLICATION APPROVAL REQUIRED","60","1","60","nominal","15","10","236.54","320.02","352.03","FAIL","FAIL","UNSUPPORTED_AT_0_M","UNSUPPORTED_AT_0_M","83","126.5","UNVERIFIED; total gross mass must be quoted","1","LOW"
"Leland","87203Z","APPLICATION APPROVAL REQUIRED","60","1","60","nominal","15","15","293.58","397.19","436.91","FAIL","FAIL","UNSUPPORTED_AT_0_M","UNSUPPORTED_AT_0_M","83","126.5","UNVERIFIED; total gross mass must be quoted","1","LOW"
"Leland","87203Z","APPLICATION APPROVAL REQUIRED","60","1","60","cold","0","0","130.47","208.75","229.63","FAIL","FAIL","UNSUPPORTED_AT_0_M","UNSUPPORTED_AT_0_M","83","126.5","UNVERIFIED; total gross mass must be quoted","1","LOW"
"Leland","87203Z","APPLICATION APPROVAL REQUIRED","60","1","60","cold","0","3","166.17","265.88","292.47","FAIL","FAIL","UNSUPPORTED_AT_0_M","UNSUPPORTED_AT_0_M","83","126.5","UNVERIFIED; total gross mass must be quoted","1","LOW"
"Leland","87203Z","APPLICATION APPROVAL REQUIRED","60","1","60","cold","0","5","190.06","304.10","334.51","FAIL","FAIL","UNSUPPORTED_AT_0_M","UNSUPPORTED_AT_0_M","83","126.5","UNVERIFIED; total gross mass must be quoted","1","LOW"
"Leland","87203Z","APPLICATION APPROVAL REQUIRED","60","1","60","cold","0","7.5","220.02","352.04","387.24","FAIL","FAIL","UNSUPPORTED_AT_0_M","UNSUPPORTED_AT_0_M","83","126.5","UNVERIFIED; total gross mass must be quoted","1","LOW"
"Leland","87203Z","APPLICATION APPROVAL REQUIRED","60","1","60","cold","0","10","250.10","400.15","440.17","FAIL","FAIL","UNSUPPORTED_AT_0_M","UNSUPPORTED_AT_0_M","83","126.5","UNVERIFIED; total gross mass must be quoted","1","LOW"
"Leland","87203Z","APPLICATION APPROVAL REQUIRED","60","1","60","cold","0","15","310.58","496.92","546.61","FAIL","FAIL","UNSUPPORTED_AT_0_M","UNSUPPORTED_AT_0_M","83","126.5","UNVERIFIED; total gross mass must be quoted","1","LOW"
"Leland","87203Z","APPLICATION APPROVAL REQUIRED","60","2","120","warm","25","0","119.31","142.65","156.92","FAIL","FAIL","UNSUPPORTED_AT_0_M","UNSUPPORTED_AT_0_M","166","253","UNVERIFIED; total gross mass must be quoted","2","LOW"
"Leland","87203Z","APPLICATION APPROVAL REQUIRED","60","2","120","warm","25","3","151.88","181.60","199.76","FAIL","FAIL","UNSUPPORTED_AT_0_M","UNSUPPORTED_AT_0_M","166","253","UNVERIFIED; total gross mass must be quoted","2","LOW"
"Leland","87203Z","APPLICATION APPROVAL REQUIRED","60","2","120","warm","25","5","173.66","207.63","228.40","FAIL","FAIL","UNSUPPORTED_AT_0_M","UNSUPPORTED_AT_0_M","166","253","UNVERIFIED; total gross mass must be quoted","2","LOW"
"Leland","87203Z","APPLICATION APPROVAL REQUIRED","60","2","120","warm","25","7.5","200.95","240.26","264.29","FAIL","FAIL","UNSUPPORTED_AT_0_M","UNSUPPORTED_AT_0_M","166","253","UNVERIFIED; total gross mass must be quoted","2","LOW"
"Leland","87203Z","APPLICATION APPROVAL REQUIRED","60","2","120","warm","25","10","228.31","272.98","300.28","FAIL","FAIL","UNSUPPORTED_AT_0_M","UNSUPPORTED_AT_0_M","166","253","UNVERIFIED; total gross mass must be quoted","2","LOW"
"Leland","87203Z","APPLICATION APPROVAL REQUIRED","60","2","120","warm","25","15","283.28","338.70","372.57","FAIL","FAIL","UNSUPPORTED_AT_0_M","UNSUPPORTED_AT_0_M","166","253","UNVERIFIED; total gross mass must be quoted","2","LOW"
"Leland","87203Z","APPLICATION APPROVAL REQUIRED","60","2","120","nominal","15","0","123.53","167.13","183.85","FAIL","FAIL","UNSUPPORTED_AT_0_M","UNSUPPORTED_AT_0_M","166","253","UNVERIFIED; total gross mass must be quoted","2","LOW"
"Leland","87203Z","APPLICATION APPROVAL REQUIRED","60","2","120","nominal","15","3","157.29","212.80","234.08","FAIL","FAIL","UNSUPPORTED_AT_0_M","UNSUPPORTED_AT_0_M","166","253","UNVERIFIED; total gross mass must be quoted","2","LOW"
"Leland","87203Z","APPLICATION APPROVAL REQUIRED","60","2","120","nominal","15","5","179.86","243.34","267.67","FAIL","FAIL","UNSUPPORTED_AT_0_M","UNSUPPORTED_AT_0_M","166","253","UNVERIFIED; total gross mass must be quoted","2","LOW"
"Leland","87203Z","APPLICATION APPROVAL REQUIRED","60","2","120","nominal","15","7.5","208.16","281.62","309.78","FAIL","FAIL","UNSUPPORTED_AT_0_M","UNSUPPORTED_AT_0_M","166","253","UNVERIFIED; total gross mass must be quoted","2","LOW"
"Leland","87203Z","APPLICATION APPROVAL REQUIRED","60","2","120","nominal","15","10","236.54","320.02","352.03","FAIL","FAIL","UNSUPPORTED_AT_0_M","UNSUPPORTED_AT_0_M","166","253","UNVERIFIED; total gross mass must be quoted","2","LOW"
"Leland","87203Z","APPLICATION APPROVAL REQUIRED","60","2","120","nominal","15","15","293.58","397.19","436.91","FAIL","FAIL","UNSUPPORTED_AT_0_M","UNSUPPORTED_AT_0_M","166","253","UNVERIFIED; total gross mass must be quoted","2","LOW"
"Leland","87203Z","APPLICATION APPROVAL REQUIRED","60","2","120","cold","0","0","130.47","208.75","229.63","FAIL","FAIL","UNSUPPORTED_AT_0_M","UNSUPPORTED_AT_0_M","166","253","UNVERIFIED; total gross mass must be quoted","2","LOW"
"Leland","87203Z","APPLICATION APPROVAL REQUIRED","60","2","120","cold","0","3","166.17","265.88","292.47","FAIL","FAIL","UNSUPPORTED_AT_0_M","UNSUPPORTED_AT_0_M","166","253","UNVERIFIED; total gross mass must be quoted","2","LOW"
"Leland","87203Z","APPLICATION APPROVAL REQUIRED","60","2","120","cold","0","5","190.06","304.10","334.51","FAIL","FAIL","UNSUPPORTED_AT_0_M","UNSUPPORTED_AT_0_M","166","253","UNVERIFIED; total gross mass must be quoted","2","LOW"
"Leland","87203Z","APPLICATION APPROVAL REQUIRED","60","2","120","cold","0","7.5","220.02","352.04","387.24","FAIL","FAIL","UNSUPPORTED_AT_0_M","UNSUPPORTED_AT_0_M","166","253","UNVERIFIED; total gross mass must be quoted","2","LOW"
"Leland","87203Z","APPLICATION APPROVAL REQUIRED","60","2","120","cold","0","10","250.10","400.15","440.17","FAIL","FAIL","UNSUPPORTED_AT_0_M","UNSUPPORTED_AT_0_M","166","253","UNVERIFIED; total gross mass must be quoted","2","LOW"
"Leland","87203Z","APPLICATION APPROVAL REQUIRED","60","2","120","cold","0","15","310.58","496.92","546.61","FAIL","FAIL","UNSUPPORTED_AT_0_M","UNSUPPORTED_AT_0_M","166","253","UNVERIFIED; total gross mass must be quoted","2","LOW"
"Leland","87203Z","APPLICATION APPROVAL REQUIRED","60","3","180","warm","25","0","119.31","142.65","156.92","PASS","PASS","0","0","249","379.5","UNVERIFIED; total gross mass must be quoted","3","LOW"
"Leland","87203Z","APPLICATION APPROVAL REQUIRED","60","3","180","warm","25","3","151.88","181.60","199.76","FAIL","FAIL","0","0","249","379.5","UNVERIFIED; total gross mass must be quoted","3","LOW"
"Leland","87203Z","APPLICATION APPROVAL REQUIRED","60","3","180","warm","25","5","173.66","207.63","228.40","FAIL","FAIL","0","0","249","379.5","UNVERIFIED; total gross mass must be quoted","3","LOW"
"Leland","87203Z","APPLICATION APPROVAL REQUIRED","60","3","180","warm","25","7.5","200.95","240.26","264.29","FAIL","FAIL","0","0","249","379.5","UNVERIFIED; total gross mass must be quoted","3","LOW"
"Leland","87203Z","APPLICATION APPROVAL REQUIRED","60","3","180","warm","25","10","228.31","272.98","300.28","FAIL","FAIL","0","0","249","379.5","UNVERIFIED; total gross mass must be quoted","3","LOW"
"Leland","87203Z","APPLICATION APPROVAL REQUIRED","60","3","180","warm","25","15","283.28","338.70","372.57","FAIL","FAIL","0","0","249","379.5","UNVERIFIED; total gross mass must be quoted","3","LOW"
"Leland","87203Z","APPLICATION APPROVAL REQUIRED","60","3","180","nominal","15","0","123.53","167.13","183.85","PASS","FAIL","0","UNSUPPORTED_AT_0_M","249","379.5","UNVERIFIED; total gross mass must be quoted","3","LOW"
"Leland","87203Z","APPLICATION APPROVAL REQUIRED","60","3","180","nominal","15","3","157.29","212.80","234.08","FAIL","FAIL","0","UNSUPPORTED_AT_0_M","249","379.5","UNVERIFIED; total gross mass must be quoted","3","LOW"
"Leland","87203Z","APPLICATION APPROVAL REQUIRED","60","3","180","nominal","15","5","179.86","243.34","267.67","FAIL","FAIL","0","UNSUPPORTED_AT_0_M","249","379.5","UNVERIFIED; total gross mass must be quoted","3","LOW"
"Leland","87203Z","APPLICATION APPROVAL REQUIRED","60","3","180","nominal","15","7.5","208.16","281.62","309.78","FAIL","FAIL","0","UNSUPPORTED_AT_0_M","249","379.5","UNVERIFIED; total gross mass must be quoted","3","LOW"
"Leland","87203Z","APPLICATION APPROVAL REQUIRED","60","3","180","nominal","15","10","236.54","320.02","352.03","FAIL","FAIL","0","UNSUPPORTED_AT_0_M","249","379.5","UNVERIFIED; total gross mass must be quoted","3","LOW"
"Leland","87203Z","APPLICATION APPROVAL REQUIRED","60","3","180","nominal","15","15","293.58","397.19","436.91","FAIL","FAIL","0","UNSUPPORTED_AT_0_M","249","379.5","UNVERIFIED; total gross mass must be quoted","3","LOW"
"Leland","87203Z","APPLICATION APPROVAL REQUIRED","60","3","180","cold","0","0","130.47","208.75","229.63","FAIL","FAIL","UNSUPPORTED_AT_0_M","UNSUPPORTED_AT_0_M","249","379.5","UNVERIFIED; total gross mass must be quoted","3","LOW"
"Leland","87203Z","APPLICATION APPROVAL REQUIRED","60","3","180","cold","0","3","166.17","265.88","292.47","FAIL","FAIL","UNSUPPORTED_AT_0_M","UNSUPPORTED_AT_0_M","249","379.5","UNVERIFIED; total gross mass must be quoted","3","LOW"
"Leland","87203Z","APPLICATION APPROVAL REQUIRED","60","3","180","cold","0","5","190.06","304.10","334.51","FAIL","FAIL","UNSUPPORTED_AT_0_M","UNSUPPORTED_AT_0_M","249","379.5","UNVERIFIED; total gross mass must be quoted","3","LOW"
"Leland","87203Z","APPLICATION APPROVAL REQUIRED","60","3","180","cold","0","7.5","220.02","352.04","387.24","FAIL","FAIL","UNSUPPORTED_AT_0_M","UNSUPPORTED_AT_0_M","249","379.5","UNVERIFIED; total gross mass must be quoted","3","LOW"
"Leland","87203Z","APPLICATION APPROVAL REQUIRED","60","3","180","cold","0","10","250.10","400.15","440.17","FAIL","FAIL","UNSUPPORTED_AT_0_M","UNSUPPORTED_AT_0_M","249","379.5","UNVERIFIED; total gross mass must be quoted","3","LOW"
"Leland","87203Z","APPLICATION APPROVAL REQUIRED","60","3","180","cold","0","15","310.58","496.92","546.61","FAIL","FAIL","UNSUPPORTED_AT_0_M","UNSUPPORTED_AT_0_M","249","379.5","UNVERIFIED; total gross mass must be quoted","3","LOW"
"Leland","87203Z","APPLICATION APPROVAL REQUIRED","60","4","240","warm","25","0","119.31","142.65","156.92","PASS","PASS","5","5","332","506","UNVERIFIED; total gross mass must be quoted","4","MODERATE"
"Leland","87203Z","APPLICATION APPROVAL REQUIRED","60","4","240","warm","25","3","151.88","181.60","199.76","PASS","PASS","5","5","332","506","UNVERIFIED; total gross mass must be quoted","4","MODERATE"
"Leland","87203Z","APPLICATION APPROVAL REQUIRED","60","4","240","warm","25","5","173.66","207.63","228.40","PASS","PASS","5","5","332","506","UNVERIFIED; total gross mass must be quoted","4","MODERATE"
"Leland","87203Z","APPLICATION APPROVAL REQUIRED","60","4","240","warm","25","7.5","200.95","240.26","264.29","FAIL","FAIL","5","5","332","506","UNVERIFIED; total gross mass must be quoted","4","MODERATE"
"Leland","87203Z","APPLICATION APPROVAL REQUIRED","60","4","240","warm","25","10","228.31","272.98","300.28","FAIL","FAIL","5","5","332","506","UNVERIFIED; total gross mass must be quoted","4","MODERATE"
"Leland","87203Z","APPLICATION APPROVAL REQUIRED","60","4","240","warm","25","15","283.28","338.70","372.57","FAIL","FAIL","5","5","332","506","UNVERIFIED; total gross mass must be quoted","4","MODERATE"
"Leland","87203Z","APPLICATION APPROVAL REQUIRED","60","4","240","nominal","15","0","123.53","167.13","183.85","PASS","PASS","3","3","332","506","UNVERIFIED; total gross mass must be quoted","4","MODERATE"
"Leland","87203Z","APPLICATION APPROVAL REQUIRED","60","4","240","nominal","15","3","157.29","212.80","234.08","PASS","PASS","3","3","332","506","UNVERIFIED; total gross mass must be quoted","4","MODERATE"
"Leland","87203Z","APPLICATION APPROVAL REQUIRED","60","4","240","nominal","15","5","179.86","243.34","267.67","FAIL","FAIL","3","3","332","506","UNVERIFIED; total gross mass must be quoted","4","MODERATE"
"Leland","87203Z","APPLICATION APPROVAL REQUIRED","60","4","240","nominal","15","7.5","208.16","281.62","309.78","FAIL","FAIL","3","3","332","506","UNVERIFIED; total gross mass must be quoted","4","MODERATE"
"Leland","87203Z","APPLICATION APPROVAL REQUIRED","60","4","240","nominal","15","10","236.54","320.02","352.03","FAIL","FAIL","3","3","332","506","UNVERIFIED; total gross mass must be quoted","4","MODERATE"
"Leland","87203Z","APPLICATION APPROVAL REQUIRED","60","4","240","nominal","15","15","293.58","397.19","436.91","FAIL","FAIL","3","3","332","506","UNVERIFIED; total gross mass must be quoted","4","MODERATE"
"Leland","87203Z","APPLICATION APPROVAL REQUIRED","60","4","240","cold","0","0","130.47","208.75","229.63","PASS","PASS","0","0","332","506","UNVERIFIED; total gross mass must be quoted","4","MODERATE"
"Leland","87203Z","APPLICATION APPROVAL REQUIRED","60","4","240","cold","0","3","166.17","265.88","292.47","FAIL","FAIL","0","0","332","506","UNVERIFIED; total gross mass must be quoted","4","MODERATE"
"Leland","87203Z","APPLICATION APPROVAL REQUIRED","60","4","240","cold","0","5","190.06","304.10","334.51","FAIL","FAIL","0","0","332","506","UNVERIFIED; total gross mass must be quoted","4","MODERATE"
"Leland","87203Z","APPLICATION APPROVAL REQUIRED","60","4","240","cold","0","7.5","220.02","352.04","387.24","FAIL","FAIL","0","0","332","506","UNVERIFIED; total gross mass must be quoted","4","MODERATE"
"Leland","87203Z","APPLICATION APPROVAL REQUIRED","60","4","240","cold","0","10","250.10","400.15","440.17","FAIL","FAIL","0","0","332","506","UNVERIFIED; total gross mass must be quoted","4","MODERATE"
"Leland","87203Z","APPLICATION APPROVAL REQUIRED","60","4","240","cold","0","15","310.58","496.92","546.61","FAIL","FAIL","0","0","332","506","UNVERIFIED; total gross mass must be quoted","4","MODERATE"
"Leland","87203Z","APPLICATION APPROVAL REQUIRED","60","5","300","warm","25","0","119.31","142.65","156.92","PASS","PASS","10","7.5","415","632.5","UNVERIFIED; total gross mass must be quoted","5","MODERATE"
"Leland","87203Z","APPLICATION APPROVAL REQUIRED","60","5","300","warm","25","3","151.88","181.60","199.76","PASS","PASS","10","7.5","415","632.5","UNVERIFIED; total gross mass must be quoted","5","MODERATE"
"Leland","87203Z","APPLICATION APPROVAL REQUIRED","60","5","300","warm","25","5","173.66","207.63","228.40","PASS","PASS","10","7.5","415","632.5","UNVERIFIED; total gross mass must be quoted","5","MODERATE"
"Leland","87203Z","APPLICATION APPROVAL REQUIRED","60","5","300","warm","25","7.5","200.95","240.26","264.29","PASS","PASS","10","7.5","415","632.5","UNVERIFIED; total gross mass must be quoted","5","MODERATE"
"Leland","87203Z","APPLICATION APPROVAL REQUIRED","60","5","300","warm","25","10","228.31","272.98","300.28","PASS","FAIL","10","7.5","415","632.5","UNVERIFIED; total gross mass must be quoted","5","MODERATE"
"Leland","87203Z","APPLICATION APPROVAL REQUIRED","60","5","300","warm","25","15","283.28","338.70","372.57","FAIL","FAIL","10","7.5","415","632.5","UNVERIFIED; total gross mass must be quoted","5","MODERATE"
"Leland","87203Z","APPLICATION APPROVAL REQUIRED","60","5","300","nominal","15","0","123.53","167.13","183.85","PASS","PASS","7.5","5","415","632.5","UNVERIFIED; total gross mass must be quoted","5","MODERATE"
"Leland","87203Z","APPLICATION APPROVAL REQUIRED","60","5","300","nominal","15","3","157.29","212.80","234.08","PASS","PASS","7.5","5","415","632.5","UNVERIFIED; total gross mass must be quoted","5","MODERATE"
"Leland","87203Z","APPLICATION APPROVAL REQUIRED","60","5","300","nominal","15","5","179.86","243.34","267.67","PASS","PASS","7.5","5","415","632.5","UNVERIFIED; total gross mass must be quoted","5","MODERATE"
"Leland","87203Z","APPLICATION APPROVAL REQUIRED","60","5","300","nominal","15","7.5","208.16","281.62","309.78","PASS","FAIL","7.5","5","415","632.5","UNVERIFIED; total gross mass must be quoted","5","MODERATE"
"Leland","87203Z","APPLICATION APPROVAL REQUIRED","60","5","300","nominal","15","10","236.54","320.02","352.03","FAIL","FAIL","7.5","5","415","632.5","UNVERIFIED; total gross mass must be quoted","5","MODERATE"
"Leland","87203Z","APPLICATION APPROVAL REQUIRED","60","5","300","nominal","15","15","293.58","397.19","436.91","FAIL","FAIL","7.5","5","415","632.5","UNVERIFIED; total gross mass must be quoted","5","MODERATE"
"Leland","87203Z","APPLICATION APPROVAL REQUIRED","60","5","300","cold","0","0","130.47","208.75","229.63","PASS","PASS","3","3","415","632.5","UNVERIFIED; total gross mass must be quoted","5","MODERATE"
"Leland","87203Z","APPLICATION APPROVAL REQUIRED","60","5","300","cold","0","3","166.17","265.88","292.47","PASS","PASS","3","3","415","632.5","UNVERIFIED; total gross mass must be quoted","5","MODERATE"
"Leland","87203Z","APPLICATION APPROVAL REQUIRED","60","5","300","cold","0","5","190.06","304.10","334.51","FAIL","FAIL","3","3","415","632.5","UNVERIFIED; total gross mass must be quoted","5","MODERATE"
"Leland","87203Z","APPLICATION APPROVAL REQUIRED","60","5","300","cold","0","7.5","220.02","352.04","387.24","FAIL","FAIL","3","3","415","632.5","UNVERIFIED; total gross mass must be quoted","5","MODERATE"
"Leland","87203Z","APPLICATION APPROVAL REQUIRED","60","5","300","cold","0","10","250.10","400.15","440.17","FAIL","FAIL","3","3","415","632.5","UNVERIFIED; total gross mass must be quoted","5","MODERATE"
"Leland","87203Z","APPLICATION APPROVAL REQUIRED","60","5","300","cold","0","15","310.58","496.92","546.61","FAIL","FAIL","3","3","415","632.5","UNVERIFIED; total gross mass must be quoted","5","MODERATE"
"Leland","87203Z","APPLICATION APPROVAL REQUIRED","60","6","360","warm","25","0","119.31","142.65","156.92","PASS","PASS","15","10","498","759","UNVERIFIED; total gross mass must be quoted","6","HIGH"
"Leland","87203Z","APPLICATION APPROVAL REQUIRED","60","6","360","warm","25","3","151.88","181.60","199.76","PASS","PASS","15","10","498","759","UNVERIFIED; total gross mass must be quoted","6","HIGH"
"Leland","87203Z","APPLICATION APPROVAL REQUIRED","60","6","360","warm","25","5","173.66","207.63","228.40","PASS","PASS","15","10","498","759","UNVERIFIED; total gross mass must be quoted","6","HIGH"
"Leland","87203Z","APPLICATION APPROVAL REQUIRED","60","6","360","warm","25","7.5","200.95","240.26","264.29","PASS","PASS","15","10","498","759","UNVERIFIED; total gross mass must be quoted","6","HIGH"
"Leland","87203Z","APPLICATION APPROVAL REQUIRED","60","6","360","warm","25","10","228.31","272.98","300.28","PASS","PASS","15","10","498","759","UNVERIFIED; total gross mass must be quoted","6","HIGH"
"Leland","87203Z","APPLICATION APPROVAL REQUIRED","60","6","360","warm","25","15","283.28","338.70","372.57","PASS","FAIL","15","10","498","759","UNVERIFIED; total gross mass must be quoted","6","HIGH"
"Leland","87203Z","APPLICATION APPROVAL REQUIRED","60","6","360","nominal","15","0","123.53","167.13","183.85","PASS","PASS","10","10","498","759","UNVERIFIED; total gross mass must be quoted","6","HIGH"
"Leland","87203Z","APPLICATION APPROVAL REQUIRED","60","6","360","nominal","15","3","157.29","212.80","234.08","PASS","PASS","10","10","498","759","UNVERIFIED; total gross mass must be quoted","6","HIGH"
"Leland","87203Z","APPLICATION APPROVAL REQUIRED","60","6","360","nominal","15","5","179.86","243.34","267.67","PASS","PASS","10","10","498","759","UNVERIFIED; total gross mass must be quoted","6","HIGH"
"Leland","87203Z","APPLICATION APPROVAL REQUIRED","60","6","360","nominal","15","7.5","208.16","281.62","309.78","PASS","PASS","10","10","498","759","UNVERIFIED; total gross mass must be quoted","6","HIGH"
"Leland","87203Z","APPLICATION APPROVAL REQUIRED","60","6","360","nominal","15","10","236.54","320.02","352.03","PASS","PASS","10","10","498","759","UNVERIFIED; total gross mass must be quoted","6","HIGH"
"Leland","87203Z","APPLICATION APPROVAL REQUIRED","60","6","360","nominal","15","15","293.58","397.19","436.91","FAIL","FAIL","10","10","498","759","UNVERIFIED; total gross mass must be quoted","6","HIGH"
"Leland","87203Z","APPLICATION APPROVAL REQUIRED","60","6","360","cold","0","0","130.47","208.75","229.63","PASS","PASS","7.5","5","498","759","UNVERIFIED; total gross mass must be quoted","6","HIGH"
"Leland","87203Z","APPLICATION APPROVAL REQUIRED","60","6","360","cold","0","3","166.17","265.88","292.47","PASS","PASS","7.5","5","498","759","UNVERIFIED; total gross mass must be quoted","6","HIGH"
"Leland","87203Z","APPLICATION APPROVAL REQUIRED","60","6","360","cold","0","5","190.06","304.10","334.51","PASS","PASS","7.5","5","498","759","UNVERIFIED; total gross mass must be quoted","6","HIGH"
"Leland","87203Z","APPLICATION APPROVAL REQUIRED","60","6","360","cold","0","7.5","220.02","352.04","387.24","PASS","FAIL","7.5","5","498","759","UNVERIFIED; total gross mass must be quoted","6","HIGH"
"Leland","87203Z","APPLICATION APPROVAL REQUIRED","60","6","360","cold","0","10","250.10","400.15","440.17","FAIL","FAIL","7.5","5","498","759","UNVERIFIED; total gross mass must be quoted","6","HIGH"
"Leland","87203Z","APPLICATION APPROVAL REQUIRED","60","6","360","cold","0","15","310.58","496.92","546.61","FAIL","FAIL","7.5","5","498","759","UNVERIFIED; total gross mass must be quoted","6","HIGH"
"Leland","87203Z","APPLICATION APPROVAL REQUIRED","60","7","420","warm","25","0","119.31","142.65","156.92","PASS","PASS","15","15","581","885.5","UNVERIFIED; total gross mass must be quoted","7","HIGH"
"Leland","87203Z","APPLICATION APPROVAL REQUIRED","60","7","420","warm","25","3","151.88","181.60","199.76","PASS","PASS","15","15","581","885.5","UNVERIFIED; total gross mass must be quoted","7","HIGH"
"Leland","87203Z","APPLICATION APPROVAL REQUIRED","60","7","420","warm","25","5","173.66","207.63","228.40","PASS","PASS","15","15","581","885.5","UNVERIFIED; total gross mass must be quoted","7","HIGH"
"Leland","87203Z","APPLICATION APPROVAL REQUIRED","60","7","420","warm","25","7.5","200.95","240.26","264.29","PASS","PASS","15","15","581","885.5","UNVERIFIED; total gross mass must be quoted","7","HIGH"
"Leland","87203Z","APPLICATION APPROVAL REQUIRED","60","7","420","warm","25","10","228.31","272.98","300.28","PASS","PASS","15","15","581","885.5","UNVERIFIED; total gross mass must be quoted","7","HIGH"
"Leland","87203Z","APPLICATION APPROVAL REQUIRED","60","7","420","warm","25","15","283.28","338.70","372.57","PASS","PASS","15","15","581","885.5","UNVERIFIED; total gross mass must be quoted","7","HIGH"
"Leland","87203Z","APPLICATION APPROVAL REQUIRED","60","7","420","nominal","15","0","123.53","167.13","183.85","PASS","PASS","15","10","581","885.5","UNVERIFIED; total gross mass must be quoted","7","HIGH"
"Leland","87203Z","APPLICATION APPROVAL REQUIRED","60","7","420","nominal","15","3","157.29","212.80","234.08","PASS","PASS","15","10","581","885.5","UNVERIFIED; total gross mass must be quoted","7","HIGH"
"Leland","87203Z","APPLICATION APPROVAL REQUIRED","60","7","420","nominal","15","5","179.86","243.34","267.67","PASS","PASS","15","10","581","885.5","UNVERIFIED; total gross mass must be quoted","7","HIGH"
"Leland","87203Z","APPLICATION APPROVAL REQUIRED","60","7","420","nominal","15","7.5","208.16","281.62","309.78","PASS","PASS","15","10","581","885.5","UNVERIFIED; total gross mass must be quoted","7","HIGH"
"Leland","87203Z","APPLICATION APPROVAL REQUIRED","60","7","420","nominal","15","10","236.54","320.02","352.03","PASS","PASS","15","10","581","885.5","UNVERIFIED; total gross mass must be quoted","7","HIGH"
"Leland","87203Z","APPLICATION APPROVAL REQUIRED","60","7","420","nominal","15","15","293.58","397.19","436.91","PASS","FAIL","15","10","581","885.5","UNVERIFIED; total gross mass must be quoted","7","HIGH"
"Leland","87203Z","APPLICATION APPROVAL REQUIRED","60","7","420","cold","0","0","130.47","208.75","229.63","PASS","PASS","10","7.5","581","885.5","UNVERIFIED; total gross mass must be quoted","7","HIGH"
"Leland","87203Z","APPLICATION APPROVAL REQUIRED","60","7","420","cold","0","3","166.17","265.88","292.47","PASS","PASS","10","7.5","581","885.5","UNVERIFIED; total gross mass must be quoted","7","HIGH"
"Leland","87203Z","APPLICATION APPROVAL REQUIRED","60","7","420","cold","0","5","190.06","304.10","334.51","PASS","PASS","10","7.5","581","885.5","UNVERIFIED; total gross mass must be quoted","7","HIGH"
"Leland","87203Z","APPLICATION APPROVAL REQUIRED","60","7","420","cold","0","7.5","220.02","352.04","387.24","PASS","PASS","10","7.5","581","885.5","UNVERIFIED; total gross mass must be quoted","7","HIGH"
"Leland","87203Z","APPLICATION APPROVAL REQUIRED","60","7","420","cold","0","10","250.10","400.15","440.17","PASS","FAIL","10","7.5","581","885.5","UNVERIFIED; total gross mass must be quoted","7","HIGH"
"Leland","87203Z","APPLICATION APPROVAL REQUIRED","60","7","420","cold","0","15","310.58","496.92","546.61","FAIL","FAIL","10","7.5","581","885.5","UNVERIFIED; total gross mass must be quoted","7","HIGH"
"Leland","89070","APPLICATION APPROVAL REQUIRED","70","1","70","warm","25","0","119.31","142.65","156.92","FAIL","FAIL","UNSUPPORTED_AT_0_M","UNSUPPORTED_AT_0_M","100","144.6","UNVERIFIED; total gross mass must be quoted","1","LOW"
"Leland","89070","APPLICATION APPROVAL REQUIRED","70","1","70","warm","25","3","151.88","181.60","199.76","FAIL","FAIL","UNSUPPORTED_AT_0_M","UNSUPPORTED_AT_0_M","100","144.6","UNVERIFIED; total gross mass must be quoted","1","LOW"
"Leland","89070","APPLICATION APPROVAL REQUIRED","70","1","70","warm","25","5","173.66","207.63","228.40","FAIL","FAIL","UNSUPPORTED_AT_0_M","UNSUPPORTED_AT_0_M","100","144.6","UNVERIFIED; total gross mass must be quoted","1","LOW"
"Leland","89070","APPLICATION APPROVAL REQUIRED","70","1","70","warm","25","7.5","200.95","240.26","264.29","FAIL","FAIL","UNSUPPORTED_AT_0_M","UNSUPPORTED_AT_0_M","100","144.6","UNVERIFIED; total gross mass must be quoted","1","LOW"
"Leland","89070","APPLICATION APPROVAL REQUIRED","70","1","70","warm","25","10","228.31","272.98","300.28","FAIL","FAIL","UNSUPPORTED_AT_0_M","UNSUPPORTED_AT_0_M","100","144.6","UNVERIFIED; total gross mass must be quoted","1","LOW"
"Leland","89070","APPLICATION APPROVAL REQUIRED","70","1","70","warm","25","15","283.28","338.70","372.57","FAIL","FAIL","UNSUPPORTED_AT_0_M","UNSUPPORTED_AT_0_M","100","144.6","UNVERIFIED; total gross mass must be quoted","1","LOW"
"Leland","89070","APPLICATION APPROVAL REQUIRED","70","1","70","nominal","15","0","123.53","167.13","183.85","FAIL","FAIL","UNSUPPORTED_AT_0_M","UNSUPPORTED_AT_0_M","100","144.6","UNVERIFIED; total gross mass must be quoted","1","LOW"
"Leland","89070","APPLICATION APPROVAL REQUIRED","70","1","70","nominal","15","3","157.29","212.80","234.08","FAIL","FAIL","UNSUPPORTED_AT_0_M","UNSUPPORTED_AT_0_M","100","144.6","UNVERIFIED; total gross mass must be quoted","1","LOW"
"Leland","89070","APPLICATION APPROVAL REQUIRED","70","1","70","nominal","15","5","179.86","243.34","267.67","FAIL","FAIL","UNSUPPORTED_AT_0_M","UNSUPPORTED_AT_0_M","100","144.6","UNVERIFIED; total gross mass must be quoted","1","LOW"
"Leland","89070","APPLICATION APPROVAL REQUIRED","70","1","70","nominal","15","7.5","208.16","281.62","309.78","FAIL","FAIL","UNSUPPORTED_AT_0_M","UNSUPPORTED_AT_0_M","100","144.6","UNVERIFIED; total gross mass must be quoted","1","LOW"
"Leland","89070","APPLICATION APPROVAL REQUIRED","70","1","70","nominal","15","10","236.54","320.02","352.03","FAIL","FAIL","UNSUPPORTED_AT_0_M","UNSUPPORTED_AT_0_M","100","144.6","UNVERIFIED; total gross mass must be quoted","1","LOW"
"Leland","89070","APPLICATION APPROVAL REQUIRED","70","1","70","nominal","15","15","293.58","397.19","436.91","FAIL","FAIL","UNSUPPORTED_AT_0_M","UNSUPPORTED_AT_0_M","100","144.6","UNVERIFIED; total gross mass must be quoted","1","LOW"
"Leland","89070","APPLICATION APPROVAL REQUIRED","70","1","70","cold","0","0","130.47","208.75","229.63","FAIL","FAIL","UNSUPPORTED_AT_0_M","UNSUPPORTED_AT_0_M","100","144.6","UNVERIFIED; total gross mass must be quoted","1","LOW"
"Leland","89070","APPLICATION APPROVAL REQUIRED","70","1","70","cold","0","3","166.17","265.88","292.47","FAIL","FAIL","UNSUPPORTED_AT_0_M","UNSUPPORTED_AT_0_M","100","144.6","UNVERIFIED; total gross mass must be quoted","1","LOW"
"Leland","89070","APPLICATION APPROVAL REQUIRED","70","1","70","cold","0","5","190.06","304.10","334.51","FAIL","FAIL","UNSUPPORTED_AT_0_M","UNSUPPORTED_AT_0_M","100","144.6","UNVERIFIED; total gross mass must be quoted","1","LOW"
"Leland","89070","APPLICATION APPROVAL REQUIRED","70","1","70","cold","0","7.5","220.02","352.04","387.24","FAIL","FAIL","UNSUPPORTED_AT_0_M","UNSUPPORTED_AT_0_M","100","144.6","UNVERIFIED; total gross mass must be quoted","1","LOW"
"Leland","89070","APPLICATION APPROVAL REQUIRED","70","1","70","cold","0","10","250.10","400.15","440.17","FAIL","FAIL","UNSUPPORTED_AT_0_M","UNSUPPORTED_AT_0_M","100","144.6","UNVERIFIED; total gross mass must be quoted","1","LOW"
"Leland","89070","APPLICATION APPROVAL REQUIRED","70","1","70","cold","0","15","310.58","496.92","546.61","FAIL","FAIL","UNSUPPORTED_AT_0_M","UNSUPPORTED_AT_0_M","100","144.6","UNVERIFIED; total gross mass must be quoted","1","LOW"
"Leland","89070","APPLICATION APPROVAL REQUIRED","70","2","140","warm","25","0","119.31","142.65","156.92","FAIL","FAIL","UNSUPPORTED_AT_0_M","UNSUPPORTED_AT_0_M","200","289.2","UNVERIFIED; total gross mass must be quoted","2","LOW"
"Leland","89070","APPLICATION APPROVAL REQUIRED","70","2","140","warm","25","3","151.88","181.60","199.76","FAIL","FAIL","UNSUPPORTED_AT_0_M","UNSUPPORTED_AT_0_M","200","289.2","UNVERIFIED; total gross mass must be quoted","2","LOW"
"Leland","89070","APPLICATION APPROVAL REQUIRED","70","2","140","warm","25","5","173.66","207.63","228.40","FAIL","FAIL","UNSUPPORTED_AT_0_M","UNSUPPORTED_AT_0_M","200","289.2","UNVERIFIED; total gross mass must be quoted","2","LOW"
"Leland","89070","APPLICATION APPROVAL REQUIRED","70","2","140","warm","25","7.5","200.95","240.26","264.29","FAIL","FAIL","UNSUPPORTED_AT_0_M","UNSUPPORTED_AT_0_M","200","289.2","UNVERIFIED; total gross mass must be quoted","2","LOW"
"Leland","89070","APPLICATION APPROVAL REQUIRED","70","2","140","warm","25","10","228.31","272.98","300.28","FAIL","FAIL","UNSUPPORTED_AT_0_M","UNSUPPORTED_AT_0_M","200","289.2","UNVERIFIED; total gross mass must be quoted","2","LOW"
"Leland","89070","APPLICATION APPROVAL REQUIRED","70","2","140","warm","25","15","283.28","338.70","372.57","FAIL","FAIL","UNSUPPORTED_AT_0_M","UNSUPPORTED_AT_0_M","200","289.2","UNVERIFIED; total gross mass must be quoted","2","LOW"
"Leland","89070","APPLICATION APPROVAL REQUIRED","70","2","140","nominal","15","0","123.53","167.13","183.85","FAIL","FAIL","UNSUPPORTED_AT_0_M","UNSUPPORTED_AT_0_M","200","289.2","UNVERIFIED; total gross mass must be quoted","2","LOW"
"Leland","89070","APPLICATION APPROVAL REQUIRED","70","2","140","nominal","15","3","157.29","212.80","234.08","FAIL","FAIL","UNSUPPORTED_AT_0_M","UNSUPPORTED_AT_0_M","200","289.2","UNVERIFIED; total gross mass must be quoted","2","LOW"
"Leland","89070","APPLICATION APPROVAL REQUIRED","70","2","140","nominal","15","5","179.86","243.34","267.67","FAIL","FAIL","UNSUPPORTED_AT_0_M","UNSUPPORTED_AT_0_M","200","289.2","UNVERIFIED; total gross mass must be quoted","2","LOW"
"Leland","89070","APPLICATION APPROVAL REQUIRED","70","2","140","nominal","15","7.5","208.16","281.62","309.78","FAIL","FAIL","UNSUPPORTED_AT_0_M","UNSUPPORTED_AT_0_M","200","289.2","UNVERIFIED; total gross mass must be quoted","2","LOW"
"Leland","89070","APPLICATION APPROVAL REQUIRED","70","2","140","nominal","15","10","236.54","320.02","352.03","FAIL","FAIL","UNSUPPORTED_AT_0_M","UNSUPPORTED_AT_0_M","200","289.2","UNVERIFIED; total gross mass must be quoted","2","LOW"
"Leland","89070","APPLICATION APPROVAL REQUIRED","70","2","140","nominal","15","15","293.58","397.19","436.91","FAIL","FAIL","UNSUPPORTED_AT_0_M","UNSUPPORTED_AT_0_M","200","289.2","UNVERIFIED; total gross mass must be quoted","2","LOW"
"Leland","89070","APPLICATION APPROVAL REQUIRED","70","2","140","cold","0","0","130.47","208.75","229.63","FAIL","FAIL","UNSUPPORTED_AT_0_M","UNSUPPORTED_AT_0_M","200","289.2","UNVERIFIED; total gross mass must be quoted","2","LOW"
"Leland","89070","APPLICATION APPROVAL REQUIRED","70","2","140","cold","0","3","166.17","265.88","292.47","FAIL","FAIL","UNSUPPORTED_AT_0_M","UNSUPPORTED_AT_0_M","200","289.2","UNVERIFIED; total gross mass must be quoted","2","LOW"
"Leland","89070","APPLICATION APPROVAL REQUIRED","70","2","140","cold","0","5","190.06","304.10","334.51","FAIL","FAIL","UNSUPPORTED_AT_0_M","UNSUPPORTED_AT_0_M","200","289.2","UNVERIFIED; total gross mass must be quoted","2","LOW"
"Leland","89070","APPLICATION APPROVAL REQUIRED","70","2","140","cold","0","7.5","220.02","352.04","387.24","FAIL","FAIL","UNSUPPORTED_AT_0_M","UNSUPPORTED_AT_0_M","200","289.2","UNVERIFIED; total gross mass must be quoted","2","LOW"
"Leland","89070","APPLICATION APPROVAL REQUIRED","70","2","140","cold","0","10","250.10","400.15","440.17","FAIL","FAIL","UNSUPPORTED_AT_0_M","UNSUPPORTED_AT_0_M","200","289.2","UNVERIFIED; total gross mass must be quoted","2","LOW"
"Leland","89070","APPLICATION APPROVAL REQUIRED","70","2","140","cold","0","15","310.58","496.92","546.61","FAIL","FAIL","UNSUPPORTED_AT_0_M","UNSUPPORTED_AT_0_M","200","289.2","UNVERIFIED; total gross mass must be quoted","2","LOW"
"Leland","89070","APPLICATION APPROVAL REQUIRED","70","3","210","warm","25","0","119.31","142.65","156.92","PASS","PASS","5","3","300","433.8","UNVERIFIED; total gross mass must be quoted","3","LOW"
"Leland","89070","APPLICATION APPROVAL REQUIRED","70","3","210","warm","25","3","151.88","181.60","199.76","PASS","PASS","5","3","300","433.8","UNVERIFIED; total gross mass must be quoted","3","LOW"
"Leland","89070","APPLICATION APPROVAL REQUIRED","70","3","210","warm","25","5","173.66","207.63","228.40","PASS","FAIL","5","3","300","433.8","UNVERIFIED; total gross mass must be quoted","3","LOW"
"Leland","89070","APPLICATION APPROVAL REQUIRED","70","3","210","warm","25","7.5","200.95","240.26","264.29","FAIL","FAIL","5","3","300","433.8","UNVERIFIED; total gross mass must be quoted","3","LOW"
"Leland","89070","APPLICATION APPROVAL REQUIRED","70","3","210","warm","25","10","228.31","272.98","300.28","FAIL","FAIL","5","3","300","433.8","UNVERIFIED; total gross mass must be quoted","3","LOW"
"Leland","89070","APPLICATION APPROVAL REQUIRED","70","3","210","warm","25","15","283.28","338.70","372.57","FAIL","FAIL","5","3","300","433.8","UNVERIFIED; total gross mass must be quoted","3","LOW"
"Leland","89070","APPLICATION APPROVAL REQUIRED","70","3","210","nominal","15","0","123.53","167.13","183.85","PASS","PASS","0","0","300","433.8","UNVERIFIED; total gross mass must be quoted","3","LOW"
"Leland","89070","APPLICATION APPROVAL REQUIRED","70","3","210","nominal","15","3","157.29","212.80","234.08","FAIL","FAIL","0","0","300","433.8","UNVERIFIED; total gross mass must be quoted","3","LOW"
"Leland","89070","APPLICATION APPROVAL REQUIRED","70","3","210","nominal","15","5","179.86","243.34","267.67","FAIL","FAIL","0","0","300","433.8","UNVERIFIED; total gross mass must be quoted","3","LOW"
"Leland","89070","APPLICATION APPROVAL REQUIRED","70","3","210","nominal","15","7.5","208.16","281.62","309.78","FAIL","FAIL","0","0","300","433.8","UNVERIFIED; total gross mass must be quoted","3","LOW"
"Leland","89070","APPLICATION APPROVAL REQUIRED","70","3","210","nominal","15","10","236.54","320.02","352.03","FAIL","FAIL","0","0","300","433.8","UNVERIFIED; total gross mass must be quoted","3","LOW"
"Leland","89070","APPLICATION APPROVAL REQUIRED","70","3","210","nominal","15","15","293.58","397.19","436.91","FAIL","FAIL","0","0","300","433.8","UNVERIFIED; total gross mass must be quoted","3","LOW"
"Leland","89070","APPLICATION APPROVAL REQUIRED","70","3","210","cold","0","0","130.47","208.75","229.63","PASS","FAIL","0","UNSUPPORTED_AT_0_M","300","433.8","UNVERIFIED; total gross mass must be quoted","3","LOW"
"Leland","89070","APPLICATION APPROVAL REQUIRED","70","3","210","cold","0","3","166.17","265.88","292.47","FAIL","FAIL","0","UNSUPPORTED_AT_0_M","300","433.8","UNVERIFIED; total gross mass must be quoted","3","LOW"
"Leland","89070","APPLICATION APPROVAL REQUIRED","70","3","210","cold","0","5","190.06","304.10","334.51","FAIL","FAIL","0","UNSUPPORTED_AT_0_M","300","433.8","UNVERIFIED; total gross mass must be quoted","3","LOW"
"Leland","89070","APPLICATION APPROVAL REQUIRED","70","3","210","cold","0","7.5","220.02","352.04","387.24","FAIL","FAIL","0","UNSUPPORTED_AT_0_M","300","433.8","UNVERIFIED; total gross mass must be quoted","3","LOW"
"Leland","89070","APPLICATION APPROVAL REQUIRED","70","3","210","cold","0","10","250.10","400.15","440.17","FAIL","FAIL","0","UNSUPPORTED_AT_0_M","300","433.8","UNVERIFIED; total gross mass must be quoted","3","LOW"
"Leland","89070","APPLICATION APPROVAL REQUIRED","70","3","210","cold","0","15","310.58","496.92","546.61","FAIL","FAIL","0","UNSUPPORTED_AT_0_M","300","433.8","UNVERIFIED; total gross mass must be quoted","3","LOW"
"Leland","89070","APPLICATION APPROVAL REQUIRED","70","4","280","warm","25","0","119.31","142.65","156.92","PASS","PASS","10","7.5","400","578.4","UNVERIFIED; total gross mass must be quoted","4","MODERATE"
"Leland","89070","APPLICATION APPROVAL REQUIRED","70","4","280","warm","25","3","151.88","181.60","199.76","PASS","PASS","10","7.5","400","578.4","UNVERIFIED; total gross mass must be quoted","4","MODERATE"
"Leland","89070","APPLICATION APPROVAL REQUIRED","70","4","280","warm","25","5","173.66","207.63","228.40","PASS","PASS","10","7.5","400","578.4","UNVERIFIED; total gross mass must be quoted","4","MODERATE"
"Leland","89070","APPLICATION APPROVAL REQUIRED","70","4","280","warm","25","7.5","200.95","240.26","264.29","PASS","PASS","10","7.5","400","578.4","UNVERIFIED; total gross mass must be quoted","4","MODERATE"
"Leland","89070","APPLICATION APPROVAL REQUIRED","70","4","280","warm","25","10","228.31","272.98","300.28","PASS","FAIL","10","7.5","400","578.4","UNVERIFIED; total gross mass must be quoted","4","MODERATE"
"Leland","89070","APPLICATION APPROVAL REQUIRED","70","4","280","warm","25","15","283.28","338.70","372.57","FAIL","FAIL","10","7.5","400","578.4","UNVERIFIED; total gross mass must be quoted","4","MODERATE"
"Leland","89070","APPLICATION APPROVAL REQUIRED","70","4","280","nominal","15","0","123.53","167.13","183.85","PASS","PASS","5","5","400","578.4","UNVERIFIED; total gross mass must be quoted","4","MODERATE"
"Leland","89070","APPLICATION APPROVAL REQUIRED","70","4","280","nominal","15","3","157.29","212.80","234.08","PASS","PASS","5","5","400","578.4","UNVERIFIED; total gross mass must be quoted","4","MODERATE"
"Leland","89070","APPLICATION APPROVAL REQUIRED","70","4","280","nominal","15","5","179.86","243.34","267.67","PASS","PASS","5","5","400","578.4","UNVERIFIED; total gross mass must be quoted","4","MODERATE"
"Leland","89070","APPLICATION APPROVAL REQUIRED","70","4","280","nominal","15","7.5","208.16","281.62","309.78","FAIL","FAIL","5","5","400","578.4","UNVERIFIED; total gross mass must be quoted","4","MODERATE"
"Leland","89070","APPLICATION APPROVAL REQUIRED","70","4","280","nominal","15","10","236.54","320.02","352.03","FAIL","FAIL","5","5","400","578.4","UNVERIFIED; total gross mass must be quoted","4","MODERATE"
"Leland","89070","APPLICATION APPROVAL REQUIRED","70","4","280","nominal","15","15","293.58","397.19","436.91","FAIL","FAIL","5","5","400","578.4","UNVERIFIED; total gross mass must be quoted","4","MODERATE"
"Leland","89070","APPLICATION APPROVAL REQUIRED","70","4","280","cold","0","0","130.47","208.75","229.63","PASS","PASS","3","0","400","578.4","UNVERIFIED; total gross mass must be quoted","4","MODERATE"
"Leland","89070","APPLICATION APPROVAL REQUIRED","70","4","280","cold","0","3","166.17","265.88","292.47","PASS","FAIL","3","0","400","578.4","UNVERIFIED; total gross mass must be quoted","4","MODERATE"
"Leland","89070","APPLICATION APPROVAL REQUIRED","70","4","280","cold","0","5","190.06","304.10","334.51","FAIL","FAIL","3","0","400","578.4","UNVERIFIED; total gross mass must be quoted","4","MODERATE"
"Leland","89070","APPLICATION APPROVAL REQUIRED","70","4","280","cold","0","7.5","220.02","352.04","387.24","FAIL","FAIL","3","0","400","578.4","UNVERIFIED; total gross mass must be quoted","4","MODERATE"
"Leland","89070","APPLICATION APPROVAL REQUIRED","70","4","280","cold","0","10","250.10","400.15","440.17","FAIL","FAIL","3","0","400","578.4","UNVERIFIED; total gross mass must be quoted","4","MODERATE"
"Leland","89070","APPLICATION APPROVAL REQUIRED","70","4","280","cold","0","15","310.58","496.92","546.61","FAIL","FAIL","3","0","400","578.4","UNVERIFIED; total gross mass must be quoted","4","MODERATE"
"Leland","89070","APPLICATION APPROVAL REQUIRED","70","5","350","warm","25","0","119.31","142.65","156.92","PASS","PASS","15","10","500","723","UNVERIFIED; total gross mass must be quoted","5","MODERATE"
"Leland","89070","APPLICATION APPROVAL REQUIRED","70","5","350","warm","25","3","151.88","181.60","199.76","PASS","PASS","15","10","500","723","UNVERIFIED; total gross mass must be quoted","5","MODERATE"
"Leland","89070","APPLICATION APPROVAL REQUIRED","70","5","350","warm","25","5","173.66","207.63","228.40","PASS","PASS","15","10","500","723","UNVERIFIED; total gross mass must be quoted","5","MODERATE"
"Leland","89070","APPLICATION APPROVAL REQUIRED","70","5","350","warm","25","7.5","200.95","240.26","264.29","PASS","PASS","15","10","500","723","UNVERIFIED; total gross mass must be quoted","5","MODERATE"
"Leland","89070","APPLICATION APPROVAL REQUIRED","70","5","350","warm","25","10","228.31","272.98","300.28","PASS","PASS","15","10","500","723","UNVERIFIED; total gross mass must be quoted","5","MODERATE"
"Leland","89070","APPLICATION APPROVAL REQUIRED","70","5","350","warm","25","15","283.28","338.70","372.57","PASS","FAIL","15","10","500","723","UNVERIFIED; total gross mass must be quoted","5","MODERATE"
"Leland","89070","APPLICATION APPROVAL REQUIRED","70","5","350","nominal","15","0","123.53","167.13","183.85","PASS","PASS","10","7.5","500","723","UNVERIFIED; total gross mass must be quoted","5","MODERATE"
"Leland","89070","APPLICATION APPROVAL REQUIRED","70","5","350","nominal","15","3","157.29","212.80","234.08","PASS","PASS","10","7.5","500","723","UNVERIFIED; total gross mass must be quoted","5","MODERATE"
"Leland","89070","APPLICATION APPROVAL REQUIRED","70","5","350","nominal","15","5","179.86","243.34","267.67","PASS","PASS","10","7.5","500","723","UNVERIFIED; total gross mass must be quoted","5","MODERATE"
"Leland","89070","APPLICATION APPROVAL REQUIRED","70","5","350","nominal","15","7.5","208.16","281.62","309.78","PASS","PASS","10","7.5","500","723","UNVERIFIED; total gross mass must be quoted","5","MODERATE"
"Leland","89070","APPLICATION APPROVAL REQUIRED","70","5","350","nominal","15","10","236.54","320.02","352.03","PASS","FAIL","10","7.5","500","723","UNVERIFIED; total gross mass must be quoted","5","MODERATE"
"Leland","89070","APPLICATION APPROVAL REQUIRED","70","5","350","nominal","15","15","293.58","397.19","436.91","FAIL","FAIL","10","7.5","500","723","UNVERIFIED; total gross mass must be quoted","5","MODERATE"
"Leland","89070","APPLICATION APPROVAL REQUIRED","70","5","350","cold","0","0","130.47","208.75","229.63","PASS","PASS","5","5","500","723","UNVERIFIED; total gross mass must be quoted","5","MODERATE"
"Leland","89070","APPLICATION APPROVAL REQUIRED","70","5","350","cold","0","3","166.17","265.88","292.47","PASS","PASS","5","5","500","723","UNVERIFIED; total gross mass must be quoted","5","MODERATE"
"Leland","89070","APPLICATION APPROVAL REQUIRED","70","5","350","cold","0","5","190.06","304.10","334.51","PASS","PASS","5","5","500","723","UNVERIFIED; total gross mass must be quoted","5","MODERATE"
"Leland","89070","APPLICATION APPROVAL REQUIRED","70","5","350","cold","0","7.5","220.02","352.04","387.24","FAIL","FAIL","5","5","500","723","UNVERIFIED; total gross mass must be quoted","5","MODERATE"
"Leland","89070","APPLICATION APPROVAL REQUIRED","70","5","350","cold","0","10","250.10","400.15","440.17","FAIL","FAIL","5","5","500","723","UNVERIFIED; total gross mass must be quoted","5","MODERATE"
"Leland","89070","APPLICATION APPROVAL REQUIRED","70","5","350","cold","0","15","310.58","496.92","546.61","FAIL","FAIL","5","5","500","723","UNVERIFIED; total gross mass must be quoted","5","MODERATE"
"Leland","89070","APPLICATION APPROVAL REQUIRED","70","6","420","warm","25","0","119.31","142.65","156.92","PASS","PASS","15","15","600","867.6","UNVERIFIED; total gross mass must be quoted","6","HIGH"
"Leland","89070","APPLICATION APPROVAL REQUIRED","70","6","420","warm","25","3","151.88","181.60","199.76","PASS","PASS","15","15","600","867.6","UNVERIFIED; total gross mass must be quoted","6","HIGH"
"Leland","89070","APPLICATION APPROVAL REQUIRED","70","6","420","warm","25","5","173.66","207.63","228.40","PASS","PASS","15","15","600","867.6","UNVERIFIED; total gross mass must be quoted","6","HIGH"
"Leland","89070","APPLICATION APPROVAL REQUIRED","70","6","420","warm","25","7.5","200.95","240.26","264.29","PASS","PASS","15","15","600","867.6","UNVERIFIED; total gross mass must be quoted","6","HIGH"
"Leland","89070","APPLICATION APPROVAL REQUIRED","70","6","420","warm","25","10","228.31","272.98","300.28","PASS","PASS","15","15","600","867.6","UNVERIFIED; total gross mass must be quoted","6","HIGH"
"Leland","89070","APPLICATION APPROVAL REQUIRED","70","6","420","warm","25","15","283.28","338.70","372.57","PASS","PASS","15","15","600","867.6","UNVERIFIED; total gross mass must be quoted","6","HIGH"
"Leland","89070","APPLICATION APPROVAL REQUIRED","70","6","420","nominal","15","0","123.53","167.13","183.85","PASS","PASS","15","10","600","867.6","UNVERIFIED; total gross mass must be quoted","6","HIGH"
"Leland","89070","APPLICATION APPROVAL REQUIRED","70","6","420","nominal","15","3","157.29","212.80","234.08","PASS","PASS","15","10","600","867.6","UNVERIFIED; total gross mass must be quoted","6","HIGH"
"Leland","89070","APPLICATION APPROVAL REQUIRED","70","6","420","nominal","15","5","179.86","243.34","267.67","PASS","PASS","15","10","600","867.6","UNVERIFIED; total gross mass must be quoted","6","HIGH"
"Leland","89070","APPLICATION APPROVAL REQUIRED","70","6","420","nominal","15","7.5","208.16","281.62","309.78","PASS","PASS","15","10","600","867.6","UNVERIFIED; total gross mass must be quoted","6","HIGH"
"Leland","89070","APPLICATION APPROVAL REQUIRED","70","6","420","nominal","15","10","236.54","320.02","352.03","PASS","PASS","15","10","600","867.6","UNVERIFIED; total gross mass must be quoted","6","HIGH"
"Leland","89070","APPLICATION APPROVAL REQUIRED","70","6","420","nominal","15","15","293.58","397.19","436.91","PASS","FAIL","15","10","600","867.6","UNVERIFIED; total gross mass must be quoted","6","HIGH"
"Leland","89070","APPLICATION APPROVAL REQUIRED","70","6","420","cold","0","0","130.47","208.75","229.63","PASS","PASS","10","7.5","600","867.6","UNVERIFIED; total gross mass must be quoted","6","HIGH"
"Leland","89070","APPLICATION APPROVAL REQUIRED","70","6","420","cold","0","3","166.17","265.88","292.47","PASS","PASS","10","7.5","600","867.6","UNVERIFIED; total gross mass must be quoted","6","HIGH"
"Leland","89070","APPLICATION APPROVAL REQUIRED","70","6","420","cold","0","5","190.06","304.10","334.51","PASS","PASS","10","7.5","600","867.6","UNVERIFIED; total gross mass must be quoted","6","HIGH"
"Leland","89070","APPLICATION APPROVAL REQUIRED","70","6","420","cold","0","7.5","220.02","352.04","387.24","PASS","PASS","10","7.5","600","867.6","UNVERIFIED; total gross mass must be quoted","6","HIGH"
"Leland","89070","APPLICATION APPROVAL REQUIRED","70","6","420","cold","0","10","250.10","400.15","440.17","PASS","FAIL","10","7.5","600","867.6","UNVERIFIED; total gross mass must be quoted","6","HIGH"
"Leland","89070","APPLICATION APPROVAL REQUIRED","70","6","420","cold","0","15","310.58","496.92","546.61","FAIL","FAIL","10","7.5","600","867.6","UNVERIFIED; total gross mass must be quoted","6","HIGH"
"Leland","89070","APPLICATION APPROVAL REQUIRED","70","7","490","warm","25","0","119.31","142.65","156.92","PASS","PASS","15","15","700","1012.2","UNVERIFIED; total gross mass must be quoted","7","HIGH"
"Leland","89070","APPLICATION APPROVAL REQUIRED","70","7","490","warm","25","3","151.88","181.60","199.76","PASS","PASS","15","15","700","1012.2","UNVERIFIED; total gross mass must be quoted","7","HIGH"
"Leland","89070","APPLICATION APPROVAL REQUIRED","70","7","490","warm","25","5","173.66","207.63","228.40","PASS","PASS","15","15","700","1012.2","UNVERIFIED; total gross mass must be quoted","7","HIGH"
"Leland","89070","APPLICATION APPROVAL REQUIRED","70","7","490","warm","25","7.5","200.95","240.26","264.29","PASS","PASS","15","15","700","1012.2","UNVERIFIED; total gross mass must be quoted","7","HIGH"
"Leland","89070","APPLICATION APPROVAL REQUIRED","70","7","490","warm","25","10","228.31","272.98","300.28","PASS","PASS","15","15","700","1012.2","UNVERIFIED; total gross mass must be quoted","7","HIGH"
"Leland","89070","APPLICATION APPROVAL REQUIRED","70","7","490","warm","25","15","283.28","338.70","372.57","PASS","PASS","15","15","700","1012.2","UNVERIFIED; total gross mass must be quoted","7","HIGH"
"Leland","89070","APPLICATION APPROVAL REQUIRED","70","7","490","nominal","15","0","123.53","167.13","183.85","PASS","PASS","15","15","700","1012.2","UNVERIFIED; total gross mass must be quoted","7","HIGH"
"Leland","89070","APPLICATION APPROVAL REQUIRED","70","7","490","nominal","15","3","157.29","212.80","234.08","PASS","PASS","15","15","700","1012.2","UNVERIFIED; total gross mass must be quoted","7","HIGH"
"Leland","89070","APPLICATION APPROVAL REQUIRED","70","7","490","nominal","15","5","179.86","243.34","267.67","PASS","PASS","15","15","700","1012.2","UNVERIFIED; total gross mass must be quoted","7","HIGH"
"Leland","89070","APPLICATION APPROVAL REQUIRED","70","7","490","nominal","15","7.5","208.16","281.62","309.78","PASS","PASS","15","15","700","1012.2","UNVERIFIED; total gross mass must be quoted","7","HIGH"
"Leland","89070","APPLICATION APPROVAL REQUIRED","70","7","490","nominal","15","10","236.54","320.02","352.03","PASS","PASS","15","15","700","1012.2","UNVERIFIED; total gross mass must be quoted","7","HIGH"
"Leland","89070","APPLICATION APPROVAL REQUIRED","70","7","490","nominal","15","15","293.58","397.19","436.91","PASS","PASS","15","15","700","1012.2","UNVERIFIED; total gross mass must be quoted","7","HIGH"
"Leland","89070","APPLICATION APPROVAL REQUIRED","70","7","490","cold","0","0","130.47","208.75","229.63","PASS","PASS","10","10","700","1012.2","UNVERIFIED; total gross mass must be quoted","7","HIGH"
"Leland","89070","APPLICATION APPROVAL REQUIRED","70","7","490","cold","0","3","166.17","265.88","292.47","PASS","PASS","10","10","700","1012.2","UNVERIFIED; total gross mass must be quoted","7","HIGH"
"Leland","89070","APPLICATION APPROVAL REQUIRED","70","7","490","cold","0","5","190.06","304.10","334.51","PASS","PASS","10","10","700","1012.2","UNVERIFIED; total gross mass must be quoted","7","HIGH"
"Leland","89070","APPLICATION APPROVAL REQUIRED","70","7","490","cold","0","7.5","220.02","352.04","387.24","PASS","PASS","10","10","700","1012.2","UNVERIFIED; total gross mass must be quoted","7","HIGH"
"Leland","89070","APPLICATION APPROVAL REQUIRED","70","7","490","cold","0","10","250.10","400.15","440.17","PASS","PASS","10","10","700","1012.2","UNVERIFIED; total gross mass must be quoted","7","HIGH"
"Leland","89070","APPLICATION APPROVAL REQUIRED","70","7","490","cold","0","15","310.58","496.92","546.61","FAIL","FAIL","10","10","700","1012.2","UNVERIFIED; total gross mass must be quoted","7","HIGH"
"Leland","89086","APPLICATION APPROVAL REQUIRED; LIFECYCLE UNVERIFIED","86","1","86","warm","25","0","119.31","142.65","156.92","FAIL","FAIL","UNSUPPORTED_AT_0_M","UNSUPPORTED_AT_0_M","114","183.3","UNVERIFIED; total gross mass must be quoted","1","LOW"
"Leland","89086","APPLICATION APPROVAL REQUIRED; LIFECYCLE UNVERIFIED","86","1","86","warm","25","3","151.88","181.60","199.76","FAIL","FAIL","UNSUPPORTED_AT_0_M","UNSUPPORTED_AT_0_M","114","183.3","UNVERIFIED; total gross mass must be quoted","1","LOW"
"Leland","89086","APPLICATION APPROVAL REQUIRED; LIFECYCLE UNVERIFIED","86","1","86","warm","25","5","173.66","207.63","228.40","FAIL","FAIL","UNSUPPORTED_AT_0_M","UNSUPPORTED_AT_0_M","114","183.3","UNVERIFIED; total gross mass must be quoted","1","LOW"
"Leland","89086","APPLICATION APPROVAL REQUIRED; LIFECYCLE UNVERIFIED","86","1","86","warm","25","7.5","200.95","240.26","264.29","FAIL","FAIL","UNSUPPORTED_AT_0_M","UNSUPPORTED_AT_0_M","114","183.3","UNVERIFIED; total gross mass must be quoted","1","LOW"
"Leland","89086","APPLICATION APPROVAL REQUIRED; LIFECYCLE UNVERIFIED","86","1","86","warm","25","10","228.31","272.98","300.28","FAIL","FAIL","UNSUPPORTED_AT_0_M","UNSUPPORTED_AT_0_M","114","183.3","UNVERIFIED; total gross mass must be quoted","1","LOW"
"Leland","89086","APPLICATION APPROVAL REQUIRED; LIFECYCLE UNVERIFIED","86","1","86","warm","25","15","283.28","338.70","372.57","FAIL","FAIL","UNSUPPORTED_AT_0_M","UNSUPPORTED_AT_0_M","114","183.3","UNVERIFIED; total gross mass must be quoted","1","LOW"
"Leland","89086","APPLICATION APPROVAL REQUIRED; LIFECYCLE UNVERIFIED","86","1","86","nominal","15","0","123.53","167.13","183.85","FAIL","FAIL","UNSUPPORTED_AT_0_M","UNSUPPORTED_AT_0_M","114","183.3","UNVERIFIED; total gross mass must be quoted","1","LOW"
"Leland","89086","APPLICATION APPROVAL REQUIRED; LIFECYCLE UNVERIFIED","86","1","86","nominal","15","3","157.29","212.80","234.08","FAIL","FAIL","UNSUPPORTED_AT_0_M","UNSUPPORTED_AT_0_M","114","183.3","UNVERIFIED; total gross mass must be quoted","1","LOW"
"Leland","89086","APPLICATION APPROVAL REQUIRED; LIFECYCLE UNVERIFIED","86","1","86","nominal","15","5","179.86","243.34","267.67","FAIL","FAIL","UNSUPPORTED_AT_0_M","UNSUPPORTED_AT_0_M","114","183.3","UNVERIFIED; total gross mass must be quoted","1","LOW"
"Leland","89086","APPLICATION APPROVAL REQUIRED; LIFECYCLE UNVERIFIED","86","1","86","nominal","15","7.5","208.16","281.62","309.78","FAIL","FAIL","UNSUPPORTED_AT_0_M","UNSUPPORTED_AT_0_M","114","183.3","UNVERIFIED; total gross mass must be quoted","1","LOW"
"Leland","89086","APPLICATION APPROVAL REQUIRED; LIFECYCLE UNVERIFIED","86","1","86","nominal","15","10","236.54","320.02","352.03","FAIL","FAIL","UNSUPPORTED_AT_0_M","UNSUPPORTED_AT_0_M","114","183.3","UNVERIFIED; total gross mass must be quoted","1","LOW"
"Leland","89086","APPLICATION APPROVAL REQUIRED; LIFECYCLE UNVERIFIED","86","1","86","nominal","15","15","293.58","397.19","436.91","FAIL","FAIL","UNSUPPORTED_AT_0_M","UNSUPPORTED_AT_0_M","114","183.3","UNVERIFIED; total gross mass must be quoted","1","LOW"
"Leland","89086","APPLICATION APPROVAL REQUIRED; LIFECYCLE UNVERIFIED","86","1","86","cold","0","0","130.47","208.75","229.63","FAIL","FAIL","UNSUPPORTED_AT_0_M","UNSUPPORTED_AT_0_M","114","183.3","UNVERIFIED; total gross mass must be quoted","1","LOW"
"Leland","89086","APPLICATION APPROVAL REQUIRED; LIFECYCLE UNVERIFIED","86","1","86","cold","0","3","166.17","265.88","292.47","FAIL","FAIL","UNSUPPORTED_AT_0_M","UNSUPPORTED_AT_0_M","114","183.3","UNVERIFIED; total gross mass must be quoted","1","LOW"
"Leland","89086","APPLICATION APPROVAL REQUIRED; LIFECYCLE UNVERIFIED","86","1","86","cold","0","5","190.06","304.10","334.51","FAIL","FAIL","UNSUPPORTED_AT_0_M","UNSUPPORTED_AT_0_M","114","183.3","UNVERIFIED; total gross mass must be quoted","1","LOW"
"Leland","89086","APPLICATION APPROVAL REQUIRED; LIFECYCLE UNVERIFIED","86","1","86","cold","0","7.5","220.02","352.04","387.24","FAIL","FAIL","UNSUPPORTED_AT_0_M","UNSUPPORTED_AT_0_M","114","183.3","UNVERIFIED; total gross mass must be quoted","1","LOW"
"Leland","89086","APPLICATION APPROVAL REQUIRED; LIFECYCLE UNVERIFIED","86","1","86","cold","0","10","250.10","400.15","440.17","FAIL","FAIL","UNSUPPORTED_AT_0_M","UNSUPPORTED_AT_0_M","114","183.3","UNVERIFIED; total gross mass must be quoted","1","LOW"
"Leland","89086","APPLICATION APPROVAL REQUIRED; LIFECYCLE UNVERIFIED","86","1","86","cold","0","15","310.58","496.92","546.61","FAIL","FAIL","UNSUPPORTED_AT_0_M","UNSUPPORTED_AT_0_M","114","183.3","UNVERIFIED; total gross mass must be quoted","1","LOW"
"Leland","89086","APPLICATION APPROVAL REQUIRED; LIFECYCLE UNVERIFIED","86","2","172","warm","25","0","119.31","142.65","156.92","PASS","PASS","0","0","228","366.6","UNVERIFIED; total gross mass must be quoted","2","LOW"
"Leland","89086","APPLICATION APPROVAL REQUIRED; LIFECYCLE UNVERIFIED","86","2","172","warm","25","3","151.88","181.60","199.76","FAIL","FAIL","0","0","228","366.6","UNVERIFIED; total gross mass must be quoted","2","LOW"
"Leland","89086","APPLICATION APPROVAL REQUIRED; LIFECYCLE UNVERIFIED","86","2","172","warm","25","5","173.66","207.63","228.40","FAIL","FAIL","0","0","228","366.6","UNVERIFIED; total gross mass must be quoted","2","LOW"
"Leland","89086","APPLICATION APPROVAL REQUIRED; LIFECYCLE UNVERIFIED","86","2","172","warm","25","7.5","200.95","240.26","264.29","FAIL","FAIL","0","0","228","366.6","UNVERIFIED; total gross mass must be quoted","2","LOW"
"Leland","89086","APPLICATION APPROVAL REQUIRED; LIFECYCLE UNVERIFIED","86","2","172","warm","25","10","228.31","272.98","300.28","FAIL","FAIL","0","0","228","366.6","UNVERIFIED; total gross mass must be quoted","2","LOW"
"Leland","89086","APPLICATION APPROVAL REQUIRED; LIFECYCLE UNVERIFIED","86","2","172","warm","25","15","283.28","338.70","372.57","FAIL","FAIL","0","0","228","366.6","UNVERIFIED; total gross mass must be quoted","2","LOW"
"Leland","89086","APPLICATION APPROVAL REQUIRED; LIFECYCLE UNVERIFIED","86","2","172","nominal","15","0","123.53","167.13","183.85","PASS","FAIL","0","UNSUPPORTED_AT_0_M","228","366.6","UNVERIFIED; total gross mass must be quoted","2","LOW"
"Leland","89086","APPLICATION APPROVAL REQUIRED; LIFECYCLE UNVERIFIED","86","2","172","nominal","15","3","157.29","212.80","234.08","FAIL","FAIL","0","UNSUPPORTED_AT_0_M","228","366.6","UNVERIFIED; total gross mass must be quoted","2","LOW"
"Leland","89086","APPLICATION APPROVAL REQUIRED; LIFECYCLE UNVERIFIED","86","2","172","nominal","15","5","179.86","243.34","267.67","FAIL","FAIL","0","UNSUPPORTED_AT_0_M","228","366.6","UNVERIFIED; total gross mass must be quoted","2","LOW"
"Leland","89086","APPLICATION APPROVAL REQUIRED; LIFECYCLE UNVERIFIED","86","2","172","nominal","15","7.5","208.16","281.62","309.78","FAIL","FAIL","0","UNSUPPORTED_AT_0_M","228","366.6","UNVERIFIED; total gross mass must be quoted","2","LOW"
"Leland","89086","APPLICATION APPROVAL REQUIRED; LIFECYCLE UNVERIFIED","86","2","172","nominal","15","10","236.54","320.02","352.03","FAIL","FAIL","0","UNSUPPORTED_AT_0_M","228","366.6","UNVERIFIED; total gross mass must be quoted","2","LOW"
"Leland","89086","APPLICATION APPROVAL REQUIRED; LIFECYCLE UNVERIFIED","86","2","172","nominal","15","15","293.58","397.19","436.91","FAIL","FAIL","0","UNSUPPORTED_AT_0_M","228","366.6","UNVERIFIED; total gross mass must be quoted","2","LOW"
"Leland","89086","APPLICATION APPROVAL REQUIRED; LIFECYCLE UNVERIFIED","86","2","172","cold","0","0","130.47","208.75","229.63","FAIL","FAIL","UNSUPPORTED_AT_0_M","UNSUPPORTED_AT_0_M","228","366.6","UNVERIFIED; total gross mass must be quoted","2","LOW"
"Leland","89086","APPLICATION APPROVAL REQUIRED; LIFECYCLE UNVERIFIED","86","2","172","cold","0","3","166.17","265.88","292.47","FAIL","FAIL","UNSUPPORTED_AT_0_M","UNSUPPORTED_AT_0_M","228","366.6","UNVERIFIED; total gross mass must be quoted","2","LOW"
"Leland","89086","APPLICATION APPROVAL REQUIRED; LIFECYCLE UNVERIFIED","86","2","172","cold","0","5","190.06","304.10","334.51","FAIL","FAIL","UNSUPPORTED_AT_0_M","UNSUPPORTED_AT_0_M","228","366.6","UNVERIFIED; total gross mass must be quoted","2","LOW"
"Leland","89086","APPLICATION APPROVAL REQUIRED; LIFECYCLE UNVERIFIED","86","2","172","cold","0","7.5","220.02","352.04","387.24","FAIL","FAIL","UNSUPPORTED_AT_0_M","UNSUPPORTED_AT_0_M","228","366.6","UNVERIFIED; total gross mass must be quoted","2","LOW"
"Leland","89086","APPLICATION APPROVAL REQUIRED; LIFECYCLE UNVERIFIED","86","2","172","cold","0","10","250.10","400.15","440.17","FAIL","FAIL","UNSUPPORTED_AT_0_M","UNSUPPORTED_AT_0_M","228","366.6","UNVERIFIED; total gross mass must be quoted","2","LOW"
"Leland","89086","APPLICATION APPROVAL REQUIRED; LIFECYCLE UNVERIFIED","86","2","172","cold","0","15","310.58","496.92","546.61","FAIL","FAIL","UNSUPPORTED_AT_0_M","UNSUPPORTED_AT_0_M","228","366.6","UNVERIFIED; total gross mass must be quoted","2","LOW"
"Leland","89086","APPLICATION APPROVAL REQUIRED; LIFECYCLE UNVERIFIED","86","3","258","warm","25","0","119.31","142.65","156.92","PASS","PASS","7.5","5","342","549.9","UNVERIFIED; total gross mass must be quoted","3","LOW"
"Leland","89086","APPLICATION APPROVAL REQUIRED; LIFECYCLE UNVERIFIED","86","3","258","warm","25","3","151.88","181.60","199.76","PASS","PASS","7.5","5","342","549.9","UNVERIFIED; total gross mass must be quoted","3","LOW"
"Leland","89086","APPLICATION APPROVAL REQUIRED; LIFECYCLE UNVERIFIED","86","3","258","warm","25","5","173.66","207.63","228.40","PASS","PASS","7.5","5","342","549.9","UNVERIFIED; total gross mass must be quoted","3","LOW"
"Leland","89086","APPLICATION APPROVAL REQUIRED; LIFECYCLE UNVERIFIED","86","3","258","warm","25","7.5","200.95","240.26","264.29","PASS","FAIL","7.5","5","342","549.9","UNVERIFIED; total gross mass must be quoted","3","LOW"
"Leland","89086","APPLICATION APPROVAL REQUIRED; LIFECYCLE UNVERIFIED","86","3","258","warm","25","10","228.31","272.98","300.28","FAIL","FAIL","7.5","5","342","549.9","UNVERIFIED; total gross mass must be quoted","3","LOW"
"Leland","89086","APPLICATION APPROVAL REQUIRED; LIFECYCLE UNVERIFIED","86","3","258","warm","25","15","283.28","338.70","372.57","FAIL","FAIL","7.5","5","342","549.9","UNVERIFIED; total gross mass must be quoted","3","LOW"
"Leland","89086","APPLICATION APPROVAL REQUIRED; LIFECYCLE UNVERIFIED","86","3","258","nominal","15","0","123.53","167.13","183.85","PASS","PASS","5","3","342","549.9","UNVERIFIED; total gross mass must be quoted","3","LOW"
"Leland","89086","APPLICATION APPROVAL REQUIRED; LIFECYCLE UNVERIFIED","86","3","258","nominal","15","3","157.29","212.80","234.08","PASS","PASS","5","3","342","549.9","UNVERIFIED; total gross mass must be quoted","3","LOW"
"Leland","89086","APPLICATION APPROVAL REQUIRED; LIFECYCLE UNVERIFIED","86","3","258","nominal","15","5","179.86","243.34","267.67","PASS","FAIL","5","3","342","549.9","UNVERIFIED; total gross mass must be quoted","3","LOW"
"Leland","89086","APPLICATION APPROVAL REQUIRED; LIFECYCLE UNVERIFIED","86","3","258","nominal","15","7.5","208.16","281.62","309.78","FAIL","FAIL","5","3","342","549.9","UNVERIFIED; total gross mass must be quoted","3","LOW"
"Leland","89086","APPLICATION APPROVAL REQUIRED; LIFECYCLE UNVERIFIED","86","3","258","nominal","15","10","236.54","320.02","352.03","FAIL","FAIL","5","3","342","549.9","UNVERIFIED; total gross mass must be quoted","3","LOW"
"Leland","89086","APPLICATION APPROVAL REQUIRED; LIFECYCLE UNVERIFIED","86","3","258","nominal","15","15","293.58","397.19","436.91","FAIL","FAIL","5","3","342","549.9","UNVERIFIED; total gross mass must be quoted","3","LOW"
"Leland","89086","APPLICATION APPROVAL REQUIRED; LIFECYCLE UNVERIFIED","86","3","258","cold","0","0","130.47","208.75","229.63","PASS","PASS","0","0","342","549.9","UNVERIFIED; total gross mass must be quoted","3","LOW"
"Leland","89086","APPLICATION APPROVAL REQUIRED; LIFECYCLE UNVERIFIED","86","3","258","cold","0","3","166.17","265.88","292.47","FAIL","FAIL","0","0","342","549.9","UNVERIFIED; total gross mass must be quoted","3","LOW"
"Leland","89086","APPLICATION APPROVAL REQUIRED; LIFECYCLE UNVERIFIED","86","3","258","cold","0","5","190.06","304.10","334.51","FAIL","FAIL","0","0","342","549.9","UNVERIFIED; total gross mass must be quoted","3","LOW"
"Leland","89086","APPLICATION APPROVAL REQUIRED; LIFECYCLE UNVERIFIED","86","3","258","cold","0","7.5","220.02","352.04","387.24","FAIL","FAIL","0","0","342","549.9","UNVERIFIED; total gross mass must be quoted","3","LOW"
"Leland","89086","APPLICATION APPROVAL REQUIRED; LIFECYCLE UNVERIFIED","86","3","258","cold","0","10","250.10","400.15","440.17","FAIL","FAIL","0","0","342","549.9","UNVERIFIED; total gross mass must be quoted","3","LOW"
"Leland","89086","APPLICATION APPROVAL REQUIRED; LIFECYCLE UNVERIFIED","86","3","258","cold","0","15","310.58","496.92","546.61","FAIL","FAIL","0","0","342","549.9","UNVERIFIED; total gross mass must be quoted","3","LOW"
"Leland","89086","APPLICATION APPROVAL REQUIRED; LIFECYCLE UNVERIFIED","86","4","344","warm","25","0","119.31","142.65","156.92","PASS","PASS","15","10","456","733.2","UNVERIFIED; total gross mass must be quoted","4","MODERATE"
"Leland","89086","APPLICATION APPROVAL REQUIRED; LIFECYCLE UNVERIFIED","86","4","344","warm","25","3","151.88","181.60","199.76","PASS","PASS","15","10","456","733.2","UNVERIFIED; total gross mass must be quoted","4","MODERATE"
"Leland","89086","APPLICATION APPROVAL REQUIRED; LIFECYCLE UNVERIFIED","86","4","344","warm","25","5","173.66","207.63","228.40","PASS","PASS","15","10","456","733.2","UNVERIFIED; total gross mass must be quoted","4","MODERATE"
"Leland","89086","APPLICATION APPROVAL REQUIRED; LIFECYCLE UNVERIFIED","86","4","344","warm","25","7.5","200.95","240.26","264.29","PASS","PASS","15","10","456","733.2","UNVERIFIED; total gross mass must be quoted","4","MODERATE"
"Leland","89086","APPLICATION APPROVAL REQUIRED; LIFECYCLE UNVERIFIED","86","4","344","warm","25","10","228.31","272.98","300.28","PASS","PASS","15","10","456","733.2","UNVERIFIED; total gross mass must be quoted","4","MODERATE"
"Leland","89086","APPLICATION APPROVAL REQUIRED; LIFECYCLE UNVERIFIED","86","4","344","warm","25","15","283.28","338.70","372.57","PASS","FAIL","15","10","456","733.2","UNVERIFIED; total gross mass must be quoted","4","MODERATE"
"Leland","89086","APPLICATION APPROVAL REQUIRED; LIFECYCLE UNVERIFIED","86","4","344","nominal","15","0","123.53","167.13","183.85","PASS","PASS","10","7.5","456","733.2","UNVERIFIED; total gross mass must be quoted","4","MODERATE"
"Leland","89086","APPLICATION APPROVAL REQUIRED; LIFECYCLE UNVERIFIED","86","4","344","nominal","15","3","157.29","212.80","234.08","PASS","PASS","10","7.5","456","733.2","UNVERIFIED; total gross mass must be quoted","4","MODERATE"
"Leland","89086","APPLICATION APPROVAL REQUIRED; LIFECYCLE UNVERIFIED","86","4","344","nominal","15","5","179.86","243.34","267.67","PASS","PASS","10","7.5","456","733.2","UNVERIFIED; total gross mass must be quoted","4","MODERATE"
"Leland","89086","APPLICATION APPROVAL REQUIRED; LIFECYCLE UNVERIFIED","86","4","344","nominal","15","7.5","208.16","281.62","309.78","PASS","PASS","10","7.5","456","733.2","UNVERIFIED; total gross mass must be quoted","4","MODERATE"
"Leland","89086","APPLICATION APPROVAL REQUIRED; LIFECYCLE UNVERIFIED","86","4","344","nominal","15","10","236.54","320.02","352.03","PASS","FAIL","10","7.5","456","733.2","UNVERIFIED; total gross mass must be quoted","4","MODERATE"
"Leland","89086","APPLICATION APPROVAL REQUIRED; LIFECYCLE UNVERIFIED","86","4","344","nominal","15","15","293.58","397.19","436.91","FAIL","FAIL","10","7.5","456","733.2","UNVERIFIED; total gross mass must be quoted","4","MODERATE"
"Leland","89086","APPLICATION APPROVAL REQUIRED; LIFECYCLE UNVERIFIED","86","4","344","cold","0","0","130.47","208.75","229.63","PASS","PASS","5","5","456","733.2","UNVERIFIED; total gross mass must be quoted","4","MODERATE"
"Leland","89086","APPLICATION APPROVAL REQUIRED; LIFECYCLE UNVERIFIED","86","4","344","cold","0","3","166.17","265.88","292.47","PASS","PASS","5","5","456","733.2","UNVERIFIED; total gross mass must be quoted","4","MODERATE"
"Leland","89086","APPLICATION APPROVAL REQUIRED; LIFECYCLE UNVERIFIED","86","4","344","cold","0","5","190.06","304.10","334.51","PASS","PASS","5","5","456","733.2","UNVERIFIED; total gross mass must be quoted","4","MODERATE"
"Leland","89086","APPLICATION APPROVAL REQUIRED; LIFECYCLE UNVERIFIED","86","4","344","cold","0","7.5","220.02","352.04","387.24","FAIL","FAIL","5","5","456","733.2","UNVERIFIED; total gross mass must be quoted","4","MODERATE"
"Leland","89086","APPLICATION APPROVAL REQUIRED; LIFECYCLE UNVERIFIED","86","4","344","cold","0","10","250.10","400.15","440.17","FAIL","FAIL","5","5","456","733.2","UNVERIFIED; total gross mass must be quoted","4","MODERATE"
"Leland","89086","APPLICATION APPROVAL REQUIRED; LIFECYCLE UNVERIFIED","86","4","344","cold","0","15","310.58","496.92","546.61","FAIL","FAIL","5","5","456","733.2","UNVERIFIED; total gross mass must be quoted","4","MODERATE"
"Leland","89086","APPLICATION APPROVAL REQUIRED; LIFECYCLE UNVERIFIED","86","5","430","warm","25","0","119.31","142.65","156.92","PASS","PASS","15","15","570","916.5","UNVERIFIED; total gross mass must be quoted","5","MODERATE"
"Leland","89086","APPLICATION APPROVAL REQUIRED; LIFECYCLE UNVERIFIED","86","5","430","warm","25","3","151.88","181.60","199.76","PASS","PASS","15","15","570","916.5","UNVERIFIED; total gross mass must be quoted","5","MODERATE"
"Leland","89086","APPLICATION APPROVAL REQUIRED; LIFECYCLE UNVERIFIED","86","5","430","warm","25","5","173.66","207.63","228.40","PASS","PASS","15","15","570","916.5","UNVERIFIED; total gross mass must be quoted","5","MODERATE"
"Leland","89086","APPLICATION APPROVAL REQUIRED; LIFECYCLE UNVERIFIED","86","5","430","warm","25","7.5","200.95","240.26","264.29","PASS","PASS","15","15","570","916.5","UNVERIFIED; total gross mass must be quoted","5","MODERATE"
"Leland","89086","APPLICATION APPROVAL REQUIRED; LIFECYCLE UNVERIFIED","86","5","430","warm","25","10","228.31","272.98","300.28","PASS","PASS","15","15","570","916.5","UNVERIFIED; total gross mass must be quoted","5","MODERATE"
"Leland","89086","APPLICATION APPROVAL REQUIRED; LIFECYCLE UNVERIFIED","86","5","430","warm","25","15","283.28","338.70","372.57","PASS","PASS","15","15","570","916.5","UNVERIFIED; total gross mass must be quoted","5","MODERATE"
"Leland","89086","APPLICATION APPROVAL REQUIRED; LIFECYCLE UNVERIFIED","86","5","430","nominal","15","0","123.53","167.13","183.85","PASS","PASS","15","10","570","916.5","UNVERIFIED; total gross mass must be quoted","5","MODERATE"
"Leland","89086","APPLICATION APPROVAL REQUIRED; LIFECYCLE UNVERIFIED","86","5","430","nominal","15","3","157.29","212.80","234.08","PASS","PASS","15","10","570","916.5","UNVERIFIED; total gross mass must be quoted","5","MODERATE"
"Leland","89086","APPLICATION APPROVAL REQUIRED; LIFECYCLE UNVERIFIED","86","5","430","nominal","15","5","179.86","243.34","267.67","PASS","PASS","15","10","570","916.5","UNVERIFIED; total gross mass must be quoted","5","MODERATE"
"Leland","89086","APPLICATION APPROVAL REQUIRED; LIFECYCLE UNVERIFIED","86","5","430","nominal","15","7.5","208.16","281.62","309.78","PASS","PASS","15","10","570","916.5","UNVERIFIED; total gross mass must be quoted","5","MODERATE"
"Leland","89086","APPLICATION APPROVAL REQUIRED; LIFECYCLE UNVERIFIED","86","5","430","nominal","15","10","236.54","320.02","352.03","PASS","PASS","15","10","570","916.5","UNVERIFIED; total gross mass must be quoted","5","MODERATE"
"Leland","89086","APPLICATION APPROVAL REQUIRED; LIFECYCLE UNVERIFIED","86","5","430","nominal","15","15","293.58","397.19","436.91","PASS","FAIL","15","10","570","916.5","UNVERIFIED; total gross mass must be quoted","5","MODERATE"
"Leland","89086","APPLICATION APPROVAL REQUIRED; LIFECYCLE UNVERIFIED","86","5","430","cold","0","0","130.47","208.75","229.63","PASS","PASS","10","7.5","570","916.5","UNVERIFIED; total gross mass must be quoted","5","MODERATE"
"Leland","89086","APPLICATION APPROVAL REQUIRED; LIFECYCLE UNVERIFIED","86","5","430","cold","0","3","166.17","265.88","292.47","PASS","PASS","10","7.5","570","916.5","UNVERIFIED; total gross mass must be quoted","5","MODERATE"
"Leland","89086","APPLICATION APPROVAL REQUIRED; LIFECYCLE UNVERIFIED","86","5","430","cold","0","5","190.06","304.10","334.51","PASS","PASS","10","7.5","570","916.5","UNVERIFIED; total gross mass must be quoted","5","MODERATE"
"Leland","89086","APPLICATION APPROVAL REQUIRED; LIFECYCLE UNVERIFIED","86","5","430","cold","0","7.5","220.02","352.04","387.24","PASS","PASS","10","7.5","570","916.5","UNVERIFIED; total gross mass must be quoted","5","MODERATE"
"Leland","89086","APPLICATION APPROVAL REQUIRED; LIFECYCLE UNVERIFIED","86","5","430","cold","0","10","250.10","400.15","440.17","PASS","FAIL","10","7.5","570","916.5","UNVERIFIED; total gross mass must be quoted","5","MODERATE"
"Leland","89086","APPLICATION APPROVAL REQUIRED; LIFECYCLE UNVERIFIED","86","5","430","cold","0","15","310.58","496.92","546.61","FAIL","FAIL","10","7.5","570","916.5","UNVERIFIED; total gross mass must be quoted","5","MODERATE"
"Leland","89086","APPLICATION APPROVAL REQUIRED; LIFECYCLE UNVERIFIED","86","6","516","warm","25","0","119.31","142.65","156.92","PASS","PASS","15","15","684","1099.8","UNVERIFIED; total gross mass must be quoted","6","HIGH"
"Leland","89086","APPLICATION APPROVAL REQUIRED; LIFECYCLE UNVERIFIED","86","6","516","warm","25","3","151.88","181.60","199.76","PASS","PASS","15","15","684","1099.8","UNVERIFIED; total gross mass must be quoted","6","HIGH"
"Leland","89086","APPLICATION APPROVAL REQUIRED; LIFECYCLE UNVERIFIED","86","6","516","warm","25","5","173.66","207.63","228.40","PASS","PASS","15","15","684","1099.8","UNVERIFIED; total gross mass must be quoted","6","HIGH"
"Leland","89086","APPLICATION APPROVAL REQUIRED; LIFECYCLE UNVERIFIED","86","6","516","warm","25","7.5","200.95","240.26","264.29","PASS","PASS","15","15","684","1099.8","UNVERIFIED; total gross mass must be quoted","6","HIGH"
"Leland","89086","APPLICATION APPROVAL REQUIRED; LIFECYCLE UNVERIFIED","86","6","516","warm","25","10","228.31","272.98","300.28","PASS","PASS","15","15","684","1099.8","UNVERIFIED; total gross mass must be quoted","6","HIGH"
"Leland","89086","APPLICATION APPROVAL REQUIRED; LIFECYCLE UNVERIFIED","86","6","516","warm","25","15","283.28","338.70","372.57","PASS","PASS","15","15","684","1099.8","UNVERIFIED; total gross mass must be quoted","6","HIGH"
"Leland","89086","APPLICATION APPROVAL REQUIRED; LIFECYCLE UNVERIFIED","86","6","516","nominal","15","0","123.53","167.13","183.85","PASS","PASS","15","15","684","1099.8","UNVERIFIED; total gross mass must be quoted","6","HIGH"
"Leland","89086","APPLICATION APPROVAL REQUIRED; LIFECYCLE UNVERIFIED","86","6","516","nominal","15","3","157.29","212.80","234.08","PASS","PASS","15","15","684","1099.8","UNVERIFIED; total gross mass must be quoted","6","HIGH"
"Leland","89086","APPLICATION APPROVAL REQUIRED; LIFECYCLE UNVERIFIED","86","6","516","nominal","15","5","179.86","243.34","267.67","PASS","PASS","15","15","684","1099.8","UNVERIFIED; total gross mass must be quoted","6","HIGH"
"Leland","89086","APPLICATION APPROVAL REQUIRED; LIFECYCLE UNVERIFIED","86","6","516","nominal","15","7.5","208.16","281.62","309.78","PASS","PASS","15","15","684","1099.8","UNVERIFIED; total gross mass must be quoted","6","HIGH"
"Leland","89086","APPLICATION APPROVAL REQUIRED; LIFECYCLE UNVERIFIED","86","6","516","nominal","15","10","236.54","320.02","352.03","PASS","PASS","15","15","684","1099.8","UNVERIFIED; total gross mass must be quoted","6","HIGH"
"Leland","89086","APPLICATION APPROVAL REQUIRED; LIFECYCLE UNVERIFIED","86","6","516","nominal","15","15","293.58","397.19","436.91","PASS","PASS","15","15","684","1099.8","UNVERIFIED; total gross mass must be quoted","6","HIGH"
"Leland","89086","APPLICATION APPROVAL REQUIRED; LIFECYCLE UNVERIFIED","86","6","516","cold","0","0","130.47","208.75","229.63","PASS","PASS","15","10","684","1099.8","UNVERIFIED; total gross mass must be quoted","6","HIGH"
"Leland","89086","APPLICATION APPROVAL REQUIRED; LIFECYCLE UNVERIFIED","86","6","516","cold","0","3","166.17","265.88","292.47","PASS","PASS","15","10","684","1099.8","UNVERIFIED; total gross mass must be quoted","6","HIGH"
"Leland","89086","APPLICATION APPROVAL REQUIRED; LIFECYCLE UNVERIFIED","86","6","516","cold","0","5","190.06","304.10","334.51","PASS","PASS","15","10","684","1099.8","UNVERIFIED; total gross mass must be quoted","6","HIGH"
"Leland","89086","APPLICATION APPROVAL REQUIRED; LIFECYCLE UNVERIFIED","86","6","516","cold","0","7.5","220.02","352.04","387.24","PASS","PASS","15","10","684","1099.8","UNVERIFIED; total gross mass must be quoted","6","HIGH"
"Leland","89086","APPLICATION APPROVAL REQUIRED; LIFECYCLE UNVERIFIED","86","6","516","cold","0","10","250.10","400.15","440.17","PASS","PASS","15","10","684","1099.8","UNVERIFIED; total gross mass must be quoted","6","HIGH"
"Leland","89086","APPLICATION APPROVAL REQUIRED; LIFECYCLE UNVERIFIED","86","6","516","cold","0","15","310.58","496.92","546.61","PASS","FAIL","15","10","684","1099.8","UNVERIFIED; total gross mass must be quoted","6","HIGH"
"Leland","89086","APPLICATION APPROVAL REQUIRED; LIFECYCLE UNVERIFIED","86","7","602","warm","25","0","119.31","142.65","156.92","PASS","PASS","15","15","798","1283.1","UNVERIFIED; total gross mass must be quoted","7","HIGH"
"Leland","89086","APPLICATION APPROVAL REQUIRED; LIFECYCLE UNVERIFIED","86","7","602","warm","25","3","151.88","181.60","199.76","PASS","PASS","15","15","798","1283.1","UNVERIFIED; total gross mass must be quoted","7","HIGH"
"Leland","89086","APPLICATION APPROVAL REQUIRED; LIFECYCLE UNVERIFIED","86","7","602","warm","25","5","173.66","207.63","228.40","PASS","PASS","15","15","798","1283.1","UNVERIFIED; total gross mass must be quoted","7","HIGH"
"Leland","89086","APPLICATION APPROVAL REQUIRED; LIFECYCLE UNVERIFIED","86","7","602","warm","25","7.5","200.95","240.26","264.29","PASS","PASS","15","15","798","1283.1","UNVERIFIED; total gross mass must be quoted","7","HIGH"
"Leland","89086","APPLICATION APPROVAL REQUIRED; LIFECYCLE UNVERIFIED","86","7","602","warm","25","10","228.31","272.98","300.28","PASS","PASS","15","15","798","1283.1","UNVERIFIED; total gross mass must be quoted","7","HIGH"
"Leland","89086","APPLICATION APPROVAL REQUIRED; LIFECYCLE UNVERIFIED","86","7","602","warm","25","15","283.28","338.70","372.57","PASS","PASS","15","15","798","1283.1","UNVERIFIED; total gross mass must be quoted","7","HIGH"
"Leland","89086","APPLICATION APPROVAL REQUIRED; LIFECYCLE UNVERIFIED","86","7","602","nominal","15","0","123.53","167.13","183.85","PASS","PASS","15","15","798","1283.1","UNVERIFIED; total gross mass must be quoted","7","HIGH"
"Leland","89086","APPLICATION APPROVAL REQUIRED; LIFECYCLE UNVERIFIED","86","7","602","nominal","15","3","157.29","212.80","234.08","PASS","PASS","15","15","798","1283.1","UNVERIFIED; total gross mass must be quoted","7","HIGH"
"Leland","89086","APPLICATION APPROVAL REQUIRED; LIFECYCLE UNVERIFIED","86","7","602","nominal","15","5","179.86","243.34","267.67","PASS","PASS","15","15","798","1283.1","UNVERIFIED; total gross mass must be quoted","7","HIGH"
"Leland","89086","APPLICATION APPROVAL REQUIRED; LIFECYCLE UNVERIFIED","86","7","602","nominal","15","7.5","208.16","281.62","309.78","PASS","PASS","15","15","798","1283.1","UNVERIFIED; total gross mass must be quoted","7","HIGH"
"Leland","89086","APPLICATION APPROVAL REQUIRED; LIFECYCLE UNVERIFIED","86","7","602","nominal","15","10","236.54","320.02","352.03","PASS","PASS","15","15","798","1283.1","UNVERIFIED; total gross mass must be quoted","7","HIGH"
"Leland","89086","APPLICATION APPROVAL REQUIRED; LIFECYCLE UNVERIFIED","86","7","602","nominal","15","15","293.58","397.19","436.91","PASS","PASS","15","15","798","1283.1","UNVERIFIED; total gross mass must be quoted","7","HIGH"
"Leland","89086","APPLICATION APPROVAL REQUIRED; LIFECYCLE UNVERIFIED","86","7","602","cold","0","0","130.47","208.75","229.63","PASS","PASS","15","15","798","1283.1","UNVERIFIED; total gross mass must be quoted","7","HIGH"
"Leland","89086","APPLICATION APPROVAL REQUIRED; LIFECYCLE UNVERIFIED","86","7","602","cold","0","3","166.17","265.88","292.47","PASS","PASS","15","15","798","1283.1","UNVERIFIED; total gross mass must be quoted","7","HIGH"
"Leland","89086","APPLICATION APPROVAL REQUIRED; LIFECYCLE UNVERIFIED","86","7","602","cold","0","5","190.06","304.10","334.51","PASS","PASS","15","15","798","1283.1","UNVERIFIED; total gross mass must be quoted","7","HIGH"
"Leland","89086","APPLICATION APPROVAL REQUIRED; LIFECYCLE UNVERIFIED","86","7","602","cold","0","7.5","220.02","352.04","387.24","PASS","PASS","15","15","798","1283.1","UNVERIFIED; total gross mass must be quoted","7","HIGH"
"Leland","89086","APPLICATION APPROVAL REQUIRED; LIFECYCLE UNVERIFIED","86","7","602","cold","0","10","250.10","400.15","440.17","PASS","PASS","15","15","798","1283.1","UNVERIFIED; total gross mass must be quoted","7","HIGH"
"Leland","89086","APPLICATION APPROVAL REQUIRED; LIFECYCLE UNVERIFIED","86","7","602","cold","0","15","310.58","496.92","546.61","PASS","PASS","15","15","798","1283.1","UNVERIFIED; total gross mass must be quoted","7","HIGH"
"Leland","89092","APPLICATION APPROVAL REQUIRED","92","1","92","warm","25","0","119.31","142.65","156.92","FAIL","FAIL","UNSUPPORTED_AT_0_M","UNSUPPORTED_AT_0_M","125","206.9","UNVERIFIED; total gross mass must be quoted","1","LOW"
"Leland","89092","APPLICATION APPROVAL REQUIRED","92","1","92","warm","25","3","151.88","181.60","199.76","FAIL","FAIL","UNSUPPORTED_AT_0_M","UNSUPPORTED_AT_0_M","125","206.9","UNVERIFIED; total gross mass must be quoted","1","LOW"
"Leland","89092","APPLICATION APPROVAL REQUIRED","92","1","92","warm","25","5","173.66","207.63","228.40","FAIL","FAIL","UNSUPPORTED_AT_0_M","UNSUPPORTED_AT_0_M","125","206.9","UNVERIFIED; total gross mass must be quoted","1","LOW"
"Leland","89092","APPLICATION APPROVAL REQUIRED","92","1","92","warm","25","7.5","200.95","240.26","264.29","FAIL","FAIL","UNSUPPORTED_AT_0_M","UNSUPPORTED_AT_0_M","125","206.9","UNVERIFIED; total gross mass must be quoted","1","LOW"
"Leland","89092","APPLICATION APPROVAL REQUIRED","92","1","92","warm","25","10","228.31","272.98","300.28","FAIL","FAIL","UNSUPPORTED_AT_0_M","UNSUPPORTED_AT_0_M","125","206.9","UNVERIFIED; total gross mass must be quoted","1","LOW"
"Leland","89092","APPLICATION APPROVAL REQUIRED","92","1","92","warm","25","15","283.28","338.70","372.57","FAIL","FAIL","UNSUPPORTED_AT_0_M","UNSUPPORTED_AT_0_M","125","206.9","UNVERIFIED; total gross mass must be quoted","1","LOW"
"Leland","89092","APPLICATION APPROVAL REQUIRED","92","1","92","nominal","15","0","123.53","167.13","183.85","FAIL","FAIL","UNSUPPORTED_AT_0_M","UNSUPPORTED_AT_0_M","125","206.9","UNVERIFIED; total gross mass must be quoted","1","LOW"
"Leland","89092","APPLICATION APPROVAL REQUIRED","92","1","92","nominal","15","3","157.29","212.80","234.08","FAIL","FAIL","UNSUPPORTED_AT_0_M","UNSUPPORTED_AT_0_M","125","206.9","UNVERIFIED; total gross mass must be quoted","1","LOW"
"Leland","89092","APPLICATION APPROVAL REQUIRED","92","1","92","nominal","15","5","179.86","243.34","267.67","FAIL","FAIL","UNSUPPORTED_AT_0_M","UNSUPPORTED_AT_0_M","125","206.9","UNVERIFIED; total gross mass must be quoted","1","LOW"
"Leland","89092","APPLICATION APPROVAL REQUIRED","92","1","92","nominal","15","7.5","208.16","281.62","309.78","FAIL","FAIL","UNSUPPORTED_AT_0_M","UNSUPPORTED_AT_0_M","125","206.9","UNVERIFIED; total gross mass must be quoted","1","LOW"
"Leland","89092","APPLICATION APPROVAL REQUIRED","92","1","92","nominal","15","10","236.54","320.02","352.03","FAIL","FAIL","UNSUPPORTED_AT_0_M","UNSUPPORTED_AT_0_M","125","206.9","UNVERIFIED; total gross mass must be quoted","1","LOW"
"Leland","89092","APPLICATION APPROVAL REQUIRED","92","1","92","nominal","15","15","293.58","397.19","436.91","FAIL","FAIL","UNSUPPORTED_AT_0_M","UNSUPPORTED_AT_0_M","125","206.9","UNVERIFIED; total gross mass must be quoted","1","LOW"
"Leland","89092","APPLICATION APPROVAL REQUIRED","92","1","92","cold","0","0","130.47","208.75","229.63","FAIL","FAIL","UNSUPPORTED_AT_0_M","UNSUPPORTED_AT_0_M","125","206.9","UNVERIFIED; total gross mass must be quoted","1","LOW"
"Leland","89092","APPLICATION APPROVAL REQUIRED","92","1","92","cold","0","3","166.17","265.88","292.47","FAIL","FAIL","UNSUPPORTED_AT_0_M","UNSUPPORTED_AT_0_M","125","206.9","UNVERIFIED; total gross mass must be quoted","1","LOW"
"Leland","89092","APPLICATION APPROVAL REQUIRED","92","1","92","cold","0","5","190.06","304.10","334.51","FAIL","FAIL","UNSUPPORTED_AT_0_M","UNSUPPORTED_AT_0_M","125","206.9","UNVERIFIED; total gross mass must be quoted","1","LOW"
"Leland","89092","APPLICATION APPROVAL REQUIRED","92","1","92","cold","0","7.5","220.02","352.04","387.24","FAIL","FAIL","UNSUPPORTED_AT_0_M","UNSUPPORTED_AT_0_M","125","206.9","UNVERIFIED; total gross mass must be quoted","1","LOW"
"Leland","89092","APPLICATION APPROVAL REQUIRED","92","1","92","cold","0","10","250.10","400.15","440.17","FAIL","FAIL","UNSUPPORTED_AT_0_M","UNSUPPORTED_AT_0_M","125","206.9","UNVERIFIED; total gross mass must be quoted","1","LOW"
"Leland","89092","APPLICATION APPROVAL REQUIRED","92","1","92","cold","0","15","310.58","496.92","546.61","FAIL","FAIL","UNSUPPORTED_AT_0_M","UNSUPPORTED_AT_0_M","125","206.9","UNVERIFIED; total gross mass must be quoted","1","LOW"
"Leland","89092","APPLICATION APPROVAL REQUIRED","92","2","184","warm","25","0","119.31","142.65","156.92","PASS","PASS","3","0","250","413.8","UNVERIFIED; total gross mass must be quoted","2","LOW"
"Leland","89092","APPLICATION APPROVAL REQUIRED","92","2","184","warm","25","3","151.88","181.60","199.76","PASS","FAIL","3","0","250","413.8","UNVERIFIED; total gross mass must be quoted","2","LOW"
"Leland","89092","APPLICATION APPROVAL REQUIRED","92","2","184","warm","25","5","173.66","207.63","228.40","FAIL","FAIL","3","0","250","413.8","UNVERIFIED; total gross mass must be quoted","2","LOW"
"Leland","89092","APPLICATION APPROVAL REQUIRED","92","2","184","warm","25","7.5","200.95","240.26","264.29","FAIL","FAIL","3","0","250","413.8","UNVERIFIED; total gross mass must be quoted","2","LOW"
"Leland","89092","APPLICATION APPROVAL REQUIRED","92","2","184","warm","25","10","228.31","272.98","300.28","FAIL","FAIL","3","0","250","413.8","UNVERIFIED; total gross mass must be quoted","2","LOW"
"Leland","89092","APPLICATION APPROVAL REQUIRED","92","2","184","warm","25","15","283.28","338.70","372.57","FAIL","FAIL","3","0","250","413.8","UNVERIFIED; total gross mass must be quoted","2","LOW"
"Leland","89092","APPLICATION APPROVAL REQUIRED","92","2","184","nominal","15","0","123.53","167.13","183.85","PASS","PASS","0","0","250","413.8","UNVERIFIED; total gross mass must be quoted","2","LOW"
"Leland","89092","APPLICATION APPROVAL REQUIRED","92","2","184","nominal","15","3","157.29","212.80","234.08","FAIL","FAIL","0","0","250","413.8","UNVERIFIED; total gross mass must be quoted","2","LOW"
"Leland","89092","APPLICATION APPROVAL REQUIRED","92","2","184","nominal","15","5","179.86","243.34","267.67","FAIL","FAIL","0","0","250","413.8","UNVERIFIED; total gross mass must be quoted","2","LOW"
"Leland","89092","APPLICATION APPROVAL REQUIRED","92","2","184","nominal","15","7.5","208.16","281.62","309.78","FAIL","FAIL","0","0","250","413.8","UNVERIFIED; total gross mass must be quoted","2","LOW"
"Leland","89092","APPLICATION APPROVAL REQUIRED","92","2","184","nominal","15","10","236.54","320.02","352.03","FAIL","FAIL","0","0","250","413.8","UNVERIFIED; total gross mass must be quoted","2","LOW"
"Leland","89092","APPLICATION APPROVAL REQUIRED","92","2","184","nominal","15","15","293.58","397.19","436.91","FAIL","FAIL","0","0","250","413.8","UNVERIFIED; total gross mass must be quoted","2","LOW"
"Leland","89092","APPLICATION APPROVAL REQUIRED","92","2","184","cold","0","0","130.47","208.75","229.63","FAIL","FAIL","UNSUPPORTED_AT_0_M","UNSUPPORTED_AT_0_M","250","413.8","UNVERIFIED; total gross mass must be quoted","2","LOW"
"Leland","89092","APPLICATION APPROVAL REQUIRED","92","2","184","cold","0","3","166.17","265.88","292.47","FAIL","FAIL","UNSUPPORTED_AT_0_M","UNSUPPORTED_AT_0_M","250","413.8","UNVERIFIED; total gross mass must be quoted","2","LOW"
"Leland","89092","APPLICATION APPROVAL REQUIRED","92","2","184","cold","0","5","190.06","304.10","334.51","FAIL","FAIL","UNSUPPORTED_AT_0_M","UNSUPPORTED_AT_0_M","250","413.8","UNVERIFIED; total gross mass must be quoted","2","LOW"
"Leland","89092","APPLICATION APPROVAL REQUIRED","92","2","184","cold","0","7.5","220.02","352.04","387.24","FAIL","FAIL","UNSUPPORTED_AT_0_M","UNSUPPORTED_AT_0_M","250","413.8","UNVERIFIED; total gross mass must be quoted","2","LOW"
"Leland","89092","APPLICATION APPROVAL REQUIRED","92","2","184","cold","0","10","250.10","400.15","440.17","FAIL","FAIL","UNSUPPORTED_AT_0_M","UNSUPPORTED_AT_0_M","250","413.8","UNVERIFIED; total gross mass must be quoted","2","LOW"
"Leland","89092","APPLICATION APPROVAL REQUIRED","92","2","184","cold","0","15","310.58","496.92","546.61","FAIL","FAIL","UNSUPPORTED_AT_0_M","UNSUPPORTED_AT_0_M","250","413.8","UNVERIFIED; total gross mass must be quoted","2","LOW"
"Leland","89092","APPLICATION APPROVAL REQUIRED","92","3","276","warm","25","0","119.31","142.65","156.92","PASS","PASS","10","7.5","375","620.7","UNVERIFIED; total gross mass must be quoted","3","LOW"
"Leland","89092","APPLICATION APPROVAL REQUIRED","92","3","276","warm","25","3","151.88","181.60","199.76","PASS","PASS","10","7.5","375","620.7","UNVERIFIED; total gross mass must be quoted","3","LOW"
"Leland","89092","APPLICATION APPROVAL REQUIRED","92","3","276","warm","25","5","173.66","207.63","228.40","PASS","PASS","10","7.5","375","620.7","UNVERIFIED; total gross mass must be quoted","3","LOW"
"Leland","89092","APPLICATION APPROVAL REQUIRED","92","3","276","warm","25","7.5","200.95","240.26","264.29","PASS","PASS","10","7.5","375","620.7","UNVERIFIED; total gross mass must be quoted","3","LOW"
"Leland","89092","APPLICATION APPROVAL REQUIRED","92","3","276","warm","25","10","228.31","272.98","300.28","PASS","FAIL","10","7.5","375","620.7","UNVERIFIED; total gross mass must be quoted","3","LOW"
"Leland","89092","APPLICATION APPROVAL REQUIRED","92","3","276","warm","25","15","283.28","338.70","372.57","FAIL","FAIL","10","7.5","375","620.7","UNVERIFIED; total gross mass must be quoted","3","LOW"
"Leland","89092","APPLICATION APPROVAL REQUIRED","92","3","276","nominal","15","0","123.53","167.13","183.85","PASS","PASS","5","5","375","620.7","UNVERIFIED; total gross mass must be quoted","3","LOW"
"Leland","89092","APPLICATION APPROVAL REQUIRED","92","3","276","nominal","15","3","157.29","212.80","234.08","PASS","PASS","5","5","375","620.7","UNVERIFIED; total gross mass must be quoted","3","LOW"
"Leland","89092","APPLICATION APPROVAL REQUIRED","92","3","276","nominal","15","5","179.86","243.34","267.67","PASS","PASS","5","5","375","620.7","UNVERIFIED; total gross mass must be quoted","3","LOW"
"Leland","89092","APPLICATION APPROVAL REQUIRED","92","3","276","nominal","15","7.5","208.16","281.62","309.78","FAIL","FAIL","5","5","375","620.7","UNVERIFIED; total gross mass must be quoted","3","LOW"
"Leland","89092","APPLICATION APPROVAL REQUIRED","92","3","276","nominal","15","10","236.54","320.02","352.03","FAIL","FAIL","5","5","375","620.7","UNVERIFIED; total gross mass must be quoted","3","LOW"
"Leland","89092","APPLICATION APPROVAL REQUIRED","92","3","276","nominal","15","15","293.58","397.19","436.91","FAIL","FAIL","5","5","375","620.7","UNVERIFIED; total gross mass must be quoted","3","LOW"
"Leland","89092","APPLICATION APPROVAL REQUIRED","92","3","276","cold","0","0","130.47","208.75","229.63","PASS","PASS","3","0","375","620.7","UNVERIFIED; total gross mass must be quoted","3","LOW"
"Leland","89092","APPLICATION APPROVAL REQUIRED","92","3","276","cold","0","3","166.17","265.88","292.47","PASS","FAIL","3","0","375","620.7","UNVERIFIED; total gross mass must be quoted","3","LOW"
"Leland","89092","APPLICATION APPROVAL REQUIRED","92","3","276","cold","0","5","190.06","304.10","334.51","FAIL","FAIL","3","0","375","620.7","UNVERIFIED; total gross mass must be quoted","3","LOW"
"Leland","89092","APPLICATION APPROVAL REQUIRED","92","3","276","cold","0","7.5","220.02","352.04","387.24","FAIL","FAIL","3","0","375","620.7","UNVERIFIED; total gross mass must be quoted","3","LOW"
"Leland","89092","APPLICATION APPROVAL REQUIRED","92","3","276","cold","0","10","250.10","400.15","440.17","FAIL","FAIL","3","0","375","620.7","UNVERIFIED; total gross mass must be quoted","3","LOW"
"Leland","89092","APPLICATION APPROVAL REQUIRED","92","3","276","cold","0","15","310.58","496.92","546.61","FAIL","FAIL","3","0","375","620.7","UNVERIFIED; total gross mass must be quoted","3","LOW"
"Leland","89092","APPLICATION APPROVAL REQUIRED","92","4","368","warm","25","0","119.31","142.65","156.92","PASS","PASS","15","10","500","827.6","UNVERIFIED; total gross mass must be quoted","4","MODERATE"
"Leland","89092","APPLICATION APPROVAL REQUIRED","92","4","368","warm","25","3","151.88","181.60","199.76","PASS","PASS","15","10","500","827.6","UNVERIFIED; total gross mass must be quoted","4","MODERATE"
"Leland","89092","APPLICATION APPROVAL REQUIRED","92","4","368","warm","25","5","173.66","207.63","228.40","PASS","PASS","15","10","500","827.6","UNVERIFIED; total gross mass must be quoted","4","MODERATE"
"Leland","89092","APPLICATION APPROVAL REQUIRED","92","4","368","warm","25","7.5","200.95","240.26","264.29","PASS","PASS","15","10","500","827.6","UNVERIFIED; total gross mass must be quoted","4","MODERATE"
"Leland","89092","APPLICATION APPROVAL REQUIRED","92","4","368","warm","25","10","228.31","272.98","300.28","PASS","PASS","15","10","500","827.6","UNVERIFIED; total gross mass must be quoted","4","MODERATE"
"Leland","89092","APPLICATION APPROVAL REQUIRED","92","4","368","warm","25","15","283.28","338.70","372.57","PASS","FAIL","15","10","500","827.6","UNVERIFIED; total gross mass must be quoted","4","MODERATE"
"Leland","89092","APPLICATION APPROVAL REQUIRED","92","4","368","nominal","15","0","123.53","167.13","183.85","PASS","PASS","10","10","500","827.6","UNVERIFIED; total gross mass must be quoted","4","MODERATE"
"Leland","89092","APPLICATION APPROVAL REQUIRED","92","4","368","nominal","15","3","157.29","212.80","234.08","PASS","PASS","10","10","500","827.6","UNVERIFIED; total gross mass must be quoted","4","MODERATE"
"Leland","89092","APPLICATION APPROVAL REQUIRED","92","4","368","nominal","15","5","179.86","243.34","267.67","PASS","PASS","10","10","500","827.6","UNVERIFIED; total gross mass must be quoted","4","MODERATE"
"Leland","89092","APPLICATION APPROVAL REQUIRED","92","4","368","nominal","15","7.5","208.16","281.62","309.78","PASS","PASS","10","10","500","827.6","UNVERIFIED; total gross mass must be quoted","4","MODERATE"
"Leland","89092","APPLICATION APPROVAL REQUIRED","92","4","368","nominal","15","10","236.54","320.02","352.03","PASS","PASS","10","10","500","827.6","UNVERIFIED; total gross mass must be quoted","4","MODERATE"
"Leland","89092","APPLICATION APPROVAL REQUIRED","92","4","368","nominal","15","15","293.58","397.19","436.91","FAIL","FAIL","10","10","500","827.6","UNVERIFIED; total gross mass must be quoted","4","MODERATE"
"Leland","89092","APPLICATION APPROVAL REQUIRED","92","4","368","cold","0","0","130.47","208.75","229.63","PASS","PASS","7.5","5","500","827.6","UNVERIFIED; total gross mass must be quoted","4","MODERATE"
"Leland","89092","APPLICATION APPROVAL REQUIRED","92","4","368","cold","0","3","166.17","265.88","292.47","PASS","PASS","7.5","5","500","827.6","UNVERIFIED; total gross mass must be quoted","4","MODERATE"
"Leland","89092","APPLICATION APPROVAL REQUIRED","92","4","368","cold","0","5","190.06","304.10","334.51","PASS","PASS","7.5","5","500","827.6","UNVERIFIED; total gross mass must be quoted","4","MODERATE"
"Leland","89092","APPLICATION APPROVAL REQUIRED","92","4","368","cold","0","7.5","220.02","352.04","387.24","PASS","FAIL","7.5","5","500","827.6","UNVERIFIED; total gross mass must be quoted","4","MODERATE"
"Leland","89092","APPLICATION APPROVAL REQUIRED","92","4","368","cold","0","10","250.10","400.15","440.17","FAIL","FAIL","7.5","5","500","827.6","UNVERIFIED; total gross mass must be quoted","4","MODERATE"
"Leland","89092","APPLICATION APPROVAL REQUIRED","92","4","368","cold","0","15","310.58","496.92","546.61","FAIL","FAIL","7.5","5","500","827.6","UNVERIFIED; total gross mass must be quoted","4","MODERATE"
"Leland","89092","APPLICATION APPROVAL REQUIRED","92","5","460","warm","25","0","119.31","142.65","156.92","PASS","PASS","15","15","625","1034.5","UNVERIFIED; total gross mass must be quoted","5","MODERATE"
"Leland","89092","APPLICATION APPROVAL REQUIRED","92","5","460","warm","25","3","151.88","181.60","199.76","PASS","PASS","15","15","625","1034.5","UNVERIFIED; total gross mass must be quoted","5","MODERATE"
"Leland","89092","APPLICATION APPROVAL REQUIRED","92","5","460","warm","25","5","173.66","207.63","228.40","PASS","PASS","15","15","625","1034.5","UNVERIFIED; total gross mass must be quoted","5","MODERATE"
"Leland","89092","APPLICATION APPROVAL REQUIRED","92","5","460","warm","25","7.5","200.95","240.26","264.29","PASS","PASS","15","15","625","1034.5","UNVERIFIED; total gross mass must be quoted","5","MODERATE"
"Leland","89092","APPLICATION APPROVAL REQUIRED","92","5","460","warm","25","10","228.31","272.98","300.28","PASS","PASS","15","15","625","1034.5","UNVERIFIED; total gross mass must be quoted","5","MODERATE"
"Leland","89092","APPLICATION APPROVAL REQUIRED","92","5","460","warm","25","15","283.28","338.70","372.57","PASS","PASS","15","15","625","1034.5","UNVERIFIED; total gross mass must be quoted","5","MODERATE"
"Leland","89092","APPLICATION APPROVAL REQUIRED","92","5","460","nominal","15","0","123.53","167.13","183.85","PASS","PASS","15","15","625","1034.5","UNVERIFIED; total gross mass must be quoted","5","MODERATE"
"Leland","89092","APPLICATION APPROVAL REQUIRED","92","5","460","nominal","15","3","157.29","212.80","234.08","PASS","PASS","15","15","625","1034.5","UNVERIFIED; total gross mass must be quoted","5","MODERATE"
"Leland","89092","APPLICATION APPROVAL REQUIRED","92","5","460","nominal","15","5","179.86","243.34","267.67","PASS","PASS","15","15","625","1034.5","UNVERIFIED; total gross mass must be quoted","5","MODERATE"
"Leland","89092","APPLICATION APPROVAL REQUIRED","92","5","460","nominal","15","7.5","208.16","281.62","309.78","PASS","PASS","15","15","625","1034.5","UNVERIFIED; total gross mass must be quoted","5","MODERATE"
"Leland","89092","APPLICATION APPROVAL REQUIRED","92","5","460","nominal","15","10","236.54","320.02","352.03","PASS","PASS","15","15","625","1034.5","UNVERIFIED; total gross mass must be quoted","5","MODERATE"
"Leland","89092","APPLICATION APPROVAL REQUIRED","92","5","460","nominal","15","15","293.58","397.19","436.91","PASS","PASS","15","15","625","1034.5","UNVERIFIED; total gross mass must be quoted","5","MODERATE"
"Leland","89092","APPLICATION APPROVAL REQUIRED","92","5","460","cold","0","0","130.47","208.75","229.63","PASS","PASS","10","10","625","1034.5","UNVERIFIED; total gross mass must be quoted","5","MODERATE"
"Leland","89092","APPLICATION APPROVAL REQUIRED","92","5","460","cold","0","3","166.17","265.88","292.47","PASS","PASS","10","10","625","1034.5","UNVERIFIED; total gross mass must be quoted","5","MODERATE"
"Leland","89092","APPLICATION APPROVAL REQUIRED","92","5","460","cold","0","5","190.06","304.10","334.51","PASS","PASS","10","10","625","1034.5","UNVERIFIED; total gross mass must be quoted","5","MODERATE"
"Leland","89092","APPLICATION APPROVAL REQUIRED","92","5","460","cold","0","7.5","220.02","352.04","387.24","PASS","PASS","10","10","625","1034.5","UNVERIFIED; total gross mass must be quoted","5","MODERATE"
"Leland","89092","APPLICATION APPROVAL REQUIRED","92","5","460","cold","0","10","250.10","400.15","440.17","PASS","PASS","10","10","625","1034.5","UNVERIFIED; total gross mass must be quoted","5","MODERATE"
"Leland","89092","APPLICATION APPROVAL REQUIRED","92","5","460","cold","0","15","310.58","496.92","546.61","FAIL","FAIL","10","10","625","1034.5","UNVERIFIED; total gross mass must be quoted","5","MODERATE"
"Leland","89092","APPLICATION APPROVAL REQUIRED","92","6","552","warm","25","0","119.31","142.65","156.92","PASS","PASS","15","15","750","1241.4","UNVERIFIED; total gross mass must be quoted","6","HIGH"
"Leland","89092","APPLICATION APPROVAL REQUIRED","92","6","552","warm","25","3","151.88","181.60","199.76","PASS","PASS","15","15","750","1241.4","UNVERIFIED; total gross mass must be quoted","6","HIGH"
"Leland","89092","APPLICATION APPROVAL REQUIRED","92","6","552","warm","25","5","173.66","207.63","228.40","PASS","PASS","15","15","750","1241.4","UNVERIFIED; total gross mass must be quoted","6","HIGH"
"Leland","89092","APPLICATION APPROVAL REQUIRED","92","6","552","warm","25","7.5","200.95","240.26","264.29","PASS","PASS","15","15","750","1241.4","UNVERIFIED; total gross mass must be quoted","6","HIGH"
"Leland","89092","APPLICATION APPROVAL REQUIRED","92","6","552","warm","25","10","228.31","272.98","300.28","PASS","PASS","15","15","750","1241.4","UNVERIFIED; total gross mass must be quoted","6","HIGH"
"Leland","89092","APPLICATION APPROVAL REQUIRED","92","6","552","warm","25","15","283.28","338.70","372.57","PASS","PASS","15","15","750","1241.4","UNVERIFIED; total gross mass must be quoted","6","HIGH"
"Leland","89092","APPLICATION APPROVAL REQUIRED","92","6","552","nominal","15","0","123.53","167.13","183.85","PASS","PASS","15","15","750","1241.4","UNVERIFIED; total gross mass must be quoted","6","HIGH"
"Leland","89092","APPLICATION APPROVAL REQUIRED","92","6","552","nominal","15","3","157.29","212.80","234.08","PASS","PASS","15","15","750","1241.4","UNVERIFIED; total gross mass must be quoted","6","HIGH"
"Leland","89092","APPLICATION APPROVAL REQUIRED","92","6","552","nominal","15","5","179.86","243.34","267.67","PASS","PASS","15","15","750","1241.4","UNVERIFIED; total gross mass must be quoted","6","HIGH"
"Leland","89092","APPLICATION APPROVAL REQUIRED","92","6","552","nominal","15","7.5","208.16","281.62","309.78","PASS","PASS","15","15","750","1241.4","UNVERIFIED; total gross mass must be quoted","6","HIGH"
"Leland","89092","APPLICATION APPROVAL REQUIRED","92","6","552","nominal","15","10","236.54","320.02","352.03","PASS","PASS","15","15","750","1241.4","UNVERIFIED; total gross mass must be quoted","6","HIGH"
"Leland","89092","APPLICATION APPROVAL REQUIRED","92","6","552","nominal","15","15","293.58","397.19","436.91","PASS","PASS","15","15","750","1241.4","UNVERIFIED; total gross mass must be quoted","6","HIGH"
"Leland","89092","APPLICATION APPROVAL REQUIRED","92","6","552","cold","0","0","130.47","208.75","229.63","PASS","PASS","15","15","750","1241.4","UNVERIFIED; total gross mass must be quoted","6","HIGH"
"Leland","89092","APPLICATION APPROVAL REQUIRED","92","6","552","cold","0","3","166.17","265.88","292.47","PASS","PASS","15","15","750","1241.4","UNVERIFIED; total gross mass must be quoted","6","HIGH"
"Leland","89092","APPLICATION APPROVAL REQUIRED","92","6","552","cold","0","5","190.06","304.10","334.51","PASS","PASS","15","15","750","1241.4","UNVERIFIED; total gross mass must be quoted","6","HIGH"
"Leland","89092","APPLICATION APPROVAL REQUIRED","92","6","552","cold","0","7.5","220.02","352.04","387.24","PASS","PASS","15","15","750","1241.4","UNVERIFIED; total gross mass must be quoted","6","HIGH"
"Leland","89092","APPLICATION APPROVAL REQUIRED","92","6","552","cold","0","10","250.10","400.15","440.17","PASS","PASS","15","15","750","1241.4","UNVERIFIED; total gross mass must be quoted","6","HIGH"
"Leland","89092","APPLICATION APPROVAL REQUIRED","92","6","552","cold","0","15","310.58","496.92","546.61","PASS","PASS","15","15","750","1241.4","UNVERIFIED; total gross mass must be quoted","6","HIGH"
"Leland","89092","APPLICATION APPROVAL REQUIRED","92","7","644","warm","25","0","119.31","142.65","156.92","PASS","PASS","15","15","875","1448.3","UNVERIFIED; total gross mass must be quoted","7","HIGH"
"Leland","89092","APPLICATION APPROVAL REQUIRED","92","7","644","warm","25","3","151.88","181.60","199.76","PASS","PASS","15","15","875","1448.3","UNVERIFIED; total gross mass must be quoted","7","HIGH"
"Leland","89092","APPLICATION APPROVAL REQUIRED","92","7","644","warm","25","5","173.66","207.63","228.40","PASS","PASS","15","15","875","1448.3","UNVERIFIED; total gross mass must be quoted","7","HIGH"
"Leland","89092","APPLICATION APPROVAL REQUIRED","92","7","644","warm","25","7.5","200.95","240.26","264.29","PASS","PASS","15","15","875","1448.3","UNVERIFIED; total gross mass must be quoted","7","HIGH"
"Leland","89092","APPLICATION APPROVAL REQUIRED","92","7","644","warm","25","10","228.31","272.98","300.28","PASS","PASS","15","15","875","1448.3","UNVERIFIED; total gross mass must be quoted","7","HIGH"
"Leland","89092","APPLICATION APPROVAL REQUIRED","92","7","644","warm","25","15","283.28","338.70","372.57","PASS","PASS","15","15","875","1448.3","UNVERIFIED; total gross mass must be quoted","7","HIGH"
"Leland","89092","APPLICATION APPROVAL REQUIRED","92","7","644","nominal","15","0","123.53","167.13","183.85","PASS","PASS","15","15","875","1448.3","UNVERIFIED; total gross mass must be quoted","7","HIGH"
"Leland","89092","APPLICATION APPROVAL REQUIRED","92","7","644","nominal","15","3","157.29","212.80","234.08","PASS","PASS","15","15","875","1448.3","UNVERIFIED; total gross mass must be quoted","7","HIGH"
"Leland","89092","APPLICATION APPROVAL REQUIRED","92","7","644","nominal","15","5","179.86","243.34","267.67","PASS","PASS","15","15","875","1448.3","UNVERIFIED; total gross mass must be quoted","7","HIGH"
"Leland","89092","APPLICATION APPROVAL REQUIRED","92","7","644","nominal","15","7.5","208.16","281.62","309.78","PASS","PASS","15","15","875","1448.3","UNVERIFIED; total gross mass must be quoted","7","HIGH"
"Leland","89092","APPLICATION APPROVAL REQUIRED","92","7","644","nominal","15","10","236.54","320.02","352.03","PASS","PASS","15","15","875","1448.3","UNVERIFIED; total gross mass must be quoted","7","HIGH"
"Leland","89092","APPLICATION APPROVAL REQUIRED","92","7","644","nominal","15","15","293.58","397.19","436.91","PASS","PASS","15","15","875","1448.3","UNVERIFIED; total gross mass must be quoted","7","HIGH"
"Leland","89092","APPLICATION APPROVAL REQUIRED","92","7","644","cold","0","0","130.47","208.75","229.63","PASS","PASS","15","15","875","1448.3","UNVERIFIED; total gross mass must be quoted","7","HIGH"
"Leland","89092","APPLICATION APPROVAL REQUIRED","92","7","644","cold","0","3","166.17","265.88","292.47","PASS","PASS","15","15","875","1448.3","UNVERIFIED; total gross mass must be quoted","7","HIGH"
"Leland","89092","APPLICATION APPROVAL REQUIRED","92","7","644","cold","0","5","190.06","304.10","334.51","PASS","PASS","15","15","875","1448.3","UNVERIFIED; total gross mass must be quoted","7","HIGH"
"Leland","89092","APPLICATION APPROVAL REQUIRED","92","7","644","cold","0","7.5","220.02","352.04","387.24","PASS","PASS","15","15","875","1448.3","UNVERIFIED; total gross mass must be quoted","7","HIGH"
"Leland","89092","APPLICATION APPROVAL REQUIRED","92","7","644","cold","0","10","250.10","400.15","440.17","PASS","PASS","15","15","875","1448.3","UNVERIFIED; total gross mass must be quoted","7","HIGH"
"Leland","89092","APPLICATION APPROVAL REQUIRED","92","7","644","cold","0","15","310.58","496.92","546.61","PASS","PASS","15","15","875","1448.3","UNVERIFIED; total gross mass must be quoted","7","HIGH"
"Leland","89150","APPLICATION AND DIMENSIONAL APPROVAL REQUIRED","150","1","150","warm","25","0","119.31","142.65","156.92","PASS","FAIL","0","UNSUPPORTED_AT_0_M","203","345.7","UNVERIFIED; total gross mass must be quoted","1","LOW"
"Leland","89150","APPLICATION AND DIMENSIONAL APPROVAL REQUIRED","150","1","150","warm","25","3","151.88","181.60","199.76","FAIL","FAIL","0","UNSUPPORTED_AT_0_M","203","345.7","UNVERIFIED; total gross mass must be quoted","1","LOW"
"Leland","89150","APPLICATION AND DIMENSIONAL APPROVAL REQUIRED","150","1","150","warm","25","5","173.66","207.63","228.40","FAIL","FAIL","0","UNSUPPORTED_AT_0_M","203","345.7","UNVERIFIED; total gross mass must be quoted","1","LOW"
"Leland","89150","APPLICATION AND DIMENSIONAL APPROVAL REQUIRED","150","1","150","warm","25","7.5","200.95","240.26","264.29","FAIL","FAIL","0","UNSUPPORTED_AT_0_M","203","345.7","UNVERIFIED; total gross mass must be quoted","1","LOW"
"Leland","89150","APPLICATION AND DIMENSIONAL APPROVAL REQUIRED","150","1","150","warm","25","10","228.31","272.98","300.28","FAIL","FAIL","0","UNSUPPORTED_AT_0_M","203","345.7","UNVERIFIED; total gross mass must be quoted","1","LOW"
"Leland","89150","APPLICATION AND DIMENSIONAL APPROVAL REQUIRED","150","1","150","warm","25","15","283.28","338.70","372.57","FAIL","FAIL","0","UNSUPPORTED_AT_0_M","203","345.7","UNVERIFIED; total gross mass must be quoted","1","LOW"
"Leland","89150","APPLICATION AND DIMENSIONAL APPROVAL REQUIRED","150","1","150","nominal","15","0","123.53","167.13","183.85","FAIL","FAIL","UNSUPPORTED_AT_0_M","UNSUPPORTED_AT_0_M","203","345.7","UNVERIFIED; total gross mass must be quoted","1","LOW"
"Leland","89150","APPLICATION AND DIMENSIONAL APPROVAL REQUIRED","150","1","150","nominal","15","3","157.29","212.80","234.08","FAIL","FAIL","UNSUPPORTED_AT_0_M","UNSUPPORTED_AT_0_M","203","345.7","UNVERIFIED; total gross mass must be quoted","1","LOW"
"Leland","89150","APPLICATION AND DIMENSIONAL APPROVAL REQUIRED","150","1","150","nominal","15","5","179.86","243.34","267.67","FAIL","FAIL","UNSUPPORTED_AT_0_M","UNSUPPORTED_AT_0_M","203","345.7","UNVERIFIED; total gross mass must be quoted","1","LOW"
"Leland","89150","APPLICATION AND DIMENSIONAL APPROVAL REQUIRED","150","1","150","nominal","15","7.5","208.16","281.62","309.78","FAIL","FAIL","UNSUPPORTED_AT_0_M","UNSUPPORTED_AT_0_M","203","345.7","UNVERIFIED; total gross mass must be quoted","1","LOW"
"Leland","89150","APPLICATION AND DIMENSIONAL APPROVAL REQUIRED","150","1","150","nominal","15","10","236.54","320.02","352.03","FAIL","FAIL","UNSUPPORTED_AT_0_M","UNSUPPORTED_AT_0_M","203","345.7","UNVERIFIED; total gross mass must be quoted","1","LOW"
"Leland","89150","APPLICATION AND DIMENSIONAL APPROVAL REQUIRED","150","1","150","nominal","15","15","293.58","397.19","436.91","FAIL","FAIL","UNSUPPORTED_AT_0_M","UNSUPPORTED_AT_0_M","203","345.7","UNVERIFIED; total gross mass must be quoted","1","LOW"
"Leland","89150","APPLICATION AND DIMENSIONAL APPROVAL REQUIRED","150","1","150","cold","0","0","130.47","208.75","229.63","FAIL","FAIL","UNSUPPORTED_AT_0_M","UNSUPPORTED_AT_0_M","203","345.7","UNVERIFIED; total gross mass must be quoted","1","LOW"
"Leland","89150","APPLICATION AND DIMENSIONAL APPROVAL REQUIRED","150","1","150","cold","0","3","166.17","265.88","292.47","FAIL","FAIL","UNSUPPORTED_AT_0_M","UNSUPPORTED_AT_0_M","203","345.7","UNVERIFIED; total gross mass must be quoted","1","LOW"
"Leland","89150","APPLICATION AND DIMENSIONAL APPROVAL REQUIRED","150","1","150","cold","0","5","190.06","304.10","334.51","FAIL","FAIL","UNSUPPORTED_AT_0_M","UNSUPPORTED_AT_0_M","203","345.7","UNVERIFIED; total gross mass must be quoted","1","LOW"
"Leland","89150","APPLICATION AND DIMENSIONAL APPROVAL REQUIRED","150","1","150","cold","0","7.5","220.02","352.04","387.24","FAIL","FAIL","UNSUPPORTED_AT_0_M","UNSUPPORTED_AT_0_M","203","345.7","UNVERIFIED; total gross mass must be quoted","1","LOW"
"Leland","89150","APPLICATION AND DIMENSIONAL APPROVAL REQUIRED","150","1","150","cold","0","10","250.10","400.15","440.17","FAIL","FAIL","UNSUPPORTED_AT_0_M","UNSUPPORTED_AT_0_M","203","345.7","UNVERIFIED; total gross mass must be quoted","1","LOW"
"Leland","89150","APPLICATION AND DIMENSIONAL APPROVAL REQUIRED","150","1","150","cold","0","15","310.58","496.92","546.61","FAIL","FAIL","UNSUPPORTED_AT_0_M","UNSUPPORTED_AT_0_M","203","345.7","UNVERIFIED; total gross mass must be quoted","1","LOW"
"Leland","89150","APPLICATION AND DIMENSIONAL APPROVAL REQUIRED","150","2","300","warm","25","0","119.31","142.65","156.92","PASS","PASS","10","7.5","406","691.4","UNVERIFIED; total gross mass must be quoted","2","LOW"
"Leland","89150","APPLICATION AND DIMENSIONAL APPROVAL REQUIRED","150","2","300","warm","25","3","151.88","181.60","199.76","PASS","PASS","10","7.5","406","691.4","UNVERIFIED; total gross mass must be quoted","2","LOW"
"Leland","89150","APPLICATION AND DIMENSIONAL APPROVAL REQUIRED","150","2","300","warm","25","5","173.66","207.63","228.40","PASS","PASS","10","7.5","406","691.4","UNVERIFIED; total gross mass must be quoted","2","LOW"
"Leland","89150","APPLICATION AND DIMENSIONAL APPROVAL REQUIRED","150","2","300","warm","25","7.5","200.95","240.26","264.29","PASS","PASS","10","7.5","406","691.4","UNVERIFIED; total gross mass must be quoted","2","LOW"
"Leland","89150","APPLICATION AND DIMENSIONAL APPROVAL REQUIRED","150","2","300","warm","25","10","228.31","272.98","300.28","PASS","FAIL","10","7.5","406","691.4","UNVERIFIED; total gross mass must be quoted","2","LOW"
"Leland","89150","APPLICATION AND DIMENSIONAL APPROVAL REQUIRED","150","2","300","warm","25","15","283.28","338.70","372.57","FAIL","FAIL","10","7.5","406","691.4","UNVERIFIED; total gross mass must be quoted","2","LOW"
"Leland","89150","APPLICATION AND DIMENSIONAL APPROVAL REQUIRED","150","2","300","nominal","15","0","123.53","167.13","183.85","PASS","PASS","7.5","5","406","691.4","UNVERIFIED; total gross mass must be quoted","2","LOW"
"Leland","89150","APPLICATION AND DIMENSIONAL APPROVAL REQUIRED","150","2","300","nominal","15","3","157.29","212.80","234.08","PASS","PASS","7.5","5","406","691.4","UNVERIFIED; total gross mass must be quoted","2","LOW"
"Leland","89150","APPLICATION AND DIMENSIONAL APPROVAL REQUIRED","150","2","300","nominal","15","5","179.86","243.34","267.67","PASS","PASS","7.5","5","406","691.4","UNVERIFIED; total gross mass must be quoted","2","LOW"
"Leland","89150","APPLICATION AND DIMENSIONAL APPROVAL REQUIRED","150","2","300","nominal","15","7.5","208.16","281.62","309.78","PASS","FAIL","7.5","5","406","691.4","UNVERIFIED; total gross mass must be quoted","2","LOW"
"Leland","89150","APPLICATION AND DIMENSIONAL APPROVAL REQUIRED","150","2","300","nominal","15","10","236.54","320.02","352.03","FAIL","FAIL","7.5","5","406","691.4","UNVERIFIED; total gross mass must be quoted","2","LOW"
"Leland","89150","APPLICATION AND DIMENSIONAL APPROVAL REQUIRED","150","2","300","nominal","15","15","293.58","397.19","436.91","FAIL","FAIL","7.5","5","406","691.4","UNVERIFIED; total gross mass must be quoted","2","LOW"
"Leland","89150","APPLICATION AND DIMENSIONAL APPROVAL REQUIRED","150","2","300","cold","0","0","130.47","208.75","229.63","PASS","PASS","3","3","406","691.4","UNVERIFIED; total gross mass must be quoted","2","LOW"
"Leland","89150","APPLICATION AND DIMENSIONAL APPROVAL REQUIRED","150","2","300","cold","0","3","166.17","265.88","292.47","PASS","PASS","3","3","406","691.4","UNVERIFIED; total gross mass must be quoted","2","LOW"
"Leland","89150","APPLICATION AND DIMENSIONAL APPROVAL REQUIRED","150","2","300","cold","0","5","190.06","304.10","334.51","FAIL","FAIL","3","3","406","691.4","UNVERIFIED; total gross mass must be quoted","2","LOW"
"Leland","89150","APPLICATION AND DIMENSIONAL APPROVAL REQUIRED","150","2","300","cold","0","7.5","220.02","352.04","387.24","FAIL","FAIL","3","3","406","691.4","UNVERIFIED; total gross mass must be quoted","2","LOW"
"Leland","89150","APPLICATION AND DIMENSIONAL APPROVAL REQUIRED","150","2","300","cold","0","10","250.10","400.15","440.17","FAIL","FAIL","3","3","406","691.4","UNVERIFIED; total gross mass must be quoted","2","LOW"
"Leland","89150","APPLICATION AND DIMENSIONAL APPROVAL REQUIRED","150","2","300","cold","0","15","310.58","496.92","546.61","FAIL","FAIL","3","3","406","691.4","UNVERIFIED; total gross mass must be quoted","2","LOW"
"Leland","89150","APPLICATION AND DIMENSIONAL APPROVAL REQUIRED","150","3","450","warm","25","0","119.31","142.65","156.92","PASS","PASS","15","15","609","1037.1","UNVERIFIED; total gross mass must be quoted","3","LOW"
"Leland","89150","APPLICATION AND DIMENSIONAL APPROVAL REQUIRED","150","3","450","warm","25","3","151.88","181.60","199.76","PASS","PASS","15","15","609","1037.1","UNVERIFIED; total gross mass must be quoted","3","LOW"
"Leland","89150","APPLICATION AND DIMENSIONAL APPROVAL REQUIRED","150","3","450","warm","25","5","173.66","207.63","228.40","PASS","PASS","15","15","609","1037.1","UNVERIFIED; total gross mass must be quoted","3","LOW"
"Leland","89150","APPLICATION AND DIMENSIONAL APPROVAL REQUIRED","150","3","450","warm","25","7.5","200.95","240.26","264.29","PASS","PASS","15","15","609","1037.1","UNVERIFIED; total gross mass must be quoted","3","LOW"
"Leland","89150","APPLICATION AND DIMENSIONAL APPROVAL REQUIRED","150","3","450","warm","25","10","228.31","272.98","300.28","PASS","PASS","15","15","609","1037.1","UNVERIFIED; total gross mass must be quoted","3","LOW"
"Leland","89150","APPLICATION AND DIMENSIONAL APPROVAL REQUIRED","150","3","450","warm","25","15","283.28","338.70","372.57","PASS","PASS","15","15","609","1037.1","UNVERIFIED; total gross mass must be quoted","3","LOW"
"Leland","89150","APPLICATION AND DIMENSIONAL APPROVAL REQUIRED","150","3","450","nominal","15","0","123.53","167.13","183.85","PASS","PASS","15","15","609","1037.1","UNVERIFIED; total gross mass must be quoted","3","LOW"
"Leland","89150","APPLICATION AND DIMENSIONAL APPROVAL REQUIRED","150","3","450","nominal","15","3","157.29","212.80","234.08","PASS","PASS","15","15","609","1037.1","UNVERIFIED; total gross mass must be quoted","3","LOW"
"Leland","89150","APPLICATION AND DIMENSIONAL APPROVAL REQUIRED","150","3","450","nominal","15","5","179.86","243.34","267.67","PASS","PASS","15","15","609","1037.1","UNVERIFIED; total gross mass must be quoted","3","LOW"
"Leland","89150","APPLICATION AND DIMENSIONAL APPROVAL REQUIRED","150","3","450","nominal","15","7.5","208.16","281.62","309.78","PASS","PASS","15","15","609","1037.1","UNVERIFIED; total gross mass must be quoted","3","LOW"
"Leland","89150","APPLICATION AND DIMENSIONAL APPROVAL REQUIRED","150","3","450","nominal","15","10","236.54","320.02","352.03","PASS","PASS","15","15","609","1037.1","UNVERIFIED; total gross mass must be quoted","3","LOW"
"Leland","89150","APPLICATION AND DIMENSIONAL APPROVAL REQUIRED","150","3","450","nominal","15","15","293.58","397.19","436.91","PASS","PASS","15","15","609","1037.1","UNVERIFIED; total gross mass must be quoted","3","LOW"
"Leland","89150","APPLICATION AND DIMENSIONAL APPROVAL REQUIRED","150","3","450","cold","0","0","130.47","208.75","229.63","PASS","PASS","10","10","609","1037.1","UNVERIFIED; total gross mass must be quoted","3","LOW"
"Leland","89150","APPLICATION AND DIMENSIONAL APPROVAL REQUIRED","150","3","450","cold","0","3","166.17","265.88","292.47","PASS","PASS","10","10","609","1037.1","UNVERIFIED; total gross mass must be quoted","3","LOW"
"Leland","89150","APPLICATION AND DIMENSIONAL APPROVAL REQUIRED","150","3","450","cold","0","5","190.06","304.10","334.51","PASS","PASS","10","10","609","1037.1","UNVERIFIED; total gross mass must be quoted","3","LOW"
"Leland","89150","APPLICATION AND DIMENSIONAL APPROVAL REQUIRED","150","3","450","cold","0","7.5","220.02","352.04","387.24","PASS","PASS","10","10","609","1037.1","UNVERIFIED; total gross mass must be quoted","3","LOW"
"Leland","89150","APPLICATION AND DIMENSIONAL APPROVAL REQUIRED","150","3","450","cold","0","10","250.10","400.15","440.17","PASS","PASS","10","10","609","1037.1","UNVERIFIED; total gross mass must be quoted","3","LOW"
"Leland","89150","APPLICATION AND DIMENSIONAL APPROVAL REQUIRED","150","3","450","cold","0","15","310.58","496.92","546.61","FAIL","FAIL","10","10","609","1037.1","UNVERIFIED; total gross mass must be quoted","3","LOW"
"Leland","89150","APPLICATION AND DIMENSIONAL APPROVAL REQUIRED","150","4","600","warm","25","0","119.31","142.65","156.92","PASS","PASS","15","15","812","1382.8","UNVERIFIED; total gross mass must be quoted","4","MODERATE"
"Leland","89150","APPLICATION AND DIMENSIONAL APPROVAL REQUIRED","150","4","600","warm","25","3","151.88","181.60","199.76","PASS","PASS","15","15","812","1382.8","UNVERIFIED; total gross mass must be quoted","4","MODERATE"
"Leland","89150","APPLICATION AND DIMENSIONAL APPROVAL REQUIRED","150","4","600","warm","25","5","173.66","207.63","228.40","PASS","PASS","15","15","812","1382.8","UNVERIFIED; total gross mass must be quoted","4","MODERATE"
"Leland","89150","APPLICATION AND DIMENSIONAL APPROVAL REQUIRED","150","4","600","warm","25","7.5","200.95","240.26","264.29","PASS","PASS","15","15","812","1382.8","UNVERIFIED; total gross mass must be quoted","4","MODERATE"
"Leland","89150","APPLICATION AND DIMENSIONAL APPROVAL REQUIRED","150","4","600","warm","25","10","228.31","272.98","300.28","PASS","PASS","15","15","812","1382.8","UNVERIFIED; total gross mass must be quoted","4","MODERATE"
"Leland","89150","APPLICATION AND DIMENSIONAL APPROVAL REQUIRED","150","4","600","warm","25","15","283.28","338.70","372.57","PASS","PASS","15","15","812","1382.8","UNVERIFIED; total gross mass must be quoted","4","MODERATE"
"Leland","89150","APPLICATION AND DIMENSIONAL APPROVAL REQUIRED","150","4","600","nominal","15","0","123.53","167.13","183.85","PASS","PASS","15","15","812","1382.8","UNVERIFIED; total gross mass must be quoted","4","MODERATE"
"Leland","89150","APPLICATION AND DIMENSIONAL APPROVAL REQUIRED","150","4","600","nominal","15","3","157.29","212.80","234.08","PASS","PASS","15","15","812","1382.8","UNVERIFIED; total gross mass must be quoted","4","MODERATE"
"Leland","89150","APPLICATION AND DIMENSIONAL APPROVAL REQUIRED","150","4","600","nominal","15","5","179.86","243.34","267.67","PASS","PASS","15","15","812","1382.8","UNVERIFIED; total gross mass must be quoted","4","MODERATE"
"Leland","89150","APPLICATION AND DIMENSIONAL APPROVAL REQUIRED","150","4","600","nominal","15","7.5","208.16","281.62","309.78","PASS","PASS","15","15","812","1382.8","UNVERIFIED; total gross mass must be quoted","4","MODERATE"
"Leland","89150","APPLICATION AND DIMENSIONAL APPROVAL REQUIRED","150","4","600","nominal","15","10","236.54","320.02","352.03","PASS","PASS","15","15","812","1382.8","UNVERIFIED; total gross mass must be quoted","4","MODERATE"
"Leland","89150","APPLICATION AND DIMENSIONAL APPROVAL REQUIRED","150","4","600","nominal","15","15","293.58","397.19","436.91","PASS","PASS","15","15","812","1382.8","UNVERIFIED; total gross mass must be quoted","4","MODERATE"
"Leland","89150","APPLICATION AND DIMENSIONAL APPROVAL REQUIRED","150","4","600","cold","0","0","130.47","208.75","229.63","PASS","PASS","15","15","812","1382.8","UNVERIFIED; total gross mass must be quoted","4","MODERATE"
"Leland","89150","APPLICATION AND DIMENSIONAL APPROVAL REQUIRED","150","4","600","cold","0","3","166.17","265.88","292.47","PASS","PASS","15","15","812","1382.8","UNVERIFIED; total gross mass must be quoted","4","MODERATE"
"Leland","89150","APPLICATION AND DIMENSIONAL APPROVAL REQUIRED","150","4","600","cold","0","5","190.06","304.10","334.51","PASS","PASS","15","15","812","1382.8","UNVERIFIED; total gross mass must be quoted","4","MODERATE"
"Leland","89150","APPLICATION AND DIMENSIONAL APPROVAL REQUIRED","150","4","600","cold","0","7.5","220.02","352.04","387.24","PASS","PASS","15","15","812","1382.8","UNVERIFIED; total gross mass must be quoted","4","MODERATE"
"Leland","89150","APPLICATION AND DIMENSIONAL APPROVAL REQUIRED","150","4","600","cold","0","10","250.10","400.15","440.17","PASS","PASS","15","15","812","1382.8","UNVERIFIED; total gross mass must be quoted","4","MODERATE"
"Leland","89150","APPLICATION AND DIMENSIONAL APPROVAL REQUIRED","150","4","600","cold","0","15","310.58","496.92","546.61","PASS","PASS","15","15","812","1382.8","UNVERIFIED; total gross mass must be quoted","4","MODERATE"
"Leland","89150","APPLICATION AND DIMENSIONAL APPROVAL REQUIRED","150","5","750","warm","25","0","119.31","142.65","156.92","PASS","PASS","15","15","1015","1728.5","UNVERIFIED; total gross mass must be quoted","5","MODERATE"
"Leland","89150","APPLICATION AND DIMENSIONAL APPROVAL REQUIRED","150","5","750","warm","25","3","151.88","181.60","199.76","PASS","PASS","15","15","1015","1728.5","UNVERIFIED; total gross mass must be quoted","5","MODERATE"
"Leland","89150","APPLICATION AND DIMENSIONAL APPROVAL REQUIRED","150","5","750","warm","25","5","173.66","207.63","228.40","PASS","PASS","15","15","1015","1728.5","UNVERIFIED; total gross mass must be quoted","5","MODERATE"
"Leland","89150","APPLICATION AND DIMENSIONAL APPROVAL REQUIRED","150","5","750","warm","25","7.5","200.95","240.26","264.29","PASS","PASS","15","15","1015","1728.5","UNVERIFIED; total gross mass must be quoted","5","MODERATE"
"Leland","89150","APPLICATION AND DIMENSIONAL APPROVAL REQUIRED","150","5","750","warm","25","10","228.31","272.98","300.28","PASS","PASS","15","15","1015","1728.5","UNVERIFIED; total gross mass must be quoted","5","MODERATE"
"Leland","89150","APPLICATION AND DIMENSIONAL APPROVAL REQUIRED","150","5","750","warm","25","15","283.28","338.70","372.57","PASS","PASS","15","15","1015","1728.5","UNVERIFIED; total gross mass must be quoted","5","MODERATE"
"Leland","89150","APPLICATION AND DIMENSIONAL APPROVAL REQUIRED","150","5","750","nominal","15","0","123.53","167.13","183.85","PASS","PASS","15","15","1015","1728.5","UNVERIFIED; total gross mass must be quoted","5","MODERATE"
"Leland","89150","APPLICATION AND DIMENSIONAL APPROVAL REQUIRED","150","5","750","nominal","15","3","157.29","212.80","234.08","PASS","PASS","15","15","1015","1728.5","UNVERIFIED; total gross mass must be quoted","5","MODERATE"
"Leland","89150","APPLICATION AND DIMENSIONAL APPROVAL REQUIRED","150","5","750","nominal","15","5","179.86","243.34","267.67","PASS","PASS","15","15","1015","1728.5","UNVERIFIED; total gross mass must be quoted","5","MODERATE"
"Leland","89150","APPLICATION AND DIMENSIONAL APPROVAL REQUIRED","150","5","750","nominal","15","7.5","208.16","281.62","309.78","PASS","PASS","15","15","1015","1728.5","UNVERIFIED; total gross mass must be quoted","5","MODERATE"
"Leland","89150","APPLICATION AND DIMENSIONAL APPROVAL REQUIRED","150","5","750","nominal","15","10","236.54","320.02","352.03","PASS","PASS","15","15","1015","1728.5","UNVERIFIED; total gross mass must be quoted","5","MODERATE"
"Leland","89150","APPLICATION AND DIMENSIONAL APPROVAL REQUIRED","150","5","750","nominal","15","15","293.58","397.19","436.91","PASS","PASS","15","15","1015","1728.5","UNVERIFIED; total gross mass must be quoted","5","MODERATE"
"Leland","89150","APPLICATION AND DIMENSIONAL APPROVAL REQUIRED","150","5","750","cold","0","0","130.47","208.75","229.63","PASS","PASS","15","15","1015","1728.5","UNVERIFIED; total gross mass must be quoted","5","MODERATE"
"Leland","89150","APPLICATION AND DIMENSIONAL APPROVAL REQUIRED","150","5","750","cold","0","3","166.17","265.88","292.47","PASS","PASS","15","15","1015","1728.5","UNVERIFIED; total gross mass must be quoted","5","MODERATE"
"Leland","89150","APPLICATION AND DIMENSIONAL APPROVAL REQUIRED","150","5","750","cold","0","5","190.06","304.10","334.51","PASS","PASS","15","15","1015","1728.5","UNVERIFIED; total gross mass must be quoted","5","MODERATE"
"Leland","89150","APPLICATION AND DIMENSIONAL APPROVAL REQUIRED","150","5","750","cold","0","7.5","220.02","352.04","387.24","PASS","PASS","15","15","1015","1728.5","UNVERIFIED; total gross mass must be quoted","5","MODERATE"
"Leland","89150","APPLICATION AND DIMENSIONAL APPROVAL REQUIRED","150","5","750","cold","0","10","250.10","400.15","440.17","PASS","PASS","15","15","1015","1728.5","UNVERIFIED; total gross mass must be quoted","5","MODERATE"
"Leland","89150","APPLICATION AND DIMENSIONAL APPROVAL REQUIRED","150","5","750","cold","0","15","310.58","496.92","546.61","PASS","PASS","15","15","1015","1728.5","UNVERIFIED; total gross mass must be quoted","5","MODERATE"
"Leland","89150","APPLICATION AND DIMENSIONAL APPROVAL REQUIRED","150","6","900","warm","25","0","119.31","142.65","156.92","PASS","PASS","15","15","1218","2074.2","UNVERIFIED; total gross mass must be quoted","6","HIGH"
"Leland","89150","APPLICATION AND DIMENSIONAL APPROVAL REQUIRED","150","6","900","warm","25","3","151.88","181.60","199.76","PASS","PASS","15","15","1218","2074.2","UNVERIFIED; total gross mass must be quoted","6","HIGH"
"Leland","89150","APPLICATION AND DIMENSIONAL APPROVAL REQUIRED","150","6","900","warm","25","5","173.66","207.63","228.40","PASS","PASS","15","15","1218","2074.2","UNVERIFIED; total gross mass must be quoted","6","HIGH"
"Leland","89150","APPLICATION AND DIMENSIONAL APPROVAL REQUIRED","150","6","900","warm","25","7.5","200.95","240.26","264.29","PASS","PASS","15","15","1218","2074.2","UNVERIFIED; total gross mass must be quoted","6","HIGH"
"Leland","89150","APPLICATION AND DIMENSIONAL APPROVAL REQUIRED","150","6","900","warm","25","10","228.31","272.98","300.28","PASS","PASS","15","15","1218","2074.2","UNVERIFIED; total gross mass must be quoted","6","HIGH"
"Leland","89150","APPLICATION AND DIMENSIONAL APPROVAL REQUIRED","150","6","900","warm","25","15","283.28","338.70","372.57","PASS","PASS","15","15","1218","2074.2","UNVERIFIED; total gross mass must be quoted","6","HIGH"
"Leland","89150","APPLICATION AND DIMENSIONAL APPROVAL REQUIRED","150","6","900","nominal","15","0","123.53","167.13","183.85","PASS","PASS","15","15","1218","2074.2","UNVERIFIED; total gross mass must be quoted","6","HIGH"
"Leland","89150","APPLICATION AND DIMENSIONAL APPROVAL REQUIRED","150","6","900","nominal","15","3","157.29","212.80","234.08","PASS","PASS","15","15","1218","2074.2","UNVERIFIED; total gross mass must be quoted","6","HIGH"
"Leland","89150","APPLICATION AND DIMENSIONAL APPROVAL REQUIRED","150","6","900","nominal","15","5","179.86","243.34","267.67","PASS","PASS","15","15","1218","2074.2","UNVERIFIED; total gross mass must be quoted","6","HIGH"
"Leland","89150","APPLICATION AND DIMENSIONAL APPROVAL REQUIRED","150","6","900","nominal","15","7.5","208.16","281.62","309.78","PASS","PASS","15","15","1218","2074.2","UNVERIFIED; total gross mass must be quoted","6","HIGH"
"Leland","89150","APPLICATION AND DIMENSIONAL APPROVAL REQUIRED","150","6","900","nominal","15","10","236.54","320.02","352.03","PASS","PASS","15","15","1218","2074.2","UNVERIFIED; total gross mass must be quoted","6","HIGH"
"Leland","89150","APPLICATION AND DIMENSIONAL APPROVAL REQUIRED","150","6","900","nominal","15","15","293.58","397.19","436.91","PASS","PASS","15","15","1218","2074.2","UNVERIFIED; total gross mass must be quoted","6","HIGH"
"Leland","89150","APPLICATION AND DIMENSIONAL APPROVAL REQUIRED","150","6","900","cold","0","0","130.47","208.75","229.63","PASS","PASS","15","15","1218","2074.2","UNVERIFIED; total gross mass must be quoted","6","HIGH"
"Leland","89150","APPLICATION AND DIMENSIONAL APPROVAL REQUIRED","150","6","900","cold","0","3","166.17","265.88","292.47","PASS","PASS","15","15","1218","2074.2","UNVERIFIED; total gross mass must be quoted","6","HIGH"
"Leland","89150","APPLICATION AND DIMENSIONAL APPROVAL REQUIRED","150","6","900","cold","0","5","190.06","304.10","334.51","PASS","PASS","15","15","1218","2074.2","UNVERIFIED; total gross mass must be quoted","6","HIGH"
"Leland","89150","APPLICATION AND DIMENSIONAL APPROVAL REQUIRED","150","6","900","cold","0","7.5","220.02","352.04","387.24","PASS","PASS","15","15","1218","2074.2","UNVERIFIED; total gross mass must be quoted","6","HIGH"
"Leland","89150","APPLICATION AND DIMENSIONAL APPROVAL REQUIRED","150","6","900","cold","0","10","250.10","400.15","440.17","PASS","PASS","15","15","1218","2074.2","UNVERIFIED; total gross mass must be quoted","6","HIGH"
"Leland","89150","APPLICATION AND DIMENSIONAL APPROVAL REQUIRED","150","6","900","cold","0","15","310.58","496.92","546.61","PASS","PASS","15","15","1218","2074.2","UNVERIFIED; total gross mass must be quoted","6","HIGH"
"Leland","89150","APPLICATION AND DIMENSIONAL APPROVAL REQUIRED","150","7","1050","warm","25","0","119.31","142.65","156.92","PASS","PASS","15","15","1421","2419.9","UNVERIFIED; total gross mass must be quoted","7","HIGH"
"Leland","89150","APPLICATION AND DIMENSIONAL APPROVAL REQUIRED","150","7","1050","warm","25","3","151.88","181.60","199.76","PASS","PASS","15","15","1421","2419.9","UNVERIFIED; total gross mass must be quoted","7","HIGH"
"Leland","89150","APPLICATION AND DIMENSIONAL APPROVAL REQUIRED","150","7","1050","warm","25","5","173.66","207.63","228.40","PASS","PASS","15","15","1421","2419.9","UNVERIFIED; total gross mass must be quoted","7","HIGH"
"Leland","89150","APPLICATION AND DIMENSIONAL APPROVAL REQUIRED","150","7","1050","warm","25","7.5","200.95","240.26","264.29","PASS","PASS","15","15","1421","2419.9","UNVERIFIED; total gross mass must be quoted","7","HIGH"
"Leland","89150","APPLICATION AND DIMENSIONAL APPROVAL REQUIRED","150","7","1050","warm","25","10","228.31","272.98","300.28","PASS","PASS","15","15","1421","2419.9","UNVERIFIED; total gross mass must be quoted","7","HIGH"
"Leland","89150","APPLICATION AND DIMENSIONAL APPROVAL REQUIRED","150","7","1050","warm","25","15","283.28","338.70","372.57","PASS","PASS","15","15","1421","2419.9","UNVERIFIED; total gross mass must be quoted","7","HIGH"
"Leland","89150","APPLICATION AND DIMENSIONAL APPROVAL REQUIRED","150","7","1050","nominal","15","0","123.53","167.13","183.85","PASS","PASS","15","15","1421","2419.9","UNVERIFIED; total gross mass must be quoted","7","HIGH"
"Leland","89150","APPLICATION AND DIMENSIONAL APPROVAL REQUIRED","150","7","1050","nominal","15","3","157.29","212.80","234.08","PASS","PASS","15","15","1421","2419.9","UNVERIFIED; total gross mass must be quoted","7","HIGH"
"Leland","89150","APPLICATION AND DIMENSIONAL APPROVAL REQUIRED","150","7","1050","nominal","15","5","179.86","243.34","267.67","PASS","PASS","15","15","1421","2419.9","UNVERIFIED; total gross mass must be quoted","7","HIGH"
"Leland","89150","APPLICATION AND DIMENSIONAL APPROVAL REQUIRED","150","7","1050","nominal","15","7.5","208.16","281.62","309.78","PASS","PASS","15","15","1421","2419.9","UNVERIFIED; total gross mass must be quoted","7","HIGH"
"Leland","89150","APPLICATION AND DIMENSIONAL APPROVAL REQUIRED","150","7","1050","nominal","15","10","236.54","320.02","352.03","PASS","PASS","15","15","1421","2419.9","UNVERIFIED; total gross mass must be quoted","7","HIGH"
"Leland","89150","APPLICATION AND DIMENSIONAL APPROVAL REQUIRED","150","7","1050","nominal","15","15","293.58","397.19","436.91","PASS","PASS","15","15","1421","2419.9","UNVERIFIED; total gross mass must be quoted","7","HIGH"
"Leland","89150","APPLICATION AND DIMENSIONAL APPROVAL REQUIRED","150","7","1050","cold","0","0","130.47","208.75","229.63","PASS","PASS","15","15","1421","2419.9","UNVERIFIED; total gross mass must be quoted","7","HIGH"
"Leland","89150","APPLICATION AND DIMENSIONAL APPROVAL REQUIRED","150","7","1050","cold","0","3","166.17","265.88","292.47","PASS","PASS","15","15","1421","2419.9","UNVERIFIED; total gross mass must be quoted","7","HIGH"
"Leland","89150","APPLICATION AND DIMENSIONAL APPROVAL REQUIRED","150","7","1050","cold","0","5","190.06","304.10","334.51","PASS","PASS","15","15","1421","2419.9","UNVERIFIED; total gross mass must be quoted","7","HIGH"
"Leland","89150","APPLICATION AND DIMENSIONAL APPROVAL REQUIRED","150","7","1050","cold","0","7.5","220.02","352.04","387.24","PASS","PASS","15","15","1421","2419.9","UNVERIFIED; total gross mass must be quoted","7","HIGH"
"Leland","89150","APPLICATION AND DIMENSIONAL APPROVAL REQUIRED","150","7","1050","cold","0","10","250.10","400.15","440.17","PASS","PASS","15","15","1421","2419.9","UNVERIFIED; total gross mass must be quoted","7","HIGH"
"Leland","89150","APPLICATION AND DIMENSIONAL APPROVAL REQUIRED","150","7","1050","cold","0","15","310.58","496.92","546.61","PASS","PASS","15","15","1421","2419.9","UNVERIFIED; total gross mass must be quoted","7","HIGH"
