part_number,part_name,classification,subsystem,included,exclusion_reason,classification_rationale,source_geometry_path,render_png_path,camera_view_note,timestamp,png_sha256,render_status,unrenderable_reason,source_commit_sha,geometry_state,tessellation_tolerance_mm,triangle_count,occurrence_count,occurrence_ids,function_summary,material,manufacturer,cad_classification,volume_mm3,solid_count,face_count
AMSTEEL-BLUE-872-7-64-R2,STRUCTURAL RECOVERY TETHER WITH TWO BURIED EYE SPLICES,MAKE,Load path / recovery attachment,true,,Included: unique modeled functional part definition; inclusion favored when ambiguous.,C:/Users/ANDRE.ANDREWSPC/Documents/Codex/2026-08-23/stingray-i5-s-df8-state-parity/work/r2_source/build_r2.py::build_state(STOWED)/PartCatalog[AMSTEEL-BLUE-872-7-64-R2].shape @ 61a58cbbccd0aae7a747b2a73046142cf1f44511,docs/presentations/stingray_df8_mechanical_breakdown/renders/MAKE_AMSTEEL-BLUE-872-7-64-R2.png,"Orthographic hero view; source axes xyz -> display axes xyz; fixed elev=23.0 deg, azim=-55.0 deg; fixed neutral Lambert lighting.",2026-08-23T12:36:47-05:00,8428de938742a0da734a09dda41f4e0673fa5ea2c1e1091bf797d6312e82fd4b,RENDERED,,61a58cbbccd0aae7a747b2a73046142cf1f44511,STOWED,0.10557935463148087,74962,1,RECOVERY-TETHER-001,Carries or retains the recovery load path between the buoy harness and rigid body hardpoint.,HMPE rope,Samson Rope Technologies raw line / STINGRAY finished splices,DRAWING_DERIVED,559.5777177068609,1,22
DF8-FINAL-BOWDEN-SHEATH-001,COMPLETE TERMINATED BOWDEN SHEATH ASSEMBLY,MAKE,Gas / inflation path,true,,Included: unique modeled functional part definition; inclusion favored when ambiguous.,C:/Users/ANDRE.ANDREWSPC/Documents/Codex/2026-08-23/stingray-i5-s-df8-state-parity/work/r2_source/build_r2.py::build_state(STOWED)/PartCatalog[DF8-FINAL-BOWDEN-SHEATH-001].shape @ 61a58cbbccd0aae7a747b2a73046142cf1f44511,docs/presentations/stingray_df8_mechanical_breakdown/renders/MAKE_DF8-FINAL-BOWDEN-SHEATH-001.png,"Orthographic hero view; source axes xyz -> display axes zyx; fixed elev=23.0 deg, azim=-55.0 deg; fixed neutral Lambert lighting.",2026-08-23T12:36:47-05:00,aa5f21c448799fdfef5389f489c611f8a4925614c4c55e28efefc0fc219100bd,RENDERED,,61a58cbbccd0aae7a747b2a73046142cf1f44511,STOWED,0.35,19818,1,ROUTE-BOWDEN-SHEATH-001,Carries the modeled pressure or mechanical-control path between terminated interfaces.,PTFE liner / 316 stainless spiral-and-overbraid composite / 316 swaged terminal sleeves,STINGRAY controlled route assembly,DRAWING_DERIVED,1766.7248807591698,1,78
DF8-FINAL-BOWDEN-SHEATH-FIXED-SECTOR-GUIDE-LINER,SPLIT PEEK GUIDE LINER FOR BOWDEN SHEATH LONG SPAN,MAKE,Gas / inflation path,true,,Included: unique modeled functional part definition; inclusion favored when ambiguous.,C:/Users/ANDRE.ANDREWSPC/Documents/Codex/2026-08-23/stingray-i5-s-df8-state-parity/work/r2_source/build_r2.py::build_state(STOWED)/PartCatalog[DF8-FINAL-BOWDEN-SHEATH-FIXED-SECTOR-GUIDE-LINER].shape @ 61a58cbbccd0aae7a747b2a73046142cf1f44511,docs/presentations/stingray_df8_mechanical_breakdown/renders/MAKE_DF8-FINAL-BOWDEN-SHEATH-FIXED-SECTOR-GUIDE-LINER.png,"Orthographic hero view; source axes xyz -> display axes zyx; fixed elev=23.0 deg, azim=-55.0 deg; fixed neutral Lambert lighting.",2026-08-23T12:36:47-05:00,b636746ad43430ce60176eda1775d89a8b53dfcb3ddfc523ec6435ba61fbd1f2,RENDERED,,61a58cbbccd0aae7a747b2a73046142cf1f44511,STOWED,0.35,3024,1,ROUTE-LINER-BOWDEN-SHEATH-001,Carries the modeled pressure or mechanical-control path between terminated interfaces.,PEEK,STINGRAY controlled guide-liner drawing,DRAWING_DERIVED,2242.3826936618307,1,12
DF8-FINAL-BOWDEN-SHEATH-RING-GLAND,BOWDEN SHEATH TWO-COLLAR BULKHEAD GLAND,MAKE,Gas / inflation path,true,,Included: unique modeled functional part definition; inclusion favored when ambiguous.,C:/Users/ANDRE.ANDREWSPC/Documents/Codex/2026-08-23/stingray-i5-s-df8-state-parity/work/r2_source/build_r2.py::build_state(STOWED)/PartCatalog[DF8-FINAL-BOWDEN-SHEATH-RING-GLAND].shape @ 61a58cbbccd0aae7a747b2a73046142cf1f44511,docs/presentations/stingray_df8_mechanical_breakdown/renders/MAKE_DF8-FINAL-BOWDEN-SHEATH-RING-GLAND.png,"Orthographic hero view; source axes xyz -> display axes zyx; fixed elev=23.0 deg, azim=-55.0 deg; fixed neutral Lambert lighting.",2026-08-23T12:36:47-05:00,35ea19a2cdc1e8d01e69977d4df644adc3cf472230e356c5f8c2cbd00e419f6c,RENDERED,,61a58cbbccd0aae7a747b2a73046142cf1f44511,STOWED,0.024385241438214224,2016,2,GLAND-BOWDEN-SHEATH-AFT;GLAND-BOWDEN-SHEATH-FWD,Carries the modeled pressure or mechanical-control path between terminated interfaces.,316 stainless steel,STINGRAY controlled micro-fitting drawing,DRAWING_DERIVED,85.5023396423367,1,8
DF8-FINAL-BOWDEN-WIRE-001,COMPLETE TERMINATED BOWDEN WIRE ASSEMBLY,MAKE,Gas / inflation path,true,,Included: unique modeled functional part definition; inclusion favored when ambiguous.,C:/Users/ANDRE.ANDREWSPC/Documents/Codex/2026-08-23/stingray-i5-s-df8-state-parity/work/r2_source/build_r2.py::build_state(STOWED)/PartCatalog[DF8-FINAL-BOWDEN-WIRE-001].shape @ 61a58cbbccd0aae7a747b2a73046142cf1f44511,docs/presentations/stingray_df8_mechanical_breakdown/renders/MAKE_DF8-FINAL-BOWDEN-WIRE-001.png,"Orthographic hero view; source axes xyz -> display axes zyx; fixed elev=23.0 deg, azim=-55.0 deg; fixed neutral Lambert lighting.",2026-08-23T12:36:47-05:00,0c2d57096a68b7bdb611eae9311dcc7be49f7641addbc191efe9ecd80ff9520a,RENDERED,,61a58cbbccd0aae7a747b2a73046142cf1f44511,STOWED,0.35,6370,1,ROUTE-BOWDEN-WIRE-001,Carries the modeled pressure or mechanical-control path between terminated interfaces.,0.60 mm 1x19 cold-worked 316 stainless wire with 316 swaged terminal barrels,STINGRAY controlled route assembly,DRAWING_DERIVED,343.378967568904,1,52
DF8-FINAL-GAS-MAIN-001,COMPLETE TERMINATED GAS MAIN ASSEMBLY,MAKE,Gas / inflation path,true,,Included: unique modeled functional part definition; inclusion favored when ambiguous.,C:/Users/ANDRE.ANDREWSPC/Documents/Codex/2026-08-23/stingray-i5-s-df8-state-parity/work/r2_source/build_r2.py::build_state(STOWED)/PartCatalog[DF8-FINAL-GAS-MAIN-001].shape @ 61a58cbbccd0aae7a747b2a73046142cf1f44511,docs/presentations/stingray_df8_mechanical_breakdown/renders/MAKE_DF8-FINAL-GAS-MAIN-001.png,"Orthographic hero view; source axes xyz -> display axes zxy; fixed elev=23.0 deg, azim=-55.0 deg; fixed neutral Lambert lighting.",2026-08-23T12:36:47-05:00,06255fd48b747a5d9550d2a8d3024b277e45b4c1658aab8788510b8893d0e32f,RENDERED,,61a58cbbccd0aae7a747b2a73046142cf1f44511,STOWED,0.35,10196,1,ROUTE-GAS-MAIN-001,Carries the modeled pressure or mechanical-control path between terminated interfaces.,ASTM A269 TP316L seamless capillary tube; controlled silver-braze termination alloy,STINGRAY controlled route assembly,DRAWING_DERIVED,1690.2808860492232,1,40
DF8-FINAL-GAS-MAIN-FIXED-SECTOR-GUIDE-LINER,SPLIT PEEK GUIDE LINER FOR GAS MAIN LONG SPAN,MAKE,Gas / inflation path,true,,Included: unique modeled functional part definition; inclusion favored when ambiguous.,C:/Users/ANDRE.ANDREWSPC/Documents/Codex/2026-08-23/stingray-i5-s-df8-state-parity/work/r2_source/build_r2.py::build_state(STOWED)/PartCatalog[DF8-FINAL-GAS-MAIN-FIXED-SECTOR-GUIDE-LINER].shape @ 61a58cbbccd0aae7a747b2a73046142cf1f44511,docs/presentations/stingray_df8_mechanical_breakdown/renders/MAKE_DF8-FINAL-GAS-MAIN-FIXED-SECTOR-GUIDE-LINER.png,"Orthographic hero view; source axes xyz -> display axes zyx; fixed elev=23.0 deg, azim=-55.0 deg; fixed neutral Lambert lighting.",2026-08-23T12:36:47-05:00,aaae30cefbf3c3a3d90601fce6024dd95a2fdec4fb2a7268586372aa3b80d588,RENDERED,,61a58cbbccd0aae7a747b2a73046142cf1f44511,STOWED,0.35,3024,1,ROUTE-LINER-GAS-MAIN-001,Carries the modeled pressure or mechanical-control path between terminated interfaces.,PEEK,STINGRAY controlled guide-liner drawing,DRAWING_DERIVED,1309.204011839516,1,12
DF8-FINAL-GAS-MAIN-RING-GLAND,GAS MAIN TWO-COLLAR BULKHEAD GLAND,MAKE,Gas / inflation path,true,,Included: unique modeled functional part definition; inclusion favored when ambiguous.,C:/Users/ANDRE.ANDREWSPC/Documents/Codex/2026-08-23/stingray-i5-s-df8-state-parity/work/r2_source/build_r2.py::build_state(STOWED)/PartCatalog[DF8-FINAL-GAS-MAIN-RING-GLAND].shape @ 61a58cbbccd0aae7a747b2a73046142cf1f44511,docs/presentations/stingray_df8_mechanical_breakdown/renders/MAKE_DF8-FINAL-GAS-MAIN-RING-GLAND.png,"Orthographic hero view; source axes xyz -> display axes zyx; fixed elev=23.0 deg, azim=-55.0 deg; fixed neutral Lambert lighting.",2026-08-23T12:36:47-05:00,ea2596fe1c46497e201c31ee51af40e5a637bb0e22d32e0d54a3b6fdcfa596a9,RENDERED,,61a58cbbccd0aae7a747b2a73046142cf1f44511,STOWED,0.02499439937265947,2016,2,GLAND-GAS-MAIN-AFT;GLAND-GAS-MAIN-FWD,Carries the modeled pressure or mechanical-control path between terminated interfaces.,316 stainless steel,STINGRAY controlled micro-fitting drawing,DRAWING_DERIVED,97.87770142335758,1,8
DF8-FINAL-MANIFOLD-FEED-SPRING-CLIP-001,LASER-WELDED TITANIUM SPRING CLIP FOR MANIFOLD FEED,MAKE,Gas / inflation path,true,,Included: unique modeled functional part definition; inclusion favored when ambiguous.,C:/Users/ANDRE.ANDREWSPC/Documents/Codex/2026-08-23/stingray-i5-s-df8-state-parity/work/r2_source/build_r2.py::build_state(STOWED)/PartCatalog[DF8-FINAL-MANIFOLD-FEED-SPRING-CLIP-001].shape @ 61a58cbbccd0aae7a747b2a73046142cf1f44511,docs/presentations/stingray_df8_mechanical_breakdown/renders/MAKE_DF8-FINAL-MANIFOLD-FEED-SPRING-CLIP-001.png,"Orthographic hero view; source axes xyz -> display axes xyz; fixed elev=23.0 deg, azim=-55.0 deg; fixed neutral Lambert lighting.",2026-08-23T12:36:47-05:00,27a2fc39f8db688d48705ce71d67dd86026be7104bf46d489aac05fbc2df5cf0,RENDERED,,61a58cbbccd0aae7a747b2a73046142cf1f44511,STOWED,0.01626148064310415,940,3,MANIFOLD-FEED-CLAMP-1;MANIFOLD-FEED-CLAMP-2;MANIFOLD-FEED-CLAMP-3,"Collects or distributes flow between the cartridge, valve, and downstream route interfaces.",Ti-6Al-4V spring temper,STINGRAY controlled route-support drawing,DRAWING_DERIVED,34.678939328725775,1,15
DF8-FINAL-MANIFOLD-FULLFLOW-FEED-001,TERMINATED COLLECTION-MANIFOLD TO FULL-FLOW VALVE FEED,MAKE,Gas / inflation path,true,,Included: unique modeled functional part definition; inclusion favored when ambiguous.,C:/Users/ANDRE.ANDREWSPC/Documents/Codex/2026-08-23/stingray-i5-s-df8-state-parity/work/r2_source/build_r2.py::build_state(STOWED)/PartCatalog[DF8-FINAL-MANIFOLD-FULLFLOW-FEED-001].shape @ 61a58cbbccd0aae7a747b2a73046142cf1f44511,docs/presentations/stingray_df8_mechanical_breakdown/renders/MAKE_DF8-FINAL-MANIFOLD-FULLFLOW-FEED-001.png,"Orthographic hero view; source axes xyz -> display axes zxy; fixed elev=23.0 deg, azim=-55.0 deg; fixed neutral Lambert lighting.",2026-08-23T12:36:47-05:00,15464d6c50f4faffc3668e6c2505fa169c5a8396fe356c67189e251a529562dc,RENDERED,,61a58cbbccd0aae7a747b2a73046142cf1f44511,STOWED,0.35,11982,1,ROUTE-MANIFOLD-FEED-001,"Collects or distributes flow between the cartridge, valve, and downstream route interfaces.",ASTM A269 TP316L seamless capillary tube,STINGRAY controlled pressure-route drawing,DRAWING_DERIVED,855.5758476669288,1,36
DF8-FINAL-PILOT-LINE-001,COMPLETE TERMINATED PILOT LINE ASSEMBLY,MAKE,Gas / inflation path,true,,Included: unique modeled functional part definition; inclusion favored when ambiguous.,C:/Users/ANDRE.ANDREWSPC/Documents/Codex/2026-08-23/stingray-i5-s-df8-state-parity/work/r2_source/build_r2.py::build_state(STOWED)/PartCatalog[DF8-FINAL-PILOT-LINE-001].shape @ 61a58cbbccd0aae7a747b2a73046142cf1f44511,docs/presentations/stingray_df8_mechanical_breakdown/renders/MAKE_DF8-FINAL-PILOT-LINE-001.png,"Orthographic hero view; source axes xyz -> display axes zyx; fixed elev=23.0 deg, azim=-55.0 deg; fixed neutral Lambert lighting.",2026-08-23T12:36:47-05:00,57a08db114cf5b39dbde4325596c04b574bc7270ab55d871b0963e3acfbda4e8,RENDERED,,61a58cbbccd0aae7a747b2a73046142cf1f44511,STOWED,0.35,12424,1,ROUTE-PILOT-LINE-001,Carries the modeled pressure or mechanical-control path between terminated interfaces.,ASTM A269 TP316L seamless capillary tube; controlled silver-braze termination alloy,STINGRAY controlled route assembly,DRAWING_DERIVED,1061.9767111202632,1,85
DF8-FINAL-PILOT-LINE-FIXED-SECTOR-GUIDE-LINER,SPLIT PEEK GUIDE LINER FOR PILOT LINE LONG SPAN,MAKE,Gas / inflation path,true,,Included: unique modeled functional part definition; inclusion favored when ambiguous.,C:/Users/ANDRE.ANDREWSPC/Documents/Codex/2026-08-23/stingray-i5-s-df8-state-parity/work/r2_source/build_r2.py::build_state(STOWED)/PartCatalog[DF8-FINAL-PILOT-LINE-FIXED-SECTOR-GUIDE-LINER].shape @ 61a58cbbccd0aae7a747b2a73046142cf1f44511,docs/presentations/stingray_df8_mechanical_breakdown/renders/MAKE_DF8-FINAL-PILOT-LINE-FIXED-SECTOR-GUIDE-LINER.png,"Orthographic hero view; source axes xyz -> display axes zyx; fixed elev=23.0 deg, azim=-55.0 deg; fixed neutral Lambert lighting.",2026-08-23T12:36:47-05:00,ebb0c8628b23c7b755fec27ae15c833b01f9469bef55d622f179283d6670795e,RENDERED,,61a58cbbccd0aae7a747b2a73046142cf1f44511,STOWED,0.35,3024,1,ROUTE-LINER-PILOT-LINE-001,Carries the modeled pressure or mechanical-control path between terminated interfaces.,PEEK,STINGRAY controlled guide-liner drawing,DRAWING_DERIVED,2446.515530310461,1,12
DF8-FINAL-PILOT-LINE-RING-GLAND,PILOT LINE TWO-COLLAR BULKHEAD GLAND,MAKE,Gas / inflation path,true,,Included: unique modeled functional part definition; inclusion favored when ambiguous.,C:/Users/ANDRE.ANDREWSPC/Documents/Codex/2026-08-23/stingray-i5-s-df8-state-parity/work/r2_source/build_r2.py::build_state(STOWED)/PartCatalog[DF8-FINAL-PILOT-LINE-RING-GLAND].shape @ 61a58cbbccd0aae7a747b2a73046142cf1f44511,docs/presentations/stingray_df8_mechanical_breakdown/renders/MAKE_DF8-FINAL-PILOT-LINE-RING-GLAND.png,"Orthographic hero view; source axes xyz -> display axes zyx; fixed elev=23.0 deg, azim=-55.0 deg; fixed neutral Lambert lighting.",2026-08-23T12:36:47-05:00,2d36b15a1bfef6f87f947f17972cc2da035a5bb75ca352afdf50c560b7437d18,RENDERED,,61a58cbbccd0aae7a747b2a73046142cf1f44511,STOWED,0.024238811852068987,2016,2,GLAND-PILOT-LINE-AFT;GLAND-PILOT-LINE-FWD,Carries the modeled pressure or mechanical-control path between terminated interfaces.,316 stainless steel,STINGRAY controlled micro-fitting drawing,DRAWING_DERIVED,82.40849919708144,1,8
DF8-FINAL-WP04-EJECTOR-SPRING-001,CONTROLLED LONG-STROKE GUIDED EJECTOR SPRING,MAKE,Body ejection / buoy extraction,true,,Included: unique modeled functional part definition; inclusion favored when ambiguous.,C:/Users/ANDRE.ANDREWSPC/Documents/Codex/2026-08-23/stingray-i5-s-df8-state-parity/work/r2_source/build_r2.py::build_state(STOWED)/PartCatalog[DF8-FINAL-WP04-EJECTOR-SPRING-001].shape @ 61a58cbbccd0aae7a747b2a73046142cf1f44511,docs/presentations/stingray_df8_mechanical_breakdown/renders/MAKE_DF8-FINAL-WP04-EJECTOR-SPRING-001.png,"Orthographic hero view; source axes xyz -> display axes zyx; fixed elev=23.0 deg, azim=-55.0 deg; fixed neutral Lambert lighting.",2026-08-23T12:36:47-05:00,05e5a35a11d7095bbcb41d636f56b0861f63f466e13292d17fff2b77867258fc,RENDERED,,61a58cbbccd0aae7a747b2a73046142cf1f44511,STOWED,0.1810304233311612,253628,1,WP04-EJECTOR-SPRING,Stores the mechanical energy that drives the aft follower and buoy package outward.,"EN 10270-3 1.4310 stainless spring wire, 2.00 mm",STINGRAY controlled spring drawing,DRAWING_DERIVED,3454.3569435004315,1,3
DF8-FINAL-WP04-FULLFLOW-MANIFOLD,WP04 FULL-FLOW TERMINAL MANIFOLD WITH BRAZED GAS PORT,MAKE,Gas / inflation path,true,,Included: unique modeled functional part definition; inclusion favored when ambiguous.,C:/Users/ANDRE.ANDREWSPC/Documents/Codex/2026-08-23/stingray-i5-s-df8-state-parity/work/r2_source/build_r2.py::build_state(STOWED)/PartCatalog[DF8-FINAL-WP04-FULLFLOW-MANIFOLD].shape @ 61a58cbbccd0aae7a747b2a73046142cf1f44511,docs/presentations/stingray_df8_mechanical_breakdown/renders/MAKE_DF8-FINAL-WP04-FULLFLOW-MANIFOLD.png,"Orthographic hero view; source axes xyz -> display axes zyx; fixed elev=23.0 deg, azim=-55.0 deg; fixed neutral Lambert lighting.",2026-08-23T12:36:47-05:00,e4e98d08253bb9d445216c0c112f67ed1f4dd072adfcd416f9c917393eca6eef,RENDERED,,61a58cbbccd0aae7a747b2a73046142cf1f44511,STOWED,0.02355589098293673,1008,1,WP04-FULLFLOW-MANIFOLD,"Collects or distributes flow between the cartridge, valve, and downstream route interfaces.",316 stainless steel,STINGRAY controlled manifold drawing,DRAWING_DERIVED,114.0398133253095,1,4
DF8-FINAL-WP04-MANIFOLD-BRACKET,WP04 FULL-FLOW MANIFOLD RADIAL SUPPORT BRACKET,MAKE,Gas / inflation path,true,,Included: unique modeled functional part definition; inclusion favored when ambiguous.,C:/Users/ANDRE.ANDREWSPC/Documents/Codex/2026-08-23/stingray-i5-s-df8-state-parity/work/r2_source/build_r2.py::build_state(STOWED)/PartCatalog[DF8-FINAL-WP04-MANIFOLD-BRACKET].shape @ 61a58cbbccd0aae7a747b2a73046142cf1f44511,docs/presentations/stingray_df8_mechanical_breakdown/renders/MAKE_DF8-FINAL-WP04-MANIFOLD-BRACKET.png,"Orthographic hero view; source axes xyz -> display axes zxy; fixed elev=23.0 deg, azim=-55.0 deg; fixed neutral Lambert lighting.",2026-08-23T12:36:47-05:00,75d0c1d5b28f77bcb2ddafa78c898c27f772d87b527c290f5428b7f81bf4c5d1,RENDERED,,61a58cbbccd0aae7a747b2a73046142cf1f44511,STOWED,0.01,12,1,WP04-MANIFOLD-BRACKET,"Collects or distributes flow between the cartridge, valve, and downstream route interfaces.",Ti-6Al-4V,STINGRAY custom,DRAWING_DERIVED,4.799999999999997,1,6
DF8-R2-ACTUATOR-E-RING-004,4 MM ACTUATOR PIN RETAINER,MAKE,Arm deployment / activation,true,,Included: unique modeled functional part definition; inclusion favored when ambiguous.,C:/Users/ANDRE.ANDREWSPC/Documents/Codex/2026-08-23/stingray-i5-s-df8-state-parity/work/r2_source/build_r2.py::build_state(STOWED)/PartCatalog[DF8-R2-ACTUATOR-E-RING-004].shape @ 61a58cbbccd0aae7a747b2a73046142cf1f44511,docs/presentations/stingray_df8_mechanical_breakdown/renders/MAKE_DF8-R2-ACTUATOR-E-RING-004.png,"Orthographic hero view; source axes xyz -> display axes zyx; fixed elev=23.0 deg, azim=-55.0 deg; fixed neutral Lambert lighting.",2026-08-23T12:36:47-05:00,26fc5ad6e8649bbf19b0a062131310cc1390d94fa818ac7fa7154c43782c8f23,RENDERED,,61a58cbbccd0aae7a747b2a73046142cf1f44511,STOWED,0.016126442028345685,860,4,GS19-CLIP-FIXED;GS19-CLIP-MOVING;HBD-CLIP-FIXED;HBD-CLIP-MOVING,Provides the modeled 4 mm actuator pin retainer; registered interfaces use external groove retainer.,1.4310 stainless spring steel,STINGRAY custom,DRAWING_DERIVED,5.5356798096071715,1,8
DF8-R2-ACTUATOR-FIXED-YOKE-GS19-001,DOUBLE-SHEAR GS19 ANCHOR YOKE WITH CONFORMAL LONGERON TONGUE,MAKE,Arm deployment / activation,true,,Included: unique modeled functional part definition; inclusion favored when ambiguous.,C:/Users/ANDRE.ANDREWSPC/Documents/Codex/2026-08-23/stingray-i5-s-df8-state-parity/work/r2_source/build_r2.py::build_state(STOWED)/PartCatalog[DF8-R2-ACTUATOR-FIXED-YOKE-GS19-001].shape @ 61a58cbbccd0aae7a747b2a73046142cf1f44511,docs/presentations/stingray_df8_mechanical_breakdown/renders/MAKE_DF8-R2-ACTUATOR-FIXED-YOKE-GS19-001.png,"Orthographic hero view; source axes xyz -> display axes xyz; fixed elev=23.0 deg, azim=-55.0 deg; fixed neutral Lambert lighting.",2026-08-23T12:36:47-05:00,acf12df229ff9ba508512869c45a2aa15f6966a2d24ed7b6b35857845fff01dc,RENDERED,,61a58cbbccd0aae7a747b2a73046142cf1f44511,STOWED,0.04768647607026546,2136,1,GS19-FIXED-YOKE,Maintains the slender body geometry and transfers structural load between body stations.,Ti-6Al-4V,STINGRAY custom,DRAWING_DERIVED,707.346591544634,1,47
DF8-R2-ACTUATOR-FIXED-YOKE-HBD-001,DOUBLE-SHEAR HBD ANCHOR YOKE WITH CONFORMAL LONGERON TONGUE,MAKE,Arm deployment / activation,true,,Included: unique modeled functional part definition; inclusion favored when ambiguous.,C:/Users/ANDRE.ANDREWSPC/Documents/Codex/2026-08-23/stingray-i5-s-df8-state-parity/work/r2_source/build_r2.py::build_state(STOWED)/PartCatalog[DF8-R2-ACTUATOR-FIXED-YOKE-HBD-001].shape @ 61a58cbbccd0aae7a747b2a73046142cf1f44511,docs/presentations/stingray_df8_mechanical_breakdown/renders/MAKE_DF8-R2-ACTUATOR-FIXED-YOKE-HBD-001.png,"Orthographic hero view; source axes xyz -> display axes zyx; fixed elev=23.0 deg, azim=-55.0 deg; fixed neutral Lambert lighting.",2026-08-23T12:36:47-05:00,5a39556ab1e0306d0474b0914ca246c44b00de725a2336b7fd24709927e828c3,RENDERED,,61a58cbbccd0aae7a747b2a73046142cf1f44511,STOWED,0.04636809247747852,2136,1,HBD-FIXED-YOKE,Maintains the slender body geometry and transfers structural load between body stations.,Ti-6Al-4V,STINGRAY custom,DRAWING_DERIVED,699.346591544634,1,47
DF8-R2-ACTUATOR-PIN-004,4 MM CAPTIVE ACTUATOR CLEVIS PIN,MAKE,Arm deployment / activation,true,,Included: unique modeled functional part definition; inclusion favored when ambiguous.,C:/Users/ANDRE.ANDREWSPC/Documents/Codex/2026-08-23/stingray-i5-s-df8-state-parity/work/r2_source/build_r2.py::build_state(STOWED)/PartCatalog[DF8-R2-ACTUATOR-PIN-004].shape @ 61a58cbbccd0aae7a747b2a73046142cf1f44511,docs/presentations/stingray_df8_mechanical_breakdown/renders/MAKE_DF8-R2-ACTUATOR-PIN-004.png,"Orthographic hero view; source axes xyz -> display axes yxz; fixed elev=23.0 deg, azim=-55.0 deg; fixed neutral Lambert lighting.",2026-08-23T12:36:47-05:00,5ade581384c0f387745c58102c2c2915f561c7cb6ce79db2cdacfa276d04fd7c,RENDERED,,61a58cbbccd0aae7a747b2a73046142cf1f44511,STOWED,0.029393876913398138,2012,4,GS19-PIN-FIXED;GS19-PIN-MOVING;HBD-PIN-FIXED;HBD-PIN-MOVING,"Provides the modeled 4 mm captive actuator clevis pin; registered interfaces use captive actuator clevis pin, external groove retainer.",17-4PH stainless steel,STINGRAY custom,DRAWING_DERIVED,165.17905123952582,1,9
DF8-R2-AFT-LONGERON-001,AFT PRIMARY LOAD-PATH LONGERON,MAKE,Body structure,true,,Included: unique modeled functional part definition; inclusion favored when ambiguous.,C:/Users/ANDRE.ANDREWSPC/Documents/Codex/2026-08-23/stingray-i5-s-df8-state-parity/work/r2_source/build_r2.py::build_state(STOWED)/PartCatalog[DF8-R2-AFT-LONGERON-001].shape @ 61a58cbbccd0aae7a747b2a73046142cf1f44511,docs/presentations/stingray_df8_mechanical_breakdown/renders/MAKE_DF8-R2-AFT-LONGERON-001.png,"Orthographic hero view; source axes xyz -> display axes zxy; fixed elev=23.0 deg, azim=-55.0 deg; fixed neutral Lambert lighting.",2026-08-23T12:36:47-05:00,bda7576584fde99e9ccf81797c33bc20eb85213a50b4bda9ad5477a289e472eb,RENDERED,,61a58cbbccd0aae7a747b2a73046142cf1f44511,STOWED,0.35,52,3,AFT-LONGERON-1;AFT-LONGERON-2;AFT-LONGERON-3,Maintains the slender body geometry and transfers structural load between body stations.,Ti-6Al-4V,STINGRAY custom,DRAWING_DERIVED,1718.7468053823177,1,8
DF8-R2-AFT-ROUTE-RING-001,AFT STRUCTURAL RING WITH CONTROLLED ROUTE PASSAGES,MAKE,Body structure,true,,Included: unique modeled functional part definition; inclusion favored when ambiguous.,C:/Users/ANDRE.ANDREWSPC/Documents/Codex/2026-08-23/stingray-i5-s-df8-state-parity/work/r2_source/build_r2.py::build_state(STOWED)/PartCatalog[DF8-R2-AFT-ROUTE-RING-001].shape @ 61a58cbbccd0aae7a747b2a73046142cf1f44511,docs/presentations/stingray_df8_mechanical_breakdown/renders/MAKE_DF8-R2-AFT-ROUTE-RING-001.png,"Orthographic hero view; source axes xyz -> display axes xzy; fixed elev=23.0 deg, azim=-55.0 deg; fixed neutral Lambert lighting.",2026-08-23T12:36:47-05:00,e5c51529290ab1146f2a52fc0c5baf54cbdd08ead720ade3d45d8b16981764ac,RENDERED,,61a58cbbccd0aae7a747b2a73046142cf1f44511,STOWED,0.1620123452086291,2526,1,AFT-ROUTE-RING-001,Maintains the slender body geometry and transfers structural load between body stations.,Ti-6Al-4V,STINGRAY custom,DRAWING_DERIVED,10497.380524558008,1,9
DF8-R2-AFT-SHELL-001,AFT GRADE-9 SHELL WITH HARDPOINT AND HINGE APERTURES,MAKE,Body structure,true,,Included: unique modeled functional part definition; inclusion favored when ambiguous.,C:/Users/ANDRE.ANDREWSPC/Documents/Codex/2026-08-23/stingray-i5-s-df8-state-parity/work/r2_source/build_r2.py::build_state(STOWED)/PartCatalog[DF8-R2-AFT-SHELL-001].shape @ 61a58cbbccd0aae7a747b2a73046142cf1f44511,docs/presentations/stingray_df8_mechanical_breakdown/renders/MAKE_DF8-R2-AFT-SHELL-001.png,"Orthographic hero view; source axes xyz -> display axes zyx; fixed elev=23.0 deg, azim=-55.0 deg; fixed neutral Lambert lighting.",2026-08-23T12:36:47-05:00,98b323b7abaf1622864a583a39adfe4fb751dcbb710a9d1827aa8ea04aa04c93,RENDERED,,61a58cbbccd0aae7a747b2a73046142cf1f44511,STOWED,0.35,9030,1,AFT-SHELL-001,Closes the body envelope while carrying the modeled apertures and local interfaces.,Ti-3Al-2.5V Grade 9,STINGRAY custom,DRAWING_DERIVED,55472.00956544197,1,53
DF8-R2-ARM-BLADE-001,733.806 MM SMOOTH ANALYTIC HOLLOW OML ARM WITH SWEPT STOP-HARDWARE RELIEFS,MAKE,Arm deployment / activation,true,,Included: unique modeled functional part definition; inclusion favored when ambiguous.,C:/Users/ANDRE.ANDREWSPC/Documents/Codex/2026-08-23/stingray-i5-s-df8-state-parity/work/r2_source/build_r2.py::build_state(STOWED)/PartCatalog[DF8-R2-ARM-BLADE-001].shape @ 61a58cbbccd0aae7a747b2a73046142cf1f44511,docs/presentations/stingray_df8_mechanical_breakdown/renders/MAKE_DF8-R2-ARM-BLADE-001.png,"Orthographic hero view; source axes xyz -> display axes zyx; fixed elev=23.0 deg, azim=-55.0 deg; fixed neutral Lambert lighting.",2026-08-23T12:36:47-05:00,187e43f83d408ad08244c6f74cf36710c63d7e4c50386802f16428e41b8cb31a,RENDERED,,61a58cbbccd0aae7a747b2a73046142cf1f44511,STOWED,0.35,10228,3,ARM-1;ARM-2;ARM-3,Provides the 733.806 mm deployment member and its controlled root/stop interfaces.,Ti-6Al-4V,STINGRAY custom,DRAWING_DERIVED,26301.860562267142,1,199
DF8-R2-ARM-STOP-PAD-001,REPLACEABLE ARM STOP AND AUTOMATIC-LOCK STRIKE,MAKE,Arm deployment / activation,true,,Included: unique modeled functional part definition; inclusion favored when ambiguous.,C:/Users/ANDRE.ANDREWSPC/Documents/Codex/2026-08-23/stingray-i5-s-df8-state-parity/work/r2_source/build_r2.py::build_state(STOWED)/PartCatalog[DF8-R2-ARM-STOP-PAD-001].shape @ 61a58cbbccd0aae7a747b2a73046142cf1f44511,docs/presentations/stingray_df8_mechanical_breakdown/renders/MAKE_DF8-R2-ARM-STOP-PAD-001.png,"Orthographic hero view; source axes xyz -> display axes xzy; fixed elev=23.0 deg, azim=-55.0 deg; fixed neutral Lambert lighting.",2026-08-23T12:36:47-05:00,7d8d8786987a5247445662f60f84b47aa287ea292c07b03bf333d70773118dbc,RENDERED,,61a58cbbccd0aae7a747b2a73046142cf1f44511,STOWED,0.026617287615382602,1932,3,ARM-STOP-PAD-1;ARM-STOP-PAD-2;ARM-STOP-PAD-3,Defines the mechanical deployment limit and receives the positive lock interface.,17-4PH stainless steel,STINGRAY custom,DRAWING_DERIVED,151.9246858269315,1,22
DF8-R2-AUTO-LOCK-BUSHING-001,PRESS-FIT LOCK GUIDE OUTER RETAINER BUSHING,MAKE,Arm deployment / activation,true,,Included: unique modeled functional part definition; inclusion favored when ambiguous.,C:/Users/ANDRE.ANDREWSPC/Documents/Codex/2026-08-23/stingray-i5-s-df8-state-parity/work/r2_source/build_r2.py::build_state(STOWED)/PartCatalog[DF8-R2-AUTO-LOCK-BUSHING-001].shape @ 61a58cbbccd0aae7a747b2a73046142cf1f44511,docs/presentations/stingray_df8_mechanical_breakdown/renders/MAKE_DF8-R2-AUTO-LOCK-BUSHING-001.png,"Orthographic hero view; source axes xyz -> display axes zyx; fixed elev=23.0 deg, azim=-55.0 deg; fixed neutral Lambert lighting.",2026-08-23T12:36:47-05:00,6edecf996dc316d9c42906d2d0d166ff286bfb1e40dc9b8b77c62d9b0f2ec92a,RENDERED,,61a58cbbccd0aae7a747b2a73046142cf1f44511,STOWED,0.01,908,3,LOCK-BUSHING-1;LOCK-BUSHING-2;LOCK-BUSHING-3,Engages the deployed stop system to retain an arm independently after deployment.,PEEK,STINGRAY custom,DRAWING_DERIVED,0.23443395315417684,1,8
DF8-R2-AUTO-LOCK-DOG-001,SPRING-DRIVEN POSITIVE DEPLOYED LOCK DOG,MAKE,Arm deployment / activation,true,,Included: unique modeled functional part definition; inclusion favored when ambiguous.,C:/Users/ANDRE.ANDREWSPC/Documents/Codex/2026-08-23/stingray-i5-s-df8-state-parity/work/r2_source/build_r2.py::build_state(STOWED)/PartCatalog[DF8-R2-AUTO-LOCK-DOG-001].shape @ 61a58cbbccd0aae7a747b2a73046142cf1f44511,docs/presentations/stingray_df8_mechanical_breakdown/renders/MAKE_DF8-R2-AUTO-LOCK-DOG-001.png,"Orthographic hero view; source axes xyz -> display axes zyx; fixed elev=23.0 deg, azim=-55.0 deg; fixed neutral Lambert lighting.",2026-08-23T12:36:47-05:00,16bbd61ad95b0ce1541c227aaa951b67ba5ca86f0623f1589d33b7ab6f7b227c,RENDERED,,61a58cbbccd0aae7a747b2a73046142cf1f44511,STOWED,0.01,1004,3,LOCK-DOG-1;LOCK-DOG-2;LOCK-DOG-3,Engages the deployed stop system to retain an arm independently after deployment.,17-4PH stainless steel,STINGRAY custom,DRAWING_DERIVED,1.0850275627335748,1,5
DF8-R2-AUTO-LOCK-SPRING-001,CAPTIVE LONG-STROKE AUTOMATIC-LOCK COMPRESSION SPRING,MAKE,Arm deployment / activation,true,,Included: unique modeled functional part definition; inclusion favored when ambiguous.,C:/Users/ANDRE.ANDREWSPC/Documents/Codex/2026-08-23/stingray-i5-s-df8-state-parity/work/r2_source/build_r2.py::build_state(STOWED)/PartCatalog[DF8-R2-AUTO-LOCK-SPRING-001].shape @ 61a58cbbccd0aae7a747b2a73046142cf1f44511,docs/presentations/stingray_df8_mechanical_breakdown/renders/MAKE_DF8-R2-AUTO-LOCK-SPRING-001.png,"Orthographic hero view; source axes xyz -> display axes zxy; fixed elev=23.0 deg, azim=-55.0 deg; fixed neutral Lambert lighting.",2026-08-23T12:36:47-05:00,404d8d86660940cf429d58173ad3251f92766239bdf9602a823d8c5056b659bf,RENDERED,,61a58cbbccd0aae7a747b2a73046142cf1f44511,STOWED,0.01,137536,3,LOCK-SPRING-1;LOCK-SPRING-2;LOCK-SPRING-3,Engages the deployed stop system to retain an arm independently after deployment.,1.4310 stainless spring steel,STINGRAY custom,DRAWING_DERIVED,0.3638330274094065,1,3
DF8-R2-BACKUP-ACCESS-FIXED-SECTOR-003,FIXED SECTOR 3 WITH TWO RADIAL M3 BACKUP-GUIDE HEAD POCKETS,MAKE,Arm deployment / activation,true,,Included: unique modeled functional part definition; inclusion favored when ambiguous.,C:/Users/ANDRE.ANDREWSPC/Documents/Codex/2026-08-23/stingray-i5-s-df8-state-parity/work/r2_source/build_r2.py::build_state(STOWED)/PartCatalog[DF8-R2-BACKUP-ACCESS-FIXED-SECTOR-003].shape @ 61a58cbbccd0aae7a747b2a73046142cf1f44511,docs/presentations/stingray_df8_mechanical_breakdown/renders/MAKE_DF8-R2-BACKUP-ACCESS-FIXED-SECTOR-003.png,"Orthographic hero view; source axes xyz -> display axes zxy; fixed elev=23.0 deg, azim=-55.0 deg; fixed neutral Lambert lighting.",2026-08-23T12:36:47-05:00,56e3cbd1f94ed22a2509e03cf3844e66bffb7b5c4f0f4073909a69c42c5a120e,RENDERED,,61a58cbbccd0aae7a747b2a73046142cf1f44511,STOWED,0.35,3332,1,FIXED-SECTOR-3,Provides the modeled fixed sector 3 with two radial m3 backup-guide head pockets; registered interfaces use captured split liner.,Ti-6Al-4V,STINGRAY custom,DRAWING_DERIVED,76687.53789130793,1,38
DF8-R2-BACKUP-GUIDE-LONGERON-003,PRIMARY LONGERON 3 WITH TWO RADIAL BACKUP-GUIDE M3 CLEARANCE BORES,MAKE,Arm deployment / activation,true,,Included: unique modeled functional part definition; inclusion favored when ambiguous.,C:/Users/ANDRE.ANDREWSPC/Documents/Codex/2026-08-23/stingray-i5-s-df8-state-parity/work/r2_source/build_r2.py::build_state(STOWED)/PartCatalog[DF8-R2-BACKUP-GUIDE-LONGERON-003].shape @ 61a58cbbccd0aae7a747b2a73046142cf1f44511,docs/presentations/stingray_df8_mechanical_breakdown/renders/MAKE_DF8-R2-BACKUP-GUIDE-LONGERON-003.png,"Orthographic hero view; source axes xyz -> display axes zxy; fixed elev=23.0 deg, azim=-55.0 deg; fixed neutral Lambert lighting.",2026-08-23T12:36:47-05:00,8afd2887ea7aafc4517d7292b0388fa901f1aa968d0fe42c4ed49bae3c85b6ee,RENDERED,,61a58cbbccd0aae7a747b2a73046142cf1f44511,STOWED,0.35,1644,1,ARM-LONGERON-3,Maintains the slender body geometry and transfers structural load between body stations.,Ti-6Al-4V,STINGRAY custom,DRAWING_DERIVED,10997.996970983115,1,10
DF8-R2-BACKUP-SPRING-16N-001,CONTROLLED 16 N/MM GUIDED BACKUP COMPRESSION SPRING,MAKE,Arm deployment / activation,true,,Included: unique modeled functional part definition; inclusion favored when ambiguous.,C:/Users/ANDRE.ANDREWSPC/Documents/Codex/2026-08-23/stingray-i5-s-df8-state-parity/work/r2_source/build_r2.py::build_state(STOWED)/PartCatalog[DF8-R2-BACKUP-SPRING-16N-001].shape @ 61a58cbbccd0aae7a747b2a73046142cf1f44511,docs/presentations/stingray_df8_mechanical_breakdown/renders/MAKE_DF8-R2-BACKUP-SPRING-16N-001.png,"Orthographic hero view; source axes xyz -> display axes zyx; fixed elev=23.0 deg, azim=-55.0 deg; fixed neutral Lambert lighting.",2026-08-23T12:36:47-05:00,35cd2d54ec22e1097d8dafd541a53a42c60db28ea80e66541e60186bac124ebd,RENDERED,,61a58cbbccd0aae7a747b2a73046142cf1f44511,STOWED,0.2934231121326807,305426,1,BACKUP-SPRING-001,Provides the independent mechanical bias path acting on the common crosshead.,1.4310 stainless spring steel,STINGRAY controlled spring specification,DRAWING_DERIVED,6907.1433139746205,1,3
DF8-R2-BACKUP-SPRING-FIXED-SEAT-001,BACKUP SPRING AFT FIXED SEAT WITH LONGERON MOUNTING TONGUE,MAKE,Arm deployment / activation,true,,Included: unique modeled functional part definition; inclusion favored when ambiguous.,C:/Users/ANDRE.ANDREWSPC/Documents/Codex/2026-08-23/stingray-i5-s-df8-state-parity/work/r2_source/build_r2.py::build_state(STOWED)/PartCatalog[DF8-R2-BACKUP-SPRING-FIXED-SEAT-001].shape @ 61a58cbbccd0aae7a747b2a73046142cf1f44511,docs/presentations/stingray_df8_mechanical_breakdown/renders/MAKE_DF8-R2-BACKUP-SPRING-FIXED-SEAT-001.png,"Orthographic hero view; source axes xyz -> display axes xzy; fixed elev=23.0 deg, azim=-55.0 deg; fixed neutral Lambert lighting.",2026-08-23T12:36:47-05:00,85e0ead9a097be0f022ad03b495830c12aa7ef8e8550599e106d06ebd1978282,RENDERED,,61a58cbbccd0aae7a747b2a73046142cf1f44511,STOWED,0.052993962549709374,2664,1,BACKUP-SPRING-FIXED-SEAT,Maintains the slender body geometry and transfers structural load between body stations.,Ti-6Al-4V,STINGRAY custom,DRAWING_DERIVED,949.5448212127816,1,9
DF8-R2-BACKUP-SPRING-GUIDE-001,BACKUP SPRING DLC GUIDE SHAFT WITH TWO FIXED SUPPORT SHOULDERS,MAKE,Arm deployment / activation,true,,Included: unique modeled functional part definition; inclusion favored when ambiguous.,C:/Users/ANDRE.ANDREWSPC/Documents/Codex/2026-08-23/stingray-i5-s-df8-state-parity/work/r2_source/build_r2.py::build_state(STOWED)/PartCatalog[DF8-R2-BACKUP-SPRING-GUIDE-001].shape @ 61a58cbbccd0aae7a747b2a73046142cf1f44511,docs/presentations/stingray_df8_mechanical_breakdown/renders/MAKE_DF8-R2-BACKUP-SPRING-GUIDE-001.png,"Orthographic hero view; source axes xyz -> display axes zyx; fixed elev=23.0 deg, azim=-55.0 deg; fixed neutral Lambert lighting.",2026-08-23T12:36:47-05:00,b99dfef1e01755d8f104c3e3602151f61b7503f0b8dea962889be90927de60af,RENDERED,,61a58cbbccd0aae7a747b2a73046142cf1f44511,STOWED,0.35,3444,1,BACKUP-SPRING-GUIDE,Provides the independent mechanical bias path acting on the common crosshead.,17-4PH stainless steel,STINGRAY custom,DRAWING_DERIVED,3750.833153224008,1,20
DF8-R2-BACKUP-SPRING-MOVING-SEAT-001,BACKUP SPRING CROSSHEAD SEAT WITH PILOTED PERMANENT LAND,MAKE,Arm deployment / activation,true,,Included: unique modeled functional part definition; inclusion favored when ambiguous.,C:/Users/ANDRE.ANDREWSPC/Documents/Codex/2026-08-23/stingray-i5-s-df8-state-parity/work/r2_source/build_r2.py::build_state(STOWED)/PartCatalog[DF8-R2-BACKUP-SPRING-MOVING-SEAT-001].shape @ 61a58cbbccd0aae7a747b2a73046142cf1f44511,docs/presentations/stingray_df8_mechanical_breakdown/renders/MAKE_DF8-R2-BACKUP-SPRING-MOVING-SEAT-001.png,"Orthographic hero view; source axes xyz -> display axes xzy; fixed elev=23.0 deg, azim=-55.0 deg; fixed neutral Lambert lighting.",2026-08-23T12:36:47-05:00,d2e6928f2822acf334c130843fe46a73f3cca573ffb17c5e054c5e423bb6b671,RENDERED,,61a58cbbccd0aae7a747b2a73046142cf1f44511,STOWED,0.0491121166312347,1008,1,BACKUP-SPRING-MOVING-SEAT,Provides the independent mechanical bias path acting on the common crosshead.,17-4PH stainless steel,STINGRAY custom,DRAWING_DERIVED,953.3162907318227,1,4
DF8-R2-BALLAST-001,"FORWARD TUNGSTEN BALLAST, SPINE SOCKET AND TAPERED REAMED HALF BORE",MAKE,Body structure,true,,Included: unique modeled functional part definition; inclusion favored when ambiguous.,C:/Users/ANDRE.ANDREWSPC/Documents/Codex/2026-08-23/stingray-i5-s-df8-state-parity/work/r2_source/build_r2.py::build_state(STOWED)/PartCatalog[DF8-R2-BALLAST-001].shape @ 61a58cbbccd0aae7a747b2a73046142cf1f44511,docs/presentations/stingray_df8_mechanical_breakdown/renders/MAKE_DF8-R2-BALLAST-001.png,"Orthographic hero view; source axes xyz -> display axes zyx; fixed elev=23.0 deg, azim=-55.0 deg; fixed neutral Lambert lighting.",2026-08-23T12:36:47-05:00,ff3fb489ddf9633d3a4e5d6193887f76b3487fa1d378d14fd374d2f319163368,RENDERED,,61a58cbbccd0aae7a747b2a73046142cf1f44511,STOWED,0.35,3274,1,BALLAST-001,Concentrates forward mass and supports the controlled center-of-gravity placement.,Tungsten heavy alloy,STINGRAY custom,DRAWING_DERIVED,287307.507603522,1,14
DF8-R2-BOOSTER-AFT-WELDED-CLOSURE-001,SOLID AFT BOOSTER CLOSURE WITH LOCATING PILOT,MAKE,Gas / inflation path,true,,Included: unique modeled functional part definition; inclusion favored when ambiguous.,C:/Users/ANDRE.ANDREWSPC/Documents/Codex/2026-08-23/stingray-i5-s-df8-state-parity/work/r2_source/build_r2.py::build_state(STOWED)/PartCatalog[DF8-R2-BOOSTER-AFT-WELDED-CLOSURE-001].shape @ 61a58cbbccd0aae7a747b2a73046142cf1f44511,docs/presentations/stingray_df8_mechanical_breakdown/renders/MAKE_DF8-R2-BOOSTER-AFT-WELDED-CLOSURE-001.png,"Orthographic hero view; source axes xyz -> display axes xzy; fixed elev=23.0 deg, azim=-55.0 deg; fixed neutral Lambert lighting.",2026-08-23T12:36:47-05:00,5b8503c9d9feca09a847c21db999a9cfae1974dd730cc7dcf49ad8a38ebe1b05,RENDERED,,61a58cbbccd0aae7a747b2a73046142cf1f44511,STOWED,0.03130367390578939,1004,3,BOOSTER-AFT-CLOSURE-1;BOOSTER-AFT-CLOSURE-2;BOOSTER-AFT-CLOSURE-3,Provides the modeled solid aft booster closure with locating pilot in 3 occurrences.,316 stainless steel,STINGRAY custom,DRAWING_DERIVED,125.75795392319938,1,5
DF8-R2-BOOSTER-BAND-001,CAPTIVE BOOSTER SUPPORT BAND WITH M3 TAB,MAKE,Gas / inflation path,true,,Included: unique modeled functional part definition; inclusion favored when ambiguous.,C:/Users/ANDRE.ANDREWSPC/Documents/Codex/2026-08-23/stingray-i5-s-df8-state-parity/work/r2_source/build_r2.py::build_state(STOWED)/PartCatalog[DF8-R2-BOOSTER-BAND-001].shape @ 61a58cbbccd0aae7a747b2a73046142cf1f44511,docs/presentations/stingray_df8_mechanical_breakdown/renders/MAKE_DF8-R2-BOOSTER-BAND-001.png,"Orthographic hero view; source axes xyz -> display axes xzy; fixed elev=23.0 deg, azim=-55.0 deg; fixed neutral Lambert lighting.",2026-08-23T12:36:47-05:00,30152292dc00369f245123c0188c04aabee6c1e119b3aba6e66b76c3c071feeb,RENDERED,,61a58cbbccd0aae7a747b2a73046142cf1f44511,STOWED,0.048019266966500024,2168,9,BOOSTER-BAND-1-1;BOOSTER-BAND-1-2;BOOSTER-BAND-1-3;BOOSTER-BAND-2-1;BOOSTER-BAND-2-2;BOOSTER-BAND-2-3;BOOSTER-BAND-3-1;BOOSTER-BAND-3-2;BOOSTER-BAND-3-3,"Provides the modeled captive booster support band with m3 tab; registered interfaces use m3 bolted peek clamp, three spaced support bands.",PEEK,STINGRAY custom,DRAWING_DERIVED,238.05406605816108,1,23
DF8-R2-BOOSTER-COLLECTION-LINE-001,SHORT 316L BOOSTER COLLECTION LINE WITH INTEGRAL FERRULE ENDS,MAKE,Gas / inflation path,true,,Included: unique modeled functional part definition; inclusion favored when ambiguous.,C:/Users/ANDRE.ANDREWSPC/Documents/Codex/2026-08-23/stingray-i5-s-df8-state-parity/work/r2_source/build_r2.py::build_state(STOWED)/PartCatalog[DF8-R2-BOOSTER-COLLECTION-LINE-001].shape @ 61a58cbbccd0aae7a747b2a73046142cf1f44511,docs/presentations/stingray_df8_mechanical_breakdown/renders/MAKE_DF8-R2-BOOSTER-COLLECTION-LINE-001.png,"Orthographic hero view; source axes xyz -> display axes zyx; fixed elev=23.0 deg, azim=-55.0 deg; fixed neutral Lambert lighting.",2026-08-23T12:36:47-05:00,d26882d02fbed433104dbf374fb082025cdd38b1576a049ce22e453e0af19433,RENDERED,,61a58cbbccd0aae7a747b2a73046142cf1f44511,STOWED,0.01,3024,3,BOOSTER-COLLECTION-LINE-1;BOOSTER-COLLECTION-LINE-2;BOOSTER-COLLECTION-LINE-3,Carries the modeled pressure or mechanical-control path between terminated interfaces.,316 stainless steel,STINGRAY custom,DRAWING_DERIVED,4.728882341816032,1,12
DF8-R2-BOOSTER-FWD-ADAPTER-CLOSURE-001,PORTED FORWARD BOOSTER CLOSURE WITH WELD LIP AND VALVE ADAPTER,MAKE,Gas / inflation path,true,,Included: unique modeled functional part definition; inclusion favored when ambiguous.,C:/Users/ANDRE.ANDREWSPC/Documents/Codex/2026-08-23/stingray-i5-s-df8-state-parity/work/r2_source/build_r2.py::build_state(STOWED)/PartCatalog[DF8-R2-BOOSTER-FWD-ADAPTER-CLOSURE-001].shape @ 61a58cbbccd0aae7a747b2a73046142cf1f44511,docs/presentations/stingray_df8_mechanical_breakdown/renders/MAKE_DF8-R2-BOOSTER-FWD-ADAPTER-CLOSURE-001.png,"Orthographic hero view; source axes xyz -> display axes xzy; fixed elev=23.0 deg, azim=-55.0 deg; fixed neutral Lambert lighting.",2026-08-23T12:36:47-05:00,f3c1ec19baeb9f82ce79b9f675fcabe1be4c456c6ac7b22aff6847c12a6b22e6,RENDERED,,61a58cbbccd0aae7a747b2a73046142cf1f44511,STOWED,0.0370772167240207,1512,3,BOOSTER-FWD-CLOSURE-1;BOOSTER-FWD-CLOSURE-2;BOOSTER-FWD-CLOSURE-3,Provides the modeled ported forward booster closure with weld lip and valve adapter in 3 occurrences.,316 stainless steel,STINGRAY custom,DRAWING_DERIVED,159.20806170229673,1,6
DF8-R2-BOOSTER-RESERVOIR-001,13 OD X 11 ID X 430 BOOSTER RESERVOIR WITH END BOSSES,MAKE,Gas / inflation path,true,,Included: unique modeled functional part definition; inclusion favored when ambiguous.,C:/Users/ANDRE.ANDREWSPC/Documents/Codex/2026-08-23/stingray-i5-s-df8-state-parity/work/r2_source/build_r2.py::build_state(STOWED)/PartCatalog[DF8-R2-BOOSTER-RESERVOIR-001].shape @ 61a58cbbccd0aae7a747b2a73046142cf1f44511,docs/presentations/stingray_df8_mechanical_breakdown/renders/MAKE_DF8-R2-BOOSTER-RESERVOIR-001.png,"Orthographic hero view; source axes xyz -> display axes zyx; fixed elev=23.0 deg, azim=-55.0 deg; fixed neutral Lambert lighting.",2026-08-23T12:36:47-05:00,5f584a10296f92e15c000c26243584daec7ec535b256d844215cb88c7a163ffb,RENDERED,,61a58cbbccd0aae7a747b2a73046142cf1f44511,STOWED,0.35,3024,3,BOOSTER-1;BOOSTER-2;BOOSTER-3,Provides distributed gas-storage volume along the forward body.,316 stainless steel,STINGRAY custom,DRAWING_DERIVED,17200.219778404113,1,12
DF8-R2-BUOY-GORE-01,60 L BUOY GORE 1 OF 8,MAKE,Body ejection / buoy extraction,true,,Included: unique modeled functional part definition; inclusion favored when ambiguous.,C:/Users/ANDRE.ANDREWSPC/Documents/Codex/2026-08-23/stingray-i5-s-df8-state-parity/work/r2_source/build_r2.py::build_state(DEPLOYED)/PartCatalog[DF8-R2-BUOY-GORE-01].shape @ 61a58cbbccd0aae7a747b2a73046142cf1f44511,docs/presentations/stingray_df8_mechanical_breakdown/renders/MAKE_DF8-R2-BUOY-GORE-01.png,"Orthographic hero view; source axes xyz -> display axes zyx; fixed elev=23.0 deg, azim=-55.0 deg; fixed neutral Lambert lighting.",2026-08-23T12:36:47-05:00,a30dd67a97d65f799481d58d9d8ffe38c0cf7748d18ab45613a4a30e8537987c,RENDERED,,61a58cbbccd0aae7a747b2a73046142cf1f44511,DEPLOYED,0.35,2736,1,BUOY-GORE-01,Forms one source-defined panel of the eight-gore 60 L buoy envelope.,TPU-coated nylon,STINGRAY custom,DRAWING_DERIVED,42140.968382104766,1,11
DF8-R2-BUOY-GORE-02,60 L BUOY GORE 2 OF 8,MAKE,Body ejection / buoy extraction,true,,Included: unique modeled functional part definition; inclusion favored when ambiguous.,C:/Users/ANDRE.ANDREWSPC/Documents/Codex/2026-08-23/stingray-i5-s-df8-state-parity/work/r2_source/build_r2.py::build_state(DEPLOYED)/PartCatalog[DF8-R2-BUOY-GORE-02].shape @ 61a58cbbccd0aae7a747b2a73046142cf1f44511,docs/presentations/stingray_df8_mechanical_breakdown/renders/MAKE_DF8-R2-BUOY-GORE-02.png,"Orthographic hero view; source axes xyz -> display axes zxy; fixed elev=23.0 deg, azim=-55.0 deg; fixed neutral Lambert lighting.",2026-08-23T12:36:47-05:00,5603b0b82eb2980b2136f27d1c0d844eba1d085b58f2fe985613916ac34d7330,RENDERED,,61a58cbbccd0aae7a747b2a73046142cf1f44511,DEPLOYED,0.35,2528,1,BUOY-GORE-02,Forms one source-defined panel of the eight-gore 60 L buoy envelope.,TPU-coated nylon,STINGRAY custom,DRAWING_DERIVED,42139.42470071651,1,4
DF8-R2-BUOY-GORE-03,60 L BUOY GORE 3 OF 8,MAKE,Body ejection / buoy extraction,true,,Included: unique modeled functional part definition; inclusion favored when ambiguous.,C:/Users/ANDRE.ANDREWSPC/Documents/Codex/2026-08-23/stingray-i5-s-df8-state-parity/work/r2_source/build_r2.py::build_state(DEPLOYED)/PartCatalog[DF8-R2-BUOY-GORE-03].shape @ 61a58cbbccd0aae7a747b2a73046142cf1f44511,docs/presentations/stingray_df8_mechanical_breakdown/renders/MAKE_DF8-R2-BUOY-GORE-03.png,"Orthographic hero view; source axes xyz -> display axes zxy; fixed elev=23.0 deg, azim=-55.0 deg; fixed neutral Lambert lighting.",2026-08-23T12:36:47-05:00,069a5df5c5f9be43493a64c93aed685096b38af30188f47ff0b1717632034198,RENDERED,,61a58cbbccd0aae7a747b2a73046142cf1f44511,DEPLOYED,0.35,2528,1,BUOY-GORE-03,Forms one source-defined panel of the eight-gore 60 L buoy envelope.,TPU-coated nylon,STINGRAY custom,DRAWING_DERIVED,42139.42470071651,1,4
DF8-R2-BUOY-GORE-04,60 L BUOY GORE 4 OF 8,MAKE,Body ejection / buoy extraction,true,,Included: unique modeled functional part definition; inclusion favored when ambiguous.,C:/Users/ANDRE.ANDREWSPC/Documents/Codex/2026-08-23/stingray-i5-s-df8-state-parity/work/r2_source/build_r2.py::build_state(DEPLOYED)/PartCatalog[DF8-R2-BUOY-GORE-04].shape @ 61a58cbbccd0aae7a747b2a73046142cf1f44511,docs/presentations/stingray_df8_mechanical_breakdown/renders/MAKE_DF8-R2-BUOY-GORE-04.png,"Orthographic hero view; source axes xyz -> display axes zyx; fixed elev=23.0 deg, azim=-55.0 deg; fixed neutral Lambert lighting.",2026-08-23T12:36:47-05:00,93065306fce5031c99b778e946945eaefe570265212288802bc2c42a55ef5574,RENDERED,,61a58cbbccd0aae7a747b2a73046142cf1f44511,DEPLOYED,0.35,2528,1,BUOY-GORE-04,Forms one source-defined panel of the eight-gore 60 L buoy envelope.,TPU-coated nylon,STINGRAY custom,DRAWING_DERIVED,42139.424700720236,1,4
DF8-R2-BUOY-GORE-05,60 L BUOY GORE 5 OF 8,MAKE,Body ejection / buoy extraction,true,,Included: unique modeled functional part definition; inclusion favored when ambiguous.,C:/Users/ANDRE.ANDREWSPC/Documents/Codex/2026-08-23/stingray-i5-s-df8-state-parity/work/r2_source/build_r2.py::build_state(DEPLOYED)/PartCatalog[DF8-R2-BUOY-GORE-05].shape @ 61a58cbbccd0aae7a747b2a73046142cf1f44511,docs/presentations/stingray_df8_mechanical_breakdown/renders/MAKE_DF8-R2-BUOY-GORE-05.png,"Orthographic hero view; source axes xyz -> display axes zxy; fixed elev=23.0 deg, azim=-55.0 deg; fixed neutral Lambert lighting.",2026-08-23T12:36:47-05:00,e615e66f60382b8e8b568f7230aae5e6665575c80bc5cc2b0735c9785d2d870b,RENDERED,,61a58cbbccd0aae7a747b2a73046142cf1f44511,DEPLOYED,0.35,21648,1,BUOY-GORE-05,Forms one source-defined panel of the eight-gore 60 L buoy envelope.,TPU-coated nylon,STINGRAY custom,DRAWING_DERIVED,42312.637340859816,1,406
DF8-R2-BUOY-GORE-06,60 L BUOY GORE 6 OF 8,MAKE,Body ejection / buoy extraction,true,,Included: unique modeled functional part definition; inclusion favored when ambiguous.,C:/Users/ANDRE.ANDREWSPC/Documents/Codex/2026-08-23/stingray-i5-s-df8-state-parity/work/r2_source/build_r2.py::build_state(DEPLOYED)/PartCatalog[DF8-R2-BUOY-GORE-06].shape @ 61a58cbbccd0aae7a747b2a73046142cf1f44511,docs/presentations/stingray_df8_mechanical_breakdown/renders/MAKE_DF8-R2-BUOY-GORE-06.png,"Orthographic hero view; source axes xyz -> display axes zyx; fixed elev=23.0 deg, azim=-55.0 deg; fixed neutral Lambert lighting.",2026-08-23T12:36:47-05:00,770fcb822cd427df024df7dbc002382f34fdd6993703f364befdfbe4e52c9ddd,RENDERED,,61a58cbbccd0aae7a747b2a73046142cf1f44511,DEPLOYED,0.35,2528,1,BUOY-GORE-06,Forms one source-defined panel of the eight-gore 60 L buoy envelope.,TPU-coated nylon,STINGRAY custom,DRAWING_DERIVED,42139.424700719304,1,4
DF8-R2-BUOY-GORE-07,60 L BUOY GORE 7 OF 8,MAKE,Body ejection / buoy extraction,true,,Included: unique modeled functional part definition; inclusion favored when ambiguous.,C:/Users/ANDRE.ANDREWSPC/Documents/Codex/2026-08-23/stingray-i5-s-df8-state-parity/work/r2_source/build_r2.py::build_state(DEPLOYED)/PartCatalog[DF8-R2-BUOY-GORE-07].shape @ 61a58cbbccd0aae7a747b2a73046142cf1f44511,docs/presentations/stingray_df8_mechanical_breakdown/renders/MAKE_DF8-R2-BUOY-GORE-07.png,"Orthographic hero view; source axes xyz -> display axes zxy; fixed elev=23.0 deg, azim=-55.0 deg; fixed neutral Lambert lighting.",2026-08-23T12:36:47-05:00,100ab1e9f80f4d55b308e676fb50a5617222a96093f9e16569db1e8f9332c73f,RENDERED,,61a58cbbccd0aae7a747b2a73046142cf1f44511,DEPLOYED,0.35,2528,1,BUOY-GORE-07,Forms one source-defined panel of the eight-gore 60 L buoy envelope.,TPU-coated nylon,STINGRAY custom,DRAWING_DERIVED,42139.42470071837,1,4
DF8-R2-BUOY-GORE-08,60 L BUOY GORE 8 OF 8,MAKE,Body ejection / buoy extraction,true,,Included: unique modeled functional part definition; inclusion favored when ambiguous.,C:/Users/ANDRE.ANDREWSPC/Documents/Codex/2026-08-23/stingray-i5-s-df8-state-parity/work/r2_source/build_r2.py::build_state(DEPLOYED)/PartCatalog[DF8-R2-BUOY-GORE-08].shape @ 61a58cbbccd0aae7a747b2a73046142cf1f44511,docs/presentations/stingray_df8_mechanical_breakdown/renders/MAKE_DF8-R2-BUOY-GORE-08.png,"Orthographic hero view; source axes xyz -> display axes zyx; fixed elev=23.0 deg, azim=-55.0 deg; fixed neutral Lambert lighting.",2026-08-23T12:36:47-05:00,6238e356d8a53f6d2a3f3e74e282c925d4376986ab8c728ed0c84bad725c28ec,RENDERED,,61a58cbbccd0aae7a747b2a73046142cf1f44511,DEPLOYED,0.35,2528,1,BUOY-GORE-08,Forms one source-defined panel of the eight-gore 60 L buoy envelope.,TPU-coated nylon,STINGRAY custom,DRAWING_DERIVED,42139.42470071837,1,4
DF8-R2-CARTRIDGE-CARRIER-001,FOUR-CARTRIDGE DOUBLE-PLATE CARRIER,MAKE,Gas / inflation path,true,,Included: unique modeled functional part definition; inclusion favored when ambiguous.,C:/Users/ANDRE.ANDREWSPC/Documents/Codex/2026-08-23/stingray-i5-s-df8-state-parity/work/r2_source/build_r2.py::build_state(STOWED)/PartCatalog[DF8-R2-CARTRIDGE-CARRIER-001].shape @ 61a58cbbccd0aae7a747b2a73046142cf1f44511,docs/presentations/stingray_df8_mechanical_breakdown/renders/MAKE_DF8-R2-CARTRIDGE-CARRIER-001.png,"Orthographic hero view; source axes xyz -> display axes xzy; fixed elev=23.0 deg, azim=-55.0 deg; fixed neutral Lambert lighting.",2026-08-23T12:36:47-05:00,2bc390d2ce13ee7b7d7407cc98fbb6542ca43581c09db73e62e9eff03ceb1bed,RENDERED,,61a58cbbccd0aae7a747b2a73046142cf1f44511,STOWED,0.11624112928611487,5942,2,CARTRIDGE-CARRIER-AFT;CARTRIDGE-CARRIER-FWD,"Provides the modeled four-cartridge double-plate carrier; registered interfaces use bolted trigger carrier, exact supported direct interface.",7075-T6 aluminum,STINGRAY custom,DRAWING_DERIVED,930.5586464795159,5,43
DF8-R2-COLLECTION-MANIFOLD-001,FOUR-PORT COLLECTION MANIFOLD WITH BORED PASSAGES,MAKE,Gas / inflation path,true,,Included: unique modeled functional part definition; inclusion favored when ambiguous.,C:/Users/ANDRE.ANDREWSPC/Documents/Codex/2026-08-23/stingray-i5-s-df8-state-parity/work/r2_source/build_r2.py::build_state(STOWED)/PartCatalog[DF8-R2-COLLECTION-MANIFOLD-001].shape @ 61a58cbbccd0aae7a747b2a73046142cf1f44511,docs/presentations/stingray_df8_mechanical_breakdown/renders/MAKE_DF8-R2-COLLECTION-MANIFOLD-001.png,"Orthographic hero view; source axes xyz -> display axes xzy; fixed elev=23.0 deg, azim=-55.0 deg; fixed neutral Lambert lighting.",2026-08-23T12:36:47-05:00,7a8d7cd5c0921923876c3b4040ea5c87b7b739425f0a6c85075bc5a8b5fe0c43,RENDERED,,61a58cbbccd0aae7a747b2a73046142cf1f44511,STOWED,0.11489125293076058,10612,1,COLLECTION-MANIFOLD-001,"Collects or distributes flow between the cartridge, valve, and downstream route interfaces.",316 stainless steel,STINGRAY custom,DRAWING_DERIVED,10096.63896566609,1,31
DF8-R2-CROSSHEAD-001,ONE-PIECE SIX-CLEVIS GUIDED COMMON CROSSHEAD,MAKE,Arm deployment / activation,true,,Included: unique modeled functional part definition; inclusion favored when ambiguous.,C:/Users/ANDRE.ANDREWSPC/Documents/Codex/2026-08-23/stingray-i5-s-df8-state-parity/work/r2_source/build_r2.py::build_state(STOWED)/PartCatalog[DF8-R2-CROSSHEAD-001].shape @ 61a58cbbccd0aae7a747b2a73046142cf1f44511,docs/presentations/stingray_df8_mechanical_breakdown/renders/MAKE_DF8-R2-CROSSHEAD-001.png,"Orthographic hero view; source axes xyz -> display axes yzx; fixed elev=23.0 deg, azim=-55.0 deg; fixed neutral Lambert lighting.",2026-08-23T12:36:47-05:00,8062a092ddea0ebe9a3c3c62d48a58c0893d6b26a4875bacd1cdf664400063d5,RENDERED,,61a58cbbccd0aae7a747b2a73046142cf1f44511,STOWED,0.1208161358115559,11380,1,CROSSHEAD-001,"Combines actuator, damper, and spring inputs and drives all three arm-link pairs.",17-4PH stainless steel,STINGRAY custom,DRAWING_DERIVED,1572.6682061609977,5,213
DF8-R2-CROSSHEAD-GUIDE-001,CENTRAL DLC CROSSHEAD GUIDE SHAFT WITH SPIDER SHOULDER,MAKE,Arm deployment / activation,true,,Included: unique modeled functional part definition; inclusion favored when ambiguous.,C:/Users/ANDRE.ANDREWSPC/Documents/Codex/2026-08-23/stingray-i5-s-df8-state-parity/work/r2_source/build_r2.py::build_state(STOWED)/PartCatalog[DF8-R2-CROSSHEAD-GUIDE-001].shape @ 61a58cbbccd0aae7a747b2a73046142cf1f44511,docs/presentations/stingray_df8_mechanical_breakdown/renders/MAKE_DF8-R2-CROSSHEAD-GUIDE-001.png,"Orthographic hero view; source axes xyz -> display axes zyx; fixed elev=23.0 deg, azim=-55.0 deg; fixed neutral Lambert lighting.",2026-08-23T12:36:47-05:00,aa0f3924ecf8cbfef0713e76df0bba439ca88299f1c0b01f3e16043fd076f087,RENDERED,,61a58cbbccd0aae7a747b2a73046142cf1f44511,STOWED,0.09731228082826957,2138,1,CROSSHEAD-GUIDE-001,"Combines actuator, damper, and spring inputs and drives all three arm-link pairs.",17-4PH stainless steel,STINGRAY custom,DRAWING_DERIVED,1488.658255893436,1,9
DF8-R2-CROSSHEAD-GUIDE-SPIDER-001,THREE-SPOKE CROSSHEAD-GUIDE FORWARD MOUNT,MAKE,Arm deployment / activation,true,,Included: unique modeled functional part definition; inclusion favored when ambiguous.,C:/Users/ANDRE.ANDREWSPC/Documents/Codex/2026-08-23/stingray-i5-s-df8-state-parity/work/r2_source/build_r2.py::build_state(STOWED)/PartCatalog[DF8-R2-CROSSHEAD-GUIDE-SPIDER-001].shape @ 61a58cbbccd0aae7a747b2a73046142cf1f44511,docs/presentations/stingray_df8_mechanical_breakdown/renders/MAKE_DF8-R2-CROSSHEAD-GUIDE-SPIDER-001.png,"Orthographic hero view; source axes xyz -> display axes yzx; fixed elev=23.0 deg, azim=-55.0 deg; fixed neutral Lambert lighting.",2026-08-23T12:36:47-05:00,7c971c3b1f0bb656bbc8dc018e8266939c524acb98b85e81f0501a61c817aa03,RENDERED,,61a58cbbccd0aae7a747b2a73046142cf1f44511,STOWED,0.09200898948387952,1084,1,CROSSHEAD-GUIDE-SPIDER,"Combines actuator, damper, and spring inputs and drives all three arm-link pairs.",Ti-6Al-4V,STINGRAY custom,DRAWING_DERIVED,278.53566991131635,1,28
DF8-R2-FIXED-SECTOR-001,ANALYTIC CYLINDRICAL FIXED BODY SECTOR,MAKE,Arm deployment / activation,true,,Included: unique modeled functional part definition; inclusion favored when ambiguous.,C:/Users/ANDRE.ANDREWSPC/Documents/Codex/2026-08-23/stingray-i5-s-df8-state-parity/work/r2_source/build_r2.py::build_state(STOWED)/PartCatalog[DF8-R2-FIXED-SECTOR-001].shape @ 61a58cbbccd0aae7a747b2a73046142cf1f44511,docs/presentations/stingray_df8_mechanical_breakdown/renders/MAKE_DF8-R2-FIXED-SECTOR-001.png,"Orthographic hero view; source axes xyz -> display axes zxy; fixed elev=23.0 deg, azim=-55.0 deg; fixed neutral Lambert lighting.",2026-08-23T12:36:47-05:00,09df36e8ad1ddba70a80f3cb005d3ba13b2b2834ddcaa1eb05fc0ee7b27b0f9b,RENDERED,,61a58cbbccd0aae7a747b2a73046142cf1f44511,STOWED,0.35,2060,2,FIXED-SECTOR-1;FIXED-SECTOR-2,"Provides the modeled analytic cylindrical fixed body sector; registered interfaces use bolted actuator yoke, bolted damper yoke.",Ti-6Al-4V,STINGRAY custom,DRAWING_DERIVED,76852.99600249955,1,34
DF8-R2-FIXED-STOP-001,80 DEGREE SWEPT-CLEARANCE FIXED STOP WITH CONTROLLED AUTOMATIC-LOCK BUSHING SEAT,MAKE,Arm deployment / activation,true,,Included: unique modeled functional part definition; inclusion favored when ambiguous.,C:/Users/ANDRE.ANDREWSPC/Documents/Codex/2026-08-23/stingray-i5-s-df8-state-parity/work/r2_source/build_r2.py::build_state(STOWED)/PartCatalog[DF8-R2-FIXED-STOP-001].shape @ 61a58cbbccd0aae7a747b2a73046142cf1f44511,docs/presentations/stingray_df8_mechanical_breakdown/renders/MAKE_DF8-R2-FIXED-STOP-001.png,"Orthographic hero view; source axes xyz -> display axes yzx; fixed elev=23.0 deg, azim=-55.0 deg; fixed neutral Lambert lighting.",2026-08-23T12:36:47-05:00,2d484521b5932b15f15f4d7ff2a30f90e225243655edfd438e3b01a0d4f4fb24,RENDERED,,61a58cbbccd0aae7a747b2a73046142cf1f44511,STOWED,0.05155385539181333,9260,3,FIXED-STOP-1;FIXED-STOP-2;FIXED-STOP-3,Defines the mechanical deployment limit and receives the positive lock interface.,17-4PH stainless steel,STINGRAY custom,DRAWING_DERIVED,308.85596220031005,1,262
DF8-R2-FULLFLOW-VALVE-001,DIRECT FULL-FLOW VALVE WITH BORED AXIAL AND RADIAL PORTS,MAKE,Gas / inflation path,true,,Included: unique modeled functional part definition; inclusion favored when ambiguous.,C:/Users/ANDRE.ANDREWSPC/Documents/Codex/2026-08-23/stingray-i5-s-df8-state-parity/work/r2_source/build_r2.py::build_state(STOWED)/PartCatalog[DF8-R2-FULLFLOW-VALVE-001].shape @ 61a58cbbccd0aae7a747b2a73046142cf1f44511,docs/presentations/stingray_df8_mechanical_breakdown/renders/MAKE_DF8-R2-FULLFLOW-VALVE-001.png,"Orthographic hero view; source axes xyz -> display axes yzx; fixed elev=23.0 deg, azim=-55.0 deg; fixed neutral Lambert lighting.",2026-08-23T12:36:47-05:00,3e23d4f3278c4038b93a2c423abb77aa9c7c632bcc4fd60bdb96e6b3b200074b,RENDERED,,61a58cbbccd0aae7a747b2a73046142cf1f44511,STOWED,0.10568396231816021,7128,1,FULLFLOW-VALVE-001,Provides the modeled direct full-flow valve with bored axial and radial ports; registered interfaces use guided fullflow spool.,17-4PH stainless steel,STINGRAY custom,DRAWING_DERIVED,2388.8304913454376,4,53
DF8-R2-FWD-LONGERON-001,FORWARD PRIMARY LOAD-PATH LONGERON,MAKE,Body structure,true,,Included: unique modeled functional part definition; inclusion favored when ambiguous.,C:/Users/ANDRE.ANDREWSPC/Documents/Codex/2026-08-23/stingray-i5-s-df8-state-parity/work/r2_source/build_r2.py::build_state(STOWED)/PartCatalog[DF8-R2-FWD-LONGERON-001].shape @ 61a58cbbccd0aae7a747b2a73046142cf1f44511,docs/presentations/stingray_df8_mechanical_breakdown/renders/MAKE_DF8-R2-FWD-LONGERON-001.png,"Orthographic hero view; source axes xyz -> display axes zxy; fixed elev=23.0 deg, azim=-55.0 deg; fixed neutral Lambert lighting.",2026-08-23T12:36:47-05:00,00de5af05aa341fb71b0490b81a5488b354286c0bac506b2f6478d3b29d4d0aa,RENDERED,,61a58cbbccd0aae7a747b2a73046142cf1f44511,STOWED,0.35,52,3,FWD-LONGERON-1;FWD-LONGERON-2;FWD-LONGERON-3,Maintains the slender body geometry and transfers structural load between body stations.,Ti-6Al-4V,STINGRAY custom,DRAWING_DERIVED,3636.5919404661327,1,8
DF8-R2-FWD-SHELL-001,FORWARD GRADE-9 TITANIUM SHELL WITH CONTROLLED WATER PORT,MAKE,Body structure,true,,Included: unique modeled functional part definition; inclusion favored when ambiguous.,C:/Users/ANDRE.ANDREWSPC/Documents/Codex/2026-08-23/stingray-i5-s-df8-state-parity/work/r2_source/build_r2.py::build_state(STOWED)/PartCatalog[DF8-R2-FWD-SHELL-001].shape @ 61a58cbbccd0aae7a747b2a73046142cf1f44511,docs/presentations/stingray_df8_mechanical_breakdown/renders/MAKE_DF8-R2-FWD-SHELL-001.png,"Orthographic hero view; source axes xyz -> display axes zyx; fixed elev=23.0 deg, azim=-55.0 deg; fixed neutral Lambert lighting.",2026-08-23T12:36:47-05:00,23c2bf4237b81addee89705d9ba157efe47c7fbfc3ffeea344309ebc7a51fc1b,RENDERED,,61a58cbbccd0aae7a747b2a73046142cf1f44511,STOWED,0.35,12942,1,FWD-SHELL-001,Closes the body envelope while carrying the modeled apertures and local interfaces.,Ti-3Al-2.5V Grade 9,STINGRAY custom,DRAWING_DERIVED,100417.10070217462,1,168
DF8-R2-HARNESS-BAND-1,X-6292 STRUCTURAL HARNESS CLOSED BAND 1,MAKE,Load path / recovery attachment,true,,Included: unique modeled functional part definition; inclusion favored when ambiguous.,C:/Users/ANDRE.ANDREWSPC/Documents/Codex/2026-08-23/stingray-i5-s-df8-state-parity/work/r2_source/build_r2.py::build_state(DEPLOYED)/PartCatalog[DF8-R2-HARNESS-BAND-1].shape @ 61a58cbbccd0aae7a747b2a73046142cf1f44511,docs/presentations/stingray_df8_mechanical_breakdown/renders/MAKE_DF8-R2-HARNESS-BAND-1.png,"Orthographic hero view; source axes xyz -> display axes xzy; fixed elev=23.0 deg, azim=-55.0 deg; fixed neutral Lambert lighting.",2026-08-23T12:36:47-05:00,582fbac5cc8f5dfe3980e213d2dd94d0e1793c35460122b3e68657705c6b69db,RENDERED,,61a58cbbccd0aae7a747b2a73046142cf1f44511,DEPLOYED,0.35,1008,1,HARNESS-BAND-1,Transfers buoy load into the modeled structural terminal and recovery connection.,UHMWPE webbing,Sturges X-6292 raw webbing / STINGRAY finished assembly,DRAWING_DERIVED,42834.73618575558,1,4
DF8-R2-HARNESS-BAND-2,X-6292 STRUCTURAL HARNESS CLOSED BAND 2,MAKE,Load path / recovery attachment,true,,Included: unique modeled functional part definition; inclusion favored when ambiguous.,C:/Users/ANDRE.ANDREWSPC/Documents/Codex/2026-08-23/stingray-i5-s-df8-state-parity/work/r2_source/build_r2.py::build_state(DEPLOYED)/PartCatalog[DF8-R2-HARNESS-BAND-2].shape @ 61a58cbbccd0aae7a747b2a73046142cf1f44511,docs/presentations/stingray_df8_mechanical_breakdown/renders/MAKE_DF8-R2-HARNESS-BAND-2.png,"Orthographic hero view; source axes xyz -> display axes xzy; fixed elev=23.0 deg, azim=-55.0 deg; fixed neutral Lambert lighting.",2026-08-23T12:36:47-05:00,dd3f307d6f05f15778e5aa9fed86fc8e3041d0b53509317215c9d7015e5056fd,RENDERED,,61a58cbbccd0aae7a747b2a73046142cf1f44511,DEPLOYED,0.35,1160,1,HARNESS-BAND-2,Transfers buoy load into the modeled structural terminal and recovery connection.,UHMWPE webbing,Sturges X-6292 raw webbing / STINGRAY finished assembly,DRAWING_DERIVED,43262.671653934056,1,64
DF8-R2-HARNESS-LEG-XN,X-6292 TERMINAL HARNESS LEG XN,MAKE,Load path / recovery attachment,true,,Included: unique modeled functional part definition; inclusion favored when ambiguous.,C:/Users/ANDRE.ANDREWSPC/Documents/Codex/2026-08-23/stingray-i5-s-df8-state-parity/work/r2_source/build_r2.py::build_state(DEPLOYED)/PartCatalog[DF8-R2-HARNESS-LEG-XN].shape @ 61a58cbbccd0aae7a747b2a73046142cf1f44511,docs/presentations/stingray_df8_mechanical_breakdown/renders/MAKE_DF8-R2-HARNESS-LEG-XN.png,"Orthographic hero view; source axes xyz -> display axes xzy; fixed elev=23.0 deg, azim=-55.0 deg; fixed neutral Lambert lighting.",2026-08-23T12:36:47-05:00,c83b8871b1b515d70bd538dca2664a7d8009bb919940057075c9c48cff4f9688,RENDERED,,61a58cbbccd0aae7a747b2a73046142cf1f44511,DEPLOYED,0.04357042750238105,60,1,HARNESS-LEG-XN,Transfers buoy load into the modeled structural terminal and recovery connection.,UHMWPE webbing,Sturges X-6292 raw webbing / STINGRAY finished assembly,DRAWING_DERIVED,183.11381837591415,1,18
DF8-R2-HARNESS-LEG-XP,X-6292 TERMINAL HARNESS LEG XP,MAKE,Load path / recovery attachment,true,,Included: unique modeled functional part definition; inclusion favored when ambiguous.,C:/Users/ANDRE.ANDREWSPC/Documents/Codex/2026-08-23/stingray-i5-s-df8-state-parity/work/r2_source/build_r2.py::build_state(DEPLOYED)/PartCatalog[DF8-R2-HARNESS-LEG-XP].shape @ 61a58cbbccd0aae7a747b2a73046142cf1f44511,docs/presentations/stingray_df8_mechanical_breakdown/renders/MAKE_DF8-R2-HARNESS-LEG-XP.png,"Orthographic hero view; source axes xyz -> display axes xzy; fixed elev=23.0 deg, azim=-55.0 deg; fixed neutral Lambert lighting.",2026-08-23T12:36:47-05:00,bde9ae519f7cc37dd780ca191888647e7016845ec9893ac56b8fd7980fe19b8c,RENDERED,,61a58cbbccd0aae7a747b2a73046142cf1f44511,DEPLOYED,0.04357042750238105,60,1,HARNESS-LEG-XP,Transfers buoy load into the modeled structural terminal and recovery connection.,UHMWPE webbing,Sturges X-6292 raw webbing / STINGRAY finished assembly,DRAWING_DERIVED,183.11381837591418,1,18
DF8-R2-HARNESS-LEG-YN,X-6292 TERMINAL HARNESS LEG YN,MAKE,Load path / recovery attachment,true,,Included: unique modeled functional part definition; inclusion favored when ambiguous.,C:/Users/ANDRE.ANDREWSPC/Documents/Codex/2026-08-23/stingray-i5-s-df8-state-parity/work/r2_source/build_r2.py::build_state(DEPLOYED)/PartCatalog[DF8-R2-HARNESS-LEG-YN].shape @ 61a58cbbccd0aae7a747b2a73046142cf1f44511,docs/presentations/stingray_df8_mechanical_breakdown/renders/MAKE_DF8-R2-HARNESS-LEG-YN.png,"Orthographic hero view; source axes xyz -> display axes yzx; fixed elev=23.0 deg, azim=-55.0 deg; fixed neutral Lambert lighting.",2026-08-23T12:36:47-05:00,b6304d7f3d6949d70d24881ffcf4f26f586f2d70a4e7fc24c5329498674aedce,RENDERED,,61a58cbbccd0aae7a747b2a73046142cf1f44511,DEPLOYED,0.04289550734801193,44,1,HARNESS-LEG-YN,Transfers buoy load into the modeled structural terminal and recovery connection.,UHMWPE webbing,Sturges X-6292 raw webbing / STINGRAY finished assembly,DRAWING_DERIVED,170.91211015007286,1,14
DF8-R2-HARNESS-LEG-YP,X-6292 TERMINAL HARNESS LEG YP,MAKE,Load path / recovery attachment,true,,Included: unique modeled functional part definition; inclusion favored when ambiguous.,C:/Users/ANDRE.ANDREWSPC/Documents/Codex/2026-08-23/stingray-i5-s-df8-state-parity/work/r2_source/build_r2.py::build_state(DEPLOYED)/PartCatalog[DF8-R2-HARNESS-LEG-YP].shape @ 61a58cbbccd0aae7a747b2a73046142cf1f44511,docs/presentations/stingray_df8_mechanical_breakdown/renders/MAKE_DF8-R2-HARNESS-LEG-YP.png,"Orthographic hero view; source axes xyz -> display axes yzx; fixed elev=23.0 deg, azim=-55.0 deg; fixed neutral Lambert lighting.",2026-08-23T12:36:47-05:00,e410f80bf2e09639f3462ad59979862d552ab46bd2a83c98d75f901dc06b27f4,RENDERED,,61a58cbbccd0aae7a747b2a73046142cf1f44511,DEPLOYED,0.04289550734801193,44,1,HARNESS-LEG-YP,Transfers buoy load into the modeled structural terminal and recovery connection.,UHMWPE webbing,Sturges X-6292 raw webbing / STINGRAY finished assembly,DRAWING_DERIVED,170.91211015007283,1,14
DF8-R2-LINK-PIN-004,4 MM FULL-SPAN LINK PIN WITH DC-4SS RETAINER GROOVE,MAKE,Arm deployment / activation,true,,Included: unique modeled functional part definition; inclusion favored when ambiguous.,C:/Users/ANDRE.ANDREWSPC/Documents/Codex/2026-08-23/stingray-i5-s-df8-state-parity/work/r2_source/build_r2.py::build_state(STOWED)/PartCatalog[DF8-R2-LINK-PIN-004].shape @ 61a58cbbccd0aae7a747b2a73046142cf1f44511,docs/presentations/stingray_df8_mechanical_breakdown/renders/MAKE_DF8-R2-LINK-PIN-004.png,"Orthographic hero view; source axes xyz -> display axes yxz; fixed elev=23.0 deg, azim=-55.0 deg; fixed neutral Lambert lighting.",2026-08-23T12:36:47-05:00,6137a44e5bb6cf7100f6bba5220f3ef2d67608be70829343fe1b6cd1e558ed05,RENDERED,,61a58cbbccd0aae7a747b2a73046142cf1f44511,STOWED,0.032400000000000005,2516,6,LINK-PIN-1-BELL;LINK-PIN-1-CROSSHEAD;LINK-PIN-2-BELL;LINK-PIN-2-CROSSHEAD;LINK-PIN-3-BELL;LINK-PIN-3-CROSSHEAD,"Provides the modeled 4 mm full-span link pin with dc-4ss retainer groove; registered interfaces use captive link clevis pin, external groove retainer.",17-4PH stainless steel,STINGRAY custom,DRAWING_DERIVED,186.23824635396696,1,11
DF8-R2-NOSE-001,TUNGSTEN PENETRATOR NOSE WITH OCCURRENCE-MATCHED TAPERED REAMED HALF BORE,MAKE,Body structure,true,,Included: unique modeled functional part definition; inclusion favored when ambiguous.,C:/Users/ANDRE.ANDREWSPC/Documents/Codex/2026-08-23/stingray-i5-s-df8-state-parity/work/r2_source/build_r2.py::build_state(STOWED)/PartCatalog[DF8-R2-NOSE-001].shape @ 61a58cbbccd0aae7a747b2a73046142cf1f44511,docs/presentations/stingray_df8_mechanical_breakdown/renders/MAKE_DF8-R2-NOSE-001.png,"Orthographic hero view; source axes xyz -> display axes zyx; fixed elev=23.0 deg, azim=-55.0 deg; fixed neutral Lambert lighting.",2026-08-23T12:36:47-05:00,d56f295e74da4dad5d50154f68a6f9c66958ca0e811a60031656b284daba2ae0,RENDERED,,61a58cbbccd0aae7a747b2a73046142cf1f44511,STOWED,0.35,5512,1,NOSE-001,Defines the forward penetrator geometry and closes the forward load path.,Tungsten heavy alloy,STINGRAY custom,DRAWING_DERIVED,130430.3430987191,1,8
DF8-R2-PIVOT-BUSH-008,8 MM PEEK-LINED PIVOT BUSHING,MAKE,Arm deployment / activation,true,,Included: unique modeled functional part definition; inclusion favored when ambiguous.,C:/Users/ANDRE.ANDREWSPC/Documents/Codex/2026-08-23/stingray-i5-s-df8-state-parity/work/r2_source/build_r2.py::build_state(STOWED)/PartCatalog[DF8-R2-PIVOT-BUSH-008].shape @ 61a58cbbccd0aae7a747b2a73046142cf1f44511,docs/presentations/stingray_df8_mechanical_breakdown/renders/MAKE_DF8-R2-PIVOT-BUSH-008.png,"Orthographic hero view; source axes xyz -> display axes zyx; fixed elev=23.0 deg, azim=-55.0 deg; fixed neutral Lambert lighting.",2026-08-23T12:36:47-05:00,1b348c5be72592c0b5f63a3568cfd03a9b814f0b5302cbc7a17a901b0c13d184,RENDERED,,61a58cbbccd0aae7a747b2a73046142cf1f44511,STOWED,0.023814281429428017,1008,6,PIVOT-BUSH-1-1;PIVOT-BUSH-1-2;PIVOT-BUSH-2-1;PIVOT-BUSH-2-2;PIVOT-BUSH-3-1;PIVOT-BUSH-3-2,Supports the arm-root revolute joint and its double-shear retention stack.,PEEK,STINGRAY custom,DRAWING_DERIVED,6.673371114755497,1,4
DF8-R2-PIVOT-CARRIER-001,MATCHED DOUBLE-SHEAR PIVOT LUG SET WITH SWEPT BELL-CLEVIS ACCESS AND OBLIQUE STOP-LAND BORES,MAKE,Arm deployment / activation,true,,Included: unique modeled functional part definition; inclusion favored when ambiguous.,C:/Users/ANDRE.ANDREWSPC/Documents/Codex/2026-08-23/stingray-i5-s-df8-state-parity/work/r2_source/build_r2.py::build_state(STOWED)/PartCatalog[DF8-R2-PIVOT-CARRIER-001].shape @ 61a58cbbccd0aae7a747b2a73046142cf1f44511,docs/presentations/stingray_df8_mechanical_breakdown/renders/MAKE_DF8-R2-PIVOT-CARRIER-001.png,"Orthographic hero view; source axes xyz -> display axes zxy; fixed elev=23.0 deg, azim=-55.0 deg; fixed neutral Lambert lighting.",2026-08-23T12:36:47-05:00,908a57fae5255abec7ff12bb1360b07cb1f5b88779ea8dd8e017e9e3320f736f,RENDERED,,61a58cbbccd0aae7a747b2a73046142cf1f44511,STOWED,0.05844655678480984,3584,3,PIVOT-CARRIER-1;PIVOT-CARRIER-2;PIVOT-CARRIER-3,Supports the arm-root revolute joint and its double-shear retention stack.,Ti-6Al-4V,STINGRAY custom,DRAWING_DERIVED,611.049869912811,2,80
DF8-R2-PIVOT-PIN-008,8 MM CAPTIVE SHOULDER PIVOT PIN WITH EXTERNAL GROOVE,MAKE,Arm deployment / activation,true,,Included: unique modeled functional part definition; inclusion favored when ambiguous.,C:/Users/ANDRE.ANDREWSPC/Documents/Codex/2026-08-23/stingray-i5-s-df8-state-parity/work/r2_source/build_r2.py::build_state(STOWED)/PartCatalog[DF8-R2-PIVOT-PIN-008].shape @ 61a58cbbccd0aae7a747b2a73046142cf1f44511,docs/presentations/stingray_df8_mechanical_breakdown/renders/MAKE_DF8-R2-PIVOT-PIN-008.png,"Orthographic hero view; source axes xyz -> display axes yxz; fixed elev=23.0 deg, azim=-55.0 deg; fixed neutral Lambert lighting.",2026-08-23T12:36:47-05:00,7ce128b8aa9f75c0ee46f6032f4698ca558ee0ca8a7ac4054db257f8f03b0459,RENDERED,,61a58cbbccd0aae7a747b2a73046142cf1f44511,STOWED,0.05055215128953466,2012,3,PIVOT-PIN-1;PIVOT-PIN-2;PIVOT-PIN-3,Supports the arm-root revolute joint and its double-shear retention stack.,17-4PH stainless steel,STINGRAY custom,DRAWING_DERIVED,1118.935164942851,1,9
DF8-R2-PIVOT-SPIRAL-RING-008,8 MM EXTERNAL SPIRAL PIVOT RETAINER,MAKE,Arm deployment / activation,true,,Included: unique modeled functional part definition; inclusion favored when ambiguous.,C:/Users/ANDRE.ANDREWSPC/Documents/Codex/2026-08-23/stingray-i5-s-df8-state-parity/work/r2_source/build_r2.py::build_state(STOWED)/PartCatalog[DF8-R2-PIVOT-SPIRAL-RING-008].shape @ 61a58cbbccd0aae7a747b2a73046142cf1f44511,docs/presentations/stingray_df8_mechanical_breakdown/renders/MAKE_DF8-R2-PIVOT-SPIRAL-RING-008.png,"Orthographic hero view; source axes xyz -> display axes zyx; fixed elev=23.0 deg, azim=-55.0 deg; fixed neutral Lambert lighting.",2026-08-23T12:36:47-05:00,b1ec17f266a8793acb7cf13279887b9c57043f679a4c66f00e0dbab64ac9e9af,RENDERED,,61a58cbbccd0aae7a747b2a73046142cf1f44511,STOWED,0.02701335872392174,848,3,PIVOT-CLIP-1;PIVOT-CLIP-2;PIVOT-CLIP-3,Supports the arm-root revolute joint and its double-shear retention stack.,1.4310 stainless spring steel,STINGRAY custom,DRAWING_DERIVED,12.11929728913127,1,8
DF8-R2-PIVOT-WASHER-008,8 MM PEEK THRUST WASHER,MAKE,Arm deployment / activation,true,,Included: unique modeled functional part definition; inclusion favored when ambiguous.,C:/Users/ANDRE.ANDREWSPC/Documents/Codex/2026-08-23/stingray-i5-s-df8-state-parity/work/r2_source/build_r2.py::build_state(STOWED)/PartCatalog[DF8-R2-PIVOT-WASHER-008].shape @ 61a58cbbccd0aae7a747b2a73046142cf1f44511,docs/presentations/stingray_df8_mechanical_breakdown/renders/MAKE_DF8-R2-PIVOT-WASHER-008.png,"Orthographic hero view; source axes xyz -> display axes zyx; fixed elev=23.0 deg, azim=-55.0 deg; fixed neutral Lambert lighting.",2026-08-23T12:36:47-05:00,62c0342c6949a9f246c17c38e23d4cb53f79abc55280c98b5613e798427743a4,RENDERED,,61a58cbbccd0aae7a747b2a73046142cf1f44511,STOWED,0.033943034631570584,1008,6,PIVOT-WASHER-1-1;PIVOT-WASHER-1-2;PIVOT-WASHER-2-1;PIVOT-WASHER-2-2;PIVOT-WASHER-3-1;PIVOT-WASHER-3-2,Supports the arm-root revolute joint and its double-shear retention stack.,PEEK,STINGRAY custom,DRAWING_DERIVED,10.61842608950082,1,4
DF8-R2-PUNCTURE-HEAD-001,CARTRIDGE PUNCTURE HEAD WITH CONTROLLED NEEDLE,MAKE,Gas / inflation path,true,,Included: unique modeled functional part definition; inclusion favored when ambiguous.,C:/Users/ANDRE.ANDREWSPC/Documents/Codex/2026-08-23/stingray-i5-s-df8-state-parity/work/r2_source/build_r2.py::build_state(STOWED)/PartCatalog[DF8-R2-PUNCTURE-HEAD-001].shape @ 61a58cbbccd0aae7a747b2a73046142cf1f44511,docs/presentations/stingray_df8_mechanical_breakdown/renders/MAKE_DF8-R2-PUNCTURE-HEAD-001.png,"Orthographic hero view; source axes xyz -> display axes xzy; fixed elev=23.0 deg, azim=-55.0 deg; fixed neutral Lambert lighting.",2026-08-23T12:36:47-05:00,188f6b092e25c7fc94eff09336e72786e55685abc9d0b7d856f2f83444ab0ffd,RENDERED,,61a58cbbccd0aae7a747b2a73046142cf1f44511,STOWED,0.03701256554685179,5344,4,PUNCTURE-HEAD-1;PUNCTURE-HEAD-2;PUNCTURE-HEAD-3;PUNCTURE-HEAD-4,Opens the cartridge at activation and passes gas into the collection path.,17-4PH stainless steel,STINGRAY custom,DRAWING_DERIVED,650.945465227976,1,13
DF8-R2-RECOVERY-E-RING-006,6 MM RECOVERY PIN EXTERNAL RETAINER,MAKE,Load path / recovery attachment,true,,Included: unique modeled functional part definition; inclusion favored when ambiguous.,C:/Users/ANDRE.ANDREWSPC/Documents/Codex/2026-08-23/stingray-i5-s-df8-state-parity/work/r2_source/build_r2.py::build_state(STOWED)/PartCatalog[DF8-R2-RECOVERY-E-RING-006].shape @ 61a58cbbccd0aae7a747b2a73046142cf1f44511,docs/presentations/stingray_df8_mechanical_breakdown/renders/MAKE_DF8-R2-RECOVERY-E-RING-006.png,"Orthographic hero view; source axes xyz -> display axes zyx; fixed elev=23.0 deg, azim=-55.0 deg; fixed neutral Lambert lighting.",2026-08-23T12:36:47-05:00,02c115d014c9dc32e815af750f0ff638308fc30bb6a73c8d4c9c11f643c76a5d,RENDERED,,61a58cbbccd0aae7a747b2a73046142cf1f44511,STOWED,0.021573212318537267,852,2,RECOVERY-PIN-CLIP-BODY;RECOVERY-PIN-CLIP-HARNESS,Carries or retains the recovery load path between the buoy harness and rigid body hardpoint.,1.4310 stainless spring steel,STINGRAY custom,DRAWING_DERIVED,8.584663678507441,1,8
DF8-R2-RECOVERY-PIN-006,6 MM CAPTIVE RECOVERY TERMINAL PIN WITH RETAINER GROOVE,MAKE,Load path / recovery attachment,true,,Included: unique modeled functional part definition; inclusion favored when ambiguous.,C:/Users/ANDRE.ANDREWSPC/Documents/Codex/2026-08-23/stingray-i5-s-df8-state-parity/work/r2_source/build_r2.py::build_state(STOWED)/PartCatalog[DF8-R2-RECOVERY-PIN-006].shape @ 61a58cbbccd0aae7a747b2a73046142cf1f44511,docs/presentations/stingray_df8_mechanical_breakdown/renders/MAKE_DF8-R2-RECOVERY-PIN-006.png,"Orthographic hero view; source axes xyz -> display axes yxz; fixed elev=23.0 deg, azim=-55.0 deg; fixed neutral Lambert lighting.",2026-08-23T12:36:47-05:00,a2bdfbbc15a8d306117987bea52a96162df977fa291a708cc90b67df6e43e2bd,RENDERED,,61a58cbbccd0aae7a747b2a73046142cf1f44511,STOWED,0.03567912554982254,2012,2,RECOVERY-PIN-BODY;RECOVERY-PIN-HARNESS,Carries or retains the recovery load path between the buoy harness and rigid body hardpoint.,17-4PH stainless steel,STINGRAY custom,DRAWING_DERIVED,404.4113318103886,1,9
DF8-R2-ROUTED-LONGERON-001,PRIMARY LONGERON WITH TWO JIG-BORED ROUTE CHANNELS,MAKE,Arm deployment / activation,true,,Included: unique modeled functional part definition; inclusion favored when ambiguous.,C:/Users/ANDRE.ANDREWSPC/Documents/Codex/2026-08-23/stingray-i5-s-df8-state-parity/work/r2_source/build_r2.py::build_state(STOWED)/PartCatalog[DF8-R2-ROUTED-LONGERON-001].shape @ 61a58cbbccd0aae7a747b2a73046142cf1f44511,docs/presentations/stingray_df8_mechanical_breakdown/renders/MAKE_DF8-R2-ROUTED-LONGERON-001.png,"Orthographic hero view; source axes xyz -> display axes zxy; fixed elev=23.0 deg, azim=-55.0 deg; fixed neutral Lambert lighting.",2026-08-23T12:36:47-05:00,7aba54df7b077cdc68066203bf1bc1179a26ca7f4aa5465a86f65ab1e42f4638,RENDERED,,61a58cbbccd0aae7a747b2a73046142cf1f44511,STOWED,0.35,100,2,ARM-LONGERON-1;ARM-LONGERON-2,Maintains the slender body geometry and transfers structural load between body stations.,Ti-6Al-4V,STINGRAY custom,DRAWING_DERIVED,11047.09640708313,1,8
DF8-R2-SHORT-LINK-001,19.950 MM CENTER-DISTANCE REAMED SHORT LINK,MAKE,Arm deployment / activation,true,,Included: unique modeled functional part definition; inclusion favored when ambiguous.,C:/Users/ANDRE.ANDREWSPC/Documents/Codex/2026-08-23/stingray-i5-s-df8-state-parity/work/r2_source/build_r2.py::build_state(STOWED)/PartCatalog[DF8-R2-SHORT-LINK-001].shape @ 61a58cbbccd0aae7a747b2a73046142cf1f44511,docs/presentations/stingray_df8_mechanical_breakdown/renders/MAKE_DF8-R2-SHORT-LINK-001.png,"Orthographic hero view; source axes xyz -> display axes xyz; fixed elev=23.0 deg, azim=-55.0 deg; fixed neutral Lambert lighting.",2026-08-23T12:36:47-05:00,8244c016a5fdf8824e4894263c610620017665700164d9b985d141d44173de27,RENDERED,,61a58cbbccd0aae7a747b2a73046142cf1f44511,STOWED,0.05431509918982013,2084,6,LINK-1-1;LINK-1-2;LINK-2-1;LINK-2-2;LINK-3-1;LINK-3-2,Transfers crosshead translation into arm-root rotation through the paired clevis joints.,17-4PH stainless steel,STINGRAY custom,DRAWING_DERIVED,110.80246512557181,1,38
DF8-R2-STOW-DOG-001,CAPTIVE RADIAL STOWED-RETENTION DOG WITH TRANSPORT-INHIBIT BORE,MAKE,Arm deployment / activation,true,,Included: unique modeled functional part definition; inclusion favored when ambiguous.,C:/Users/ANDRE.ANDREWSPC/Documents/Codex/2026-08-23/stingray-i5-s-df8-state-parity/work/r2_source/build_r2.py::build_state(STOWED)/PartCatalog[DF8-R2-STOW-DOG-001].shape @ 61a58cbbccd0aae7a747b2a73046142cf1f44511,docs/presentations/stingray_df8_mechanical_breakdown/renders/MAKE_DF8-R2-STOW-DOG-001.png,"Orthographic hero view; source axes xyz -> display axes zxy; fixed elev=23.0 deg, azim=-55.0 deg; fixed neutral Lambert lighting.",2026-08-23T12:36:47-05:00,1a4127cfec9dde5676d12cecda6b3fc016d4326053fbd83f19e913595887fbc3,RENDERED,,61a58cbbccd0aae7a747b2a73046142cf1f44511,STOWED,0.0162,520,3,STOW-DOG-1;STOW-DOG-2;STOW-DOG-3,Retains the arm in the transport position and releases through the controlled mechanism.,17-4PH stainless steel,STINGRAY custom,DRAWING_DERIVED,90.95977925697657,1,7
DF8-R2-STOW-DOG-GUIDE-001,FULL-STROKE AFT-RING-MOUNTED STOW-DOG U-GUIDE,MAKE,Arm deployment / activation,true,,Included: unique modeled functional part definition; inclusion favored when ambiguous.,C:/Users/ANDRE.ANDREWSPC/Documents/Codex/2026-08-23/stingray-i5-s-df8-state-parity/work/r2_source/build_r2.py::build_state(STOWED)/PartCatalog[DF8-R2-STOW-DOG-GUIDE-001].shape @ 61a58cbbccd0aae7a747b2a73046142cf1f44511,docs/presentations/stingray_df8_mechanical_breakdown/renders/MAKE_DF8-R2-STOW-DOG-GUIDE-001.png,"Orthographic hero view; source axes xyz -> display axes yzx; fixed elev=23.0 deg, azim=-55.0 deg; fixed neutral Lambert lighting.",2026-08-23T12:36:47-05:00,0e09416df042f4075917b823ad8c0ce62dfb027ff148f9622cf1979b83bbc3f8,RENDERED,,61a58cbbccd0aae7a747b2a73046142cf1f44511,STOWED,0.034078270848151876,3652,3,STOW-DOG-GUIDE-1;STOW-DOG-GUIDE-2;STOW-DOG-GUIDE-3,Retains the arm in the transport position and releases through the controlled mechanism.,17-4PH stainless steel,STINGRAY custom,DRAWING_DERIVED,68.47450346109282,1,49
DF8-R2-STOW-DOG-INHIBIT-KEEPER-001,CAPTIVE CRESCENT RETAINER FOR TRANSPORT-INHIBIT PIN,MAKE,Arm deployment / activation,true,,Included: unique modeled functional part definition; inclusion favored when ambiguous.,C:/Users/ANDRE.ANDREWSPC/Documents/Codex/2026-08-23/stingray-i5-s-df8-state-parity/work/r2_source/build_r2.py::build_state(STOWED)/PartCatalog[DF8-R2-STOW-DOG-INHIBIT-KEEPER-001].shape @ 61a58cbbccd0aae7a747b2a73046142cf1f44511,docs/presentations/stingray_df8_mechanical_breakdown/renders/MAKE_DF8-R2-STOW-DOG-INHIBIT-KEEPER-001.png,"Orthographic hero view; source axes xyz -> display axes zyx; fixed elev=23.0 deg, azim=-55.0 deg; fixed neutral Lambert lighting.",2026-08-23T12:36:47-05:00,27717afae100d3a93307dc257c585f30f3a37edf33b87bc53cf1ccb6d3bdc663,RENDERED,,61a58cbbccd0aae7a747b2a73046142cf1f44511,STOWED,0.01,832,3,STOW-DOG-INHIBIT-KEEPER-1;STOW-DOG-INHIBIT-KEEPER-2;STOW-DOG-INHIBIT-KEEPER-3,Retains the arm in the transport position and releases through the controlled mechanism.,1.4310 stainless spring steel,STINGRAY custom,DRAWING_DERIVED,0.5030499526640888,1,10
DF8-R2-STOW-DOG-INHIBIT-PIN-001,WITHDRAWABLE HEADED TRANSPORT-INHIBIT PIN,MAKE,Arm deployment / activation,true,,Included: unique modeled functional part definition; inclusion favored when ambiguous.,C:/Users/ANDRE.ANDREWSPC/Documents/Codex/2026-08-23/stingray-i5-s-df8-state-parity/work/r2_source/build_r2.py::build_state(STOWED)/PartCatalog[DF8-R2-STOW-DOG-INHIBIT-PIN-001].shape @ 61a58cbbccd0aae7a747b2a73046142cf1f44511,docs/presentations/stingray_df8_mechanical_breakdown/renders/MAKE_DF8-R2-STOW-DOG-INHIBIT-PIN-001.png,"Orthographic hero view; source axes xyz -> display axes yxz; fixed elev=23.0 deg, azim=-55.0 deg; fixed neutral Lambert lighting.",2026-08-23T12:36:47-05:00,5ce48d825a57a52f93f1debeca8befe0ed10a362763905573171bd5d69a18eb0,RENDERED,,61a58cbbccd0aae7a747b2a73046142cf1f44511,STOWED,0.013954210834009925,2012,3,STOW-DOG-INHIBIT-PIN-1;STOW-DOG-INHIBIT-PIN-2;STOW-DOG-INHIBIT-PIN-3,Retains the arm in the transport position and releases through the controlled mechanism.,17-4PH stainless steel,STINGRAY custom,DRAWING_DERIVED,7.6564539958800255,1,9
DF8-R2-STOW-DOG-RETURN-SPRING-001,CAPTIVE STOW-DOG RADIAL RETURN SPRING,MAKE,Arm deployment / activation,true,,Included: unique modeled functional part definition; inclusion favored when ambiguous.,C:/Users/ANDRE.ANDREWSPC/Documents/Codex/2026-08-23/stingray-i5-s-df8-state-parity/work/r2_source/build_r2.py::build_state(STOWED)/PartCatalog[DF8-R2-STOW-DOG-RETURN-SPRING-001].shape @ 61a58cbbccd0aae7a747b2a73046142cf1f44511,docs/presentations/stingray_df8_mechanical_breakdown/renders/MAKE_DF8-R2-STOW-DOG-RETURN-SPRING-001.png,"Orthographic hero view; source axes xyz -> display axes zyx; fixed elev=23.0 deg, azim=-55.0 deg; fixed neutral Lambert lighting.",2026-08-23T12:36:47-05:00,0fc4ebe70fd5664d5e1ea0718d93c720354dc0d13a99126847c8f87984943831,RENDERED,,61a58cbbccd0aae7a747b2a73046142cf1f44511,STOWED,0.01,71384,3,STOW-DOG-SPRING-1;STOW-DOG-SPRING-2;STOW-DOG-SPRING-3,Retains the arm in the transport position and releases through the controlled mechanism.,1.4310 stainless spring steel,STINGRAY custom,DRAWING_DERIVED,0.0407121593375711,1,3
DF8-R2-STRUCT-RING-PLAIN-001,PRIMARY STRUCTURAL TRANSITION RING WITH FOUR TAPPED CARRIER LANDS,MAKE,Body structure,true,,Included: unique modeled functional part definition; inclusion favored when ambiguous.,C:/Users/ANDRE.ANDREWSPC/Documents/Codex/2026-08-23/stingray-i5-s-df8-state-parity/work/r2_source/build_r2.py::build_state(STOWED)/PartCatalog[DF8-R2-STRUCT-RING-PLAIN-001].shape @ 61a58cbbccd0aae7a747b2a73046142cf1f44511,docs/presentations/stingray_df8_mechanical_breakdown/renders/MAKE_DF8-R2-STRUCT-RING-PLAIN-001.png,"Orthographic hero view; source axes xyz -> display axes xzy; fixed elev=23.0 deg, azim=-55.0 deg; fixed neutral Lambert lighting.",2026-08-23T12:36:47-05:00,6b8e583de8ebb18b7275c37a9ec135f99067b65e0143a999c16be07ee43e95cc,RENDERED,,61a58cbbccd0aae7a747b2a73046142cf1f44511,STOWED,0.1440099996528019,3116,1,FWD-RING-01,Maintains the slender body geometry and transfers structural load between body stations.,Ti-6Al-4V,STINGRAY custom,DRAWING_DERIVED,7413.272467566528,1,43
DF8-R2-STRUCT-RING-ROUTED-001,"STRUCTURAL RING WITH ROUTE PASSAGES, ARM RELIEFS AND FULLFLOW CIRCLIP REACTION CAGE",MAKE,Body structure,true,,Included: unique modeled functional part definition; inclusion favored when ambiguous.,C:/Users/ANDRE.ANDREWSPC/Documents/Codex/2026-08-23/stingray-i5-s-df8-state-parity/work/r2_source/build_r2.py::build_state(STOWED)/PartCatalog[DF8-R2-STRUCT-RING-ROUTED-001].shape @ 61a58cbbccd0aae7a747b2a73046142cf1f44511,docs/presentations/stingray_df8_mechanical_breakdown/renders/MAKE_DF8-R2-STRUCT-RING-ROUTED-001.png,"Orthographic hero view; source axes xyz -> display axes yzx; fixed elev=23.0 deg, azim=-55.0 deg; fixed neutral Lambert lighting.",2026-08-23T12:36:47-05:00,8737ad8ac441917efa87c08bebe5b4d83e001e4e7db9f46b617016f0df3d5edb,RENDERED,,61a58cbbccd0aae7a747b2a73046142cf1f44511,STOWED,0.15911916353923283,4267,1,FWD-RING-02,Maintains the slender body geometry and transfers structural load between body stations.,Ti-6Al-4V,STINGRAY custom,DRAWING_DERIVED,6590.0616425391245,4,68
DF8-R2-TETHER-THIMBLE-001,AMSTEEL EYE-SPLICE THIMBLE,MAKE,Load path / recovery attachment,true,,Included: unique modeled functional part definition; inclusion favored when ambiguous.,C:/Users/ANDRE.ANDREWSPC/Documents/Codex/2026-08-23/stingray-i5-s-df8-state-parity/work/r2_source/build_r2.py::build_state(STOWED)/PartCatalog[DF8-R2-TETHER-THIMBLE-001].shape @ 61a58cbbccd0aae7a747b2a73046142cf1f44511,docs/presentations/stingray_df8_mechanical_breakdown/renders/MAKE_DF8-R2-TETHER-THIMBLE-001.png,"Orthographic hero view; source axes xyz -> display axes zyx; fixed elev=23.0 deg, azim=-55.0 deg; fixed neutral Lambert lighting.",2026-08-23T12:36:47-05:00,9fae5cb2775303633472bbfa44c313017d4ed2f0c25c53afe235fa1722703c0c,RENDERED,,61a58cbbccd0aae7a747b2a73046142cf1f44511,STOWED,0.0454464182101945,27078,2,TETHER-THIMBLE-BODY;TETHER-THIMBLE-HARNESS,Carries or retains the recovery load path between the buoy harness and rigid body hardpoint.,316 stainless steel,STINGRAY custom,DRAWING_DERIVED,362.089371928723,1,12
DF8-R2-WATER-INLET-001,"RADIAL FLOOD INLET, GLAND AND ANTI-DEBRIS SCREEN",MAKE,Water activation,true,,Included: unique modeled functional part definition; inclusion favored when ambiguous.,C:/Users/ANDRE.ANDREWSPC/Documents/Codex/2026-08-23/stingray-i5-s-df8-state-parity/work/r2_source/build_r2.py::build_state(STOWED)/PartCatalog[DF8-R2-WATER-INLET-001].shape @ 61a58cbbccd0aae7a747b2a73046142cf1f44511,docs/presentations/stingray_df8_mechanical_breakdown/renders/MAKE_DF8-R2-WATER-INLET-001.png,"Orthographic hero view; source axes xyz -> display axes xyz; fixed elev=23.0 deg, azim=-55.0 deg; fixed neutral Lambert lighting.",2026-08-23T12:36:47-05:00,d346c6a4197608aa48926875c900910ee266b11670da455bededcef3dc627e0d,RENDERED,,61a58cbbccd0aae7a747b2a73046142cf1f44511,STOWED,0.052163205422979905,3024,1,WATER-INLET-001,Admits water through the screened body port to the water-sensitive trigger housing.,316 stainless steel,STINGRAY custom,DRAWING_DERIVED,191.0465324501025,3,12
DF8-R2-WATER-TRIGGER-HSG-001,CENTRAL WATER-SENSITIVE TRIGGER HOUSING,MAKE,Water activation,true,,Included: unique modeled functional part definition; inclusion favored when ambiguous.,C:/Users/ANDRE.ANDREWSPC/Documents/Codex/2026-08-23/stingray-i5-s-df8-state-parity/work/r2_source/build_r2.py::build_state(STOWED)/PartCatalog[DF8-R2-WATER-TRIGGER-HSG-001].shape @ 61a58cbbccd0aae7a747b2a73046142cf1f44511,docs/presentations/stingray_df8_mechanical_breakdown/renders/MAKE_DF8-R2-WATER-TRIGGER-HSG-001.png,"Orthographic hero view; source axes xyz -> display axes zyx; fixed elev=23.0 deg, azim=-55.0 deg; fixed neutral Lambert lighting.",2026-08-23T12:36:47-05:00,a0c55312374a806d82a6856ac2378f72d253add3f26bec64303a118a99beea9f,RENDERED,,61a58cbbccd0aae7a747b2a73046142cf1f44511,STOWED,0.1692085629276338,14662,1,WATER-TRIGGER-HSG-001,Houses and locates the water-sensitive trigger components at the controlled inlet.,Acetal,STINGRAY custom,DRAWING_DERIVED,4312.9471671848805,1,120
DF8-WATER-BOBBIN-SERVICE-CAP-001,CAPTIVE WATER-BOBBIN THREADED/BAYONET SERVICE CAP,MAKE,Water activation,true,,Included: unique modeled functional part definition; inclusion favored when ambiguous.,C:/Users/ANDRE.ANDREWSPC/Documents/Codex/2026-08-23/stingray-i5-s-df8-state-parity/work/r2_source/build_r2.py::build_state(STOWED)/PartCatalog[DF8-WATER-BOBBIN-SERVICE-CAP-001].shape @ 61a58cbbccd0aae7a747b2a73046142cf1f44511,docs/presentations/stingray_df8_mechanical_breakdown/renders/MAKE_DF8-WATER-BOBBIN-SERVICE-CAP-001.png,"Orthographic hero view; source axes xyz -> display axes zyx; fixed elev=23.0 deg, azim=-55.0 deg; fixed neutral Lambert lighting.",2026-08-23T12:36:47-05:00,f1e12c795294475ab280a087362115991672f04cba83ca4c545ad6ab2834868b,RENDERED,,61a58cbbccd0aae7a747b2a73046142cf1f44511,STOWED,0.05867819015613893,1952,1,WATER-BOBBIN-SERVICE-CAP-001,Provides the source-controlled water-sensitive element in the activation chain.,316 stainless steel,STINGRAY custom,DRAWING_DERIVED,604.0538505681156,1,32
GN-615.3-M3-KN-PFB,JW WINCO M3 STAINLESS BALL PLUNGER,BUY,Body ejection / buoy extraction,true,,Included: unique modeled functional part definition; inclusion favored when ambiguous.,C:/Users/ANDRE.ANDREWSPC/Documents/Codex/2026-08-23/stingray-i5-s-df8-state-parity/work/r2_source/build_r2.py::build_state(STOWED)/PartCatalog[GN-615.3-M3-KN-PFB].shape @ 61a58cbbccd0aae7a747b2a73046142cf1f44511,docs/presentations/stingray_df8_mechanical_breakdown/renders/BUY_GN-615.3-M3-KN-PFB.png,"Orthographic hero view; source axes xyz -> display axes xyz; fixed elev=23.0 deg, azim=-55.0 deg; fixed neutral Lambert lighting.",2026-08-23T12:36:47-05:00,d08b1195c8346a22e2915be97f24fe99577021180daafd639c2056fd9e7dbfcc,RENDERED,,61a58cbbccd0aae7a747b2a73046142cf1f44511,STOWED,0.021412977373546166,3453,4,DOOR-DETENT-1;DOOR-DETENT-2;DOOR-DETENT-3;DOOR-DETENT-4,Provides the modeled jw winco m3 stainless ball plunger; registered interfaces use threaded door detent.,AISI 303 housing / hardened AISI 420C ball / AISI 631 spring / PFB polyamide patch,JW Winco / Ganter,DRAWING_DERIVED,61.12525039706924,1,5
GS-19-50-V4A-B8-B8,ACE GS-19-50-V4A-B8-B8 PURCHASED ASSEMBLY — ARTICULATED INSTALLATION BODY,BUY,Arm deployment / activation,true,,Included: unique modeled functional part definition; inclusion favored when ambiguous.,C:/Users/ANDRE.ANDREWSPC/Documents/Codex/2026-08-23/stingray-i5-s-df8-state-parity/work/r2_source/build_r2.py::build_state(STOWED)/PartCatalog[GS-19-50-V4A-B8-B8].shape @ 61a58cbbccd0aae7a747b2a73046142cf1f44511,docs/presentations/stingray_df8_mechanical_breakdown/renders/BUY_GS-19-50-V4A-B8-B8.png,"Orthographic hero view; source axes xyz -> display axes zyx; fixed elev=23.0 deg, azim=-55.0 deg; fixed neutral Lambert lighting.",2026-08-23T12:36:47-05:00,df6da5c2f5322751180b4505b37ba0c37d34739f2841f4ecc33f4b7ac8806447,RENDERED,,61a58cbbccd0aae7a747b2a73046142cf1f44511,STOWED,0.2420413187866898,2044,1,GS19-BODY-001,Provides the primary powered stroke into the common crosshead linkage.,AISI 316L / 316Ti stainless catalog assembly,ACE Controls,DRAWING_DERIVED,21267.145221236355,2,18
GS-19-50-V4A-B8-B8-ROD-CHILD,ACE GS-19 MOVING ROD ARTICULATION CHILD,BUY,Arm deployment / activation,true,,Included: unique modeled functional part definition; inclusion favored when ambiguous.,C:/Users/ANDRE.ANDREWSPC/Documents/Codex/2026-08-23/stingray-i5-s-df8-state-parity/work/r2_source/build_r2.py::build_state(STOWED)/PartCatalog[GS-19-50-V4A-B8-B8-ROD-CHILD].shape @ 61a58cbbccd0aae7a747b2a73046142cf1f44511,docs/presentations/stingray_df8_mechanical_breakdown/renders/BUY_GS-19-50-V4A-B8-B8-ROD-CHILD.png,"Orthographic hero view; source axes xyz -> display axes zyx; fixed elev=23.0 deg, azim=-55.0 deg; fixed neutral Lambert lighting.",2026-08-23T12:36:47-05:00,03e1ec6cd6bc5bffab117f061b93c2cd0a39c84daf160ccd452bee141bf99737,RENDERED,,61a58cbbccd0aae7a747b2a73046142cf1f44511,STOWED,0.1521709564930181,1882,1,GS19-ROD-001,Provides the primary powered stroke into the common crosshead linkage.,AISI 316L / 316Ti stainless catalog assembly,ACE Controls,DRAWING_DERIVED,3511.8098685571126,1,20
HBD-15-25-AA-P,ACE HBD-15-25-AA-P PURCHASED ASSEMBLY — ARTICULATED INSTALLATION BODY,BUY,Arm deployment / activation,true,,Included: unique modeled functional part definition; inclusion favored when ambiguous.,C:/Users/ANDRE.ANDREWSPC/Documents/Codex/2026-08-23/stingray-i5-s-df8-state-parity/work/r2_source/build_r2.py::build_state(STOWED)/PartCatalog[HBD-15-25-AA-P].shape @ 61a58cbbccd0aae7a747b2a73046142cf1f44511,docs/presentations/stingray_df8_mechanical_breakdown/renders/BUY_HBD-15-25-AA-P.png,"Orthographic hero view; source axes xyz -> display axes zyx; fixed elev=23.0 deg, azim=-55.0 deg; fixed neutral Lambert lighting.",2026-08-23T12:36:47-05:00,2fa08c2943655bd7ec316d597e167d375e7d3027d30a88f7744e12d648eee98f,RENDERED,,61a58cbbccd0aae7a747b2a73046142cf1f44511,STOWED,0.21914607000811126,2040,1,HBD-BODY-001,Damps crosshead motion to control deployment rate without replacing the positive stops.,Black-anodized aluminum body / hard-chrome steel rod / zinc-plated steel AA-P fittings,ACE Controls,DRAWING_DERIVED,12366.992123374155,2,18
HBD-15-25-AA-P-ROD-CHILD,HBD MOVING ROD ARTICULATION CHILD,BUY,Arm deployment / activation,true,,Included: unique modeled functional part definition; inclusion favored when ambiguous.,C:/Users/ANDRE.ANDREWSPC/Documents/Codex/2026-08-23/stingray-i5-s-df8-state-parity/work/r2_source/build_r2.py::build_state(STOWED)/PartCatalog[HBD-15-25-AA-P-ROD-CHILD].shape @ 61a58cbbccd0aae7a747b2a73046142cf1f44511,docs/presentations/stingray_df8_mechanical_breakdown/renders/BUY_HBD-15-25-AA-P-ROD-CHILD.png,"Orthographic hero view; source axes xyz -> display axes zyx; fixed elev=23.0 deg, azim=-55.0 deg; fixed neutral Lambert lighting.",2026-08-23T12:36:47-05:00,2c2fbbff6d6ce38b67b8be72e0f300fc46aff3636fb5ad5b13d7de005580f35c,RENDERED,,61a58cbbccd0aae7a747b2a73046142cf1f44511,STOWED,0.13080137613954987,1834,1,HBD-ROD-001,Damps crosshead motion to control deployment rate without replacing the positive stops.,Hard-chrome steel rod with zinc-plated steel AA-P fitting,ACE Controls,DRAWING_DERIVED,1759.0481865927184,1,20
HDP-3-8-A1,"3 MM X 8 MM DOWEL PIN, DIN 7, M6 TOLERANCE",BUY,Arm deployment / activation,true,,Included: unique modeled functional part definition; inclusion favored when ambiguous.,C:/Users/ANDRE.ANDREWSPC/Documents/Codex/2026-08-23/stingray-i5-s-df8-state-parity/work/r2_source/build_r2.py::build_state(STOWED)/PartCatalog[HDP-3-8-A1].shape @ 61a58cbbccd0aae7a747b2a73046142cf1f44511,docs/presentations/stingray_df8_mechanical_breakdown/renders/BUY_HDP-3-8-A1.png,"Orthographic hero view; source axes xyz -> display axes zyx; fixed elev=23.0 deg, azim=-55.0 deg; fixed neutral Lambert lighting.",2026-08-23T12:36:47-05:00,ede8d4fdc48084dbd296dba074ae6ebd7d9f21df4c613cc840f2b706110ff4e3,RENDERED,,61a58cbbccd0aae7a747b2a73046142cf1f44511,STOWED,0.018110770276274835,1508,6,FIXED-STOP-DOWEL-1-1;FIXED-STOP-DOWEL-1-2;FIXED-STOP-DOWEL-2-1;FIXED-STOP-DOWEL-2-2;FIXED-STOP-DOWEL-3-1;FIXED-STOP-DOWEL-3-2,"Provides the modeled 3 mm x 8 mm dowel pin, din 7, m6 tolerance; registered interfaces use dowelled fixed deploy stop.",316 stainless steel,Accu,DRAWING_DERIVED,54.831001981266056,1,5
HEC-10-A4,"10 MM EXTERNAL CIRCLIP, DIN 471",BUY,Gas / inflation path,true,,Included: unique modeled functional part definition; inclusion favored when ambiguous.,C:/Users/ANDRE.ANDREWSPC/Documents/Codex/2026-08-23/stingray-i5-s-df8-state-parity/work/r2_source/build_r2.py::build_state(STOWED)/PartCatalog[HEC-10-A4].shape @ 61a58cbbccd0aae7a747b2a73046142cf1f44511,docs/presentations/stingray_df8_mechanical_breakdown/renders/BUY_HEC-10-A4.png,"Orthographic hero view; source axes xyz -> display axes yzx; fixed elev=23.0 deg, azim=-55.0 deg; fixed neutral Lambert lighting.",2026-08-23T12:36:47-05:00,1a6e04ef6cbce936ba77739f9b07d6058bf867483bd5bde70d414eae2e37f067,RENDERED,,61a58cbbccd0aae7a747b2a73046142cf1f44511,STOWED,0.047961089389100306,2080,1,FULLFLOW-VALVE-CIRCLIP-001,"Provides the modeled 10 mm external circlip, din 471 in 1 occurrence.",1.4310 stainless spring steel,Accu,DRAWING_DERIVED,147.9657423266114,1,33
HTP-3-30-A1,"3 MM X 30 MM TAPER PIN, DIN 1B",BUY,Body structure,true,,Included: unique modeled functional part definition; inclusion favored when ambiguous.,C:/Users/ANDRE.ANDREWSPC/Documents/Codex/2026-08-23/stingray-i5-s-df8-state-parity/work/r2_source/build_r2.py::build_state(STOWED)/PartCatalog[HTP-3-30-A1].shape @ 61a58cbbccd0aae7a747b2a73046142cf1f44511,docs/presentations/stingray_df8_mechanical_breakdown/renders/BUY_HTP-3-30-A1.png,"Orthographic hero view; source axes xyz -> display axes zyx; fixed elev=23.0 deg, azim=-55.0 deg; fixed neutral Lambert lighting.",2026-08-23T12:36:47-05:00,2d242853764685b3151223ce04c4e4615a473c5e47b77167f7ebe58bf92a0009,RENDERED,,61a58cbbccd0aae7a747b2a73046142cf1f44511,STOWED,0.060857867198908636,5036,1,NOSE-BALLAST-TAPER-PIN-001,"Provides the modeled 3 mm x 30 mm taper pin, din 1b in 1 occurrence.",316 stainless steel,Accu,DRAWING_DERIVED,257.29643832900405,1,3
LELAND-81121,LELAND 81121 12 G CO2 CARTRIDGE,BUY,Gas / inflation path,true,,Included: unique modeled functional part definition; inclusion favored when ambiguous.,C:/Users/ANDRE.ANDREWSPC/Documents/Codex/2026-08-23/stingray-i5-s-df8-state-parity/work/r2_source/build_r2.py::build_state(STOWED)/PartCatalog[LELAND-81121].shape @ 61a58cbbccd0aae7a747b2a73046142cf1f44511,docs/presentations/stingray_df8_mechanical_breakdown/renders/BUY_LELAND-81121.png,"Orthographic hero view; source axes xyz -> display axes zyx; fixed elev=23.0 deg, azim=-55.0 deg; fixed neutral Lambert lighting.",2026-08-23T12:36:47-05:00,f412fc9053689fab9ccdce85c2542f62822cabfb4e50a6b3fb782e5cf2f106d7,RENDERED,,61a58cbbccd0aae7a747b2a73046142cf1f44511,STOWED,0.17419601742864274,4668,4,CO2-CARTRIDGE-1;CO2-CARTRIDGE-2;CO2-CARTRIDGE-3;CO2-CARTRIDGE-4,Stores the modeled inflation-gas charge for puncture and downstream distribution.,Steel pressure cartridge,Leland Gas Technologies,DRAWING_DERIVED,21963.508172001293,1,8
ROTOR-CLIP-DC-4SS,ROTOR CLIP DC-4SS CRESCENT RETAINING RING FOR 4 MM SHAFT,BUY,Arm deployment / activation,true,,Included: unique modeled functional part definition; inclusion favored when ambiguous.,C:/Users/ANDRE.ANDREWSPC/Documents/Codex/2026-08-23/stingray-i5-s-df8-state-parity/work/r2_source/build_r2.py::build_state(STOWED)/PartCatalog[ROTOR-CLIP-DC-4SS].shape @ 61a58cbbccd0aae7a747b2a73046142cf1f44511,docs/presentations/stingray_df8_mechanical_breakdown/renders/BUY_ROTOR-CLIP-DC-4SS.png,"Orthographic hero view; source axes xyz -> display axes zyx; fixed elev=23.0 deg, azim=-55.0 deg; fixed neutral Lambert lighting.",2026-08-23T12:36:47-05:00,ac0f4e4775cf90b833e0ecf22943a29f5d81a029c3cc7211ecd1faf45a82ebaa,RENDERED,,61a58cbbccd0aae7a747b2a73046142cf1f44511,STOWED,0.01387095371449124,844,6,LINK-CLIP-1-BELL;LINK-CLIP-1-CROSSHEAD;LINK-CLIP-2-BELL;LINK-CLIP-2-CROSSHEAD;LINK-CLIP-3-BELL;LINK-CLIP-3-CROSSHEAD,Provides the modeled rotor clip dc-4ss crescent retaining ring for 4 mm shaft; registered interfaces use external groove retainer.,PH 15-7 Mo stainless spring steel,Rotor Clip,DRAWING_DERIVED,3.7479745343124473,1,8
SS-CHS2-1,"SWAGELOK 316 SS POPPET CHECK VALVE, 1/8-IN TUBE FITTINGS, 6000 PSIG",BUY,Gas / inflation path,true,,Included: unique modeled functional part definition; inclusion favored when ambiguous.,C:/Users/ANDRE.ANDREWSPC/Documents/Codex/2026-08-23/stingray-i5-s-df8-state-parity/work/r2_source/build_r2.py::build_state(STOWED)/PartCatalog[SS-CHS2-1].shape @ 61a58cbbccd0aae7a747b2a73046142cf1f44511,docs/presentations/stingray_df8_mechanical_breakdown/renders/BUY_SS-CHS2-1.png,"Orthographic hero view; source axes xyz -> display axes xzy; fixed elev=23.0 deg, azim=-55.0 deg; fixed neutral Lambert lighting.",2026-08-23T12:36:47-05:00,d1cda0d9d1c3052675438696ecf2980e2797f824368e5db6379a3f9b4971287f,RENDERED,,61a58cbbccd0aae7a747b2a73046142cf1f44511,STOWED,0.01640975319741281,3572,3,BOOSTER-ISOLATION-VALVE-1;BOOSTER-ISOLATION-VALVE-2;BOOSTER-ISOLATION-VALVE-3,Isolates the booster branch and enforces one-way flow in the modeled gas path.,316 stainless purchased check-valve assembly,Swagelok,DRAWING_DERIVED,54.651789595583324,1,30
SSCA-M3-8-A4-BL,"M3 X 8 CAPTIVE SOCKET CAP SCREW, DIN 912",BUY,Body ejection / buoy extraction,false,standard fastener,Excluded: catalog screw/bolt/nut/rivet/standard washer used as fastening hardware.,C:/Users/ANDRE.ANDREWSPC/Documents/Codex/2026-08-23/stingray-i5-s-df8-state-parity/work/r2_source/build_r2.py::build_state(STOWED)/PartCatalog[SSCA-M3-8-A4-BL].shape @ 61a58cbbccd0aae7a747b2a73046142cf1f44511,,Not rendered: standard fastener.,2026-08-23T12:36:47-05:00,,EXCLUDED,,61a58cbbccd0aae7a747b2a73046142cf1f44511,STOWED,,,26,ARM-STOP-SCREW-1-1;ARM-STOP-SCREW-1-2;ARM-STOP-SCREW-2-1;ARM-STOP-SCREW-2-2;ARM-STOP-SCREW-3-1;ARM-STOP-SCREW-3-2;FIXED-STOP-SCREW-1-1;FIXED-STOP-SCREW-1-2;FIXED-STOP-SCREW-2-1;FIXED-STOP-SCREW-2-2;FIXED-STOP-SCREW-3-1;FIXED-STOP-SCREW-3-2;GUIDE-RAIL-1-SCREW-AFT;GUIDE-RAIL-1-SCREW-FWD;GUIDE-RAIL-2-SCREW-AFT;GUIDE-RAIL-2-SCREW-FWD;GUIDE-RAIL-3-SCREW-AFT;GUIDE-RAIL-3-SCREW-FWD;WP04-FIXED-SLEEVE-SCREW-1;WP04-FIXED-SLEEVE-SCREW-2;WP04-FIXED-SLEEVE-SCREW-3;WP04-LATCH-SCREW-1;WP04-LATCH-SCREW-2;WP04-MOVING-SLEEVE-SCREW-1;WP04-MOVING-SLEEVE-SCREW-2;WP04-MOVING-SLEEVE-SCREW-3,Provides standard threaded fastening; excluded from the render scope.,A4-80 stainless steel,Accu,DRAWING_DERIVED,104.39668630078269,1,14
SSCF-M3-10-A4,"M3 X 10 FULL-THREAD SOCKET CAP SCREW, DIN 912 / ISO 4762",BUY,Gas / inflation path,false,standard fastener,Excluded: catalog screw/bolt/nut/rivet/standard washer used as fastening hardware.,C:/Users/ANDRE.ANDREWSPC/Documents/Codex/2026-08-23/stingray-i5-s-df8-state-parity/work/r2_source/build_r2.py::build_state(STOWED)/PartCatalog[SSCF-M3-10-A4].shape @ 61a58cbbccd0aae7a747b2a73046142cf1f44511,,Not rendered: standard fastener.,2026-08-23T12:36:47-05:00,,EXCLUDED,,61a58cbbccd0aae7a747b2a73046142cf1f44511,STOWED,,,14,BACKUP-GUIDE-SCREW-1;BACKUP-GUIDE-SCREW-2;BOOSTER-CLAMP-SCREW-1-1;BOOSTER-CLAMP-SCREW-1-2;BOOSTER-CLAMP-SCREW-1-3;BOOSTER-CLAMP-SCREW-2-1;BOOSTER-CLAMP-SCREW-2-2;BOOSTER-CLAMP-SCREW-2-3;BOOSTER-CLAMP-SCREW-3-1;BOOSTER-CLAMP-SCREW-3-2;BOOSTER-CLAMP-SCREW-3-3;TRIGGER-MOUNT-SCREW-1;TRIGGER-MOUNT-SCREW-2;TRIGGER-MOUNT-SCREW-3,Provides standard threaded fastening; excluded from the render scope.,A4-80 stainless steel,Accu,DRAWING_DERIVED,134.87013504060369,1,12
SSCF-M3-6-A4,"M3 X 6 FULL-THREAD SOCKET CAP SCREW, DIN 912 / ISO 4762",BUY,Shared retention / interfaces,false,standard fastener,Excluded: catalog screw/bolt/nut/rivet/standard washer used as fastening hardware.,C:/Users/ANDRE.ANDREWSPC/Documents/Codex/2026-08-23/stingray-i5-s-df8-state-parity/work/r2_source/build_r2.py::build_state(STOWED)/PartCatalog[SSCF-M3-6-A4].shape @ 61a58cbbccd0aae7a747b2a73046142cf1f44511,,Not rendered: standard fastener.,2026-08-23T12:36:47-05:00,,EXCLUDED,,61a58cbbccd0aae7a747b2a73046142cf1f44511,STOWED,,,4,MANIFOLD-CARRIER-SCREW-1;MANIFOLD-CARRIER-SCREW-2;MANIFOLD-CARRIER-SCREW-3;MANIFOLD-CARRIER-SCREW-4,Provides standard threaded fastening; excluded from the render scope.,A4-80 stainless steel,Accu,DRAWING_DERIVED,106.59580115829556,1,12
SSCL-M4-8-A4,"M4 X 8 FULL-THREAD LOW-HEAD SOCKET CAP SCREW, DIN 7984",BUY,Arm deployment / activation,false,standard fastener,Excluded: catalog screw/bolt/nut/rivet/standard washer used as fastening hardware.,C:/Users/ANDRE.ANDREWSPC/Documents/Codex/2026-08-23/stingray-i5-s-df8-state-parity/work/r2_source/build_r2.py::build_state(STOWED)/PartCatalog[SSCL-M4-8-A4].shape @ 61a58cbbccd0aae7a747b2a73046142cf1f44511,,Not rendered: standard fastener.,2026-08-23T12:36:47-05:00,,EXCLUDED,,61a58cbbccd0aae7a747b2a73046142cf1f44511,STOWED,,,1,CROSSHEAD-GUIDE-LOCK-SCREW-001,Provides standard threaded fastening; excluded from the render scope.,A4-80 stainless steel,Accu,DRAWING_DERIVED,195.78435116586544,1,12
SSK-M3-6-A4-P80,"M3 X 6 SOCKET COUNTERSUNK SCREW, ISO 10642, PRECOTE 80",BUY,Body ejection / buoy extraction,false,standard fastener,Excluded: catalog screw/bolt/nut/rivet/standard washer used as fastening hardware.,C:/Users/ANDRE.ANDREWSPC/Documents/Codex/2026-08-23/stingray-i5-s-df8-state-parity/work/r2_source/build_r2.py::build_state(STOWED)/PartCatalog[SSK-M3-6-A4-P80].shape @ 61a58cbbccd0aae7a747b2a73046142cf1f44511,,Not rendered: standard fastener.,2026-08-23T12:36:47-05:00,,EXCLUDED,,61a58cbbccd0aae7a747b2a73046142cf1f44511,STOWED,,,10,FWD-CARRIER-SCREW-1;FWD-CARRIER-SCREW-2;FWD-CARRIER-SCREW-3;FWD-CARRIER-SCREW-4;WP05-THROAT-SCREW-1;WP05-THROAT-SCREW-2;WP05-THROAT-SCREW-3;WP05-THROAT-SCREW-4;WP05-THROAT-SCREW-5;WP05-THROAT-SCREW-6,Provides standard threaded fastening; excluded from the render scope.,A4-80 stainless steel,Accu,DRAWING_DERIVED,61.607894392700906,1,11
V80040,HALKEY-ROBERTS WATER-SENSITIVE BOBBIN,BUY,Water activation,true,,Included: unique modeled functional part definition; inclusion favored when ambiguous.,C:/Users/ANDRE.ANDREWSPC/Documents/Codex/2026-08-23/stingray-i5-s-df8-state-parity/work/r2_source/build_r2.py::build_state(STOWED)/PartCatalog[V80040].shape @ 61a58cbbccd0aae7a747b2a73046142cf1f44511,docs/presentations/stingray_df8_mechanical_breakdown/renders/BUY_V80040.png,"Orthographic hero view; source axes xyz -> display axes zyx; fixed elev=23.0 deg, azim=-55.0 deg; fixed neutral Lambert lighting.",2026-08-23T12:36:47-05:00,cf5e9d994fd6fa3594d6204d5f984710f901296eaac13cc3ee9bf676ac8f8737,RENDERED,,61a58cbbccd0aae7a747b2a73046142cf1f44511,STOWED,0.04578209256903839,500,1,WATER-BOBBIN-001,Provides the source-controlled water-sensitive element in the activation chain.,Water-sensitive media,Nordson MEDICAL / Halkey-Roberts,DRAWING_DERIVED,1413.716694115407,1,3
WP04-AFT-RAIL-SUPPORT-R2,ONE-PIECE AFT GUIDE-RAIL SUPPORT RING WITH THREE M3 THREADS,MAKE,Body ejection / buoy extraction,true,,Included: unique modeled functional part definition; inclusion favored when ambiguous.,C:/Users/ANDRE.ANDREWSPC/Documents/Codex/2026-08-23/stingray-i5-s-df8-state-parity/work/r2_source/build_r2.py::build_state(STOWED)/PartCatalog[WP04-AFT-RAIL-SUPPORT-R2].shape @ 61a58cbbccd0aae7a747b2a73046142cf1f44511,docs/presentations/stingray_df8_mechanical_breakdown/renders/MAKE_WP04-AFT-RAIL-SUPPORT-R2.png,"Orthographic hero view; source axes xyz -> display axes xzy; fixed elev=23.0 deg, azim=-55.0 deg; fixed neutral Lambert lighting.",2026-08-23T12:36:47-05:00,f1df1bb3e1be933e4da2bdf80aa38c826587432f102aaff96955dd266d516abb,RENDERED,,61a58cbbccd0aae7a747b2a73046142cf1f44511,STOWED,0.13024592124131948,2532,1,WP04-AFT-RAIL-SUPPORT,Guides and reacts the ejector/follower stroke while controlling rotation and alignment.,Ti-6Al-4V,STINGRAY custom,DRAWING_DERIVED,2055.1906440702733,1,7
WP04-FIXED-GUIDE-SLEEVE-R2,BULKHEAD-MOUNTED FIXED TELESCOPING SPRING GUIDE AND SEAT,MAKE,Body ejection / buoy extraction,true,,Included: unique modeled functional part definition; inclusion favored when ambiguous.,C:/Users/ANDRE.ANDREWSPC/Documents/Codex/2026-08-23/stingray-i5-s-df8-state-parity/work/r2_source/build_r2.py::build_state(STOWED)/PartCatalog[WP04-FIXED-GUIDE-SLEEVE-R2].shape @ 61a58cbbccd0aae7a747b2a73046142cf1f44511,docs/presentations/stingray_df8_mechanical_breakdown/renders/MAKE_WP04-FIXED-GUIDE-SLEEVE-R2.png,"Orthographic hero view; source axes xyz -> display axes zyx; fixed elev=23.0 deg, azim=-55.0 deg; fixed neutral Lambert lighting.",2026-08-23T12:36:47-05:00,b913122e1b4e842ae1d1cfbb8dd4b49daf4cda09b2b3d251beeaff6fcba307c6,RENDERED,,61a58cbbccd0aae7a747b2a73046142cf1f44511,STOWED,0.18695453992882868,5808,1,WP04-FIXED-SLEEVE,Guides and reacts the ejector/follower stroke while controlling rotation and alignment.,PEEK,STINGRAY custom,DRAWING_DERIVED,3603.7444948777543,1,17
WP04-FOL-001-R2,CAPTIVE PEEK FOLLOWER WITH THREE GUIDE SLOTS,MAKE,Body ejection / buoy extraction,true,,Included: unique modeled functional part definition; inclusion favored when ambiguous.,C:/Users/ANDRE.ANDREWSPC/Documents/Codex/2026-08-23/stingray-i5-s-df8-state-parity/work/r2_source/build_r2.py::build_state(STOWED)/PartCatalog[WP04-FOL-001-R2].shape @ 61a58cbbccd0aae7a747b2a73046142cf1f44511,docs/presentations/stingray_df8_mechanical_breakdown/renders/MAKE_WP04-FOL-001-R2.png,"Orthographic hero view; source axes xyz -> display axes xzy; fixed elev=23.0 deg, azim=-55.0 deg; fixed neutral Lambert lighting.",2026-08-23T12:36:47-05:00,201f6956b1da7aecda38bc7e0995ffa48ef3d0ac946d29e0ac6963c2485c0a73,RENDERED,,61a58cbbccd0aae7a747b2a73046142cf1f44511,STOWED,0.12353246606265181,2168,1,WP04-FOLLOWER-001,Guides and reacts the ejector/follower stroke while controlling rotation and alignment.,PEEK,STINGRAY custom,DRAWING_DERIVED,4227.95948987082,1,40
WP04-GUIDE-RAIL-001-R2,FOLLOWER ANTI-ROTATION GUIDE RAIL WITH TWO M3 CAPTIVE-SCREW END LANDS,MAKE,Body ejection / buoy extraction,true,,Included: unique modeled functional part definition; inclusion favored when ambiguous.,C:/Users/ANDRE.ANDREWSPC/Documents/Codex/2026-08-23/stingray-i5-s-df8-state-parity/work/r2_source/build_r2.py::build_state(STOWED)/PartCatalog[WP04-GUIDE-RAIL-001-R2].shape @ 61a58cbbccd0aae7a747b2a73046142cf1f44511,docs/presentations/stingray_df8_mechanical_breakdown/renders/MAKE_WP04-GUIDE-RAIL-001-R2.png,"Orthographic hero view; source axes xyz -> display axes zyx; fixed elev=23.0 deg, azim=-55.0 deg; fixed neutral Lambert lighting.",2026-08-23T12:36:47-05:00,049fe3e3fc9434741953338cd999a3169939a2c6556faab67c52faf9c0a6206a,RENDERED,,61a58cbbccd0aae7a747b2a73046142cf1f44511,STOWED,0.35,3084,3,WP04-GUIDE-RAIL-1;WP04-GUIDE-RAIL-2;WP04-GUIDE-RAIL-3,Guides and reacts the ejector/follower stroke while controlling rotation and alignment.,PEEK,STINGRAY custom,DRAWING_DERIVED,2878.292079511209,1,20
WP04-HST-001-R2,HARNESS STRUCTURAL TERMINAL WITH FOUR WEB SLOTS AND DOUBLE-SHEAR CLEVIS,MAKE,Load path / recovery attachment,true,,Included: unique modeled functional part definition; inclusion favored when ambiguous.,C:/Users/ANDRE.ANDREWSPC/Documents/Codex/2026-08-23/stingray-i5-s-df8-state-parity/work/r2_source/build_r2.py::build_state(DEPLOYED)/PartCatalog[WP04-HST-001-R2].shape @ 61a58cbbccd0aae7a747b2a73046142cf1f44511,docs/presentations/stingray_df8_mechanical_breakdown/renders/MAKE_WP04-HST-001-R2.png,"Orthographic hero view; source axes xyz -> display axes xzy; fixed elev=23.0 deg, azim=-55.0 deg; fixed neutral Lambert lighting.",2026-08-23T12:36:47-05:00,e3d17f3abad23c57e08bcaf599648946d7ba2312c461a468ed39397d6a9fcbc2,RENDERED,,61a58cbbccd0aae7a747b2a73046142cf1f44511,DEPLOYED,0.0921737489744233,2636,1,HARNESS-TERMINAL-001,Transfers buoy load into the modeled structural terminal and recovery connection.,17-4PH stainless steel,STINGRAY custom,DRAWING_DERIVED,2014.0933992416706,1,43
WP04-LATCH-HOUSING-R2,RADIAL FOLLOWER LATCH HOUSING WITH REAMED SEAR GUIDE,MAKE,Body ejection / buoy extraction,true,,Included: unique modeled functional part definition; inclusion favored when ambiguous.,C:/Users/ANDRE.ANDREWSPC/Documents/Codex/2026-08-23/stingray-i5-s-df8-state-parity/work/r2_source/build_r2.py::build_state(STOWED)/PartCatalog[WP04-LATCH-HOUSING-R2].shape @ 61a58cbbccd0aae7a747b2a73046142cf1f44511,docs/presentations/stingray_df8_mechanical_breakdown/renders/MAKE_WP04-LATCH-HOUSING-R2.png,"Orthographic hero view; source axes xyz -> display axes zxy; fixed elev=23.0 deg, azim=-55.0 deg; fixed neutral Lambert lighting.",2026-08-23T12:36:47-05:00,59f6bad8d3ba04c07a9d1e41e7a8d17e1c4686ae3b96d17157dc56171361c40c,RENDERED,,61a58cbbccd0aae7a747b2a73046142cf1f44511,STOWED,0.0464882784340311,3800,1,WP04-LATCH-001,Guides and reacts the ejector/follower stroke while controlling rotation and alignment.,17-4PH stainless steel,STINGRAY custom,DRAWING_DERIVED,709.1155317660829,2,30
WP04-LATCH-SEAR-E-RING-R2,4 MM SEAR PIN EXTERNAL RETAINING RING,MAKE,Body ejection / buoy extraction,true,,Included: unique modeled functional part definition; inclusion favored when ambiguous.,C:/Users/ANDRE.ANDREWSPC/Documents/Codex/2026-08-23/stingray-i5-s-df8-state-parity/work/r2_source/build_r2.py::build_state(STOWED)/PartCatalog[WP04-LATCH-SEAR-E-RING-R2].shape @ 61a58cbbccd0aae7a747b2a73046142cf1f44511,docs/presentations/stingray_df8_mechanical_breakdown/renders/MAKE_WP04-LATCH-SEAR-E-RING-R2.png,"Orthographic hero view; source axes xyz -> display axes zyx; fixed elev=23.0 deg, azim=-55.0 deg; fixed neutral Lambert lighting.",2026-08-23T12:36:47-05:00,7e7b7f1f71521631220af1fbad22aa1ed400963f8ea9601615cee575f419437e,RENDERED,,61a58cbbccd0aae7a747b2a73046142cf1f44511,STOWED,0.016126442028345685,860,1,WP04-SEAR-CLIP-001,Retains the follower before activation and releases it through the source-defined sear chain.,1.4310 stainless spring steel,STINGRAY custom,DRAWING_DERIVED,5.5356798096071715,1,8
WP04-LATCH-SEAR-R2,CAPTIVE RADIAL FOLLOWER SEAR PLUNGER WITH RETAINING RING,MAKE,Body ejection / buoy extraction,true,,Included: unique modeled functional part definition; inclusion favored when ambiguous.,C:/Users/ANDRE.ANDREWSPC/Documents/Codex/2026-08-23/stingray-i5-s-df8-state-parity/work/r2_source/build_r2.py::build_state(STOWED)/PartCatalog[WP04-LATCH-SEAR-R2].shape @ 61a58cbbccd0aae7a747b2a73046142cf1f44511,docs/presentations/stingray_df8_mechanical_breakdown/renders/MAKE_WP04-LATCH-SEAR-R2.png,"Orthographic hero view; source axes xyz -> display axes xyz; fixed elev=23.0 deg, azim=-55.0 deg; fixed neutral Lambert lighting.",2026-08-23T12:36:47-05:00,f12a40d3f10eead8a7a59a30b1049b59c9780e8b0c59349d54c1f0d81e48744d,RENDERED,,61a58cbbccd0aae7a747b2a73046142cf1f44511,STOWED,0.023677837739117986,2516,1,WP04-SEAR-001,Guides and reacts the ejector/follower stroke while controlling rotation and alignment.,17-4PH stainless steel,STINGRAY custom,DRAWING_DERIVED,81.94946538650215,1,11
WP04-LATCH-SUPPORT-R2,GUIDE-RAIL-3 TO LATCH TWO-SCREW SUPPORT BLADE,MAKE,Body ejection / buoy extraction,true,,Included: unique modeled functional part definition; inclusion favored when ambiguous.,C:/Users/ANDRE.ANDREWSPC/Documents/Codex/2026-08-23/stingray-i5-s-df8-state-parity/work/r2_source/build_r2.py::build_state(STOWED)/PartCatalog[WP04-LATCH-SUPPORT-R2].shape @ 61a58cbbccd0aae7a747b2a73046142cf1f44511,docs/presentations/stingray_df8_mechanical_breakdown/renders/MAKE_WP04-LATCH-SUPPORT-R2.png,"Orthographic hero view; source axes xyz -> display axes xzy; fixed elev=23.0 deg, azim=-55.0 deg; fixed neutral Lambert lighting.",2026-08-23T12:36:47-05:00,bcff234ba210736d3e52a599f928864805991b1ea193f5679cd9702bff747668,RENDERED,,61a58cbbccd0aae7a747b2a73046142cf1f44511,STOWED,0.04006040014106511,1592,1,LATCH-SUPPORT-BRACKET,Guides and reacts the ejector/follower stroke while controlling rotation and alignment.,17-4PH stainless steel,STINGRAY custom,DRAWING_DERIVED,161.9617958284251,1,15
WP04-MOVING-GUIDE-SLEEVE-R2,FOLLOWER-MOUNTED INNER TELESCOPING SPRING GUIDE SLEEVE,MAKE,Body ejection / buoy extraction,true,,Included: unique modeled functional part definition; inclusion favored when ambiguous.,C:/Users/ANDRE.ANDREWSPC/Documents/Codex/2026-08-23/stingray-i5-s-df8-state-parity/work/r2_source/build_r2.py::build_state(STOWED)/PartCatalog[WP04-MOVING-GUIDE-SLEEVE-R2].shape @ 61a58cbbccd0aae7a747b2a73046142cf1f44511,docs/presentations/stingray_df8_mechanical_breakdown/renders/MAKE_WP04-MOVING-GUIDE-SLEEVE-R2.png,"Orthographic hero view; source axes xyz -> display axes zyx; fixed elev=23.0 deg, azim=-55.0 deg; fixed neutral Lambert lighting.",2026-08-23T12:36:47-05:00,9459fbdcf235dba978c0ff65a74c93c1e56bc42d4da41117057a304eb7de115b,RENDERED,,61a58cbbccd0aae7a747b2a73046142cf1f44511,STOWED,0.2282476724963477,6564,1,WP04-MOVING-SLEEVE,Guides and reacts the ejector/follower stroke while controlling rotation and alignment.,PEEK,STINGRAY custom,DRAWING_DERIVED,5187.600422333624,1,20
WP04-RB-001-R2,SPRING REACTION BULKHEAD WITH GUIDE-RAIL BORES AND PERMANENT SHELL LAND,MAKE,Body ejection / buoy extraction,true,,Included: unique modeled functional part definition; inclusion favored when ambiguous.,C:/Users/ANDRE.ANDREWSPC/Documents/Codex/2026-08-23/stingray-i5-s-df8-state-parity/work/r2_source/build_r2.py::build_state(STOWED)/PartCatalog[WP04-RB-001-R2].shape @ 61a58cbbccd0aae7a747b2a73046142cf1f44511,docs/presentations/stingray_df8_mechanical_breakdown/renders/MAKE_WP04-RB-001-R2.png,"Orthographic hero view; source axes xyz -> display axes yzx; fixed elev=23.0 deg, azim=-55.0 deg; fixed neutral Lambert lighting.",2026-08-23T12:36:47-05:00,7fe8daad28a5d055f5e81573a02e7ddd33ea1075e8a6aa1324b9f5205da8c12c,RENDERED,,61a58cbbccd0aae7a747b2a73046142cf1f44511,STOWED,0.1435293937584566,6470,1,WP04-REACTION-BULKHEAD,Closes the body envelope while carrying the modeled apertures and local interfaces.,Ti-6Al-4V,STINGRAY custom,DRAWING_DERIVED,9293.479818783864,2,58
WP04-RHP-001-R2,INTEGRAL STRUCTURAL RING AND RECOVERY HARDPOINT LUG,MAKE,Load path / recovery attachment,true,,Included: unique modeled functional part definition; inclusion favored when ambiguous.,C:/Users/ANDRE.ANDREWSPC/Documents/Codex/2026-08-23/stingray-i5-s-df8-state-parity/work/r2_source/build_r2.py::build_state(STOWED)/PartCatalog[WP04-RHP-001-R2].shape @ 61a58cbbccd0aae7a747b2a73046142cf1f44511,docs/presentations/stingray_df8_mechanical_breakdown/renders/MAKE_WP04-RHP-001-R2.png,"Orthographic hero view; source axes xyz -> display axes xzy; fixed elev=23.0 deg, azim=-55.0 deg; fixed neutral Lambert lighting.",2026-08-23T12:36:47-05:00,0f605fedb2dd81331d8705d01cd98e9d823b02a222090edb48797ad5f9994200,RENDERED,,61a58cbbccd0aae7a747b2a73046142cf1f44511,STOWED,0.15182160584053903,2960,1,BODY-HARDPOINT-001,Carries or retains the recovery load path between the buoy harness and rigid body hardpoint.,Ti-6Al-4V,STINGRAY custom,DRAWING_DERIVED,5741.398714645307,3,50
WP05-DOOR-LANYARD-R2,CAPTIVE DOOR LANYARD WITH SWAGED EYES,MAKE,Body ejection / buoy extraction,true,,Included: unique modeled functional part definition; inclusion favored when ambiguous.,C:/Users/ANDRE.ANDREWSPC/Documents/Codex/2026-08-23/stingray-i5-s-df8-state-parity/work/r2_source/build_r2.py::build_state(DEPLOYED)/PartCatalog[WP05-DOOR-LANYARD-R2].shape @ 61a58cbbccd0aae7a747b2a73046142cf1f44511,docs/presentations/stingray_df8_mechanical_breakdown/renders/MAKE_WP05-DOOR-LANYARD-R2.png,"Orthographic hero view; source axes xyz -> display axes zyx; fixed elev=23.0 deg, azim=-55.0 deg; fixed neutral Lambert lighting.",2026-08-23T12:36:47-05:00,76eb538e7280a90a26c4541cc5b67331e01ea583b7492005b7e782755a387d46,RENDERED,,61a58cbbccd0aae7a747b2a73046142cf1f44511,DEPLOYED,0.11877906572954673,86736,1,WP05-DOOR-LANYARD,Closes and services the aft ejection opening while remaining captive during deployment.,HMPE rope,STINGRAY custom,DRAWING_DERIVED,272.10233956537945,1,30
WP05-DOOR-R2,CAPTIVE LOW-FORCE AFT DOOR WITH HINGE AND LANYARD EYE,MAKE,Body ejection / buoy extraction,true,,Included: unique modeled functional part definition; inclusion favored when ambiguous.,C:/Users/ANDRE.ANDREWSPC/Documents/Codex/2026-08-23/stingray-i5-s-df8-state-parity/work/r2_source/build_r2.py::build_state(STOWED)/PartCatalog[WP05-DOOR-R2].shape @ 61a58cbbccd0aae7a747b2a73046142cf1f44511,docs/presentations/stingray_df8_mechanical_breakdown/renders/MAKE_WP05-DOOR-R2.png,"Orthographic hero view; source axes xyz -> display axes xzy; fixed elev=23.0 deg, azim=-55.0 deg; fixed neutral Lambert lighting.",2026-08-23T12:36:47-05:00,985539ba62e0707be264e69d761f80c7ba2d0dbe84160eb4cbd9f50bc55dc51b,RENDERED,,61a58cbbccd0aae7a747b2a73046142cf1f44511,STOWED,0.1447400432441555,15984,1,WP05-DOOR-001,Closes and services the aft ejection opening while remaining captive during deployment.,Ti-6Al-4V,STINGRAY custom,DRAWING_DERIVED,5383.387700186983,1,28
WP05-HINGE-CRESCENT-RING-R2,3 MM HINGE-PIN EXTERNAL CRESCENT RETAINER,MAKE,Body ejection / buoy extraction,true,,Included: unique modeled functional part definition; inclusion favored when ambiguous.,C:/Users/ANDRE.ANDREWSPC/Documents/Codex/2026-08-23/stingray-i5-s-df8-state-parity/work/r2_source/build_r2.py::build_state(STOWED)/PartCatalog[WP05-HINGE-CRESCENT-RING-R2].shape @ 61a58cbbccd0aae7a747b2a73046142cf1f44511,docs/presentations/stingray_df8_mechanical_breakdown/renders/MAKE_WP05-HINGE-CRESCENT-RING-R2.png,"Orthographic hero view; source axes xyz -> display axes zyx; fixed elev=23.0 deg, azim=-55.0 deg; fixed neutral Lambert lighting.",2026-08-23T12:36:47-05:00,245c84a004f50e9ebd9bc684ffd3a929d0cdaeac48e9f53c078d700960185e44,RENDERED,,61a58cbbccd0aae7a747b2a73046142cf1f44511,STOWED,0.013395127476056066,868,1,WP05-HINGE-CLIP,Closes and services the aft ejection opening while remaining captive during deployment.,1.4310 stainless spring steel,STINGRAY custom,DRAWING_DERIVED,3.9464360168101154,1,8
WP05-HINGE-PIN-R2,DOOR HINGE PIN WITH EXTERNAL RETAINER,MAKE,Body ejection / buoy extraction,true,,Included: unique modeled functional part definition; inclusion favored when ambiguous.,C:/Users/ANDRE.ANDREWSPC/Documents/Codex/2026-08-23/stingray-i5-s-df8-state-parity/work/r2_source/build_r2.py::build_state(STOWED)/PartCatalog[WP05-HINGE-PIN-R2].shape @ 61a58cbbccd0aae7a747b2a73046142cf1f44511,docs/presentations/stingray_df8_mechanical_breakdown/renders/MAKE_WP05-HINGE-PIN-R2.png,"Orthographic hero view; source axes xyz -> display axes yxz; fixed elev=23.0 deg, azim=-55.0 deg; fixed neutral Lambert lighting.",2026-08-23T12:36:47-05:00,6ea1619c4a47006144992da8d4b282df0272248b2314ba726a6c68fe2f2aec76,RENDERED,,61a58cbbccd0aae7a747b2a73046142cf1f44511,STOWED,0.034985711369071804,2012,1,WP05-HINGE-PIN,Closes and services the aft ejection opening while remaining captive during deployment.,17-4PH stainless steel,STINGRAY custom,DRAWING_DERIVED,124.69177591638739,1,9
WP05-SERVICE-THROAT-R2,AFT SERVICE THROAT WITH CONTROLLED DETENT BORES,MAKE,Body ejection / buoy extraction,true,,Included: unique modeled functional part definition; inclusion favored when ambiguous.,C:/Users/ANDRE.ANDREWSPC/Documents/Codex/2026-08-23/stingray-i5-s-df8-state-parity/work/r2_source/build_r2.py::build_state(STOWED)/PartCatalog[WP05-SERVICE-THROAT-R2].shape @ 61a58cbbccd0aae7a747b2a73046142cf1f44511,docs/presentations/stingray_df8_mechanical_breakdown/renders/MAKE_WP05-SERVICE-THROAT-R2.png,"Orthographic hero view; source axes xyz -> display axes zyx; fixed elev=23.0 deg, azim=-55.0 deg; fixed neutral Lambert lighting.",2026-08-23T12:36:47-05:00,f2fc25a6bfa772550a32134ca085a8448f391ce78eb09a3e9c889e03a7806b8f,RENDERED,,61a58cbbccd0aae7a747b2a73046142cf1f44511,STOWED,0.2581398849701456,13566,1,WP05-SERVICE-THROAT,Closes and services the aft ejection opening while remaining captive during deployment.,Ti-6Al-4V,STINGRAY custom,DRAWING_DERIVED,42710.5060522286,1,72
