record_type,state,part_number,revision,description,material,make_buy,manufacturer,cad_classification,source_url,purchase_url,process,finish,notes,mass_kg,volume_mm3,solid_count,face_count,step_schema,step_path,step_size_bytes,step_sha256,brep_path,brep_size_bytes,brep_sha256,source_path,source_sha256,copied_byte_for_byte
CONTROLLED_PART_DEFINITION,STOWED,AMSTEEL-BLUE-872-7-64-R2,A,STRUCTURAL RECOVERY TETHER WITH TWO BURIED EYE SPLICES,HMPE rope,MAKE,Samson Rope Technologies raw line / STINGRAY finished splices,PROVISIONAL — BLOCKS FINAL RELEASE,https://www.samsonrope.com/mooring/amsteel--blue,https://www.samsonrope.com/resources/find-a-distributor,"Measure, cut, buried-eye splice, chafe sleeve, proof load",,"Finished length, splice process and proof acceptance remain open.",0.0006884286384705307,709.7202458459079,3,21,AP242,controlled_part_definitions/AMSTEEL-BLUE-872-7-64-R2__REV_A__STATE_STOWED__LOCAL_AP242.step,95706,b57f3f7a19180e7a68b80dd90e62cfcbe50286703a20ed366b5a9446c67ffbf8,controlled_part_definitions/AMSTEEL-BLUE-872-7-64-R2__REV_A__STATE_STOWED__LOCAL_OCCT.brep,40275,c491112b8d9c759ea357e6253126f4d0fd71687aef85adf603a9ee4673642efc,,,
CONTROLLED_PART_DEFINITION,STOWED,DF8-R2-ACTUATOR-E-RING-004,A,4 MM ACTUATOR PIN RETAINER,1.4310 stainless spring steel,MAKE,STINGRAY custom,DRAWING_DERIVED,,,Stamp,,,4.345508650541629e-05,5.5356798096071715,1,8,AP242,controlled_part_definitions/DF8-R2-ACTUATOR-E-RING-004__REV_A__STATE_STOWED__LOCAL_AP242.step,26905,fad77b7f2a790997fdff31384c847152744bbdb5c9ea78d598ca1f1e27eda674,controlled_part_definitions/DF8-R2-ACTUATOR-E-RING-004__REV_A__STATE_STOWED__LOCAL_OCCT.brep,7156,1e4732cf329de19cf2f81d50919b0f003c2893b7ba807f3e05e90d292144f163,,,
CONTROLLED_PART_DEFINITION,STOWED,DF8-R2-ACTUATOR-FIXED-YOKE-001,A,DOUBLE-SHEAR ACTUATOR BODY ANCHOR YOKE,Ti-6Al-4V,MAKE,STINGRAY custom,DRAWING_DERIVED,,,5-axis mill,,,0.003045973815196337,687.5787393219723,1,38,AP242,controlled_part_definitions/DF8-R2-ACTUATOR-FIXED-YOKE-001__REV_A__STATE_STOWED__LOCAL_AP242.step,115058,e9fa0b63ef65991ad7495015fd66bce96c449c84af0c6ce749cb23ee8050f6cd,controlled_part_definitions/DF8-R2-ACTUATOR-FIXED-YOKE-001__REV_A__STATE_STOWED__LOCAL_OCCT.brep,25679,2c05c73ca6ad91478b19d9a1d513e0df06da7726398922a4ae94cc0105772920,,,
CONTROLLED_PART_DEFINITION,STOWED,DF8-R2-ACTUATOR-PIN-004,A,4 MM CAPTIVE ACTUATOR CLEVIS PIN,17-4PH stainless steel,MAKE,STINGRAY custom,DRAWING_DERIVED,,,Swiss turn; H900,,,0.0009879695303224745,127.47993939644832,1,9,AP242,controlled_part_definitions/DF8-R2-ACTUATOR-PIN-004__REV_A__STATE_STOWED__LOCAL_AP242.step,19490,2314d06bb7b5fa672e143da625412b4c2b3c230285d569c4936a7dd20bf68dc9,controlled_part_definitions/DF8-R2-ACTUATOR-PIN-004__REV_A__STATE_STOWED__LOCAL_OCCT.brep,3943,a9ccaf80709920e20859054dbd16a9cf67047e71425a3dc776178d928a77e196,,,
CONTROLLED_PART_DEFINITION,STOWED,DF8-R2-AFT-LONGERON-001,A,AFT PRIMARY LOAD-PATH LONGERON,Ti-6Al-4V,MAKE,STINGRAY custom,DRAWING_DERIVED,,,5-axis mill,,,0.010502406318821517,2370.7463473637736,1,8,AP242,controlled_part_definitions/DF8-R2-AFT-LONGERON-001__REV_A__STATE_STOWED__LOCAL_AP242.step,27458,9688c405aaa5f371234cb9292e9726cdf1a220cd7c9362f96658d78dd55e3e92,controlled_part_definitions/DF8-R2-AFT-LONGERON-001__REV_A__STATE_STOWED__LOCAL_OCCT.brep,6780,1398b5dbb42cd915b4eac6c49e3e4ed885c6a1ebf1a86b1c16c38646ee6d2030,,,
CONTROLLED_PART_DEFINITION,STOWED,DF8-R2-AFT-ROUTE-RING-001,A,AFT STRUCTURAL RING WITH CONTROLLED ROUTE PASSAGES,Ti-6Al-4V,MAKE,STINGRAY custom,DRAWING_DERIVED,,,Mill-turn and jig-bore,,,0.04649309695475498,10495.055745994352,1,10,AP242,controlled_part_definitions/DF8-R2-AFT-ROUTE-RING-001__REV_A__STATE_STOWED__LOCAL_AP242.step,34429,1a9a4812aaa8242ff3f8cd647a6d1c30a687d0479f93956094efb873bdb99522,controlled_part_definitions/DF8-R2-AFT-ROUTE-RING-001__REV_A__STATE_STOWED__LOCAL_OCCT.brep,8551,68cb7dd150c9546f2d6a0be62f161e19fb2b3754fcd293014c593c213a4b84e8,,,
CONTROLLED_PART_DEFINITION,STOWED,DF8-R2-AFT-SHELL-001,A,AFT GRADE-9 SHELL WITH HARDPOINT AND HINGE APERTURES,Ti-3Al-2.5V Grade 9,MAKE,STINGRAY custom,DRAWING_DERIVED,,,Cold draw; laser cut controlled apertures,,,0.24812740235763994,55385.580883401766,1,20,AP242,controlled_part_definitions/DF8-R2-AFT-SHELL-001__REV_A__STATE_STOWED__LOCAL_AP242.step,230185,1f74a73fa6ae69fcef3e6511ed73392e9bce81f841d2ca235ec8b8c5caa1a119,controlled_part_definitions/DF8-R2-AFT-SHELL-001__REV_A__STATE_STOWED__LOCAL_OCCT.brep,113551,faeeba45aa3cfcd3f38371b6b5d8bd4efbeba342dd1d39cd493d61cefb5a21e2,,,
CONTROLLED_PART_DEFINITION,STOWED,DF8-R2-ARM-BLADE-001,A,733.806 MM SMOOTH ANALYTIC HOLLOW OML ARM,Ti-6Al-4V,MAKE,STINGRAY custom,DRAWING_DERIVED,,,Hot form; 5-axis machine; laser weld; CMM inspect,,Analytic cylindrical OML; no planar patch tiling or mesh-derived surfaces.,0.11653605299251314,26306.106770318995,1,103,AP242,controlled_part_definitions/DF8-R2-ARM-BLADE-001__REV_A__STATE_STOWED__LOCAL_AP242.step,705685,5bd4339acd0017ba6d2af84d2c2cd650edce86f7a76e2e611fddaaec2961e56f,controlled_part_definitions/DF8-R2-ARM-BLADE-001__REV_A__STATE_STOWED__LOCAL_OCCT.brep,278491,b4a2bb01956debb0a126f6f8cfc951a153ef0515bb9e5a547f7fc633abafeb50,,,
CONTROLLED_PART_DEFINITION,STOWED,DF8-R2-ARM-STOP-PAD-001,A,REPLACEABLE ARM STOP AND LOCK STRIKE,17-4PH stainless steel,MAKE,STINGRAY custom,DRAWING_DERIVED,,,Wire EDM and grind,,,0.0011190999999999998,144.39999999999998,1,6,AP242,controlled_part_definitions/DF8-R2-ARM-STOP-PAD-001__REV_A__STATE_STOWED__LOCAL_AP242.step,17708,c1433f07d3a63a93b79d11b3a336bb7e661c03cf45fd5bc74aced54ea88f2bd1,controlled_part_definitions/DF8-R2-ARM-STOP-PAD-001__REV_A__STATE_STOWED__LOCAL_OCCT.brep,2844,8993d606728187fda1bc6ec26ee08eb66c4a96b395a61df09e100319135aeae1,,,
CONTROLLED_PART_DEFINITION,STOWED,DF8-R2-BACKUP-SPRING-16N-001,A,CUSTOM 16 N/MM GUIDED BACKUP COMPRESSION SPRING,1.4310 stainless spring steel,MAKE,Qualified spring supplier TBD,PROVISIONAL — BLOCKS FINAL RELEASE,,,Cold coil and stress relieve,,Exact performance supplier and qualification remain open.,0.0586837153787682,7475.63253232716,3,5,AP242,controlled_part_definitions/DF8-R2-BACKUP-SPRING-16N-001__REV_A__STATE_STOWED__LOCAL_AP242.step,288335,091885bed3df9f34f68691d728c9291503197dee18a1fb8c21123febc1861d17,controlled_part_definitions/DF8-R2-BACKUP-SPRING-16N-001__REV_A__STATE_STOWED__LOCAL_OCCT.brep,180236,4d55201ddc35287f8dd21c0642db058460ed3026583537b12143e41398e2cddf,,,
CONTROLLED_PART_DEFINITION,STOWED,DF8-R2-BACKUP-SPRING-FIXED-SEAT-001,A,BACKUP SPRING AFT FIXED SEAT,Ti-6Al-4V,MAKE,STINGRAY custom,DRAWING_DERIVED,,,Mill-turn,,,0.004223191167941975,953.3162907318227,1,4,AP242,controlled_part_definitions/DF8-R2-BACKUP-SPRING-FIXED-SEAT-001__REV_A__STATE_STOWED__LOCAL_AP242.step,11593,4741086bc87048c04b2f1a7e6a5e3a258efabc80b2e28e8f6484e4638f8f0ebc,controlled_part_definitions/DF8-R2-BACKUP-SPRING-FIXED-SEAT-001__REV_A__STATE_STOWED__LOCAL_OCCT.brep,2137,f202db1cae310446d12e68864b78a5875556c26cee84f5f5f1dd2119307d3247,,,
CONTROLLED_PART_DEFINITION,STOWED,DF8-R2-BACKUP-SPRING-GUIDE-001,A,BACKUP SPRING DLC GUIDE SHAFT,17-4PH stainless steel,MAKE,STINGRAY custom,DRAWING_DERIVED,,,Centerless grind and DLC,,,0.028151615419277288,3632.4665057131983,1,3,AP242,controlled_part_definitions/DF8-R2-BACKUP-SPRING-GUIDE-001__REV_A__STATE_STOWED__LOCAL_AP242.step,7908,cef0654952140468b25929b42e2b83b3c353f01e77e61adbb64201e72bc62df5,controlled_part_definitions/DF8-R2-BACKUP-SPRING-GUIDE-001__REV_A__STATE_STOWED__LOCAL_OCCT.brep,1120,062dce4e836da4764304ec9accf8df298bb0d6170d83c994fa9bf943f64aceea,,,
CONTROLLED_PART_DEFINITION,STOWED,DF8-R2-BACKUP-SPRING-MOVING-SEAT-001,A,BACKUP SPRING CROSSHEAD SEAT,17-4PH stainless steel,MAKE,STINGRAY custom,DRAWING_DERIVED,,,Mill-turn,,,0.0073882012531716265,953.3162907318227,1,4,AP242,controlled_part_definitions/DF8-R2-BACKUP-SPRING-MOVING-SEAT-001__REV_A__STATE_STOWED__LOCAL_AP242.step,11598,81b04e7715563f5f649fffa743977ab8c43a75f9b92866076eba92deffba2546,controlled_part_definitions/DF8-R2-BACKUP-SPRING-MOVING-SEAT-001__REV_A__STATE_STOWED__LOCAL_OCCT.brep,2137,f202db1cae310446d12e68864b78a5875556c26cee84f5f5f1dd2119307d3247,,,
CONTROLLED_PART_DEFINITION,STOWED,DF8-R2-BALLAST-001,A,FORWARD TUNGSTEN BALLAST AND PRIMARY SPINE SOCKET,Tungsten heavy alloy,MAKE,STINGRAY custom,DRAWING_DERIVED,,,CNC turn; wire-EDM socket,,,4.885286155083886,287369.77382846386,1,4,AP242,controlled_part_definitions/DF8-R2-BALLAST-001__REV_A__STATE_STOWED__LOCAL_AP242.step,11505,572b960cd6a8d927a82bb049799537a8d532b8d4af5969d0eaaddf8c27bf3429,controlled_part_definitions/DF8-R2-BALLAST-001__REV_A__STATE_STOWED__LOCAL_OCCT.brep,2122,513ad7f7aa632c09be5f2fb291ed77834b0297ee76d0edc4af59cdccb4cde15d,,,
CONTROLLED_PART_DEFINITION,STOWED,DF8-R2-BOOSTER-BAND-001,A,CAPTIVE BOOSTER SUPPORT BAND WITH M3 TAB,PEEK,MAKE,STINGRAY custom,DRAWING_DERIVED,,,Machine from PEEK,,,0.00026500552547815466,200.76176172587475,1,23,AP242,controlled_part_definitions/DF8-R2-BOOSTER-BAND-001__REV_A__STATE_STOWED__LOCAL_AP242.step,88306,877f4dbe07aa523e393f71a26d3a853801ab418006c9304a5b399ecfa53dc9ac,controlled_part_definitions/DF8-R2-BOOSTER-BAND-001__REV_A__STATE_STOWED__LOCAL_OCCT.brep,21109,5c837c898a10d013da67bef26562866f2faff593c9b7052351f9aa74ab88ce20,,,
CONTROLLED_PART_DEFINITION,STOWED,DF8-R2-BOOSTER-RESERVOIR-001,A,13 OD X 11 ID X 430 BOOSTER RESERVOIR WITH END BOSSES,316 stainless steel,MAKE,STINGRAY custom,DRAWING_DERIVED,,,Seamless tube; orbital weld; proof test,,PROVISIONAL — BLOCKS FINAL RELEASE: pressure design and supplier unresolved.,0.1376017582272329,17200.219778404113,1,12,AP242,controlled_part_definitions/DF8-R2-BOOSTER-RESERVOIR-001__REV_A__STATE_STOWED__LOCAL_AP242.step,27064,3f4144b4a84797130196eaac3443cc8025a8745d86b3cf0de4ab86943ccc5647,controlled_part_definitions/DF8-R2-BOOSTER-RESERVOIR-001__REV_A__STATE_STOWED__LOCAL_OCCT.brep,6328,94f137491c6168996ea2733b04b182083ff362b53842e66e41af38f4bd73d167,,,
CONTROLLED_PART_DEFINITION,STOWED,DF8-R2-BOWDEN-SHEATH-001,A,CONTINUOUS TERMINATED BOWDEN SHEATH,316 stainless steel,MAKE,STINGRAY custom,DRAWING_DERIVED,,,Seamless formed tube,,Exact cable nipple supplier unresolved.,0.010433373493010418,1304.1716866263023,1,24,AP242,controlled_part_definitions/DF8-R2-BOWDEN-SHEATH-001__REV_A__STATE_STOWED__LOCAL_AP242.step,77320,a5fea4582c50d0b1a6c76c0f9811d28653a9c21a6d3ea93536a0535891a778ca,controlled_part_definitions/DF8-R2-BOWDEN-SHEATH-001__REV_A__STATE_STOWED__LOCAL_OCCT.brep,26595,1459e608171d243254e1b60d00f6257e706ddfba6f81ac96ec3bede10d535cda,,,
CONTROLLED_PART_DEFINITION,STOWED,DF8-R2-BOWDEN-SHEATH-UNION-001,A,BOWDEN SHEATH DOUBLE-FERRULE BULKHEAD UNION,316 stainless steel,BUY,Qualified micro-fitting supplier TBD,PROVISIONAL — BLOCKS FINAL RELEASE,,,,,"Exact fitting, ferrule, seal, and rating unresolved.",0.00011083538881864788,13.854423602330986,2,8,AP242,controlled_part_definitions/DF8-R2-BOWDEN-SHEATH-UNION-001__REV_A__STATE_STOWED__LOCAL_AP242.step,19687,a414f527f03a0881c82e1f3485625d139e7cc9d2946a922ea2beb4bc6faaf2cd,controlled_part_definitions/DF8-R2-BOWDEN-SHEATH-UNION-001__REV_A__STATE_STOWED__LOCAL_OCCT.brep,4178,30828e4b1eb4d838cd103f2d9b85fb7d9dc3fad9695a105016768fa58e0f946d,,,
CONTROLLED_PART_DEFINITION,STOWED,DF8-R2-BOWDEN-WIRE-001,A,CONTINUOUS TERMINATED BOWDEN WIRE,17-4PH stainless steel,MAKE,STINGRAY custom,DRAWING_DERIVED,,,Bowden wire,,Exact cable nipple supplier unresolved.,0.001961427515091197,253.08742130208992,1,9,AP242,controlled_part_definitions/DF8-R2-BOWDEN-WIRE-001__REV_A__STATE_STOWED__LOCAL_AP242.step,28507,51eab4173b4d672c7f531dbef1ad5ebb9f8f20fec1c189a978f8a3afd273ea6d,controlled_part_definitions/DF8-R2-BOWDEN-WIRE-001__REV_A__STATE_STOWED__LOCAL_OCCT.brep,9879,470d68112a9138fd6281dbe20830d7cd308939a5c6ed0f432a51959f7866ff6a,,,
CONTROLLED_PART_DEFINITION,STOWED,DF8-R2-BOWDEN-WIRE-UNION-001,A,BOWDEN WIRE DOUBLE-FERRULE BULKHEAD UNION,316 stainless steel,BUY,Qualified micro-fitting supplier TBD,PROVISIONAL — BLOCKS FINAL RELEASE,,,,,"Exact fitting, ferrule, seal, and rating unresolved.",1.432566250036947e-05,1.790707812546184,2,8,AP242,controlled_part_definitions/DF8-R2-BOWDEN-WIRE-UNION-001__REV_A__STATE_STOWED__LOCAL_AP242.step,19677,a2898eea5035cf7f73474d246e3fcd30e4cc32b11f24a7fd1d73be4af4931a51,controlled_part_definitions/DF8-R2-BOWDEN-WIRE-UNION-001__REV_A__STATE_STOWED__LOCAL_OCCT.brep,4197,503b562a1d61da7c16a21814cf5041d0574ebb9e7f699d156786cb3e6082ce35,,,
CONTROLLED_PART_DEFINITION,STOWED,DF8-R2-BUOY-GORE-01,A,60 L BUOY GORE 1 OF 8,TPU-coated nylon,MAKE,STINGRAY custom,DRAWING_DERIVED,,,Waterjet cut; RF weld 12 mm seams,,,0.0015033600000000007,1252.8000000000006,1,6,AP242,controlled_part_definitions/DF8-R2-BUOY-GORE-01__REV_A__STATE_STOWED__LOCAL_AP242.step,17840,2468d36880c79a296b3e3219eeb535224ea009cc9b4736e9c0ae4ed9c91d0886,controlled_part_definitions/DF8-R2-BUOY-GORE-01__REV_A__STATE_STOWED__LOCAL_OCCT.brep,2503,8de3cd4840b0de599ad79d68b0ceef72c2c5b11b431c83ccca22009b40d240ed,,,
CONTROLLED_PART_DEFINITION,STOWED,DF8-R2-BUOY-GORE-02,A,60 L BUOY GORE 2 OF 8,TPU-coated nylon,MAKE,STINGRAY custom,DRAWING_DERIVED,,,Waterjet cut; RF weld 12 mm seams,,,0.001503360000000002,1252.8000000000018,1,6,AP242,controlled_part_definitions/DF8-R2-BUOY-GORE-02__REV_A__STATE_STOWED__LOCAL_AP242.step,18799,ab5a67cb1b1d648399ce80ca78101f8e272c581280197cc9ba121b0c3646084c,controlled_part_definitions/DF8-R2-BUOY-GORE-02__REV_A__STATE_STOWED__LOCAL_OCCT.brep,3744,be6ac5c6d26e40e4b9f09394fb0d348b92948bc656d680c390daa52888c98dd5,,,
CONTROLLED_PART_DEFINITION,STOWED,DF8-R2-BUOY-GORE-03,A,60 L BUOY GORE 3 OF 8,TPU-coated nylon,MAKE,STINGRAY custom,DRAWING_DERIVED,,,Waterjet cut; RF weld 12 mm seams,,,0.0015033599999999985,1252.7999999999988,1,6,AP242,controlled_part_definitions/DF8-R2-BUOY-GORE-03__REV_A__STATE_STOWED__LOCAL_AP242.step,18094,d94bbb9484c58a166fb982403e4cf77b5af4ae38ea59cc5c1d30bf8152eca3b6,controlled_part_definitions/DF8-R2-BUOY-GORE-03__REV_A__STATE_STOWED__LOCAL_OCCT.brep,3008,84e0db253cebb10b160f27b56d171f41ad21f15873ab9e575b387efb4e75ca83,,,
CONTROLLED_PART_DEFINITION,STOWED,DF8-R2-BUOY-GORE-04,A,60 L BUOY GORE 4 OF 8,TPU-coated nylon,MAKE,STINGRAY custom,DRAWING_DERIVED,,,Waterjet cut; RF weld 12 mm seams,,,0.0015033600000000005,1252.8000000000004,1,6,AP242,controlled_part_definitions/DF8-R2-BUOY-GORE-04__REV_A__STATE_STOWED__LOCAL_AP242.step,18824,b91246730661d961c53c63f51ffd36426de85c3f6751074c636a6a56551e25bb,controlled_part_definitions/DF8-R2-BUOY-GORE-04__REV_A__STATE_STOWED__LOCAL_OCCT.brep,3740,c9723fe1919794e436b5b0230d636bb2fc4c225df674b26744883bcd79bc6bec,,,
CONTROLLED_PART_DEFINITION,STOWED,DF8-R2-BUOY-GORE-05,A,60 L BUOY GORE 5 OF 8,TPU-coated nylon,MAKE,STINGRAY custom,DRAWING_DERIVED,,,Waterjet cut; RF weld 12 mm seams,,,0.0015033599999999985,1252.7999999999988,1,6,AP242,controlled_part_definitions/DF8-R2-BUOY-GORE-05__REV_A__STATE_STOWED__LOCAL_AP242.step,18166,5bdc64ad08014132e34082f1ab98155e98baa7eee623307322316117fba0e652,controlled_part_definitions/DF8-R2-BUOY-GORE-05__REV_A__STATE_STOWED__LOCAL_OCCT.brep,3271,d59df3fbb7a137d57f34af4805ba4073ed179f1a8cd9cdb735cbd9d8a7b42ebe,,,
CONTROLLED_PART_DEFINITION,STOWED,DF8-R2-BUOY-GORE-06,A,60 L BUOY GORE 6 OF 8,TPU-coated nylon,MAKE,STINGRAY custom,DRAWING_DERIVED,,,Waterjet cut; RF weld 12 mm seams,,,0.001503359999999998,1252.7999999999984,1,6,AP242,controlled_part_definitions/DF8-R2-BUOY-GORE-06__REV_A__STATE_STOWED__LOCAL_AP242.step,18802,2a60dfd09284f0bc229d79200a76e404b6e1c574c0b2b7d8339f64a819541cba,controlled_part_definitions/DF8-R2-BUOY-GORE-06__REV_A__STATE_STOWED__LOCAL_OCCT.brep,3796,813e81ebeda54513793ed4fb294608543d45961d81e41e1ad83c22c1bf2a3dec,,,
CONTROLLED_PART_DEFINITION,STOWED,DF8-R2-BUOY-GORE-07,A,60 L BUOY GORE 7 OF 8,TPU-coated nylon,MAKE,STINGRAY custom,DRAWING_DERIVED,,,Waterjet cut; RF weld 12 mm seams,,,0.0015033599999999985,1252.7999999999988,1,6,AP242,controlled_part_definitions/DF8-R2-BUOY-GORE-07__REV_A__STATE_STOWED__LOCAL_AP242.step,18156,6f75712fbf1404b1d78fc85d47ca93fa0e8b4b2787942e4a144d0d78fcc1d7d1,controlled_part_definitions/DF8-R2-BUOY-GORE-07__REV_A__STATE_STOWED__LOCAL_OCCT.brep,3183,2a30d00ad7e5ab16b52679a8c3000fac05f03dc67ddaae4ff765923dda87e81f,,,
CONTROLLED_PART_DEFINITION,STOWED,DF8-R2-BUOY-GORE-08,A,60 L BUOY GORE 8 OF 8,TPU-coated nylon,MAKE,STINGRAY custom,DRAWING_DERIVED,,,Waterjet cut; RF weld 12 mm seams,,,0.0015033600000000007,1252.8000000000006,1,6,AP242,controlled_part_definitions/DF8-R2-BUOY-GORE-08__REV_A__STATE_STOWED__LOCAL_AP242.step,18812,10ec7f3db9172ad1a0d1eb08935a19d70be331549cde9a425b3d9ca485a3cd72,controlled_part_definitions/DF8-R2-BUOY-GORE-08__REV_A__STATE_STOWED__LOCAL_OCCT.brep,3757,7688b48e2760cc0778066e1f91a3bc2e0c6b55b31f7b3193736c77dc09b5e3fc,,,
CONTROLLED_PART_DEFINITION,STOWED,DF8-R2-CARTRIDGE-CARRIER-001,A,FOUR-CARTRIDGE DOUBLE-PLATE CARRIER,7075-T6 aluminum,MAKE,STINGRAY custom,DRAWING_DERIVED,,,5-axis mill,,,0.007803692491254046,2777.1147655708346,2,15,AP242,controlled_part_definitions/DF8-R2-CARTRIDGE-CARRIER-001__REV_A__STATE_STOWED__LOCAL_AP242.step,46201,b3c67f99c2b0af1a3094ff4f33df676b5bd23471cc33f99e35837515e5974ce1,controlled_part_definitions/DF8-R2-CARTRIDGE-CARRIER-001__REV_A__STATE_STOWED__LOCAL_OCCT.brep,10597,fea44e080ab56307f1281dbf3a67e684e03cdab2739ddda2ebebc1b490b38e28,,,
CONTROLLED_PART_DEFINITION,STOWED,DF8-R2-COLLECTION-MANIFOLD-001,A,FOUR-PORT COLLECTION MANIFOLD WITH BORED PASSAGES,316 stainless steel,MAKE,STINGRAY custom,DRAWING_DERIVED,,,5-axis mill; gun drill; proof test,,,0.09340331950240885,11675.414937801106,1,8,AP242,controlled_part_definitions/DF8-R2-COLLECTION-MANIFOLD-001__REV_A__STATE_STOWED__LOCAL_AP242.step,26088,7ee55e23576035d2e006e2b27d913d0d59a57027548b822b9fa43c5c134e4e81,controlled_part_definitions/DF8-R2-COLLECTION-MANIFOLD-001__REV_A__STATE_STOWED__LOCAL_OCCT.brep,6000,98b1b9418e32582d1ed8f27b86706bff286eb5ee429153ee5453a5dbbc85f50e,,,
CONTROLLED_PART_DEFINITION,STOWED,DF8-R2-CROSSHEAD-001,A,ONE-PIECE SIX-CLEVIS GUIDED COMMON CROSSHEAD,17-4PH stainless steel,MAKE,STINGRAY custom,DRAWING_DERIVED,,,5-axis mill-turn; H900; hone,,,0.012188178597747729,1572.6682061609972,5,213,AP242,controlled_part_definitions/DF8-R2-CROSSHEAD-001__REV_A__STATE_STOWED__LOCAL_AP242.step,684394,60d819f7d4db5edeb866d85100631d872fa06b48e0b522e8cc68ea8ae6aaa215,controlled_part_definitions/DF8-R2-CROSSHEAD-001__REV_A__STATE_STOWED__LOCAL_OCCT.brep,205048,a553763ab430d0c2279929577bff26b7e0be8fb2034aa15c5274a4359f682fea,,,
CONTROLLED_PART_DEFINITION,STOWED,DF8-R2-CROSSHEAD-GUIDE-001,A,CENTRAL DLC CROSSHEAD GUIDE SHAFT,17-4PH stainless steel,MAKE,STINGRAY custom,DRAWING_DERIVED,,,Centerless grind and DLC,,,0.008975404547599895,1158.1167158193414,1,3,AP242,controlled_part_definitions/DF8-R2-CROSSHEAD-GUIDE-001__REV_A__STATE_STOWED__LOCAL_AP242.step,7886,0972c1f36bf5e68f6529d7f4aae98928819db5f5915a2bf7ee62f277e26607b3,controlled_part_definitions/DF8-R2-CROSSHEAD-GUIDE-001__REV_A__STATE_STOWED__LOCAL_OCCT.brep,1204,061bfd596c1fa568234a05bb48ddf22d666d97519601f680c40c37e6fe5a705c,,,
CONTROLLED_PART_DEFINITION,STOWED,DF8-R2-FIXED-SECTOR-001,A,ANALYTIC CYLINDRICAL FIXED BODY SECTOR,Ti-6Al-4V,MAKE,STINGRAY custom,DRAWING_DERIVED,,,Hot form and 5-axis trim,,,0.4661601028903279,105228.01419646227,1,10,AP242,controlled_part_definitions/DF8-R2-FIXED-SECTOR-001__REV_A__STATE_STOWED__LOCAL_AP242.step,35017,454d78ddab811287229e4e4e04df24e34dcd7c164f698372470db3835dc41490,controlled_part_definitions/DF8-R2-FIXED-SECTOR-001__REV_A__STATE_STOWED__LOCAL_OCCT.brep,8720,cd7b4e576331cf39c406e89130f96c1aa2ca15580c5a85798f4173e3c59f49f6,,,
CONTROLLED_PART_DEFINITION,STOWED,DF8-R2-FIXED-STOP-001,A,80 DEGREE DOWEL-LOCATED FIXED STOP,17-4PH stainless steel,MAKE,STINGRAY custom,DRAWING_DERIVED,,,Wire EDM and grind,,,0.0013980999999999998,180.39999999999998,1,6,AP242,controlled_part_definitions/DF8-R2-FIXED-STOP-001__REV_A__STATE_STOWED__LOCAL_AP242.step,17697,ff11ff9b9f9e29291a770a7d18e76ffaabeb9abdb44146550be548a2c22b9e91,controlled_part_definitions/DF8-R2-FIXED-STOP-001__REV_A__STATE_STOWED__LOCAL_OCCT.brep,2548,1fb992e64b65fa68fda0a5b58692ea8801e8881c707284e9440340f62e560def,,,
CONTROLLED_PART_DEFINITION,STOWED,DF8-R2-FULLFLOW-VALVE-001,A,DIRECT FULL-FLOW VALVE WITH BORED AXIAL AND RADIAL PORTS,17-4PH stainless steel,MAKE,STINGRAY custom,DRAWING_DERIVED,,,Swiss turn; cross-drill; lap,,,0.015129307169058515,1952.1686669752921,1,16,AP242,controlled_part_definitions/DF8-R2-FULLFLOW-VALVE-001__REV_A__STATE_STOWED__LOCAL_AP242.step,127343,de3779beb4cff4aa93af654568c975569d6ea23409442673fea8472e7138694f,controlled_part_definitions/DF8-R2-FULLFLOW-VALVE-001__REV_A__STATE_STOWED__LOCAL_OCCT.brep,63609,fa0c57315262b18625993a541d581d9463061082fa61b70b78e8a366c4172ae8,,,
CONTROLLED_PART_DEFINITION,STOWED,DF8-R2-FWD-LONGERON-001,A,FORWARD PRIMARY LOAD-PATH LONGERON,Ti-6Al-4V,MAKE,STINGRAY custom,DRAWING_DERIVED,,,5-axis mill,,,0.01762401438607598,3978.3328185273094,1,8,AP242,controlled_part_definitions/DF8-R2-FWD-LONGERON-001__REV_A__STATE_STOWED__LOCAL_AP242.step,27465,2565054934c4e18a957f30594efb451c5a5bdbdecaba821b580f8f0bd66055f5,controlled_part_definitions/DF8-R2-FWD-LONGERON-001__REV_A__STATE_STOWED__LOCAL_OCCT.brep,6812,8d63d7696ae394fdfc488babaf5dae7f99dec91708d25cbde7ffec97c0b0c128,,,
CONTROLLED_PART_DEFINITION,STOWED,DF8-R2-FWD-SHELL-001,A,FORWARD GRADE-9 TITANIUM SHELL WITH CONTROLLED WATER PORT,Ti-3Al-2.5V Grade 9,MAKE,STINGRAY custom,DRAWING_DERIVED,,,Cold draw; laser port; finish hone,,,0.44953433628175915,100342.48577717837,1,22,AP242,controlled_part_definitions/DF8-R2-FWD-SHELL-001__REV_A__STATE_STOWED__LOCAL_AP242.step,112844,3198a4574df264e6f0e62f172370570766c034de481ded0a9b8b2bb09f15bb95,controlled_part_definitions/DF8-R2-FWD-SHELL-001__REV_A__STATE_STOWED__LOCAL_OCCT.brep,40261,bedf891f5797f6583ea5c24c48b7deee9a9f0ac930fc61a573336b5c5b49bd00,,,
CONTROLLED_PART_DEFINITION,STOWED,DF8-R2-GAS-MAIN-001,A,CONTINUOUS TERMINATED GAS MAIN,316 stainless steel,MAKE,STINGRAY custom,DRAWING_DERIVED,,,Seamless formed tube,,Exact supplier/fitting pressure rating remains provisional.,0.013001099651955856,1625.137456494482,1,24,AP242,controlled_part_definitions/DF8-R2-GAS-MAIN-001__REV_A__STATE_STOWED__LOCAL_AP242.step,77792,66c03248d4f3ad3dc1c783d56ae29a252ab8849c42a3e9f85b1f2a4e86834d76,controlled_part_definitions/DF8-R2-GAS-MAIN-001__REV_A__STATE_STOWED__LOCAL_OCCT.brep,26188,0bc3de47b919c17caf8ccbec379a564f03c6beee841131994f4c864d377d163f,,,
CONTROLLED_PART_DEFINITION,STOWED,DF8-R2-GAS-MAIN-UNION-001,A,GAS MAIN DOUBLE-FERRULE BULKHEAD UNION,316 stainless steel,BUY,Qualified micro-fitting supplier TBD,PROVISIONAL — BLOCKS FINAL RELEASE,,,,,"Exact fitting, ferrule, seal, and rating unresolved.",0.00017477308250450738,21.846635313063423,2,8,AP242,controlled_part_definitions/DF8-R2-GAS-MAIN-UNION-001__REV_A__STATE_STOWED__LOCAL_AP242.step,19648,d102f742a7e2e7b6043960430375d603096bda9d3d7bbb781a58018ecda5015a,controlled_part_definitions/DF8-R2-GAS-MAIN-UNION-001__REV_A__STATE_STOWED__LOCAL_OCCT.brep,4128,ce87efe4539af2654411eb04958804e75cd5fda5168d473156a4626e2a81c720,,,
CONTROLLED_PART_DEFINITION,STOWED,DF8-R2-HARNESS-BAND-1,A,X-6292 STRUCTURAL HARNESS CLOSED BAND 1,UHMWPE webbing,MAKE,Sturges X-6292 raw webbing / STINGRAY finished assembly,PROVISIONAL — BLOCKS FINAL RELEASE,,,"Cut, fold, stitch and proof load",,"Finished stitching, MBS and proof acceptance remain open.",,4358.6399999999985,6,36,AP242,controlled_part_definitions/DF8-R2-HARNESS-BAND-1__REV_A__STATE_STOWED__LOCAL_AP242.step,92699,9b88da1727f75f2060f5e6ddad5fa1a9ffa74ffbb27de9a8ac2cc74470886227,controlled_part_definitions/DF8-R2-HARNESS-BAND-1__REV_A__STATE_STOWED__LOCAL_OCCT.brep,17932,f87c45ce36f43492823f4083b7ca64d87667571bdfd3a7922a3f4a0142599f84,,,
CONTROLLED_PART_DEFINITION,STOWED,DF8-R2-HARNESS-BAND-2,A,X-6292 STRUCTURAL HARNESS CLOSED BAND 2,UHMWPE webbing,MAKE,Sturges X-6292 raw webbing / STINGRAY finished assembly,PROVISIONAL — BLOCKS FINAL RELEASE,,,"Cut, fold, stitch and proof load",,"Finished stitching, MBS and proof acceptance remain open.",,4358.6399999999985,6,36,AP242,controlled_part_definitions/DF8-R2-HARNESS-BAND-2__REV_A__STATE_STOWED__LOCAL_AP242.step,93551,61c92dda1bd674e9f8e181f8c6e24ae6a387bd30a4baa52bfbe441d219869d53,controlled_part_definitions/DF8-R2-HARNESS-BAND-2__REV_A__STATE_STOWED__LOCAL_OCCT.brep,19293,48c03a999f4b871e732dc69592f7e9911ffd05f0f972d0b5da41e1804071ce74,,,
CONTROLLED_PART_DEFINITION,STOWED,DF8-R2-HARNESS-LEG-XN,A,X-6292 TERMINAL HARNESS LEG XN,UHMWPE webbing,MAKE,Sturges X-6292 raw webbing / STINGRAY finished assembly,PROVISIONAL — BLOCKS FINAL RELEASE,,,"Fold, stitch and proof load",,Finished stitch pattern and proof basis remain open.,,106.4218022775409,1,6,AP242,controlled_part_definitions/DF8-R2-HARNESS-LEG-XN__REV_A__STATE_STOWED__LOCAL_AP242.step,18837,530b416742620ac86f287e43ed0c6de462a446eadf418745637d5785925370f5,controlled_part_definitions/DF8-R2-HARNESS-LEG-XN__REV_A__STATE_STOWED__LOCAL_OCCT.brep,3798,5c2953315d687a1f24391f1536deefe5184869bacfdc5946a3b68e232c3fd585,,,
CONTROLLED_PART_DEFINITION,STOWED,DF8-R2-HARNESS-LEG-XP,A,X-6292 TERMINAL HARNESS LEG XP,UHMWPE webbing,MAKE,Sturges X-6292 raw webbing / STINGRAY finished assembly,PROVISIONAL — BLOCKS FINAL RELEASE,,,"Fold, stitch and proof load",,Finished stitch pattern and proof basis remain open.,,106.42180227754092,1,6,AP242,controlled_part_definitions/DF8-R2-HARNESS-LEG-XP__REV_A__STATE_STOWED__LOCAL_AP242.step,18814,79616f518c420e088b3fd8db2a265968aec00dbd685c6a9d6bb997bf29b12bf3,controlled_part_definitions/DF8-R2-HARNESS-LEG-XP__REV_A__STATE_STOWED__LOCAL_OCCT.brep,3772,6c42828d16d3ce06c1535115d3773e38f8903653a0c731d8b2ee30b215b45743,,,
CONTROLLED_PART_DEFINITION,STOWED,DF8-R2-HARNESS-LEG-YN,A,X-6292 TERMINAL HARNESS LEG YN,UHMWPE webbing,MAKE,Sturges X-6292 raw webbing / STINGRAY finished assembly,PROVISIONAL — BLOCKS FINAL RELEASE,,,"Fold, stitch and proof load",,Finished stitch pattern and proof basis remain open.,,106.42180227754088,1,6,AP242,controlled_part_definitions/DF8-R2-HARNESS-LEG-YN__REV_A__STATE_STOWED__LOCAL_AP242.step,18816,6dc3334f9316423c80f5d3be8f8c8d67cc3697a196a543054a8fc08f33620c22,controlled_part_definitions/DF8-R2-HARNESS-LEG-YN__REV_A__STATE_STOWED__LOCAL_OCCT.brep,4127,c6d17cf0a4f17d35785a4434817ec5007e6aa00d4483457ee909cfab92490942,,,
CONTROLLED_PART_DEFINITION,STOWED,DF8-R2-HARNESS-LEG-YP,A,X-6292 TERMINAL HARNESS LEG YP,UHMWPE webbing,MAKE,Sturges X-6292 raw webbing / STINGRAY finished assembly,PROVISIONAL — BLOCKS FINAL RELEASE,,,"Fold, stitch and proof load",,Finished stitch pattern and proof basis remain open.,,106.42180227754088,1,6,AP242,controlled_part_definitions/DF8-R2-HARNESS-LEG-YP__REV_A__STATE_STOWED__LOCAL_AP242.step,18807,f99f7501450b6863e42503cc5e1c4741ab9a9426df6348de99f3241818bd4714,controlled_part_definitions/DF8-R2-HARNESS-LEG-YP__REV_A__STATE_STOWED__LOCAL_OCCT.brep,4105,9ad038b114fef11331c8714691ee9943d5bd4eee3bc2cc2db77052651b60d5a3,,,
CONTROLLED_PART_DEFINITION,STOWED,DF8-R2-LINK-E-RING-004,A,4 MM LINK-PIN EXTERNAL RETAINING RING,1.4310 stainless spring steel,BUY,Qualified retainer supplier TBD,PROVISIONAL — BLOCKS FINAL RELEASE,,,Stamped spring ring,,,4.345508650541629e-05,5.5356798096071715,1,8,AP242,controlled_part_definitions/DF8-R2-LINK-E-RING-004__REV_A__STATE_STOWED__LOCAL_AP242.step,26884,14e664f7890c88033b21c1dbd3e0c9a4b82347a4add45ee354a499b8368d89d1,controlled_part_definitions/DF8-R2-LINK-E-RING-004__REV_A__STATE_STOWED__LOCAL_OCCT.brep,7156,1e4732cf329de19cf2f81d50919b0f003c2893b7ba807f3e05e90d292144f163,,,
CONTROLLED_PART_DEFINITION,STOWED,DF8-R2-LINK-PIN-004,A,4 MM FULL-SPAN LINK PIN WITH RETAINER GROOVE,17-4PH stainless steel,MAKE,STINGRAY custom,DRAWING_DERIVED,,,Swiss turn; H900; grind,,,0.001280137647106325,165.17905123952582,1,9,AP242,controlled_part_definitions/DF8-R2-LINK-PIN-004__REV_A__STATE_STOWED__LOCAL_AP242.step,19481,68a279da6443b3916e39492a1f1f41e623055263bc1c5fc1620cbb1e7a8f9212,controlled_part_definitions/DF8-R2-LINK-PIN-004__REV_A__STATE_STOWED__LOCAL_OCCT.brep,3955,e620d79a1249e0a220930a585d5a5353caaab0b0244d95427b3ac483099efb45,,,
CONTROLLED_PART_DEFINITION,STOWED,DF8-R2-LOCK-DOG-001,A,CAPTIVE DEPLOYED LOCK DOG,17-4PH stainless steel,MAKE,STINGRAY custom,DRAWING_DERIVED,,,Wire EDM and lap,,,0.0003534,45.6,1,6,AP242,controlled_part_definitions/DF8-R2-LOCK-DOG-001__REV_A__STATE_STOWED__LOCAL_AP242.step,17651,4e9aa898f2e155f00302e97ac44bc68511fe909fdb481dffc894f6b1a59be5ff,controlled_part_definitions/DF8-R2-LOCK-DOG-001__REV_A__STATE_STOWED__LOCAL_OCCT.brep,2514,0cba655ea5971c6b76fae731ef885a8db52ce7c1b7e3b9057293786bc09f9164,,,
CONTROLLED_PART_DEFINITION,STOWED,DF8-R2-LOCK-SPRING-001,A,CAPTURED LOCK-DOG RETURN SPRING,1.4310 stainless spring steel,MAKE,STINGRAY custom,DRAWING_DERIVED,,,Cold coil,,,0.00014296336234718605,18.211893292635168,3,5,AP242,controlled_part_definitions/DF8-R2-LOCK-SPRING-001__REV_A__STATE_STOWED__LOCAL_AP242.step,76863,0157e355c1574cc15abc08f1037f344a34cdd10e587dd6718f72221cefaa4b63,controlled_part_definitions/DF8-R2-LOCK-SPRING-001__REV_A__STATE_STOWED__LOCAL_OCCT.brep,44789,fc7540042e3d79c48cbcb011d373b75b9480198bf05878cf8f7e87106949cfb5,,,
CONTROLLED_PART_DEFINITION,STOWED,DF8-R2-NOSE-001,A,TUNGSTEN PENETRATOR NOSE,Tungsten heavy alloy,MAKE,STINGRAY custom,DRAWING_DERIVED,,,CNC turn and grind,,,2.21953217288829,130560.71605225236,1,3,AP242,controlled_part_definitions/DF8-R2-NOSE-001__REV_A__STATE_STOWED__LOCAL_AP242.step,7878,c1bfecbed6df8ba42f049e49fcbd688aa801c7d5e34a4969cf8f11420cd1cd2f,controlled_part_definitions/DF8-R2-NOSE-001__REV_A__STATE_STOWED__LOCAL_OCCT.brep,1269,621142dd1f9be73606762203a8cd3b881f67af4396ff035e6a8b1f1f5d98008f,,,
CONTROLLED_PART_DEFINITION,STOWED,DF8-R2-PILOT-LINE-001,A,CONTINUOUS TERMINATED PILOT LINE,316 stainless steel,MAKE,STINGRAY custom,DRAWING_DERIVED,,,Seamless formed tube,,Exact supplier/fitting pressure rating remains provisional.,0.008102512647408085,1012.8140809260105,1,24,AP242,controlled_part_definitions/DF8-R2-PILOT-LINE-001__REV_A__STATE_STOWED__LOCAL_AP242.step,77329,70117d327aad8338a26fe8110c698aa4fac83a7c9bd0b5c58bb6dfba2ace657e,controlled_part_definitions/DF8-R2-PILOT-LINE-001__REV_A__STATE_STOWED__LOCAL_OCCT.brep,26170,99840da2a1da328dcedcde3f77c8ade09982b7d8027a31b19554a7b44510d052,,,
CONTROLLED_PART_DEFINITION,STOWED,DF8-R2-PILOT-LINE-UNION-001,A,PILOT LINE DOUBLE-FERRULE BULKHEAD UNION,316 stainless steel,BUY,Qualified micro-fitting supplier TBD,PROVISIONAL — BLOCKS FINAL RELEASE,,,,,"Exact fitting, ferrule, seal, and rating unresolved.",9.711291210776764e-05,12.139114013470955,2,8,AP242,controlled_part_definitions/DF8-R2-PILOT-LINE-UNION-001__REV_A__STATE_STOWED__LOCAL_AP242.step,19656,7aaf8a940db5608d1615d23b39b05e7b16208b2f56ec438e39b8dde9fb003a84,controlled_part_definitions/DF8-R2-PILOT-LINE-UNION-001__REV_A__STATE_STOWED__LOCAL_OCCT.brep,4002,e7d1dcfafcc24981ddc59c79ab46ead4e3c33297065cd05306fece56a5a46be9,,,
CONTROLLED_PART_DEFINITION,STOWED,DF8-R2-PIVOT-BUSH-008,A,8 MM PEEK-LINED PIVOT BUSHING,PEEK,MAKE,STINGRAY custom,DRAWING_DERIVED,,,Turn and press fit,,,8.808849871477256e-06,6.673371114755497,1,4,AP242,controlled_part_definitions/DF8-R2-PIVOT-BUSH-008__REV_A__STATE_STOWED__LOCAL_AP242.step,11536,5af53410cb9c870348fd2a2e9b24cafcb682f0d4db60408e516b6f6283ea4948,controlled_part_definitions/DF8-R2-PIVOT-BUSH-008__REV_A__STATE_STOWED__LOCAL_OCCT.brep,2201,08a6fcc48e515c80609be1a48b6078c63fd3aceb365db8aeea34a076b8f3d636,,,
CONTROLLED_PART_DEFINITION,STOWED,DF8-R2-PIVOT-CARRIER-001,A,MATCHED DOUBLE-SHEAR PIVOT LUG SET,Ti-6Al-4V,MAKE,STINGRAY custom,DRAWING_DERIVED,,,5-axis mill,,,0.003140936806848546,709.0150805527192,2,38,AP242,controlled_part_definitions/DF8-R2-PIVOT-CARRIER-001__REV_A__STATE_STOWED__LOCAL_AP242.step,96224,2b933ad4654e4f93500b36f8197502980ee125d94c7217ff64f3a7876a175098,controlled_part_definitions/DF8-R2-PIVOT-CARRIER-001__REV_A__STATE_STOWED__LOCAL_OCCT.brep,20223,6ce4653a5c16a07a39e8ea772bf779d6c8864833cac734e6a08ad1a1c1820aec,,,
CONTROLLED_PART_DEFINITION,STOWED,DF8-R2-PIVOT-PIN-008,A,8 MM CAPTIVE SHOULDER PIVOT PIN WITH GROOVE,17-4PH stainless steel,MAKE,STINGRAY custom,DRAWING_DERIVED,,,Swiss turn; H900; grind,,,0.007903832328026874,1019.8493326486289,1,9,AP242,controlled_part_definitions/DF8-R2-PIVOT-PIN-008__REV_A__STATE_STOWED__LOCAL_AP242.step,19492,cf2cdd8d2cc9c8a6b36d355b8a2acb81bb260cc10b86512eb4eb212058c78117,controlled_part_definitions/DF8-R2-PIVOT-PIN-008__REV_A__STATE_STOWED__LOCAL_OCCT.brep,3996,c2fc5942cbca91b0d82dab9370459c56ace600489f8f4238b556c342da9f1367,,,
CONTROLLED_PART_DEFINITION,STOWED,DF8-R2-PIVOT-SPIRAL-RING-008,A,8 MM EXTERNAL SPIRAL PIVOT RETAINER,1.4310 stainless spring steel,MAKE,STINGRAY custom,DRAWING_DERIVED,,,Wire form,,,9.513648371968049e-05,12.119297289131273,1,8,AP242,controlled_part_definitions/DF8-R2-PIVOT-SPIRAL-RING-008__REV_A__STATE_STOWED__LOCAL_AP242.step,26942,156c536e87f20085a77187f0f86077650023fe74170179495ce2a50a0416a8ef,controlled_part_definitions/DF8-R2-PIVOT-SPIRAL-RING-008__REV_A__STATE_STOWED__LOCAL_OCCT.brep,7154,17c1d2bfd67bc680169758b2635d04ff0957fb87e5cbcf5005df81dba8cb6957,,,
CONTROLLED_PART_DEFINITION,STOWED,DF8-R2-PIVOT-WASHER-008,A,8 MM PEEK THRUST WASHER,PEEK,MAKE,STINGRAY custom,DRAWING_DERIVED,,,Turn,,,1.4016322438141084e-05,10.61842608950082,1,4,AP242,controlled_part_definitions/DF8-R2-PIVOT-WASHER-008__REV_A__STATE_STOWED__LOCAL_AP242.step,11585,7b92e7c28ac4444198ed2a573f5bab28fb0fabeb7b43cc8eb2623428be73eeec,controlled_part_definitions/DF8-R2-PIVOT-WASHER-008__REV_A__STATE_STOWED__LOCAL_OCCT.brep,2298,f2b37be11d4e34c71689876371ad2575081dcdc83626f1d1a5c2236836c6dd3d,,,
CONTROLLED_PART_DEFINITION,STOWED,DF8-R2-PUNCTURE-HEAD-001,A,CARTRIDGE PUNCTURE HEAD WITH CONTROLLED NEEDLE,17-4PH stainless steel,MAKE,STINGRAY custom,DRAWING_DERIVED,,,Swiss turn and grind,,,0.0035417166931757367,456.99570234525635,2,7,AP242,controlled_part_definitions/DF8-R2-PUNCTURE-HEAD-001__REV_A__STATE_STOWED__LOCAL_AP242.step,16054,04d871cddcdf1c45d7a4f3d589a92f8e9f08d372f84ae775387818994164f24e,controlled_part_definitions/DF8-R2-PUNCTURE-HEAD-001__REV_A__STATE_STOWED__LOCAL_OCCT.brep,3392,c22c22558b0940288a5781a5dca6dc313c857c0739984e2787eaf3330eb7f663,,,
CONTROLLED_PART_DEFINITION,STOWED,DF8-R2-RECOVERY-E-RING-006,A,6 MM RECOVERY PIN EXTERNAL RETAINER,1.4310 stainless spring steel,MAKE,STINGRAY custom,DRAWING_DERIVED,,,Stamped spring ring,,,6.738960987628341e-05,8.584663678507441,1,8,AP242,controlled_part_definitions/DF8-R2-RECOVERY-E-RING-006__REV_A__STATE_STOWED__LOCAL_AP242.step,26968,67bcf0974eeba6a2888121749ed598cefd8a2b6432b15096027b4834a964f85d,controlled_part_definitions/DF8-R2-RECOVERY-E-RING-006__REV_A__STATE_STOWED__LOCAL_OCCT.brep,6885,a399bc1e2859a2de492652e915dcdd40c3c5129e15bf6ea9073d87ae93bd8252,,,
CONTROLLED_PART_DEFINITION,STOWED,DF8-R2-RECOVERY-PIN-006,A,6 MM CAPTIVE RECOVERY TERMINAL PIN WITH RETAINER GROOVE,17-4PH stainless steel,MAKE,STINGRAY custom,DRAWING_DERIVED,,,Swiss turn; H900; grind,,,0.0028054986901486795,361.9998309869264,1,9,AP242,controlled_part_definitions/DF8-R2-RECOVERY-PIN-006__REV_A__STATE_STOWED__LOCAL_AP242.step,19506,2b5543deaf31de0b5817b5939f7c0919f8db5908117798b139d261dc87245e6d,controlled_part_definitions/DF8-R2-RECOVERY-PIN-006__REV_A__STATE_STOWED__LOCAL_OCCT.brep,4012,c4203a09dd5a7d0d097fdd8fd2ab7cea6ff994471cfaeb77f0842dd49dc57f3a,,,
CONTROLLED_PART_DEFINITION,STOWED,DF8-R2-ROUTED-LONGERON-001,A,PRIMARY LONGERON WITH TWO JIG-BORED ROUTE CHANNELS,Ti-6Al-4V,MAKE,STINGRAY custom,DRAWING_DERIVED,,,5-axis mill and jig bore,,,0.040609391647577354,9166.905563787213,1,8,AP242,controlled_part_definitions/DF8-R2-ROUTED-LONGERON-001__REV_A__STATE_STOWED__LOCAL_AP242.step,27344,79272f98977da4a4150dc50b8b7f5f40e44dd219bb9efecaa90b6e3c6d1d5503,controlled_part_definitions/DF8-R2-ROUTED-LONGERON-001__REV_A__STATE_STOWED__LOCAL_OCCT.brep,6372,c8f763a34e26269ab751f61f18c032075b96773201f4064c50c2f8431146f558,,,
CONTROLLED_PART_DEFINITION,STOWED,DF8-R2-SHORT-LINK-001,A,19.950 MM CENTER-DISTANCE REAMED SHORT LINK,17-4PH stainless steel,MAKE,STINGRAY custom,DRAWING_DERIVED,,,Wire EDM; H900; ream,,,0.0008587191047231816,110.80246512557181,1,38,AP242,controlled_part_definitions/DF8-R2-SHORT-LINK-001__REV_A__STATE_STOWED__LOCAL_AP242.step,116923,a80afaa20d3cc53674d2231ad847b78521216c96ddb5d9bc5439eca2f5824004,controlled_part_definitions/DF8-R2-SHORT-LINK-001__REV_A__STATE_STOWED__LOCAL_OCCT.brep,33254,1bf3645416fdd53d7ff19126d78df1c9cce9c73fd046c0b33f45576bfc647521,,,
CONTROLLED_PART_DEFINITION,STOWED,DF8-R2-STOW-DOG-001,A,CAPTIVE RADIAL STOWED-RETENTION DOG,17-4PH stainless steel,MAKE,STINGRAY custom,DRAWING_DERIVED,,,Wire EDM and grind,,,0.0007502000000000001,96.80000000000001,1,6,AP242,controlled_part_definitions/DF8-R2-STOW-DOG-001__REV_A__STATE_STOWED__LOCAL_AP242.step,17681,67b84f5ad93d88f630ecf1db087cb90a002d95cafe127b26f22f0d9d78ab09e4,controlled_part_definitions/DF8-R2-STOW-DOG-001__REV_A__STATE_STOWED__LOCAL_OCCT.brep,2548,0b7db08e18ee70af8f347e4c32af2b70d6940757ae820c00684fab84a0852fdc,,,
CONTROLLED_PART_DEFINITION,STOWED,DF8-R2-STRUCT-RING-PLAIN-001,A,PRIMARY STRUCTURAL TRANSITION RING,Ti-6Al-4V,MAKE,STINGRAY custom,DRAWING_DERIVED,,,Mill-turn,,,0.028930077260254882,6530.491480870177,1,4,AP242,controlled_part_definitions/DF8-R2-STRUCT-RING-PLAIN-001__REV_A__STATE_STOWED__LOCAL_AP242.step,11571,c7a9131b7976bfb5fa48c2e25fe7d2eed64670fe514d670852c39ae7bfa50999,controlled_part_definitions/DF8-R2-STRUCT-RING-PLAIN-001__REV_A__STATE_STOWED__LOCAL_OCCT.brep,2147,128893d9957217500f8cd9a66cbc02479e8d349e8db89623e557f23e38537084,,,
CONTROLLED_PART_DEFINITION,STOWED,DF8-R2-STRUCT-RING-ROUTED-001,A,STRUCTURAL RING WITH SIX CONTROLLED ROUTE PASSAGES AND THREE ARM-ROOT RELIEFS,Ti-6Al-4V,MAKE,STINGRAY custom,DRAWING_DERIVED,,,Mill-turn and jig-bore,,,0.043461918716568244,9810.816866042493,1,23,AP242,controlled_part_definitions/DF8-R2-STRUCT-RING-ROUTED-001__REV_A__STATE_STOWED__LOCAL_AP242.step,87212,b159c02d1eb869a5b35f68caca9b23cb6b4b9d6fd80b3f92bfd5c41cdafa7b47,controlled_part_definitions/DF8-R2-STRUCT-RING-ROUTED-001__REV_A__STATE_STOWED__LOCAL_OCCT.brep,23878,850022335392eb31c8f801342b474eafbec1a7b389e20d7e7f47903996061045,,,
CONTROLLED_PART_DEFINITION,STOWED,DF8-R2-TETHER-THIMBLE-001,A,AMSTEEL EYE-SPLICE THIMBLE,316 stainless steel,MAKE,STINGRAY custom,DRAWING_DERIVED,,,Stamp and form,,,0.003192842532159096,399.105316519887,1,12,AP242,controlled_part_definitions/DF8-R2-TETHER-THIMBLE-001__REV_A__STATE_STOWED__LOCAL_AP242.step,69104,cbebf1936aa71ddd2d73203d843f6db6ab98ad944a504f23a890f619726bd281,controlled_part_definitions/DF8-R2-TETHER-THIMBLE-001__REV_A__STATE_STOWED__LOCAL_OCCT.brep,30523,ee6dc4253b82f60c88fe260e36e2abada0dffecf9fb801e6b07b3ac94a864d15,,,
CONTROLLED_PART_DEFINITION,STOWED,DF8-R2-WATER-INLET-001,A,"RADIAL FLOOD INLET, GLAND AND ANTI-DEBRIS SCREEN",316 stainless steel,MAKE,STINGRAY custom,DRAWING_DERIVED,,,Microtube form and braze,,,0.0015283722596008199,191.0465324501025,3,12,AP242,controlled_part_definitions/DF8-R2-WATER-INLET-001__REV_A__STATE_STOWED__LOCAL_AP242.step,27745,9b799200ba74acd467df3e6afd7b76b8c2b55022ecfd949b99887e5e9656d9d2,controlled_part_definitions/DF8-R2-WATER-INLET-001__REV_A__STATE_STOWED__LOCAL_OCCT.brep,6235,fb8b8fd07e13d47a4b8f0a0dc10b46cf20481ac3167c685ea498c5b9fdd41632,,,
CONTROLLED_PART_DEFINITION,STOWED,DF8-R2-WATER-TRIGGER-HSG-001,A,CENTRAL WATER-SENSITIVE TRIGGER HOUSING,Acetal,MAKE,STINGRAY custom,DRAWING_DERIVED,,,CNC turn and mill,,,0.005390371879805181,3822.9587800036743,1,12,AP242,controlled_part_definitions/DF8-R2-WATER-TRIGGER-HSG-001__REV_A__STATE_STOWED__LOCAL_AP242.step,136772,f6888367eafac3329c0f60132b1c92a20a5291172eadbae1d19bb039ad425064,controlled_part_definitions/DF8-R2-WATER-TRIGGER-HSG-001__REV_A__STATE_STOWED__LOCAL_OCCT.brep,52619,9e337759e602e2ed35298d0fe822454aa84c496145e31e04c2a6868e0f195597,,,
CONTROLLED_PART_DEFINITION,STOWED,GN-615.3-M3-KN-PFB,CATALOG,JW WINCO M3 STAINLESS BALL PLUNGER,316 stainless steel,BUY,JW Winco / Ganter,DRAWING_DERIVED,https://www.jwwinco.com/en-us/products/3.1-Indexing-locking-blocking-with-pins-and-ball-shaped-elements/Spring-plungers/GN-615.3-Steel-Stainless-Steel-Ball-Plungers-with-thread-locking-with-ball-with-internal-hexagon,https://www.jwwinco.com/en-us/products/3.1-Indexing-locking-blocking-with-pins-and-ball-shaped-elements/Spring-plungers/GN-615.3-Steel-Stainless-Steel-Ball-Plungers-with-thread-locking-with-ball-with-internal-hexagon,,,Marine endurance and authentic CAD remain open.,0.0002148849375055418,26.860617188192727,1,3,AP242,controlled_part_definitions/GN-615.3-M3-KN-PFB__REV_CATALOG__STATE_STOWED__LOCAL_AP242.step,7846,a2357d193502f6cd9a13512d8cc852058da45a151bf6e584648d0a91e04f0f93,controlled_part_definitions/GN-615.3-M3-KN-PFB__REV_CATALOG__STATE_STOWED__LOCAL_OCCT.brep,1162,4b7a69c3cb593403ad632df2fab43bdc4d43e591248e8a89ae2665f42636e204,,,
CONTROLLED_PART_DEFINITION,STOWED,GS-19-50-V4A-B8-B8,R2-INSTALL,ACE GS-19-50-V4A-B8-B8 PURCHASED ASSEMBLY — ARTICULATED INSTALLATION BODY,316 stainless steel,BUY,ACE Controls,DRAWING_DERIVED,https://www.acecontrols.com/us/products/motion-control/industrial-gas-springs-push-type/gs-8-v4a-to-gs-40-va/gs-19-v4a.html,https://www.acecontrols.com/us/products/motion-control/industrial-gas-springs-push-type/gs-8-v4a-to-gs-40-va/gs-19-v4a.html,,,Articulated drawing-derived installation model; unmodified authentic vendor STEP retained separately at ITEM_020_ACE_GS_19_50_V4A_B8_B8_VENDOR.stp; 300±30 N setting requires CoC.,0.42,21267.145221236355,2,18,AP242,controlled_part_definitions/GS-19-50-V4A-B8-B8__REV_R2-INSTALL__STATE_STOWED__LOCAL_AP242.step,52506,e443065400feaf59ed90d6e44edafc221083e7be62d852824e6a681d772e7e50,controlled_part_definitions/GS-19-50-V4A-B8-B8__REV_R2-INSTALL__STATE_STOWED__LOCAL_OCCT.brep,12113,474896f291cc678c6167cdc60b3756dd7ba692dc1b3d002b45e46a5f9528217f,,,
CONTROLLED_PART_DEFINITION,STOWED,GS-19-50-V4A-B8-B8-ROD-CHILD,R2-INSTALL,ACE GS-19 MOVING ROD ARTICULATION CHILD,316 stainless steel,INTERNAL CHILD,ACE Controls,DRAWING_DERIVED,,,,,No separate purchase quantity; authentic vendor source is not modified.,0.0,3511.8098685571126,1,20,AP242,controlled_part_definitions/GS-19-50-V4A-B8-B8-ROD-CHILD__REV_R2-INSTALL__STATE_STOWED__LOCAL_AP242.step,73588,4ec61ab7dd7fb6ea75b2596e66f20b7fa1c1aaf41b7b8b039f90010805b8086c,controlled_part_definitions/GS-19-50-V4A-B8-B8-ROD-CHILD__REV_R2-INSTALL__STATE_STOWED__LOCAL_OCCT.brep,19237,bfc02d283aecb212857b5e89faa10e57118dfb2ed10a8b876ca153e69654f39f,,,
CONTROLLED_PART_DEFINITION,STOWED,HBD-15-25-AA-P,R2-INSTALL,ACE HBD-15-25-AA-P PURCHASED ASSEMBLY — ARTICULATED INSTALLATION BODY,316 stainless steel,BUY,ACE Controls,PROVISIONAL — BLOCKS FINAL RELEASE,https://www.acecontrols.com/us/products/motion-control/hydraulic-dampers/hbd-15-to-hbd-40/hbd-15.html,https://www.acecontrols.com/us/products/motion-control/hydraulic-dampers/hbd-15-to-hbd-40/hbd-15.html,,,Drawing-derived installation geometry from ACE_HBD_15_25_AA_P_DRAWING_DERIVED_NOT_VENDOR_CAD_AP242.step; exact AA-P configuration and force-speed data unresolved.,0.22,12366.992123374155,2,18,AP242,controlled_part_definitions/HBD-15-25-AA-P__REV_R2-INSTALL__STATE_STOWED__LOCAL_AP242.step,52468,94979eadf56cb4f19ff2c71106c1abac8b329a29edc3cbbece69765404d6657c,controlled_part_definitions/HBD-15-25-AA-P__REV_R2-INSTALL__STATE_STOWED__LOCAL_OCCT.brep,12041,a378bf0af964411714831f45cb22bbcd2d8d31f5f29b578ec63283dac6440c8e,,,
CONTROLLED_PART_DEFINITION,STOWED,HBD-15-25-AA-P-ROD-CHILD,R2-INSTALL,HBD MOVING ROD ARTICULATION CHILD,316 stainless steel,INTERNAL CHILD,ACE Controls,DRAWING_DERIVED,,,,,No separate purchase quantity.,0.0,1759.0481865927184,1,20,AP242,controlled_part_definitions/HBD-15-25-AA-P-ROD-CHILD__REV_R2-INSTALL__STATE_STOWED__LOCAL_AP242.step,73134,9469910c2d47f088f9c1892c2ac4e341b460cdfc5b012e566f29ff1ec5f9c636,controlled_part_definitions/HBD-15-25-AA-P-ROD-CHILD__REV_R2-INSTALL__STATE_STOWED__LOCAL_OCCT.brep,19089,7c0e4c4d1888e6527a77ffda29c010cffd424875bbda4c3911144a87c37d1418,,,
CONTROLLED_PART_DEFINITION,STOWED,LELAND-81121,A,LELAND 81121 12 G CO2 CARTRIDGE,Steel pressure cartridge,BUY,Leland Gas Technologies,DRAWING_DERIVED,https://www.lelandgas.com/product-page/81121-cartridge-small-x-xml-x-xxg-gas,https://www.lelandgas.com/product-page/81121-cartridge-small-x-xml-x-xxg-gas,,,Exact puncture installation remains physical/procurement verification hold.,0.045,21963.508172001293,1,8,AP242,controlled_part_definitions/LELAND-81121__REV_A__STATE_STOWED__LOCAL_AP242.step,19368,e7a77dec29f9e39c6945867b8ee97bdc612c86fe9483c1267affc3964e3bbed0,controlled_part_definitions/LELAND-81121__REV_A__STATE_STOWED__LOCAL_OCCT.brep,4341,6bb400c998bf8ffd087704f493d02291fe7776c2481f3274c79bdc8722c4202f,,,
CONTROLLED_PART_DEFINITION,STOWED,V80040,A,HALKEY-ROBERTS WATER-SENSITIVE BOBBIN,Water-sensitive media,BUY,Nordson MEDICAL / Halkey-Roberts,DRAWING_DERIVED,https://fluid-components.nordsonmedical.com/files/fluid-components-nordsonmedical-com/Technical%20Information/HRC/Hyrdo-1F-Manual-Automatic-Inflator-V80040-Bobbin-Instructions-For-Use.pdf,,,,Custom housing use remains manufacturer-compatibility hold.,,1413.716694115407,1,3,AP242,controlled_part_definitions/V80040__REV_A__STATE_STOWED__LOCAL_AP242.step,7767,fa143fe5606bbe70ff04c7d3ec62e68e9a0193dd8d3d06d71665b2506a9f2a28,controlled_part_definitions/V80040__REV_A__STATE_STOWED__LOCAL_OCCT.brep,1098,99bc59fdf9c37f8b676ddda6be73b28ea1be737deb37bf435cd4ad8b3e36f355,,,
CONTROLLED_PART_DEFINITION,STOWED,VD-244,CATALOG,GUTEKUNST VD-244 GUIDED EJECTOR SPRING,1.4310 stainless spring steel,BUY,Gutekunst Federn,DRAWING_DERIVED,https://www.federnshop.com/en/products/compression_springs/vd-244.html,https://www.federnshop.com/en/products/compression_springs/vd-244.html,,,Installed-force and pack-test acceptance remain open.,0.02851128255193294,3632.0105161698016,3,5,AP242,controlled_part_definitions/VD-244__REV_CATALOG__STATE_STOWED__LOCAL_AP242.step,153348,bc8a1a8e2f1e7a50664d8079a9019e9471d0cbfe13816d511d46b07d1602ec82,controlled_part_definitions/VD-244__REV_CATALOG__STATE_STOWED__LOCAL_OCCT.brep,92561,98ef9ffee6119ca44f1f44f17527690e5897a3b09c0bc30198400dfc4b5bbf84,,,
CONTROLLED_PART_DEFINITION,STOWED,WP04-FIXED-GUIDE-SLEEVE-R2,A,FIXED OVERLAPPING SPRING GUIDE SLEEVE,PEEK,MAKE,STINGRAY custom,DRAWING_DERIVED,,,Turn,,,0.007013448519506538,5313.21857538374,1,4,AP242,controlled_part_definitions/WP04-FIXED-GUIDE-SLEEVE-R2__REV_A__STATE_STOWED__LOCAL_AP242.step,11578,384bbd713cbcdeedd7b52a95dcc4768ac3750df0a6b474740adca381d4ffeea7,controlled_part_definitions/WP04-FIXED-GUIDE-SLEEVE-R2__REV_A__STATE_STOWED__LOCAL_OCCT.brep,2055,2ca0aeb1a754d68593dce723747582033ae36bfffbfd0be283507989d316e468,,,
CONTROLLED_PART_DEFINITION,STOWED,WP04-FOL-001-R2,A,CAPTIVE PEEK FOLLOWER WITH THREE GUIDE SLOTS,PEEK,MAKE,STINGRAY custom,DRAWING_DERIVED,,,5-axis machine,,,0.006617851970479755,5013.52422006042,1,34,AP242,controlled_part_definitions/WP04-FOL-001-R2__REV_A__STATE_STOWED__LOCAL_AP242.step,158279,594c19aa984b491c32f43fa383fc4215bee872fbb5f080924f4e2c75a8b6eeca,controlled_part_definitions/WP04-FOL-001-R2__REV_A__STATE_STOWED__LOCAL_OCCT.brep,55965,def2f56304029cd798716343f16604d6e9eba9a1386232f1b9591a79d0bc9fad,,,
CONTROLLED_PART_DEFINITION,STOWED,WP04-GUIDE-RAIL-001-R2,A,FOLLOWER ANTI-ROTATION GUIDE RAIL,PEEK,MAKE,STINGRAY custom,DRAWING_DERIVED,,,Machine and slot,,,0.003762,2850.0,1,6,AP242,controlled_part_definitions/WP04-GUIDE-RAIL-001-R2__REV_A__STATE_STOWED__LOCAL_AP242.step,17677,dc52994a9a0124501fcf47cf6bc474cf7c91aa940ba51dbd8287fc2f2b37aa60,controlled_part_definitions/WP04-GUIDE-RAIL-001-R2__REV_A__STATE_STOWED__LOCAL_OCCT.brep,2245,105059045fe10cd7b5cc7c1aa5b3121f243126a9ae29d90e8167f3f4e25090ba,,,
CONTROLLED_PART_DEFINITION,STOWED,WP04-HST-001-R2,A,HARNESS STRUCTURAL TERMINAL WITH FOUR WEB SLOTS AND DOUBLE-SHEAR CLEVIS,17-4PH stainless steel,MAKE,STINGRAY custom,DRAWING_DERIVED,,,5-axis mill and proof test,,,0.00623532727503134,804.55835806856,1,52,AP242,controlled_part_definitions/WP04-HST-001-R2__REV_A__STATE_STOWED__LOCAL_AP242.step,194219,7644c55723092e67a6bce87a4ebcaead2bc4ee4857d2b985b9de1217e15147bd,controlled_part_definitions/WP04-HST-001-R2__REV_A__STATE_STOWED__LOCAL_OCCT.brep,50299,ce2c3663c688eece4e8ffb38f0e52413e24aefaea83ebd2ecd761c57a32d62f2,,,
CONTROLLED_PART_DEFINITION,STOWED,WP04-LATCH-HOUSING-R2,A,RADIAL FOLLOWER LATCH HOUSING WITH REAMED SEAR GUIDE,17-4PH stainless steel,MAKE,STINGRAY custom,DRAWING_DERIVED,,,5-axis mill and ream,,,0.003141458434081845,405.3494753653993,1,7,AP242,controlled_part_definitions/WP04-LATCH-HOUSING-R2__REV_A__STATE_STOWED__LOCAL_AP242.step,21263,e8ea2d0c39a6975f7af531aac4613ee29c7c7baccf6aae4c5c05cb1b4c06ac8f,controlled_part_definitions/WP04-LATCH-HOUSING-R2__REV_A__STATE_STOWED__LOCAL_OCCT.brep,3336,cc22771d8f9d99d74295a59881ffbbb88a6aa9982b56f02042405b5af345e439,,,
CONTROLLED_PART_DEFINITION,STOWED,WP04-LATCH-SEAR-E-RING-R2,A,4 MM SEAR PIN EXTERNAL RETAINING RING,1.4310 stainless spring steel,MAKE,STINGRAY custom,DRAWING_DERIVED,,,Stamped spring ring,,,4.345508650541629e-05,5.5356798096071715,1,8,AP242,controlled_part_definitions/WP04-LATCH-SEAR-E-RING-R2__REV_A__STATE_STOWED__LOCAL_AP242.step,26901,18bc761942be4b5b28c246faab6bf44b18ed42500f6871c1ee7ff13668b87e1e,controlled_part_definitions/WP04-LATCH-SEAR-E-RING-R2__REV_A__STATE_STOWED__LOCAL_OCCT.brep,7156,1e4732cf329de19cf2f81d50919b0f003c2893b7ba807f3e05e90d292144f163,,,
CONTROLLED_PART_DEFINITION,STOWED,WP04-LATCH-SEAR-R2,A,CAPTIVE RADIAL FOLLOWER SEAR PLUNGER WITH RETAINING RING,17-4PH stainless steel,MAKE,STINGRAY custom,DRAWING_DERIVED,,,Swiss turn and grind,,,0.0009879695303224743,127.4799393964483,1,9,AP242,controlled_part_definitions/WP04-LATCH-SEAR-R2__REV_A__STATE_STOWED__LOCAL_AP242.step,19440,680b07c623c24f5a635815928315abdc5881f912aff35698976d1a1fdc599177,controlled_part_definitions/WP04-LATCH-SEAR-R2__REV_A__STATE_STOWED__LOCAL_OCCT.brep,3825,7d8e7b0b264b3892dce21493574257cbbf8e9ac4877676e18c172070ff032be9,,,
CONTROLLED_PART_DEFINITION,STOWED,WP04-MOVING-GUIDE-SLEEVE-R2,A,FOLLOWER OVERLAPPING SPRING GUIDE SLEEVE,PEEK,MAKE,STINGRAY custom,DRAWING_DERIVED,,,Turn,,,0.006453616708636833,4889.103567149115,1,4,AP242,controlled_part_definitions/WP04-MOVING-GUIDE-SLEEVE-R2__REV_A__STATE_STOWED__LOCAL_AP242.step,11573,8eb99bf9f64cf7da307f7651f499abd89b1f249edf520d5c53cffdecbf21996e,controlled_part_definitions/WP04-MOVING-GUIDE-SLEEVE-R2__REV_A__STATE_STOWED__LOCAL_OCCT.brep,2041,5881d16679be8b51e9afc54211e65e50b25b842c8456f7b51d32f4c4c2d29e99,,,
CONTROLLED_PART_DEFINITION,STOWED,WP04-RB-001-R2,A,SPRING REACTION BULKHEAD WITH GUIDE-RAIL BORES,Ti-6Al-4V,MAKE,STINGRAY custom,DRAWING_DERIVED,,,5-axis mill,,,0.039533693656129375,8924.084346756066,1,31,AP242,controlled_part_definitions/WP04-RB-001-R2__REV_A__STATE_STOWED__LOCAL_AP242.step,119506,64808de5eaafcab3d083f2b11f205c24380daa6a1db265ed0ea58f5e32210e06,controlled_part_definitions/WP04-RB-001-R2__REV_A__STATE_STOWED__LOCAL_OCCT.brep,32332,6cb4a3da5c21256ee21950f7dfc7cd81e34772687b123f88c2c98ad86b8ab567,,,
CONTROLLED_PART_DEFINITION,STOWED,WP04-RHP-001-R2,A,INTEGRAL STRUCTURAL RING AND RECOVERY HARDPOINT LUG,Ti-6Al-4V,MAKE,STINGRAY custom,DRAWING_DERIVED,,,5-axis mill from forged ring,,,0.02658421384403644,6000.9512063287675,1,62,AP242,controlled_part_definitions/WP04-RHP-001-R2__REV_A__STATE_STOWED__LOCAL_AP242.step,196824,494edef78ba99c0b90a04f68a6eec2853843163ba5e1a35a0d7cd2a4ebae4699,controlled_part_definitions/WP04-RHP-001-R2__REV_A__STATE_STOWED__LOCAL_OCCT.brep,52138,d3cd2b903b94abb1f0e3aeb141baf98fb978c32a462131df27cdbbb677ee545d,,,
CONTROLLED_PART_DEFINITION,STOWED,WP05-DOOR-LANYARD-R2,A,CAPTIVE DOOR LANYARD WITH SWAGED EYES,HMPE rope,MAKE,STINGRAY custom,DRAWING_DERIVED,,,Swage two thimbled eyes,,,7.844961915492233e-05,80.8758960360024,1,3,AP242,controlled_part_definitions/WP05-DOOR-LANYARD-R2__REV_A__STATE_STOWED__LOCAL_AP242.step,8260,2147ed04cee753e6519fccf46041735abcef136a229407ccf8bd8a99d0099ce2,controlled_part_definitions/WP05-DOOR-LANYARD-R2__REV_A__STATE_STOWED__LOCAL_OCCT.brep,1754,6435feee95a56866404a2f1df9b6e20c8be5927819b8a1051e9fcb46328b195c,,,
CONTROLLED_PART_DEFINITION,STOWED,WP05-DOOR-R2,A,CAPTIVE LOW-FORCE AFT DOOR WITH HINGE AND LANYARD EYE,Ti-6Al-4V,MAKE,STINGRAY custom,DRAWING_DERIVED,,,5-axis mill and face grind,,,0.023622548112000853,5332.4036370205085,2,21,AP242,controlled_part_definitions/WP05-DOOR-R2__REV_A__STATE_STOWED__LOCAL_AP242.step,58366,5cd2a371f845652e019da1274a0388ebf436c0c74ad6b7f73266a7e8b43dc679,controlled_part_definitions/WP05-DOOR-R2__REV_A__STATE_STOWED__LOCAL_OCCT.brep,14076,2d7d54a051809beb1487232099a094bc335802fb9a79ecc96b13fe5ab5d4e442,,,
CONTROLLED_PART_DEFINITION,STOWED,WP05-HINGE-PIN-R2,A,DOOR HINGE PIN WITH EXTERNAL RETAINER,17-4PH stainless steel,MAKE,STINGRAY custom,DRAWING_DERIVED,,,Swiss turn and grind,,,0.0008020166976610861,103.48602550465627,1,9,AP242,controlled_part_definitions/WP05-HINGE-PIN-R2__REV_A__STATE_STOWED__LOCAL_AP242.step,19492,d5379739b8ed9d48ac884f9a9c9ae736682b6502ce2cb14c865b69b28b72aa2f,controlled_part_definitions/WP05-HINGE-PIN-R2__REV_A__STATE_STOWED__LOCAL_OCCT.brep,4001,96ea16d2da6d4a18c315c7550cd2f66d4596c40010eed73b0d8151d85256adaf,,,
CONTROLLED_PART_DEFINITION,STOWED,WP05-SERVICE-THROAT-R2,A,AFT SERVICE THROAT WITH CONTROLLED DETENT BORES,Ti-6Al-4V,MAKE,STINGRAY custom,DRAWING_DERIVED,,,Mill-turn; machine bayonet/hinge features,,,0.17948672423723747,40516.19057273983,1,35,AP242,controlled_part_definitions/WP05-SERVICE-THROAT-R2__REV_A__STATE_STOWED__LOCAL_AP242.step,213221,84e26a007db114ea712cc7765d157a3aa91feb0adec6912971a2a94e166d73c2,controlled_part_definitions/WP05-SERVICE-THROAT-R2__REV_A__STATE_STOWED__LOCAL_OCCT.brep,91252,93eb866a6d6892a2718c60d8850135f3cc017b20f079e769a6efe12fe04db486,,,
CONTROLLED_PART_DEFINITION,DEPLOYED,AMSTEEL-BLUE-872-7-64-R2,A,STRUCTURAL RECOVERY TETHER WITH TWO BURIED EYE SPLICES,HMPE rope,MAKE,Samson Rope Technologies raw line / STINGRAY finished splices,PROVISIONAL — BLOCKS FINAL RELEASE,https://www.samsonrope.com/mooring/amsteel--blue,https://www.samsonrope.com/resources/find-a-distributor,"Measure, cut, buried-eye splice, chafe sleeve, proof load",,"Finished length, splice process and proof acceptance remain open.",0.0009289056229744035,957.6346628602097,3,11,AP242,controlled_part_definitions/AMSTEEL-BLUE-872-7-64-R2__REV_A__STATE_DEPLOYED__LOCAL_AP242.step,37337,053410d98641e9c74a37ee852f74d7dbf35d44cc9d2a09f28adf018113250039,controlled_part_definitions/AMSTEEL-BLUE-872-7-64-R2__REV_A__STATE_DEPLOYED__LOCAL_OCCT.brep,13212,2f451d3dea2b4e43f3a8d5307f72f003872facf5256fe6b4a1214e7482897639,,,
CONTROLLED_PART_DEFINITION,DEPLOYED,DF8-R2-ACTUATOR-E-RING-004,A,4 MM ACTUATOR PIN RETAINER,1.4310 stainless spring steel,MAKE,STINGRAY custom,DRAWING_DERIVED,,,Stamp,,,4.345508650541629e-05,5.5356798096071715,1,8,AP242,controlled_part_definitions/DF8-R2-ACTUATOR-E-RING-004__REV_A__STATE_DEPLOYED__LOCAL_AP242.step,26914,fb1fc9c3ea724dc33f82b3b9a418f62cdaced4d21155c87826745c35707c5c47,controlled_part_definitions/DF8-R2-ACTUATOR-E-RING-004__REV_A__STATE_DEPLOYED__LOCAL_OCCT.brep,7156,1e4732cf329de19cf2f81d50919b0f003c2893b7ba807f3e05e90d292144f163,,,
CONTROLLED_PART_DEFINITION,DEPLOYED,DF8-R2-ACTUATOR-FIXED-YOKE-001,A,DOUBLE-SHEAR ACTUATOR BODY ANCHOR YOKE,Ti-6Al-4V,MAKE,STINGRAY custom,DRAWING_DERIVED,,,5-axis mill,,,0.003045973815196337,687.5787393219723,1,38,AP242,controlled_part_definitions/DF8-R2-ACTUATOR-FIXED-YOKE-001__REV_A__STATE_DEPLOYED__LOCAL_AP242.step,115063,5bef123a4e46e0f555243d72a993a3263b5f2f9be44dae339d358eb41c300da6,controlled_part_definitions/DF8-R2-ACTUATOR-FIXED-YOKE-001__REV_A__STATE_DEPLOYED__LOCAL_OCCT.brep,25679,2c05c73ca6ad91478b19d9a1d513e0df06da7726398922a4ae94cc0105772920,,,
CONTROLLED_PART_DEFINITION,DEPLOYED,DF8-R2-ACTUATOR-PIN-004,A,4 MM CAPTIVE ACTUATOR CLEVIS PIN,17-4PH stainless steel,MAKE,STINGRAY custom,DRAWING_DERIVED,,,Swiss turn; H900,,,0.0009879695303224745,127.47993939644832,1,9,AP242,controlled_part_definitions/DF8-R2-ACTUATOR-PIN-004__REV_A__STATE_DEPLOYED__LOCAL_AP242.step,19501,53bb426ab34318deb24757d1a28de513f1869c6531283b2e941cc5ee17dba750,controlled_part_definitions/DF8-R2-ACTUATOR-PIN-004__REV_A__STATE_DEPLOYED__LOCAL_OCCT.brep,3943,a9ccaf80709920e20859054dbd16a9cf67047e71425a3dc776178d928a77e196,,,
CONTROLLED_PART_DEFINITION,DEPLOYED,DF8-R2-AFT-LONGERON-001,A,AFT PRIMARY LOAD-PATH LONGERON,Ti-6Al-4V,MAKE,STINGRAY custom,DRAWING_DERIVED,,,5-axis mill,,,0.010502406318821517,2370.7463473637736,1,8,AP242,controlled_part_definitions/DF8-R2-AFT-LONGERON-001__REV_A__STATE_DEPLOYED__LOCAL_AP242.step,27469,3cc13dfc35373facfd4eafa58bf75bb85b4b7465d3c01a2499bfe4fc773a8964,controlled_part_definitions/DF8-R2-AFT-LONGERON-001__REV_A__STATE_DEPLOYED__LOCAL_OCCT.brep,6780,1398b5dbb42cd915b4eac6c49e3e4ed885c6a1ebf1a86b1c16c38646ee6d2030,,,
CONTROLLED_PART_DEFINITION,DEPLOYED,DF8-R2-AFT-ROUTE-RING-001,A,AFT STRUCTURAL RING WITH CONTROLLED ROUTE PASSAGES,Ti-6Al-4V,MAKE,STINGRAY custom,DRAWING_DERIVED,,,Mill-turn and jig-bore,,,0.04649309695475498,10495.055745994352,1,10,AP242,controlled_part_definitions/DF8-R2-AFT-ROUTE-RING-001__REV_A__STATE_DEPLOYED__LOCAL_AP242.step,34438,8d961a649f6942029faa6533d1eb6c036c37f8fb5531c198cef537e76f31fcda,controlled_part_definitions/DF8-R2-AFT-ROUTE-RING-001__REV_A__STATE_DEPLOYED__LOCAL_OCCT.brep,8551,68cb7dd150c9546f2d6a0be62f161e19fb2b3754fcd293014c593c213a4b84e8,,,
CONTROLLED_PART_DEFINITION,DEPLOYED,DF8-R2-AFT-SHELL-001,A,AFT GRADE-9 SHELL WITH HARDPOINT AND HINGE APERTURES,Ti-3Al-2.5V Grade 9,MAKE,STINGRAY custom,DRAWING_DERIVED,,,Cold draw; laser cut controlled apertures,,,0.24812740235763994,55385.580883401766,1,20,AP242,controlled_part_definitions/DF8-R2-AFT-SHELL-001__REV_A__STATE_DEPLOYED__LOCAL_AP242.step,230199,572d20684fdbe564584dea5ea736d125868fdeba9e45f8943e448337022da6fe,controlled_part_definitions/DF8-R2-AFT-SHELL-001__REV_A__STATE_DEPLOYED__LOCAL_OCCT.brep,113551,faeeba45aa3cfcd3f38371b6b5d8bd4efbeba342dd1d39cd493d61cefb5a21e2,,,
CONTROLLED_PART_DEFINITION,DEPLOYED,DF8-R2-ARM-BLADE-001,A,733.806 MM SMOOTH ANALYTIC HOLLOW OML ARM,Ti-6Al-4V,MAKE,STINGRAY custom,DRAWING_DERIVED,,,Hot form; 5-axis machine; laser weld; CMM inspect,,Analytic cylindrical OML; no planar patch tiling or mesh-derived surfaces.,0.11653605299251314,26306.106770318995,1,103,AP242,controlled_part_definitions/DF8-R2-ARM-BLADE-001__REV_A__STATE_DEPLOYED__LOCAL_AP242.step,705699,707168d3ffe321b2c45a89965688ecc4e2b5db6b976df2dd60c6425e08c15a06,controlled_part_definitions/DF8-R2-ARM-BLADE-001__REV_A__STATE_DEPLOYED__LOCAL_OCCT.brep,278491,b4a2bb01956debb0a126f6f8cfc951a153ef0515bb9e5a547f7fc633abafeb50,,,
CONTROLLED_PART_DEFINITION,DEPLOYED,DF8-R2-ARM-STOP-PAD-001,A,REPLACEABLE ARM STOP AND LOCK STRIKE,17-4PH stainless steel,MAKE,STINGRAY custom,DRAWING_DERIVED,,,Wire EDM and grind,,,0.0011190999999999998,144.39999999999998,1,6,AP242,controlled_part_definitions/DF8-R2-ARM-STOP-PAD-001__REV_A__STATE_DEPLOYED__LOCAL_AP242.step,17719,946a5860d9535e49d15bb67e17f349c47c553e7e2b9ba1d7afbba9486de23c42,controlled_part_definitions/DF8-R2-ARM-STOP-PAD-001__REV_A__STATE_DEPLOYED__LOCAL_OCCT.brep,2844,8993d606728187fda1bc6ec26ee08eb66c4a96b395a61df09e100319135aeae1,,,
CONTROLLED_PART_DEFINITION,DEPLOYED,DF8-R2-BACKUP-SPRING-16N-001,A,CUSTOM 16 N/MM GUIDED BACKUP COMPRESSION SPRING,1.4310 stainless spring steel,MAKE,Qualified spring supplier TBD,PROVISIONAL — BLOCKS FINAL RELEASE,,,Cold coil and stress relieve,,Exact performance supplier and qualification remain open.,0.058683713132303805,7475.632246153352,3,5,AP242,controlled_part_definitions/DF8-R2-BACKUP-SPRING-16N-001__REV_A__STATE_DEPLOYED__LOCAL_AP242.step,288413,603111283f0138ab2c4dc449009036f9ebfe69fded87704fbf4cdfda0b9b1fbc,controlled_part_definitions/DF8-R2-BACKUP-SPRING-16N-001__REV_A__STATE_DEPLOYED__LOCAL_OCCT.brep,180376,f229423b205573eeffecc10366808c25bd9c4db9df1fd9271273bc8d70b9fc18,,,
CONTROLLED_PART_DEFINITION,DEPLOYED,DF8-R2-BACKUP-SPRING-FIXED-SEAT-001,A,BACKUP SPRING AFT FIXED SEAT,Ti-6Al-4V,MAKE,STINGRAY custom,DRAWING_DERIVED,,,Mill-turn,,,0.004223191167941975,953.3162907318227,1,4,AP242,controlled_part_definitions/DF8-R2-BACKUP-SPRING-FIXED-SEAT-001__REV_A__STATE_DEPLOYED__LOCAL_AP242.step,11607,a12d4e23e8e589c7990fb17c46e9e0209277feb6d82b858b700ef3a6ee8da9d7,controlled_part_definitions/DF8-R2-BACKUP-SPRING-FIXED-SEAT-001__REV_A__STATE_DEPLOYED__LOCAL_OCCT.brep,2137,f202db1cae310446d12e68864b78a5875556c26cee84f5f5f1dd2119307d3247,,,
CONTROLLED_PART_DEFINITION,DEPLOYED,DF8-R2-BACKUP-SPRING-GUIDE-001,A,BACKUP SPRING DLC GUIDE SHAFT,17-4PH stainless steel,MAKE,STINGRAY custom,DRAWING_DERIVED,,,Centerless grind and DLC,,,0.028151615419277288,3632.4665057131983,1,3,AP242,controlled_part_definitions/DF8-R2-BACKUP-SPRING-GUIDE-001__REV_A__STATE_DEPLOYED__LOCAL_AP242.step,7913,bee2b2e74c04e486e11ebd153ad9a9614977af0252b666a33077ea1261066a2a,controlled_part_definitions/DF8-R2-BACKUP-SPRING-GUIDE-001__REV_A__STATE_DEPLOYED__LOCAL_OCCT.brep,1120,062dce4e836da4764304ec9accf8df298bb0d6170d83c994fa9bf943f64aceea,,,
CONTROLLED_PART_DEFINITION,DEPLOYED,DF8-R2-BACKUP-SPRING-MOVING-SEAT-001,A,BACKUP SPRING CROSSHEAD SEAT,17-4PH stainless steel,MAKE,STINGRAY custom,DRAWING_DERIVED,,,Mill-turn,,,0.0073882012531716265,953.3162907318227,1,4,AP242,controlled_part_definitions/DF8-R2-BACKUP-SPRING-MOVING-SEAT-001__REV_A__STATE_DEPLOYED__LOCAL_AP242.step,11615,3628da6094da71084e06a5bf10a6cd0570885f2b85179c3b00fe2cc1941d73ba,controlled_part_definitions/DF8-R2-BACKUP-SPRING-MOVING-SEAT-001__REV_A__STATE_DEPLOYED__LOCAL_OCCT.brep,2137,f202db1cae310446d12e68864b78a5875556c26cee84f5f5f1dd2119307d3247,,,
CONTROLLED_PART_DEFINITION,DEPLOYED,DF8-R2-BALLAST-001,A,FORWARD TUNGSTEN BALLAST AND PRIMARY SPINE SOCKET,Tungsten heavy alloy,MAKE,STINGRAY custom,DRAWING_DERIVED,,,CNC turn; wire-EDM socket,,,4.885286155083886,287369.77382846386,1,4,AP242,controlled_part_definitions/DF8-R2-BALLAST-001__REV_A__STATE_DEPLOYED__LOCAL_AP242.step,11519,53347840a4b7046d4bcffbff6d1ded3ae257f35895e46f6d12b1079f666a7c83,controlled_part_definitions/DF8-R2-BALLAST-001__REV_A__STATE_DEPLOYED__LOCAL_OCCT.brep,2122,513ad7f7aa632c09be5f2fb291ed77834b0297ee76d0edc4af59cdccb4cde15d,,,
CONTROLLED_PART_DEFINITION,DEPLOYED,DF8-R2-BOOSTER-BAND-001,A,CAPTIVE BOOSTER SUPPORT BAND WITH M3 TAB,PEEK,MAKE,STINGRAY custom,DRAWING_DERIVED,,,Machine from PEEK,,,0.00026500552547815466,200.76176172587475,1,23,AP242,controlled_part_definitions/DF8-R2-BOOSTER-BAND-001__REV_A__STATE_DEPLOYED__LOCAL_AP242.step,88317,f83b3e1ab5f9445a518739193d00b4f0a763744303682410f964b6563236d054,controlled_part_definitions/DF8-R2-BOOSTER-BAND-001__REV_A__STATE_DEPLOYED__LOCAL_OCCT.brep,21109,5c837c898a10d013da67bef26562866f2faff593c9b7052351f9aa74ab88ce20,,,
CONTROLLED_PART_DEFINITION,DEPLOYED,DF8-R2-BOOSTER-RESERVOIR-001,A,13 OD X 11 ID X 430 BOOSTER RESERVOIR WITH END BOSSES,316 stainless steel,MAKE,STINGRAY custom,DRAWING_DERIVED,,,Seamless tube; orbital weld; proof test,,PROVISIONAL — BLOCKS FINAL RELEASE: pressure design and supplier unresolved.,0.1376017582272329,17200.219778404113,1,12,AP242,controlled_part_definitions/DF8-R2-BOOSTER-RESERVOIR-001__REV_A__STATE_DEPLOYED__LOCAL_AP242.step,27075,f65bc2485c4c9c6058986b90f50a51b81ccbd7a653e754a8357ee03006a40b25,controlled_part_definitions/DF8-R2-BOOSTER-RESERVOIR-001__REV_A__STATE_DEPLOYED__LOCAL_OCCT.brep,6328,94f137491c6168996ea2733b04b182083ff362b53842e66e41af38f4bd73d167,,,
CONTROLLED_PART_DEFINITION,DEPLOYED,DF8-R2-BOWDEN-SHEATH-001,A,CONTINUOUS TERMINATED BOWDEN SHEATH,316 stainless steel,MAKE,STINGRAY custom,DRAWING_DERIVED,,,Seamless formed tube,,Exact cable nipple supplier unresolved.,0.010433373493010418,1304.1716866263023,1,24,AP242,controlled_part_definitions/DF8-R2-BOWDEN-SHEATH-001__REV_A__STATE_DEPLOYED__LOCAL_AP242.step,77331,70344a96f160c3ad8eeec2815f037cc7f00bfe5eac7989932d25505f641818e5,controlled_part_definitions/DF8-R2-BOWDEN-SHEATH-001__REV_A__STATE_DEPLOYED__LOCAL_OCCT.brep,26595,1459e608171d243254e1b60d00f6257e706ddfba6f81ac96ec3bede10d535cda,,,
CONTROLLED_PART_DEFINITION,DEPLOYED,DF8-R2-BOWDEN-SHEATH-UNION-001,A,BOWDEN SHEATH DOUBLE-FERRULE BULKHEAD UNION,316 stainless steel,BUY,Qualified micro-fitting supplier TBD,PROVISIONAL — BLOCKS FINAL RELEASE,,,,,"Exact fitting, ferrule, seal, and rating unresolved.",0.00011083538881864788,13.854423602330986,2,8,AP242,controlled_part_definitions/DF8-R2-BOWDEN-SHEATH-UNION-001__REV_A__STATE_DEPLOYED__LOCAL_AP242.step,19692,09a5e931f12590ba2fa48dad742f4df109db9bb77aae84ecfca7ffe1da4ef3d1,controlled_part_definitions/DF8-R2-BOWDEN-SHEATH-UNION-001__REV_A__STATE_DEPLOYED__LOCAL_OCCT.brep,4178,30828e4b1eb4d838cd103f2d9b85fb7d9dc3fad9695a105016768fa58e0f946d,,,
CONTROLLED_PART_DEFINITION,DEPLOYED,DF8-R2-BOWDEN-WIRE-001,A,CONTINUOUS TERMINATED BOWDEN WIRE,17-4PH stainless steel,MAKE,STINGRAY custom,DRAWING_DERIVED,,,Bowden wire,,Exact cable nipple supplier unresolved.,0.001961427515091197,253.08742130208992,1,9,AP242,controlled_part_definitions/DF8-R2-BOWDEN-WIRE-001__REV_A__STATE_DEPLOYED__LOCAL_AP242.step,28520,ca1ecdda5e852aafc45090cac5b64a73d1c14237853da6e3e59f1a3d025f8b1c,controlled_part_definitions/DF8-R2-BOWDEN-WIRE-001__REV_A__STATE_DEPLOYED__LOCAL_OCCT.brep,9879,470d68112a9138fd6281dbe20830d7cd308939a5c6ed0f432a51959f7866ff6a,,,
CONTROLLED_PART_DEFINITION,DEPLOYED,DF8-R2-BOWDEN-WIRE-UNION-001,A,BOWDEN WIRE DOUBLE-FERRULE BULKHEAD UNION,316 stainless steel,BUY,Qualified micro-fitting supplier TBD,PROVISIONAL — BLOCKS FINAL RELEASE,,,,,"Exact fitting, ferrule, seal, and rating unresolved.",1.432566250036947e-05,1.790707812546184,2,8,AP242,controlled_part_definitions/DF8-R2-BOWDEN-WIRE-UNION-001__REV_A__STATE_DEPLOYED__LOCAL_AP242.step,19688,11f2b449943939a3b978eba99db9a9ed4a54288b5372d3ede82bc8529d8e736f,controlled_part_definitions/DF8-R2-BOWDEN-WIRE-UNION-001__REV_A__STATE_DEPLOYED__LOCAL_OCCT.brep,4197,503b562a1d61da7c16a21814cf5041d0574ebb9e7f699d156786cb3e6082ce35,,,
CONTROLLED_PART_DEFINITION,DEPLOYED,DF8-R2-BUOY-GORE-01,A,60 L BUOY GORE 1 OF 8,TPU-coated nylon,MAKE,STINGRAY custom,DRAWING_DERIVED,,,Waterjet cut; RF weld 12 mm seams,,,0.05056730964086037,42139.424700716976,1,6,AP242,controlled_part_definitions/DF8-R2-BUOY-GORE-01__REV_A__STATE_DEPLOYED__LOCAL_AP242.step,14961,a85c6e935a8d0af52750cf9fbdd5b067bb272cc91b3365e9a3b9f1963b0498dd,controlled_part_definitions/DF8-R2-BUOY-GORE-01__REV_A__STATE_DEPLOYED__LOCAL_OCCT.brep,4663,032bafa0119664dcf99eea3c5503455663a463e0382dccc19ac1418a38bd4e8d,,,
CONTROLLED_PART_DEFINITION,DEPLOYED,DF8-R2-BUOY-GORE-02,A,60 L BUOY GORE 2 OF 8,TPU-coated nylon,MAKE,STINGRAY custom,DRAWING_DERIVED,,,Waterjet cut; RF weld 12 mm seams,,,0.05056730964085981,42139.42470071651,1,4,AP242,controlled_part_definitions/DF8-R2-BUOY-GORE-02__REV_A__STATE_DEPLOYED__LOCAL_AP242.step,12179,1642489c96903516d661bb9a5524dfb1452314a49d970f38e8944317770f93c2,controlled_part_definitions/DF8-R2-BUOY-GORE-02__REV_A__STATE_DEPLOYED__LOCAL_OCCT.brep,3648,580ec1e52266ed4ee8415281779c5b603d99ca1543a5f1a19f2904d92c5334c5,,,
CONTROLLED_PART_DEFINITION,DEPLOYED,DF8-R2-BUOY-GORE-03,A,60 L BUOY GORE 3 OF 8,TPU-coated nylon,MAKE,STINGRAY custom,DRAWING_DERIVED,,,Waterjet cut; RF weld 12 mm seams,,,0.05056730964085981,42139.42470071651,1,4,AP242,controlled_part_definitions/DF8-R2-BUOY-GORE-03__REV_A__STATE_DEPLOYED__LOCAL_AP242.step,12184,3490b4e0e27fa32c8f1fff9daaa19f51a1ee3cd7941a5792cb2bec6c271ecb0e,controlled_part_definitions/DF8-R2-BUOY-GORE-03__REV_A__STATE_DEPLOYED__LOCAL_OCCT.brep,3642,0ce2e09b66bb03e79eb567a289bf97577adc3f71bb76bd20a7f8c64a33ce1ec6,,,
CONTROLLED_PART_DEFINITION,DEPLOYED,DF8-R2-BUOY-GORE-04,A,60 L BUOY GORE 4 OF 8,TPU-coated nylon,MAKE,STINGRAY custom,DRAWING_DERIVED,,,Waterjet cut; RF weld 12 mm seams,,,0.05056730964086428,42139.424700720236,1,4,AP242,controlled_part_definitions/DF8-R2-BUOY-GORE-04__REV_A__STATE_DEPLOYED__LOCAL_AP242.step,12120,ee65b7945edf3f291475917cb9032987cfa3c5dbc64c2d81657e0ea800544d62,controlled_part_definitions/DF8-R2-BUOY-GORE-04__REV_A__STATE_DEPLOYED__LOCAL_OCCT.brep,3561,64f452ff2de912d2584bee9029eefa467b9904b4fbfd58fc2feca7931993a09a,,,
CONTROLLED_PART_DEFINITION,DEPLOYED,DF8-R2-BUOY-GORE-05,A,60 L BUOY GORE 5 OF 8,TPU-coated nylon,MAKE,STINGRAY custom,DRAWING_DERIVED,,,Waterjet cut; RF weld 12 mm seams,,,0.05056730964086205,42139.42470071837,1,4,AP242,controlled_part_definitions/DF8-R2-BUOY-GORE-05__REV_A__STATE_DEPLOYED__LOCAL_AP242.step,12189,12b05dc6503ab7521b494e8452e3dce6a4ce6d74882381efe3ad4c94e56497a9,controlled_part_definitions/DF8-R2-BUOY-GORE-05__REV_A__STATE_DEPLOYED__LOCAL_OCCT.brep,3643,d8e39625834c8041437fab544c79486d2d888ca3571e1cc23a0cdc173574163d,,,
CONTROLLED_PART_DEFINITION,DEPLOYED,DF8-R2-BUOY-GORE-06,A,60 L BUOY GORE 6 OF 8,TPU-coated nylon,MAKE,STINGRAY custom,DRAWING_DERIVED,,,Waterjet cut; RF weld 12 mm seams,,,0.0505673096408654,42139.42470072117,1,4,AP242,controlled_part_definitions/DF8-R2-BUOY-GORE-06__REV_A__STATE_DEPLOYED__LOCAL_AP242.step,12115,189d07ff1edaeaf3d89ad85befce591343f109400c1a1dbfd53518a4830b3560,controlled_part_definitions/DF8-R2-BUOY-GORE-06__REV_A__STATE_DEPLOYED__LOCAL_OCCT.brep,3561,2f0c105f8bf92fa61c0e4d5eed458e70dbe64886f296f50e2fc089d0594e07ba,,,
CONTROLLED_PART_DEFINITION,DEPLOYED,DF8-R2-BUOY-GORE-07,A,60 L BUOY GORE 7 OF 8,TPU-coated nylon,MAKE,STINGRAY custom,DRAWING_DERIVED,,,Waterjet cut; RF weld 12 mm seams,,,0.05056730964086205,42139.42470071837,1,4,AP242,controlled_part_definitions/DF8-R2-BUOY-GORE-07__REV_A__STATE_DEPLOYED__LOCAL_AP242.step,12186,0c5e520b40f81fb1618ab514121e36dd9be3f37a69c0c383a8858e03def34086,controlled_part_definitions/DF8-R2-BUOY-GORE-07__REV_A__STATE_DEPLOYED__LOCAL_OCCT.brep,3646,fe411a961aa5ddde7093142a6a4bcb588bb8c0b5d285fbc2f43c62c52795b2b7,,,
CONTROLLED_PART_DEFINITION,DEPLOYED,DF8-R2-BUOY-GORE-08,A,60 L BUOY GORE 8 OF 8,TPU-coated nylon,MAKE,STINGRAY custom,DRAWING_DERIVED,,,Waterjet cut; RF weld 12 mm seams,,,0.05056730964086205,42139.42470071837,1,4,AP242,controlled_part_definitions/DF8-R2-BUOY-GORE-08__REV_A__STATE_DEPLOYED__LOCAL_AP242.step,12122,bd317ca6c0026530c6fe6140a8b678d136274c2109dc8e29a3f0cdb0c3e17fe2,controlled_part_definitions/DF8-R2-BUOY-GORE-08__REV_A__STATE_DEPLOYED__LOCAL_OCCT.brep,3560,f9f9276327f816d98b819547f9746d768abe9487a79a31e32363632081ad0e76,,,
CONTROLLED_PART_DEFINITION,DEPLOYED,DF8-R2-CARTRIDGE-CARRIER-001,A,FOUR-CARTRIDGE DOUBLE-PLATE CARRIER,7075-T6 aluminum,MAKE,STINGRAY custom,DRAWING_DERIVED,,,5-axis mill,,,0.007803692491254046,2777.1147655708346,2,15,AP242,controlled_part_definitions/DF8-R2-CARTRIDGE-CARRIER-001__REV_A__STATE_DEPLOYED__LOCAL_AP242.step,46212,e1097eb5a5c34ed7c7cfd7aaf0e025884b96ffe63aaab31179c7150f9e97afba,controlled_part_definitions/DF8-R2-CARTRIDGE-CARRIER-001__REV_A__STATE_DEPLOYED__LOCAL_OCCT.brep,10597,fea44e080ab56307f1281dbf3a67e684e03cdab2739ddda2ebebc1b490b38e28,,,
CONTROLLED_PART_DEFINITION,DEPLOYED,DF8-R2-COLLECTION-MANIFOLD-001,A,FOUR-PORT COLLECTION MANIFOLD WITH BORED PASSAGES,316 stainless steel,MAKE,STINGRAY custom,DRAWING_DERIVED,,,5-axis mill; gun drill; proof test,,,0.09340331950240885,11675.414937801106,1,8,AP242,controlled_part_definitions/DF8-R2-COLLECTION-MANIFOLD-001__REV_A__STATE_DEPLOYED__LOCAL_AP242.step,26093,579268aaf17457c29f2fe102659dd49800fd16b814704caa5bd7d8faf02e2d80,controlled_part_definitions/DF8-R2-COLLECTION-MANIFOLD-001__REV_A__STATE_DEPLOYED__LOCAL_OCCT.brep,6000,98b1b9418e32582d1ed8f27b86706bff286eb5ee429153ee5453a5dbbc85f50e,,,
CONTROLLED_PART_DEFINITION,DEPLOYED,DF8-R2-CROSSHEAD-001,A,ONE-PIECE SIX-CLEVIS GUIDED COMMON CROSSHEAD,17-4PH stainless steel,MAKE,STINGRAY custom,DRAWING_DERIVED,,,5-axis mill-turn; H900; hone,,,0.012188178597747729,1572.6682061609972,5,213,AP242,controlled_part_definitions/DF8-R2-CROSSHEAD-001__REV_A__STATE_DEPLOYED__LOCAL_AP242.step,684408,1e9f0f763e3358feaf723000b27a88b044801e4f08b2282fed533f3664266f94,controlled_part_definitions/DF8-R2-CROSSHEAD-001__REV_A__STATE_DEPLOYED__LOCAL_OCCT.brep,205048,a553763ab430d0c2279929577bff26b7e0be8fb2034aa15c5274a4359f682fea,,,
CONTROLLED_PART_DEFINITION,DEPLOYED,DF8-R2-CROSSHEAD-GUIDE-001,A,CENTRAL DLC CROSSHEAD GUIDE SHAFT,17-4PH stainless steel,MAKE,STINGRAY custom,DRAWING_DERIVED,,,Centerless grind and DLC,,,0.008975404547599895,1158.1167158193414,1,3,AP242,controlled_part_definitions/DF8-R2-CROSSHEAD-GUIDE-001__REV_A__STATE_DEPLOYED__LOCAL_AP242.step,7895,e294a009bc7d8387178f56ec6a3ce684d5c8c960395981d5272945cdc3444c99,controlled_part_definitions/DF8-R2-CROSSHEAD-GUIDE-001__REV_A__STATE_DEPLOYED__LOCAL_OCCT.brep,1204,061bfd596c1fa568234a05bb48ddf22d666d97519601f680c40c37e6fe5a705c,,,
CONTROLLED_PART_DEFINITION,DEPLOYED,DF8-R2-FIXED-SECTOR-001,A,ANALYTIC CYLINDRICAL FIXED BODY SECTOR,Ti-6Al-4V,MAKE,STINGRAY custom,DRAWING_DERIVED,,,Hot form and 5-axis trim,,,0.4661601028903279,105228.01419646227,1,10,AP242,controlled_part_definitions/DF8-R2-FIXED-SECTOR-001__REV_A__STATE_DEPLOYED__LOCAL_AP242.step,35028,a1767cb2f34ea279982c96c13a0899a3ff964e04cc3b57a674c26849dd41c7d7,controlled_part_definitions/DF8-R2-FIXED-SECTOR-001__REV_A__STATE_DEPLOYED__LOCAL_OCCT.brep,8720,cd7b4e576331cf39c406e89130f96c1aa2ca15580c5a85798f4173e3c59f49f6,,,
CONTROLLED_PART_DEFINITION,DEPLOYED,DF8-R2-FIXED-STOP-001,A,80 DEGREE DOWEL-LOCATED FIXED STOP,17-4PH stainless steel,MAKE,STINGRAY custom,DRAWING_DERIVED,,,Wire EDM and grind,,,0.0013980999999999998,180.39999999999998,1,6,AP242,controlled_part_definitions/DF8-R2-FIXED-STOP-001__REV_A__STATE_DEPLOYED__LOCAL_AP242.step,17710,a88b335a3682a9f6b465effbda40310e8d33460fff07bd703629e145738bafc9,controlled_part_definitions/DF8-R2-FIXED-STOP-001__REV_A__STATE_DEPLOYED__LOCAL_OCCT.brep,2548,1fb992e64b65fa68fda0a5b58692ea8801e8881c707284e9440340f62e560def,,,
CONTROLLED_PART_DEFINITION,DEPLOYED,DF8-R2-FULLFLOW-VALVE-001,A,DIRECT FULL-FLOW VALVE WITH BORED AXIAL AND RADIAL PORTS,17-4PH stainless steel,MAKE,STINGRAY custom,DRAWING_DERIVED,,,Swiss turn; cross-drill; lap,,,0.015129307169058515,1952.1686669752921,1,16,AP242,controlled_part_definitions/DF8-R2-FULLFLOW-VALVE-001__REV_A__STATE_DEPLOYED__LOCAL_AP242.step,127352,a920d693f722407504fb99fdecd8fa70fb6580e8b228f9a4e5108ec6d395b018,controlled_part_definitions/DF8-R2-FULLFLOW-VALVE-001__REV_A__STATE_DEPLOYED__LOCAL_OCCT.brep,63609,fa0c57315262b18625993a541d581d9463061082fa61b70b78e8a366c4172ae8,,,
CONTROLLED_PART_DEFINITION,DEPLOYED,DF8-R2-FWD-LONGERON-001,A,FORWARD PRIMARY LOAD-PATH LONGERON,Ti-6Al-4V,MAKE,STINGRAY custom,DRAWING_DERIVED,,,5-axis mill,,,0.01762401438607598,3978.3328185273094,1,8,AP242,controlled_part_definitions/DF8-R2-FWD-LONGERON-001__REV_A__STATE_DEPLOYED__LOCAL_AP242.step,27476,2988cbc695168e673c2cbb453ff0e2bdf6818aa3d72219db15ef1064362b8f88,controlled_part_definitions/DF8-R2-FWD-LONGERON-001__REV_A__STATE_DEPLOYED__LOCAL_OCCT.brep,6812,8d63d7696ae394fdfc488babaf5dae7f99dec91708d25cbde7ffec97c0b0c128,,,
CONTROLLED_PART_DEFINITION,DEPLOYED,DF8-R2-FWD-SHELL-001,A,FORWARD GRADE-9 TITANIUM SHELL WITH CONTROLLED WATER PORT,Ti-3Al-2.5V Grade 9,MAKE,STINGRAY custom,DRAWING_DERIVED,,,Cold draw; laser port; finish hone,,,0.44953433628175915,100342.48577717837,1,22,AP242,controlled_part_definitions/DF8-R2-FWD-SHELL-001__REV_A__STATE_DEPLOYED__LOCAL_AP242.step,112858,6f707457444343e79cc3c872cea80fd37bbaa9d697c163d9818ce01677e62ea2,controlled_part_definitions/DF8-R2-FWD-SHELL-001__REV_A__STATE_DEPLOYED__LOCAL_OCCT.brep,40261,bedf891f5797f6583ea5c24c48b7deee9a9f0ac930fc61a573336b5c5b49bd00,,,
CONTROLLED_PART_DEFINITION,DEPLOYED,DF8-R2-GAS-MAIN-001,A,CONTINUOUS TERMINATED GAS MAIN,316 stainless steel,MAKE,STINGRAY custom,DRAWING_DERIVED,,,Seamless formed tube,,Exact supplier/fitting pressure rating remains provisional.,0.013001099651955856,1625.137456494482,1,24,AP242,controlled_part_definitions/DF8-R2-GAS-MAIN-001__REV_A__STATE_DEPLOYED__LOCAL_AP242.step,77809,c36841acb9b1d7de6d20976b386cba2d9e592b0fea8833b3f3228032a5f03f64,controlled_part_definitions/DF8-R2-GAS-MAIN-001__REV_A__STATE_DEPLOYED__LOCAL_OCCT.brep,26188,0bc3de47b919c17caf8ccbec379a564f03c6beee841131994f4c864d377d163f,,,
CONTROLLED_PART_DEFINITION,DEPLOYED,DF8-R2-GAS-MAIN-UNION-001,A,GAS MAIN DOUBLE-FERRULE BULKHEAD UNION,316 stainless steel,BUY,Qualified micro-fitting supplier TBD,PROVISIONAL — BLOCKS FINAL RELEASE,,,,,"Exact fitting, ferrule, seal, and rating unresolved.",0.00017477308250450738,21.846635313063423,2,8,AP242,controlled_part_definitions/DF8-R2-GAS-MAIN-UNION-001__REV_A__STATE_DEPLOYED__LOCAL_AP242.step,19657,cece12d1c713f7bf66ad7b9417632367e7e368ac570053d46a1b6ac089e209d5,controlled_part_definitions/DF8-R2-GAS-MAIN-UNION-001__REV_A__STATE_DEPLOYED__LOCAL_OCCT.brep,4128,ce87efe4539af2654411eb04958804e75cd5fda5168d473156a4626e2a81c720,,,
CONTROLLED_PART_DEFINITION,DEPLOYED,DF8-R2-HARNESS-BAND-1,A,X-6292 STRUCTURAL HARNESS CLOSED BAND 1,UHMWPE webbing,MAKE,Sturges X-6292 raw webbing / STINGRAY finished assembly,PROVISIONAL — BLOCKS FINAL RELEASE,,,"Cut, fold, stitch and proof load",,"Finished stitching, MBS and proof acceptance remain open.",,42834.73618575558,1,4,AP242,controlled_part_definitions/DF8-R2-HARNESS-BAND-1__REV_A__STATE_DEPLOYED__LOCAL_AP242.step,11510,4f08c9539a4197123ed16fac4fac55f381e1454f8c454cdf20ae6fb66b4ca153,controlled_part_definitions/DF8-R2-HARNESS-BAND-1__REV_A__STATE_DEPLOYED__LOCAL_OCCT.brep,2378,b8f0f9bf8670fc3d291aee55607323115a228983c4e6f0208933921d15434303,,,
CONTROLLED_PART_DEFINITION,DEPLOYED,DF8-R2-HARNESS-BAND-2,A,X-6292 STRUCTURAL HARNESS CLOSED BAND 2,UHMWPE webbing,MAKE,Sturges X-6292 raw webbing / STINGRAY finished assembly,PROVISIONAL — BLOCKS FINAL RELEASE,,,"Cut, fold, stitch and proof load",,"Finished stitching, MBS and proof acceptance remain open.",,43262.671653934056,1,64,AP242,controlled_part_definitions/DF8-R2-HARNESS-BAND-2__REV_A__STATE_DEPLOYED__LOCAL_AP242.step,191013,6c404104d2cea1ce0bd695f709c2d1bff312de98098f848f04760d2e8e808386,controlled_part_definitions/DF8-R2-HARNESS-BAND-2__REV_A__STATE_DEPLOYED__LOCAL_OCCT.brep,46262,4d67082a8d137a17101691b5152d94fa167a7402e76c43a347a4107f42ae987e,,,
CONTROLLED_PART_DEFINITION,DEPLOYED,DF8-R2-HARNESS-LEG-XN,A,X-6292 TERMINAL HARNESS LEG XN,UHMWPE webbing,MAKE,Sturges X-6292 raw webbing / STINGRAY finished assembly,PROVISIONAL — BLOCKS FINAL RELEASE,,,"Fold, stitch and proof load",,Finished stitch pattern and proof basis remain open.,,294.7001621988019,1,6,AP242,controlled_part_definitions/DF8-R2-HARNESS-LEG-XN__REV_A__STATE_DEPLOYED__LOCAL_AP242.step,18812,2401c66bee7d8c76247d32dc1947efcf26b46dc6da35ed57cce7e87e7a53348d,controlled_part_definitions/DF8-R2-HARNESS-LEG-XN__REV_A__STATE_DEPLOYED__LOCAL_OCCT.brep,3746,e3d04a161670d7debdb97597832aea2fbfdb12db5e2845fc1e6cf4473f5e75a3,,,
CONTROLLED_PART_DEFINITION,DEPLOYED,DF8-R2-HARNESS-LEG-XP,A,X-6292 TERMINAL HARNESS LEG XP,UHMWPE webbing,MAKE,Sturges X-6292 raw webbing / STINGRAY finished assembly,PROVISIONAL — BLOCKS FINAL RELEASE,,,"Fold, stitch and proof load",,Finished stitch pattern and proof basis remain open.,,294.7001621988019,1,6,AP242,controlled_part_definitions/DF8-R2-HARNESS-LEG-XP__REV_A__STATE_DEPLOYED__LOCAL_AP242.step,18793,ce5f7979370d3abe6aec6057e66a1312d2bae283c3da23b991f06d55a6fc7508,controlled_part_definitions/DF8-R2-HARNESS-LEG-XP__REV_A__STATE_DEPLOYED__LOCAL_OCCT.brep,3720,ad1a5ba78deac53260f3583534252cddeccef597d739211d89bd9473ea984394,,,
CONTROLLED_PART_DEFINITION,DEPLOYED,DF8-R2-HARNESS-LEG-YN,A,X-6292 TERMINAL HARNESS LEG YN,UHMWPE webbing,MAKE,Sturges X-6292 raw webbing / STINGRAY finished assembly,PROVISIONAL — BLOCKS FINAL RELEASE,,,"Fold, stitch and proof load",,Finished stitch pattern and proof basis remain open.,,294.7001621988017,1,6,AP242,controlled_part_definitions/DF8-R2-HARNESS-LEG-YN__REV_A__STATE_DEPLOYED__LOCAL_AP242.step,18754,60a0151c0953a840fb81ad5e928f7bc806d24703c98dbc0b3018a5ec79a4d3fe,controlled_part_definitions/DF8-R2-HARNESS-LEG-YN__REV_A__STATE_DEPLOYED__LOCAL_OCCT.brep,4107,3200458c3f0f6fcf6b258fcc4a62d0dc638022fd19f9ddda1f4ae5f00c2fdd02,,,
CONTROLLED_PART_DEFINITION,DEPLOYED,DF8-R2-HARNESS-LEG-YP,A,X-6292 TERMINAL HARNESS LEG YP,UHMWPE webbing,MAKE,Sturges X-6292 raw webbing / STINGRAY finished assembly,PROVISIONAL — BLOCKS FINAL RELEASE,,,"Fold, stitch and proof load",,Finished stitch pattern and proof basis remain open.,,294.7001621988017,1,6,AP242,controlled_part_definitions/DF8-R2-HARNESS-LEG-YP__REV_A__STATE_DEPLOYED__LOCAL_AP242.step,18730,e99fa4ae60f100816d7505afa9cb1c68b0ab5bc4f08991cc634d63ac6b654f34,controlled_part_definitions/DF8-R2-HARNESS-LEG-YP__REV_A__STATE_DEPLOYED__LOCAL_OCCT.brep,4074,5099d9384f569cbab523fcf56f654bf5a81331f65e3f9da4ad54a83e065284f7,,,
CONTROLLED_PART_DEFINITION,DEPLOYED,DF8-R2-LINK-E-RING-004,A,4 MM LINK-PIN EXTERNAL RETAINING RING,1.4310 stainless spring steel,BUY,Qualified retainer supplier TBD,PROVISIONAL — BLOCKS FINAL RELEASE,,,Stamped spring ring,,,4.345508650541629e-05,5.5356798096071715,1,8,AP242,controlled_part_definitions/DF8-R2-LINK-E-RING-004__REV_A__STATE_DEPLOYED__LOCAL_AP242.step,26897,8ca3550ea2dd5d1039508a5b09e8c8eefec2c9e3707d004c02cb5fda02a5a7ca,controlled_part_definitions/DF8-R2-LINK-E-RING-004__REV_A__STATE_DEPLOYED__LOCAL_OCCT.brep,7156,1e4732cf329de19cf2f81d50919b0f003c2893b7ba807f3e05e90d292144f163,,,
CONTROLLED_PART_DEFINITION,DEPLOYED,DF8-R2-LINK-PIN-004,A,4 MM FULL-SPAN LINK PIN WITH RETAINER GROOVE,17-4PH stainless steel,MAKE,STINGRAY custom,DRAWING_DERIVED,,,Swiss turn; H900; grind,,,0.001280137647106325,165.17905123952582,1,9,AP242,controlled_part_definitions/DF8-R2-LINK-PIN-004__REV_A__STATE_DEPLOYED__LOCAL_AP242.step,19498,62e107e50dada6ef2ba63a2c52ea46ad5a909ad2e596d5a6cef2b28ead94ef03,controlled_part_definitions/DF8-R2-LINK-PIN-004__REV_A__STATE_DEPLOYED__LOCAL_OCCT.brep,3955,e620d79a1249e0a220930a585d5a5353caaab0b0244d95427b3ac483099efb45,,,
CONTROLLED_PART_DEFINITION,DEPLOYED,DF8-R2-LOCK-DOG-001,A,CAPTIVE DEPLOYED LOCK DOG,17-4PH stainless steel,MAKE,STINGRAY custom,DRAWING_DERIVED,,,Wire EDM and lap,,,0.0003534,45.6,1,6,AP242,controlled_part_definitions/DF8-R2-LOCK-DOG-001__REV_A__STATE_DEPLOYED__LOCAL_AP242.step,17668,0d5d1dc95bd14b8fdded12197787dce164ed987edebb2145dfc31c3a3d34991e,controlled_part_definitions/DF8-R2-LOCK-DOG-001__REV_A__STATE_DEPLOYED__LOCAL_OCCT.brep,2514,0cba655ea5971c6b76fae731ef885a8db52ce7c1b7e3b9057293786bc09f9164,,,
CONTROLLED_PART_DEFINITION,DEPLOYED,DF8-R2-LOCK-SPRING-001,A,CAPTURED LOCK-DOG RETURN SPRING,1.4310 stainless spring steel,MAKE,STINGRAY custom,DRAWING_DERIVED,,,Cold coil,,,0.00014296336234718605,18.211893292635168,3,5,AP242,controlled_part_definitions/DF8-R2-LOCK-SPRING-001__REV_A__STATE_DEPLOYED__LOCAL_AP242.step,76876,ff3ae5561315974edf20be1ba8cd1a9916b792eba662e9ac7d11736878310177,controlled_part_definitions/DF8-R2-LOCK-SPRING-001__REV_A__STATE_DEPLOYED__LOCAL_OCCT.brep,44789,fc7540042e3d79c48cbcb011d373b75b9480198bf05878cf8f7e87106949cfb5,,,
CONTROLLED_PART_DEFINITION,DEPLOYED,DF8-R2-NOSE-001,A,TUNGSTEN PENETRATOR NOSE,Tungsten heavy alloy,MAKE,STINGRAY custom,DRAWING_DERIVED,,,CNC turn and grind,,,2.21953217288829,130560.71605225236,1,3,AP242,controlled_part_definitions/DF8-R2-NOSE-001__REV_A__STATE_DEPLOYED__LOCAL_AP242.step,7889,784c6ef8316721a29cbbe792d281150e0e42becca7771bd2359c879d29c6fb73,controlled_part_definitions/DF8-R2-NOSE-001__REV_A__STATE_DEPLOYED__LOCAL_OCCT.brep,1269,621142dd1f9be73606762203a8cd3b881f67af4396ff035e6a8b1f1f5d98008f,,,
CONTROLLED_PART_DEFINITION,DEPLOYED,DF8-R2-PILOT-LINE-001,A,CONTINUOUS TERMINATED PILOT LINE,316 stainless steel,MAKE,STINGRAY custom,DRAWING_DERIVED,,,Seamless formed tube,,Exact supplier/fitting pressure rating remains provisional.,0.008102512647408085,1012.8140809260105,1,24,AP242,controlled_part_definitions/DF8-R2-PILOT-LINE-001__REV_A__STATE_DEPLOYED__LOCAL_AP242.step,77342,a10aba21ae13b17188066227439bc8fbb04f9296b198e3c475fb8484bbdcac01,controlled_part_definitions/DF8-R2-PILOT-LINE-001__REV_A__STATE_DEPLOYED__LOCAL_OCCT.brep,26170,99840da2a1da328dcedcde3f77c8ade09982b7d8027a31b19554a7b44510d052,,,
CONTROLLED_PART_DEFINITION,DEPLOYED,DF8-R2-PILOT-LINE-UNION-001,A,PILOT LINE DOUBLE-FERRULE BULKHEAD UNION,316 stainless steel,BUY,Qualified micro-fitting supplier TBD,PROVISIONAL — BLOCKS FINAL RELEASE,,,,,"Exact fitting, ferrule, seal, and rating unresolved.",9.711291210776764e-05,12.139114013470955,2,8,AP242,controlled_part_definitions/DF8-R2-PILOT-LINE-UNION-001__REV_A__STATE_DEPLOYED__LOCAL_AP242.step,19667,70284dfc4ca87bbb5d9d3a4211a51086115d11800e03b128effdb665da6661ba,controlled_part_definitions/DF8-R2-PILOT-LINE-UNION-001__REV_A__STATE_DEPLOYED__LOCAL_OCCT.brep,4002,e7d1dcfafcc24981ddc59c79ab46ead4e3c33297065cd05306fece56a5a46be9,,,
CONTROLLED_PART_DEFINITION,DEPLOYED,DF8-R2-PIVOT-BUSH-008,A,8 MM PEEK-LINED PIVOT BUSHING,PEEK,MAKE,STINGRAY custom,DRAWING_DERIVED,,,Turn and press fit,,,8.808849871477256e-06,6.673371114755497,1,4,AP242,controlled_part_definitions/DF8-R2-PIVOT-BUSH-008__REV_A__STATE_DEPLOYED__LOCAL_AP242.step,11549,de3ba1884f37a973374b7a77a504e3353d75a5d70505a132799d5591c5680883,controlled_part_definitions/DF8-R2-PIVOT-BUSH-008__REV_A__STATE_DEPLOYED__LOCAL_OCCT.brep,2201,08a6fcc48e515c80609be1a48b6078c63fd3aceb365db8aeea34a076b8f3d636,,,
CONTROLLED_PART_DEFINITION,DEPLOYED,DF8-R2-PIVOT-CARRIER-001,A,MATCHED DOUBLE-SHEAR PIVOT LUG SET,Ti-6Al-4V,MAKE,STINGRAY custom,DRAWING_DERIVED,,,5-axis mill,,,0.003140936806848546,709.0150805527192,2,38,AP242,controlled_part_definitions/DF8-R2-PIVOT-CARRIER-001__REV_A__STATE_DEPLOYED__LOCAL_AP242.step,96235,32f837c0c1f315cf051583656f499d7732a80ad515da2c6c453a1e3e24049403,controlled_part_definitions/DF8-R2-PIVOT-CARRIER-001__REV_A__STATE_DEPLOYED__LOCAL_OCCT.brep,20223,6ce4653a5c16a07a39e8ea772bf779d6c8864833cac734e6a08ad1a1c1820aec,,,
CONTROLLED_PART_DEFINITION,DEPLOYED,DF8-R2-PIVOT-PIN-008,A,8 MM CAPTIVE SHOULDER PIVOT PIN WITH GROOVE,17-4PH stainless steel,MAKE,STINGRAY custom,DRAWING_DERIVED,,,Swiss turn; H900; grind,,,0.007903832328026874,1019.8493326486289,1,9,AP242,controlled_part_definitions/DF8-R2-PIVOT-PIN-008__REV_A__STATE_DEPLOYED__LOCAL_AP242.step,19506,24c73e2de0b4b821091bdf42257e408199c45fcabe676041bb5e865cd006d442,controlled_part_definitions/DF8-R2-PIVOT-PIN-008__REV_A__STATE_DEPLOYED__LOCAL_OCCT.brep,3996,c2fc5942cbca91b0d82dab9370459c56ace600489f8f4238b556c342da9f1367,,,
CONTROLLED_PART_DEFINITION,DEPLOYED,DF8-R2-PIVOT-SPIRAL-RING-008,A,8 MM EXTERNAL SPIRAL PIVOT RETAINER,1.4310 stainless spring steel,MAKE,STINGRAY custom,DRAWING_DERIVED,,,Wire form,,,9.513648371968049e-05,12.119297289131273,1,8,AP242,controlled_part_definitions/DF8-R2-PIVOT-SPIRAL-RING-008__REV_A__STATE_DEPLOYED__LOCAL_AP242.step,26953,8c0b7bbbfafcf0caa6e0d562ceb20faf19e7a2bfbdb7e0b6014997c4990d917b,controlled_part_definitions/DF8-R2-PIVOT-SPIRAL-RING-008__REV_A__STATE_DEPLOYED__LOCAL_OCCT.brep,7154,17c1d2bfd67bc680169758b2635d04ff0957fb87e5cbcf5005df81dba8cb6957,,,
CONTROLLED_PART_DEFINITION,DEPLOYED,DF8-R2-PIVOT-WASHER-008,A,8 MM PEEK THRUST WASHER,PEEK,MAKE,STINGRAY custom,DRAWING_DERIVED,,,Turn,,,1.4016322438141084e-05,10.61842608950082,1,4,AP242,controlled_part_definitions/DF8-R2-PIVOT-WASHER-008__REV_A__STATE_DEPLOYED__LOCAL_AP242.step,11596,dd74e11ebdec5ded92ee1dc4dfd7a32e1fd5ded8c41dbe14fa72e96b93419352,controlled_part_definitions/DF8-R2-PIVOT-WASHER-008__REV_A__STATE_DEPLOYED__LOCAL_OCCT.brep,2298,f2b37be11d4e34c71689876371ad2575081dcdc83626f1d1a5c2236836c6dd3d,,,
CONTROLLED_PART_DEFINITION,DEPLOYED,DF8-R2-PUNCTURE-HEAD-001,A,CARTRIDGE PUNCTURE HEAD WITH CONTROLLED NEEDLE,17-4PH stainless steel,MAKE,STINGRAY custom,DRAWING_DERIVED,,,Swiss turn and grind,,,0.0035417166931757367,456.99570234525635,2,7,AP242,controlled_part_definitions/DF8-R2-PUNCTURE-HEAD-001__REV_A__STATE_DEPLOYED__LOCAL_AP242.step,16065,adbaae9e607eb6d5e3198099bc60dccaabd0dbcbea4353fdc5f1e1ae54b78d13,controlled_part_definitions/DF8-R2-PUNCTURE-HEAD-001__REV_A__STATE_DEPLOYED__LOCAL_OCCT.brep,3392,c22c22558b0940288a5781a5dca6dc313c857c0739984e2787eaf3330eb7f663,,,
CONTROLLED_PART_DEFINITION,DEPLOYED,DF8-R2-RECOVERY-E-RING-006,A,6 MM RECOVERY PIN EXTERNAL RETAINER,1.4310 stainless spring steel,MAKE,STINGRAY custom,DRAWING_DERIVED,,,Stamped spring ring,,,6.738960987628341e-05,8.584663678507441,1,8,AP242,controlled_part_definitions/DF8-R2-RECOVERY-E-RING-006__REV_A__STATE_DEPLOYED__LOCAL_AP242.step,26977,8afcd68baefb57f0888a23e558c26aa24ccf140389541b51c2a57859f441c5fd,controlled_part_definitions/DF8-R2-RECOVERY-E-RING-006__REV_A__STATE_DEPLOYED__LOCAL_OCCT.brep,6885,a399bc1e2859a2de492652e915dcdd40c3c5129e15bf6ea9073d87ae93bd8252,,,
CONTROLLED_PART_DEFINITION,DEPLOYED,DF8-R2-RECOVERY-PIN-006,A,6 MM CAPTIVE RECOVERY TERMINAL PIN WITH RETAINER GROOVE,17-4PH stainless steel,MAKE,STINGRAY custom,DRAWING_DERIVED,,,Swiss turn; H900; grind,,,0.0028054986901486795,361.9998309869264,1,9,AP242,controlled_part_definitions/DF8-R2-RECOVERY-PIN-006__REV_A__STATE_DEPLOYED__LOCAL_AP242.step,19517,af994aa0c6c214fd2654e732271514318e9bad76348ae61d5b9362f0d05458e3,controlled_part_definitions/DF8-R2-RECOVERY-PIN-006__REV_A__STATE_DEPLOYED__LOCAL_OCCT.brep,4012,c4203a09dd5a7d0d097fdd8fd2ab7cea6ff994471cfaeb77f0842dd49dc57f3a,,,
CONTROLLED_PART_DEFINITION,DEPLOYED,DF8-R2-ROUTED-LONGERON-001,A,PRIMARY LONGERON WITH TWO JIG-BORED ROUTE CHANNELS,Ti-6Al-4V,MAKE,STINGRAY custom,DRAWING_DERIVED,,,5-axis mill and jig bore,,,0.040609391647577354,9166.905563787213,1,8,AP242,controlled_part_definitions/DF8-R2-ROUTED-LONGERON-001__REV_A__STATE_DEPLOYED__LOCAL_AP242.step,27353,c262efde77c9d9239e8e55958f6662d55cf50443751811347cebf66d9e8f3d8e,controlled_part_definitions/DF8-R2-ROUTED-LONGERON-001__REV_A__STATE_DEPLOYED__LOCAL_OCCT.brep,6372,c8f763a34e26269ab751f61f18c032075b96773201f4064c50c2f8431146f558,,,
CONTROLLED_PART_DEFINITION,DEPLOYED,DF8-R2-SHORT-LINK-001,A,19.950 MM CENTER-DISTANCE REAMED SHORT LINK,17-4PH stainless steel,MAKE,STINGRAY custom,DRAWING_DERIVED,,,Wire EDM; H900; ream,,,0.0008587191047231816,110.80246512557181,1,38,AP242,controlled_part_definitions/DF8-R2-SHORT-LINK-001__REV_A__STATE_DEPLOYED__LOCAL_AP242.step,116936,c3983e8ab17c3c1d3aeffba3cca6d4a7d9a56a4ff83e8bbf9b9548a74d287181,controlled_part_definitions/DF8-R2-SHORT-LINK-001__REV_A__STATE_DEPLOYED__LOCAL_OCCT.brep,33254,1bf3645416fdd53d7ff19126d78df1c9cce9c73fd046c0b33f45576bfc647521,,,
CONTROLLED_PART_DEFINITION,DEPLOYED,DF8-R2-STOW-DOG-001,A,CAPTIVE RADIAL STOWED-RETENTION DOG,17-4PH stainless steel,MAKE,STINGRAY custom,DRAWING_DERIVED,,,Wire EDM and grind,,,0.0007502000000000001,96.80000000000001,1,6,AP242,controlled_part_definitions/DF8-R2-STOW-DOG-001__REV_A__STATE_DEPLOYED__LOCAL_AP242.step,17698,eee35f98eb4f00d7af99a6e0273129ab07d4f0242d4293208fce1fb14e2923fd,controlled_part_definitions/DF8-R2-STOW-DOG-001__REV_A__STATE_DEPLOYED__LOCAL_OCCT.brep,2548,0b7db08e18ee70af8f347e4c32af2b70d6940757ae820c00684fab84a0852fdc,,,
CONTROLLED_PART_DEFINITION,DEPLOYED,DF8-R2-STRUCT-RING-PLAIN-001,A,PRIMARY STRUCTURAL TRANSITION RING,Ti-6Al-4V,MAKE,STINGRAY custom,DRAWING_DERIVED,,,Mill-turn,,,0.028930077260254882,6530.491480870177,1,4,AP242,controlled_part_definitions/DF8-R2-STRUCT-RING-PLAIN-001__REV_A__STATE_DEPLOYED__LOCAL_AP242.step,11582,7bdb92095d551bd78e8c39172680c292fb588322104bb07de9510a831b69efc3,controlled_part_definitions/DF8-R2-STRUCT-RING-PLAIN-001__REV_A__STATE_DEPLOYED__LOCAL_OCCT.brep,2147,128893d9957217500f8cd9a66cbc02479e8d349e8db89623e557f23e38537084,,,
CONTROLLED_PART_DEFINITION,DEPLOYED,DF8-R2-STRUCT-RING-ROUTED-001,A,STRUCTURAL RING WITH SIX CONTROLLED ROUTE PASSAGES AND THREE ARM-ROOT RELIEFS,Ti-6Al-4V,MAKE,STINGRAY custom,DRAWING_DERIVED,,,Mill-turn and jig-bore,,,0.043461918716568244,9810.816866042493,1,23,AP242,controlled_part_definitions/DF8-R2-STRUCT-RING-ROUTED-001__REV_A__STATE_DEPLOYED__LOCAL_AP242.step,87226,c4c9d66ed34081e4b239931ddfe79c48049616a634f58e75a132de6a83ea4672,controlled_part_definitions/DF8-R2-STRUCT-RING-ROUTED-001__REV_A__STATE_DEPLOYED__LOCAL_OCCT.brep,23878,850022335392eb31c8f801342b474eafbec1a7b389e20d7e7f47903996061045,,,
CONTROLLED_PART_DEFINITION,DEPLOYED,DF8-R2-TETHER-THIMBLE-001,A,AMSTEEL EYE-SPLICE THIMBLE,316 stainless steel,MAKE,STINGRAY custom,DRAWING_DERIVED,,,Stamp and form,,,0.003192842532159096,399.105316519887,1,12,AP242,controlled_part_definitions/DF8-R2-TETHER-THIMBLE-001__REV_A__STATE_DEPLOYED__LOCAL_AP242.step,69113,15b81c7fc7be32c04c3b1bb9d0aaf66fa05fbd295110e64008db2f0389a74924,controlled_part_definitions/DF8-R2-TETHER-THIMBLE-001__REV_A__STATE_DEPLOYED__LOCAL_OCCT.brep,30523,ee6dc4253b82f60c88fe260e36e2abada0dffecf9fb801e6b07b3ac94a864d15,,,
CONTROLLED_PART_DEFINITION,DEPLOYED,DF8-R2-WATER-INLET-001,A,"RADIAL FLOOD INLET, GLAND AND ANTI-DEBRIS SCREEN",316 stainless steel,MAKE,STINGRAY custom,DRAWING_DERIVED,,,Microtube form and braze,,,0.0015283722596008199,191.0465324501025,3,12,AP242,controlled_part_definitions/DF8-R2-WATER-INLET-001__REV_A__STATE_DEPLOYED__LOCAL_AP242.step,27758,572b696429c7010ace1cbafe50a2f10467a49eb35c997c12e4909215b170c969,controlled_part_definitions/DF8-R2-WATER-INLET-001__REV_A__STATE_DEPLOYED__LOCAL_OCCT.brep,6235,fb8b8fd07e13d47a4b8f0a0dc10b46cf20481ac3167c685ea498c5b9fdd41632,,,
CONTROLLED_PART_DEFINITION,DEPLOYED,DF8-R2-WATER-TRIGGER-HSG-001,A,CENTRAL WATER-SENSITIVE TRIGGER HOUSING,Acetal,MAKE,STINGRAY custom,DRAWING_DERIVED,,,CNC turn and mill,,,0.005390371879805181,3822.9587800036743,1,12,AP242,controlled_part_definitions/DF8-R2-WATER-TRIGGER-HSG-001__REV_A__STATE_DEPLOYED__LOCAL_AP242.step,136783,7a325f7f006944375a8d986b03c9cd2d7de7a3fbc1bbe4e950dc1adb2973d04d,controlled_part_definitions/DF8-R2-WATER-TRIGGER-HSG-001__REV_A__STATE_DEPLOYED__LOCAL_OCCT.brep,52619,9e337759e602e2ed35298d0fe822454aa84c496145e31e04c2a6868e0f195597,,,
CONTROLLED_PART_DEFINITION,DEPLOYED,GN-615.3-M3-KN-PFB,CATALOG,JW WINCO M3 STAINLESS BALL PLUNGER,316 stainless steel,BUY,JW Winco / Ganter,DRAWING_DERIVED,https://www.jwwinco.com/en-us/products/3.1-Indexing-locking-blocking-with-pins-and-ball-shaped-elements/Spring-plungers/GN-615.3-Steel-Stainless-Steel-Ball-Plungers-with-thread-locking-with-ball-with-internal-hexagon,https://www.jwwinco.com/en-us/products/3.1-Indexing-locking-blocking-with-pins-and-ball-shaped-elements/Spring-plungers/GN-615.3-Steel-Stainless-Steel-Ball-Plungers-with-thread-locking-with-ball-with-internal-hexagon,,,Marine endurance and authentic CAD remain open.,0.0002148849375055418,26.860617188192727,1,3,AP242,controlled_part_definitions/GN-615.3-M3-KN-PFB__REV_CATALOG__STATE_DEPLOYED__LOCAL_AP242.step,7860,06e92e22c2c28c26f202508e890fd07db93c3bfff63fe22ad533a92afbf4cd90,controlled_part_definitions/GN-615.3-M3-KN-PFB__REV_CATALOG__STATE_DEPLOYED__LOCAL_OCCT.brep,1162,4b7a69c3cb593403ad632df2fab43bdc4d43e591248e8a89ae2665f42636e204,,,
CONTROLLED_PART_DEFINITION,DEPLOYED,GS-19-50-V4A-B8-B8,R2-INSTALL,ACE GS-19-50-V4A-B8-B8 PURCHASED ASSEMBLY — ARTICULATED INSTALLATION BODY,316 stainless steel,BUY,ACE Controls,DRAWING_DERIVED,https://www.acecontrols.com/us/products/motion-control/industrial-gas-springs-push-type/gs-8-v4a-to-gs-40-va/gs-19-v4a.html,https://www.acecontrols.com/us/products/motion-control/industrial-gas-springs-push-type/gs-8-v4a-to-gs-40-va/gs-19-v4a.html,,,Articulated drawing-derived installation model; unmodified authentic vendor STEP retained separately at ITEM_020_ACE_GS_19_50_V4A_B8_B8_VENDOR.stp; 300±30 N setting requires CoC.,0.42,21267.145221236355,2,18,AP242,controlled_part_definitions/GS-19-50-V4A-B8-B8__REV_R2-INSTALL__STATE_DEPLOYED__LOCAL_AP242.step,52520,f4f226de415f837a7b5ddb46c6c1bcb6d71aac01fd04138626ff6863e559c0e4,controlled_part_definitions/GS-19-50-V4A-B8-B8__REV_R2-INSTALL__STATE_DEPLOYED__LOCAL_OCCT.brep,12113,474896f291cc678c6167cdc60b3756dd7ba692dc1b3d002b45e46a5f9528217f,,,
CONTROLLED_PART_DEFINITION,DEPLOYED,GS-19-50-V4A-B8-B8-ROD-CHILD,R2-INSTALL,ACE GS-19 MOVING ROD ARTICULATION CHILD,316 stainless steel,INTERNAL CHILD,ACE Controls,DRAWING_DERIVED,,,,,No separate purchase quantity; authentic vendor source is not modified.,0.0,3511.8098685571126,1,20,AP242,controlled_part_definitions/GS-19-50-V4A-B8-B8-ROD-CHILD__REV_R2-INSTALL__STATE_DEPLOYED__LOCAL_AP242.step,73602,92dc7bb5358d925bff79d768bcc84d0ce626e829df15a94525f2776b0a21b886,controlled_part_definitions/GS-19-50-V4A-B8-B8-ROD-CHILD__REV_R2-INSTALL__STATE_DEPLOYED__LOCAL_OCCT.brep,19237,bfc02d283aecb212857b5e89faa10e57118dfb2ed10a8b876ca153e69654f39f,,,
CONTROLLED_PART_DEFINITION,DEPLOYED,HBD-15-25-AA-P,R2-INSTALL,ACE HBD-15-25-AA-P PURCHASED ASSEMBLY — ARTICULATED INSTALLATION BODY,316 stainless steel,BUY,ACE Controls,PROVISIONAL — BLOCKS FINAL RELEASE,https://www.acecontrols.com/us/products/motion-control/hydraulic-dampers/hbd-15-to-hbd-40/hbd-15.html,https://www.acecontrols.com/us/products/motion-control/hydraulic-dampers/hbd-15-to-hbd-40/hbd-15.html,,,Drawing-derived installation geometry from ACE_HBD_15_25_AA_P_DRAWING_DERIVED_NOT_VENDOR_CAD_AP242.step; exact AA-P configuration and force-speed data unresolved.,0.22,12366.992123374155,2,18,AP242,controlled_part_definitions/HBD-15-25-AA-P__REV_R2-INSTALL__STATE_DEPLOYED__LOCAL_AP242.step,52479,50a6d624819e383c1d398d443c87b1245ff77b4aa856de8914ab1d9d28f34ffb,controlled_part_definitions/HBD-15-25-AA-P__REV_R2-INSTALL__STATE_DEPLOYED__LOCAL_OCCT.brep,12041,a378bf0af964411714831f45cb22bbcd2d8d31f5f29b578ec63283dac6440c8e,,,
CONTROLLED_PART_DEFINITION,DEPLOYED,HBD-15-25-AA-P-ROD-CHILD,R2-INSTALL,HBD MOVING ROD ARTICULATION CHILD,316 stainless steel,INTERNAL CHILD,ACE Controls,DRAWING_DERIVED,,,,,No separate purchase quantity.,0.0,1759.0481865927184,1,20,AP242,controlled_part_definitions/HBD-15-25-AA-P-ROD-CHILD__REV_R2-INSTALL__STATE_DEPLOYED__LOCAL_AP242.step,73145,993c35053c64d6058b605c76885fb60231bc82718600b426639273e5abb5a915,controlled_part_definitions/HBD-15-25-AA-P-ROD-CHILD__REV_R2-INSTALL__STATE_DEPLOYED__LOCAL_OCCT.brep,19089,7c0e4c4d1888e6527a77ffda29c010cffd424875bbda4c3911144a87c37d1418,,,
CONTROLLED_PART_DEFINITION,DEPLOYED,LELAND-81121,A,LELAND 81121 12 G CO2 CARTRIDGE,Steel pressure cartridge,BUY,Leland Gas Technologies,DRAWING_DERIVED,https://www.lelandgas.com/product-page/81121-cartridge-small-x-xml-x-xxg-gas,https://www.lelandgas.com/product-page/81121-cartridge-small-x-xml-x-xxg-gas,,,Exact puncture installation remains physical/procurement verification hold.,0.045,21963.508172001293,1,8,AP242,controlled_part_definitions/LELAND-81121__REV_A__STATE_DEPLOYED__LOCAL_AP242.step,19379,ff954fdcc0208a9af6f8a5e3e1138e2950d33889f3eab920079d58d2d854d62f,controlled_part_definitions/LELAND-81121__REV_A__STATE_DEPLOYED__LOCAL_OCCT.brep,4341,6bb400c998bf8ffd087704f493d02291fe7776c2481f3274c79bdc8722c4202f,,,
CONTROLLED_PART_DEFINITION,DEPLOYED,V80040,A,HALKEY-ROBERTS WATER-SENSITIVE BOBBIN,Water-sensitive media,BUY,Nordson MEDICAL / Halkey-Roberts,DRAWING_DERIVED,https://fluid-components.nordsonmedical.com/files/fluid-components-nordsonmedical-com/Technical%20Information/HRC/Hyrdo-1F-Manual-Automatic-Inflator-V80040-Bobbin-Instructions-For-Use.pdf,,,,Custom housing use remains manufacturer-compatibility hold.,,1413.716694115407,1,3,AP242,controlled_part_definitions/V80040__REV_A__STATE_DEPLOYED__LOCAL_AP242.step,7778,74f70a2844dd493df0ef797dc059632e7002bf03080de8e6f69172987d93849e,controlled_part_definitions/V80040__REV_A__STATE_DEPLOYED__LOCAL_OCCT.brep,1098,99bc59fdf9c37f8b676ddda6be73b28ea1be737deb37bf435cd4ad8b3e36f355,,,
CONTROLLED_PART_DEFINITION,DEPLOYED,VD-244,CATALOG,GUTEKUNST VD-244 GUIDED EJECTOR SPRING,1.4310 stainless spring steel,BUY,Gutekunst Federn,DRAWING_DERIVED,https://www.federnshop.com/en/products/compression_springs/vd-244.html,https://www.federnshop.com/en/products/compression_springs/vd-244.html,,,Installed-force and pack-test acceptance remain open.,0.028511282793457497,3632.010546937261,3,5,AP242,controlled_part_definitions/VD-244__REV_CATALOG__STATE_DEPLOYED__LOCAL_AP242.step,162756,f3042ce219b069382864926d03569fc8d3a73574371b17a6ee675a74b8a8e96b,controlled_part_definitions/VD-244__REV_CATALOG__STATE_DEPLOYED__LOCAL_OCCT.brep,98538,572fd1e920bb954772fefee2c614a2eef5474b2332c593a7f781215583f963fb,,,
CONTROLLED_PART_DEFINITION,DEPLOYED,WP04-FIXED-GUIDE-SLEEVE-R2,A,FIXED OVERLAPPING SPRING GUIDE SLEEVE,PEEK,MAKE,STINGRAY custom,DRAWING_DERIVED,,,Turn,,,0.007013448519506538,5313.21857538374,1,4,AP242,controlled_part_definitions/WP04-FIXED-GUIDE-SLEEVE-R2__REV_A__STATE_DEPLOYED__LOCAL_AP242.step,11587,b633c1a138598daea37b75ef1e0eee4c699455bc58052e0d4eaac13dfee8b44c,controlled_part_definitions/WP04-FIXED-GUIDE-SLEEVE-R2__REV_A__STATE_DEPLOYED__LOCAL_OCCT.brep,2055,2ca0aeb1a754d68593dce723747582033ae36bfffbfd0be283507989d316e468,,,
CONTROLLED_PART_DEFINITION,DEPLOYED,WP04-FOL-001-R2,A,CAPTIVE PEEK FOLLOWER WITH THREE GUIDE SLOTS,PEEK,MAKE,STINGRAY custom,DRAWING_DERIVED,,,5-axis machine,,,0.006617851970479755,5013.52422006042,1,34,AP242,controlled_part_definitions/WP04-FOL-001-R2__REV_A__STATE_DEPLOYED__LOCAL_AP242.step,158290,17f79fa331fb147dea15c6d82faee6e732221cda3f7234123e0f1b87a260aafb,controlled_part_definitions/WP04-FOL-001-R2__REV_A__STATE_DEPLOYED__LOCAL_OCCT.brep,55965,def2f56304029cd798716343f16604d6e9eba9a1386232f1b9591a79d0bc9fad,,,
CONTROLLED_PART_DEFINITION,DEPLOYED,WP04-GUIDE-RAIL-001-R2,A,FOLLOWER ANTI-ROTATION GUIDE RAIL,PEEK,MAKE,STINGRAY custom,DRAWING_DERIVED,,,Machine and slot,,,0.003762,2850.0,1,6,AP242,controlled_part_definitions/WP04-GUIDE-RAIL-001-R2__REV_A__STATE_DEPLOYED__LOCAL_AP242.step,17690,3c5aab35a6e26cf078dd851e19dfcea22c28593597fa072fe8695557f9cee0dc,controlled_part_definitions/WP04-GUIDE-RAIL-001-R2__REV_A__STATE_DEPLOYED__LOCAL_OCCT.brep,2245,105059045fe10cd7b5cc7c1aa5b3121f243126a9ae29d90e8167f3f4e25090ba,,,
CONTROLLED_PART_DEFINITION,DEPLOYED,WP04-HST-001-R2,A,HARNESS STRUCTURAL TERMINAL WITH FOUR WEB SLOTS AND DOUBLE-SHEAR CLEVIS,17-4PH stainless steel,MAKE,STINGRAY custom,DRAWING_DERIVED,,,5-axis mill and proof test,,,0.00623532727503134,804.55835806856,1,52,AP242,controlled_part_definitions/WP04-HST-001-R2__REV_A__STATE_DEPLOYED__LOCAL_AP242.step,194230,ac71ae58843b872fae89f497dd7c7109bddadb013516aaff27bb1fb281ff098a,controlled_part_definitions/WP04-HST-001-R2__REV_A__STATE_DEPLOYED__LOCAL_OCCT.brep,50299,ce2c3663c688eece4e8ffb38f0e52413e24aefaea83ebd2ecd761c57a32d62f2,,,
CONTROLLED_PART_DEFINITION,DEPLOYED,WP04-LATCH-HOUSING-R2,A,RADIAL FOLLOWER LATCH HOUSING WITH REAMED SEAR GUIDE,17-4PH stainless steel,MAKE,STINGRAY custom,DRAWING_DERIVED,,,5-axis mill and ream,,,0.003141458434081845,405.3494753653993,1,7,AP242,controlled_part_definitions/WP04-LATCH-HOUSING-R2__REV_A__STATE_DEPLOYED__LOCAL_AP242.step,21276,9691f56a449cfbcb13adc91d2126a526351b30d6868f1e3f673bd17481b23574,controlled_part_definitions/WP04-LATCH-HOUSING-R2__REV_A__STATE_DEPLOYED__LOCAL_OCCT.brep,3336,cc22771d8f9d99d74295a59881ffbbb88a6aa9982b56f02042405b5af345e439,,,
CONTROLLED_PART_DEFINITION,DEPLOYED,WP04-LATCH-SEAR-E-RING-R2,A,4 MM SEAR PIN EXTERNAL RETAINING RING,1.4310 stainless spring steel,MAKE,STINGRAY custom,DRAWING_DERIVED,,,Stamped spring ring,,,4.345508650541629e-05,5.5356798096071715,1,8,AP242,controlled_part_definitions/WP04-LATCH-SEAR-E-RING-R2__REV_A__STATE_DEPLOYED__LOCAL_AP242.step,26910,b00840e93dba122bb486ec6f4a1792694bc973f27b5eb230756bd63535d73807,controlled_part_definitions/WP04-LATCH-SEAR-E-RING-R2__REV_A__STATE_DEPLOYED__LOCAL_OCCT.brep,7156,1e4732cf329de19cf2f81d50919b0f003c2893b7ba807f3e05e90d292144f163,,,
CONTROLLED_PART_DEFINITION,DEPLOYED,WP04-LATCH-SEAR-R2,A,CAPTIVE RADIAL FOLLOWER SEAR PLUNGER WITH RETAINING RING,17-4PH stainless steel,MAKE,STINGRAY custom,DRAWING_DERIVED,,,Swiss turn and grind,,,0.0009879695303224743,127.4799393964483,1,9,AP242,controlled_part_definitions/WP04-LATCH-SEAR-R2__REV_A__STATE_DEPLOYED__LOCAL_AP242.step,19454,04c26f5c9af689e8d82d905f09a5998f4027c7f1029df9a7a4bde14e2cb759d7,controlled_part_definitions/WP04-LATCH-SEAR-R2__REV_A__STATE_DEPLOYED__LOCAL_OCCT.brep,3825,7d8e7b0b264b3892dce21493574257cbbf8e9ac4877676e18c172070ff032be9,,,
CONTROLLED_PART_DEFINITION,DEPLOYED,WP04-MOVING-GUIDE-SLEEVE-R2,A,FOLLOWER OVERLAPPING SPRING GUIDE SLEEVE,PEEK,MAKE,STINGRAY custom,DRAWING_DERIVED,,,Turn,,,0.006453616708636833,4889.103567149115,1,4,AP242,controlled_part_definitions/WP04-MOVING-GUIDE-SLEEVE-R2__REV_A__STATE_DEPLOYED__LOCAL_AP242.step,11584,1192440e21b7c1eb5ebeb74a358feb433b913a8a4cebae6275fa5448097b56ed,controlled_part_definitions/WP04-MOVING-GUIDE-SLEEVE-R2__REV_A__STATE_DEPLOYED__LOCAL_OCCT.brep,2041,5881d16679be8b51e9afc54211e65e50b25b842c8456f7b51d32f4c4c2d29e99,,,
CONTROLLED_PART_DEFINITION,DEPLOYED,WP04-RB-001-R2,A,SPRING REACTION BULKHEAD WITH GUIDE-RAIL BORES,Ti-6Al-4V,MAKE,STINGRAY custom,DRAWING_DERIVED,,,5-axis mill,,,0.039533693656129375,8924.084346756066,1,31,AP242,controlled_part_definitions/WP04-RB-001-R2__REV_A__STATE_DEPLOYED__LOCAL_AP242.step,119517,65782a0d7492df7a32ad46a5554524ace665910d0a8d5174dd3eb2bacfa0bc4d,controlled_part_definitions/WP04-RB-001-R2__REV_A__STATE_DEPLOYED__LOCAL_OCCT.brep,32332,6cb4a3da5c21256ee21950f7dfc7cd81e34772687b123f88c2c98ad86b8ab567,,,
CONTROLLED_PART_DEFINITION,DEPLOYED,WP04-RHP-001-R2,A,INTEGRAL STRUCTURAL RING AND RECOVERY HARDPOINT LUG,Ti-6Al-4V,MAKE,STINGRAY custom,DRAWING_DERIVED,,,5-axis mill from forged ring,,,0.02658421384403644,6000.9512063287675,1,62,AP242,controlled_part_definitions/WP04-RHP-001-R2__REV_A__STATE_DEPLOYED__LOCAL_AP242.step,196835,ca8d9d92e25f4b64e38ffe6f494af775f30116294eff10e4990c8b01c73c31b3,controlled_part_definitions/WP04-RHP-001-R2__REV_A__STATE_DEPLOYED__LOCAL_OCCT.brep,52138,d3cd2b903b94abb1f0e3aeb141baf98fb978c32a462131df27cdbbb677ee545d,,,
CONTROLLED_PART_DEFINITION,DEPLOYED,WP05-DOOR-LANYARD-R2,A,CAPTIVE DOOR LANYARD WITH SWAGED EYES,HMPE rope,MAKE,STINGRAY custom,DRAWING_DERIVED,,,Swage two thimbled eyes,,,4.361004985030082e-05,44.95881427866064,1,3,AP242,controlled_part_definitions/WP05-DOOR-LANYARD-R2__REV_A__STATE_DEPLOYED__LOCAL_AP242.step,8225,56b8b83d3e9b3f0ae6a6b627f46d905a109e256b50dbd201604af0b009c6fee9,controlled_part_definitions/WP05-DOOR-LANYARD-R2__REV_A__STATE_DEPLOYED__LOCAL_OCCT.brep,1775,54f0e3b274677bd3b77e0f88415a9ec9d3dbb500f5b71d6c1643476f1e1e49bd,,,
CONTROLLED_PART_DEFINITION,DEPLOYED,WP05-DOOR-R2,A,CAPTIVE LOW-FORCE AFT DOOR WITH HINGE AND LANYARD EYE,Ti-6Al-4V,MAKE,STINGRAY custom,DRAWING_DERIVED,,,5-axis mill and face grind,,,0.023622548112000853,5332.4036370205085,2,21,AP242,controlled_part_definitions/WP05-DOOR-R2__REV_A__STATE_DEPLOYED__LOCAL_AP242.step,58377,4b89561ec18374196e580cf63eb801098882b53930c7e45c50de0d6dfbf7cbad,controlled_part_definitions/WP05-DOOR-R2__REV_A__STATE_DEPLOYED__LOCAL_OCCT.brep,14076,2d7d54a051809beb1487232099a094bc335802fb9a79ecc96b13fe5ab5d4e442,,,
CONTROLLED_PART_DEFINITION,DEPLOYED,WP05-HINGE-PIN-R2,A,DOOR HINGE PIN WITH EXTERNAL RETAINER,17-4PH stainless steel,MAKE,STINGRAY custom,DRAWING_DERIVED,,,Swiss turn and grind,,,0.0008020166976610861,103.48602550465627,1,9,AP242,controlled_part_definitions/WP05-HINGE-PIN-R2__REV_A__STATE_DEPLOYED__LOCAL_AP242.step,19506,af7b0ac724f643559687ec3b5d98d5330ad64cef1ee7408503480a07c84d3ad6,controlled_part_definitions/WP05-HINGE-PIN-R2__REV_A__STATE_DEPLOYED__LOCAL_OCCT.brep,4001,96ea16d2da6d4a18c315c7550cd2f66d4596c40010eed73b0d8151d85256adaf,,,
CONTROLLED_PART_DEFINITION,DEPLOYED,WP05-SERVICE-THROAT-R2,A,AFT SERVICE THROAT WITH CONTROLLED DETENT BORES,Ti-6Al-4V,MAKE,STINGRAY custom,DRAWING_DERIVED,,,Mill-turn; machine bayonet/hinge features,,,0.17948672423723747,40516.19057273983,1,35,AP242,controlled_part_definitions/WP05-SERVICE-THROAT-R2__REV_A__STATE_DEPLOYED__LOCAL_AP242.step,213234,036ef36620b29813e7cd8c0d8a6e3fc2f80cb9aa1a0f5853bf3fb6882ad634fd,controlled_part_definitions/WP05-SERVICE-THROAT-R2__REV_A__STATE_DEPLOYED__LOCAL_OCCT.brep,91252,93eb866a6d6892a2718c60d8850135f3cc017b20f079e769a6efe12fe04db486,,,
SOURCE_CAD_REFERENCE,AS_RECEIVED,GS-19-50-V4A-B8-B8,SOURCE-AS-RECEIVED,Unmodified authentic ACE GS-19 vendor STEP retained for reference; the R2 articulated installation model is separately classified DRAWING_DERIVED.,,BUY,ACE Controls,AUTHENTIC_VENDOR_CAD — UNMODIFIED SOURCE,,,BYTE-FOR-BYTE COPY; NO TRANSLATION OR SCALING,,Unmodified authentic ACE GS-19 vendor STEP retained for reference; the R2 articulated installation model is separately classified DRAWING_DERIVED.,,,,,AS_RECEIVED,source_cad_as_received/ITEM_020_ACE_GS_19_50_V4A_B8_B8_VENDOR.stp,38327,10b1433e1ef8b302d4e40ea77bcead9b329b7460207d39345847fc8a7085a808,,,,work/input/wp02/STINGRAY_I5S_DF8_WP02_ARM_AND_POWERTRAIN/03_VENDOR_CAD_ORIGINAL/ITEM_020_ACE_GS_19_50_V4A_B8_B8_VENDOR.stp,10b1433e1ef8b302d4e40ea77bcead9b329b7460207d39345847fc8a7085a808,True
SOURCE_CAD_REFERENCE,AS_RECEIVED,HBD-15-25-AA-P,SOURCE-AS-RECEIVED,Unmodified as-received HBD drawing-derived AP242 reference; exact vendor configuration remains a final-release blocker.,,BUY,ACE Controls,DRAWING_DERIVED — NOT AUTHENTIC VENDOR CAD,,,BYTE-FOR-BYTE COPY; NO TRANSLATION OR SCALING,,Unmodified as-received HBD drawing-derived AP242 reference; exact vendor configuration remains a final-release blocker.,,,,,AS_RECEIVED,source_cad_as_received/ACE_HBD_15_25_AA_P_DRAWING_DERIVED_NOT_VENDOR_CAD_AP242.step,78775,4ae3eb923ace03b727cbdb284ebefaf05ea7b9028dbe4bd9d4ee0e4ad762e617,,,,work/input/wp02/STINGRAY_I5S_DF8_WP02_ARM_AND_POWERTRAIN/04_VENDOR_CAD_CREO_DROP_IN/ACE_HBD_15_25_AA_P_DRAWING_DERIVED_NOT_VENDOR_CAD_AP242.step,4ae3eb923ace03b727cbdb284ebefaf05ea7b9028dbe4bd9d4ee0e4ad762e617,True
