ISO-10303-21;
HEADER;
FILE_DESCRIPTION(('Open CASCADE Model'),'2;1');
FILE_NAME('WP02-012_VSM6_RETENTION_RING_SET_STOWED_LOCAL','2026-08-18T00:00:00',('STINGRAY DF8 WP02'),(
    'Open CASCADE'),'Open CASCADE STEP processor 7.9','Open CASCADE 7.9'
  ,'Unknown');
FILE_SCHEMA((
'AP242_MANAGED_MODEL_BASED_3D_ENGINEERING_MIM_LF {1 0 10303 442 1 1 4 }'
    ));
ENDSEC;
DATA;
#1 = APPLICATION_PROTOCOL_DEFINITION('international standard',
  'ap242_managed_model_based_3d_engineering',2013,#2);
#2 = APPLICATION_CONTEXT('Managed model based 3d engineering');
#3 = SHAPE_DEFINITION_REPRESENTATION(#4,#10);
#4 = PRODUCT_DEFINITION_SHAPE('','',#5);
#5 = PRODUCT_DEFINITION('design','',#6,#9);
#6 = PRODUCT_DEFINITION_FORMATION('','',#7);
#7 = PRODUCT('Open CASCADE STEP translator 7.9 17',
  'Open CASCADE STEP translator 7.9 17','',(#8));
#8 = PRODUCT_CONTEXT('',#2,'mechanical');
#9 = PRODUCT_DEFINITION_CONTEXT('part definition',#2,'design');
#10 = SHAPE_REPRESENTATION('',(#11,#15,#19,#23,#27,#31,#35,#39,#43,#47),
  #51);
#11 = AXIS2_PLACEMENT_3D('',#12,#13,#14);
#12 = CARTESIAN_POINT('',(0.,0.,0.));
#13 = DIRECTION('',(0.,0.,1.));
#14 = DIRECTION('',(1.,0.,-0.));
#15 = AXIS2_PLACEMENT_3D('',#16,#17,#18);
#16 = CARTESIAN_POINT('',(0.,0.,0.));
#17 = DIRECTION('',(0.,0.,1.));
#18 = DIRECTION('',(1.,0.,-0.));
#19 = AXIS2_PLACEMENT_3D('',#20,#21,#22);
#20 = CARTESIAN_POINT('',(0.,0.,0.));
#21 = DIRECTION('',(0.,0.,1.));
#22 = DIRECTION('',(1.,0.,-0.));
#23 = AXIS2_PLACEMENT_3D('',#24,#25,#26);
#24 = CARTESIAN_POINT('',(0.,0.,0.));
#25 = DIRECTION('',(0.,0.,1.));
#26 = DIRECTION('',(1.,0.,-0.));
#27 = AXIS2_PLACEMENT_3D('',#28,#29,#30);
#28 = CARTESIAN_POINT('',(0.,0.,0.));
#29 = DIRECTION('',(0.,0.,1.));
#30 = DIRECTION('',(1.,0.,-0.));
#31 = AXIS2_PLACEMENT_3D('',#32,#33,#34);
#32 = CARTESIAN_POINT('',(0.,0.,0.));
#33 = DIRECTION('',(0.,0.,1.));
#34 = DIRECTION('',(1.,0.,-0.));
#35 = AXIS2_PLACEMENT_3D('',#36,#37,#38);
#36 = CARTESIAN_POINT('',(0.,0.,0.));
#37 = DIRECTION('',(0.,0.,1.));
#38 = DIRECTION('',(1.,0.,-0.));
#39 = AXIS2_PLACEMENT_3D('',#40,#41,#42);
#40 = CARTESIAN_POINT('',(0.,0.,0.));
#41 = DIRECTION('',(0.,0.,1.));
#42 = DIRECTION('',(1.,0.,-0.));
#43 = AXIS2_PLACEMENT_3D('',#44,#45,#46);
#44 = CARTESIAN_POINT('',(0.,0.,0.));
#45 = DIRECTION('',(0.,0.,1.));
#46 = DIRECTION('',(1.,0.,-0.));
#47 = AXIS2_PLACEMENT_3D('',#48,#49,#50);
#48 = CARTESIAN_POINT('',(0.,0.,0.));
#49 = DIRECTION('',(0.,0.,1.));
#50 = DIRECTION('',(1.,0.,-0.));
#51 = ( GEOMETRIC_REPRESENTATION_CONTEXT(3) 
GLOBAL_UNCERTAINTY_ASSIGNED_CONTEXT((#55)) GLOBAL_UNIT_ASSIGNED_CONTEXT(
(#52,#53,#54)) REPRESENTATION_CONTEXT('Context #1',
  '3D Context with UNIT and UNCERTAINTY') );
#52 = ( LENGTH_UNIT() NAMED_UNIT(*) SI_UNIT(.MILLI.,.METRE.) );
#53 = ( NAMED_UNIT(*) PLANE_ANGLE_UNIT() SI_UNIT($,.RADIAN.) );
#54 = ( NAMED_UNIT(*) SI_UNIT($,.STERADIAN.) SOLID_ANGLE_UNIT() );
#55 = UNCERTAINTY_MEASURE_WITH_UNIT(LENGTH_MEASURE(2.E-07),#52,
  'distance_accuracy_value','confusion accuracy');
#56 = PRODUCT_RELATED_PRODUCT_CATEGORY('part',$,(#7));
#57 = SHAPE_DEFINITION_REPRESENTATION(#58,#64);
#58 = PRODUCT_DEFINITION_SHAPE('','',#59);
#59 = PRODUCT_DEFINITION('design','',#60,#63);
#60 = PRODUCT_DEFINITION_FORMATION('','',#61);
#61 = PRODUCT('Open CASCADE STEP translator 7.9 17.1',
  'Open CASCADE STEP translator 7.9 17.1','',(#62));
#62 = PRODUCT_CONTEXT('',#2,'mechanical');
#63 = PRODUCT_DEFINITION_CONTEXT('part definition',#2,'design');
#64 = ADVANCED_BREP_SHAPE_REPRESENTATION('',(#11,#65),#399);
#65 = MANIFOLD_SOLID_BREP('',#66);
#66 = CLOSED_SHELL('',(#67,#189,#266,#315,#365,#392));
#67 = ADVANCED_FACE('',(#68),#83,.T.);
#68 = FACE_BOUND('',#69,.T.);
#69 = EDGE_LOOP('',(#70,#106,#134,#163));
#70 = ORIENTED_EDGE('',*,*,#71,.F.);
#71 = EDGE_CURVE('',#72,#74,#76,.T.);
#72 = VERTEX_POINT('',#73);
#73 = CARTESIAN_POINT('',(39.040761162649,16.27,626.21630446506));
#74 = VERTEX_POINT('',#75);
#75 = CARTESIAN_POINT('',(39.040761162649,16.27,623.78369553494));
#76 = SURFACE_CURVE('',#77,(#82,#94),.PCURVE_S1.);
#77 = CIRCLE('',#78,3.275);
#78 = AXIS2_PLACEMENT_3D('',#79,#80,#81);
#79 = CARTESIAN_POINT('',(36.,16.27,625.));
#80 = DIRECTION('',(0.,-1.,1.110223024625E-16));
#81 = DIRECTION('',(1.,0.,0.));
#82 = PCURVE('',#83,#88);
#83 = CYLINDRICAL_SURFACE('',#84,3.275);
#84 = AXIS2_PLACEMENT_3D('',#85,#86,#87);
#85 = CARTESIAN_POINT('',(36.,16.57,625.));
#86 = DIRECTION('',(0.,-1.,1.110223024625E-16));
#87 = DIRECTION('',(1.,0.,0.));
#88 = DEFINITIONAL_REPRESENTATION('',(#89),#93);
#89 = LINE('',#90,#91);
#90 = CARTESIAN_POINT('',(0.,0.3));
#91 = VECTOR('',#92,1.);
#92 = DIRECTION('',(1.,0.));
#93 = ( GEOMETRIC_REPRESENTATION_CONTEXT(2) 
PARAMETRIC_REPRESENTATION_CONTEXT() REPRESENTATION_CONTEXT('2D SPACE',''
  ) );
#94 = PCURVE('',#95,#100);
#95 = PLANE('',#96);
#96 = AXIS2_PLACEMENT_3D('',#97,#98,#99);
#97 = CARTESIAN_POINT('',(36.,16.27,625.));
#98 = DIRECTION('',(0.,-1.,1.110223024625E-16));
#99 = DIRECTION('',(1.,0.,0.));
#100 = DEFINITIONAL_REPRESENTATION('',(#101),#105);
#101 = CIRCLE('',#102,3.275);
#102 = AXIS2_PLACEMENT_2D('',#103,#104);
#103 = CARTESIAN_POINT('',(0.,0.));
#104 = DIRECTION('',(1.,0.));
#105 = ( GEOMETRIC_REPRESENTATION_CONTEXT(2) 
PARAMETRIC_REPRESENTATION_CONTEXT() REPRESENTATION_CONTEXT('2D SPACE',''
  ) );
#106 = ORIENTED_EDGE('',*,*,#107,.F.);
#107 = EDGE_CURVE('',#108,#72,#110,.T.);
#108 = VERTEX_POINT('',#109);
#109 = CARTESIAN_POINT('',(39.040761162649,16.57,626.21630446506));
#110 = SURFACE_CURVE('',#111,(#115,#122),.PCURVE_S1.);
#111 = LINE('',#112,#113);
#112 = CARTESIAN_POINT('',(39.040761162649,16.57,626.21630446506));
#113 = VECTOR('',#114,1.);
#114 = DIRECTION('',(0.,-1.,1.110223024625E-16));
#115 = PCURVE('',#83,#116);
#116 = DEFINITIONAL_REPRESENTATION('',(#117),#121);
#117 = LINE('',#118,#119);
#118 = CARTESIAN_POINT('',(0.380506377112,0.));
#119 = VECTOR('',#120,1.);
#120 = DIRECTION('',(0.,1.));
#121 = ( GEOMETRIC_REPRESENTATION_CONTEXT(2) 
PARAMETRIC_REPRESENTATION_CONTEXT() REPRESENTATION_CONTEXT('2D SPACE',''
  ) );
#122 = PCURVE('',#123,#128);
#123 = PLANE('',#124);
#124 = AXIS2_PLACEMENT_3D('',#125,#126,#127);
#125 = CARTESIAN_POINT('',(41.,16.92,627.));
#126 = DIRECTION('',(0.371390676354,-1.030816200049E-16,-0.928476690885)
  );
#127 = DIRECTION('',(-0.928476690885,-4.123264800194E-17,-0.371390676354
    ));
#128 = DEFINITIONAL_REPRESENTATION('',(#129),#133);
#129 = LINE('',#130,#131);
#130 = CARTESIAN_POINT('',(2.110164807135,-0.35));
#131 = VECTOR('',#132,1.);
#132 = DIRECTION('',(0.,-1.));
#133 = ( GEOMETRIC_REPRESENTATION_CONTEXT(2) 
PARAMETRIC_REPRESENTATION_CONTEXT() REPRESENTATION_CONTEXT('2D SPACE',''
  ) );
#134 = ORIENTED_EDGE('',*,*,#135,.T.);
#135 = EDGE_CURVE('',#108,#136,#138,.T.);
#136 = VERTEX_POINT('',#137);
#137 = CARTESIAN_POINT('',(39.040761162649,16.57,623.78369553494));
#138 = SURFACE_CURVE('',#139,(#144,#151),.PCURVE_S1.);
#139 = CIRCLE('',#140,3.275);
#140 = AXIS2_PLACEMENT_3D('',#141,#142,#143);
#141 = CARTESIAN_POINT('',(36.,16.57,625.));
#142 = DIRECTION('',(0.,-1.,1.110223024625E-16));
#143 = DIRECTION('',(1.,0.,0.));
#144 = PCURVE('',#83,#145);
#145 = DEFINITIONAL_REPRESENTATION('',(#146),#150);
#146 = LINE('',#147,#148);
#147 = CARTESIAN_POINT('',(0.,0.));
#148 = VECTOR('',#149,1.);
#149 = DIRECTION('',(1.,0.));
#150 = ( GEOMETRIC_REPRESENTATION_CONTEXT(2) 
PARAMETRIC_REPRESENTATION_CONTEXT() REPRESENTATION_CONTEXT('2D SPACE',''
  ) );
#151 = PCURVE('',#152,#157);
#152 = PLANE('',#153);
#153 = AXIS2_PLACEMENT_3D('',#154,#155,#156);
#154 = CARTESIAN_POINT('',(36.,16.57,625.));
#155 = DIRECTION('',(0.,-1.,1.110223024625E-16));
#156 = DIRECTION('',(1.,0.,0.));
#157 = DEFINITIONAL_REPRESENTATION('',(#158),#162);
#158 = CIRCLE('',#159,3.275);
#159 = AXIS2_PLACEMENT_2D('',#160,#161);
#160 = CARTESIAN_POINT('',(0.,0.));
#161 = DIRECTION('',(1.,0.));
#162 = ( GEOMETRIC_REPRESENTATION_CONTEXT(2) 
PARAMETRIC_REPRESENTATION_CONTEXT() REPRESENTATION_CONTEXT('2D SPACE',''
  ) );
#163 = ORIENTED_EDGE('',*,*,#164,.T.);
#164 = EDGE_CURVE('',#136,#74,#165,.T.);
#165 = SURFACE_CURVE('',#166,(#170,#177),.PCURVE_S1.);
#166 = LINE('',#167,#168);
#167 = CARTESIAN_POINT('',(39.040761162649,16.57,623.78369553494));
#168 = VECTOR('',#169,1.);
#169 = DIRECTION('',(0.,-1.,1.110223024625E-16));
#170 = PCURVE('',#83,#171);
#171 = DEFINITIONAL_REPRESENTATION('',(#172),#176);
#172 = LINE('',#173,#174);
#173 = CARTESIAN_POINT('',(5.902678930067,0.));
#174 = VECTOR('',#175,1.);
#175 = DIRECTION('',(0.,1.));
#176 = ( GEOMETRIC_REPRESENTATION_CONTEXT(2) 
PARAMETRIC_REPRESENTATION_CONTEXT() REPRESENTATION_CONTEXT('2D SPACE',''
  ) );
#177 = PCURVE('',#178,#183);
#178 = PLANE('',#179);
#179 = AXIS2_PLACEMENT_3D('',#180,#181,#182);
#180 = CARTESIAN_POINT('',(36.,16.92,625.));
#181 = DIRECTION('',(0.371390676354,1.030816200049E-16,0.928476690885));
#182 = DIRECTION('',(0.928476690885,-4.123264800194E-17,-0.371390676354)
  );
#183 = DEFINITIONAL_REPRESENTATION('',(#184),#188);
#184 = LINE('',#185,#186);
#185 = CARTESIAN_POINT('',(3.275,-0.35));
#186 = VECTOR('',#187,1.);
#187 = DIRECTION('',(0.,-1.));
#188 = ( GEOMETRIC_REPRESENTATION_CONTEXT(2) 
PARAMETRIC_REPRESENTATION_CONTEXT() REPRESENTATION_CONTEXT('2D SPACE',''
  ) );
#189 = ADVANCED_FACE('',(#190),#95,.T.);
#190 = FACE_BOUND('',#191,.T.);
#191 = EDGE_LOOP('',(#192,#215,#216,#239));
#192 = ORIENTED_EDGE('',*,*,#193,.T.);
#193 = EDGE_CURVE('',#194,#72,#196,.T.);
#194 = VERTEX_POINT('',#195);
#195 = CARTESIAN_POINT('',(38.664728102841,16.27,626.06589124113));
#196 = SURFACE_CURVE('',#197,(#201,#208),.PCURVE_S1.);
#197 = LINE('',#198,#199);
#198 = CARTESIAN_POINT('',(38.5,16.27,626.));
#199 = VECTOR('',#200,1.);
#200 = DIRECTION('',(0.928476690885,4.123264800194E-17,0.371390676354));
#201 = PCURVE('',#95,#202);
#202 = DEFINITIONAL_REPRESENTATION('',(#203),#207);
#203 = LINE('',#204,#205);
#204 = CARTESIAN_POINT('',(2.5,1.));
#205 = VECTOR('',#206,1.);
#206 = DIRECTION('',(0.928476690885,0.371390676354));
#207 = ( GEOMETRIC_REPRESENTATION_CONTEXT(2) 
PARAMETRIC_REPRESENTATION_CONTEXT() REPRESENTATION_CONTEXT('2D SPACE',''
  ) );
#208 = PCURVE('',#123,#209);
#209 = DEFINITIONAL_REPRESENTATION('',(#210),#214);
#210 = LINE('',#211,#212);
#211 = CARTESIAN_POINT('',(2.692582403567,-0.65));
#212 = VECTOR('',#213,1.);
#213 = DIRECTION('',(-1.,0.));
#214 = ( GEOMETRIC_REPRESENTATION_CONTEXT(2) 
PARAMETRIC_REPRESENTATION_CONTEXT() REPRESENTATION_CONTEXT('2D SPACE',''
  ) );
#215 = ORIENTED_EDGE('',*,*,#71,.T.);
#216 = ORIENTED_EDGE('',*,*,#217,.T.);
#217 = EDGE_CURVE('',#74,#218,#220,.T.);
#218 = VERTEX_POINT('',#219);
#219 = CARTESIAN_POINT('',(38.664728102841,16.27,623.93410875886));
#220 = SURFACE_CURVE('',#221,(#225,#232),.PCURVE_S1.);
#221 = LINE('',#222,#223);
#222 = CARTESIAN_POINT('',(36.,16.27,625.));
#223 = VECTOR('',#224,1.);
#224 = DIRECTION('',(-0.928476690885,4.123264800194E-17,0.371390676354)
  );
#225 = PCURVE('',#95,#226);
#226 = DEFINITIONAL_REPRESENTATION('',(#227),#231);
#227 = LINE('',#228,#229);
#228 = CARTESIAN_POINT('',(0.,0.));
#229 = VECTOR('',#230,1.);
#230 = DIRECTION('',(-0.928476690885,0.371390676354));
#231 = ( GEOMETRIC_REPRESENTATION_CONTEXT(2) 
PARAMETRIC_REPRESENTATION_CONTEXT() REPRESENTATION_CONTEXT('2D SPACE',''
  ) );
#232 = PCURVE('',#178,#233);
#233 = DEFINITIONAL_REPRESENTATION('',(#234),#238);
#234 = LINE('',#235,#236);
#235 = CARTESIAN_POINT('',(2.680122120126E-17,-0.65));
#236 = VECTOR('',#237,1.);
#237 = DIRECTION('',(-1.,0.));
#238 = ( GEOMETRIC_REPRESENTATION_CONTEXT(2) 
PARAMETRIC_REPRESENTATION_CONTEXT() REPRESENTATION_CONTEXT('2D SPACE',''
  ) );
#239 = ORIENTED_EDGE('',*,*,#240,.F.);
#240 = EDGE_CURVE('',#194,#218,#241,.T.);
#241 = SURFACE_CURVE('',#242,(#247,#254),.PCURVE_S1.);
#242 = CIRCLE('',#243,2.87);
#243 = AXIS2_PLACEMENT_3D('',#244,#245,#246);
#244 = CARTESIAN_POINT('',(36.,16.27,625.));
#245 = DIRECTION('',(0.,-1.,1.110223024625E-16));
#246 = DIRECTION('',(1.,0.,0.));
#247 = PCURVE('',#95,#248);
#248 = DEFINITIONAL_REPRESENTATION('',(#249),#253);
#249 = CIRCLE('',#250,2.87);
#250 = AXIS2_PLACEMENT_2D('',#251,#252);
#251 = CARTESIAN_POINT('',(0.,0.));
#252 = DIRECTION('',(1.,0.));
#253 = ( GEOMETRIC_REPRESENTATION_CONTEXT(2) 
PARAMETRIC_REPRESENTATION_CONTEXT() REPRESENTATION_CONTEXT('2D SPACE',''
  ) );
#254 = PCURVE('',#255,#260);
#255 = CYLINDRICAL_SURFACE('',#256,2.87);
#256 = AXIS2_PLACEMENT_3D('',#257,#258,#259);
#257 = CARTESIAN_POINT('',(36.,16.82,625.));
#258 = DIRECTION('',(0.,-1.,1.110223024625E-16));
#259 = DIRECTION('',(1.,0.,0.));
#260 = DEFINITIONAL_REPRESENTATION('',(#261),#265);
#261 = LINE('',#262,#263);
#262 = CARTESIAN_POINT('',(0.,0.55));
#263 = VECTOR('',#264,1.);
#264 = DIRECTION('',(1.,0.));
#265 = ( GEOMETRIC_REPRESENTATION_CONTEXT(2) 
PARAMETRIC_REPRESENTATION_CONTEXT() REPRESENTATION_CONTEXT('2D SPACE',''
  ) );
#266 = ADVANCED_FACE('',(#267),#178,.T.);
#267 = FACE_BOUND('',#268,.T.);
#268 = EDGE_LOOP('',(#269,#270,#293,#314));
#269 = ORIENTED_EDGE('',*,*,#164,.F.);
#270 = ORIENTED_EDGE('',*,*,#271,.T.);
#271 = EDGE_CURVE('',#136,#272,#274,.T.);
#272 = VERTEX_POINT('',#273);
#273 = CARTESIAN_POINT('',(38.664728102841,16.57,623.93410875886));
#274 = SURFACE_CURVE('',#275,(#279,#286),.PCURVE_S1.);
#275 = LINE('',#276,#277);
#276 = CARTESIAN_POINT('',(36.,16.57,625.));
#277 = VECTOR('',#278,1.);
#278 = DIRECTION('',(-0.928476690885,4.123264800194E-17,0.371390676354)
  );
#279 = PCURVE('',#178,#280);
#280 = DEFINITIONAL_REPRESENTATION('',(#281),#285);
#281 = LINE('',#282,#283);
#282 = CARTESIAN_POINT('',(1.443142680068E-17,-0.35));
#283 = VECTOR('',#284,1.);
#284 = DIRECTION('',(-1.,0.));
#285 = ( GEOMETRIC_REPRESENTATION_CONTEXT(2) 
PARAMETRIC_REPRESENTATION_CONTEXT() REPRESENTATION_CONTEXT('2D SPACE',''
  ) );
#286 = PCURVE('',#152,#287);
#287 = DEFINITIONAL_REPRESENTATION('',(#288),#292);
#288 = LINE('',#289,#290);
#289 = CARTESIAN_POINT('',(0.,0.));
#290 = VECTOR('',#291,1.);
#291 = DIRECTION('',(-0.928476690885,0.371390676354));
#292 = ( GEOMETRIC_REPRESENTATION_CONTEXT(2) 
PARAMETRIC_REPRESENTATION_CONTEXT() REPRESENTATION_CONTEXT('2D SPACE',''
  ) );
#293 = ORIENTED_EDGE('',*,*,#294,.T.);
#294 = EDGE_CURVE('',#272,#218,#295,.T.);
#295 = SURFACE_CURVE('',#296,(#300,#307),.PCURVE_S1.);
#296 = LINE('',#297,#298);
#297 = CARTESIAN_POINT('',(38.664728102841,16.82,623.93410875886));
#298 = VECTOR('',#299,1.);
#299 = DIRECTION('',(0.,-1.,1.110223024625E-16));
#300 = PCURVE('',#178,#301);
#301 = DEFINITIONAL_REPRESENTATION('',(#302),#306);
#302 = LINE('',#303,#304);
#303 = CARTESIAN_POINT('',(2.87,-0.1));
#304 = VECTOR('',#305,1.);
#305 = DIRECTION('',(0.,-1.));
#306 = ( GEOMETRIC_REPRESENTATION_CONTEXT(2) 
PARAMETRIC_REPRESENTATION_CONTEXT() REPRESENTATION_CONTEXT('2D SPACE',''
  ) );
#307 = PCURVE('',#255,#308);
#308 = DEFINITIONAL_REPRESENTATION('',(#309),#313);
#309 = LINE('',#310,#311);
#310 = CARTESIAN_POINT('',(5.902678930067,0.));
#311 = VECTOR('',#312,1.);
#312 = DIRECTION('',(0.,1.));
#313 = ( GEOMETRIC_REPRESENTATION_CONTEXT(2) 
PARAMETRIC_REPRESENTATION_CONTEXT() REPRESENTATION_CONTEXT('2D SPACE',''
  ) );
#314 = ORIENTED_EDGE('',*,*,#217,.F.);
#315 = ADVANCED_FACE('',(#316),#152,.F.);
#316 = FACE_BOUND('',#317,.F.);
#317 = EDGE_LOOP('',(#318,#341,#342,#343));
#318 = ORIENTED_EDGE('',*,*,#319,.T.);
#319 = EDGE_CURVE('',#320,#108,#322,.T.);
#320 = VERTEX_POINT('',#321);
#321 = CARTESIAN_POINT('',(38.664728102841,16.57,626.06589124113));
#322 = SURFACE_CURVE('',#323,(#327,#334),.PCURVE_S1.);
#323 = LINE('',#324,#325);
#324 = CARTESIAN_POINT('',(38.5,16.57,626.));
#325 = VECTOR('',#326,1.);
#326 = DIRECTION('',(0.928476690885,4.123264800194E-17,0.371390676354));
#327 = PCURVE('',#152,#328);
#328 = DEFINITIONAL_REPRESENTATION('',(#329),#333);
#329 = LINE('',#330,#331);
#330 = CARTESIAN_POINT('',(2.5,1.));
#331 = VECTOR('',#332,1.);
#332 = DIRECTION('',(0.928476690885,0.371390676354));
#333 = ( GEOMETRIC_REPRESENTATION_CONTEXT(2) 
PARAMETRIC_REPRESENTATION_CONTEXT() REPRESENTATION_CONTEXT('2D SPACE',''
  ) );
#334 = PCURVE('',#123,#335);
#335 = DEFINITIONAL_REPRESENTATION('',(#336),#340);
#336 = LINE('',#337,#338);
#337 = CARTESIAN_POINT('',(2.692582403567,-0.35));
#338 = VECTOR('',#339,1.);
#339 = DIRECTION('',(-1.,0.));
#340 = ( GEOMETRIC_REPRESENTATION_CONTEXT(2) 
PARAMETRIC_REPRESENTATION_CONTEXT() REPRESENTATION_CONTEXT('2D SPACE',''
  ) );
#341 = ORIENTED_EDGE('',*,*,#135,.T.);
#342 = ORIENTED_EDGE('',*,*,#271,.T.);
#343 = ORIENTED_EDGE('',*,*,#344,.F.);
#344 = EDGE_CURVE('',#320,#272,#345,.T.);
#345 = SURFACE_CURVE('',#346,(#351,#358),.PCURVE_S1.);
#346 = CIRCLE('',#347,2.87);
#347 = AXIS2_PLACEMENT_3D('',#348,#349,#350);
#348 = CARTESIAN_POINT('',(36.,16.57,625.));
#349 = DIRECTION('',(0.,-1.,1.110223024625E-16));
#350 = DIRECTION('',(1.,0.,0.));
#351 = PCURVE('',#152,#352);
#352 = DEFINITIONAL_REPRESENTATION('',(#353),#357);
#353 = CIRCLE('',#354,2.87);
#354 = AXIS2_PLACEMENT_2D('',#355,#356);
#355 = CARTESIAN_POINT('',(0.,0.));
#356 = DIRECTION('',(1.,0.));
#357 = ( GEOMETRIC_REPRESENTATION_CONTEXT(2) 
PARAMETRIC_REPRESENTATION_CONTEXT() REPRESENTATION_CONTEXT('2D SPACE',''
  ) );
#358 = PCURVE('',#255,#359);
#359 = DEFINITIONAL_REPRESENTATION('',(#360),#364);
#360 = LINE('',#361,#362);
#361 = CARTESIAN_POINT('',(0.,0.25));
#362 = VECTOR('',#363,1.);
#363 = DIRECTION('',(1.,0.));
#364 = ( GEOMETRIC_REPRESENTATION_CONTEXT(2) 
PARAMETRIC_REPRESENTATION_CONTEXT() REPRESENTATION_CONTEXT('2D SPACE',''
  ) );
#365 = ADVANCED_FACE('',(#366),#123,.T.);
#366 = FACE_BOUND('',#367,.T.);
#367 = EDGE_LOOP('',(#368,#369,#370,#371));
#368 = ORIENTED_EDGE('',*,*,#319,.T.);
#369 = ORIENTED_EDGE('',*,*,#107,.T.);
#370 = ORIENTED_EDGE('',*,*,#193,.F.);
#371 = ORIENTED_EDGE('',*,*,#372,.F.);
#372 = EDGE_CURVE('',#320,#194,#373,.T.);
#373 = SURFACE_CURVE('',#374,(#378,#385),.PCURVE_S1.);
#374 = LINE('',#375,#376);
#375 = CARTESIAN_POINT('',(38.664728102841,16.82,626.06589124113));
#376 = VECTOR('',#377,1.);
#377 = DIRECTION('',(0.,-1.,1.110223024625E-16));
#378 = PCURVE('',#123,#379);
#379 = DEFINITIONAL_REPRESENTATION('',(#380),#384);
#380 = LINE('',#381,#382);
#381 = CARTESIAN_POINT('',(2.515164807135,-0.1));
#382 = VECTOR('',#383,1.);
#383 = DIRECTION('',(0.,-1.));
#384 = ( GEOMETRIC_REPRESENTATION_CONTEXT(2) 
PARAMETRIC_REPRESENTATION_CONTEXT() REPRESENTATION_CONTEXT('2D SPACE',''
  ) );
#385 = PCURVE('',#255,#386);
#386 = DEFINITIONAL_REPRESENTATION('',(#387),#391);
#387 = LINE('',#388,#389);
#388 = CARTESIAN_POINT('',(0.380506377112,0.));
#389 = VECTOR('',#390,1.);
#390 = DIRECTION('',(0.,1.));
#391 = ( GEOMETRIC_REPRESENTATION_CONTEXT(2) 
PARAMETRIC_REPRESENTATION_CONTEXT() REPRESENTATION_CONTEXT('2D SPACE',''
  ) );
#392 = ADVANCED_FACE('',(#393),#255,.F.);
#393 = FACE_BOUND('',#394,.F.);
#394 = EDGE_LOOP('',(#395,#396,#397,#398));
#395 = ORIENTED_EDGE('',*,*,#240,.F.);
#396 = ORIENTED_EDGE('',*,*,#372,.F.);
#397 = ORIENTED_EDGE('',*,*,#344,.T.);
#398 = ORIENTED_EDGE('',*,*,#294,.T.);
#399 = ( GEOMETRIC_REPRESENTATION_CONTEXT(3) 
GLOBAL_UNCERTAINTY_ASSIGNED_CONTEXT((#403)) GLOBAL_UNIT_ASSIGNED_CONTEXT
((#400,#401,#402)) REPRESENTATION_CONTEXT('Context #1',
  '3D Context with UNIT and UNCERTAINTY') );
#400 = ( LENGTH_UNIT() NAMED_UNIT(*) SI_UNIT(.MILLI.,.METRE.) );
#401 = ( NAMED_UNIT(*) PLANE_ANGLE_UNIT() SI_UNIT($,.RADIAN.) );
#402 = ( NAMED_UNIT(*) SI_UNIT($,.STERADIAN.) SOLID_ANGLE_UNIT() );
#403 = UNCERTAINTY_MEASURE_WITH_UNIT(LENGTH_MEASURE(2.E-07),#400,
  'distance_accuracy_value','confusion accuracy');
#404 = CONTEXT_DEPENDENT_SHAPE_REPRESENTATION(#405,#407);
#405 = ( REPRESENTATION_RELATIONSHIP('','',#64,#10) 
REPRESENTATION_RELATIONSHIP_WITH_TRANSFORMATION(#406) 
SHAPE_REPRESENTATION_RELATIONSHIP() );
#406 = ITEM_DEFINED_TRANSFORMATION('','',#11,#15);
#407 = PRODUCT_DEFINITION_SHAPE('Placement','Placement of an item',#408
  );
#408 = NEXT_ASSEMBLY_USAGE_OCCURRENCE('31','','',#5,#59,$);
#409 = PRODUCT_RELATED_PRODUCT_CATEGORY('part',$,(#61));
#410 = SHAPE_DEFINITION_REPRESENTATION(#411,#417);
#411 = PRODUCT_DEFINITION_SHAPE('','',#412);
#412 = PRODUCT_DEFINITION('design','',#413,#416);
#413 = PRODUCT_DEFINITION_FORMATION('','',#414);
#414 = PRODUCT('Open CASCADE STEP translator 7.9 17.2',
  'Open CASCADE STEP translator 7.9 17.2','',(#415));
#415 = PRODUCT_CONTEXT('',#2,'mechanical');
#416 = PRODUCT_DEFINITION_CONTEXT('part definition',#2,'design');
#417 = ADVANCED_BREP_SHAPE_REPRESENTATION('',(#11,#418),#752);
#418 = MANIFOLD_SOLID_BREP('',#419);
#419 = CLOSED_SHELL('',(#420,#542,#619,#668,#718,#745));
#420 = ADVANCED_FACE('',(#421),#436,.T.);
#421 = FACE_BOUND('',#422,.T.);
#422 = EDGE_LOOP('',(#423,#459,#487,#516));
#423 = ORIENTED_EDGE('',*,*,#424,.F.);
#424 = EDGE_CURVE('',#425,#427,#429,.T.);
#425 = VERTEX_POINT('',#426);
#426 = CARTESIAN_POINT('',(39.651595387954,11.27,661.21097379553));
#427 = VERTEX_POINT('',#428);
#428 = CARTESIAN_POINT('',(39.651595387954,11.27,658.77836486541));
#429 = SURFACE_CURVE('',#430,(#435,#447),.PCURVE_S1.);
#430 = CIRCLE('',#431,3.275);
#431 = AXIS2_PLACEMENT_3D('',#432,#433,#434);
#432 = CARTESIAN_POINT('',(36.610834225305,11.27,659.99466933047));
#433 = DIRECTION('',(0.,-1.,1.110223024625E-16));
#434 = DIRECTION('',(1.,0.,0.));
#435 = PCURVE('',#436,#441);
#436 = CYLINDRICAL_SURFACE('',#437,3.275);
#437 = AXIS2_PLACEMENT_3D('',#438,#439,#440);
#438 = CARTESIAN_POINT('',(36.610834225305,11.57,659.99466933047));
#439 = DIRECTION('',(0.,-1.,1.110223024625E-16));
#440 = DIRECTION('',(1.,0.,0.));
#441 = DEFINITIONAL_REPRESENTATION('',(#442),#446);
#442 = LINE('',#443,#444);
#443 = CARTESIAN_POINT('',(0.,0.3));
#444 = VECTOR('',#445,1.);
#445 = DIRECTION('',(1.,0.));
#446 = ( GEOMETRIC_REPRESENTATION_CONTEXT(2) 
PARAMETRIC_REPRESENTATION_CONTEXT() REPRESENTATION_CONTEXT('2D SPACE',''
  ) );
#447 = PCURVE('',#448,#453);
#448 = PLANE('',#449);
#449 = AXIS2_PLACEMENT_3D('',#450,#451,#452);
#450 = CARTESIAN_POINT('',(36.610834225305,11.27,659.99466933047));
#451 = DIRECTION('',(0.,-1.,1.110223024625E-16));
#452 = DIRECTION('',(1.,0.,0.));
#453 = DEFINITIONAL_REPRESENTATION('',(#454),#458);
#454 = CIRCLE('',#455,3.275);
#455 = AXIS2_PLACEMENT_2D('',#456,#457);
#456 = CARTESIAN_POINT('',(0.,0.));
#457 = DIRECTION('',(1.,0.));
#458 = ( GEOMETRIC_REPRESENTATION_CONTEXT(2) 
PARAMETRIC_REPRESENTATION_CONTEXT() REPRESENTATION_CONTEXT('2D SPACE',''
  ) );
#459 = ORIENTED_EDGE('',*,*,#460,.F.);
#460 = EDGE_CURVE('',#461,#425,#463,.T.);
#461 = VERTEX_POINT('',#462);
#462 = CARTESIAN_POINT('',(39.651595387954,11.57,661.21097379553));
#463 = SURFACE_CURVE('',#464,(#468,#475),.PCURVE_S1.);
#464 = LINE('',#465,#466);
#465 = CARTESIAN_POINT('',(39.651595387954,11.57,661.21097379553));
#466 = VECTOR('',#467,1.);
#467 = DIRECTION('',(0.,-1.,1.110223024625E-16));
#468 = PCURVE('',#436,#469);
#469 = DEFINITIONAL_REPRESENTATION('',(#470),#474);
#470 = LINE('',#471,#472);
#471 = CARTESIAN_POINT('',(0.380506377112,0.));
#472 = VECTOR('',#473,1.);
#473 = DIRECTION('',(0.,1.));
#474 = ( GEOMETRIC_REPRESENTATION_CONTEXT(2) 
PARAMETRIC_REPRESENTATION_CONTEXT() REPRESENTATION_CONTEXT('2D SPACE',''
  ) );
#475 = PCURVE('',#476,#481);
#476 = PLANE('',#477);
#477 = AXIS2_PLACEMENT_3D('',#478,#479,#480);
#478 = CARTESIAN_POINT('',(41.610834225305,11.92,661.99466933047));
#479 = DIRECTION('',(0.371390676354,-1.030816200049E-16,-0.928476690885)
  );
#480 = DIRECTION('',(-0.928476690885,-4.123264800194E-17,-0.371390676354
    ));
#481 = DEFINITIONAL_REPRESENTATION('',(#482),#486);
#482 = LINE('',#483,#484);
#483 = CARTESIAN_POINT('',(2.110164807135,-0.35));
#484 = VECTOR('',#485,1.);
#485 = DIRECTION('',(0.,-1.));
#486 = ( GEOMETRIC_REPRESENTATION_CONTEXT(2) 
PARAMETRIC_REPRESENTATION_CONTEXT() REPRESENTATION_CONTEXT('2D SPACE',''
  ) );
#487 = ORIENTED_EDGE('',*,*,#488,.T.);
#488 = EDGE_CURVE('',#461,#489,#491,.T.);
#489 = VERTEX_POINT('',#490);
#490 = CARTESIAN_POINT('',(39.651595387954,11.57,658.77836486541));
#491 = SURFACE_CURVE('',#492,(#497,#504),.PCURVE_S1.);
#492 = CIRCLE('',#493,3.275);
#493 = AXIS2_PLACEMENT_3D('',#494,#495,#496);
#494 = CARTESIAN_POINT('',(36.610834225305,11.57,659.99466933047));
#495 = DIRECTION('',(0.,-1.,1.110223024625E-16));
#496 = DIRECTION('',(1.,0.,0.));
#497 = PCURVE('',#436,#498);
#498 = DEFINITIONAL_REPRESENTATION('',(#499),#503);
#499 = LINE('',#500,#501);
#500 = CARTESIAN_POINT('',(0.,0.));
#501 = VECTOR('',#502,1.);
#502 = DIRECTION('',(1.,0.));
#503 = ( GEOMETRIC_REPRESENTATION_CONTEXT(2) 
PARAMETRIC_REPRESENTATION_CONTEXT() REPRESENTATION_CONTEXT('2D SPACE',''
  ) );
#504 = PCURVE('',#505,#510);
#505 = PLANE('',#506);
#506 = AXIS2_PLACEMENT_3D('',#507,#508,#509);
#507 = CARTESIAN_POINT('',(36.610834225305,11.57,659.99466933047));
#508 = DIRECTION('',(0.,-1.,1.110223024625E-16));
#509 = DIRECTION('',(1.,0.,0.));
#510 = DEFINITIONAL_REPRESENTATION('',(#511),#515);
#511 = CIRCLE('',#512,3.275);
#512 = AXIS2_PLACEMENT_2D('',#513,#514);
#513 = CARTESIAN_POINT('',(0.,0.));
#514 = DIRECTION('',(1.,0.));
#515 = ( GEOMETRIC_REPRESENTATION_CONTEXT(2) 
PARAMETRIC_REPRESENTATION_CONTEXT() REPRESENTATION_CONTEXT('2D SPACE',''
  ) );
#516 = ORIENTED_EDGE('',*,*,#517,.T.);
#517 = EDGE_CURVE('',#489,#427,#518,.T.);
#518 = SURFACE_CURVE('',#519,(#523,#530),.PCURVE_S1.);
#519 = LINE('',#520,#521);
#520 = CARTESIAN_POINT('',(39.651595387954,11.57,658.77836486541));
#521 = VECTOR('',#522,1.);
#522 = DIRECTION('',(0.,-1.,1.110223024625E-16));
#523 = PCURVE('',#436,#524);
#524 = DEFINITIONAL_REPRESENTATION('',(#525),#529);
#525 = LINE('',#526,#527);
#526 = CARTESIAN_POINT('',(5.902678930067,0.));
#527 = VECTOR('',#528,1.);
#528 = DIRECTION('',(0.,1.));
#529 = ( GEOMETRIC_REPRESENTATION_CONTEXT(2) 
PARAMETRIC_REPRESENTATION_CONTEXT() REPRESENTATION_CONTEXT('2D SPACE',''
  ) );
#530 = PCURVE('',#531,#536);
#531 = PLANE('',#532);
#532 = AXIS2_PLACEMENT_3D('',#533,#534,#535);
#533 = CARTESIAN_POINT('',(36.610834225305,11.92,659.99466933047));
#534 = DIRECTION('',(0.371390676354,1.030816200049E-16,0.928476690885));
#535 = DIRECTION('',(0.928476690885,-4.123264800194E-17,-0.371390676354)
  );
#536 = DEFINITIONAL_REPRESENTATION('',(#537),#541);
#537 = LINE('',#538,#539);
#538 = CARTESIAN_POINT('',(3.275,-0.35));
#539 = VECTOR('',#540,1.);
#540 = DIRECTION('',(0.,-1.));
#541 = ( GEOMETRIC_REPRESENTATION_CONTEXT(2) 
PARAMETRIC_REPRESENTATION_CONTEXT() REPRESENTATION_CONTEXT('2D SPACE',''
  ) );
#542 = ADVANCED_FACE('',(#543),#448,.T.);
#543 = FACE_BOUND('',#544,.T.);
#544 = EDGE_LOOP('',(#545,#568,#569,#592));
#545 = ORIENTED_EDGE('',*,*,#546,.T.);
#546 = EDGE_CURVE('',#547,#425,#549,.T.);
#547 = VERTEX_POINT('',#548);
#548 = CARTESIAN_POINT('',(39.275562328146,11.27,661.06056057161));
#549 = SURFACE_CURVE('',#550,(#554,#561),.PCURVE_S1.);
#550 = LINE('',#551,#552);
#551 = CARTESIAN_POINT('',(39.110834225305,11.27,660.99466933047));
#552 = VECTOR('',#553,1.);
#553 = DIRECTION('',(0.928476690885,4.123264800194E-17,0.371390676354));
#554 = PCURVE('',#448,#555);
#555 = DEFINITIONAL_REPRESENTATION('',(#556),#560);
#556 = LINE('',#557,#558);
#557 = CARTESIAN_POINT('',(2.5,1.));
#558 = VECTOR('',#559,1.);
#559 = DIRECTION('',(0.928476690885,0.371390676354));
#560 = ( GEOMETRIC_REPRESENTATION_CONTEXT(2) 
PARAMETRIC_REPRESENTATION_CONTEXT() REPRESENTATION_CONTEXT('2D SPACE',''
  ) );
#561 = PCURVE('',#476,#562);
#562 = DEFINITIONAL_REPRESENTATION('',(#563),#567);
#563 = LINE('',#564,#565);
#564 = CARTESIAN_POINT('',(2.692582403567,-0.65));
#565 = VECTOR('',#566,1.);
#566 = DIRECTION('',(-1.,0.));
#567 = ( GEOMETRIC_REPRESENTATION_CONTEXT(2) 
PARAMETRIC_REPRESENTATION_CONTEXT() REPRESENTATION_CONTEXT('2D SPACE',''
  ) );
#568 = ORIENTED_EDGE('',*,*,#424,.T.);
#569 = ORIENTED_EDGE('',*,*,#570,.T.);
#570 = EDGE_CURVE('',#427,#571,#573,.T.);
#571 = VERTEX_POINT('',#572);
#572 = CARTESIAN_POINT('',(39.275562328146,11.27,658.92877808933));
#573 = SURFACE_CURVE('',#574,(#578,#585),.PCURVE_S1.);
#574 = LINE('',#575,#576);
#575 = CARTESIAN_POINT('',(36.610834225305,11.27,659.99466933047));
#576 = VECTOR('',#577,1.);
#577 = DIRECTION('',(-0.928476690885,4.123264800194E-17,0.371390676354)
  );
#578 = PCURVE('',#448,#579);
#579 = DEFINITIONAL_REPRESENTATION('',(#580),#584);
#580 = LINE('',#581,#582);
#581 = CARTESIAN_POINT('',(0.,0.));
#582 = VECTOR('',#583,1.);
#583 = DIRECTION('',(-0.928476690885,0.371390676354));
#584 = ( GEOMETRIC_REPRESENTATION_CONTEXT(2) 
PARAMETRIC_REPRESENTATION_CONTEXT() REPRESENTATION_CONTEXT('2D SPACE',''
  ) );
#585 = PCURVE('',#531,#586);
#586 = DEFINITIONAL_REPRESENTATION('',(#587),#591);
#587 = LINE('',#588,#589);
#588 = CARTESIAN_POINT('',(2.680122120126E-17,-0.65));
#589 = VECTOR('',#590,1.);
#590 = DIRECTION('',(-1.,0.));
#591 = ( GEOMETRIC_REPRESENTATION_CONTEXT(2) 
PARAMETRIC_REPRESENTATION_CONTEXT() REPRESENTATION_CONTEXT('2D SPACE',''
  ) );
#592 = ORIENTED_EDGE('',*,*,#593,.F.);
#593 = EDGE_CURVE('',#547,#571,#594,.T.);
#594 = SURFACE_CURVE('',#595,(#600,#607),.PCURVE_S1.);
#595 = CIRCLE('',#596,2.87);
#596 = AXIS2_PLACEMENT_3D('',#597,#598,#599);
#597 = CARTESIAN_POINT('',(36.610834225305,11.27,659.99466933047));
#598 = DIRECTION('',(0.,-1.,1.110223024625E-16));
#599 = DIRECTION('',(1.,0.,0.));
#600 = PCURVE('',#448,#601);
#601 = DEFINITIONAL_REPRESENTATION('',(#602),#606);
#602 = CIRCLE('',#603,2.87);
#603 = AXIS2_PLACEMENT_2D('',#604,#605);
#604 = CARTESIAN_POINT('',(0.,0.));
#605 = DIRECTION('',(1.,0.));
#606 = ( GEOMETRIC_REPRESENTATION_CONTEXT(2) 
PARAMETRIC_REPRESENTATION_CONTEXT() REPRESENTATION_CONTEXT('2D SPACE',''
  ) );
#607 = PCURVE('',#608,#613);
#608 = CYLINDRICAL_SURFACE('',#609,2.87);
#609 = AXIS2_PLACEMENT_3D('',#610,#611,#612);
#610 = CARTESIAN_POINT('',(36.610834225305,11.82,659.99466933047));
#611 = DIRECTION('',(0.,-1.,1.110223024625E-16));
#612 = DIRECTION('',(1.,0.,0.));
#613 = DEFINITIONAL_REPRESENTATION('',(#614),#618);
#614 = LINE('',#615,#616);
#615 = CARTESIAN_POINT('',(0.,0.55));
#616 = VECTOR('',#617,1.);
#617 = DIRECTION('',(1.,0.));
#618 = ( GEOMETRIC_REPRESENTATION_CONTEXT(2) 
PARAMETRIC_REPRESENTATION_CONTEXT() REPRESENTATION_CONTEXT('2D SPACE',''
  ) );
#619 = ADVANCED_FACE('',(#620),#531,.T.);
#620 = FACE_BOUND('',#621,.T.);
#621 = EDGE_LOOP('',(#622,#623,#646,#667));
#622 = ORIENTED_EDGE('',*,*,#517,.F.);
#623 = ORIENTED_EDGE('',*,*,#624,.T.);
#624 = EDGE_CURVE('',#489,#625,#627,.T.);
#625 = VERTEX_POINT('',#626);
#626 = CARTESIAN_POINT('',(39.275562328146,11.57,658.92877808933));
#627 = SURFACE_CURVE('',#628,(#632,#639),.PCURVE_S1.);
#628 = LINE('',#629,#630);
#629 = CARTESIAN_POINT('',(36.610834225305,11.57,659.99466933047));
#630 = VECTOR('',#631,1.);
#631 = DIRECTION('',(-0.928476690885,4.123264800194E-17,0.371390676354)
  );
#632 = PCURVE('',#531,#633);
#633 = DEFINITIONAL_REPRESENTATION('',(#634),#638);
#634 = LINE('',#635,#636);
#635 = CARTESIAN_POINT('',(1.443142680068E-17,-0.35));
#636 = VECTOR('',#637,1.);
#637 = DIRECTION('',(-1.,0.));
#638 = ( GEOMETRIC_REPRESENTATION_CONTEXT(2) 
PARAMETRIC_REPRESENTATION_CONTEXT() REPRESENTATION_CONTEXT('2D SPACE',''
  ) );
#639 = PCURVE('',#505,#640);
#640 = DEFINITIONAL_REPRESENTATION('',(#641),#645);
#641 = LINE('',#642,#643);
#642 = CARTESIAN_POINT('',(0.,0.));
#643 = VECTOR('',#644,1.);
#644 = DIRECTION('',(-0.928476690885,0.371390676354));
#645 = ( GEOMETRIC_REPRESENTATION_CONTEXT(2) 
PARAMETRIC_REPRESENTATION_CONTEXT() REPRESENTATION_CONTEXT('2D SPACE',''
  ) );
#646 = ORIENTED_EDGE('',*,*,#647,.T.);
#647 = EDGE_CURVE('',#625,#571,#648,.T.);
#648 = SURFACE_CURVE('',#649,(#653,#660),.PCURVE_S1.);
#649 = LINE('',#650,#651);
#650 = CARTESIAN_POINT('',(39.275562328146,11.82,658.92877808933));
#651 = VECTOR('',#652,1.);
#652 = DIRECTION('',(0.,-1.,1.110223024625E-16));
#653 = PCURVE('',#531,#654);
#654 = DEFINITIONAL_REPRESENTATION('',(#655),#659);
#655 = LINE('',#656,#657);
#656 = CARTESIAN_POINT('',(2.87,-1.E-01));
#657 = VECTOR('',#658,1.);
#658 = DIRECTION('',(0.,-1.));
#659 = ( GEOMETRIC_REPRESENTATION_CONTEXT(2) 
PARAMETRIC_REPRESENTATION_CONTEXT() REPRESENTATION_CONTEXT('2D SPACE',''
  ) );
#660 = PCURVE('',#608,#661);
#661 = DEFINITIONAL_REPRESENTATION('',(#662),#666);
#662 = LINE('',#663,#664);
#663 = CARTESIAN_POINT('',(5.902678930067,0.));
#664 = VECTOR('',#665,1.);
#665 = DIRECTION('',(0.,1.));
#666 = ( GEOMETRIC_REPRESENTATION_CONTEXT(2) 
PARAMETRIC_REPRESENTATION_CONTEXT() REPRESENTATION_CONTEXT('2D SPACE',''
  ) );
#667 = ORIENTED_EDGE('',*,*,#570,.F.);
#668 = ADVANCED_FACE('',(#669),#505,.F.);
#669 = FACE_BOUND('',#670,.F.);
#670 = EDGE_LOOP('',(#671,#694,#695,#696));
#671 = ORIENTED_EDGE('',*,*,#672,.T.);
#672 = EDGE_CURVE('',#673,#461,#675,.T.);
#673 = VERTEX_POINT('',#674);
#674 = CARTESIAN_POINT('',(39.275562328146,11.57,661.06056057161));
#675 = SURFACE_CURVE('',#676,(#680,#687),.PCURVE_S1.);
#676 = LINE('',#677,#678);
#677 = CARTESIAN_POINT('',(39.110834225305,11.57,660.99466933047));
#678 = VECTOR('',#679,1.);
#679 = DIRECTION('',(0.928476690885,4.123264800194E-17,0.371390676354));
#680 = PCURVE('',#505,#681);
#681 = DEFINITIONAL_REPRESENTATION('',(#682),#686);
#682 = LINE('',#683,#684);
#683 = CARTESIAN_POINT('',(2.5,1.));
#684 = VECTOR('',#685,1.);
#685 = DIRECTION('',(0.928476690885,0.371390676354));
#686 = ( GEOMETRIC_REPRESENTATION_CONTEXT(2) 
PARAMETRIC_REPRESENTATION_CONTEXT() REPRESENTATION_CONTEXT('2D SPACE',''
  ) );
#687 = PCURVE('',#476,#688);
#688 = DEFINITIONAL_REPRESENTATION('',(#689),#693);
#689 = LINE('',#690,#691);
#690 = CARTESIAN_POINT('',(2.692582403567,-0.35));
#691 = VECTOR('',#692,1.);
#692 = DIRECTION('',(-1.,0.));
#693 = ( GEOMETRIC_REPRESENTATION_CONTEXT(2) 
PARAMETRIC_REPRESENTATION_CONTEXT() REPRESENTATION_CONTEXT('2D SPACE',''
  ) );
#694 = ORIENTED_EDGE('',*,*,#488,.T.);
#695 = ORIENTED_EDGE('',*,*,#624,.T.);
#696 = ORIENTED_EDGE('',*,*,#697,.F.);
#697 = EDGE_CURVE('',#673,#625,#698,.T.);
#698 = SURFACE_CURVE('',#699,(#704,#711),.PCURVE_S1.);
#699 = CIRCLE('',#700,2.87);
#700 = AXIS2_PLACEMENT_3D('',#701,#702,#703);
#701 = CARTESIAN_POINT('',(36.610834225305,11.57,659.99466933047));
#702 = DIRECTION('',(0.,-1.,1.110223024625E-16));
#703 = DIRECTION('',(1.,0.,0.));
#704 = PCURVE('',#505,#705);
#705 = DEFINITIONAL_REPRESENTATION('',(#706),#710);
#706 = CIRCLE('',#707,2.87);
#707 = AXIS2_PLACEMENT_2D('',#708,#709);
#708 = CARTESIAN_POINT('',(0.,0.));
#709 = DIRECTION('',(1.,0.));
#710 = ( GEOMETRIC_REPRESENTATION_CONTEXT(2) 
PARAMETRIC_REPRESENTATION_CONTEXT() REPRESENTATION_CONTEXT('2D SPACE',''
  ) );
#711 = PCURVE('',#608,#712);
#712 = DEFINITIONAL_REPRESENTATION('',(#713),#717);
#713 = LINE('',#714,#715);
#714 = CARTESIAN_POINT('',(0.,0.25));
#715 = VECTOR('',#716,1.);
#716 = DIRECTION('',(1.,0.));
#717 = ( GEOMETRIC_REPRESENTATION_CONTEXT(2) 
PARAMETRIC_REPRESENTATION_CONTEXT() REPRESENTATION_CONTEXT('2D SPACE',''
  ) );
#718 = ADVANCED_FACE('',(#719),#476,.T.);
#719 = FACE_BOUND('',#720,.T.);
#720 = EDGE_LOOP('',(#721,#722,#723,#724));
#721 = ORIENTED_EDGE('',*,*,#672,.T.);
#722 = ORIENTED_EDGE('',*,*,#460,.T.);
#723 = ORIENTED_EDGE('',*,*,#546,.F.);
#724 = ORIENTED_EDGE('',*,*,#725,.F.);
#725 = EDGE_CURVE('',#673,#547,#726,.T.);
#726 = SURFACE_CURVE('',#727,(#731,#738),.PCURVE_S1.);
#727 = LINE('',#728,#729);
#728 = CARTESIAN_POINT('',(39.275562328146,11.82,661.06056057161));
#729 = VECTOR('',#730,1.);
#730 = DIRECTION('',(0.,-1.,1.110223024625E-16));
#731 = PCURVE('',#476,#732);
#732 = DEFINITIONAL_REPRESENTATION('',(#733),#737);
#733 = LINE('',#734,#735);
#734 = CARTESIAN_POINT('',(2.515164807135,-1.E-01));
#735 = VECTOR('',#736,1.);
#736 = DIRECTION('',(0.,-1.));
#737 = ( GEOMETRIC_REPRESENTATION_CONTEXT(2) 
PARAMETRIC_REPRESENTATION_CONTEXT() REPRESENTATION_CONTEXT('2D SPACE',''
  ) );
#738 = PCURVE('',#608,#739);
#739 = DEFINITIONAL_REPRESENTATION('',(#740),#744);
#740 = LINE('',#741,#742);
#741 = CARTESIAN_POINT('',(0.380506377112,0.));
#742 = VECTOR('',#743,1.);
#743 = DIRECTION('',(0.,1.));
#744 = ( GEOMETRIC_REPRESENTATION_CONTEXT(2) 
PARAMETRIC_REPRESENTATION_CONTEXT() REPRESENTATION_CONTEXT('2D SPACE',''
  ) );
#745 = ADVANCED_FACE('',(#746),#608,.F.);
#746 = FACE_BOUND('',#747,.F.);
#747 = EDGE_LOOP('',(#748,#749,#750,#751));
#748 = ORIENTED_EDGE('',*,*,#593,.F.);
#749 = ORIENTED_EDGE('',*,*,#725,.F.);
#750 = ORIENTED_EDGE('',*,*,#697,.T.);
#751 = ORIENTED_EDGE('',*,*,#647,.T.);
#752 = ( GEOMETRIC_REPRESENTATION_CONTEXT(3) 
GLOBAL_UNCERTAINTY_ASSIGNED_CONTEXT((#756)) GLOBAL_UNIT_ASSIGNED_CONTEXT
((#753,#754,#755)) REPRESENTATION_CONTEXT('Context #1',
  '3D Context with UNIT and UNCERTAINTY') );
#753 = ( LENGTH_UNIT() NAMED_UNIT(*) SI_UNIT(.MILLI.,.METRE.) );
#754 = ( NAMED_UNIT(*) PLANE_ANGLE_UNIT() SI_UNIT($,.RADIAN.) );
#755 = ( NAMED_UNIT(*) SI_UNIT($,.STERADIAN.) SOLID_ANGLE_UNIT() );
#756 = UNCERTAINTY_MEASURE_WITH_UNIT(LENGTH_MEASURE(2.E-07),#753,
  'distance_accuracy_value','confusion accuracy');
#757 = CONTEXT_DEPENDENT_SHAPE_REPRESENTATION(#758,#760);
#758 = ( REPRESENTATION_RELATIONSHIP('','',#417,#10) 
REPRESENTATION_RELATIONSHIP_WITH_TRANSFORMATION(#759) 
SHAPE_REPRESENTATION_RELATIONSHIP() );
#759 = ITEM_DEFINED_TRANSFORMATION('','',#11,#19);
#760 = PRODUCT_DEFINITION_SHAPE('Placement','Placement of an item',#761
  );
#761 = NEXT_ASSEMBLY_USAGE_OCCURRENCE('32','','',#5,#412,$);
#762 = PRODUCT_RELATED_PRODUCT_CATEGORY('part',$,(#414));
#763 = SHAPE_DEFINITION_REPRESENTATION(#764,#770);
#764 = PRODUCT_DEFINITION_SHAPE('','',#765);
#765 = PRODUCT_DEFINITION('design','',#766,#769);
#766 = PRODUCT_DEFINITION_FORMATION('','',#767);
#767 = PRODUCT('Open CASCADE STEP translator 7.9 17.3',
  'Open CASCADE STEP translator 7.9 17.3','',(#768));
#768 = PRODUCT_CONTEXT('',#2,'mechanical');
#769 = PRODUCT_DEFINITION_CONTEXT('part definition',#2,'design');
#770 = ADVANCED_BREP_SHAPE_REPRESENTATION('',(#11,#771),#1105);
#771 = MANIFOLD_SOLID_BREP('',#772);
#772 = CLOSED_SHELL('',(#773,#895,#972,#1021,#1071,#1098));
#773 = ADVANCED_FACE('',(#774),#789,.T.);
#774 = FACE_BOUND('',#775,.T.);
#775 = EDGE_LOOP('',(#776,#812,#840,#869));
#776 = ORIENTED_EDGE('',*,*,#777,.F.);
#777 = EDGE_CURVE('',#778,#780,#782,.T.);
#778 = VERTEX_POINT('',#779);
#779 = CARTESIAN_POINT('',(45.040761162649,11.27,591.41873287827));
#780 = VERTEX_POINT('',#781);
#781 = CARTESIAN_POINT('',(45.040761162649,11.27,588.98612394815));
#782 = SURFACE_CURVE('',#783,(#788,#800),.PCURVE_S1.);
#783 = CIRCLE('',#784,3.275);
#784 = AXIS2_PLACEMENT_3D('',#785,#786,#787);
#785 = CARTESIAN_POINT('',(42.,11.27,590.20242841321));
#786 = DIRECTION('',(0.,-1.,1.110223024625E-16));
#787 = DIRECTION('',(1.,0.,0.));
#788 = PCURVE('',#789,#794);
#789 = CYLINDRICAL_SURFACE('',#790,3.275);
#790 = AXIS2_PLACEMENT_3D('',#791,#792,#793);
#791 = CARTESIAN_POINT('',(42.,11.57,590.20242841321));
#792 = DIRECTION('',(0.,-1.,1.110223024625E-16));
#793 = DIRECTION('',(1.,0.,0.));
#794 = DEFINITIONAL_REPRESENTATION('',(#795),#799);
#795 = LINE('',#796,#797);
#796 = CARTESIAN_POINT('',(0.,0.3));
#797 = VECTOR('',#798,1.);
#798 = DIRECTION('',(1.,0.));
#799 = ( GEOMETRIC_REPRESENTATION_CONTEXT(2) 
PARAMETRIC_REPRESENTATION_CONTEXT() REPRESENTATION_CONTEXT('2D SPACE',''
  ) );
#800 = PCURVE('',#801,#806);
#801 = PLANE('',#802);
#802 = AXIS2_PLACEMENT_3D('',#803,#804,#805);
#803 = CARTESIAN_POINT('',(42.,11.27,590.20242841321));
#804 = DIRECTION('',(0.,-1.,1.110223024625E-16));
#805 = DIRECTION('',(1.,0.,0.));
#806 = DEFINITIONAL_REPRESENTATION('',(#807),#811);
#807 = CIRCLE('',#808,3.275);
#808 = AXIS2_PLACEMENT_2D('',#809,#810);
#809 = CARTESIAN_POINT('',(0.,0.));
#810 = DIRECTION('',(1.,0.));
#811 = ( GEOMETRIC_REPRESENTATION_CONTEXT(2) 
PARAMETRIC_REPRESENTATION_CONTEXT() REPRESENTATION_CONTEXT('2D SPACE',''
  ) );
#812 = ORIENTED_EDGE('',*,*,#813,.F.);
#813 = EDGE_CURVE('',#814,#778,#816,.T.);
#814 = VERTEX_POINT('',#815);
#815 = CARTESIAN_POINT('',(45.040761162649,11.57,591.41873287827));
#816 = SURFACE_CURVE('',#817,(#821,#828),.PCURVE_S1.);
#817 = LINE('',#818,#819);
#818 = CARTESIAN_POINT('',(45.040761162649,11.57,591.41873287827));
#819 = VECTOR('',#820,1.);
#820 = DIRECTION('',(0.,-1.,1.110223024625E-16));
#821 = PCURVE('',#789,#822);
#822 = DEFINITIONAL_REPRESENTATION('',(#823),#827);
#823 = LINE('',#824,#825);
#824 = CARTESIAN_POINT('',(0.380506377112,0.));
#825 = VECTOR('',#826,1.);
#826 = DIRECTION('',(0.,1.));
#827 = ( GEOMETRIC_REPRESENTATION_CONTEXT(2) 
PARAMETRIC_REPRESENTATION_CONTEXT() REPRESENTATION_CONTEXT('2D SPACE',''
  ) );
#828 = PCURVE('',#829,#834);
#829 = PLANE('',#830);
#830 = AXIS2_PLACEMENT_3D('',#831,#832,#833);
#831 = CARTESIAN_POINT('',(47.,11.92,592.20242841321));
#832 = DIRECTION('',(0.371390676354,-1.030816200049E-16,-0.928476690885)
  );
#833 = DIRECTION('',(-0.928476690885,-4.123264800194E-17,-0.371390676354
    ));
#834 = DEFINITIONAL_REPRESENTATION('',(#835),#839);
#835 = LINE('',#836,#837);
#836 = CARTESIAN_POINT('',(2.110164807135,-0.35));
#837 = VECTOR('',#838,1.);
#838 = DIRECTION('',(0.,-1.));
#839 = ( GEOMETRIC_REPRESENTATION_CONTEXT(2) 
PARAMETRIC_REPRESENTATION_CONTEXT() REPRESENTATION_CONTEXT('2D SPACE',''
  ) );
#840 = ORIENTED_EDGE('',*,*,#841,.T.);
#841 = EDGE_CURVE('',#814,#842,#844,.T.);
#842 = VERTEX_POINT('',#843);
#843 = CARTESIAN_POINT('',(45.040761162649,11.57,588.98612394815));
#844 = SURFACE_CURVE('',#845,(#850,#857),.PCURVE_S1.);
#845 = CIRCLE('',#846,3.275);
#846 = AXIS2_PLACEMENT_3D('',#847,#848,#849);
#847 = CARTESIAN_POINT('',(42.,11.57,590.20242841321));
#848 = DIRECTION('',(0.,-1.,1.110223024625E-16));
#849 = DIRECTION('',(1.,0.,0.));
#850 = PCURVE('',#789,#851);
#851 = DEFINITIONAL_REPRESENTATION('',(#852),#856);
#852 = LINE('',#853,#854);
#853 = CARTESIAN_POINT('',(0.,0.));
#854 = VECTOR('',#855,1.);
#855 = DIRECTION('',(1.,0.));
#856 = ( GEOMETRIC_REPRESENTATION_CONTEXT(2) 
PARAMETRIC_REPRESENTATION_CONTEXT() REPRESENTATION_CONTEXT('2D SPACE',''
  ) );
#857 = PCURVE('',#858,#863);
#858 = PLANE('',#859);
#859 = AXIS2_PLACEMENT_3D('',#860,#861,#862);
#860 = CARTESIAN_POINT('',(42.,11.57,590.20242841321));
#861 = DIRECTION('',(0.,-1.,1.110223024625E-16));
#862 = DIRECTION('',(1.,0.,0.));
#863 = DEFINITIONAL_REPRESENTATION('',(#864),#868);
#864 = CIRCLE('',#865,3.275);
#865 = AXIS2_PLACEMENT_2D('',#866,#867);
#866 = CARTESIAN_POINT('',(0.,0.));
#867 = DIRECTION('',(1.,0.));
#868 = ( GEOMETRIC_REPRESENTATION_CONTEXT(2) 
PARAMETRIC_REPRESENTATION_CONTEXT() REPRESENTATION_CONTEXT('2D SPACE',''
  ) );
#869 = ORIENTED_EDGE('',*,*,#870,.T.);
#870 = EDGE_CURVE('',#842,#780,#871,.T.);
#871 = SURFACE_CURVE('',#872,(#876,#883),.PCURVE_S1.);
#872 = LINE('',#873,#874);
#873 = CARTESIAN_POINT('',(45.040761162649,11.57,588.98612394815));
#874 = VECTOR('',#875,1.);
#875 = DIRECTION('',(0.,-1.,1.110223024625E-16));
#876 = PCURVE('',#789,#877);
#877 = DEFINITIONAL_REPRESENTATION('',(#878),#882);
#878 = LINE('',#879,#880);
#879 = CARTESIAN_POINT('',(5.902678930067,0.));
#880 = VECTOR('',#881,1.);
#881 = DIRECTION('',(0.,1.));
#882 = ( GEOMETRIC_REPRESENTATION_CONTEXT(2) 
PARAMETRIC_REPRESENTATION_CONTEXT() REPRESENTATION_CONTEXT('2D SPACE',''
  ) );
#883 = PCURVE('',#884,#889);
#884 = PLANE('',#885);
#885 = AXIS2_PLACEMENT_3D('',#886,#887,#888);
#886 = CARTESIAN_POINT('',(42.,11.92,590.20242841321));
#887 = DIRECTION('',(0.371390676354,1.030816200049E-16,0.928476690885));
#888 = DIRECTION('',(0.928476690885,-4.123264800194E-17,-0.371390676354)
  );
#889 = DEFINITIONAL_REPRESENTATION('',(#890),#894);
#890 = LINE('',#891,#892);
#891 = CARTESIAN_POINT('',(3.275,-0.35));
#892 = VECTOR('',#893,1.);
#893 = DIRECTION('',(0.,-1.));
#894 = ( GEOMETRIC_REPRESENTATION_CONTEXT(2) 
PARAMETRIC_REPRESENTATION_CONTEXT() REPRESENTATION_CONTEXT('2D SPACE',''
  ) );
#895 = ADVANCED_FACE('',(#896),#801,.T.);
#896 = FACE_BOUND('',#897,.T.);
#897 = EDGE_LOOP('',(#898,#921,#922,#945));
#898 = ORIENTED_EDGE('',*,*,#899,.T.);
#899 = EDGE_CURVE('',#900,#778,#902,.T.);
#900 = VERTEX_POINT('',#901);
#901 = CARTESIAN_POINT('',(44.664728102841,11.27,591.26831965435));
#902 = SURFACE_CURVE('',#903,(#907,#914),.PCURVE_S1.);
#903 = LINE('',#904,#905);
#904 = CARTESIAN_POINT('',(44.5,11.27,591.20242841321));
#905 = VECTOR('',#906,1.);
#906 = DIRECTION('',(0.928476690885,4.123264800194E-17,0.371390676354));
#907 = PCURVE('',#801,#908);
#908 = DEFINITIONAL_REPRESENTATION('',(#909),#913);
#909 = LINE('',#910,#911);
#910 = CARTESIAN_POINT('',(2.5,1.));
#911 = VECTOR('',#912,1.);
#912 = DIRECTION('',(0.928476690885,0.371390676354));
#913 = ( GEOMETRIC_REPRESENTATION_CONTEXT(2) 
PARAMETRIC_REPRESENTATION_CONTEXT() REPRESENTATION_CONTEXT('2D SPACE',''
  ) );
#914 = PCURVE('',#829,#915);
#915 = DEFINITIONAL_REPRESENTATION('',(#916),#920);
#916 = LINE('',#917,#918);
#917 = CARTESIAN_POINT('',(2.692582403567,-0.65));
#918 = VECTOR('',#919,1.);
#919 = DIRECTION('',(-1.,0.));
#920 = ( GEOMETRIC_REPRESENTATION_CONTEXT(2) 
PARAMETRIC_REPRESENTATION_CONTEXT() REPRESENTATION_CONTEXT('2D SPACE',''
  ) );
#921 = ORIENTED_EDGE('',*,*,#777,.T.);
#922 = ORIENTED_EDGE('',*,*,#923,.T.);
#923 = EDGE_CURVE('',#780,#924,#926,.T.);
#924 = VERTEX_POINT('',#925);
#925 = CARTESIAN_POINT('',(44.664728102841,11.27,589.13653717207));
#926 = SURFACE_CURVE('',#927,(#931,#938),.PCURVE_S1.);
#927 = LINE('',#928,#929);
#928 = CARTESIAN_POINT('',(42.,11.27,590.20242841321));
#929 = VECTOR('',#930,1.);
#930 = DIRECTION('',(-0.928476690885,4.123264800194E-17,0.371390676354)
  );
#931 = PCURVE('',#801,#932);
#932 = DEFINITIONAL_REPRESENTATION('',(#933),#937);
#933 = LINE('',#934,#935);
#934 = CARTESIAN_POINT('',(0.,0.));
#935 = VECTOR('',#936,1.);
#936 = DIRECTION('',(-0.928476690885,0.371390676354));
#937 = ( GEOMETRIC_REPRESENTATION_CONTEXT(2) 
PARAMETRIC_REPRESENTATION_CONTEXT() REPRESENTATION_CONTEXT('2D SPACE',''
  ) );
#938 = PCURVE('',#884,#939);
#939 = DEFINITIONAL_REPRESENTATION('',(#940),#944);
#940 = LINE('',#941,#942);
#941 = CARTESIAN_POINT('',(2.680122120126E-17,-0.65));
#942 = VECTOR('',#943,1.);
#943 = DIRECTION('',(-1.,0.));
#944 = ( GEOMETRIC_REPRESENTATION_CONTEXT(2) 
PARAMETRIC_REPRESENTATION_CONTEXT() REPRESENTATION_CONTEXT('2D SPACE',''
  ) );
#945 = ORIENTED_EDGE('',*,*,#946,.F.);
#946 = EDGE_CURVE('',#900,#924,#947,.T.);
#947 = SURFACE_CURVE('',#948,(#953,#960),.PCURVE_S1.);
#948 = CIRCLE('',#949,2.87);
#949 = AXIS2_PLACEMENT_3D('',#950,#951,#952);
#950 = CARTESIAN_POINT('',(42.,11.27,590.20242841321));
#951 = DIRECTION('',(0.,-1.,1.110223024625E-16));
#952 = DIRECTION('',(1.,0.,0.));
#953 = PCURVE('',#801,#954);
#954 = DEFINITIONAL_REPRESENTATION('',(#955),#959);
#955 = CIRCLE('',#956,2.87);
#956 = AXIS2_PLACEMENT_2D('',#957,#958);
#957 = CARTESIAN_POINT('',(0.,0.));
#958 = DIRECTION('',(1.,0.));
#959 = ( GEOMETRIC_REPRESENTATION_CONTEXT(2) 
PARAMETRIC_REPRESENTATION_CONTEXT() REPRESENTATION_CONTEXT('2D SPACE',''
  ) );
#960 = PCURVE('',#961,#966);
#961 = CYLINDRICAL_SURFACE('',#962,2.87);
#962 = AXIS2_PLACEMENT_3D('',#963,#964,#965);
#963 = CARTESIAN_POINT('',(42.,11.82,590.20242841321));
#964 = DIRECTION('',(0.,-1.,1.110223024625E-16));
#965 = DIRECTION('',(1.,0.,0.));
#966 = DEFINITIONAL_REPRESENTATION('',(#967),#971);
#967 = LINE('',#968,#969);
#968 = CARTESIAN_POINT('',(0.,0.55));
#969 = VECTOR('',#970,1.);
#970 = DIRECTION('',(1.,0.));
#971 = ( GEOMETRIC_REPRESENTATION_CONTEXT(2) 
PARAMETRIC_REPRESENTATION_CONTEXT() REPRESENTATION_CONTEXT('2D SPACE',''
  ) );
#972 = ADVANCED_FACE('',(#973),#884,.T.);
#973 = FACE_BOUND('',#974,.T.);
#974 = EDGE_LOOP('',(#975,#976,#999,#1020));
#975 = ORIENTED_EDGE('',*,*,#870,.F.);
#976 = ORIENTED_EDGE('',*,*,#977,.T.);
#977 = EDGE_CURVE('',#842,#978,#980,.T.);
#978 = VERTEX_POINT('',#979);
#979 = CARTESIAN_POINT('',(44.664728102841,11.57,589.13653717207));
#980 = SURFACE_CURVE('',#981,(#985,#992),.PCURVE_S1.);
#981 = LINE('',#982,#983);
#982 = CARTESIAN_POINT('',(42.,11.57,590.20242841321));
#983 = VECTOR('',#984,1.);
#984 = DIRECTION('',(-0.928476690885,4.123264800194E-17,0.371390676354)
  );
#985 = PCURVE('',#884,#986);
#986 = DEFINITIONAL_REPRESENTATION('',(#987),#991);
#987 = LINE('',#988,#989);
#988 = CARTESIAN_POINT('',(1.443142680068E-17,-0.35));
#989 = VECTOR('',#990,1.);
#990 = DIRECTION('',(-1.,0.));
#991 = ( GEOMETRIC_REPRESENTATION_CONTEXT(2) 
PARAMETRIC_REPRESENTATION_CONTEXT() REPRESENTATION_CONTEXT('2D SPACE',''
  ) );
#992 = PCURVE('',#858,#993);
#993 = DEFINITIONAL_REPRESENTATION('',(#994),#998);
#994 = LINE('',#995,#996);
#995 = CARTESIAN_POINT('',(0.,0.));
#996 = VECTOR('',#997,1.);
#997 = DIRECTION('',(-0.928476690885,0.371390676354));
#998 = ( GEOMETRIC_REPRESENTATION_CONTEXT(2) 
PARAMETRIC_REPRESENTATION_CONTEXT() REPRESENTATION_CONTEXT('2D SPACE',''
  ) );
#999 = ORIENTED_EDGE('',*,*,#1000,.T.);
#1000 = EDGE_CURVE('',#978,#924,#1001,.T.);
#1001 = SURFACE_CURVE('',#1002,(#1006,#1013),.PCURVE_S1.);
#1002 = LINE('',#1003,#1004);
#1003 = CARTESIAN_POINT('',(44.664728102841,11.82,589.13653717207));
#1004 = VECTOR('',#1005,1.);
#1005 = DIRECTION('',(0.,-1.,1.110223024625E-16));
#1006 = PCURVE('',#884,#1007);
#1007 = DEFINITIONAL_REPRESENTATION('',(#1008),#1012);
#1008 = LINE('',#1009,#1010);
#1009 = CARTESIAN_POINT('',(2.87,-1.E-01));
#1010 = VECTOR('',#1011,1.);
#1011 = DIRECTION('',(0.,-1.));
#1012 = ( GEOMETRIC_REPRESENTATION_CONTEXT(2) 
PARAMETRIC_REPRESENTATION_CONTEXT() REPRESENTATION_CONTEXT('2D SPACE',''
  ) );
#1013 = PCURVE('',#961,#1014);
#1014 = DEFINITIONAL_REPRESENTATION('',(#1015),#1019);
#1015 = LINE('',#1016,#1017);
#1016 = CARTESIAN_POINT('',(5.902678930067,0.));
#1017 = VECTOR('',#1018,1.);
#1018 = DIRECTION('',(0.,1.));
#1019 = ( GEOMETRIC_REPRESENTATION_CONTEXT(2) 
PARAMETRIC_REPRESENTATION_CONTEXT() REPRESENTATION_CONTEXT('2D SPACE',''
  ) );
#1020 = ORIENTED_EDGE('',*,*,#923,.F.);
#1021 = ADVANCED_FACE('',(#1022),#858,.F.);
#1022 = FACE_BOUND('',#1023,.F.);
#1023 = EDGE_LOOP('',(#1024,#1047,#1048,#1049));
#1024 = ORIENTED_EDGE('',*,*,#1025,.T.);
#1025 = EDGE_CURVE('',#1026,#814,#1028,.T.);
#1026 = VERTEX_POINT('',#1027);
#1027 = CARTESIAN_POINT('',(44.664728102841,11.57,591.26831965435));
#1028 = SURFACE_CURVE('',#1029,(#1033,#1040),.PCURVE_S1.);
#1029 = LINE('',#1030,#1031);
#1030 = CARTESIAN_POINT('',(44.5,11.57,591.20242841321));
#1031 = VECTOR('',#1032,1.);
#1032 = DIRECTION('',(0.928476690885,4.123264800194E-17,0.371390676354)
  );
#1033 = PCURVE('',#858,#1034);
#1034 = DEFINITIONAL_REPRESENTATION('',(#1035),#1039);
#1035 = LINE('',#1036,#1037);
#1036 = CARTESIAN_POINT('',(2.5,1.));
#1037 = VECTOR('',#1038,1.);
#1038 = DIRECTION('',(0.928476690885,0.371390676354));
#1039 = ( GEOMETRIC_REPRESENTATION_CONTEXT(2) 
PARAMETRIC_REPRESENTATION_CONTEXT() REPRESENTATION_CONTEXT('2D SPACE',''
  ) );
#1040 = PCURVE('',#829,#1041);
#1041 = DEFINITIONAL_REPRESENTATION('',(#1042),#1046);
#1042 = LINE('',#1043,#1044);
#1043 = CARTESIAN_POINT('',(2.692582403567,-0.35));
#1044 = VECTOR('',#1045,1.);
#1045 = DIRECTION('',(-1.,0.));
#1046 = ( GEOMETRIC_REPRESENTATION_CONTEXT(2) 
PARAMETRIC_REPRESENTATION_CONTEXT() REPRESENTATION_CONTEXT('2D SPACE',''
  ) );
#1047 = ORIENTED_EDGE('',*,*,#841,.T.);
#1048 = ORIENTED_EDGE('',*,*,#977,.T.);
#1049 = ORIENTED_EDGE('',*,*,#1050,.F.);
#1050 = EDGE_CURVE('',#1026,#978,#1051,.T.);
#1051 = SURFACE_CURVE('',#1052,(#1057,#1064),.PCURVE_S1.);
#1052 = CIRCLE('',#1053,2.87);
#1053 = AXIS2_PLACEMENT_3D('',#1054,#1055,#1056);
#1054 = CARTESIAN_POINT('',(42.,11.57,590.20242841321));
#1055 = DIRECTION('',(0.,-1.,1.110223024625E-16));
#1056 = DIRECTION('',(1.,0.,0.));
#1057 = PCURVE('',#858,#1058);
#1058 = DEFINITIONAL_REPRESENTATION('',(#1059),#1063);
#1059 = CIRCLE('',#1060,2.87);
#1060 = AXIS2_PLACEMENT_2D('',#1061,#1062);
#1061 = CARTESIAN_POINT('',(0.,0.));
#1062 = DIRECTION('',(1.,0.));
#1063 = ( GEOMETRIC_REPRESENTATION_CONTEXT(2) 
PARAMETRIC_REPRESENTATION_CONTEXT() REPRESENTATION_CONTEXT('2D SPACE',''
  ) );
#1064 = PCURVE('',#961,#1065);
#1065 = DEFINITIONAL_REPRESENTATION('',(#1066),#1070);
#1066 = LINE('',#1067,#1068);
#1067 = CARTESIAN_POINT('',(0.,0.25));
#1068 = VECTOR('',#1069,1.);
#1069 = DIRECTION('',(1.,0.));
#1070 = ( GEOMETRIC_REPRESENTATION_CONTEXT(2) 
PARAMETRIC_REPRESENTATION_CONTEXT() REPRESENTATION_CONTEXT('2D SPACE',''
  ) );
#1071 = ADVANCED_FACE('',(#1072),#829,.T.);
#1072 = FACE_BOUND('',#1073,.T.);
#1073 = EDGE_LOOP('',(#1074,#1075,#1076,#1077));
#1074 = ORIENTED_EDGE('',*,*,#1025,.T.);
#1075 = ORIENTED_EDGE('',*,*,#813,.T.);
#1076 = ORIENTED_EDGE('',*,*,#899,.F.);
#1077 = ORIENTED_EDGE('',*,*,#1078,.F.);
#1078 = EDGE_CURVE('',#1026,#900,#1079,.T.);
#1079 = SURFACE_CURVE('',#1080,(#1084,#1091),.PCURVE_S1.);
#1080 = LINE('',#1081,#1082);
#1081 = CARTESIAN_POINT('',(44.664728102841,11.82,591.26831965435));
#1082 = VECTOR('',#1083,1.);
#1083 = DIRECTION('',(0.,-1.,1.110223024625E-16));
#1084 = PCURVE('',#829,#1085);
#1085 = DEFINITIONAL_REPRESENTATION('',(#1086),#1090);
#1086 = LINE('',#1087,#1088);
#1087 = CARTESIAN_POINT('',(2.515164807135,-1.E-01));
#1088 = VECTOR('',#1089,1.);
#1089 = DIRECTION('',(0.,-1.));
#1090 = ( GEOMETRIC_REPRESENTATION_CONTEXT(2) 
PARAMETRIC_REPRESENTATION_CONTEXT() REPRESENTATION_CONTEXT('2D SPACE',''
  ) );
#1091 = PCURVE('',#961,#1092);
#1092 = DEFINITIONAL_REPRESENTATION('',(#1093),#1097);
#1093 = LINE('',#1094,#1095);
#1094 = CARTESIAN_POINT('',(0.380506377112,0.));
#1095 = VECTOR('',#1096,1.);
#1096 = DIRECTION('',(0.,1.));
#1097 = ( GEOMETRIC_REPRESENTATION_CONTEXT(2) 
PARAMETRIC_REPRESENTATION_CONTEXT() REPRESENTATION_CONTEXT('2D SPACE',''
  ) );
#1098 = ADVANCED_FACE('',(#1099),#961,.F.);
#1099 = FACE_BOUND('',#1100,.F.);
#1100 = EDGE_LOOP('',(#1101,#1102,#1103,#1104));
#1101 = ORIENTED_EDGE('',*,*,#946,.F.);
#1102 = ORIENTED_EDGE('',*,*,#1078,.F.);
#1103 = ORIENTED_EDGE('',*,*,#1050,.T.);
#1104 = ORIENTED_EDGE('',*,*,#1000,.T.);
#1105 = ( GEOMETRIC_REPRESENTATION_CONTEXT(3) 
GLOBAL_UNCERTAINTY_ASSIGNED_CONTEXT((#1109)) 
GLOBAL_UNIT_ASSIGNED_CONTEXT((#1106,#1107,#1108)) REPRESENTATION_CONTEXT
('Context #1','3D Context with UNIT and UNCERTAINTY') );
#1106 = ( LENGTH_UNIT() NAMED_UNIT(*) SI_UNIT(.MILLI.,.METRE.) );
#1107 = ( NAMED_UNIT(*) PLANE_ANGLE_UNIT() SI_UNIT($,.RADIAN.) );
#1108 = ( NAMED_UNIT(*) SI_UNIT($,.STERADIAN.) SOLID_ANGLE_UNIT() );
#1109 = UNCERTAINTY_MEASURE_WITH_UNIT(LENGTH_MEASURE(2.E-07),#1106,
  'distance_accuracy_value','confusion accuracy');
#1110 = CONTEXT_DEPENDENT_SHAPE_REPRESENTATION(#1111,#1113);
#1111 = ( REPRESENTATION_RELATIONSHIP('','',#770,#10) 
REPRESENTATION_RELATIONSHIP_WITH_TRANSFORMATION(#1112) 
SHAPE_REPRESENTATION_RELATIONSHIP() );
#1112 = ITEM_DEFINED_TRANSFORMATION('','',#11,#23);
#1113 = PRODUCT_DEFINITION_SHAPE('Placement','Placement of an item',
  #1114);
#1114 = NEXT_ASSEMBLY_USAGE_OCCURRENCE('33','','',#5,#765,$);
#1115 = PRODUCT_RELATED_PRODUCT_CATEGORY('part',$,(#767));
#1116 = SHAPE_DEFINITION_REPRESENTATION(#1117,#1123);
#1117 = PRODUCT_DEFINITION_SHAPE('','',#1118);
#1118 = PRODUCT_DEFINITION('design','',#1119,#1122);
#1119 = PRODUCT_DEFINITION_FORMATION('','',#1120);
#1120 = PRODUCT('Open CASCADE STEP translator 7.9 17.4',
  'Open CASCADE STEP translator 7.9 17.4','',(#1121));
#1121 = PRODUCT_CONTEXT('',#2,'mechanical');
#1122 = PRODUCT_DEFINITION_CONTEXT('part definition',#2,'design');
#1123 = ADVANCED_BREP_SHAPE_REPRESENTATION('',(#11,#1124),#1458);
#1124 = MANIFOLD_SOLID_BREP('',#1125);
#1125 = CLOSED_SHELL('',(#1126,#1248,#1325,#1374,#1424,#1451));
#1126 = ADVANCED_FACE('',(#1127),#1142,.T.);
#1127 = FACE_BOUND('',#1128,.T.);
#1128 = EDGE_LOOP('',(#1129,#1165,#1193,#1222));
#1129 = ORIENTED_EDGE('',*,*,#1130,.F.);
#1130 = EDGE_CURVE('',#1131,#1133,#1135,.T.);
#1131 = VERTEX_POINT('',#1132);
#1132 = CARTESIAN_POINT('',(-33.61061390089,25.675290949935,
    626.21630446506));
#1133 = VERTEX_POINT('',#1134);
#1134 = CARTESIAN_POINT('',(-33.61061390089,25.675290949935,
    623.78369553494));
#1135 = SURFACE_CURVE('',#1136,(#1141,#1153),.PCURVE_S1.);
#1136 = CIRCLE('',#1137,3.275);
#1137 = AXIS2_PLACEMENT_3D('',#1138,#1139,#1140);
#1138 = CARTESIAN_POINT('',(-32.09023331957,23.04191453624,625.));
#1139 = DIRECTION('',(0.866025403784,0.5,1.110223024625E-16));
#1140 = DIRECTION('',(-0.5,0.866025403784,0.));
#1141 = PCURVE('',#1142,#1147);
#1142 = CYLINDRICAL_SURFACE('',#1143,3.275);
#1143 = AXIS2_PLACEMENT_3D('',#1144,#1145,#1146);
#1144 = CARTESIAN_POINT('',(-32.3500409407,22.89191453624,625.));
#1145 = DIRECTION('',(0.866025403784,0.5,1.110223024625E-16));
#1146 = DIRECTION('',(-0.5,0.866025403784,0.));
#1147 = DEFINITIONAL_REPRESENTATION('',(#1148),#1152);
#1148 = LINE('',#1149,#1150);
#1149 = CARTESIAN_POINT('',(0.,0.3));
#1150 = VECTOR('',#1151,1.);
#1151 = DIRECTION('',(1.,0.));
#1152 = ( GEOMETRIC_REPRESENTATION_CONTEXT(2) 
PARAMETRIC_REPRESENTATION_CONTEXT() REPRESENTATION_CONTEXT('2D SPACE',''
  ) );
#1153 = PCURVE('',#1154,#1159);
#1154 = PLANE('',#1155);
#1155 = AXIS2_PLACEMENT_3D('',#1156,#1157,#1158);
#1156 = CARTESIAN_POINT('',(-32.09023331957,23.04191453624,625.));
#1157 = DIRECTION('',(0.866025403784,0.5,1.110223024625E-16));
#1158 = DIRECTION('',(-0.5,0.866025403784,0.));
#1159 = DEFINITIONAL_REPRESENTATION('',(#1160),#1164);
#1160 = CIRCLE('',#1161,3.275);
#1161 = AXIS2_PLACEMENT_2D('',#1162,#1163);
#1162 = CARTESIAN_POINT('',(0.,0.));
#1163 = DIRECTION('',(1.,-6.162975822039E-33));
#1164 = ( GEOMETRIC_REPRESENTATION_CONTEXT(2) 
PARAMETRIC_REPRESENTATION_CONTEXT() REPRESENTATION_CONTEXT('2D SPACE',''
  ) );
#1165 = ORIENTED_EDGE('',*,*,#1166,.F.);
#1166 = EDGE_CURVE('',#1167,#1131,#1169,.T.);
#1167 = VERTEX_POINT('',#1168);
#1168 = CARTESIAN_POINT('',(-33.87042152203,25.525290949935,
    626.21630446506));
#1169 = SURFACE_CURVE('',#1170,(#1174,#1181),.PCURVE_S1.);
#1170 = LINE('',#1171,#1172);
#1171 = CARTESIAN_POINT('',(-33.87042152203,25.525290949935,
    626.21630446506));
#1172 = VECTOR('',#1173,1.);
#1173 = DIRECTION('',(0.866025403784,0.5,1.110223024625E-16));
#1174 = PCURVE('',#1142,#1175);
#1175 = DEFINITIONAL_REPRESENTATION('',(#1176),#1180);
#1176 = LINE('',#1177,#1178);
#1177 = CARTESIAN_POINT('',(0.380506377112,0.));
#1178 = VECTOR('',#1179,1.);
#1179 = DIRECTION('',(0.,1.));
#1180 = ( GEOMETRIC_REPRESENTATION_CONTEXT(2) 
PARAMETRIC_REPRESENTATION_CONTEXT() REPRESENTATION_CONTEXT('2D SPACE',''
  ) );
#1181 = PCURVE('',#1182,#1187);
#1182 = PLANE('',#1183);
#1183 = AXIS2_PLACEMENT_3D('',#1184,#1185,#1186);
#1184 = CARTESIAN_POINT('',(-35.15314983203,27.047041555162,627.));
#1185 = DIRECTION('',(-0.185695338177,0.321633760451,-0.928476690885));
#1186 = DIRECTION('',(0.464238345443,-0.804084401128,-0.371390676354));
#1187 = DEFINITIONAL_REPRESENTATION('',(#1188),#1192);
#1188 = LINE('',#1189,#1190);
#1189 = CARTESIAN_POINT('',(2.110164807135,-0.35));
#1190 = VECTOR('',#1191,1.);
#1191 = DIRECTION('',(2.111122500793E-17,-1.));
#1192 = ( GEOMETRIC_REPRESENTATION_CONTEXT(2) 
PARAMETRIC_REPRESENTATION_CONTEXT() REPRESENTATION_CONTEXT('2D SPACE',''
  ) );
#1193 = ORIENTED_EDGE('',*,*,#1194,.T.);
#1194 = EDGE_CURVE('',#1167,#1195,#1197,.T.);
#1195 = VERTEX_POINT('',#1196);
#1196 = CARTESIAN_POINT('',(-33.87042152203,25.525290949935,
    623.78369553494));
#1197 = SURFACE_CURVE('',#1198,(#1203,#1210),.PCURVE_S1.);
#1198 = CIRCLE('',#1199,3.275);
#1199 = AXIS2_PLACEMENT_3D('',#1200,#1201,#1202);
#1200 = CARTESIAN_POINT('',(-32.3500409407,22.89191453624,625.));
#1201 = DIRECTION('',(0.866025403784,0.5,1.110223024625E-16));
#1202 = DIRECTION('',(-0.5,0.866025403784,0.));
#1203 = PCURVE('',#1142,#1204);
#1204 = DEFINITIONAL_REPRESENTATION('',(#1205),#1209);
#1205 = LINE('',#1206,#1207);
#1206 = CARTESIAN_POINT('',(0.,0.));
#1207 = VECTOR('',#1208,1.);
#1208 = DIRECTION('',(1.,0.));
#1209 = ( GEOMETRIC_REPRESENTATION_CONTEXT(2) 
PARAMETRIC_REPRESENTATION_CONTEXT() REPRESENTATION_CONTEXT('2D SPACE',''
  ) );
#1210 = PCURVE('',#1211,#1216);
#1211 = PLANE('',#1212);
#1212 = AXIS2_PLACEMENT_3D('',#1213,#1214,#1215);
#1213 = CARTESIAN_POINT('',(-32.3500409407,22.89191453624,625.));
#1214 = DIRECTION('',(0.866025403784,0.5,1.110223024625E-16));
#1215 = DIRECTION('',(-0.5,0.866025403784,0.));
#1216 = DEFINITIONAL_REPRESENTATION('',(#1217),#1221);
#1217 = CIRCLE('',#1218,3.275);
#1218 = AXIS2_PLACEMENT_2D('',#1219,#1220);
#1219 = CARTESIAN_POINT('',(0.,0.));
#1220 = DIRECTION('',(1.,-6.162975822039E-33));
#1221 = ( GEOMETRIC_REPRESENTATION_CONTEXT(2) 
PARAMETRIC_REPRESENTATION_CONTEXT() REPRESENTATION_CONTEXT('2D SPACE',''
  ) );
#1222 = ORIENTED_EDGE('',*,*,#1223,.T.);
#1223 = EDGE_CURVE('',#1195,#1133,#1224,.T.);
#1224 = SURFACE_CURVE('',#1225,(#1229,#1236),.PCURVE_S1.);
#1225 = LINE('',#1226,#1227);
#1226 = CARTESIAN_POINT('',(-33.87042152203,25.525290949935,
    623.78369553494));
#1227 = VECTOR('',#1228,1.);
#1228 = DIRECTION('',(0.866025403784,0.5,1.110223024625E-16));
#1229 = PCURVE('',#1142,#1230);
#1230 = DEFINITIONAL_REPRESENTATION('',(#1231),#1235);
#1231 = LINE('',#1232,#1233);
#1232 = CARTESIAN_POINT('',(5.902678930067,0.));
#1233 = VECTOR('',#1234,1.);
#1234 = DIRECTION('',(0.,1.));
#1235 = ( GEOMETRIC_REPRESENTATION_CONTEXT(2) 
PARAMETRIC_REPRESENTATION_CONTEXT() REPRESENTATION_CONTEXT('2D SPACE',''
  ) );
#1236 = PCURVE('',#1237,#1242);
#1237 = PLANE('',#1238);
#1238 = AXIS2_PLACEMENT_3D('',#1239,#1240,#1241);
#1239 = CARTESIAN_POINT('',(-32.65314983203,22.71691453624,625.));
#1240 = DIRECTION('',(-0.185695338177,0.321633760451,0.928476690885));
#1241 = DIRECTION('',(-0.464238345443,0.804084401128,-0.371390676354));
#1242 = DEFINITIONAL_REPRESENTATION('',(#1243),#1247);
#1243 = LINE('',#1244,#1245);
#1244 = CARTESIAN_POINT('',(3.275,-0.35));
#1245 = VECTOR('',#1246,1.);
#1246 = DIRECTION('',(1.154033686461E-17,-1.));
#1247 = ( GEOMETRIC_REPRESENTATION_CONTEXT(2) 
PARAMETRIC_REPRESENTATION_CONTEXT() REPRESENTATION_CONTEXT('2D SPACE',''
  ) );
#1248 = ADVANCED_FACE('',(#1249),#1154,.T.);
#1249 = FACE_BOUND('',#1250,.T.);
#1250 = EDGE_LOOP('',(#1251,#1274,#1275,#1298));
#1251 = ORIENTED_EDGE('',*,*,#1252,.T.);
#1252 = EDGE_CURVE('',#1253,#1131,#1255,.T.);
#1253 = VERTEX_POINT('',#1254);
#1254 = CARTESIAN_POINT('',(-33.42259737099,25.349636767478,
    626.06589124113));
#1255 = SURFACE_CURVE('',#1256,(#1260,#1267),.PCURVE_S1.);
#1256 = LINE('',#1257,#1258);
#1257 = CARTESIAN_POINT('',(-33.34023331957,25.206978045701,626.));
#1258 = VECTOR('',#1259,1.);
#1259 = DIRECTION('',(-0.464238345443,0.804084401128,0.371390676354));
#1260 = PCURVE('',#1154,#1261);
#1261 = DEFINITIONAL_REPRESENTATION('',(#1262),#1266);
#1262 = LINE('',#1263,#1264);
#1263 = CARTESIAN_POINT('',(2.5,1.));
#1264 = VECTOR('',#1265,1.);
#1265 = DIRECTION('',(0.928476690885,0.371390676354));
#1266 = ( GEOMETRIC_REPRESENTATION_CONTEXT(2) 
PARAMETRIC_REPRESENTATION_CONTEXT() REPRESENTATION_CONTEXT('2D SPACE',''
  ) );
#1267 = PCURVE('',#1182,#1268);
#1268 = DEFINITIONAL_REPRESENTATION('',(#1269),#1273);
#1269 = LINE('',#1270,#1271);
#1270 = CARTESIAN_POINT('',(2.692582403567,-0.65));
#1271 = VECTOR('',#1272,1.);
#1272 = DIRECTION('',(-1.,1.427850322931E-17));
#1273 = ( GEOMETRIC_REPRESENTATION_CONTEXT(2) 
PARAMETRIC_REPRESENTATION_CONTEXT() REPRESENTATION_CONTEXT('2D SPACE',''
  ) );
#1274 = ORIENTED_EDGE('',*,*,#1130,.T.);
#1275 = ORIENTED_EDGE('',*,*,#1276,.T.);
#1276 = EDGE_CURVE('',#1133,#1277,#1279,.T.);
#1277 = VERTEX_POINT('',#1278);
#1278 = CARTESIAN_POINT('',(-33.42259737099,25.349636767478,
    623.93410875886));
#1279 = SURFACE_CURVE('',#1280,(#1284,#1291),.PCURVE_S1.);
#1280 = LINE('',#1281,#1282);
#1281 = CARTESIAN_POINT('',(-32.09023331957,23.04191453624,625.));
#1282 = VECTOR('',#1283,1.);
#1283 = DIRECTION('',(0.464238345443,-0.804084401128,0.371390676354));
#1284 = PCURVE('',#1154,#1285);
#1285 = DEFINITIONAL_REPRESENTATION('',(#1286),#1290);
#1286 = LINE('',#1287,#1288);
#1287 = CARTESIAN_POINT('',(0.,0.));
#1288 = VECTOR('',#1289,1.);
#1289 = DIRECTION('',(-0.928476690885,0.371390676354));
#1290 = ( GEOMETRIC_REPRESENTATION_CONTEXT(2) 
PARAMETRIC_REPRESENTATION_CONTEXT() REPRESENTATION_CONTEXT('2D SPACE',''
  ) );
#1291 = PCURVE('',#1237,#1292);
#1292 = DEFINITIONAL_REPRESENTATION('',(#1293),#1297);
#1293 = LINE('',#1294,#1295);
#1294 = CARTESIAN_POINT('',(2.6645352591E-15,-0.65));
#1295 = VECTOR('',#1296,1.);
#1296 = DIRECTION('',(-1.,1.427850322931E-17));
#1297 = ( GEOMETRIC_REPRESENTATION_CONTEXT(2) 
PARAMETRIC_REPRESENTATION_CONTEXT() REPRESENTATION_CONTEXT('2D SPACE',''
  ) );
#1298 = ORIENTED_EDGE('',*,*,#1299,.F.);
#1299 = EDGE_CURVE('',#1253,#1277,#1300,.T.);
#1300 = SURFACE_CURVE('',#1301,(#1306,#1313),.PCURVE_S1.);
#1301 = CIRCLE('',#1302,2.87);
#1302 = AXIS2_PLACEMENT_3D('',#1303,#1304,#1305);
#1303 = CARTESIAN_POINT('',(-32.09023331957,23.04191453624,625.));
#1304 = DIRECTION('',(0.866025403784,0.5,1.110223024625E-16));
#1305 = DIRECTION('',(-0.5,0.866025403784,0.));
#1306 = PCURVE('',#1154,#1307);
#1307 = DEFINITIONAL_REPRESENTATION('',(#1308),#1312);
#1308 = CIRCLE('',#1309,2.87);
#1309 = AXIS2_PLACEMENT_2D('',#1310,#1311);
#1310 = CARTESIAN_POINT('',(0.,0.));
#1311 = DIRECTION('',(1.,-6.162975822039E-33));
#1312 = ( GEOMETRIC_REPRESENTATION_CONTEXT(2) 
PARAMETRIC_REPRESENTATION_CONTEXT() REPRESENTATION_CONTEXT('2D SPACE',''
  ) );
#1313 = PCURVE('',#1314,#1319);
#1314 = CYLINDRICAL_SURFACE('',#1315,2.87);
#1315 = AXIS2_PLACEMENT_3D('',#1316,#1317,#1318);
#1316 = CARTESIAN_POINT('',(-32.56654729165,22.76691453624,625.));
#1317 = DIRECTION('',(0.866025403784,0.5,1.110223024625E-16));
#1318 = DIRECTION('',(-0.5,0.866025403784,0.));
#1319 = DEFINITIONAL_REPRESENTATION('',(#1320),#1324);
#1320 = LINE('',#1321,#1322);
#1321 = CARTESIAN_POINT('',(0.,0.55));
#1322 = VECTOR('',#1323,1.);
#1323 = DIRECTION('',(1.,0.));
#1324 = ( GEOMETRIC_REPRESENTATION_CONTEXT(2) 
PARAMETRIC_REPRESENTATION_CONTEXT() REPRESENTATION_CONTEXT('2D SPACE',''
  ) );
#1325 = ADVANCED_FACE('',(#1326),#1237,.T.);
#1326 = FACE_BOUND('',#1327,.T.);
#1327 = EDGE_LOOP('',(#1328,#1329,#1352,#1373));
#1328 = ORIENTED_EDGE('',*,*,#1223,.F.);
#1329 = ORIENTED_EDGE('',*,*,#1330,.T.);
#1330 = EDGE_CURVE('',#1195,#1331,#1333,.T.);
#1331 = VERTEX_POINT('',#1332);
#1332 = CARTESIAN_POINT('',(-33.68240499212,25.199636767478,
    623.93410875886));
#1333 = SURFACE_CURVE('',#1334,(#1338,#1345),.PCURVE_S1.);
#1334 = LINE('',#1335,#1336);
#1335 = CARTESIAN_POINT('',(-32.3500409407,22.89191453624,625.));
#1336 = VECTOR('',#1337,1.);
#1337 = DIRECTION('',(0.464238345443,-0.804084401128,0.371390676354));
#1338 = PCURVE('',#1237,#1339);
#1339 = DEFINITIONAL_REPRESENTATION('',(#1340),#1344);
#1340 = LINE('',#1341,#1342);
#1341 = CARTESIAN_POINT('',(-2.498001805407E-16,-0.35));
#1342 = VECTOR('',#1343,1.);
#1343 = DIRECTION('',(-1.,1.427850322931E-17));
#1344 = ( GEOMETRIC_REPRESENTATION_CONTEXT(2) 
PARAMETRIC_REPRESENTATION_CONTEXT() REPRESENTATION_CONTEXT('2D SPACE',''
  ) );
#1345 = PCURVE('',#1211,#1346);
#1346 = DEFINITIONAL_REPRESENTATION('',(#1347),#1351);
#1347 = LINE('',#1348,#1349);
#1348 = CARTESIAN_POINT('',(0.,0.));
#1349 = VECTOR('',#1350,1.);
#1350 = DIRECTION('',(-0.928476690885,0.371390676354));
#1351 = ( GEOMETRIC_REPRESENTATION_CONTEXT(2) 
PARAMETRIC_REPRESENTATION_CONTEXT() REPRESENTATION_CONTEXT('2D SPACE',''
  ) );
#1352 = ORIENTED_EDGE('',*,*,#1353,.T.);
#1353 = EDGE_CURVE('',#1331,#1277,#1354,.T.);
#1354 = SURFACE_CURVE('',#1355,(#1359,#1366),.PCURVE_S1.);
#1355 = LINE('',#1356,#1357);
#1356 = CARTESIAN_POINT('',(-33.89891134307,25.074636767478,
    623.93410875886));
#1357 = VECTOR('',#1358,1.);
#1358 = DIRECTION('',(0.866025403784,0.5,1.110223024625E-16));
#1359 = PCURVE('',#1237,#1360);
#1360 = DEFINITIONAL_REPRESENTATION('',(#1361),#1365);
#1361 = LINE('',#1362,#1363);
#1362 = CARTESIAN_POINT('',(2.87,-1.E-01));
#1363 = VECTOR('',#1364,1.);
#1364 = DIRECTION('',(1.154033686461E-17,-1.));
#1365 = ( GEOMETRIC_REPRESENTATION_CONTEXT(2) 
PARAMETRIC_REPRESENTATION_CONTEXT() REPRESENTATION_CONTEXT('2D SPACE',''
  ) );
#1366 = PCURVE('',#1314,#1367);
#1367 = DEFINITIONAL_REPRESENTATION('',(#1368),#1372);
#1368 = LINE('',#1369,#1370);
#1369 = CARTESIAN_POINT('',(5.902678930067,0.));
#1370 = VECTOR('',#1371,1.);
#1371 = DIRECTION('',(0.,1.));
#1372 = ( GEOMETRIC_REPRESENTATION_CONTEXT(2) 
PARAMETRIC_REPRESENTATION_CONTEXT() REPRESENTATION_CONTEXT('2D SPACE',''
  ) );
#1373 = ORIENTED_EDGE('',*,*,#1276,.F.);
#1374 = ADVANCED_FACE('',(#1375),#1211,.F.);
#1375 = FACE_BOUND('',#1376,.F.);
#1376 = EDGE_LOOP('',(#1377,#1400,#1401,#1402));
#1377 = ORIENTED_EDGE('',*,*,#1378,.T.);
#1378 = EDGE_CURVE('',#1379,#1167,#1381,.T.);
#1379 = VERTEX_POINT('',#1380);
#1380 = CARTESIAN_POINT('',(-33.68240499212,25.199636767478,
    626.06589124113));
#1381 = SURFACE_CURVE('',#1382,(#1386,#1393),.PCURVE_S1.);
#1382 = LINE('',#1383,#1384);
#1383 = CARTESIAN_POINT('',(-33.6000409407,25.056978045701,626.));
#1384 = VECTOR('',#1385,1.);
#1385 = DIRECTION('',(-0.464238345443,0.804084401128,0.371390676354));
#1386 = PCURVE('',#1211,#1387);
#1387 = DEFINITIONAL_REPRESENTATION('',(#1388),#1392);
#1388 = LINE('',#1389,#1390);
#1389 = CARTESIAN_POINT('',(2.5,1.));
#1390 = VECTOR('',#1391,1.);
#1391 = DIRECTION('',(0.928476690885,0.371390676354));
#1392 = ( GEOMETRIC_REPRESENTATION_CONTEXT(2) 
PARAMETRIC_REPRESENTATION_CONTEXT() REPRESENTATION_CONTEXT('2D SPACE',''
  ) );
#1393 = PCURVE('',#1182,#1394);
#1394 = DEFINITIONAL_REPRESENTATION('',(#1395),#1399);
#1395 = LINE('',#1396,#1397);
#1396 = CARTESIAN_POINT('',(2.692582403567,-0.35));
#1397 = VECTOR('',#1398,1.);
#1398 = DIRECTION('',(-1.,1.427850322931E-17));
#1399 = ( GEOMETRIC_REPRESENTATION_CONTEXT(2) 
PARAMETRIC_REPRESENTATION_CONTEXT() REPRESENTATION_CONTEXT('2D SPACE',''
  ) );
#1400 = ORIENTED_EDGE('',*,*,#1194,.T.);
#1401 = ORIENTED_EDGE('',*,*,#1330,.T.);
#1402 = ORIENTED_EDGE('',*,*,#1403,.F.);
#1403 = EDGE_CURVE('',#1379,#1331,#1404,.T.);
#1404 = SURFACE_CURVE('',#1405,(#1410,#1417),.PCURVE_S1.);
#1405 = CIRCLE('',#1406,2.87);
#1406 = AXIS2_PLACEMENT_3D('',#1407,#1408,#1409);
#1407 = CARTESIAN_POINT('',(-32.3500409407,22.89191453624,625.));
#1408 = DIRECTION('',(0.866025403784,0.5,1.110223024625E-16));
#1409 = DIRECTION('',(-0.5,0.866025403784,0.));
#1410 = PCURVE('',#1211,#1411);
#1411 = DEFINITIONAL_REPRESENTATION('',(#1412),#1416);
#1412 = CIRCLE('',#1413,2.87);
#1413 = AXIS2_PLACEMENT_2D('',#1414,#1415);
#1414 = CARTESIAN_POINT('',(0.,0.));
#1415 = DIRECTION('',(1.,-6.162975822039E-33));
#1416 = ( GEOMETRIC_REPRESENTATION_CONTEXT(2) 
PARAMETRIC_REPRESENTATION_CONTEXT() REPRESENTATION_CONTEXT('2D SPACE',''
  ) );
#1417 = PCURVE('',#1314,#1418);
#1418 = DEFINITIONAL_REPRESENTATION('',(#1419),#1423);
#1419 = LINE('',#1420,#1421);
#1420 = CARTESIAN_POINT('',(0.,0.25));
#1421 = VECTOR('',#1422,1.);
#1422 = DIRECTION('',(1.,0.));
#1423 = ( GEOMETRIC_REPRESENTATION_CONTEXT(2) 
PARAMETRIC_REPRESENTATION_CONTEXT() REPRESENTATION_CONTEXT('2D SPACE',''
  ) );
#1424 = ADVANCED_FACE('',(#1425),#1182,.T.);
#1425 = FACE_BOUND('',#1426,.T.);
#1426 = EDGE_LOOP('',(#1427,#1428,#1429,#1430));
#1427 = ORIENTED_EDGE('',*,*,#1378,.T.);
#1428 = ORIENTED_EDGE('',*,*,#1166,.T.);
#1429 = ORIENTED_EDGE('',*,*,#1252,.F.);
#1430 = ORIENTED_EDGE('',*,*,#1431,.F.);
#1431 = EDGE_CURVE('',#1379,#1253,#1432,.T.);
#1432 = SURFACE_CURVE('',#1433,(#1437,#1444),.PCURVE_S1.);
#1433 = LINE('',#1434,#1435);
#1434 = CARTESIAN_POINT('',(-33.89891134307,25.074636767478,
    626.06589124113));
#1435 = VECTOR('',#1436,1.);
#1436 = DIRECTION('',(0.866025403784,0.5,1.110223024625E-16));
#1437 = PCURVE('',#1182,#1438);
#1438 = DEFINITIONAL_REPRESENTATION('',(#1439),#1443);
#1439 = LINE('',#1440,#1441);
#1440 = CARTESIAN_POINT('',(2.515164807135,-1.E-01));
#1441 = VECTOR('',#1442,1.);
#1442 = DIRECTION('',(2.111122500793E-17,-1.));
#1443 = ( GEOMETRIC_REPRESENTATION_CONTEXT(2) 
PARAMETRIC_REPRESENTATION_CONTEXT() REPRESENTATION_CONTEXT('2D SPACE',''
  ) );
#1444 = PCURVE('',#1314,#1445);
#1445 = DEFINITIONAL_REPRESENTATION('',(#1446),#1450);
#1446 = LINE('',#1447,#1448);
#1447 = CARTESIAN_POINT('',(0.380506377112,0.));
#1448 = VECTOR('',#1449,1.);
#1449 = DIRECTION('',(0.,1.));
#1450 = ( GEOMETRIC_REPRESENTATION_CONTEXT(2) 
PARAMETRIC_REPRESENTATION_CONTEXT() REPRESENTATION_CONTEXT('2D SPACE',''
  ) );
#1451 = ADVANCED_FACE('',(#1452),#1314,.F.);
#1452 = FACE_BOUND('',#1453,.F.);
#1453 = EDGE_LOOP('',(#1454,#1455,#1456,#1457));
#1454 = ORIENTED_EDGE('',*,*,#1299,.F.);
#1455 = ORIENTED_EDGE('',*,*,#1431,.F.);
#1456 = ORIENTED_EDGE('',*,*,#1403,.T.);
#1457 = ORIENTED_EDGE('',*,*,#1353,.T.);
#1458 = ( GEOMETRIC_REPRESENTATION_CONTEXT(3) 
GLOBAL_UNCERTAINTY_ASSIGNED_CONTEXT((#1462)) 
GLOBAL_UNIT_ASSIGNED_CONTEXT((#1459,#1460,#1461)) REPRESENTATION_CONTEXT
('Context #1','3D Context with UNIT and UNCERTAINTY') );
#1459 = ( LENGTH_UNIT() NAMED_UNIT(*) SI_UNIT(.MILLI.,.METRE.) );
#1460 = ( NAMED_UNIT(*) PLANE_ANGLE_UNIT() SI_UNIT($,.RADIAN.) );
#1461 = ( NAMED_UNIT(*) SI_UNIT($,.STERADIAN.) SOLID_ANGLE_UNIT() );
#1462 = UNCERTAINTY_MEASURE_WITH_UNIT(LENGTH_MEASURE(2.E-07),#1459,
  'distance_accuracy_value','confusion accuracy');
#1463 = CONTEXT_DEPENDENT_SHAPE_REPRESENTATION(#1464,#1466);
#1464 = ( REPRESENTATION_RELATIONSHIP('','',#1123,#10) 
REPRESENTATION_RELATIONSHIP_WITH_TRANSFORMATION(#1465) 
SHAPE_REPRESENTATION_RELATIONSHIP() );
#1465 = ITEM_DEFINED_TRANSFORMATION('','',#11,#27);
#1466 = PRODUCT_DEFINITION_SHAPE('Placement','Placement of an item',
  #1467);
#1467 = NEXT_ASSEMBLY_USAGE_OCCURRENCE('34','','',#5,#1118,$);
#1468 = PRODUCT_RELATED_PRODUCT_CATEGORY('part',$,(#1120));
#1469 = SHAPE_DEFINITION_REPRESENTATION(#1470,#1476);
#1470 = PRODUCT_DEFINITION_SHAPE('','',#1471);
#1471 = PRODUCT_DEFINITION('design','',#1472,#1475);
#1472 = PRODUCT_DEFINITION_FORMATION('','',#1473);
#1473 = PRODUCT('Open CASCADE STEP translator 7.9 17.5',
  'Open CASCADE STEP translator 7.9 17.5','',(#1474));
#1474 = PRODUCT_CONTEXT('',#2,'mechanical');
#1475 = PRODUCT_DEFINITION_CONTEXT('part definition',#2,'design');
#1476 = ADVANCED_BREP_SHAPE_REPRESENTATION('',(#11,#1477),#1811);
#1477 = MANIFOLD_SOLID_BREP('',#1478);
#1478 = CLOSED_SHELL('',(#1479,#1601,#1678,#1727,#1777,#1804));
#1479 = ADVANCED_FACE('',(#1480),#1495,.T.);
#1480 = FACE_BOUND('',#1481,.T.);
#1481 = EDGE_LOOP('',(#1482,#1518,#1546,#1575));
#1482 = ORIENTED_EDGE('',*,*,#1483,.F.);
#1483 = EDGE_CURVE('',#1484,#1486,#1488,.T.);
#1484 = VERTEX_POINT('',#1485);
#1485 = CARTESIAN_POINT('',(-29.58590399462,28.70428890655,
    661.21097379553));
#1486 = VERTEX_POINT('',#1487);
#1487 = CARTESIAN_POINT('',(-29.58590399462,28.70428890655,
    658.77836486541));
#1488 = SURFACE_CURVE('',#1489,(#1494,#1506),.PCURVE_S1.);
#1489 = CIRCLE('',#1490,3.275);
#1490 = AXIS2_PLACEMENT_3D('',#1491,#1492,#1493);
#1491 = CARTESIAN_POINT('',(-28.0655234133,26.070912492855,
    659.99466933047));
#1492 = DIRECTION('',(0.866025403784,0.5,1.110223024625E-16));
#1493 = DIRECTION('',(-0.5,0.866025403784,0.));
#1494 = PCURVE('',#1495,#1500);
#1495 = CYLINDRICAL_SURFACE('',#1496,3.275);
#1496 = AXIS2_PLACEMENT_3D('',#1497,#1498,#1499);
#1497 = CARTESIAN_POINT('',(-28.32533103443,25.920912492855,
    659.99466933047));
#1498 = DIRECTION('',(0.866025403784,0.5,1.110223024625E-16));
#1499 = DIRECTION('',(-0.5,0.866025403784,0.));
#1500 = DEFINITIONAL_REPRESENTATION('',(#1501),#1505);
#1501 = LINE('',#1502,#1503);
#1502 = CARTESIAN_POINT('',(0.,0.3));
#1503 = VECTOR('',#1504,1.);
#1504 = DIRECTION('',(1.,0.));
#1505 = ( GEOMETRIC_REPRESENTATION_CONTEXT(2) 
PARAMETRIC_REPRESENTATION_CONTEXT() REPRESENTATION_CONTEXT('2D SPACE',''
  ) );
#1506 = PCURVE('',#1507,#1512);
#1507 = PLANE('',#1508);
#1508 = AXIS2_PLACEMENT_3D('',#1509,#1510,#1511);
#1509 = CARTESIAN_POINT('',(-28.0655234133,26.070912492855,
    659.99466933047));
#1510 = DIRECTION('',(0.866025403784,0.5,1.110223024625E-16));
#1511 = DIRECTION('',(-0.5,0.866025403784,0.));
#1512 = DEFINITIONAL_REPRESENTATION('',(#1513),#1517);
#1513 = CIRCLE('',#1514,3.275);
#1514 = AXIS2_PLACEMENT_2D('',#1515,#1516);
#1515 = CARTESIAN_POINT('',(0.,0.));
#1516 = DIRECTION('',(1.,-6.162975822039E-33));
#1517 = ( GEOMETRIC_REPRESENTATION_CONTEXT(2) 
PARAMETRIC_REPRESENTATION_CONTEXT() REPRESENTATION_CONTEXT('2D SPACE',''
  ) );
#1518 = ORIENTED_EDGE('',*,*,#1519,.F.);
#1519 = EDGE_CURVE('',#1520,#1484,#1522,.T.);
#1520 = VERTEX_POINT('',#1521);
#1521 = CARTESIAN_POINT('',(-29.84571161576,28.55428890655,
    661.21097379553));
#1522 = SURFACE_CURVE('',#1523,(#1527,#1534),.PCURVE_S1.);
#1523 = LINE('',#1524,#1525);
#1524 = CARTESIAN_POINT('',(-29.84571161576,28.55428890655,
    661.21097379553));
#1525 = VECTOR('',#1526,1.);
#1526 = DIRECTION('',(0.866025403784,0.5,1.110223024625E-16));
#1527 = PCURVE('',#1495,#1528);
#1528 = DEFINITIONAL_REPRESENTATION('',(#1529),#1533);
#1529 = LINE('',#1530,#1531);
#1530 = CARTESIAN_POINT('',(0.380506377112,0.));
#1531 = VECTOR('',#1532,1.);
#1532 = DIRECTION('',(0.,1.));
#1533 = ( GEOMETRIC_REPRESENTATION_CONTEXT(2) 
PARAMETRIC_REPRESENTATION_CONTEXT() REPRESENTATION_CONTEXT('2D SPACE',''
  ) );
#1534 = PCURVE('',#1535,#1540);
#1535 = PLANE('',#1536);
#1536 = AXIS2_PLACEMENT_3D('',#1537,#1538,#1539);
#1537 = CARTESIAN_POINT('',(-31.12843992576,30.076039511777,
    661.99466933047));
#1538 = DIRECTION('',(-0.185695338177,0.321633760451,-0.928476690885));
#1539 = DIRECTION('',(0.464238345443,-0.804084401128,-0.371390676354));
#1540 = DEFINITIONAL_REPRESENTATION('',(#1541),#1545);
#1541 = LINE('',#1542,#1543);
#1542 = CARTESIAN_POINT('',(2.110164807134,-0.35));
#1543 = VECTOR('',#1544,1.);
#1544 = DIRECTION('',(2.111122500793E-17,-1.));
#1545 = ( GEOMETRIC_REPRESENTATION_CONTEXT(2) 
PARAMETRIC_REPRESENTATION_CONTEXT() REPRESENTATION_CONTEXT('2D SPACE',''
  ) );
#1546 = ORIENTED_EDGE('',*,*,#1547,.T.);
#1547 = EDGE_CURVE('',#1520,#1548,#1550,.T.);
#1548 = VERTEX_POINT('',#1549);
#1549 = CARTESIAN_POINT('',(-29.84571161576,28.55428890655,
    658.77836486541));
#1550 = SURFACE_CURVE('',#1551,(#1556,#1563),.PCURVE_S1.);
#1551 = CIRCLE('',#1552,3.275);
#1552 = AXIS2_PLACEMENT_3D('',#1553,#1554,#1555);
#1553 = CARTESIAN_POINT('',(-28.32533103443,25.920912492855,
    659.99466933047));
#1554 = DIRECTION('',(0.866025403784,0.5,1.110223024625E-16));
#1555 = DIRECTION('',(-0.5,0.866025403784,0.));
#1556 = PCURVE('',#1495,#1557);
#1557 = DEFINITIONAL_REPRESENTATION('',(#1558),#1562);
#1558 = LINE('',#1559,#1560);
#1559 = CARTESIAN_POINT('',(0.,0.));
#1560 = VECTOR('',#1561,1.);
#1561 = DIRECTION('',(1.,0.));
#1562 = ( GEOMETRIC_REPRESENTATION_CONTEXT(2) 
PARAMETRIC_REPRESENTATION_CONTEXT() REPRESENTATION_CONTEXT('2D SPACE',''
  ) );
#1563 = PCURVE('',#1564,#1569);
#1564 = PLANE('',#1565);
#1565 = AXIS2_PLACEMENT_3D('',#1566,#1567,#1568);
#1566 = CARTESIAN_POINT('',(-28.32533103443,25.920912492855,
    659.99466933047));
#1567 = DIRECTION('',(0.866025403784,0.5,1.110223024625E-16));
#1568 = DIRECTION('',(-0.5,0.866025403784,0.));
#1569 = DEFINITIONAL_REPRESENTATION('',(#1570),#1574);
#1570 = CIRCLE('',#1571,3.275);
#1571 = AXIS2_PLACEMENT_2D('',#1572,#1573);
#1572 = CARTESIAN_POINT('',(0.,0.));
#1573 = DIRECTION('',(1.,-6.162975822039E-33));
#1574 = ( GEOMETRIC_REPRESENTATION_CONTEXT(2) 
PARAMETRIC_REPRESENTATION_CONTEXT() REPRESENTATION_CONTEXT('2D SPACE',''
  ) );
#1575 = ORIENTED_EDGE('',*,*,#1576,.T.);
#1576 = EDGE_CURVE('',#1548,#1486,#1577,.T.);
#1577 = SURFACE_CURVE('',#1578,(#1582,#1589),.PCURVE_S1.);
#1578 = LINE('',#1579,#1580);
#1579 = CARTESIAN_POINT('',(-29.84571161576,28.55428890655,
    658.77836486541));
#1580 = VECTOR('',#1581,1.);
#1581 = DIRECTION('',(0.866025403784,0.5,1.110223024625E-16));
#1582 = PCURVE('',#1495,#1583);
#1583 = DEFINITIONAL_REPRESENTATION('',(#1584),#1588);
#1584 = LINE('',#1585,#1586);
#1585 = CARTESIAN_POINT('',(5.902678930067,0.));
#1586 = VECTOR('',#1587,1.);
#1587 = DIRECTION('',(0.,1.));
#1588 = ( GEOMETRIC_REPRESENTATION_CONTEXT(2) 
PARAMETRIC_REPRESENTATION_CONTEXT() REPRESENTATION_CONTEXT('2D SPACE',''
  ) );
#1589 = PCURVE('',#1590,#1595);
#1590 = PLANE('',#1591);
#1591 = AXIS2_PLACEMENT_3D('',#1592,#1593,#1594);
#1592 = CARTESIAN_POINT('',(-28.62843992576,25.745912492855,
    659.99466933047));
#1593 = DIRECTION('',(-0.185695338177,0.321633760451,0.928476690885));
#1594 = DIRECTION('',(-0.464238345443,0.804084401128,-0.371390676354));
#1595 = DEFINITIONAL_REPRESENTATION('',(#1596),#1600);
#1596 = LINE('',#1597,#1598);
#1597 = CARTESIAN_POINT('',(3.275,-0.35));
#1598 = VECTOR('',#1599,1.);
#1599 = DIRECTION('',(1.154033686461E-17,-1.));
#1600 = ( GEOMETRIC_REPRESENTATION_CONTEXT(2) 
PARAMETRIC_REPRESENTATION_CONTEXT() REPRESENTATION_CONTEXT('2D SPACE',''
  ) );
#1601 = ADVANCED_FACE('',(#1602),#1507,.T.);
#1602 = FACE_BOUND('',#1603,.T.);
#1603 = EDGE_LOOP('',(#1604,#1627,#1628,#1651));
#1604 = ORIENTED_EDGE('',*,*,#1605,.T.);
#1605 = EDGE_CURVE('',#1606,#1484,#1608,.T.);
#1606 = VERTEX_POINT('',#1607);
#1607 = CARTESIAN_POINT('',(-29.39788746472,28.378634724093,
    661.06056057161));
#1608 = SURFACE_CURVE('',#1609,(#1613,#1620),.PCURVE_S1.);
#1609 = LINE('',#1610,#1611);
#1610 = CARTESIAN_POINT('',(-29.3155234133,28.235976002316,
    660.99466933047));
#1611 = VECTOR('',#1612,1.);
#1612 = DIRECTION('',(-0.464238345443,0.804084401128,0.371390676354));
#1613 = PCURVE('',#1507,#1614);
#1614 = DEFINITIONAL_REPRESENTATION('',(#1615),#1619);
#1615 = LINE('',#1616,#1617);
#1616 = CARTESIAN_POINT('',(2.5,1.));
#1617 = VECTOR('',#1618,1.);
#1618 = DIRECTION('',(0.928476690885,0.371390676354));
#1619 = ( GEOMETRIC_REPRESENTATION_CONTEXT(2) 
PARAMETRIC_REPRESENTATION_CONTEXT() REPRESENTATION_CONTEXT('2D SPACE',''
  ) );
#1620 = PCURVE('',#1535,#1621);
#1621 = DEFINITIONAL_REPRESENTATION('',(#1622),#1626);
#1622 = LINE('',#1623,#1624);
#1623 = CARTESIAN_POINT('',(2.692582403567,-0.65));
#1624 = VECTOR('',#1625,1.);
#1625 = DIRECTION('',(-1.,1.427850322931E-17));
#1626 = ( GEOMETRIC_REPRESENTATION_CONTEXT(2) 
PARAMETRIC_REPRESENTATION_CONTEXT() REPRESENTATION_CONTEXT('2D SPACE',''
  ) );
#1627 = ORIENTED_EDGE('',*,*,#1483,.T.);
#1628 = ORIENTED_EDGE('',*,*,#1629,.T.);
#1629 = EDGE_CURVE('',#1486,#1630,#1632,.T.);
#1630 = VERTEX_POINT('',#1631);
#1631 = CARTESIAN_POINT('',(-29.39788746472,28.378634724093,
    658.92877808933));
#1632 = SURFACE_CURVE('',#1633,(#1637,#1644),.PCURVE_S1.);
#1633 = LINE('',#1634,#1635);
#1634 = CARTESIAN_POINT('',(-28.0655234133,26.070912492855,
    659.99466933047));
#1635 = VECTOR('',#1636,1.);
#1636 = DIRECTION('',(0.464238345443,-0.804084401128,0.371390676354));
#1637 = PCURVE('',#1507,#1638);
#1638 = DEFINITIONAL_REPRESENTATION('',(#1639),#1643);
#1639 = LINE('',#1640,#1641);
#1640 = CARTESIAN_POINT('',(0.,0.));
#1641 = VECTOR('',#1642,1.);
#1642 = DIRECTION('',(-0.928476690885,0.371390676354));
#1643 = ( GEOMETRIC_REPRESENTATION_CONTEXT(2) 
PARAMETRIC_REPRESENTATION_CONTEXT() REPRESENTATION_CONTEXT('2D SPACE',''
  ) );
#1644 = PCURVE('',#1590,#1645);
#1645 = DEFINITIONAL_REPRESENTATION('',(#1646),#1650);
#1646 = LINE('',#1647,#1648);
#1647 = CARTESIAN_POINT('',(-6.106226635438E-16,-0.65));
#1648 = VECTOR('',#1649,1.);
#1649 = DIRECTION('',(-1.,1.427850322931E-17));
#1650 = ( GEOMETRIC_REPRESENTATION_CONTEXT(2) 
PARAMETRIC_REPRESENTATION_CONTEXT() REPRESENTATION_CONTEXT('2D SPACE',''
  ) );
#1651 = ORIENTED_EDGE('',*,*,#1652,.F.);
#1652 = EDGE_CURVE('',#1606,#1630,#1653,.T.);
#1653 = SURFACE_CURVE('',#1654,(#1659,#1666),.PCURVE_S1.);
#1654 = CIRCLE('',#1655,2.87);
#1655 = AXIS2_PLACEMENT_3D('',#1656,#1657,#1658);
#1656 = CARTESIAN_POINT('',(-28.0655234133,26.070912492855,
    659.99466933047));
#1657 = DIRECTION('',(0.866025403784,0.5,1.110223024625E-16));
#1658 = DIRECTION('',(-0.5,0.866025403784,0.));
#1659 = PCURVE('',#1507,#1660);
#1660 = DEFINITIONAL_REPRESENTATION('',(#1661),#1665);
#1661 = CIRCLE('',#1662,2.87);
#1662 = AXIS2_PLACEMENT_2D('',#1663,#1664);
#1663 = CARTESIAN_POINT('',(0.,0.));
#1664 = DIRECTION('',(1.,-6.162975822039E-33));
#1665 = ( GEOMETRIC_REPRESENTATION_CONTEXT(2) 
PARAMETRIC_REPRESENTATION_CONTEXT() REPRESENTATION_CONTEXT('2D SPACE',''
  ) );
#1666 = PCURVE('',#1667,#1672);
#1667 = CYLINDRICAL_SURFACE('',#1668,2.87);
#1668 = AXIS2_PLACEMENT_3D('',#1669,#1670,#1671);
#1669 = CARTESIAN_POINT('',(-28.54183738538,25.795912492855,
    659.99466933047));
#1670 = DIRECTION('',(0.866025403784,0.5,1.110223024625E-16));
#1671 = DIRECTION('',(-0.5,0.866025403784,0.));
#1672 = DEFINITIONAL_REPRESENTATION('',(#1673),#1677);
#1673 = LINE('',#1674,#1675);
#1674 = CARTESIAN_POINT('',(0.,0.55));
#1675 = VECTOR('',#1676,1.);
#1676 = DIRECTION('',(1.,0.));
#1677 = ( GEOMETRIC_REPRESENTATION_CONTEXT(2) 
PARAMETRIC_REPRESENTATION_CONTEXT() REPRESENTATION_CONTEXT('2D SPACE',''
  ) );
#1678 = ADVANCED_FACE('',(#1679),#1590,.T.);
#1679 = FACE_BOUND('',#1680,.T.);
#1680 = EDGE_LOOP('',(#1681,#1682,#1705,#1726));
#1681 = ORIENTED_EDGE('',*,*,#1576,.F.);
#1682 = ORIENTED_EDGE('',*,*,#1683,.T.);
#1683 = EDGE_CURVE('',#1548,#1684,#1686,.T.);
#1684 = VERTEX_POINT('',#1685);
#1685 = CARTESIAN_POINT('',(-29.65769508585,28.228634724093,
    658.92877808933));
#1686 = SURFACE_CURVE('',#1687,(#1691,#1698),.PCURVE_S1.);
#1687 = LINE('',#1688,#1689);
#1688 = CARTESIAN_POINT('',(-28.32533103443,25.920912492855,
    659.99466933047));
#1689 = VECTOR('',#1690,1.);
#1690 = DIRECTION('',(0.464238345443,-0.804084401128,0.371390676354));
#1691 = PCURVE('',#1590,#1692);
#1692 = DEFINITIONAL_REPRESENTATION('',(#1693),#1697);
#1693 = LINE('',#1694,#1695);
#1694 = CARTESIAN_POINT('',(1.415534356397E-15,-0.35));
#1695 = VECTOR('',#1696,1.);
#1696 = DIRECTION('',(-1.,1.427850322931E-17));
#1697 = ( GEOMETRIC_REPRESENTATION_CONTEXT(2) 
PARAMETRIC_REPRESENTATION_CONTEXT() REPRESENTATION_CONTEXT('2D SPACE',''
  ) );
#1698 = PCURVE('',#1564,#1699);
#1699 = DEFINITIONAL_REPRESENTATION('',(#1700),#1704);
#1700 = LINE('',#1701,#1702);
#1701 = CARTESIAN_POINT('',(0.,0.));
#1702 = VECTOR('',#1703,1.);
#1703 = DIRECTION('',(-0.928476690885,0.371390676354));
#1704 = ( GEOMETRIC_REPRESENTATION_CONTEXT(2) 
PARAMETRIC_REPRESENTATION_CONTEXT() REPRESENTATION_CONTEXT('2D SPACE',''
  ) );
#1705 = ORIENTED_EDGE('',*,*,#1706,.T.);
#1706 = EDGE_CURVE('',#1684,#1630,#1707,.T.);
#1707 = SURFACE_CURVE('',#1708,(#1712,#1719),.PCURVE_S1.);
#1708 = LINE('',#1709,#1710);
#1709 = CARTESIAN_POINT('',(-29.8742014368,28.103634724093,
    658.92877808933));
#1710 = VECTOR('',#1711,1.);
#1711 = DIRECTION('',(0.866025403784,0.5,1.110223024625E-16));
#1712 = PCURVE('',#1590,#1713);
#1713 = DEFINITIONAL_REPRESENTATION('',(#1714),#1718);
#1714 = LINE('',#1715,#1716);
#1715 = CARTESIAN_POINT('',(2.87,-0.1));
#1716 = VECTOR('',#1717,1.);
#1717 = DIRECTION('',(1.154033686461E-17,-1.));
#1718 = ( GEOMETRIC_REPRESENTATION_CONTEXT(2) 
PARAMETRIC_REPRESENTATION_CONTEXT() REPRESENTATION_CONTEXT('2D SPACE',''
  ) );
#1719 = PCURVE('',#1667,#1720);
#1720 = DEFINITIONAL_REPRESENTATION('',(#1721),#1725);
#1721 = LINE('',#1722,#1723);
#1722 = CARTESIAN_POINT('',(5.902678930067,0.));
#1723 = VECTOR('',#1724,1.);
#1724 = DIRECTION('',(0.,1.));
#1725 = ( GEOMETRIC_REPRESENTATION_CONTEXT(2) 
PARAMETRIC_REPRESENTATION_CONTEXT() REPRESENTATION_CONTEXT('2D SPACE',''
  ) );
#1726 = ORIENTED_EDGE('',*,*,#1629,.F.);
#1727 = ADVANCED_FACE('',(#1728),#1564,.F.);
#1728 = FACE_BOUND('',#1729,.F.);
#1729 = EDGE_LOOP('',(#1730,#1753,#1754,#1755));
#1730 = ORIENTED_EDGE('',*,*,#1731,.T.);
#1731 = EDGE_CURVE('',#1732,#1520,#1734,.T.);
#1732 = VERTEX_POINT('',#1733);
#1733 = CARTESIAN_POINT('',(-29.65769508585,28.228634724093,
    661.06056057161));
#1734 = SURFACE_CURVE('',#1735,(#1739,#1746),.PCURVE_S1.);
#1735 = LINE('',#1736,#1737);
#1736 = CARTESIAN_POINT('',(-29.57533103443,28.085976002316,
    660.99466933047));
#1737 = VECTOR('',#1738,1.);
#1738 = DIRECTION('',(-0.464238345443,0.804084401128,0.371390676354));
#1739 = PCURVE('',#1564,#1740);
#1740 = DEFINITIONAL_REPRESENTATION('',(#1741),#1745);
#1741 = LINE('',#1742,#1743);
#1742 = CARTESIAN_POINT('',(2.5,1.));
#1743 = VECTOR('',#1744,1.);
#1744 = DIRECTION('',(0.928476690885,0.371390676354));
#1745 = ( GEOMETRIC_REPRESENTATION_CONTEXT(2) 
PARAMETRIC_REPRESENTATION_CONTEXT() REPRESENTATION_CONTEXT('2D SPACE',''
  ) );
#1746 = PCURVE('',#1535,#1747);
#1747 = DEFINITIONAL_REPRESENTATION('',(#1748),#1752);
#1748 = LINE('',#1749,#1750);
#1749 = CARTESIAN_POINT('',(2.692582403567,-0.35));
#1750 = VECTOR('',#1751,1.);
#1751 = DIRECTION('',(-1.,1.427850322931E-17));
#1752 = ( GEOMETRIC_REPRESENTATION_CONTEXT(2) 
PARAMETRIC_REPRESENTATION_CONTEXT() REPRESENTATION_CONTEXT('2D SPACE',''
  ) );
#1753 = ORIENTED_EDGE('',*,*,#1547,.T.);
#1754 = ORIENTED_EDGE('',*,*,#1683,.T.);
#1755 = ORIENTED_EDGE('',*,*,#1756,.F.);
#1756 = EDGE_CURVE('',#1732,#1684,#1757,.T.);
#1757 = SURFACE_CURVE('',#1758,(#1763,#1770),.PCURVE_S1.);
#1758 = CIRCLE('',#1759,2.87);
#1759 = AXIS2_PLACEMENT_3D('',#1760,#1761,#1762);
#1760 = CARTESIAN_POINT('',(-28.32533103443,25.920912492855,
    659.99466933047));
#1761 = DIRECTION('',(0.866025403784,0.5,1.110223024625E-16));
#1762 = DIRECTION('',(-0.5,0.866025403784,0.));
#1763 = PCURVE('',#1564,#1764);
#1764 = DEFINITIONAL_REPRESENTATION('',(#1765),#1769);
#1765 = CIRCLE('',#1766,2.87);
#1766 = AXIS2_PLACEMENT_2D('',#1767,#1768);
#1767 = CARTESIAN_POINT('',(0.,0.));
#1768 = DIRECTION('',(1.,-6.162975822039E-33));
#1769 = ( GEOMETRIC_REPRESENTATION_CONTEXT(2) 
PARAMETRIC_REPRESENTATION_CONTEXT() REPRESENTATION_CONTEXT('2D SPACE',''
  ) );
#1770 = PCURVE('',#1667,#1771);
#1771 = DEFINITIONAL_REPRESENTATION('',(#1772),#1776);
#1772 = LINE('',#1773,#1774);
#1773 = CARTESIAN_POINT('',(0.,0.25));
#1774 = VECTOR('',#1775,1.);
#1775 = DIRECTION('',(1.,0.));
#1776 = ( GEOMETRIC_REPRESENTATION_CONTEXT(2) 
PARAMETRIC_REPRESENTATION_CONTEXT() REPRESENTATION_CONTEXT('2D SPACE',''
  ) );
#1777 = ADVANCED_FACE('',(#1778),#1535,.T.);
#1778 = FACE_BOUND('',#1779,.T.);
#1779 = EDGE_LOOP('',(#1780,#1781,#1782,#1783));
#1780 = ORIENTED_EDGE('',*,*,#1731,.T.);
#1781 = ORIENTED_EDGE('',*,*,#1519,.T.);
#1782 = ORIENTED_EDGE('',*,*,#1605,.F.);
#1783 = ORIENTED_EDGE('',*,*,#1784,.F.);
#1784 = EDGE_CURVE('',#1732,#1606,#1785,.T.);
#1785 = SURFACE_CURVE('',#1786,(#1790,#1797),.PCURVE_S1.);
#1786 = LINE('',#1787,#1788);
#1787 = CARTESIAN_POINT('',(-29.8742014368,28.103634724093,
    661.06056057161));
#1788 = VECTOR('',#1789,1.);
#1789 = DIRECTION('',(0.866025403784,0.5,1.110223024625E-16));
#1790 = PCURVE('',#1535,#1791);
#1791 = DEFINITIONAL_REPRESENTATION('',(#1792),#1796);
#1792 = LINE('',#1793,#1794);
#1793 = CARTESIAN_POINT('',(2.515164807135,-1.E-01));
#1794 = VECTOR('',#1795,1.);
#1795 = DIRECTION('',(2.111122500793E-17,-1.));
#1796 = ( GEOMETRIC_REPRESENTATION_CONTEXT(2) 
PARAMETRIC_REPRESENTATION_CONTEXT() REPRESENTATION_CONTEXT('2D SPACE',''
  ) );
#1797 = PCURVE('',#1667,#1798);
#1798 = DEFINITIONAL_REPRESENTATION('',(#1799),#1803);
#1799 = LINE('',#1800,#1801);
#1800 = CARTESIAN_POINT('',(0.380506377112,0.));
#1801 = VECTOR('',#1802,1.);
#1802 = DIRECTION('',(0.,1.));
#1803 = ( GEOMETRIC_REPRESENTATION_CONTEXT(2) 
PARAMETRIC_REPRESENTATION_CONTEXT() REPRESENTATION_CONTEXT('2D SPACE',''
  ) );
#1804 = ADVANCED_FACE('',(#1805),#1667,.F.);
#1805 = FACE_BOUND('',#1806,.F.);
#1806 = EDGE_LOOP('',(#1807,#1808,#1809,#1810));
#1807 = ORIENTED_EDGE('',*,*,#1652,.F.);
#1808 = ORIENTED_EDGE('',*,*,#1784,.F.);
#1809 = ORIENTED_EDGE('',*,*,#1756,.T.);
#1810 = ORIENTED_EDGE('',*,*,#1706,.T.);
#1811 = ( GEOMETRIC_REPRESENTATION_CONTEXT(3) 
GLOBAL_UNCERTAINTY_ASSIGNED_CONTEXT((#1815)) 
GLOBAL_UNIT_ASSIGNED_CONTEXT((#1812,#1813,#1814)) REPRESENTATION_CONTEXT
('Context #1','3D Context with UNIT and UNCERTAINTY') );
#1812 = ( LENGTH_UNIT() NAMED_UNIT(*) SI_UNIT(.MILLI.,.METRE.) );
#1813 = ( NAMED_UNIT(*) PLANE_ANGLE_UNIT() SI_UNIT($,.RADIAN.) );
#1814 = ( NAMED_UNIT(*) SI_UNIT($,.STERADIAN.) SOLID_ANGLE_UNIT() );
#1815 = UNCERTAINTY_MEASURE_WITH_UNIT(LENGTH_MEASURE(2.E-07),#1812,
  'distance_accuracy_value','confusion accuracy');
#1816 = CONTEXT_DEPENDENT_SHAPE_REPRESENTATION(#1817,#1819);
#1817 = ( REPRESENTATION_RELATIONSHIP('','',#1476,#10) 
REPRESENTATION_RELATIONSHIP_WITH_TRANSFORMATION(#1818) 
SHAPE_REPRESENTATION_RELATIONSHIP() );
#1818 = ITEM_DEFINED_TRANSFORMATION('','',#11,#31);
#1819 = PRODUCT_DEFINITION_SHAPE('Placement','Placement of an item',
  #1820);
#1820 = NEXT_ASSEMBLY_USAGE_OCCURRENCE('35','','',#5,#1471,$);
#1821 = PRODUCT_RELATED_PRODUCT_CATEGORY('part',$,(#1473));
#1822 = SHAPE_DEFINITION_REPRESENTATION(#1823,#1829);
#1823 = PRODUCT_DEFINITION_SHAPE('','',#1824);
#1824 = PRODUCT_DEFINITION('design','',#1825,#1828);
#1825 = PRODUCT_DEFINITION_FORMATION('','',#1826);
#1826 = PRODUCT('Open CASCADE STEP translator 7.9 17.6',
  'Open CASCADE STEP translator 7.9 17.6','',(#1827));
#1827 = PRODUCT_CONTEXT('',#2,'mechanical');
#1828 = PRODUCT_DEFINITION_CONTEXT('part definition',#2,'design');
#1829 = ADVANCED_BREP_SHAPE_REPRESENTATION('',(#11,#1830),#2164);
#1830 = MANIFOLD_SOLID_BREP('',#1831);
#1831 = CLOSED_SHELL('',(#1832,#1954,#2031,#2080,#2130,#2157));
#1832 = ADVANCED_FACE('',(#1833),#1848,.T.);
#1833 = FACE_BOUND('',#1834,.T.);
#1834 = EDGE_LOOP('',(#1835,#1871,#1899,#1928));
#1835 = ORIENTED_EDGE('',*,*,#1836,.F.);
#1836 = EDGE_CURVE('',#1837,#1839,#1841,.T.);
#1837 = VERTEX_POINT('',#1838);
#1838 = CARTESIAN_POINT('',(-32.28048688197,33.371443372642,
    591.41873287827));
#1839 = VERTEX_POINT('',#1840);
#1840 = CARTESIAN_POINT('',(-32.28048688197,33.371443372642,
    588.98612394815));
#1841 = SURFACE_CURVE('',#1842,(#1847,#1859),.PCURVE_S1.);
#1842 = CIRCLE('',#1843,3.275);
#1843 = AXIS2_PLACEMENT_3D('',#1844,#1845,#1846);
#1844 = CARTESIAN_POINT('',(-30.76010630065,30.738066958946,
    590.20242841321));
#1845 = DIRECTION('',(0.866025403784,0.5,1.110223024625E-16));
#1846 = DIRECTION('',(-0.5,0.866025403784,0.));
#1847 = PCURVE('',#1848,#1853);
#1848 = CYLINDRICAL_SURFACE('',#1849,3.275);
#1849 = AXIS2_PLACEMENT_3D('',#1850,#1851,#1852);
#1850 = CARTESIAN_POINT('',(-31.01991392178,30.588066958946,
    590.20242841321));
#1851 = DIRECTION('',(0.866025403784,0.5,1.110223024625E-16));
#1852 = DIRECTION('',(-0.5,0.866025403784,0.));
#1853 = DEFINITIONAL_REPRESENTATION('',(#1854),#1858);
#1854 = LINE('',#1855,#1856);
#1855 = CARTESIAN_POINT('',(0.,0.3));
#1856 = VECTOR('',#1857,1.);
#1857 = DIRECTION('',(1.,0.));
#1858 = ( GEOMETRIC_REPRESENTATION_CONTEXT(2) 
PARAMETRIC_REPRESENTATION_CONTEXT() REPRESENTATION_CONTEXT('2D SPACE',''
  ) );
#1859 = PCURVE('',#1860,#1865);
#1860 = PLANE('',#1861);
#1861 = AXIS2_PLACEMENT_3D('',#1862,#1863,#1864);
#1862 = CARTESIAN_POINT('',(-30.76010630065,30.738066958946,
    590.20242841321));
#1863 = DIRECTION('',(0.866025403784,0.5,1.110223024625E-16));
#1864 = DIRECTION('',(-0.5,0.866025403784,0.));
#1865 = DEFINITIONAL_REPRESENTATION('',(#1866),#1870);
#1866 = CIRCLE('',#1867,3.275);
#1867 = AXIS2_PLACEMENT_2D('',#1868,#1869);
#1868 = CARTESIAN_POINT('',(0.,0.));
#1869 = DIRECTION('',(1.,-6.162975822039E-33));
#1870 = ( GEOMETRIC_REPRESENTATION_CONTEXT(2) 
PARAMETRIC_REPRESENTATION_CONTEXT() REPRESENTATION_CONTEXT('2D SPACE',''
  ) );
#1871 = ORIENTED_EDGE('',*,*,#1872,.F.);
#1872 = EDGE_CURVE('',#1873,#1837,#1875,.T.);
#1873 = VERTEX_POINT('',#1874);
#1874 = CARTESIAN_POINT('',(-32.54029450311,33.221443372642,
    591.41873287827));
#1875 = SURFACE_CURVE('',#1876,(#1880,#1887),.PCURVE_S1.);
#1876 = LINE('',#1877,#1878);
#1877 = CARTESIAN_POINT('',(-32.54029450311,33.221443372642,
    591.41873287827));
#1878 = VECTOR('',#1879,1.);
#1879 = DIRECTION('',(0.866025403784,0.5,1.110223024625E-16));
#1880 = PCURVE('',#1848,#1881);
#1881 = DEFINITIONAL_REPRESENTATION('',(#1882),#1886);
#1882 = LINE('',#1883,#1884);
#1883 = CARTESIAN_POINT('',(0.380506377112,0.));
#1884 = VECTOR('',#1885,1.);
#1885 = DIRECTION('',(0.,1.));
#1886 = ( GEOMETRIC_REPRESENTATION_CONTEXT(2) 
PARAMETRIC_REPRESENTATION_CONTEXT() REPRESENTATION_CONTEXT('2D SPACE',''
  ) );
#1887 = PCURVE('',#1888,#1893);
#1888 = PLANE('',#1889);
#1889 = AXIS2_PLACEMENT_3D('',#1890,#1891,#1892);
#1890 = CARTESIAN_POINT('',(-33.82302281311,34.743193977869,
    592.20242841321));
#1891 = DIRECTION('',(-0.185695338177,0.321633760451,-0.928476690885));
#1892 = DIRECTION('',(0.464238345443,-0.804084401128,-0.371390676354));
#1893 = DEFINITIONAL_REPRESENTATION('',(#1894),#1898);
#1894 = LINE('',#1895,#1896);
#1895 = CARTESIAN_POINT('',(2.110164807135,-0.35));
#1896 = VECTOR('',#1897,1.);
#1897 = DIRECTION('',(2.111122500793E-17,-1.));
#1898 = ( GEOMETRIC_REPRESENTATION_CONTEXT(2) 
PARAMETRIC_REPRESENTATION_CONTEXT() REPRESENTATION_CONTEXT('2D SPACE',''
  ) );
#1899 = ORIENTED_EDGE('',*,*,#1900,.T.);
#1900 = EDGE_CURVE('',#1873,#1901,#1903,.T.);
#1901 = VERTEX_POINT('',#1902);
#1902 = CARTESIAN_POINT('',(-32.54029450311,33.221443372642,
    588.98612394815));
#1903 = SURFACE_CURVE('',#1904,(#1909,#1916),.PCURVE_S1.);
#1904 = CIRCLE('',#1905,3.275);
#1905 = AXIS2_PLACEMENT_3D('',#1906,#1907,#1908);
#1906 = CARTESIAN_POINT('',(-31.01991392178,30.588066958946,
    590.20242841321));
#1907 = DIRECTION('',(0.866025403784,0.5,1.110223024625E-16));
#1908 = DIRECTION('',(-0.5,0.866025403784,0.));
#1909 = PCURVE('',#1848,#1910);
#1910 = DEFINITIONAL_REPRESENTATION('',(#1911),#1915);
#1911 = LINE('',#1912,#1913);
#1912 = CARTESIAN_POINT('',(0.,0.));
#1913 = VECTOR('',#1914,1.);
#1914 = DIRECTION('',(1.,0.));
#1915 = ( GEOMETRIC_REPRESENTATION_CONTEXT(2) 
PARAMETRIC_REPRESENTATION_CONTEXT() REPRESENTATION_CONTEXT('2D SPACE',''
  ) );
#1916 = PCURVE('',#1917,#1922);
#1917 = PLANE('',#1918);
#1918 = AXIS2_PLACEMENT_3D('',#1919,#1920,#1921);
#1919 = CARTESIAN_POINT('',(-31.01991392178,30.588066958946,
    590.20242841321));
#1920 = DIRECTION('',(0.866025403784,0.5,1.110223024625E-16));
#1921 = DIRECTION('',(-0.5,0.866025403784,0.));
#1922 = DEFINITIONAL_REPRESENTATION('',(#1923),#1927);
#1923 = CIRCLE('',#1924,3.275);
#1924 = AXIS2_PLACEMENT_2D('',#1925,#1926);
#1925 = CARTESIAN_POINT('',(0.,0.));
#1926 = DIRECTION('',(1.,-6.162975822039E-33));
#1927 = ( GEOMETRIC_REPRESENTATION_CONTEXT(2) 
PARAMETRIC_REPRESENTATION_CONTEXT() REPRESENTATION_CONTEXT('2D SPACE',''
  ) );
#1928 = ORIENTED_EDGE('',*,*,#1929,.T.);
#1929 = EDGE_CURVE('',#1901,#1839,#1930,.T.);
#1930 = SURFACE_CURVE('',#1931,(#1935,#1942),.PCURVE_S1.);
#1931 = LINE('',#1932,#1933);
#1932 = CARTESIAN_POINT('',(-32.54029450311,33.221443372642,
    588.98612394815));
#1933 = VECTOR('',#1934,1.);
#1934 = DIRECTION('',(0.866025403784,0.5,1.110223024625E-16));
#1935 = PCURVE('',#1848,#1936);
#1936 = DEFINITIONAL_REPRESENTATION('',(#1937),#1941);
#1937 = LINE('',#1938,#1939);
#1938 = CARTESIAN_POINT('',(5.902678930067,0.));
#1939 = VECTOR('',#1940,1.);
#1940 = DIRECTION('',(0.,1.));
#1941 = ( GEOMETRIC_REPRESENTATION_CONTEXT(2) 
PARAMETRIC_REPRESENTATION_CONTEXT() REPRESENTATION_CONTEXT('2D SPACE',''
  ) );
#1942 = PCURVE('',#1943,#1948);
#1943 = PLANE('',#1944);
#1944 = AXIS2_PLACEMENT_3D('',#1945,#1946,#1947);
#1945 = CARTESIAN_POINT('',(-31.32302281311,30.413066958946,
    590.20242841321));
#1946 = DIRECTION('',(-0.185695338177,0.321633760451,0.928476690885));
#1947 = DIRECTION('',(-0.464238345443,0.804084401128,-0.371390676354));
#1948 = DEFINITIONAL_REPRESENTATION('',(#1949),#1953);
#1949 = LINE('',#1950,#1951);
#1950 = CARTESIAN_POINT('',(3.275,-0.35));
#1951 = VECTOR('',#1952,1.);
#1952 = DIRECTION('',(1.154033686461E-17,-1.));
#1953 = ( GEOMETRIC_REPRESENTATION_CONTEXT(2) 
PARAMETRIC_REPRESENTATION_CONTEXT() REPRESENTATION_CONTEXT('2D SPACE',''
  ) );
#1954 = ADVANCED_FACE('',(#1955),#1860,.T.);
#1955 = FACE_BOUND('',#1956,.T.);
#1956 = EDGE_LOOP('',(#1957,#1980,#1981,#2004));
#1957 = ORIENTED_EDGE('',*,*,#1958,.T.);
#1958 = EDGE_CURVE('',#1959,#1837,#1961,.T.);
#1959 = VERTEX_POINT('',#1960);
#1960 = CARTESIAN_POINT('',(-32.09247035207,33.045789190185,
    591.26831965435));
#1961 = SURFACE_CURVE('',#1962,(#1966,#1973),.PCURVE_S1.);
#1962 = LINE('',#1963,#1964);
#1963 = CARTESIAN_POINT('',(-32.01010630065,32.903130468408,
    591.20242841321));
#1964 = VECTOR('',#1965,1.);
#1965 = DIRECTION('',(-0.464238345443,0.804084401128,0.371390676354));
#1966 = PCURVE('',#1860,#1967);
#1967 = DEFINITIONAL_REPRESENTATION('',(#1968),#1972);
#1968 = LINE('',#1969,#1970);
#1969 = CARTESIAN_POINT('',(2.5,1.));
#1970 = VECTOR('',#1971,1.);
#1971 = DIRECTION('',(0.928476690885,0.371390676354));
#1972 = ( GEOMETRIC_REPRESENTATION_CONTEXT(2) 
PARAMETRIC_REPRESENTATION_CONTEXT() REPRESENTATION_CONTEXT('2D SPACE',''
  ) );
#1973 = PCURVE('',#1888,#1974);
#1974 = DEFINITIONAL_REPRESENTATION('',(#1975),#1979);
#1975 = LINE('',#1976,#1977);
#1976 = CARTESIAN_POINT('',(2.692582403567,-0.65));
#1977 = VECTOR('',#1978,1.);
#1978 = DIRECTION('',(-1.,1.427850322931E-17));
#1979 = ( GEOMETRIC_REPRESENTATION_CONTEXT(2) 
PARAMETRIC_REPRESENTATION_CONTEXT() REPRESENTATION_CONTEXT('2D SPACE',''
  ) );
#1980 = ORIENTED_EDGE('',*,*,#1836,.T.);
#1981 = ORIENTED_EDGE('',*,*,#1982,.T.);
#1982 = EDGE_CURVE('',#1839,#1983,#1985,.T.);
#1983 = VERTEX_POINT('',#1984);
#1984 = CARTESIAN_POINT('',(-32.09247035207,33.045789190185,
    589.13653717207));
#1985 = SURFACE_CURVE('',#1986,(#1990,#1997),.PCURVE_S1.);
#1986 = LINE('',#1987,#1988);
#1987 = CARTESIAN_POINT('',(-30.76010630065,30.738066958946,
    590.20242841321));
#1988 = VECTOR('',#1989,1.);
#1989 = DIRECTION('',(0.464238345443,-0.804084401128,0.371390676354));
#1990 = PCURVE('',#1860,#1991);
#1991 = DEFINITIONAL_REPRESENTATION('',(#1992),#1996);
#1992 = LINE('',#1993,#1994);
#1993 = CARTESIAN_POINT('',(0.,0.));
#1994 = VECTOR('',#1995,1.);
#1995 = DIRECTION('',(-0.928476690885,0.371390676354));
#1996 = ( GEOMETRIC_REPRESENTATION_CONTEXT(2) 
PARAMETRIC_REPRESENTATION_CONTEXT() REPRESENTATION_CONTEXT('2D SPACE',''
  ) );
#1997 = PCURVE('',#1943,#1998);
#1998 = DEFINITIONAL_REPRESENTATION('',(#1999),#2003);
#1999 = LINE('',#2000,#2001);
#2000 = CARTESIAN_POINT('',(-6.106226635438E-16,-0.65));
#2001 = VECTOR('',#2002,1.);
#2002 = DIRECTION('',(-1.,1.427850322931E-17));
#2003 = ( GEOMETRIC_REPRESENTATION_CONTEXT(2) 
PARAMETRIC_REPRESENTATION_CONTEXT() REPRESENTATION_CONTEXT('2D SPACE',''
  ) );
#2004 = ORIENTED_EDGE('',*,*,#2005,.F.);
#2005 = EDGE_CURVE('',#1959,#1983,#2006,.T.);
#2006 = SURFACE_CURVE('',#2007,(#2012,#2019),.PCURVE_S1.);
#2007 = CIRCLE('',#2008,2.87);
#2008 = AXIS2_PLACEMENT_3D('',#2009,#2010,#2011);
#2009 = CARTESIAN_POINT('',(-30.76010630065,30.738066958946,
    590.20242841321));
#2010 = DIRECTION('',(0.866025403784,0.5,1.110223024625E-16));
#2011 = DIRECTION('',(-0.5,0.866025403784,0.));
#2012 = PCURVE('',#1860,#2013);
#2013 = DEFINITIONAL_REPRESENTATION('',(#2014),#2018);
#2014 = CIRCLE('',#2015,2.87);
#2015 = AXIS2_PLACEMENT_2D('',#2016,#2017);
#2016 = CARTESIAN_POINT('',(0.,0.));
#2017 = DIRECTION('',(1.,-6.162975822039E-33));
#2018 = ( GEOMETRIC_REPRESENTATION_CONTEXT(2) 
PARAMETRIC_REPRESENTATION_CONTEXT() REPRESENTATION_CONTEXT('2D SPACE',''
  ) );
#2019 = PCURVE('',#2020,#2025);
#2020 = CYLINDRICAL_SURFACE('',#2021,2.87);
#2021 = AXIS2_PLACEMENT_3D('',#2022,#2023,#2024);
#2022 = CARTESIAN_POINT('',(-31.23642027273,30.463066958946,
    590.20242841321));
#2023 = DIRECTION('',(0.866025403784,0.5,1.110223024625E-16));
#2024 = DIRECTION('',(-0.5,0.866025403784,0.));
#2025 = DEFINITIONAL_REPRESENTATION('',(#2026),#2030);
#2026 = LINE('',#2027,#2028);
#2027 = CARTESIAN_POINT('',(0.,0.55));
#2028 = VECTOR('',#2029,1.);
#2029 = DIRECTION('',(1.,0.));
#2030 = ( GEOMETRIC_REPRESENTATION_CONTEXT(2) 
PARAMETRIC_REPRESENTATION_CONTEXT() REPRESENTATION_CONTEXT('2D SPACE',''
  ) );
#2031 = ADVANCED_FACE('',(#2032),#1943,.T.);
#2032 = FACE_BOUND('',#2033,.T.);
#2033 = EDGE_LOOP('',(#2034,#2035,#2058,#2079));
#2034 = ORIENTED_EDGE('',*,*,#1929,.F.);
#2035 = ORIENTED_EDGE('',*,*,#2036,.T.);
#2036 = EDGE_CURVE('',#1901,#2037,#2039,.T.);
#2037 = VERTEX_POINT('',#2038);
#2038 = CARTESIAN_POINT('',(-32.3522779732,32.895789190185,
    589.13653717207));
#2039 = SURFACE_CURVE('',#2040,(#2044,#2051),.PCURVE_S1.);
#2040 = LINE('',#2041,#2042);
#2041 = CARTESIAN_POINT('',(-31.01991392178,30.588066958946,
    590.20242841321));
#2042 = VECTOR('',#2043,1.);
#2043 = DIRECTION('',(0.464238345443,-0.804084401128,0.371390676354));
#2044 = PCURVE('',#1943,#2045);
#2045 = DEFINITIONAL_REPRESENTATION('',(#2046),#2050);
#2046 = LINE('',#2047,#2048);
#2047 = CARTESIAN_POINT('',(1.415534356397E-15,-0.35));
#2048 = VECTOR('',#2049,1.);
#2049 = DIRECTION('',(-1.,1.427850322931E-17));
#2050 = ( GEOMETRIC_REPRESENTATION_CONTEXT(2) 
PARAMETRIC_REPRESENTATION_CONTEXT() REPRESENTATION_CONTEXT('2D SPACE',''
  ) );
#2051 = PCURVE('',#1917,#2052);
#2052 = DEFINITIONAL_REPRESENTATION('',(#2053),#2057);
#2053 = LINE('',#2054,#2055);
#2054 = CARTESIAN_POINT('',(0.,0.));
#2055 = VECTOR('',#2056,1.);
#2056 = DIRECTION('',(-0.928476690885,0.371390676354));
#2057 = ( GEOMETRIC_REPRESENTATION_CONTEXT(2) 
PARAMETRIC_REPRESENTATION_CONTEXT() REPRESENTATION_CONTEXT('2D SPACE',''
  ) );
#2058 = ORIENTED_EDGE('',*,*,#2059,.T.);
#2059 = EDGE_CURVE('',#2037,#1983,#2060,.T.);
#2060 = SURFACE_CURVE('',#2061,(#2065,#2072),.PCURVE_S1.);
#2061 = LINE('',#2062,#2063);
#2062 = CARTESIAN_POINT('',(-32.56878432415,32.770789190185,
    589.13653717207));
#2063 = VECTOR('',#2064,1.);
#2064 = DIRECTION('',(0.866025403784,0.5,1.110223024625E-16));
#2065 = PCURVE('',#1943,#2066);
#2066 = DEFINITIONAL_REPRESENTATION('',(#2067),#2071);
#2067 = LINE('',#2068,#2069);
#2068 = CARTESIAN_POINT('',(2.87,-1.E-01));
#2069 = VECTOR('',#2070,1.);
#2070 = DIRECTION('',(1.154033686461E-17,-1.));
#2071 = ( GEOMETRIC_REPRESENTATION_CONTEXT(2) 
PARAMETRIC_REPRESENTATION_CONTEXT() REPRESENTATION_CONTEXT('2D SPACE',''
  ) );
#2072 = PCURVE('',#2020,#2073);
#2073 = DEFINITIONAL_REPRESENTATION('',(#2074),#2078);
#2074 = LINE('',#2075,#2076);
#2075 = CARTESIAN_POINT('',(5.902678930067,0.));
#2076 = VECTOR('',#2077,1.);
#2077 = DIRECTION('',(0.,1.));
#2078 = ( GEOMETRIC_REPRESENTATION_CONTEXT(2) 
PARAMETRIC_REPRESENTATION_CONTEXT() REPRESENTATION_CONTEXT('2D SPACE',''
  ) );
#2079 = ORIENTED_EDGE('',*,*,#1982,.F.);
#2080 = ADVANCED_FACE('',(#2081),#1917,.F.);
#2081 = FACE_BOUND('',#2082,.F.);
#2082 = EDGE_LOOP('',(#2083,#2106,#2107,#2108));
#2083 = ORIENTED_EDGE('',*,*,#2084,.T.);
#2084 = EDGE_CURVE('',#2085,#1873,#2087,.T.);
#2085 = VERTEX_POINT('',#2086);
#2086 = CARTESIAN_POINT('',(-32.3522779732,32.895789190185,
    591.26831965435));
#2087 = SURFACE_CURVE('',#2088,(#2092,#2099),.PCURVE_S1.);
#2088 = LINE('',#2089,#2090);
#2089 = CARTESIAN_POINT('',(-32.26991392178,32.753130468408,
    591.20242841321));
#2090 = VECTOR('',#2091,1.);
#2091 = DIRECTION('',(-0.464238345443,0.804084401128,0.371390676354));
#2092 = PCURVE('',#1917,#2093);
#2093 = DEFINITIONAL_REPRESENTATION('',(#2094),#2098);
#2094 = LINE('',#2095,#2096);
#2095 = CARTESIAN_POINT('',(2.5,1.));
#2096 = VECTOR('',#2097,1.);
#2097 = DIRECTION('',(0.928476690885,0.371390676354));
#2098 = ( GEOMETRIC_REPRESENTATION_CONTEXT(2) 
PARAMETRIC_REPRESENTATION_CONTEXT() REPRESENTATION_CONTEXT('2D SPACE',''
  ) );
#2099 = PCURVE('',#1888,#2100);
#2100 = DEFINITIONAL_REPRESENTATION('',(#2101),#2105);
#2101 = LINE('',#2102,#2103);
#2102 = CARTESIAN_POINT('',(2.692582403567,-0.35));
#2103 = VECTOR('',#2104,1.);
#2104 = DIRECTION('',(-1.,1.427850322931E-17));
#2105 = ( GEOMETRIC_REPRESENTATION_CONTEXT(2) 
PARAMETRIC_REPRESENTATION_CONTEXT() REPRESENTATION_CONTEXT('2D SPACE',''
  ) );
#2106 = ORIENTED_EDGE('',*,*,#1900,.T.);
#2107 = ORIENTED_EDGE('',*,*,#2036,.T.);
#2108 = ORIENTED_EDGE('',*,*,#2109,.F.);
#2109 = EDGE_CURVE('',#2085,#2037,#2110,.T.);
#2110 = SURFACE_CURVE('',#2111,(#2116,#2123),.PCURVE_S1.);
#2111 = CIRCLE('',#2112,2.87);
#2112 = AXIS2_PLACEMENT_3D('',#2113,#2114,#2115);
#2113 = CARTESIAN_POINT('',(-31.01991392178,30.588066958946,
    590.20242841321));
#2114 = DIRECTION('',(0.866025403784,0.5,1.110223024625E-16));
#2115 = DIRECTION('',(-0.5,0.866025403784,0.));
#2116 = PCURVE('',#1917,#2117);
#2117 = DEFINITIONAL_REPRESENTATION('',(#2118),#2122);
#2118 = CIRCLE('',#2119,2.87);
#2119 = AXIS2_PLACEMENT_2D('',#2120,#2121);
#2120 = CARTESIAN_POINT('',(0.,0.));
#2121 = DIRECTION('',(1.,-6.162975822039E-33));
#2122 = ( GEOMETRIC_REPRESENTATION_CONTEXT(2) 
PARAMETRIC_REPRESENTATION_CONTEXT() REPRESENTATION_CONTEXT('2D SPACE',''
  ) );
#2123 = PCURVE('',#2020,#2124);
#2124 = DEFINITIONAL_REPRESENTATION('',(#2125),#2129);
#2125 = LINE('',#2126,#2127);
#2126 = CARTESIAN_POINT('',(0.,0.25));
#2127 = VECTOR('',#2128,1.);
#2128 = DIRECTION('',(1.,0.));
#2129 = ( GEOMETRIC_REPRESENTATION_CONTEXT(2) 
PARAMETRIC_REPRESENTATION_CONTEXT() REPRESENTATION_CONTEXT('2D SPACE',''
  ) );
#2130 = ADVANCED_FACE('',(#2131),#1888,.T.);
#2131 = FACE_BOUND('',#2132,.T.);
#2132 = EDGE_LOOP('',(#2133,#2134,#2135,#2136));
#2133 = ORIENTED_EDGE('',*,*,#2084,.T.);
#2134 = ORIENTED_EDGE('',*,*,#1872,.T.);
#2135 = ORIENTED_EDGE('',*,*,#1958,.F.);
#2136 = ORIENTED_EDGE('',*,*,#2137,.F.);
#2137 = EDGE_CURVE('',#2085,#1959,#2138,.T.);
#2138 = SURFACE_CURVE('',#2139,(#2143,#2150),.PCURVE_S1.);
#2139 = LINE('',#2140,#2141);
#2140 = CARTESIAN_POINT('',(-32.56878432415,32.770789190185,
    591.26831965435));
#2141 = VECTOR('',#2142,1.);
#2142 = DIRECTION('',(0.866025403784,0.5,1.110223024625E-16));
#2143 = PCURVE('',#1888,#2144);
#2144 = DEFINITIONAL_REPRESENTATION('',(#2145),#2149);
#2145 = LINE('',#2146,#2147);
#2146 = CARTESIAN_POINT('',(2.515164807135,-1.E-01));
#2147 = VECTOR('',#2148,1.);
#2148 = DIRECTION('',(2.111122500793E-17,-1.));
#2149 = ( GEOMETRIC_REPRESENTATION_CONTEXT(2) 
PARAMETRIC_REPRESENTATION_CONTEXT() REPRESENTATION_CONTEXT('2D SPACE',''
  ) );
#2150 = PCURVE('',#2020,#2151);
#2151 = DEFINITIONAL_REPRESENTATION('',(#2152),#2156);
#2152 = LINE('',#2153,#2154);
#2153 = CARTESIAN_POINT('',(0.380506377112,0.));
#2154 = VECTOR('',#2155,1.);
#2155 = DIRECTION('',(0.,1.));
#2156 = ( GEOMETRIC_REPRESENTATION_CONTEXT(2) 
PARAMETRIC_REPRESENTATION_CONTEXT() REPRESENTATION_CONTEXT('2D SPACE',''
  ) );
#2157 = ADVANCED_FACE('',(#2158),#2020,.F.);
#2158 = FACE_BOUND('',#2159,.F.);
#2159 = EDGE_LOOP('',(#2160,#2161,#2162,#2163));
#2160 = ORIENTED_EDGE('',*,*,#2005,.F.);
#2161 = ORIENTED_EDGE('',*,*,#2137,.F.);
#2162 = ORIENTED_EDGE('',*,*,#2109,.T.);
#2163 = ORIENTED_EDGE('',*,*,#2059,.T.);
#2164 = ( GEOMETRIC_REPRESENTATION_CONTEXT(3) 
GLOBAL_UNCERTAINTY_ASSIGNED_CONTEXT((#2168)) 
GLOBAL_UNIT_ASSIGNED_CONTEXT((#2165,#2166,#2167)) REPRESENTATION_CONTEXT
('Context #1','3D Context with UNIT and UNCERTAINTY') );
#2165 = ( LENGTH_UNIT() NAMED_UNIT(*) SI_UNIT(.MILLI.,.METRE.) );
#2166 = ( NAMED_UNIT(*) PLANE_ANGLE_UNIT() SI_UNIT($,.RADIAN.) );
#2167 = ( NAMED_UNIT(*) SI_UNIT($,.STERADIAN.) SOLID_ANGLE_UNIT() );
#2168 = UNCERTAINTY_MEASURE_WITH_UNIT(LENGTH_MEASURE(2.E-07),#2165,
  'distance_accuracy_value','confusion accuracy');
#2169 = CONTEXT_DEPENDENT_SHAPE_REPRESENTATION(#2170,#2172);
#2170 = ( REPRESENTATION_RELATIONSHIP('','',#1829,#10) 
REPRESENTATION_RELATIONSHIP_WITH_TRANSFORMATION(#2171) 
SHAPE_REPRESENTATION_RELATIONSHIP() );
#2171 = ITEM_DEFINED_TRANSFORMATION('','',#11,#35);
#2172 = PRODUCT_DEFINITION_SHAPE('Placement','Placement of an item',
  #2173);
#2173 = NEXT_ASSEMBLY_USAGE_OCCURRENCE('36','','',#5,#1824,$);
#2174 = PRODUCT_RELATED_PRODUCT_CATEGORY('part',$,(#1826));
#2175 = SHAPE_DEFINITION_REPRESENTATION(#2176,#2182);
#2176 = PRODUCT_DEFINITION_SHAPE('','',#2177);
#2177 = PRODUCT_DEFINITION('design','',#2178,#2181);
#2178 = PRODUCT_DEFINITION_FORMATION('','',#2179);
#2179 = PRODUCT('Open CASCADE STEP translator 7.9 17.7',
  'Open CASCADE STEP translator 7.9 17.7','',(#2180));
#2180 = PRODUCT_CONTEXT('',#2,'mechanical');
#2181 = PRODUCT_DEFINITION_CONTEXT('part definition',#2,'design');
#2182 = ADVANCED_BREP_SHAPE_REPRESENTATION('',(#11,#2183),#2517);
#2183 = MANIFOLD_SOLID_BREP('',#2184);
#2184 = CLOSED_SHELL('',(#2185,#2307,#2384,#2433,#2483,#2510));
#2185 = ADVANCED_FACE('',(#2186),#2201,.T.);
#2186 = FACE_BOUND('',#2187,.T.);
#2187 = EDGE_LOOP('',(#2188,#2224,#2252,#2281));
#2188 = ORIENTED_EDGE('',*,*,#2189,.F.);
#2189 = EDGE_CURVE('',#2190,#2192,#2194,.T.);
#2190 = VERTEX_POINT('',#2191);
#2191 = CARTESIAN_POINT('',(-5.430147261752,-41.94529094993,
    626.21630446506));
#2192 = VERTEX_POINT('',#2193);
#2193 = CARTESIAN_POINT('',(-5.430147261752,-41.94529094993,
    623.78369553494));
#2194 = SURFACE_CURVE('',#2195,(#2200,#2212),.PCURVE_S1.);
#2195 = CIRCLE('',#2196,3.275);
#2196 = AXIS2_PLACEMENT_3D('',#2197,#2198,#2199);
#2197 = CARTESIAN_POINT('',(-3.909766680427,-39.31191453624,625.));
#2198 = DIRECTION('',(-0.866025403784,0.5,1.110223024625E-16));
#2199 = DIRECTION('',(-0.5,-0.866025403784,0.));
#2200 = PCURVE('',#2201,#2206);
#2201 = CYLINDRICAL_SURFACE('',#2202,3.275);
#2202 = AXIS2_PLACEMENT_3D('',#2203,#2204,#2205);
#2203 = CARTESIAN_POINT('',(-3.649959059292,-39.46191453624,625.));
#2204 = DIRECTION('',(-0.866025403784,0.5,1.110223024625E-16));
#2205 = DIRECTION('',(-0.5,-0.866025403784,0.));
#2206 = DEFINITIONAL_REPRESENTATION('',(#2207),#2211);
#2207 = LINE('',#2208,#2209);
#2208 = CARTESIAN_POINT('',(0.,0.3));
#2209 = VECTOR('',#2210,1.);
#2210 = DIRECTION('',(1.,0.));
#2211 = ( GEOMETRIC_REPRESENTATION_CONTEXT(2) 
PARAMETRIC_REPRESENTATION_CONTEXT() REPRESENTATION_CONTEXT('2D SPACE',''
  ) );
#2212 = PCURVE('',#2213,#2218);
#2213 = PLANE('',#2214);
#2214 = AXIS2_PLACEMENT_3D('',#2215,#2216,#2217);
#2215 = CARTESIAN_POINT('',(-3.909766680427,-39.31191453624,625.));
#2216 = DIRECTION('',(-0.866025403784,0.5,1.110223024625E-16));
#2217 = DIRECTION('',(-0.5,-0.866025403784,0.));
#2218 = DEFINITIONAL_REPRESENTATION('',(#2219),#2223);
#2219 = CIRCLE('',#2220,3.275);
#2220 = AXIS2_PLACEMENT_2D('',#2221,#2222);
#2221 = CARTESIAN_POINT('',(0.,0.));
#2222 = DIRECTION('',(1.,0.));
#2223 = ( GEOMETRIC_REPRESENTATION_CONTEXT(2) 
PARAMETRIC_REPRESENTATION_CONTEXT() REPRESENTATION_CONTEXT('2D SPACE',''
  ) );
#2224 = ORIENTED_EDGE('',*,*,#2225,.F.);
#2225 = EDGE_CURVE('',#2226,#2190,#2228,.T.);
#2226 = VERTEX_POINT('',#2227);
#2227 = CARTESIAN_POINT('',(-5.170339640616,-42.09529094993,
    626.21630446506));
#2228 = SURFACE_CURVE('',#2229,(#2233,#2240),.PCURVE_S1.);
#2229 = LINE('',#2230,#2231);
#2230 = CARTESIAN_POINT('',(-5.170339640616,-42.09529094993,
    626.21630446506));
#2231 = VECTOR('',#2232,1.);
#2232 = DIRECTION('',(-0.866025403784,0.5,1.110223024625E-16));
#2233 = PCURVE('',#2201,#2234);
#2234 = DEFINITIONAL_REPRESENTATION('',(#2235),#2239);
#2235 = LINE('',#2236,#2237);
#2236 = CARTESIAN_POINT('',(0.380506377112,0.));
#2237 = VECTOR('',#2238,1.);
#2238 = DIRECTION('',(0.,1.));
#2239 = ( GEOMETRIC_REPRESENTATION_CONTEXT(2) 
PARAMETRIC_REPRESENTATION_CONTEXT() REPRESENTATION_CONTEXT('2D SPACE',''
  ) );
#2240 = PCURVE('',#2241,#2246);
#2241 = PLANE('',#2242);
#2242 = AXIS2_PLACEMENT_3D('',#2243,#2244,#2245);
#2243 = CARTESIAN_POINT('',(-5.846850167967,-43.96704155516,627.));
#2244 = DIRECTION('',(-0.185695338177,-0.321633760451,-0.928476690885));
#2245 = DIRECTION('',(0.464238345443,0.804084401128,-0.371390676354));
#2246 = DEFINITIONAL_REPRESENTATION('',(#2247),#2251);
#2247 = LINE('',#2248,#2249);
#2248 = CARTESIAN_POINT('',(2.110164807135,-0.35));
#2249 = VECTOR('',#2250,1.);
#2250 = DIRECTION('',(1.154033686461E-17,-1.));
#2251 = ( GEOMETRIC_REPRESENTATION_CONTEXT(2) 
PARAMETRIC_REPRESENTATION_CONTEXT() REPRESENTATION_CONTEXT('2D SPACE',''
  ) );
#2252 = ORIENTED_EDGE('',*,*,#2253,.T.);
#2253 = EDGE_CURVE('',#2226,#2254,#2256,.T.);
#2254 = VERTEX_POINT('',#2255);
#2255 = CARTESIAN_POINT('',(-5.170339640616,-42.09529094993,
    623.78369553494));
#2256 = SURFACE_CURVE('',#2257,(#2262,#2269),.PCURVE_S1.);
#2257 = CIRCLE('',#2258,3.275);
#2258 = AXIS2_PLACEMENT_3D('',#2259,#2260,#2261);
#2259 = CARTESIAN_POINT('',(-3.649959059292,-39.46191453624,625.));
#2260 = DIRECTION('',(-0.866025403784,0.5,1.110223024625E-16));
#2261 = DIRECTION('',(-0.5,-0.866025403784,0.));
#2262 = PCURVE('',#2201,#2263);
#2263 = DEFINITIONAL_REPRESENTATION('',(#2264),#2268);
#2264 = LINE('',#2265,#2266);
#2265 = CARTESIAN_POINT('',(0.,0.));
#2266 = VECTOR('',#2267,1.);
#2267 = DIRECTION('',(1.,0.));
#2268 = ( GEOMETRIC_REPRESENTATION_CONTEXT(2) 
PARAMETRIC_REPRESENTATION_CONTEXT() REPRESENTATION_CONTEXT('2D SPACE',''
  ) );
#2269 = PCURVE('',#2270,#2275);
#2270 = PLANE('',#2271);
#2271 = AXIS2_PLACEMENT_3D('',#2272,#2273,#2274);
#2272 = CARTESIAN_POINT('',(-3.649959059292,-39.46191453624,625.));
#2273 = DIRECTION('',(-0.866025403784,0.5,1.110223024625E-16));
#2274 = DIRECTION('',(-0.5,-0.866025403784,0.));
#2275 = DEFINITIONAL_REPRESENTATION('',(#2276),#2280);
#2276 = CIRCLE('',#2277,3.275);
#2277 = AXIS2_PLACEMENT_2D('',#2278,#2279);
#2278 = CARTESIAN_POINT('',(0.,0.));
#2279 = DIRECTION('',(1.,0.));
#2280 = ( GEOMETRIC_REPRESENTATION_CONTEXT(2) 
PARAMETRIC_REPRESENTATION_CONTEXT() REPRESENTATION_CONTEXT('2D SPACE',''
  ) );
#2281 = ORIENTED_EDGE('',*,*,#2282,.T.);
#2282 = EDGE_CURVE('',#2254,#2192,#2283,.T.);
#2283 = SURFACE_CURVE('',#2284,(#2288,#2295),.PCURVE_S1.);
#2284 = LINE('',#2285,#2286);
#2285 = CARTESIAN_POINT('',(-5.170339640616,-42.09529094993,
    623.78369553494));
#2286 = VECTOR('',#2287,1.);
#2287 = DIRECTION('',(-0.866025403784,0.5,1.110223024625E-16));
#2288 = PCURVE('',#2201,#2289);
#2289 = DEFINITIONAL_REPRESENTATION('',(#2290),#2294);
#2290 = LINE('',#2291,#2292);
#2291 = CARTESIAN_POINT('',(5.902678930067,0.));
#2292 = VECTOR('',#2293,1.);
#2293 = DIRECTION('',(0.,1.));
#2294 = ( GEOMETRIC_REPRESENTATION_CONTEXT(2) 
PARAMETRIC_REPRESENTATION_CONTEXT() REPRESENTATION_CONTEXT('2D SPACE',''
  ) );
#2295 = PCURVE('',#2296,#2301);
#2296 = PLANE('',#2297);
#2297 = AXIS2_PLACEMENT_3D('',#2298,#2299,#2300);
#2298 = CARTESIAN_POINT('',(-3.346850167967,-39.63691453624,625.));
#2299 = DIRECTION('',(-0.185695338177,-0.321633760451,0.928476690885));
#2300 = DIRECTION('',(-0.464238345443,-0.804084401128,-0.371390676354));
#2301 = DEFINITIONAL_REPRESENTATION('',(#2302),#2306);
#2302 = LINE('',#2303,#2304);
#2303 = CARTESIAN_POINT('',(3.275,-0.35));
#2304 = VECTOR('',#2305,1.);
#2305 = DIRECTION('',(2.111122500793E-17,-1.));
#2306 = ( GEOMETRIC_REPRESENTATION_CONTEXT(2) 
PARAMETRIC_REPRESENTATION_CONTEXT() REPRESENTATION_CONTEXT('2D SPACE',''
  ) );
#2307 = ADVANCED_FACE('',(#2308),#2213,.T.);
#2308 = FACE_BOUND('',#2309,.T.);
#2309 = EDGE_LOOP('',(#2310,#2333,#2334,#2357));
#2310 = ORIENTED_EDGE('',*,*,#2311,.T.);
#2311 = EDGE_CURVE('',#2312,#2190,#2314,.T.);
#2312 = VERTEX_POINT('',#2313);
#2313 = CARTESIAN_POINT('',(-5.242130731848,-41.61963676747,
    626.06589124113));
#2314 = SURFACE_CURVE('',#2315,(#2319,#2326),.PCURVE_S1.);
#2315 = LINE('',#2316,#2317);
#2316 = CARTESIAN_POINT('',(-5.159766680427,-41.4769780457,626.));
#2317 = VECTOR('',#2318,1.);
#2318 = DIRECTION('',(-0.464238345443,-0.804084401128,0.371390676354));
#2319 = PCURVE('',#2213,#2320);
#2320 = DEFINITIONAL_REPRESENTATION('',(#2321),#2325);
#2321 = LINE('',#2322,#2323);
#2322 = CARTESIAN_POINT('',(2.5,1.));
#2323 = VECTOR('',#2324,1.);
#2324 = DIRECTION('',(0.928476690885,0.371390676354));
#2325 = ( GEOMETRIC_REPRESENTATION_CONTEXT(2) 
PARAMETRIC_REPRESENTATION_CONTEXT() REPRESENTATION_CONTEXT('2D SPACE',''
  ) );
#2326 = PCURVE('',#2241,#2327);
#2327 = DEFINITIONAL_REPRESENTATION('',(#2328),#2332);
#2328 = LINE('',#2329,#2330);
#2329 = CARTESIAN_POINT('',(2.692582403567,-0.65));
#2330 = VECTOR('',#2331,1.);
#2331 = DIRECTION('',(-1.,1.427850322931E-17));
#2332 = ( GEOMETRIC_REPRESENTATION_CONTEXT(2) 
PARAMETRIC_REPRESENTATION_CONTEXT() REPRESENTATION_CONTEXT('2D SPACE',''
  ) );
#2333 = ORIENTED_EDGE('',*,*,#2189,.T.);
#2334 = ORIENTED_EDGE('',*,*,#2335,.T.);
#2335 = EDGE_CURVE('',#2192,#2336,#2338,.T.);
#2336 = VERTEX_POINT('',#2337);
#2337 = CARTESIAN_POINT('',(-5.242130731848,-41.61963676747,
    623.93410875886));
#2338 = SURFACE_CURVE('',#2339,(#2343,#2350),.PCURVE_S1.);
#2339 = LINE('',#2340,#2341);
#2340 = CARTESIAN_POINT('',(-3.909766680427,-39.31191453624,625.));
#2341 = VECTOR('',#2342,1.);
#2342 = DIRECTION('',(0.464238345443,0.804084401128,0.371390676354));
#2343 = PCURVE('',#2213,#2344);
#2344 = DEFINITIONAL_REPRESENTATION('',(#2345),#2349);
#2345 = LINE('',#2346,#2347);
#2346 = CARTESIAN_POINT('',(0.,0.));
#2347 = VECTOR('',#2348,1.);
#2348 = DIRECTION('',(-0.928476690885,0.371390676354));
#2349 = ( GEOMETRIC_REPRESENTATION_CONTEXT(2) 
PARAMETRIC_REPRESENTATION_CONTEXT() REPRESENTATION_CONTEXT('2D SPACE',''
  ) );
#2350 = PCURVE('',#2296,#2351);
#2351 = DEFINITIONAL_REPRESENTATION('',(#2352),#2356);
#2352 = LINE('',#2353,#2354);
#2353 = CARTESIAN_POINT('',(3.164135620182E-15,-0.65));
#2354 = VECTOR('',#2355,1.);
#2355 = DIRECTION('',(-1.,1.427850322931E-17));
#2356 = ( GEOMETRIC_REPRESENTATION_CONTEXT(2) 
PARAMETRIC_REPRESENTATION_CONTEXT() REPRESENTATION_CONTEXT('2D SPACE',''
  ) );
#2357 = ORIENTED_EDGE('',*,*,#2358,.F.);
#2358 = EDGE_CURVE('',#2312,#2336,#2359,.T.);
#2359 = SURFACE_CURVE('',#2360,(#2365,#2372),.PCURVE_S1.);
#2360 = CIRCLE('',#2361,2.87);
#2361 = AXIS2_PLACEMENT_3D('',#2362,#2363,#2364);
#2362 = CARTESIAN_POINT('',(-3.909766680427,-39.31191453624,625.));
#2363 = DIRECTION('',(-0.866025403784,0.5,1.110223024625E-16));
#2364 = DIRECTION('',(-0.5,-0.866025403784,0.));
#2365 = PCURVE('',#2213,#2366);
#2366 = DEFINITIONAL_REPRESENTATION('',(#2367),#2371);
#2367 = CIRCLE('',#2368,2.87);
#2368 = AXIS2_PLACEMENT_2D('',#2369,#2370);
#2369 = CARTESIAN_POINT('',(0.,0.));
#2370 = DIRECTION('',(1.,0.));
#2371 = ( GEOMETRIC_REPRESENTATION_CONTEXT(2) 
PARAMETRIC_REPRESENTATION_CONTEXT() REPRESENTATION_CONTEXT('2D SPACE',''
  ) );
#2372 = PCURVE('',#2373,#2378);
#2373 = CYLINDRICAL_SURFACE('',#2374,2.87);
#2374 = AXIS2_PLACEMENT_3D('',#2375,#2376,#2377);
#2375 = CARTESIAN_POINT('',(-3.433452708346,-39.58691453624,625.));
#2376 = DIRECTION('',(-0.866025403784,0.5,1.110223024625E-16));
#2377 = DIRECTION('',(-0.5,-0.866025403784,0.));
#2378 = DEFINITIONAL_REPRESENTATION('',(#2379),#2383);
#2379 = LINE('',#2380,#2381);
#2380 = CARTESIAN_POINT('',(0.,0.55));
#2381 = VECTOR('',#2382,1.);
#2382 = DIRECTION('',(1.,0.));
#2383 = ( GEOMETRIC_REPRESENTATION_CONTEXT(2) 
PARAMETRIC_REPRESENTATION_CONTEXT() REPRESENTATION_CONTEXT('2D SPACE',''
  ) );
#2384 = ADVANCED_FACE('',(#2385),#2296,.T.);
#2385 = FACE_BOUND('',#2386,.T.);
#2386 = EDGE_LOOP('',(#2387,#2388,#2411,#2432));
#2387 = ORIENTED_EDGE('',*,*,#2282,.F.);
#2388 = ORIENTED_EDGE('',*,*,#2389,.T.);
#2389 = EDGE_CURVE('',#2254,#2390,#2392,.T.);
#2390 = VERTEX_POINT('',#2391);
#2391 = CARTESIAN_POINT('',(-4.982323110712,-41.76963676747,
    623.93410875886));
#2392 = SURFACE_CURVE('',#2393,(#2397,#2404),.PCURVE_S1.);
#2393 = LINE('',#2394,#2395);
#2394 = CARTESIAN_POINT('',(-3.649959059292,-39.46191453624,625.));
#2395 = VECTOR('',#2396,1.);
#2396 = DIRECTION('',(0.464238345443,0.804084401128,0.371390676354));
#2397 = PCURVE('',#2296,#2398);
#2398 = DEFINITIONAL_REPRESENTATION('',(#2399),#2403);
#2399 = LINE('',#2400,#2401);
#2400 = CARTESIAN_POINT('',(3.136380044566E-15,-0.35));
#2401 = VECTOR('',#2402,1.);
#2402 = DIRECTION('',(-1.,1.427850322931E-17));
#2403 = ( GEOMETRIC_REPRESENTATION_CONTEXT(2) 
PARAMETRIC_REPRESENTATION_CONTEXT() REPRESENTATION_CONTEXT('2D SPACE',''
  ) );
#2404 = PCURVE('',#2270,#2405);
#2405 = DEFINITIONAL_REPRESENTATION('',(#2406),#2410);
#2406 = LINE('',#2407,#2408);
#2407 = CARTESIAN_POINT('',(0.,0.));
#2408 = VECTOR('',#2409,1.);
#2409 = DIRECTION('',(-0.928476690885,0.371390676354));
#2410 = ( GEOMETRIC_REPRESENTATION_CONTEXT(2) 
PARAMETRIC_REPRESENTATION_CONTEXT() REPRESENTATION_CONTEXT('2D SPACE',''
  ) );
#2411 = ORIENTED_EDGE('',*,*,#2412,.T.);
#2412 = EDGE_CURVE('',#2390,#2336,#2413,.T.);
#2413 = SURFACE_CURVE('',#2414,(#2418,#2425),.PCURVE_S1.);
#2414 = LINE('',#2415,#2416);
#2415 = CARTESIAN_POINT('',(-4.765816759766,-41.89463676747,
    623.93410875886));
#2416 = VECTOR('',#2417,1.);
#2417 = DIRECTION('',(-0.866025403784,0.5,1.110223024625E-16));
#2418 = PCURVE('',#2296,#2419);
#2419 = DEFINITIONAL_REPRESENTATION('',(#2420),#2424);
#2420 = LINE('',#2421,#2422);
#2421 = CARTESIAN_POINT('',(2.87,-1.E-01));
#2422 = VECTOR('',#2423,1.);
#2423 = DIRECTION('',(2.111122500793E-17,-1.));
#2424 = ( GEOMETRIC_REPRESENTATION_CONTEXT(2) 
PARAMETRIC_REPRESENTATION_CONTEXT() REPRESENTATION_CONTEXT('2D SPACE',''
  ) );
#2425 = PCURVE('',#2373,#2426);
#2426 = DEFINITIONAL_REPRESENTATION('',(#2427),#2431);
#2427 = LINE('',#2428,#2429);
#2428 = CARTESIAN_POINT('',(5.902678930067,0.));
#2429 = VECTOR('',#2430,1.);
#2430 = DIRECTION('',(0.,1.));
#2431 = ( GEOMETRIC_REPRESENTATION_CONTEXT(2) 
PARAMETRIC_REPRESENTATION_CONTEXT() REPRESENTATION_CONTEXT('2D SPACE',''
  ) );
#2432 = ORIENTED_EDGE('',*,*,#2335,.F.);
#2433 = ADVANCED_FACE('',(#2434),#2270,.F.);
#2434 = FACE_BOUND('',#2435,.F.);
#2435 = EDGE_LOOP('',(#2436,#2459,#2460,#2461));
#2436 = ORIENTED_EDGE('',*,*,#2437,.T.);
#2437 = EDGE_CURVE('',#2438,#2226,#2440,.T.);
#2438 = VERTEX_POINT('',#2439);
#2439 = CARTESIAN_POINT('',(-4.982323110712,-41.76963676747,
    626.06589124113));
#2440 = SURFACE_CURVE('',#2441,(#2445,#2452),.PCURVE_S1.);
#2441 = LINE('',#2442,#2443);
#2442 = CARTESIAN_POINT('',(-4.899959059292,-41.6269780457,626.));
#2443 = VECTOR('',#2444,1.);
#2444 = DIRECTION('',(-0.464238345443,-0.804084401128,0.371390676354));
#2445 = PCURVE('',#2270,#2446);
#2446 = DEFINITIONAL_REPRESENTATION('',(#2447),#2451);
#2447 = LINE('',#2448,#2449);
#2448 = CARTESIAN_POINT('',(2.5,1.));
#2449 = VECTOR('',#2450,1.);
#2450 = DIRECTION('',(0.928476690885,0.371390676354));
#2451 = ( GEOMETRIC_REPRESENTATION_CONTEXT(2) 
PARAMETRIC_REPRESENTATION_CONTEXT() REPRESENTATION_CONTEXT('2D SPACE',''
  ) );
#2452 = PCURVE('',#2241,#2453);
#2453 = DEFINITIONAL_REPRESENTATION('',(#2454),#2458);
#2454 = LINE('',#2455,#2456);
#2455 = CARTESIAN_POINT('',(2.692582403567,-0.35));
#2456 = VECTOR('',#2457,1.);
#2457 = DIRECTION('',(-1.,1.427850322931E-17));
#2458 = ( GEOMETRIC_REPRESENTATION_CONTEXT(2) 
PARAMETRIC_REPRESENTATION_CONTEXT() REPRESENTATION_CONTEXT('2D SPACE',''
  ) );
#2459 = ORIENTED_EDGE('',*,*,#2253,.T.);
#2460 = ORIENTED_EDGE('',*,*,#2389,.T.);
#2461 = ORIENTED_EDGE('',*,*,#2462,.F.);
#2462 = EDGE_CURVE('',#2438,#2390,#2463,.T.);
#2463 = SURFACE_CURVE('',#2464,(#2469,#2476),.PCURVE_S1.);
#2464 = CIRCLE('',#2465,2.87);
#2465 = AXIS2_PLACEMENT_3D('',#2466,#2467,#2468);
#2466 = CARTESIAN_POINT('',(-3.649959059292,-39.46191453624,625.));
#2467 = DIRECTION('',(-0.866025403784,0.5,1.110223024625E-16));
#2468 = DIRECTION('',(-0.5,-0.866025403784,0.));
#2469 = PCURVE('',#2270,#2470);
#2470 = DEFINITIONAL_REPRESENTATION('',(#2471),#2475);
#2471 = CIRCLE('',#2472,2.87);
#2472 = AXIS2_PLACEMENT_2D('',#2473,#2474);
#2473 = CARTESIAN_POINT('',(0.,0.));
#2474 = DIRECTION('',(1.,0.));
#2475 = ( GEOMETRIC_REPRESENTATION_CONTEXT(2) 
PARAMETRIC_REPRESENTATION_CONTEXT() REPRESENTATION_CONTEXT('2D SPACE',''
  ) );
#2476 = PCURVE('',#2373,#2477);
#2477 = DEFINITIONAL_REPRESENTATION('',(#2478),#2482);
#2478 = LINE('',#2479,#2480);
#2479 = CARTESIAN_POINT('',(0.,0.25));
#2480 = VECTOR('',#2481,1.);
#2481 = DIRECTION('',(1.,0.));
#2482 = ( GEOMETRIC_REPRESENTATION_CONTEXT(2) 
PARAMETRIC_REPRESENTATION_CONTEXT() REPRESENTATION_CONTEXT('2D SPACE',''
  ) );
#2483 = ADVANCED_FACE('',(#2484),#2241,.T.);
#2484 = FACE_BOUND('',#2485,.T.);
#2485 = EDGE_LOOP('',(#2486,#2487,#2488,#2489));
#2486 = ORIENTED_EDGE('',*,*,#2437,.T.);
#2487 = ORIENTED_EDGE('',*,*,#2225,.T.);
#2488 = ORIENTED_EDGE('',*,*,#2311,.F.);
#2489 = ORIENTED_EDGE('',*,*,#2490,.F.);
#2490 = EDGE_CURVE('',#2438,#2312,#2491,.T.);
#2491 = SURFACE_CURVE('',#2492,(#2496,#2503),.PCURVE_S1.);
#2492 = LINE('',#2493,#2494);
#2493 = CARTESIAN_POINT('',(-4.765816759766,-41.89463676747,
    626.06589124113));
#2494 = VECTOR('',#2495,1.);
#2495 = DIRECTION('',(-0.866025403784,0.5,1.110223024625E-16));
#2496 = PCURVE('',#2241,#2497);
#2497 = DEFINITIONAL_REPRESENTATION('',(#2498),#2502);
#2498 = LINE('',#2499,#2500);
#2499 = CARTESIAN_POINT('',(2.515164807135,-0.1));
#2500 = VECTOR('',#2501,1.);
#2501 = DIRECTION('',(1.154033686461E-17,-1.));
#2502 = ( GEOMETRIC_REPRESENTATION_CONTEXT(2) 
PARAMETRIC_REPRESENTATION_CONTEXT() REPRESENTATION_CONTEXT('2D SPACE',''
  ) );
#2503 = PCURVE('',#2373,#2504);
#2504 = DEFINITIONAL_REPRESENTATION('',(#2505),#2509);
#2505 = LINE('',#2506,#2507);
#2506 = CARTESIAN_POINT('',(0.380506377112,0.));
#2507 = VECTOR('',#2508,1.);
#2508 = DIRECTION('',(0.,1.));
#2509 = ( GEOMETRIC_REPRESENTATION_CONTEXT(2) 
PARAMETRIC_REPRESENTATION_CONTEXT() REPRESENTATION_CONTEXT('2D SPACE',''
  ) );
#2510 = ADVANCED_FACE('',(#2511),#2373,.F.);
#2511 = FACE_BOUND('',#2512,.F.);
#2512 = EDGE_LOOP('',(#2513,#2514,#2515,#2516));
#2513 = ORIENTED_EDGE('',*,*,#2358,.F.);
#2514 = ORIENTED_EDGE('',*,*,#2490,.F.);
#2515 = ORIENTED_EDGE('',*,*,#2462,.T.);
#2516 = ORIENTED_EDGE('',*,*,#2412,.T.);
#2517 = ( GEOMETRIC_REPRESENTATION_CONTEXT(3) 
GLOBAL_UNCERTAINTY_ASSIGNED_CONTEXT((#2521)) 
GLOBAL_UNIT_ASSIGNED_CONTEXT((#2518,#2519,#2520)) REPRESENTATION_CONTEXT
('Context #1','3D Context with UNIT and UNCERTAINTY') );
#2518 = ( LENGTH_UNIT() NAMED_UNIT(*) SI_UNIT(.MILLI.,.METRE.) );
#2519 = ( NAMED_UNIT(*) PLANE_ANGLE_UNIT() SI_UNIT($,.RADIAN.) );
#2520 = ( NAMED_UNIT(*) SI_UNIT($,.STERADIAN.) SOLID_ANGLE_UNIT() );
#2521 = UNCERTAINTY_MEASURE_WITH_UNIT(LENGTH_MEASURE(2.E-07),#2518,
  'distance_accuracy_value','confusion accuracy');
#2522 = CONTEXT_DEPENDENT_SHAPE_REPRESENTATION(#2523,#2525);
#2523 = ( REPRESENTATION_RELATIONSHIP('','',#2182,#10) 
REPRESENTATION_RELATIONSHIP_WITH_TRANSFORMATION(#2524) 
SHAPE_REPRESENTATION_RELATIONSHIP() );
#2524 = ITEM_DEFINED_TRANSFORMATION('','',#11,#39);
#2525 = PRODUCT_DEFINITION_SHAPE('Placement','Placement of an item',
  #2526);
#2526 = NEXT_ASSEMBLY_USAGE_OCCURRENCE('37','','',#5,#2177,$);
#2527 = PRODUCT_RELATED_PRODUCT_CATEGORY('part',$,(#2179));
#2528 = SHAPE_DEFINITION_REPRESENTATION(#2529,#2535);
#2529 = PRODUCT_DEFINITION_SHAPE('','',#2530);
#2530 = PRODUCT_DEFINITION('design','',#2531,#2534);
#2531 = PRODUCT_DEFINITION_FORMATION('','',#2532);
#2532 = PRODUCT('Open CASCADE STEP translator 7.9 17.8',
  'Open CASCADE STEP translator 7.9 17.8','',(#2533));
#2533 = PRODUCT_CONTEXT('',#2,'mechanical');
#2534 = PRODUCT_DEFINITION_CONTEXT('part definition',#2,'design');
#2535 = ADVANCED_BREP_SHAPE_REPRESENTATION('',(#11,#2536),#2870);
#2536 = MANIFOLD_SOLID_BREP('',#2537);
#2537 = CLOSED_SHELL('',(#2538,#2660,#2737,#2786,#2836,#2863));
#2538 = ADVANCED_FACE('',(#2539),#2554,.T.);
#2539 = FACE_BOUND('',#2540,.T.);
#2540 = EDGE_LOOP('',(#2541,#2577,#2605,#2634));
#2541 = ORIENTED_EDGE('',*,*,#2542,.F.);
#2542 = EDGE_CURVE('',#2543,#2545,#2547,.T.);
#2543 = VERTEX_POINT('',#2544);
#2544 = CARTESIAN_POINT('',(-10.06569139332,-39.97428890655,
    661.21097379553));
#2545 = VERTEX_POINT('',#2546);
#2546 = CARTESIAN_POINT('',(-10.06569139332,-39.97428890655,
    658.77836486541));
#2547 = SURFACE_CURVE('',#2548,(#2553,#2565),.PCURVE_S1.);
#2548 = CIRCLE('',#2549,3.275);
#2549 = AXIS2_PLACEMENT_3D('',#2550,#2551,#2552);
#2550 = CARTESIAN_POINT('',(-8.545310812002,-37.34091249285,
    659.99466933047));
#2551 = DIRECTION('',(-0.866025403784,0.5,1.110223024625E-16));
#2552 = DIRECTION('',(-0.5,-0.866025403784,0.));
#2553 = PCURVE('',#2554,#2559);
#2554 = CYLINDRICAL_SURFACE('',#2555,3.275);
#2555 = AXIS2_PLACEMENT_3D('',#2556,#2557,#2558);
#2556 = CARTESIAN_POINT('',(-8.285503190867,-37.49091249285,
    659.99466933047));
#2557 = DIRECTION('',(-0.866025403784,0.5,1.110223024625E-16));
#2558 = DIRECTION('',(-0.5,-0.866025403784,0.));
#2559 = DEFINITIONAL_REPRESENTATION('',(#2560),#2564);
#2560 = LINE('',#2561,#2562);
#2561 = CARTESIAN_POINT('',(0.,0.3));
#2562 = VECTOR('',#2563,1.);
#2563 = DIRECTION('',(1.,0.));
#2564 = ( GEOMETRIC_REPRESENTATION_CONTEXT(2) 
PARAMETRIC_REPRESENTATION_CONTEXT() REPRESENTATION_CONTEXT('2D SPACE',''
  ) );
#2565 = PCURVE('',#2566,#2571);
#2566 = PLANE('',#2567);
#2567 = AXIS2_PLACEMENT_3D('',#2568,#2569,#2570);
#2568 = CARTESIAN_POINT('',(-8.545310812002,-37.34091249285,
    659.99466933047));
#2569 = DIRECTION('',(-0.866025403784,0.5,1.110223024625E-16));
#2570 = DIRECTION('',(-0.5,-0.866025403784,0.));
#2571 = DEFINITIONAL_REPRESENTATION('',(#2572),#2576);
#2572 = CIRCLE('',#2573,3.275);
#2573 = AXIS2_PLACEMENT_2D('',#2574,#2575);
#2574 = CARTESIAN_POINT('',(0.,0.));
#2575 = DIRECTION('',(1.,0.));
#2576 = ( GEOMETRIC_REPRESENTATION_CONTEXT(2) 
PARAMETRIC_REPRESENTATION_CONTEXT() REPRESENTATION_CONTEXT('2D SPACE',''
  ) );
#2577 = ORIENTED_EDGE('',*,*,#2578,.F.);
#2578 = EDGE_CURVE('',#2579,#2543,#2581,.T.);
#2579 = VERTEX_POINT('',#2580);
#2580 = CARTESIAN_POINT('',(-9.805883772191,-40.12428890655,
    661.21097379553));
#2581 = SURFACE_CURVE('',#2582,(#2586,#2593),.PCURVE_S1.);
#2582 = LINE('',#2583,#2584);
#2583 = CARTESIAN_POINT('',(-9.805883772191,-40.12428890655,
    661.21097379553));
#2584 = VECTOR('',#2585,1.);
#2585 = DIRECTION('',(-0.866025403784,0.5,1.110223024625E-16));
#2586 = PCURVE('',#2554,#2587);
#2587 = DEFINITIONAL_REPRESENTATION('',(#2588),#2592);
#2588 = LINE('',#2589,#2590);
#2589 = CARTESIAN_POINT('',(0.380506377112,0.));
#2590 = VECTOR('',#2591,1.);
#2591 = DIRECTION('',(0.,1.));
#2592 = ( GEOMETRIC_REPRESENTATION_CONTEXT(2) 
PARAMETRIC_REPRESENTATION_CONTEXT() REPRESENTATION_CONTEXT('2D SPACE',''
  ) );
#2593 = PCURVE('',#2594,#2599);
#2594 = PLANE('',#2595);
#2595 = AXIS2_PLACEMENT_3D('',#2596,#2597,#2598);
#2596 = CARTESIAN_POINT('',(-10.48239429954,-41.99603951177,
    661.99466933047));
#2597 = DIRECTION('',(-0.185695338177,-0.321633760451,-0.928476690885));
#2598 = DIRECTION('',(0.464238345443,0.804084401128,-0.371390676354));
#2599 = DEFINITIONAL_REPRESENTATION('',(#2600),#2604);
#2600 = LINE('',#2601,#2602);
#2601 = CARTESIAN_POINT('',(2.110164807135,-0.35));
#2602 = VECTOR('',#2603,1.);
#2603 = DIRECTION('',(1.154033686461E-17,-1.));
#2604 = ( GEOMETRIC_REPRESENTATION_CONTEXT(2) 
PARAMETRIC_REPRESENTATION_CONTEXT() REPRESENTATION_CONTEXT('2D SPACE',''
  ) );
#2605 = ORIENTED_EDGE('',*,*,#2606,.T.);
#2606 = EDGE_CURVE('',#2579,#2607,#2609,.T.);
#2607 = VERTEX_POINT('',#2608);
#2608 = CARTESIAN_POINT('',(-9.805883772191,-40.12428890655,
    658.77836486541));
#2609 = SURFACE_CURVE('',#2610,(#2615,#2622),.PCURVE_S1.);
#2610 = CIRCLE('',#2611,3.275);
#2611 = AXIS2_PLACEMENT_3D('',#2612,#2613,#2614);
#2612 = CARTESIAN_POINT('',(-8.285503190867,-37.49091249285,
    659.99466933047));
#2613 = DIRECTION('',(-0.866025403784,0.5,1.110223024625E-16));
#2614 = DIRECTION('',(-0.5,-0.866025403784,0.));
#2615 = PCURVE('',#2554,#2616);
#2616 = DEFINITIONAL_REPRESENTATION('',(#2617),#2621);
#2617 = LINE('',#2618,#2619);
#2618 = CARTESIAN_POINT('',(0.,0.));
#2619 = VECTOR('',#2620,1.);
#2620 = DIRECTION('',(1.,0.));
#2621 = ( GEOMETRIC_REPRESENTATION_CONTEXT(2) 
PARAMETRIC_REPRESENTATION_CONTEXT() REPRESENTATION_CONTEXT('2D SPACE',''
  ) );
#2622 = PCURVE('',#2623,#2628);
#2623 = PLANE('',#2624);
#2624 = AXIS2_PLACEMENT_3D('',#2625,#2626,#2627);
#2625 = CARTESIAN_POINT('',(-8.285503190867,-37.49091249285,
    659.99466933047));
#2626 = DIRECTION('',(-0.866025403784,0.5,1.110223024625E-16));
#2627 = DIRECTION('',(-0.5,-0.866025403784,0.));
#2628 = DEFINITIONAL_REPRESENTATION('',(#2629),#2633);
#2629 = CIRCLE('',#2630,3.275);
#2630 = AXIS2_PLACEMENT_2D('',#2631,#2632);
#2631 = CARTESIAN_POINT('',(0.,0.));
#2632 = DIRECTION('',(1.,0.));
#2633 = ( GEOMETRIC_REPRESENTATION_CONTEXT(2) 
PARAMETRIC_REPRESENTATION_CONTEXT() REPRESENTATION_CONTEXT('2D SPACE',''
  ) );
#2634 = ORIENTED_EDGE('',*,*,#2635,.T.);
#2635 = EDGE_CURVE('',#2607,#2545,#2636,.T.);
#2636 = SURFACE_CURVE('',#2637,(#2641,#2648),.PCURVE_S1.);
#2637 = LINE('',#2638,#2639);
#2638 = CARTESIAN_POINT('',(-9.805883772191,-40.12428890655,
    658.77836486541));
#2639 = VECTOR('',#2640,1.);
#2640 = DIRECTION('',(-0.866025403784,0.5,1.110223024625E-16));
#2641 = PCURVE('',#2554,#2642);
#2642 = DEFINITIONAL_REPRESENTATION('',(#2643),#2647);
#2643 = LINE('',#2644,#2645);
#2644 = CARTESIAN_POINT('',(5.902678930067,0.));
#2645 = VECTOR('',#2646,1.);
#2646 = DIRECTION('',(0.,1.));
#2647 = ( GEOMETRIC_REPRESENTATION_CONTEXT(2) 
PARAMETRIC_REPRESENTATION_CONTEXT() REPRESENTATION_CONTEXT('2D SPACE',''
  ) );
#2648 = PCURVE('',#2649,#2654);
#2649 = PLANE('',#2650);
#2650 = AXIS2_PLACEMENT_3D('',#2651,#2652,#2653);
#2651 = CARTESIAN_POINT('',(-7.982394299542,-37.66591249285,
    659.99466933047));
#2652 = DIRECTION('',(-0.185695338177,-0.321633760451,0.928476690885));
#2653 = DIRECTION('',(-0.464238345443,-0.804084401128,-0.371390676354));
#2654 = DEFINITIONAL_REPRESENTATION('',(#2655),#2659);
#2655 = LINE('',#2656,#2657);
#2656 = CARTESIAN_POINT('',(3.275,-0.35));
#2657 = VECTOR('',#2658,1.);
#2658 = DIRECTION('',(2.111122500793E-17,-1.));
#2659 = ( GEOMETRIC_REPRESENTATION_CONTEXT(2) 
PARAMETRIC_REPRESENTATION_CONTEXT() REPRESENTATION_CONTEXT('2D SPACE',''
  ) );
#2660 = ADVANCED_FACE('',(#2661),#2566,.T.);
#2661 = FACE_BOUND('',#2662,.T.);
#2662 = EDGE_LOOP('',(#2663,#2686,#2687,#2710));
#2663 = ORIENTED_EDGE('',*,*,#2664,.T.);
#2664 = EDGE_CURVE('',#2665,#2543,#2667,.T.);
#2665 = VERTEX_POINT('',#2666);
#2666 = CARTESIAN_POINT('',(-9.877674863422,-39.64863472409,
    661.06056057161));
#2667 = SURFACE_CURVE('',#2668,(#2672,#2679),.PCURVE_S1.);
#2668 = LINE('',#2669,#2670);
#2669 = CARTESIAN_POINT('',(-9.795310812002,-39.50597600231,
    660.99466933047));
#2670 = VECTOR('',#2671,1.);
#2671 = DIRECTION('',(-0.464238345443,-0.804084401128,0.371390676354));
#2672 = PCURVE('',#2566,#2673);
#2673 = DEFINITIONAL_REPRESENTATION('',(#2674),#2678);
#2674 = LINE('',#2675,#2676);
#2675 = CARTESIAN_POINT('',(2.5,1.));
#2676 = VECTOR('',#2677,1.);
#2677 = DIRECTION('',(0.928476690885,0.371390676354));
#2678 = ( GEOMETRIC_REPRESENTATION_CONTEXT(2) 
PARAMETRIC_REPRESENTATION_CONTEXT() REPRESENTATION_CONTEXT('2D SPACE',''
  ) );
#2679 = PCURVE('',#2594,#2680);
#2680 = DEFINITIONAL_REPRESENTATION('',(#2681),#2685);
#2681 = LINE('',#2682,#2683);
#2682 = CARTESIAN_POINT('',(2.692582403567,-0.65));
#2683 = VECTOR('',#2684,1.);
#2684 = DIRECTION('',(-1.,1.427850322931E-17));
#2685 = ( GEOMETRIC_REPRESENTATION_CONTEXT(2) 
PARAMETRIC_REPRESENTATION_CONTEXT() REPRESENTATION_CONTEXT('2D SPACE',''
  ) );
#2686 = ORIENTED_EDGE('',*,*,#2542,.T.);
#2687 = ORIENTED_EDGE('',*,*,#2688,.T.);
#2688 = EDGE_CURVE('',#2545,#2689,#2691,.T.);
#2689 = VERTEX_POINT('',#2690);
#2690 = CARTESIAN_POINT('',(-9.877674863422,-39.64863472409,
    658.92877808933));
#2691 = SURFACE_CURVE('',#2692,(#2696,#2703),.PCURVE_S1.);
#2692 = LINE('',#2693,#2694);
#2693 = CARTESIAN_POINT('',(-8.545310812002,-37.34091249285,
    659.99466933047));
#2694 = VECTOR('',#2695,1.);
#2695 = DIRECTION('',(0.464238345443,0.804084401128,0.371390676354));
#2696 = PCURVE('',#2566,#2697);
#2697 = DEFINITIONAL_REPRESENTATION('',(#2698),#2702);
#2698 = LINE('',#2699,#2700);
#2699 = CARTESIAN_POINT('',(0.,0.));
#2700 = VECTOR('',#2701,1.);
#2701 = DIRECTION('',(-0.928476690885,0.371390676354));
#2702 = ( GEOMETRIC_REPRESENTATION_CONTEXT(2) 
PARAMETRIC_REPRESENTATION_CONTEXT() REPRESENTATION_CONTEXT('2D SPACE',''
  ) );
#2703 = PCURVE('',#2649,#2704);
#2704 = DEFINITIONAL_REPRESENTATION('',(#2705),#2709);
#2705 = LINE('',#2706,#2707);
#2706 = CARTESIAN_POINT('',(-1.720845688169E-15,-0.65));
#2707 = VECTOR('',#2708,1.);
#2708 = DIRECTION('',(-1.,1.427850322931E-17));
#2709 = ( GEOMETRIC_REPRESENTATION_CONTEXT(2) 
PARAMETRIC_REPRESENTATION_CONTEXT() REPRESENTATION_CONTEXT('2D SPACE',''
  ) );
#2710 = ORIENTED_EDGE('',*,*,#2711,.F.);
#2711 = EDGE_CURVE('',#2665,#2689,#2712,.T.);
#2712 = SURFACE_CURVE('',#2713,(#2718,#2725),.PCURVE_S1.);
#2713 = CIRCLE('',#2714,2.87);
#2714 = AXIS2_PLACEMENT_3D('',#2715,#2716,#2717);
#2715 = CARTESIAN_POINT('',(-8.545310812002,-37.34091249285,
    659.99466933047));
#2716 = DIRECTION('',(-0.866025403784,0.5,1.110223024625E-16));
#2717 = DIRECTION('',(-0.5,-0.866025403784,0.));
#2718 = PCURVE('',#2566,#2719);
#2719 = DEFINITIONAL_REPRESENTATION('',(#2720),#2724);
#2720 = CIRCLE('',#2721,2.87);
#2721 = AXIS2_PLACEMENT_2D('',#2722,#2723);
#2722 = CARTESIAN_POINT('',(0.,0.));
#2723 = DIRECTION('',(1.,0.));
#2724 = ( GEOMETRIC_REPRESENTATION_CONTEXT(2) 
PARAMETRIC_REPRESENTATION_CONTEXT() REPRESENTATION_CONTEXT('2D SPACE',''
  ) );
#2725 = PCURVE('',#2726,#2731);
#2726 = CYLINDRICAL_SURFACE('',#2727,2.87);
#2727 = AXIS2_PLACEMENT_3D('',#2728,#2729,#2730);
#2728 = CARTESIAN_POINT('',(-8.06899683992,-37.61591249285,
    659.99466933047));
#2729 = DIRECTION('',(-0.866025403784,0.5,1.110223024625E-16));
#2730 = DIRECTION('',(-0.5,-0.866025403784,0.));
#2731 = DEFINITIONAL_REPRESENTATION('',(#2732),#2736);
#2732 = LINE('',#2733,#2734);
#2733 = CARTESIAN_POINT('',(0.,0.55));
#2734 = VECTOR('',#2735,1.);
#2735 = DIRECTION('',(1.,0.));
#2736 = ( GEOMETRIC_REPRESENTATION_CONTEXT(2) 
PARAMETRIC_REPRESENTATION_CONTEXT() REPRESENTATION_CONTEXT('2D SPACE',''
  ) );
#2737 = ADVANCED_FACE('',(#2738),#2649,.T.);
#2738 = FACE_BOUND('',#2739,.T.);
#2739 = EDGE_LOOP('',(#2740,#2741,#2764,#2785));
#2740 = ORIENTED_EDGE('',*,*,#2635,.F.);
#2741 = ORIENTED_EDGE('',*,*,#2742,.T.);
#2742 = EDGE_CURVE('',#2607,#2743,#2745,.T.);
#2743 = VERTEX_POINT('',#2744);
#2744 = CARTESIAN_POINT('',(-9.617867242287,-39.79863472409,
    658.92877808933));
#2745 = SURFACE_CURVE('',#2746,(#2750,#2757),.PCURVE_S1.);
#2746 = LINE('',#2747,#2748);
#2747 = CARTESIAN_POINT('',(-8.285503190867,-37.49091249285,
    659.99466933047));
#2748 = VECTOR('',#2749,1.);
#2749 = DIRECTION('',(0.464238345443,0.804084401128,0.371390676354));
#2750 = PCURVE('',#2649,#2751);
#2751 = DEFINITIONAL_REPRESENTATION('',(#2752),#2756);
#2752 = LINE('',#2753,#2754);
#2753 = CARTESIAN_POINT('',(-3.191891195797E-15,-0.35));
#2754 = VECTOR('',#2755,1.);
#2755 = DIRECTION('',(-1.,1.427850322931E-17));
#2756 = ( GEOMETRIC_REPRESENTATION_CONTEXT(2) 
PARAMETRIC_REPRESENTATION_CONTEXT() REPRESENTATION_CONTEXT('2D SPACE',''
  ) );
#2757 = PCURVE('',#2623,#2758);
#2758 = DEFINITIONAL_REPRESENTATION('',(#2759),#2763);
#2759 = LINE('',#2760,#2761);
#2760 = CARTESIAN_POINT('',(0.,0.));
#2761 = VECTOR('',#2762,1.);
#2762 = DIRECTION('',(-0.928476690885,0.371390676354));
#2763 = ( GEOMETRIC_REPRESENTATION_CONTEXT(2) 
PARAMETRIC_REPRESENTATION_CONTEXT() REPRESENTATION_CONTEXT('2D SPACE',''
  ) );
#2764 = ORIENTED_EDGE('',*,*,#2765,.T.);
#2765 = EDGE_CURVE('',#2743,#2689,#2766,.T.);
#2766 = SURFACE_CURVE('',#2767,(#2771,#2778),.PCURVE_S1.);
#2767 = LINE('',#2768,#2769);
#2768 = CARTESIAN_POINT('',(-9.401360891341,-39.92363472409,
    658.92877808933));
#2769 = VECTOR('',#2770,1.);
#2770 = DIRECTION('',(-0.866025403784,0.5,1.110223024625E-16));
#2771 = PCURVE('',#2649,#2772);
#2772 = DEFINITIONAL_REPRESENTATION('',(#2773),#2777);
#2773 = LINE('',#2774,#2775);
#2774 = CARTESIAN_POINT('',(2.87,-1.E-01));
#2775 = VECTOR('',#2776,1.);
#2776 = DIRECTION('',(2.111122500793E-17,-1.));
#2777 = ( GEOMETRIC_REPRESENTATION_CONTEXT(2) 
PARAMETRIC_REPRESENTATION_CONTEXT() REPRESENTATION_CONTEXT('2D SPACE',''
  ) );
#2778 = PCURVE('',#2726,#2779);
#2779 = DEFINITIONAL_REPRESENTATION('',(#2780),#2784);
#2780 = LINE('',#2781,#2782);
#2781 = CARTESIAN_POINT('',(5.902678930067,0.));
#2782 = VECTOR('',#2783,1.);
#2783 = DIRECTION('',(0.,1.));
#2784 = ( GEOMETRIC_REPRESENTATION_CONTEXT(2) 
PARAMETRIC_REPRESENTATION_CONTEXT() REPRESENTATION_CONTEXT('2D SPACE',''
  ) );
#2785 = ORIENTED_EDGE('',*,*,#2688,.F.);
#2786 = ADVANCED_FACE('',(#2787),#2623,.F.);
#2787 = FACE_BOUND('',#2788,.F.);
#2788 = EDGE_LOOP('',(#2789,#2812,#2813,#2814));
#2789 = ORIENTED_EDGE('',*,*,#2790,.T.);
#2790 = EDGE_CURVE('',#2791,#2579,#2793,.T.);
#2791 = VERTEX_POINT('',#2792);
#2792 = CARTESIAN_POINT('',(-9.617867242287,-39.79863472409,
    661.06056057161));
#2793 = SURFACE_CURVE('',#2794,(#2798,#2805),.PCURVE_S1.);
#2794 = LINE('',#2795,#2796);
#2795 = CARTESIAN_POINT('',(-9.535503190867,-39.65597600231,
    660.99466933047));
#2796 = VECTOR('',#2797,1.);
#2797 = DIRECTION('',(-0.464238345443,-0.804084401128,0.371390676354));
#2798 = PCURVE('',#2623,#2799);
#2799 = DEFINITIONAL_REPRESENTATION('',(#2800),#2804);
#2800 = LINE('',#2801,#2802);
#2801 = CARTESIAN_POINT('',(2.5,1.));
#2802 = VECTOR('',#2803,1.);
#2803 = DIRECTION('',(0.928476690885,0.371390676354));
#2804 = ( GEOMETRIC_REPRESENTATION_CONTEXT(2) 
PARAMETRIC_REPRESENTATION_CONTEXT() REPRESENTATION_CONTEXT('2D SPACE',''
  ) );
#2805 = PCURVE('',#2594,#2806);
#2806 = DEFINITIONAL_REPRESENTATION('',(#2807),#2811);
#2807 = LINE('',#2808,#2809);
#2808 = CARTESIAN_POINT('',(2.692582403567,-0.35));
#2809 = VECTOR('',#2810,1.);
#2810 = DIRECTION('',(-1.,1.427850322931E-17));
#2811 = ( GEOMETRIC_REPRESENTATION_CONTEXT(2) 
PARAMETRIC_REPRESENTATION_CONTEXT() REPRESENTATION_CONTEXT('2D SPACE',''
  ) );
#2812 = ORIENTED_EDGE('',*,*,#2606,.T.);
#2813 = ORIENTED_EDGE('',*,*,#2742,.T.);
#2814 = ORIENTED_EDGE('',*,*,#2815,.F.);
#2815 = EDGE_CURVE('',#2791,#2743,#2816,.T.);
#2816 = SURFACE_CURVE('',#2817,(#2822,#2829),.PCURVE_S1.);
#2817 = CIRCLE('',#2818,2.87);
#2818 = AXIS2_PLACEMENT_3D('',#2819,#2820,#2821);
#2819 = CARTESIAN_POINT('',(-8.285503190867,-37.49091249285,
    659.99466933047));
#2820 = DIRECTION('',(-0.866025403784,0.5,1.110223024625E-16));
#2821 = DIRECTION('',(-0.5,-0.866025403784,0.));
#2822 = PCURVE('',#2623,#2823);
#2823 = DEFINITIONAL_REPRESENTATION('',(#2824),#2828);
#2824 = CIRCLE('',#2825,2.87);
#2825 = AXIS2_PLACEMENT_2D('',#2826,#2827);
#2826 = CARTESIAN_POINT('',(0.,0.));
#2827 = DIRECTION('',(1.,0.));
#2828 = ( GEOMETRIC_REPRESENTATION_CONTEXT(2) 
PARAMETRIC_REPRESENTATION_CONTEXT() REPRESENTATION_CONTEXT('2D SPACE',''
  ) );
#2829 = PCURVE('',#2726,#2830);
#2830 = DEFINITIONAL_REPRESENTATION('',(#2831),#2835);
#2831 = LINE('',#2832,#2833);
#2832 = CARTESIAN_POINT('',(0.,0.25));
#2833 = VECTOR('',#2834,1.);
#2834 = DIRECTION('',(1.,0.));
#2835 = ( GEOMETRIC_REPRESENTATION_CONTEXT(2) 
PARAMETRIC_REPRESENTATION_CONTEXT() REPRESENTATION_CONTEXT('2D SPACE',''
  ) );
#2836 = ADVANCED_FACE('',(#2837),#2594,.T.);
#2837 = FACE_BOUND('',#2838,.T.);
#2838 = EDGE_LOOP('',(#2839,#2840,#2841,#2842));
#2839 = ORIENTED_EDGE('',*,*,#2790,.T.);
#2840 = ORIENTED_EDGE('',*,*,#2578,.T.);
#2841 = ORIENTED_EDGE('',*,*,#2664,.F.);
#2842 = ORIENTED_EDGE('',*,*,#2843,.F.);
#2843 = EDGE_CURVE('',#2791,#2665,#2844,.T.);
#2844 = SURFACE_CURVE('',#2845,(#2849,#2856),.PCURVE_S1.);
#2845 = LINE('',#2846,#2847);
#2846 = CARTESIAN_POINT('',(-9.401360891341,-39.92363472409,
    661.06056057161));
#2847 = VECTOR('',#2848,1.);
#2848 = DIRECTION('',(-0.866025403784,0.5,1.110223024625E-16));
#2849 = PCURVE('',#2594,#2850);
#2850 = DEFINITIONAL_REPRESENTATION('',(#2851),#2855);
#2851 = LINE('',#2852,#2853);
#2852 = CARTESIAN_POINT('',(2.515164807135,-0.1));
#2853 = VECTOR('',#2854,1.);
#2854 = DIRECTION('',(1.154033686461E-17,-1.));
#2855 = ( GEOMETRIC_REPRESENTATION_CONTEXT(2) 
PARAMETRIC_REPRESENTATION_CONTEXT() REPRESENTATION_CONTEXT('2D SPACE',''
  ) );
#2856 = PCURVE('',#2726,#2857);
#2857 = DEFINITIONAL_REPRESENTATION('',(#2858),#2862);
#2858 = LINE('',#2859,#2860);
#2859 = CARTESIAN_POINT('',(0.380506377112,0.));
#2860 = VECTOR('',#2861,1.);
#2861 = DIRECTION('',(0.,1.));
#2862 = ( GEOMETRIC_REPRESENTATION_CONTEXT(2) 
PARAMETRIC_REPRESENTATION_CONTEXT() REPRESENTATION_CONTEXT('2D SPACE',''
  ) );
#2863 = ADVANCED_FACE('',(#2864),#2726,.F.);
#2864 = FACE_BOUND('',#2865,.F.);
#2865 = EDGE_LOOP('',(#2866,#2867,#2868,#2869));
#2866 = ORIENTED_EDGE('',*,*,#2711,.F.);
#2867 = ORIENTED_EDGE('',*,*,#2843,.F.);
#2868 = ORIENTED_EDGE('',*,*,#2815,.T.);
#2869 = ORIENTED_EDGE('',*,*,#2765,.T.);
#2870 = ( GEOMETRIC_REPRESENTATION_CONTEXT(3) 
GLOBAL_UNCERTAINTY_ASSIGNED_CONTEXT((#2874)) 
GLOBAL_UNIT_ASSIGNED_CONTEXT((#2871,#2872,#2873)) REPRESENTATION_CONTEXT
('Context #1','3D Context with UNIT and UNCERTAINTY') );
#2871 = ( LENGTH_UNIT() NAMED_UNIT(*) SI_UNIT(.MILLI.,.METRE.) );
#2872 = ( NAMED_UNIT(*) PLANE_ANGLE_UNIT() SI_UNIT($,.RADIAN.) );
#2873 = ( NAMED_UNIT(*) SI_UNIT($,.STERADIAN.) SOLID_ANGLE_UNIT() );
#2874 = UNCERTAINTY_MEASURE_WITH_UNIT(LENGTH_MEASURE(2.E-07),#2871,
  'distance_accuracy_value','confusion accuracy');
#2875 = CONTEXT_DEPENDENT_SHAPE_REPRESENTATION(#2876,#2878);
#2876 = ( REPRESENTATION_RELATIONSHIP('','',#2535,#10) 
REPRESENTATION_RELATIONSHIP_WITH_TRANSFORMATION(#2877) 
SHAPE_REPRESENTATION_RELATIONSHIP() );
#2877 = ITEM_DEFINED_TRANSFORMATION('','',#11,#43);
#2878 = PRODUCT_DEFINITION_SHAPE('Placement','Placement of an item',
  #2879);
#2879 = NEXT_ASSEMBLY_USAGE_OCCURRENCE('38','','',#5,#2530,$);
#2880 = PRODUCT_RELATED_PRODUCT_CATEGORY('part',$,(#2532));
#2881 = SHAPE_DEFINITION_REPRESENTATION(#2882,#2888);
#2882 = PRODUCT_DEFINITION_SHAPE('','',#2883);
#2883 = PRODUCT_DEFINITION('design','',#2884,#2887);
#2884 = PRODUCT_DEFINITION_FORMATION('','',#2885);
#2885 = PRODUCT('Open CASCADE STEP translator 7.9 17.9',
  'Open CASCADE STEP translator 7.9 17.9','',(#2886));
#2886 = PRODUCT_CONTEXT('',#2,'mechanical');
#2887 = PRODUCT_DEFINITION_CONTEXT('part definition',#2,'design');
#2888 = ADVANCED_BREP_SHAPE_REPRESENTATION('',(#11,#2889),#3223);
#2889 = MANIFOLD_SOLID_BREP('',#2890);
#2890 = CLOSED_SHELL('',(#2891,#3013,#3090,#3139,#3189,#3216));
#2891 = ADVANCED_FACE('',(#2892),#2907,.T.);
#2892 = FACE_BOUND('',#2893,.T.);
#2893 = EDGE_LOOP('',(#2894,#2930,#2958,#2987));
#2894 = ORIENTED_EDGE('',*,*,#2895,.F.);
#2895 = EDGE_CURVE('',#2896,#2898,#2900,.T.);
#2896 = VERTEX_POINT('',#2897);
#2897 = CARTESIAN_POINT('',(-12.76027428067,-44.64144337264,
    591.41873287827));
#2898 = VERTEX_POINT('',#2899);
#2899 = CARTESIAN_POINT('',(-12.76027428067,-44.64144337264,
    588.98612394815));
#2900 = SURFACE_CURVE('',#2901,(#2906,#2918),.PCURVE_S1.);
#2901 = CIRCLE('',#2902,3.275);
#2902 = AXIS2_PLACEMENT_3D('',#2903,#2904,#2905);
#2903 = CARTESIAN_POINT('',(-11.23989369934,-42.00806695894,
    590.20242841321));
#2904 = DIRECTION('',(-0.866025403784,0.5,1.110223024625E-16));
#2905 = DIRECTION('',(-0.5,-0.866025403784,0.));
#2906 = PCURVE('',#2907,#2912);
#2907 = CYLINDRICAL_SURFACE('',#2908,3.275);
#2908 = AXIS2_PLACEMENT_3D('',#2909,#2910,#2911);
#2909 = CARTESIAN_POINT('',(-10.98008607821,-42.15806695894,
    590.20242841321));
#2910 = DIRECTION('',(-0.866025403784,0.5,1.110223024625E-16));
#2911 = DIRECTION('',(-0.5,-0.866025403784,0.));
#2912 = DEFINITIONAL_REPRESENTATION('',(#2913),#2917);
#2913 = LINE('',#2914,#2915);
#2914 = CARTESIAN_POINT('',(0.,0.3));
#2915 = VECTOR('',#2916,1.);
#2916 = DIRECTION('',(1.,0.));
#2917 = ( GEOMETRIC_REPRESENTATION_CONTEXT(2) 
PARAMETRIC_REPRESENTATION_CONTEXT() REPRESENTATION_CONTEXT('2D SPACE',''
  ) );
#2918 = PCURVE('',#2919,#2924);
#2919 = PLANE('',#2920);
#2920 = AXIS2_PLACEMENT_3D('',#2921,#2922,#2923);
#2921 = CARTESIAN_POINT('',(-11.23989369934,-42.00806695894,
    590.20242841321));
#2922 = DIRECTION('',(-0.866025403784,0.5,1.110223024625E-16));
#2923 = DIRECTION('',(-0.5,-0.866025403784,0.));
#2924 = DEFINITIONAL_REPRESENTATION('',(#2925),#2929);
#2925 = CIRCLE('',#2926,3.275);
#2926 = AXIS2_PLACEMENT_2D('',#2927,#2928);
#2927 = CARTESIAN_POINT('',(0.,0.));
#2928 = DIRECTION('',(1.,0.));
#2929 = ( GEOMETRIC_REPRESENTATION_CONTEXT(2) 
PARAMETRIC_REPRESENTATION_CONTEXT() REPRESENTATION_CONTEXT('2D SPACE',''
  ) );
#2930 = ORIENTED_EDGE('',*,*,#2931,.F.);
#2931 = EDGE_CURVE('',#2932,#2896,#2934,.T.);
#2932 = VERTEX_POINT('',#2933);
#2933 = CARTESIAN_POINT('',(-12.50046665953,-44.79144337264,
    591.41873287827));
#2934 = SURFACE_CURVE('',#2935,(#2939,#2946),.PCURVE_S1.);
#2935 = LINE('',#2936,#2937);
#2936 = CARTESIAN_POINT('',(-12.50046665953,-44.79144337264,
    591.41873287827));
#2937 = VECTOR('',#2938,1.);
#2938 = DIRECTION('',(-0.866025403784,0.5,1.110223024625E-16));
#2939 = PCURVE('',#2907,#2940);
#2940 = DEFINITIONAL_REPRESENTATION('',(#2941),#2945);
#2941 = LINE('',#2942,#2943);
#2942 = CARTESIAN_POINT('',(0.380506377112,0.));
#2943 = VECTOR('',#2944,1.);
#2944 = DIRECTION('',(0.,1.));
#2945 = ( GEOMETRIC_REPRESENTATION_CONTEXT(2) 
PARAMETRIC_REPRESENTATION_CONTEXT() REPRESENTATION_CONTEXT('2D SPACE',''
  ) );
#2946 = PCURVE('',#2947,#2952);
#2947 = PLANE('',#2948);
#2948 = AXIS2_PLACEMENT_3D('',#2949,#2950,#2951);
#2949 = CARTESIAN_POINT('',(-13.17697718689,-46.66319397786,
    592.20242841321));
#2950 = DIRECTION('',(-0.185695338177,-0.321633760451,-0.928476690885));
#2951 = DIRECTION('',(0.464238345443,0.804084401128,-0.371390676354));
#2952 = DEFINITIONAL_REPRESENTATION('',(#2953),#2957);
#2953 = LINE('',#2954,#2955);
#2954 = CARTESIAN_POINT('',(2.110164807135,-0.35));
#2955 = VECTOR('',#2956,1.);
#2956 = DIRECTION('',(1.154033686461E-17,-1.));
#2957 = ( GEOMETRIC_REPRESENTATION_CONTEXT(2) 
PARAMETRIC_REPRESENTATION_CONTEXT() REPRESENTATION_CONTEXT('2D SPACE',''
  ) );
#2958 = ORIENTED_EDGE('',*,*,#2959,.T.);
#2959 = EDGE_CURVE('',#2932,#2960,#2962,.T.);
#2960 = VERTEX_POINT('',#2961);
#2961 = CARTESIAN_POINT('',(-12.50046665953,-44.79144337264,
    588.98612394815));
#2962 = SURFACE_CURVE('',#2963,(#2968,#2975),.PCURVE_S1.);
#2963 = CIRCLE('',#2964,3.275);
#2964 = AXIS2_PLACEMENT_3D('',#2965,#2966,#2967);
#2965 = CARTESIAN_POINT('',(-10.98008607821,-42.15806695894,
    590.20242841321));
#2966 = DIRECTION('',(-0.866025403784,0.5,1.110223024625E-16));
#2967 = DIRECTION('',(-0.5,-0.866025403784,0.));
#2968 = PCURVE('',#2907,#2969);
#2969 = DEFINITIONAL_REPRESENTATION('',(#2970),#2974);
#2970 = LINE('',#2971,#2972);
#2971 = CARTESIAN_POINT('',(0.,0.));
#2972 = VECTOR('',#2973,1.);
#2973 = DIRECTION('',(1.,0.));
#2974 = ( GEOMETRIC_REPRESENTATION_CONTEXT(2) 
PARAMETRIC_REPRESENTATION_CONTEXT() REPRESENTATION_CONTEXT('2D SPACE',''
  ) );
#2975 = PCURVE('',#2976,#2981);
#2976 = PLANE('',#2977);
#2977 = AXIS2_PLACEMENT_3D('',#2978,#2979,#2980);
#2978 = CARTESIAN_POINT('',(-10.98008607821,-42.15806695894,
    590.20242841321));
#2979 = DIRECTION('',(-0.866025403784,0.5,1.110223024625E-16));
#2980 = DIRECTION('',(-0.5,-0.866025403784,0.));
#2981 = DEFINITIONAL_REPRESENTATION('',(#2982),#2986);
#2982 = CIRCLE('',#2983,3.275);
#2983 = AXIS2_PLACEMENT_2D('',#2984,#2985);
#2984 = CARTESIAN_POINT('',(0.,0.));
#2985 = DIRECTION('',(1.,0.));
#2986 = ( GEOMETRIC_REPRESENTATION_CONTEXT(2) 
PARAMETRIC_REPRESENTATION_CONTEXT() REPRESENTATION_CONTEXT('2D SPACE',''
  ) );
#2987 = ORIENTED_EDGE('',*,*,#2988,.T.);
#2988 = EDGE_CURVE('',#2960,#2898,#2989,.T.);
#2989 = SURFACE_CURVE('',#2990,(#2994,#3001),.PCURVE_S1.);
#2990 = LINE('',#2991,#2992);
#2991 = CARTESIAN_POINT('',(-12.50046665953,-44.79144337264,
    588.98612394815));
#2992 = VECTOR('',#2993,1.);
#2993 = DIRECTION('',(-0.866025403784,0.5,1.110223024625E-16));
#2994 = PCURVE('',#2907,#2995);
#2995 = DEFINITIONAL_REPRESENTATION('',(#2996),#3000);
#2996 = LINE('',#2997,#2998);
#2997 = CARTESIAN_POINT('',(5.902678930067,0.));
#2998 = VECTOR('',#2999,1.);
#2999 = DIRECTION('',(0.,1.));
#3000 = ( GEOMETRIC_REPRESENTATION_CONTEXT(2) 
PARAMETRIC_REPRESENTATION_CONTEXT() REPRESENTATION_CONTEXT('2D SPACE',''
  ) );
#3001 = PCURVE('',#3002,#3007);
#3002 = PLANE('',#3003);
#3003 = AXIS2_PLACEMENT_3D('',#3004,#3005,#3006);
#3004 = CARTESIAN_POINT('',(-10.67697718689,-42.33306695894,
    590.20242841321));
#3005 = DIRECTION('',(-0.185695338177,-0.321633760451,0.928476690885));
#3006 = DIRECTION('',(-0.464238345443,-0.804084401128,-0.371390676354));
#3007 = DEFINITIONAL_REPRESENTATION('',(#3008),#3012);
#3008 = LINE('',#3009,#3010);
#3009 = CARTESIAN_POINT('',(3.275,-0.35));
#3010 = VECTOR('',#3011,1.);
#3011 = DIRECTION('',(2.111122500793E-17,-1.));
#3012 = ( GEOMETRIC_REPRESENTATION_CONTEXT(2) 
PARAMETRIC_REPRESENTATION_CONTEXT() REPRESENTATION_CONTEXT('2D SPACE',''
  ) );
#3013 = ADVANCED_FACE('',(#3014),#2919,.T.);
#3014 = FACE_BOUND('',#3015,.T.);
#3015 = EDGE_LOOP('',(#3016,#3039,#3040,#3063));
#3016 = ORIENTED_EDGE('',*,*,#3017,.T.);
#3017 = EDGE_CURVE('',#3018,#2896,#3020,.T.);
#3018 = VERTEX_POINT('',#3019);
#3019 = CARTESIAN_POINT('',(-12.57225775077,-44.31578919018,
    591.26831965435));
#3020 = SURFACE_CURVE('',#3021,(#3025,#3032),.PCURVE_S1.);
#3021 = LINE('',#3022,#3023);
#3022 = CARTESIAN_POINT('',(-12.48989369934,-44.1731304684,
    591.20242841321));
#3023 = VECTOR('',#3024,1.);
#3024 = DIRECTION('',(-0.464238345443,-0.804084401128,0.371390676354));
#3025 = PCURVE('',#2919,#3026);
#3026 = DEFINITIONAL_REPRESENTATION('',(#3027),#3031);
#3027 = LINE('',#3028,#3029);
#3028 = CARTESIAN_POINT('',(2.5,1.));
#3029 = VECTOR('',#3030,1.);
#3030 = DIRECTION('',(0.928476690885,0.371390676354));
#3031 = ( GEOMETRIC_REPRESENTATION_CONTEXT(2) 
PARAMETRIC_REPRESENTATION_CONTEXT() REPRESENTATION_CONTEXT('2D SPACE',''
  ) );
#3032 = PCURVE('',#2947,#3033);
#3033 = DEFINITIONAL_REPRESENTATION('',(#3034),#3038);
#3034 = LINE('',#3035,#3036);
#3035 = CARTESIAN_POINT('',(2.692582403567,-0.65));
#3036 = VECTOR('',#3037,1.);
#3037 = DIRECTION('',(-1.,1.427850322931E-17));
#3038 = ( GEOMETRIC_REPRESENTATION_CONTEXT(2) 
PARAMETRIC_REPRESENTATION_CONTEXT() REPRESENTATION_CONTEXT('2D SPACE',''
  ) );
#3039 = ORIENTED_EDGE('',*,*,#2895,.T.);
#3040 = ORIENTED_EDGE('',*,*,#3041,.T.);
#3041 = EDGE_CURVE('',#2898,#3042,#3044,.T.);
#3042 = VERTEX_POINT('',#3043);
#3043 = CARTESIAN_POINT('',(-12.57225775077,-44.31578919018,
    589.13653717207));
#3044 = SURFACE_CURVE('',#3045,(#3049,#3056),.PCURVE_S1.);
#3045 = LINE('',#3046,#3047);
#3046 = CARTESIAN_POINT('',(-11.23989369934,-42.00806695894,
    590.20242841321));
#3047 = VECTOR('',#3048,1.);
#3048 = DIRECTION('',(0.464238345443,0.804084401128,0.371390676354));
#3049 = PCURVE('',#2919,#3050);
#3050 = DEFINITIONAL_REPRESENTATION('',(#3051),#3055);
#3051 = LINE('',#3052,#3053);
#3052 = CARTESIAN_POINT('',(0.,0.));
#3053 = VECTOR('',#3054,1.);
#3054 = DIRECTION('',(-0.928476690885,0.371390676354));
#3055 = ( GEOMETRIC_REPRESENTATION_CONTEXT(2) 
PARAMETRIC_REPRESENTATION_CONTEXT() REPRESENTATION_CONTEXT('2D SPACE',''
  ) );
#3056 = PCURVE('',#3002,#3057);
#3057 = DEFINITIONAL_REPRESENTATION('',(#3058),#3062);
#3058 = LINE('',#3059,#3060);
#3059 = CARTESIAN_POINT('',(-1.720845688169E-15,-0.65));
#3060 = VECTOR('',#3061,1.);
#3061 = DIRECTION('',(-1.,1.427850322931E-17));
#3062 = ( GEOMETRIC_REPRESENTATION_CONTEXT(2) 
PARAMETRIC_REPRESENTATION_CONTEXT() REPRESENTATION_CONTEXT('2D SPACE',''
  ) );
#3063 = ORIENTED_EDGE('',*,*,#3064,.F.);
#3064 = EDGE_CURVE('',#3018,#3042,#3065,.T.);
#3065 = SURFACE_CURVE('',#3066,(#3071,#3078),.PCURVE_S1.);
#3066 = CIRCLE('',#3067,2.87);
#3067 = AXIS2_PLACEMENT_3D('',#3068,#3069,#3070);
#3068 = CARTESIAN_POINT('',(-11.23989369934,-42.00806695894,
    590.20242841321));
#3069 = DIRECTION('',(-0.866025403784,0.5,1.110223024625E-16));
#3070 = DIRECTION('',(-0.5,-0.866025403784,0.));
#3071 = PCURVE('',#2919,#3072);
#3072 = DEFINITIONAL_REPRESENTATION('',(#3073),#3077);
#3073 = CIRCLE('',#3074,2.87);
#3074 = AXIS2_PLACEMENT_2D('',#3075,#3076);
#3075 = CARTESIAN_POINT('',(0.,0.));
#3076 = DIRECTION('',(1.,0.));
#3077 = ( GEOMETRIC_REPRESENTATION_CONTEXT(2) 
PARAMETRIC_REPRESENTATION_CONTEXT() REPRESENTATION_CONTEXT('2D SPACE',''
  ) );
#3078 = PCURVE('',#3079,#3084);
#3079 = CYLINDRICAL_SURFACE('',#3080,2.87);
#3080 = AXIS2_PLACEMENT_3D('',#3081,#3082,#3083);
#3081 = CARTESIAN_POINT('',(-10.76357972726,-42.28306695894,
    590.20242841321));
#3082 = DIRECTION('',(-0.866025403784,0.5,1.110223024625E-16));
#3083 = DIRECTION('',(-0.5,-0.866025403784,0.));
#3084 = DEFINITIONAL_REPRESENTATION('',(#3085),#3089);
#3085 = LINE('',#3086,#3087);
#3086 = CARTESIAN_POINT('',(0.,0.55));
#3087 = VECTOR('',#3088,1.);
#3088 = DIRECTION('',(1.,0.));
#3089 = ( GEOMETRIC_REPRESENTATION_CONTEXT(2) 
PARAMETRIC_REPRESENTATION_CONTEXT() REPRESENTATION_CONTEXT('2D SPACE',''
  ) );
#3090 = ADVANCED_FACE('',(#3091),#3002,.T.);
#3091 = FACE_BOUND('',#3092,.T.);
#3092 = EDGE_LOOP('',(#3093,#3094,#3117,#3138));
#3093 = ORIENTED_EDGE('',*,*,#2988,.F.);
#3094 = ORIENTED_EDGE('',*,*,#3095,.T.);
#3095 = EDGE_CURVE('',#2960,#3096,#3098,.T.);
#3096 = VERTEX_POINT('',#3097);
#3097 = CARTESIAN_POINT('',(-12.31245012963,-44.46578919018,
    589.13653717207));
#3098 = SURFACE_CURVE('',#3099,(#3103,#3110),.PCURVE_S1.);
#3099 = LINE('',#3100,#3101);
#3100 = CARTESIAN_POINT('',(-10.98008607821,-42.15806695894,
    590.20242841321));
#3101 = VECTOR('',#3102,1.);
#3102 = DIRECTION('',(0.464238345443,0.804084401128,0.371390676354));
#3103 = PCURVE('',#3002,#3104);
#3104 = DEFINITIONAL_REPRESENTATION('',(#3105),#3109);
#3105 = LINE('',#3106,#3107);
#3106 = CARTESIAN_POINT('',(-3.191891195797E-15,-0.35));
#3107 = VECTOR('',#3108,1.);
#3108 = DIRECTION('',(-1.,1.427850322931E-17));
#3109 = ( GEOMETRIC_REPRESENTATION_CONTEXT(2) 
PARAMETRIC_REPRESENTATION_CONTEXT() REPRESENTATION_CONTEXT('2D SPACE',''
  ) );
#3110 = PCURVE('',#2976,#3111);
#3111 = DEFINITIONAL_REPRESENTATION('',(#3112),#3116);
#3112 = LINE('',#3113,#3114);
#3113 = CARTESIAN_POINT('',(0.,0.));
#3114 = VECTOR('',#3115,1.);
#3115 = DIRECTION('',(-0.928476690885,0.371390676354));
#3116 = ( GEOMETRIC_REPRESENTATION_CONTEXT(2) 
PARAMETRIC_REPRESENTATION_CONTEXT() REPRESENTATION_CONTEXT('2D SPACE',''
  ) );
#3117 = ORIENTED_EDGE('',*,*,#3118,.T.);
#3118 = EDGE_CURVE('',#3096,#3042,#3119,.T.);
#3119 = SURFACE_CURVE('',#3120,(#3124,#3131),.PCURVE_S1.);
#3120 = LINE('',#3121,#3122);
#3121 = CARTESIAN_POINT('',(-12.09594377868,-44.59078919018,
    589.13653717207));
#3122 = VECTOR('',#3123,1.);
#3123 = DIRECTION('',(-0.866025403784,0.5,1.110223024625E-16));
#3124 = PCURVE('',#3002,#3125);
#3125 = DEFINITIONAL_REPRESENTATION('',(#3126),#3130);
#3126 = LINE('',#3127,#3128);
#3127 = CARTESIAN_POINT('',(2.87,-0.1));
#3128 = VECTOR('',#3129,1.);
#3129 = DIRECTION('',(2.111122500793E-17,-1.));
#3130 = ( GEOMETRIC_REPRESENTATION_CONTEXT(2) 
PARAMETRIC_REPRESENTATION_CONTEXT() REPRESENTATION_CONTEXT('2D SPACE',''
  ) );
#3131 = PCURVE('',#3079,#3132);
#3132 = DEFINITIONAL_REPRESENTATION('',(#3133),#3137);
#3133 = LINE('',#3134,#3135);
#3134 = CARTESIAN_POINT('',(5.902678930067,0.));
#3135 = VECTOR('',#3136,1.);
#3136 = DIRECTION('',(0.,1.));
#3137 = ( GEOMETRIC_REPRESENTATION_CONTEXT(2) 
PARAMETRIC_REPRESENTATION_CONTEXT() REPRESENTATION_CONTEXT('2D SPACE',''
  ) );
#3138 = ORIENTED_EDGE('',*,*,#3041,.F.);
#3139 = ADVANCED_FACE('',(#3140),#2976,.F.);
#3140 = FACE_BOUND('',#3141,.F.);
#3141 = EDGE_LOOP('',(#3142,#3165,#3166,#3167));
#3142 = ORIENTED_EDGE('',*,*,#3143,.T.);
#3143 = EDGE_CURVE('',#3144,#2932,#3146,.T.);
#3144 = VERTEX_POINT('',#3145);
#3145 = CARTESIAN_POINT('',(-12.31245012963,-44.46578919018,
    591.26831965435));
#3146 = SURFACE_CURVE('',#3147,(#3151,#3158),.PCURVE_S1.);
#3147 = LINE('',#3148,#3149);
#3148 = CARTESIAN_POINT('',(-12.23008607821,-44.3231304684,
    591.20242841321));
#3149 = VECTOR('',#3150,1.);
#3150 = DIRECTION('',(-0.464238345443,-0.804084401128,0.371390676354));
#3151 = PCURVE('',#2976,#3152);
#3152 = DEFINITIONAL_REPRESENTATION('',(#3153),#3157);
#3153 = LINE('',#3154,#3155);
#3154 = CARTESIAN_POINT('',(2.5,1.));
#3155 = VECTOR('',#3156,1.);
#3156 = DIRECTION('',(0.928476690885,0.371390676354));
#3157 = ( GEOMETRIC_REPRESENTATION_CONTEXT(2) 
PARAMETRIC_REPRESENTATION_CONTEXT() REPRESENTATION_CONTEXT('2D SPACE',''
  ) );
#3158 = PCURVE('',#2947,#3159);
#3159 = DEFINITIONAL_REPRESENTATION('',(#3160),#3164);
#3160 = LINE('',#3161,#3162);
#3161 = CARTESIAN_POINT('',(2.692582403567,-0.35));
#3162 = VECTOR('',#3163,1.);
#3163 = DIRECTION('',(-1.,1.427850322931E-17));
#3164 = ( GEOMETRIC_REPRESENTATION_CONTEXT(2) 
PARAMETRIC_REPRESENTATION_CONTEXT() REPRESENTATION_CONTEXT('2D SPACE',''
  ) );
#3165 = ORIENTED_EDGE('',*,*,#2959,.T.);
#3166 = ORIENTED_EDGE('',*,*,#3095,.T.);
#3167 = ORIENTED_EDGE('',*,*,#3168,.F.);
#3168 = EDGE_CURVE('',#3144,#3096,#3169,.T.);
#3169 = SURFACE_CURVE('',#3170,(#3175,#3182),.PCURVE_S1.);
#3170 = CIRCLE('',#3171,2.87);
#3171 = AXIS2_PLACEMENT_3D('',#3172,#3173,#3174);
#3172 = CARTESIAN_POINT('',(-10.98008607821,-42.15806695894,
    590.20242841321));
#3173 = DIRECTION('',(-0.866025403784,0.5,1.110223024625E-16));
#3174 = DIRECTION('',(-0.5,-0.866025403784,0.));
#3175 = PCURVE('',#2976,#3176);
#3176 = DEFINITIONAL_REPRESENTATION('',(#3177),#3181);
#3177 = CIRCLE('',#3178,2.87);
#3178 = AXIS2_PLACEMENT_2D('',#3179,#3180);
#3179 = CARTESIAN_POINT('',(0.,0.));
#3180 = DIRECTION('',(1.,0.));
#3181 = ( GEOMETRIC_REPRESENTATION_CONTEXT(2) 
PARAMETRIC_REPRESENTATION_CONTEXT() REPRESENTATION_CONTEXT('2D SPACE',''
  ) );
#3182 = PCURVE('',#3079,#3183);
#3183 = DEFINITIONAL_REPRESENTATION('',(#3184),#3188);
#3184 = LINE('',#3185,#3186);
#3185 = CARTESIAN_POINT('',(0.,0.25));
#3186 = VECTOR('',#3187,1.);
#3187 = DIRECTION('',(1.,0.));
#3188 = ( GEOMETRIC_REPRESENTATION_CONTEXT(2) 
PARAMETRIC_REPRESENTATION_CONTEXT() REPRESENTATION_CONTEXT('2D SPACE',''
  ) );
#3189 = ADVANCED_FACE('',(#3190),#2947,.T.);
#3190 = FACE_BOUND('',#3191,.T.);
#3191 = EDGE_LOOP('',(#3192,#3193,#3194,#3195));
#3192 = ORIENTED_EDGE('',*,*,#3143,.T.);
#3193 = ORIENTED_EDGE('',*,*,#2931,.T.);
#3194 = ORIENTED_EDGE('',*,*,#3017,.F.);
#3195 = ORIENTED_EDGE('',*,*,#3196,.F.);
#3196 = EDGE_CURVE('',#3144,#3018,#3197,.T.);
#3197 = SURFACE_CURVE('',#3198,(#3202,#3209),.PCURVE_S1.);
#3198 = LINE('',#3199,#3200);
#3199 = CARTESIAN_POINT('',(-12.09594377868,-44.59078919018,
    591.26831965435));
#3200 = VECTOR('',#3201,1.);
#3201 = DIRECTION('',(-0.866025403784,0.5,1.110223024625E-16));
#3202 = PCURVE('',#2947,#3203);
#3203 = DEFINITIONAL_REPRESENTATION('',(#3204),#3208);
#3204 = LINE('',#3205,#3206);
#3205 = CARTESIAN_POINT('',(2.515164807135,-0.1));
#3206 = VECTOR('',#3207,1.);
#3207 = DIRECTION('',(1.154033686461E-17,-1.));
#3208 = ( GEOMETRIC_REPRESENTATION_CONTEXT(2) 
PARAMETRIC_REPRESENTATION_CONTEXT() REPRESENTATION_CONTEXT('2D SPACE',''
  ) );
#3209 = PCURVE('',#3079,#3210);
#3210 = DEFINITIONAL_REPRESENTATION('',(#3211),#3215);
#3211 = LINE('',#3212,#3213);
#3212 = CARTESIAN_POINT('',(0.380506377112,0.));
#3213 = VECTOR('',#3214,1.);
#3214 = DIRECTION('',(0.,1.));
#3215 = ( GEOMETRIC_REPRESENTATION_CONTEXT(2) 
PARAMETRIC_REPRESENTATION_CONTEXT() REPRESENTATION_CONTEXT('2D SPACE',''
  ) );
#3216 = ADVANCED_FACE('',(#3217),#3079,.F.);
#3217 = FACE_BOUND('',#3218,.F.);
#3218 = EDGE_LOOP('',(#3219,#3220,#3221,#3222));
#3219 = ORIENTED_EDGE('',*,*,#3064,.F.);
#3220 = ORIENTED_EDGE('',*,*,#3196,.F.);
#3221 = ORIENTED_EDGE('',*,*,#3168,.T.);
#3222 = ORIENTED_EDGE('',*,*,#3118,.T.);
#3223 = ( GEOMETRIC_REPRESENTATION_CONTEXT(3) 
GLOBAL_UNCERTAINTY_ASSIGNED_CONTEXT((#3227)) 
GLOBAL_UNIT_ASSIGNED_CONTEXT((#3224,#3225,#3226)) REPRESENTATION_CONTEXT
('Context #1','3D Context with UNIT and UNCERTAINTY') );
#3224 = ( LENGTH_UNIT() NAMED_UNIT(*) SI_UNIT(.MILLI.,.METRE.) );
#3225 = ( NAMED_UNIT(*) PLANE_ANGLE_UNIT() SI_UNIT($,.RADIAN.) );
#3226 = ( NAMED_UNIT(*) SI_UNIT($,.STERADIAN.) SOLID_ANGLE_UNIT() );
#3227 = UNCERTAINTY_MEASURE_WITH_UNIT(LENGTH_MEASURE(2.E-07),#3224,
  'distance_accuracy_value','confusion accuracy');
#3228 = CONTEXT_DEPENDENT_SHAPE_REPRESENTATION(#3229,#3231);
#3229 = ( REPRESENTATION_RELATIONSHIP('','',#2888,#10) 
REPRESENTATION_RELATIONSHIP_WITH_TRANSFORMATION(#3230) 
SHAPE_REPRESENTATION_RELATIONSHIP() );
#3230 = ITEM_DEFINED_TRANSFORMATION('','',#11,#47);
#3231 = PRODUCT_DEFINITION_SHAPE('Placement','Placement of an item',
  #3232);
#3232 = NEXT_ASSEMBLY_USAGE_OCCURRENCE('39','','',#5,#2883,$);
#3233 = PRODUCT_RELATED_PRODUCT_CATEGORY('part',$,(#2885));
ENDSEC;
END-ISO-10303-21;
