ISO-10303-21;
HEADER;
FILE_DESCRIPTION(('Open CASCADE Model'),'2;1');
FILE_NAME('WP02-034_COVER_SEQUENCED_ARM_STOW_LATCH_SET_STOWED_LOCAL','2026-08-18T00:00:00',('STINGRAY DF8 WP02'),(
    'Open CASCADE'),'Open CASCADE STEP processor 7.9','Open CASCADE 7.9'
  ,'Unknown');
FILE_SCHEMA((
'AP242_MANAGED_MODEL_BASED_3D_ENGINEERING_MIM_LF {1 0 10303 442 1 1 4 }'
    ));
ENDSEC;
DATA;
#1 = APPLICATION_PROTOCOL_DEFINITION('international standard',
  'ap242_managed_model_based_3d_engineering',2013,#2);
#2 = APPLICATION_CONTEXT('Managed model based 3d engineering');
#3 = SHAPE_DEFINITION_REPRESENTATION(#4,#10);
#4 = PRODUCT_DEFINITION_SHAPE('','',#5);
#5 = PRODUCT_DEFINITION('design','',#6,#9);
#6 = PRODUCT_DEFINITION_FORMATION('','',#7);
#7 = PRODUCT('Open CASCADE STEP translator 7.9 39',
  'Open CASCADE STEP translator 7.9 39','',(#8));
#8 = PRODUCT_CONTEXT('',#2,'mechanical');
#9 = PRODUCT_DEFINITION_CONTEXT('part definition',#2,'design');
#10 = SHAPE_REPRESENTATION('',(#11,#15,#19,#23),#27);
#11 = AXIS2_PLACEMENT_3D('',#12,#13,#14);
#12 = CARTESIAN_POINT('',(0.,0.,0.));
#13 = DIRECTION('',(0.,0.,1.));
#14 = DIRECTION('',(1.,0.,-0.));
#15 = AXIS2_PLACEMENT_3D('',#16,#17,#18);
#16 = CARTESIAN_POINT('',(0.,0.,0.));
#17 = DIRECTION('',(0.,0.,1.));
#18 = DIRECTION('',(1.,0.,-0.));
#19 = AXIS2_PLACEMENT_3D('',#20,#21,#22);
#20 = CARTESIAN_POINT('',(0.,0.,0.));
#21 = DIRECTION('',(0.,0.,1.));
#22 = DIRECTION('',(1.,0.,-0.));
#23 = AXIS2_PLACEMENT_3D('',#24,#25,#26);
#24 = CARTESIAN_POINT('',(0.,0.,0.));
#25 = DIRECTION('',(0.,0.,1.));
#26 = DIRECTION('',(1.,0.,-0.));
#27 = ( GEOMETRIC_REPRESENTATION_CONTEXT(3) 
GLOBAL_UNCERTAINTY_ASSIGNED_CONTEXT((#31)) GLOBAL_UNIT_ASSIGNED_CONTEXT(
(#28,#29,#30)) REPRESENTATION_CONTEXT('Context #1',
  '3D Context with UNIT and UNCERTAINTY') );
#28 = ( LENGTH_UNIT() NAMED_UNIT(*) SI_UNIT(.MILLI.,.METRE.) );
#29 = ( NAMED_UNIT(*) PLANE_ANGLE_UNIT() SI_UNIT($,.RADIAN.) );
#30 = ( NAMED_UNIT(*) SI_UNIT($,.STERADIAN.) SOLID_ANGLE_UNIT() );
#31 = UNCERTAINTY_MEASURE_WITH_UNIT(LENGTH_MEASURE(1.E-07),#28,
  'distance_accuracy_value','confusion accuracy');
#32 = PRODUCT_RELATED_PRODUCT_CATEGORY('part',$,(#7));
#33 = SHAPE_DEFINITION_REPRESENTATION(#34,#40);
#34 = PRODUCT_DEFINITION_SHAPE('','',#35);
#35 = PRODUCT_DEFINITION('design','',#36,#39);
#36 = PRODUCT_DEFINITION_FORMATION('','',#37);
#37 = PRODUCT('Open CASCADE STEP translator 7.9 39.1',
  'Open CASCADE STEP translator 7.9 39.1','',(#38));
#38 = PRODUCT_CONTEXT('',#2,'mechanical');
#39 = PRODUCT_DEFINITION_CONTEXT('part definition',#2,'design');
#40 = ADVANCED_BREP_SHAPE_REPRESENTATION('',(#11,#41),#983);
#41 = MANIFOLD_SOLID_BREP('',#42);
#42 = CLOSED_SHELL('',(#43,#243,#247,#251,#325,#430,#479,#557,#643,#673,
    #722,#771,#849,#922,#949,#976));
#43 = ADVANCED_FACE('',(#44,#131),#58,.T.);
#44 = FACE_BOUND('',#45,.T.);
#45 = EDGE_LOOP('',(#46,#76,#103,#104));
#46 = ORIENTED_EDGE('',*,*,#47,.T.);
#47 = EDGE_CURVE('',#48,#50,#52,.T.);
#48 = VERTEX_POINT('',#49);
#49 = CARTESIAN_POINT('',(49.,-2.5,1.068733747393E+03));
#50 = VERTEX_POINT('',#51);
#51 = CARTESIAN_POINT('',(49.,2.5,1.068733747393E+03));
#52 = SEAM_CURVE('',#53,(#57,#69),.PCURVE_S1.);
#53 = LINE('',#54,#55);
#54 = CARTESIAN_POINT('',(49.,-2.5,1.068733747393E+03));
#55 = VECTOR('',#56,1.);
#56 = DIRECTION('',(0.,1.,0.));
#57 = PCURVE('',#58,#63);
#58 = CYLINDRICAL_SURFACE('',#59,1.8);
#59 = AXIS2_PLACEMENT_3D('',#60,#61,#62);
#60 = CARTESIAN_POINT('',(49.,-2.5,1.066933747393E+03));
#61 = DIRECTION('',(-0.,1.,0.));
#62 = DIRECTION('',(0.,0.,1.));
#63 = DEFINITIONAL_REPRESENTATION('',(#64),#68);
#64 = LINE('',#65,#66);
#65 = CARTESIAN_POINT('',(6.28318530718,-0.));
#66 = VECTOR('',#67,1.);
#67 = DIRECTION('',(0.,1.));
#68 = ( GEOMETRIC_REPRESENTATION_CONTEXT(2) 
PARAMETRIC_REPRESENTATION_CONTEXT() REPRESENTATION_CONTEXT('2D SPACE',''
  ) );
#69 = PCURVE('',#58,#70);
#70 = DEFINITIONAL_REPRESENTATION('',(#71),#75);
#71 = LINE('',#72,#73);
#72 = CARTESIAN_POINT('',(0.,-0.));
#73 = VECTOR('',#74,1.);
#74 = DIRECTION('',(0.,1.));
#75 = ( GEOMETRIC_REPRESENTATION_CONTEXT(2) 
PARAMETRIC_REPRESENTATION_CONTEXT() REPRESENTATION_CONTEXT('2D SPACE',''
  ) );
#76 = ORIENTED_EDGE('',*,*,#77,.F.);
#77 = EDGE_CURVE('',#50,#50,#78,.T.);
#78 = SURFACE_CURVE('',#79,(#84,#91),.PCURVE_S1.);
#79 = CIRCLE('',#80,1.8);
#80 = AXIS2_PLACEMENT_3D('',#81,#82,#83);
#81 = CARTESIAN_POINT('',(49.,2.5,1.066933747393E+03));
#82 = DIRECTION('',(-0.,1.,0.));
#83 = DIRECTION('',(0.,0.,1.));
#84 = PCURVE('',#58,#85);
#85 = DEFINITIONAL_REPRESENTATION('',(#86),#90);
#86 = LINE('',#87,#88);
#87 = CARTESIAN_POINT('',(0.,5.));
#88 = VECTOR('',#89,1.);
#89 = DIRECTION('',(1.,0.));
#90 = ( GEOMETRIC_REPRESENTATION_CONTEXT(2) 
PARAMETRIC_REPRESENTATION_CONTEXT() REPRESENTATION_CONTEXT('2D SPACE',''
  ) );
#91 = PCURVE('',#92,#97);
#92 = PLANE('',#93);
#93 = AXIS2_PLACEMENT_3D('',#94,#95,#96);
#94 = CARTESIAN_POINT('',(49.,2.5,1.066933747393E+03));
#95 = DIRECTION('',(-0.,1.,0.));
#96 = DIRECTION('',(0.,0.,1.));
#97 = DEFINITIONAL_REPRESENTATION('',(#98),#102);
#98 = CIRCLE('',#99,1.8);
#99 = AXIS2_PLACEMENT_2D('',#100,#101);
#100 = CARTESIAN_POINT('',(0.,0.));
#101 = DIRECTION('',(1.,0.));
#102 = ( GEOMETRIC_REPRESENTATION_CONTEXT(2) 
PARAMETRIC_REPRESENTATION_CONTEXT() REPRESENTATION_CONTEXT('2D SPACE',''
  ) );
#103 = ORIENTED_EDGE('',*,*,#47,.F.);
#104 = ORIENTED_EDGE('',*,*,#105,.T.);
#105 = EDGE_CURVE('',#48,#48,#106,.T.);
#106 = SURFACE_CURVE('',#107,(#112,#119),.PCURVE_S1.);
#107 = CIRCLE('',#108,1.8);
#108 = AXIS2_PLACEMENT_3D('',#109,#110,#111);
#109 = CARTESIAN_POINT('',(49.,-2.5,1.066933747393E+03));
#110 = DIRECTION('',(-0.,1.,0.));
#111 = DIRECTION('',(0.,0.,1.));
#112 = PCURVE('',#58,#113);
#113 = DEFINITIONAL_REPRESENTATION('',(#114),#118);
#114 = LINE('',#115,#116);
#115 = CARTESIAN_POINT('',(0.,0.));
#116 = VECTOR('',#117,1.);
#117 = DIRECTION('',(1.,0.));
#118 = ( GEOMETRIC_REPRESENTATION_CONTEXT(2) 
PARAMETRIC_REPRESENTATION_CONTEXT() REPRESENTATION_CONTEXT('2D SPACE',''
  ) );
#119 = PCURVE('',#120,#125);
#120 = PLANE('',#121);
#121 = AXIS2_PLACEMENT_3D('',#122,#123,#124);
#122 = CARTESIAN_POINT('',(49.,-2.5,1.066933747393E+03));
#123 = DIRECTION('',(-0.,1.,0.));
#124 = DIRECTION('',(0.,0.,1.));
#125 = DEFINITIONAL_REPRESENTATION('',(#126),#130);
#126 = CIRCLE('',#127,1.8);
#127 = AXIS2_PLACEMENT_2D('',#128,#129);
#128 = CARTESIAN_POINT('',(0.,0.));
#129 = DIRECTION('',(1.,0.));
#130 = ( GEOMETRIC_REPRESENTATION_CONTEXT(2) 
PARAMETRIC_REPRESENTATION_CONTEXT() REPRESENTATION_CONTEXT('2D SPACE',''
  ) );
#131 = FACE_BOUND('',#132,.T.);
#132 = EDGE_LOOP('',(#133,#161,#190,#216));
#133 = ORIENTED_EDGE('',*,*,#134,.F.);
#134 = EDGE_CURVE('',#135,#137,#139,.T.);
#135 = VERTEX_POINT('',#136);
#136 = CARTESIAN_POINT('',(48.4,-1.6,1.065236691118E+03));
#137 = VERTEX_POINT('',#138);
#138 = CARTESIAN_POINT('',(48.4,1.6,1.065236691118E+03));
#139 = SURFACE_CURVE('',#140,(#144,#150),.PCURVE_S1.);
#140 = LINE('',#141,#142);
#141 = CARTESIAN_POINT('',(48.4,-2.5,1.065236691118E+03));
#142 = VECTOR('',#143,1.);
#143 = DIRECTION('',(-0.,1.,0.));
#144 = PCURVE('',#58,#145);
#145 = DEFINITIONAL_REPRESENTATION('',(#146),#149);
#146 = B_SPLINE_CURVE_WITH_KNOTS('',1,(#147,#148),.UNSPECIFIED.,.F.,.F.,
  (2,2),(0.58,4.42),.PIECEWISE_BEZIER_KNOTS.);
#147 = CARTESIAN_POINT('',(3.481429563044,0.58));
#148 = CARTESIAN_POINT('',(3.481429563044,4.42));
#149 = ( GEOMETRIC_REPRESENTATION_CONTEXT(2) 
PARAMETRIC_REPRESENTATION_CONTEXT() REPRESENTATION_CONTEXT('2D SPACE',''
  ) );
#150 = PCURVE('',#151,#156);
#151 = PLANE('',#152);
#152 = AXIS2_PLACEMENT_3D('',#153,#154,#155);
#153 = CARTESIAN_POINT('',(48.4,-1.6,1.062433747393E+03));
#154 = DIRECTION('',(1.,0.,0.));
#155 = DIRECTION('',(0.,0.,1.));
#156 = DEFINITIONAL_REPRESENTATION('',(#157),#160);
#157 = B_SPLINE_CURVE_WITH_KNOTS('',1,(#158,#159),.UNSPECIFIED.,.F.,.F.,
  (2,2),(0.58,4.42),.PIECEWISE_BEZIER_KNOTS.);
#158 = CARTESIAN_POINT('',(2.802943725152,0.32));
#159 = CARTESIAN_POINT('',(2.802943725152,-3.52));
#160 = ( GEOMETRIC_REPRESENTATION_CONTEXT(2) 
PARAMETRIC_REPRESENTATION_CONTEXT() REPRESENTATION_CONTEXT('2D SPACE',''
  ) );
#161 = ORIENTED_EDGE('',*,*,#162,.F.);
#162 = EDGE_CURVE('',#163,#135,#165,.T.);
#163 = VERTEX_POINT('',#164);
#164 = CARTESIAN_POINT('',(49.5,-1.6,1.065204585746E+03));
#165 = SURFACE_CURVE('',#166,(#171,#178),.PCURVE_S1.);
#166 = CIRCLE('',#167,1.8);
#167 = AXIS2_PLACEMENT_3D('',#168,#169,#170);
#168 = CARTESIAN_POINT('',(49.,-1.6,1.066933747393E+03));
#169 = DIRECTION('',(-0.,1.,0.));
#170 = DIRECTION('',(0.,0.,1.));
#171 = PCURVE('',#58,#172);
#172 = DEFINITIONAL_REPRESENTATION('',(#173),#177);
#173 = LINE('',#174,#175);
#174 = CARTESIAN_POINT('',(0.,0.9));
#175 = VECTOR('',#176,1.);
#176 = DIRECTION('',(1.,0.));
#177 = ( GEOMETRIC_REPRESENTATION_CONTEXT(2) 
PARAMETRIC_REPRESENTATION_CONTEXT() REPRESENTATION_CONTEXT('2D SPACE',''
  ) );
#178 = PCURVE('',#179,#184);
#179 = PLANE('',#180);
#180 = AXIS2_PLACEMENT_3D('',#181,#182,#183);
#181 = CARTESIAN_POINT('',(48.4,-1.6,1.062433747393E+03));
#182 = DIRECTION('',(0.,1.,0.));
#183 = DIRECTION('',(0.,0.,1.));
#184 = DEFINITIONAL_REPRESENTATION('',(#185),#189);
#185 = CIRCLE('',#186,1.8);
#186 = AXIS2_PLACEMENT_2D('',#187,#188);
#187 = CARTESIAN_POINT('',(4.5,0.6));
#188 = DIRECTION('',(1.,0.));
#189 = ( GEOMETRIC_REPRESENTATION_CONTEXT(2) 
PARAMETRIC_REPRESENTATION_CONTEXT() REPRESENTATION_CONTEXT('2D SPACE',''
  ) );
#190 = ORIENTED_EDGE('',*,*,#191,.T.);
#191 = EDGE_CURVE('',#163,#192,#194,.T.);
#192 = VERTEX_POINT('',#193);
#193 = CARTESIAN_POINT('',(49.5,1.6,1.065204585746E+03));
#194 = SURFACE_CURVE('',#195,(#199,#205),.PCURVE_S1.);
#195 = LINE('',#196,#197);
#196 = CARTESIAN_POINT('',(49.5,-2.5,1.065204585746E+03));
#197 = VECTOR('',#198,1.);
#198 = DIRECTION('',(-0.,1.,0.));
#199 = PCURVE('',#58,#200);
#200 = DEFINITIONAL_REPRESENTATION('',(#201),#204);
#201 = B_SPLINE_CURVE_WITH_KNOTS('',1,(#202,#203),.UNSPECIFIED.,.F.,.F.,
  (2,2),(0.58,4.42),.PIECEWISE_BEZIER_KNOTS.);
#202 = CARTESIAN_POINT('',(2.860112580359,0.58));
#203 = CARTESIAN_POINT('',(2.860112580359,4.42));
#204 = ( GEOMETRIC_REPRESENTATION_CONTEXT(2) 
PARAMETRIC_REPRESENTATION_CONTEXT() REPRESENTATION_CONTEXT('2D SPACE',''
  ) );
#205 = PCURVE('',#206,#211);
#206 = PLANE('',#207);
#207 = AXIS2_PLACEMENT_3D('',#208,#209,#210);
#208 = CARTESIAN_POINT('',(49.5,-1.6,1.062433747393E+03));
#209 = DIRECTION('',(1.,0.,0.));
#210 = DIRECTION('',(0.,0.,1.));
#211 = DEFINITIONAL_REPRESENTATION('',(#212),#215);
#212 = B_SPLINE_CURVE_WITH_KNOTS('',1,(#213,#214),.UNSPECIFIED.,.F.,.F.,
  (2,2),(0.58,4.42),.PIECEWISE_BEZIER_KNOTS.);
#213 = CARTESIAN_POINT('',(2.770838353421,0.32));
#214 = CARTESIAN_POINT('',(2.770838353421,-3.52));
#215 = ( GEOMETRIC_REPRESENTATION_CONTEXT(2) 
PARAMETRIC_REPRESENTATION_CONTEXT() REPRESENTATION_CONTEXT('2D SPACE',''
  ) );
#216 = ORIENTED_EDGE('',*,*,#217,.T.);
#217 = EDGE_CURVE('',#192,#137,#218,.T.);
#218 = SURFACE_CURVE('',#219,(#224,#231),.PCURVE_S1.);
#219 = CIRCLE('',#220,1.8);
#220 = AXIS2_PLACEMENT_3D('',#221,#222,#223);
#221 = CARTESIAN_POINT('',(49.,1.6,1.066933747393E+03));
#222 = DIRECTION('',(-0.,1.,0.));
#223 = DIRECTION('',(0.,0.,1.));
#224 = PCURVE('',#58,#225);
#225 = DEFINITIONAL_REPRESENTATION('',(#226),#230);
#226 = LINE('',#227,#228);
#227 = CARTESIAN_POINT('',(0.,4.1));
#228 = VECTOR('',#229,1.);
#229 = DIRECTION('',(1.,0.));
#230 = ( GEOMETRIC_REPRESENTATION_CONTEXT(2) 
PARAMETRIC_REPRESENTATION_CONTEXT() REPRESENTATION_CONTEXT('2D SPACE',''
  ) );
#231 = PCURVE('',#232,#237);
#232 = PLANE('',#233);
#233 = AXIS2_PLACEMENT_3D('',#234,#235,#236);
#234 = CARTESIAN_POINT('',(48.4,1.6,1.062433747393E+03));
#235 = DIRECTION('',(0.,1.,0.));
#236 = DIRECTION('',(0.,0.,1.));
#237 = DEFINITIONAL_REPRESENTATION('',(#238),#242);
#238 = CIRCLE('',#239,1.8);
#239 = AXIS2_PLACEMENT_2D('',#240,#241);
#240 = CARTESIAN_POINT('',(4.5,0.6));
#241 = DIRECTION('',(1.,0.));
#242 = ( GEOMETRIC_REPRESENTATION_CONTEXT(2) 
PARAMETRIC_REPRESENTATION_CONTEXT() REPRESENTATION_CONTEXT('2D SPACE',''
  ) );
#243 = ADVANCED_FACE('',(#244),#120,.F.);
#244 = FACE_BOUND('',#245,.T.);
#245 = EDGE_LOOP('',(#246));
#246 = ORIENTED_EDGE('',*,*,#105,.F.);
#247 = ADVANCED_FACE('',(#248),#92,.T.);
#248 = FACE_BOUND('',#249,.T.);
#249 = EDGE_LOOP('',(#250));
#250 = ORIENTED_EDGE('',*,*,#77,.T.);
#251 = ADVANCED_FACE('',(#252),#151,.F.);
#252 = FACE_BOUND('',#253,.F.);
#253 = EDGE_LOOP('',(#254,#277,#303,#324));
#254 = ORIENTED_EDGE('',*,*,#255,.F.);
#255 = EDGE_CURVE('',#256,#135,#258,.T.);
#256 = VERTEX_POINT('',#257);
#257 = CARTESIAN_POINT('',(48.4,-1.6,1.063433747393E+03));
#258 = SURFACE_CURVE('',#259,(#263,#270),.PCURVE_S1.);
#259 = LINE('',#260,#261);
#260 = CARTESIAN_POINT('',(48.4,-1.6,1.062433747393E+03));
#261 = VECTOR('',#262,1.);
#262 = DIRECTION('',(0.,0.,1.));
#263 = PCURVE('',#151,#264);
#264 = DEFINITIONAL_REPRESENTATION('',(#265),#269);
#265 = LINE('',#266,#267);
#266 = CARTESIAN_POINT('',(0.,0.));
#267 = VECTOR('',#268,1.);
#268 = DIRECTION('',(1.,0.));
#269 = ( GEOMETRIC_REPRESENTATION_CONTEXT(2) 
PARAMETRIC_REPRESENTATION_CONTEXT() REPRESENTATION_CONTEXT('2D SPACE',''
  ) );
#270 = PCURVE('',#179,#271);
#271 = DEFINITIONAL_REPRESENTATION('',(#272),#276);
#272 = LINE('',#273,#274);
#273 = CARTESIAN_POINT('',(0.,0.));
#274 = VECTOR('',#275,1.);
#275 = DIRECTION('',(1.,0.));
#276 = ( GEOMETRIC_REPRESENTATION_CONTEXT(2) 
PARAMETRIC_REPRESENTATION_CONTEXT() REPRESENTATION_CONTEXT('2D SPACE',''
  ) );
#277 = ORIENTED_EDGE('',*,*,#278,.T.);
#278 = EDGE_CURVE('',#256,#279,#281,.T.);
#279 = VERTEX_POINT('',#280);
#280 = CARTESIAN_POINT('',(48.4,1.6,1.063433747393E+03));
#281 = SURFACE_CURVE('',#282,(#286,#292),.PCURVE_S1.);
#282 = LINE('',#283,#284);
#283 = CARTESIAN_POINT('',(48.4,-1.6,1.063433747393E+03));
#284 = VECTOR('',#285,1.);
#285 = DIRECTION('',(0.,1.,0.));
#286 = PCURVE('',#151,#287);
#287 = DEFINITIONAL_REPRESENTATION('',(#288),#291);
#288 = B_SPLINE_CURVE_WITH_KNOTS('',1,(#289,#290),.UNSPECIFIED.,.F.,.F.,
  (2,2),(0.,3.2),.PIECEWISE_BEZIER_KNOTS.);
#289 = CARTESIAN_POINT('',(1.,0.));
#290 = CARTESIAN_POINT('',(1.,-3.2));
#291 = ( GEOMETRIC_REPRESENTATION_CONTEXT(2) 
PARAMETRIC_REPRESENTATION_CONTEXT() REPRESENTATION_CONTEXT('2D SPACE',''
  ) );
#292 = PCURVE('',#293,#298);
#293 = PLANE('',#294);
#294 = AXIS2_PLACEMENT_3D('',#295,#296,#297);
#295 = CARTESIAN_POINT('',(45.,-1.6,1.063433747393E+03));
#296 = DIRECTION('',(0.,0.,1.));
#297 = DIRECTION('',(1.,0.,0.));
#298 = DEFINITIONAL_REPRESENTATION('',(#299),#302);
#299 = B_SPLINE_CURVE_WITH_KNOTS('',1,(#300,#301),.UNSPECIFIED.,.F.,.F.,
  (2,2),(0.,3.2),.PIECEWISE_BEZIER_KNOTS.);
#300 = CARTESIAN_POINT('',(3.4,0.));
#301 = CARTESIAN_POINT('',(3.4,3.2));
#302 = ( GEOMETRIC_REPRESENTATION_CONTEXT(2) 
PARAMETRIC_REPRESENTATION_CONTEXT() REPRESENTATION_CONTEXT('2D SPACE',''
  ) );
#303 = ORIENTED_EDGE('',*,*,#304,.T.);
#304 = EDGE_CURVE('',#279,#137,#305,.T.);
#305 = SURFACE_CURVE('',#306,(#310,#317),.PCURVE_S1.);
#306 = LINE('',#307,#308);
#307 = CARTESIAN_POINT('',(48.4,1.6,1.062433747393E+03));
#308 = VECTOR('',#309,1.);
#309 = DIRECTION('',(0.,0.,1.));
#310 = PCURVE('',#151,#311);
#311 = DEFINITIONAL_REPRESENTATION('',(#312),#316);
#312 = LINE('',#313,#314);
#313 = CARTESIAN_POINT('',(0.,-3.2));
#314 = VECTOR('',#315,1.);
#315 = DIRECTION('',(1.,0.));
#316 = ( GEOMETRIC_REPRESENTATION_CONTEXT(2) 
PARAMETRIC_REPRESENTATION_CONTEXT() REPRESENTATION_CONTEXT('2D SPACE',''
  ) );
#317 = PCURVE('',#232,#318);
#318 = DEFINITIONAL_REPRESENTATION('',(#319),#323);
#319 = LINE('',#320,#321);
#320 = CARTESIAN_POINT('',(0.,0.));
#321 = VECTOR('',#322,1.);
#322 = DIRECTION('',(1.,0.));
#323 = ( GEOMETRIC_REPRESENTATION_CONTEXT(2) 
PARAMETRIC_REPRESENTATION_CONTEXT() REPRESENTATION_CONTEXT('2D SPACE',''
  ) );
#324 = ORIENTED_EDGE('',*,*,#134,.F.);
#325 = ADVANCED_FACE('',(#326),#232,.T.);
#326 = FACE_BOUND('',#327,.T.);
#327 = EDGE_LOOP('',(#328,#358,#386,#407,#408,#409));
#328 = ORIENTED_EDGE('',*,*,#329,.F.);
#329 = EDGE_CURVE('',#330,#332,#334,.T.);
#330 = VERTEX_POINT('',#331);
#331 = CARTESIAN_POINT('',(49.,1.6,1.062433747393E+03));
#332 = VERTEX_POINT('',#333);
#333 = CARTESIAN_POINT('',(49.5,1.6,1.062433747393E+03));
#334 = SURFACE_CURVE('',#335,(#339,#346),.PCURVE_S1.);
#335 = LINE('',#336,#337);
#336 = CARTESIAN_POINT('',(48.4,1.6,1.062433747393E+03));
#337 = VECTOR('',#338,1.);
#338 = DIRECTION('',(1.,0.,0.));
#339 = PCURVE('',#232,#340);
#340 = DEFINITIONAL_REPRESENTATION('',(#341),#345);
#341 = LINE('',#342,#343);
#342 = CARTESIAN_POINT('',(0.,0.));
#343 = VECTOR('',#344,1.);
#344 = DIRECTION('',(0.,1.));
#345 = ( GEOMETRIC_REPRESENTATION_CONTEXT(2) 
PARAMETRIC_REPRESENTATION_CONTEXT() REPRESENTATION_CONTEXT('2D SPACE',''
  ) );
#346 = PCURVE('',#347,#352);
#347 = PLANE('',#348);
#348 = AXIS2_PLACEMENT_3D('',#349,#350,#351);
#349 = CARTESIAN_POINT('',(48.4,-1.6,1.062433747393E+03));
#350 = DIRECTION('',(0.,0.,1.));
#351 = DIRECTION('',(1.,0.,0.));
#352 = DEFINITIONAL_REPRESENTATION('',(#353),#357);
#353 = LINE('',#354,#355);
#354 = CARTESIAN_POINT('',(0.,3.2));
#355 = VECTOR('',#356,1.);
#356 = DIRECTION('',(1.,0.));
#357 = ( GEOMETRIC_REPRESENTATION_CONTEXT(2) 
PARAMETRIC_REPRESENTATION_CONTEXT() REPRESENTATION_CONTEXT('2D SPACE',''
  ) );
#358 = ORIENTED_EDGE('',*,*,#359,.T.);
#359 = EDGE_CURVE('',#330,#360,#362,.T.);
#360 = VERTEX_POINT('',#361);
#361 = CARTESIAN_POINT('',(49.,1.6,1.063433747393E+03));
#362 = SURFACE_CURVE('',#363,(#367,#374),.PCURVE_S1.);
#363 = LINE('',#364,#365);
#364 = CARTESIAN_POINT('',(49.,1.6,1.056433747393E+03));
#365 = VECTOR('',#366,1.);
#366 = DIRECTION('',(0.,0.,1.));
#367 = PCURVE('',#232,#368);
#368 = DEFINITIONAL_REPRESENTATION('',(#369),#373);
#369 = LINE('',#370,#371);
#370 = CARTESIAN_POINT('',(-6.,0.6));
#371 = VECTOR('',#372,1.);
#372 = DIRECTION('',(1.,0.));
#373 = ( GEOMETRIC_REPRESENTATION_CONTEXT(2) 
PARAMETRIC_REPRESENTATION_CONTEXT() REPRESENTATION_CONTEXT('2D SPACE',''
  ) );
#374 = PCURVE('',#375,#380);
#375 = PLANE('',#376);
#376 = AXIS2_PLACEMENT_3D('',#377,#378,#379);
#377 = CARTESIAN_POINT('',(45.,1.6,1.056433747393E+03));
#378 = DIRECTION('',(0.,1.,0.));
#379 = DIRECTION('',(0.,0.,1.));
#380 = DEFINITIONAL_REPRESENTATION('',(#381),#385);
#381 = LINE('',#382,#383);
#382 = CARTESIAN_POINT('',(0.,4.));
#383 = VECTOR('',#384,1.);
#384 = DIRECTION('',(1.,0.));
#385 = ( GEOMETRIC_REPRESENTATION_CONTEXT(2) 
PARAMETRIC_REPRESENTATION_CONTEXT() REPRESENTATION_CONTEXT('2D SPACE',''
  ) );
#386 = ORIENTED_EDGE('',*,*,#387,.F.);
#387 = EDGE_CURVE('',#279,#360,#388,.T.);
#388 = SURFACE_CURVE('',#389,(#393,#400),.PCURVE_S1.);
#389 = LINE('',#390,#391);
#390 = CARTESIAN_POINT('',(45.,1.6,1.063433747393E+03));
#391 = VECTOR('',#392,1.);
#392 = DIRECTION('',(1.,0.,0.));
#393 = PCURVE('',#232,#394);
#394 = DEFINITIONAL_REPRESENTATION('',(#395),#399);
#395 = LINE('',#396,#397);
#396 = CARTESIAN_POINT('',(1.,-3.4));
#397 = VECTOR('',#398,1.);
#398 = DIRECTION('',(0.,1.));
#399 = ( GEOMETRIC_REPRESENTATION_CONTEXT(2) 
PARAMETRIC_REPRESENTATION_CONTEXT() REPRESENTATION_CONTEXT('2D SPACE',''
  ) );
#400 = PCURVE('',#375,#401);
#401 = DEFINITIONAL_REPRESENTATION('',(#402),#406);
#402 = LINE('',#403,#404);
#403 = CARTESIAN_POINT('',(7.,0.));
#404 = VECTOR('',#405,1.);
#405 = DIRECTION('',(0.,1.));
#406 = ( GEOMETRIC_REPRESENTATION_CONTEXT(2) 
PARAMETRIC_REPRESENTATION_CONTEXT() REPRESENTATION_CONTEXT('2D SPACE',''
  ) );
#407 = ORIENTED_EDGE('',*,*,#304,.T.);
#408 = ORIENTED_EDGE('',*,*,#217,.F.);
#409 = ORIENTED_EDGE('',*,*,#410,.F.);
#410 = EDGE_CURVE('',#332,#192,#411,.T.);
#411 = SURFACE_CURVE('',#412,(#416,#423),.PCURVE_S1.);
#412 = LINE('',#413,#414);
#413 = CARTESIAN_POINT('',(49.5,1.6,1.062433747393E+03));
#414 = VECTOR('',#415,1.);
#415 = DIRECTION('',(0.,0.,1.));
#416 = PCURVE('',#232,#417);
#417 = DEFINITIONAL_REPRESENTATION('',(#418),#422);
#418 = LINE('',#419,#420);
#419 = CARTESIAN_POINT('',(0.,1.1));
#420 = VECTOR('',#421,1.);
#421 = DIRECTION('',(1.,0.));
#422 = ( GEOMETRIC_REPRESENTATION_CONTEXT(2) 
PARAMETRIC_REPRESENTATION_CONTEXT() REPRESENTATION_CONTEXT('2D SPACE',''
  ) );
#423 = PCURVE('',#206,#424);
#424 = DEFINITIONAL_REPRESENTATION('',(#425),#429);
#425 = LINE('',#426,#427);
#426 = CARTESIAN_POINT('',(0.,-3.2));
#427 = VECTOR('',#428,1.);
#428 = DIRECTION('',(1.,0.));
#429 = ( GEOMETRIC_REPRESENTATION_CONTEXT(2) 
PARAMETRIC_REPRESENTATION_CONTEXT() REPRESENTATION_CONTEXT('2D SPACE',''
  ) );
#430 = ADVANCED_FACE('',(#431),#206,.T.);
#431 = FACE_BOUND('',#432,.T.);
#432 = EDGE_LOOP('',(#433,#456,#477,#478));
#433 = ORIENTED_EDGE('',*,*,#434,.F.);
#434 = EDGE_CURVE('',#435,#163,#437,.T.);
#435 = VERTEX_POINT('',#436);
#436 = CARTESIAN_POINT('',(49.5,-1.6,1.062433747393E+03));
#437 = SURFACE_CURVE('',#438,(#442,#449),.PCURVE_S1.);
#438 = LINE('',#439,#440);
#439 = CARTESIAN_POINT('',(49.5,-1.6,1.062433747393E+03));
#440 = VECTOR('',#441,1.);
#441 = DIRECTION('',(0.,0.,1.));
#442 = PCURVE('',#206,#443);
#443 = DEFINITIONAL_REPRESENTATION('',(#444),#448);
#444 = LINE('',#445,#446);
#445 = CARTESIAN_POINT('',(0.,0.));
#446 = VECTOR('',#447,1.);
#447 = DIRECTION('',(1.,0.));
#448 = ( GEOMETRIC_REPRESENTATION_CONTEXT(2) 
PARAMETRIC_REPRESENTATION_CONTEXT() REPRESENTATION_CONTEXT('2D SPACE',''
  ) );
#449 = PCURVE('',#179,#450);
#450 = DEFINITIONAL_REPRESENTATION('',(#451),#455);
#451 = LINE('',#452,#453);
#452 = CARTESIAN_POINT('',(0.,1.1));
#453 = VECTOR('',#454,1.);
#454 = DIRECTION('',(1.,0.));
#455 = ( GEOMETRIC_REPRESENTATION_CONTEXT(2) 
PARAMETRIC_REPRESENTATION_CONTEXT() REPRESENTATION_CONTEXT('2D SPACE',''
  ) );
#456 = ORIENTED_EDGE('',*,*,#457,.T.);
#457 = EDGE_CURVE('',#435,#332,#458,.T.);
#458 = SURFACE_CURVE('',#459,(#463,#470),.PCURVE_S1.);
#459 = LINE('',#460,#461);
#460 = CARTESIAN_POINT('',(49.5,-1.6,1.062433747393E+03));
#461 = VECTOR('',#462,1.);
#462 = DIRECTION('',(0.,1.,0.));
#463 = PCURVE('',#206,#464);
#464 = DEFINITIONAL_REPRESENTATION('',(#465),#469);
#465 = LINE('',#466,#467);
#466 = CARTESIAN_POINT('',(0.,0.));
#467 = VECTOR('',#468,1.);
#468 = DIRECTION('',(0.,-1.));
#469 = ( GEOMETRIC_REPRESENTATION_CONTEXT(2) 
PARAMETRIC_REPRESENTATION_CONTEXT() REPRESENTATION_CONTEXT('2D SPACE',''
  ) );
#470 = PCURVE('',#347,#471);
#471 = DEFINITIONAL_REPRESENTATION('',(#472),#476);
#472 = LINE('',#473,#474);
#473 = CARTESIAN_POINT('',(1.1,0.));
#474 = VECTOR('',#475,1.);
#475 = DIRECTION('',(0.,1.));
#476 = ( GEOMETRIC_REPRESENTATION_CONTEXT(2) 
PARAMETRIC_REPRESENTATION_CONTEXT() REPRESENTATION_CONTEXT('2D SPACE',''
  ) );
#477 = ORIENTED_EDGE('',*,*,#410,.T.);
#478 = ORIENTED_EDGE('',*,*,#191,.F.);
#479 = ADVANCED_FACE('',(#480),#179,.F.);
#480 = FACE_BOUND('',#481,.F.);
#481 = EDGE_LOOP('',(#482,#505,#533,#554,#555,#556));
#482 = ORIENTED_EDGE('',*,*,#483,.F.);
#483 = EDGE_CURVE('',#484,#435,#486,.T.);
#484 = VERTEX_POINT('',#485);
#485 = CARTESIAN_POINT('',(49.,-1.6,1.062433747393E+03));
#486 = SURFACE_CURVE('',#487,(#491,#498),.PCURVE_S1.);
#487 = LINE('',#488,#489);
#488 = CARTESIAN_POINT('',(48.4,-1.6,1.062433747393E+03));
#489 = VECTOR('',#490,1.);
#490 = DIRECTION('',(1.,0.,0.));
#491 = PCURVE('',#179,#492);
#492 = DEFINITIONAL_REPRESENTATION('',(#493),#497);
#493 = LINE('',#494,#495);
#494 = CARTESIAN_POINT('',(0.,0.));
#495 = VECTOR('',#496,1.);
#496 = DIRECTION('',(0.,1.));
#497 = ( GEOMETRIC_REPRESENTATION_CONTEXT(2) 
PARAMETRIC_REPRESENTATION_CONTEXT() REPRESENTATION_CONTEXT('2D SPACE',''
  ) );
#498 = PCURVE('',#347,#499);
#499 = DEFINITIONAL_REPRESENTATION('',(#500),#504);
#500 = LINE('',#501,#502);
#501 = CARTESIAN_POINT('',(0.,0.));
#502 = VECTOR('',#503,1.);
#503 = DIRECTION('',(1.,0.));
#504 = ( GEOMETRIC_REPRESENTATION_CONTEXT(2) 
PARAMETRIC_REPRESENTATION_CONTEXT() REPRESENTATION_CONTEXT('2D SPACE',''
  ) );
#505 = ORIENTED_EDGE('',*,*,#506,.T.);
#506 = EDGE_CURVE('',#484,#507,#509,.T.);
#507 = VERTEX_POINT('',#508);
#508 = CARTESIAN_POINT('',(49.,-1.6,1.063433747393E+03));
#509 = SURFACE_CURVE('',#510,(#514,#521),.PCURVE_S1.);
#510 = LINE('',#511,#512);
#511 = CARTESIAN_POINT('',(49.,-1.6,1.056433747393E+03));
#512 = VECTOR('',#513,1.);
#513 = DIRECTION('',(0.,0.,1.));
#514 = PCURVE('',#179,#515);
#515 = DEFINITIONAL_REPRESENTATION('',(#516),#520);
#516 = LINE('',#517,#518);
#517 = CARTESIAN_POINT('',(-6.,0.6));
#518 = VECTOR('',#519,1.);
#519 = DIRECTION('',(1.,0.));
#520 = ( GEOMETRIC_REPRESENTATION_CONTEXT(2) 
PARAMETRIC_REPRESENTATION_CONTEXT() REPRESENTATION_CONTEXT('2D SPACE',''
  ) );
#521 = PCURVE('',#522,#527);
#522 = PLANE('',#523);
#523 = AXIS2_PLACEMENT_3D('',#524,#525,#526);
#524 = CARTESIAN_POINT('',(45.,-1.6,1.056433747393E+03));
#525 = DIRECTION('',(0.,1.,0.));
#526 = DIRECTION('',(0.,0.,1.));
#527 = DEFINITIONAL_REPRESENTATION('',(#528),#532);
#528 = LINE('',#529,#530);
#529 = CARTESIAN_POINT('',(0.,4.));
#530 = VECTOR('',#531,1.);
#531 = DIRECTION('',(1.,0.));
#532 = ( GEOMETRIC_REPRESENTATION_CONTEXT(2) 
PARAMETRIC_REPRESENTATION_CONTEXT() REPRESENTATION_CONTEXT('2D SPACE',''
  ) );
#533 = ORIENTED_EDGE('',*,*,#534,.F.);
#534 = EDGE_CURVE('',#256,#507,#535,.T.);
#535 = SURFACE_CURVE('',#536,(#540,#547),.PCURVE_S1.);
#536 = LINE('',#537,#538);
#537 = CARTESIAN_POINT('',(45.,-1.6,1.063433747393E+03));
#538 = VECTOR('',#539,1.);
#539 = DIRECTION('',(1.,0.,0.));
#540 = PCURVE('',#179,#541);
#541 = DEFINITIONAL_REPRESENTATION('',(#542),#546);
#542 = LINE('',#543,#544);
#543 = CARTESIAN_POINT('',(1.,-3.4));
#544 = VECTOR('',#545,1.);
#545 = DIRECTION('',(0.,1.));
#546 = ( GEOMETRIC_REPRESENTATION_CONTEXT(2) 
PARAMETRIC_REPRESENTATION_CONTEXT() REPRESENTATION_CONTEXT('2D SPACE',''
  ) );
#547 = PCURVE('',#522,#548);
#548 = DEFINITIONAL_REPRESENTATION('',(#549),#553);
#549 = LINE('',#550,#551);
#550 = CARTESIAN_POINT('',(7.,0.));
#551 = VECTOR('',#552,1.);
#552 = DIRECTION('',(0.,1.));
#553 = ( GEOMETRIC_REPRESENTATION_CONTEXT(2) 
PARAMETRIC_REPRESENTATION_CONTEXT() REPRESENTATION_CONTEXT('2D SPACE',''
  ) );
#554 = ORIENTED_EDGE('',*,*,#255,.T.);
#555 = ORIENTED_EDGE('',*,*,#162,.F.);
#556 = ORIENTED_EDGE('',*,*,#434,.F.);
#557 = ADVANCED_FACE('',(#558),#293,.T.);
#558 = FACE_BOUND('',#559,.T.);
#559 = EDGE_LOOP('',(#560,#588,#616,#642));
#560 = ORIENTED_EDGE('',*,*,#561,.F.);
#561 = EDGE_CURVE('',#562,#279,#564,.T.);
#562 = VERTEX_POINT('',#563);
#563 = CARTESIAN_POINT('',(45.,1.6,1.063433747393E+03));
#564 = SURFACE_CURVE('',#565,(#569,#576),.PCURVE_S1.);
#565 = LINE('',#566,#567);
#566 = CARTESIAN_POINT('',(45.,1.6,1.063433747393E+03));
#567 = VECTOR('',#568,1.);
#568 = DIRECTION('',(1.,0.,0.));
#569 = PCURVE('',#293,#570);
#570 = DEFINITIONAL_REPRESENTATION('',(#571),#575);
#571 = LINE('',#572,#573);
#572 = CARTESIAN_POINT('',(0.,3.2));
#573 = VECTOR('',#574,1.);
#574 = DIRECTION('',(1.,0.));
#575 = ( GEOMETRIC_REPRESENTATION_CONTEXT(2) 
PARAMETRIC_REPRESENTATION_CONTEXT() REPRESENTATION_CONTEXT('2D SPACE',''
  ) );
#576 = PCURVE('',#577,#582);
#577 = PLANE('',#578);
#578 = AXIS2_PLACEMENT_3D('',#579,#580,#581);
#579 = CARTESIAN_POINT('',(45.,1.6,1.056433747393E+03));
#580 = DIRECTION('',(0.,1.,0.));
#581 = DIRECTION('',(0.,0.,1.));
#582 = DEFINITIONAL_REPRESENTATION('',(#583),#587);
#583 = LINE('',#584,#585);
#584 = CARTESIAN_POINT('',(7.,0.));
#585 = VECTOR('',#586,1.);
#586 = DIRECTION('',(0.,1.));
#587 = ( GEOMETRIC_REPRESENTATION_CONTEXT(2) 
PARAMETRIC_REPRESENTATION_CONTEXT() REPRESENTATION_CONTEXT('2D SPACE',''
  ) );
#588 = ORIENTED_EDGE('',*,*,#589,.F.);
#589 = EDGE_CURVE('',#590,#562,#592,.T.);
#590 = VERTEX_POINT('',#591);
#591 = CARTESIAN_POINT('',(45.,-1.6,1.063433747393E+03));
#592 = SURFACE_CURVE('',#593,(#597,#604),.PCURVE_S1.);
#593 = LINE('',#594,#595);
#594 = CARTESIAN_POINT('',(45.,-1.6,1.063433747393E+03));
#595 = VECTOR('',#596,1.);
#596 = DIRECTION('',(0.,1.,0.));
#597 = PCURVE('',#293,#598);
#598 = DEFINITIONAL_REPRESENTATION('',(#599),#603);
#599 = LINE('',#600,#601);
#600 = CARTESIAN_POINT('',(0.,0.));
#601 = VECTOR('',#602,1.);
#602 = DIRECTION('',(0.,1.));
#603 = ( GEOMETRIC_REPRESENTATION_CONTEXT(2) 
PARAMETRIC_REPRESENTATION_CONTEXT() REPRESENTATION_CONTEXT('2D SPACE',''
  ) );
#604 = PCURVE('',#605,#610);
#605 = PLANE('',#606);
#606 = AXIS2_PLACEMENT_3D('',#607,#608,#609);
#607 = CARTESIAN_POINT('',(45.,-1.6,1.056433747393E+03));
#608 = DIRECTION('',(1.,0.,0.));
#609 = DIRECTION('',(0.,0.,1.));
#610 = DEFINITIONAL_REPRESENTATION('',(#611),#615);
#611 = LINE('',#612,#613);
#612 = CARTESIAN_POINT('',(7.,0.));
#613 = VECTOR('',#614,1.);
#614 = DIRECTION('',(0.,-1.));
#615 = ( GEOMETRIC_REPRESENTATION_CONTEXT(2) 
PARAMETRIC_REPRESENTATION_CONTEXT() REPRESENTATION_CONTEXT('2D SPACE',''
  ) );
#616 = ORIENTED_EDGE('',*,*,#617,.T.);
#617 = EDGE_CURVE('',#590,#256,#618,.T.);
#618 = SURFACE_CURVE('',#619,(#623,#630),.PCURVE_S1.);
#619 = LINE('',#620,#621);
#620 = CARTESIAN_POINT('',(45.,-1.6,1.063433747393E+03));
#621 = VECTOR('',#622,1.);
#622 = DIRECTION('',(1.,0.,0.));
#623 = PCURVE('',#293,#624);
#624 = DEFINITIONAL_REPRESENTATION('',(#625),#629);
#625 = LINE('',#626,#627);
#626 = CARTESIAN_POINT('',(0.,0.));
#627 = VECTOR('',#628,1.);
#628 = DIRECTION('',(1.,0.));
#629 = ( GEOMETRIC_REPRESENTATION_CONTEXT(2) 
PARAMETRIC_REPRESENTATION_CONTEXT() REPRESENTATION_CONTEXT('2D SPACE',''
  ) );
#630 = PCURVE('',#631,#636);
#631 = PLANE('',#632);
#632 = AXIS2_PLACEMENT_3D('',#633,#634,#635);
#633 = CARTESIAN_POINT('',(45.,-1.6,1.056433747393E+03));
#634 = DIRECTION('',(0.,1.,0.));
#635 = DIRECTION('',(0.,0.,1.));
#636 = DEFINITIONAL_REPRESENTATION('',(#637),#641);
#637 = LINE('',#638,#639);
#638 = CARTESIAN_POINT('',(7.,0.));
#639 = VECTOR('',#640,1.);
#640 = DIRECTION('',(0.,1.));
#641 = ( GEOMETRIC_REPRESENTATION_CONTEXT(2) 
PARAMETRIC_REPRESENTATION_CONTEXT() REPRESENTATION_CONTEXT('2D SPACE',''
  ) );
#642 = ORIENTED_EDGE('',*,*,#278,.T.);
#643 = ADVANCED_FACE('',(#644),#347,.F.);
#644 = FACE_BOUND('',#645,.F.);
#645 = EDGE_LOOP('',(#646,#647,#671,#672));
#646 = ORIENTED_EDGE('',*,*,#329,.F.);
#647 = ORIENTED_EDGE('',*,*,#648,.T.);
#648 = EDGE_CURVE('',#330,#484,#649,.T.);
#649 = SURFACE_CURVE('',#650,(#654,#660),.PCURVE_S1.);
#650 = LINE('',#651,#652);
#651 = CARTESIAN_POINT('',(49.,-1.6,1.062433747393E+03));
#652 = VECTOR('',#653,1.);
#653 = DIRECTION('',(0.,-1.,0.));
#654 = PCURVE('',#347,#655);
#655 = DEFINITIONAL_REPRESENTATION('',(#656),#659);
#656 = B_SPLINE_CURVE_WITH_KNOTS('',1,(#657,#658),.UNSPECIFIED.,.F.,.F.,
  (2,2),(-3.2,0.),.PIECEWISE_BEZIER_KNOTS.);
#657 = CARTESIAN_POINT('',(0.6,3.2));
#658 = CARTESIAN_POINT('',(0.6,0.));
#659 = ( GEOMETRIC_REPRESENTATION_CONTEXT(2) 
PARAMETRIC_REPRESENTATION_CONTEXT() REPRESENTATION_CONTEXT('2D SPACE',''
  ) );
#660 = PCURVE('',#661,#666);
#661 = PLANE('',#662);
#662 = AXIS2_PLACEMENT_3D('',#663,#664,#665);
#663 = CARTESIAN_POINT('',(49.,-1.6,1.056433747393E+03));
#664 = DIRECTION('',(1.,0.,0.));
#665 = DIRECTION('',(0.,0.,1.));
#666 = DEFINITIONAL_REPRESENTATION('',(#667),#670);
#667 = B_SPLINE_CURVE_WITH_KNOTS('',1,(#668,#669),.UNSPECIFIED.,.F.,.F.,
  (2,2),(-3.2,0.),.PIECEWISE_BEZIER_KNOTS.);
#668 = CARTESIAN_POINT('',(6.,-3.2));
#669 = CARTESIAN_POINT('',(6.,0.));
#670 = ( GEOMETRIC_REPRESENTATION_CONTEXT(2) 
PARAMETRIC_REPRESENTATION_CONTEXT() REPRESENTATION_CONTEXT('2D SPACE',''
  ) );
#671 = ORIENTED_EDGE('',*,*,#483,.T.);
#672 = ORIENTED_EDGE('',*,*,#457,.T.);
#673 = ADVANCED_FACE('',(#674),#375,.T.);
#674 = FACE_BOUND('',#675,.T.);
#675 = EDGE_LOOP('',(#676,#677,#700,#721));
#676 = ORIENTED_EDGE('',*,*,#359,.F.);
#677 = ORIENTED_EDGE('',*,*,#678,.F.);
#678 = EDGE_CURVE('',#679,#330,#681,.T.);
#679 = VERTEX_POINT('',#680);
#680 = CARTESIAN_POINT('',(48.4,1.6,1.062433747393E+03));
#681 = SURFACE_CURVE('',#682,(#686,#693),.PCURVE_S1.);
#682 = LINE('',#683,#684);
#683 = CARTESIAN_POINT('',(48.4,1.6,1.062433747393E+03));
#684 = VECTOR('',#685,1.);
#685 = DIRECTION('',(1.,0.,0.));
#686 = PCURVE('',#375,#687);
#687 = DEFINITIONAL_REPRESENTATION('',(#688),#692);
#688 = LINE('',#689,#690);
#689 = CARTESIAN_POINT('',(6.,3.4));
#690 = VECTOR('',#691,1.);
#691 = DIRECTION('',(0.,1.));
#692 = ( GEOMETRIC_REPRESENTATION_CONTEXT(2) 
PARAMETRIC_REPRESENTATION_CONTEXT() REPRESENTATION_CONTEXT('2D SPACE',''
  ) );
#693 = PCURVE('',#577,#694);
#694 = DEFINITIONAL_REPRESENTATION('',(#695),#699);
#695 = LINE('',#696,#697);
#696 = CARTESIAN_POINT('',(6.,3.4));
#697 = VECTOR('',#698,1.);
#698 = DIRECTION('',(0.,1.));
#699 = ( GEOMETRIC_REPRESENTATION_CONTEXT(2) 
PARAMETRIC_REPRESENTATION_CONTEXT() REPRESENTATION_CONTEXT('2D SPACE',''
  ) );
#700 = ORIENTED_EDGE('',*,*,#701,.T.);
#701 = EDGE_CURVE('',#679,#279,#702,.T.);
#702 = SURFACE_CURVE('',#703,(#707,#714),.PCURVE_S1.);
#703 = LINE('',#704,#705);
#704 = CARTESIAN_POINT('',(48.4,1.6,1.062433747393E+03));
#705 = VECTOR('',#706,1.);
#706 = DIRECTION('',(0.,0.,1.));
#707 = PCURVE('',#375,#708);
#708 = DEFINITIONAL_REPRESENTATION('',(#709),#713);
#709 = LINE('',#710,#711);
#710 = CARTESIAN_POINT('',(6.,3.4));
#711 = VECTOR('',#712,1.);
#712 = DIRECTION('',(1.,0.));
#713 = ( GEOMETRIC_REPRESENTATION_CONTEXT(2) 
PARAMETRIC_REPRESENTATION_CONTEXT() REPRESENTATION_CONTEXT('2D SPACE',''
  ) );
#714 = PCURVE('',#577,#715);
#715 = DEFINITIONAL_REPRESENTATION('',(#716),#720);
#716 = LINE('',#717,#718);
#717 = CARTESIAN_POINT('',(6.,3.4));
#718 = VECTOR('',#719,1.);
#719 = DIRECTION('',(1.,0.));
#720 = ( GEOMETRIC_REPRESENTATION_CONTEXT(2) 
PARAMETRIC_REPRESENTATION_CONTEXT() REPRESENTATION_CONTEXT('2D SPACE',''
  ) );
#721 = ORIENTED_EDGE('',*,*,#387,.T.);
#722 = ADVANCED_FACE('',(#723),#522,.F.);
#723 = FACE_BOUND('',#724,.F.);
#724 = EDGE_LOOP('',(#725,#726,#749,#770));
#725 = ORIENTED_EDGE('',*,*,#506,.F.);
#726 = ORIENTED_EDGE('',*,*,#727,.F.);
#727 = EDGE_CURVE('',#728,#484,#730,.T.);
#728 = VERTEX_POINT('',#729);
#729 = CARTESIAN_POINT('',(48.4,-1.6,1.062433747393E+03));
#730 = SURFACE_CURVE('',#731,(#735,#742),.PCURVE_S1.);
#731 = LINE('',#732,#733);
#732 = CARTESIAN_POINT('',(48.4,-1.6,1.062433747393E+03));
#733 = VECTOR('',#734,1.);
#734 = DIRECTION('',(1.,0.,0.));
#735 = PCURVE('',#522,#736);
#736 = DEFINITIONAL_REPRESENTATION('',(#737),#741);
#737 = LINE('',#738,#739);
#738 = CARTESIAN_POINT('',(6.,3.4));
#739 = VECTOR('',#740,1.);
#740 = DIRECTION('',(0.,1.));
#741 = ( GEOMETRIC_REPRESENTATION_CONTEXT(2) 
PARAMETRIC_REPRESENTATION_CONTEXT() REPRESENTATION_CONTEXT('2D SPACE',''
  ) );
#742 = PCURVE('',#631,#743);
#743 = DEFINITIONAL_REPRESENTATION('',(#744),#748);
#744 = LINE('',#745,#746);
#745 = CARTESIAN_POINT('',(6.,3.4));
#746 = VECTOR('',#747,1.);
#747 = DIRECTION('',(0.,1.));
#748 = ( GEOMETRIC_REPRESENTATION_CONTEXT(2) 
PARAMETRIC_REPRESENTATION_CONTEXT() REPRESENTATION_CONTEXT('2D SPACE',''
  ) );
#749 = ORIENTED_EDGE('',*,*,#750,.T.);
#750 = EDGE_CURVE('',#728,#256,#751,.T.);
#751 = SURFACE_CURVE('',#752,(#756,#763),.PCURVE_S1.);
#752 = LINE('',#753,#754);
#753 = CARTESIAN_POINT('',(48.4,-1.6,1.062433747393E+03));
#754 = VECTOR('',#755,1.);
#755 = DIRECTION('',(0.,0.,1.));
#756 = PCURVE('',#522,#757);
#757 = DEFINITIONAL_REPRESENTATION('',(#758),#762);
#758 = LINE('',#759,#760);
#759 = CARTESIAN_POINT('',(6.,3.4));
#760 = VECTOR('',#761,1.);
#761 = DIRECTION('',(1.,0.));
#762 = ( GEOMETRIC_REPRESENTATION_CONTEXT(2) 
PARAMETRIC_REPRESENTATION_CONTEXT() REPRESENTATION_CONTEXT('2D SPACE',''
  ) );
#763 = PCURVE('',#631,#764);
#764 = DEFINITIONAL_REPRESENTATION('',(#765),#769);
#765 = LINE('',#766,#767);
#766 = CARTESIAN_POINT('',(6.,3.4));
#767 = VECTOR('',#768,1.);
#768 = DIRECTION('',(1.,0.));
#769 = ( GEOMETRIC_REPRESENTATION_CONTEXT(2) 
PARAMETRIC_REPRESENTATION_CONTEXT() REPRESENTATION_CONTEXT('2D SPACE',''
  ) );
#770 = ORIENTED_EDGE('',*,*,#534,.T.);
#771 = ADVANCED_FACE('',(#772),#577,.T.);
#772 = FACE_BOUND('',#773,.T.);
#773 = EDGE_LOOP('',(#774,#797,#825,#846,#847,#848));
#774 = ORIENTED_EDGE('',*,*,#775,.F.);
#775 = EDGE_CURVE('',#776,#330,#778,.T.);
#776 = VERTEX_POINT('',#777);
#777 = CARTESIAN_POINT('',(49.,1.6,1.056433747393E+03));
#778 = SURFACE_CURVE('',#779,(#783,#790),.PCURVE_S1.);
#779 = LINE('',#780,#781);
#780 = CARTESIAN_POINT('',(49.,1.6,1.056433747393E+03));
#781 = VECTOR('',#782,1.);
#782 = DIRECTION('',(0.,0.,1.));
#783 = PCURVE('',#577,#784);
#784 = DEFINITIONAL_REPRESENTATION('',(#785),#789);
#785 = LINE('',#786,#787);
#786 = CARTESIAN_POINT('',(0.,4.));
#787 = VECTOR('',#788,1.);
#788 = DIRECTION('',(1.,0.));
#789 = ( GEOMETRIC_REPRESENTATION_CONTEXT(2) 
PARAMETRIC_REPRESENTATION_CONTEXT() REPRESENTATION_CONTEXT('2D SPACE',''
  ) );
#790 = PCURVE('',#661,#791);
#791 = DEFINITIONAL_REPRESENTATION('',(#792),#796);
#792 = LINE('',#793,#794);
#793 = CARTESIAN_POINT('',(0.,-3.2));
#794 = VECTOR('',#795,1.);
#795 = DIRECTION('',(1.,0.));
#796 = ( GEOMETRIC_REPRESENTATION_CONTEXT(2) 
PARAMETRIC_REPRESENTATION_CONTEXT() REPRESENTATION_CONTEXT('2D SPACE',''
  ) );
#797 = ORIENTED_EDGE('',*,*,#798,.F.);
#798 = EDGE_CURVE('',#799,#776,#801,.T.);
#799 = VERTEX_POINT('',#800);
#800 = CARTESIAN_POINT('',(45.,1.6,1.056433747393E+03));
#801 = SURFACE_CURVE('',#802,(#806,#813),.PCURVE_S1.);
#802 = LINE('',#803,#804);
#803 = CARTESIAN_POINT('',(45.,1.6,1.056433747393E+03));
#804 = VECTOR('',#805,1.);
#805 = DIRECTION('',(1.,0.,0.));
#806 = PCURVE('',#577,#807);
#807 = DEFINITIONAL_REPRESENTATION('',(#808),#812);
#808 = LINE('',#809,#810);
#809 = CARTESIAN_POINT('',(0.,0.));
#810 = VECTOR('',#811,1.);
#811 = DIRECTION('',(0.,1.));
#812 = ( GEOMETRIC_REPRESENTATION_CONTEXT(2) 
PARAMETRIC_REPRESENTATION_CONTEXT() REPRESENTATION_CONTEXT('2D SPACE',''
  ) );
#813 = PCURVE('',#814,#819);
#814 = PLANE('',#815);
#815 = AXIS2_PLACEMENT_3D('',#816,#817,#818);
#816 = CARTESIAN_POINT('',(45.,-1.6,1.056433747393E+03));
#817 = DIRECTION('',(0.,0.,1.));
#818 = DIRECTION('',(1.,0.,0.));
#819 = DEFINITIONAL_REPRESENTATION('',(#820),#824);
#820 = LINE('',#821,#822);
#821 = CARTESIAN_POINT('',(0.,3.2));
#822 = VECTOR('',#823,1.);
#823 = DIRECTION('',(1.,0.));
#824 = ( GEOMETRIC_REPRESENTATION_CONTEXT(2) 
PARAMETRIC_REPRESENTATION_CONTEXT() REPRESENTATION_CONTEXT('2D SPACE',''
  ) );
#825 = ORIENTED_EDGE('',*,*,#826,.T.);
#826 = EDGE_CURVE('',#799,#562,#827,.T.);
#827 = SURFACE_CURVE('',#828,(#832,#839),.PCURVE_S1.);
#828 = LINE('',#829,#830);
#829 = CARTESIAN_POINT('',(45.,1.6,1.056433747393E+03));
#830 = VECTOR('',#831,1.);
#831 = DIRECTION('',(0.,0.,1.));
#832 = PCURVE('',#577,#833);
#833 = DEFINITIONAL_REPRESENTATION('',(#834),#838);
#834 = LINE('',#835,#836);
#835 = CARTESIAN_POINT('',(0.,0.));
#836 = VECTOR('',#837,1.);
#837 = DIRECTION('',(1.,0.));
#838 = ( GEOMETRIC_REPRESENTATION_CONTEXT(2) 
PARAMETRIC_REPRESENTATION_CONTEXT() REPRESENTATION_CONTEXT('2D SPACE',''
  ) );
#839 = PCURVE('',#605,#840);
#840 = DEFINITIONAL_REPRESENTATION('',(#841),#845);
#841 = LINE('',#842,#843);
#842 = CARTESIAN_POINT('',(0.,-3.2));
#843 = VECTOR('',#844,1.);
#844 = DIRECTION('',(1.,0.));
#845 = ( GEOMETRIC_REPRESENTATION_CONTEXT(2) 
PARAMETRIC_REPRESENTATION_CONTEXT() REPRESENTATION_CONTEXT('2D SPACE',''
  ) );
#846 = ORIENTED_EDGE('',*,*,#561,.T.);
#847 = ORIENTED_EDGE('',*,*,#701,.F.);
#848 = ORIENTED_EDGE('',*,*,#678,.T.);
#849 = ADVANCED_FACE('',(#850),#631,.F.);
#850 = FACE_BOUND('',#851,.F.);
#851 = EDGE_LOOP('',(#852,#875,#898,#919,#920,#921));
#852 = ORIENTED_EDGE('',*,*,#853,.F.);
#853 = EDGE_CURVE('',#854,#484,#856,.T.);
#854 = VERTEX_POINT('',#855);
#855 = CARTESIAN_POINT('',(49.,-1.6,1.056433747393E+03));
#856 = SURFACE_CURVE('',#857,(#861,#868),.PCURVE_S1.);
#857 = LINE('',#858,#859);
#858 = CARTESIAN_POINT('',(49.,-1.6,1.056433747393E+03));
#859 = VECTOR('',#860,1.);
#860 = DIRECTION('',(0.,0.,1.));
#861 = PCURVE('',#631,#862);
#862 = DEFINITIONAL_REPRESENTATION('',(#863),#867);
#863 = LINE('',#864,#865);
#864 = CARTESIAN_POINT('',(0.,4.));
#865 = VECTOR('',#866,1.);
#866 = DIRECTION('',(1.,0.));
#867 = ( GEOMETRIC_REPRESENTATION_CONTEXT(2) 
PARAMETRIC_REPRESENTATION_CONTEXT() REPRESENTATION_CONTEXT('2D SPACE',''
  ) );
#868 = PCURVE('',#661,#869);
#869 = DEFINITIONAL_REPRESENTATION('',(#870),#874);
#870 = LINE('',#871,#872);
#871 = CARTESIAN_POINT('',(0.,0.));
#872 = VECTOR('',#873,1.);
#873 = DIRECTION('',(1.,0.));
#874 = ( GEOMETRIC_REPRESENTATION_CONTEXT(2) 
PARAMETRIC_REPRESENTATION_CONTEXT() REPRESENTATION_CONTEXT('2D SPACE',''
  ) );
#875 = ORIENTED_EDGE('',*,*,#876,.F.);
#876 = EDGE_CURVE('',#877,#854,#879,.T.);
#877 = VERTEX_POINT('',#878);
#878 = CARTESIAN_POINT('',(45.,-1.6,1.056433747393E+03));
#879 = SURFACE_CURVE('',#880,(#884,#891),.PCURVE_S1.);
#880 = LINE('',#881,#882);
#881 = CARTESIAN_POINT('',(45.,-1.6,1.056433747393E+03));
#882 = VECTOR('',#883,1.);
#883 = DIRECTION('',(1.,0.,0.));
#884 = PCURVE('',#631,#885);
#885 = DEFINITIONAL_REPRESENTATION('',(#886),#890);
#886 = LINE('',#887,#888);
#887 = CARTESIAN_POINT('',(0.,0.));
#888 = VECTOR('',#889,1.);
#889 = DIRECTION('',(0.,1.));
#890 = ( GEOMETRIC_REPRESENTATION_CONTEXT(2) 
PARAMETRIC_REPRESENTATION_CONTEXT() REPRESENTATION_CONTEXT('2D SPACE',''
  ) );
#891 = PCURVE('',#814,#892);
#892 = DEFINITIONAL_REPRESENTATION('',(#893),#897);
#893 = LINE('',#894,#895);
#894 = CARTESIAN_POINT('',(0.,0.));
#895 = VECTOR('',#896,1.);
#896 = DIRECTION('',(1.,0.));
#897 = ( GEOMETRIC_REPRESENTATION_CONTEXT(2) 
PARAMETRIC_REPRESENTATION_CONTEXT() REPRESENTATION_CONTEXT('2D SPACE',''
  ) );
#898 = ORIENTED_EDGE('',*,*,#899,.T.);
#899 = EDGE_CURVE('',#877,#590,#900,.T.);
#900 = SURFACE_CURVE('',#901,(#905,#912),.PCURVE_S1.);
#901 = LINE('',#902,#903);
#902 = CARTESIAN_POINT('',(45.,-1.6,1.056433747393E+03));
#903 = VECTOR('',#904,1.);
#904 = DIRECTION('',(0.,0.,1.));
#905 = PCURVE('',#631,#906);
#906 = DEFINITIONAL_REPRESENTATION('',(#907),#911);
#907 = LINE('',#908,#909);
#908 = CARTESIAN_POINT('',(0.,0.));
#909 = VECTOR('',#910,1.);
#910 = DIRECTION('',(1.,0.));
#911 = ( GEOMETRIC_REPRESENTATION_CONTEXT(2) 
PARAMETRIC_REPRESENTATION_CONTEXT() REPRESENTATION_CONTEXT('2D SPACE',''
  ) );
#912 = PCURVE('',#605,#913);
#913 = DEFINITIONAL_REPRESENTATION('',(#914),#918);
#914 = LINE('',#915,#916);
#915 = CARTESIAN_POINT('',(0.,0.));
#916 = VECTOR('',#917,1.);
#917 = DIRECTION('',(1.,0.));
#918 = ( GEOMETRIC_REPRESENTATION_CONTEXT(2) 
PARAMETRIC_REPRESENTATION_CONTEXT() REPRESENTATION_CONTEXT('2D SPACE',''
  ) );
#919 = ORIENTED_EDGE('',*,*,#617,.T.);
#920 = ORIENTED_EDGE('',*,*,#750,.F.);
#921 = ORIENTED_EDGE('',*,*,#727,.T.);
#922 = ADVANCED_FACE('',(#923),#605,.F.);
#923 = FACE_BOUND('',#924,.F.);
#924 = EDGE_LOOP('',(#925,#926,#947,#948));
#925 = ORIENTED_EDGE('',*,*,#899,.F.);
#926 = ORIENTED_EDGE('',*,*,#927,.T.);
#927 = EDGE_CURVE('',#877,#799,#928,.T.);
#928 = SURFACE_CURVE('',#929,(#933,#940),.PCURVE_S1.);
#929 = LINE('',#930,#931);
#930 = CARTESIAN_POINT('',(45.,-1.6,1.056433747393E+03));
#931 = VECTOR('',#932,1.);
#932 = DIRECTION('',(0.,1.,0.));
#933 = PCURVE('',#605,#934);
#934 = DEFINITIONAL_REPRESENTATION('',(#935),#939);
#935 = LINE('',#936,#937);
#936 = CARTESIAN_POINT('',(0.,0.));
#937 = VECTOR('',#938,1.);
#938 = DIRECTION('',(0.,-1.));
#939 = ( GEOMETRIC_REPRESENTATION_CONTEXT(2) 
PARAMETRIC_REPRESENTATION_CONTEXT() REPRESENTATION_CONTEXT('2D SPACE',''
  ) );
#940 = PCURVE('',#814,#941);
#941 = DEFINITIONAL_REPRESENTATION('',(#942),#946);
#942 = LINE('',#943,#944);
#943 = CARTESIAN_POINT('',(0.,0.));
#944 = VECTOR('',#945,1.);
#945 = DIRECTION('',(0.,1.));
#946 = ( GEOMETRIC_REPRESENTATION_CONTEXT(2) 
PARAMETRIC_REPRESENTATION_CONTEXT() REPRESENTATION_CONTEXT('2D SPACE',''
  ) );
#947 = ORIENTED_EDGE('',*,*,#826,.T.);
#948 = ORIENTED_EDGE('',*,*,#589,.F.);
#949 = ADVANCED_FACE('',(#950),#661,.T.);
#950 = FACE_BOUND('',#951,.T.);
#951 = EDGE_LOOP('',(#952,#953,#974,#975));
#952 = ORIENTED_EDGE('',*,*,#853,.F.);
#953 = ORIENTED_EDGE('',*,*,#954,.T.);
#954 = EDGE_CURVE('',#854,#776,#955,.T.);
#955 = SURFACE_CURVE('',#956,(#960,#967),.PCURVE_S1.);
#956 = LINE('',#957,#958);
#957 = CARTESIAN_POINT('',(49.,-1.6,1.056433747393E+03));
#958 = VECTOR('',#959,1.);
#959 = DIRECTION('',(0.,1.,0.));
#960 = PCURVE('',#661,#961);
#961 = DEFINITIONAL_REPRESENTATION('',(#962),#966);
#962 = LINE('',#963,#964);
#963 = CARTESIAN_POINT('',(0.,0.));
#964 = VECTOR('',#965,1.);
#965 = DIRECTION('',(0.,-1.));
#966 = ( GEOMETRIC_REPRESENTATION_CONTEXT(2) 
PARAMETRIC_REPRESENTATION_CONTEXT() REPRESENTATION_CONTEXT('2D SPACE',''
  ) );
#967 = PCURVE('',#814,#968);
#968 = DEFINITIONAL_REPRESENTATION('',(#969),#973);
#969 = LINE('',#970,#971);
#970 = CARTESIAN_POINT('',(4.,0.));
#971 = VECTOR('',#972,1.);
#972 = DIRECTION('',(0.,1.));
#973 = ( GEOMETRIC_REPRESENTATION_CONTEXT(2) 
PARAMETRIC_REPRESENTATION_CONTEXT() REPRESENTATION_CONTEXT('2D SPACE',''
  ) );
#974 = ORIENTED_EDGE('',*,*,#775,.T.);
#975 = ORIENTED_EDGE('',*,*,#648,.T.);
#976 = ADVANCED_FACE('',(#977),#814,.F.);
#977 = FACE_BOUND('',#978,.F.);
#978 = EDGE_LOOP('',(#979,#980,#981,#982));
#979 = ORIENTED_EDGE('',*,*,#927,.F.);
#980 = ORIENTED_EDGE('',*,*,#876,.T.);
#981 = ORIENTED_EDGE('',*,*,#954,.T.);
#982 = ORIENTED_EDGE('',*,*,#798,.F.);
#983 = ( GEOMETRIC_REPRESENTATION_CONTEXT(3) 
GLOBAL_UNCERTAINTY_ASSIGNED_CONTEXT((#987)) GLOBAL_UNIT_ASSIGNED_CONTEXT
((#984,#985,#986)) REPRESENTATION_CONTEXT('Context #1',
  '3D Context with UNIT and UNCERTAINTY') );
#984 = ( LENGTH_UNIT() NAMED_UNIT(*) SI_UNIT(.MILLI.,.METRE.) );
#985 = ( NAMED_UNIT(*) PLANE_ANGLE_UNIT() SI_UNIT($,.RADIAN.) );
#986 = ( NAMED_UNIT(*) SI_UNIT($,.STERADIAN.) SOLID_ANGLE_UNIT() );
#987 = UNCERTAINTY_MEASURE_WITH_UNIT(LENGTH_MEASURE(1.E-07),#984,
  'distance_accuracy_value','confusion accuracy');
#988 = CONTEXT_DEPENDENT_SHAPE_REPRESENTATION(#989,#991);
#989 = ( REPRESENTATION_RELATIONSHIP('','',#40,#10) 
REPRESENTATION_RELATIONSHIP_WITH_TRANSFORMATION(#990) 
SHAPE_REPRESENTATION_RELATIONSHIP() );
#990 = ITEM_DEFINED_TRANSFORMATION('','',#11,#15);
#991 = PRODUCT_DEFINITION_SHAPE('Placement','Placement of an item',#992
  );
#992 = NEXT_ASSEMBLY_USAGE_OCCURRENCE('116','','',#5,#35,$);
#993 = PRODUCT_RELATED_PRODUCT_CATEGORY('part',$,(#37));
#994 = SHAPE_DEFINITION_REPRESENTATION(#995,#1001);
#995 = PRODUCT_DEFINITION_SHAPE('','',#996);
#996 = PRODUCT_DEFINITION('design','',#997,#1000);
#997 = PRODUCT_DEFINITION_FORMATION('','',#998);
#998 = PRODUCT('Open CASCADE STEP translator 7.9 39.2',
  'Open CASCADE STEP translator 7.9 39.2','',(#999));
#999 = PRODUCT_CONTEXT('',#2,'mechanical');
#1000 = PRODUCT_DEFINITION_CONTEXT('part definition',#2,'design');
#1001 = ADVANCED_BREP_SHAPE_REPRESENTATION('',(#11,#1002),#1944);
#1002 = MANIFOLD_SOLID_BREP('',#1003);
#1003 = CLOSED_SHELL('',(#1004,#1204,#1208,#1212,#1286,#1391,#1440,#1518
    ,#1604,#1634,#1683,#1732,#1810,#1883,#1910,#1937));
#1004 = ADVANCED_FACE('',(#1005,#1092),#1019,.T.);
#1005 = FACE_BOUND('',#1006,.T.);
#1006 = EDGE_LOOP('',(#1007,#1037,#1064,#1065));
#1007 = ORIENTED_EDGE('',*,*,#1008,.T.);
#1008 = EDGE_CURVE('',#1009,#1011,#1013,.T.);
#1009 = VERTEX_POINT('',#1010);
#1010 = CARTESIAN_POINT('',(-21.43493649053,42.126399058626,
    1.066933747393E+03));
#1011 = VERTEX_POINT('',#1012);
#1012 = CARTESIAN_POINT('',(-25.76506350946,39.626399058626,
    1.066933747393E+03));
#1013 = SEAM_CURVE('',#1014,(#1018,#1030),.PCURVE_S1.);
#1014 = LINE('',#1015,#1016);
#1015 = CARTESIAN_POINT('',(-21.43493649053,42.126399058626,
    1.066933747393E+03));
#1016 = VECTOR('',#1017,1.);
#1017 = DIRECTION('',(-0.866025403784,-0.5,-1.232595164408E-32));
#1018 = PCURVE('',#1019,#1024);
#1019 = CYLINDRICAL_SURFACE('',#1020,1.8);
#1020 = AXIS2_PLACEMENT_3D('',#1021,#1022,#1023);
#1021 = CARTESIAN_POINT('',(-22.33493649053,43.685244785437,
    1.066933747393E+03));
#1022 = DIRECTION('',(-0.866025403784,-0.5,0.));
#1023 = DIRECTION('',(0.5,-0.866025403784,0.));
#1024 = DEFINITIONAL_REPRESENTATION('',(#1025),#1029);
#1025 = LINE('',#1026,#1027);
#1026 = CARTESIAN_POINT('',(6.28318530718,-0.));
#1027 = VECTOR('',#1028,1.);
#1028 = DIRECTION('',(0.,1.));
#1029 = ( GEOMETRIC_REPRESENTATION_CONTEXT(2) 
PARAMETRIC_REPRESENTATION_CONTEXT() REPRESENTATION_CONTEXT('2D SPACE',''
  ) );
#1030 = PCURVE('',#1019,#1031);
#1031 = DEFINITIONAL_REPRESENTATION('',(#1032),#1036);
#1032 = LINE('',#1033,#1034);
#1033 = CARTESIAN_POINT('',(0.,-0.));
#1034 = VECTOR('',#1035,1.);
#1035 = DIRECTION('',(0.,1.));
#1036 = ( GEOMETRIC_REPRESENTATION_CONTEXT(2) 
PARAMETRIC_REPRESENTATION_CONTEXT() REPRESENTATION_CONTEXT('2D SPACE',''
  ) );
#1037 = ORIENTED_EDGE('',*,*,#1038,.F.);
#1038 = EDGE_CURVE('',#1011,#1011,#1039,.T.);
#1039 = SURFACE_CURVE('',#1040,(#1045,#1052),.PCURVE_S1.);
#1040 = CIRCLE('',#1041,1.8);
#1041 = AXIS2_PLACEMENT_3D('',#1042,#1043,#1044);
#1042 = CARTESIAN_POINT('',(-26.66506350946,41.185244785437,
    1.066933747393E+03));
#1043 = DIRECTION('',(-0.866025403784,-0.5,0.));
#1044 = DIRECTION('',(0.5,-0.866025403784,0.));
#1045 = PCURVE('',#1019,#1046);
#1046 = DEFINITIONAL_REPRESENTATION('',(#1047),#1051);
#1047 = LINE('',#1048,#1049);
#1048 = CARTESIAN_POINT('',(0.,5.));
#1049 = VECTOR('',#1050,1.);
#1050 = DIRECTION('',(1.,0.));
#1051 = ( GEOMETRIC_REPRESENTATION_CONTEXT(2) 
PARAMETRIC_REPRESENTATION_CONTEXT() REPRESENTATION_CONTEXT('2D SPACE',''
  ) );
#1052 = PCURVE('',#1053,#1058);
#1053 = PLANE('',#1054);
#1054 = AXIS2_PLACEMENT_3D('',#1055,#1056,#1057);
#1055 = CARTESIAN_POINT('',(-26.66506350946,41.185244785437,
    1.066933747393E+03));
#1056 = DIRECTION('',(-0.866025403784,-0.5,0.));
#1057 = DIRECTION('',(0.5,-0.866025403784,0.));
#1058 = DEFINITIONAL_REPRESENTATION('',(#1059),#1063);
#1059 = CIRCLE('',#1060,1.8);
#1060 = AXIS2_PLACEMENT_2D('',#1061,#1062);
#1061 = CARTESIAN_POINT('',(0.,0.));
#1062 = DIRECTION('',(1.,0.));
#1063 = ( GEOMETRIC_REPRESENTATION_CONTEXT(2) 
PARAMETRIC_REPRESENTATION_CONTEXT() REPRESENTATION_CONTEXT('2D SPACE',''
  ) );
#1064 = ORIENTED_EDGE('',*,*,#1008,.F.);
#1065 = ORIENTED_EDGE('',*,*,#1066,.T.);
#1066 = EDGE_CURVE('',#1009,#1009,#1067,.T.);
#1067 = SURFACE_CURVE('',#1068,(#1073,#1080),.PCURVE_S1.);
#1068 = CIRCLE('',#1069,1.8);
#1069 = AXIS2_PLACEMENT_3D('',#1070,#1071,#1072);
#1070 = CARTESIAN_POINT('',(-22.33493649053,43.685244785437,
    1.066933747393E+03));
#1071 = DIRECTION('',(-0.866025403784,-0.5,0.));
#1072 = DIRECTION('',(0.5,-0.866025403784,0.));
#1073 = PCURVE('',#1019,#1074);
#1074 = DEFINITIONAL_REPRESENTATION('',(#1075),#1079);
#1075 = LINE('',#1076,#1077);
#1076 = CARTESIAN_POINT('',(0.,0.));
#1077 = VECTOR('',#1078,1.);
#1078 = DIRECTION('',(1.,0.));
#1079 = ( GEOMETRIC_REPRESENTATION_CONTEXT(2) 
PARAMETRIC_REPRESENTATION_CONTEXT() REPRESENTATION_CONTEXT('2D SPACE',''
  ) );
#1080 = PCURVE('',#1081,#1086);
#1081 = PLANE('',#1082);
#1082 = AXIS2_PLACEMENT_3D('',#1083,#1084,#1085);
#1083 = CARTESIAN_POINT('',(-22.33493649053,43.685244785437,
    1.066933747393E+03));
#1084 = DIRECTION('',(-0.866025403784,-0.5,0.));
#1085 = DIRECTION('',(0.5,-0.866025403784,0.));
#1086 = DEFINITIONAL_REPRESENTATION('',(#1087),#1091);
#1087 = CIRCLE('',#1088,1.8);
#1088 = AXIS2_PLACEMENT_2D('',#1089,#1090);
#1089 = CARTESIAN_POINT('',(0.,0.));
#1090 = DIRECTION('',(1.,0.));
#1091 = ( GEOMETRIC_REPRESENTATION_CONTEXT(2) 
PARAMETRIC_REPRESENTATION_CONTEXT() REPRESENTATION_CONTEXT('2D SPACE',''
  ) );
#1092 = FACE_BOUND('',#1093,.T.);
#1093 = EDGE_LOOP('',(#1094,#1122,#1151,#1177));
#1094 = ORIENTED_EDGE('',*,*,#1095,.F.);
#1095 = EDGE_CURVE('',#1096,#1098,#1100,.T.);
#1096 = VERTEX_POINT('',#1097);
#1097 = CARTESIAN_POINT('',(-22.81435935394,42.715629543167,
    1.065236691118E+03));
#1098 = VERTEX_POINT('',#1099);
#1099 = CARTESIAN_POINT('',(-25.58564064605,41.115629543167,
    1.065236691118E+03));
#1100 = SURFACE_CURVE('',#1101,(#1105,#1111),.PCURVE_S1.);
#1101 = LINE('',#1102,#1103);
#1102 = CARTESIAN_POINT('',(-22.03493649053,43.165629543167,
    1.065236691118E+03));
#1103 = VECTOR('',#1104,1.);
#1104 = DIRECTION('',(-0.866025403784,-0.5,0.));
#1105 = PCURVE('',#1019,#1106);
#1106 = DEFINITIONAL_REPRESENTATION('',(#1107),#1110);
#1107 = B_SPLINE_CURVE_WITH_KNOTS('',1,(#1108,#1109),.UNSPECIFIED.,.F.,
  .F.,(2,2),(0.58,4.42),.PIECEWISE_BEZIER_KNOTS.);
#1108 = CARTESIAN_POINT('',(5.052225889839,0.58));
#1109 = CARTESIAN_POINT('',(5.052225889839,4.42));
#1110 = ( GEOMETRIC_REPRESENTATION_CONTEXT(2) 
PARAMETRIC_REPRESENTATION_CONTEXT() REPRESENTATION_CONTEXT('2D SPACE',''
  ) );
#1111 = PCURVE('',#1112,#1117);
#1112 = PLANE('',#1113);
#1113 = AXIS2_PLACEMENT_3D('',#1114,#1115,#1116);
#1114 = CARTESIAN_POINT('',(-22.81435935394,42.715629543167,
    1.062433747393E+03));
#1115 = DIRECTION('',(-0.5,0.866025403784,0.));
#1116 = DIRECTION('',(0.,0.,1.));
#1117 = DEFINITIONAL_REPRESENTATION('',(#1118),#1121);
#1118 = B_SPLINE_CURVE_WITH_KNOTS('',1,(#1119,#1120),.UNSPECIFIED.,.F.,
  .F.,(2,2),(0.58,4.42),.PIECEWISE_BEZIER_KNOTS.);
#1119 = CARTESIAN_POINT('',(2.802943725152,0.32));
#1120 = CARTESIAN_POINT('',(2.802943725152,-3.52));
#1121 = ( GEOMETRIC_REPRESENTATION_CONTEXT(2) 
PARAMETRIC_REPRESENTATION_CONTEXT() REPRESENTATION_CONTEXT('2D SPACE',''
  ) );
#1122 = ORIENTED_EDGE('',*,*,#1123,.F.);
#1123 = EDGE_CURVE('',#1124,#1096,#1126,.T.);
#1124 = VERTEX_POINT('',#1125);
#1125 = CARTESIAN_POINT('',(-23.36435935394,43.66825748733,
    1.065204585746E+03));
#1126 = SURFACE_CURVE('',#1127,(#1132,#1139),.PCURVE_S1.);
#1127 = CIRCLE('',#1128,1.8);
#1128 = AXIS2_PLACEMENT_3D('',#1129,#1130,#1131);
#1129 = CARTESIAN_POINT('',(-23.11435935394,43.235244785437,
    1.066933747393E+03));
#1130 = DIRECTION('',(-0.866025403784,-0.5,0.));
#1131 = DIRECTION('',(0.5,-0.866025403784,0.));
#1132 = PCURVE('',#1019,#1133);
#1133 = DEFINITIONAL_REPRESENTATION('',(#1134),#1138);
#1134 = LINE('',#1135,#1136);
#1135 = CARTESIAN_POINT('',(0.,0.9));
#1136 = VECTOR('',#1137,1.);
#1137 = DIRECTION('',(1.,0.));
#1138 = ( GEOMETRIC_REPRESENTATION_CONTEXT(2) 
PARAMETRIC_REPRESENTATION_CONTEXT() REPRESENTATION_CONTEXT('2D SPACE',''
  ) );
#1139 = PCURVE('',#1140,#1145);
#1140 = PLANE('',#1141);
#1141 = AXIS2_PLACEMENT_3D('',#1142,#1143,#1144);
#1142 = CARTESIAN_POINT('',(-22.81435935394,42.715629543167,
    1.062433747393E+03));
#1143 = DIRECTION('',(-0.866025403784,-0.5,0.));
#1144 = DIRECTION('',(0.,0.,1.));
#1145 = DEFINITIONAL_REPRESENTATION('',(#1146),#1150);
#1146 = CIRCLE('',#1147,1.8);
#1147 = AXIS2_PLACEMENT_2D('',#1148,#1149);
#1148 = CARTESIAN_POINT('',(4.5,0.6));
#1149 = DIRECTION('',(0.,-1.));
#1150 = ( GEOMETRIC_REPRESENTATION_CONTEXT(2) 
PARAMETRIC_REPRESENTATION_CONTEXT() REPRESENTATION_CONTEXT('2D SPACE',''
  ) );
#1151 = ORIENTED_EDGE('',*,*,#1152,.T.);
#1152 = EDGE_CURVE('',#1124,#1153,#1155,.T.);
#1153 = VERTEX_POINT('',#1154);
#1154 = CARTESIAN_POINT('',(-26.13564064605,42.06825748733,
    1.065204585747E+03));
#1155 = SURFACE_CURVE('',#1156,(#1160,#1166),.PCURVE_S1.);
#1156 = LINE('',#1157,#1158);
#1157 = CARTESIAN_POINT('',(-22.58493649053,44.11825748733,
    1.065204585746E+03));
#1158 = VECTOR('',#1159,1.);
#1159 = DIRECTION('',(-0.866025403784,-0.5,0.));
#1160 = PCURVE('',#1019,#1161);
#1161 = DEFINITIONAL_REPRESENTATION('',(#1162),#1165);
#1162 = B_SPLINE_CURVE_WITH_KNOTS('',1,(#1163,#1164),.UNSPECIFIED.,.F.,
  .F.,(2,2),(0.58,4.42),.PIECEWISE_BEZIER_KNOTS.);
#1163 = CARTESIAN_POINT('',(4.430908907154,0.58));
#1164 = CARTESIAN_POINT('',(4.430908907154,4.42));
#1165 = ( GEOMETRIC_REPRESENTATION_CONTEXT(2) 
PARAMETRIC_REPRESENTATION_CONTEXT() REPRESENTATION_CONTEXT('2D SPACE',''
  ) );
#1166 = PCURVE('',#1167,#1172);
#1167 = PLANE('',#1168);
#1168 = AXIS2_PLACEMENT_3D('',#1169,#1170,#1171);
#1169 = CARTESIAN_POINT('',(-23.36435935394,43.66825748733,
    1.062433747393E+03));
#1170 = DIRECTION('',(-0.5,0.866025403784,0.));
#1171 = DIRECTION('',(0.,0.,1.));
#1172 = DEFINITIONAL_REPRESENTATION('',(#1173),#1176);
#1173 = B_SPLINE_CURVE_WITH_KNOTS('',1,(#1174,#1175),.UNSPECIFIED.,.F.,
  .F.,(2,2),(0.58,4.42),.PIECEWISE_BEZIER_KNOTS.);
#1174 = CARTESIAN_POINT('',(2.770838353421,0.32));
#1175 = CARTESIAN_POINT('',(2.770838353421,-3.52));
#1176 = ( GEOMETRIC_REPRESENTATION_CONTEXT(2) 
PARAMETRIC_REPRESENTATION_CONTEXT() REPRESENTATION_CONTEXT('2D SPACE',''
  ) );
#1177 = ORIENTED_EDGE('',*,*,#1178,.T.);
#1178 = EDGE_CURVE('',#1153,#1098,#1179,.T.);
#1179 = SURFACE_CURVE('',#1180,(#1185,#1192),.PCURVE_S1.);
#1180 = CIRCLE('',#1181,1.8);
#1181 = AXIS2_PLACEMENT_3D('',#1182,#1183,#1184);
#1182 = CARTESIAN_POINT('',(-25.88564064605,41.635244785438,
    1.066933747393E+03));
#1183 = DIRECTION('',(-0.866025403784,-0.5,0.));
#1184 = DIRECTION('',(0.5,-0.866025403784,0.));
#1185 = PCURVE('',#1019,#1186);
#1186 = DEFINITIONAL_REPRESENTATION('',(#1187),#1191);
#1187 = LINE('',#1188,#1189);
#1188 = CARTESIAN_POINT('',(0.,4.1));
#1189 = VECTOR('',#1190,1.);
#1190 = DIRECTION('',(1.,0.));
#1191 = ( GEOMETRIC_REPRESENTATION_CONTEXT(2) 
PARAMETRIC_REPRESENTATION_CONTEXT() REPRESENTATION_CONTEXT('2D SPACE',''
  ) );
#1192 = PCURVE('',#1193,#1198);
#1193 = PLANE('',#1194);
#1194 = AXIS2_PLACEMENT_3D('',#1195,#1196,#1197);
#1195 = CARTESIAN_POINT('',(-25.58564064605,41.115629543167,
    1.062433747393E+03));
#1196 = DIRECTION('',(-0.866025403784,-0.5,0.));
#1197 = DIRECTION('',(0.,0.,1.));
#1198 = DEFINITIONAL_REPRESENTATION('',(#1199),#1203);
#1199 = CIRCLE('',#1200,1.8);
#1200 = AXIS2_PLACEMENT_2D('',#1201,#1202);
#1201 = CARTESIAN_POINT('',(4.5,0.6));
#1202 = DIRECTION('',(0.,-1.));
#1203 = ( GEOMETRIC_REPRESENTATION_CONTEXT(2) 
PARAMETRIC_REPRESENTATION_CONTEXT() REPRESENTATION_CONTEXT('2D SPACE',''
  ) );
#1204 = ADVANCED_FACE('',(#1205),#1081,.F.);
#1205 = FACE_BOUND('',#1206,.T.);
#1206 = EDGE_LOOP('',(#1207));
#1207 = ORIENTED_EDGE('',*,*,#1066,.F.);
#1208 = ADVANCED_FACE('',(#1209),#1053,.T.);
#1209 = FACE_BOUND('',#1210,.T.);
#1210 = EDGE_LOOP('',(#1211));
#1211 = ORIENTED_EDGE('',*,*,#1038,.T.);
#1212 = ADVANCED_FACE('',(#1213),#1112,.F.);
#1213 = FACE_BOUND('',#1214,.F.);
#1214 = EDGE_LOOP('',(#1215,#1238,#1264,#1285));
#1215 = ORIENTED_EDGE('',*,*,#1216,.F.);
#1216 = EDGE_CURVE('',#1217,#1096,#1219,.T.);
#1217 = VERTEX_POINT('',#1218);
#1218 = CARTESIAN_POINT('',(-22.81435935394,42.715629543167,
    1.063433747393E+03));
#1219 = SURFACE_CURVE('',#1220,(#1224,#1231),.PCURVE_S1.);
#1220 = LINE('',#1221,#1222);
#1221 = CARTESIAN_POINT('',(-22.81435935394,42.715629543167,
    1.062433747393E+03));
#1222 = VECTOR('',#1223,1.);
#1223 = DIRECTION('',(0.,0.,1.));
#1224 = PCURVE('',#1112,#1225);
#1225 = DEFINITIONAL_REPRESENTATION('',(#1226),#1230);
#1226 = LINE('',#1227,#1228);
#1227 = CARTESIAN_POINT('',(0.,0.));
#1228 = VECTOR('',#1229,1.);
#1229 = DIRECTION('',(1.,0.));
#1230 = ( GEOMETRIC_REPRESENTATION_CONTEXT(2) 
PARAMETRIC_REPRESENTATION_CONTEXT() REPRESENTATION_CONTEXT('2D SPACE',''
  ) );
#1231 = PCURVE('',#1140,#1232);
#1232 = DEFINITIONAL_REPRESENTATION('',(#1233),#1237);
#1233 = LINE('',#1234,#1235);
#1234 = CARTESIAN_POINT('',(0.,0.));
#1235 = VECTOR('',#1236,1.);
#1236 = DIRECTION('',(1.,0.));
#1237 = ( GEOMETRIC_REPRESENTATION_CONTEXT(2) 
PARAMETRIC_REPRESENTATION_CONTEXT() REPRESENTATION_CONTEXT('2D SPACE',''
  ) );
#1238 = ORIENTED_EDGE('',*,*,#1239,.T.);
#1239 = EDGE_CURVE('',#1217,#1240,#1242,.T.);
#1240 = VERTEX_POINT('',#1241);
#1241 = CARTESIAN_POINT('',(-25.58564064605,41.115629543167,
    1.063433747393E+03));
#1242 = SURFACE_CURVE('',#1243,(#1247,#1253),.PCURVE_S1.);
#1243 = LINE('',#1244,#1245);
#1244 = CARTESIAN_POINT('',(-22.81435935394,42.715629543167,
    1.063433747393E+03));
#1245 = VECTOR('',#1246,1.);
#1246 = DIRECTION('',(-0.866025403784,-0.5,0.));
#1247 = PCURVE('',#1112,#1248);
#1248 = DEFINITIONAL_REPRESENTATION('',(#1249),#1252);
#1249 = B_SPLINE_CURVE_WITH_KNOTS('',1,(#1250,#1251),.UNSPECIFIED.,.F.,
  .F.,(2,2),(0.,3.2),.PIECEWISE_BEZIER_KNOTS.);
#1250 = CARTESIAN_POINT('',(1.,0.));
#1251 = CARTESIAN_POINT('',(1.,-3.2));
#1252 = ( GEOMETRIC_REPRESENTATION_CONTEXT(2) 
PARAMETRIC_REPRESENTATION_CONTEXT() REPRESENTATION_CONTEXT('2D SPACE',''
  ) );
#1253 = PCURVE('',#1254,#1259);
#1254 = PLANE('',#1255);
#1255 = AXIS2_PLACEMENT_3D('',#1256,#1257,#1258);
#1256 = CARTESIAN_POINT('',(-21.11435935394,39.7711431703,
    1.063433747393E+03));
#1257 = DIRECTION('',(0.,0.,1.));
#1258 = DIRECTION('',(-0.5,0.866025403784,0.));
#1259 = DEFINITIONAL_REPRESENTATION('',(#1260),#1263);
#1260 = B_SPLINE_CURVE_WITH_KNOTS('',1,(#1261,#1262),.UNSPECIFIED.,.F.,
  .F.,(2,2),(0.,3.2),.PIECEWISE_BEZIER_KNOTS.);
#1261 = CARTESIAN_POINT('',(3.4,4.440892098501E-16));
#1262 = CARTESIAN_POINT('',(3.4,3.2));
#1263 = ( GEOMETRIC_REPRESENTATION_CONTEXT(2) 
PARAMETRIC_REPRESENTATION_CONTEXT() REPRESENTATION_CONTEXT('2D SPACE',''
  ) );
#1264 = ORIENTED_EDGE('',*,*,#1265,.T.);
#1265 = EDGE_CURVE('',#1240,#1098,#1266,.T.);
#1266 = SURFACE_CURVE('',#1267,(#1271,#1278),.PCURVE_S1.);
#1267 = LINE('',#1268,#1269);
#1268 = CARTESIAN_POINT('',(-25.58564064605,41.115629543167,
    1.062433747393E+03));
#1269 = VECTOR('',#1270,1.);
#1270 = DIRECTION('',(0.,0.,1.));
#1271 = PCURVE('',#1112,#1272);
#1272 = DEFINITIONAL_REPRESENTATION('',(#1273),#1277);
#1273 = LINE('',#1274,#1275);
#1274 = CARTESIAN_POINT('',(0.,-3.2));
#1275 = VECTOR('',#1276,1.);
#1276 = DIRECTION('',(1.,0.));
#1277 = ( GEOMETRIC_REPRESENTATION_CONTEXT(2) 
PARAMETRIC_REPRESENTATION_CONTEXT() REPRESENTATION_CONTEXT('2D SPACE',''
  ) );
#1278 = PCURVE('',#1193,#1279);
#1279 = DEFINITIONAL_REPRESENTATION('',(#1280),#1284);
#1280 = LINE('',#1281,#1282);
#1281 = CARTESIAN_POINT('',(0.,0.));
#1282 = VECTOR('',#1283,1.);
#1283 = DIRECTION('',(1.,0.));
#1284 = ( GEOMETRIC_REPRESENTATION_CONTEXT(2) 
PARAMETRIC_REPRESENTATION_CONTEXT() REPRESENTATION_CONTEXT('2D SPACE',''
  ) );
#1285 = ORIENTED_EDGE('',*,*,#1095,.F.);
#1286 = ADVANCED_FACE('',(#1287),#1193,.T.);
#1287 = FACE_BOUND('',#1288,.T.);
#1288 = EDGE_LOOP('',(#1289,#1319,#1347,#1368,#1369,#1370));
#1289 = ORIENTED_EDGE('',*,*,#1290,.F.);
#1290 = EDGE_CURVE('',#1291,#1293,#1295,.T.);
#1291 = VERTEX_POINT('',#1292);
#1292 = CARTESIAN_POINT('',(-25.88564064605,41.635244785438,
    1.062433747393E+03));
#1293 = VERTEX_POINT('',#1294);
#1294 = CARTESIAN_POINT('',(-26.13564064605,42.06825748733,
    1.062433747393E+03));
#1295 = SURFACE_CURVE('',#1296,(#1300,#1307),.PCURVE_S1.);
#1296 = LINE('',#1297,#1298);
#1297 = CARTESIAN_POINT('',(-25.58564064605,41.115629543167,
    1.062433747393E+03));
#1298 = VECTOR('',#1299,1.);
#1299 = DIRECTION('',(-0.5,0.866025403784,0.));
#1300 = PCURVE('',#1193,#1301);
#1301 = DEFINITIONAL_REPRESENTATION('',(#1302),#1306);
#1302 = LINE('',#1303,#1304);
#1303 = CARTESIAN_POINT('',(0.,0.));
#1304 = VECTOR('',#1305,1.);
#1305 = DIRECTION('',(0.,1.));
#1306 = ( GEOMETRIC_REPRESENTATION_CONTEXT(2) 
PARAMETRIC_REPRESENTATION_CONTEXT() REPRESENTATION_CONTEXT('2D SPACE',''
  ) );
#1307 = PCURVE('',#1308,#1313);
#1308 = PLANE('',#1309);
#1309 = AXIS2_PLACEMENT_3D('',#1310,#1311,#1312);
#1310 = CARTESIAN_POINT('',(-22.81435935394,42.715629543167,
    1.062433747393E+03));
#1311 = DIRECTION('',(0.,0.,1.));
#1312 = DIRECTION('',(-0.5,0.866025403784,0.));
#1313 = DEFINITIONAL_REPRESENTATION('',(#1314),#1318);
#1314 = LINE('',#1315,#1316);
#1315 = CARTESIAN_POINT('',(3.774758283726E-15,3.2));
#1316 = VECTOR('',#1317,1.);
#1317 = DIRECTION('',(1.,0.));
#1318 = ( GEOMETRIC_REPRESENTATION_CONTEXT(2) 
PARAMETRIC_REPRESENTATION_CONTEXT() REPRESENTATION_CONTEXT('2D SPACE',''
  ) );
#1319 = ORIENTED_EDGE('',*,*,#1320,.T.);
#1320 = EDGE_CURVE('',#1291,#1321,#1323,.T.);
#1321 = VERTEX_POINT('',#1322);
#1322 = CARTESIAN_POINT('',(-25.88564064605,41.635244785438,
    1.063433747393E+03));
#1323 = SURFACE_CURVE('',#1324,(#1328,#1335),.PCURVE_S1.);
#1324 = LINE('',#1325,#1326);
#1325 = CARTESIAN_POINT('',(-25.88564064605,41.635244785438,
    1.056433747393E+03));
#1326 = VECTOR('',#1327,1.);
#1327 = DIRECTION('',(0.,0.,1.));
#1328 = PCURVE('',#1193,#1329);
#1329 = DEFINITIONAL_REPRESENTATION('',(#1330),#1334);
#1330 = LINE('',#1331,#1332);
#1331 = CARTESIAN_POINT('',(-6.,0.6));
#1332 = VECTOR('',#1333,1.);
#1333 = DIRECTION('',(1.,0.));
#1334 = ( GEOMETRIC_REPRESENTATION_CONTEXT(2) 
PARAMETRIC_REPRESENTATION_CONTEXT() REPRESENTATION_CONTEXT('2D SPACE',''
  ) );
#1335 = PCURVE('',#1336,#1341);
#1336 = PLANE('',#1337);
#1337 = AXIS2_PLACEMENT_3D('',#1338,#1339,#1340);
#1338 = CARTESIAN_POINT('',(-23.88564064605,38.1711431703,
    1.056433747393E+03));
#1339 = DIRECTION('',(-0.866025403784,-0.5,0.));
#1340 = DIRECTION('',(0.,0.,1.));
#1341 = DEFINITIONAL_REPRESENTATION('',(#1342),#1346);
#1342 = LINE('',#1343,#1344);
#1343 = CARTESIAN_POINT('',(0.,4.));
#1344 = VECTOR('',#1345,1.);
#1345 = DIRECTION('',(1.,0.));
#1346 = ( GEOMETRIC_REPRESENTATION_CONTEXT(2) 
PARAMETRIC_REPRESENTATION_CONTEXT() REPRESENTATION_CONTEXT('2D SPACE',''
  ) );
#1347 = ORIENTED_EDGE('',*,*,#1348,.F.);
#1348 = EDGE_CURVE('',#1240,#1321,#1349,.T.);
#1349 = SURFACE_CURVE('',#1350,(#1354,#1361),.PCURVE_S1.);
#1350 = LINE('',#1351,#1352);
#1351 = CARTESIAN_POINT('',(-23.88564064605,38.1711431703,
    1.063433747393E+03));
#1352 = VECTOR('',#1353,1.);
#1353 = DIRECTION('',(-0.5,0.866025403784,0.));
#1354 = PCURVE('',#1193,#1355);
#1355 = DEFINITIONAL_REPRESENTATION('',(#1356),#1360);
#1356 = LINE('',#1357,#1358);
#1357 = CARTESIAN_POINT('',(1.,-3.4));
#1358 = VECTOR('',#1359,1.);
#1359 = DIRECTION('',(0.,1.));
#1360 = ( GEOMETRIC_REPRESENTATION_CONTEXT(2) 
PARAMETRIC_REPRESENTATION_CONTEXT() REPRESENTATION_CONTEXT('2D SPACE',''
  ) );
#1361 = PCURVE('',#1336,#1362);
#1362 = DEFINITIONAL_REPRESENTATION('',(#1363),#1367);
#1363 = LINE('',#1364,#1365);
#1364 = CARTESIAN_POINT('',(7.,0.));
#1365 = VECTOR('',#1366,1.);
#1366 = DIRECTION('',(0.,1.));
#1367 = ( GEOMETRIC_REPRESENTATION_CONTEXT(2) 
PARAMETRIC_REPRESENTATION_CONTEXT() REPRESENTATION_CONTEXT('2D SPACE',''
  ) );
#1368 = ORIENTED_EDGE('',*,*,#1265,.T.);
#1369 = ORIENTED_EDGE('',*,*,#1178,.F.);
#1370 = ORIENTED_EDGE('',*,*,#1371,.F.);
#1371 = EDGE_CURVE('',#1293,#1153,#1372,.T.);
#1372 = SURFACE_CURVE('',#1373,(#1377,#1384),.PCURVE_S1.);
#1373 = LINE('',#1374,#1375);
#1374 = CARTESIAN_POINT('',(-26.13564064605,42.06825748733,
    1.062433747393E+03));
#1375 = VECTOR('',#1376,1.);
#1376 = DIRECTION('',(0.,0.,1.));
#1377 = PCURVE('',#1193,#1378);
#1378 = DEFINITIONAL_REPRESENTATION('',(#1379),#1383);
#1379 = LINE('',#1380,#1381);
#1380 = CARTESIAN_POINT('',(0.,1.1));
#1381 = VECTOR('',#1382,1.);
#1382 = DIRECTION('',(1.,0.));
#1383 = ( GEOMETRIC_REPRESENTATION_CONTEXT(2) 
PARAMETRIC_REPRESENTATION_CONTEXT() REPRESENTATION_CONTEXT('2D SPACE',''
  ) );
#1384 = PCURVE('',#1167,#1385);
#1385 = DEFINITIONAL_REPRESENTATION('',(#1386),#1390);
#1386 = LINE('',#1387,#1388);
#1387 = CARTESIAN_POINT('',(0.,-3.2));
#1388 = VECTOR('',#1389,1.);
#1389 = DIRECTION('',(1.,0.));
#1390 = ( GEOMETRIC_REPRESENTATION_CONTEXT(2) 
PARAMETRIC_REPRESENTATION_CONTEXT() REPRESENTATION_CONTEXT('2D SPACE',''
  ) );
#1391 = ADVANCED_FACE('',(#1392),#1167,.T.);
#1392 = FACE_BOUND('',#1393,.T.);
#1393 = EDGE_LOOP('',(#1394,#1417,#1438,#1439));
#1394 = ORIENTED_EDGE('',*,*,#1395,.F.);
#1395 = EDGE_CURVE('',#1396,#1124,#1398,.T.);
#1396 = VERTEX_POINT('',#1397);
#1397 = CARTESIAN_POINT('',(-23.36435935394,43.66825748733,
    1.062433747393E+03));
#1398 = SURFACE_CURVE('',#1399,(#1403,#1410),.PCURVE_S1.);
#1399 = LINE('',#1400,#1401);
#1400 = CARTESIAN_POINT('',(-23.36435935394,43.66825748733,
    1.062433747393E+03));
#1401 = VECTOR('',#1402,1.);
#1402 = DIRECTION('',(0.,0.,1.));
#1403 = PCURVE('',#1167,#1404);
#1404 = DEFINITIONAL_REPRESENTATION('',(#1405),#1409);
#1405 = LINE('',#1406,#1407);
#1406 = CARTESIAN_POINT('',(0.,0.));
#1407 = VECTOR('',#1408,1.);
#1408 = DIRECTION('',(1.,0.));
#1409 = ( GEOMETRIC_REPRESENTATION_CONTEXT(2) 
PARAMETRIC_REPRESENTATION_CONTEXT() REPRESENTATION_CONTEXT('2D SPACE',''
  ) );
#1410 = PCURVE('',#1140,#1411);
#1411 = DEFINITIONAL_REPRESENTATION('',(#1412),#1416);
#1412 = LINE('',#1413,#1414);
#1413 = CARTESIAN_POINT('',(0.,1.1));
#1414 = VECTOR('',#1415,1.);
#1415 = DIRECTION('',(1.,0.));
#1416 = ( GEOMETRIC_REPRESENTATION_CONTEXT(2) 
PARAMETRIC_REPRESENTATION_CONTEXT() REPRESENTATION_CONTEXT('2D SPACE',''
  ) );
#1417 = ORIENTED_EDGE('',*,*,#1418,.T.);
#1418 = EDGE_CURVE('',#1396,#1293,#1419,.T.);
#1419 = SURFACE_CURVE('',#1420,(#1424,#1431),.PCURVE_S1.);
#1420 = LINE('',#1421,#1422);
#1421 = CARTESIAN_POINT('',(-23.36435935394,43.66825748733,
    1.062433747393E+03));
#1422 = VECTOR('',#1423,1.);
#1423 = DIRECTION('',(-0.866025403784,-0.5,0.));
#1424 = PCURVE('',#1167,#1425);
#1425 = DEFINITIONAL_REPRESENTATION('',(#1426),#1430);
#1426 = LINE('',#1427,#1428);
#1427 = CARTESIAN_POINT('',(0.,0.));
#1428 = VECTOR('',#1429,1.);
#1429 = DIRECTION('',(0.,-1.));
#1430 = ( GEOMETRIC_REPRESENTATION_CONTEXT(2) 
PARAMETRIC_REPRESENTATION_CONTEXT() REPRESENTATION_CONTEXT('2D SPACE',''
  ) );
#1431 = PCURVE('',#1308,#1432);
#1432 = DEFINITIONAL_REPRESENTATION('',(#1433),#1437);
#1433 = LINE('',#1434,#1435);
#1434 = CARTESIAN_POINT('',(1.1,3.885780586188E-16));
#1435 = VECTOR('',#1436,1.);
#1436 = DIRECTION('',(0.,1.));
#1437 = ( GEOMETRIC_REPRESENTATION_CONTEXT(2) 
PARAMETRIC_REPRESENTATION_CONTEXT() REPRESENTATION_CONTEXT('2D SPACE',''
  ) );
#1438 = ORIENTED_EDGE('',*,*,#1371,.T.);
#1439 = ORIENTED_EDGE('',*,*,#1152,.F.);
#1440 = ADVANCED_FACE('',(#1441),#1140,.F.);
#1441 = FACE_BOUND('',#1442,.F.);
#1442 = EDGE_LOOP('',(#1443,#1466,#1494,#1515,#1516,#1517));
#1443 = ORIENTED_EDGE('',*,*,#1444,.F.);
#1444 = EDGE_CURVE('',#1445,#1396,#1447,.T.);
#1445 = VERTEX_POINT('',#1446);
#1446 = CARTESIAN_POINT('',(-23.11435935394,43.235244785437,
    1.062433747393E+03));
#1447 = SURFACE_CURVE('',#1448,(#1452,#1459),.PCURVE_S1.);
#1448 = LINE('',#1449,#1450);
#1449 = CARTESIAN_POINT('',(-22.81435935394,42.715629543167,
    1.062433747393E+03));
#1450 = VECTOR('',#1451,1.);
#1451 = DIRECTION('',(-0.5,0.866025403784,0.));
#1452 = PCURVE('',#1140,#1453);
#1453 = DEFINITIONAL_REPRESENTATION('',(#1454),#1458);
#1454 = LINE('',#1455,#1456);
#1455 = CARTESIAN_POINT('',(0.,0.));
#1456 = VECTOR('',#1457,1.);
#1457 = DIRECTION('',(0.,1.));
#1458 = ( GEOMETRIC_REPRESENTATION_CONTEXT(2) 
PARAMETRIC_REPRESENTATION_CONTEXT() REPRESENTATION_CONTEXT('2D SPACE',''
  ) );
#1459 = PCURVE('',#1308,#1460);
#1460 = DEFINITIONAL_REPRESENTATION('',(#1461),#1465);
#1461 = LINE('',#1462,#1463);
#1462 = CARTESIAN_POINT('',(0.,0.));
#1463 = VECTOR('',#1464,1.);
#1464 = DIRECTION('',(1.,0.));
#1465 = ( GEOMETRIC_REPRESENTATION_CONTEXT(2) 
PARAMETRIC_REPRESENTATION_CONTEXT() REPRESENTATION_CONTEXT('2D SPACE',''
  ) );
#1466 = ORIENTED_EDGE('',*,*,#1467,.T.);
#1467 = EDGE_CURVE('',#1445,#1468,#1470,.T.);
#1468 = VERTEX_POINT('',#1469);
#1469 = CARTESIAN_POINT('',(-23.11435935394,43.235244785437,
    1.063433747393E+03));
#1470 = SURFACE_CURVE('',#1471,(#1475,#1482),.PCURVE_S1.);
#1471 = LINE('',#1472,#1473);
#1472 = CARTESIAN_POINT('',(-23.11435935394,43.235244785437,
    1.056433747393E+03));
#1473 = VECTOR('',#1474,1.);
#1474 = DIRECTION('',(0.,0.,1.));
#1475 = PCURVE('',#1140,#1476);
#1476 = DEFINITIONAL_REPRESENTATION('',(#1477),#1481);
#1477 = LINE('',#1478,#1479);
#1478 = CARTESIAN_POINT('',(-6.,0.6));
#1479 = VECTOR('',#1480,1.);
#1480 = DIRECTION('',(1.,0.));
#1481 = ( GEOMETRIC_REPRESENTATION_CONTEXT(2) 
PARAMETRIC_REPRESENTATION_CONTEXT() REPRESENTATION_CONTEXT('2D SPACE',''
  ) );
#1482 = PCURVE('',#1483,#1488);
#1483 = PLANE('',#1484);
#1484 = AXIS2_PLACEMENT_3D('',#1485,#1486,#1487);
#1485 = CARTESIAN_POINT('',(-21.11435935394,39.7711431703,
    1.056433747393E+03));
#1486 = DIRECTION('',(-0.866025403784,-0.5,0.));
#1487 = DIRECTION('',(0.,0.,1.));
#1488 = DEFINITIONAL_REPRESENTATION('',(#1489),#1493);
#1489 = LINE('',#1490,#1491);
#1490 = CARTESIAN_POINT('',(0.,4.));
#1491 = VECTOR('',#1492,1.);
#1492 = DIRECTION('',(1.,0.));
#1493 = ( GEOMETRIC_REPRESENTATION_CONTEXT(2) 
PARAMETRIC_REPRESENTATION_CONTEXT() REPRESENTATION_CONTEXT('2D SPACE',''
  ) );
#1494 = ORIENTED_EDGE('',*,*,#1495,.F.);
#1495 = EDGE_CURVE('',#1217,#1468,#1496,.T.);
#1496 = SURFACE_CURVE('',#1497,(#1501,#1508),.PCURVE_S1.);
#1497 = LINE('',#1498,#1499);
#1498 = CARTESIAN_POINT('',(-21.11435935394,39.7711431703,
    1.063433747393E+03));
#1499 = VECTOR('',#1500,1.);
#1500 = DIRECTION('',(-0.5,0.866025403784,0.));
#1501 = PCURVE('',#1140,#1502);
#1502 = DEFINITIONAL_REPRESENTATION('',(#1503),#1507);
#1503 = LINE('',#1504,#1505);
#1504 = CARTESIAN_POINT('',(1.,-3.4));
#1505 = VECTOR('',#1506,1.);
#1506 = DIRECTION('',(0.,1.));
#1507 = ( GEOMETRIC_REPRESENTATION_CONTEXT(2) 
PARAMETRIC_REPRESENTATION_CONTEXT() REPRESENTATION_CONTEXT('2D SPACE',''
  ) );
#1508 = PCURVE('',#1483,#1509);
#1509 = DEFINITIONAL_REPRESENTATION('',(#1510),#1514);
#1510 = LINE('',#1511,#1512);
#1511 = CARTESIAN_POINT('',(7.,0.));
#1512 = VECTOR('',#1513,1.);
#1513 = DIRECTION('',(0.,1.));
#1514 = ( GEOMETRIC_REPRESENTATION_CONTEXT(2) 
PARAMETRIC_REPRESENTATION_CONTEXT() REPRESENTATION_CONTEXT('2D SPACE',''
  ) );
#1515 = ORIENTED_EDGE('',*,*,#1216,.T.);
#1516 = ORIENTED_EDGE('',*,*,#1123,.F.);
#1517 = ORIENTED_EDGE('',*,*,#1395,.F.);
#1518 = ADVANCED_FACE('',(#1519),#1254,.T.);
#1519 = FACE_BOUND('',#1520,.T.);
#1520 = EDGE_LOOP('',(#1521,#1549,#1577,#1603));
#1521 = ORIENTED_EDGE('',*,*,#1522,.F.);
#1522 = EDGE_CURVE('',#1523,#1240,#1525,.T.);
#1523 = VERTEX_POINT('',#1524);
#1524 = CARTESIAN_POINT('',(-23.88564064605,38.1711431703,
    1.063433747393E+03));
#1525 = SURFACE_CURVE('',#1526,(#1530,#1537),.PCURVE_S1.);
#1526 = LINE('',#1527,#1528);
#1527 = CARTESIAN_POINT('',(-23.88564064605,38.1711431703,
    1.063433747393E+03));
#1528 = VECTOR('',#1529,1.);
#1529 = DIRECTION('',(-0.5,0.866025403784,0.));
#1530 = PCURVE('',#1254,#1531);
#1531 = DEFINITIONAL_REPRESENTATION('',(#1532),#1536);
#1532 = LINE('',#1533,#1534);
#1533 = CARTESIAN_POINT('',(3.774758283726E-15,3.2));
#1534 = VECTOR('',#1535,1.);
#1535 = DIRECTION('',(1.,0.));
#1536 = ( GEOMETRIC_REPRESENTATION_CONTEXT(2) 
PARAMETRIC_REPRESENTATION_CONTEXT() REPRESENTATION_CONTEXT('2D SPACE',''
  ) );
#1537 = PCURVE('',#1538,#1543);
#1538 = PLANE('',#1539);
#1539 = AXIS2_PLACEMENT_3D('',#1540,#1541,#1542);
#1540 = CARTESIAN_POINT('',(-23.88564064605,38.1711431703,
    1.056433747393E+03));
#1541 = DIRECTION('',(-0.866025403784,-0.5,0.));
#1542 = DIRECTION('',(0.,0.,1.));
#1543 = DEFINITIONAL_REPRESENTATION('',(#1544),#1548);
#1544 = LINE('',#1545,#1546);
#1545 = CARTESIAN_POINT('',(7.,0.));
#1546 = VECTOR('',#1547,1.);
#1547 = DIRECTION('',(0.,1.));
#1548 = ( GEOMETRIC_REPRESENTATION_CONTEXT(2) 
PARAMETRIC_REPRESENTATION_CONTEXT() REPRESENTATION_CONTEXT('2D SPACE',''
  ) );
#1549 = ORIENTED_EDGE('',*,*,#1550,.F.);
#1550 = EDGE_CURVE('',#1551,#1523,#1553,.T.);
#1551 = VERTEX_POINT('',#1552);
#1552 = CARTESIAN_POINT('',(-21.11435935394,39.7711431703,
    1.063433747393E+03));
#1553 = SURFACE_CURVE('',#1554,(#1558,#1565),.PCURVE_S1.);
#1554 = LINE('',#1555,#1556);
#1555 = CARTESIAN_POINT('',(-21.11435935394,39.7711431703,
    1.063433747393E+03));
#1556 = VECTOR('',#1557,1.);
#1557 = DIRECTION('',(-0.866025403784,-0.5,0.));
#1558 = PCURVE('',#1254,#1559);
#1559 = DEFINITIONAL_REPRESENTATION('',(#1560),#1564);
#1560 = LINE('',#1561,#1562);
#1561 = CARTESIAN_POINT('',(0.,0.));
#1562 = VECTOR('',#1563,1.);
#1563 = DIRECTION('',(0.,1.));
#1564 = ( GEOMETRIC_REPRESENTATION_CONTEXT(2) 
PARAMETRIC_REPRESENTATION_CONTEXT() REPRESENTATION_CONTEXT('2D SPACE',''
  ) );
#1565 = PCURVE('',#1566,#1571);
#1566 = PLANE('',#1567);
#1567 = AXIS2_PLACEMENT_3D('',#1568,#1569,#1570);
#1568 = CARTESIAN_POINT('',(-21.11435935394,39.7711431703,
    1.056433747393E+03));
#1569 = DIRECTION('',(-0.5,0.866025403784,0.));
#1570 = DIRECTION('',(0.,0.,1.));
#1571 = DEFINITIONAL_REPRESENTATION('',(#1572),#1576);
#1572 = LINE('',#1573,#1574);
#1573 = CARTESIAN_POINT('',(7.,0.));
#1574 = VECTOR('',#1575,1.);
#1575 = DIRECTION('',(0.,-1.));
#1576 = ( GEOMETRIC_REPRESENTATION_CONTEXT(2) 
PARAMETRIC_REPRESENTATION_CONTEXT() REPRESENTATION_CONTEXT('2D SPACE',''
  ) );
#1577 = ORIENTED_EDGE('',*,*,#1578,.T.);
#1578 = EDGE_CURVE('',#1551,#1217,#1579,.T.);
#1579 = SURFACE_CURVE('',#1580,(#1584,#1591),.PCURVE_S1.);
#1580 = LINE('',#1581,#1582);
#1581 = CARTESIAN_POINT('',(-21.11435935394,39.7711431703,
    1.063433747393E+03));
#1582 = VECTOR('',#1583,1.);
#1583 = DIRECTION('',(-0.5,0.866025403784,0.));
#1584 = PCURVE('',#1254,#1585);
#1585 = DEFINITIONAL_REPRESENTATION('',(#1586),#1590);
#1586 = LINE('',#1587,#1588);
#1587 = CARTESIAN_POINT('',(0.,0.));
#1588 = VECTOR('',#1589,1.);
#1589 = DIRECTION('',(1.,0.));
#1590 = ( GEOMETRIC_REPRESENTATION_CONTEXT(2) 
PARAMETRIC_REPRESENTATION_CONTEXT() REPRESENTATION_CONTEXT('2D SPACE',''
  ) );
#1591 = PCURVE('',#1592,#1597);
#1592 = PLANE('',#1593);
#1593 = AXIS2_PLACEMENT_3D('',#1594,#1595,#1596);
#1594 = CARTESIAN_POINT('',(-21.11435935394,39.7711431703,
    1.056433747393E+03));
#1595 = DIRECTION('',(-0.866025403784,-0.5,0.));
#1596 = DIRECTION('',(0.,0.,1.));
#1597 = DEFINITIONAL_REPRESENTATION('',(#1598),#1602);
#1598 = LINE('',#1599,#1600);
#1599 = CARTESIAN_POINT('',(7.,0.));
#1600 = VECTOR('',#1601,1.);
#1601 = DIRECTION('',(0.,1.));
#1602 = ( GEOMETRIC_REPRESENTATION_CONTEXT(2) 
PARAMETRIC_REPRESENTATION_CONTEXT() REPRESENTATION_CONTEXT('2D SPACE',''
  ) );
#1603 = ORIENTED_EDGE('',*,*,#1239,.T.);
#1604 = ADVANCED_FACE('',(#1605),#1308,.F.);
#1605 = FACE_BOUND('',#1606,.F.);
#1606 = EDGE_LOOP('',(#1607,#1608,#1632,#1633));
#1607 = ORIENTED_EDGE('',*,*,#1290,.F.);
#1608 = ORIENTED_EDGE('',*,*,#1609,.T.);
#1609 = EDGE_CURVE('',#1291,#1445,#1610,.T.);
#1610 = SURFACE_CURVE('',#1611,(#1615,#1621),.PCURVE_S1.);
#1611 = LINE('',#1612,#1613);
#1612 = CARTESIAN_POINT('',(-23.11435935394,43.235244785438,
    1.062433747393E+03));
#1613 = VECTOR('',#1614,1.);
#1614 = DIRECTION('',(0.866025403784,0.5,-0.));
#1615 = PCURVE('',#1308,#1616);
#1616 = DEFINITIONAL_REPRESENTATION('',(#1617),#1620);
#1617 = B_SPLINE_CURVE_WITH_KNOTS('',1,(#1618,#1619),.UNSPECIFIED.,.F.,
  .F.,(2,2),(-3.2,-1.387778780781E-15),.PIECEWISE_BEZIER_KNOTS.);
#1618 = CARTESIAN_POINT('',(0.6,3.2));
#1619 = CARTESIAN_POINT('',(0.6,0.));
#1620 = ( GEOMETRIC_REPRESENTATION_CONTEXT(2) 
PARAMETRIC_REPRESENTATION_CONTEXT() REPRESENTATION_CONTEXT('2D SPACE',''
  ) );
#1621 = PCURVE('',#1622,#1627);
#1622 = PLANE('',#1623);
#1623 = AXIS2_PLACEMENT_3D('',#1624,#1625,#1626);
#1624 = CARTESIAN_POINT('',(-23.11435935394,43.235244785437,
    1.056433747393E+03));
#1625 = DIRECTION('',(-0.5,0.866025403784,0.));
#1626 = DIRECTION('',(0.,0.,1.));
#1627 = DEFINITIONAL_REPRESENTATION('',(#1628),#1631);
#1628 = B_SPLINE_CURVE_WITH_KNOTS('',1,(#1629,#1630),.UNSPECIFIED.,.F.,
  .F.,(2,2),(-3.2,-1.387778780781E-15),.PIECEWISE_BEZIER_KNOTS.);
#1629 = CARTESIAN_POINT('',(6.,-3.2));
#1630 = CARTESIAN_POINT('',(6.,-9.118054001946E-16));
#1631 = ( GEOMETRIC_REPRESENTATION_CONTEXT(2) 
PARAMETRIC_REPRESENTATION_CONTEXT() REPRESENTATION_CONTEXT('2D SPACE',''
  ) );
#1632 = ORIENTED_EDGE('',*,*,#1444,.T.);
#1633 = ORIENTED_EDGE('',*,*,#1418,.T.);
#1634 = ADVANCED_FACE('',(#1635),#1336,.T.);
#1635 = FACE_BOUND('',#1636,.T.);
#1636 = EDGE_LOOP('',(#1637,#1638,#1661,#1682));
#1637 = ORIENTED_EDGE('',*,*,#1320,.F.);
#1638 = ORIENTED_EDGE('',*,*,#1639,.F.);
#1639 = EDGE_CURVE('',#1640,#1291,#1642,.T.);
#1640 = VERTEX_POINT('',#1641);
#1641 = CARTESIAN_POINT('',(-25.58564064605,41.115629543167,
    1.062433747393E+03));
#1642 = SURFACE_CURVE('',#1643,(#1647,#1654),.PCURVE_S1.);
#1643 = LINE('',#1644,#1645);
#1644 = CARTESIAN_POINT('',(-25.58564064605,41.115629543167,
    1.062433747393E+03));
#1645 = VECTOR('',#1646,1.);
#1646 = DIRECTION('',(-0.5,0.866025403784,0.));
#1647 = PCURVE('',#1336,#1648);
#1648 = DEFINITIONAL_REPRESENTATION('',(#1649),#1653);
#1649 = LINE('',#1650,#1651);
#1650 = CARTESIAN_POINT('',(6.,3.4));
#1651 = VECTOR('',#1652,1.);
#1652 = DIRECTION('',(0.,1.));
#1653 = ( GEOMETRIC_REPRESENTATION_CONTEXT(2) 
PARAMETRIC_REPRESENTATION_CONTEXT() REPRESENTATION_CONTEXT('2D SPACE',''
  ) );
#1654 = PCURVE('',#1538,#1655);
#1655 = DEFINITIONAL_REPRESENTATION('',(#1656),#1660);
#1656 = LINE('',#1657,#1658);
#1657 = CARTESIAN_POINT('',(6.,3.4));
#1658 = VECTOR('',#1659,1.);
#1659 = DIRECTION('',(0.,1.));
#1660 = ( GEOMETRIC_REPRESENTATION_CONTEXT(2) 
PARAMETRIC_REPRESENTATION_CONTEXT() REPRESENTATION_CONTEXT('2D SPACE',''
  ) );
#1661 = ORIENTED_EDGE('',*,*,#1662,.T.);
#1662 = EDGE_CURVE('',#1640,#1240,#1663,.T.);
#1663 = SURFACE_CURVE('',#1664,(#1668,#1675),.PCURVE_S1.);
#1664 = LINE('',#1665,#1666);
#1665 = CARTESIAN_POINT('',(-25.58564064605,41.115629543167,
    1.062433747393E+03));
#1666 = VECTOR('',#1667,1.);
#1667 = DIRECTION('',(0.,0.,1.));
#1668 = PCURVE('',#1336,#1669);
#1669 = DEFINITIONAL_REPRESENTATION('',(#1670),#1674);
#1670 = LINE('',#1671,#1672);
#1671 = CARTESIAN_POINT('',(6.,3.4));
#1672 = VECTOR('',#1673,1.);
#1673 = DIRECTION('',(1.,0.));
#1674 = ( GEOMETRIC_REPRESENTATION_CONTEXT(2) 
PARAMETRIC_REPRESENTATION_CONTEXT() REPRESENTATION_CONTEXT('2D SPACE',''
  ) );
#1675 = PCURVE('',#1538,#1676);
#1676 = DEFINITIONAL_REPRESENTATION('',(#1677),#1681);
#1677 = LINE('',#1678,#1679);
#1678 = CARTESIAN_POINT('',(6.,3.4));
#1679 = VECTOR('',#1680,1.);
#1680 = DIRECTION('',(1.,0.));
#1681 = ( GEOMETRIC_REPRESENTATION_CONTEXT(2) 
PARAMETRIC_REPRESENTATION_CONTEXT() REPRESENTATION_CONTEXT('2D SPACE',''
  ) );
#1682 = ORIENTED_EDGE('',*,*,#1348,.T.);
#1683 = ADVANCED_FACE('',(#1684),#1483,.F.);
#1684 = FACE_BOUND('',#1685,.F.);
#1685 = EDGE_LOOP('',(#1686,#1687,#1710,#1731));
#1686 = ORIENTED_EDGE('',*,*,#1467,.F.);
#1687 = ORIENTED_EDGE('',*,*,#1688,.F.);
#1688 = EDGE_CURVE('',#1689,#1445,#1691,.T.);
#1689 = VERTEX_POINT('',#1690);
#1690 = CARTESIAN_POINT('',(-22.81435935394,42.715629543167,
    1.062433747393E+03));
#1691 = SURFACE_CURVE('',#1692,(#1696,#1703),.PCURVE_S1.);
#1692 = LINE('',#1693,#1694);
#1693 = CARTESIAN_POINT('',(-22.81435935394,42.715629543167,
    1.062433747393E+03));
#1694 = VECTOR('',#1695,1.);
#1695 = DIRECTION('',(-0.5,0.866025403784,0.));
#1696 = PCURVE('',#1483,#1697);
#1697 = DEFINITIONAL_REPRESENTATION('',(#1698),#1702);
#1698 = LINE('',#1699,#1700);
#1699 = CARTESIAN_POINT('',(6.,3.4));
#1700 = VECTOR('',#1701,1.);
#1701 = DIRECTION('',(0.,1.));
#1702 = ( GEOMETRIC_REPRESENTATION_CONTEXT(2) 
PARAMETRIC_REPRESENTATION_CONTEXT() REPRESENTATION_CONTEXT('2D SPACE',''
  ) );
#1703 = PCURVE('',#1592,#1704);
#1704 = DEFINITIONAL_REPRESENTATION('',(#1705),#1709);
#1705 = LINE('',#1706,#1707);
#1706 = CARTESIAN_POINT('',(6.,3.4));
#1707 = VECTOR('',#1708,1.);
#1708 = DIRECTION('',(0.,1.));
#1709 = ( GEOMETRIC_REPRESENTATION_CONTEXT(2) 
PARAMETRIC_REPRESENTATION_CONTEXT() REPRESENTATION_CONTEXT('2D SPACE',''
  ) );
#1710 = ORIENTED_EDGE('',*,*,#1711,.T.);
#1711 = EDGE_CURVE('',#1689,#1217,#1712,.T.);
#1712 = SURFACE_CURVE('',#1713,(#1717,#1724),.PCURVE_S1.);
#1713 = LINE('',#1714,#1715);
#1714 = CARTESIAN_POINT('',(-22.81435935394,42.715629543167,
    1.062433747393E+03));
#1715 = VECTOR('',#1716,1.);
#1716 = DIRECTION('',(0.,0.,1.));
#1717 = PCURVE('',#1483,#1718);
#1718 = DEFINITIONAL_REPRESENTATION('',(#1719),#1723);
#1719 = LINE('',#1720,#1721);
#1720 = CARTESIAN_POINT('',(6.,3.4));
#1721 = VECTOR('',#1722,1.);
#1722 = DIRECTION('',(1.,0.));
#1723 = ( GEOMETRIC_REPRESENTATION_CONTEXT(2) 
PARAMETRIC_REPRESENTATION_CONTEXT() REPRESENTATION_CONTEXT('2D SPACE',''
  ) );
#1724 = PCURVE('',#1592,#1725);
#1725 = DEFINITIONAL_REPRESENTATION('',(#1726),#1730);
#1726 = LINE('',#1727,#1728);
#1727 = CARTESIAN_POINT('',(6.,3.4));
#1728 = VECTOR('',#1729,1.);
#1729 = DIRECTION('',(1.,0.));
#1730 = ( GEOMETRIC_REPRESENTATION_CONTEXT(2) 
PARAMETRIC_REPRESENTATION_CONTEXT() REPRESENTATION_CONTEXT('2D SPACE',''
  ) );
#1731 = ORIENTED_EDGE('',*,*,#1495,.T.);
#1732 = ADVANCED_FACE('',(#1733),#1538,.T.);
#1733 = FACE_BOUND('',#1734,.T.);
#1734 = EDGE_LOOP('',(#1735,#1758,#1786,#1807,#1808,#1809));
#1735 = ORIENTED_EDGE('',*,*,#1736,.F.);
#1736 = EDGE_CURVE('',#1737,#1291,#1739,.T.);
#1737 = VERTEX_POINT('',#1738);
#1738 = CARTESIAN_POINT('',(-25.88564064605,41.635244785438,
    1.056433747393E+03));
#1739 = SURFACE_CURVE('',#1740,(#1744,#1751),.PCURVE_S1.);
#1740 = LINE('',#1741,#1742);
#1741 = CARTESIAN_POINT('',(-25.88564064605,41.635244785438,
    1.056433747393E+03));
#1742 = VECTOR('',#1743,1.);
#1743 = DIRECTION('',(0.,0.,1.));
#1744 = PCURVE('',#1538,#1745);
#1745 = DEFINITIONAL_REPRESENTATION('',(#1746),#1750);
#1746 = LINE('',#1747,#1748);
#1747 = CARTESIAN_POINT('',(0.,4.));
#1748 = VECTOR('',#1749,1.);
#1749 = DIRECTION('',(1.,0.));
#1750 = ( GEOMETRIC_REPRESENTATION_CONTEXT(2) 
PARAMETRIC_REPRESENTATION_CONTEXT() REPRESENTATION_CONTEXT('2D SPACE',''
  ) );
#1751 = PCURVE('',#1622,#1752);
#1752 = DEFINITIONAL_REPRESENTATION('',(#1753),#1757);
#1753 = LINE('',#1754,#1755);
#1754 = CARTESIAN_POINT('',(0.,-3.2));
#1755 = VECTOR('',#1756,1.);
#1756 = DIRECTION('',(1.,0.));
#1757 = ( GEOMETRIC_REPRESENTATION_CONTEXT(2) 
PARAMETRIC_REPRESENTATION_CONTEXT() REPRESENTATION_CONTEXT('2D SPACE',''
  ) );
#1758 = ORIENTED_EDGE('',*,*,#1759,.F.);
#1759 = EDGE_CURVE('',#1760,#1737,#1762,.T.);
#1760 = VERTEX_POINT('',#1761);
#1761 = CARTESIAN_POINT('',(-23.88564064605,38.1711431703,
    1.056433747393E+03));
#1762 = SURFACE_CURVE('',#1763,(#1767,#1774),.PCURVE_S1.);
#1763 = LINE('',#1764,#1765);
#1764 = CARTESIAN_POINT('',(-23.88564064605,38.1711431703,
    1.056433747393E+03));
#1765 = VECTOR('',#1766,1.);
#1766 = DIRECTION('',(-0.5,0.866025403784,0.));
#1767 = PCURVE('',#1538,#1768);
#1768 = DEFINITIONAL_REPRESENTATION('',(#1769),#1773);
#1769 = LINE('',#1770,#1771);
#1770 = CARTESIAN_POINT('',(0.,0.));
#1771 = VECTOR('',#1772,1.);
#1772 = DIRECTION('',(0.,1.));
#1773 = ( GEOMETRIC_REPRESENTATION_CONTEXT(2) 
PARAMETRIC_REPRESENTATION_CONTEXT() REPRESENTATION_CONTEXT('2D SPACE',''
  ) );
#1774 = PCURVE('',#1775,#1780);
#1775 = PLANE('',#1776);
#1776 = AXIS2_PLACEMENT_3D('',#1777,#1778,#1779);
#1777 = CARTESIAN_POINT('',(-21.11435935394,39.7711431703,
    1.056433747393E+03));
#1778 = DIRECTION('',(0.,0.,1.));
#1779 = DIRECTION('',(-0.5,0.866025403784,0.));
#1780 = DEFINITIONAL_REPRESENTATION('',(#1781),#1785);
#1781 = LINE('',#1782,#1783);
#1782 = CARTESIAN_POINT('',(3.774758283726E-15,3.2));
#1783 = VECTOR('',#1784,1.);
#1784 = DIRECTION('',(1.,0.));
#1785 = ( GEOMETRIC_REPRESENTATION_CONTEXT(2) 
PARAMETRIC_REPRESENTATION_CONTEXT() REPRESENTATION_CONTEXT('2D SPACE',''
  ) );
#1786 = ORIENTED_EDGE('',*,*,#1787,.T.);
#1787 = EDGE_CURVE('',#1760,#1523,#1788,.T.);
#1788 = SURFACE_CURVE('',#1789,(#1793,#1800),.PCURVE_S1.);
#1789 = LINE('',#1790,#1791);
#1790 = CARTESIAN_POINT('',(-23.88564064605,38.1711431703,
    1.056433747393E+03));
#1791 = VECTOR('',#1792,1.);
#1792 = DIRECTION('',(0.,0.,1.));
#1793 = PCURVE('',#1538,#1794);
#1794 = DEFINITIONAL_REPRESENTATION('',(#1795),#1799);
#1795 = LINE('',#1796,#1797);
#1796 = CARTESIAN_POINT('',(0.,0.));
#1797 = VECTOR('',#1798,1.);
#1798 = DIRECTION('',(1.,0.));
#1799 = ( GEOMETRIC_REPRESENTATION_CONTEXT(2) 
PARAMETRIC_REPRESENTATION_CONTEXT() REPRESENTATION_CONTEXT('2D SPACE',''
  ) );
#1800 = PCURVE('',#1566,#1801);
#1801 = DEFINITIONAL_REPRESENTATION('',(#1802),#1806);
#1802 = LINE('',#1803,#1804);
#1803 = CARTESIAN_POINT('',(0.,-3.2));
#1804 = VECTOR('',#1805,1.);
#1805 = DIRECTION('',(1.,0.));
#1806 = ( GEOMETRIC_REPRESENTATION_CONTEXT(2) 
PARAMETRIC_REPRESENTATION_CONTEXT() REPRESENTATION_CONTEXT('2D SPACE',''
  ) );
#1807 = ORIENTED_EDGE('',*,*,#1522,.T.);
#1808 = ORIENTED_EDGE('',*,*,#1662,.F.);
#1809 = ORIENTED_EDGE('',*,*,#1639,.T.);
#1810 = ADVANCED_FACE('',(#1811),#1592,.F.);
#1811 = FACE_BOUND('',#1812,.F.);
#1812 = EDGE_LOOP('',(#1813,#1836,#1859,#1880,#1881,#1882));
#1813 = ORIENTED_EDGE('',*,*,#1814,.F.);
#1814 = EDGE_CURVE('',#1815,#1445,#1817,.T.);
#1815 = VERTEX_POINT('',#1816);
#1816 = CARTESIAN_POINT('',(-23.11435935394,43.235244785437,
    1.056433747393E+03));
#1817 = SURFACE_CURVE('',#1818,(#1822,#1829),.PCURVE_S1.);
#1818 = LINE('',#1819,#1820);
#1819 = CARTESIAN_POINT('',(-23.11435935394,43.235244785437,
    1.056433747393E+03));
#1820 = VECTOR('',#1821,1.);
#1821 = DIRECTION('',(0.,0.,1.));
#1822 = PCURVE('',#1592,#1823);
#1823 = DEFINITIONAL_REPRESENTATION('',(#1824),#1828);
#1824 = LINE('',#1825,#1826);
#1825 = CARTESIAN_POINT('',(0.,4.));
#1826 = VECTOR('',#1827,1.);
#1827 = DIRECTION('',(1.,0.));
#1828 = ( GEOMETRIC_REPRESENTATION_CONTEXT(2) 
PARAMETRIC_REPRESENTATION_CONTEXT() REPRESENTATION_CONTEXT('2D SPACE',''
  ) );
#1829 = PCURVE('',#1622,#1830);
#1830 = DEFINITIONAL_REPRESENTATION('',(#1831),#1835);
#1831 = LINE('',#1832,#1833);
#1832 = CARTESIAN_POINT('',(0.,0.));
#1833 = VECTOR('',#1834,1.);
#1834 = DIRECTION('',(1.,0.));
#1835 = ( GEOMETRIC_REPRESENTATION_CONTEXT(2) 
PARAMETRIC_REPRESENTATION_CONTEXT() REPRESENTATION_CONTEXT('2D SPACE',''
  ) );
#1836 = ORIENTED_EDGE('',*,*,#1837,.F.);
#1837 = EDGE_CURVE('',#1838,#1815,#1840,.T.);
#1838 = VERTEX_POINT('',#1839);
#1839 = CARTESIAN_POINT('',(-21.11435935394,39.7711431703,
    1.056433747393E+03));
#1840 = SURFACE_CURVE('',#1841,(#1845,#1852),.PCURVE_S1.);
#1841 = LINE('',#1842,#1843);
#1842 = CARTESIAN_POINT('',(-21.11435935394,39.7711431703,
    1.056433747393E+03));
#1843 = VECTOR('',#1844,1.);
#1844 = DIRECTION('',(-0.5,0.866025403784,0.));
#1845 = PCURVE('',#1592,#1846);
#1846 = DEFINITIONAL_REPRESENTATION('',(#1847),#1851);
#1847 = LINE('',#1848,#1849);
#1848 = CARTESIAN_POINT('',(0.,0.));
#1849 = VECTOR('',#1850,1.);
#1850 = DIRECTION('',(0.,1.));
#1851 = ( GEOMETRIC_REPRESENTATION_CONTEXT(2) 
PARAMETRIC_REPRESENTATION_CONTEXT() REPRESENTATION_CONTEXT('2D SPACE',''
  ) );
#1852 = PCURVE('',#1775,#1853);
#1853 = DEFINITIONAL_REPRESENTATION('',(#1854),#1858);
#1854 = LINE('',#1855,#1856);
#1855 = CARTESIAN_POINT('',(0.,0.));
#1856 = VECTOR('',#1857,1.);
#1857 = DIRECTION('',(1.,0.));
#1858 = ( GEOMETRIC_REPRESENTATION_CONTEXT(2) 
PARAMETRIC_REPRESENTATION_CONTEXT() REPRESENTATION_CONTEXT('2D SPACE',''
  ) );
#1859 = ORIENTED_EDGE('',*,*,#1860,.T.);
#1860 = EDGE_CURVE('',#1838,#1551,#1861,.T.);
#1861 = SURFACE_CURVE('',#1862,(#1866,#1873),.PCURVE_S1.);
#1862 = LINE('',#1863,#1864);
#1863 = CARTESIAN_POINT('',(-21.11435935394,39.7711431703,
    1.056433747393E+03));
#1864 = VECTOR('',#1865,1.);
#1865 = DIRECTION('',(0.,0.,1.));
#1866 = PCURVE('',#1592,#1867);
#1867 = DEFINITIONAL_REPRESENTATION('',(#1868),#1872);
#1868 = LINE('',#1869,#1870);
#1869 = CARTESIAN_POINT('',(0.,0.));
#1870 = VECTOR('',#1871,1.);
#1871 = DIRECTION('',(1.,0.));
#1872 = ( GEOMETRIC_REPRESENTATION_CONTEXT(2) 
PARAMETRIC_REPRESENTATION_CONTEXT() REPRESENTATION_CONTEXT('2D SPACE',''
  ) );
#1873 = PCURVE('',#1566,#1874);
#1874 = DEFINITIONAL_REPRESENTATION('',(#1875),#1879);
#1875 = LINE('',#1876,#1877);
#1876 = CARTESIAN_POINT('',(0.,0.));
#1877 = VECTOR('',#1878,1.);
#1878 = DIRECTION('',(1.,0.));
#1879 = ( GEOMETRIC_REPRESENTATION_CONTEXT(2) 
PARAMETRIC_REPRESENTATION_CONTEXT() REPRESENTATION_CONTEXT('2D SPACE',''
  ) );
#1880 = ORIENTED_EDGE('',*,*,#1578,.T.);
#1881 = ORIENTED_EDGE('',*,*,#1711,.F.);
#1882 = ORIENTED_EDGE('',*,*,#1688,.T.);
#1883 = ADVANCED_FACE('',(#1884),#1566,.F.);
#1884 = FACE_BOUND('',#1885,.F.);
#1885 = EDGE_LOOP('',(#1886,#1887,#1908,#1909));
#1886 = ORIENTED_EDGE('',*,*,#1860,.F.);
#1887 = ORIENTED_EDGE('',*,*,#1888,.T.);
#1888 = EDGE_CURVE('',#1838,#1760,#1889,.T.);
#1889 = SURFACE_CURVE('',#1890,(#1894,#1901),.PCURVE_S1.);
#1890 = LINE('',#1891,#1892);
#1891 = CARTESIAN_POINT('',(-21.11435935394,39.7711431703,
    1.056433747393E+03));
#1892 = VECTOR('',#1893,1.);
#1893 = DIRECTION('',(-0.866025403784,-0.5,0.));
#1894 = PCURVE('',#1566,#1895);
#1895 = DEFINITIONAL_REPRESENTATION('',(#1896),#1900);
#1896 = LINE('',#1897,#1898);
#1897 = CARTESIAN_POINT('',(0.,0.));
#1898 = VECTOR('',#1899,1.);
#1899 = DIRECTION('',(0.,-1.));
#1900 = ( GEOMETRIC_REPRESENTATION_CONTEXT(2) 
PARAMETRIC_REPRESENTATION_CONTEXT() REPRESENTATION_CONTEXT('2D SPACE',''
  ) );
#1901 = PCURVE('',#1775,#1902);
#1902 = DEFINITIONAL_REPRESENTATION('',(#1903),#1907);
#1903 = LINE('',#1904,#1905);
#1904 = CARTESIAN_POINT('',(0.,0.));
#1905 = VECTOR('',#1906,1.);
#1906 = DIRECTION('',(0.,1.));
#1907 = ( GEOMETRIC_REPRESENTATION_CONTEXT(2) 
PARAMETRIC_REPRESENTATION_CONTEXT() REPRESENTATION_CONTEXT('2D SPACE',''
  ) );
#1908 = ORIENTED_EDGE('',*,*,#1787,.T.);
#1909 = ORIENTED_EDGE('',*,*,#1550,.F.);
#1910 = ADVANCED_FACE('',(#1911),#1622,.T.);
#1911 = FACE_BOUND('',#1912,.T.);
#1912 = EDGE_LOOP('',(#1913,#1914,#1935,#1936));
#1913 = ORIENTED_EDGE('',*,*,#1814,.F.);
#1914 = ORIENTED_EDGE('',*,*,#1915,.T.);
#1915 = EDGE_CURVE('',#1815,#1737,#1916,.T.);
#1916 = SURFACE_CURVE('',#1917,(#1921,#1928),.PCURVE_S1.);
#1917 = LINE('',#1918,#1919);
#1918 = CARTESIAN_POINT('',(-23.11435935394,43.235244785437,
    1.056433747393E+03));
#1919 = VECTOR('',#1920,1.);
#1920 = DIRECTION('',(-0.866025403784,-0.5,0.));
#1921 = PCURVE('',#1622,#1922);
#1922 = DEFINITIONAL_REPRESENTATION('',(#1923),#1927);
#1923 = LINE('',#1924,#1925);
#1924 = CARTESIAN_POINT('',(0.,0.));
#1925 = VECTOR('',#1926,1.);
#1926 = DIRECTION('',(0.,-1.));
#1927 = ( GEOMETRIC_REPRESENTATION_CONTEXT(2) 
PARAMETRIC_REPRESENTATION_CONTEXT() REPRESENTATION_CONTEXT('2D SPACE',''
  ) );
#1928 = PCURVE('',#1775,#1929);
#1929 = DEFINITIONAL_REPRESENTATION('',(#1930),#1934);
#1930 = LINE('',#1931,#1932);
#1931 = CARTESIAN_POINT('',(4.,-2.22044604925E-16));
#1932 = VECTOR('',#1933,1.);
#1933 = DIRECTION('',(0.,1.));
#1934 = ( GEOMETRIC_REPRESENTATION_CONTEXT(2) 
PARAMETRIC_REPRESENTATION_CONTEXT() REPRESENTATION_CONTEXT('2D SPACE',''
  ) );
#1935 = ORIENTED_EDGE('',*,*,#1736,.T.);
#1936 = ORIENTED_EDGE('',*,*,#1609,.T.);
#1937 = ADVANCED_FACE('',(#1938),#1775,.F.);
#1938 = FACE_BOUND('',#1939,.F.);
#1939 = EDGE_LOOP('',(#1940,#1941,#1942,#1943));
#1940 = ORIENTED_EDGE('',*,*,#1888,.F.);
#1941 = ORIENTED_EDGE('',*,*,#1837,.T.);
#1942 = ORIENTED_EDGE('',*,*,#1915,.T.);
#1943 = ORIENTED_EDGE('',*,*,#1759,.F.);
#1944 = ( GEOMETRIC_REPRESENTATION_CONTEXT(3) 
GLOBAL_UNCERTAINTY_ASSIGNED_CONTEXT((#1948)) 
GLOBAL_UNIT_ASSIGNED_CONTEXT((#1945,#1946,#1947)) REPRESENTATION_CONTEXT
('Context #1','3D Context with UNIT and UNCERTAINTY') );
#1945 = ( LENGTH_UNIT() NAMED_UNIT(*) SI_UNIT(.MILLI.,.METRE.) );
#1946 = ( NAMED_UNIT(*) PLANE_ANGLE_UNIT() SI_UNIT($,.RADIAN.) );
#1947 = ( NAMED_UNIT(*) SI_UNIT($,.STERADIAN.) SOLID_ANGLE_UNIT() );
#1948 = UNCERTAINTY_MEASURE_WITH_UNIT(LENGTH_MEASURE(1.E-07),#1945,
  'distance_accuracy_value','confusion accuracy');
#1949 = CONTEXT_DEPENDENT_SHAPE_REPRESENTATION(#1950,#1952);
#1950 = ( REPRESENTATION_RELATIONSHIP('','',#1001,#10) 
REPRESENTATION_RELATIONSHIP_WITH_TRANSFORMATION(#1951) 
SHAPE_REPRESENTATION_RELATIONSHIP() );
#1951 = ITEM_DEFINED_TRANSFORMATION('','',#11,#19);
#1952 = PRODUCT_DEFINITION_SHAPE('Placement','Placement of an item',
  #1953);
#1953 = NEXT_ASSEMBLY_USAGE_OCCURRENCE('117','','',#5,#996,$);
#1954 = PRODUCT_RELATED_PRODUCT_CATEGORY('part',$,(#998));
#1955 = SHAPE_DEFINITION_REPRESENTATION(#1956,#1962);
#1956 = PRODUCT_DEFINITION_SHAPE('','',#1957);
#1957 = PRODUCT_DEFINITION('design','',#1958,#1961);
#1958 = PRODUCT_DEFINITION_FORMATION('','',#1959);
#1959 = PRODUCT('Open CASCADE STEP translator 7.9 39.3',
  'Open CASCADE STEP translator 7.9 39.3','',(#1960));
#1960 = PRODUCT_CONTEXT('',#2,'mechanical');
#1961 = PRODUCT_DEFINITION_CONTEXT('part definition',#2,'design');
#1962 = ADVANCED_BREP_SHAPE_REPRESENTATION('',(#11,#1963),#2905);
#1963 = MANIFOLD_SOLID_BREP('',#1964);
#1964 = CLOSED_SHELL('',(#1965,#2165,#2169,#2173,#2247,#2352,#2401,#2479
    ,#2565,#2595,#2644,#2693,#2771,#2844,#2871,#2898));
#1965 = ADVANCED_FACE('',(#1966,#2053),#1980,.T.);
#1966 = FACE_BOUND('',#1967,.T.);
#1967 = EDGE_LOOP('',(#1968,#1998,#2025,#2026));
#1968 = ORIENTED_EDGE('',*,*,#1969,.T.);
#1969 = EDGE_CURVE('',#1970,#1972,#1974,.T.);
#1970 = VERTEX_POINT('',#1971);
#1971 = CARTESIAN_POINT('',(-25.76506350946,-39.62639905862,
    1.066933747393E+03));
#1972 = VERTEX_POINT('',#1973);
#1973 = CARTESIAN_POINT('',(-21.43493649053,-42.12639905862,
    1.066933747393E+03));
#1974 = SEAM_CURVE('',#1975,(#1979,#1991),.PCURVE_S1.);
#1975 = LINE('',#1976,#1977);
#1976 = CARTESIAN_POINT('',(-25.76506350946,-39.62639905862,
    1.066933747393E+03));
#1977 = VECTOR('',#1978,1.);
#1978 = DIRECTION('',(0.866025403784,-0.5,1.232595164408E-32));
#1979 = PCURVE('',#1980,#1985);
#1980 = CYLINDRICAL_SURFACE('',#1981,1.8);
#1981 = AXIS2_PLACEMENT_3D('',#1982,#1983,#1984);
#1982 = CARTESIAN_POINT('',(-26.66506350946,-41.18524478543,
    1.066933747393E+03));
#1983 = DIRECTION('',(0.866025403784,-0.5,0.));
#1984 = DIRECTION('',(0.5,0.866025403784,0.));
#1985 = DEFINITIONAL_REPRESENTATION('',(#1986),#1990);
#1986 = LINE('',#1987,#1988);
#1987 = CARTESIAN_POINT('',(6.28318530718,-0.));
#1988 = VECTOR('',#1989,1.);
#1989 = DIRECTION('',(0.,1.));
#1990 = ( GEOMETRIC_REPRESENTATION_CONTEXT(2) 
PARAMETRIC_REPRESENTATION_CONTEXT() REPRESENTATION_CONTEXT('2D SPACE',''
  ) );
#1991 = PCURVE('',#1980,#1992);
#1992 = DEFINITIONAL_REPRESENTATION('',(#1993),#1997);
#1993 = LINE('',#1994,#1995);
#1994 = CARTESIAN_POINT('',(0.,-0.));
#1995 = VECTOR('',#1996,1.);
#1996 = DIRECTION('',(0.,1.));
#1997 = ( GEOMETRIC_REPRESENTATION_CONTEXT(2) 
PARAMETRIC_REPRESENTATION_CONTEXT() REPRESENTATION_CONTEXT('2D SPACE',''
  ) );
#1998 = ORIENTED_EDGE('',*,*,#1999,.F.);
#1999 = EDGE_CURVE('',#1972,#1972,#2000,.T.);
#2000 = SURFACE_CURVE('',#2001,(#2006,#2013),.PCURVE_S1.);
#2001 = CIRCLE('',#2002,1.8);
#2002 = AXIS2_PLACEMENT_3D('',#2003,#2004,#2005);
#2003 = CARTESIAN_POINT('',(-22.33493649053,-43.68524478543,
    1.066933747393E+03));
#2004 = DIRECTION('',(0.866025403784,-0.5,0.));
#2005 = DIRECTION('',(0.5,0.866025403784,0.));
#2006 = PCURVE('',#1980,#2007);
#2007 = DEFINITIONAL_REPRESENTATION('',(#2008),#2012);
#2008 = LINE('',#2009,#2010);
#2009 = CARTESIAN_POINT('',(0.,5.));
#2010 = VECTOR('',#2011,1.);
#2011 = DIRECTION('',(1.,0.));
#2012 = ( GEOMETRIC_REPRESENTATION_CONTEXT(2) 
PARAMETRIC_REPRESENTATION_CONTEXT() REPRESENTATION_CONTEXT('2D SPACE',''
  ) );
#2013 = PCURVE('',#2014,#2019);
#2014 = PLANE('',#2015);
#2015 = AXIS2_PLACEMENT_3D('',#2016,#2017,#2018);
#2016 = CARTESIAN_POINT('',(-22.33493649053,-43.68524478543,
    1.066933747393E+03));
#2017 = DIRECTION('',(0.866025403784,-0.5,0.));
#2018 = DIRECTION('',(0.5,0.866025403784,0.));
#2019 = DEFINITIONAL_REPRESENTATION('',(#2020),#2024);
#2020 = CIRCLE('',#2021,1.8);
#2021 = AXIS2_PLACEMENT_2D('',#2022,#2023);
#2022 = CARTESIAN_POINT('',(0.,0.));
#2023 = DIRECTION('',(1.,0.));
#2024 = ( GEOMETRIC_REPRESENTATION_CONTEXT(2) 
PARAMETRIC_REPRESENTATION_CONTEXT() REPRESENTATION_CONTEXT('2D SPACE',''
  ) );
#2025 = ORIENTED_EDGE('',*,*,#1969,.F.);
#2026 = ORIENTED_EDGE('',*,*,#2027,.T.);
#2027 = EDGE_CURVE('',#1970,#1970,#2028,.T.);
#2028 = SURFACE_CURVE('',#2029,(#2034,#2041),.PCURVE_S1.);
#2029 = CIRCLE('',#2030,1.8);
#2030 = AXIS2_PLACEMENT_3D('',#2031,#2032,#2033);
#2031 = CARTESIAN_POINT('',(-26.66506350946,-41.18524478543,
    1.066933747393E+03));
#2032 = DIRECTION('',(0.866025403784,-0.5,0.));
#2033 = DIRECTION('',(0.5,0.866025403784,0.));
#2034 = PCURVE('',#1980,#2035);
#2035 = DEFINITIONAL_REPRESENTATION('',(#2036),#2040);
#2036 = LINE('',#2037,#2038);
#2037 = CARTESIAN_POINT('',(0.,0.));
#2038 = VECTOR('',#2039,1.);
#2039 = DIRECTION('',(1.,0.));
#2040 = ( GEOMETRIC_REPRESENTATION_CONTEXT(2) 
PARAMETRIC_REPRESENTATION_CONTEXT() REPRESENTATION_CONTEXT('2D SPACE',''
  ) );
#2041 = PCURVE('',#2042,#2047);
#2042 = PLANE('',#2043);
#2043 = AXIS2_PLACEMENT_3D('',#2044,#2045,#2046);
#2044 = CARTESIAN_POINT('',(-26.66506350946,-41.18524478543,
    1.066933747393E+03));
#2045 = DIRECTION('',(0.866025403784,-0.5,0.));
#2046 = DIRECTION('',(0.5,0.866025403784,0.));
#2047 = DEFINITIONAL_REPRESENTATION('',(#2048),#2052);
#2048 = CIRCLE('',#2049,1.8);
#2049 = AXIS2_PLACEMENT_2D('',#2050,#2051);
#2050 = CARTESIAN_POINT('',(0.,0.));
#2051 = DIRECTION('',(1.,0.));
#2052 = ( GEOMETRIC_REPRESENTATION_CONTEXT(2) 
PARAMETRIC_REPRESENTATION_CONTEXT() REPRESENTATION_CONTEXT('2D SPACE',''
  ) );
#2053 = FACE_BOUND('',#2054,.T.);
#2054 = EDGE_LOOP('',(#2055,#2083,#2112,#2138));
#2055 = ORIENTED_EDGE('',*,*,#2056,.F.);
#2056 = EDGE_CURVE('',#2057,#2059,#2061,.T.);
#2057 = VERTEX_POINT('',#2058);
#2058 = CARTESIAN_POINT('',(-25.58564064605,-41.11562954316,
    1.065236691118E+03));
#2059 = VERTEX_POINT('',#2060);
#2060 = CARTESIAN_POINT('',(-22.81435935394,-42.71562954316,
    1.065236691118E+03));
#2061 = SURFACE_CURVE('',#2062,(#2066,#2072),.PCURVE_S1.);
#2062 = LINE('',#2063,#2064);
#2063 = CARTESIAN_POINT('',(-26.36506350946,-40.66562954316,
    1.065236691118E+03));
#2064 = VECTOR('',#2065,1.);
#2065 = DIRECTION('',(0.866025403784,-0.5,0.));
#2066 = PCURVE('',#1980,#2067);
#2067 = DEFINITIONAL_REPRESENTATION('',(#2068),#2071);
#2068 = B_SPLINE_CURVE_WITH_KNOTS('',1,(#2069,#2070),.UNSPECIFIED.,.F.,
  .F.,(2,2),(0.58,4.42),.PIECEWISE_BEZIER_KNOTS.);
#2069 = CARTESIAN_POINT('',(5.052225889839,0.58));
#2070 = CARTESIAN_POINT('',(5.052225889839,4.42));
#2071 = ( GEOMETRIC_REPRESENTATION_CONTEXT(2) 
PARAMETRIC_REPRESENTATION_CONTEXT() REPRESENTATION_CONTEXT('2D SPACE',''
  ) );
#2072 = PCURVE('',#2073,#2078);
#2073 = PLANE('',#2074);
#2074 = AXIS2_PLACEMENT_3D('',#2075,#2076,#2077);
#2075 = CARTESIAN_POINT('',(-25.58564064605,-41.11562954316,
    1.062433747393E+03));
#2076 = DIRECTION('',(-0.5,-0.866025403784,0.));
#2077 = DIRECTION('',(0.,0.,1.));
#2078 = DEFINITIONAL_REPRESENTATION('',(#2079),#2082);
#2079 = B_SPLINE_CURVE_WITH_KNOTS('',1,(#2080,#2081),.UNSPECIFIED.,.F.,
  .F.,(2,2),(0.58,4.42),.PIECEWISE_BEZIER_KNOTS.);
#2080 = CARTESIAN_POINT('',(2.802943725152,0.32));
#2081 = CARTESIAN_POINT('',(2.802943725152,-3.52));
#2082 = ( GEOMETRIC_REPRESENTATION_CONTEXT(2) 
PARAMETRIC_REPRESENTATION_CONTEXT() REPRESENTATION_CONTEXT('2D SPACE',''
  ) );
#2083 = ORIENTED_EDGE('',*,*,#2084,.F.);
#2084 = EDGE_CURVE('',#2085,#2057,#2087,.T.);
#2085 = VERTEX_POINT('',#2086);
#2086 = CARTESIAN_POINT('',(-26.13564064605,-42.06825748733,
    1.065204585747E+03));
#2087 = SURFACE_CURVE('',#2088,(#2093,#2100),.PCURVE_S1.);
#2088 = CIRCLE('',#2089,1.8);
#2089 = AXIS2_PLACEMENT_3D('',#2090,#2091,#2092);
#2090 = CARTESIAN_POINT('',(-25.88564064605,-41.63524478543,
    1.066933747393E+03));
#2091 = DIRECTION('',(0.866025403784,-0.5,0.));
#2092 = DIRECTION('',(0.5,0.866025403784,0.));
#2093 = PCURVE('',#1980,#2094);
#2094 = DEFINITIONAL_REPRESENTATION('',(#2095),#2099);
#2095 = LINE('',#2096,#2097);
#2096 = CARTESIAN_POINT('',(0.,0.9));
#2097 = VECTOR('',#2098,1.);
#2098 = DIRECTION('',(1.,0.));
#2099 = ( GEOMETRIC_REPRESENTATION_CONTEXT(2) 
PARAMETRIC_REPRESENTATION_CONTEXT() REPRESENTATION_CONTEXT('2D SPACE',''
  ) );
#2100 = PCURVE('',#2101,#2106);
#2101 = PLANE('',#2102);
#2102 = AXIS2_PLACEMENT_3D('',#2103,#2104,#2105);
#2103 = CARTESIAN_POINT('',(-25.58564064605,-41.11562954316,
    1.062433747393E+03));
#2104 = DIRECTION('',(0.866025403784,-0.5,0.));
#2105 = DIRECTION('',(0.,0.,1.));
#2106 = DEFINITIONAL_REPRESENTATION('',(#2107),#2111);
#2107 = CIRCLE('',#2108,1.8);
#2108 = AXIS2_PLACEMENT_2D('',#2109,#2110);
#2109 = CARTESIAN_POINT('',(4.5,0.6));
#2110 = DIRECTION('',(0.,-1.));
#2111 = ( GEOMETRIC_REPRESENTATION_CONTEXT(2) 
PARAMETRIC_REPRESENTATION_CONTEXT() REPRESENTATION_CONTEXT('2D SPACE',''
  ) );
#2112 = ORIENTED_EDGE('',*,*,#2113,.T.);
#2113 = EDGE_CURVE('',#2085,#2114,#2116,.T.);
#2114 = VERTEX_POINT('',#2115);
#2115 = CARTESIAN_POINT('',(-23.36435935394,-43.66825748733,
    1.065204585746E+03));
#2116 = SURFACE_CURVE('',#2117,(#2121,#2127),.PCURVE_S1.);
#2117 = LINE('',#2118,#2119);
#2118 = CARTESIAN_POINT('',(-26.91506350946,-41.61825748733,
    1.065204585746E+03));
#2119 = VECTOR('',#2120,1.);
#2120 = DIRECTION('',(0.866025403784,-0.5,0.));
#2121 = PCURVE('',#1980,#2122);
#2122 = DEFINITIONAL_REPRESENTATION('',(#2123),#2126);
#2123 = B_SPLINE_CURVE_WITH_KNOTS('',1,(#2124,#2125),.UNSPECIFIED.,.F.,
  .F.,(2,2),(0.58,4.42),.PIECEWISE_BEZIER_KNOTS.);
#2124 = CARTESIAN_POINT('',(4.430908907154,0.58));
#2125 = CARTESIAN_POINT('',(4.430908907154,4.42));
#2126 = ( GEOMETRIC_REPRESENTATION_CONTEXT(2) 
PARAMETRIC_REPRESENTATION_CONTEXT() REPRESENTATION_CONTEXT('2D SPACE',''
  ) );
#2127 = PCURVE('',#2128,#2133);
#2128 = PLANE('',#2129);
#2129 = AXIS2_PLACEMENT_3D('',#2130,#2131,#2132);
#2130 = CARTESIAN_POINT('',(-26.13564064605,-42.06825748733,
    1.062433747393E+03));
#2131 = DIRECTION('',(-0.5,-0.866025403784,0.));
#2132 = DIRECTION('',(0.,0.,1.));
#2133 = DEFINITIONAL_REPRESENTATION('',(#2134),#2137);
#2134 = B_SPLINE_CURVE_WITH_KNOTS('',1,(#2135,#2136),.UNSPECIFIED.,.F.,
  .F.,(2,2),(0.58,4.42),.PIECEWISE_BEZIER_KNOTS.);
#2135 = CARTESIAN_POINT('',(2.770838353421,0.32));
#2136 = CARTESIAN_POINT('',(2.770838353421,-3.52));
#2137 = ( GEOMETRIC_REPRESENTATION_CONTEXT(2) 
PARAMETRIC_REPRESENTATION_CONTEXT() REPRESENTATION_CONTEXT('2D SPACE',''
  ) );
#2138 = ORIENTED_EDGE('',*,*,#2139,.T.);
#2139 = EDGE_CURVE('',#2114,#2059,#2140,.T.);
#2140 = SURFACE_CURVE('',#2141,(#2146,#2153),.PCURVE_S1.);
#2141 = CIRCLE('',#2142,1.8);
#2142 = AXIS2_PLACEMENT_3D('',#2143,#2144,#2145);
#2143 = CARTESIAN_POINT('',(-23.11435935394,-43.23524478543,
    1.066933747393E+03));
#2144 = DIRECTION('',(0.866025403784,-0.5,0.));
#2145 = DIRECTION('',(0.5,0.866025403784,0.));
#2146 = PCURVE('',#1980,#2147);
#2147 = DEFINITIONAL_REPRESENTATION('',(#2148),#2152);
#2148 = LINE('',#2149,#2150);
#2149 = CARTESIAN_POINT('',(0.,4.1));
#2150 = VECTOR('',#2151,1.);
#2151 = DIRECTION('',(1.,0.));
#2152 = ( GEOMETRIC_REPRESENTATION_CONTEXT(2) 
PARAMETRIC_REPRESENTATION_CONTEXT() REPRESENTATION_CONTEXT('2D SPACE',''
  ) );
#2153 = PCURVE('',#2154,#2159);
#2154 = PLANE('',#2155);
#2155 = AXIS2_PLACEMENT_3D('',#2156,#2157,#2158);
#2156 = CARTESIAN_POINT('',(-22.81435935394,-42.71562954316,
    1.062433747393E+03));
#2157 = DIRECTION('',(0.866025403784,-0.5,0.));
#2158 = DIRECTION('',(0.,0.,1.));
#2159 = DEFINITIONAL_REPRESENTATION('',(#2160),#2164);
#2160 = CIRCLE('',#2161,1.8);
#2161 = AXIS2_PLACEMENT_2D('',#2162,#2163);
#2162 = CARTESIAN_POINT('',(4.5,0.6));
#2163 = DIRECTION('',(0.,-1.));
#2164 = ( GEOMETRIC_REPRESENTATION_CONTEXT(2) 
PARAMETRIC_REPRESENTATION_CONTEXT() REPRESENTATION_CONTEXT('2D SPACE',''
  ) );
#2165 = ADVANCED_FACE('',(#2166),#2042,.F.);
#2166 = FACE_BOUND('',#2167,.T.);
#2167 = EDGE_LOOP('',(#2168));
#2168 = ORIENTED_EDGE('',*,*,#2027,.F.);
#2169 = ADVANCED_FACE('',(#2170),#2014,.T.);
#2170 = FACE_BOUND('',#2171,.T.);
#2171 = EDGE_LOOP('',(#2172));
#2172 = ORIENTED_EDGE('',*,*,#1999,.T.);
#2173 = ADVANCED_FACE('',(#2174),#2073,.F.);
#2174 = FACE_BOUND('',#2175,.F.);
#2175 = EDGE_LOOP('',(#2176,#2199,#2225,#2246));
#2176 = ORIENTED_EDGE('',*,*,#2177,.F.);
#2177 = EDGE_CURVE('',#2178,#2057,#2180,.T.);
#2178 = VERTEX_POINT('',#2179);
#2179 = CARTESIAN_POINT('',(-25.58564064605,-41.11562954316,
    1.063433747393E+03));
#2180 = SURFACE_CURVE('',#2181,(#2185,#2192),.PCURVE_S1.);
#2181 = LINE('',#2182,#2183);
#2182 = CARTESIAN_POINT('',(-25.58564064605,-41.11562954316,
    1.062433747393E+03));
#2183 = VECTOR('',#2184,1.);
#2184 = DIRECTION('',(0.,0.,1.));
#2185 = PCURVE('',#2073,#2186);
#2186 = DEFINITIONAL_REPRESENTATION('',(#2187),#2191);
#2187 = LINE('',#2188,#2189);
#2188 = CARTESIAN_POINT('',(0.,0.));
#2189 = VECTOR('',#2190,1.);
#2190 = DIRECTION('',(1.,0.));
#2191 = ( GEOMETRIC_REPRESENTATION_CONTEXT(2) 
PARAMETRIC_REPRESENTATION_CONTEXT() REPRESENTATION_CONTEXT('2D SPACE',''
  ) );
#2192 = PCURVE('',#2101,#2193);
#2193 = DEFINITIONAL_REPRESENTATION('',(#2194),#2198);
#2194 = LINE('',#2195,#2196);
#2195 = CARTESIAN_POINT('',(0.,0.));
#2196 = VECTOR('',#2197,1.);
#2197 = DIRECTION('',(1.,0.));
#2198 = ( GEOMETRIC_REPRESENTATION_CONTEXT(2) 
PARAMETRIC_REPRESENTATION_CONTEXT() REPRESENTATION_CONTEXT('2D SPACE',''
  ) );
#2199 = ORIENTED_EDGE('',*,*,#2200,.T.);
#2200 = EDGE_CURVE('',#2178,#2201,#2203,.T.);
#2201 = VERTEX_POINT('',#2202);
#2202 = CARTESIAN_POINT('',(-22.81435935394,-42.71562954316,
    1.063433747393E+03));
#2203 = SURFACE_CURVE('',#2204,(#2208,#2214),.PCURVE_S1.);
#2204 = LINE('',#2205,#2206);
#2205 = CARTESIAN_POINT('',(-25.58564064605,-41.11562954316,
    1.063433747393E+03));
#2206 = VECTOR('',#2207,1.);
#2207 = DIRECTION('',(0.866025403784,-0.5,0.));
#2208 = PCURVE('',#2073,#2209);
#2209 = DEFINITIONAL_REPRESENTATION('',(#2210),#2213);
#2210 = B_SPLINE_CURVE_WITH_KNOTS('',1,(#2211,#2212),.UNSPECIFIED.,.F.,
  .F.,(2,2),(1.33226762955E-15,3.2),.PIECEWISE_BEZIER_KNOTS.);
#2211 = CARTESIAN_POINT('',(1.,-1.33226762955E-15));
#2212 = CARTESIAN_POINT('',(1.,-3.2));
#2213 = ( GEOMETRIC_REPRESENTATION_CONTEXT(2) 
PARAMETRIC_REPRESENTATION_CONTEXT() REPRESENTATION_CONTEXT('2D SPACE',''
  ) );
#2214 = PCURVE('',#2215,#2220);
#2215 = PLANE('',#2216);
#2216 = AXIS2_PLACEMENT_3D('',#2217,#2218,#2219);
#2217 = CARTESIAN_POINT('',(-23.88564064605,-38.1711431703,
    1.063433747393E+03));
#2218 = DIRECTION('',(0.,0.,1.));
#2219 = DIRECTION('',(-0.5,-0.866025403784,0.));
#2220 = DEFINITIONAL_REPRESENTATION('',(#2221),#2224);
#2221 = B_SPLINE_CURVE_WITH_KNOTS('',1,(#2222,#2223),.UNSPECIFIED.,.F.,
  .F.,(2,2),(1.33226762955E-15,3.2),.PIECEWISE_BEZIER_KNOTS.);
#2222 = CARTESIAN_POINT('',(3.4,-2.22044604925E-16));
#2223 = CARTESIAN_POINT('',(3.4,3.2));
#2224 = ( GEOMETRIC_REPRESENTATION_CONTEXT(2) 
PARAMETRIC_REPRESENTATION_CONTEXT() REPRESENTATION_CONTEXT('2D SPACE',''
  ) );
#2225 = ORIENTED_EDGE('',*,*,#2226,.T.);
#2226 = EDGE_CURVE('',#2201,#2059,#2227,.T.);
#2227 = SURFACE_CURVE('',#2228,(#2232,#2239),.PCURVE_S1.);
#2228 = LINE('',#2229,#2230);
#2229 = CARTESIAN_POINT('',(-22.81435935394,-42.71562954316,
    1.062433747393E+03));
#2230 = VECTOR('',#2231,1.);
#2231 = DIRECTION('',(0.,0.,1.));
#2232 = PCURVE('',#2073,#2233);
#2233 = DEFINITIONAL_REPRESENTATION('',(#2234),#2238);
#2234 = LINE('',#2235,#2236);
#2235 = CARTESIAN_POINT('',(0.,-3.2));
#2236 = VECTOR('',#2237,1.);
#2237 = DIRECTION('',(1.,0.));
#2238 = ( GEOMETRIC_REPRESENTATION_CONTEXT(2) 
PARAMETRIC_REPRESENTATION_CONTEXT() REPRESENTATION_CONTEXT('2D SPACE',''
  ) );
#2239 = PCURVE('',#2154,#2240);
#2240 = DEFINITIONAL_REPRESENTATION('',(#2241),#2245);
#2241 = LINE('',#2242,#2243);
#2242 = CARTESIAN_POINT('',(0.,0.));
#2243 = VECTOR('',#2244,1.);
#2244 = DIRECTION('',(1.,0.));
#2245 = ( GEOMETRIC_REPRESENTATION_CONTEXT(2) 
PARAMETRIC_REPRESENTATION_CONTEXT() REPRESENTATION_CONTEXT('2D SPACE',''
  ) );
#2246 = ORIENTED_EDGE('',*,*,#2056,.F.);
#2247 = ADVANCED_FACE('',(#2248),#2154,.T.);
#2248 = FACE_BOUND('',#2249,.T.);
#2249 = EDGE_LOOP('',(#2250,#2280,#2308,#2329,#2330,#2331));
#2250 = ORIENTED_EDGE('',*,*,#2251,.F.);
#2251 = EDGE_CURVE('',#2252,#2254,#2256,.T.);
#2252 = VERTEX_POINT('',#2253);
#2253 = CARTESIAN_POINT('',(-23.11435935394,-43.23524478543,
    1.062433747393E+03));
#2254 = VERTEX_POINT('',#2255);
#2255 = CARTESIAN_POINT('',(-23.36435935394,-43.66825748733,
    1.062433747393E+03));
#2256 = SURFACE_CURVE('',#2257,(#2261,#2268),.PCURVE_S1.);
#2257 = LINE('',#2258,#2259);
#2258 = CARTESIAN_POINT('',(-22.81435935394,-42.71562954316,
    1.062433747393E+03));
#2259 = VECTOR('',#2260,1.);
#2260 = DIRECTION('',(-0.5,-0.866025403784,0.));
#2261 = PCURVE('',#2154,#2262);
#2262 = DEFINITIONAL_REPRESENTATION('',(#2263),#2267);
#2263 = LINE('',#2264,#2265);
#2264 = CARTESIAN_POINT('',(0.,0.));
#2265 = VECTOR('',#2266,1.);
#2266 = DIRECTION('',(0.,1.));
#2267 = ( GEOMETRIC_REPRESENTATION_CONTEXT(2) 
PARAMETRIC_REPRESENTATION_CONTEXT() REPRESENTATION_CONTEXT('2D SPACE',''
  ) );
#2268 = PCURVE('',#2269,#2274);
#2269 = PLANE('',#2270);
#2270 = AXIS2_PLACEMENT_3D('',#2271,#2272,#2273);
#2271 = CARTESIAN_POINT('',(-25.58564064605,-41.11562954316,
    1.062433747393E+03));
#2272 = DIRECTION('',(0.,0.,1.));
#2273 = DIRECTION('',(-0.5,-0.866025403784,0.));
#2274 = DEFINITIONAL_REPRESENTATION('',(#2275),#2279);
#2275 = LINE('',#2276,#2277);
#2276 = CARTESIAN_POINT('',(5.995204332976E-15,3.2));
#2277 = VECTOR('',#2278,1.);
#2278 = DIRECTION('',(1.,0.));
#2279 = ( GEOMETRIC_REPRESENTATION_CONTEXT(2) 
PARAMETRIC_REPRESENTATION_CONTEXT() REPRESENTATION_CONTEXT('2D SPACE',''
  ) );
#2280 = ORIENTED_EDGE('',*,*,#2281,.T.);
#2281 = EDGE_CURVE('',#2252,#2282,#2284,.T.);
#2282 = VERTEX_POINT('',#2283);
#2283 = CARTESIAN_POINT('',(-23.11435935394,-43.23524478543,
    1.063433747393E+03));
#2284 = SURFACE_CURVE('',#2285,(#2289,#2296),.PCURVE_S1.);
#2285 = LINE('',#2286,#2287);
#2286 = CARTESIAN_POINT('',(-23.11435935394,-43.23524478543,
    1.056433747393E+03));
#2287 = VECTOR('',#2288,1.);
#2288 = DIRECTION('',(0.,0.,1.));
#2289 = PCURVE('',#2154,#2290);
#2290 = DEFINITIONAL_REPRESENTATION('',(#2291),#2295);
#2291 = LINE('',#2292,#2293);
#2292 = CARTESIAN_POINT('',(-6.,0.6));
#2293 = VECTOR('',#2294,1.);
#2294 = DIRECTION('',(1.,0.));
#2295 = ( GEOMETRIC_REPRESENTATION_CONTEXT(2) 
PARAMETRIC_REPRESENTATION_CONTEXT() REPRESENTATION_CONTEXT('2D SPACE',''
  ) );
#2296 = PCURVE('',#2297,#2302);
#2297 = PLANE('',#2298);
#2298 = AXIS2_PLACEMENT_3D('',#2299,#2300,#2301);
#2299 = CARTESIAN_POINT('',(-21.11435935394,-39.7711431703,
    1.056433747393E+03));
#2300 = DIRECTION('',(0.866025403784,-0.5,0.));
#2301 = DIRECTION('',(0.,0.,1.));
#2302 = DEFINITIONAL_REPRESENTATION('',(#2303),#2307);
#2303 = LINE('',#2304,#2305);
#2304 = CARTESIAN_POINT('',(0.,4.));
#2305 = VECTOR('',#2306,1.);
#2306 = DIRECTION('',(1.,0.));
#2307 = ( GEOMETRIC_REPRESENTATION_CONTEXT(2) 
PARAMETRIC_REPRESENTATION_CONTEXT() REPRESENTATION_CONTEXT('2D SPACE',''
  ) );
#2308 = ORIENTED_EDGE('',*,*,#2309,.F.);
#2309 = EDGE_CURVE('',#2201,#2282,#2310,.T.);
#2310 = SURFACE_CURVE('',#2311,(#2315,#2322),.PCURVE_S1.);
#2311 = LINE('',#2312,#2313);
#2312 = CARTESIAN_POINT('',(-21.11435935394,-39.7711431703,
    1.063433747393E+03));
#2313 = VECTOR('',#2314,1.);
#2314 = DIRECTION('',(-0.5,-0.866025403784,0.));
#2315 = PCURVE('',#2154,#2316);
#2316 = DEFINITIONAL_REPRESENTATION('',(#2317),#2321);
#2317 = LINE('',#2318,#2319);
#2318 = CARTESIAN_POINT('',(1.,-3.4));
#2319 = VECTOR('',#2320,1.);
#2320 = DIRECTION('',(0.,1.));
#2321 = ( GEOMETRIC_REPRESENTATION_CONTEXT(2) 
PARAMETRIC_REPRESENTATION_CONTEXT() REPRESENTATION_CONTEXT('2D SPACE',''
  ) );
#2322 = PCURVE('',#2297,#2323);
#2323 = DEFINITIONAL_REPRESENTATION('',(#2324),#2328);
#2324 = LINE('',#2325,#2326);
#2325 = CARTESIAN_POINT('',(7.,0.));
#2326 = VECTOR('',#2327,1.);
#2327 = DIRECTION('',(0.,1.));
#2328 = ( GEOMETRIC_REPRESENTATION_CONTEXT(2) 
PARAMETRIC_REPRESENTATION_CONTEXT() REPRESENTATION_CONTEXT('2D SPACE',''
  ) );
#2329 = ORIENTED_EDGE('',*,*,#2226,.T.);
#2330 = ORIENTED_EDGE('',*,*,#2139,.F.);
#2331 = ORIENTED_EDGE('',*,*,#2332,.F.);
#2332 = EDGE_CURVE('',#2254,#2114,#2333,.T.);
#2333 = SURFACE_CURVE('',#2334,(#2338,#2345),.PCURVE_S1.);
#2334 = LINE('',#2335,#2336);
#2335 = CARTESIAN_POINT('',(-23.36435935394,-43.66825748733,
    1.062433747393E+03));
#2336 = VECTOR('',#2337,1.);
#2337 = DIRECTION('',(0.,0.,1.));
#2338 = PCURVE('',#2154,#2339);
#2339 = DEFINITIONAL_REPRESENTATION('',(#2340),#2344);
#2340 = LINE('',#2341,#2342);
#2341 = CARTESIAN_POINT('',(0.,1.1));
#2342 = VECTOR('',#2343,1.);
#2343 = DIRECTION('',(1.,0.));
#2344 = ( GEOMETRIC_REPRESENTATION_CONTEXT(2) 
PARAMETRIC_REPRESENTATION_CONTEXT() REPRESENTATION_CONTEXT('2D SPACE',''
  ) );
#2345 = PCURVE('',#2128,#2346);
#2346 = DEFINITIONAL_REPRESENTATION('',(#2347),#2351);
#2347 = LINE('',#2348,#2349);
#2348 = CARTESIAN_POINT('',(0.,-3.2));
#2349 = VECTOR('',#2350,1.);
#2350 = DIRECTION('',(1.,0.));
#2351 = ( GEOMETRIC_REPRESENTATION_CONTEXT(2) 
PARAMETRIC_REPRESENTATION_CONTEXT() REPRESENTATION_CONTEXT('2D SPACE',''
  ) );
#2352 = ADVANCED_FACE('',(#2353),#2128,.T.);
#2353 = FACE_BOUND('',#2354,.T.);
#2354 = EDGE_LOOP('',(#2355,#2378,#2399,#2400));
#2355 = ORIENTED_EDGE('',*,*,#2356,.F.);
#2356 = EDGE_CURVE('',#2357,#2085,#2359,.T.);
#2357 = VERTEX_POINT('',#2358);
#2358 = CARTESIAN_POINT('',(-26.13564064605,-42.06825748733,
    1.062433747393E+03));
#2359 = SURFACE_CURVE('',#2360,(#2364,#2371),.PCURVE_S1.);
#2360 = LINE('',#2361,#2362);
#2361 = CARTESIAN_POINT('',(-26.13564064605,-42.06825748733,
    1.062433747393E+03));
#2362 = VECTOR('',#2363,1.);
#2363 = DIRECTION('',(0.,0.,1.));
#2364 = PCURVE('',#2128,#2365);
#2365 = DEFINITIONAL_REPRESENTATION('',(#2366),#2370);
#2366 = LINE('',#2367,#2368);
#2367 = CARTESIAN_POINT('',(0.,0.));
#2368 = VECTOR('',#2369,1.);
#2369 = DIRECTION('',(1.,0.));
#2370 = ( GEOMETRIC_REPRESENTATION_CONTEXT(2) 
PARAMETRIC_REPRESENTATION_CONTEXT() REPRESENTATION_CONTEXT('2D SPACE',''
  ) );
#2371 = PCURVE('',#2101,#2372);
#2372 = DEFINITIONAL_REPRESENTATION('',(#2373),#2377);
#2373 = LINE('',#2374,#2375);
#2374 = CARTESIAN_POINT('',(0.,1.1));
#2375 = VECTOR('',#2376,1.);
#2376 = DIRECTION('',(1.,0.));
#2377 = ( GEOMETRIC_REPRESENTATION_CONTEXT(2) 
PARAMETRIC_REPRESENTATION_CONTEXT() REPRESENTATION_CONTEXT('2D SPACE',''
  ) );
#2378 = ORIENTED_EDGE('',*,*,#2379,.T.);
#2379 = EDGE_CURVE('',#2357,#2254,#2380,.T.);
#2380 = SURFACE_CURVE('',#2381,(#2385,#2392),.PCURVE_S1.);
#2381 = LINE('',#2382,#2383);
#2382 = CARTESIAN_POINT('',(-26.13564064605,-42.06825748733,
    1.062433747393E+03));
#2383 = VECTOR('',#2384,1.);
#2384 = DIRECTION('',(0.866025403784,-0.5,0.));
#2385 = PCURVE('',#2128,#2386);
#2386 = DEFINITIONAL_REPRESENTATION('',(#2387),#2391);
#2387 = LINE('',#2388,#2389);
#2388 = CARTESIAN_POINT('',(0.,0.));
#2389 = VECTOR('',#2390,1.);
#2390 = DIRECTION('',(0.,-1.));
#2391 = ( GEOMETRIC_REPRESENTATION_CONTEXT(2) 
PARAMETRIC_REPRESENTATION_CONTEXT() REPRESENTATION_CONTEXT('2D SPACE',''
  ) );
#2392 = PCURVE('',#2269,#2393);
#2393 = DEFINITIONAL_REPRESENTATION('',(#2394),#2398);
#2394 = LINE('',#2395,#2396);
#2395 = CARTESIAN_POINT('',(1.1,3.996802888651E-15));
#2396 = VECTOR('',#2397,1.);
#2397 = DIRECTION('',(0.,1.));
#2398 = ( GEOMETRIC_REPRESENTATION_CONTEXT(2) 
PARAMETRIC_REPRESENTATION_CONTEXT() REPRESENTATION_CONTEXT('2D SPACE',''
  ) );
#2399 = ORIENTED_EDGE('',*,*,#2332,.T.);
#2400 = ORIENTED_EDGE('',*,*,#2113,.F.);
#2401 = ADVANCED_FACE('',(#2402),#2101,.F.);
#2402 = FACE_BOUND('',#2403,.F.);
#2403 = EDGE_LOOP('',(#2404,#2427,#2455,#2476,#2477,#2478));
#2404 = ORIENTED_EDGE('',*,*,#2405,.F.);
#2405 = EDGE_CURVE('',#2406,#2357,#2408,.T.);
#2406 = VERTEX_POINT('',#2407);
#2407 = CARTESIAN_POINT('',(-25.88564064605,-41.63524478543,
    1.062433747393E+03));
#2408 = SURFACE_CURVE('',#2409,(#2413,#2420),.PCURVE_S1.);
#2409 = LINE('',#2410,#2411);
#2410 = CARTESIAN_POINT('',(-25.58564064605,-41.11562954316,
    1.062433747393E+03));
#2411 = VECTOR('',#2412,1.);
#2412 = DIRECTION('',(-0.5,-0.866025403784,0.));
#2413 = PCURVE('',#2101,#2414);
#2414 = DEFINITIONAL_REPRESENTATION('',(#2415),#2419);
#2415 = LINE('',#2416,#2417);
#2416 = CARTESIAN_POINT('',(0.,0.));
#2417 = VECTOR('',#2418,1.);
#2418 = DIRECTION('',(0.,1.));
#2419 = ( GEOMETRIC_REPRESENTATION_CONTEXT(2) 
PARAMETRIC_REPRESENTATION_CONTEXT() REPRESENTATION_CONTEXT('2D SPACE',''
  ) );
#2420 = PCURVE('',#2269,#2421);
#2421 = DEFINITIONAL_REPRESENTATION('',(#2422),#2426);
#2422 = LINE('',#2423,#2424);
#2423 = CARTESIAN_POINT('',(0.,0.));
#2424 = VECTOR('',#2425,1.);
#2425 = DIRECTION('',(1.,0.));
#2426 = ( GEOMETRIC_REPRESENTATION_CONTEXT(2) 
PARAMETRIC_REPRESENTATION_CONTEXT() REPRESENTATION_CONTEXT('2D SPACE',''
  ) );
#2427 = ORIENTED_EDGE('',*,*,#2428,.T.);
#2428 = EDGE_CURVE('',#2406,#2429,#2431,.T.);
#2429 = VERTEX_POINT('',#2430);
#2430 = CARTESIAN_POINT('',(-25.88564064605,-41.63524478543,
    1.063433747393E+03));
#2431 = SURFACE_CURVE('',#2432,(#2436,#2443),.PCURVE_S1.);
#2432 = LINE('',#2433,#2434);
#2433 = CARTESIAN_POINT('',(-25.88564064605,-41.63524478543,
    1.056433747393E+03));
#2434 = VECTOR('',#2435,1.);
#2435 = DIRECTION('',(0.,0.,1.));
#2436 = PCURVE('',#2101,#2437);
#2437 = DEFINITIONAL_REPRESENTATION('',(#2438),#2442);
#2438 = LINE('',#2439,#2440);
#2439 = CARTESIAN_POINT('',(-6.,0.6));
#2440 = VECTOR('',#2441,1.);
#2441 = DIRECTION('',(1.,0.));
#2442 = ( GEOMETRIC_REPRESENTATION_CONTEXT(2) 
PARAMETRIC_REPRESENTATION_CONTEXT() REPRESENTATION_CONTEXT('2D SPACE',''
  ) );
#2443 = PCURVE('',#2444,#2449);
#2444 = PLANE('',#2445);
#2445 = AXIS2_PLACEMENT_3D('',#2446,#2447,#2448);
#2446 = CARTESIAN_POINT('',(-23.88564064605,-38.1711431703,
    1.056433747393E+03));
#2447 = DIRECTION('',(0.866025403784,-0.5,0.));
#2448 = DIRECTION('',(0.,0.,1.));
#2449 = DEFINITIONAL_REPRESENTATION('',(#2450),#2454);
#2450 = LINE('',#2451,#2452);
#2451 = CARTESIAN_POINT('',(0.,4.));
#2452 = VECTOR('',#2453,1.);
#2453 = DIRECTION('',(1.,0.));
#2454 = ( GEOMETRIC_REPRESENTATION_CONTEXT(2) 
PARAMETRIC_REPRESENTATION_CONTEXT() REPRESENTATION_CONTEXT('2D SPACE',''
  ) );
#2455 = ORIENTED_EDGE('',*,*,#2456,.F.);
#2456 = EDGE_CURVE('',#2178,#2429,#2457,.T.);
#2457 = SURFACE_CURVE('',#2458,(#2462,#2469),.PCURVE_S1.);
#2458 = LINE('',#2459,#2460);
#2459 = CARTESIAN_POINT('',(-23.88564064605,-38.1711431703,
    1.063433747393E+03));
#2460 = VECTOR('',#2461,1.);
#2461 = DIRECTION('',(-0.5,-0.866025403784,0.));
#2462 = PCURVE('',#2101,#2463);
#2463 = DEFINITIONAL_REPRESENTATION('',(#2464),#2468);
#2464 = LINE('',#2465,#2466);
#2465 = CARTESIAN_POINT('',(1.,-3.4));
#2466 = VECTOR('',#2467,1.);
#2467 = DIRECTION('',(0.,1.));
#2468 = ( GEOMETRIC_REPRESENTATION_CONTEXT(2) 
PARAMETRIC_REPRESENTATION_CONTEXT() REPRESENTATION_CONTEXT('2D SPACE',''
  ) );
#2469 = PCURVE('',#2444,#2470);
#2470 = DEFINITIONAL_REPRESENTATION('',(#2471),#2475);
#2471 = LINE('',#2472,#2473);
#2472 = CARTESIAN_POINT('',(7.,0.));
#2473 = VECTOR('',#2474,1.);
#2474 = DIRECTION('',(0.,1.));
#2475 = ( GEOMETRIC_REPRESENTATION_CONTEXT(2) 
PARAMETRIC_REPRESENTATION_CONTEXT() REPRESENTATION_CONTEXT('2D SPACE',''
  ) );
#2476 = ORIENTED_EDGE('',*,*,#2177,.T.);
#2477 = ORIENTED_EDGE('',*,*,#2084,.F.);
#2478 = ORIENTED_EDGE('',*,*,#2356,.F.);
#2479 = ADVANCED_FACE('',(#2480),#2215,.T.);
#2480 = FACE_BOUND('',#2481,.T.);
#2481 = EDGE_LOOP('',(#2482,#2510,#2538,#2564));
#2482 = ORIENTED_EDGE('',*,*,#2483,.F.);
#2483 = EDGE_CURVE('',#2484,#2201,#2486,.T.);
#2484 = VERTEX_POINT('',#2485);
#2485 = CARTESIAN_POINT('',(-21.11435935394,-39.7711431703,
    1.063433747393E+03));
#2486 = SURFACE_CURVE('',#2487,(#2491,#2498),.PCURVE_S1.);
#2487 = LINE('',#2488,#2489);
#2488 = CARTESIAN_POINT('',(-21.11435935394,-39.7711431703,
    1.063433747393E+03));
#2489 = VECTOR('',#2490,1.);
#2490 = DIRECTION('',(-0.5,-0.866025403784,0.));
#2491 = PCURVE('',#2215,#2492);
#2492 = DEFINITIONAL_REPRESENTATION('',(#2493),#2497);
#2493 = LINE('',#2494,#2495);
#2494 = CARTESIAN_POINT('',(-6.217248937901E-15,3.2));
#2495 = VECTOR('',#2496,1.);
#2496 = DIRECTION('',(1.,0.));
#2497 = ( GEOMETRIC_REPRESENTATION_CONTEXT(2) 
PARAMETRIC_REPRESENTATION_CONTEXT() REPRESENTATION_CONTEXT('2D SPACE',''
  ) );
#2498 = PCURVE('',#2499,#2504);
#2499 = PLANE('',#2500);
#2500 = AXIS2_PLACEMENT_3D('',#2501,#2502,#2503);
#2501 = CARTESIAN_POINT('',(-21.11435935394,-39.7711431703,
    1.056433747393E+03));
#2502 = DIRECTION('',(0.866025403784,-0.5,0.));
#2503 = DIRECTION('',(0.,0.,1.));
#2504 = DEFINITIONAL_REPRESENTATION('',(#2505),#2509);
#2505 = LINE('',#2506,#2507);
#2506 = CARTESIAN_POINT('',(7.,0.));
#2507 = VECTOR('',#2508,1.);
#2508 = DIRECTION('',(0.,1.));
#2509 = ( GEOMETRIC_REPRESENTATION_CONTEXT(2) 
PARAMETRIC_REPRESENTATION_CONTEXT() REPRESENTATION_CONTEXT('2D SPACE',''
  ) );
#2510 = ORIENTED_EDGE('',*,*,#2511,.F.);
#2511 = EDGE_CURVE('',#2512,#2484,#2514,.T.);
#2512 = VERTEX_POINT('',#2513);
#2513 = CARTESIAN_POINT('',(-23.88564064605,-38.1711431703,
    1.063433747393E+03));
#2514 = SURFACE_CURVE('',#2515,(#2519,#2526),.PCURVE_S1.);
#2515 = LINE('',#2516,#2517);
#2516 = CARTESIAN_POINT('',(-23.88564064605,-38.1711431703,
    1.063433747393E+03));
#2517 = VECTOR('',#2518,1.);
#2518 = DIRECTION('',(0.866025403784,-0.5,0.));
#2519 = PCURVE('',#2215,#2520);
#2520 = DEFINITIONAL_REPRESENTATION('',(#2521),#2525);
#2521 = LINE('',#2522,#2523);
#2522 = CARTESIAN_POINT('',(0.,0.));
#2523 = VECTOR('',#2524,1.);
#2524 = DIRECTION('',(0.,1.));
#2525 = ( GEOMETRIC_REPRESENTATION_CONTEXT(2) 
PARAMETRIC_REPRESENTATION_CONTEXT() REPRESENTATION_CONTEXT('2D SPACE',''
  ) );
#2526 = PCURVE('',#2527,#2532);
#2527 = PLANE('',#2528);
#2528 = AXIS2_PLACEMENT_3D('',#2529,#2530,#2531);
#2529 = CARTESIAN_POINT('',(-23.88564064605,-38.1711431703,
    1.056433747393E+03));
#2530 = DIRECTION('',(-0.5,-0.866025403784,0.));
#2531 = DIRECTION('',(0.,0.,1.));
#2532 = DEFINITIONAL_REPRESENTATION('',(#2533),#2537);
#2533 = LINE('',#2534,#2535);
#2534 = CARTESIAN_POINT('',(7.,0.));
#2535 = VECTOR('',#2536,1.);
#2536 = DIRECTION('',(0.,-1.));
#2537 = ( GEOMETRIC_REPRESENTATION_CONTEXT(2) 
PARAMETRIC_REPRESENTATION_CONTEXT() REPRESENTATION_CONTEXT('2D SPACE',''
  ) );
#2538 = ORIENTED_EDGE('',*,*,#2539,.T.);
#2539 = EDGE_CURVE('',#2512,#2178,#2540,.T.);
#2540 = SURFACE_CURVE('',#2541,(#2545,#2552),.PCURVE_S1.);
#2541 = LINE('',#2542,#2543);
#2542 = CARTESIAN_POINT('',(-23.88564064605,-38.1711431703,
    1.063433747393E+03));
#2543 = VECTOR('',#2544,1.);
#2544 = DIRECTION('',(-0.5,-0.866025403784,0.));
#2545 = PCURVE('',#2215,#2546);
#2546 = DEFINITIONAL_REPRESENTATION('',(#2547),#2551);
#2547 = LINE('',#2548,#2549);
#2548 = CARTESIAN_POINT('',(0.,0.));
#2549 = VECTOR('',#2550,1.);
#2550 = DIRECTION('',(1.,0.));
#2551 = ( GEOMETRIC_REPRESENTATION_CONTEXT(2) 
PARAMETRIC_REPRESENTATION_CONTEXT() REPRESENTATION_CONTEXT('2D SPACE',''
  ) );
#2552 = PCURVE('',#2553,#2558);
#2553 = PLANE('',#2554);
#2554 = AXIS2_PLACEMENT_3D('',#2555,#2556,#2557);
#2555 = CARTESIAN_POINT('',(-23.88564064605,-38.1711431703,
    1.056433747393E+03));
#2556 = DIRECTION('',(0.866025403784,-0.5,0.));
#2557 = DIRECTION('',(0.,0.,1.));
#2558 = DEFINITIONAL_REPRESENTATION('',(#2559),#2563);
#2559 = LINE('',#2560,#2561);
#2560 = CARTESIAN_POINT('',(7.,0.));
#2561 = VECTOR('',#2562,1.);
#2562 = DIRECTION('',(0.,1.));
#2563 = ( GEOMETRIC_REPRESENTATION_CONTEXT(2) 
PARAMETRIC_REPRESENTATION_CONTEXT() REPRESENTATION_CONTEXT('2D SPACE',''
  ) );
#2564 = ORIENTED_EDGE('',*,*,#2200,.T.);
#2565 = ADVANCED_FACE('',(#2566),#2269,.F.);
#2566 = FACE_BOUND('',#2567,.F.);
#2567 = EDGE_LOOP('',(#2568,#2569,#2593,#2594));
#2568 = ORIENTED_EDGE('',*,*,#2251,.F.);
#2569 = ORIENTED_EDGE('',*,*,#2570,.T.);
#2570 = EDGE_CURVE('',#2252,#2406,#2571,.T.);
#2571 = SURFACE_CURVE('',#2572,(#2576,#2582),.PCURVE_S1.);
#2572 = LINE('',#2573,#2574);
#2573 = CARTESIAN_POINT('',(-25.88564064605,-41.63524478543,
    1.062433747393E+03));
#2574 = VECTOR('',#2575,1.);
#2575 = DIRECTION('',(-0.866025403784,0.5,0.));
#2576 = PCURVE('',#2269,#2577);
#2577 = DEFINITIONAL_REPRESENTATION('',(#2578),#2581);
#2578 = B_SPLINE_CURVE_WITH_KNOTS('',1,(#2579,#2580),.UNSPECIFIED.,.F.,
  .F.,(2,2),(-3.2,0.),.PIECEWISE_BEZIER_KNOTS.);
#2579 = CARTESIAN_POINT('',(0.6,3.2));
#2580 = CARTESIAN_POINT('',(0.6,1.33226762955E-15));
#2581 = ( GEOMETRIC_REPRESENTATION_CONTEXT(2) 
PARAMETRIC_REPRESENTATION_CONTEXT() REPRESENTATION_CONTEXT('2D SPACE',''
  ) );
#2582 = PCURVE('',#2583,#2588);
#2583 = PLANE('',#2584);
#2584 = AXIS2_PLACEMENT_3D('',#2585,#2586,#2587);
#2585 = CARTESIAN_POINT('',(-25.88564064605,-41.63524478543,
    1.056433747393E+03));
#2586 = DIRECTION('',(-0.5,-0.866025403784,0.));
#2587 = DIRECTION('',(0.,0.,1.));
#2588 = DEFINITIONAL_REPRESENTATION('',(#2589),#2592);
#2589 = B_SPLINE_CURVE_WITH_KNOTS('',1,(#2590,#2591),.UNSPECIFIED.,.F.,
  .F.,(2,2),(-3.2,0.),.PIECEWISE_BEZIER_KNOTS.);
#2590 = CARTESIAN_POINT('',(6.,-3.2));
#2591 = CARTESIAN_POINT('',(6.,0.));
#2592 = ( GEOMETRIC_REPRESENTATION_CONTEXT(2) 
PARAMETRIC_REPRESENTATION_CONTEXT() REPRESENTATION_CONTEXT('2D SPACE',''
  ) );
#2593 = ORIENTED_EDGE('',*,*,#2405,.T.);
#2594 = ORIENTED_EDGE('',*,*,#2379,.T.);
#2595 = ADVANCED_FACE('',(#2596),#2297,.T.);
#2596 = FACE_BOUND('',#2597,.T.);
#2597 = EDGE_LOOP('',(#2598,#2599,#2622,#2643));
#2598 = ORIENTED_EDGE('',*,*,#2281,.F.);
#2599 = ORIENTED_EDGE('',*,*,#2600,.F.);
#2600 = EDGE_CURVE('',#2601,#2252,#2603,.T.);
#2601 = VERTEX_POINT('',#2602);
#2602 = CARTESIAN_POINT('',(-22.81435935394,-42.71562954316,
    1.062433747393E+03));
#2603 = SURFACE_CURVE('',#2604,(#2608,#2615),.PCURVE_S1.);
#2604 = LINE('',#2605,#2606);
#2605 = CARTESIAN_POINT('',(-22.81435935394,-42.71562954316,
    1.062433747393E+03));
#2606 = VECTOR('',#2607,1.);
#2607 = DIRECTION('',(-0.5,-0.866025403784,0.));
#2608 = PCURVE('',#2297,#2609);
#2609 = DEFINITIONAL_REPRESENTATION('',(#2610),#2614);
#2610 = LINE('',#2611,#2612);
#2611 = CARTESIAN_POINT('',(6.,3.4));
#2612 = VECTOR('',#2613,1.);
#2613 = DIRECTION('',(0.,1.));
#2614 = ( GEOMETRIC_REPRESENTATION_CONTEXT(2) 
PARAMETRIC_REPRESENTATION_CONTEXT() REPRESENTATION_CONTEXT('2D SPACE',''
  ) );
#2615 = PCURVE('',#2499,#2616);
#2616 = DEFINITIONAL_REPRESENTATION('',(#2617),#2621);
#2617 = LINE('',#2618,#2619);
#2618 = CARTESIAN_POINT('',(6.,3.4));
#2619 = VECTOR('',#2620,1.);
#2620 = DIRECTION('',(0.,1.));
#2621 = ( GEOMETRIC_REPRESENTATION_CONTEXT(2) 
PARAMETRIC_REPRESENTATION_CONTEXT() REPRESENTATION_CONTEXT('2D SPACE',''
  ) );
#2622 = ORIENTED_EDGE('',*,*,#2623,.T.);
#2623 = EDGE_CURVE('',#2601,#2201,#2624,.T.);
#2624 = SURFACE_CURVE('',#2625,(#2629,#2636),.PCURVE_S1.);
#2625 = LINE('',#2626,#2627);
#2626 = CARTESIAN_POINT('',(-22.81435935394,-42.71562954316,
    1.062433747393E+03));
#2627 = VECTOR('',#2628,1.);
#2628 = DIRECTION('',(0.,0.,1.));
#2629 = PCURVE('',#2297,#2630);
#2630 = DEFINITIONAL_REPRESENTATION('',(#2631),#2635);
#2631 = LINE('',#2632,#2633);
#2632 = CARTESIAN_POINT('',(6.,3.4));
#2633 = VECTOR('',#2634,1.);
#2634 = DIRECTION('',(1.,0.));
#2635 = ( GEOMETRIC_REPRESENTATION_CONTEXT(2) 
PARAMETRIC_REPRESENTATION_CONTEXT() REPRESENTATION_CONTEXT('2D SPACE',''
  ) );
#2636 = PCURVE('',#2499,#2637);
#2637 = DEFINITIONAL_REPRESENTATION('',(#2638),#2642);
#2638 = LINE('',#2639,#2640);
#2639 = CARTESIAN_POINT('',(6.,3.4));
#2640 = VECTOR('',#2641,1.);
#2641 = DIRECTION('',(1.,0.));
#2642 = ( GEOMETRIC_REPRESENTATION_CONTEXT(2) 
PARAMETRIC_REPRESENTATION_CONTEXT() REPRESENTATION_CONTEXT('2D SPACE',''
  ) );
#2643 = ORIENTED_EDGE('',*,*,#2309,.T.);
#2644 = ADVANCED_FACE('',(#2645),#2444,.F.);
#2645 = FACE_BOUND('',#2646,.F.);
#2646 = EDGE_LOOP('',(#2647,#2648,#2671,#2692));
#2647 = ORIENTED_EDGE('',*,*,#2428,.F.);
#2648 = ORIENTED_EDGE('',*,*,#2649,.F.);
#2649 = EDGE_CURVE('',#2650,#2406,#2652,.T.);
#2650 = VERTEX_POINT('',#2651);
#2651 = CARTESIAN_POINT('',(-25.58564064605,-41.11562954316,
    1.062433747393E+03));
#2652 = SURFACE_CURVE('',#2653,(#2657,#2664),.PCURVE_S1.);
#2653 = LINE('',#2654,#2655);
#2654 = CARTESIAN_POINT('',(-25.58564064605,-41.11562954316,
    1.062433747393E+03));
#2655 = VECTOR('',#2656,1.);
#2656 = DIRECTION('',(-0.5,-0.866025403784,0.));
#2657 = PCURVE('',#2444,#2658);
#2658 = DEFINITIONAL_REPRESENTATION('',(#2659),#2663);
#2659 = LINE('',#2660,#2661);
#2660 = CARTESIAN_POINT('',(6.,3.4));
#2661 = VECTOR('',#2662,1.);
#2662 = DIRECTION('',(0.,1.));
#2663 = ( GEOMETRIC_REPRESENTATION_CONTEXT(2) 
PARAMETRIC_REPRESENTATION_CONTEXT() REPRESENTATION_CONTEXT('2D SPACE',''
  ) );
#2664 = PCURVE('',#2553,#2665);
#2665 = DEFINITIONAL_REPRESENTATION('',(#2666),#2670);
#2666 = LINE('',#2667,#2668);
#2667 = CARTESIAN_POINT('',(6.,3.4));
#2668 = VECTOR('',#2669,1.);
#2669 = DIRECTION('',(0.,1.));
#2670 = ( GEOMETRIC_REPRESENTATION_CONTEXT(2) 
PARAMETRIC_REPRESENTATION_CONTEXT() REPRESENTATION_CONTEXT('2D SPACE',''
  ) );
#2671 = ORIENTED_EDGE('',*,*,#2672,.T.);
#2672 = EDGE_CURVE('',#2650,#2178,#2673,.T.);
#2673 = SURFACE_CURVE('',#2674,(#2678,#2685),.PCURVE_S1.);
#2674 = LINE('',#2675,#2676);
#2675 = CARTESIAN_POINT('',(-25.58564064605,-41.11562954316,
    1.062433747393E+03));
#2676 = VECTOR('',#2677,1.);
#2677 = DIRECTION('',(0.,0.,1.));
#2678 = PCURVE('',#2444,#2679);
#2679 = DEFINITIONAL_REPRESENTATION('',(#2680),#2684);
#2680 = LINE('',#2681,#2682);
#2681 = CARTESIAN_POINT('',(6.,3.4));
#2682 = VECTOR('',#2683,1.);
#2683 = DIRECTION('',(1.,0.));
#2684 = ( GEOMETRIC_REPRESENTATION_CONTEXT(2) 
PARAMETRIC_REPRESENTATION_CONTEXT() REPRESENTATION_CONTEXT('2D SPACE',''
  ) );
#2685 = PCURVE('',#2553,#2686);
#2686 = DEFINITIONAL_REPRESENTATION('',(#2687),#2691);
#2687 = LINE('',#2688,#2689);
#2688 = CARTESIAN_POINT('',(6.,3.4));
#2689 = VECTOR('',#2690,1.);
#2690 = DIRECTION('',(1.,0.));
#2691 = ( GEOMETRIC_REPRESENTATION_CONTEXT(2) 
PARAMETRIC_REPRESENTATION_CONTEXT() REPRESENTATION_CONTEXT('2D SPACE',''
  ) );
#2692 = ORIENTED_EDGE('',*,*,#2456,.T.);
#2693 = ADVANCED_FACE('',(#2694),#2499,.T.);
#2694 = FACE_BOUND('',#2695,.T.);
#2695 = EDGE_LOOP('',(#2696,#2719,#2747,#2768,#2769,#2770));
#2696 = ORIENTED_EDGE('',*,*,#2697,.F.);
#2697 = EDGE_CURVE('',#2698,#2252,#2700,.T.);
#2698 = VERTEX_POINT('',#2699);
#2699 = CARTESIAN_POINT('',(-23.11435935394,-43.23524478543,
    1.056433747393E+03));
#2700 = SURFACE_CURVE('',#2701,(#2705,#2712),.PCURVE_S1.);
#2701 = LINE('',#2702,#2703);
#2702 = CARTESIAN_POINT('',(-23.11435935394,-43.23524478543,
    1.056433747393E+03));
#2703 = VECTOR('',#2704,1.);
#2704 = DIRECTION('',(0.,0.,1.));
#2705 = PCURVE('',#2499,#2706);
#2706 = DEFINITIONAL_REPRESENTATION('',(#2707),#2711);
#2707 = LINE('',#2708,#2709);
#2708 = CARTESIAN_POINT('',(0.,4.));
#2709 = VECTOR('',#2710,1.);
#2710 = DIRECTION('',(1.,0.));
#2711 = ( GEOMETRIC_REPRESENTATION_CONTEXT(2) 
PARAMETRIC_REPRESENTATION_CONTEXT() REPRESENTATION_CONTEXT('2D SPACE',''
  ) );
#2712 = PCURVE('',#2583,#2713);
#2713 = DEFINITIONAL_REPRESENTATION('',(#2714),#2718);
#2714 = LINE('',#2715,#2716);
#2715 = CARTESIAN_POINT('',(0.,-3.2));
#2716 = VECTOR('',#2717,1.);
#2717 = DIRECTION('',(1.,0.));
#2718 = ( GEOMETRIC_REPRESENTATION_CONTEXT(2) 
PARAMETRIC_REPRESENTATION_CONTEXT() REPRESENTATION_CONTEXT('2D SPACE',''
  ) );
#2719 = ORIENTED_EDGE('',*,*,#2720,.F.);
#2720 = EDGE_CURVE('',#2721,#2698,#2723,.T.);
#2721 = VERTEX_POINT('',#2722);
#2722 = CARTESIAN_POINT('',(-21.11435935394,-39.7711431703,
    1.056433747393E+03));
#2723 = SURFACE_CURVE('',#2724,(#2728,#2735),.PCURVE_S1.);
#2724 = LINE('',#2725,#2726);
#2725 = CARTESIAN_POINT('',(-21.11435935394,-39.7711431703,
    1.056433747393E+03));
#2726 = VECTOR('',#2727,1.);
#2727 = DIRECTION('',(-0.5,-0.866025403784,0.));
#2728 = PCURVE('',#2499,#2729);
#2729 = DEFINITIONAL_REPRESENTATION('',(#2730),#2734);
#2730 = LINE('',#2731,#2732);
#2731 = CARTESIAN_POINT('',(0.,0.));
#2732 = VECTOR('',#2733,1.);
#2733 = DIRECTION('',(0.,1.));
#2734 = ( GEOMETRIC_REPRESENTATION_CONTEXT(2) 
PARAMETRIC_REPRESENTATION_CONTEXT() REPRESENTATION_CONTEXT('2D SPACE',''
  ) );
#2735 = PCURVE('',#2736,#2741);
#2736 = PLANE('',#2737);
#2737 = AXIS2_PLACEMENT_3D('',#2738,#2739,#2740);
#2738 = CARTESIAN_POINT('',(-23.88564064605,-38.1711431703,
    1.056433747393E+03));
#2739 = DIRECTION('',(0.,0.,1.));
#2740 = DIRECTION('',(-0.5,-0.866025403784,0.));
#2741 = DEFINITIONAL_REPRESENTATION('',(#2742),#2746);
#2742 = LINE('',#2743,#2744);
#2743 = CARTESIAN_POINT('',(-6.217248937901E-15,3.2));
#2744 = VECTOR('',#2745,1.);
#2745 = DIRECTION('',(1.,0.));
#2746 = ( GEOMETRIC_REPRESENTATION_CONTEXT(2) 
PARAMETRIC_REPRESENTATION_CONTEXT() REPRESENTATION_CONTEXT('2D SPACE',''
  ) );
#2747 = ORIENTED_EDGE('',*,*,#2748,.T.);
#2748 = EDGE_CURVE('',#2721,#2484,#2749,.T.);
#2749 = SURFACE_CURVE('',#2750,(#2754,#2761),.PCURVE_S1.);
#2750 = LINE('',#2751,#2752);
#2751 = CARTESIAN_POINT('',(-21.11435935394,-39.7711431703,
    1.056433747393E+03));
#2752 = VECTOR('',#2753,1.);
#2753 = DIRECTION('',(0.,0.,1.));
#2754 = PCURVE('',#2499,#2755);
#2755 = DEFINITIONAL_REPRESENTATION('',(#2756),#2760);
#2756 = LINE('',#2757,#2758);
#2757 = CARTESIAN_POINT('',(0.,0.));
#2758 = VECTOR('',#2759,1.);
#2759 = DIRECTION('',(1.,0.));
#2760 = ( GEOMETRIC_REPRESENTATION_CONTEXT(2) 
PARAMETRIC_REPRESENTATION_CONTEXT() REPRESENTATION_CONTEXT('2D SPACE',''
  ) );
#2761 = PCURVE('',#2527,#2762);
#2762 = DEFINITIONAL_REPRESENTATION('',(#2763),#2767);
#2763 = LINE('',#2764,#2765);
#2764 = CARTESIAN_POINT('',(0.,-3.2));
#2765 = VECTOR('',#2766,1.);
#2766 = DIRECTION('',(1.,0.));
#2767 = ( GEOMETRIC_REPRESENTATION_CONTEXT(2) 
PARAMETRIC_REPRESENTATION_CONTEXT() REPRESENTATION_CONTEXT('2D SPACE',''
  ) );
#2768 = ORIENTED_EDGE('',*,*,#2483,.T.);
#2769 = ORIENTED_EDGE('',*,*,#2623,.F.);
#2770 = ORIENTED_EDGE('',*,*,#2600,.T.);
#2771 = ADVANCED_FACE('',(#2772),#2553,.F.);
#2772 = FACE_BOUND('',#2773,.F.);
#2773 = EDGE_LOOP('',(#2774,#2797,#2820,#2841,#2842,#2843));
#2774 = ORIENTED_EDGE('',*,*,#2775,.F.);
#2775 = EDGE_CURVE('',#2776,#2406,#2778,.T.);
#2776 = VERTEX_POINT('',#2777);
#2777 = CARTESIAN_POINT('',(-25.88564064605,-41.63524478543,
    1.056433747393E+03));
#2778 = SURFACE_CURVE('',#2779,(#2783,#2790),.PCURVE_S1.);
#2779 = LINE('',#2780,#2781);
#2780 = CARTESIAN_POINT('',(-25.88564064605,-41.63524478543,
    1.056433747393E+03));
#2781 = VECTOR('',#2782,1.);
#2782 = DIRECTION('',(0.,0.,1.));
#2783 = PCURVE('',#2553,#2784);
#2784 = DEFINITIONAL_REPRESENTATION('',(#2785),#2789);
#2785 = LINE('',#2786,#2787);
#2786 = CARTESIAN_POINT('',(0.,4.));
#2787 = VECTOR('',#2788,1.);
#2788 = DIRECTION('',(1.,0.));
#2789 = ( GEOMETRIC_REPRESENTATION_CONTEXT(2) 
PARAMETRIC_REPRESENTATION_CONTEXT() REPRESENTATION_CONTEXT('2D SPACE',''
  ) );
#2790 = PCURVE('',#2583,#2791);
#2791 = DEFINITIONAL_REPRESENTATION('',(#2792),#2796);
#2792 = LINE('',#2793,#2794);
#2793 = CARTESIAN_POINT('',(0.,0.));
#2794 = VECTOR('',#2795,1.);
#2795 = DIRECTION('',(1.,0.));
#2796 = ( GEOMETRIC_REPRESENTATION_CONTEXT(2) 
PARAMETRIC_REPRESENTATION_CONTEXT() REPRESENTATION_CONTEXT('2D SPACE',''
  ) );
#2797 = ORIENTED_EDGE('',*,*,#2798,.F.);
#2798 = EDGE_CURVE('',#2799,#2776,#2801,.T.);
#2799 = VERTEX_POINT('',#2800);
#2800 = CARTESIAN_POINT('',(-23.88564064605,-38.1711431703,
    1.056433747393E+03));
#2801 = SURFACE_CURVE('',#2802,(#2806,#2813),.PCURVE_S1.);
#2802 = LINE('',#2803,#2804);
#2803 = CARTESIAN_POINT('',(-23.88564064605,-38.1711431703,
    1.056433747393E+03));
#2804 = VECTOR('',#2805,1.);
#2805 = DIRECTION('',(-0.5,-0.866025403784,0.));
#2806 = PCURVE('',#2553,#2807);
#2807 = DEFINITIONAL_REPRESENTATION('',(#2808),#2812);
#2808 = LINE('',#2809,#2810);
#2809 = CARTESIAN_POINT('',(0.,0.));
#2810 = VECTOR('',#2811,1.);
#2811 = DIRECTION('',(0.,1.));
#2812 = ( GEOMETRIC_REPRESENTATION_CONTEXT(2) 
PARAMETRIC_REPRESENTATION_CONTEXT() REPRESENTATION_CONTEXT('2D SPACE',''
  ) );
#2813 = PCURVE('',#2736,#2814);
#2814 = DEFINITIONAL_REPRESENTATION('',(#2815),#2819);
#2815 = LINE('',#2816,#2817);
#2816 = CARTESIAN_POINT('',(0.,0.));
#2817 = VECTOR('',#2818,1.);
#2818 = DIRECTION('',(1.,0.));
#2819 = ( GEOMETRIC_REPRESENTATION_CONTEXT(2) 
PARAMETRIC_REPRESENTATION_CONTEXT() REPRESENTATION_CONTEXT('2D SPACE',''
  ) );
#2820 = ORIENTED_EDGE('',*,*,#2821,.T.);
#2821 = EDGE_CURVE('',#2799,#2512,#2822,.T.);
#2822 = SURFACE_CURVE('',#2823,(#2827,#2834),.PCURVE_S1.);
#2823 = LINE('',#2824,#2825);
#2824 = CARTESIAN_POINT('',(-23.88564064605,-38.1711431703,
    1.056433747393E+03));
#2825 = VECTOR('',#2826,1.);
#2826 = DIRECTION('',(0.,0.,1.));
#2827 = PCURVE('',#2553,#2828);
#2828 = DEFINITIONAL_REPRESENTATION('',(#2829),#2833);
#2829 = LINE('',#2830,#2831);
#2830 = CARTESIAN_POINT('',(0.,0.));
#2831 = VECTOR('',#2832,1.);
#2832 = DIRECTION('',(1.,0.));
#2833 = ( GEOMETRIC_REPRESENTATION_CONTEXT(2) 
PARAMETRIC_REPRESENTATION_CONTEXT() REPRESENTATION_CONTEXT('2D SPACE',''
  ) );
#2834 = PCURVE('',#2527,#2835);
#2835 = DEFINITIONAL_REPRESENTATION('',(#2836),#2840);
#2836 = LINE('',#2837,#2838);
#2837 = CARTESIAN_POINT('',(0.,0.));
#2838 = VECTOR('',#2839,1.);
#2839 = DIRECTION('',(1.,0.));
#2840 = ( GEOMETRIC_REPRESENTATION_CONTEXT(2) 
PARAMETRIC_REPRESENTATION_CONTEXT() REPRESENTATION_CONTEXT('2D SPACE',''
  ) );
#2841 = ORIENTED_EDGE('',*,*,#2539,.T.);
#2842 = ORIENTED_EDGE('',*,*,#2672,.F.);
#2843 = ORIENTED_EDGE('',*,*,#2649,.T.);
#2844 = ADVANCED_FACE('',(#2845),#2527,.F.);
#2845 = FACE_BOUND('',#2846,.F.);
#2846 = EDGE_LOOP('',(#2847,#2848,#2869,#2870));
#2847 = ORIENTED_EDGE('',*,*,#2821,.F.);
#2848 = ORIENTED_EDGE('',*,*,#2849,.T.);
#2849 = EDGE_CURVE('',#2799,#2721,#2850,.T.);
#2850 = SURFACE_CURVE('',#2851,(#2855,#2862),.PCURVE_S1.);
#2851 = LINE('',#2852,#2853);
#2852 = CARTESIAN_POINT('',(-23.88564064605,-38.1711431703,
    1.056433747393E+03));
#2853 = VECTOR('',#2854,1.);
#2854 = DIRECTION('',(0.866025403784,-0.5,0.));
#2855 = PCURVE('',#2527,#2856);
#2856 = DEFINITIONAL_REPRESENTATION('',(#2857),#2861);
#2857 = LINE('',#2858,#2859);
#2858 = CARTESIAN_POINT('',(0.,0.));
#2859 = VECTOR('',#2860,1.);
#2860 = DIRECTION('',(0.,-1.));
#2861 = ( GEOMETRIC_REPRESENTATION_CONTEXT(2) 
PARAMETRIC_REPRESENTATION_CONTEXT() REPRESENTATION_CONTEXT('2D SPACE',''
  ) );
#2862 = PCURVE('',#2736,#2863);
#2863 = DEFINITIONAL_REPRESENTATION('',(#2864),#2868);
#2864 = LINE('',#2865,#2866);
#2865 = CARTESIAN_POINT('',(0.,0.));
#2866 = VECTOR('',#2867,1.);
#2867 = DIRECTION('',(0.,1.));
#2868 = ( GEOMETRIC_REPRESENTATION_CONTEXT(2) 
PARAMETRIC_REPRESENTATION_CONTEXT() REPRESENTATION_CONTEXT('2D SPACE',''
  ) );
#2869 = ORIENTED_EDGE('',*,*,#2748,.T.);
#2870 = ORIENTED_EDGE('',*,*,#2511,.F.);
#2871 = ADVANCED_FACE('',(#2872),#2583,.T.);
#2872 = FACE_BOUND('',#2873,.T.);
#2873 = EDGE_LOOP('',(#2874,#2875,#2896,#2897));
#2874 = ORIENTED_EDGE('',*,*,#2775,.F.);
#2875 = ORIENTED_EDGE('',*,*,#2876,.T.);
#2876 = EDGE_CURVE('',#2776,#2698,#2877,.T.);
#2877 = SURFACE_CURVE('',#2878,(#2882,#2889),.PCURVE_S1.);
#2878 = LINE('',#2879,#2880);
#2879 = CARTESIAN_POINT('',(-25.88564064605,-41.63524478543,
    1.056433747393E+03));
#2880 = VECTOR('',#2881,1.);
#2881 = DIRECTION('',(0.866025403784,-0.5,0.));
#2882 = PCURVE('',#2583,#2883);
#2883 = DEFINITIONAL_REPRESENTATION('',(#2884),#2888);
#2884 = LINE('',#2885,#2886);
#2885 = CARTESIAN_POINT('',(0.,0.));
#2886 = VECTOR('',#2887,1.);
#2887 = DIRECTION('',(0.,-1.));
#2888 = ( GEOMETRIC_REPRESENTATION_CONTEXT(2) 
PARAMETRIC_REPRESENTATION_CONTEXT() REPRESENTATION_CONTEXT('2D SPACE',''
  ) );
#2889 = PCURVE('',#2736,#2890);
#2890 = DEFINITIONAL_REPRESENTATION('',(#2891),#2895);
#2891 = LINE('',#2892,#2893);
#2892 = CARTESIAN_POINT('',(4.,-2.22044604925E-16));
#2893 = VECTOR('',#2894,1.);
#2894 = DIRECTION('',(0.,1.));
#2895 = ( GEOMETRIC_REPRESENTATION_CONTEXT(2) 
PARAMETRIC_REPRESENTATION_CONTEXT() REPRESENTATION_CONTEXT('2D SPACE',''
  ) );
#2896 = ORIENTED_EDGE('',*,*,#2697,.T.);
#2897 = ORIENTED_EDGE('',*,*,#2570,.T.);
#2898 = ADVANCED_FACE('',(#2899),#2736,.F.);
#2899 = FACE_BOUND('',#2900,.F.);
#2900 = EDGE_LOOP('',(#2901,#2902,#2903,#2904));
#2901 = ORIENTED_EDGE('',*,*,#2849,.F.);
#2902 = ORIENTED_EDGE('',*,*,#2798,.T.);
#2903 = ORIENTED_EDGE('',*,*,#2876,.T.);
#2904 = ORIENTED_EDGE('',*,*,#2720,.F.);
#2905 = ( GEOMETRIC_REPRESENTATION_CONTEXT(3) 
GLOBAL_UNCERTAINTY_ASSIGNED_CONTEXT((#2909)) 
GLOBAL_UNIT_ASSIGNED_CONTEXT((#2906,#2907,#2908)) REPRESENTATION_CONTEXT
('Context #1','3D Context with UNIT and UNCERTAINTY') );
#2906 = ( LENGTH_UNIT() NAMED_UNIT(*) SI_UNIT(.MILLI.,.METRE.) );
#2907 = ( NAMED_UNIT(*) PLANE_ANGLE_UNIT() SI_UNIT($,.RADIAN.) );
#2908 = ( NAMED_UNIT(*) SI_UNIT($,.STERADIAN.) SOLID_ANGLE_UNIT() );
#2909 = UNCERTAINTY_MEASURE_WITH_UNIT(LENGTH_MEASURE(1.E-07),#2906,
  'distance_accuracy_value','confusion accuracy');
#2910 = CONTEXT_DEPENDENT_SHAPE_REPRESENTATION(#2911,#2913);
#2911 = ( REPRESENTATION_RELATIONSHIP('','',#1962,#10) 
REPRESENTATION_RELATIONSHIP_WITH_TRANSFORMATION(#2912) 
SHAPE_REPRESENTATION_RELATIONSHIP() );
#2912 = ITEM_DEFINED_TRANSFORMATION('','',#11,#23);
#2913 = PRODUCT_DEFINITION_SHAPE('Placement','Placement of an item',
  #2914);
#2914 = NEXT_ASSEMBLY_USAGE_OCCURRENCE('118','','',#5,#1957,$);
#2915 = PRODUCT_RELATED_PRODUCT_CATEGORY('part',$,(#1959));
ENDSEC;
END-ISO-10303-21;
