component_name,part_number,function,quantity,exact_location,selection_basis,location_orientation_basis,load_pressure_travel_environment_requirement,rating_or_calculated_capacity,interface_and_attachment,clearances,tolerance_requirements,assembly_access,service_reset_access,material_compatibility,mass_cg_effect,applicable_analysis,evidence,verification_status
STRUCTURAL_RECOVERY_TETHER_WITH_TWO_BURIED_EYE_SPLICES_HMPE,AMSTEEL-BLUE-SHORT14-STRUCTURAL-TETHER-001,STRUCTURAL RECOVERY TETHER WITH TWO BURIED EYE SPLICES,1,Shortened_Aft_Body_External_Buoy_Assembly/Structural_Recovery_Tether_Assembly/STRUCTURAL_RECOVERY_TETHER_WITH_TWO_BURIED_EYE_SPLICES_HMPE: X 28.336..46.000 mm; Y -2.000..9.000 mm; Z 1563.363..1627.000 mm,Ultimate recovery load runs hardpoint ring -> pin/thimble -> HMPE tether -> buoy harness. Cordura and hook-and-loop are bypassed.,Occurrence transform and named parent path in both authoring inventories.,"See connection register, motion-track register, and analysis applicability matrix; unpublished mission loads remain NOT CALCULABLE.",NOT DETERMINABLE FROM CONTROLLED INPUTS,TWO_PROOF_LOADED_EYE_SPLICES (DOF FLEXIBLE),Endpoint and 0-80 degree exact-Boolean registers; occurrence-specific margin not otherwise stated.,REQUIRES RELEASE DRAWING OR SUPPLIER DRAWING; NOT RELEASED,Modeled access only; physical tool-access verification required.,See assembly/service/reset instructions; physical trial required.,"HMPE rope; Chafe-protected, heat-sealed and clean",0.09 kg each; exact occurrence allocation in mass report.,"Mass, motion/interference, interface, environment, manufacturing; additional load analysis as applicable.",Ultimate recovery load runs hardpoint ring -> pin/thimble -> HMPE tether -> buoy harness. Cordura and hook-and-loop are bypassed.,DIGITAL DEFINITION PRESENT; RELEASE QUALIFICATION NOT ESTABLISHED
4_MM_ACTUATOR_PIN_RETAINER_SS,DF8-R2-ACTUATOR-E-RING-004,4 MM ACTUATOR PIN RETAINER,4,Arm_Activation_Powertrain_Assembly/4_MM_ACTUATOR_PIN_RETAINER_SS_01: X 1.035..4.216 mm; Y 11.417..16.478 mm; Z 524.100..529.900 mm | Arm_Activation_Powertrain_Assembly/4_MM_ACTUATOR_PIN_RETAINER_SS_02: X 1.035..4.216 mm; Y 11.417..16.478 mm; Z 380.126..385.926 mm | Arm_Activation_Powertrain_Assembly/4_MM_ACTUATOR_PIN_RETAINER_SS_03: X -17.183..-11.600 mm; Y -4.925..-4.475 mm; Z 514.100..519.900 mm | Arm_Activation_Powertrain_Assembly/4_MM_ACTUATOR_PIN_RETAINER_SS_04: X -17.183..-11.600 mm; Y -4.925..-4.475 mm; Z 380.126..385.926 mm,Stamp; Certified stainless product form/condition; heat/lot CoC; qualified weld/braze procedure where applicable; ASTM A967 passivation; PT of pressure welds; dimensional inspection,Occurrence transform and named parent path in both authoring inventories.,"See connection register, motion-track register, and analysis applicability matrix; unpublished mission loads remain NOT CALCULABLE.",NOT DETERMINABLE FROM CONTROLLED INPUTS,EXTERNAL_GROOVE (DOF 0),Endpoint and 0-80 degree exact-Boolean registers; occurrence-specific margin not otherwise stated.,REQUIRES RELEASE DRAWING OR SUPPLIER DRAWING; NOT RELEASED,Modeled access only; physical tool-access verification required.,See assembly/service/reset instructions; physical trial required.,1.4310 stainless spring steel; ASTM A967 passivated; rope-contact and seal surfaces polished per drawing,4.345508650541629e-05 kg each; exact occurrence allocation in mass report.,"Mass, motion/interference, interface, environment, manufacturing; additional load analysis as applicable.",,DIGITAL DEFINITION PRESENT; RELEASE QUALIFICATION NOT ESTABLISHED
DOUBLE-SHEAR_GS19_ANCHOR_YOKE_WITH_CONFORMAL_LONGERON_TONGUE_TI,DF8-R2-ACTUATOR-FIXED-YOKE-GS19-001,DOUBLE-SHEAR GS19 ANCHOR YOKE WITH CONFORMAL LONGERON TONGUE,1,Arm_Activation_Powertrain_Assembly/DOUBLE-SHEAR_GS19_ANCHOR_YOKE_WITH_CONFORMAL_LONGERON_TONGUE_TI: X -0.181..13.931 mm; Y 3.937..20.843 mm; Z 520.500..536.000 mm,5-axis mill; conformal fit to r=23 longeron land; qualified laser weld; dimensional inspection; Ti-6Al-4V Grade 5 certified product form; heat/lot CoC; qualified argon-purged WPS where welded; PT after welding; alpha-case removal; galvanic isolation; CMM final inspection,Occurrence transform and named parent path in both authoring inventories.,"See connection register, motion-track register, and analysis applicability matrix; unpublished mission loads remain NOT CALCULABLE.",NOT DETERMINABLE FROM CONTROLLED INPUTS,QUALIFIED_PERMANENT_LONGERON_LAND_JOINT (DOF 0),Endpoint and 0-80 degree exact-Boolean registers; occurrence-specific margin not otherwise stated.,REQUIRES RELEASE DRAWING OR SUPPLIER DRAWING; NOT RELEASED,Modeled access only; physical tool-access verification required.,See assembly/service/reset instructions; physical trial required.,Ti-6Al-4V; ASTM B600 clean/passivate; drawing-controlled surface finish,0.0031335454005427285 kg each; exact occurrence allocation in mass report.,"Mass, motion/interference, interface, environment, manufacturing; additional load analysis as applicable.",,DIGITAL DEFINITION PRESENT; RELEASE QUALIFICATION NOT ESTABLISHED
DOUBLE-SHEAR_HBD_ANCHOR_YOKE_WITH_CONFORMAL_LONGERON_TONGUE_TI,DF8-R2-ACTUATOR-FIXED-YOKE-HBD-001,DOUBLE-SHEAR HBD ANCHOR YOKE WITH CONFORMAL LONGERON TONGUE,1,Arm_Activation_Powertrain_Assembly/DOUBLE-SHEAR_HBD_ANCHOR_YOKE_WITH_CONFORMAL_LONGERON_TONGUE_TI: X -23.000..-8.000 mm; Y -4.250..4.250 mm; Z 510.500..526.000 mm,5-axis mill; conformal fit to r=23 longeron land; qualified laser weld; dimensional inspection; Ti-6Al-4V Grade 5 certified product form; heat/lot CoC; qualified argon-purged WPS where welded; PT after welding; alpha-case removal; galvanic isolation; CMM final inspection,Occurrence transform and named parent path in both authoring inventories.,"See connection register, motion-track register, and analysis applicability matrix; unpublished mission loads remain NOT CALCULABLE.",NOT DETERMINABLE FROM CONTROLLED INPUTS,QUALIFIED_PERMANENT_LONGERON_LAND_JOINT (DOF 0),Endpoint and 0-80 degree exact-Boolean registers; occurrence-specific margin not otherwise stated.,REQUIRES RELEASE DRAWING OR SUPPLIER DRAWING; NOT RELEASED,Modeled access only; physical tool-access verification required.,See assembly/service/reset instructions; physical trial required.,Ti-6Al-4V; ASTM B600 clean/passivate; drawing-controlled surface finish,0.003098105400542728 kg each; exact occurrence allocation in mass report.,"Mass, motion/interference, interface, environment, manufacturing; additional load analysis as applicable.",,DIGITAL DEFINITION PRESENT; RELEASE QUALIFICATION NOT ESTABLISHED
4_MM_CAPTIVE_ACTUATOR_CLEVIS_PIN_SS,DF8-R2-ACTUATOR-PIN-004,4 MM CAPTIVE ACTUATOR CLEVIS PIN,4,Arm_Activation_Powertrain_Assembly/4_MM_CAPTIVE_ACTUATOR_CLEVIS_PIN_SS_01: X 0.987..13.879 mm; Y 5.843..16.173 mm; Z 524.000..530.000 mm | Arm_Activation_Powertrain_Assembly/4_MM_CAPTIVE_ACTUATOR_CLEVIS_PIN_SS_02: X 0.987..13.879 mm; Y 5.843..16.173 mm; Z 380.026..386.026 mm | Arm_Activation_Powertrain_Assembly/4_MM_CAPTIVE_ACTUATOR_CLEVIS_PIN_SS_03: X -17.500..-11.500 mm; Y -5.500..6.500 mm; Z 514.000..520.000 mm | Arm_Activation_Powertrain_Assembly/4_MM_CAPTIVE_ACTUATOR_CLEVIS_PIN_SS_04: X -17.500..-11.500 mm; Y -5.500..6.500 mm; Z 380.026..386.026 mm,Swiss turn; H900; ASTM A564 Type 630 certified stock; H900 unless the drawing explicitly selects a tougher condition; heat-treatment/hardness record; ASTM A967 passivation; grind/ream critical fits; CMM inspection,Occurrence transform and named parent path in both authoring inventories.,"See connection register, motion-track register, and analysis applicability matrix; unpublished mission loads remain NOT CALCULABLE.",NOT DETERMINABLE FROM CONTROLLED INPUTS,CLEVIS_PIN_WITH_E_RING (DOF 0),Endpoint and 0-80 degree exact-Boolean registers; occurrence-specific margin not otherwise stated.,REQUIRES RELEASE DRAWING OR SUPPLIER DRAWING; NOT RELEASED,Modeled access only; physical tool-access verification required.,See assembly/service/reset instructions; physical trial required.,17-4PH stainless steel; ASTM A967 passivated; critical bearing surfaces ground,0.001280137647106325 kg each; exact occurrence allocation in mass report.,"Mass, motion/interference, interface, environment, manufacturing; additional load analysis as applicable.",,DIGITAL DEFINITION PRESENT; RELEASE QUALIFICATION NOT ESTABLISHED
REPLACEABLE_ARM_STOP_AND_AUTOMATIC-LOCK_STRIKE_SS,DF8-R2-ARM-STOP-PAD-001,REPLACEABLE ARM STOP AND AUTOMATIC-LOCK STRIKE,3,Arm_Activation_Powertrain_Assembly/Arm_Deployment_Assembly_01/REPLACEABLE_ARM_STOP_AND_AUTOMATIC-LOCK_STRIKE_SS_01: X 17.000..27.000 mm; Y -3.800..3.800 mm; Z 344.300..348.700 mm | Arm_Activation_Powertrain_Assembly/Arm_Deployment_Assembly_02/REPLACEABLE_ARM_STOP_AND_AUTOMATIC-LOCK_STRIKE_SS_02: X -16.791..-5.209 mm; Y 12.822..25.283 mm; Z 344.300..348.700 mm | Arm_Activation_Powertrain_Assembly/Arm_Deployment_Assembly_03/REPLACEABLE_ARM_STOP_AND_AUTOMATIC-LOCK_STRIKE_SS_03: X -16.791..-5.209 mm; Y -25.283..-12.822 mm; Z 344.300..348.700 mm,Wire EDM and grind; ASTM A564 Type 630 certified stock; H900 unless the drawing explicitly selects a tougher condition; heat-treatment/hardness record; ASTM A967 passivation; grind/ream critical fits; CMM inspection,Occurrence transform and named parent path in both authoring inventories.,"See connection register, motion-track register, and analysis applicability matrix; unpublished mission loads remain NOT CALCULABLE.",NOT DETERMINABLE FROM CONTROLLED INPUTS,DOVETAIL_AND_TWO_M3_SCREWS (DOF 0),Endpoint and 0-80 degree exact-Boolean registers; occurrence-specific margin not otherwise stated.,REQUIRES RELEASE DRAWING OR SUPPLIER DRAWING; NOT RELEASED,Modeled access only; physical tool-access verification required.,See assembly/service/reset instructions; physical trial required.,17-4PH stainless steel; ASTM A967 passivated; critical bearing surfaces ground,0.0011774163151587191 kg each; exact occurrence allocation in mass report.,"Mass, motion/interference, interface, environment, manufacturing; additional load analysis as applicable.",,DIGITAL DEFINITION PRESENT; RELEASE QUALIFICATION NOT ESTABLISHED
PRESS-FIT_LOCK_GUIDE_OUTER_RETAINER_BUSHING_PEEK,DF8-R2-AUTO-LOCK-BUSHING-001,PRESS-FIT LOCK GUIDE OUTER RETAINER BUSHING,3,Arm_Activation_Powertrain_Assembly/Arm_Deployment_Assembly_01/PRESS-FIT_LOCK_GUIDE_OUTER_RETAINER_BUSHING_PEEK_01: X 9.668..11.668 mm; Y 10.000..10.300 mm; Z 348.773..350.646 mm | Arm_Activation_Powertrain_Assembly/Arm_Deployment_Assembly_02/PRESS-FIT_LOCK_GUIDE_OUTER_RETAINER_BUSHING_PEEK_02: X -14.754..-13.494 mm; Y 3.223..5.105 mm; Z 348.773..350.646 mm | Arm_Activation_Powertrain_Assembly/Arm_Deployment_Assembly_03/PRESS-FIT_LOCK_GUIDE_OUTER_RETAINER_BUSHING_PEEK_03: X 2.826..4.086 mm; Y -15.255..-13.373 mm; Z 348.773..350.646 mm,Turn; press fit; inspect spring-clear bore and retention; Virgin unfilled PEEK resin/stock with ASTM D6262 or ISO material certificate; annealed stock; controlled machining temperature; moisture conditioning; dimensional inspection after stabilization,Occurrence transform and named parent path in both authoring inventories.,"See connection register, motion-track register, and analysis applicability matrix; unpublished mission loads remain NOT CALCULABLE.",NOT DETERMINABLE FROM CONTROLLED INPUTS,PRESS_FIT_OUTER_LOCK_GUIDE_RETAINER (DOF 0),Endpoint and 0-80 degree exact-Boolean registers; occurrence-specific margin not otherwise stated.,REQUIRES RELEASE DRAWING OR SUPPLIER DRAWING; NOT RELEASED,Modeled access only; physical tool-access verification required.,See assembly/service/reset instructions; physical trial required.,"PEEK; Machined, edge-broken, cleaned; no mold release or particulate",3.094528181635134e-07 kg each; exact occurrence allocation in mass report.,"Mass, motion/interference, interface, environment, manufacturing; additional load analysis as applicable.",,DIGITAL DEFINITION PRESENT; RELEASE QUALIFICATION NOT ESTABLISHED
SPRING-DRIVEN_POSITIVE_DEPLOYED_LOCK_DOG_SS,DF8-R2-AUTO-LOCK-DOG-001,SPRING-DRIVEN POSITIVE DEPLOYED LOCK DOG,3,Arm_Activation_Powertrain_Assembly/Arm_Deployment_Assembly_01/SPRING-DRIVEN_POSITIVE_DEPLOYED_LOCK_DOG_SS_01: X 9.574..11.074 mm; Y 6.950..8.300 mm; Z 348.835..350.335 mm | Arm_Activation_Powertrain_Assembly/Arm_Deployment_Assembly_02/SPRING-DRIVEN_POSITIVE_DEPLOYED_LOCK_DOG_SS_02: X -12.725..-10.956 mm; Y 4.141..5.855 mm; Z 348.835..350.335 mm | Arm_Activation_Powertrain_Assembly/Arm_Deployment_Assembly_03/SPRING-DRIVEN_POSITIVE_DEPLOYED_LOCK_DOG_SS_03: X 0.632..2.401 mm; Y -13.740..-12.026 mm; Z 348.835..350.335 mm,Swiss turn; H900; grind; ASTM A564 Type 630 certified stock; H900 unless the drawing explicitly selects a tougher condition; heat-treatment/hardness record; ASTM A967 passivation; grind/ream critical fits; CMM inspection,Occurrence transform and named parent path in both authoring inventories.,"See connection register, motion-track register, and analysis applicability matrix; unpublished mission loads remain NOT CALCULABLE.",NOT DETERMINABLE FROM CONTROLLED INPUTS,SPRING_DRIVEN_GUIDED_DEPLOYED_LOCK (DOF 1 TRANSLATION),Endpoint and 0-80 degree exact-Boolean registers; occurrence-specific margin not otherwise stated.,REQUIRES RELEASE DRAWING OR SUPPLIER DRAWING; NOT RELEASED,Modeled access only; physical tool-access verification required.,See assembly/service/reset instructions; physical trial required.,17-4PH stainless steel; ASTM A967 passivated; critical bearing surfaces ground,8.408963611185206e-06 kg each; exact occurrence allocation in mass report.,"Mass, motion/interference, interface, environment, manufacturing; additional load analysis as applicable.",,DIGITAL DEFINITION PRESENT; RELEASE QUALIFICATION NOT ESTABLISHED
CAPTIVE_LONG-STROKE_AUTOMATIC-LOCK_COMPRESSION_SPRING_SS,DF8-R2-AUTO-LOCK-SPRING-001,CAPTIVE LONG-STROKE AUTOMATIC-LOCK COMPRESSION SPRING,3,Arm_Activation_Powertrain_Assembly/Arm_Deployment_Assembly_01/CAPTIVE_LONG-STROKE_AUTOMATIC-LOCK_COMPRESSION_SPRING_SS_01: X 9.524..11.124 mm; Y 8.250..9.900 mm; Z 348.785..350.385 mm | Arm_Activation_Powertrain_Assembly/Arm_Deployment_Assembly_02/CAPTIVE_LONG-STROKE_AUTOMATIC-LOCK_COMPRESSION_SPRING_SS_02: X -14.038..-12.022 mm; Y 3.461..5.335 mm; Z 348.785..350.385 mm | Arm_Activation_Powertrain_Assembly/Arm_Deployment_Assembly_03/CAPTIVE_LONG-STROKE_AUTOMATIC-LOCK_COMPRESSION_SPRING_SS_03: X 1.860..3.553 mm; Y -14.513..-12.453 mm; Z 348.785..350.385 mm,Endpoint B-reps bound the 3.30 mm snap-lock stroke; physical wire mass is state-invariant and the spring remains captive between the dog head and press-fit outer bushing.,Occurrence transform and named parent path in both authoring inventories.,"See connection register, motion-track register, and analysis applicability matrix; unpublished mission loads remain NOT CALCULABLE.",NOT DETERMINABLE FROM CONTROLLED INPUTS,CAPTURED_LOCK_RETURN_SPRING (DOF AXIAL COMPRESSION),Endpoint and 0-80 degree exact-Boolean registers; occurrence-specific margin not otherwise stated.,REQUIRES RELEASE DRAWING OR SUPPLIER DRAWING; NOT RELEASED,Modeled access only; physical tool-access verification required.,See assembly/service/reset instructions; physical trial required.,1.4310 stainless spring steel; ASTM A967 passivated; rope-contact and seal surfaces polished per drawing,2.8560892651638403e-06 kg each; exact occurrence allocation in mass report.,"Mass, motion/interference, interface, environment, manufacturing; additional load analysis as applicable.",Endpoint B-reps bound the 3.30 mm snap-lock stroke; physical wire mass is state-invariant and the spring remains captive between the dog head and press-fit outer bushing.,DIGITAL DEFINITION PRESENT; RELEASE QUALIFICATION NOT ESTABLISHED
CONTROLLED_16_N_MM_GUIDED_BACKUP_COMPRESSION_SPRING_SS,DF8-R2-BACKUP-SPRING-16N-001,CONTROLLED 16 N/MM GUIDED BACKUP COMPRESSION SPRING,1,Arm_Activation_Powertrain_Assembly/CONTROLLED_16_N_MM_GUIDED_BACKUP_COMPRESSION_SPRING_SS: X -1.900..13.900 mm; Y -18.292..-2.492 mm; Z 390.276..535.276 mm,OD 15.8 mm; wire 3.0 mm; free length 195.0 mm; rate 16.0 N/mm; controlled drawing and proof acceptance.,Occurrence transform and named parent path in both authoring inventories.,"See connection register, motion-track register, and analysis applicability matrix; unpublished mission loads remain NOT CALCULABLE.",NOT DETERMINABLE FROM CONTROLLED INPUTS,CAPTURED_GUIDED_SPRING (DOF AXIAL COMPRESSION),Endpoint and 0-80 degree exact-Boolean registers; occurrence-specific margin not otherwise stated.,REQUIRES RELEASE DRAWING OR SUPPLIER DRAWING; NOT RELEASED,Modeled access only; physical tool-access verification required.,See assembly/service/reset instructions; physical trial required.,1.4310 stainless spring steel; ASTM A967 passivated; rope-contact and seal surfaces polished per drawing,0.092 kg each; exact occurrence allocation in mass report.,"Mass, motion/interference, interface, environment, manufacturing; additional load analysis as applicable.",OD 15.8 mm; wire 3.0 mm; free length 195.0 mm; rate 16.0 N/mm; controlled drawing and proof acceptance.,DIGITAL DEFINITION PRESENT; RELEASE QUALIFICATION NOT ESTABLISHED
BACKUP_SPRING_AFT_FIXED_SEAT_WITH_LONGERON_MOUNTING_TONGUE_TI,DF8-R2-BACKUP-SPRING-FIXED-SEAT-001,BACKUP SPRING AFT FIXED SEAT WITH LONGERON MOUNTING TONGUE,1,Arm_Activation_Powertrain_Assembly/BACKUP_SPRING_AFT_FIXED_SEAT_WITH_LONGERON_MOUNTING_TONGUE_TI: X -2.500..14.500 mm; Y -21.342..-1.892 mm; Z 535.276..540.276 mm,Mill-turn; Ti-6Al-4V Grade 5 certified product form; heat/lot CoC; qualified argon-purged WPS where welded; PT after welding; alpha-case removal; galvanic isolation; CMM final inspection,Occurrence transform and named parent path in both authoring inventories.,"See connection register, motion-track register, and analysis applicability matrix; unpublished mission loads remain NOT CALCULABLE.",NOT DETERMINABLE FROM CONTROLLED INPUTS,THREADED_TO_GUIDE_SUPPORT (DOF 0),Endpoint and 0-80 degree exact-Boolean registers; occurrence-specific margin not otherwise stated.,REQUIRES RELEASE DRAWING OR SUPPLIER DRAWING; NOT RELEASED,Modeled access only; physical tool-access verification required.,See assembly/service/reset instructions; physical trial required.,Ti-6Al-4V; ASTM B600 clean/passivate; drawing-controlled surface finish,0.0042064835579726225 kg each; exact occurrence allocation in mass report.,"Mass, motion/interference, interface, environment, manufacturing; additional load analysis as applicable.",,DIGITAL DEFINITION PRESENT; RELEASE QUALIFICATION NOT ESTABLISHED
BACKUP_SPRING_DLC_GUIDE_SHAFT_WITH_TWO_FIXED_SUPPORT_SHOULDERS_SS,DF8-R2-BACKUP-SPRING-GUIDE-001,BACKUP SPRING DLC GUIDE SHAFT WITH TWO FIXED SUPPORT SHOULDERS,1,Arm_Activation_Powertrain_Assembly/BACKUP_SPRING_DLC_GUIDE_SHAFT_WITH_TWO_FIXED_SUPPORT_SHOULDERS_SS: X 2.650..13.765 mm; Y -21.342..-7.042 mm; Z 353.250..540.276 mm,Centerless grind and DLC; ASTM A564 Type 630 certified stock; H900 unless the drawing explicitly selects a tougher condition; heat-treatment/hardness record; ASTM A967 passivation; grind/ream critical fits; CMM inspection,Occurrence transform and named parent path in both authoring inventories.,"See connection register, motion-track register, and analysis applicability matrix; unpublished mission loads remain NOT CALCULABLE.",NOT DETERMINABLE FROM CONTROLLED INPUTS,SUPPORTED_AT_BOTH_ENDS (DOF 0),Endpoint and 0-80 degree exact-Boolean registers; occurrence-specific margin not otherwise stated.,REQUIRES RELEASE DRAWING OR SUPPLIER DRAWING; NOT RELEASED,Modeled access only; physical tool-access verification required.,See assembly/service/reset instructions; physical trial required.,17-4PH stainless steel; ASTM A967 passivated; critical bearing surfaces ground,0.029068956937486064 kg each; exact occurrence allocation in mass report.,"Mass, motion/interference, interface, environment, manufacturing; additional load analysis as applicable.",,DIGITAL DEFINITION PRESENT; RELEASE QUALIFICATION NOT ESTABLISHED
BACKUP_SPRING_CROSSHEAD_SEAT_WITH_PILOTED_PERMANENT_LAND_SS,DF8-R2-BACKUP-SPRING-MOVING-SEAT-001,BACKUP SPRING CROSSHEAD SEAT WITH PILOTED PERMANENT LAND,1,Arm_Activation_Powertrain_Assembly/BACKUP_SPRING_CROSSHEAD_SEAT_WITH_PILOTED_PERMANENT_LAND_SS: X -2.500..14.500 mm; Y -18.892..-1.892 mm; Z 385.276..390.276 mm,Mill-turn; pilot to crosshead spoke; qualified laser weld; dimensional inspection; ASTM A564 Type 630 certified stock; H900 unless the drawing explicitly selects a tougher condition; heat-treatment/hardness record; ASTM A967 passivation; grind/ream critical fits; CMM inspection,Occurrence transform and named parent path in both authoring inventories.,"See connection register, motion-track register, and analysis applicability matrix; unpublished mission loads remain NOT CALCULABLE.",NOT DETERMINABLE FROM CONTROLLED INPUTS,PILOTED_QUALIFIED_PERMANENT_CROSSHEAD_JOINT (DOF 0),Endpoint and 0-80 degree exact-Boolean registers; occurrence-specific margin not otherwise stated.,REQUIRES RELEASE DRAWING OR SUPPLIER DRAWING; NOT RELEASED,Modeled access only; physical tool-access verification required.,See assembly/service/reset instructions; physical trial required.,17-4PH stainless steel; ASTM A967 passivated; critical bearing surfaces ground,0.0073882012531716265 kg each; exact occurrence allocation in mass report.,"Mass, motion/interference, interface, environment, manufacturing; additional load analysis as applicable.",,DIGITAL DEFINITION PRESENT; RELEASE QUALIFICATION NOT ESTABLISHED
Forward_Ballast_W,DF8-R2-BALLAST-001,"FORWARD TUNGSTEN BALLAST, SPINE SOCKET AND TAPERED REAMED HALF BORE",1,Forward_Body_Assembly/Forward_Ballast_W: X -24.800..24.800 mm; Y -24.800..24.800 mm; Z 170.000..336.000 mm,"CNC turn; wire-EDM socket; ASTM B777 Class 4 W-Ni-Fe product form, density >=18.0 g/cm3; heat/lot CoC; density verification; UT for internal discontinuities; ground datum inspection",Occurrence transform and named parent path in both authoring inventories.,"See connection register, motion-track register, and analysis applicability matrix; unpublished mission loads remain NOT CALCULABLE.",NOT DETERMINABLE FROM CONTROLLED INPUTS,SHRINK_FIT_AND_TAPER_PIN (DOF 0),Endpoint and 0-80 degree exact-Boolean registers; occurrence-specific margin not otherwise stated.,REQUIRES RELEASE DRAWING OR SUPPLIER DRAWING; NOT RELEASED,Modeled access only; physical tool-access verification required.,See assembly/service/reset instructions; physical trial required.,Tungsten heavy alloy; Ground rope/penetration-safe edges; corrosion-inhibiting clean,4.884227629259874 kg each; exact occurrence allocation in mass report.,"Mass, motion/interference, interface, environment, manufacturing; additional load analysis as applicable.",,DIGITAL DEFINITION PRESENT; RELEASE QUALIFICATION NOT ESTABLISHED
CENTRAL_DLC_CROSSHEAD_GUIDE_SHAFT_WITH_SPIDER_SHOULDER_SS,DF8-R2-CROSSHEAD-GUIDE-001,CENTRAL DLC CROSSHEAD GUIDE SHAFT WITH SPIDER SHOULDER,1,Arm_Activation_Powertrain_Assembly/CENTRAL_DLC_CROSSHEAD_GUIDE_SHAFT_WITH_SPIDER_SHOULDER_SS: X -4.450..4.450 mm; Y -4.450..4.450 mm; Z 344.000..391.000 mm,Centerless grind and DLC; ASTM A564 Type 630 certified stock; H900 unless the drawing explicitly selects a tougher condition; heat-treatment/hardness record; ASTM A967 passivation; grind/ream critical fits; CMM inspection,Occurrence transform and named parent path in both authoring inventories.,"See connection register, motion-track register, and analysis applicability matrix; unpublished mission loads remain NOT CALCULABLE.",NOT DETERMINABLE FROM CONTROLLED INPUTS,DOUBLE_SUPPORTED_SHAFT (DOF 0),Endpoint and 0-80 degree exact-Boolean registers; occurrence-specific margin not otherwise stated.,REQUIRES RELEASE DRAWING OR SUPPLIER DRAWING; NOT RELEASED,Modeled access only; physical tool-access verification required.,See assembly/service/reset instructions; physical trial required.,17-4PH stainless steel; ASTM A967 passivated; critical bearing surfaces ground,0.01153710148317413 kg each; exact occurrence allocation in mass report.,"Mass, motion/interference, interface, environment, manufacturing; additional load analysis as applicable.",,DIGITAL DEFINITION PRESENT; RELEASE QUALIFICATION NOT ESTABLISHED
THREE-SPOKE_CROSSHEAD-GUIDE_FORWARD_MOUNT_TI,DF8-R2-CROSSHEAD-GUIDE-SPIDER-001,THREE-SPOKE CROSSHEAD-GUIDE FORWARD MOUNT,1,Arm_Activation_Powertrain_Assembly/THREE-SPOKE_CROSSHEAD-GUIDE_FORWARD_MOUNT_TI: X -19.500..10.603 mm; Y -17.365..17.365 mm; Z 342.000..344.000 mm,5-axis mill; conformal fit to FWD-RING-02 bore; qualified three-spoke laser weld; dimensional inspection; Ti-6Al-4V Grade 5 certified product form; heat/lot CoC; qualified argon-purged WPS where welded; PT after welding; alpha-case removal; galvanic isolation; CMM final inspection,Occurrence transform and named parent path in both authoring inventories.,"See connection register, motion-track register, and analysis applicability matrix; unpublished mission loads remain NOT CALCULABLE.",NOT DETERMINABLE FROM CONTROLLED INPUTS,THREE_SPOKE_QUALIFIED_PERMANENT_RING_JOINT (DOF 0),Endpoint and 0-80 degree exact-Boolean registers; occurrence-specific margin not otherwise stated.,REQUIRES RELEASE DRAWING OR SUPPLIER DRAWING; NOT RELEASED,Modeled access only; physical tool-access verification required.,See assembly/service/reset instructions; physical trial required.,Ti-6Al-4V; ASTM B600 clean/passivate; drawing-controlled surface finish,0.0012339130177071314 kg each; exact occurrence allocation in mass report.,"Mass, motion/interference, interface, environment, manufacturing; additional load analysis as applicable.",,DIGITAL DEFINITION PRESENT; RELEASE QUALIFICATION NOT ESTABLISHED
80_DEGREE_SWEPT-CLEARANCE_FIXED_STOP_WITH_CONTROLLED_AUTOMATIC-LOCK_BUSHING_SEAT_SS,DF8-R2-FIXED-STOP-001,80 DEGREE SWEPT-CLEARANCE FIXED STOP WITH CONTROLLED AUTOMATIC-LOCK BUSHING SEAT,3,Arm_Activation_Powertrain_Assembly/Arm_Deployment_Assembly_01/80_DEGREE_SWEPT-CLEARANCE_FIXED_STOP_WITH_CONTROLLED_AUTOMATIC-LOCK_BUSHING_SEAT_SS_01: X 3.868..12.631 mm; Y -10.500..10.500 mm; Z 339.673..352.340 mm | Arm_Activation_Powertrain_Assembly/Arm_Deployment_Assembly_02/80_DEGREE_SWEPT-CLEARANCE_FIXED_STOP_WITH_CONTROLLED_AUTOMATIC-LOCK_BUSHING_SEAT_SS_02: X -15.409..4.608 mm; Y 1.300..16.189 mm; Z 339.673..352.340 mm | Arm_Activation_Powertrain_Assembly/Arm_Deployment_Assembly_03/80_DEGREE_SWEPT-CLEARANCE_FIXED_STOP_WITH_CONTROLLED_AUTOMATIC-LOCK_BUSHING_SEAT_SS_03: X -15.409..4.793 mm; Y -16.189..-1.300 mm; Z 339.673..352.340 mm,5-axis mill; wire EDM lock guide and controlled PEEK-bushing seat; occurrence-match drill two M3 clearance and ream two H7 side-land bores; grind stop faces; ASTM A564 Type 630 certified stock; H900 unless the drawing explicitly selects a tougher condition; heat-treatment/hardness record; ASTM A967 passivation; grind/ream critical fits; CMM inspection,Occurrence transform and named parent path in both authoring inventories.,"See connection register, motion-track register, and analysis applicability matrix; unpublished mission loads remain NOT CALCULABLE.",NOT DETERMINABLE FROM CONTROLLED INPUTS,DOWEL_AND_TWO_M3_SCREWS (DOF 0),Endpoint and 0-80 degree exact-Boolean registers; occurrence-specific margin not otherwise stated.,REQUIRES RELEASE DRAWING OR SUPPLIER DRAWING; NOT RELEASED,Modeled access only; physical tool-access verification required.,See assembly/service/reset instructions; physical trial required.,17-4PH stainless steel; ASTM A967 passivated; critical bearing surfaces ground,0.0023936337070524028 kg each; exact occurrence allocation in mass report.,"Mass, motion/interference, interface, environment, manufacturing; additional load analysis as applicable.",,DIGITAL DEFINITION PRESENT; RELEASE QUALIFICATION NOT ESTABLISHED
4_MM_FULL-SPAN_LINK_PIN_WITH_DC-4SS_RETAINER_GROOVE_SS,DF8-R2-LINK-PIN-004,4 MM FULL-SPAN LINK PIN WITH DC-4SS RETAINER GROOVE,6,Arm_Activation_Powertrain_Assembly/Arm_Deployment_Assembly_01/4_MM_FULL-SPAN_LINK_PIN_WITH_DC-4SS_RETAINER_GROOVE_SS_01: X 21.000..27.000 mm; Y -7.400..6.400 mm; Z 361.000..367.000 mm | Arm_Activation_Powertrain_Assembly/Arm_Deployment_Assembly_01/4_MM_FULL-SPAN_LINK_PIN_WITH_DC-4SS_RETAINER_GROOVE_SS_02: X 15.000..21.000 mm; Y -7.400..6.400 mm; Z 380.026..386.026 mm | Arm_Activation_Powertrain_Assembly/Arm_Deployment_Assembly_02/4_MM_FULL-SPAN_LINK_PIN_WITH_DC-4SS_RETAINER_GROOVE_SS_03: X -18.543..-4.091 mm; Y 15.853..27.083 mm; Z 361.000..367.000 mm | Arm_Activation_Powertrain_Assembly/Arm_Deployment_Assembly_02/4_MM_FULL-SPAN_LINK_PIN_WITH_DC-4SS_RETAINER_GROOVE_SS_04: X -15.543..-1.091 mm; Y 10.656..21.887 mm; Z 380.026..386.026 mm | Arm_Activation_Powertrain_Assembly/Arm_Deployment_Assembly_03/4_MM_FULL-SPAN_LINK_PIN_WITH_DC-4SS_RETAINER_GROOVE_SS_05: X -19.909..-5.457 mm; Y -25.717..-14.487 mm; Z 361.000..367.000 mm | Arm_Activation_Powertrain_Assembly/Arm_Deployment_Assembly_03/4_MM_FULL-SPAN_LINK_PIN_WITH_DC-4SS_RETAINER_GROOVE_SS_06: X -16.909..-2.457 mm; Y -20.521..-9.290 mm; Z 380.026..386.026 mm,Swiss turn; H900; grind; ASTM A564 Type 630 certified stock; H900 unless the drawing explicitly selects a tougher condition; heat-treatment/hardness record; ASTM A967 passivation; grind/ream critical fits; CMM inspection,Occurrence transform and named parent path in both authoring inventories.,"See connection register, motion-track register, and analysis applicability matrix; unpublished mission loads remain NOT CALCULABLE.",NOT DETERMINABLE FROM CONTROLLED INPUTS,CLEVIS_PIN_WITH_E_RING (DOF 0),Endpoint and 0-80 degree exact-Boolean registers; occurrence-specific margin not otherwise stated.,REQUIRES RELEASE DRAWING OR SUPPLIER DRAWING; NOT RELEASED,Modeled access only; physical tool-access verification required.,See assembly/service/reset instructions; physical trial required.,17-4PH stainless steel; ASTM A967 passivated; critical bearing surfaces ground,0.001443346409243244 kg each; exact occurrence allocation in mass report.,"Mass, motion/interference, interface, environment, manufacturing; additional load analysis as applicable.",,DIGITAL DEFINITION PRESENT; RELEASE QUALIFICATION NOT ESTABLISHED
Penetrator_Nose_W,DF8-R2-NOSE-001,TUNGSTEN PENETRATOR NOSE WITH OCCURRENCE-MATCHED TAPERED REAMED HALF BORE,1,Forward_Body_Assembly/Penetrator_Nose_W: X -26.300..26.300 mm; Y -26.300..26.300 mm; Z 0.000..170.000 mm,"CNC turn and grind; ASTM B777 Class 4 W-Ni-Fe product form, density >=18.0 g/cm3; heat/lot CoC; density verification; UT for internal discontinuities; ground datum inspection",Occurrence transform and named parent path in both authoring inventories.,"See connection register, motion-track register, and analysis applicability matrix; unpublished mission loads remain NOT CALCULABLE.",NOT DETERMINABLE FROM CONTROLLED INPUTS,SHRINK_FIT_AND_TAPER_PIN (DOF 0),Endpoint and 0-80 degree exact-Boolean registers; occurrence-specific margin not otherwise stated.,REQUIRES RELEASE DRAWING OR SUPPLIER DRAWING; NOT RELEASED,Modeled access only; physical tool-access verification required.,See assembly/service/reset instructions; physical trial required.,Tungsten heavy alloy; Ground rope/penetration-safe edges; corrosion-inhibiting clean,2.2173158326782247 kg each; exact occurrence allocation in mass report.,"Mass, motion/interference, interface, environment, manufacturing; additional load analysis as applicable.",,DIGITAL DEFINITION PRESENT; RELEASE QUALIFICATION NOT ESTABLISHED
8_MM_PEEK-LINED_PIVOT_BUSHING_PEEK,DF8-R2-PIVOT-BUSH-008,8 MM PEEK-LINED PIVOT BUSHING,6,Arm_Activation_Powertrain_Assembly/Arm_Deployment_Assembly_01/8_MM_PEEK-LINED_PIVOT_BUSHING_PEEK_01: X 13.850..22.150 mm; Y -5.750..-3.750 mm; Z 350.850..359.150 mm | Arm_Activation_Powertrain_Assembly/Arm_Deployment_Assembly_01/8_MM_PEEK-LINED_PIVOT_BUSHING_PEEK_02: X 13.850..22.150 mm; Y 3.750..5.750 mm; Z 350.850..359.150 mm | Arm_Activation_Powertrain_Assembly/Arm_Deployment_Assembly_02/8_MM_PEEK-LINED_PIVOT_BUSHING_PEEK_03: X -7.827..-1.945 mm; Y 13.869..22.057 mm; Z 350.850..359.150 mm | Arm_Activation_Powertrain_Assembly/Arm_Deployment_Assembly_02/8_MM_PEEK-LINED_PIVOT_BUSHING_PEEK_04: X -16.055..-10.173 mm; Y 9.119..17.307 mm; Z 350.850..359.150 mm | Arm_Activation_Powertrain_Assembly/Arm_Deployment_Assembly_03/8_MM_PEEK-LINED_PIVOT_BUSHING_PEEK_05: X -16.055..-10.173 mm; Y -17.307..-9.119 mm; Z 350.850..359.150 mm | Arm_Activation_Powertrain_Assembly/Arm_Deployment_Assembly_03/8_MM_PEEK-LINED_PIVOT_BUSHING_PEEK_06: X -7.827..-1.945 mm; Y -22.057..-13.869 mm; Z 350.850..359.150 mm,Turn and press fit; Virgin unfilled PEEK resin/stock with ASTM D6262 or ISO material certificate; annealed stock; controlled machining temperature; moisture conditioning; dimensional inspection after stabilization,Occurrence transform and named parent path in both authoring inventories.,"See connection register, motion-track register, and analysis applicability matrix; unpublished mission loads remain NOT CALCULABLE.",NOT DETERMINABLE FROM CONTROLLED INPUTS,PRESS_FIT_IN_ARM_BOSS (DOF 0),Endpoint and 0-80 degree exact-Boolean registers; occurrence-specific margin not otherwise stated.,REQUIRES RELEASE DRAWING OR SUPPLIER DRAWING; NOT RELEASED,Modeled access only; physical tool-access verification required.,See assembly/service/reset instructions; physical trial required.,"PEEK; Machined, edge-broken, cleaned; no mold release or particulate",8.808849871477256e-06 kg each; exact occurrence allocation in mass report.,"Mass, motion/interference, interface, environment, manufacturing; additional load analysis as applicable.",,DIGITAL DEFINITION PRESENT; RELEASE QUALIFICATION NOT ESTABLISHED
8_MM_CAPTIVE_SHOULDER_PIVOT_PIN_WITH_EXTERNAL_GROOVE_SS,DF8-R2-PIVOT-PIN-008,8 MM CAPTIVE SHOULDER PIVOT PIN WITH EXTERNAL GROOVE,3,Arm_Activation_Powertrain_Assembly/Arm_Deployment_Assembly_01/8_MM_CAPTIVE_SHOULDER_PIVOT_PIN_WITH_EXTERNAL_GROOVE_SS_01: X 13.600..22.400 mm; Y -11.750..10.250 mm; Z 350.600..359.400 mm | Arm_Activation_Powertrain_Assembly/Arm_Deployment_Assembly_02/8_MM_CAPTIVE_SHOULDER_PIVOT_PIN_WITH_EXTERNAL_GROOVE_SS_02: X -19.877..3.376 mm; Y 6.999..25.274 mm; Z 350.600..359.400 mm | Arm_Activation_Powertrain_Assembly/Arm_Deployment_Assembly_03/8_MM_CAPTIVE_SHOULDER_PIVOT_PIN_WITH_EXTERNAL_GROOVE_SS_03: X -21.376..1.877 mm; Y -24.178..-5.903 mm; Z 350.600..359.400 mm,Swiss turn; H900; grind; ASTM A564 Type 630 certified stock; H900 unless the drawing explicitly selects a tougher condition; heat-treatment/hardness record; ASTM A967 passivation; grind/ream critical fits; CMM inspection,Occurrence transform and named parent path in both authoring inventories.,"See connection register, motion-track register, and analysis applicability matrix; unpublished mission loads remain NOT CALCULABLE.",NOT DETERMINABLE FROM CONTROLLED INPUTS,SHOULDER_PIN_WITH_SPIRAL_RING (DOF 0),Endpoint and 0-80 degree exact-Boolean registers; occurrence-specific margin not otherwise stated.,REQUIRES RELEASE DRAWING OR SUPPLIER DRAWING; NOT RELEASED,Modeled access only; physical tool-access verification required.,See assembly/service/reset instructions; physical trial required.,17-4PH stainless steel; ASTM A967 passivated; critical bearing surfaces ground,0.008671747528307096 kg each; exact occurrence allocation in mass report.,"Mass, motion/interference, interface, environment, manufacturing; additional load analysis as applicable.",,DIGITAL DEFINITION PRESENT; RELEASE QUALIFICATION NOT ESTABLISHED
8_MM_EXTERNAL_SPIRAL_PIVOT_RETAINER_SS,DF8-R2-PIVOT-SPIRAL-RING-008,8 MM EXTERNAL SPIRAL PIVOT RETAINER,3,Arm_Activation_Powertrain_Assembly/Arm_Deployment_Assembly_01/8_MM_EXTERNAL_SPIRAL_PIVOT_RETAINER_SS_01: X 13.100..22.378 mm; Y 9.175..9.725 mm; Z 350.100..359.900 mm | Arm_Activation_Powertrain_Assembly/Arm_Deployment_Assembly_02/8_MM_EXTERNAL_SPIRAL_PIVOT_RETAINER_SS_02: X -19.611..-14.496 mm; Y 6.482..14.793 mm; Z 350.100..359.900 mm | Arm_Activation_Powertrain_Assembly/Arm_Deployment_Assembly_03/8_MM_EXTERNAL_SPIRAL_PIVOT_RETAINER_SS_03: X -3.243..1.872 mm; Y -24.243..-15.932 mm; Z 350.100..359.900 mm,Wire form; Certified stainless product form/condition; heat/lot CoC; qualified weld/braze procedure where applicable; ASTM A967 passivation; PT of pressure welds; dimensional inspection,Occurrence transform and named parent path in both authoring inventories.,"See connection register, motion-track register, and analysis applicability matrix; unpublished mission loads remain NOT CALCULABLE.",NOT DETERMINABLE FROM CONTROLLED INPUTS,EXTERNAL_GROOVE (DOF 0),Endpoint and 0-80 degree exact-Boolean registers; occurrence-specific margin not otherwise stated.,REQUIRES RELEASE DRAWING OR SUPPLIER DRAWING; NOT RELEASED,Modeled access only; physical tool-access verification required.,See assembly/service/reset instructions; physical trial required.,1.4310 stainless spring steel; ASTM A967 passivated; rope-contact and seal surfaces polished per drawing,9.513648371968046e-05 kg each; exact occurrence allocation in mass report.,"Mass, motion/interference, interface, environment, manufacturing; additional load analysis as applicable.",,DIGITAL DEFINITION PRESENT; RELEASE QUALIFICATION NOT ESTABLISHED
8_MM_PEEK_THRUST_WASHER_PEEK,DF8-R2-PIVOT-WASHER-008,8 MM PEEK THRUST WASHER,6,Arm_Activation_Powertrain_Assembly/Arm_Deployment_Assembly_01/8_MM_PEEK_THRUST_WASHER_PEEK_01: X 12.000..24.000 mm; Y -5.990..-5.810 mm; Z 349.000..361.000 mm | Arm_Activation_Powertrain_Assembly/Arm_Deployment_Assembly_01/8_MM_PEEK_THRUST_WASHER_PEEK_02: X 12.000..24.000 mm; Y 5.810..5.990 mm; Z 349.000..361.000 mm | Arm_Activation_Powertrain_Assembly/Arm_Deployment_Assembly_02/8_MM_PEEK_THRUST_WASHER_PEEK_03: X -6.968..-0.813 mm; Y 13.297..23.780 mm; Z 349.000..361.000 mm | Arm_Activation_Powertrain_Assembly/Arm_Deployment_Assembly_02/8_MM_PEEK_THRUST_WASHER_PEEK_04: X -17.187..-11.032 mm; Y 7.397..17.880 mm; Z 349.000..361.000 mm | Arm_Activation_Powertrain_Assembly/Arm_Deployment_Assembly_03/8_MM_PEEK_THRUST_WASHER_PEEK_05: X -17.187..-11.032 mm; Y -17.880..-7.397 mm; Z 349.000..361.000 mm | Arm_Activation_Powertrain_Assembly/Arm_Deployment_Assembly_03/8_MM_PEEK_THRUST_WASHER_PEEK_06: X -6.968..-0.813 mm; Y -23.780..-13.297 mm; Z 349.000..361.000 mm,Turn; Virgin unfilled PEEK resin/stock with ASTM D6262 or ISO material certificate; annealed stock; controlled machining temperature; moisture conditioning; dimensional inspection after stabilization,Occurrence transform and named parent path in both authoring inventories.,"See connection register, motion-track register, and analysis applicability matrix; unpublished mission loads remain NOT CALCULABLE.",NOT DETERMINABLE FROM CONTROLLED INPUTS,CAPTIVE_ON_PIVOT_SHOULDER (DOF 0),Endpoint and 0-80 degree exact-Boolean registers; occurrence-specific margin not otherwise stated.,REQUIRES RELEASE DRAWING OR SUPPLIER DRAWING; NOT RELEASED,Modeled access only; physical tool-access verification required.,See assembly/service/reset instructions; physical trial required.,"PEEK; Machined, edge-broken, cleaned; no mold release or particulate",1.4016322438141084e-05 kg each; exact occurrence allocation in mass report.,"Mass, motion/interference, interface, environment, manufacturing; additional load analysis as applicable.",,DIGITAL DEFINITION PRESENT; RELEASE QUALIFICATION NOT ESTABLISHED
6_MM_CAPTIVE_RECOVERY_TERMINAL_PIN_WITH_RETAINER_GROOVE_SS,DF8-R2-RECOVERY-PIN-006,6 MM CAPTIVE RECOVERY TERMINAL PIN WITH RETAINER GROOVE,1,Shortened_Aft_Body_External_Buoy_Assembly/Structural_Recovery_Tether_Assembly/6_MM_CAPTIVE_RECOVERY_TERMINAL_PIN_WITH_RETAINER_GROOVE_SS: X 17.500..26.500 mm; Y -7.000..5.500 mm; Z 1608.500..1617.500 mm,Swiss turn; H900; grind; ASTM A564 Type 630 certified stock; H900 unless the drawing explicitly selects a tougher condition; heat-treatment/hardness record; ASTM A967 passivation; grind/ream critical fits; CMM inspection,Occurrence transform and named parent path in both authoring inventories.,"See connection register, motion-track register, and analysis applicability matrix; unpublished mission loads remain NOT CALCULABLE.",NOT DETERMINABLE FROM CONTROLLED INPUTS,DOUBLE_SHEAR_PIN_WITH_CLIP (DOF 0),Endpoint and 0-80 degree exact-Boolean registers; occurrence-specific margin not otherwise stated.,REQUIRES RELEASE DRAWING OR SUPPLIER DRAWING; NOT RELEASED,Modeled access only; physical tool-access verification required.,See assembly/service/reset instructions; physical trial required.,17-4PH stainless steel; ASTM A967 passivated; critical bearing surfaces ground,0.003134187821530512 kg each; exact occurrence allocation in mass report.,"Mass, motion/interference, interface, environment, manufacturing; additional load analysis as applicable.",,DIGITAL DEFINITION PRESENT; RELEASE QUALIFICATION NOT ESTABLISHED
19.950_MM_CENTER-DISTANCE_REAMED_SHORT_LINK_SS,DF8-R2-SHORT-LINK-001,19.950 MM CENTER-DISTANCE REAMED SHORT LINK,6,Arm_Activation_Powertrain_Assembly/Arm_Deployment_Assembly_01/19.950_MM_CENTER-DISTANCE_REAMED_SHORT_LINK_SS_01: X 14.800..27.200 mm; Y -2.500..-1.000 mm; Z 360.800..386.226 mm | Arm_Activation_Powertrain_Assembly/Arm_Deployment_Assembly_01/19.950_MM_CENTER-DISTANCE_REAMED_SHORT_LINK_SS_02: X 14.800..27.200 mm; Y 1.000..2.500 mm; Z 360.800..386.226 mm | Arm_Activation_Powertrain_Assembly/Arm_Deployment_Assembly_02/19.950_MM_CENTER-DISTANCE_REAMED_SHORT_LINK_SS_03: X -12.734..-5.235 mm; Y 13.317..24.806 mm; Z 360.800..386.226 mm | Arm_Activation_Powertrain_Assembly/Arm_Deployment_Assembly_02/19.950_MM_CENTER-DISTANCE_REAMED_SHORT_LINK_SS_04: X -15.765..-8.266 mm; Y 11.567..23.056 mm; Z 360.800..386.226 mm | Arm_Activation_Powertrain_Assembly/Arm_Deployment_Assembly_03/19.950_MM_CENTER-DISTANCE_REAMED_SHORT_LINK_SS_05: X -15.765..-8.266 mm; Y -23.056..-11.567 mm; Z 360.800..386.226 mm | Arm_Activation_Powertrain_Assembly/Arm_Deployment_Assembly_03/19.950_MM_CENTER-DISTANCE_REAMED_SHORT_LINK_SS_06: X -12.734..-5.235 mm; Y -24.806..-13.317 mm; Z 360.800..386.226 mm,Wire EDM; H900; ream; ASTM A564 Type 630 certified stock; H900 unless the drawing explicitly selects a tougher condition; heat-treatment/hardness record; ASTM A967 passivation; grind/ream critical fits; CMM inspection,Occurrence transform and named parent path in both authoring inventories.,"See connection register, motion-track register, and analysis applicability matrix; unpublished mission loads remain NOT CALCULABLE.",NOT DETERMINABLE FROM CONTROLLED INPUTS,TWO_REVOLUTE_PIN_JOINTS (DOF PLANAR FOUR-BAR),Endpoint and 0-80 degree exact-Boolean registers; occurrence-specific margin not otherwise stated.,REQUIRES RELEASE DRAWING OR SUPPLIER DRAWING; NOT RELEASED,Modeled access only; physical tool-access verification required.,See assembly/service/reset instructions; physical trial required.,17-4PH stainless steel; ASTM A967 passivated; critical bearing surfaces ground,0.0008587191047231816 kg each; exact occurrence allocation in mass report.,"Mass, motion/interference, interface, environment, manufacturing; additional load analysis as applicable.",,DIGITAL DEFINITION PRESENT; RELEASE QUALIFICATION NOT ESTABLISHED
CAPTIVE_RADIAL_STOWED-RETENTION_DOG_WITH_TRANSPORT-INHIBIT_BORE_SS,DF8-R2-STOW-DOG-001,CAPTIVE RADIAL STOWED-RETENTION DOG WITH TRANSPORT-INHIBIT BORE,3,Arm_Activation_Powertrain_Assembly/Arm_Deployment_Assembly_01/CAPTIVE_RADIAL_STOWED-RETENTION_DOG_WITH_TRANSPORT-INHIBIT_BORE_SS_01: X 15.000..19.000 mm; Y -2.200..2.200 mm; Z 726.956..732.456 mm | Arm_Activation_Powertrain_Assembly/Arm_Deployment_Assembly_02/CAPTIVE_RADIAL_STOWED-RETENTION_DOG_WITH_TRANSPORT-INHIBIT_BORE_SS_02: X -11.405..-5.595 mm; Y 11.890..17.554 mm; Z 726.956..732.456 mm | Arm_Activation_Powertrain_Assembly/Arm_Deployment_Assembly_03/CAPTIVE_RADIAL_STOWED-RETENTION_DOG_WITH_TRANSPORT-INHIBIT_BORE_SS_03: X -11.405..-5.595 mm; Y -17.554..-11.890 mm; Z 726.956..732.456 mm,Wire EDM and grind; ASTM A564 Type 630 certified stock; H900 unless the drawing explicitly selects a tougher condition; heat-treatment/hardness record; ASTM A967 passivation; grind/ream critical fits; CMM inspection,Occurrence transform and named parent path in both authoring inventories.,"See connection register, motion-track register, and analysis applicability matrix; unpublished mission loads remain NOT CALCULABLE.",NOT DETERMINABLE FROM CONTROLLED INPUTS,RADIAL_GUIDE_AND_RETURN_SPRING (DOF 1 RADIAL TRANSLATION),Endpoint and 0-80 degree exact-Boolean registers; occurrence-specific margin not otherwise stated.,REQUIRES RELEASE DRAWING OR SUPPLIER DRAWING; NOT RELEASED,Modeled access only; physical tool-access verification required.,See assembly/service/reset instructions; physical trial required.,17-4PH stainless steel; ASTM A967 passivated; critical bearing surfaces ground,0.0007049382892415685 kg each; exact occurrence allocation in mass report.,"Mass, motion/interference, interface, environment, manufacturing; additional load analysis as applicable.",,DIGITAL DEFINITION PRESENT; RELEASE QUALIFICATION NOT ESTABLISHED
CAPTIVE_CRESCENT_RETAINER_FOR_TRANSPORT-INHIBIT_PIN_SS,DF8-R2-STOW-DOG-INHIBIT-KEEPER-001,CAPTIVE CRESCENT RETAINER FOR TRANSPORT-INHIBIT PIN,3,Arm_Activation_Powertrain_Assembly/Arm_Deployment_Assembly_01/CAPTIVE_CRESCENT_RETAINER_FOR_TRANSPORT-INHIBIT_PIN_SS_01: X 16.200..17.760 mm; Y 2.250..2.600 mm; Z 728.906..730.506 mm | Arm_Activation_Powertrain_Assembly/Arm_Deployment_Assembly_02/CAPTIVE_CRESCENT_RETAINER_FOR_TRANSPORT-INHIBIT_PIN_SS_02: X -11.132..-10.049 mm; Y 12.730..14.256 mm; Z 728.906..730.506 mm | Arm_Activation_Powertrain_Assembly/Arm_Deployment_Assembly_03/CAPTIVE_CRESCENT_RETAINER_FOR_TRANSPORT-INHIBIT_PIN_SS_03: X -6.931..-5.848 mm; Y -16.681..-15.155 mm; Z 728.906..730.506 mm,External keeper remains seated on and translates with the headed inhibit pin in both retained and withdrawn endpoint states.,Occurrence transform and named parent path in both authoring inventories.,"See connection register, motion-track register, and analysis applicability matrix; unpublished mission loads remain NOT CALCULABLE.",NOT DETERMINABLE FROM CONTROLLED INPUTS,EXTERNAL_GROOVE_RETAINER (DOF 1 AXIAL TRANSLATION WITH PARENT PIN),Endpoint and 0-80 degree exact-Boolean registers; occurrence-specific margin not otherwise stated.,REQUIRES RELEASE DRAWING OR SUPPLIER DRAWING; NOT RELEASED,Modeled access only; physical tool-access verification required.,See assembly/service/reset instructions; physical trial required.,1.4310 stainless spring steel; ASTM A967 passivated; rope-contact and seal surfaces polished per drawing,3.948942128413097e-06 kg each; exact occurrence allocation in mass report.,"Mass, motion/interference, interface, environment, manufacturing; additional load analysis as applicable.",External keeper remains seated on and translates with the headed inhibit pin in both retained and withdrawn endpoint states.,DIGITAL DEFINITION PRESENT; RELEASE QUALIFICATION NOT ESTABLISHED
WITHDRAWABLE_HEADED_TRANSPORT-INHIBIT_PIN_SS,DF8-R2-STOW-DOG-INHIBIT-PIN-001,WITHDRAWABLE HEADED TRANSPORT-INHIBIT PIN,3,Arm_Activation_Powertrain_Assembly/Arm_Deployment_Assembly_01/WITHDRAWABLE_HEADED_TRANSPORT-INHIBIT_PIN_SS_01: X 16.200..17.800 mm; Y -3.600..3.000 mm; Z 728.906..730.506 mm | Arm_Activation_Powertrain_Assembly/Arm_Deployment_Assembly_02/WITHDRAWABLE_HEADED_TRANSPORT-INHIBIT_PIN_SS_02: X -11.398..-4.982 mm; Y 12.703..17.215 mm; Z 728.906..730.506 mm | Arm_Activation_Powertrain_Assembly/Arm_Deployment_Assembly_03/WITHDRAWABLE_HEADED_TRANSPORT-INHIBIT_PIN_SS_03: X -12.018..-5.602 mm; Y -16.742..-12.230 mm; Z 728.906..730.506 mm,Swiss turn; H900; grind; tether-feature inspection; ASTM A564 Type 630 certified stock; H900 unless the drawing explicitly selects a tougher condition; heat-treatment/hardness record; ASTM A967 passivation; grind/ream critical fits; CMM inspection,Occurrence transform and named parent path in both authoring inventories.,"See connection register, motion-track register, and analysis applicability matrix; unpublished mission loads remain NOT CALCULABLE.",NOT DETERMINABLE FROM CONTROLLED INPUTS,WITHDRAWABLE_TRANSPORT_INHIBIT_PIN (DOF 1 AXIAL TRANSLATION),Endpoint and 0-80 degree exact-Boolean registers; occurrence-specific margin not otherwise stated.,REQUIRES RELEASE DRAWING OR SUPPLIER DRAWING; NOT RELEASED,Modeled access only; physical tool-access verification required.,See assembly/service/reset instructions; physical trial required.,17-4PH stainless steel; ASTM A967 passivated; critical bearing surfaces ground,5.93375184680702e-05 kg each; exact occurrence allocation in mass report.,"Mass, motion/interference, interface, environment, manufacturing; additional load analysis as applicable.",,DIGITAL DEFINITION PRESENT; RELEASE QUALIFICATION NOT ESTABLISHED
CAPTIVE_STOW-DOG_RADIAL_RETURN_SPRING_SS,DF8-R2-STOW-DOG-RETURN-SPRING-001,CAPTIVE STOW-DOG RADIAL RETURN SPRING,3,Arm_Activation_Powertrain_Assembly/Arm_Deployment_Assembly_01/CAPTIVE_STOW-DOG_RADIAL_RETURN_SPRING_SS_01: X 11.170..14.950 mm; Y -0.600..0.600 mm; Z 729.106..730.306 mm | Arm_Activation_Powertrain_Assembly/Arm_Deployment_Assembly_02/CAPTIVE_STOW-DOG_RADIAL_RETURN_SPRING_SS_02: X -7.707..-5.585 mm; Y 9.674..12.947 mm; Z 729.106..730.306 mm | Arm_Activation_Powertrain_Assembly/Arm_Deployment_Assembly_03/CAPTIVE_STOW-DOG_RADIAL_RETURN_SPRING_SS_03: X -7.475..-5.353 mm; Y -12.947..-9.674 mm; Z 729.106..730.306 mm,Endpoint B-reps bound the full radial dog stroke; spring is captured between the integral guide bridge and dog inboard face.,Occurrence transform and named parent path in both authoring inventories.,"See connection register, motion-track register, and analysis applicability matrix; unpublished mission loads remain NOT CALCULABLE.",NOT DETERMINABLE FROM CONTROLLED INPUTS,CAPTURED_STOW_DOG_RETURN_SPRING (DOF AXIAL COMPRESSION),Endpoint and 0-80 degree exact-Boolean registers; occurrence-specific margin not otherwise stated.,REQUIRES RELEASE DRAWING OR SUPPLIER DRAWING; NOT RELEASED,Modeled access only; physical tool-access verification required.,See assembly/service/reset instructions; physical trial required.,1.4310 stainless spring steel; ASTM A967 passivated; rope-contact and seal surfaces polished per drawing,3.195904507999331e-07 kg each; exact occurrence allocation in mass report.,"Mass, motion/interference, interface, environment, manufacturing; additional load analysis as applicable.",Endpoint B-reps bound the full radial dog stroke; spring is captured between the integral guide bridge and dog inboard face.,DIGITAL DEFINITION PRESENT; RELEASE QUALIFICATION NOT ESTABLISHED
AMSTEEL_EYE-SPLICE_THIMBLE_SS,DF8-R2-TETHER-THIMBLE-001,AMSTEEL EYE-SPLICE THIMBLE,2,Shortened_Aft_Body_External_Buoy_Assembly/Structural_Recovery_Tether_Assembly/AMSTEEL_EYE-SPLICE_THIMBLE_SS_01: X 14.000..29.632 mm; Y -2.000..2.000 mm; Z 1605.000..1621.000 mm | Shortened_Aft_Body_External_Buoy_Assembly/Structural_Recovery_Tether_Assembly/AMSTEEL_EYE-SPLICE_THIMBLE_SS_02: X 32.000..47.632 mm; Y -2.000..2.000 mm; Z 1580.000..1596.000 mm,Stamp and form; Certified stainless product form/condition; heat/lot CoC; qualified weld/braze procedure where applicable; ASTM A967 passivation; PT of pressure welds; dimensional inspection,Occurrence transform and named parent path in both authoring inventories.,"See connection register, motion-track register, and analysis applicability matrix; unpublished mission loads remain NOT CALCULABLE.",NOT DETERMINABLE FROM CONTROLLED INPUTS,PINNED_TO_BUOY_HARNESS (DOF LATER_PHASE_TETHER_MOTION) | PINNED_TO_RECOVERY_HARDPOINT (DOF LATER_PHASE_TETHER_MOTION),Endpoint and 0-80 degree exact-Boolean registers; occurrence-specific margin not otherwise stated.,REQUIRES RELEASE DRAWING OR SUPPLIER DRAWING; NOT RELEASED,Modeled access only; physical tool-access verification required.,See assembly/service/reset instructions; physical trial required.,316 stainless steel; ASTM A967 passivated; rope-contact and seal surfaces polished per drawing,0.0028967149754297837 kg each; exact occurrence allocation in mass report.,"Mass, motion/interference, interface, environment, manufacturing; additional load analysis as applicable.",,DIGITAL DEFINITION PRESENT; RELEASE QUALIFICATION NOT ESTABLISHED
SHORTENED_BODY_AFT_CAP_WITH_TETHER_SERVICE_PASSAGE_TI,DF8-SHORT14-AFT-CAP-001,SHORTENED BODY AFT CAP WITH TETHER SERVICE PASSAGE,1,Shortened_Aft_Body_External_Buoy_Assembly/Shortened_Aft_Structure_Assembly/SHORTENED_BODY_AFT_CAP_WITH_TETHER_SERVICE_PASSAGE_TI: X -26.500..26.500 mm; Y -26.500..26.500 mm; Z 1671.400..1675.400 mm,5-axis mill; machine chafe-safe service passage; bolt and safety-wire to closure ring; Ti-6Al-4V Grade 5 certified product form; heat/lot CoC; qualified argon-purged WPS where welded; PT after welding; alpha-case removal; galvanic isolation; CMM final inspection,Occurrence transform and named parent path in both authoring inventories.,"See connection register, motion-track register, and analysis applicability matrix; unpublished mission loads remain NOT CALCULABLE.",NOT DETERMINABLE FROM CONTROLLED INPUTS,DEFINED_PERMANENT_JOINT (DOF 0),Endpoint and 0-80 degree exact-Boolean registers; occurrence-specific margin not otherwise stated.,REQUIRES RELEASE DRAWING OR SUPPLIER DRAWING; NOT RELEASED,Modeled access only; physical tool-access verification required.,See assembly/service/reset instructions; physical trial required.,Ti-6Al-4V; ASTM B600 clean/passivate; drawing-controlled surface finish,0.03852351979077313 kg each; exact occurrence allocation in mass report.,"Mass, motion/interference, interface, environment, manufacturing; additional load analysis as applicable.",,DIGITAL DEFINITION PRESENT; RELEASE QUALIFICATION NOT ESTABLISHED
AFT_STRUCTURAL_CLOSURE_RING_TI,DF8-SHORT14-AFT-CLOSURE-RING-001,AFT STRUCTURAL CLOSURE RING,1,Shortened_Aft_Body_External_Buoy_Assembly/Shortened_Aft_Structure_Assembly/AFT_STRUCTURAL_CLOSURE_RING_TI: X -25.300..25.300 mm; Y -25.300..25.300 mm; Z 1663.400..1671.400 mm,Mill-turn; weld to shell; face grind; Ti-6Al-4V Grade 5 certified product form; heat/lot CoC; qualified argon-purged WPS where welded; PT after welding; alpha-case removal; galvanic isolation; CMM final inspection,Occurrence transform and named parent path in both authoring inventories.,"See connection register, motion-track register, and analysis applicability matrix; unpublished mission loads remain NOT CALCULABLE.",NOT DETERMINABLE FROM CONTROLLED INPUTS,DEFINED_PERMANENT_JOINT (DOF 0),Endpoint and 0-80 degree exact-Boolean registers; occurrence-specific margin not otherwise stated.,REQUIRES RELEASE DRAWING OR SUPPLIER DRAWING; NOT RELEASED,Modeled access only; physical tool-access verification required.,See assembly/service/reset instructions; physical trial required.,Ti-6Al-4V; ASTM B600 clean/passivate; drawing-controlled surface finish,0.03107333460038692 kg each; exact occurrence allocation in mass report.,"Mass, motion/interference, interface, environment, manufacturing; additional load analysis as applicable.",,DIGITAL DEFINITION PRESENT; RELEASE QUALIFICATION NOT ESTABLISHED
AFT_PRIMARY_LOAD-PATH_LONGERON_AFT_TI,DF8-SHORT14-AFT-LONGERON-AFT-001,AFT PRIMARY LOAD-PATH LONGERON AFT,3,Shortened_Aft_Body_External_Buoy_Assembly/Shortened_Aft_Structure_Assembly/AFT_PRIMARY_LOAD-PATH_LONGERON_AFT_TI_01: X 10.263..13.992 mm; Y 19.179..22.687 mm; Z 1617.000..1663.400 mm | Shortened_Aft_Body_External_Buoy_Assembly/Shortened_Aft_Structure_Assembly/AFT_PRIMARY_LOAD-PATH_LONGERON_AFT_TI_02: X -25.350..-22.957 mm; Y -1.548..1.548 mm; Z 1617.000..1663.400 mm | Shortened_Aft_Body_External_Buoy_Assembly/Shortened_Aft_Structure_Assembly/AFT_PRIMARY_LOAD-PATH_LONGERON_AFT_TI_03: X 10.263..13.992 mm; Y -22.687..-19.179 mm; Z 1617.000..1663.400 mm,5-axis mill; qualified longitudinal shell weld; Ti-6Al-4V Grade 5 certified product form; heat/lot CoC; qualified argon-purged WPS where welded; PT after welding; alpha-case removal; galvanic isolation; CMM final inspection,Occurrence transform and named parent path in both authoring inventories.,"See connection register, motion-track register, and analysis applicability matrix; unpublished mission loads remain NOT CALCULABLE.",NOT DETERMINABLE FROM CONTROLLED INPUTS,DEFINED_PERMANENT_JOINT (DOF 0),Endpoint and 0-80 degree exact-Boolean registers; occurrence-specific margin not otherwise stated.,REQUIRES RELEASE DRAWING OR SUPPLIER DRAWING; NOT RELEASED,Modeled access only; physical tool-access verification required.,See assembly/service/reset instructions; physical trial required.,Ti-6Al-4V; ASTM B600 clean/passivate; drawing-controlled surface finish,0.0014266960518677578 kg each; exact occurrence allocation in mass report.,"Mass, motion/interference, interface, environment, manufacturing; additional load analysis as applicable.",,DIGITAL DEFINITION PRESENT; RELEASE QUALIFICATION NOT ESTABLISHED
AFT_PRIMARY_LOAD-PATH_LONGERON_FWD_TI,DF8-SHORT14-AFT-LONGERON-FWD-001,AFT PRIMARY LOAD-PATH LONGERON FWD,3,Shortened_Aft_Body_External_Buoy_Assembly/Shortened_Aft_Structure_Assembly/AFT_PRIMARY_LOAD-PATH_LONGERON_FWD_TI_01: X 10.263..13.992 mm; Y 19.179..22.687 mm; Z 741.400..1609.000 mm | Shortened_Aft_Body_External_Buoy_Assembly/Shortened_Aft_Structure_Assembly/AFT_PRIMARY_LOAD-PATH_LONGERON_FWD_TI_02: X -25.350..-22.957 mm; Y -1.548..1.548 mm; Z 741.400..1609.000 mm | Shortened_Aft_Body_External_Buoy_Assembly/Shortened_Aft_Structure_Assembly/AFT_PRIMARY_LOAD-PATH_LONGERON_FWD_TI_03: X 10.263..13.992 mm; Y -22.687..-19.179 mm; Z 741.400..1609.000 mm,5-axis mill; qualified longitudinal shell weld; Ti-6Al-4V Grade 5 certified product form; heat/lot CoC; qualified argon-purged WPS where welded; PT after welding; alpha-case removal; galvanic isolation; CMM final inspection,Occurrence transform and named parent path in both authoring inventories.,"See connection register, motion-track register, and analysis applicability matrix; unpublished mission loads remain NOT CALCULABLE.",NOT DETERMINABLE FROM CONTROLLED INPUTS,DEFINED_PERMANENT_JOINT (DOF 0),Endpoint and 0-80 degree exact-Boolean registers; occurrence-specific margin not otherwise stated.,REQUIRES RELEASE DRAWING OR SUPPLIER DRAWING; NOT RELEASED,Modeled access only; physical tool-access verification required.,See assembly/service/reset instructions; physical trial required.,Ti-6Al-4V; ASTM B600 clean/passivate; drawing-controlled surface finish,0.02667675634914794 kg each; exact occurrence allocation in mass report.,"Mass, motion/interference, interface, environment, manufacturing; additional load analysis as applicable.",,DIGITAL DEFINITION PRESENT; RELEASE QUALIFICATION NOT ESTABLISHED
SHORTENED_AFT_GRADE-9_TITANIUM_SHELL_CLOSURE_SEGMENT_TI,DF8-SHORT14-AFT-SHELL-CLOSURE-001,SHORTENED AFT GRADE-9 TITANIUM SHELL CLOSURE SEGMENT,1,Shortened_Aft_Body_External_Buoy_Assembly/Shortened_Aft_Structure_Assembly/SHORTENED_AFT_GRADE-9_TITANIUM_SHELL_CLOSURE_SEGMENT_TI: X -26.500..26.500 mm; Y -26.500..26.500 mm; Z 1617.000..1663.400 mm,Rounded +X exit continues through the aft shell segment without interrupting the three primary longerons.,Occurrence transform and named parent path in both authoring inventories.,"See connection register, motion-track register, and analysis applicability matrix; unpublished mission loads remain NOT CALCULABLE.",NOT DETERMINABLE FROM CONTROLLED INPUTS,DEFINED_PERMANENT_JOINT (DOF 0),Endpoint and 0-80 degree exact-Boolean registers; occurrence-specific margin not otherwise stated.,REQUIRES RELEASE DRAWING OR SUPPLIER DRAWING; NOT RELEASED,Modeled access only; physical tool-access verification required.,See assembly/service/reset instructions; physical trial required.,Ti-3Al-2.5V Grade 9; ASTM B600 clean/passivate; drawing-controlled shell finish,0.03782690138875042 kg each; exact occurrence allocation in mass report.,"Mass, motion/interference, interface, environment, manufacturing; additional load analysis as applicable.",Rounded +X exit continues through the aft shell segment without interrupting the three primary longerons.,DIGITAL DEFINITION PRESENT; RELEASE QUALIFICATION NOT ESTABLISHED
SHORTENED_AFT_GRADE-9_TITANIUM_SHELL_FORWARD_SEGMENT_TI,DF8-SHORT14-AFT-SHELL-FORWARD-001,SHORTENED AFT GRADE-9 TITANIUM SHELL FORWARD SEGMENT,1,Shortened_Aft_Body_External_Buoy_Assembly/Shortened_Aft_Structure_Assembly/SHORTENED_AFT_GRADE-9_TITANIUM_SHELL_FORWARD_SEGMENT_TI: X -26.500..26.500 mm; Y -26.500..26.500 mm; Z 741.400..1609.000 mm,Rounded +X exit prevents structural tether and body-thimble contact with the shell edge.,Occurrence transform and named parent path in both authoring inventories.,"See connection register, motion-track register, and analysis applicability matrix; unpublished mission loads remain NOT CALCULABLE.",NOT DETERMINABLE FROM CONTROLLED INPUTS,DEFINED_PERMANENT_JOINT (DOF 0),Endpoint and 0-80 degree exact-Boolean registers; occurrence-specific margin not otherwise stated.,REQUIRES RELEASE DRAWING OR SUPPLIER DRAWING; NOT RELEASED,Modeled access only; physical tool-access verification required.,See assembly/service/reset instructions; physical trial required.,Ti-3Al-2.5V Grade 9; ASTM B600 clean/passivate; drawing-controlled shell finish,0.7273446071334247 kg each; exact occurrence allocation in mass report.,"Mass, motion/interference, interface, environment, manufacturing; additional load analysis as applicable.",Rounded +X exit prevents structural tether and body-thimble contact with the shell edge.,DIGITAL DEFINITION PRESENT; RELEASE QUALIFICATION NOT ESTABLISHED
378.206_MM_PIVOT-TO-TIP_SHORTENED_ARM_BLADE_WITH_CONTROLLED_ROUNDED_TIP_TI,DF8-SHORT14-ARM-BLADE-001,378.206 MM PIVOT-TO-TIP SHORTENED ARM BLADE WITH CONTROLLED ROUNDED TIP,3,Arm_Activation_Powertrain_Assembly/Arm_Deployment_Assembly_01/378.206_MM_PIVOT-TO-TIP_SHORTENED_ARM_BLADE_WITH_CONTROLLED_ROUNDED_TIP_TI_01: X 11.800..28.200 mm; Y -6.859..6.859 mm; Z 344.900..733.206 mm | Arm_Activation_Powertrain_Assembly/Arm_Deployment_Assembly_02/378.206_MM_PIVOT-TO-TIP_SHORTENED_ARM_BLADE_WITH_CONTROLLED_ROUNDED_TIP_TI_02: X -18.738..-0.877 mm; Y 7.319..26.722 mm; Z 344.900..733.206 mm | Arm_Activation_Powertrain_Assembly/Arm_Deployment_Assembly_03/378.206_MM_PIVOT-TO-TIP_SHORTENED_ARM_BLADE_WITH_CONTROLLED_ROUNDED_TIP_TI_03: X -18.738..-0.877 mm; Y -26.722..-7.319 mm; Z 344.900..733.206 mm,"Root, pivot, link, stop, lock and retention interfaces are source-derived. PHYSICAL FABRIC-ENGAGEMENT AND RETENTION TEST REQUIRED.",Occurrence transform and named parent path in both authoring inventories.,"See connection register, motion-track register, and analysis applicability matrix; unpublished mission loads remain NOT CALCULABLE.",NOT DETERMINABLE FROM CONTROLLED INPUTS,REVOLUTE (DOF 1 ROTATION ABOUT 8 MM PIVOT),Endpoint and 0-80 degree exact-Boolean registers; occurrence-specific margin not otherwise stated.,REQUIRES RELEASE DRAWING OR SUPPLIER DRAWING; NOT RELEASED,Modeled access only; physical tool-access verification required.,See assembly/service/reset instructions; physical trial required.,Ti-6Al-4V; ASTM B600 clean/passivate; drawing-controlled surface finish,0.06444988175252296 kg each; exact occurrence allocation in mass report.,"Mass, motion/interference, interface, environment, manufacturing; additional load analysis as applicable.","Root, pivot, link, stop, lock and retention interfaces are source-derived. PHYSICAL FABRIC-ENGAGEMENT AND RETENTION TEST REQUIRED.",DIGITAL DEFINITION PRESENT; RELEASE QUALIFICATION NOT ESTABLISHED
SHORTENED_PRIMARY_ARM-MODULE_LONGERON_TI,DF8-SHORT14-ARM-LONGERON-001,SHORTENED PRIMARY ARM-MODULE LONGERON,2,Arm_Activation_Powertrain_Assembly/SHORTENED_PRIMARY_ARM-MODULE_LONGERON_TI_01: X 5.953..17.112 mm; Y 16.263..23.375 mm; Z 344.000..733.400 mm | Arm_Activation_Powertrain_Assembly/SHORTENED_PRIMARY_ARM-MODULE_LONGERON_TI_02: X -24.200..-22.216 mm; Y -6.263..6.263 mm; Z 344.000..733.400 mm,5-axis mill and jig bore; Ti-6Al-4V Grade 5 certified product form; heat/lot CoC; qualified argon-purged WPS where welded; PT after welding; alpha-case removal; galvanic isolation; CMM final inspection,Occurrence transform and named parent path in both authoring inventories.,"See connection register, motion-track register, and analysis applicability matrix; unpublished mission loads remain NOT CALCULABLE.",NOT DETERMINABLE FROM CONTROLLED INPUTS,WELDED_BETWEEN_ROUTE_RINGS (DOF 0),Endpoint and 0-80 degree exact-Boolean registers; occurrence-specific margin not otherwise stated.,REQUIRES RELEASE DRAWING OR SUPPLIER DRAWING; NOT RELEASED,Modeled access only; physical tool-access verification required.,See assembly/service/reset instructions; physical trial required.,Ti-6Al-4V; ASTM B600 clean/passivate; drawing-controlled surface finish,0.02557947017485575 kg each; exact occurrence allocation in mass report.,"Mass, motion/interference, interface, environment, manufacturing; additional load analysis as applicable.",,DIGITAL DEFINITION PRESENT; RELEASE QUALIFICATION NOT ESTABLISHED
SHORT-ARM_MODULE_AFT_STRUCTURAL_TERMINATION_RING_TI,DF8-SHORT14-ARM-TERMINATION-RING-001,SHORT-ARM MODULE AFT STRUCTURAL TERMINATION RING,1,Arm_Activation_Powertrain_Assembly/SHORT-ARM_MODULE_AFT_STRUCTURAL_TERMINATION_RING_TI: X -25.300..25.300 mm; Y -25.300..25.300 mm; Z 733.400..741.400 mm,Mill-turn; machine three longeron and stow-guide lands; CMM inspect,Occurrence transform and named parent path in both authoring inventories.,"See connection register, motion-track register, and analysis applicability matrix; unpublished mission loads remain NOT CALCULABLE.",NOT DETERMINABLE FROM CONTROLLED INPUTS,LASER_WELDED_RING_JOINT (DOF 0),Endpoint and 0-80 degree exact-Boolean registers; occurrence-specific margin not otherwise stated.,REQUIRES RELEASE DRAWING OR SUPPLIER DRAWING; NOT RELEASED,Modeled access only; physical tool-access verification required.,See assembly/service/reset instructions; physical trial required.,Ti-6Al-4V; ASTM B600 clean/passivate; drawing-controlled surface finish,0.028944490434771264 kg each; exact occurrence allocation in mass report.,"Mass, motion/interference, interface, environment, manufacturing; additional load analysis as applicable.",,DIGITAL DEFINITION PRESENT; RELEASE QUALIFICATION NOT ESTABLISHED
SHORTENED_FIXED_SECTOR_3_WITH_BACKUP-GUIDE_ACCESS_TI,DF8-SHORT14-BACKUP-ACCESS-FIXED-SECTOR-003,SHORTENED FIXED SECTOR 3 WITH BACKUP-GUIDE ACCESS,1,Arm_Activation_Powertrain_Assembly/SHORTENED_FIXED_SECTOR_3_WITH_BACKUP-GUIDE_ACCESS_TI: X 0.422..24.429 mm; Y -28.496..-12.464 mm; Z 344.000..733.400 mm,Hot form; 5-axis trim; occurrence-match mill two inward-open M3 head pockets; Ti-6Al-4V Grade 5 certified product form; heat/lot CoC; qualified argon-purged WPS where welded; PT after welding; alpha-case removal; galvanic isolation; CMM final inspection,Occurrence transform and named parent path in both authoring inventories.,"See connection register, motion-track register, and analysis applicability matrix; unpublished mission loads remain NOT CALCULABLE.",NOT DETERMINABLE FROM CONTROLLED INPUTS,WELDED_TO_LONGERON (DOF 0),Endpoint and 0-80 degree exact-Boolean registers; occurrence-specific margin not otherwise stated.,REQUIRES RELEASE DRAWING OR SUPPLIER DRAWING; NOT RELEASED,Modeled access only; physical tool-access verification required.,See assembly/service/reset instructions; physical trial required.,Ti-6Al-4V; ASTM B600 clean/passivate; drawing-controlled surface finish,0.17708072899000055 kg each; exact occurrence allocation in mass report.,"Mass, motion/interference, interface, environment, manufacturing; additional load analysis as applicable.",,DIGITAL DEFINITION PRESENT; RELEASE QUALIFICATION NOT ESTABLISHED
SHORTENED_PRIMARY_LONGERON_3_WITH_BACKUP-GUIDE_BORES_TI,DF8-SHORT14-BACKUP-GUIDE-LONGERON-003,SHORTENED PRIMARY LONGERON 3 WITH BACKUP-GUIDE BORES,1,Arm_Activation_Powertrain_Assembly/SHORTENED_PRIMARY_LONGERON_3_WITH_BACKUP-GUIDE_BORES_TI: X 5.953..17.112 mm; Y -23.375..-16.263 mm; Z 344.000..733.400 mm,5-axis mill; jig bore routes; drill 2X radial M3 clearance; Ti-6Al-4V Grade 5 certified product form; heat/lot CoC; qualified argon-purged WPS where welded; PT after welding; alpha-case removal; galvanic isolation; CMM final inspection,Occurrence transform and named parent path in both authoring inventories.,"See connection register, motion-track register, and analysis applicability matrix; unpublished mission loads remain NOT CALCULABLE.",NOT DETERMINABLE FROM CONTROLLED INPUTS,WELDED_BETWEEN_ROUTE_RINGS (DOF 0),Endpoint and 0-80 degree exact-Boolean registers; occurrence-specific margin not otherwise stated.,REQUIRES RELEASE DRAWING OR SUPPLIER DRAWING; NOT RELEASED,Modeled access only; physical tool-access verification required.,See assembly/service/reset instructions; physical trial required.,Ti-6Al-4V; ASTM B600 clean/passivate; drawing-controlled surface finish,0.02536196076122347 kg each; exact occurrence allocation in mass report.,"Mass, motion/interference, interface, environment, manufacturing; additional load analysis as applicable.",,DIGITAL DEFINITION PRESENT; RELEASE QUALIFICATION NOT ESTABLISHED
BALLAST-AFT-FACE_TO_ARM-CARRIER_STRUCTURAL_TRANSITION_RING_TI,DF8-SHORT14-BALLAST-CARRIER-TRANSITION-RING-001,BALLAST-AFT-FACE TO ARM-CARRIER STRUCTURAL TRANSITION RING,1,Forward_Body_Assembly/BALLAST-AFT-FACE_TO_ARM-CARRIER_STRUCTURAL_TRANSITION_RING_TI: X -25.300..25.300 mm; Y -26.054..26.054 mm; Z 336.000..344.000 mm,FORWARD_BALLAST_AFT_FACE is the exact BALLAST-001 planar face at Z=336.000 mm; ring spans Z=336.000..344.000 mm. Continuous corridors conservatively contain the exact source-derived 5-degree probe envelope from 0..55 degrees; the independent 1-degree motion gate remains the acceptance authority.,Occurrence transform and named parent path in both authoring inventories.,"See connection register, motion-track register, and analysis applicability matrix; unpublished mission loads remain NOT CALCULABLE.",NOT DETERMINABLE FROM CONTROLLED INPUTS,LASER_WELDED_RING_JOINT (DOF 0),Endpoint and 0-80 degree exact-Boolean registers; occurrence-specific margin not otherwise stated.,REQUIRES RELEASE DRAWING OR SUPPLIER DRAWING; NOT RELEASED,Modeled access only; physical tool-access verification required.,See assembly/service/reset instructions; physical trial required.,Ti-6Al-4V; ASTM B600 clean/passivate; drawing-controlled surface finish,0.025715400129644583 kg each; exact occurrence allocation in mass report.,"Mass, motion/interference, interface, environment, manufacturing; additional load analysis as applicable.",FORWARD_BALLAST_AFT_FACE is the exact BALLAST-001 planar face at Z=336.000 mm; ring spans Z=336.000..344.000 mm. Continuous corridors conservatively contain the exact source-derived 5-degree probe envelope from 0..55 degrees; the independent 1-degree motion gate remains the acceptance authority.,DIGITAL DEFINITION PRESENT; RELEASE QUALIFICATION NOT ESTABLISHED
BUOY-MOUNTED_INLET_MANIFOLD_WITH_INFLATOR_THREAD_INTERFACE_SS,DF8-SHORT14-BUOY-INLET-MANIFOLD-001,BUOY-MOUNTED INLET MANIFOLD WITH INFLATOR THREAD INTERFACE,1,Shortened_Aft_Body_External_Buoy_Assembly/Buoy_Mounted_Automatic_Manual_Inflation_Assembly/BUOY-MOUNTED_INLET_MANIFOLD_WITH_INFLATOR_THREAD_INTERFACE_SS: X 44.000..55.000 mm; Y -5.200..5.200 mm; Z 1482.800..1493.200 mm,Swiss turn; passivate; RF-patch clamp and leak proof; Certified stainless product form/condition; heat/lot CoC; qualified weld/braze procedure where applicable; ASTM A967 passivation; PT of pressure welds; dimensional inspection,Occurrence transform and named parent path in both authoring inventories.,"See connection register, motion-track register, and analysis applicability matrix; unpublished mission loads remain NOT CALCULABLE.",NOT DETERMINABLE FROM CONTROLLED INPUTS,CLAMPED_AND_RF_PATCH_CAPTURED (DOF LATER_PHASE_BUOY_MOTION),Endpoint and 0-80 degree exact-Boolean registers; occurrence-specific margin not otherwise stated.,REQUIRES RELEASE DRAWING OR SUPPLIER DRAWING; NOT RELEASED,Modeled access only; physical tool-access verification required.,See assembly/service/reset instructions; physical trial required.,316 stainless steel; ASTM A967 passivated; rope-contact and seal surfaces polished per drawing,0.004987341169426868 kg each; exact occurrence allocation in mass report.,"Mass, motion/interference, interface, environment, manufacturing; additional load analysis as applicable.",,DIGITAL DEFINITION PRESENT; RELEASE QUALIFICATION NOT ESTABLISHED
BUOY_INLET_RF-WELDED_REINFORCEMENT_PATCH_TPU,DF8-SHORT14-BUOY-INLET-REINFORCEMENT-PATCH-001,BUOY INLET RF-WELDED REINFORCEMENT PATCH,1,Shortened_Aft_Body_External_Buoy_Assembly/Buoy_Mounted_Automatic_Manual_Inflation_Assembly/BUOY_INLET_RF-WELDED_REINFORCEMENT_PATCH_TPU: X 44.400..45.600 mm; Y -29.000..29.000 mm; Z 1453.000..1523.000 mm,"Multi-ply RF weld; leak proof and pull proof; Controlled TPU-coated high-tenacity nylon laminate drawing: substrate denier/weave, areal weight, coating chemistry/thickness and lot CoC; qualified RF-weld schedule; 100% leak and pressure proof; aging coupon",Occurrence transform and named parent path in both authoring inventories.,"See connection register, motion-track register, and analysis applicability matrix; unpublished mission loads remain NOT CALCULABLE.",NOT DETERMINABLE FROM CONTROLLED INPUTS,RF_WELDED_MULTI_PLY_PATCH (DOF FLEXIBLE),Endpoint and 0-80 degree exact-Boolean registers; occurrence-specific margin not otherwise stated.,REQUIRES RELEASE DRAWING OR SUPPLIER DRAWING; NOT RELEASED,Modeled access only; physical tool-access verification required.,See assembly/service/reset instructions; physical trial required.,TPU-coated nylon laminate; Clean RF-welded membrane; trimmed sealed edges,0.026 kg each; exact occurrence allocation in mass report.,"Mass, motion/interference, interface, environment, manufacturing; additional load analysis as applicable.",,DIGITAL DEFINITION PRESENT; RELEASE QUALIFICATION NOT ESTABLISHED
60_L_BUOY_PANEL_01_WITH_PACKED-ENVELOPE_AND_DEPLOYED-GORE_STATES_TPU,DF8-SHORT14-BUOY-PANEL-01,60 L BUOY PANEL 01 WITH PACKED-ENVELOPE AND DEPLOYED-GORE STATES,1,Shortened_Aft_Body_External_Buoy_Assembly/Aft_Buoy_Breakaway_Wrap_CORDURA/60_L_BUOY_PANEL_01_WITH_PACKED-ENVELOPE_AND_DEPLOYED-GORE_STATES_TPU: X 39.264..44.200 mm; Y -16.199..16.199 mm; Z 1387.000..1587.000 mm,Packed state is Buoy_Packed_Softgoods_Envelope_PROXY; deployed state is a thin closed exact gore solid.,Occurrence transform and named parent path in both authoring inventories.,"See connection register, motion-track register, and analysis applicability matrix; unpublished mission loads remain NOT CALCULABLE.",NOT DETERMINABLE FROM CONTROLLED INPUTS,RF_WELDED_GORE_SEAMS (DOF FLEXIBLE MEMBRANE),Endpoint and 0-80 degree exact-Boolean registers; occurrence-specific margin not otherwise stated.,REQUIRES RELEASE DRAWING OR SUPPLIER DRAWING; NOT RELEASED,Modeled access only; physical tool-access verification required.,See assembly/service/reset instructions; physical trial required.,TPU-coated nylon; Clean RF-welded membrane; trimmed sealed edges,0.02375 kg each; exact occurrence allocation in mass report.,"Mass, motion/interference, interface, environment, manufacturing; additional load analysis as applicable.",Packed state is Buoy_Packed_Softgoods_Envelope_PROXY; deployed state is a thin closed exact gore solid.,DIGITAL DEFINITION PRESENT; RELEASE QUALIFICATION NOT ESTABLISHED
60_L_BUOY_PANEL_02_WITH_PACKED-ENVELOPE_AND_DEPLOYED-GORE_STATES_TPU,DF8-SHORT14-BUOY-PANEL-02,60 L BUOY PANEL 02 WITH PACKED-ENVELOPE AND DEPLOYED-GORE STATES,1,Shortened_Aft_Body_External_Buoy_Assembly/Aft_Buoy_Breakaway_Wrap_CORDURA/60_L_BUOY_PANEL_02_WITH_PACKED-ENVELOPE_AND_DEPLOYED-GORE_STATES_TPU: X 16.827..40.534 mm; Y 16.827..40.534 mm; Z 1387.000..1587.000 mm,Packed state is Buoy_Packed_Softgoods_Envelope_PROXY; deployed state is a thin closed exact gore solid.,Occurrence transform and named parent path in both authoring inventories.,"See connection register, motion-track register, and analysis applicability matrix; unpublished mission loads remain NOT CALCULABLE.",NOT DETERMINABLE FROM CONTROLLED INPUTS,RF_WELDED_GORE_SEAMS (DOF FLEXIBLE MEMBRANE),Endpoint and 0-80 degree exact-Boolean registers; occurrence-specific margin not otherwise stated.,REQUIRES RELEASE DRAWING OR SUPPLIER DRAWING; NOT RELEASED,Modeled access only; physical tool-access verification required.,See assembly/service/reset instructions; physical trial required.,TPU-coated nylon; Clean RF-welded membrane; trimmed sealed edges,0.02375 kg each; exact occurrence allocation in mass report.,"Mass, motion/interference, interface, environment, manufacturing; additional load analysis as applicable.",Packed state is Buoy_Packed_Softgoods_Envelope_PROXY; deployed state is a thin closed exact gore solid.,DIGITAL DEFINITION PRESENT; RELEASE QUALIFICATION NOT ESTABLISHED
60_L_BUOY_PANEL_03_WITH_PACKED-ENVELOPE_AND_DEPLOYED-GORE_STATES_TPU,DF8-SHORT14-BUOY-PANEL-03,60 L BUOY PANEL 03 WITH PACKED-ENVELOPE AND DEPLOYED-GORE STATES,1,Shortened_Aft_Body_External_Buoy_Assembly/Aft_Buoy_Breakaway_Wrap_CORDURA/60_L_BUOY_PANEL_03_WITH_PACKED-ENVELOPE_AND_DEPLOYED-GORE_STATES_TPU: X -16.199..16.199 mm; Y 39.264..44.200 mm; Z 1387.000..1587.000 mm,Packed state is Buoy_Packed_Softgoods_Envelope_PROXY; deployed state is a thin closed exact gore solid.,Occurrence transform and named parent path in both authoring inventories.,"See connection register, motion-track register, and analysis applicability matrix; unpublished mission loads remain NOT CALCULABLE.",NOT DETERMINABLE FROM CONTROLLED INPUTS,RF_WELDED_GORE_SEAMS (DOF FLEXIBLE MEMBRANE),Endpoint and 0-80 degree exact-Boolean registers; occurrence-specific margin not otherwise stated.,REQUIRES RELEASE DRAWING OR SUPPLIER DRAWING; NOT RELEASED,Modeled access only; physical tool-access verification required.,See assembly/service/reset instructions; physical trial required.,TPU-coated nylon; Clean RF-welded membrane; trimmed sealed edges,0.02375 kg each; exact occurrence allocation in mass report.,"Mass, motion/interference, interface, environment, manufacturing; additional load analysis as applicable.",Packed state is Buoy_Packed_Softgoods_Envelope_PROXY; deployed state is a thin closed exact gore solid.,DIGITAL DEFINITION PRESENT; RELEASE QUALIFICATION NOT ESTABLISHED
60_L_BUOY_PANEL_04_WITH_PACKED-ENVELOPE_AND_DEPLOYED-GORE_STATES_TPU,DF8-SHORT14-BUOY-PANEL-04,60 L BUOY PANEL 04 WITH PACKED-ENVELOPE AND DEPLOYED-GORE STATES,1,Shortened_Aft_Body_External_Buoy_Assembly/Aft_Buoy_Breakaway_Wrap_CORDURA/60_L_BUOY_PANEL_04_WITH_PACKED-ENVELOPE_AND_DEPLOYED-GORE_STATES_TPU: X -40.534..-16.827 mm; Y 16.827..40.534 mm; Z 1387.000..1587.000 mm,Packed state is Buoy_Packed_Softgoods_Envelope_PROXY; deployed state is a thin closed exact gore solid.,Occurrence transform and named parent path in both authoring inventories.,"See connection register, motion-track register, and analysis applicability matrix; unpublished mission loads remain NOT CALCULABLE.",NOT DETERMINABLE FROM CONTROLLED INPUTS,RF_WELDED_GORE_SEAMS (DOF FLEXIBLE MEMBRANE),Endpoint and 0-80 degree exact-Boolean registers; occurrence-specific margin not otherwise stated.,REQUIRES RELEASE DRAWING OR SUPPLIER DRAWING; NOT RELEASED,Modeled access only; physical tool-access verification required.,See assembly/service/reset instructions; physical trial required.,TPU-coated nylon; Clean RF-welded membrane; trimmed sealed edges,0.02375 kg each; exact occurrence allocation in mass report.,"Mass, motion/interference, interface, environment, manufacturing; additional load analysis as applicable.",Packed state is Buoy_Packed_Softgoods_Envelope_PROXY; deployed state is a thin closed exact gore solid.,DIGITAL DEFINITION PRESENT; RELEASE QUALIFICATION NOT ESTABLISHED
60_L_BUOY_PANEL_05_WITH_PACKED-ENVELOPE_AND_DEPLOYED-GORE_STATES_TPU,DF8-SHORT14-BUOY-PANEL-05,60 L BUOY PANEL 05 WITH PACKED-ENVELOPE AND DEPLOYED-GORE STATES,1,Shortened_Aft_Body_External_Buoy_Assembly/Aft_Buoy_Breakaway_Wrap_CORDURA/60_L_BUOY_PANEL_05_WITH_PACKED-ENVELOPE_AND_DEPLOYED-GORE_STATES_TPU: X -44.200..-39.264 mm; Y -16.199..16.199 mm; Z 1387.000..1587.000 mm,Packed state is Buoy_Packed_Softgoods_Envelope_PROXY; deployed state is a thin closed exact gore solid.,Occurrence transform and named parent path in both authoring inventories.,"See connection register, motion-track register, and analysis applicability matrix; unpublished mission loads remain NOT CALCULABLE.",NOT DETERMINABLE FROM CONTROLLED INPUTS,RF_WELDED_GORE_SEAMS (DOF FLEXIBLE MEMBRANE),Endpoint and 0-80 degree exact-Boolean registers; occurrence-specific margin not otherwise stated.,REQUIRES RELEASE DRAWING OR SUPPLIER DRAWING; NOT RELEASED,Modeled access only; physical tool-access verification required.,See assembly/service/reset instructions; physical trial required.,TPU-coated nylon; Clean RF-welded membrane; trimmed sealed edges,0.02375 kg each; exact occurrence allocation in mass report.,"Mass, motion/interference, interface, environment, manufacturing; additional load analysis as applicable.",Packed state is Buoy_Packed_Softgoods_Envelope_PROXY; deployed state is a thin closed exact gore solid.,DIGITAL DEFINITION PRESENT; RELEASE QUALIFICATION NOT ESTABLISHED
60_L_BUOY_PANEL_06_WITH_PACKED-ENVELOPE_AND_DEPLOYED-GORE_STATES_TPU,DF8-SHORT14-BUOY-PANEL-06,60 L BUOY PANEL 06 WITH PACKED-ENVELOPE AND DEPLOYED-GORE STATES,1,Shortened_Aft_Body_External_Buoy_Assembly/Aft_Buoy_Breakaway_Wrap_CORDURA/60_L_BUOY_PANEL_06_WITH_PACKED-ENVELOPE_AND_DEPLOYED-GORE_STATES_TPU: X -40.534..-16.827 mm; Y -40.534..-16.827 mm; Z 1387.000..1587.000 mm,Packed state is Buoy_Packed_Softgoods_Envelope_PROXY; deployed state is a thin closed exact gore solid.,Occurrence transform and named parent path in both authoring inventories.,"See connection register, motion-track register, and analysis applicability matrix; unpublished mission loads remain NOT CALCULABLE.",NOT DETERMINABLE FROM CONTROLLED INPUTS,RF_WELDED_GORE_SEAMS (DOF FLEXIBLE MEMBRANE),Endpoint and 0-80 degree exact-Boolean registers; occurrence-specific margin not otherwise stated.,REQUIRES RELEASE DRAWING OR SUPPLIER DRAWING; NOT RELEASED,Modeled access only; physical tool-access verification required.,See assembly/service/reset instructions; physical trial required.,TPU-coated nylon; Clean RF-welded membrane; trimmed sealed edges,0.02375 kg each; exact occurrence allocation in mass report.,"Mass, motion/interference, interface, environment, manufacturing; additional load analysis as applicable.",Packed state is Buoy_Packed_Softgoods_Envelope_PROXY; deployed state is a thin closed exact gore solid.,DIGITAL DEFINITION PRESENT; RELEASE QUALIFICATION NOT ESTABLISHED
60_L_BUOY_PANEL_07_WITH_PACKED-ENVELOPE_AND_DEPLOYED-GORE_STATES_TPU,DF8-SHORT14-BUOY-PANEL-07,60 L BUOY PANEL 07 WITH PACKED-ENVELOPE AND DEPLOYED-GORE STATES,1,Shortened_Aft_Body_External_Buoy_Assembly/Aft_Buoy_Breakaway_Wrap_CORDURA/60_L_BUOY_PANEL_07_WITH_PACKED-ENVELOPE_AND_DEPLOYED-GORE_STATES_TPU: X -16.199..16.199 mm; Y -44.200..-39.264 mm; Z 1387.000..1587.000 mm,Packed state is Buoy_Packed_Softgoods_Envelope_PROXY; deployed state is a thin closed exact gore solid.,Occurrence transform and named parent path in both authoring inventories.,"See connection register, motion-track register, and analysis applicability matrix; unpublished mission loads remain NOT CALCULABLE.",NOT DETERMINABLE FROM CONTROLLED INPUTS,RF_WELDED_GORE_SEAMS (DOF FLEXIBLE MEMBRANE),Endpoint and 0-80 degree exact-Boolean registers; occurrence-specific margin not otherwise stated.,REQUIRES RELEASE DRAWING OR SUPPLIER DRAWING; NOT RELEASED,Modeled access only; physical tool-access verification required.,See assembly/service/reset instructions; physical trial required.,TPU-coated nylon; Clean RF-welded membrane; trimmed sealed edges,0.02375 kg each; exact occurrence allocation in mass report.,"Mass, motion/interference, interface, environment, manufacturing; additional load analysis as applicable.",Packed state is Buoy_Packed_Softgoods_Envelope_PROXY; deployed state is a thin closed exact gore solid.,DIGITAL DEFINITION PRESENT; RELEASE QUALIFICATION NOT ESTABLISHED
60_L_BUOY_PANEL_08_WITH_PACKED-ENVELOPE_AND_DEPLOYED-GORE_STATES_TPU,DF8-SHORT14-BUOY-PANEL-08,60 L BUOY PANEL 08 WITH PACKED-ENVELOPE AND DEPLOYED-GORE STATES,1,Shortened_Aft_Body_External_Buoy_Assembly/Aft_Buoy_Breakaway_Wrap_CORDURA/60_L_BUOY_PANEL_08_WITH_PACKED-ENVELOPE_AND_DEPLOYED-GORE_STATES_TPU: X 16.827..40.534 mm; Y -40.534..-16.827 mm; Z 1387.000..1587.000 mm,Packed state is Buoy_Packed_Softgoods_Envelope_PROXY; deployed state is a thin closed exact gore solid.,Occurrence transform and named parent path in both authoring inventories.,"See connection register, motion-track register, and analysis applicability matrix; unpublished mission loads remain NOT CALCULABLE.",NOT DETERMINABLE FROM CONTROLLED INPUTS,RF_WELDED_GORE_SEAMS (DOF FLEXIBLE MEMBRANE),Endpoint and 0-80 degree exact-Boolean registers; occurrence-specific margin not otherwise stated.,REQUIRES RELEASE DRAWING OR SUPPLIER DRAWING; NOT RELEASED,Modeled access only; physical tool-access verification required.,See assembly/service/reset instructions; physical trial required.,TPU-coated nylon; Clean RF-welded membrane; trimmed sealed edges,0.02375 kg each; exact occurrence allocation in mass report.,"Mass, motion/interference, interface, environment, manufacturing; additional load analysis as applicable.",Packed state is Buoy_Packed_Softgoods_Envelope_PROXY; deployed state is a thin closed exact gore solid.,DIGITAL DEFINITION PRESENT; RELEASE QUALIFICATION NOT ESTABLISHED
CORDURA_PEEL-OPEN_BREAKAWAY_FLAP_LEFT,DF8-SHORT14-CORDURA-BREAKAWAY-FLAP-LEFT-001,CORDURA PEEL-OPEN BREAKAWAY FLAP LEFT,1,Shortened_Aft_Body_External_Buoy_Assembly/Aft_Buoy_Breakaway_Wrap_CORDURA/CORDURA_PEEL-OPEN_BREAKAWAY_FLAP_LEFT: X -8.196..46.483 mm; Y 7.988..47.200 mm; Z 1368.000..1606.000 mm,"Opened geometry remains attached to cradle; closure is peel-dominant, not full-area shear.",Occurrence transform and named parent path in both authoring inventories.,"See connection register, motion-track register, and analysis applicability matrix; unpublished mission loads remain NOT CALCULABLE.",NOT DETERMINABLE FROM CONTROLLED INPUTS,STITCHED_HINGE_AND_HOOK_LOOP_BREAKAWAY (DOF FLEXIBLE),Endpoint and 0-80 degree exact-Boolean registers; occurrence-specific margin not otherwise stated.,REQUIRES RELEASE DRAWING OR SUPPLIER DRAWING; NOT RELEASED,Modeled access only; physical tool-access verification required.,See assembly/service/reset instructions; physical trial required.,1000D Cordura nylon with polyurethane coating; Per controlled drawing,0.065 kg each; exact occurrence allocation in mass report.,"Mass, motion/interference, interface, environment, manufacturing; additional load analysis as applicable.","Opened geometry remains attached to cradle; closure is peel-dominant, not full-area shear.",DIGITAL DEFINITION PRESENT; RELEASE QUALIFICATION NOT ESTABLISHED
CORDURA_PEEL-OPEN_BREAKAWAY_FLAP_RIGHT,DF8-SHORT14-CORDURA-BREAKAWAY-FLAP-RIGHT-001,CORDURA PEEL-OPEN BREAKAWAY FLAP RIGHT,1,Shortened_Aft_Body_External_Buoy_Assembly/Aft_Buoy_Breakaway_Wrap_CORDURA/CORDURA_PEEL-OPEN_BREAKAWAY_FLAP_RIGHT: X -47.911..8.448 mm; Y 8.240..48.650 mm; Z 1368.000..1606.000 mm,"Opened geometry remains attached to cradle; closure is peel-dominant, not full-area shear.",Occurrence transform and named parent path in both authoring inventories.,"See connection register, motion-track register, and analysis applicability matrix; unpublished mission loads remain NOT CALCULABLE.",NOT DETERMINABLE FROM CONTROLLED INPUTS,STITCHED_HINGE_AND_HOOK_LOOP_BREAKAWAY (DOF FLEXIBLE),Endpoint and 0-80 degree exact-Boolean registers; occurrence-specific margin not otherwise stated.,REQUIRES RELEASE DRAWING OR SUPPLIER DRAWING; NOT RELEASED,Modeled access only; physical tool-access verification required.,See assembly/service/reset instructions; physical trial required.,1000D Cordura nylon with polyurethane coating; Per controlled drawing,0.065 kg each; exact occurrence allocation in mass report.,"Mass, motion/interference, interface, environment, manufacturing; additional load analysis as applicable.","Opened geometry remains attached to cradle; closure is peel-dominant, not full-area shear.",DIGITAL DEFINITION PRESENT; RELEASE QUALIFICATION NOT ESTABLISHED
AFT_BUOY_BREAKAWAY_WRAP_CORDURA_CRADLE_LEFT_PANEL_WITH_DRAINAGE_GAPS,DF8-SHORT14-CORDURA-CRADLE-LEFT-001,AFT BUOY BREAKAWAY WRAP CORDURA CRADLE LEFT PANEL WITH DRAINAGE GAPS,1,Shortened_Aft_Body_External_Buoy_Assembly/Aft_Buoy_Breakaway_Wrap_CORDURA/AFT_BUOY_BREAKAWAY_WRAP_CORDURA_CRADLE_LEFT_PANEL_WITH_DRAINAGE_GAPS: X -43.998..-0.000 mm; Y -45.550..-11.479 mm; Z 1368.000..1606.000 mm,Two-panel closed-solid cradle retains the pack only; it is not in the ultimate recovery load path.,Occurrence transform and named parent path in both authoring inventories.,"See connection register, motion-track register, and analysis applicability matrix; unpublished mission loads remain NOT CALCULABLE.",NOT DETERMINABLE FROM CONTROLLED INPUTS,WEBBING_RETAINED_CRADLE (DOF FLEXIBLE),Endpoint and 0-80 degree exact-Boolean registers; occurrence-specific margin not otherwise stated.,REQUIRES RELEASE DRAWING OR SUPPLIER DRAWING; NOT RELEASED,Modeled access only; physical tool-access verification required.,See assembly/service/reset instructions; physical trial required.,1000D Cordura nylon with polyurethane coating; Per controlled drawing,0.0575 kg each; exact occurrence allocation in mass report.,"Mass, motion/interference, interface, environment, manufacturing; additional load analysis as applicable.",Two-panel closed-solid cradle retains the pack only; it is not in the ultimate recovery load path.,DIGITAL DEFINITION PRESENT; RELEASE QUALIFICATION NOT ESTABLISHED
AFT_BUOY_BREAKAWAY_WRAP_CORDURA_CRADLE_RIGHT_PANEL_WITH_DRAINAGE_GAPS,DF8-SHORT14-CORDURA-CRADLE-RIGHT-001,AFT BUOY BREAKAWAY WRAP CORDURA CRADLE RIGHT PANEL WITH DRAINAGE GAPS,1,Shortened_Aft_Body_External_Buoy_Assembly/Aft_Buoy_Breakaway_Wrap_CORDURA/AFT_BUOY_BREAKAWAY_WRAP_CORDURA_CRADLE_RIGHT_PANEL_WITH_DRAINAGE_GAPS: X -0.000..43.998 mm; Y -45.550..-11.479 mm; Z 1368.000..1606.000 mm,Two-panel closed-solid cradle retains the pack only; it is not in the ultimate recovery load path.,Occurrence transform and named parent path in both authoring inventories.,"See connection register, motion-track register, and analysis applicability matrix; unpublished mission loads remain NOT CALCULABLE.",NOT DETERMINABLE FROM CONTROLLED INPUTS,WEBBING_RETAINED_CRADLE (DOF FLEXIBLE),Endpoint and 0-80 degree exact-Boolean registers; occurrence-specific margin not otherwise stated.,REQUIRES RELEASE DRAWING OR SUPPLIER DRAWING; NOT RELEASED,Modeled access only; physical tool-access verification required.,See assembly/service/reset instructions; physical trial required.,1000D Cordura nylon with polyurethane coating; Per controlled drawing,0.0575 kg each; exact occurrence allocation in mass report.,"Mass, motion/interference, interface, environment, manufacturing; additional load analysis as applicable.",Two-panel closed-solid cradle retains the pack only; it is not in the ultimate recovery load path.,DIGITAL DEFINITION PRESENT; RELEASE QUALIFICATION NOT ESTABLISHED
ONE-PIECE_SIX-CLEVIS_GUIDED_COMMON_CROSSHEAD_WITHOUT_BOOLEAN_DEBRIS_SS,DF8-SHORT14-CROSSHEAD-001,ONE-PIECE SIX-CLEVIS GUIDED COMMON CROSSHEAD WITHOUT BOOLEAN DEBRIS,1,Arm_Activation_Powertrain_Assembly/ONE-PIECE_SIX-CLEVIS_GUIDED_COMMON_CROSSHEAD_WITHOUT_BOOLEAN_DEBRIS_SS: X -19.000..22.200 mm; Y -21.626..21.626 mm; Z 378.526..387.526 mm,Source interface datums retained; two sub-1 mm3 Boolean-debris solids removed and retained cheeks joined inside the source envelope.,Occurrence transform and named parent path in both authoring inventories.,"See connection register, motion-track register, and analysis applicability matrix; unpublished mission loads remain NOT CALCULABLE.",NOT DETERMINABLE FROM CONTROLLED INPUTS,GUIDED_TRANSLATION (DOF 1 AXIAL TRANSLATION),Endpoint and 0-80 degree exact-Boolean registers; occurrence-specific margin not otherwise stated.,REQUIRES RELEASE DRAWING OR SUPPLIER DRAWING; NOT RELEASED,Modeled access only; physical tool-access verification required.,See assembly/service/reset instructions; physical trial required.,17-4PH stainless steel; ASTM A967 passivated; critical bearing surfaces ground,0.01232918785989715 kg each; exact occurrence allocation in mass report.,"Mass, motion/interference, interface, environment, manufacturing; additional load analysis as applicable.",Source interface datums retained; two sub-1 mm3 Boolean-debris solids removed and retained cheeks joined inside the source envelope.,DIGITAL DEFINITION PRESENT; RELEASE QUALIFICATION NOT ESTABLISHED
SHORTENED_ANALYTIC_CYLINDRICAL_FIXED_BODY_SECTOR_TI,DF8-SHORT14-FIXED-SECTOR-001,SHORTENED ANALYTIC CYLINDRICAL FIXED BODY SECTOR,2,Arm_Activation_Powertrain_Assembly/SHORTENED_ANALYTIC_CYLINDRICAL_FIXED_BODY_SECTOR_TI_01: X 0.422..24.429 mm; Y 12.464..28.496 mm; Z 344.000..733.400 mm | Arm_Activation_Powertrain_Assembly/SHORTENED_ANALYTIC_CYLINDRICAL_FIXED_BODY_SECTOR_TI_02: X -28.500..-21.166 mm; Y -13.817..13.817 mm; Z 344.000..733.400 mm,Hot form and 5-axis trim; Ti-6Al-4V Grade 5 certified product form; heat/lot CoC; qualified argon-purged WPS where welded; PT after welding; alpha-case removal; galvanic isolation; CMM final inspection,Occurrence transform and named parent path in both authoring inventories.,"See connection register, motion-track register, and analysis applicability matrix; unpublished mission loads remain NOT CALCULABLE.",NOT DETERMINABLE FROM CONTROLLED INPUTS,WELDED_TO_LONGERON (DOF 0),Endpoint and 0-80 degree exact-Boolean registers; occurrence-specific margin not otherwise stated.,REQUIRES RELEASE DRAWING OR SUPPLIER DRAWING; NOT RELEASED,Modeled access only; physical tool-access verification required.,See assembly/service/reset instructions; physical trial required.,Ti-6Al-4V; ASTM B600 clean/passivate; drawing-controlled surface finish,0.17781369911265105 kg each; exact occurrence allocation in mass report.,"Mass, motion/interference, interface, environment, manufacturing; additional load analysis as applicable.",,DIGITAL DEFINITION PRESENT; RELEASE QUALIFICATION NOT ESTABLISHED
WET-RATED_HOOK_CLOSURE_STRIP,DF8-SHORT14-HOOK-STRIP-001,WET-RATED HOOK CLOSURE STRIP,1,Shortened_Aft_Body_External_Buoy_Assembly/Aft_Buoy_Breakaway_Wrap_CORDURA/WET-RATED_HOOK_CLOSURE_STRIP: X -8.231..4.955 mm; Y 46.483..47.400 mm; Z 1380.000..1594.000 mm,Sew to reinforced flap with peel-axis orientation; Heat/lot CoC; drawing tolerances; deburr; clean; final dimensional inspection,Occurrence transform and named parent path in both authoring inventories.,"See connection register, motion-track register, and analysis applicability matrix; unpublished mission loads remain NOT CALCULABLE.",NOT DETERMINABLE FROM CONTROLLED INPUTS,SEWN_TO_LEFT_FLAP (DOF FLEXIBLE),Endpoint and 0-80 degree exact-Boolean registers; occurrence-specific margin not otherwise stated.,REQUIRES RELEASE DRAWING OR SUPPLIER DRAWING; NOT RELEASED,Modeled access only; physical tool-access verification required.,See assembly/service/reset instructions; physical trial required.,Nylon hook-and-loop; Per controlled drawing,0.012 kg each; exact occurrence allocation in mass report.,"Mass, motion/interference, interface, environment, manufacturing; additional load analysis as applicable.",,DIGITAL DEFINITION PRESENT; RELEASE QUALIFICATION NOT ESTABLISHED
INFLATOR_IMPACT_GUARD_WITH_OPEN_WATER_PATH_TI,DF8-SHORT14-INFLATOR-GUARD-001,INFLATOR IMPACT GUARD WITH OPEN WATER PATH,1,Shortened_Aft_Body_External_Buoy_Assembly/Buoy_Mounted_Automatic_Manual_Inflation_Assembly/INFLATOR_IMPACT_GUARD_WITH_OPEN_WATER_PATH_TI: X 74.500..77.500 mm; Y -15.500..15.500 mm; Z 1458.500..1517.500 mm,Wire form/machine; rounded edges; patch-mounted proof; Ti-6Al-4V Grade 5 certified product form; heat/lot CoC; qualified argon-purged WPS where welded; PT after welding; alpha-case removal; galvanic isolation; CMM final inspection,Occurrence transform and named parent path in both authoring inventories.,"See connection register, motion-track register, and analysis applicability matrix; unpublished mission loads remain NOT CALCULABLE.",NOT DETERMINABLE FROM CONTROLLED INPUTS,PATCH_AND_WEBBING_SUPPORTED (DOF LATER_PHASE_BUOY_MOTION),Endpoint and 0-80 degree exact-Boolean registers; occurrence-specific margin not otherwise stated.,REQUIRES RELEASE DRAWING OR SUPPLIER DRAWING; NOT RELEASED,Modeled access only; physical tool-access verification required.,See assembly/service/reset instructions; physical trial required.,Ti-6Al-4V; ASTM B600 clean/passivate; drawing-controlled surface finish,0.055 kg each; exact occurrence allocation in mass report.,"Mass, motion/interference, interface, environment, manufacturing; additional load analysis as applicable.",,DIGITAL DEFINITION PRESENT; RELEASE QUALIFICATION NOT ESTABLISHED
WET-RATED_LOOP_CLOSURE_STRIP,DF8-SHORT14-LOOP-STRIP-001,WET-RATED LOOP CLOSURE STRIP,1,Shortened_Aft_Body_External_Buoy_Assembly/Aft_Buoy_Breakaway_Wrap_CORDURA/WET-RATED_LOOP_CLOSURE_STRIP: X -8.238..4.959 mm; Y 46.690..47.440 mm; Z 1380.000..1594.000 mm,Sew to reinforced flap with bounded 16-degree overlap; Heat/lot CoC; drawing tolerances; deburr; clean; final dimensional inspection,Occurrence transform and named parent path in both authoring inventories.,"See connection register, motion-track register, and analysis applicability matrix; unpublished mission loads remain NOT CALCULABLE.",NOT DETERMINABLE FROM CONTROLLED INPUTS,SEWN_TO_RIGHT_FLAP (DOF FLEXIBLE),Endpoint and 0-80 degree exact-Boolean registers; occurrence-specific margin not otherwise stated.,REQUIRES RELEASE DRAWING OR SUPPLIER DRAWING; NOT RELEASED,Modeled access only; physical tool-access verification required.,See assembly/service/reset instructions; physical trial required.,Nylon hook-and-loop; Per controlled drawing,0.012 kg each; exact occurrence allocation in mass report.,"Mass, motion/interference, interface, environment, manufacturing; additional load analysis as applicable.",,DIGITAL DEFINITION PRESENT; RELEASE QUALIFICATION NOT ESTABLISHED
MANUAL_INFLATOR_PULL_LANYARD_WITH_MODELED_SLACK_AND_FIRED_TRAVEL_HMPE,DF8-SHORT14-MANUAL-PULL-LANYARD-001,MANUAL INFLATOR PULL LANYARD WITH MODELED SLACK AND FIRED TRAVEL,1,Shortened_Aft_Body_External_Buoy_Assembly/Buoy_Mounted_Automatic_Manual_Inflation_Assembly/MANUAL_INFLATOR_PULL_LANYARD_WITH_MODELED_SLACK_AND_FIRED_TRAVEL_HMPE: X 53.958..84.928 mm; Y -1.200..7.200 mm; Z 1505.405..1543.867 mm,Modeled slack 18.0 mm; required unobstructed fired travel 25.0 mm.,Occurrence transform and named parent path in both authoring inventories.,"See connection register, motion-track register, and analysis applicability matrix; unpublished mission loads remain NOT CALCULABLE.",NOT DETERMINABLE FROM CONTROLLED INPUTS,PINNED_TO_MANUAL_LEVER (DOF FLEXIBLE),Endpoint and 0-80 degree exact-Boolean registers; occurrence-specific margin not otherwise stated.,REQUIRES RELEASE DRAWING OR SUPPLIER DRAWING; NOT RELEASED,Modeled access only; physical tool-access verification required.,See assembly/service/reset instructions; physical trial required.,"HMPE cord; Chafe-protected, heat-sealed and clean",0.008 kg each; exact occurrence allocation in mass report.,"Mass, motion/interference, interface, environment, manufacturing; additional load analysis as applicable.",Modeled slack 18.0 mm; required unobstructed fired travel 25.0 mm.,DIGITAL DEFINITION PRESENT; RELEASE QUALIFICATION NOT ESTABLISHED
GLOVED-HAND_MANUAL_PULL_TAB_WITH_SNAG-RETENTION_KEEPER_TPU,DF8-SHORT14-MANUAL-PULL-TAB-001,GLOVED-HAND MANUAL PULL TAB WITH SNAG-RETENTION KEEPER,1,Shortened_Aft_Body_External_Buoy_Assembly/Buoy_Mounted_Automatic_Manual_Inflation_Assembly/GLOVED-HAND_MANUAL_PULL_TAB_WITH_SNAG-RETENTION_KEEPER_TPU: X 82.000..86.000 mm; Y -17.000..17.000 mm; Z 1532.000..1554.000 mm,Overmold; high-visibility marking; gloved pull and snag test; Controlled rope construction and raw-lot CoC; finished length tolerance; occurrence-specific eye/thimble/ferrule traveler; splice or swage dimensional inspection; finished-article proof load,Occurrence transform and named parent path in both authoring inventories.,"See connection register, motion-track register, and analysis applicability matrix; unpublished mission loads remain NOT CALCULABLE.",NOT DETERMINABLE FROM CONTROLLED INPUTS,LANYARD_EYE_AND_BREAKAWAY_KEEPER (DOF MANUAL 25 MM PULL),Endpoint and 0-80 degree exact-Boolean registers; occurrence-specific margin not otherwise stated.,REQUIRES RELEASE DRAWING OR SUPPLIER DRAWING; NOT RELEASED,Modeled access only; physical tool-access verification required.,See assembly/service/reset instructions; physical trial required.,"TPU overmold on HMPE webbing; Chafe-protected, heat-sealed and clean",0.018 kg each; exact occurrence allocation in mass report.,"Mass, motion/interference, interface, environment, manufacturing; additional load analysis as applicable.",,DIGITAL DEFINITION PRESENT; RELEASE QUALIFICATION NOT ESTABLISHED
LOW-PROFILE_PACK_ATTACHMENT_COLLAR_WITHIN_57.15_MM_RIGID_LIMIT_TI,DF8-SHORT14-PACK-ATTACHMENT-COLLAR-001,LOW-PROFILE PACK ATTACHMENT COLLAR WITHIN 57.15 MM RIGID LIMIT,2,Shortened_Aft_Body_External_Buoy_Assembly/Shortened_Aft_Structure_Assembly/LOW-PROFILE_PACK_ATTACHMENT_COLLAR_WITHIN_57.15_MM_RIGID_LIMIT_TI_01: X -28.250..28.250 mm; Y -28.250..28.250 mm; Z 1380.000..1384.000 mm | Shortened_Aft_Body_External_Buoy_Assembly/Shortened_Aft_Structure_Assembly/LOW-PROFILE_PACK_ATTACHMENT_COLLAR_WITHIN_57.15_MM_RIGID_LIMIT_TI_02: X -28.250..28.250 mm; Y -28.250..28.250 mm; Z 1590.000..1594.000 mm,Split-ring machine; qualified shell attachment; proof load pack retention; Ti-6Al-4V Grade 5 certified product form; heat/lot CoC; qualified argon-purged WPS where welded; PT after welding; alpha-case removal; galvanic isolation; CMM final inspection,Occurrence transform and named parent path in both authoring inventories.,"See connection register, motion-track register, and analysis applicability matrix; unpublished mission loads remain NOT CALCULABLE.",NOT DETERMINABLE FROM CONTROLLED INPUTS,DEFINED_PERMANENT_JOINT (DOF 0),Endpoint and 0-80 degree exact-Boolean registers; occurrence-specific margin not otherwise stated.,REQUIRES RELEASE DRAWING OR SUPPLIER DRAWING; NOT RELEASED,Modeled access only; physical tool-access verification required.,See assembly/service/reset instructions; physical trial required.,Ti-6Al-4V; ASTM B600 clean/passivate; drawing-controlled surface finish,0.005333788153283115 kg each; exact occurrence allocation in mass report.,"Mass, motion/interference, interface, environment, manufacturing; additional load analysis as applicable.",,DIGITAL DEFINITION PRESENT; RELEASE QUALIFICATION NOT ESTABLISHED
STRUCTURAL_PACK-RETENTION_WEBBING_STRAP_HMPE,DF8-SHORT14-PACK-ATTACHMENT-WEBBING-001,STRUCTURAL PACK-RETENTION WEBBING STRAP,2,Shortened_Aft_Body_External_Buoy_Assembly/Aft_Buoy_Breakaway_Wrap_CORDURA/STRUCTURAL_PACK-RETENTION_WEBBING_STRAP_HMPE_01: X -45.600..45.600 mm; Y -45.600..45.600 mm; Z 1376.000..1388.000 mm | Shortened_Aft_Body_External_Buoy_Assembly/Aft_Buoy_Breakaway_Wrap_CORDURA/STRUCTURAL_PACK-RETENTION_WEBBING_STRAP_HMPE_02: X -45.600..45.600 mm; Y -45.600..45.600 mm; Z 1586.000..1598.000 mm,Retains pack only and is excluded from the recovery load path.,Occurrence transform and named parent path in both authoring inventories.,"See connection register, motion-track register, and analysis applicability matrix; unpublished mission loads remain NOT CALCULABLE.",NOT DETERMINABLE FROM CONTROLLED INPUTS,LACED_TO_LOW_PROFILE_COLLAR (DOF FLEXIBLE),Endpoint and 0-80 degree exact-Boolean registers; occurrence-specific margin not otherwise stated.,REQUIRES RELEASE DRAWING OR SUPPLIER DRAWING; NOT RELEASED,Modeled access only; physical tool-access verification required.,See assembly/service/reset instructions; physical trial required.,"HMPE webbing; Chafe-protected, heat-sealed and clean",0.028 kg each; exact occurrence allocation in mass report.,"Mass, motion/interference, interface, environment, manufacturing; additional load analysis as applicable.",Retains pack only and is excluded from the recovery load path.,DIGITAL DEFINITION PRESENT; RELEASE QUALIFICATION NOT ESTABLISHED
REINFORCED_PACK_EDGE_BINDING_HMPE,DF8-SHORT14-PACK-EDGE-BAND-001,REINFORCED PACK EDGE BINDING,2,Shortened_Aft_Body_External_Buoy_Assembly/Aft_Buoy_Breakaway_Wrap_CORDURA/REINFORCED_PACK_EDGE_BINDING_HMPE_01: X -49.000..49.000 mm; Y -49.000..49.000 mm; Z 1368.000..1374.000 mm | Shortened_Aft_Body_External_Buoy_Assembly/Aft_Buoy_Breakaway_Wrap_CORDURA/REINFORCED_PACK_EDGE_BINDING_HMPE_02: X -49.000..49.000 mm; Y -49.000..49.000 mm; Z 1600.000..1606.000 mm,Bound edge; continuous stitch and bar-tack termination; Controlled rope construction and raw-lot CoC; finished length tolerance; occurrence-specific eye/thimble/ferrule traveler; splice or swage dimensional inspection; finished-article proof load,Occurrence transform and named parent path in both authoring inventories.,"See connection register, motion-track register, and analysis applicability matrix; unpublished mission loads remain NOT CALCULABLE.",NOT DETERMINABLE FROM CONTROLLED INPUTS,SEWN_TO_CRADLE_AND_FLAPS (DOF FLEXIBLE),Endpoint and 0-80 degree exact-Boolean registers; occurrence-specific margin not otherwise stated.,REQUIRES RELEASE DRAWING OR SUPPLIER DRAWING; NOT RELEASED,Modeled access only; physical tool-access verification required.,See assembly/service/reset instructions; physical trial required.,"Cordura binding and HMPE webbing; Chafe-protected, heat-sealed and clean",0.02 kg each; exact occurrence allocation in mass report.,"Mass, motion/interference, interface, environment, manufacturing; additional load analysis as applicable.",,DIGITAL DEFINITION PRESENT; RELEASE QUALIFICATION NOT ESTABLISHED
PACK_COLLAR-TO-CRADLE_RADIAL_WEBBING_TIE_HMPE,DF8-SHORT14-PACK-RADIAL-TIE-1-1,PACK COLLAR-TO-CRADLE RADIAL WEBBING TIE,1,Shortened_Aft_Body_External_Buoy_Assembly/Aft_Buoy_Breakaway_Wrap_CORDURA/PACK_COLLAR-TO-CRADLE_RADIAL_WEBBING_TIE_HMPE: X 11.835..24.765 mm; Y 22.999..40.394 mm; Z 1380.500..1383.500 mm,Folded and bar-tacked around collar and cradle webbing; Controlled rope construction and raw-lot CoC; finished length tolerance; occurrence-specific eye/thimble/ferrule traveler; splice or swage dimensional inspection; finished-article proof load,Occurrence transform and named parent path in both authoring inventories.,"See connection register, motion-track register, and analysis applicability matrix; unpublished mission loads remain NOT CALCULABLE.",NOT DETERMINABLE FROM CONTROLLED INPUTS,BAR_TACKED_CLOSED_TIE (DOF FLEXIBLE),Endpoint and 0-80 degree exact-Boolean registers; occurrence-specific margin not otherwise stated.,REQUIRES RELEASE DRAWING OR SUPPLIER DRAWING; NOT RELEASED,Modeled access only; physical tool-access verification required.,See assembly/service/reset instructions; physical trial required.,"HMPE webbing; Chafe-protected, heat-sealed and clean",0.004 kg each; exact occurrence allocation in mass report.,"Mass, motion/interference, interface, environment, manufacturing; additional load analysis as applicable.",,DIGITAL DEFINITION PRESENT; RELEASE QUALIFICATION NOT ESTABLISHED
PACK_COLLAR-TO-CRADLE_RADIAL_WEBBING_TIE_HMPE_02,DF8-SHORT14-PACK-RADIAL-TIE-1-2,PACK COLLAR-TO-CRADLE RADIAL WEBBING TIE,1,Shortened_Aft_Body_External_Buoy_Assembly/Aft_Buoy_Breakaway_Wrap_CORDURA/PACK_COLLAR-TO-CRADLE_RADIAL_WEBBING_TIE_HMPE_02: X -45.200..-28.000 mm; Y -2.500..2.500 mm; Z 1380.500..1383.500 mm,Folded and bar-tacked around collar and cradle webbing; Controlled rope construction and raw-lot CoC; finished length tolerance; occurrence-specific eye/thimble/ferrule traveler; splice or swage dimensional inspection; finished-article proof load,Occurrence transform and named parent path in both authoring inventories.,"See connection register, motion-track register, and analysis applicability matrix; unpublished mission loads remain NOT CALCULABLE.",NOT DETERMINABLE FROM CONTROLLED INPUTS,BAR_TACKED_CLOSED_TIE (DOF FLEXIBLE),Endpoint and 0-80 degree exact-Boolean registers; occurrence-specific margin not otherwise stated.,REQUIRES RELEASE DRAWING OR SUPPLIER DRAWING; NOT RELEASED,Modeled access only; physical tool-access verification required.,See assembly/service/reset instructions; physical trial required.,"HMPE webbing; Chafe-protected, heat-sealed and clean",0.004 kg each; exact occurrence allocation in mass report.,"Mass, motion/interference, interface, environment, manufacturing; additional load analysis as applicable.",,DIGITAL DEFINITION PRESENT; RELEASE QUALIFICATION NOT ESTABLISHED
PACK_COLLAR-TO-CRADLE_RADIAL_WEBBING_TIE_HMPE_03,DF8-SHORT14-PACK-RADIAL-TIE-1-3,PACK COLLAR-TO-CRADLE RADIAL WEBBING TIE,1,Shortened_Aft_Body_External_Buoy_Assembly/Aft_Buoy_Breakaway_Wrap_CORDURA/PACK_COLLAR-TO-CRADLE_RADIAL_WEBBING_TIE_HMPE_03: X 11.835..24.765 mm; Y -40.394..-22.999 mm; Z 1380.500..1383.500 mm,Folded and bar-tacked around collar and cradle webbing; Controlled rope construction and raw-lot CoC; finished length tolerance; occurrence-specific eye/thimble/ferrule traveler; splice or swage dimensional inspection; finished-article proof load,Occurrence transform and named parent path in both authoring inventories.,"See connection register, motion-track register, and analysis applicability matrix; unpublished mission loads remain NOT CALCULABLE.",NOT DETERMINABLE FROM CONTROLLED INPUTS,BAR_TACKED_CLOSED_TIE (DOF FLEXIBLE),Endpoint and 0-80 degree exact-Boolean registers; occurrence-specific margin not otherwise stated.,REQUIRES RELEASE DRAWING OR SUPPLIER DRAWING; NOT RELEASED,Modeled access only; physical tool-access verification required.,See assembly/service/reset instructions; physical trial required.,"HMPE webbing; Chafe-protected, heat-sealed and clean",0.004 kg each; exact occurrence allocation in mass report.,"Mass, motion/interference, interface, environment, manufacturing; additional load analysis as applicable.",,DIGITAL DEFINITION PRESENT; RELEASE QUALIFICATION NOT ESTABLISHED
PACK_COLLAR-TO-CRADLE_RADIAL_WEBBING_TIE_HMPE_04,DF8-SHORT14-PACK-RADIAL-TIE-2-1,PACK COLLAR-TO-CRADLE RADIAL WEBBING TIE,1,Shortened_Aft_Body_External_Buoy_Assembly/Aft_Buoy_Breakaway_Wrap_CORDURA/PACK_COLLAR-TO-CRADLE_RADIAL_WEBBING_TIE_HMPE_04: X 11.835..24.765 mm; Y 22.999..40.394 mm; Z 1590.500..1593.500 mm,Folded and bar-tacked around collar and cradle webbing; Controlled rope construction and raw-lot CoC; finished length tolerance; occurrence-specific eye/thimble/ferrule traveler; splice or swage dimensional inspection; finished-article proof load,Occurrence transform and named parent path in both authoring inventories.,"See connection register, motion-track register, and analysis applicability matrix; unpublished mission loads remain NOT CALCULABLE.",NOT DETERMINABLE FROM CONTROLLED INPUTS,BAR_TACKED_CLOSED_TIE (DOF FLEXIBLE),Endpoint and 0-80 degree exact-Boolean registers; occurrence-specific margin not otherwise stated.,REQUIRES RELEASE DRAWING OR SUPPLIER DRAWING; NOT RELEASED,Modeled access only; physical tool-access verification required.,See assembly/service/reset instructions; physical trial required.,"HMPE webbing; Chafe-protected, heat-sealed and clean",0.004 kg each; exact occurrence allocation in mass report.,"Mass, motion/interference, interface, environment, manufacturing; additional load analysis as applicable.",,DIGITAL DEFINITION PRESENT; RELEASE QUALIFICATION NOT ESTABLISHED
PACK_COLLAR-TO-CRADLE_RADIAL_WEBBING_TIE_HMPE_05,DF8-SHORT14-PACK-RADIAL-TIE-2-2,PACK COLLAR-TO-CRADLE RADIAL WEBBING TIE,1,Shortened_Aft_Body_External_Buoy_Assembly/Aft_Buoy_Breakaway_Wrap_CORDURA/PACK_COLLAR-TO-CRADLE_RADIAL_WEBBING_TIE_HMPE_05: X -45.200..-28.000 mm; Y -2.500..2.500 mm; Z 1590.500..1593.500 mm,Folded and bar-tacked around collar and cradle webbing; Controlled rope construction and raw-lot CoC; finished length tolerance; occurrence-specific eye/thimble/ferrule traveler; splice or swage dimensional inspection; finished-article proof load,Occurrence transform and named parent path in both authoring inventories.,"See connection register, motion-track register, and analysis applicability matrix; unpublished mission loads remain NOT CALCULABLE.",NOT DETERMINABLE FROM CONTROLLED INPUTS,BAR_TACKED_CLOSED_TIE (DOF FLEXIBLE),Endpoint and 0-80 degree exact-Boolean registers; occurrence-specific margin not otherwise stated.,REQUIRES RELEASE DRAWING OR SUPPLIER DRAWING; NOT RELEASED,Modeled access only; physical tool-access verification required.,See assembly/service/reset instructions; physical trial required.,"HMPE webbing; Chafe-protected, heat-sealed and clean",0.004 kg each; exact occurrence allocation in mass report.,"Mass, motion/interference, interface, environment, manufacturing; additional load analysis as applicable.",,DIGITAL DEFINITION PRESENT; RELEASE QUALIFICATION NOT ESTABLISHED
PACK_COLLAR-TO-CRADLE_RADIAL_WEBBING_TIE_HMPE_06,DF8-SHORT14-PACK-RADIAL-TIE-2-3,PACK COLLAR-TO-CRADLE RADIAL WEBBING TIE,1,Shortened_Aft_Body_External_Buoy_Assembly/Aft_Buoy_Breakaway_Wrap_CORDURA/PACK_COLLAR-TO-CRADLE_RADIAL_WEBBING_TIE_HMPE_06: X 11.835..24.765 mm; Y -40.394..-22.999 mm; Z 1590.500..1593.500 mm,Folded and bar-tacked around collar and cradle webbing; Controlled rope construction and raw-lot CoC; finished length tolerance; occurrence-specific eye/thimble/ferrule traveler; splice or swage dimensional inspection; finished-article proof load,Occurrence transform and named parent path in both authoring inventories.,"See connection register, motion-track register, and analysis applicability matrix; unpublished mission loads remain NOT CALCULABLE.",NOT DETERMINABLE FROM CONTROLLED INPUTS,BAR_TACKED_CLOSED_TIE (DOF FLEXIBLE),Endpoint and 0-80 degree exact-Boolean registers; occurrence-specific margin not otherwise stated.,REQUIRES RELEASE DRAWING OR SUPPLIER DRAWING; NOT RELEASED,Modeled access only; physical tool-access verification required.,See assembly/service/reset instructions; physical trial required.,"HMPE webbing; Chafe-protected, heat-sealed and clean",0.004 kg each; exact occurrence allocation in mass report.,"Mass, motion/interference, interface, environment, manufacturing; additional load analysis as applicable.",,DIGITAL DEFINITION PRESENT; RELEASE QUALIFICATION NOT ESTABLISHED
SOURCE-EXACT_DOUBLE-SHEAR_PIVOT_CARRIER_PRIMARY_LUG_TI,DF8-SHORT14-PIVOT-CARRIER-PRIMARY-LUG-001,SOURCE-EXACT DOUBLE-SHEAR PIVOT CARRIER PRIMARY LUG,3,Arm_Activation_Powertrain_Assembly/Arm_Deployment_Assembly_01/SOURCE-EXACT_DOUBLE-SHEAR_PIVOT_CARRIER_PRIMARY_LUG_TI_01: X 11.500..24.500 mm; Y -9.000..-7.000 mm; Z 344.000..363.000 mm | Arm_Activation_Powertrain_Assembly/Arm_Deployment_Assembly_02/SOURCE-EXACT_DOUBLE-SHEAR_PIVOT_CARRIER_PRIMARY_LUG_TI_02: X -6.188..2.044 mm; Y 13.459..25.718 mm; Z 344.000..363.000 mm | Arm_Activation_Powertrain_Assembly/Arm_Deployment_Assembly_03/SOURCE-EXACT_DOUBLE-SHEAR_PIVOT_CARRIER_PRIMARY_LUG_TI_03: X -20.044..-11.812 mm; Y -17.718..-5.459 mm; Z 344.000..363.000 mm,Exact source negative-Y lug and all source bores retained; no bridge material crosses the deployed-arm or stop-pad motion path.,Occurrence transform and named parent path in both authoring inventories.,"See connection register, motion-track register, and analysis applicability matrix; unpublished mission loads remain NOT CALCULABLE.",NOT DETERMINABLE FROM CONTROLLED INPUTS,WELDED_AND_DOWELLED (DOF 0),Endpoint and 0-80 degree exact-Boolean registers; occurrence-specific margin not otherwise stated.,REQUIRES RELEASE DRAWING OR SUPPLIER DRAWING; NOT RELEASED,Modeled access only; physical tool-access verification required.,See assembly/service/reset instructions; physical trial required.,Ti-6Al-4V; ASTM B600 clean/passivate; drawing-controlled surface finish,0.0013538421744136802 kg each; exact occurrence allocation in mass report.,"Mass, motion/interference, interface, environment, manufacturing; additional load analysis as applicable.",Exact source negative-Y lug and all source bores retained; no bridge material crosses the deployed-arm or stop-pad motion path.,DIGITAL DEFINITION PRESENT; RELEASE QUALIFICATION NOT ESTABLISHED
SOURCE-EXACT_DOUBLE-SHEAR_PIVOT_CARRIER_SECONDARY_LUG_TI,DF8-SHORT14-PIVOT-CARRIER-SECONDARY-LUG-001,SOURCE-EXACT DOUBLE-SHEAR PIVOT CARRIER SECONDARY LUG,3,Arm_Activation_Powertrain_Assembly/Arm_Deployment_Assembly_01/SOURCE-EXACT_DOUBLE-SHEAR_PIVOT_CARRIER_SECONDARY_LUG_TI_01: X 11.500..24.500 mm; Y 7.000..9.000 mm; Z 344.000..363.000 mm | Arm_Activation_Powertrain_Assembly/Arm_Deployment_Assembly_02/SOURCE-EXACT_DOUBLE-SHEAR_PIVOT_CARRIER_SECONDARY_LUG_TI_02: X -20.044..-11.812 mm; Y 5.459..17.718 mm; Z 344.000..363.000 mm | Arm_Activation_Powertrain_Assembly/Arm_Deployment_Assembly_03/SOURCE-EXACT_DOUBLE-SHEAR_PIVOT_CARRIER_SECONDARY_LUG_TI_03: X -6.188..2.044 mm; Y -25.718..-13.459 mm; Z 344.000..363.000 mm,Exact source positive-Y lug and all source bores retained; the two carrier lugs are structurally tied by the transition ring and retained pivot pin.,Occurrence transform and named parent path in both authoring inventories.,"See connection register, motion-track register, and analysis applicability matrix; unpublished mission loads remain NOT CALCULABLE.",NOT DETERMINABLE FROM CONTROLLED INPUTS,WELDED_AND_DOWELLED (DOF 0),Endpoint and 0-80 degree exact-Boolean registers; occurrence-specific margin not otherwise stated.,REQUIRES RELEASE DRAWING OR SUPPLIER DRAWING; NOT RELEASED,Modeled access only; physical tool-access verification required.,See assembly/service/reset instructions; physical trial required.,Ti-6Al-4V; ASTM B600 clean/passivate; drawing-controlled surface finish,0.0013531087490951286 kg each; exact occurrence allocation in mass report.,"Mass, motion/interference, interface, environment, manufacturing; additional load analysis as applicable.",Exact source positive-Y lug and all source bores retained; the two carrier lugs are structurally tied by the transition ring and retained pivot pin.,DIGITAL DEFINITION PRESENT; RELEASE QUALIFICATION NOT ESTABLISHED
LOW-FORCE_PULL-TAB_SNAG_KEEPER,DF8-SHORT14-PULL-TAB-KEEPER-001,LOW-FORCE PULL-TAB SNAG KEEPER,1,Shortened_Aft_Body_External_Buoy_Assembly/Buoy_Mounted_Automatic_Manual_Inflation_Assembly/LOW-FORCE_PULL-TAB_SNAG_KEEPER: X 80.500..83.500 mm; Y -19.000..19.000 mm; Z 1530.000..1556.000 mm,Bound frame; calibrated breakaway stitch; Heat/lot CoC; drawing tolerances; deburr; clean; final dimensional inspection,Occurrence transform and named parent path in both authoring inventories.,"See connection register, motion-track register, and analysis applicability matrix; unpublished mission loads remain NOT CALCULABLE.",NOT DETERMINABLE FROM CONTROLLED INPUTS,LOW_FORCE_BREAKAWAY_KEEPER (DOF FLEXIBLE),Endpoint and 0-80 degree exact-Boolean registers; occurrence-specific margin not otherwise stated.,REQUIRES RELEASE DRAWING OR SUPPLIER DRAWING; NOT RELEASED,Modeled access only; physical tool-access verification required.,See assembly/service/reset instructions; physical trial required.,Cordura and low-force hook-and-loop; Per controlled drawing,0.01 kg each; exact occurrence allocation in mass report.,"Mass, motion/interference, interface, environment, manufacturing; additional load analysis as applicable.",,DIGITAL DEFINITION PRESENT; RELEASE QUALIFICATION NOT ESTABLISHED
LOW-PROFILE_STRUCTURAL_RECOVERY_HARDPOINT_RING_WITH_DOUBLE-SHEAR_YOKE_TI,DF8-SHORT14-RECOVERY-HARDPOINT-RING-001,LOW-PROFILE STRUCTURAL RECOVERY HARDPOINT RING WITH DOUBLE-SHEAR YOKE,1,Shortened_Aft_Body_External_Buoy_Assembly/Shortened_Aft_Structure_Assembly/LOW-PROFILE_STRUCTURAL_RECOVERY_HARDPOINT_RING_WITH_DOUBLE-SHEAR_YOKE_TI: X -25.300..27.300 mm; Y -25.300..25.300 mm; Z 1607.700..1618.300 mm,"Ultimate recovery load bypasses Cordura, hook-and-loop, pack seams and inflator patch.",Occurrence transform and named parent path in both authoring inventories.,"See connection register, motion-track register, and analysis applicability matrix; unpublished mission loads remain NOT CALCULABLE.",NOT DETERMINABLE FROM CONTROLLED INPUTS,DEFINED_PERMANENT_JOINT (DOF 0),Endpoint and 0-80 degree exact-Boolean registers; occurrence-specific margin not otherwise stated.,REQUIRES RELEASE DRAWING OR SUPPLIER DRAWING; NOT RELEASED,Modeled access only; physical tool-access verification required.,See assembly/service/reset instructions; physical trial required.,Ti-6Al-4V; ASTM B600 clean/passivate; drawing-controlled surface finish,0.03021004481956056 kg each; exact occurrence allocation in mass report.,"Mass, motion/interference, interface, environment, manufacturing; additional load analysis as applicable.","Ultimate recovery load bypasses Cordura, hook-and-loop, pack seams and inflator patch.",DIGITAL DEFINITION PRESENT; RELEASE QUALIFICATION NOT ESTABLISHED
SHORTENED-ARM_STOW-DOG_GUIDE_WITH_TERMINATION-RING_WELD_TONGUE_SS,DF8-SHORT14-STOW-DOG-GUIDE-001,SHORTENED-ARM STOW-DOG GUIDE WITH TERMINATION-RING WELD TONGUE,3,Arm_Activation_Powertrain_Assembly/Arm_Deployment_Assembly_01/SHORTENED-ARM_STOW-DOG_GUIDE_WITH_TERMINATION-RING_WELD_TONGUE_SS_01: X 10.280..20.000 mm; Y -2.750..9.540 mm; Z 726.706..733.400 mm | Arm_Activation_Powertrain_Assembly/Arm_Deployment_Assembly_02/SHORTENED-ARM_STOW-DOG_GUIDE_WITH_TERMINATION-RING_WELD_TONGUE_SS_02: X -17.337..-2.758 mm; Y 7.528..18.696 mm; Z 726.706..733.400 mm | Arm_Activation_Powertrain_Assembly/Arm_Deployment_Assembly_03/SHORTENED-ARM_STOW-DOG_GUIDE_WITH_TERMINATION-RING_WELD_TONGUE_SS_03: X -12.382..0.337 mm; Y -20.488..-7.528 mm; Z 726.706..733.400 mm,5-axis mill; qualified permanent weld to termination-ring land,Occurrence transform and named parent path in both authoring inventories.,"See connection register, motion-track register, and analysis applicability matrix; unpublished mission loads remain NOT CALCULABLE.",NOT DETERMINABLE FROM CONTROLLED INPUTS,BOLTED_TO_AFT_ROUTE_RING (DOF 0),Endpoint and 0-80 degree exact-Boolean registers; occurrence-specific margin not otherwise stated.,REQUIRES RELEASE DRAWING OR SUPPLIER DRAWING; NOT RELEASED,Modeled access only; physical tool-access verification required.,See assembly/service/reset instructions; physical trial required.,17-4PH stainless steel; ASTM A967 passivated; critical bearing surfaces ground,0.000530677401823469 kg each; exact occurrence allocation in mass report.,"Mass, motion/interference, interface, environment, manufacturing; additional load analysis as applicable.",,DIGITAL DEFINITION PRESENT; RELEASE QUALIFICATION NOT ESTABLISHED
STRUCTURAL_TETHER_EXIT_CHAFE_SLEEVE_TPU,DF8-SHORT14-TETHER-EXIT-CHAFE-SLEEVE-001,STRUCTURAL TETHER EXIT CHAFE SLEEVE,1,Shortened_Aft_Body_External_Buoy_Assembly/Structural_Recovery_Tether_Assembly/STRUCTURAL_TETHER_EXIT_CHAFE_SLEEVE_TPU: X 27.337..35.991 mm; Y -3.200..3.200 mm; Z 1611.225..1619.767 mm,Replaceable sleeve guards the HMPE line at the rounded shell exit; it does not carry the ultimate recovery load.,Occurrence transform and named parent path in both authoring inventories.,"See connection register, motion-track register, and analysis applicability matrix; unpublished mission loads remain NOT CALCULABLE.",NOT DETERMINABLE FROM CONTROLLED INPUTS,CAPTURED_AT_BODY_THIMBLE (DOF FLEXIBLE),Endpoint and 0-80 degree exact-Boolean registers; occurrence-specific margin not otherwise stated.,REQUIRES RELEASE DRAWING OR SUPPLIER DRAWING; NOT RELEASED,Modeled access only; physical tool-access verification required.,See assembly/service/reset instructions; physical trial required.,"TPU-coated HMPE tubular webbing; Chafe-protected, heat-sealed and clean",0.012 kg each; exact occurrence allocation in mass report.,"Mass, motion/interference, interface, environment, manufacturing; additional load analysis as applicable.",Replaceable sleeve guards the HMPE line at the rounded shell exit; it does not carry the ultimate recovery load.,DIGITAL DEFINITION PRESENT; RELEASE QUALIFICATION NOT ESTABLISHED
REINFORCED_OPEN-MESH_WATER-ENTRY_WINDOW_AND_DRAIN,DF8-SHORT14-WATER-ENTRY-MESH-001,REINFORCED OPEN-MESH WATER-ENTRY WINDOW AND DRAIN,1,Shortened_Aft_Body_External_Buoy_Assembly/Aft_Buoy_Breakaway_Wrap_CORDURA/REINFORCED_OPEN-MESH_WATER-ENTRY_WINDOW_AND_DRAIN: X 77.500..78.500 mm; Y -15.000..15.000 mm; Z 1462.000..1514.000 mm,Direct open area exposes the automatic water-sensitive element while the wrap remains closed.,Occurrence transform and named parent path in both authoring inventories.,"See connection register, motion-track register, and analysis applicability matrix; unpublished mission loads remain NOT CALCULABLE.",NOT DETERMINABLE FROM CONTROLLED INPUTS,SEWN_REINFORCED_WINDOW (DOF FLEXIBLE),Endpoint and 0-80 degree exact-Boolean registers; occurrence-specific margin not otherwise stated.,REQUIRES RELEASE DRAWING OR SUPPLIER DRAWING; NOT RELEASED,Modeled access only; physical tool-access verification required.,See assembly/service/reset instructions; physical trial required.,Polyester open mesh with Cordura frame; Per controlled drawing,0.012 kg each; exact occurrence allocation in mass report.,"Mass, motion/interference, interface, environment, manufacturing; additional load analysis as applicable.",Direct open area exposes the automatic water-sensitive element while the wrap remains closed.,DIGITAL DEFINITION PRESENT; RELEASE QUALIFICATION NOT ESTABLISHED
ACE_Gas_Spring_GS-19-50-V4A-B8-B8,GS-19-50-V4A-B8-B8,ACE GS-19-50-V4A-B8-B8 PURCHASED ASSEMBLY — ONE-SOLID ARTICULATED INSTALLATION BODY,1,Arm_Activation_Powertrain_Assembly/ACE_Gas_Spring_GS-19-50-V4A-B8-B8: X -2.750..16.250 mm; Y 2.191..21.191 mm; Z 415.000..533.000 mm,"Configured GS-19-50-V4A-B8-B8, 50 mm stroke, 164.1 mm extended length, 7.9 mm rod and 300±30 N setting. The controlled ACE STEP ITEM_020_ACE_GS_19_50_V4A_B8_B8_VENDOR.stp is the dimensional/interface verification source; this separated body/rod BREP is a drawing-derived articulated installation representation. Occurrence mass allocation is 0.124 kg body + 0.020 kg rod = 0.144 kg catalog assembly total. The previously separated end-neck proxy topology is joined by a bounded end shoulder; catalog interfaces, overall envelope, fixed/moving orientation, stroke and allocated mass are unchanged.",Occurrence transform and named parent path in both authoring inventories.,"See connection register, motion-track register, and analysis applicability matrix; unpublished mission loads remain NOT CALCULABLE.","Official ACE family page: GS-19-50-V4A has 50 mm stroke, 164 mm extended length, and configurable force; exact delivered force and B8/B8 configuration require order control.",PINNED_B8_END (DOF 0),Endpoint and 0-80 degree exact-Boolean registers; occurrence-specific margin not otherwise stated.,REQUIRES RELEASE DRAWING OR SUPPLIER DRAWING; NOT RELEASED,Modeled access only; physical tool-access verification required.,See assembly/service/reset instructions; physical trial required.,AISI 316L / 316Ti stainless catalog assembly; ,0.124 kg each; exact occurrence allocation in mass report.,"Mass, motion/interference, interface, environment, manufacturing; additional load analysis as applicable.",https://www.acecontrols.com/us/products/motion-control/industrial-gas-springs-push-type/gs-8-v4a-to-gs-40-va/gs-19-v4a.html,DIGITAL DEFINITION PRESENT; RELEASE QUALIFICATION NOT ESTABLISHED
ACE_Gas_Spring_Rod_GS-19-50-V4A-B8-B8,GS-19-50-V4A-B8-B8-ROD-CHILD,ACE GS-19 MOVING ROD ARTICULATION CHILD,1,Arm_Activation_Powertrain_Assembly/ACE_Gas_Spring_Rod_GS-19-50-V4A-B8-B8: X 2.518..10.982 mm; Y 6.361..17.021 mm; Z 378.026..453.026 mm,Included articulation child of the configured GS-19 purchased assembly; no separate purchase quantity. Occurrence-level mass allocation reconciles with the 0.144 kg parent assembly. Drawing-derived child verified against the controlled ACE STEP.,Occurrence transform and named parent path in both authoring inventories.,"See connection register, motion-track register, and analysis applicability matrix; unpublished mission loads remain NOT CALCULABLE.",NOT DETERMINABLE FROM CONTROLLED INPUTS,TELESCOPING_GAS_SPRING (DOF 1 AXIAL TRANSLATION),Endpoint and 0-80 degree exact-Boolean registers; occurrence-specific margin not otherwise stated.,REQUIRES RELEASE DRAWING OR SUPPLIER DRAWING; NOT RELEASED,Modeled access only; physical tool-access verification required.,See assembly/service/reset instructions; physical trial required.,AISI 316L / 316Ti stainless catalog assembly; ,0.02 kg each; exact occurrence allocation in mass report.,"Mass, motion/interference, interface, environment, manufacturing; additional load analysis as applicable.",https://www.acecontrols.com/us/products/motion-control/industrial-gas-springs-push-type/gs-8-v4a-to-gs-40-va/gs-19-v4a.html,DIGITAL DEFINITION PRESENT; RELEASE QUALIFICATION NOT ESTABLISHED
Nordson_HALKEY-ROBERTS-HYDRO-1F-V95000XXB_PROXY,HALKEY-ROBERTS-HYDRO-1F-V95000XXB_PROXY,HALKEY-ROBERTS HYDRO 1F AUTOMATIC/MANUAL INFLATOR DIMENSION-CONTROLLED PROXY,1,Shortened_Aft_Body_External_Buoy_Assembly/Buoy_Mounted_Automatic_Manual_Inflation_Assembly/Nordson_HALKEY-ROBERTS-HYDRO-1F-V95000XXB_PROXY: X 51.000..76.000 mm; Y -13.000..13.000 mm; Z 1465.000..1512.000 mm,Commercial interfaces and external service envelope preserved; internals are not invented. Exact vendor CAD and buoy-volume compatibility remain physical acceptance gates.,Occurrence transform and named parent path in both authoring inventories.,"See connection register, motion-track register, and analysis applicability matrix; unpublished mission loads remain NOT CALCULABLE.","Official Nordson/Halkey-Roberts page identifies Hydro 1F V95000, 3/8 or 1/2 in cylinder-thread families, V80040 bobbin, service parts, and 1F recognition. The installed suffix and exact vendor CAD remain uncontrolled.",THREADED_TO_BUOY_INLET (DOF LATER_PHASE_BUOY_MOTION),Endpoint and 0-80 degree exact-Boolean registers; occurrence-specific margin not otherwise stated.,REQUIRES RELEASE DRAWING OR SUPPLIER DRAWING; NOT RELEASED,Modeled access only; physical tool-access verification required.,See assembly/service/reset instructions; physical trial required.,Acetal and stainless commercial inflator assembly; ,0.18 kg each; exact occurrence allocation in mass report.,"Mass, motion/interference, interface, environment, manufacturing; additional load analysis as applicable.",https://fluid-components.nordsonmedical.com/files/fluid-components-nordsonmedical-com/Technical%20Information/HRC/Hyrdo-1F-Manual-Automatic-Inflator-Drawing-V95000xxB.pdf,NON-RELEASE - EXACT VENDOR GEOMETRY/RATED APPLICATION NOT CONTROLLED
ACE_Hydraulic_Damper_HBD-15-25-AA-P,HBD-15-25-AA-P,ACE HBD-15-25-AA-P PURCHASED ASSEMBLY — ONE-SOLID ARTICULATED INSTALLATION BODY,1,Arm_Activation_Powertrain_Assembly/ACE_Hydraulic_Damper_HBD-15-25-AA-P: X -22.000..-7.000 mm; Y -7.500..7.500 mm; Z 415.000..522.500 mm,"Configured HBD-15-25-AA-P, 24.9 mm stroke, 145.0 mm extended length, 15 mm body and 6.1 mm rod. The controlled ACE source ACE_HBD_15_25_AA_P_DRAWING_DERIVED_NOT_VENDOR_CAD_AP242.step verifies the configured envelope/interfaces; this separated body/rod BREP is a drawing-derived articulated installation representation. External travel stops limit motion 1.0-1.5 mm before stroke ends. Occurrence mass allocation is 0.190 kg body + 0.030 kg rod = 0.220 kg catalog assembly total. The previously separated end-neck proxy topology is joined by a bounded end shoulder; catalog interfaces, overall envelope, fixed/moving orientation, stroke and allocated mass are unchanged.",Occurrence transform and named parent path in both authoring inventories.,"See connection register, motion-track register, and analysis applicability matrix; unpublished mission loads remain NOT CALCULABLE.",Official ACE family page: HBD-15-25 has 25 mm nominal stroke and 145 mm extended length; final AA-P suffix interfaces and setting require controlled order data.,PINNED_AA_END (DOF 0),Endpoint and 0-80 degree exact-Boolean registers; occurrence-specific margin not otherwise stated.,REQUIRES RELEASE DRAWING OR SUPPLIER DRAWING; NOT RELEASED,Modeled access only; physical tool-access verification required.,See assembly/service/reset instructions; physical trial required.,Black-anodized aluminum body / hard-chrome steel rod / zinc-plated steel AA-P fittings; ,0.19 kg each; exact occurrence allocation in mass report.,"Mass, motion/interference, interface, environment, manufacturing; additional load analysis as applicable.",https://www.acecontrols.com/us/products/motion-control/hydraulic-dampers/hbd-15-to-hbd-40/hbd-15/hbd-15-25.html,DIGITAL DEFINITION PRESENT; RELEASE QUALIFICATION NOT ESTABLISHED
ACE_Hydraulic_Damper_Rod_HBD-15-25-AA-P,HBD-15-25-AA-P-ROD-CHILD,HBD MOVING ROD ARTICULATION CHILD,1,Arm_Activation_Powertrain_Assembly/ACE_Hydraulic_Damper_Rod_HBD-15-25-AA-P: X -19.000..-10.000 mm; Y -3.000..3.000 mm; Z 378.526..443.026 mm,Included articulation child of the configured HBD purchased assembly; no separate purchase quantity. Occurrence-level mass allocation reconciles with the 0.220 kg parent assembly. Drawing-derived child verified against the controlled ACE source.,Occurrence transform and named parent path in both authoring inventories.,"See connection register, motion-track register, and analysis applicability matrix; unpublished mission loads remain NOT CALCULABLE.",NOT DETERMINABLE FROM CONTROLLED INPUTS,TELESCOPING_DAMPER (DOF 1 AXIAL TRANSLATION),Endpoint and 0-80 degree exact-Boolean registers; occurrence-specific margin not otherwise stated.,REQUIRES RELEASE DRAWING OR SUPPLIER DRAWING; NOT RELEASED,Modeled access only; physical tool-access verification required.,See assembly/service/reset instructions; physical trial required.,Hard-chrome steel rod with zinc-plated steel AA-P fitting; ,0.03 kg each; exact occurrence allocation in mass report.,"Mass, motion/interference, interface, environment, manufacturing; additional load analysis as applicable.",https://www.acecontrols.com/us/products/motion-control/hydraulic-dampers/hbd-15-to-hbd-40/hbd-15/hbd-15-25.html,DIGITAL DEFINITION PRESENT; RELEASE QUALIFICATION NOT ESTABLISHED
Accu_HDP-3-8-A1,HDP-3-8-A1,"3 MM X 8 MM DOWEL PIN, DIN 7, M6 TOLERANCE",6,Arm_Activation_Powertrain_Assembly/Powertrain_Mandatory_Hardware_Assembly/Accu_HDP-3-8-A1_01: X 10.352..18.595 mm; Y -9.500..-6.500 mm; Z 341.521..345.708 mm | Arm_Activation_Powertrain_Assembly/Powertrain_Mandatory_Hardware_Assembly/Accu_HDP-3-8-A1_02: X 10.352..18.595 mm; Y 6.500..9.500 mm; Z 341.521..345.708 mm | Arm_Activation_Powertrain_Assembly/Powertrain_Mandatory_Hardware_Assembly/Accu_HDP-3-8-A1_03: X -3.362..2.745 mm; Y 12.575..20.494 mm; Z 341.521..345.708 mm | Arm_Activation_Powertrain_Assembly/Powertrain_Mandatory_Hardware_Assembly/Accu_HDP-3-8-A1_04: X -17.219..-11.111 mm; Y 4.575..12.494 mm; Z 341.521..345.708 mm | Arm_Activation_Powertrain_Assembly/Powertrain_Mandatory_Hardware_Assembly/Accu_HDP-3-8-A1_05: X -17.219..-11.111 mm; Y -12.494..-4.575 mm; Z 341.521..345.708 mm | Arm_Activation_Powertrain_Assembly/Powertrain_Mandatory_Hardware_Assembly/Accu_HDP-3-8-A1_06: X -3.362..2.745 mm; Y -20.494..-12.575 mm; Z 341.521..345.708 mm,Official Accu product identity and nominal dimensions verified 2026-08-22; Official mass 47 g per 100; diameter tolerance +0.002/+0.008 mm and 0.45 mm radius length.,Occurrence transform and named parent path in both authoring inventories.,"See connection register, motion-track register, and analysis applicability matrix; unpublished mission loads remain NOT CALCULABLE.",NOT DETERMINABLE FROM CONTROLLED INPUTS,H7_M6_OCCURRENCE_MATCHED_DOWEL (DOF 0),Endpoint and 0-80 degree exact-Boolean registers; occurrence-specific margin not otherwise stated.,REQUIRES RELEASE DRAWING OR SUPPLIER DRAWING; NOT RELEASED,Modeled access only; physical tool-access verification required.,See assembly/service/reset instructions; physical trial required.,316 stainless steel; Natural stainless; passivate after acceptance if required by drawing,0.00047 kg each; exact occurrence allocation in mass report.,"Mass, motion/interference, interface, environment, manufacturing; additional load analysis as applicable.",https://www.accu.co.uk/dowel-pins/72653-HDP-3-8-A1,DIGITAL DEFINITION PRESENT; RELEASE QUALIFICATION NOT ESTABLISHED
Accu_HTP-3-30-A1,HTP-3-30-A1,"3 MM X 30 MM TAPER PIN, DIN 1B",1,Forward_Body_Assembly/Forward_Mandatory_Hardware_Assembly/Accu_HTP-3-30-A1: X -15.000..15.000 mm; Y -1.800..1.800 mm; Z 168.200..171.800 mm,"Official Accu product identity and nominal dimensions verified 2026-08-22; Nominal 3.0 mm small diameter, 3.6 mm large diameter and 30 mm length; mass from exact nominal B-rep at 7.90 g/cm3.",Occurrence transform and named parent path in both authoring inventories.,"See connection register, motion-track register, and analysis applicability matrix; unpublished mission loads remain NOT CALCULABLE.",NOT DETERMINABLE FROM CONTROLLED INPUTS,OCCURRENCE_MATCHED_TAPER_PIN (DOF 0),Endpoint and 0-80 degree exact-Boolean registers; occurrence-specific margin not otherwise stated.,REQUIRES RELEASE DRAWING OR SUPPLIER DRAWING; NOT RELEASED,Modeled access only; physical tool-access verification required.,See assembly/service/reset instructions; physical trial required.,316 stainless steel; Natural stainless; passivate after acceptance if required by drawing,0.002032641862799132 kg each; exact occurrence allocation in mass report.,"Mass, motion/interference, interface, environment, manufacturing; additional load analysis as applicable.",https://www.accu.co.uk/taper-pins/389498-HTP-3-30-A1,DIGITAL DEFINITION PRESENT; RELEASE QUALIFICATION NOT ESTABLISHED
Leland_CO2_Cartridge_81121,LELAND-81121,LELAND 81121 12 G CO2 CARTRIDGE,1,Shortened_Aft_Body_External_Buoy_Assembly/Buoy_Mounted_Automatic_Manual_Inflation_Assembly/Leland_CO2_Cartridge_81121: X 47.666..66.335 mm; Y -9.335..9.335 mm; Z 1384.000..1467.000 mm,"Incoming acceptance: 12 g CO2, 0.735 in body diameter, 3.250 in overall length, 3/8-24 neck, lot traceability and CoC; occurrence-matched puncture-head thread and pre-puncture clearance are inspected.",Occurrence transform and named parent path in both authoring inventories.,"See connection register, motion-track register, and analysis applicability matrix; unpublished mission loads remain NOT CALCULABLE.","Official Leland page: 81121, puncture type, non-refillable, 3/8-24 UNF, 12 g CO2, 3.250 in long, 0.735 in diameter; dimensional statements are referential.",THREADED_TO_HYDRO_1F (DOF LATER_PHASE_BUOY_MOTION),Endpoint and 0-80 degree exact-Boolean registers; occurrence-specific margin not otherwise stated.,REQUIRES RELEASE DRAWING OR SUPPLIER DRAWING; NOT RELEASED,Modeled access only; physical tool-access verification required.,See assembly/service/reset instructions; physical trial required.,Steel pressure cartridge; ,0.045 kg each; exact occurrence allocation in mass report.,"Mass, motion/interference, interface, environment, manufacturing; additional load analysis as applicable.",https://www.lelandgas.com/product-page/81121-cartridge-small-x-xml-x-xxg-gas,DIGITAL DEFINITION PRESENT; RELEASE QUALIFICATION NOT ESTABLISHED
Rotor_Clip_Retaining_Ring_DC-4SS,ROTOR-CLIP-DC-4SS,ROTOR CLIP DC-4SS CRESCENT RETAINING RING FOR 4 MM SHAFT,6,Arm_Activation_Powertrain_Assembly/Arm_Deployment_Assembly_01/Rotor_Clip_Retaining_Ring_DC-4SS_01: X 21.500..26.291 mm; Y 5.410..5.790 mm; Z 361.500..366.500 mm | Arm_Activation_Powertrain_Assembly/Arm_Deployment_Assembly_01/Rotor_Clip_Retaining_Ring_DC-4SS_02: X 15.500..20.291 mm; Y 5.410..5.790 mm; Z 380.526..385.526 mm | Arm_Activation_Powertrain_Assembly/Arm_Deployment_Assembly_02/Rotor_Clip_Retaining_Ring_DC-4SS_03: X -18.160..-15.435 mm; Y 15.725..20.064 mm; Z 361.500..366.500 mm | Arm_Activation_Powertrain_Assembly/Arm_Deployment_Assembly_02/Rotor_Clip_Retaining_Ring_DC-4SS_04: X -15.160..-12.435 mm; Y 10.528..14.868 mm; Z 380.526..385.526 mm | Arm_Activation_Powertrain_Assembly/Arm_Deployment_Assembly_03/Rotor_Clip_Retaining_Ring_DC-4SS_05: X -8.460..-5.736 mm; Y -25.664..-21.325 mm; Z 361.500..366.500 mm | Arm_Activation_Powertrain_Assembly/Arm_Deployment_Assembly_03/Rotor_Clip_Retaining_Ring_DC-4SS_06: X -5.460..-2.736 mm; Y -20.468..-16.128 mm; Z 380.526..385.526 mm,Explicit occurrence mass is the 3.7479745 mm3 authored envelope at 7.85e-6 kg/mm3; incoming lot mass and material are verified.,Occurrence transform and named parent path in both authoring inventories.,"See connection register, motion-track register, and analysis applicability matrix; unpublished mission loads remain NOT CALCULABLE.",NOT DETERMINABLE FROM CONTROLLED INPUTS,EXTERNAL_GROOVE (DOF 0),Endpoint and 0-80 degree exact-Boolean registers; occurrence-specific margin not otherwise stated.,REQUIRES RELEASE DRAWING OR SUPPLIER DRAWING; NOT RELEASED,Modeled access only; physical tool-access verification required.,See assembly/service/reset instructions; physical trial required.,PH 15-7 Mo stainless spring steel; ,2.94216e-05 kg each; exact occurrence allocation in mass report.,"Mass, motion/interference, interface, environment, manufacturing; additional load analysis as applicable.",https://www.rotorclip.com/product/dc-4/,DIGITAL DEFINITION PRESENT; RELEASE QUALIFICATION NOT ESTABLISHED
Accu_SSCA-M3-8-A4-BL,SSCA-M3-8-A4-BL,"M3 X 8 CAPTIVE SOCKET CAP SCREW, DIN 912",12,Arm_Activation_Powertrain_Assembly/Powertrain_Mandatory_Hardware_Assembly/Accu_SSCA-M3-8-A4-BL_01: X 16.450..21.950 mm; Y -4.800..6.200 mm; Z 343.750..349.250 mm | Arm_Activation_Powertrain_Assembly/Powertrain_Mandatory_Hardware_Assembly/Accu_SSCA-M3-8-A4-BL_02: X 22.050..27.550 mm; Y -4.800..6.200 mm; Z 343.750..349.250 mm | Arm_Activation_Powertrain_Assembly/Powertrain_Mandatory_Hardware_Assembly/Accu_SSCA-M3-8-A4-BL_03: X -15.719..-4.068 mm; Y 12.229..21.409 mm; Z 343.750..349.250 mm | Arm_Activation_Powertrain_Assembly/Powertrain_Mandatory_Hardware_Assembly/Accu_SSCA-M3-8-A4-BL_04: X -18.519..-6.868 mm; Y 17.078..26.259 mm; Z 343.750..349.250 mm | Arm_Activation_Powertrain_Assembly/Powertrain_Mandatory_Hardware_Assembly/Accu_SSCA-M3-8-A4-BL_05: X -15.132..-3.481 mm; Y -21.027..-11.846 mm; Z 343.750..349.250 mm | Arm_Activation_Powertrain_Assembly/Powertrain_Mandatory_Hardware_Assembly/Accu_SSCA-M3-8-A4-BL_06: X -17.932..-6.281 mm; Y -25.876..-16.696 mm; Z 343.750..349.250 mm | Arm_Activation_Powertrain_Assembly/Powertrain_Mandatory_Hardware_Assembly/Accu_SSCA-M3-8-A4-BL_07: X 5.692..17.263 mm; Y -10.550..-5.050 mm; Z 344.519..350.615 mm | Arm_Activation_Powertrain_Assembly/Powertrain_Mandatory_Hardware_Assembly/Accu_SSCA-M3-8-A4-BL_08: X 5.736..17.307 mm; Y 5.050..10.550 mm; Z 344.273..350.369 mm | Arm_Activation_Powertrain_Assembly/Powertrain_Mandatory_Hardware_Assembly/Accu_SSCA-M3-8-A4-BL_09: X -3.052..6.064 mm; Y 7.807..19.408 mm; Z 344.519..350.615 mm | Arm_Activation_Powertrain_Assembly/Powertrain_Mandatory_Hardware_Assembly/Accu_SSCA-M3-8-A4-BL_10: X -16.584..-7.468 mm; Y 0.045..11.646 mm; Z 344.273..350.369 mm | Arm_Activation_Powertrain_Assembly/Powertrain_Mandatory_Hardware_Assembly/Accu_SSCA-M3-8-A4-BL_11: X -16.562..-7.446 mm; Y -11.608..-0.007 mm; Z 344.519..350.615 mm | Arm_Activation_Powertrain_Assembly/Powertrain_Mandatory_Hardware_Assembly/Accu_SSCA-M3-8-A4-BL_12: X -3.074..6.042 mm; Y -19.446..-7.845 mm; Z 344.273..350.369 mm,Official Accu product identity and nominal dimensions verified 2026-08-22; Official mass 80 g per 100; 2.2 mm captive diameter x 5 mm captive length and 3 mm M3 threaded end.,Occurrence transform and named parent path in both authoring inventories.,"See connection register, motion-track register, and analysis applicability matrix; unpublished mission loads remain NOT CALCULABLE.",NOT DETERMINABLE FROM CONTROLLED INPUTS,CAPTIVE_SCREW_IN_ARM_STOP (DOF RIGID_WITH_PARENT) | THREADED_FASTENER (DOF 0),Endpoint and 0-80 degree exact-Boolean registers; occurrence-specific margin not otherwise stated.,REQUIRES RELEASE DRAWING OR SUPPLIER DRAWING; NOT RELEASED,Modeled access only; physical tool-access verification required.,See assembly/service/reset instructions; physical trial required.,A4-80 stainless steel; Matte-black A4 stainless; verify coating compatibility for submerged service,0.0008 kg each; exact occurrence allocation in mass report.,"Mass, motion/interference, interface, environment, manufacturing; additional load analysis as applicable.",https://www.accu.co.uk/cap-head-captive-screws/779966-SSCA-M3-8-A4-BL,DIGITAL DEFINITION PRESENT; RELEASE QUALIFICATION NOT ESTABLISHED
Accu_SSCF-M3-10-A4,SSCF-M3-10-A4,"M3 X 10 FULL-THREAD SOCKET CAP SCREW, DIN 912 / ISO 4762",2,Arm_Activation_Powertrain_Assembly/Powertrain_Mandatory_Hardware_Assembly/Accu_SSCF-M3-10-A4_01: X 5.801..15.982 mm; Y -24.931..-11.548 mm; Z 353.000..358.500 mm | Arm_Activation_Powertrain_Assembly/Powertrain_Mandatory_Hardware_Assembly/Accu_SSCF-M3-10-A4_02: X 5.801..15.982 mm; Y -24.931..-11.548 mm; Z 535.026..540.526 mm,"Official Accu product identity and nominal dimensions verified 2026-08-22; Official mass 88 g per 100; M3 x 0.5, 5.5 mm head diameter, 3.0 mm head height.",Occurrence transform and named parent path in both authoring inventories.,"See connection register, motion-track register, and analysis applicability matrix; unpublished mission loads remain NOT CALCULABLE.",NOT DETERMINABLE FROM CONTROLLED INPUTS,THREADED_FASTENER (DOF 0),Endpoint and 0-80 degree exact-Boolean registers; occurrence-specific margin not otherwise stated.,REQUIRES RELEASE DRAWING OR SUPPLIER DRAWING; NOT RELEASED,Modeled access only; physical tool-access verification required.,See assembly/service/reset instructions; physical trial required.,A4-80 stainless steel; Natural A4 stainless; clean for submerged service,0.00088 kg each; exact occurrence allocation in mass report.,"Mass, motion/interference, interface, environment, manufacturing; additional load analysis as applicable.",https://www.accu.co.uk/us/socket-cap-head-screws/3975-SSCF-M3-10-A4,DIGITAL DEFINITION PRESENT; RELEASE QUALIFICATION NOT ESTABLISHED
Accu_SSCL-M4-8-A4,SSCL-M4-8-A4,"M4 X 8 FULL-THREAD LOW-HEAD SOCKET CAP SCREW, DIN 7984",1,Arm_Activation_Powertrain_Assembly/Powertrain_Mandatory_Hardware_Assembly/Accu_SSCL-M4-8-A4: X -3.500..3.500 mm; Y -3.500..3.500 mm; Z 339.200..350.000 mm,"Official Accu product identity and nominal dimensions verified 2026-08-22; Official mass 112 g per 100; M4 x 0.7, 7.0 mm head diameter, 2.8 mm head height.",Occurrence transform and named parent path in both authoring inventories.,"See connection register, motion-track register, and analysis applicability matrix; unpublished mission loads remain NOT CALCULABLE.",NOT DETERMINABLE FROM CONTROLLED INPUTS,THREADED_FASTENER (DOF 0),Endpoint and 0-80 degree exact-Boolean registers; occurrence-specific margin not otherwise stated.,REQUIRES RELEASE DRAWING OR SUPPLIER DRAWING; NOT RELEASED,Modeled access only; physical tool-access verification required.,See assembly/service/reset instructions; physical trial required.,A4-80 stainless steel; Natural A4 stainless; clean for submerged service,0.00112 kg each; exact occurrence allocation in mass report.,"Mass, motion/interference, interface, environment, manufacturing; additional load analysis as applicable.",https://www.accu.co.uk/low-head-cap-screws/8885-SSCL-M4-8-A4,DIGITAL DEFINITION PRESENT; RELEASE QUALIFICATION NOT ESTABLISHED
Halkey_Roberts_Water_Bobbin_V80040,V80040,HALKEY-ROBERTS WATER-SENSITIVE BOBBIN,1,Shortened_Aft_Body_External_Buoy_Assembly/Buoy_Mounted_Automatic_Manual_Inflation_Assembly/Halkey_Roberts_Water_Bobbin_V80040: X 71.000..81.000 mm; Y -5.000..5.000 mm; Z 1488.000..1506.000 mm,"Exact V80040 identity; controlled incoming inspection verifies the 10 mm diameter by 18 mm modeled service envelope, lot traceability, and current Nordson/Halkey-Roberts IFU revision.",Occurrence transform and named parent path in both authoring inventories.,"See connection register, motion-track register, and analysis applicability matrix; unpublished mission loads remain NOT CALCULABLE.","Official V80040 IFU: water-sensitive bobbin intended for Halkey-Roberts products; orientation, storage, lot/date, and replacement controls apply.",CAPTURED_AUTOMATIC_WATER_ELEMENT (DOF LATER_PHASE_BUOY_MOTION),Endpoint and 0-80 degree exact-Boolean registers; occurrence-specific margin not otherwise stated.,REQUIRES RELEASE DRAWING OR SUPPLIER DRAWING; NOT RELEASED,Modeled access only; physical tool-access verification required.,See assembly/service/reset instructions; physical trial required.,Water-sensitive media; ,0.00169646 kg each; exact occurrence allocation in mass report.,"Mass, motion/interference, interface, environment, manufacturing; additional load analysis as applicable.",https://fluid-components.nordsonmedical.com/files/fluid-components-nordsonmedical-com/Technical%20Information/HRC/Hyrdo-1F-Manual-Automatic-Inflator-V80040-Bobbin-Instructions-For-Use.pdf,DIGITAL DEFINITION PRESENT; RELEASE QUALIFICATION NOT ESTABLISHED
