connection_id,occurrence_id,mate_occurrence_id,connection_type,retaining_hardware,axial_retention,lateral_retention,anti_rotation,upstream_load_path,downstream_load_path,service_method,evidence,attachment_requirement_count_for_pair,endpoints_exist,status
STRUCT-FWD-001,BALLAST-001,NOSE-001,STRUCTURAL_WELD_OR_PILOT,Integral weld/pilot defined at this pair,Axial shoulder or continuous weld,Circumferential pilot/weld,Clocked pilot or keyed spine feature,NOSE-001,BALLAST-001,Cut the identified weld or remove the identified controlled fasteners,Modeled forward-spine interface BALLAST-001:BALLAST_FORWARD_SOCKET to NOSE-001:NOSE_AFT_TENON,1,YES,CONNECTED
GUIDE-SPIDER-RING,CROSSHEAD-GUIDE-SPIDER,FWD-RING-02,EXACT_SUPPORTED_DIRECT_INTERFACE,"Occurrence-specific modeled shoulder, guide, weld land, or retained interface",Modeled axial stop/shoulder,"Modeled pilot, guide, or weld land",Clocked occurrence-specific geometry,FWD-RING-02,CROSSHEAD-GUIDE-SPIDER,Service only at the named occurrence pair,Direct exact-BREP interface CROSSHEAD-GUIDE-SPIDER:THREE_SPOKE_END_LANDS to FWD-RING-02:THREE_RING_INNER_LANDS,1,YES,CONNECTED
GUIDE-SHAFT-SPIDER,CROSSHEAD-GUIDE-001,CROSSHEAD-GUIDE-SPIDER,EXACT_SUPPORTED_DIRECT_INTERFACE,"Occurrence-specific modeled shoulder, guide, weld land, or retained interface",Modeled axial stop/shoulder,"Modeled pilot, guide, or weld land",Clocked occurrence-specific geometry,CROSSHEAD-GUIDE-SPIDER,CROSSHEAD-GUIDE-001,Service only at the named occurrence pair,Direct exact-BREP interface CROSSHEAD-GUIDE-001:INTEGRAL_FORWARD_SHOULDER to CROSSHEAD-GUIDE-SPIDER:SPIDER_HUB_FACE,1,YES,CONNECTED
BACKUP-GUIDE-LONGERON,BACKUP-SPRING-GUIDE,ARM-LONGERON-3,EXACT_SUPPORTED_DIRECT_INTERFACE,"Occurrence-specific modeled shoulder, guide, weld land, or retained interface",Modeled axial stop/shoulder,"Modeled pilot, guide, or weld land",Clocked occurrence-specific geometry,ARM-LONGERON-3,BACKUP-SPRING-GUIDE,Service only at the named occurrence pair,Direct exact-BREP interface BACKUP-SPRING-GUIDE:FORWARD_RADIAL_MOUNT_FOOT to ARM-LONGERON-3:LONGERON_INNER_LAND,1,YES,CONNECTED
BACKUP-SEAT-LONGERON,BACKUP-SPRING-FIXED-SEAT,ARM-LONGERON-3,EXACT_SUPPORTED_DIRECT_INTERFACE,"Occurrence-specific modeled shoulder, guide, weld land, or retained interface",Modeled axial stop/shoulder,"Modeled pilot, guide, or weld land",Clocked occurrence-specific geometry,ARM-LONGERON-3,BACKUP-SPRING-FIXED-SEAT,Service only at the named occurrence pair,Direct exact-BREP interface BACKUP-SPRING-FIXED-SEAT:AFT_RADIAL_MOUNT_TONGUE to ARM-LONGERON-3:LONGERON_INNER_LAND,1,YES,CONNECTED
BACKUP-GUIDE-SEAT,BACKUP-SPRING-GUIDE,BACKUP-SPRING-FIXED-SEAT,EXACT_SUPPORTED_DIRECT_INTERFACE,"Occurrence-specific modeled shoulder, guide, weld land, or retained interface",Modeled axial stop/shoulder,"Modeled pilot, guide, or weld land",Clocked occurrence-specific geometry,BACKUP-SPRING-FIXED-SEAT,BACKUP-SPRING-GUIDE,Service only at the named occurrence pair,Direct exact-BREP interface BACKUP-SPRING-GUIDE:AFT_GUIDE_FLANGE to BACKUP-SPRING-FIXED-SEAT:FIXED_SEAT_FORWARD_FACE,1,YES,CONNECTED
STOP-CARRIER-1,FIXED-STOP-1,PIVOT-CARRIER-1,EXACT_GUIDED_OR_SEATED_INTERFACE,Integral occurrence-specific guide/seat geometry,Defined end shoulder,Defined guide clearance,Clocked guide geometry,PIVOT-CARRIER-1,FIXED-STOP-1,Remove occurrence-matched guide hardware,Direct exact-BREP support FIXED-STOP-1:TWIN_CARRIER_TIE_EARS to PIVOT-CARRIER-1:CARRIER_MOUNT_LANDS,1,YES,CONNECTED
STOW-DOG-GUIDE-1,STOW-DOG-1,STOW-DOG-GUIDE-1,EXACT_GUIDED_OR_SEATED_INTERFACE,Integral occurrence-specific guide/seat geometry,Defined end shoulder,Defined guide clearance,Clocked guide geometry,STOW-DOG-GUIDE-1,STOW-DOG-1,Remove occurrence-matched guide hardware,Direct exact-BREP support STOW-DOG-1:DOG_GUIDE_FACES to STOW-DOG-GUIDE-1:FULL_STROKE_U_GUIDE,1,YES,CONNECTED
STOW-SPRING-GUIDE-1,STOW-DOG-SPRING-1,STOW-DOG-GUIDE-1,EXACT_GUIDED_OR_SEATED_INTERFACE,Integral occurrence-specific guide/seat geometry,Defined end shoulder,Defined guide clearance,Clocked guide geometry,STOW-DOG-GUIDE-1,STOW-DOG-SPRING-1,Remove occurrence-matched guide hardware,Direct exact-BREP support STOW-DOG-SPRING-1:SPRING_FIXED_END to STOW-DOG-GUIDE-1:INTEGRAL_INBOARD_SPRING_SEAT,1,YES,CONNECTED
STOW-SPRING-DOG-1,STOW-DOG-SPRING-1,STOW-DOG-1,EXACT_GUIDED_OR_SEATED_INTERFACE,Integral occurrence-specific guide/seat geometry,Defined end shoulder,Defined guide clearance,Clocked guide geometry,STOW-DOG-1,STOW-DOG-SPRING-1,Remove occurrence-matched guide hardware,Direct exact-BREP support STOW-DOG-SPRING-1:SPRING_MOVING_END to STOW-DOG-1:DOG_INBOARD_SPRING_FACE,1,YES,CONNECTED
STOW-INHIBIT-GUIDE-1,STOW-DOG-INHIBIT-PIN-1,STOW-DOG-GUIDE-1,EXACT_GUIDED_OR_SEATED_INTERFACE,Integral occurrence-specific guide/seat geometry,Defined end shoulder,Defined guide clearance,Clocked guide geometry,STOW-DOG-GUIDE-1,STOW-DOG-INHIBIT-PIN-1,Remove occurrence-matched guide hardware,Direct exact-BREP support STOW-DOG-INHIBIT-PIN-1:GROUND_PIN_SHANK to STOW-DOG-GUIDE-1:GUIDE_TRANSPORT_BORE_OR_PARKING_FACE,1,YES,CONNECTED
STOW-INHIBIT-DOG-1,STOW-DOG-INHIBIT-PIN-1,STOW-DOG-1,EXACT_GUIDED_OR_SEATED_INTERFACE,Integral occurrence-specific guide/seat geometry,Defined end shoulder,Defined guide clearance,Clocked guide geometry,STOW-DOG-1,STOW-DOG-INHIBIT-PIN-1,Remove occurrence-matched guide hardware,Direct exact-BREP support STOW-DOG-INHIBIT-PIN-1:GROUND_PIN_SHANK to STOW-DOG-1:DOG_TRANSPORT_BORE,1,YES,CONNECTED
STOW-INHIBIT-KEEPER-1,STOW-DOG-INHIBIT-KEEPER-1,STOW-DOG-INHIBIT-PIN-1,EXACT_GUIDED_OR_SEATED_INTERFACE,Integral occurrence-specific guide/seat geometry,Defined end shoulder,Defined guide clearance,Clocked guide geometry,STOW-DOG-INHIBIT-PIN-1,STOW-DOG-INHIBIT-KEEPER-1,Remove occurrence-matched guide hardware,Direct exact-BREP support STOW-DOG-INHIBIT-KEEPER-1:CRESCENT_RETAINER to STOW-DOG-INHIBIT-PIN-1:PIN_EXTERNAL_GROOVE,1,YES,CONNECTED
LOCK-DOG-GUIDE-1,LOCK-DOG-1,FIXED-STOP-1,EXACT_GUIDED_OR_SEATED_INTERFACE,Integral occurrence-specific guide/seat geometry,Defined end shoulder,Defined guide clearance,Clocked guide geometry,FIXED-STOP-1,LOCK-DOG-1,Remove occurrence-matched guide hardware,Direct exact-BREP support LOCK-DOG-1:GROUND_LOCK_SHANK to FIXED-STOP-1:LOCK_GUIDE_BORE,1,YES,CONNECTED
LOCK-DOG-PAD-1,LOCK-DOG-1,ARM-STOP-PAD-1,EXACT_GUIDED_OR_SEATED_INTERFACE,Integral occurrence-specific guide/seat geometry,Defined end shoulder,Defined guide clearance,Clocked guide geometry,ARM-STOP-PAD-1,LOCK-DOG-1,Remove occurrence-matched guide hardware,Direct exact-BREP support LOCK-DOG-1:LOCK_NOSE to ARM-STOP-PAD-1:LOCK_STRIKE_BORE,0,YES,CONNECTED
LOCK-SPRING-GUIDE-1,LOCK-SPRING-1,FIXED-STOP-1,EXACT_GUIDED_OR_SEATED_INTERFACE,Integral occurrence-specific guide/seat geometry,Defined end shoulder,Defined guide clearance,Clocked guide geometry,FIXED-STOP-1,LOCK-SPRING-1,Remove occurrence-matched guide hardware,Direct exact-BREP support LOCK-SPRING-1:SPRING_OUTER_END to FIXED-STOP-1:LOCK_GUIDE_CLOSED_SEAT,1,YES,CONNECTED
LOCK-BUSHING-GUIDE-1,LOCK-BUSHING-1,FIXED-STOP-1,EXACT_GUIDED_OR_SEATED_INTERFACE,Integral occurrence-specific guide/seat geometry,Defined end shoulder,Defined guide clearance,Clocked guide geometry,FIXED-STOP-1,LOCK-BUSHING-1,Remove occurrence-matched guide hardware,Direct exact-BREP support LOCK-BUSHING-1:PRESS_FIT_BUSHING_OD to FIXED-STOP-1:LOCK_CHANNEL_OUTER_SEAT,1,YES,CONNECTED
STOP-CARRIER-2,FIXED-STOP-2,PIVOT-CARRIER-2,EXACT_GUIDED_OR_SEATED_INTERFACE,Integral occurrence-specific guide/seat geometry,Defined end shoulder,Defined guide clearance,Clocked guide geometry,PIVOT-CARRIER-2,FIXED-STOP-2,Remove occurrence-matched guide hardware,Direct exact-BREP support FIXED-STOP-2:TWIN_CARRIER_TIE_EARS to PIVOT-CARRIER-2:CARRIER_MOUNT_LANDS,1,YES,CONNECTED
STOW-DOG-GUIDE-2,STOW-DOG-2,STOW-DOG-GUIDE-2,EXACT_GUIDED_OR_SEATED_INTERFACE,Integral occurrence-specific guide/seat geometry,Defined end shoulder,Defined guide clearance,Clocked guide geometry,STOW-DOG-GUIDE-2,STOW-DOG-2,Remove occurrence-matched guide hardware,Direct exact-BREP support STOW-DOG-2:DOG_GUIDE_FACES to STOW-DOG-GUIDE-2:FULL_STROKE_U_GUIDE,1,YES,CONNECTED
STOW-SPRING-GUIDE-2,STOW-DOG-SPRING-2,STOW-DOG-GUIDE-2,EXACT_GUIDED_OR_SEATED_INTERFACE,Integral occurrence-specific guide/seat geometry,Defined end shoulder,Defined guide clearance,Clocked guide geometry,STOW-DOG-GUIDE-2,STOW-DOG-SPRING-2,Remove occurrence-matched guide hardware,Direct exact-BREP support STOW-DOG-SPRING-2:SPRING_FIXED_END to STOW-DOG-GUIDE-2:INTEGRAL_INBOARD_SPRING_SEAT,1,YES,CONNECTED
STOW-SPRING-DOG-2,STOW-DOG-SPRING-2,STOW-DOG-2,EXACT_GUIDED_OR_SEATED_INTERFACE,Integral occurrence-specific guide/seat geometry,Defined end shoulder,Defined guide clearance,Clocked guide geometry,STOW-DOG-2,STOW-DOG-SPRING-2,Remove occurrence-matched guide hardware,Direct exact-BREP support STOW-DOG-SPRING-2:SPRING_MOVING_END to STOW-DOG-2:DOG_INBOARD_SPRING_FACE,1,YES,CONNECTED
STOW-INHIBIT-GUIDE-2,STOW-DOG-INHIBIT-PIN-2,STOW-DOG-GUIDE-2,EXACT_GUIDED_OR_SEATED_INTERFACE,Integral occurrence-specific guide/seat geometry,Defined end shoulder,Defined guide clearance,Clocked guide geometry,STOW-DOG-GUIDE-2,STOW-DOG-INHIBIT-PIN-2,Remove occurrence-matched guide hardware,Direct exact-BREP support STOW-DOG-INHIBIT-PIN-2:GROUND_PIN_SHANK to STOW-DOG-GUIDE-2:GUIDE_TRANSPORT_BORE_OR_PARKING_FACE,1,YES,CONNECTED
STOW-INHIBIT-DOG-2,STOW-DOG-INHIBIT-PIN-2,STOW-DOG-2,EXACT_GUIDED_OR_SEATED_INTERFACE,Integral occurrence-specific guide/seat geometry,Defined end shoulder,Defined guide clearance,Clocked guide geometry,STOW-DOG-2,STOW-DOG-INHIBIT-PIN-2,Remove occurrence-matched guide hardware,Direct exact-BREP support STOW-DOG-INHIBIT-PIN-2:GROUND_PIN_SHANK to STOW-DOG-2:DOG_TRANSPORT_BORE,1,YES,CONNECTED
STOW-INHIBIT-KEEPER-2,STOW-DOG-INHIBIT-KEEPER-2,STOW-DOG-INHIBIT-PIN-2,EXACT_GUIDED_OR_SEATED_INTERFACE,Integral occurrence-specific guide/seat geometry,Defined end shoulder,Defined guide clearance,Clocked guide geometry,STOW-DOG-INHIBIT-PIN-2,STOW-DOG-INHIBIT-KEEPER-2,Remove occurrence-matched guide hardware,Direct exact-BREP support STOW-DOG-INHIBIT-KEEPER-2:CRESCENT_RETAINER to STOW-DOG-INHIBIT-PIN-2:PIN_EXTERNAL_GROOVE,1,YES,CONNECTED
LOCK-DOG-GUIDE-2,LOCK-DOG-2,FIXED-STOP-2,EXACT_GUIDED_OR_SEATED_INTERFACE,Integral occurrence-specific guide/seat geometry,Defined end shoulder,Defined guide clearance,Clocked guide geometry,FIXED-STOP-2,LOCK-DOG-2,Remove occurrence-matched guide hardware,Direct exact-BREP support LOCK-DOG-2:GROUND_LOCK_SHANK to FIXED-STOP-2:LOCK_GUIDE_BORE,1,YES,CONNECTED
LOCK-DOG-PAD-2,LOCK-DOG-2,ARM-STOP-PAD-2,EXACT_GUIDED_OR_SEATED_INTERFACE,Integral occurrence-specific guide/seat geometry,Defined end shoulder,Defined guide clearance,Clocked guide geometry,ARM-STOP-PAD-2,LOCK-DOG-2,Remove occurrence-matched guide hardware,Direct exact-BREP support LOCK-DOG-2:LOCK_NOSE to ARM-STOP-PAD-2:LOCK_STRIKE_BORE,0,YES,CONNECTED
LOCK-SPRING-GUIDE-2,LOCK-SPRING-2,FIXED-STOP-2,EXACT_GUIDED_OR_SEATED_INTERFACE,Integral occurrence-specific guide/seat geometry,Defined end shoulder,Defined guide clearance,Clocked guide geometry,FIXED-STOP-2,LOCK-SPRING-2,Remove occurrence-matched guide hardware,Direct exact-BREP support LOCK-SPRING-2:SPRING_OUTER_END to FIXED-STOP-2:LOCK_GUIDE_CLOSED_SEAT,1,YES,CONNECTED
LOCK-BUSHING-GUIDE-2,LOCK-BUSHING-2,FIXED-STOP-2,EXACT_GUIDED_OR_SEATED_INTERFACE,Integral occurrence-specific guide/seat geometry,Defined end shoulder,Defined guide clearance,Clocked guide geometry,FIXED-STOP-2,LOCK-BUSHING-2,Remove occurrence-matched guide hardware,Direct exact-BREP support LOCK-BUSHING-2:PRESS_FIT_BUSHING_OD to FIXED-STOP-2:LOCK_CHANNEL_OUTER_SEAT,1,YES,CONNECTED
STOP-CARRIER-3,FIXED-STOP-3,PIVOT-CARRIER-3,EXACT_GUIDED_OR_SEATED_INTERFACE,Integral occurrence-specific guide/seat geometry,Defined end shoulder,Defined guide clearance,Clocked guide geometry,PIVOT-CARRIER-3,FIXED-STOP-3,Remove occurrence-matched guide hardware,Direct exact-BREP support FIXED-STOP-3:TWIN_CARRIER_TIE_EARS to PIVOT-CARRIER-3:CARRIER_MOUNT_LANDS,1,YES,CONNECTED
STOW-DOG-GUIDE-3,STOW-DOG-3,STOW-DOG-GUIDE-3,EXACT_GUIDED_OR_SEATED_INTERFACE,Integral occurrence-specific guide/seat geometry,Defined end shoulder,Defined guide clearance,Clocked guide geometry,STOW-DOG-GUIDE-3,STOW-DOG-3,Remove occurrence-matched guide hardware,Direct exact-BREP support STOW-DOG-3:DOG_GUIDE_FACES to STOW-DOG-GUIDE-3:FULL_STROKE_U_GUIDE,1,YES,CONNECTED
STOW-SPRING-GUIDE-3,STOW-DOG-SPRING-3,STOW-DOG-GUIDE-3,EXACT_GUIDED_OR_SEATED_INTERFACE,Integral occurrence-specific guide/seat geometry,Defined end shoulder,Defined guide clearance,Clocked guide geometry,STOW-DOG-GUIDE-3,STOW-DOG-SPRING-3,Remove occurrence-matched guide hardware,Direct exact-BREP support STOW-DOG-SPRING-3:SPRING_FIXED_END to STOW-DOG-GUIDE-3:INTEGRAL_INBOARD_SPRING_SEAT,1,YES,CONNECTED
STOW-SPRING-DOG-3,STOW-DOG-SPRING-3,STOW-DOG-3,EXACT_GUIDED_OR_SEATED_INTERFACE,Integral occurrence-specific guide/seat geometry,Defined end shoulder,Defined guide clearance,Clocked guide geometry,STOW-DOG-3,STOW-DOG-SPRING-3,Remove occurrence-matched guide hardware,Direct exact-BREP support STOW-DOG-SPRING-3:SPRING_MOVING_END to STOW-DOG-3:DOG_INBOARD_SPRING_FACE,1,YES,CONNECTED
STOW-INHIBIT-GUIDE-3,STOW-DOG-INHIBIT-PIN-3,STOW-DOG-GUIDE-3,EXACT_GUIDED_OR_SEATED_INTERFACE,Integral occurrence-specific guide/seat geometry,Defined end shoulder,Defined guide clearance,Clocked guide geometry,STOW-DOG-GUIDE-3,STOW-DOG-INHIBIT-PIN-3,Remove occurrence-matched guide hardware,Direct exact-BREP support STOW-DOG-INHIBIT-PIN-3:GROUND_PIN_SHANK to STOW-DOG-GUIDE-3:GUIDE_TRANSPORT_BORE_OR_PARKING_FACE,1,YES,CONNECTED
STOW-INHIBIT-DOG-3,STOW-DOG-INHIBIT-PIN-3,STOW-DOG-3,EXACT_GUIDED_OR_SEATED_INTERFACE,Integral occurrence-specific guide/seat geometry,Defined end shoulder,Defined guide clearance,Clocked guide geometry,STOW-DOG-3,STOW-DOG-INHIBIT-PIN-3,Remove occurrence-matched guide hardware,Direct exact-BREP support STOW-DOG-INHIBIT-PIN-3:GROUND_PIN_SHANK to STOW-DOG-3:DOG_TRANSPORT_BORE,1,YES,CONNECTED
STOW-INHIBIT-KEEPER-3,STOW-DOG-INHIBIT-KEEPER-3,STOW-DOG-INHIBIT-PIN-3,EXACT_GUIDED_OR_SEATED_INTERFACE,Integral occurrence-specific guide/seat geometry,Defined end shoulder,Defined guide clearance,Clocked guide geometry,STOW-DOG-INHIBIT-PIN-3,STOW-DOG-INHIBIT-KEEPER-3,Remove occurrence-matched guide hardware,Direct exact-BREP support STOW-DOG-INHIBIT-KEEPER-3:CRESCENT_RETAINER to STOW-DOG-INHIBIT-PIN-3:PIN_EXTERNAL_GROOVE,1,YES,CONNECTED
LOCK-DOG-GUIDE-3,LOCK-DOG-3,FIXED-STOP-3,EXACT_GUIDED_OR_SEATED_INTERFACE,Integral occurrence-specific guide/seat geometry,Defined end shoulder,Defined guide clearance,Clocked guide geometry,FIXED-STOP-3,LOCK-DOG-3,Remove occurrence-matched guide hardware,Direct exact-BREP support LOCK-DOG-3:GROUND_LOCK_SHANK to FIXED-STOP-3:LOCK_GUIDE_BORE,1,YES,CONNECTED
LOCK-DOG-PAD-3,LOCK-DOG-3,ARM-STOP-PAD-3,EXACT_GUIDED_OR_SEATED_INTERFACE,Integral occurrence-specific guide/seat geometry,Defined end shoulder,Defined guide clearance,Clocked guide geometry,ARM-STOP-PAD-3,LOCK-DOG-3,Remove occurrence-matched guide hardware,Direct exact-BREP support LOCK-DOG-3:LOCK_NOSE to ARM-STOP-PAD-3:LOCK_STRIKE_BORE,0,YES,CONNECTED
LOCK-SPRING-GUIDE-3,LOCK-SPRING-3,FIXED-STOP-3,EXACT_GUIDED_OR_SEATED_INTERFACE,Integral occurrence-specific guide/seat geometry,Defined end shoulder,Defined guide clearance,Clocked guide geometry,FIXED-STOP-3,LOCK-SPRING-3,Remove occurrence-matched guide hardware,Direct exact-BREP support LOCK-SPRING-3:SPRING_OUTER_END to FIXED-STOP-3:LOCK_GUIDE_CLOSED_SEAT,1,YES,CONNECTED
LOCK-BUSHING-GUIDE-3,LOCK-BUSHING-3,FIXED-STOP-3,EXACT_GUIDED_OR_SEATED_INTERFACE,Integral occurrence-specific guide/seat geometry,Defined end shoulder,Defined guide clearance,Clocked guide geometry,FIXED-STOP-3,LOCK-BUSHING-3,Remove occurrence-matched guide hardware,Direct exact-BREP support LOCK-BUSHING-3:PRESS_FIT_BUSHING_OD to FIXED-STOP-3:LOCK_CHANNEL_OUTER_SEAT,1,YES,CONNECTED
LONG-ARM-LONGERON-1-FWD,ARM-LONGERON-1,FWD-RING-02,WELDED_PRIMARY_LONGERON_END,Continuous structural fillet weld at ARM-LONGERON-1 fwd end,Fwd end shoulder and weld throat,Seat sidewalls for longeron clock position 1,Clocked ARM-LONGERON_SEAT_1_FWD,FWD-RING-02,ARM-LONGERON-1,Cut and inspect the ARM-LONGERON-1 fwd-end weld during depot overhaul,Enumerated ARM-LONGERON-1 fwd interface: FWD_END_TONGUE_1 to FWD-RING-02:ARM-LONGERON_SEAT_1_FWD,1,YES,CONNECTED
LONG-ARM-LONGERON-2-FWD,ARM-LONGERON-2,FWD-RING-02,WELDED_PRIMARY_LONGERON_END,Continuous structural fillet weld at ARM-LONGERON-2 fwd end,Fwd end shoulder and weld throat,Seat sidewalls for longeron clock position 2,Clocked ARM-LONGERON_SEAT_2_FWD,FWD-RING-02,ARM-LONGERON-2,Cut and inspect the ARM-LONGERON-2 fwd-end weld during depot overhaul,Enumerated ARM-LONGERON-2 fwd interface: FWD_END_TONGUE_2 to FWD-RING-02:ARM-LONGERON_SEAT_2_FWD,1,YES,CONNECTED
LONG-ARM-LONGERON-3-FWD,ARM-LONGERON-3,FWD-RING-02,WELDED_PRIMARY_LONGERON_END,Continuous structural fillet weld at ARM-LONGERON-3 fwd end,Fwd end shoulder and weld throat,Seat sidewalls for longeron clock position 3,Clocked ARM-LONGERON_SEAT_3_FWD,FWD-RING-02,ARM-LONGERON-3,Cut and inspect the ARM-LONGERON-3 fwd-end weld during depot overhaul,Enumerated ARM-LONGERON-3 fwd interface: FWD_END_TONGUE_3 to FWD-RING-02:ARM-LONGERON_SEAT_3_FWD,1,YES,CONNECTED
PIVOT-1,ARM-1,PIVOT-CARRIER-1,DOUBLE_SHEAR_REVOLUTE,PIVOT-PIN-1; PIVOT-CLIP-1; two bushings; two washers,Pin head and external spiral ring,Carrier ears and thrust washers,Shouldered pin head,ARM-1,PIVOT-CARRIER-1,Remove spiral ring and withdraw pin,Coaxiality/clearance/retention check,0,YES,CONNECTED
LINK-1-1-BELL,LINK-1-1,ARM-1,REVOLUTE_PIN,LINK-PIN-1-BELL; LINK-CLIP-1-BELL,Pin head and E-ring,Two clevis cheeks with 0.20 mm face gap,Headed pin shoulder,CROSSHEAD-001,ARM-1,Remove E-ring and withdraw pin,Pin/bore common-volume and coaxiality check,0,YES,CONNECTED
LINK-1-2-BELL,LINK-1-2,ARM-1,REVOLUTE_PIN,LINK-PIN-1-BELL; LINK-CLIP-1-BELL,Pin head and E-ring,Two clevis cheeks with 0.20 mm face gap,Headed pin shoulder,CROSSHEAD-001,ARM-1,Remove E-ring and withdraw pin,Pin/bore common-volume and coaxiality check,0,YES,CONNECTED
LINK-1-1-CROSSHEAD,LINK-1-1,CROSSHEAD-001,REVOLUTE_PIN,LINK-PIN-1-CROSSHEAD; LINK-CLIP-1-CROSSHEAD,Pin head and E-ring,Two clevis cheeks with 0.20 mm face gap,Headed pin shoulder,CROSSHEAD-001,ARM-1,Remove E-ring and withdraw pin,Pin/bore common-volume and coaxiality check,0,YES,CONNECTED
LINK-1-2-CROSSHEAD,LINK-1-2,CROSSHEAD-001,REVOLUTE_PIN,LINK-PIN-1-CROSSHEAD; LINK-CLIP-1-CROSSHEAD,Pin head and E-ring,Two clevis cheeks with 0.20 mm face gap,Headed pin shoulder,CROSSHEAD-001,ARM-1,Remove E-ring and withdraw pin,Pin/bore common-volume and coaxiality check,0,YES,CONNECTED
PIVOT-2,ARM-2,PIVOT-CARRIER-2,DOUBLE_SHEAR_REVOLUTE,PIVOT-PIN-2; PIVOT-CLIP-2; two bushings; two washers,Pin head and external spiral ring,Carrier ears and thrust washers,Shouldered pin head,ARM-2,PIVOT-CARRIER-2,Remove spiral ring and withdraw pin,Coaxiality/clearance/retention check,0,YES,CONNECTED
LINK-2-1-BELL,LINK-2-1,ARM-2,REVOLUTE_PIN,LINK-PIN-2-BELL; LINK-CLIP-2-BELL,Pin head and E-ring,Two clevis cheeks with 0.20 mm face gap,Headed pin shoulder,CROSSHEAD-001,ARM-2,Remove E-ring and withdraw pin,Pin/bore common-volume and coaxiality check,0,YES,CONNECTED
LINK-2-2-BELL,LINK-2-2,ARM-2,REVOLUTE_PIN,LINK-PIN-2-BELL; LINK-CLIP-2-BELL,Pin head and E-ring,Two clevis cheeks with 0.20 mm face gap,Headed pin shoulder,CROSSHEAD-001,ARM-2,Remove E-ring and withdraw pin,Pin/bore common-volume and coaxiality check,0,YES,CONNECTED
LINK-2-1-CROSSHEAD,LINK-2-1,CROSSHEAD-001,REVOLUTE_PIN,LINK-PIN-2-CROSSHEAD; LINK-CLIP-2-CROSSHEAD,Pin head and E-ring,Two clevis cheeks with 0.20 mm face gap,Headed pin shoulder,CROSSHEAD-001,ARM-2,Remove E-ring and withdraw pin,Pin/bore common-volume and coaxiality check,0,YES,CONNECTED
LINK-2-2-CROSSHEAD,LINK-2-2,CROSSHEAD-001,REVOLUTE_PIN,LINK-PIN-2-CROSSHEAD; LINK-CLIP-2-CROSSHEAD,Pin head and E-ring,Two clevis cheeks with 0.20 mm face gap,Headed pin shoulder,CROSSHEAD-001,ARM-2,Remove E-ring and withdraw pin,Pin/bore common-volume and coaxiality check,0,YES,CONNECTED
PIVOT-3,ARM-3,PIVOT-CARRIER-3,DOUBLE_SHEAR_REVOLUTE,PIVOT-PIN-3; PIVOT-CLIP-3; two bushings; two washers,Pin head and external spiral ring,Carrier ears and thrust washers,Shouldered pin head,ARM-3,PIVOT-CARRIER-3,Remove spiral ring and withdraw pin,Coaxiality/clearance/retention check,0,YES,CONNECTED
LINK-3-1-BELL,LINK-3-1,ARM-3,REVOLUTE_PIN,LINK-PIN-3-BELL; LINK-CLIP-3-BELL,Pin head and E-ring,Two clevis cheeks with 0.20 mm face gap,Headed pin shoulder,CROSSHEAD-001,ARM-3,Remove E-ring and withdraw pin,Pin/bore common-volume and coaxiality check,0,YES,CONNECTED
LINK-3-2-BELL,LINK-3-2,ARM-3,REVOLUTE_PIN,LINK-PIN-3-BELL; LINK-CLIP-3-BELL,Pin head and E-ring,Two clevis cheeks with 0.20 mm face gap,Headed pin shoulder,CROSSHEAD-001,ARM-3,Remove E-ring and withdraw pin,Pin/bore common-volume and coaxiality check,0,YES,CONNECTED
LINK-3-1-CROSSHEAD,LINK-3-1,CROSSHEAD-001,REVOLUTE_PIN,LINK-PIN-3-CROSSHEAD; LINK-CLIP-3-CROSSHEAD,Pin head and E-ring,Two clevis cheeks with 0.20 mm face gap,Headed pin shoulder,CROSSHEAD-001,ARM-3,Remove E-ring and withdraw pin,Pin/bore common-volume and coaxiality check,0,YES,CONNECTED
LINK-3-2-CROSSHEAD,LINK-3-2,CROSSHEAD-001,REVOLUTE_PIN,LINK-PIN-3-CROSSHEAD; LINK-CLIP-3-CROSSHEAD,Pin head and E-ring,Two clevis cheeks with 0.20 mm face gap,Headed pin shoulder,CROSSHEAD-001,ARM-3,Remove E-ring and withdraw pin,Pin/bore common-volume and coaxiality check,0,YES,CONNECTED
DETAIL-PIVOT-PIN-1-TO-ARM-1,PIVOT-PIN-1,ARM-1,CAPTIVE_HARDWARE,PIVOT-PIN-1 retained by PIVOT-CLIP-1,PIVOT-PIN-1:PIN_GROUND_SHANK_AND_HEAD is axially retained at ARM-1:ARM_AND_CARRIER_COAXIAL_BORES,"ARM-1:ARM_AND_CARRIER_COAXIAL_BORES provides the lateral pilot, clevis, channel, or guide for PIVOT-PIN-1",PIN_GROUND_SHANK_AND_HEAD/ARM_AND_CARRIER_COAXIAL_BORES and the named hardware prevent unintended rotation,ARM-1,PIVOT-PIN-1,Service the named PIVOT-PIN-1 retained by PIVOT-CLIP-1 at this exact occurrence pair,Enumerated modeled joint PIVOT-PIN-1:PIN_GROUND_SHANK_AND_HEAD to ARM-1:ARM_AND_CARRIER_COAXIAL_BORES; class CAPTIVE_HARDWARE,1,YES,CONNECTED
DETAIL-PIVOT-BUSH-1-1-TO-ARM-1,PIVOT-BUSH-1-1,ARM-1,CAPTIVE_HARDWARE,Interference-fit PEEK-lined bushing with controlled shoulder,PIVOT-BUSH-1-1:BUSHING_PRESS_FIT_OD is axially retained at ARM-1:ARM_PIVOT_BOSS_COUNTERBORE,"ARM-1:ARM_PIVOT_BOSS_COUNTERBORE provides the lateral pilot, clevis, channel, or guide for PIVOT-BUSH-1-1",BUSHING_PRESS_FIT_OD/ARM_PIVOT_BOSS_COUNTERBORE and the named hardware prevent unintended rotation,ARM-1,PIVOT-BUSH-1-1,Service the named Interference-fit PEEK-lined bushing with controlled shoulder at this exact occurrence pair,Enumerated modeled joint PIVOT-BUSH-1-1:BUSHING_PRESS_FIT_OD to ARM-1:ARM_PIVOT_BOSS_COUNTERBORE; class CAPTIVE_HARDWARE,1,YES,CONNECTED
DETAIL-PIVOT-BUSH-1-2-TO-ARM-1,PIVOT-BUSH-1-2,ARM-1,CAPTIVE_HARDWARE,Interference-fit PEEK-lined bushing with controlled shoulder,PIVOT-BUSH-1-2:BUSHING_PRESS_FIT_OD is axially retained at ARM-1:ARM_PIVOT_BOSS_COUNTERBORE,"ARM-1:ARM_PIVOT_BOSS_COUNTERBORE provides the lateral pilot, clevis, channel, or guide for PIVOT-BUSH-1-2",BUSHING_PRESS_FIT_OD/ARM_PIVOT_BOSS_COUNTERBORE and the named hardware prevent unintended rotation,ARM-1,PIVOT-BUSH-1-2,Service the named Interference-fit PEEK-lined bushing with controlled shoulder at this exact occurrence pair,Enumerated modeled joint PIVOT-BUSH-1-2:BUSHING_PRESS_FIT_OD to ARM-1:ARM_PIVOT_BOSS_COUNTERBORE; class CAPTIVE_HARDWARE,1,YES,CONNECTED
DETAIL-PIVOT-WASHER-1-1-TO-ARM-1,PIVOT-WASHER-1-1,ARM-1,CAPTIVE_HARDWARE,Captive thrust washer on PIVOT-PIN-1 shoulder,PIVOT-WASHER-1-1:THRUST_WASHER_FACES is axially retained at ARM-1:ARM_PIVOT_BOSS_THRUST_FACE,"ARM-1:ARM_PIVOT_BOSS_THRUST_FACE provides the lateral pilot, clevis, channel, or guide for PIVOT-WASHER-1-1",THRUST_WASHER_FACES/ARM_PIVOT_BOSS_THRUST_FACE and the named hardware prevent unintended rotation,ARM-1,PIVOT-WASHER-1-1,Service the named Captive thrust washer on PIVOT-PIN-1 shoulder at this exact occurrence pair,Enumerated modeled joint PIVOT-WASHER-1-1:THRUST_WASHER_FACES to ARM-1:ARM_PIVOT_BOSS_THRUST_FACE; class CAPTIVE_HARDWARE,1,YES,CONNECTED
DETAIL-PIVOT-WASHER-1-2-TO-ARM-1,PIVOT-WASHER-1-2,ARM-1,CAPTIVE_HARDWARE,Captive thrust washer on PIVOT-PIN-1 shoulder,PIVOT-WASHER-1-2:THRUST_WASHER_FACES is axially retained at ARM-1:ARM_PIVOT_BOSS_THRUST_FACE,"ARM-1:ARM_PIVOT_BOSS_THRUST_FACE provides the lateral pilot, clevis, channel, or guide for PIVOT-WASHER-1-2",THRUST_WASHER_FACES/ARM_PIVOT_BOSS_THRUST_FACE and the named hardware prevent unintended rotation,ARM-1,PIVOT-WASHER-1-2,Service the named Captive thrust washer on PIVOT-PIN-1 shoulder at this exact occurrence pair,Enumerated modeled joint PIVOT-WASHER-1-2:THRUST_WASHER_FACES to ARM-1:ARM_PIVOT_BOSS_THRUST_FACE; class CAPTIVE_HARDWARE,1,YES,CONNECTED
DETAIL-PIVOT-CLIP-1-TO-PIVOT-PIN-1,PIVOT-CLIP-1,PIVOT-PIN-1,CAPTIVE_HARDWARE,PIVOT-CLIP-1 seated in PIVOT-PIN-1 external groove,PIVOT-CLIP-1:EXTERNAL_SPIRAL_RING is axially retained at PIVOT-PIN-1:PIVOT_PIN_RETAINER_GROOVE,"PIVOT-PIN-1:PIVOT_PIN_RETAINER_GROOVE provides the lateral pilot, clevis, channel, or guide for PIVOT-CLIP-1",EXTERNAL_SPIRAL_RING/PIVOT_PIN_RETAINER_GROOVE and the named hardware prevent unintended rotation,PIVOT-PIN-1,PIVOT-CLIP-1,Service the named PIVOT-CLIP-1 seated in PIVOT-PIN-1 external groove at this exact occurrence pair,Enumerated modeled joint PIVOT-CLIP-1:EXTERNAL_SPIRAL_RING to PIVOT-PIN-1:PIVOT_PIN_RETAINER_GROOVE; class CAPTIVE_HARDWARE,1,YES,CONNECTED
DETAIL-LINK-PIN-1-BELL-TO-ARM-1,LINK-PIN-1-BELL,ARM-1,CAPTIVE_LINK_CLEVIS_PIN,LINK-PIN-1-BELL retained by LINK-CLIP-1-BELL,LINK-PIN-1-BELL:PIN_GROUND_SHANK_AND_HEAD is axially retained at ARM-1:BELL_DOUBLE_SHEAR_CLEVIS_BORES,"ARM-1:BELL_DOUBLE_SHEAR_CLEVIS_BORES provides the lateral pilot, clevis, channel, or guide for LINK-PIN-1-BELL",PIN_GROUND_SHANK_AND_HEAD/BELL_DOUBLE_SHEAR_CLEVIS_BORES and the named hardware prevent unintended rotation,ARM-1,LINK-PIN-1-BELL,Service the named LINK-PIN-1-BELL retained by LINK-CLIP-1-BELL at this exact occurrence pair,Enumerated modeled joint LINK-PIN-1-BELL:PIN_GROUND_SHANK_AND_HEAD to ARM-1:BELL_DOUBLE_SHEAR_CLEVIS_BORES; class CAPTIVE_LINK_CLEVIS_PIN,1,YES,CONNECTED
DETAIL-LINK-CLIP-1-BELL-TO-LINK-PIN-1-BELL,LINK-CLIP-1-BELL,LINK-PIN-1-BELL,EXTERNAL_GROOVE_RETAINER,LINK-CLIP-1-BELL seated in LINK-PIN-1-BELL external groove,LINK-CLIP-1-BELL:EXTERNAL_E_RING is axially retained at LINK-PIN-1-BELL:LINK_PIN_RETAINER_GROOVE,"LINK-PIN-1-BELL:LINK_PIN_RETAINER_GROOVE provides the lateral pilot, clevis, channel, or guide for LINK-CLIP-1-BELL",EXTERNAL_E_RING/LINK_PIN_RETAINER_GROOVE and the named hardware prevent unintended rotation,LINK-PIN-1-BELL,LINK-CLIP-1-BELL,Service the named LINK-CLIP-1-BELL seated in LINK-PIN-1-BELL external groove at this exact occurrence pair,Enumerated modeled joint LINK-CLIP-1-BELL:EXTERNAL_E_RING to LINK-PIN-1-BELL:LINK_PIN_RETAINER_GROOVE; class EXTERNAL_GROOVE_RETAINER,1,YES,CONNECTED
DETAIL-LINK-PIN-1-CROSSHEAD-TO-CROSSHEAD-001,LINK-PIN-1-CROSSHEAD,CROSSHEAD-001,CAPTIVE_LINK_CLEVIS_PIN,LINK-PIN-1-CROSSHEAD retained by LINK-CLIP-1-CROSSHEAD,LINK-PIN-1-CROSSHEAD:PIN_GROUND_SHANK_AND_HEAD is axially retained at CROSSHEAD-001:CROSSHEAD_DOUBLE_SHEAR_CLEVIS_BORES,"CROSSHEAD-001:CROSSHEAD_DOUBLE_SHEAR_CLEVIS_BORES provides the lateral pilot, clevis, channel, or guide for LINK-PIN-1-CROSSHEAD",PIN_GROUND_SHANK_AND_HEAD/CROSSHEAD_DOUBLE_SHEAR_CLEVIS_BORES and the named hardware prevent unintended rotation,CROSSHEAD-001,LINK-PIN-1-CROSSHEAD,Service the named LINK-PIN-1-CROSSHEAD retained by LINK-CLIP-1-CROSSHEAD at this exact occurrence pair,Enumerated modeled joint LINK-PIN-1-CROSSHEAD:PIN_GROUND_SHANK_AND_HEAD to CROSSHEAD-001:CROSSHEAD_DOUBLE_SHEAR_CLEVIS_BORES; class CAPTIVE_LINK_CLEVIS_PIN,1,YES,CONNECTED
DETAIL-LINK-CLIP-1-CROSSHEAD-TO-LINK-PIN-1-CROSSHEAD,LINK-CLIP-1-CROSSHEAD,LINK-PIN-1-CROSSHEAD,EXTERNAL_GROOVE_RETAINER,LINK-CLIP-1-CROSSHEAD seated in LINK-PIN-1-CROSSHEAD external groove,LINK-CLIP-1-CROSSHEAD:EXTERNAL_E_RING is axially retained at LINK-PIN-1-CROSSHEAD:LINK_PIN_RETAINER_GROOVE,"LINK-PIN-1-CROSSHEAD:LINK_PIN_RETAINER_GROOVE provides the lateral pilot, clevis, channel, or guide for LINK-CLIP-1-CROSSHEAD",EXTERNAL_E_RING/LINK_PIN_RETAINER_GROOVE and the named hardware prevent unintended rotation,LINK-PIN-1-CROSSHEAD,LINK-CLIP-1-CROSSHEAD,Service the named LINK-CLIP-1-CROSSHEAD seated in LINK-PIN-1-CROSSHEAD external groove at this exact occurrence pair,Enumerated modeled joint LINK-CLIP-1-CROSSHEAD:EXTERNAL_E_RING to LINK-PIN-1-CROSSHEAD:LINK_PIN_RETAINER_GROOVE; class EXTERNAL_GROOVE_RETAINER,1,YES,CONNECTED
DETAIL-PIVOT-PIN-2-TO-ARM-2,PIVOT-PIN-2,ARM-2,CAPTIVE_HARDWARE,PIVOT-PIN-2 retained by PIVOT-CLIP-2,PIVOT-PIN-2:PIN_GROUND_SHANK_AND_HEAD is axially retained at ARM-2:ARM_AND_CARRIER_COAXIAL_BORES,"ARM-2:ARM_AND_CARRIER_COAXIAL_BORES provides the lateral pilot, clevis, channel, or guide for PIVOT-PIN-2",PIN_GROUND_SHANK_AND_HEAD/ARM_AND_CARRIER_COAXIAL_BORES and the named hardware prevent unintended rotation,ARM-2,PIVOT-PIN-2,Service the named PIVOT-PIN-2 retained by PIVOT-CLIP-2 at this exact occurrence pair,Enumerated modeled joint PIVOT-PIN-2:PIN_GROUND_SHANK_AND_HEAD to ARM-2:ARM_AND_CARRIER_COAXIAL_BORES; class CAPTIVE_HARDWARE,1,YES,CONNECTED
DETAIL-PIVOT-BUSH-2-1-TO-ARM-2,PIVOT-BUSH-2-1,ARM-2,CAPTIVE_HARDWARE,Interference-fit PEEK-lined bushing with controlled shoulder,PIVOT-BUSH-2-1:BUSHING_PRESS_FIT_OD is axially retained at ARM-2:ARM_PIVOT_BOSS_COUNTERBORE,"ARM-2:ARM_PIVOT_BOSS_COUNTERBORE provides the lateral pilot, clevis, channel, or guide for PIVOT-BUSH-2-1",BUSHING_PRESS_FIT_OD/ARM_PIVOT_BOSS_COUNTERBORE and the named hardware prevent unintended rotation,ARM-2,PIVOT-BUSH-2-1,Service the named Interference-fit PEEK-lined bushing with controlled shoulder at this exact occurrence pair,Enumerated modeled joint PIVOT-BUSH-2-1:BUSHING_PRESS_FIT_OD to ARM-2:ARM_PIVOT_BOSS_COUNTERBORE; class CAPTIVE_HARDWARE,1,YES,CONNECTED
DETAIL-PIVOT-BUSH-2-2-TO-ARM-2,PIVOT-BUSH-2-2,ARM-2,CAPTIVE_HARDWARE,Interference-fit PEEK-lined bushing with controlled shoulder,PIVOT-BUSH-2-2:BUSHING_PRESS_FIT_OD is axially retained at ARM-2:ARM_PIVOT_BOSS_COUNTERBORE,"ARM-2:ARM_PIVOT_BOSS_COUNTERBORE provides the lateral pilot, clevis, channel, or guide for PIVOT-BUSH-2-2",BUSHING_PRESS_FIT_OD/ARM_PIVOT_BOSS_COUNTERBORE and the named hardware prevent unintended rotation,ARM-2,PIVOT-BUSH-2-2,Service the named Interference-fit PEEK-lined bushing with controlled shoulder at this exact occurrence pair,Enumerated modeled joint PIVOT-BUSH-2-2:BUSHING_PRESS_FIT_OD to ARM-2:ARM_PIVOT_BOSS_COUNTERBORE; class CAPTIVE_HARDWARE,1,YES,CONNECTED
DETAIL-PIVOT-WASHER-2-1-TO-ARM-2,PIVOT-WASHER-2-1,ARM-2,CAPTIVE_HARDWARE,Captive thrust washer on PIVOT-PIN-2 shoulder,PIVOT-WASHER-2-1:THRUST_WASHER_FACES is axially retained at ARM-2:ARM_PIVOT_BOSS_THRUST_FACE,"ARM-2:ARM_PIVOT_BOSS_THRUST_FACE provides the lateral pilot, clevis, channel, or guide for PIVOT-WASHER-2-1",THRUST_WASHER_FACES/ARM_PIVOT_BOSS_THRUST_FACE and the named hardware prevent unintended rotation,ARM-2,PIVOT-WASHER-2-1,Service the named Captive thrust washer on PIVOT-PIN-2 shoulder at this exact occurrence pair,Enumerated modeled joint PIVOT-WASHER-2-1:THRUST_WASHER_FACES to ARM-2:ARM_PIVOT_BOSS_THRUST_FACE; class CAPTIVE_HARDWARE,1,YES,CONNECTED
DETAIL-PIVOT-WASHER-2-2-TO-ARM-2,PIVOT-WASHER-2-2,ARM-2,CAPTIVE_HARDWARE,Captive thrust washer on PIVOT-PIN-2 shoulder,PIVOT-WASHER-2-2:THRUST_WASHER_FACES is axially retained at ARM-2:ARM_PIVOT_BOSS_THRUST_FACE,"ARM-2:ARM_PIVOT_BOSS_THRUST_FACE provides the lateral pilot, clevis, channel, or guide for PIVOT-WASHER-2-2",THRUST_WASHER_FACES/ARM_PIVOT_BOSS_THRUST_FACE and the named hardware prevent unintended rotation,ARM-2,PIVOT-WASHER-2-2,Service the named Captive thrust washer on PIVOT-PIN-2 shoulder at this exact occurrence pair,Enumerated modeled joint PIVOT-WASHER-2-2:THRUST_WASHER_FACES to ARM-2:ARM_PIVOT_BOSS_THRUST_FACE; class CAPTIVE_HARDWARE,1,YES,CONNECTED
DETAIL-PIVOT-CLIP-2-TO-PIVOT-PIN-2,PIVOT-CLIP-2,PIVOT-PIN-2,CAPTIVE_HARDWARE,PIVOT-CLIP-2 seated in PIVOT-PIN-2 external groove,PIVOT-CLIP-2:EXTERNAL_SPIRAL_RING is axially retained at PIVOT-PIN-2:PIVOT_PIN_RETAINER_GROOVE,"PIVOT-PIN-2:PIVOT_PIN_RETAINER_GROOVE provides the lateral pilot, clevis, channel, or guide for PIVOT-CLIP-2",EXTERNAL_SPIRAL_RING/PIVOT_PIN_RETAINER_GROOVE and the named hardware prevent unintended rotation,PIVOT-PIN-2,PIVOT-CLIP-2,Service the named PIVOT-CLIP-2 seated in PIVOT-PIN-2 external groove at this exact occurrence pair,Enumerated modeled joint PIVOT-CLIP-2:EXTERNAL_SPIRAL_RING to PIVOT-PIN-2:PIVOT_PIN_RETAINER_GROOVE; class CAPTIVE_HARDWARE,1,YES,CONNECTED
DETAIL-LINK-PIN-2-BELL-TO-ARM-2,LINK-PIN-2-BELL,ARM-2,CAPTIVE_LINK_CLEVIS_PIN,LINK-PIN-2-BELL retained by LINK-CLIP-2-BELL,LINK-PIN-2-BELL:PIN_GROUND_SHANK_AND_HEAD is axially retained at ARM-2:BELL_DOUBLE_SHEAR_CLEVIS_BORES,"ARM-2:BELL_DOUBLE_SHEAR_CLEVIS_BORES provides the lateral pilot, clevis, channel, or guide for LINK-PIN-2-BELL",PIN_GROUND_SHANK_AND_HEAD/BELL_DOUBLE_SHEAR_CLEVIS_BORES and the named hardware prevent unintended rotation,ARM-2,LINK-PIN-2-BELL,Service the named LINK-PIN-2-BELL retained by LINK-CLIP-2-BELL at this exact occurrence pair,Enumerated modeled joint LINK-PIN-2-BELL:PIN_GROUND_SHANK_AND_HEAD to ARM-2:BELL_DOUBLE_SHEAR_CLEVIS_BORES; class CAPTIVE_LINK_CLEVIS_PIN,1,YES,CONNECTED
DETAIL-LINK-CLIP-2-BELL-TO-LINK-PIN-2-BELL,LINK-CLIP-2-BELL,LINK-PIN-2-BELL,EXTERNAL_GROOVE_RETAINER,LINK-CLIP-2-BELL seated in LINK-PIN-2-BELL external groove,LINK-CLIP-2-BELL:EXTERNAL_E_RING is axially retained at LINK-PIN-2-BELL:LINK_PIN_RETAINER_GROOVE,"LINK-PIN-2-BELL:LINK_PIN_RETAINER_GROOVE provides the lateral pilot, clevis, channel, or guide for LINK-CLIP-2-BELL",EXTERNAL_E_RING/LINK_PIN_RETAINER_GROOVE and the named hardware prevent unintended rotation,LINK-PIN-2-BELL,LINK-CLIP-2-BELL,Service the named LINK-CLIP-2-BELL seated in LINK-PIN-2-BELL external groove at this exact occurrence pair,Enumerated modeled joint LINK-CLIP-2-BELL:EXTERNAL_E_RING to LINK-PIN-2-BELL:LINK_PIN_RETAINER_GROOVE; class EXTERNAL_GROOVE_RETAINER,1,YES,CONNECTED
DETAIL-LINK-PIN-2-CROSSHEAD-TO-CROSSHEAD-001,LINK-PIN-2-CROSSHEAD,CROSSHEAD-001,CAPTIVE_LINK_CLEVIS_PIN,LINK-PIN-2-CROSSHEAD retained by LINK-CLIP-2-CROSSHEAD,LINK-PIN-2-CROSSHEAD:PIN_GROUND_SHANK_AND_HEAD is axially retained at CROSSHEAD-001:CROSSHEAD_DOUBLE_SHEAR_CLEVIS_BORES,"CROSSHEAD-001:CROSSHEAD_DOUBLE_SHEAR_CLEVIS_BORES provides the lateral pilot, clevis, channel, or guide for LINK-PIN-2-CROSSHEAD",PIN_GROUND_SHANK_AND_HEAD/CROSSHEAD_DOUBLE_SHEAR_CLEVIS_BORES and the named hardware prevent unintended rotation,CROSSHEAD-001,LINK-PIN-2-CROSSHEAD,Service the named LINK-PIN-2-CROSSHEAD retained by LINK-CLIP-2-CROSSHEAD at this exact occurrence pair,Enumerated modeled joint LINK-PIN-2-CROSSHEAD:PIN_GROUND_SHANK_AND_HEAD to CROSSHEAD-001:CROSSHEAD_DOUBLE_SHEAR_CLEVIS_BORES; class CAPTIVE_LINK_CLEVIS_PIN,1,YES,CONNECTED
DETAIL-LINK-CLIP-2-CROSSHEAD-TO-LINK-PIN-2-CROSSHEAD,LINK-CLIP-2-CROSSHEAD,LINK-PIN-2-CROSSHEAD,EXTERNAL_GROOVE_RETAINER,LINK-CLIP-2-CROSSHEAD seated in LINK-PIN-2-CROSSHEAD external groove,LINK-CLIP-2-CROSSHEAD:EXTERNAL_E_RING is axially retained at LINK-PIN-2-CROSSHEAD:LINK_PIN_RETAINER_GROOVE,"LINK-PIN-2-CROSSHEAD:LINK_PIN_RETAINER_GROOVE provides the lateral pilot, clevis, channel, or guide for LINK-CLIP-2-CROSSHEAD",EXTERNAL_E_RING/LINK_PIN_RETAINER_GROOVE and the named hardware prevent unintended rotation,LINK-PIN-2-CROSSHEAD,LINK-CLIP-2-CROSSHEAD,Service the named LINK-CLIP-2-CROSSHEAD seated in LINK-PIN-2-CROSSHEAD external groove at this exact occurrence pair,Enumerated modeled joint LINK-CLIP-2-CROSSHEAD:EXTERNAL_E_RING to LINK-PIN-2-CROSSHEAD:LINK_PIN_RETAINER_GROOVE; class EXTERNAL_GROOVE_RETAINER,1,YES,CONNECTED
DETAIL-PIVOT-PIN-3-TO-ARM-3,PIVOT-PIN-3,ARM-3,CAPTIVE_HARDWARE,PIVOT-PIN-3 retained by PIVOT-CLIP-3,PIVOT-PIN-3:PIN_GROUND_SHANK_AND_HEAD is axially retained at ARM-3:ARM_AND_CARRIER_COAXIAL_BORES,"ARM-3:ARM_AND_CARRIER_COAXIAL_BORES provides the lateral pilot, clevis, channel, or guide for PIVOT-PIN-3",PIN_GROUND_SHANK_AND_HEAD/ARM_AND_CARRIER_COAXIAL_BORES and the named hardware prevent unintended rotation,ARM-3,PIVOT-PIN-3,Service the named PIVOT-PIN-3 retained by PIVOT-CLIP-3 at this exact occurrence pair,Enumerated modeled joint PIVOT-PIN-3:PIN_GROUND_SHANK_AND_HEAD to ARM-3:ARM_AND_CARRIER_COAXIAL_BORES; class CAPTIVE_HARDWARE,1,YES,CONNECTED
DETAIL-PIVOT-BUSH-3-1-TO-ARM-3,PIVOT-BUSH-3-1,ARM-3,CAPTIVE_HARDWARE,Interference-fit PEEK-lined bushing with controlled shoulder,PIVOT-BUSH-3-1:BUSHING_PRESS_FIT_OD is axially retained at ARM-3:ARM_PIVOT_BOSS_COUNTERBORE,"ARM-3:ARM_PIVOT_BOSS_COUNTERBORE provides the lateral pilot, clevis, channel, or guide for PIVOT-BUSH-3-1",BUSHING_PRESS_FIT_OD/ARM_PIVOT_BOSS_COUNTERBORE and the named hardware prevent unintended rotation,ARM-3,PIVOT-BUSH-3-1,Service the named Interference-fit PEEK-lined bushing with controlled shoulder at this exact occurrence pair,Enumerated modeled joint PIVOT-BUSH-3-1:BUSHING_PRESS_FIT_OD to ARM-3:ARM_PIVOT_BOSS_COUNTERBORE; class CAPTIVE_HARDWARE,1,YES,CONNECTED
DETAIL-PIVOT-BUSH-3-2-TO-ARM-3,PIVOT-BUSH-3-2,ARM-3,CAPTIVE_HARDWARE,Interference-fit PEEK-lined bushing with controlled shoulder,PIVOT-BUSH-3-2:BUSHING_PRESS_FIT_OD is axially retained at ARM-3:ARM_PIVOT_BOSS_COUNTERBORE,"ARM-3:ARM_PIVOT_BOSS_COUNTERBORE provides the lateral pilot, clevis, channel, or guide for PIVOT-BUSH-3-2",BUSHING_PRESS_FIT_OD/ARM_PIVOT_BOSS_COUNTERBORE and the named hardware prevent unintended rotation,ARM-3,PIVOT-BUSH-3-2,Service the named Interference-fit PEEK-lined bushing with controlled shoulder at this exact occurrence pair,Enumerated modeled joint PIVOT-BUSH-3-2:BUSHING_PRESS_FIT_OD to ARM-3:ARM_PIVOT_BOSS_COUNTERBORE; class CAPTIVE_HARDWARE,1,YES,CONNECTED
DETAIL-PIVOT-WASHER-3-1-TO-ARM-3,PIVOT-WASHER-3-1,ARM-3,CAPTIVE_HARDWARE,Captive thrust washer on PIVOT-PIN-3 shoulder,PIVOT-WASHER-3-1:THRUST_WASHER_FACES is axially retained at ARM-3:ARM_PIVOT_BOSS_THRUST_FACE,"ARM-3:ARM_PIVOT_BOSS_THRUST_FACE provides the lateral pilot, clevis, channel, or guide for PIVOT-WASHER-3-1",THRUST_WASHER_FACES/ARM_PIVOT_BOSS_THRUST_FACE and the named hardware prevent unintended rotation,ARM-3,PIVOT-WASHER-3-1,Service the named Captive thrust washer on PIVOT-PIN-3 shoulder at this exact occurrence pair,Enumerated modeled joint PIVOT-WASHER-3-1:THRUST_WASHER_FACES to ARM-3:ARM_PIVOT_BOSS_THRUST_FACE; class CAPTIVE_HARDWARE,1,YES,CONNECTED
DETAIL-PIVOT-WASHER-3-2-TO-ARM-3,PIVOT-WASHER-3-2,ARM-3,CAPTIVE_HARDWARE,Captive thrust washer on PIVOT-PIN-3 shoulder,PIVOT-WASHER-3-2:THRUST_WASHER_FACES is axially retained at ARM-3:ARM_PIVOT_BOSS_THRUST_FACE,"ARM-3:ARM_PIVOT_BOSS_THRUST_FACE provides the lateral pilot, clevis, channel, or guide for PIVOT-WASHER-3-2",THRUST_WASHER_FACES/ARM_PIVOT_BOSS_THRUST_FACE and the named hardware prevent unintended rotation,ARM-3,PIVOT-WASHER-3-2,Service the named Captive thrust washer on PIVOT-PIN-3 shoulder at this exact occurrence pair,Enumerated modeled joint PIVOT-WASHER-3-2:THRUST_WASHER_FACES to ARM-3:ARM_PIVOT_BOSS_THRUST_FACE; class CAPTIVE_HARDWARE,1,YES,CONNECTED
DETAIL-PIVOT-CLIP-3-TO-PIVOT-PIN-3,PIVOT-CLIP-3,PIVOT-PIN-3,CAPTIVE_HARDWARE,PIVOT-CLIP-3 seated in PIVOT-PIN-3 external groove,PIVOT-CLIP-3:EXTERNAL_SPIRAL_RING is axially retained at PIVOT-PIN-3:PIVOT_PIN_RETAINER_GROOVE,"PIVOT-PIN-3:PIVOT_PIN_RETAINER_GROOVE provides the lateral pilot, clevis, channel, or guide for PIVOT-CLIP-3",EXTERNAL_SPIRAL_RING/PIVOT_PIN_RETAINER_GROOVE and the named hardware prevent unintended rotation,PIVOT-PIN-3,PIVOT-CLIP-3,Service the named PIVOT-CLIP-3 seated in PIVOT-PIN-3 external groove at this exact occurrence pair,Enumerated modeled joint PIVOT-CLIP-3:EXTERNAL_SPIRAL_RING to PIVOT-PIN-3:PIVOT_PIN_RETAINER_GROOVE; class CAPTIVE_HARDWARE,1,YES,CONNECTED
DETAIL-LINK-PIN-3-BELL-TO-ARM-3,LINK-PIN-3-BELL,ARM-3,CAPTIVE_LINK_CLEVIS_PIN,LINK-PIN-3-BELL retained by LINK-CLIP-3-BELL,LINK-PIN-3-BELL:PIN_GROUND_SHANK_AND_HEAD is axially retained at ARM-3:BELL_DOUBLE_SHEAR_CLEVIS_BORES,"ARM-3:BELL_DOUBLE_SHEAR_CLEVIS_BORES provides the lateral pilot, clevis, channel, or guide for LINK-PIN-3-BELL",PIN_GROUND_SHANK_AND_HEAD/BELL_DOUBLE_SHEAR_CLEVIS_BORES and the named hardware prevent unintended rotation,ARM-3,LINK-PIN-3-BELL,Service the named LINK-PIN-3-BELL retained by LINK-CLIP-3-BELL at this exact occurrence pair,Enumerated modeled joint LINK-PIN-3-BELL:PIN_GROUND_SHANK_AND_HEAD to ARM-3:BELL_DOUBLE_SHEAR_CLEVIS_BORES; class CAPTIVE_LINK_CLEVIS_PIN,1,YES,CONNECTED
DETAIL-LINK-CLIP-3-BELL-TO-LINK-PIN-3-BELL,LINK-CLIP-3-BELL,LINK-PIN-3-BELL,EXTERNAL_GROOVE_RETAINER,LINK-CLIP-3-BELL seated in LINK-PIN-3-BELL external groove,LINK-CLIP-3-BELL:EXTERNAL_E_RING is axially retained at LINK-PIN-3-BELL:LINK_PIN_RETAINER_GROOVE,"LINK-PIN-3-BELL:LINK_PIN_RETAINER_GROOVE provides the lateral pilot, clevis, channel, or guide for LINK-CLIP-3-BELL",EXTERNAL_E_RING/LINK_PIN_RETAINER_GROOVE and the named hardware prevent unintended rotation,LINK-PIN-3-BELL,LINK-CLIP-3-BELL,Service the named LINK-CLIP-3-BELL seated in LINK-PIN-3-BELL external groove at this exact occurrence pair,Enumerated modeled joint LINK-CLIP-3-BELL:EXTERNAL_E_RING to LINK-PIN-3-BELL:LINK_PIN_RETAINER_GROOVE; class EXTERNAL_GROOVE_RETAINER,1,YES,CONNECTED
DETAIL-LINK-PIN-3-CROSSHEAD-TO-CROSSHEAD-001,LINK-PIN-3-CROSSHEAD,CROSSHEAD-001,CAPTIVE_LINK_CLEVIS_PIN,LINK-PIN-3-CROSSHEAD retained by LINK-CLIP-3-CROSSHEAD,LINK-PIN-3-CROSSHEAD:PIN_GROUND_SHANK_AND_HEAD is axially retained at CROSSHEAD-001:CROSSHEAD_DOUBLE_SHEAR_CLEVIS_BORES,"CROSSHEAD-001:CROSSHEAD_DOUBLE_SHEAR_CLEVIS_BORES provides the lateral pilot, clevis, channel, or guide for LINK-PIN-3-CROSSHEAD",PIN_GROUND_SHANK_AND_HEAD/CROSSHEAD_DOUBLE_SHEAR_CLEVIS_BORES and the named hardware prevent unintended rotation,CROSSHEAD-001,LINK-PIN-3-CROSSHEAD,Service the named LINK-PIN-3-CROSSHEAD retained by LINK-CLIP-3-CROSSHEAD at this exact occurrence pair,Enumerated modeled joint LINK-PIN-3-CROSSHEAD:PIN_GROUND_SHANK_AND_HEAD to CROSSHEAD-001:CROSSHEAD_DOUBLE_SHEAR_CLEVIS_BORES; class CAPTIVE_LINK_CLEVIS_PIN,1,YES,CONNECTED
DETAIL-LINK-CLIP-3-CROSSHEAD-TO-LINK-PIN-3-CROSSHEAD,LINK-CLIP-3-CROSSHEAD,LINK-PIN-3-CROSSHEAD,EXTERNAL_GROOVE_RETAINER,LINK-CLIP-3-CROSSHEAD seated in LINK-PIN-3-CROSSHEAD external groove,LINK-CLIP-3-CROSSHEAD:EXTERNAL_E_RING is axially retained at LINK-PIN-3-CROSSHEAD:LINK_PIN_RETAINER_GROOVE,"LINK-PIN-3-CROSSHEAD:LINK_PIN_RETAINER_GROOVE provides the lateral pilot, clevis, channel, or guide for LINK-CLIP-3-CROSSHEAD",EXTERNAL_E_RING/LINK_PIN_RETAINER_GROOVE and the named hardware prevent unintended rotation,LINK-PIN-3-CROSSHEAD,LINK-CLIP-3-CROSSHEAD,Service the named LINK-CLIP-3-CROSSHEAD seated in LINK-PIN-3-CROSSHEAD external groove at this exact occurrence pair,Enumerated modeled joint LINK-CLIP-3-CROSSHEAD:EXTERNAL_E_RING to LINK-PIN-3-CROSSHEAD:LINK_PIN_RETAINER_GROOVE; class EXTERNAL_GROOVE_RETAINER,1,YES,CONNECTED
DETAIL-BACKUP-SPRING-001-TO-BACKUP-SPRING-FIXED-SEAT,BACKUP-SPRING-001,BACKUP-SPRING-FIXED-SEAT,CAPTURED_GUIDED_COMPRESSION_SPRING,Closed end coil captured by annular seat and guide,BACKUP-SPRING-001:SPRING_FIXED_END_COIL is axially retained at BACKUP-SPRING-FIXED-SEAT:FIXED_SEAT_ANNULAR_POCKET,"BACKUP-SPRING-FIXED-SEAT:FIXED_SEAT_ANNULAR_POCKET provides the lateral pilot, clevis, channel, or guide for BACKUP-SPRING-001",SPRING_FIXED_END_COIL/FIXED_SEAT_ANNULAR_POCKET and the named hardware prevent unintended rotation,BACKUP-SPRING-FIXED-SEAT,BACKUP-SPRING-001,Service the named Closed end coil captured by annular seat and guide at this exact occurrence pair,Enumerated modeled joint BACKUP-SPRING-001:SPRING_FIXED_END_COIL to BACKUP-SPRING-FIXED-SEAT:FIXED_SEAT_ANNULAR_POCKET; class CAPTURED_GUIDED_COMPRESSION_SPRING,1,YES,CONNECTED
DETAIL-BACKUP-SPRING-MOVING-SEAT-TO-CROSSHEAD-001,BACKUP-SPRING-MOVING-SEAT,CROSSHEAD-001,BOLTED_MOVING_SPRING_SEAT,Piloted M3 screw with locking compound,BACKUP-SPRING-MOVING-SEAT:MOVING_SEAT_PILOT_AND_SCREW is axially retained at CROSSHEAD-001:CROSSHEAD_SPOKE_PILOT_AND_THREAD,"CROSSHEAD-001:CROSSHEAD_SPOKE_PILOT_AND_THREAD provides the lateral pilot, clevis, channel, or guide for BACKUP-SPRING-MOVING-SEAT",MOVING_SEAT_PILOT_AND_SCREW/CROSSHEAD_SPOKE_PILOT_AND_THREAD and the named hardware prevent unintended rotation,CROSSHEAD-001,BACKUP-SPRING-MOVING-SEAT,Service the named Piloted M3 screw with locking compound at this exact occurrence pair,Enumerated modeled joint BACKUP-SPRING-MOVING-SEAT:MOVING_SEAT_PILOT_AND_SCREW to CROSSHEAD-001:CROSSHEAD_SPOKE_PILOT_AND_THREAD; class BOLTED_MOVING_SPRING_SEAT,1,YES,CONNECTED
DETAIL-GS19-BODY-001-TO-GS19-FIXED-YOKE,GS19-BODY-001,GS19-FIXED-YOKE,PINNED_ACTUATOR_BODY_END,GS19-PIN-FIXED and GS19-CLIP-FIXED,GS19-BODY-001:GS19_B8_END_EYE is axially retained at GS19-FIXED-YOKE:FIXED_YOKE_COAXIAL_EARS,"GS19-FIXED-YOKE:FIXED_YOKE_COAXIAL_EARS provides the lateral pilot, clevis, channel, or guide for GS19-BODY-001",GS19_B8_END_EYE/FIXED_YOKE_COAXIAL_EARS and the named hardware prevent unintended rotation,GS19-FIXED-YOKE,GS19-BODY-001,Service the named GS19-PIN-FIXED and GS19-CLIP-FIXED at this exact occurrence pair,Enumerated modeled joint GS19-BODY-001:GS19_B8_END_EYE to GS19-FIXED-YOKE:FIXED_YOKE_COAXIAL_EARS; class PINNED_ACTUATOR_BODY_END,0,YES,CONNECTED
DETAIL-GS19-ROD-001-TO-CROSSHEAD-001,GS19-ROD-001,CROSSHEAD-001,PINNED_TELESCOPING_ROD_END,GS19-PIN-MOVING and GS19-CLIP-MOVING,GS19-ROD-001:GS19_ROD_B8_END_EYE is axially retained at CROSSHEAD-001:CROSSHEAD_GS19_CLEVIS,"CROSSHEAD-001:CROSSHEAD_GS19_CLEVIS provides the lateral pilot, clevis, channel, or guide for GS19-ROD-001",GS19_ROD_B8_END_EYE/CROSSHEAD_GS19_CLEVIS and the named hardware prevent unintended rotation,CROSSHEAD-001,GS19-ROD-001,Service the named GS19-PIN-MOVING and GS19-CLIP-MOVING at this exact occurrence pair,Enumerated modeled joint GS19-ROD-001:GS19_ROD_B8_END_EYE to CROSSHEAD-001:CROSSHEAD_GS19_CLEVIS; class PINNED_TELESCOPING_ROD_END,0,YES,CONNECTED
DETAIL-HBD-BODY-001-TO-HBD-FIXED-YOKE,HBD-BODY-001,HBD-FIXED-YOKE,PINNED_DAMPER_BODY_END,HBD-PIN-FIXED and HBD-CLIP-FIXED,HBD-BODY-001:HBD_AA_BODY_END_EYE is axially retained at HBD-FIXED-YOKE:FIXED_YOKE_COAXIAL_EARS,"HBD-FIXED-YOKE:FIXED_YOKE_COAXIAL_EARS provides the lateral pilot, clevis, channel, or guide for HBD-BODY-001",HBD_AA_BODY_END_EYE/FIXED_YOKE_COAXIAL_EARS and the named hardware prevent unintended rotation,HBD-FIXED-YOKE,HBD-BODY-001,Service the named HBD-PIN-FIXED and HBD-CLIP-FIXED at this exact occurrence pair,Enumerated modeled joint HBD-BODY-001:HBD_AA_BODY_END_EYE to HBD-FIXED-YOKE:FIXED_YOKE_COAXIAL_EARS; class PINNED_DAMPER_BODY_END,0,YES,CONNECTED
DETAIL-HBD-ROD-001-TO-CROSSHEAD-001,HBD-ROD-001,CROSSHEAD-001,PINNED_DAMPER_ROD_END,HBD-PIN-MOVING and HBD-CLIP-MOVING,HBD-ROD-001:HBD_ROD_END_EYE is axially retained at CROSSHEAD-001:CROSSHEAD_HBD_CLEVIS,"CROSSHEAD-001:CROSSHEAD_HBD_CLEVIS provides the lateral pilot, clevis, channel, or guide for HBD-ROD-001",HBD_ROD_END_EYE/CROSSHEAD_HBD_CLEVIS and the named hardware prevent unintended rotation,CROSSHEAD-001,HBD-ROD-001,Service the named HBD-PIN-MOVING and HBD-CLIP-MOVING at this exact occurrence pair,Enumerated modeled joint HBD-ROD-001:HBD_ROD_END_EYE to CROSSHEAD-001:CROSSHEAD_HBD_CLEVIS; class PINNED_DAMPER_ROD_END,0,YES,CONNECTED
DETAIL-GS19-FIXED-YOKE-TO-FIXED-SECTOR-1,GS19-FIXED-YOKE,FIXED-SECTOR-1,BOLTED_ACTUATOR_YOKE,"Two M3 screws, two dowels, and locking compound",GS19-FIXED-YOKE:YOKE_PILOT_AND_2X_M3_PATTERN is axially retained at FIXED-SECTOR-1:SECTOR_GS19_YOKE_DATUM,"FIXED-SECTOR-1:SECTOR_GS19_YOKE_DATUM provides the lateral pilot, clevis, channel, or guide for GS19-FIXED-YOKE",YOKE_PILOT_AND_2X_M3_PATTERN/SECTOR_GS19_YOKE_DATUM and the named hardware prevent unintended rotation,FIXED-SECTOR-1,GS19-FIXED-YOKE,"Service the named Two M3 screws, two dowels, and locking compound at this exact occurrence pair",Enumerated modeled joint GS19-FIXED-YOKE:YOKE_PILOT_AND_2X_M3_PATTERN to FIXED-SECTOR-1:SECTOR_GS19_YOKE_DATUM; class BOLTED_ACTUATOR_YOKE,0,YES,CONNECTED
DETAIL-GS19-PIN-FIXED-TO-GS19-FIXED-YOKE,GS19-PIN-FIXED,GS19-FIXED-YOKE,CAPTIVE_ACTUATOR_CLEVIS_PIN,GS19-PIN-FIXED retained by GS19-CLIP-FIXED,GS19-PIN-FIXED:PIN_GROUND_SHANK_AND_HEAD is axially retained at GS19-FIXED-YOKE:GS19_FIXED_COAXIAL_CLEVIS_BORES,"GS19-FIXED-YOKE:GS19_FIXED_COAXIAL_CLEVIS_BORES provides the lateral pilot, clevis, channel, or guide for GS19-PIN-FIXED",PIN_GROUND_SHANK_AND_HEAD/GS19_FIXED_COAXIAL_CLEVIS_BORES and the named hardware prevent unintended rotation,GS19-FIXED-YOKE,GS19-PIN-FIXED,Service the named GS19-PIN-FIXED retained by GS19-CLIP-FIXED at this exact occurrence pair,Enumerated modeled joint GS19-PIN-FIXED:PIN_GROUND_SHANK_AND_HEAD to GS19-FIXED-YOKE:GS19_FIXED_COAXIAL_CLEVIS_BORES; class CAPTIVE_ACTUATOR_CLEVIS_PIN,1,YES,CONNECTED
DETAIL-GS19-CLIP-FIXED-TO-GS19-PIN-FIXED,GS19-CLIP-FIXED,GS19-PIN-FIXED,EXTERNAL_GROOVE_RETAINER,GS19-CLIP-FIXED seated in GS19-PIN-FIXED external groove,GS19-CLIP-FIXED:EXTERNAL_E_RING is axially retained at GS19-PIN-FIXED:ACTUATOR_PIN_RETAINER_GROOVE,"GS19-PIN-FIXED:ACTUATOR_PIN_RETAINER_GROOVE provides the lateral pilot, clevis, channel, or guide for GS19-CLIP-FIXED",EXTERNAL_E_RING/ACTUATOR_PIN_RETAINER_GROOVE and the named hardware prevent unintended rotation,GS19-PIN-FIXED,GS19-CLIP-FIXED,Service the named GS19-CLIP-FIXED seated in GS19-PIN-FIXED external groove at this exact occurrence pair,Enumerated modeled joint GS19-CLIP-FIXED:EXTERNAL_E_RING to GS19-PIN-FIXED:ACTUATOR_PIN_RETAINER_GROOVE; class EXTERNAL_GROOVE_RETAINER,1,YES,CONNECTED
DETAIL-GS19-PIN-MOVING-TO-CROSSHEAD-001,GS19-PIN-MOVING,CROSSHEAD-001,CAPTIVE_ACTUATOR_CLEVIS_PIN,GS19-PIN-MOVING retained by GS19-CLIP-MOVING,GS19-PIN-MOVING:PIN_GROUND_SHANK_AND_HEAD is axially retained at CROSSHEAD-001:GS19_MOVING_COAXIAL_CLEVIS_BORES,"CROSSHEAD-001:GS19_MOVING_COAXIAL_CLEVIS_BORES provides the lateral pilot, clevis, channel, or guide for GS19-PIN-MOVING",PIN_GROUND_SHANK_AND_HEAD/GS19_MOVING_COAXIAL_CLEVIS_BORES and the named hardware prevent unintended rotation,CROSSHEAD-001,GS19-PIN-MOVING,Service the named GS19-PIN-MOVING retained by GS19-CLIP-MOVING at this exact occurrence pair,Enumerated modeled joint GS19-PIN-MOVING:PIN_GROUND_SHANK_AND_HEAD to CROSSHEAD-001:GS19_MOVING_COAXIAL_CLEVIS_BORES; class CAPTIVE_ACTUATOR_CLEVIS_PIN,1,YES,CONNECTED
DETAIL-GS19-CLIP-MOVING-TO-GS19-PIN-MOVING,GS19-CLIP-MOVING,GS19-PIN-MOVING,EXTERNAL_GROOVE_RETAINER,GS19-CLIP-MOVING seated in GS19-PIN-MOVING external groove,GS19-CLIP-MOVING:EXTERNAL_E_RING is axially retained at GS19-PIN-MOVING:ACTUATOR_PIN_RETAINER_GROOVE,"GS19-PIN-MOVING:ACTUATOR_PIN_RETAINER_GROOVE provides the lateral pilot, clevis, channel, or guide for GS19-CLIP-MOVING",EXTERNAL_E_RING/ACTUATOR_PIN_RETAINER_GROOVE and the named hardware prevent unintended rotation,GS19-PIN-MOVING,GS19-CLIP-MOVING,Service the named GS19-CLIP-MOVING seated in GS19-PIN-MOVING external groove at this exact occurrence pair,Enumerated modeled joint GS19-CLIP-MOVING:EXTERNAL_E_RING to GS19-PIN-MOVING:ACTUATOR_PIN_RETAINER_GROOVE; class EXTERNAL_GROOVE_RETAINER,1,YES,CONNECTED
DETAIL-HBD-FIXED-YOKE-TO-FIXED-SECTOR-2,HBD-FIXED-YOKE,FIXED-SECTOR-2,BOLTED_DAMPER_YOKE,"Two M3 screws, two dowels, and locking compound",HBD-FIXED-YOKE:YOKE_PILOT_AND_2X_M3_PATTERN is axially retained at FIXED-SECTOR-2:SECTOR_HBD_YOKE_DATUM,"FIXED-SECTOR-2:SECTOR_HBD_YOKE_DATUM provides the lateral pilot, clevis, channel, or guide for HBD-FIXED-YOKE",YOKE_PILOT_AND_2X_M3_PATTERN/SECTOR_HBD_YOKE_DATUM and the named hardware prevent unintended rotation,FIXED-SECTOR-2,HBD-FIXED-YOKE,"Service the named Two M3 screws, two dowels, and locking compound at this exact occurrence pair",Enumerated modeled joint HBD-FIXED-YOKE:YOKE_PILOT_AND_2X_M3_PATTERN to FIXED-SECTOR-2:SECTOR_HBD_YOKE_DATUM; class BOLTED_DAMPER_YOKE,0,YES,CONNECTED
DETAIL-HBD-PIN-FIXED-TO-HBD-FIXED-YOKE,HBD-PIN-FIXED,HBD-FIXED-YOKE,CAPTIVE_ACTUATOR_CLEVIS_PIN,HBD-PIN-FIXED retained by HBD-CLIP-FIXED,HBD-PIN-FIXED:PIN_GROUND_SHANK_AND_HEAD is axially retained at HBD-FIXED-YOKE:HBD_FIXED_COAXIAL_CLEVIS_BORES,"HBD-FIXED-YOKE:HBD_FIXED_COAXIAL_CLEVIS_BORES provides the lateral pilot, clevis, channel, or guide for HBD-PIN-FIXED",PIN_GROUND_SHANK_AND_HEAD/HBD_FIXED_COAXIAL_CLEVIS_BORES and the named hardware prevent unintended rotation,HBD-FIXED-YOKE,HBD-PIN-FIXED,Service the named HBD-PIN-FIXED retained by HBD-CLIP-FIXED at this exact occurrence pair,Enumerated modeled joint HBD-PIN-FIXED:PIN_GROUND_SHANK_AND_HEAD to HBD-FIXED-YOKE:HBD_FIXED_COAXIAL_CLEVIS_BORES; class CAPTIVE_ACTUATOR_CLEVIS_PIN,1,YES,CONNECTED
DETAIL-HBD-CLIP-FIXED-TO-HBD-PIN-FIXED,HBD-CLIP-FIXED,HBD-PIN-FIXED,EXTERNAL_GROOVE_RETAINER,HBD-CLIP-FIXED seated in HBD-PIN-FIXED external groove,HBD-CLIP-FIXED:EXTERNAL_E_RING is axially retained at HBD-PIN-FIXED:ACTUATOR_PIN_RETAINER_GROOVE,"HBD-PIN-FIXED:ACTUATOR_PIN_RETAINER_GROOVE provides the lateral pilot, clevis, channel, or guide for HBD-CLIP-FIXED",EXTERNAL_E_RING/ACTUATOR_PIN_RETAINER_GROOVE and the named hardware prevent unintended rotation,HBD-PIN-FIXED,HBD-CLIP-FIXED,Service the named HBD-CLIP-FIXED seated in HBD-PIN-FIXED external groove at this exact occurrence pair,Enumerated modeled joint HBD-CLIP-FIXED:EXTERNAL_E_RING to HBD-PIN-FIXED:ACTUATOR_PIN_RETAINER_GROOVE; class EXTERNAL_GROOVE_RETAINER,1,YES,CONNECTED
DETAIL-HBD-PIN-MOVING-TO-CROSSHEAD-001,HBD-PIN-MOVING,CROSSHEAD-001,CAPTIVE_ACTUATOR_CLEVIS_PIN,HBD-PIN-MOVING retained by HBD-CLIP-MOVING,HBD-PIN-MOVING:PIN_GROUND_SHANK_AND_HEAD is axially retained at CROSSHEAD-001:HBD_MOVING_COAXIAL_CLEVIS_BORES,"CROSSHEAD-001:HBD_MOVING_COAXIAL_CLEVIS_BORES provides the lateral pilot, clevis, channel, or guide for HBD-PIN-MOVING",PIN_GROUND_SHANK_AND_HEAD/HBD_MOVING_COAXIAL_CLEVIS_BORES and the named hardware prevent unintended rotation,CROSSHEAD-001,HBD-PIN-MOVING,Service the named HBD-PIN-MOVING retained by HBD-CLIP-MOVING at this exact occurrence pair,Enumerated modeled joint HBD-PIN-MOVING:PIN_GROUND_SHANK_AND_HEAD to CROSSHEAD-001:HBD_MOVING_COAXIAL_CLEVIS_BORES; class CAPTIVE_ACTUATOR_CLEVIS_PIN,1,YES,CONNECTED
DETAIL-HBD-CLIP-MOVING-TO-HBD-PIN-MOVING,HBD-CLIP-MOVING,HBD-PIN-MOVING,EXTERNAL_GROOVE_RETAINER,HBD-CLIP-MOVING seated in HBD-PIN-MOVING external groove,HBD-CLIP-MOVING:EXTERNAL_E_RING is axially retained at HBD-PIN-MOVING:ACTUATOR_PIN_RETAINER_GROOVE,"HBD-PIN-MOVING:ACTUATOR_PIN_RETAINER_GROOVE provides the lateral pilot, clevis, channel, or guide for HBD-CLIP-MOVING",EXTERNAL_E_RING/ACTUATOR_PIN_RETAINER_GROOVE and the named hardware prevent unintended rotation,HBD-PIN-MOVING,HBD-CLIP-MOVING,Service the named HBD-CLIP-MOVING seated in HBD-PIN-MOVING external groove at this exact occurrence pair,Enumerated modeled joint HBD-CLIP-MOVING:EXTERNAL_E_RING to HBD-PIN-MOVING:ACTUATOR_PIN_RETAINER_GROOVE; class EXTERNAL_GROOVE_RETAINER,1,YES,CONNECTED
DETAIL-FIXED-STOP-SCREW-1-1-TO-PIVOT-CARRIER-1,FIXED-STOP-SCREW-1-1,PIVOT-CARRIER-1,DOWELLED_FIXED_DEPLOY_STOP,Two dowels and two M3 screws with locking compound,FIXED-STOP-SCREW-1-1:STOP_DOWELS_AND_2X_M3 is axially retained at PIVOT-CARRIER-1:CARRIER_STOP_DATUM_AND_THREADS,"PIVOT-CARRIER-1:CARRIER_STOP_DATUM_AND_THREADS provides the lateral pilot, clevis, channel, or guide for FIXED-STOP-SCREW-1-1",STOP_DOWELS_AND_2X_M3/CARRIER_STOP_DATUM_AND_THREADS and the named hardware prevent unintended rotation,PIVOT-CARRIER-1,PIVOT-CARRIER-1,Service the named Two dowels and two M3 screws with locking compound at this exact occurrence pair,Enumerated modeled joint FIXED-STOP-SCREW-1-1:STOP_DOWELS_AND_2X_M3 to PIVOT-CARRIER-1:CARRIER_STOP_DATUM_AND_THREADS; class DOWELLED_FIXED_DEPLOY_STOP,1,YES,CONNECTED
DETAIL-FIXED-STOP-SCREW-1-2-TO-PIVOT-CARRIER-2,FIXED-STOP-SCREW-1-2,PIVOT-CARRIER-1-SECONDARY,DOWELLED_FIXED_DEPLOY_STOP,Two dowels and two M3 screws with locking compound,FIXED-STOP-SCREW-1-2:STOP_DOWELS_AND_2X_M3 is axially retained at PIVOT-CARRIER-2:CARRIER_STOP_DATUM_AND_THREADS,"PIVOT-CARRIER-2:CARRIER_STOP_DATUM_AND_THREADS provides the lateral pilot, clevis, channel, or guide for FIXED-STOP-SCREW-1-2",STOP_DOWELS_AND_2X_M3/CARRIER_STOP_DATUM_AND_THREADS and the named hardware prevent unintended rotation,PIVOT-CARRIER-2,PIVOT-CARRIER-1-SECONDARY,Service the named Two dowels and two M3 screws with locking compound at this exact occurrence pair,Enumerated modeled joint FIXED-STOP-SCREW-1-2:STOP_DOWELS_AND_2X_M3 to PIVOT-CARRIER-2:CARRIER_STOP_DATUM_AND_THREADS; class DOWELLED_FIXED_DEPLOY_STOP,1,YES,CONNECTED
DETAIL-FIXED-STOP-DOWEL-1-1-TO-PIVOT-CARRIER-1,FIXED-STOP-DOWEL-1-1,PIVOT-CARRIER-1,DOWELLED_FIXED_DEPLOY_STOP,Two dowels and two M3 screws with locking compound,FIXED-STOP-DOWEL-1-1:STOP_DOWELS_AND_2X_M3 is axially retained at PIVOT-CARRIER-1:CARRIER_STOP_DATUM_AND_THREADS,"PIVOT-CARRIER-1:CARRIER_STOP_DATUM_AND_THREADS provides the lateral pilot, clevis, channel, or guide for FIXED-STOP-DOWEL-1-1",STOP_DOWELS_AND_2X_M3/CARRIER_STOP_DATUM_AND_THREADS and the named hardware prevent unintended rotation,PIVOT-CARRIER-1,PIVOT-CARRIER-1,Service the named Two dowels and two M3 screws with locking compound at this exact occurrence pair,Enumerated modeled joint FIXED-STOP-DOWEL-1-1:STOP_DOWELS_AND_2X_M3 to PIVOT-CARRIER-1:CARRIER_STOP_DATUM_AND_THREADS; class DOWELLED_FIXED_DEPLOY_STOP,1,YES,CONNECTED
DETAIL-FIXED-STOP-DOWEL-1-2-TO-PIVOT-CARRIER-2,FIXED-STOP-DOWEL-1-2,PIVOT-CARRIER-1-SECONDARY,DOWELLED_FIXED_DEPLOY_STOP,Two dowels and two M3 screws with locking compound,FIXED-STOP-DOWEL-1-2:STOP_DOWELS_AND_2X_M3 is axially retained at PIVOT-CARRIER-2:CARRIER_STOP_DATUM_AND_THREADS,"PIVOT-CARRIER-2:CARRIER_STOP_DATUM_AND_THREADS provides the lateral pilot, clevis, channel, or guide for FIXED-STOP-DOWEL-1-2",STOP_DOWELS_AND_2X_M3/CARRIER_STOP_DATUM_AND_THREADS and the named hardware prevent unintended rotation,PIVOT-CARRIER-2,PIVOT-CARRIER-1-SECONDARY,Service the named Two dowels and two M3 screws with locking compound at this exact occurrence pair,Enumerated modeled joint FIXED-STOP-DOWEL-1-2:STOP_DOWELS_AND_2X_M3 to PIVOT-CARRIER-2:CARRIER_STOP_DATUM_AND_THREADS; class DOWELLED_FIXED_DEPLOY_STOP,1,YES,CONNECTED
DETAIL-FIXED-STOP-SCREW-2-1-TO-PIVOT-CARRIER-1,FIXED-STOP-SCREW-2-1,PIVOT-CARRIER-2,DOWELLED_FIXED_DEPLOY_STOP,Two dowels and two M3 screws with locking compound,FIXED-STOP-SCREW-2-1:STOP_DOWELS_AND_2X_M3 is axially retained at PIVOT-CARRIER-1:CARRIER_STOP_DATUM_AND_THREADS,"PIVOT-CARRIER-1:CARRIER_STOP_DATUM_AND_THREADS provides the lateral pilot, clevis, channel, or guide for FIXED-STOP-SCREW-2-1",STOP_DOWELS_AND_2X_M3/CARRIER_STOP_DATUM_AND_THREADS and the named hardware prevent unintended rotation,PIVOT-CARRIER-1,PIVOT-CARRIER-2,Service the named Two dowels and two M3 screws with locking compound at this exact occurrence pair,Enumerated modeled joint FIXED-STOP-SCREW-2-1:STOP_DOWELS_AND_2X_M3 to PIVOT-CARRIER-1:CARRIER_STOP_DATUM_AND_THREADS; class DOWELLED_FIXED_DEPLOY_STOP,1,YES,CONNECTED
DETAIL-FIXED-STOP-SCREW-2-2-TO-PIVOT-CARRIER-2,FIXED-STOP-SCREW-2-2,PIVOT-CARRIER-2-SECONDARY,DOWELLED_FIXED_DEPLOY_STOP,Two dowels and two M3 screws with locking compound,FIXED-STOP-SCREW-2-2:STOP_DOWELS_AND_2X_M3 is axially retained at PIVOT-CARRIER-2:CARRIER_STOP_DATUM_AND_THREADS,"PIVOT-CARRIER-2:CARRIER_STOP_DATUM_AND_THREADS provides the lateral pilot, clevis, channel, or guide for FIXED-STOP-SCREW-2-2",STOP_DOWELS_AND_2X_M3/CARRIER_STOP_DATUM_AND_THREADS and the named hardware prevent unintended rotation,PIVOT-CARRIER-2,PIVOT-CARRIER-2-SECONDARY,Service the named Two dowels and two M3 screws with locking compound at this exact occurrence pair,Enumerated modeled joint FIXED-STOP-SCREW-2-2:STOP_DOWELS_AND_2X_M3 to PIVOT-CARRIER-2:CARRIER_STOP_DATUM_AND_THREADS; class DOWELLED_FIXED_DEPLOY_STOP,1,YES,CONNECTED
DETAIL-FIXED-STOP-DOWEL-2-1-TO-PIVOT-CARRIER-1,FIXED-STOP-DOWEL-2-1,PIVOT-CARRIER-2,DOWELLED_FIXED_DEPLOY_STOP,Two dowels and two M3 screws with locking compound,FIXED-STOP-DOWEL-2-1:STOP_DOWELS_AND_2X_M3 is axially retained at PIVOT-CARRIER-1:CARRIER_STOP_DATUM_AND_THREADS,"PIVOT-CARRIER-1:CARRIER_STOP_DATUM_AND_THREADS provides the lateral pilot, clevis, channel, or guide for FIXED-STOP-DOWEL-2-1",STOP_DOWELS_AND_2X_M3/CARRIER_STOP_DATUM_AND_THREADS and the named hardware prevent unintended rotation,PIVOT-CARRIER-1,PIVOT-CARRIER-2,Service the named Two dowels and two M3 screws with locking compound at this exact occurrence pair,Enumerated modeled joint FIXED-STOP-DOWEL-2-1:STOP_DOWELS_AND_2X_M3 to PIVOT-CARRIER-1:CARRIER_STOP_DATUM_AND_THREADS; class DOWELLED_FIXED_DEPLOY_STOP,1,YES,CONNECTED
DETAIL-FIXED-STOP-DOWEL-2-2-TO-PIVOT-CARRIER-2,FIXED-STOP-DOWEL-2-2,PIVOT-CARRIER-2-SECONDARY,DOWELLED_FIXED_DEPLOY_STOP,Two dowels and two M3 screws with locking compound,FIXED-STOP-DOWEL-2-2:STOP_DOWELS_AND_2X_M3 is axially retained at PIVOT-CARRIER-2:CARRIER_STOP_DATUM_AND_THREADS,"PIVOT-CARRIER-2:CARRIER_STOP_DATUM_AND_THREADS provides the lateral pilot, clevis, channel, or guide for FIXED-STOP-DOWEL-2-2",STOP_DOWELS_AND_2X_M3/CARRIER_STOP_DATUM_AND_THREADS and the named hardware prevent unintended rotation,PIVOT-CARRIER-2,PIVOT-CARRIER-2-SECONDARY,Service the named Two dowels and two M3 screws with locking compound at this exact occurrence pair,Enumerated modeled joint FIXED-STOP-DOWEL-2-2:STOP_DOWELS_AND_2X_M3 to PIVOT-CARRIER-2:CARRIER_STOP_DATUM_AND_THREADS; class DOWELLED_FIXED_DEPLOY_STOP,1,YES,CONNECTED
DETAIL-FIXED-STOP-SCREW-3-1-TO-PIVOT-CARRIER-1,FIXED-STOP-SCREW-3-1,PIVOT-CARRIER-3,DOWELLED_FIXED_DEPLOY_STOP,Two dowels and two M3 screws with locking compound,FIXED-STOP-SCREW-3-1:STOP_DOWELS_AND_2X_M3 is axially retained at PIVOT-CARRIER-1:CARRIER_STOP_DATUM_AND_THREADS,"PIVOT-CARRIER-1:CARRIER_STOP_DATUM_AND_THREADS provides the lateral pilot, clevis, channel, or guide for FIXED-STOP-SCREW-3-1",STOP_DOWELS_AND_2X_M3/CARRIER_STOP_DATUM_AND_THREADS and the named hardware prevent unintended rotation,PIVOT-CARRIER-1,PIVOT-CARRIER-3,Service the named Two dowels and two M3 screws with locking compound at this exact occurrence pair,Enumerated modeled joint FIXED-STOP-SCREW-3-1:STOP_DOWELS_AND_2X_M3 to PIVOT-CARRIER-1:CARRIER_STOP_DATUM_AND_THREADS; class DOWELLED_FIXED_DEPLOY_STOP,1,YES,CONNECTED
DETAIL-FIXED-STOP-SCREW-3-2-TO-PIVOT-CARRIER-2,FIXED-STOP-SCREW-3-2,PIVOT-CARRIER-3-SECONDARY,DOWELLED_FIXED_DEPLOY_STOP,Two dowels and two M3 screws with locking compound,FIXED-STOP-SCREW-3-2:STOP_DOWELS_AND_2X_M3 is axially retained at PIVOT-CARRIER-2:CARRIER_STOP_DATUM_AND_THREADS,"PIVOT-CARRIER-2:CARRIER_STOP_DATUM_AND_THREADS provides the lateral pilot, clevis, channel, or guide for FIXED-STOP-SCREW-3-2",STOP_DOWELS_AND_2X_M3/CARRIER_STOP_DATUM_AND_THREADS and the named hardware prevent unintended rotation,PIVOT-CARRIER-2,PIVOT-CARRIER-3-SECONDARY,Service the named Two dowels and two M3 screws with locking compound at this exact occurrence pair,Enumerated modeled joint FIXED-STOP-SCREW-3-2:STOP_DOWELS_AND_2X_M3 to PIVOT-CARRIER-2:CARRIER_STOP_DATUM_AND_THREADS; class DOWELLED_FIXED_DEPLOY_STOP,1,YES,CONNECTED
DETAIL-FIXED-STOP-DOWEL-3-1-TO-PIVOT-CARRIER-1,FIXED-STOP-DOWEL-3-1,PIVOT-CARRIER-3,DOWELLED_FIXED_DEPLOY_STOP,Two dowels and two M3 screws with locking compound,FIXED-STOP-DOWEL-3-1:STOP_DOWELS_AND_2X_M3 is axially retained at PIVOT-CARRIER-1:CARRIER_STOP_DATUM_AND_THREADS,"PIVOT-CARRIER-1:CARRIER_STOP_DATUM_AND_THREADS provides the lateral pilot, clevis, channel, or guide for FIXED-STOP-DOWEL-3-1",STOP_DOWELS_AND_2X_M3/CARRIER_STOP_DATUM_AND_THREADS and the named hardware prevent unintended rotation,PIVOT-CARRIER-1,PIVOT-CARRIER-3,Service the named Two dowels and two M3 screws with locking compound at this exact occurrence pair,Enumerated modeled joint FIXED-STOP-DOWEL-3-1:STOP_DOWELS_AND_2X_M3 to PIVOT-CARRIER-1:CARRIER_STOP_DATUM_AND_THREADS; class DOWELLED_FIXED_DEPLOY_STOP,1,YES,CONNECTED
DETAIL-FIXED-STOP-DOWEL-3-2-TO-PIVOT-CARRIER-2,FIXED-STOP-DOWEL-3-2,PIVOT-CARRIER-3-SECONDARY,DOWELLED_FIXED_DEPLOY_STOP,Two dowels and two M3 screws with locking compound,FIXED-STOP-DOWEL-3-2:STOP_DOWELS_AND_2X_M3 is axially retained at PIVOT-CARRIER-2:CARRIER_STOP_DATUM_AND_THREADS,"PIVOT-CARRIER-2:CARRIER_STOP_DATUM_AND_THREADS provides the lateral pilot, clevis, channel, or guide for FIXED-STOP-DOWEL-3-2",STOP_DOWELS_AND_2X_M3/CARRIER_STOP_DATUM_AND_THREADS and the named hardware prevent unintended rotation,PIVOT-CARRIER-2,PIVOT-CARRIER-3-SECONDARY,Service the named Two dowels and two M3 screws with locking compound at this exact occurrence pair,Enumerated modeled joint FIXED-STOP-DOWEL-3-2:STOP_DOWELS_AND_2X_M3 to PIVOT-CARRIER-2:CARRIER_STOP_DATUM_AND_THREADS; class DOWELLED_FIXED_DEPLOY_STOP,1,YES,CONNECTED
TRANSITION-BALLAST,FWD-RING-02,BALLAST-001,CONTROLLED_SHRINK_LAND_AND_CIRCUMFERENTIAL_WELD,INTEGRAL RING LAND,POSITIVE,POSITIVE,DEFINED,FWD-RING-02,BALLAST-001,CONTROLLED SERVICE PROCEDURE,Exact shared Z=336.000 mm source-face datum and qualified structural joint,1,YES,CONNECTED
CARRIER-TRANSITION-1,PIVOT-CARRIER-1,FWD-RING-02,QUALIFIED_DOUBLE_FILLET_WELD,TWO CARRIER WEBS,POSITIVE,POSITIVE,DEFINED,PIVOT-CARRIER-1,FWD-RING-02,CONTROLLED SERVICE PROCEDURE,Carrier forward face Z=344.000 mm on transition-ring aft face,1,YES,CONNECTED
LONGERON-TERMINATION-1,ARM-LONGERON-1,ARM-TERMINATION-RING-001,QUALIFIED_LASER_WELD,INTEGRAL LONGERON LAND,POSITIVE,POSITIVE,DEFINED,ARM-LONGERON-1,ARM-TERMINATION-RING-001,CONTROLLED SERVICE PROCEDURE,Shortened arm-module axial/torsional load path,2,YES,CONNECTED
STOW-GUIDE-TERMINATION-1,STOW-DOG-GUIDE-1,ARM-TERMINATION-RING-001,QUALIFIED_PERMANENT_WELD,INTEGRAL GUIDE TONGUE,POSITIVE,POSITIVE,DEFINED,STOW-DOG-GUIDE-1,ARM-TERMINATION-RING-001,CONTROLLED SERVICE PROCEDURE,Occurrence-matched short-arm stowed-retention support,2,YES,CONNECTED
AFT-LONGERON-HARDPOINT-FWD-1,AFT-LONGERON-FWD-1,RECOVERY-HARDPOINT-RING,QUALIFIED_LASER_WELD,INTEGRAL RING LAND,POSITIVE,POSITIVE,DEFINED,AFT-LONGERON-FWD-1,RECOVERY-HARDPOINT-RING,CONTROLLED SERVICE PROCEDURE,Recovery load transfers into forward shell/arm termination ring,1,YES,CONNECTED
AFT-LONGERON-HARDPOINT-AFT-1,AFT-LONGERON-AFT-1,RECOVERY-HARDPOINT-RING,QUALIFIED_LASER_WELD,INTEGRAL RING LAND,POSITIVE,POSITIVE,DEFINED,AFT-LONGERON-AFT-1,RECOVERY-HARDPOINT-RING,CONTROLLED SERVICE PROCEDURE,Recovery load transfers into aft closure segment,1,YES,CONNECTED
AFT-LONGERON-SHELL-FWD-1,AFT-LONGERON-FWD-1,SHORT-AFT-SHELL-FWD,QUALIFIED_CONTINUOUS_LONGITUDINAL_WELD,INTEGRAL SHELL LAND,POSITIVE,POSITIVE,DEFINED,AFT-LONGERON-FWD-1,SHORT-AFT-SHELL-FWD,CONTROLLED SERVICE PROCEDURE,Modeled primary axial and torsional shell reinforcement,1,YES,CONNECTED
AFT-LONGERON-SHELL-AFT-1,AFT-LONGERON-AFT-1,SHORT-AFT-SHELL-AFT,QUALIFIED_CONTINUOUS_LONGITUDINAL_WELD,INTEGRAL SHELL LAND,POSITIVE,POSITIVE,DEFINED,AFT-LONGERON-AFT-1,SHORT-AFT-SHELL-AFT,CONTROLLED SERVICE PROCEDURE,Modeled primary axial and torsional shell reinforcement,1,YES,CONNECTED
CARRIER-TRANSITION-2,PIVOT-CARRIER-2,FWD-RING-02,QUALIFIED_DOUBLE_FILLET_WELD,TWO CARRIER WEBS,POSITIVE,POSITIVE,DEFINED,PIVOT-CARRIER-2,FWD-RING-02,CONTROLLED SERVICE PROCEDURE,Carrier forward face Z=344.000 mm on transition-ring aft face,1,YES,CONNECTED
LONGERON-TERMINATION-2,ARM-LONGERON-2,ARM-TERMINATION-RING-001,QUALIFIED_LASER_WELD,INTEGRAL LONGERON LAND,POSITIVE,POSITIVE,DEFINED,ARM-LONGERON-2,ARM-TERMINATION-RING-001,CONTROLLED SERVICE PROCEDURE,Shortened arm-module axial/torsional load path,2,YES,CONNECTED
STOW-GUIDE-TERMINATION-2,STOW-DOG-GUIDE-2,ARM-TERMINATION-RING-001,QUALIFIED_PERMANENT_WELD,INTEGRAL GUIDE TONGUE,POSITIVE,POSITIVE,DEFINED,STOW-DOG-GUIDE-2,ARM-TERMINATION-RING-001,CONTROLLED SERVICE PROCEDURE,Occurrence-matched short-arm stowed-retention support,2,YES,CONNECTED
AFT-LONGERON-HARDPOINT-FWD-2,AFT-LONGERON-FWD-2,RECOVERY-HARDPOINT-RING,QUALIFIED_LASER_WELD,INTEGRAL RING LAND,POSITIVE,POSITIVE,DEFINED,AFT-LONGERON-FWD-2,RECOVERY-HARDPOINT-RING,CONTROLLED SERVICE PROCEDURE,Recovery load transfers into forward shell/arm termination ring,1,YES,CONNECTED
AFT-LONGERON-HARDPOINT-AFT-2,AFT-LONGERON-AFT-2,RECOVERY-HARDPOINT-RING,QUALIFIED_LASER_WELD,INTEGRAL RING LAND,POSITIVE,POSITIVE,DEFINED,AFT-LONGERON-AFT-2,RECOVERY-HARDPOINT-RING,CONTROLLED SERVICE PROCEDURE,Recovery load transfers into aft closure segment,1,YES,CONNECTED
AFT-LONGERON-SHELL-FWD-2,AFT-LONGERON-FWD-2,SHORT-AFT-SHELL-FWD,QUALIFIED_CONTINUOUS_LONGITUDINAL_WELD,INTEGRAL SHELL LAND,POSITIVE,POSITIVE,DEFINED,AFT-LONGERON-FWD-2,SHORT-AFT-SHELL-FWD,CONTROLLED SERVICE PROCEDURE,Modeled primary axial and torsional shell reinforcement,1,YES,CONNECTED
AFT-LONGERON-SHELL-AFT-2,AFT-LONGERON-AFT-2,SHORT-AFT-SHELL-AFT,QUALIFIED_CONTINUOUS_LONGITUDINAL_WELD,INTEGRAL SHELL LAND,POSITIVE,POSITIVE,DEFINED,AFT-LONGERON-AFT-2,SHORT-AFT-SHELL-AFT,CONTROLLED SERVICE PROCEDURE,Modeled primary axial and torsional shell reinforcement,1,YES,CONNECTED
CARRIER-TRANSITION-3,PIVOT-CARRIER-3,FWD-RING-02,QUALIFIED_DOUBLE_FILLET_WELD,TWO CARRIER WEBS,POSITIVE,POSITIVE,DEFINED,PIVOT-CARRIER-3,FWD-RING-02,CONTROLLED SERVICE PROCEDURE,Carrier forward face Z=344.000 mm on transition-ring aft face,1,YES,CONNECTED
LONGERON-TERMINATION-3,ARM-LONGERON-3,ARM-TERMINATION-RING-001,QUALIFIED_LASER_WELD,INTEGRAL LONGERON LAND,POSITIVE,POSITIVE,DEFINED,ARM-LONGERON-3,ARM-TERMINATION-RING-001,CONTROLLED SERVICE PROCEDURE,Shortened arm-module axial/torsional load path,2,YES,CONNECTED
STOW-GUIDE-TERMINATION-3,STOW-DOG-GUIDE-3,ARM-TERMINATION-RING-001,QUALIFIED_PERMANENT_WELD,INTEGRAL GUIDE TONGUE,POSITIVE,POSITIVE,DEFINED,STOW-DOG-GUIDE-3,ARM-TERMINATION-RING-001,CONTROLLED SERVICE PROCEDURE,Occurrence-matched short-arm stowed-retention support,2,YES,CONNECTED
AFT-LONGERON-HARDPOINT-FWD-3,AFT-LONGERON-FWD-3,RECOVERY-HARDPOINT-RING,QUALIFIED_LASER_WELD,INTEGRAL RING LAND,POSITIVE,POSITIVE,DEFINED,AFT-LONGERON-FWD-3,RECOVERY-HARDPOINT-RING,CONTROLLED SERVICE PROCEDURE,Recovery load transfers into forward shell/arm termination ring,1,YES,CONNECTED
AFT-LONGERON-HARDPOINT-AFT-3,AFT-LONGERON-AFT-3,RECOVERY-HARDPOINT-RING,QUALIFIED_LASER_WELD,INTEGRAL RING LAND,POSITIVE,POSITIVE,DEFINED,AFT-LONGERON-AFT-3,RECOVERY-HARDPOINT-RING,CONTROLLED SERVICE PROCEDURE,Recovery load transfers into aft closure segment,1,YES,CONNECTED
AFT-LONGERON-SHELL-FWD-3,AFT-LONGERON-FWD-3,SHORT-AFT-SHELL-FWD,QUALIFIED_CONTINUOUS_LONGITUDINAL_WELD,INTEGRAL SHELL LAND,POSITIVE,POSITIVE,DEFINED,AFT-LONGERON-FWD-3,SHORT-AFT-SHELL-FWD,CONTROLLED SERVICE PROCEDURE,Modeled primary axial and torsional shell reinforcement,1,YES,CONNECTED
AFT-LONGERON-SHELL-AFT-3,AFT-LONGERON-AFT-3,SHORT-AFT-SHELL-AFT,QUALIFIED_CONTINUOUS_LONGITUDINAL_WELD,INTEGRAL SHELL LAND,POSITIVE,POSITIVE,DEFINED,AFT-LONGERON-AFT-3,SHORT-AFT-SHELL-AFT,CONTROLLED SERVICE PROCEDURE,Modeled primary axial and torsional shell reinforcement,1,YES,CONNECTED
AFT-SHELL-TERMINATION,SHORT-AFT-SHELL-FWD,ARM-TERMINATION-RING-001,QUALIFIED_STRUCTURAL_JOINT,CONTROLLED LAND,POSITIVE,POSITIVE,DEFINED,SHORT-AFT-SHELL-FWD,ARM-TERMINATION-RING-001,CONTROLLED SERVICE PROCEDURE,Modeled butt interface with defined axial/torsional load transfer,1,YES,CONNECTED
AFT-SHELL-HARDPOINT-FWD,SHORT-AFT-SHELL-FWD,RECOVERY-HARDPOINT-RING,QUALIFIED_STRUCTURAL_JOINT,CONTROLLED LAND,POSITIVE,POSITIVE,DEFINED,SHORT-AFT-SHELL-FWD,RECOVERY-HARDPOINT-RING,CONTROLLED SERVICE PROCEDURE,Modeled butt interface with defined axial/torsional load transfer,1,YES,CONNECTED
AFT-SHELL-HARDPOINT-AFT,SHORT-AFT-SHELL-AFT,RECOVERY-HARDPOINT-RING,QUALIFIED_STRUCTURAL_JOINT,CONTROLLED LAND,POSITIVE,POSITIVE,DEFINED,SHORT-AFT-SHELL-AFT,RECOVERY-HARDPOINT-RING,CONTROLLED SERVICE PROCEDURE,Modeled butt interface with defined axial/torsional load transfer,1,YES,CONNECTED
AFT-SHELL-CLOSURE,SHORT-AFT-SHELL-AFT,AFT-CLOSURE-RING,QUALIFIED_STRUCTURAL_JOINT,CONTROLLED LAND,POSITIVE,POSITIVE,DEFINED,SHORT-AFT-SHELL-AFT,AFT-CLOSURE-RING,CONTROLLED SERVICE PROCEDURE,Modeled butt interface with defined axial/torsional load transfer,1,YES,CONNECTED
AFT-CAP-CLOSURE,AFT-CLOSURE-CAP,AFT-CLOSURE-RING,QUALIFIED_STRUCTURAL_JOINT,CONTROLLED LAND,POSITIVE,POSITIVE,DEFINED,AFT-CLOSURE-CAP,AFT-CLOSURE-RING,CONTROLLED SERVICE PROCEDURE,Modeled butt interface with defined axial/torsional load transfer,1,YES,CONNECTED
PACK-COLLAR-SHELL-1,PACK-ATTACHMENT-COLLAR-1,SHORT-AFT-SHELL-FWD,QUALIFIED_THREE-POINT_COLLAR_ATTACHMENT,MODELED INTEGRAL COLLAR LANDS,POSITIVE,POSITIVE,DEFINED,PACK-ATTACHMENT-COLLAR-1,SHORT-AFT-SHELL-FWD,CONTROLLED SERVICE PROCEDURE,Low-profile collar positively attached within the rigid 57.15 mm diameter limit,1,YES,CONNECTED
PACK-COLLAR-SHELL-2,PACK-ATTACHMENT-COLLAR-2,SHORT-AFT-SHELL-FWD,QUALIFIED_THREE-POINT_COLLAR_ATTACHMENT,MODELED INTEGRAL COLLAR LANDS,POSITIVE,POSITIVE,DEFINED,PACK-ATTACHMENT-COLLAR-2,SHORT-AFT-SHELL-FWD,CONTROLLED SERVICE PROCEDURE,Low-profile collar positively attached within the rigid 57.15 mm diameter limit,1,YES,CONNECTED
PACK-TIE-COLLAR-1-1,PACK-RADIAL-TIE-1-1,PACK-ATTACHMENT-COLLAR-1,CAPTURED_COLLAR_WEBBING_LOOP,CLOSED BAR-TACKED LOOP,POSITIVE,POSITIVE,DEFINED,PACK-RADIAL-TIE-1-1,PACK-ATTACHMENT-COLLAR-1,CONTROLLED SERVICE PROCEDURE,Occurrence-matched radial tie captures the low-profile rigid collar without entering the recovery load path,1,YES,CONNECTED
PACK-TIE-COLLAR-1-2,PACK-RADIAL-TIE-1-2,PACK-ATTACHMENT-COLLAR-1,CAPTURED_COLLAR_WEBBING_LOOP,CLOSED BAR-TACKED LOOP,POSITIVE,POSITIVE,DEFINED,PACK-RADIAL-TIE-1-2,PACK-ATTACHMENT-COLLAR-1,CONTROLLED SERVICE PROCEDURE,Occurrence-matched radial tie captures the low-profile rigid collar without entering the recovery load path,1,YES,CONNECTED
PACK-TIE-COLLAR-1-3,PACK-RADIAL-TIE-1-3,PACK-ATTACHMENT-COLLAR-1,CAPTURED_COLLAR_WEBBING_LOOP,CLOSED BAR-TACKED LOOP,POSITIVE,POSITIVE,DEFINED,PACK-RADIAL-TIE-1-3,PACK-ATTACHMENT-COLLAR-1,CONTROLLED SERVICE PROCEDURE,Occurrence-matched radial tie captures the low-profile rigid collar without entering the recovery load path,1,YES,CONNECTED
PACK-TIE-COLLAR-2-1,PACK-RADIAL-TIE-2-1,PACK-ATTACHMENT-COLLAR-2,CAPTURED_COLLAR_WEBBING_LOOP,CLOSED BAR-TACKED LOOP,POSITIVE,POSITIVE,DEFINED,PACK-RADIAL-TIE-2-1,PACK-ATTACHMENT-COLLAR-2,CONTROLLED SERVICE PROCEDURE,Occurrence-matched radial tie captures the low-profile rigid collar without entering the recovery load path,1,YES,CONNECTED
PACK-TIE-COLLAR-2-2,PACK-RADIAL-TIE-2-2,PACK-ATTACHMENT-COLLAR-2,CAPTURED_COLLAR_WEBBING_LOOP,CLOSED BAR-TACKED LOOP,POSITIVE,POSITIVE,DEFINED,PACK-RADIAL-TIE-2-2,PACK-ATTACHMENT-COLLAR-2,CONTROLLED SERVICE PROCEDURE,Occurrence-matched radial tie captures the low-profile rigid collar without entering the recovery load path,1,YES,CONNECTED
PACK-TIE-COLLAR-2-3,PACK-RADIAL-TIE-2-3,PACK-ATTACHMENT-COLLAR-2,CAPTURED_COLLAR_WEBBING_LOOP,CLOSED BAR-TACKED LOOP,POSITIVE,POSITIVE,DEFINED,PACK-RADIAL-TIE-2-3,PACK-ATTACHMENT-COLLAR-2,CONTROLLED SERVICE PROCEDURE,Occurrence-matched radial tie captures the low-profile rigid collar without entering the recovery load path,1,YES,CONNECTED
PACK-WEBBING-COLLAR-1,PACK-ATTACHMENT-WEBBING-1,PACK-ATTACHMENT-COLLAR-1,CLOSED_WEBBING_LACE,THREE RADIAL BAR-TACKED TIES,POSITIVE,POSITIVE,DEFINED,PACK-ATTACHMENT-WEBBING-1,PACK-ATTACHMENT-COLLAR-1,CONTROLLED SERVICE PROCEDURE,Modeled retention loop and three ties,1,YES,CONNECTED
PACK-WEBBING-COLLAR-2,PACK-ATTACHMENT-WEBBING-2,PACK-ATTACHMENT-COLLAR-2,CLOSED_WEBBING_LACE,THREE RADIAL BAR-TACKED TIES,POSITIVE,POSITIVE,DEFINED,PACK-ATTACHMENT-WEBBING-2,PACK-ATTACHMENT-COLLAR-2,CONTROLLED SERVICE PROCEDURE,Modeled retention loop and three ties,1,YES,CONNECTED
PACK-CRADLE-LEFT-WEBBING-1,CORDURA-CRADLE-LEFT,PACK-ATTACHMENT-WEBBING-1,BAR_TACKED_SOFTGOODS_JOINT,BOUND SEAM,POSITIVE,POSITIVE,DEFINED,CORDURA-CRADLE-LEFT,PACK-ATTACHMENT-WEBBING-1,CONTROLLED SERVICE PROCEDURE,Controlled stitch traveler and pack-retention proof,1,YES,CONNECTED
PACK-CRADLE-LEFT-WEBBING-2,CORDURA-CRADLE-LEFT,PACK-ATTACHMENT-WEBBING-2,BAR_TACKED_SOFTGOODS_JOINT,BOUND SEAM,POSITIVE,POSITIVE,DEFINED,CORDURA-CRADLE-LEFT,PACK-ATTACHMENT-WEBBING-2,CONTROLLED SERVICE PROCEDURE,Controlled stitch traveler and pack-retention proof,1,YES,CONNECTED
PACK-CRADLE-RIGHT-WEBBING-1,CORDURA-CRADLE-RIGHT,PACK-ATTACHMENT-WEBBING-1,BAR_TACKED_SOFTGOODS_JOINT,BOUND SEAM,POSITIVE,POSITIVE,DEFINED,CORDURA-CRADLE-RIGHT,PACK-ATTACHMENT-WEBBING-1,CONTROLLED SERVICE PROCEDURE,Controlled stitch traveler and pack-retention proof,1,YES,CONNECTED
PACK-CRADLE-RIGHT-WEBBING-2,CORDURA-CRADLE-RIGHT,PACK-ATTACHMENT-WEBBING-2,BAR_TACKED_SOFTGOODS_JOINT,BOUND SEAM,POSITIVE,POSITIVE,DEFINED,CORDURA-CRADLE-RIGHT,PACK-ATTACHMENT-WEBBING-2,CONTROLLED SERVICE PROCEDURE,Controlled stitch traveler and pack-retention proof,1,YES,CONNECTED
PACK-CRADLE-CENTER-SEAM,CORDURA-CRADLE-LEFT,CORDURA-CRADLE-RIGHT,BOUND_DRAINAGE_SEAM,HMPE EDGE TAPE AND BAR TACKS,POSITIVE,POSITIVE,DEFINED,CORDURA-CRADLE-LEFT,CORDURA-CRADLE-RIGHT,CONTROLLED SERVICE PROCEDURE,Two one-solid cradle panels retain controlled centerline drainage,1,YES,CONNECTED
PACK-FLAP-HINGE-LEFT,CORDURA-FLAP-LEFT,CORDURA-CRADLE-LEFT,CONTINUOUS_STITCHED_PEEL_HINGE,BOUND CORDURA SEAM,POSITIVE,POSITIVE,DEFINED,CORDURA-FLAP-LEFT,CORDURA-CRADLE-LEFT,CONTROLLED SERVICE PROCEDURE,Flap remains attached through inflation and breakaway opening,1,YES,CONNECTED
PACK-FLAP-HINGE-RIGHT,CORDURA-FLAP-RIGHT,CORDURA-CRADLE-RIGHT,CONTINUOUS_STITCHED_PEEL_HINGE,BOUND CORDURA SEAM,POSITIVE,POSITIVE,DEFINED,CORDURA-FLAP-RIGHT,CORDURA-CRADLE-RIGHT,CONTROLLED SERVICE PROCEDURE,Flap remains attached through inflation and breakaway opening,1,YES,CONNECTED
PACK-HOOK-FLAP,HOOK-STRIP,CORDURA-FLAP-LEFT,SEWN_HOOK_STRIP,MULTIROW PEEL-AXIS STITCH,POSITIVE,POSITIVE,DEFINED,HOOK-STRIP,CORDURA-FLAP-LEFT,CONTROLLED SERVICE PROCEDURE,Hook strip sewn to reinforced left flap,1,YES,CONNECTED
PACK-LOOP-FLAP,LOOP-STRIP,CORDURA-FLAP-RIGHT,SEWN_LOOP_STRIP,MULTIROW PEEL-AXIS STITCH,POSITIVE,POSITIVE,DEFINED,LOOP-STRIP,CORDURA-FLAP-RIGHT,CONTROLLED SERVICE PROCEDURE,Loop strip sewn to reinforced right flap,1,YES,CONNECTED
PACK-PEEL-CLOSURE,HOOK-STRIP,LOOP-STRIP,WET_RATED_PEEL_BREAKAWAY,16 DEGREE CONTROLLED OVERLAP,POSITIVE,POSITIVE,DEFINED,HOOK-STRIP,LOOP-STRIP,CONTROLLED SERVICE PROCEDURE,Inflation opens the closure in peel,1,YES,CONNECTED
PACK-EDGE-BAND-LEFT-1,PACK-EDGE-BAND-1,CORDURA-CRADLE-LEFT,CONTINUOUS_BOUND_EDGE_STITCH,HMPE BINDING,POSITIVE,POSITIVE,DEFINED,PACK-EDGE-BAND-1,CORDURA-CRADLE-LEFT,CONTROLLED SERVICE PROCEDURE,Radiused reinforced cradle edge,1,YES,CONNECTED
PACK-EDGE-BAND-RIGHT-1,PACK-EDGE-BAND-1,CORDURA-CRADLE-RIGHT,CONTINUOUS_BOUND_EDGE_STITCH,HMPE BINDING,POSITIVE,POSITIVE,DEFINED,PACK-EDGE-BAND-1,CORDURA-CRADLE-RIGHT,CONTROLLED SERVICE PROCEDURE,Radiused reinforced cradle edge,1,YES,CONNECTED
PACK-EDGE-BAND-FLAP-LEFT-1,PACK-EDGE-BAND-1,CORDURA-FLAP-LEFT,CONTINUOUS_BOUND_FLAP_EDGE_STITCH,HMPE BINDING,POSITIVE,POSITIVE,DEFINED,PACK-EDGE-BAND-1,CORDURA-FLAP-LEFT,CONTROLLED SERVICE PROCEDURE,Reinforced edge band remains sewn to the left peel flap through opening,1,YES,CONNECTED
PACK-EDGE-BAND-FLAP-RIGHT-1,PACK-EDGE-BAND-1,CORDURA-FLAP-RIGHT,CONTINUOUS_BOUND_FLAP_EDGE_STITCH,HMPE BINDING,POSITIVE,POSITIVE,DEFINED,PACK-EDGE-BAND-1,CORDURA-FLAP-RIGHT,CONTROLLED SERVICE PROCEDURE,Reinforced edge band remains sewn to the right peel flap through opening,1,YES,CONNECTED
PACK-TIE-WEBBING-1-1,PACK-RADIAL-TIE-1-1,PACK-ATTACHMENT-WEBBING-1,CLOSED_BAR_TACKED_WEBBING_LOOP,MULTIROW BAR TACKS,POSITIVE,POSITIVE,DEFINED,PACK-RADIAL-TIE-1-1,PACK-ATTACHMENT-WEBBING-1,CONTROLLED SERVICE PROCEDURE,Modeled collar-side pack retention,1,YES,CONNECTED
PACK-TIE-CRADLE-1-1,PACK-RADIAL-TIE-1-1,CORDURA-CRADLE-RIGHT,BAR_TACKED_CRADLE_TIE,REINFORCED PATCH AND BAR TACKS,POSITIVE,POSITIVE,DEFINED,PACK-RADIAL-TIE-1-1,CORDURA-CRADLE-RIGHT,CONTROLLED SERVICE PROCEDURE,Modeled cradle-side pack retention,1,YES,CONNECTED
PACK-TIE-WEBBING-1-2,PACK-RADIAL-TIE-1-2,PACK-ATTACHMENT-WEBBING-1,CLOSED_BAR_TACKED_WEBBING_LOOP,MULTIROW BAR TACKS,POSITIVE,POSITIVE,DEFINED,PACK-RADIAL-TIE-1-2,PACK-ATTACHMENT-WEBBING-1,CONTROLLED SERVICE PROCEDURE,Modeled collar-side pack retention,1,YES,CONNECTED
PACK-TIE-CRADLE-1-2,PACK-RADIAL-TIE-1-2,CORDURA-CRADLE-LEFT,BAR_TACKED_CRADLE_TIE,REINFORCED PATCH AND BAR TACKS,POSITIVE,POSITIVE,DEFINED,PACK-RADIAL-TIE-1-2,CORDURA-CRADLE-LEFT,CONTROLLED SERVICE PROCEDURE,Modeled cradle-side pack retention,1,YES,CONNECTED
PACK-TIE-WEBBING-1-3,PACK-RADIAL-TIE-1-3,PACK-ATTACHMENT-WEBBING-1,CLOSED_BAR_TACKED_WEBBING_LOOP,MULTIROW BAR TACKS,POSITIVE,POSITIVE,DEFINED,PACK-RADIAL-TIE-1-3,PACK-ATTACHMENT-WEBBING-1,CONTROLLED SERVICE PROCEDURE,Modeled collar-side pack retention,1,YES,CONNECTED
PACK-TIE-CRADLE-1-3,PACK-RADIAL-TIE-1-3,CORDURA-CRADLE-RIGHT,BAR_TACKED_CRADLE_TIE,REINFORCED PATCH AND BAR TACKS,POSITIVE,POSITIVE,DEFINED,PACK-RADIAL-TIE-1-3,CORDURA-CRADLE-RIGHT,CONTROLLED SERVICE PROCEDURE,Modeled cradle-side pack retention,1,YES,CONNECTED
PACK-EDGE-BAND-LEFT-2,PACK-EDGE-BAND-2,CORDURA-CRADLE-LEFT,CONTINUOUS_BOUND_EDGE_STITCH,HMPE BINDING,POSITIVE,POSITIVE,DEFINED,PACK-EDGE-BAND-2,CORDURA-CRADLE-LEFT,CONTROLLED SERVICE PROCEDURE,Radiused reinforced cradle edge,1,YES,CONNECTED
PACK-EDGE-BAND-RIGHT-2,PACK-EDGE-BAND-2,CORDURA-CRADLE-RIGHT,CONTINUOUS_BOUND_EDGE_STITCH,HMPE BINDING,POSITIVE,POSITIVE,DEFINED,PACK-EDGE-BAND-2,CORDURA-CRADLE-RIGHT,CONTROLLED SERVICE PROCEDURE,Radiused reinforced cradle edge,1,YES,CONNECTED
PACK-EDGE-BAND-FLAP-LEFT-2,PACK-EDGE-BAND-2,CORDURA-FLAP-LEFT,CONTINUOUS_BOUND_FLAP_EDGE_STITCH,HMPE BINDING,POSITIVE,POSITIVE,DEFINED,PACK-EDGE-BAND-2,CORDURA-FLAP-LEFT,CONTROLLED SERVICE PROCEDURE,Reinforced edge band remains sewn to the left peel flap through opening,1,YES,CONNECTED
PACK-EDGE-BAND-FLAP-RIGHT-2,PACK-EDGE-BAND-2,CORDURA-FLAP-RIGHT,CONTINUOUS_BOUND_FLAP_EDGE_STITCH,HMPE BINDING,POSITIVE,POSITIVE,DEFINED,PACK-EDGE-BAND-2,CORDURA-FLAP-RIGHT,CONTROLLED SERVICE PROCEDURE,Reinforced edge band remains sewn to the right peel flap through opening,1,YES,CONNECTED
PACK-TIE-WEBBING-2-1,PACK-RADIAL-TIE-2-1,PACK-ATTACHMENT-WEBBING-2,CLOSED_BAR_TACKED_WEBBING_LOOP,MULTIROW BAR TACKS,POSITIVE,POSITIVE,DEFINED,PACK-RADIAL-TIE-2-1,PACK-ATTACHMENT-WEBBING-2,CONTROLLED SERVICE PROCEDURE,Modeled collar-side pack retention,1,YES,CONNECTED
PACK-TIE-CRADLE-2-1,PACK-RADIAL-TIE-2-1,CORDURA-CRADLE-RIGHT,BAR_TACKED_CRADLE_TIE,REINFORCED PATCH AND BAR TACKS,POSITIVE,POSITIVE,DEFINED,PACK-RADIAL-TIE-2-1,CORDURA-CRADLE-RIGHT,CONTROLLED SERVICE PROCEDURE,Modeled cradle-side pack retention,1,YES,CONNECTED
PACK-TIE-WEBBING-2-2,PACK-RADIAL-TIE-2-2,PACK-ATTACHMENT-WEBBING-2,CLOSED_BAR_TACKED_WEBBING_LOOP,MULTIROW BAR TACKS,POSITIVE,POSITIVE,DEFINED,PACK-RADIAL-TIE-2-2,PACK-ATTACHMENT-WEBBING-2,CONTROLLED SERVICE PROCEDURE,Modeled collar-side pack retention,1,YES,CONNECTED
PACK-TIE-CRADLE-2-2,PACK-RADIAL-TIE-2-2,CORDURA-CRADLE-LEFT,BAR_TACKED_CRADLE_TIE,REINFORCED PATCH AND BAR TACKS,POSITIVE,POSITIVE,DEFINED,PACK-RADIAL-TIE-2-2,CORDURA-CRADLE-LEFT,CONTROLLED SERVICE PROCEDURE,Modeled cradle-side pack retention,1,YES,CONNECTED
PACK-TIE-WEBBING-2-3,PACK-RADIAL-TIE-2-3,PACK-ATTACHMENT-WEBBING-2,CLOSED_BAR_TACKED_WEBBING_LOOP,MULTIROW BAR TACKS,POSITIVE,POSITIVE,DEFINED,PACK-RADIAL-TIE-2-3,PACK-ATTACHMENT-WEBBING-2,CONTROLLED SERVICE PROCEDURE,Modeled collar-side pack retention,1,YES,CONNECTED
PACK-TIE-CRADLE-2-3,PACK-RADIAL-TIE-2-3,CORDURA-CRADLE-RIGHT,BAR_TACKED_CRADLE_TIE,REINFORCED PATCH AND BAR TACKS,POSITIVE,POSITIVE,DEFINED,PACK-RADIAL-TIE-2-3,CORDURA-CRADLE-RIGHT,CONTROLLED SERVICE PROCEDURE,Modeled cradle-side pack retention,1,YES,CONNECTED
BUOY-GORE-SEAM-01,EXT-BUOY-PANEL-01,EXT-BUOY-PANEL-02,12_MM_RF_WELDED_GORE_SEAM,TPU LAMINATE SEAM ALLOWANCE,POSITIVE,POSITIVE,DEFINED,EXT-BUOY-PANEL-01,EXT-BUOY-PANEL-02,CONTROLLED SERVICE PROCEDURE,Closed leak-proof buoy envelope seam,1,YES,CONNECTED
BUOY-GORE-SEAM-02,EXT-BUOY-PANEL-02,EXT-BUOY-PANEL-03,12_MM_RF_WELDED_GORE_SEAM,TPU LAMINATE SEAM ALLOWANCE,POSITIVE,POSITIVE,DEFINED,EXT-BUOY-PANEL-02,EXT-BUOY-PANEL-03,CONTROLLED SERVICE PROCEDURE,Closed leak-proof buoy envelope seam,1,YES,CONNECTED
BUOY-GORE-SEAM-03,EXT-BUOY-PANEL-03,EXT-BUOY-PANEL-04,12_MM_RF_WELDED_GORE_SEAM,TPU LAMINATE SEAM ALLOWANCE,POSITIVE,POSITIVE,DEFINED,EXT-BUOY-PANEL-03,EXT-BUOY-PANEL-04,CONTROLLED SERVICE PROCEDURE,Closed leak-proof buoy envelope seam,1,YES,CONNECTED
BUOY-GORE-SEAM-04,EXT-BUOY-PANEL-04,EXT-BUOY-PANEL-05,12_MM_RF_WELDED_GORE_SEAM,TPU LAMINATE SEAM ALLOWANCE,POSITIVE,POSITIVE,DEFINED,EXT-BUOY-PANEL-04,EXT-BUOY-PANEL-05,CONTROLLED SERVICE PROCEDURE,Closed leak-proof buoy envelope seam,1,YES,CONNECTED
BUOY-GORE-SEAM-05,EXT-BUOY-PANEL-05,EXT-BUOY-PANEL-06,12_MM_RF_WELDED_GORE_SEAM,TPU LAMINATE SEAM ALLOWANCE,POSITIVE,POSITIVE,DEFINED,EXT-BUOY-PANEL-05,EXT-BUOY-PANEL-06,CONTROLLED SERVICE PROCEDURE,Closed leak-proof buoy envelope seam,1,YES,CONNECTED
BUOY-GORE-SEAM-06,EXT-BUOY-PANEL-06,EXT-BUOY-PANEL-07,12_MM_RF_WELDED_GORE_SEAM,TPU LAMINATE SEAM ALLOWANCE,POSITIVE,POSITIVE,DEFINED,EXT-BUOY-PANEL-06,EXT-BUOY-PANEL-07,CONTROLLED SERVICE PROCEDURE,Closed leak-proof buoy envelope seam,1,YES,CONNECTED
BUOY-GORE-SEAM-07,EXT-BUOY-PANEL-07,EXT-BUOY-PANEL-08,12_MM_RF_WELDED_GORE_SEAM,TPU LAMINATE SEAM ALLOWANCE,POSITIVE,POSITIVE,DEFINED,EXT-BUOY-PANEL-07,EXT-BUOY-PANEL-08,CONTROLLED SERVICE PROCEDURE,Closed leak-proof buoy envelope seam,1,YES,CONNECTED
BUOY-GORE-SEAM-08,EXT-BUOY-PANEL-08,EXT-BUOY-PANEL-01,12_MM_RF_WELDED_GORE_SEAM,TPU LAMINATE SEAM ALLOWANCE,POSITIVE,POSITIVE,DEFINED,EXT-BUOY-PANEL-08,EXT-BUOY-PANEL-01,CONTROLLED SERVICE PROCEDURE,Closed leak-proof buoy envelope seam,1,YES,CONNECTED
WATER-MESH-FLAP,WATER-ENTRY-MESH,CORDURA-FLAP-RIGHT,SEWN_REINFORCED_OPEN_WINDOW,BOUND MESH FRAME,POSITIVE,POSITIVE,DEFINED,WATER-ENTRY-MESH,CORDURA-FLAP-RIGHT,CONTROLLED SERVICE PROCEDURE,Direct water path while wrap remains closed,1,YES,CONNECTED
PATCH-BUOY,BUOY-INLET-PATCH,EXT-BUOY-PANEL-01,MULTI_PLY_RF_WELDED_PATCH,CONTROLLED PATCH LAND,POSITIVE,POSITIVE,DEFINED,BUOY-INLET-PATCH,EXT-BUOY-PANEL-01,CONTROLLED SERVICE PROCEDURE,Inflator assembly is directly attached to the buoy inlet reinforcement,1,YES,CONNECTED
INLET-PATCH,BUOY-INLET-MANIFOLD,BUOY-INLET-PATCH,CLAMPED_RF_REINFORCED_INLET,INLET RETAINING FLANGE,POSITIVE,POSITIVE,DEFINED,BUOY-INLET-MANIFOLD,BUOY-INLET-PATCH,CONTROLLED SERVICE PROCEDURE,Direct buoy inlet reinforcement interface,1,YES,CONNECTED
INFLATOR-INLET,HYDRO-1F-INFLATOR-PROXY,BUOY-INLET-MANIFOLD,THREADED_SEALED_INTERFACE,CATALOG THREAD AND SEAL,POSITIVE,POSITIVE,DEFINED,HYDRO-1F-INFLATOR-PROXY,BUOY-INLET-MANIFOLD,CONTROLLED SERVICE PROCEDURE,Hydro 1F commercial interface retained by proxy,1,YES,CONNECTED
CARTRIDGE-INFLATOR,BUOY-CO2-CARTRIDGE-81121,HYDRO-1F-INFLATOR-PROXY,THREADED_PUNCTURE_INTERFACE,CATALOG CARTRIDGE THREAD,POSITIVE,POSITIVE,DEFINED,BUOY-CO2-CARTRIDGE-81121,HYDRO-1F-INFLATOR-PROXY,CONTROLLED SERVICE PROCEDURE,Source-supported cartridge envelope; compatibility test required,1,YES,CONNECTED
BOBBIN-INFLATOR,HYDRO-1F-WATER-BOBBIN-V80040,HYDRO-1F-INFLATOR-PROXY,CAPTURED_WATER_ELEMENT,CATALOG BOBBIN RETAINER,POSITIVE,POSITIVE,DEFINED,HYDRO-1F-WATER-BOBBIN-V80040,HYDRO-1F-INFLATOR-PROXY,CONTROLLED SERVICE PROCEDURE,V80040 exposed through direct water-entry mesh,1,YES,CONNECTED
GUARD-PATCH,INFLATOR-GUARD,BUOY-INLET-PATCH,WEBBING_AND_PATCH_SUPPORTED_GUARD,TWO REINFORCED LOOPS,POSITIVE,POSITIVE,DEFINED,INFLATOR-GUARD,BUOY-INLET-PATCH,CONTROLLED SERVICE PROCEDURE,Guard does not occlude water or service access,1,YES,CONNECTED
LANYARD-INFLATOR,MANUAL-PULL-LANYARD,HYDRO-1F-INFLATOR-PROXY,PINNED_MANUAL_LEVER,CAPTURED LANYARD EYE,POSITIVE,POSITIVE,DEFINED,MANUAL-PULL-LANYARD,HYDRO-1F-INFLATOR-PROXY,CONTROLLED SERVICE PROCEDURE,Modeled slack and 25 mm fired travel,1,YES,CONNECTED
TAB-LANYARD,MANUAL-PULL-TAB,MANUAL-PULL-LANYARD,CLOSED_WEBBING_EYE,BAR-TACKED EYE,POSITIVE,POSITIVE,DEFINED,MANUAL-PULL-TAB,MANUAL-PULL-LANYARD,CONTROLLED SERVICE PROCEDURE,Gloved-hand external pull interface,1,YES,CONNECTED
TAB-KEEPER,MANUAL-PULL-TAB,PULL-TAB-KEEPER,LOW_FORCE_BREAKAWAY_KEEPER,CALIBRATED HOOK-AND-LOOP,POSITIVE,POSITIVE,DEFINED,MANUAL-PULL-TAB,PULL-TAB-KEEPER,CONTROLLED SERVICE PROCEDURE,Visible external tab retained against snag,1,YES,CONNECTED
WATER-MESH-BOBBIN,WATER-ENTRY-MESH,HYDRO-1F-WATER-BOBBIN-V80040,DIRECT_OPEN_MESH_WATER_PATH,BOUND OPEN-MESH GUARD,POSITIVE,POSITIVE,DEFINED,WATER-ENTRY-MESH,HYDRO-1F-WATER-BOBBIN-V80040,CONTROLLED SERVICE PROCEDURE,Automatic element is exposed through the closed-pack water-entry window without requiring flap opening,1,YES,CONNECTED
INLET-BUOY-PANEL,BUOY-INLET-MANIFOLD,EXT-BUOY-PANEL-01,SEALED_REINFORCED_BUOY_INLET_PENETRATION,MULTI-PLY RF-WELDED PATCH,POSITIVE,POSITIVE,DEFINED,BUOY-INLET-MANIFOLD,EXT-BUOY-PANEL-01,CONTROLLED SERVICE PROCEDURE,Manifold passes through the controlled panel-one inlet and is sealed by the reinforcement patch,1,YES,CONNECTED
TETHER-HARDPOINT,TETHER-THIMBLE-BODY-SHORT14,RECOVERY-HARDPOINT-RING,DOUBLE_SHEAR_PINNED_EYE,RECOVERY-PIN-BODY-SHORT14 and retained clip,POSITIVE,POSITIVE,DEFINED,TETHER-THIMBLE-BODY-SHORT14,RECOVERY-HARDPOINT-RING,CONTROLLED SERVICE PROCEDURE,Modeled structural recovery pin and thimble; proof load required,1,YES,CONNECTED
TETHER-ROPE-BODY,STRUCTURAL-RECOVERY-TETHER,TETHER-THIMBLE-BODY-SHORT14,BURIED_EYE_SPLICE,CAPTURED THIMBLE,POSITIVE,POSITIVE,DEFINED,STRUCTURAL-RECOVERY-TETHER,TETHER-THIMBLE-BODY-SHORT14,CONTROLLED SERVICE PROCEDURE,Finished tether proof-load traveler,1,YES,CONNECTED
TETHER-ROPE-BUOY,STRUCTURAL-RECOVERY-TETHER,TETHER-THIMBLE-BUOY-SHORT14,BURIED_EYE_SPLICE,CAPTURED THIMBLE,POSITIVE,POSITIVE,DEFINED,STRUCTURAL-RECOVERY-TETHER,TETHER-THIMBLE-BUOY-SHORT14,CONTROLLED SERVICE PROCEDURE,Buoy harness proof-load traveler,1,YES,CONNECTED
TETHER-CHAFE-SLEEVE,TETHER-EXIT-CHAFE-SLEEVE,TETHER-THIMBLE-BODY-SHORT14,CAPTURED_REPLACEABLE_CHAFE_SLEEVE,BOUND SLEEVE END,POSITIVE,POSITIVE,DEFINED,TETHER-EXIT-CHAFE-SLEEVE,TETHER-THIMBLE-BODY-SHORT14,CONTROLLED SERVICE PROCEDURE,Modeled sleeve is captured at the body eye and protects the line at the rounded shell exit,1,YES,CONNECTED
TETHER-BUOY-PANEL,TETHER-THIMBLE-BUOY-SHORT14,EXT-BUOY-PANEL-01,MULTI-PLY_RF_PATCH_AND_HARNESS_JUNCTION,STRUCTURAL BUOY HARNESS,POSITIVE,POSITIVE,DEFINED,TETHER-THIMBLE-BUOY-SHORT14,EXT-BUOY-PANEL-01,CONTROLLED SERVICE PROCEDURE,"Tether load enters reinforced buoy harness, not pack fabric",1,YES,CONNECTED
TETHER-BUOY-HARNESS-PANEL-02,TETHER-THIMBLE-BUOY-SHORT14,EXT-BUOY-PANEL-02,MULTI_GORE_STRUCTURAL_HARNESS_JUNCTION,RF-WELDED MULTI-PLY HARNESS PATCH,POSITIVE,POSITIVE,DEFINED,TETHER-THIMBLE-BUOY-SHORT14,EXT-BUOY-PANEL-02,CONTROLLED SERVICE PROCEDURE,The structural buoy harness distributes tether load into every gore and bypasses the Cordura pack,1,YES,CONNECTED
TETHER-BUOY-HARNESS-PANEL-03,TETHER-THIMBLE-BUOY-SHORT14,EXT-BUOY-PANEL-03,MULTI_GORE_STRUCTURAL_HARNESS_JUNCTION,RF-WELDED MULTI-PLY HARNESS PATCH,POSITIVE,POSITIVE,DEFINED,TETHER-THIMBLE-BUOY-SHORT14,EXT-BUOY-PANEL-03,CONTROLLED SERVICE PROCEDURE,The structural buoy harness distributes tether load into every gore and bypasses the Cordura pack,1,YES,CONNECTED
TETHER-BUOY-HARNESS-PANEL-04,TETHER-THIMBLE-BUOY-SHORT14,EXT-BUOY-PANEL-04,MULTI_GORE_STRUCTURAL_HARNESS_JUNCTION,RF-WELDED MULTI-PLY HARNESS PATCH,POSITIVE,POSITIVE,DEFINED,TETHER-THIMBLE-BUOY-SHORT14,EXT-BUOY-PANEL-04,CONTROLLED SERVICE PROCEDURE,The structural buoy harness distributes tether load into every gore and bypasses the Cordura pack,1,YES,CONNECTED
TETHER-BUOY-HARNESS-PANEL-05,TETHER-THIMBLE-BUOY-SHORT14,EXT-BUOY-PANEL-05,MULTI_GORE_STRUCTURAL_HARNESS_JUNCTION,RF-WELDED MULTI-PLY HARNESS PATCH,POSITIVE,POSITIVE,DEFINED,TETHER-THIMBLE-BUOY-SHORT14,EXT-BUOY-PANEL-05,CONTROLLED SERVICE PROCEDURE,The structural buoy harness distributes tether load into every gore and bypasses the Cordura pack,1,YES,CONNECTED
TETHER-BUOY-HARNESS-PANEL-06,TETHER-THIMBLE-BUOY-SHORT14,EXT-BUOY-PANEL-06,MULTI_GORE_STRUCTURAL_HARNESS_JUNCTION,RF-WELDED MULTI-PLY HARNESS PATCH,POSITIVE,POSITIVE,DEFINED,TETHER-THIMBLE-BUOY-SHORT14,EXT-BUOY-PANEL-06,CONTROLLED SERVICE PROCEDURE,The structural buoy harness distributes tether load into every gore and bypasses the Cordura pack,1,YES,CONNECTED
TETHER-BUOY-HARNESS-PANEL-07,TETHER-THIMBLE-BUOY-SHORT14,EXT-BUOY-PANEL-07,MULTI_GORE_STRUCTURAL_HARNESS_JUNCTION,RF-WELDED MULTI-PLY HARNESS PATCH,POSITIVE,POSITIVE,DEFINED,TETHER-THIMBLE-BUOY-SHORT14,EXT-BUOY-PANEL-07,CONTROLLED SERVICE PROCEDURE,The structural buoy harness distributes tether load into every gore and bypasses the Cordura pack,1,YES,CONNECTED
TETHER-BUOY-HARNESS-PANEL-08,TETHER-THIMBLE-BUOY-SHORT14,EXT-BUOY-PANEL-08,MULTI_GORE_STRUCTURAL_HARNESS_JUNCTION,RF-WELDED MULTI-PLY HARNESS PATCH,POSITIVE,POSITIVE,DEFINED,TETHER-THIMBLE-BUOY-SHORT14,EXT-BUOY-PANEL-08,CONTROLLED SERVICE PROCEDURE,The structural buoy harness distributes tether load into every gore and bypasses the Cordura pack,1,YES,CONNECTED
TETHER-SPLICE-HARNESS-PANEL-01,STRUCTURAL-RECOVERY-TETHER,EXT-BUOY-PANEL-01,BURIED_EYE_AT_MULTI_GORE_HARNESS,CAPTURED THIMBLE AND MULTI-PLY HARNESS,POSITIVE,POSITIVE,DEFINED,STRUCTURAL-RECOVERY-TETHER,EXT-BUOY-PANEL-01,CONTROLLED SERVICE PROCEDURE,Modeled eye-splice envelope enters the three-gore harness junction without loading the pack,1,YES,CONNECTED
TETHER-SPLICE-HARNESS-PANEL-02,STRUCTURAL-RECOVERY-TETHER,EXT-BUOY-PANEL-02,BURIED_EYE_AT_MULTI_GORE_HARNESS,CAPTURED THIMBLE AND MULTI-PLY HARNESS,POSITIVE,POSITIVE,DEFINED,STRUCTURAL-RECOVERY-TETHER,EXT-BUOY-PANEL-02,CONTROLLED SERVICE PROCEDURE,Modeled eye-splice envelope enters the three-gore harness junction without loading the pack,1,YES,CONNECTED
TETHER-SPLICE-HARNESS-PANEL-03,STRUCTURAL-RECOVERY-TETHER,EXT-BUOY-PANEL-03,BURIED_EYE_AT_MULTI_GORE_HARNESS,CAPTURED THIMBLE AND MULTI-PLY HARNESS,POSITIVE,POSITIVE,DEFINED,STRUCTURAL-RECOVERY-TETHER,EXT-BUOY-PANEL-03,CONTROLLED SERVICE PROCEDURE,Modeled eye-splice envelope enters the three-gore harness junction without loading the pack,1,YES,CONNECTED
TETHER-SPLICE-HARNESS-PANEL-04,STRUCTURAL-RECOVERY-TETHER,EXT-BUOY-PANEL-04,BURIED_EYE_AT_MULTI_GORE_HARNESS,CAPTURED THIMBLE AND MULTI-PLY HARNESS,POSITIVE,POSITIVE,DEFINED,STRUCTURAL-RECOVERY-TETHER,EXT-BUOY-PANEL-04,CONTROLLED SERVICE PROCEDURE,Modeled eye-splice envelope enters the three-gore harness junction without loading the pack,1,YES,CONNECTED
TETHER-SPLICE-HARNESS-PANEL-05,STRUCTURAL-RECOVERY-TETHER,EXT-BUOY-PANEL-05,BURIED_EYE_AT_MULTI_GORE_HARNESS,CAPTURED THIMBLE AND MULTI-PLY HARNESS,POSITIVE,POSITIVE,DEFINED,STRUCTURAL-RECOVERY-TETHER,EXT-BUOY-PANEL-05,CONTROLLED SERVICE PROCEDURE,Modeled eye-splice envelope enters the three-gore harness junction without loading the pack,1,YES,CONNECTED
TETHER-SPLICE-HARNESS-PANEL-06,STRUCTURAL-RECOVERY-TETHER,EXT-BUOY-PANEL-06,BURIED_EYE_AT_MULTI_GORE_HARNESS,CAPTURED THIMBLE AND MULTI-PLY HARNESS,POSITIVE,POSITIVE,DEFINED,STRUCTURAL-RECOVERY-TETHER,EXT-BUOY-PANEL-06,CONTROLLED SERVICE PROCEDURE,Modeled eye-splice envelope enters the three-gore harness junction without loading the pack,1,YES,CONNECTED
TETHER-SPLICE-HARNESS-PANEL-07,STRUCTURAL-RECOVERY-TETHER,EXT-BUOY-PANEL-07,BURIED_EYE_AT_MULTI_GORE_HARNESS,CAPTURED THIMBLE AND MULTI-PLY HARNESS,POSITIVE,POSITIVE,DEFINED,STRUCTURAL-RECOVERY-TETHER,EXT-BUOY-PANEL-07,CONTROLLED SERVICE PROCEDURE,Modeled eye-splice envelope enters the three-gore harness junction without loading the pack,1,YES,CONNECTED
TETHER-SPLICE-HARNESS-PANEL-08,STRUCTURAL-RECOVERY-TETHER,EXT-BUOY-PANEL-08,BURIED_EYE_AT_MULTI_GORE_HARNESS,CAPTURED THIMBLE AND MULTI-PLY HARNESS,POSITIVE,POSITIVE,DEFINED,STRUCTURAL-RECOVERY-TETHER,EXT-BUOY-PANEL-08,CONTROLLED SERVICE PROCEDURE,Modeled eye-splice envelope enters the three-gore harness junction without loading the pack,1,YES,CONNECTED
RECOVERY-PIN-HARDPOINT,RECOVERY-PIN-BODY-SHORT14,RECOVERY-HARDPOINT-RING,DOUBLE_SHEAR_SHOULDER_PIN,EXTERNAL GROOVE RETAINER,POSITIVE,POSITIVE,DEFINED,RECOVERY-PIN-BODY-SHORT14,RECOVERY-HARDPOINT-RING,CONTROLLED SERVICE PROCEDURE,Modeled pin passes through hardpoint yoke and body thimble,1,YES,CONNECTED
SECTOR-TRANSITION-1,FIXED-SECTOR-1,FWD-RING-02,QUALIFIED_SECTOR_TO_RING_WELD,MACHINED RING LAND,POSITIVE,POSITIVE,DEFINED,FIXED-SECTOR-1,FWD-RING-02,CONTROLLED SERVICE PROCEDURE,"Fixed sector carries shell, pivot-stop and actuator reactions into the forward transition ring",1,YES,CONNECTED
SECTOR-TERMINATION-1,FIXED-SECTOR-1,ARM-TERMINATION-RING-001,QUALIFIED_SECTOR_TO_RING_WELD,MACHINED RING LAND,POSITIVE,POSITIVE,DEFINED,FIXED-SECTOR-1,ARM-TERMINATION-RING-001,CONTROLLED SERVICE PROCEDURE,Fixed sector closes the arm-module axial and torsional load path,1,YES,CONNECTED
ARM-STOP-PAD-SCREW-1-1,ARM-STOP-SCREW-1-1,ARM-STOP-PAD-1,CAPTIVE_THREADED_STOP_PAD_FASTENER,M3 CAPTIVE SOCKET SCREW,POSITIVE,POSITIVE,DEFINED,ARM-STOP-SCREW-1-1,ARM-STOP-PAD-1,CONTROLLED SERVICE PROCEDURE,Modeled two-screw positive arm-stop-pad attachment,2,YES,CONNECTED
ARM-STOP-PAD-SCREW-1-2,ARM-STOP-SCREW-1-2,ARM-STOP-PAD-1,CAPTIVE_THREADED_STOP_PAD_FASTENER,M3 CAPTIVE SOCKET SCREW,POSITIVE,POSITIVE,DEFINED,ARM-STOP-SCREW-1-2,ARM-STOP-PAD-1,CONTROLLED SERVICE PROCEDURE,Modeled two-screw positive arm-stop-pad attachment,2,YES,CONNECTED
SECTOR-TRANSITION-2,FIXED-SECTOR-2,FWD-RING-02,QUALIFIED_SECTOR_TO_RING_WELD,MACHINED RING LAND,POSITIVE,POSITIVE,DEFINED,FIXED-SECTOR-2,FWD-RING-02,CONTROLLED SERVICE PROCEDURE,"Fixed sector carries shell, pivot-stop and actuator reactions into the forward transition ring",1,YES,CONNECTED
SECTOR-TERMINATION-2,FIXED-SECTOR-2,ARM-TERMINATION-RING-001,QUALIFIED_SECTOR_TO_RING_WELD,MACHINED RING LAND,POSITIVE,POSITIVE,DEFINED,FIXED-SECTOR-2,ARM-TERMINATION-RING-001,CONTROLLED SERVICE PROCEDURE,Fixed sector closes the arm-module axial and torsional load path,1,YES,CONNECTED
ARM-STOP-PAD-SCREW-2-1,ARM-STOP-SCREW-2-1,ARM-STOP-PAD-2,CAPTIVE_THREADED_STOP_PAD_FASTENER,M3 CAPTIVE SOCKET SCREW,POSITIVE,POSITIVE,DEFINED,ARM-STOP-SCREW-2-1,ARM-STOP-PAD-2,CONTROLLED SERVICE PROCEDURE,Modeled two-screw positive arm-stop-pad attachment,2,YES,CONNECTED
ARM-STOP-PAD-SCREW-2-2,ARM-STOP-SCREW-2-2,ARM-STOP-PAD-2,CAPTIVE_THREADED_STOP_PAD_FASTENER,M3 CAPTIVE SOCKET SCREW,POSITIVE,POSITIVE,DEFINED,ARM-STOP-SCREW-2-2,ARM-STOP-PAD-2,CONTROLLED SERVICE PROCEDURE,Modeled two-screw positive arm-stop-pad attachment,2,YES,CONNECTED
SECTOR-TRANSITION-3,FIXED-SECTOR-3,FWD-RING-02,QUALIFIED_SECTOR_TO_RING_WELD,MACHINED RING LAND,POSITIVE,POSITIVE,DEFINED,FIXED-SECTOR-3,FWD-RING-02,CONTROLLED SERVICE PROCEDURE,"Fixed sector carries shell, pivot-stop and actuator reactions into the forward transition ring",1,YES,CONNECTED
SECTOR-TERMINATION-3,FIXED-SECTOR-3,ARM-TERMINATION-RING-001,QUALIFIED_SECTOR_TO_RING_WELD,MACHINED RING LAND,POSITIVE,POSITIVE,DEFINED,FIXED-SECTOR-3,ARM-TERMINATION-RING-001,CONTROLLED SERVICE PROCEDURE,Fixed sector closes the arm-module axial and torsional load path,1,YES,CONNECTED
ARM-STOP-PAD-SCREW-3-1,ARM-STOP-SCREW-3-1,ARM-STOP-PAD-3,CAPTIVE_THREADED_STOP_PAD_FASTENER,M3 CAPTIVE SOCKET SCREW,POSITIVE,POSITIVE,DEFINED,ARM-STOP-SCREW-3-1,ARM-STOP-PAD-3,CONTROLLED SERVICE PROCEDURE,Modeled two-screw positive arm-stop-pad attachment,2,YES,CONNECTED
ARM-STOP-PAD-SCREW-3-2,ARM-STOP-SCREW-3-2,ARM-STOP-PAD-3,CAPTIVE_THREADED_STOP_PAD_FASTENER,M3 CAPTIVE SOCKET SCREW,POSITIVE,POSITIVE,DEFINED,ARM-STOP-SCREW-3-2,ARM-STOP-PAD-3,CONTROLLED SERVICE PROCEDURE,Modeled two-screw positive arm-stop-pad attachment,2,YES,CONNECTED
NOSE-BALLAST-TAPER-PIN,NOSE-BALLAST-TAPER-PIN-001,BALLAST-001,REAMED_TAPER_PIN,DIN 1B TAPER PIN,POSITIVE,POSITIVE,DEFINED,NOSE-BALLAST-TAPER-PIN-001,BALLAST-001,CONTROLLED SERVICE PROCEDURE,Modeled anti-rotation pin across source nose/ballast joint,2,YES,CONNECTED
BACKUP-GUIDE-SCREW-1,BACKUP-GUIDE-SCREW-1,BACKUP-SPRING-GUIDE,FULL_THREAD_GUIDE_SUPPORT_SCREW,M3 FULL-THREAD SOCKET SCREW,POSITIVE,POSITIVE,DEFINED,BACKUP-GUIDE-SCREW-1,BACKUP-SPRING-GUIDE,CONTROLLED SERVICE PROCEDURE,Positive backup-guide support; adjacent structural mate FWD-RING-02,2,YES,CONNECTED
BACKUP-GUIDE-SCREW-2,BACKUP-GUIDE-SCREW-2,BACKUP-SPRING-GUIDE,FULL_THREAD_GUIDE_SUPPORT_SCREW,M3 FULL-THREAD SOCKET SCREW,POSITIVE,POSITIVE,DEFINED,BACKUP-GUIDE-SCREW-2,BACKUP-SPRING-GUIDE,CONTROLLED SERVICE PROCEDURE,Positive backup-guide support; adjacent structural mate BACKUP-SPRING-FIXED-SEAT,1,YES,CONNECTED
CROSSHEAD-GUIDE-LOCK-SCREW,CROSSHEAD-GUIDE-LOCK-SCREW-001,CROSSHEAD-GUIDE-SPIDER,FULL_THREAD_GUIDE_LOCK_SCREW,M4 LOW-HEAD SOCKET SCREW,POSITIVE,POSITIVE,DEFINED,CROSSHEAD-GUIDE-LOCK-SCREW-001,CROSSHEAD-GUIDE-SPIDER,CONTROLLED SERVICE PROCEDURE,Positive axial lock for the double-supported crosshead guide,2,YES,CONNECTED
CARRIER-SECONDARY-TRANSITION-1,PIVOT-CARRIER-1-SECONDARY,FWD-RING-02,QUALIFIED_SOURCE_LUG_FILLET_WELD,MACHINED TRANSITION-RING LAND,POSITIVE,POSITIVE,DEFINED,PIVOT-CARRIER-1-SECONDARY,FWD-RING-02,CONTROLLED SERVICE PROCEDURE,The exact secondary carrier lug is independently welded to the 8 mm transition ring,1,YES,CONNECTED
PIVOT-SECONDARY-1,ARM-1,PIVOT-CARRIER-1-SECONDARY,DOUBLE_SHEAR_REVOLUTE_SECOND_LUG,PIVOT-PIN-1,POSITIVE,POSITIVE,DEFINED,ARM-1,PIVOT-CARRIER-1-SECONDARY,CONTROLLED SERVICE PROCEDURE,Both exact carrier lugs support the retained source pivot pin and bearing stack,1,YES,CONNECTED
STOP-CARRIER-SECONDARY-1,FIXED-STOP-1,PIVOT-CARRIER-1-SECONDARY,TWO_LUG_DOWELLED_DEPLOY_STOP_LAND,OCCURRENCE-MATCHED SCREW AND DOWEL,POSITIVE,POSITIVE,DEFINED,FIXED-STOP-1,PIVOT-CARRIER-1-SECONDARY,CONTROLLED SERVICE PROCEDURE,Fixed deployed stop is seated and retained across both source-exact carrier lugs,1,YES,CONNECTED
PIVOT-PIN-CARRIER-PRIMARY-1,PIVOT-PIN-1,PIVOT-CARRIER-1,GROUND_PIN_IN_REAMED_CARRIER_LUG,PIVOT-CLIP-1,POSITIVE,POSITIVE,DEFINED,PIVOT-PIN-1,PIVOT-CARRIER-1,CONTROLLED SERVICE PROCEDURE,Occurrence-matched ground pivot pin passes through the source-exact reamed carrier lug,2,YES,CONNECTED
PIVOT-PIN-CARRIER-SECONDARY-1,PIVOT-PIN-1,PIVOT-CARRIER-1-SECONDARY,GROUND_PIN_IN_REAMED_CARRIER_LUG,PIVOT-CLIP-1,POSITIVE,POSITIVE,DEFINED,PIVOT-PIN-1,PIVOT-CARRIER-1-SECONDARY,CONTROLLED SERVICE PROCEDURE,Occurrence-matched ground pivot pin passes through the source-exact reamed carrier lug,1,YES,CONNECTED
CARRIER-SECONDARY-TRANSITION-2,PIVOT-CARRIER-2-SECONDARY,FWD-RING-02,QUALIFIED_SOURCE_LUG_FILLET_WELD,MACHINED TRANSITION-RING LAND,POSITIVE,POSITIVE,DEFINED,PIVOT-CARRIER-2-SECONDARY,FWD-RING-02,CONTROLLED SERVICE PROCEDURE,The exact secondary carrier lug is independently welded to the 8 mm transition ring,1,YES,CONNECTED
PIVOT-SECONDARY-2,ARM-2,PIVOT-CARRIER-2-SECONDARY,DOUBLE_SHEAR_REVOLUTE_SECOND_LUG,PIVOT-PIN-2,POSITIVE,POSITIVE,DEFINED,ARM-2,PIVOT-CARRIER-2-SECONDARY,CONTROLLED SERVICE PROCEDURE,Both exact carrier lugs support the retained source pivot pin and bearing stack,1,YES,CONNECTED
STOP-CARRIER-SECONDARY-2,FIXED-STOP-2,PIVOT-CARRIER-2-SECONDARY,TWO_LUG_DOWELLED_DEPLOY_STOP_LAND,OCCURRENCE-MATCHED SCREW AND DOWEL,POSITIVE,POSITIVE,DEFINED,FIXED-STOP-2,PIVOT-CARRIER-2-SECONDARY,CONTROLLED SERVICE PROCEDURE,Fixed deployed stop is seated and retained across both source-exact carrier lugs,1,YES,CONNECTED
PIVOT-PIN-CARRIER-PRIMARY-2,PIVOT-PIN-2,PIVOT-CARRIER-2,GROUND_PIN_IN_REAMED_CARRIER_LUG,PIVOT-CLIP-2,POSITIVE,POSITIVE,DEFINED,PIVOT-PIN-2,PIVOT-CARRIER-2,CONTROLLED SERVICE PROCEDURE,Occurrence-matched ground pivot pin passes through the source-exact reamed carrier lug,2,YES,CONNECTED
PIVOT-PIN-CARRIER-SECONDARY-2,PIVOT-PIN-2,PIVOT-CARRIER-2-SECONDARY,GROUND_PIN_IN_REAMED_CARRIER_LUG,PIVOT-CLIP-2,POSITIVE,POSITIVE,DEFINED,PIVOT-PIN-2,PIVOT-CARRIER-2-SECONDARY,CONTROLLED SERVICE PROCEDURE,Occurrence-matched ground pivot pin passes through the source-exact reamed carrier lug,1,YES,CONNECTED
CARRIER-SECONDARY-TRANSITION-3,PIVOT-CARRIER-3-SECONDARY,FWD-RING-02,QUALIFIED_SOURCE_LUG_FILLET_WELD,MACHINED TRANSITION-RING LAND,POSITIVE,POSITIVE,DEFINED,PIVOT-CARRIER-3-SECONDARY,FWD-RING-02,CONTROLLED SERVICE PROCEDURE,The exact secondary carrier lug is independently welded to the 8 mm transition ring,1,YES,CONNECTED
PIVOT-SECONDARY-3,ARM-3,PIVOT-CARRIER-3-SECONDARY,DOUBLE_SHEAR_REVOLUTE_SECOND_LUG,PIVOT-PIN-3,POSITIVE,POSITIVE,DEFINED,ARM-3,PIVOT-CARRIER-3-SECONDARY,CONTROLLED SERVICE PROCEDURE,Both exact carrier lugs support the retained source pivot pin and bearing stack,1,YES,CONNECTED
STOP-CARRIER-SECONDARY-3,FIXED-STOP-3,PIVOT-CARRIER-3-SECONDARY,TWO_LUG_DOWELLED_DEPLOY_STOP_LAND,OCCURRENCE-MATCHED SCREW AND DOWEL,POSITIVE,POSITIVE,DEFINED,FIXED-STOP-3,PIVOT-CARRIER-3-SECONDARY,CONTROLLED SERVICE PROCEDURE,Fixed deployed stop is seated and retained across both source-exact carrier lugs,1,YES,CONNECTED
PIVOT-PIN-CARRIER-PRIMARY-3,PIVOT-PIN-3,PIVOT-CARRIER-3,GROUND_PIN_IN_REAMED_CARRIER_LUG,PIVOT-CLIP-3,POSITIVE,POSITIVE,DEFINED,PIVOT-PIN-3,PIVOT-CARRIER-3,CONTROLLED SERVICE PROCEDURE,Occurrence-matched ground pivot pin passes through the source-exact reamed carrier lug,2,YES,CONNECTED
PIVOT-PIN-CARRIER-SECONDARY-3,PIVOT-PIN-3,PIVOT-CARRIER-3-SECONDARY,GROUND_PIN_IN_REAMED_CARRIER_LUG,PIVOT-CLIP-3,POSITIVE,POSITIVE,DEFINED,PIVOT-PIN-3,PIVOT-CARRIER-3-SECONDARY,CONTROLLED SERVICE PROCEDURE,Occurrence-matched ground pivot pin passes through the source-exact reamed carrier lug,1,YES,CONNECTED
