mismatch_id,stowed_occurrence_id,deployed_occurrence_id,part_number,part_title,revision,subsystem,material,make_buy_status,mass_kg,stowed_parent_assembly,deployed_parent_assembly,stowed_assembly_path,deployed_assembly_path,stowed_transform,deployed_transform,geometry_equivalence_result,bounding_box_comparison,volume_comparison,topology_surface_comparison,expected_state_behavior,original_hash_digest_result,final_classification,root_cause,corrective_action,final_disposition
SPP-001,AFT-SHELL-001,AFT-SHELL-001,DF8-R2-AFT-SHELL-001,AFT GRADE-9 SHELL WITH HARDPOINT AND HINGE APERTURES,A,500_SPRING_EJECTOR_AFT_CLOSURE_AND_RECOVERY_ASSY,Ti-3Al-2.5V Grade 9,MAKE,0.24851460285318006,500_SPRING_EJECTOR_AFT_CLOSURE_AND_RECOVERY_ASSY,500_SPRING_EJECTOR_AFT_CLOSURE_AND_RECOVERY_ASSY,STINGRAY_I5S_DF8_FINAL_STOWED_MASTER_ASSY/500_SPRING_EJECTOR_AFT_CLOSURE_AND_RECOVERY_ASSY/AFT-SHELL-001__DF8-R2-AFT-SHELL-001__REV_A__AFT_GRADE-9_SHELL_WITH_HARDPOINT_AND_HINGE_APERTURES,STINGRAY_I5S_DF8_FINAL_DEPLOYED_MASTER_ASSY/500_SPRING_EJECTOR_AFT_CLOSURE_AND_RECOVERY_ASSY/AFT-SHELL-001__DF8-R2-AFT-SHELL-001__REV_A__AFT_GRADE-9_SHELL_WITH_HARDPOINT_AND_HINGE_APERTURES,"[[1.0,0.0,0.0,0.0],[0.0,1.0,0.0,0.0],[0.0,0.0,1.0,1635.0]]","[[1.0,0.0,0.0,0.0],[0.0,1.0,0.0,0.0],[0.0,0.0,1.0,1635.0]]","{""basis"":""EXACT_COMMON_FULL_VOLUME"",""current_run_serialized_hashes_equal"":true,""current_validator_geometry_basis"":""SERIALIZED_LOCAL_BREP_SHA256"",""deployed_minus_common_mm3"":2.473825588822365e-10,""equivalent"":true,""exact_common_error"":"""",""exact_common_status"":""DONE"",""exact_common_volume_mm3"":55472.06033213563,""stowed_minus_common_mm3"":2.473825588822365e-10,""symmetric_difference_volume_mm3"":4.94765117764473e-10,""volume_tolerance_mm3"":1e-05}","{""deployed_bbox_mm"":{""xmax"":26.5000001,""xmin"":-26.5000001,""ymax"":26.5000001,""ymin"":-26.5000001,""zmax"":293.00000010000025,""zmin"":6.9999999},""deployed_dimensions_mm"":[53.0000002,53.0000002,286.0000002000003],""match"":true,""max_coordinate_delta_mm"":0.0,""max_dimension_delta_mm"":0.0,""stowed_bbox_mm"":{""xmax"":26.5000001,""xmin"":-26.5000001,""ymax"":26.5000001,""ymin"":-26.5000001,""zmax"":293.00000010000025,""zmin"":6.9999999},""stowed_dimensions_mm"":[53.0000002,53.0000002,286.0000002000003],""tolerance_mm"":1e-08}","{""centroid_max_abs_delta_mm"":0.0,""delta_mm3"":0.0,""deployed_volume_mm3"":55472.06033213588,""stowed_volume_mm3"":55472.06033213588,""tolerance_mm3"":1e-05}","{""deployed_surface_type_counts"":{""Cone"":12,""Cylinder"":14,""Plane"":27},""deployed_topology_counts"":{""edge_count"":310,""face_count"":53,""shell_count"":1,""solid_count"":1,""vertex_count"":620,""wire_count"":71},""deployed_valid_brep"":true,""stowed_surface_type_counts"":{""Cone"":12,""Cylinder"":14,""Plane"":27},""stowed_topology_counts"":{""edge_count"":310,""face_count"":53,""shell_count"":1,""solid_count"":1,""vertex_count"":620,""wire_count"":71},""stowed_valid_brep"":true,""surface_type_counts_match"":true,""topology_counts_match"":true}","Remain fixed; local geometry, parent, part definition, quantity, attachment, and global transform must remain invariant.","{""deployed_local_brep_sha256"":""3b2e817e36b10c1da85cb2a99cae108eb7de1a37182f519e74419d80a45c33d4"",""hashes_equal"":false,""original_exact_local_brep_match"":""False"",""original_status"":""FAIL"",""same_checkpoint_prior_reimport"":{""deployed_local_brep_sha256"":""03a798db8c49ee35b98a301b51bb590da9badf578198f0b0250d5ef596ba8aee"",""exact_common_full_volume_equivalent"":""True"",""exact_common_status"":""DONE"",""hashes_equal"":false,""master_hash_binding"":""work/final_analysis/validation_cycle2/step_text_inspection.json"",""status"":""PASS"",""stowed_local_brep_sha256"":""4bd3383e8d8fcdb600549eb1cf6ba954385d2fedd2e62f835b516ece8c857004""},""stowed_local_brep_sha256"":""5dae9a8ddd9037173845ae51e804a0ff9754c2fa027e93c326dab83f927b97c4""}",A,NON_SEMANTIC_OCCT_BREP_SERIALIZATION_HASH_INSTABILITY,NO CAD CHANGE; use exact local common-volume equivalence after stable identity checks,RESOLVED_AS_BENIGN_PROVENANCE_HASH_INSTABILITY
SPP-002,ARM-1,ARM-1,DF8-R2-ARM-BLADE-001,733.806 MM SMOOTH ANALYTIC HOLLOW OML ARM WITH SWEPT STOP-HARDWARE RELIEFS,C,300_TRUE_TRANSFORM_ARM_AND_POWERTRAIN_ASSY,Ti-6Al-4V,MAKE,0.11651724229084344,300_TRUE_TRANSFORM_ARM_AND_POWERTRAIN_ASSY/331_ARM_1_ASSY,300_TRUE_TRANSFORM_ARM_AND_POWERTRAIN_ASSY/331_ARM_1_ASSY,STINGRAY_I5S_DF8_FINAL_STOWED_MASTER_ASSY/300_TRUE_TRANSFORM_ARM_AND_POWERTRAIN_ASSY/331_ARM_1_ASSY/ARM-1__DF8-R2-ARM-BLADE-001__REV_C__733.806_MM_SMOOTH_ANALYTIC_HOLLOW_OML_ARM_WITH_SWEPT_STOP-HARDWARE_RELIE,STINGRAY_I5S_DF8_FINAL_DEPLOYED_MASTER_ASSY/300_TRUE_TRANSFORM_ARM_AND_POWERTRAIN_ASSY/331_ARM_1_ASSY/ARM-1__DF8-R2-ARM-BLADE-001__REV_C__733.806_MM_SMOOTH_ANALYTIC_HOLLOW_OML_ARM_WITH_SWEPT_STOP-HARDWARE_RELIE,"[[1.0,0.0,0.0,18.0],[0.0,1.0,0.0,0.0],[0.0,0.0,1.0,900.0]]","[[0.17364817766693041,0.0,0.984807753012208,18.0],[0.0,1.0,0.0,0.0],[-0.984807753012208,0.0,0.17364817766693041,900.0]]","{""basis"":""EXACT_COMMON_FULL_VOLUME"",""current_run_serialized_hashes_equal"":true,""current_validator_geometry_basis"":""SERIALIZED_LOCAL_BREP_SHA256"",""deployed_minus_common_mm3"":0.0,""equivalent"":true,""exact_common_error"":"""",""exact_common_status"":""DONE"",""exact_common_volume_mm3"":26301.860567342883,""stowed_minus_common_mm3"":0.0,""symmetric_difference_volume_mm3"":0.0,""volume_tolerance_mm3"":1e-05}","{""deployed_bbox_mm"":{""xmax"":10.200000099999999,""xmin"":-6.2,""ymax"":6.858704795229103,""ymin"":-6.858704795217608,""zmax"":733.8060001,""zmin"":-10.100000099999999},""deployed_dimensions_mm"":[16.4000001,13.71740959044671,743.9060002],""match"":true,""max_coordinate_delta_mm"":0.0,""max_dimension_delta_mm"":0.0,""stowed_bbox_mm"":{""xmax"":10.200000099999999,""xmin"":-6.2,""ymax"":6.858704795229103,""ymin"":-6.858704795217608,""zmax"":733.8060001,""zmin"":-10.100000099999999},""stowed_dimensions_mm"":[16.4000001,13.71740959044671,743.9060002],""tolerance_mm"":1e-08}","{""centroid_max_abs_delta_mm"":0.0,""delta_mm3"":0.0,""deployed_volume_mm3"":26301.860567342883,""stowed_volume_mm3"":26301.860567342883,""tolerance_mm3"":1e-05}","{""deployed_surface_type_counts"":{""Cylinder"":91,""Plane"":108},""deployed_topology_counts"":{""edge_count"":1220,""face_count"":199,""shell_count"":1,""solid_count"":1,""vertex_count"":2440,""wire_count"":211},""deployed_valid_brep"":true,""stowed_surface_type_counts"":{""Cylinder"":91,""Plane"":108},""stowed_topology_counts"":{""edge_count"":1220,""face_count"":199,""shell_count"":1,""solid_count"":1,""vertex_count"":2440,""wire_count"":211},""stowed_valid_brep"":true,""surface_type_counts_match"":true,""topology_counts_match"":true}",State-specific placement/attachment permitted by REVOLUTE; DOF=1 ROTATION ABOUT 8 MM PIVOT; mechanism track declared=True.,"{""deployed_local_brep_sha256"":""00ab6382965433b13969be890c848074950b7b1cd91dfe8fc54d00f718bacbb2"",""hashes_equal"":false,""original_exact_local_brep_match"":""False"",""original_status"":""FAIL"",""same_checkpoint_prior_reimport"":{""deployed_local_brep_sha256"":""34cda232d7e41f19f8ca06737f3550a7ec2dc8b85f9818c047b03f47cf70e1ce"",""exact_common_full_volume_equivalent"":""True"",""exact_common_status"":""DONE"",""hashes_equal"":false,""master_hash_binding"":""work/final_analysis/validation_cycle2/step_text_inspection.json"",""status"":""PASS"",""stowed_local_brep_sha256"":""f8cfcf67512e1e693dffb2f937ee475db66a49517cbd92fcdd2075b3c62c4318""},""stowed_local_brep_sha256"":""aab0d0d17fa58bd3d937c55f535726720138d745202cdc44a7f1b2b30bdf6637""}",B,EXPECTED_CONFIGURATION_TRANSFORM_OR_ATTACHMENT_CHANGE_WITH_NON_SEMANTIC_OCCT_BREP_SERIALIZATION_DIFFERENCE,NO_CAD CHANGE; retain mechanism transform and use local geometric equivalence,RESOLVED_AS_EXPECTED_STATE_SPECIFIC_DIFFERENCE
SPP-003,ARM-2,ARM-2,DF8-R2-ARM-BLADE-001,733.806 MM SMOOTH ANALYTIC HOLLOW OML ARM WITH SWEPT STOP-HARDWARE RELIEFS,C,300_TRUE_TRANSFORM_ARM_AND_POWERTRAIN_ASSY,Ti-6Al-4V,MAKE,0.11651724229084344,300_TRUE_TRANSFORM_ARM_AND_POWERTRAIN_ASSY/332_ARM_2_ASSY,300_TRUE_TRANSFORM_ARM_AND_POWERTRAIN_ASSY/332_ARM_2_ASSY,STINGRAY_I5S_DF8_FINAL_STOWED_MASTER_ASSY/300_TRUE_TRANSFORM_ARM_AND_POWERTRAIN_ASSY/332_ARM_2_ASSY/ARM-2__DF8-R2-ARM-BLADE-001__REV_C__733.806_MM_SMOOTH_ANALYTIC_HOLLOW_OML_ARM_WITH_SWEPT_STOP-HARDWARE_RELIE,STINGRAY_I5S_DF8_FINAL_DEPLOYED_MASTER_ASSY/300_TRUE_TRANSFORM_ARM_AND_POWERTRAIN_ASSY/332_ARM_2_ASSY/ARM-2__DF8-R2-ARM-BLADE-001__REV_C__733.806_MM_SMOOTH_ANALYTIC_HOLLOW_OML_ARM_WITH_SWEPT_STOP-HARDWARE_RELIE,"[[-0.4999999999999998,-0.8660254037844387,0.0,-8.999999999999996],[0.8660254037844387,-0.4999999999999998,0.0,15.588457268119896],[0.0,0.0,1.0,900.0]]","[[-0.08682408883346517,-0.8660254037844387,-0.4924038765061038,-8.999999999999996],[0.15038373318043535,-0.4999999999999998,0.8528685319524433,15.588457268119896],[-0.984807753012208,0.0,0.17364817766693041,900.0]]","{""basis"":""EXACT_COMMON_FULL_VOLUME"",""current_run_serialized_hashes_equal"":true,""current_validator_geometry_basis"":""SERIALIZED_LOCAL_BREP_SHA256"",""deployed_minus_common_mm3"":0.0,""equivalent"":true,""exact_common_error"":"""",""exact_common_status"":""DONE"",""exact_common_volume_mm3"":26301.860567342883,""stowed_minus_common_mm3"":0.0,""symmetric_difference_volume_mm3"":0.0,""volume_tolerance_mm3"":1e-05}","{""deployed_bbox_mm"":{""xmax"":10.200000099999999,""xmin"":-6.2,""ymax"":6.858704795229103,""ymin"":-6.858704795217608,""zmax"":733.8060001,""zmin"":-10.100000099999999},""deployed_dimensions_mm"":[16.4000001,13.71740959044671,743.9060002],""match"":true,""max_coordinate_delta_mm"":0.0,""max_dimension_delta_mm"":0.0,""stowed_bbox_mm"":{""xmax"":10.200000099999999,""xmin"":-6.2,""ymax"":6.858704795229103,""ymin"":-6.858704795217608,""zmax"":733.8060001,""zmin"":-10.100000099999999},""stowed_dimensions_mm"":[16.4000001,13.71740959044671,743.9060002],""tolerance_mm"":1e-08}","{""centroid_max_abs_delta_mm"":0.0,""delta_mm3"":0.0,""deployed_volume_mm3"":26301.860567342883,""stowed_volume_mm3"":26301.860567342883,""tolerance_mm3"":1e-05}","{""deployed_surface_type_counts"":{""Cylinder"":91,""Plane"":108},""deployed_topology_counts"":{""edge_count"":1220,""face_count"":199,""shell_count"":1,""solid_count"":1,""vertex_count"":2440,""wire_count"":211},""deployed_valid_brep"":true,""stowed_surface_type_counts"":{""Cylinder"":91,""Plane"":108},""stowed_topology_counts"":{""edge_count"":1220,""face_count"":199,""shell_count"":1,""solid_count"":1,""vertex_count"":2440,""wire_count"":211},""stowed_valid_brep"":true,""surface_type_counts_match"":true,""topology_counts_match"":true}",State-specific placement/attachment permitted by REVOLUTE; DOF=1 ROTATION ABOUT 8 MM PIVOT; mechanism track declared=True.,"{""deployed_local_brep_sha256"":""00ab6382965433b13969be890c848074950b7b1cd91dfe8fc54d00f718bacbb2"",""hashes_equal"":false,""original_exact_local_brep_match"":""False"",""original_status"":""FAIL"",""same_checkpoint_prior_reimport"":{""deployed_local_brep_sha256"":""248e4578be5d509cd9a3d46879675df13754df879dcc98c39764841d8befc60f"",""exact_common_full_volume_equivalent"":""True"",""exact_common_status"":""DONE"",""hashes_equal"":false,""master_hash_binding"":""work/final_analysis/validation_cycle2/step_text_inspection.json"",""status"":""PASS"",""stowed_local_brep_sha256"":""ed16976235c4b2e732b60fd888b245db28bd9e91680d44d1ef877c1620d2d21d""},""stowed_local_brep_sha256"":""aab0d0d17fa58bd3d937c55f535726720138d745202cdc44a7f1b2b30bdf6637""}",B,EXPECTED_CONFIGURATION_TRANSFORM_OR_ATTACHMENT_CHANGE_WITH_NON_SEMANTIC_OCCT_BREP_SERIALIZATION_DIFFERENCE,NO_CAD CHANGE; retain mechanism transform and use local geometric equivalence,RESOLVED_AS_EXPECTED_STATE_SPECIFIC_DIFFERENCE
SPP-004,ARM-3,ARM-3,DF8-R2-ARM-BLADE-001,733.806 MM SMOOTH ANALYTIC HOLLOW OML ARM WITH SWEPT STOP-HARDWARE RELIEFS,C,300_TRUE_TRANSFORM_ARM_AND_POWERTRAIN_ASSY,Ti-6Al-4V,MAKE,0.11651724229084344,300_TRUE_TRANSFORM_ARM_AND_POWERTRAIN_ASSY/333_ARM_3_ASSY,300_TRUE_TRANSFORM_ARM_AND_POWERTRAIN_ASSY/333_ARM_3_ASSY,STINGRAY_I5S_DF8_FINAL_STOWED_MASTER_ASSY/300_TRUE_TRANSFORM_ARM_AND_POWERTRAIN_ASSY/333_ARM_3_ASSY/ARM-3__DF8-R2-ARM-BLADE-001__REV_C__733.806_MM_SMOOTH_ANALYTIC_HOLLOW_OML_ARM_WITH_SWEPT_STOP-HARDWARE_RELIE,STINGRAY_I5S_DF8_FINAL_DEPLOYED_MASTER_ASSY/300_TRUE_TRANSFORM_ARM_AND_POWERTRAIN_ASSY/333_ARM_3_ASSY/ARM-3__DF8-R2-ARM-BLADE-001__REV_C__733.806_MM_SMOOTH_ANALYTIC_HOLLOW_OML_ARM_WITH_SWEPT_STOP-HARDWARE_RELIE,"[[-0.5000000000000004,0.8660254037844385,0.0,-9.000000000000007],[-0.8660254037844385,-0.5000000000000004,0.0,-15.588457268119893],[0.0,0.0,1.0,900.0]]","[[-0.08682408883346529,0.8660254037844385,-0.49240387650610445,-9.000000000000007],[-0.15038373318043533,-0.5000000000000004,-0.852868531952443,-15.588457268119893],[-0.984807753012208,0.0,0.17364817766693041,900.0]]","{""basis"":""EXACT_COMMON_FULL_VOLUME"",""current_run_serialized_hashes_equal"":true,""current_validator_geometry_basis"":""SERIALIZED_LOCAL_BREP_SHA256"",""deployed_minus_common_mm3"":0.0,""equivalent"":true,""exact_common_error"":"""",""exact_common_status"":""DONE"",""exact_common_volume_mm3"":26301.860567342883,""stowed_minus_common_mm3"":0.0,""symmetric_difference_volume_mm3"":0.0,""volume_tolerance_mm3"":1e-05}","{""deployed_bbox_mm"":{""xmax"":10.200000099999999,""xmin"":-6.2,""ymax"":6.858704795229103,""ymin"":-6.858704795217608,""zmax"":733.8060001,""zmin"":-10.100000099999999},""deployed_dimensions_mm"":[16.4000001,13.71740959044671,743.9060002],""match"":true,""max_coordinate_delta_mm"":0.0,""max_dimension_delta_mm"":0.0,""stowed_bbox_mm"":{""xmax"":10.200000099999999,""xmin"":-6.2,""ymax"":6.858704795229103,""ymin"":-6.858704795217608,""zmax"":733.8060001,""zmin"":-10.100000099999999},""stowed_dimensions_mm"":[16.4000001,13.71740959044671,743.9060002],""tolerance_mm"":1e-08}","{""centroid_max_abs_delta_mm"":0.0,""delta_mm3"":0.0,""deployed_volume_mm3"":26301.860567342883,""stowed_volume_mm3"":26301.860567342883,""tolerance_mm3"":1e-05}","{""deployed_surface_type_counts"":{""Cylinder"":91,""Plane"":108},""deployed_topology_counts"":{""edge_count"":1220,""face_count"":199,""shell_count"":1,""solid_count"":1,""vertex_count"":2440,""wire_count"":211},""deployed_valid_brep"":true,""stowed_surface_type_counts"":{""Cylinder"":91,""Plane"":108},""stowed_topology_counts"":{""edge_count"":1220,""face_count"":199,""shell_count"":1,""solid_count"":1,""vertex_count"":2440,""wire_count"":211},""stowed_valid_brep"":true,""surface_type_counts_match"":true,""topology_counts_match"":true}",State-specific placement/attachment permitted by REVOLUTE; DOF=1 ROTATION ABOUT 8 MM PIVOT; mechanism track declared=True.,"{""deployed_local_brep_sha256"":""00ab6382965433b13969be890c848074950b7b1cd91dfe8fc54d00f718bacbb2"",""hashes_equal"":false,""original_exact_local_brep_match"":""False"",""original_status"":""FAIL"",""same_checkpoint_prior_reimport"":{""deployed_local_brep_sha256"":""248e4578be5d509cd9a3d46879675df13754df879dcc98c39764841d8befc60f"",""exact_common_full_volume_equivalent"":""True"",""exact_common_status"":""DONE"",""hashes_equal"":false,""master_hash_binding"":""work/final_analysis/validation_cycle2/step_text_inspection.json"",""status"":""PASS"",""stowed_local_brep_sha256"":""ed16976235c4b2e732b60fd888b245db28bd9e91680d44d1ef877c1620d2d21d""},""stowed_local_brep_sha256"":""aab0d0d17fa58bd3d937c55f535726720138d745202cdc44a7f1b2b30bdf6637""}",B,EXPECTED_CONFIGURATION_TRANSFORM_OR_ATTACHMENT_CHANGE_WITH_NON_SEMANTIC_OCCT_BREP_SERIALIZATION_DIFFERENCE,NO_CAD CHANGE; retain mechanism transform and use local geometric equivalence,RESOLVED_AS_EXPECTED_STATE_SPECIFIC_DIFFERENCE
SPP-005,ARM-STOP-PAD-1,ARM-STOP-PAD-1,DF8-R2-ARM-STOP-PAD-001,REPLACEABLE ARM STOP AND AUTOMATIC-LOCK STRIKE,B,300_TRUE_TRANSFORM_ARM_AND_POWERTRAIN_ASSY,17-4PH stainless steel,MAKE,0.0011774163151587191,300_TRUE_TRANSFORM_ARM_AND_POWERTRAIN_ASSY/331_ARM_1_ASSY,300_TRUE_TRANSFORM_ARM_AND_POWERTRAIN_ASSY/331_ARM_1_ASSY,STINGRAY_I5S_DF8_FINAL_STOWED_MASTER_ASSY/300_TRUE_TRANSFORM_ARM_AND_POWERTRAIN_ASSY/331_ARM_1_ASSY/ARM-STOP-PAD-1__DF8-R2-ARM-STOP-PAD-001__REV_B__REPLACEABLE_ARM_STOP_AND_AUTOMATIC-LOCK_STRIKE,STINGRAY_I5S_DF8_FINAL_DEPLOYED_MASTER_ASSY/300_TRUE_TRANSFORM_ARM_AND_POWERTRAIN_ASSY/331_ARM_1_ASSY/ARM-STOP-PAD-1__DF8-R2-ARM-STOP-PAD-001__REV_B__REPLACEABLE_ARM_STOP_AND_AUTOMATIC-LOCK_STRIKE,"[[1.0,0.0,0.0,22.0],[0.0,1.0,0.0,0.0],[0.0,0.0,1.0,891.5]]","[[0.17364817766693041,0.0,0.984807753012208,10.323726810063954],[0.0,1.0,0.0,0.0],[-0.984807753012208,0.0,0.17364817766693041,894.5847594777823]]","{""basis"":""EXACT_COMMON_FULL_VOLUME"",""current_run_serialized_hashes_equal"":true,""current_validator_geometry_basis"":""SERIALIZED_LOCAL_BREP_SHA256"",""deployed_minus_common_mm3"":0.0,""equivalent"":true,""exact_common_error"":"""",""exact_common_status"":""DONE"",""exact_common_volume_mm3"":151.92468582692274,""stowed_minus_common_mm3"":0.0,""symmetric_difference_volume_mm3"":0.0,""volume_tolerance_mm3"":1e-05}","{""deployed_bbox_mm"":{""xmax"":5.0,""xmin"":-5.0,""ymax"":3.8,""ymin"":-3.8,""zmax"":2.2,""zmin"":-2.2},""deployed_dimensions_mm"":[10.0,7.6,4.4],""match"":true,""max_coordinate_delta_mm"":0.0,""max_dimension_delta_mm"":0.0,""stowed_bbox_mm"":{""xmax"":5.0,""xmin"":-5.0,""ymax"":3.8,""ymin"":-3.8,""zmax"":2.2,""zmin"":-2.2},""stowed_dimensions_mm"":[10.0,7.6,4.4],""tolerance_mm"":1e-08}","{""centroid_max_abs_delta_mm"":0.0,""delta_mm3"":0.0,""deployed_volume_mm3"":151.92468582692274,""stowed_volume_mm3"":151.92468582692274,""tolerance_mm3"":1e-05}","{""deployed_surface_type_counts"":{""Cylinder"":9,""Plane"":13},""deployed_topology_counts"":{""edge_count"":114,""face_count"":22,""shell_count"":1,""solid_count"":1,""vertex_count"":228,""wire_count"":27},""deployed_valid_brep"":true,""stowed_surface_type_counts"":{""Cylinder"":9,""Plane"":13},""stowed_topology_counts"":{""edge_count"":114,""face_count"":22,""shell_count"":1,""solid_count"":1,""vertex_count"":228,""wire_count"":27},""stowed_valid_brep"":true,""surface_type_counts_match"":true,""topology_counts_match"":true}",State-specific placement/attachment permitted by DOVETAIL_AND_TWO_M3_SCREWS; DOF=0; mechanism track declared=True.,"{""deployed_local_brep_sha256"":""99fe785687f0d31e5e1e2376e2176f0d554163d563b974be60b920c35a29b818"",""hashes_equal"":false,""original_exact_local_brep_match"":""False"",""original_status"":""FAIL"",""same_checkpoint_prior_reimport"":{""deployed_local_brep_sha256"":""99fe785687f0d31e5e1e2376e2176f0d554163d563b974be60b920c35a29b818"",""exact_common_full_volume_equivalent"":""True"",""exact_common_status"":""DONE"",""hashes_equal"":false,""master_hash_binding"":""work/final_analysis/validation_cycle2/step_text_inspection.json"",""status"":""PASS"",""stowed_local_brep_sha256"":""e3e2bc73b7500e14189fbdfa233ea6e827132205ad833df62dd4f23e35c2c105""},""stowed_local_brep_sha256"":""e3e2bc73b7500e14189fbdfa233ea6e827132205ad833df62dd4f23e35c2c105""}",B,EXPECTED_CONFIGURATION_TRANSFORM_OR_ATTACHMENT_CHANGE_WITH_NON_SEMANTIC_OCCT_BREP_SERIALIZATION_DIFFERENCE,NO_CAD CHANGE; retain mechanism transform and use local geometric equivalence,RESOLVED_AS_EXPECTED_STATE_SPECIFIC_DIFFERENCE
SPP-006,ARM-STOP-PAD-2,ARM-STOP-PAD-2,DF8-R2-ARM-STOP-PAD-001,REPLACEABLE ARM STOP AND AUTOMATIC-LOCK STRIKE,B,300_TRUE_TRANSFORM_ARM_AND_POWERTRAIN_ASSY,17-4PH stainless steel,MAKE,0.0011774163151587191,300_TRUE_TRANSFORM_ARM_AND_POWERTRAIN_ASSY/332_ARM_2_ASSY,300_TRUE_TRANSFORM_ARM_AND_POWERTRAIN_ASSY/332_ARM_2_ASSY,STINGRAY_I5S_DF8_FINAL_STOWED_MASTER_ASSY/300_TRUE_TRANSFORM_ARM_AND_POWERTRAIN_ASSY/332_ARM_2_ASSY/ARM-STOP-PAD-2__DF8-R2-ARM-STOP-PAD-001__REV_B__REPLACEABLE_ARM_STOP_AND_AUTOMATIC-LOCK_STRIKE,STINGRAY_I5S_DF8_FINAL_DEPLOYED_MASTER_ASSY/300_TRUE_TRANSFORM_ARM_AND_POWERTRAIN_ASSY/332_ARM_2_ASSY/ARM-STOP-PAD-2__DF8-R2-ARM-STOP-PAD-001__REV_B__REPLACEABLE_ARM_STOP_AND_AUTOMATIC-LOCK_STRIKE,"[[-0.4999999999999998,-0.8660254037844387,0.0,-10.999999999999996],[0.8660254037844387,-0.4999999999999998,0.0,19.05255888325765],[0.0,0.0,1.0,891.5]]","[[-0.08682408883346517,-0.8660254037844387,-0.4924038765061038,-5.1618634050319745],[0.15038373318043535,-0.4999999999999998,0.8528685319524433,8.94060967924587],[-0.984807753012208,0.0,0.17364817766693041,894.5847594777823]]","{""basis"":""EXACT_COMMON_FULL_VOLUME"",""current_run_serialized_hashes_equal"":true,""current_validator_geometry_basis"":""SERIALIZED_LOCAL_BREP_SHA256"",""deployed_minus_common_mm3"":0.0,""equivalent"":true,""exact_common_error"":"""",""exact_common_status"":""DONE"",""exact_common_volume_mm3"":151.92468582692274,""stowed_minus_common_mm3"":0.0,""symmetric_difference_volume_mm3"":0.0,""volume_tolerance_mm3"":1e-05}","{""deployed_bbox_mm"":{""xmax"":5.0,""xmin"":-5.0,""ymax"":3.8,""ymin"":-3.8,""zmax"":2.2,""zmin"":-2.2},""deployed_dimensions_mm"":[10.0,7.6,4.4],""match"":true,""max_coordinate_delta_mm"":0.0,""max_dimension_delta_mm"":0.0,""stowed_bbox_mm"":{""xmax"":5.0,""xmin"":-5.0,""ymax"":3.8,""ymin"":-3.8,""zmax"":2.2,""zmin"":-2.2},""stowed_dimensions_mm"":[10.0,7.6,4.4],""tolerance_mm"":1e-08}","{""centroid_max_abs_delta_mm"":0.0,""delta_mm3"":0.0,""deployed_volume_mm3"":151.92468582692274,""stowed_volume_mm3"":151.92468582692274,""tolerance_mm3"":1e-05}","{""deployed_surface_type_counts"":{""Cylinder"":9,""Plane"":13},""deployed_topology_counts"":{""edge_count"":114,""face_count"":22,""shell_count"":1,""solid_count"":1,""vertex_count"":228,""wire_count"":27},""deployed_valid_brep"":true,""stowed_surface_type_counts"":{""Cylinder"":9,""Plane"":13},""stowed_topology_counts"":{""edge_count"":114,""face_count"":22,""shell_count"":1,""solid_count"":1,""vertex_count"":228,""wire_count"":27},""stowed_valid_brep"":true,""surface_type_counts_match"":true,""topology_counts_match"":true}",State-specific placement/attachment permitted by DOVETAIL_AND_TWO_M3_SCREWS; DOF=0; mechanism track declared=True.,"{""deployed_local_brep_sha256"":""99fe785687f0d31e5e1e2376e2176f0d554163d563b974be60b920c35a29b818"",""hashes_equal"":false,""original_exact_local_brep_match"":""False"",""original_status"":""FAIL"",""same_checkpoint_prior_reimport"":{""deployed_local_brep_sha256"":""99fe785687f0d31e5e1e2376e2176f0d554163d563b974be60b920c35a29b818"",""exact_common_full_volume_equivalent"":""True"",""exact_common_status"":""DONE"",""hashes_equal"":false,""master_hash_binding"":""work/final_analysis/validation_cycle2/step_text_inspection.json"",""status"":""PASS"",""stowed_local_brep_sha256"":""e3e2bc73b7500e14189fbdfa233ea6e827132205ad833df62dd4f23e35c2c105""},""stowed_local_brep_sha256"":""e3e2bc73b7500e14189fbdfa233ea6e827132205ad833df62dd4f23e35c2c105""}",B,EXPECTED_CONFIGURATION_TRANSFORM_OR_ATTACHMENT_CHANGE_WITH_NON_SEMANTIC_OCCT_BREP_SERIALIZATION_DIFFERENCE,NO_CAD CHANGE; retain mechanism transform and use local geometric equivalence,RESOLVED_AS_EXPECTED_STATE_SPECIFIC_DIFFERENCE
SPP-007,ARM-STOP-PAD-3,ARM-STOP-PAD-3,DF8-R2-ARM-STOP-PAD-001,REPLACEABLE ARM STOP AND AUTOMATIC-LOCK STRIKE,B,300_TRUE_TRANSFORM_ARM_AND_POWERTRAIN_ASSY,17-4PH stainless steel,MAKE,0.0011774163151587191,300_TRUE_TRANSFORM_ARM_AND_POWERTRAIN_ASSY/333_ARM_3_ASSY,300_TRUE_TRANSFORM_ARM_AND_POWERTRAIN_ASSY/333_ARM_3_ASSY,STINGRAY_I5S_DF8_FINAL_STOWED_MASTER_ASSY/300_TRUE_TRANSFORM_ARM_AND_POWERTRAIN_ASSY/333_ARM_3_ASSY/ARM-STOP-PAD-3__DF8-R2-ARM-STOP-PAD-001__REV_B__REPLACEABLE_ARM_STOP_AND_AUTOMATIC-LOCK_STRIKE,STINGRAY_I5S_DF8_FINAL_DEPLOYED_MASTER_ASSY/300_TRUE_TRANSFORM_ARM_AND_POWERTRAIN_ASSY/333_ARM_3_ASSY/ARM-STOP-PAD-3__DF8-R2-ARM-STOP-PAD-001__REV_B__REPLACEABLE_ARM_STOP_AND_AUTOMATIC-LOCK_STRIKE,"[[-0.5000000000000004,0.8660254037844385,0.0,-11.000000000000009],[-0.8660254037844385,-0.5000000000000004,0.0,-19.052558883257646],[0.0,0.0,1.0,891.5]]","[[-0.08682408883346529,0.8660254037844385,-0.49240387650610445,-5.161863405031981],[-0.15038373318043533,-0.5000000000000004,-0.852868531952443,-8.940609679245867],[-0.984807753012208,0.0,0.17364817766693041,894.5847594777823]]","{""basis"":""EXACT_COMMON_FULL_VOLUME"",""current_run_serialized_hashes_equal"":true,""current_validator_geometry_basis"":""SERIALIZED_LOCAL_BREP_SHA256"",""deployed_minus_common_mm3"":0.0,""equivalent"":true,""exact_common_error"":"""",""exact_common_status"":""DONE"",""exact_common_volume_mm3"":151.92468582692274,""stowed_minus_common_mm3"":0.0,""symmetric_difference_volume_mm3"":0.0,""volume_tolerance_mm3"":1e-05}","{""deployed_bbox_mm"":{""xmax"":5.0,""xmin"":-5.0,""ymax"":3.8,""ymin"":-3.8,""zmax"":2.2,""zmin"":-2.2},""deployed_dimensions_mm"":[10.0,7.6,4.4],""match"":true,""max_coordinate_delta_mm"":0.0,""max_dimension_delta_mm"":0.0,""stowed_bbox_mm"":{""xmax"":5.0,""xmin"":-5.0,""ymax"":3.8,""ymin"":-3.8,""zmax"":2.2,""zmin"":-2.2},""stowed_dimensions_mm"":[10.0,7.6,4.4],""tolerance_mm"":1e-08}","{""centroid_max_abs_delta_mm"":0.0,""delta_mm3"":0.0,""deployed_volume_mm3"":151.92468582692274,""stowed_volume_mm3"":151.92468582692274,""tolerance_mm3"":1e-05}","{""deployed_surface_type_counts"":{""Cylinder"":9,""Plane"":13},""deployed_topology_counts"":{""edge_count"":114,""face_count"":22,""shell_count"":1,""solid_count"":1,""vertex_count"":228,""wire_count"":27},""deployed_valid_brep"":true,""stowed_surface_type_counts"":{""Cylinder"":9,""Plane"":13},""stowed_topology_counts"":{""edge_count"":114,""face_count"":22,""shell_count"":1,""solid_count"":1,""vertex_count"":228,""wire_count"":27},""stowed_valid_brep"":true,""surface_type_counts_match"":true,""topology_counts_match"":true}",State-specific placement/attachment permitted by DOVETAIL_AND_TWO_M3_SCREWS; DOF=0; mechanism track declared=True.,"{""deployed_local_brep_sha256"":""99fe785687f0d31e5e1e2376e2176f0d554163d563b974be60b920c35a29b818"",""hashes_equal"":false,""original_exact_local_brep_match"":""False"",""original_status"":""FAIL"",""same_checkpoint_prior_reimport"":{""deployed_local_brep_sha256"":""99fe785687f0d31e5e1e2376e2176f0d554163d563b974be60b920c35a29b818"",""exact_common_full_volume_equivalent"":""True"",""exact_common_status"":""DONE"",""hashes_equal"":false,""master_hash_binding"":""work/final_analysis/validation_cycle2/step_text_inspection.json"",""status"":""PASS"",""stowed_local_brep_sha256"":""e3e2bc73b7500e14189fbdfa233ea6e827132205ad833df62dd4f23e35c2c105""},""stowed_local_brep_sha256"":""e3e2bc73b7500e14189fbdfa233ea6e827132205ad833df62dd4f23e35c2c105""}",B,EXPECTED_CONFIGURATION_TRANSFORM_OR_ATTACHMENT_CHANGE_WITH_NON_SEMANTIC_OCCT_BREP_SERIALIZATION_DIFFERENCE,NO_CAD CHANGE; retain mechanism transform and use local geometric equivalence,RESOLVED_AS_EXPECTED_STATE_SPECIFIC_DIFFERENCE
SPP-008,ARM-STOP-SCREW-1-1,ARM-STOP-SCREW-1-1,SSCA-M3-8-A4-BL,"M3 X 8 CAPTIVE SOCKET CAP SCREW, DIN 912",ACCU-CATALOG,300_TRUE_TRANSFORM_ARM_AND_POWERTRAIN_ASSY,A4-80 stainless steel,BUY,0.0008,300_TRUE_TRANSFORM_ARM_AND_POWERTRAIN_ASSY/390_MANDATORY_HARDWARE_ASSY,300_TRUE_TRANSFORM_ARM_AND_POWERTRAIN_ASSY/390_MANDATORY_HARDWARE_ASSY,STINGRAY_I5S_DF8_FINAL_STOWED_MASTER_ASSY/300_TRUE_TRANSFORM_ARM_AND_POWERTRAIN_ASSY/390_MANDATORY_HARDWARE_ASSY/ARM-STOP-SCREW-1-1__SSCA-M3-8-A4-BL__REV_ACCU-CATALOG__M3_X_8_CAPTIVE_SOCKET_CAP_SCREW_DIN_912,STINGRAY_I5S_DF8_FINAL_DEPLOYED_MASTER_ASSY/300_TRUE_TRANSFORM_ARM_AND_POWERTRAIN_ASSY/390_MANDATORY_HARDWARE_ASSY/ARM-STOP-SCREW-1-1__SSCA-M3-8-A4-BL__REV_ACCU-CATALOG__M3_X_8_CAPTIVE_SOCKET_CAP_SCREW_DIN_912,"[[1.0,0.0,0.0,19.2],[0.0,1.1102230246251565e-16,1.0,-1.8],[0.0,-1.0,1.1102230246251565e-16,891.5]]","[[0.17364817766693041,-0.984807753012208,1.0933562422235177e-16,9.837511912596549],[0.0,1.1102230246251565e-16,1.0,-1.8],[-0.984807753012208,-0.17364817766693041,1.9278820503002604e-17,897.3422211862165]]","{""basis"":""EXACT_COMMON_FULL_VOLUME"",""current_run_serialized_hashes_equal"":true,""current_validator_geometry_basis"":""SERIALIZED_LOCAL_BREP_SHA256"",""deployed_minus_common_mm3"":0.0,""equivalent"":true,""exact_common_error"":"""",""exact_common_status"":""DONE"",""exact_common_volume_mm3"":104.39668630078609,""stowed_minus_common_mm3"":0.0,""symmetric_difference_volume_mm3"":0.0,""volume_tolerance_mm3"":1e-05}","{""deployed_bbox_mm"":{""xmax"":2.75,""xmin"":-2.75,""ymax"":2.75,""ymin"":-2.75,""zmax"":8.0,""zmin"":-3.0},""deployed_dimensions_mm"":[5.5,5.5,11.0],""match"":true,""max_coordinate_delta_mm"":0.0,""max_dimension_delta_mm"":0.0,""stowed_bbox_mm"":{""xmax"":2.75,""xmin"":-2.75,""ymax"":2.75,""ymin"":-2.75,""zmax"":8.0,""zmin"":-3.0},""stowed_dimensions_mm"":[5.5,5.5,11.0],""tolerance_mm"":1e-08}","{""centroid_max_abs_delta_mm"":0.0,""delta_mm3"":0.0,""deployed_volume_mm3"":104.39668630078609,""stowed_volume_mm3"":104.39668630078609,""tolerance_mm3"":1e-05}","{""deployed_surface_type_counts"":{""Cylinder"":3,""Plane"":11},""deployed_topology_counts"":{""edge_count"":54,""face_count"":14,""shell_count"":1,""solid_count"":1,""vertex_count"":108,""wire_count"":17},""deployed_valid_brep"":true,""stowed_surface_type_counts"":{""Cylinder"":3,""Plane"":11},""stowed_topology_counts"":{""edge_count"":54,""face_count"":14,""shell_count"":1,""solid_count"":1,""vertex_count"":108,""wire_count"":17},""stowed_valid_brep"":true,""surface_type_counts_match"":true,""topology_counts_match"":true}",State-specific placement/attachment permitted by CAPTIVE_SCREW_IN_ARM_STOP; DOF=RIGID_WITH_PARENT; mechanism track declared=True.,"{""deployed_local_brep_sha256"":""9a01872b35b7a5bc476affcfa024ed236a49cabedd7e3e1c93b7ddba54d05b41"",""hashes_equal"":false,""original_exact_local_brep_match"":""False"",""original_status"":""FAIL"",""same_checkpoint_prior_reimport"":{""deployed_local_brep_sha256"":""cd6dae92f36421a9c2f7b2b5f2a02d39b512f2bf5b213d7fe1d6787933e6c6a3"",""exact_common_full_volume_equivalent"":""True"",""exact_common_status"":""DONE"",""hashes_equal"":false,""master_hash_binding"":""work/final_analysis/validation_cycle2/step_text_inspection.json"",""status"":""PASS"",""stowed_local_brep_sha256"":""73037361b9a9c1682b56a64312533dee4f1932cc97204ae1f6a09beecb73150b""},""stowed_local_brep_sha256"":""73037361b9a9c1682b56a64312533dee4f1932cc97204ae1f6a09beecb73150b""}",B,EXPECTED_CONFIGURATION_TRANSFORM_OR_ATTACHMENT_CHANGE_WITH_NON_SEMANTIC_OCCT_BREP_SERIALIZATION_DIFFERENCE,NO_CAD CHANGE; retain mechanism transform and use local geometric equivalence,RESOLVED_AS_EXPECTED_STATE_SPECIFIC_DIFFERENCE
SPP-009,ARM-STOP-SCREW-1-2,ARM-STOP-SCREW-1-2,SSCA-M3-8-A4-BL,"M3 X 8 CAPTIVE SOCKET CAP SCREW, DIN 912",ACCU-CATALOG,300_TRUE_TRANSFORM_ARM_AND_POWERTRAIN_ASSY,A4-80 stainless steel,BUY,0.0008,300_TRUE_TRANSFORM_ARM_AND_POWERTRAIN_ASSY/390_MANDATORY_HARDWARE_ASSY,300_TRUE_TRANSFORM_ARM_AND_POWERTRAIN_ASSY/390_MANDATORY_HARDWARE_ASSY,STINGRAY_I5S_DF8_FINAL_STOWED_MASTER_ASSY/300_TRUE_TRANSFORM_ARM_AND_POWERTRAIN_ASSY/390_MANDATORY_HARDWARE_ASSY/ARM-STOP-SCREW-1-2__SSCA-M3-8-A4-BL__REV_ACCU-CATALOG__M3_X_8_CAPTIVE_SOCKET_CAP_SCREW_DIN_912,STINGRAY_I5S_DF8_FINAL_DEPLOYED_MASTER_ASSY/300_TRUE_TRANSFORM_ARM_AND_POWERTRAIN_ASSY/390_MANDATORY_HARDWARE_ASSY/ARM-STOP-SCREW-1-2__SSCA-M3-8-A4-BL__REV_ACCU-CATALOG__M3_X_8_CAPTIVE_SOCKET_CAP_SCREW_DIN_912,"[[1.0,0.0,0.0,24.8],[0.0,1.1102230246251565e-16,1.0,-1.8],[0.0,-1.0,1.1102230246251565e-16,891.5]]","[[0.17364817766693041,-0.984807753012208,1.0933562422235177e-16,10.80994170753136],[0.0,1.1102230246251565e-16,1.0,-1.8],[-0.984807753012208,-0.17364817766693041,1.9278820503002604e-17,891.8272977693481]]","{""basis"":""EXACT_COMMON_FULL_VOLUME"",""current_run_serialized_hashes_equal"":true,""current_validator_geometry_basis"":""SERIALIZED_LOCAL_BREP_SHA256"",""deployed_minus_common_mm3"":0.0,""equivalent"":true,""exact_common_error"":"""",""exact_common_status"":""DONE"",""exact_common_volume_mm3"":104.39668630078609,""stowed_minus_common_mm3"":0.0,""symmetric_difference_volume_mm3"":0.0,""volume_tolerance_mm3"":1e-05}","{""deployed_bbox_mm"":{""xmax"":2.75,""xmin"":-2.75,""ymax"":2.75,""ymin"":-2.75,""zmax"":8.0,""zmin"":-3.0},""deployed_dimensions_mm"":[5.5,5.5,11.0],""match"":true,""max_coordinate_delta_mm"":0.0,""max_dimension_delta_mm"":0.0,""stowed_bbox_mm"":{""xmax"":2.75,""xmin"":-2.75,""ymax"":2.75,""ymin"":-2.75,""zmax"":8.0,""zmin"":-3.0},""stowed_dimensions_mm"":[5.5,5.5,11.0],""tolerance_mm"":1e-08}","{""centroid_max_abs_delta_mm"":0.0,""delta_mm3"":0.0,""deployed_volume_mm3"":104.39668630078609,""stowed_volume_mm3"":104.39668630078609,""tolerance_mm3"":1e-05}","{""deployed_surface_type_counts"":{""Cylinder"":3,""Plane"":11},""deployed_topology_counts"":{""edge_count"":54,""face_count"":14,""shell_count"":1,""solid_count"":1,""vertex_count"":108,""wire_count"":17},""deployed_valid_brep"":true,""stowed_surface_type_counts"":{""Cylinder"":3,""Plane"":11},""stowed_topology_counts"":{""edge_count"":54,""face_count"":14,""shell_count"":1,""solid_count"":1,""vertex_count"":108,""wire_count"":17},""stowed_valid_brep"":true,""surface_type_counts_match"":true,""topology_counts_match"":true}",State-specific placement/attachment permitted by CAPTIVE_SCREW_IN_ARM_STOP; DOF=RIGID_WITH_PARENT; mechanism track declared=True.,"{""deployed_local_brep_sha256"":""9a01872b35b7a5bc476affcfa024ed236a49cabedd7e3e1c93b7ddba54d05b41"",""hashes_equal"":false,""original_exact_local_brep_match"":""False"",""original_status"":""FAIL"",""same_checkpoint_prior_reimport"":{""deployed_local_brep_sha256"":""cd6dae92f36421a9c2f7b2b5f2a02d39b512f2bf5b213d7fe1d6787933e6c6a3"",""exact_common_full_volume_equivalent"":""True"",""exact_common_status"":""DONE"",""hashes_equal"":false,""master_hash_binding"":""work/final_analysis/validation_cycle2/step_text_inspection.json"",""status"":""PASS"",""stowed_local_brep_sha256"":""73037361b9a9c1682b56a64312533dee4f1932cc97204ae1f6a09beecb73150b""},""stowed_local_brep_sha256"":""73037361b9a9c1682b56a64312533dee4f1932cc97204ae1f6a09beecb73150b""}",B,EXPECTED_CONFIGURATION_TRANSFORM_OR_ATTACHMENT_CHANGE_WITH_NON_SEMANTIC_OCCT_BREP_SERIALIZATION_DIFFERENCE,NO_CAD CHANGE; retain mechanism transform and use local geometric equivalence,RESOLVED_AS_EXPECTED_STATE_SPECIFIC_DIFFERENCE
SPP-010,ARM-STOP-SCREW-2-1,ARM-STOP-SCREW-2-1,SSCA-M3-8-A4-BL,"M3 X 8 CAPTIVE SOCKET CAP SCREW, DIN 912",ACCU-CATALOG,300_TRUE_TRANSFORM_ARM_AND_POWERTRAIN_ASSY,A4-80 stainless steel,BUY,0.0008,300_TRUE_TRANSFORM_ARM_AND_POWERTRAIN_ASSY/390_MANDATORY_HARDWARE_ASSY,300_TRUE_TRANSFORM_ARM_AND_POWERTRAIN_ASSY/390_MANDATORY_HARDWARE_ASSY,STINGRAY_I5S_DF8_FINAL_STOWED_MASTER_ASSY/300_TRUE_TRANSFORM_ARM_AND_POWERTRAIN_ASSY/390_MANDATORY_HARDWARE_ASSY/ARM-STOP-SCREW-2-1__SSCA-M3-8-A4-BL__REV_ACCU-CATALOG__M3_X_8_CAPTIVE_SOCKET_CAP_SCREW_DIN_912,STINGRAY_I5S_DF8_FINAL_DEPLOYED_MASTER_ASSY/300_TRUE_TRANSFORM_ARM_AND_POWERTRAIN_ASSY/390_MANDATORY_HARDWARE_ASSY/ARM-STOP-SCREW-2-1__SSCA-M3-8-A4-BL__REV_ACCU-CATALOG__M3_X_8_CAPTIVE_SOCKET_CAP_SCREW_DIN_912,"[[-0.4999999999999998,-9.61481343191782e-17,-0.8660254037844387,-8.041154273188008],[0.8660254037844387,-5.55111512312578e-17,-0.4999999999999998,17.527687752661222],[0.0,-1.0,1.1102230246251565e-16,891.5]]","[[-0.08682408883346517,0.4924038765061037,-0.8660254037844387,-3.3599102294862826],[0.15038373318043535,-0.8528685319524433,-0.49999999999999967,9.41953522634065],[-0.984807753012208,-0.17364817766693041,1.9278820503002604e-17,897.3422211862165]]","{""basis"":""EXACT_COMMON_FULL_VOLUME"",""current_run_serialized_hashes_equal"":true,""current_validator_geometry_basis"":""SERIALIZED_LOCAL_BREP_SHA256"",""deployed_minus_common_mm3"":0.0,""equivalent"":true,""exact_common_error"":"""",""exact_common_status"":""DONE"",""exact_common_volume_mm3"":104.39668630078609,""stowed_minus_common_mm3"":0.0,""symmetric_difference_volume_mm3"":0.0,""volume_tolerance_mm3"":1e-05}","{""deployed_bbox_mm"":{""xmax"":2.75,""xmin"":-2.75,""ymax"":2.75,""ymin"":-2.75,""zmax"":8.0,""zmin"":-3.0},""deployed_dimensions_mm"":[5.5,5.5,11.0],""match"":true,""max_coordinate_delta_mm"":0.0,""max_dimension_delta_mm"":0.0,""stowed_bbox_mm"":{""xmax"":2.75,""xmin"":-2.75,""ymax"":2.75,""ymin"":-2.75,""zmax"":8.0,""zmin"":-3.0},""stowed_dimensions_mm"":[5.5,5.5,11.0],""tolerance_mm"":1e-08}","{""centroid_max_abs_delta_mm"":0.0,""delta_mm3"":0.0,""deployed_volume_mm3"":104.39668630078609,""stowed_volume_mm3"":104.39668630078609,""tolerance_mm3"":1e-05}","{""deployed_surface_type_counts"":{""Cylinder"":3,""Plane"":11},""deployed_topology_counts"":{""edge_count"":54,""face_count"":14,""shell_count"":1,""solid_count"":1,""vertex_count"":108,""wire_count"":17},""deployed_valid_brep"":true,""stowed_surface_type_counts"":{""Cylinder"":3,""Plane"":11},""stowed_topology_counts"":{""edge_count"":54,""face_count"":14,""shell_count"":1,""solid_count"":1,""vertex_count"":108,""wire_count"":17},""stowed_valid_brep"":true,""surface_type_counts_match"":true,""topology_counts_match"":true}",State-specific placement/attachment permitted by CAPTIVE_SCREW_IN_ARM_STOP; DOF=RIGID_WITH_PARENT; mechanism track declared=True.,"{""deployed_local_brep_sha256"":""9a01872b35b7a5bc476affcfa024ed236a49cabedd7e3e1c93b7ddba54d05b41"",""hashes_equal"":false,""original_exact_local_brep_match"":""False"",""original_status"":""FAIL"",""same_checkpoint_prior_reimport"":{""deployed_local_brep_sha256"":""cd6dae92f36421a9c2f7b2b5f2a02d39b512f2bf5b213d7fe1d6787933e6c6a3"",""exact_common_full_volume_equivalent"":""True"",""exact_common_status"":""DONE"",""hashes_equal"":false,""master_hash_binding"":""work/final_analysis/validation_cycle2/step_text_inspection.json"",""status"":""PASS"",""stowed_local_brep_sha256"":""73037361b9a9c1682b56a64312533dee4f1932cc97204ae1f6a09beecb73150b""},""stowed_local_brep_sha256"":""73037361b9a9c1682b56a64312533dee4f1932cc97204ae1f6a09beecb73150b""}",B,EXPECTED_CONFIGURATION_TRANSFORM_OR_ATTACHMENT_CHANGE_WITH_NON_SEMANTIC_OCCT_BREP_SERIALIZATION_DIFFERENCE,NO_CAD CHANGE; retain mechanism transform and use local geometric equivalence,RESOLVED_AS_EXPECTED_STATE_SPECIFIC_DIFFERENCE
SPP-011,ARM-STOP-SCREW-2-2,ARM-STOP-SCREW-2-2,SSCA-M3-8-A4-BL,"M3 X 8 CAPTIVE SOCKET CAP SCREW, DIN 912",ACCU-CATALOG,300_TRUE_TRANSFORM_ARM_AND_POWERTRAIN_ASSY,A4-80 stainless steel,BUY,0.0008,300_TRUE_TRANSFORM_ARM_AND_POWERTRAIN_ASSY/390_MANDATORY_HARDWARE_ASSY,300_TRUE_TRANSFORM_ARM_AND_POWERTRAIN_ASSY/390_MANDATORY_HARDWARE_ASSY,STINGRAY_I5S_DF8_FINAL_STOWED_MASTER_ASSY/300_TRUE_TRANSFORM_ARM_AND_POWERTRAIN_ASSY/390_MANDATORY_HARDWARE_ASSY/ARM-STOP-SCREW-2-2__SSCA-M3-8-A4-BL__REV_ACCU-CATALOG__M3_X_8_CAPTIVE_SOCKET_CAP_SCREW_DIN_912,STINGRAY_I5S_DF8_FINAL_DEPLOYED_MASTER_ASSY/300_TRUE_TRANSFORM_ARM_AND_POWERTRAIN_ASSY/390_MANDATORY_HARDWARE_ASSY/ARM-STOP-SCREW-2-2__SSCA-M3-8-A4-BL__REV_ACCU-CATALOG__M3_X_8_CAPTIVE_SOCKET_CAP_SCREW_DIN_912,"[[-0.4999999999999998,-9.61481343191782e-17,-0.8660254037844387,-10.841154273188007],[0.8660254037844387,-5.55111512312578e-17,-0.4999999999999998,22.377430013854077],[0.0,-1.0,1.1102230246251565e-16,891.5]]","[[-0.08682408883346517,0.4924038765061037,-0.8660254037844387,-3.8461251269536874],[0.15038373318043535,-0.8528685319524433,-0.49999999999999967,10.261684132151089],[-0.984807753012208,-0.17364817766693041,1.9278820503002604e-17,891.8272977693481]]","{""basis"":""EXACT_COMMON_FULL_VOLUME"",""current_run_serialized_hashes_equal"":true,""current_validator_geometry_basis"":""SERIALIZED_LOCAL_BREP_SHA256"",""deployed_minus_common_mm3"":0.0,""equivalent"":true,""exact_common_error"":"""",""exact_common_status"":""DONE"",""exact_common_volume_mm3"":104.39668630078609,""stowed_minus_common_mm3"":0.0,""symmetric_difference_volume_mm3"":0.0,""volume_tolerance_mm3"":1e-05}","{""deployed_bbox_mm"":{""xmax"":2.75,""xmin"":-2.75,""ymax"":2.75,""ymin"":-2.75,""zmax"":8.0,""zmin"":-3.0},""deployed_dimensions_mm"":[5.5,5.5,11.0],""match"":true,""max_coordinate_delta_mm"":0.0,""max_dimension_delta_mm"":0.0,""stowed_bbox_mm"":{""xmax"":2.75,""xmin"":-2.75,""ymax"":2.75,""ymin"":-2.75,""zmax"":8.0,""zmin"":-3.0},""stowed_dimensions_mm"":[5.5,5.5,11.0],""tolerance_mm"":1e-08}","{""centroid_max_abs_delta_mm"":0.0,""delta_mm3"":0.0,""deployed_volume_mm3"":104.39668630078609,""stowed_volume_mm3"":104.39668630078609,""tolerance_mm3"":1e-05}","{""deployed_surface_type_counts"":{""Cylinder"":3,""Plane"":11},""deployed_topology_counts"":{""edge_count"":54,""face_count"":14,""shell_count"":1,""solid_count"":1,""vertex_count"":108,""wire_count"":17},""deployed_valid_brep"":true,""stowed_surface_type_counts"":{""Cylinder"":3,""Plane"":11},""stowed_topology_counts"":{""edge_count"":54,""face_count"":14,""shell_count"":1,""solid_count"":1,""vertex_count"":108,""wire_count"":17},""stowed_valid_brep"":true,""surface_type_counts_match"":true,""topology_counts_match"":true}",State-specific placement/attachment permitted by CAPTIVE_SCREW_IN_ARM_STOP; DOF=RIGID_WITH_PARENT; mechanism track declared=True.,"{""deployed_local_brep_sha256"":""9a01872b35b7a5bc476affcfa024ed236a49cabedd7e3e1c93b7ddba54d05b41"",""hashes_equal"":false,""original_exact_local_brep_match"":""False"",""original_status"":""FAIL"",""same_checkpoint_prior_reimport"":{""deployed_local_brep_sha256"":""cd6dae92f36421a9c2f7b2b5f2a02d39b512f2bf5b213d7fe1d6787933e6c6a3"",""exact_common_full_volume_equivalent"":""True"",""exact_common_status"":""DONE"",""hashes_equal"":false,""master_hash_binding"":""work/final_analysis/validation_cycle2/step_text_inspection.json"",""status"":""PASS"",""stowed_local_brep_sha256"":""73037361b9a9c1682b56a64312533dee4f1932cc97204ae1f6a09beecb73150b""},""stowed_local_brep_sha256"":""73037361b9a9c1682b56a64312533dee4f1932cc97204ae1f6a09beecb73150b""}",B,EXPECTED_CONFIGURATION_TRANSFORM_OR_ATTACHMENT_CHANGE_WITH_NON_SEMANTIC_OCCT_BREP_SERIALIZATION_DIFFERENCE,NO_CAD CHANGE; retain mechanism transform and use local geometric equivalence,RESOLVED_AS_EXPECTED_STATE_SPECIFIC_DIFFERENCE
SPP-012,ARM-STOP-SCREW-3-1,ARM-STOP-SCREW-3-1,SSCA-M3-8-A4-BL,"M3 X 8 CAPTIVE SOCKET CAP SCREW, DIN 912",ACCU-CATALOG,300_TRUE_TRANSFORM_ARM_AND_POWERTRAIN_ASSY,A4-80 stainless steel,BUY,0.0008,300_TRUE_TRANSFORM_ARM_AND_POWERTRAIN_ASSY/390_MANDATORY_HARDWARE_ASSY,300_TRUE_TRANSFORM_ARM_AND_POWERTRAIN_ASSY/390_MANDATORY_HARDWARE_ASSY,STINGRAY_I5S_DF8_FINAL_STOWED_MASTER_ASSY/300_TRUE_TRANSFORM_ARM_AND_POWERTRAIN_ASSY/390_MANDATORY_HARDWARE_ASSY/ARM-STOP-SCREW-3-1__SSCA-M3-8-A4-BL__REV_ACCU-CATALOG__M3_X_8_CAPTIVE_SOCKET_CAP_SCREW_DIN_912,STINGRAY_I5S_DF8_FINAL_DEPLOYED_MASTER_ASSY/300_TRUE_TRANSFORM_ARM_AND_POWERTRAIN_ASSY/390_MANDATORY_HARDWARE_ASSY/ARM-STOP-SCREW-3-1__SSCA-M3-8-A4-BL__REV_ACCU-CATALOG__M3_X_8_CAPTIVE_SOCKET_CAP_SCREW_DIN_912,"[[-0.5000000000000004,9.614813431917818e-17,0.8660254037844385,-11.158845726811997],[-0.8660254037844385,-5.551115123125788e-17,-0.5000000000000004,-15.727687752661218],[0.0,-1.0,1.1102230246251565e-16,891.5]]","[[-0.08682408883346529,0.49240387650610457,0.8660254037844385,-6.477601683110267],[-0.15038373318043533,0.8528685319524429,-0.5000000000000006,-7.6195352263406475],[-0.984807753012208,-0.17364817766693041,1.9278820503002604e-17,897.3422211862165]]","{""basis"":""EXACT_COMMON_FULL_VOLUME"",""current_run_serialized_hashes_equal"":true,""current_validator_geometry_basis"":""SERIALIZED_LOCAL_BREP_SHA256"",""deployed_minus_common_mm3"":0.0,""equivalent"":true,""exact_common_error"":"""",""exact_common_status"":""DONE"",""exact_common_volume_mm3"":104.39668630078609,""stowed_minus_common_mm3"":0.0,""symmetric_difference_volume_mm3"":0.0,""volume_tolerance_mm3"":1e-05}","{""deployed_bbox_mm"":{""xmax"":2.75,""xmin"":-2.75,""ymax"":2.75,""ymin"":-2.75,""zmax"":8.0,""zmin"":-3.0},""deployed_dimensions_mm"":[5.5,5.5,11.0],""match"":true,""max_coordinate_delta_mm"":0.0,""max_dimension_delta_mm"":0.0,""stowed_bbox_mm"":{""xmax"":2.75,""xmin"":-2.75,""ymax"":2.75,""ymin"":-2.75,""zmax"":8.0,""zmin"":-3.0},""stowed_dimensions_mm"":[5.5,5.5,11.0],""tolerance_mm"":1e-08}","{""centroid_max_abs_delta_mm"":0.0,""delta_mm3"":0.0,""deployed_volume_mm3"":104.39668630078609,""stowed_volume_mm3"":104.39668630078609,""tolerance_mm3"":1e-05}","{""deployed_surface_type_counts"":{""Cylinder"":3,""Plane"":11},""deployed_topology_counts"":{""edge_count"":54,""face_count"":14,""shell_count"":1,""solid_count"":1,""vertex_count"":108,""wire_count"":17},""deployed_valid_brep"":true,""stowed_surface_type_counts"":{""Cylinder"":3,""Plane"":11},""stowed_topology_counts"":{""edge_count"":54,""face_count"":14,""shell_count"":1,""solid_count"":1,""vertex_count"":108,""wire_count"":17},""stowed_valid_brep"":true,""surface_type_counts_match"":true,""topology_counts_match"":true}",State-specific placement/attachment permitted by CAPTIVE_SCREW_IN_ARM_STOP; DOF=RIGID_WITH_PARENT; mechanism track declared=True.,"{""deployed_local_brep_sha256"":""9a01872b35b7a5bc476affcfa024ed236a49cabedd7e3e1c93b7ddba54d05b41"",""hashes_equal"":false,""original_exact_local_brep_match"":""False"",""original_status"":""FAIL"",""same_checkpoint_prior_reimport"":{""deployed_local_brep_sha256"":""cd6dae92f36421a9c2f7b2b5f2a02d39b512f2bf5b213d7fe1d6787933e6c6a3"",""exact_common_full_volume_equivalent"":""True"",""exact_common_status"":""DONE"",""hashes_equal"":false,""master_hash_binding"":""work/final_analysis/validation_cycle2/step_text_inspection.json"",""status"":""PASS"",""stowed_local_brep_sha256"":""73037361b9a9c1682b56a64312533dee4f1932cc97204ae1f6a09beecb73150b""},""stowed_local_brep_sha256"":""73037361b9a9c1682b56a64312533dee4f1932cc97204ae1f6a09beecb73150b""}",B,EXPECTED_CONFIGURATION_TRANSFORM_OR_ATTACHMENT_CHANGE_WITH_NON_SEMANTIC_OCCT_BREP_SERIALIZATION_DIFFERENCE,NO_CAD CHANGE; retain mechanism transform and use local geometric equivalence,RESOLVED_AS_EXPECTED_STATE_SPECIFIC_DIFFERENCE
SPP-013,ARM-STOP-SCREW-3-2,ARM-STOP-SCREW-3-2,SSCA-M3-8-A4-BL,"M3 X 8 CAPTIVE SOCKET CAP SCREW, DIN 912",ACCU-CATALOG,300_TRUE_TRANSFORM_ARM_AND_POWERTRAIN_ASSY,A4-80 stainless steel,BUY,0.0008,300_TRUE_TRANSFORM_ARM_AND_POWERTRAIN_ASSY/390_MANDATORY_HARDWARE_ASSY,300_TRUE_TRANSFORM_ARM_AND_POWERTRAIN_ASSY/390_MANDATORY_HARDWARE_ASSY,STINGRAY_I5S_DF8_FINAL_STOWED_MASTER_ASSY/300_TRUE_TRANSFORM_ARM_AND_POWERTRAIN_ASSY/390_MANDATORY_HARDWARE_ASSY/ARM-STOP-SCREW-3-2__SSCA-M3-8-A4-BL__REV_ACCU-CATALOG__M3_X_8_CAPTIVE_SOCKET_CAP_SCREW_DIN_912,STINGRAY_I5S_DF8_FINAL_DEPLOYED_MASTER_ASSY/300_TRUE_TRANSFORM_ARM_AND_POWERTRAIN_ASSY/390_MANDATORY_HARDWARE_ASSY/ARM-STOP-SCREW-3-2__SSCA-M3-8-A4-BL__REV_ACCU-CATALOG__M3_X_8_CAPTIVE_SOCKET_CAP_SCREW_DIN_912,"[[-0.5000000000000004,9.614813431917818e-17,0.8660254037844385,-13.958845726812],[-0.8660254037844385,-5.551115123125788e-17,-0.5000000000000004,-20.577430013854073],[0.0,-1.0,1.1102230246251565e-16,891.5]]","[[-0.08682408883346529,0.49240387650610457,0.8660254037844385,-6.963816580577673],[-0.15038373318043533,0.8528685319524429,-0.5000000000000006,-8.461684132151085],[-0.984807753012208,-0.17364817766693041,1.9278820503002604e-17,891.8272977693481]]","{""basis"":""EXACT_COMMON_FULL_VOLUME"",""current_run_serialized_hashes_equal"":true,""current_validator_geometry_basis"":""SERIALIZED_LOCAL_BREP_SHA256"",""deployed_minus_common_mm3"":0.0,""equivalent"":true,""exact_common_error"":"""",""exact_common_status"":""DONE"",""exact_common_volume_mm3"":104.39668630078609,""stowed_minus_common_mm3"":0.0,""symmetric_difference_volume_mm3"":0.0,""volume_tolerance_mm3"":1e-05}","{""deployed_bbox_mm"":{""xmax"":2.75,""xmin"":-2.75,""ymax"":2.75,""ymin"":-2.75,""zmax"":8.0,""zmin"":-3.0},""deployed_dimensions_mm"":[5.5,5.5,11.0],""match"":true,""max_coordinate_delta_mm"":0.0,""max_dimension_delta_mm"":0.0,""stowed_bbox_mm"":{""xmax"":2.75,""xmin"":-2.75,""ymax"":2.75,""ymin"":-2.75,""zmax"":8.0,""zmin"":-3.0},""stowed_dimensions_mm"":[5.5,5.5,11.0],""tolerance_mm"":1e-08}","{""centroid_max_abs_delta_mm"":0.0,""delta_mm3"":0.0,""deployed_volume_mm3"":104.39668630078609,""stowed_volume_mm3"":104.39668630078609,""tolerance_mm3"":1e-05}","{""deployed_surface_type_counts"":{""Cylinder"":3,""Plane"":11},""deployed_topology_counts"":{""edge_count"":54,""face_count"":14,""shell_count"":1,""solid_count"":1,""vertex_count"":108,""wire_count"":17},""deployed_valid_brep"":true,""stowed_surface_type_counts"":{""Cylinder"":3,""Plane"":11},""stowed_topology_counts"":{""edge_count"":54,""face_count"":14,""shell_count"":1,""solid_count"":1,""vertex_count"":108,""wire_count"":17},""stowed_valid_brep"":true,""surface_type_counts_match"":true,""topology_counts_match"":true}",State-specific placement/attachment permitted by CAPTIVE_SCREW_IN_ARM_STOP; DOF=RIGID_WITH_PARENT; mechanism track declared=True.,"{""deployed_local_brep_sha256"":""9a01872b35b7a5bc476affcfa024ed236a49cabedd7e3e1c93b7ddba54d05b41"",""hashes_equal"":false,""original_exact_local_brep_match"":""False"",""original_status"":""FAIL"",""same_checkpoint_prior_reimport"":{""deployed_local_brep_sha256"":""cd6dae92f36421a9c2f7b2b5f2a02d39b512f2bf5b213d7fe1d6787933e6c6a3"",""exact_common_full_volume_equivalent"":""True"",""exact_common_status"":""DONE"",""hashes_equal"":false,""master_hash_binding"":""work/final_analysis/validation_cycle2/step_text_inspection.json"",""status"":""PASS"",""stowed_local_brep_sha256"":""73037361b9a9c1682b56a64312533dee4f1932cc97204ae1f6a09beecb73150b""},""stowed_local_brep_sha256"":""73037361b9a9c1682b56a64312533dee4f1932cc97204ae1f6a09beecb73150b""}",B,EXPECTED_CONFIGURATION_TRANSFORM_OR_ATTACHMENT_CHANGE_WITH_NON_SEMANTIC_OCCT_BREP_SERIALIZATION_DIFFERENCE,NO_CAD CHANGE; retain mechanism transform and use local geometric equivalence,RESOLVED_AS_EXPECTED_STATE_SPECIFIC_DIFFERENCE
SPP-014,CROSSHEAD-001,CROSSHEAD-001,DF8-R2-CROSSHEAD-001,ONE-PIECE SIX-CLEVIS GUIDED COMMON CROSSHEAD,A,300_TRUE_TRANSFORM_ARM_AND_POWERTRAIN_ASSY,17-4PH stainless steel,MAKE,0.012188178597747732,300_TRUE_TRANSFORM_ARM_AND_POWERTRAIN_ASSY,300_TRUE_TRANSFORM_ARM_AND_POWERTRAIN_ASSY,STINGRAY_I5S_DF8_FINAL_STOWED_MASTER_ASSY/300_TRUE_TRANSFORM_ARM_AND_POWERTRAIN_ASSY/CROSSHEAD-001__DF8-R2-CROSSHEAD-001__REV_A__ONE-PIECE_SIX-CLEVIS_GUIDED_COMMON_CROSSHEAD,STINGRAY_I5S_DF8_FINAL_DEPLOYED_MASTER_ASSY/300_TRUE_TRANSFORM_ARM_AND_POWERTRAIN_ASSY/CROSSHEAD-001__DF8-R2-CROSSHEAD-001__REV_A__ONE-PIECE_SIX-CLEVIS_GUIDED_COMMON_CROSSHEAD,"[[1.0,0.0,0.0,0.0],[0.0,1.0,0.0,0.0],[0.0,0.0,1.0,928.0263632888684]]","[[1.0,0.0,0.0,0.0],[0.0,1.0,0.0,0.0],[0.0,0.0,1.0,912.9713289177334]]","{""basis"":""EXACT_COMMON_FULL_VOLUME"",""current_run_serialized_hashes_equal"":true,""current_validator_geometry_basis"":""SERIALIZED_LOCAL_BREP_SHA256"",""deployed_minus_common_mm3"":0.0,""equivalent"":true,""exact_common_error"":"""",""exact_common_status"":""DONE"",""exact_common_volume_mm3"":1572.6682061604592,""stowed_minus_common_mm3"":0.0,""symmetric_difference_volume_mm3"":0.0,""volume_tolerance_mm3"":1e-05}","{""deployed_bbox_mm"":{""xmax"":22.2,""xmin"":-19.0,""ymax"":21.625763964014183,""ymin"":-21.625763964014183,""zmax"":4.5,""zmin"":-4.5},""deployed_dimensions_mm"":[41.2,43.251527928028366,9.0],""match"":true,""max_coordinate_delta_mm"":0.0,""max_dimension_delta_mm"":0.0,""stowed_bbox_mm"":{""xmax"":22.2,""xmin"":-19.0,""ymax"":21.625763964014183,""ymin"":-21.625763964014183,""zmax"":4.5,""zmin"":-4.5},""stowed_dimensions_mm"":[41.2,43.251527928028366,9.0],""tolerance_mm"":1e-08}","{""centroid_max_abs_delta_mm"":0.0,""delta_mm3"":0.0,""deployed_volume_mm3"":1572.6682061604592,""stowed_volume_mm3"":1572.6682061604592,""tolerance_mm3"":1e-05}","{""deployed_surface_type_counts"":{""Cylinder"":62,""Plane"":151},""deployed_topology_counts"":{""edge_count"":1034,""face_count"":213,""shell_count"":5,""solid_count"":5,""vertex_count"":2068,""wire_count"":215},""deployed_valid_brep"":true,""stowed_surface_type_counts"":{""Cylinder"":62,""Plane"":151},""stowed_topology_counts"":{""edge_count"":1034,""face_count"":213,""shell_count"":5,""solid_count"":5,""vertex_count"":2068,""wire_count"":215},""stowed_valid_brep"":true,""surface_type_counts_match"":true,""topology_counts_match"":true}",State-specific placement/attachment permitted by GUIDED_TRANSLATION; DOF=1 AXIAL TRANSLATION; mechanism track declared=True.,"{""deployed_local_brep_sha256"":""ba3982dfd620d0505dbd11a6d84ff6d8aca597e05e28689e0a22c11db8f4a7a6"",""hashes_equal"":false,""original_exact_local_brep_match"":""False"",""original_status"":""FAIL"",""same_checkpoint_prior_reimport"":{""deployed_local_brep_sha256"":""b3b068b425f2394d82c7c5774222e9d126c42f5ec9156883983d930e1c1f0009"",""exact_common_full_volume_equivalent"":""True"",""exact_common_status"":""DONE"",""hashes_equal"":false,""master_hash_binding"":""work/final_analysis/validation_cycle2/step_text_inspection.json"",""status"":""PASS"",""stowed_local_brep_sha256"":""1498795f1a61bbe226109cbc4b2bbaa828d9bcc0155a49ee2e8d955539deed4e""},""stowed_local_brep_sha256"":""9d911f62d6cc740899271f45921152d29e131fccbc908e357abf0f424b4eaf7a""}",B,EXPECTED_CONFIGURATION_TRANSFORM_OR_ATTACHMENT_CHANGE_WITH_NON_SEMANTIC_OCCT_BREP_SERIALIZATION_DIFFERENCE,NO_CAD CHANGE; retain mechanism transform and use local geometric equivalence,RESOLVED_AS_EXPECTED_STATE_SPECIFIC_DIFFERENCE
SPP-015,FIXED-SECTOR-3,FIXED-SECTOR-3,DF8-R2-BACKUP-ACCESS-FIXED-SECTOR-003,FIXED SECTOR 3 WITH TWO RADIAL M3 BACKUP-GUIDE HEAD POCKETS,B,300_TRUE_TRANSFORM_ARM_AND_POWERTRAIN_ASSY,Ti-6Al-4V,MAKE,0.33972579285849414,300_TRUE_TRANSFORM_ARM_AND_POWERTRAIN_ASSY,300_TRUE_TRANSFORM_ARM_AND_POWERTRAIN_ASSY,STINGRAY_I5S_DF8_FINAL_STOWED_MASTER_ASSY/300_TRUE_TRANSFORM_ARM_AND_POWERTRAIN_ASSY/FIXED-SECTOR-3__DF8-R2-BACKUP-ACCESS-FIXED-SECTOR-003__REV_B__FIXED_SECTOR_3_WITH_TWO_RADIAL_M3_BACKUP-GUIDE_HEAD_POCKETS,STINGRAY_I5S_DF8_FINAL_DEPLOYED_MASTER_ASSY/300_TRUE_TRANSFORM_ARM_AND_POWERTRAIN_ASSY/FIXED-SECTOR-3__DF8-R2-BACKUP-ACCESS-FIXED-SECTOR-003__REV_B__FIXED_SECTOR_3_WITH_TWO_RADIAL_M3_BACKUP-GUIDE_HEAD_POCKETS,"[[0.5000000000000001,0.8660254037844386,0.0,0.0],[-0.8660254037844386,0.5000000000000001,0.0,0.0],[0.0,0.0,1.0,889.0]]","[[0.5000000000000001,0.8660254037844386,0.0,0.0],[-0.8660254037844386,0.5000000000000001,0.0,0.0],[0.0,0.0,1.0,889.0]]","{""basis"":""EXACT_COMMON_FULL_VOLUME"",""current_run_serialized_hashes_equal"":true,""current_validator_geometry_basis"":""SERIALIZED_LOCAL_BREP_SHA256"",""deployed_minus_common_mm3"":0.0,""equivalent"":true,""exact_common_error"":"""",""exact_common_status"":""DONE"",""exact_common_volume_mm3"":76687.53789132564,""stowed_minus_common_mm3"":0.0,""symmetric_difference_volume_mm3"":0.0,""volume_tolerance_mm3"":1e-05}","{""deployed_bbox_mm"":{""xmax"":28.5,""xmin"":21.165796812773,""ymax"":13.817074177021608,""ymin"":-13.817074177020048,""zmax"":745.0000001,""zmin"":-1e-07},""deployed_dimensions_mm"":[7.334203187227001,27.634148354041656,745.0000001999999],""match"":true,""max_coordinate_delta_mm"":0.0,""max_dimension_delta_mm"":0.0,""stowed_bbox_mm"":{""xmax"":28.5,""xmin"":21.165796812773,""ymax"":13.817074177021608,""ymin"":-13.817074177020048,""zmax"":745.0000001,""zmin"":-1e-07},""stowed_dimensions_mm"":[7.334203187227001,27.634148354041656,745.0000001999999],""tolerance_mm"":1e-08}","{""centroid_max_abs_delta_mm"":0.0,""delta_mm3"":0.0,""deployed_volume_mm3"":76687.53789132564,""stowed_volume_mm3"":76687.53789132564,""tolerance_mm3"":1e-05}","{""deployed_surface_type_counts"":{""Cylinder"":20,""Plane"":18},""deployed_topology_counts"":{""edge_count"":212,""face_count"":38,""shell_count"":1,""solid_count"":1,""vertex_count"":424,""wire_count"":42},""deployed_valid_brep"":true,""stowed_surface_type_counts"":{""Cylinder"":20,""Plane"":18},""stowed_topology_counts"":{""edge_count"":212,""face_count"":38,""shell_count"":1,""solid_count"":1,""vertex_count"":424,""wire_count"":42},""stowed_valid_brep"":true,""surface_type_counts_match"":true,""topology_counts_match"":true}","Remain fixed; local geometry, parent, part definition, quantity, attachment, and global transform must remain invariant.","{""deployed_local_brep_sha256"":""d331aac85a1622dab42a943b97a583a70243dcfdd2b090dd6030c2afd5250c3e"",""hashes_equal"":false,""original_exact_local_brep_match"":""False"",""original_status"":""FAIL"",""same_checkpoint_prior_reimport"":{""deployed_local_brep_sha256"":""e1b78159e4948e3bc642473058266fec59da4e9c6b7bf28a558be332f76ddce6"",""exact_common_full_volume_equivalent"":""True"",""exact_common_status"":""DONE"",""hashes_equal"":false,""master_hash_binding"":""work/final_analysis/validation_cycle2/step_text_inspection.json"",""status"":""PASS"",""stowed_local_brep_sha256"":""fe59691fd3cb3fa887da5a1ae29141a5e886a8ba0226bc814e6a4524b221fdf6""},""stowed_local_brep_sha256"":""fe4c5c94fdee1f6e9e835e1a540dd79d328312dfeeb9ea0454792aa41088dbee""}",A,NON_SEMANTIC_OCCT_BREP_SERIALIZATION_HASH_INSTABILITY,NO CAD CHANGE; use exact local common-volume equivalence after stable identity checks,RESOLVED_AS_BENIGN_PROVENANCE_HASH_INSTABILITY
SPP-016,FIXED-STOP-1,FIXED-STOP-1,DF8-R2-FIXED-STOP-001,80 DEGREE SWEPT-CLEARANCE FIXED STOP WITH CONTROLLED AUTOMATIC-LOCK BUSHING SEAT,E,300_TRUE_TRANSFORM_ARM_AND_POWERTRAIN_ASSY,17-4PH stainless steel,MAKE,0.0023936337070524028,300_TRUE_TRANSFORM_ARM_AND_POWERTRAIN_ASSY/331_ARM_1_ASSY,300_TRUE_TRANSFORM_ARM_AND_POWERTRAIN_ASSY/331_ARM_1_ASSY,STINGRAY_I5S_DF8_FINAL_STOWED_MASTER_ASSY/300_TRUE_TRANSFORM_ARM_AND_POWERTRAIN_ASSY/331_ARM_1_ASSY/FIXED-STOP-1__DF8-R2-FIXED-STOP-001__REV_E__80_DEGREE_SWEPT-CLEARANCE_FIXED_STOP_WITH_CONTROLLED_AUTOMATIC-LOCK_BUSH,STINGRAY_I5S_DF8_FINAL_DEPLOYED_MASTER_ASSY/300_TRUE_TRANSFORM_ARM_AND_POWERTRAIN_ASSY/331_ARM_1_ASSY/FIXED-STOP-1__DF8-R2-FIXED-STOP-001__REV_E__80_DEGREE_SWEPT-CLEARANCE_FIXED_STOP_WITH_CONTROLLED_AUTOMATIC-LOCK_BUSH,"[[0.17364817766693041,0.0,0.984807753012208,6.31503652694835],[0.0,1.0,0.0,0.0],[-0.984807753012208,0.0,0.17364817766693041,894.2840898683195]]","[[0.17364817766693041,0.0,0.984807753012208,6.31503652694835],[0.0,1.0,0.0,0.0],[-0.984807753012208,0.0,0.17364817766693041,894.2840898683195]]","{""basis"":""EXACT_COMMON_FULL_VOLUME"",""current_run_serialized_hashes_equal"":true,""current_validator_geometry_basis"":""SERIALIZED_LOCAL_BREP_SHA256"",""deployed_minus_common_mm3"":0.0,""equivalent"":true,""exact_common_error"":"""",""exact_common_status"":""DONE"",""exact_common_volume_mm3"":308.85595290620256,""stowed_minus_common_mm3"":0.0,""symmetric_difference_volume_mm3"":0.0,""volume_tolerance_mm3"":1e-05}","{""deployed_bbox_mm"":{""xmax"":10.35,""xmin"":-2.7500000000000226,""ymax"":10.5,""ymin"":-10.5,""zmax"":5.2000001000000005,""zmin"":-2.0},""deployed_dimensions_mm"":[13.100000000000023,21.0,7.2000001000000005],""match"":true,""max_coordinate_delta_mm"":0.0,""max_dimension_delta_mm"":0.0,""stowed_bbox_mm"":{""xmax"":10.35,""xmin"":-2.7500000000000226,""ymax"":10.5,""ymin"":-10.5,""zmax"":5.2000001000000005,""zmin"":-2.0},""stowed_dimensions_mm"":[13.100000000000023,21.0,7.2000001000000005],""tolerance_mm"":1e-08}","{""centroid_max_abs_delta_mm"":0.0,""delta_mm3"":0.0,""deployed_volume_mm3"":308.85595290620256,""stowed_volume_mm3"":308.85595290620256,""tolerance_mm3"":1e-05}","{""deployed_surface_type_counts"":{""Cylinder"":144,""Plane"":118},""deployed_topology_counts"":{""edge_count"":2228,""face_count"":262,""shell_count"":1,""solid_count"":1,""vertex_count"":4456,""wire_count"":268},""deployed_valid_brep"":true,""stowed_surface_type_counts"":{""Cylinder"":144,""Plane"":118},""stowed_topology_counts"":{""edge_count"":2228,""face_count"":262,""shell_count"":1,""solid_count"":1,""vertex_count"":4456,""wire_count"":268},""stowed_valid_brep"":true,""surface_type_counts_match"":true,""topology_counts_match"":true}","Remain fixed; local geometry, parent, part definition, quantity, attachment, and global transform must remain invariant.","{""deployed_local_brep_sha256"":""b74d4f9702ffbe19b7c81d6393dcee51f77b9d6821eb45010f27fd64fc4f810b"",""hashes_equal"":false,""original_exact_local_brep_match"":""False"",""original_status"":""FAIL"",""same_checkpoint_prior_reimport"":{""deployed_local_brep_sha256"":""499244d6916e6f7291c6abf853f0c7d853730d274c39d9ca587bbc9497d1cdcf"",""exact_common_full_volume_equivalent"":""True"",""exact_common_status"":""DONE"",""hashes_equal"":false,""master_hash_binding"":""work/final_analysis/validation_cycle2/step_text_inspection.json"",""status"":""PASS"",""stowed_local_brep_sha256"":""f0adcfb6c4172dd4f53adb3265c659c0bf6519f7c55a13c5bfb32e2373c162d1""},""stowed_local_brep_sha256"":""f6a9f4580ab054322275936abe0fb7c5bb9d1309fb82c14af6bbc3c0cd01e349""}",A,NON_SEMANTIC_OCCT_BREP_SERIALIZATION_HASH_INSTABILITY,NO CAD CHANGE; use exact local common-volume equivalence after stable identity checks,RESOLVED_AS_BENIGN_PROVENANCE_HASH_INSTABILITY
SPP-017,FIXED-STOP-2,FIXED-STOP-2,DF8-R2-FIXED-STOP-001,80 DEGREE SWEPT-CLEARANCE FIXED STOP WITH CONTROLLED AUTOMATIC-LOCK BUSHING SEAT,E,300_TRUE_TRANSFORM_ARM_AND_POWERTRAIN_ASSY,17-4PH stainless steel,MAKE,0.0023936337070524028,300_TRUE_TRANSFORM_ARM_AND_POWERTRAIN_ASSY/332_ARM_2_ASSY,300_TRUE_TRANSFORM_ARM_AND_POWERTRAIN_ASSY/332_ARM_2_ASSY,STINGRAY_I5S_DF8_FINAL_STOWED_MASTER_ASSY/300_TRUE_TRANSFORM_ARM_AND_POWERTRAIN_ASSY/332_ARM_2_ASSY/FIXED-STOP-2__DF8-R2-FIXED-STOP-001__REV_E__80_DEGREE_SWEPT-CLEARANCE_FIXED_STOP_WITH_CONTROLLED_AUTOMATIC-LOCK_BUSH,STINGRAY_I5S_DF8_FINAL_DEPLOYED_MASTER_ASSY/300_TRUE_TRANSFORM_ARM_AND_POWERTRAIN_ASSY/332_ARM_2_ASSY/FIXED-STOP-2__DF8-R2-FIXED-STOP-001__REV_E__80_DEGREE_SWEPT-CLEARANCE_FIXED_STOP_WITH_CONTROLLED_AUTOMATIC-LOCK_BUSH,"[[-0.08682408883346517,-0.8660254037844387,-0.4924038765061038,-3.157518263474173],[0.15038373318043535,-0.4999999999999998,0.8528685319524433,5.468982058163923],[-0.984807753012208,0.0,0.17364817766693041,894.2840898683195]]","[[-0.08682408883346517,-0.8660254037844387,-0.4924038765061038,-3.157518263474173],[0.15038373318043535,-0.4999999999999998,0.8528685319524433,5.468982058163923],[-0.984807753012208,0.0,0.17364817766693041,894.2840898683195]]","{""basis"":""EXACT_COMMON_FULL_VOLUME"",""current_run_serialized_hashes_equal"":true,""current_validator_geometry_basis"":""SERIALIZED_LOCAL_BREP_SHA256"",""deployed_minus_common_mm3"":0.0,""equivalent"":true,""exact_common_error"":"""",""exact_common_status"":""DONE"",""exact_common_volume_mm3"":308.85595290620256,""stowed_minus_common_mm3"":0.0,""symmetric_difference_volume_mm3"":0.0,""volume_tolerance_mm3"":1e-05}","{""deployed_bbox_mm"":{""xmax"":10.35,""xmin"":-2.7500000000000226,""ymax"":10.5,""ymin"":-10.5,""zmax"":5.2000001000000005,""zmin"":-2.0},""deployed_dimensions_mm"":[13.100000000000023,21.0,7.2000001000000005],""match"":true,""max_coordinate_delta_mm"":0.0,""max_dimension_delta_mm"":0.0,""stowed_bbox_mm"":{""xmax"":10.35,""xmin"":-2.7500000000000226,""ymax"":10.5,""ymin"":-10.5,""zmax"":5.2000001000000005,""zmin"":-2.0},""stowed_dimensions_mm"":[13.100000000000023,21.0,7.2000001000000005],""tolerance_mm"":1e-08}","{""centroid_max_abs_delta_mm"":0.0,""delta_mm3"":0.0,""deployed_volume_mm3"":308.85595290620256,""stowed_volume_mm3"":308.85595290620256,""tolerance_mm3"":1e-05}","{""deployed_surface_type_counts"":{""Cylinder"":144,""Plane"":118},""deployed_topology_counts"":{""edge_count"":2228,""face_count"":262,""shell_count"":1,""solid_count"":1,""vertex_count"":4456,""wire_count"":268},""deployed_valid_brep"":true,""stowed_surface_type_counts"":{""Cylinder"":144,""Plane"":118},""stowed_topology_counts"":{""edge_count"":2228,""face_count"":262,""shell_count"":1,""solid_count"":1,""vertex_count"":4456,""wire_count"":268},""stowed_valid_brep"":true,""surface_type_counts_match"":true,""topology_counts_match"":true}","Remain fixed; local geometry, parent, part definition, quantity, attachment, and global transform must remain invariant.","{""deployed_local_brep_sha256"":""b74d4f9702ffbe19b7c81d6393dcee51f77b9d6821eb45010f27fd64fc4f810b"",""hashes_equal"":false,""original_exact_local_brep_match"":""False"",""original_status"":""FAIL"",""same_checkpoint_prior_reimport"":{""deployed_local_brep_sha256"":""954835114b15a21f9cdaf676825ff21d6707071bd4d778025f2f67d9df9bb76b"",""exact_common_full_volume_equivalent"":""True"",""exact_common_status"":""DONE"",""hashes_equal"":false,""master_hash_binding"":""work/final_analysis/validation_cycle2/step_text_inspection.json"",""status"":""PASS"",""stowed_local_brep_sha256"":""da6af678ce41f5c8223e99f057160e2ffd6553a872abebe0a314163495888452""},""stowed_local_brep_sha256"":""f6a9f4580ab054322275936abe0fb7c5bb9d1309fb82c14af6bbc3c0cd01e349""}",A,NON_SEMANTIC_OCCT_BREP_SERIALIZATION_HASH_INSTABILITY,NO CAD CHANGE; use exact local common-volume equivalence after stable identity checks,RESOLVED_AS_BENIGN_PROVENANCE_HASH_INSTABILITY
SPP-018,FIXED-STOP-3,FIXED-STOP-3,DF8-R2-FIXED-STOP-001,80 DEGREE SWEPT-CLEARANCE FIXED STOP WITH CONTROLLED AUTOMATIC-LOCK BUSHING SEAT,E,300_TRUE_TRANSFORM_ARM_AND_POWERTRAIN_ASSY,17-4PH stainless steel,MAKE,0.0023936337070524028,300_TRUE_TRANSFORM_ARM_AND_POWERTRAIN_ASSY/333_ARM_3_ASSY,300_TRUE_TRANSFORM_ARM_AND_POWERTRAIN_ASSY/333_ARM_3_ASSY,STINGRAY_I5S_DF8_FINAL_STOWED_MASTER_ASSY/300_TRUE_TRANSFORM_ARM_AND_POWERTRAIN_ASSY/333_ARM_3_ASSY/FIXED-STOP-3__DF8-R2-FIXED-STOP-001__REV_E__80_DEGREE_SWEPT-CLEARANCE_FIXED_STOP_WITH_CONTROLLED_AUTOMATIC-LOCK_BUSH,STINGRAY_I5S_DF8_FINAL_DEPLOYED_MASTER_ASSY/300_TRUE_TRANSFORM_ARM_AND_POWERTRAIN_ASSY/333_ARM_3_ASSY/FIXED-STOP-3__DF8-R2-FIXED-STOP-001__REV_E__80_DEGREE_SWEPT-CLEARANCE_FIXED_STOP_WITH_CONTROLLED_AUTOMATIC-LOCK_BUSH,"[[-0.08682408883346529,0.8660254037844385,-0.49240387650610445,-3.1575182634741767],[-0.15038373318043533,-0.5000000000000004,-0.852868531952443,-5.46898205816392],[-0.984807753012208,0.0,0.17364817766693041,894.2840898683195]]","[[-0.08682408883346529,0.8660254037844385,-0.49240387650610445,-3.1575182634741767],[-0.15038373318043533,-0.5000000000000004,-0.852868531952443,-5.46898205816392],[-0.984807753012208,0.0,0.17364817766693041,894.2840898683195]]","{""basis"":""EXACT_COMMON_FULL_VOLUME"",""current_run_serialized_hashes_equal"":true,""current_validator_geometry_basis"":""SERIALIZED_LOCAL_BREP_SHA256"",""deployed_minus_common_mm3"":0.0,""equivalent"":true,""exact_common_error"":"""",""exact_common_status"":""DONE"",""exact_common_volume_mm3"":308.85595290620256,""stowed_minus_common_mm3"":0.0,""symmetric_difference_volume_mm3"":0.0,""volume_tolerance_mm3"":1e-05}","{""deployed_bbox_mm"":{""xmax"":10.35,""xmin"":-2.7500000000000226,""ymax"":10.5,""ymin"":-10.5,""zmax"":5.2000001000000005,""zmin"":-2.0},""deployed_dimensions_mm"":[13.100000000000023,21.0,7.2000001000000005],""match"":true,""max_coordinate_delta_mm"":0.0,""max_dimension_delta_mm"":0.0,""stowed_bbox_mm"":{""xmax"":10.35,""xmin"":-2.7500000000000226,""ymax"":10.5,""ymin"":-10.5,""zmax"":5.2000001000000005,""zmin"":-2.0},""stowed_dimensions_mm"":[13.100000000000023,21.0,7.2000001000000005],""tolerance_mm"":1e-08}","{""centroid_max_abs_delta_mm"":0.0,""delta_mm3"":0.0,""deployed_volume_mm3"":308.85595290620256,""stowed_volume_mm3"":308.85595290620256,""tolerance_mm3"":1e-05}","{""deployed_surface_type_counts"":{""Cylinder"":144,""Plane"":118},""deployed_topology_counts"":{""edge_count"":2228,""face_count"":262,""shell_count"":1,""solid_count"":1,""vertex_count"":4456,""wire_count"":268},""deployed_valid_brep"":true,""stowed_surface_type_counts"":{""Cylinder"":144,""Plane"":118},""stowed_topology_counts"":{""edge_count"":2228,""face_count"":262,""shell_count"":1,""solid_count"":1,""vertex_count"":4456,""wire_count"":268},""stowed_valid_brep"":true,""surface_type_counts_match"":true,""topology_counts_match"":true}","Remain fixed; local geometry, parent, part definition, quantity, attachment, and global transform must remain invariant.","{""deployed_local_brep_sha256"":""b74d4f9702ffbe19b7c81d6393dcee51f77b9d6821eb45010f27fd64fc4f810b"",""hashes_equal"":false,""original_exact_local_brep_match"":""False"",""original_status"":""FAIL"",""same_checkpoint_prior_reimport"":{""deployed_local_brep_sha256"":""954835114b15a21f9cdaf676825ff21d6707071bd4d778025f2f67d9df9bb76b"",""exact_common_full_volume_equivalent"":""True"",""exact_common_status"":""DONE"",""hashes_equal"":false,""master_hash_binding"":""work/final_analysis/validation_cycle2/step_text_inspection.json"",""status"":""PASS"",""stowed_local_brep_sha256"":""da6af678ce41f5c8223e99f057160e2ffd6553a872abebe0a314163495888452""},""stowed_local_brep_sha256"":""f6a9f4580ab054322275936abe0fb7c5bb9d1309fb82c14af6bbc3c0cd01e349""}",A,NON_SEMANTIC_OCCT_BREP_SERIALIZATION_HASH_INSTABILITY,NO CAD CHANGE; use exact local common-volume equivalence after stable identity checks,RESOLVED_AS_BENIGN_PROVENANCE_HASH_INSTABILITY
SPP-019,FIXED-STOP-SCREW-1-1,FIXED-STOP-SCREW-1-1,SSCA-M3-8-A4-BL,"M3 X 8 CAPTIVE SOCKET CAP SCREW, DIN 912",ACCU-CATALOG,300_TRUE_TRANSFORM_ARM_AND_POWERTRAIN_ASSY,A4-80 stainless steel,BUY,0.0008,300_TRUE_TRANSFORM_ARM_AND_POWERTRAIN_ASSY/390_MANDATORY_HARDWARE_ASSY,300_TRUE_TRANSFORM_ARM_AND_POWERTRAIN_ASSY/390_MANDATORY_HARDWARE_ASSY,STINGRAY_I5S_DF8_FINAL_STOWED_MASTER_ASSY/300_TRUE_TRANSFORM_ARM_AND_POWERTRAIN_ASSY/390_MANDATORY_HARDWARE_ASSY/FIXED-STOP-SCREW-1-1__SSCA-M3-8-A4-BL__REV_ACCU-CATALOG__M3_X_8_CAPTIVE_SOCKET_CAP_SCREW_DIN_912,STINGRAY_I5S_DF8_FINAL_DEPLOYED_MASTER_ASSY/300_TRUE_TRANSFORM_ARM_AND_POWERTRAIN_ASSY/390_MANDATORY_HARDWARE_ASSY/FIXED-STOP-SCREW-1-1__SSCA-M3-8-A4-BL__REV_ACCU-CATALOG__M3_X_8_CAPTIVE_SOCKET_CAP_SCREW_DIN_912,"[[0.17364817766693041,0.0,0.984807753012208,9.124352264812732],[0.0,1.0,0.0,-7.8],[-0.984807753012208,0.0,0.17364817766693041,892.7485948064624]]","[[0.17364817766693041,0.0,0.984807753012208,9.124352264812732],[0.0,1.0,0.0,-7.8],[-0.984807753012208,0.0,0.17364817766693041,892.7485948064624]]","{""basis"":""EXACT_COMMON_FULL_VOLUME"",""current_run_serialized_hashes_equal"":true,""current_validator_geometry_basis"":""SERIALIZED_LOCAL_BREP_SHA256"",""deployed_minus_common_mm3"":0.0,""equivalent"":true,""exact_common_error"":"""",""exact_common_status"":""DONE"",""exact_common_volume_mm3"":104.39668630078609,""stowed_minus_common_mm3"":0.0,""symmetric_difference_volume_mm3"":0.0,""volume_tolerance_mm3"":1e-05}","{""deployed_bbox_mm"":{""xmax"":2.75,""xmin"":-2.75,""ymax"":2.75,""ymin"":-2.75,""zmax"":8.0,""zmin"":-3.0},""deployed_dimensions_mm"":[5.5,5.5,11.0],""match"":true,""max_coordinate_delta_mm"":0.0,""max_dimension_delta_mm"":0.0,""stowed_bbox_mm"":{""xmax"":2.75,""xmin"":-2.75,""ymax"":2.75,""ymin"":-2.75,""zmax"":8.0,""zmin"":-3.0},""stowed_dimensions_mm"":[5.5,5.5,11.0],""tolerance_mm"":1e-08}","{""centroid_max_abs_delta_mm"":0.0,""delta_mm3"":0.0,""deployed_volume_mm3"":104.39668630078609,""stowed_volume_mm3"":104.39668630078609,""tolerance_mm3"":1e-05}","{""deployed_surface_type_counts"":{""Cylinder"":3,""Plane"":11},""deployed_topology_counts"":{""edge_count"":54,""face_count"":14,""shell_count"":1,""solid_count"":1,""vertex_count"":108,""wire_count"":17},""deployed_valid_brep"":true,""stowed_surface_type_counts"":{""Cylinder"":3,""Plane"":11},""stowed_topology_counts"":{""edge_count"":54,""face_count"":14,""shell_count"":1,""solid_count"":1,""vertex_count"":108,""wire_count"":17},""stowed_valid_brep"":true,""surface_type_counts_match"":true,""topology_counts_match"":true}","Remain fixed; local geometry, parent, part definition, quantity, attachment, and global transform must remain invariant.","{""deployed_local_brep_sha256"":""9a01872b35b7a5bc476affcfa024ed236a49cabedd7e3e1c93b7ddba54d05b41"",""hashes_equal"":false,""original_exact_local_brep_match"":""False"",""original_status"":""FAIL"",""same_checkpoint_prior_reimport"":{""deployed_local_brep_sha256"":""cd6dae92f36421a9c2f7b2b5f2a02d39b512f2bf5b213d7fe1d6787933e6c6a3"",""exact_common_full_volume_equivalent"":""True"",""exact_common_status"":""DONE"",""hashes_equal"":false,""master_hash_binding"":""work/final_analysis/validation_cycle2/step_text_inspection.json"",""status"":""PASS"",""stowed_local_brep_sha256"":""73037361b9a9c1682b56a64312533dee4f1932cc97204ae1f6a09beecb73150b""},""stowed_local_brep_sha256"":""73037361b9a9c1682b56a64312533dee4f1932cc97204ae1f6a09beecb73150b""}",A,NON_SEMANTIC_OCCT_BREP_SERIALIZATION_HASH_INSTABILITY,NO CAD CHANGE; use exact local common-volume equivalence after stable identity checks,RESOLVED_AS_BENIGN_PROVENANCE_HASH_INSTABILITY
SPP-020,FIXED-STOP-SCREW-1-2,FIXED-STOP-SCREW-1-2,SSCA-M3-8-A4-BL,"M3 X 8 CAPTIVE SOCKET CAP SCREW, DIN 912",ACCU-CATALOG,300_TRUE_TRANSFORM_ARM_AND_POWERTRAIN_ASSY,A4-80 stainless steel,BUY,0.0008,300_TRUE_TRANSFORM_ARM_AND_POWERTRAIN_ASSY/390_MANDATORY_HARDWARE_ASSY,300_TRUE_TRANSFORM_ARM_AND_POWERTRAIN_ASSY/390_MANDATORY_HARDWARE_ASSY,STINGRAY_I5S_DF8_FINAL_STOWED_MASTER_ASSY/300_TRUE_TRANSFORM_ARM_AND_POWERTRAIN_ASSY/390_MANDATORY_HARDWARE_ASSY/FIXED-STOP-SCREW-1-2__SSCA-M3-8-A4-BL__REV_ACCU-CATALOG__M3_X_8_CAPTIVE_SOCKET_CAP_SCREW_DIN_912,STINGRAY_I5S_DF8_FINAL_DEPLOYED_MASTER_ASSY/300_TRUE_TRANSFORM_ARM_AND_POWERTRAIN_ASSY/390_MANDATORY_HARDWARE_ASSY/FIXED-STOP-SCREW-1-2__SSCA-M3-8-A4-BL__REV_ACCU-CATALOG__M3_X_8_CAPTIVE_SOCKET_CAP_SCREW_DIN_912,"[[0.17364817766693041,0.0,0.984807753012208,9.167764309229463],[0.0,1.0,0.0,7.8],[-0.984807753012208,0.0,0.17364817766693041,892.5023928682093]]","[[0.17364817766693041,0.0,0.984807753012208,9.167764309229463],[0.0,1.0,0.0,7.8],[-0.984807753012208,0.0,0.17364817766693041,892.5023928682093]]","{""basis"":""EXACT_COMMON_FULL_VOLUME"",""current_run_serialized_hashes_equal"":true,""current_validator_geometry_basis"":""SERIALIZED_LOCAL_BREP_SHA256"",""deployed_minus_common_mm3"":0.0,""equivalent"":true,""exact_common_error"":"""",""exact_common_status"":""DONE"",""exact_common_volume_mm3"":104.39668630078609,""stowed_minus_common_mm3"":0.0,""symmetric_difference_volume_mm3"":0.0,""volume_tolerance_mm3"":1e-05}","{""deployed_bbox_mm"":{""xmax"":2.75,""xmin"":-2.75,""ymax"":2.75,""ymin"":-2.75,""zmax"":8.0,""zmin"":-3.0},""deployed_dimensions_mm"":[5.5,5.5,11.0],""match"":true,""max_coordinate_delta_mm"":0.0,""max_dimension_delta_mm"":0.0,""stowed_bbox_mm"":{""xmax"":2.75,""xmin"":-2.75,""ymax"":2.75,""ymin"":-2.75,""zmax"":8.0,""zmin"":-3.0},""stowed_dimensions_mm"":[5.5,5.5,11.0],""tolerance_mm"":1e-08}","{""centroid_max_abs_delta_mm"":0.0,""delta_mm3"":0.0,""deployed_volume_mm3"":104.39668630078609,""stowed_volume_mm3"":104.39668630078609,""tolerance_mm3"":1e-05}","{""deployed_surface_type_counts"":{""Cylinder"":3,""Plane"":11},""deployed_topology_counts"":{""edge_count"":54,""face_count"":14,""shell_count"":1,""solid_count"":1,""vertex_count"":108,""wire_count"":17},""deployed_valid_brep"":true,""stowed_surface_type_counts"":{""Cylinder"":3,""Plane"":11},""stowed_topology_counts"":{""edge_count"":54,""face_count"":14,""shell_count"":1,""solid_count"":1,""vertex_count"":108,""wire_count"":17},""stowed_valid_brep"":true,""surface_type_counts_match"":true,""topology_counts_match"":true}","Remain fixed; local geometry, parent, part definition, quantity, attachment, and global transform must remain invariant.","{""deployed_local_brep_sha256"":""9a01872b35b7a5bc476affcfa024ed236a49cabedd7e3e1c93b7ddba54d05b41"",""hashes_equal"":false,""original_exact_local_brep_match"":""False"",""original_status"":""FAIL"",""same_checkpoint_prior_reimport"":{""deployed_local_brep_sha256"":""cd6dae92f36421a9c2f7b2b5f2a02d39b512f2bf5b213d7fe1d6787933e6c6a3"",""exact_common_full_volume_equivalent"":""True"",""exact_common_status"":""DONE"",""hashes_equal"":false,""master_hash_binding"":""work/final_analysis/validation_cycle2/step_text_inspection.json"",""status"":""PASS"",""stowed_local_brep_sha256"":""73037361b9a9c1682b56a64312533dee4f1932cc97204ae1f6a09beecb73150b""},""stowed_local_brep_sha256"":""73037361b9a9c1682b56a64312533dee4f1932cc97204ae1f6a09beecb73150b""}",A,NON_SEMANTIC_OCCT_BREP_SERIALIZATION_HASH_INSTABILITY,NO CAD CHANGE; use exact local common-volume equivalence after stable identity checks,RESOLVED_AS_BENIGN_PROVENANCE_HASH_INSTABILITY
SPP-021,FIXED-STOP-SCREW-2-1,FIXED-STOP-SCREW-2-1,SSCA-M3-8-A4-BL,"M3 X 8 CAPTIVE SOCKET CAP SCREW, DIN 912",ACCU-CATALOG,300_TRUE_TRANSFORM_ARM_AND_POWERTRAIN_ASSY,A4-80 stainless steel,BUY,0.0008,300_TRUE_TRANSFORM_ARM_AND_POWERTRAIN_ASSY/390_MANDATORY_HARDWARE_ASSY,300_TRUE_TRANSFORM_ARM_AND_POWERTRAIN_ASSY/390_MANDATORY_HARDWARE_ASSY,STINGRAY_I5S_DF8_FINAL_STOWED_MASTER_ASSY/300_TRUE_TRANSFORM_ARM_AND_POWERTRAIN_ASSY/390_MANDATORY_HARDWARE_ASSY/FIXED-STOP-SCREW-2-1__SSCA-M3-8-A4-BL__REV_ACCU-CATALOG__M3_X_8_CAPTIVE_SOCKET_CAP_SCREW_DIN_912,STINGRAY_I5S_DF8_FINAL_DEPLOYED_MASTER_ASSY/300_TRUE_TRANSFORM_ARM_AND_POWERTRAIN_ASSY/390_MANDATORY_HARDWARE_ASSY/FIXED-STOP-SCREW-2-1__SSCA-M3-8-A4-BL__REV_ACCU-CATALOG__M3_X_8_CAPTIVE_SOCKET_CAP_SCREW_DIN_912,"[[-0.08682408883346517,-0.8660254037844387,-0.4924038765061038,2.192822017112259],[0.15038373318043535,-0.4999999999999998,0.8528685319524433,11.8019208544059],[-0.984807753012208,0.0,0.17364817766693041,892.7485948064624]]","[[-0.08682408883346517,-0.8660254037844387,-0.4924038765061038,2.192822017112259],[0.15038373318043535,-0.4999999999999998,0.8528685319524433,11.8019208544059],[-0.984807753012208,0.0,0.17364817766693041,892.7485948064624]]","{""basis"":""EXACT_COMMON_FULL_VOLUME"",""current_run_serialized_hashes_equal"":true,""current_validator_geometry_basis"":""SERIALIZED_LOCAL_BREP_SHA256"",""deployed_minus_common_mm3"":0.0,""equivalent"":true,""exact_common_error"":"""",""exact_common_status"":""DONE"",""exact_common_volume_mm3"":104.39668630078609,""stowed_minus_common_mm3"":0.0,""symmetric_difference_volume_mm3"":0.0,""volume_tolerance_mm3"":1e-05}","{""deployed_bbox_mm"":{""xmax"":2.75,""xmin"":-2.75,""ymax"":2.75,""ymin"":-2.75,""zmax"":8.0,""zmin"":-3.0},""deployed_dimensions_mm"":[5.5,5.5,11.0],""match"":true,""max_coordinate_delta_mm"":0.0,""max_dimension_delta_mm"":0.0,""stowed_bbox_mm"":{""xmax"":2.75,""xmin"":-2.75,""ymax"":2.75,""ymin"":-2.75,""zmax"":8.0,""zmin"":-3.0},""stowed_dimensions_mm"":[5.5,5.5,11.0],""tolerance_mm"":1e-08}","{""centroid_max_abs_delta_mm"":0.0,""delta_mm3"":0.0,""deployed_volume_mm3"":104.39668630078609,""stowed_volume_mm3"":104.39668630078609,""tolerance_mm3"":1e-05}","{""deployed_surface_type_counts"":{""Cylinder"":3,""Plane"":11},""deployed_topology_counts"":{""edge_count"":54,""face_count"":14,""shell_count"":1,""solid_count"":1,""vertex_count"":108,""wire_count"":17},""deployed_valid_brep"":true,""stowed_surface_type_counts"":{""Cylinder"":3,""Plane"":11},""stowed_topology_counts"":{""edge_count"":54,""face_count"":14,""shell_count"":1,""solid_count"":1,""vertex_count"":108,""wire_count"":17},""stowed_valid_brep"":true,""surface_type_counts_match"":true,""topology_counts_match"":true}","Remain fixed; local geometry, parent, part definition, quantity, attachment, and global transform must remain invariant.","{""deployed_local_brep_sha256"":""9a01872b35b7a5bc476affcfa024ed236a49cabedd7e3e1c93b7ddba54d05b41"",""hashes_equal"":false,""original_exact_local_brep_match"":""False"",""original_status"":""FAIL"",""same_checkpoint_prior_reimport"":{""deployed_local_brep_sha256"":""cd6dae92f36421a9c2f7b2b5f2a02d39b512f2bf5b213d7fe1d6787933e6c6a3"",""exact_common_full_volume_equivalent"":""True"",""exact_common_status"":""DONE"",""hashes_equal"":false,""master_hash_binding"":""work/final_analysis/validation_cycle2/step_text_inspection.json"",""status"":""PASS"",""stowed_local_brep_sha256"":""73037361b9a9c1682b56a64312533dee4f1932cc97204ae1f6a09beecb73150b""},""stowed_local_brep_sha256"":""73037361b9a9c1682b56a64312533dee4f1932cc97204ae1f6a09beecb73150b""}",A,NON_SEMANTIC_OCCT_BREP_SERIALIZATION_HASH_INSTABILITY,NO CAD CHANGE; use exact local common-volume equivalence after stable identity checks,RESOLVED_AS_BENIGN_PROVENANCE_HASH_INSTABILITY
SPP-022,FIXED-STOP-SCREW-2-2,FIXED-STOP-SCREW-2-2,SSCA-M3-8-A4-BL,"M3 X 8 CAPTIVE SOCKET CAP SCREW, DIN 912",ACCU-CATALOG,300_TRUE_TRANSFORM_ARM_AND_POWERTRAIN_ASSY,A4-80 stainless steel,BUY,0.0008,300_TRUE_TRANSFORM_ARM_AND_POWERTRAIN_ASSY/390_MANDATORY_HARDWARE_ASSY,300_TRUE_TRANSFORM_ARM_AND_POWERTRAIN_ASSY/390_MANDATORY_HARDWARE_ASSY,STINGRAY_I5S_DF8_FINAL_STOWED_MASTER_ASSY/300_TRUE_TRANSFORM_ARM_AND_POWERTRAIN_ASSY/390_MANDATORY_HARDWARE_ASSY/FIXED-STOP-SCREW-2-2__SSCA-M3-8-A4-BL__REV_ACCU-CATALOG__M3_X_8_CAPTIVE_SOCKET_CAP_SCREW_DIN_912,STINGRAY_I5S_DF8_FINAL_DEPLOYED_MASTER_ASSY/300_TRUE_TRANSFORM_ARM_AND_POWERTRAIN_ASSY/390_MANDATORY_HARDWARE_ASSY/FIXED-STOP-SCREW-2-2__SSCA-M3-8-A4-BL__REV_ACCU-CATALOG__M3_X_8_CAPTIVE_SOCKET_CAP_SCREW_DIN_912,"[[-0.08682408883346517,-0.8660254037844387,-0.4924038765061038,-11.338880304133351],[0.15038373318043535,-0.4999999999999998,0.8528685319524433,4.039516787701013],[-0.984807753012208,0.0,0.17364817766693041,892.5023928682093]]","[[-0.08682408883346517,-0.8660254037844387,-0.4924038765061038,-11.338880304133351],[0.15038373318043535,-0.4999999999999998,0.8528685319524433,4.039516787701013],[-0.984807753012208,0.0,0.17364817766693041,892.5023928682093]]","{""basis"":""EXACT_COMMON_FULL_VOLUME"",""current_run_serialized_hashes_equal"":true,""current_validator_geometry_basis"":""SERIALIZED_LOCAL_BREP_SHA256"",""deployed_minus_common_mm3"":0.0,""equivalent"":true,""exact_common_error"":"""",""exact_common_status"":""DONE"",""exact_common_volume_mm3"":104.39668630078609,""stowed_minus_common_mm3"":0.0,""symmetric_difference_volume_mm3"":0.0,""volume_tolerance_mm3"":1e-05}","{""deployed_bbox_mm"":{""xmax"":2.75,""xmin"":-2.75,""ymax"":2.75,""ymin"":-2.75,""zmax"":8.0,""zmin"":-3.0},""deployed_dimensions_mm"":[5.5,5.5,11.0],""match"":true,""max_coordinate_delta_mm"":0.0,""max_dimension_delta_mm"":0.0,""stowed_bbox_mm"":{""xmax"":2.75,""xmin"":-2.75,""ymax"":2.75,""ymin"":-2.75,""zmax"":8.0,""zmin"":-3.0},""stowed_dimensions_mm"":[5.5,5.5,11.0],""tolerance_mm"":1e-08}","{""centroid_max_abs_delta_mm"":0.0,""delta_mm3"":0.0,""deployed_volume_mm3"":104.39668630078609,""stowed_volume_mm3"":104.39668630078609,""tolerance_mm3"":1e-05}","{""deployed_surface_type_counts"":{""Cylinder"":3,""Plane"":11},""deployed_topology_counts"":{""edge_count"":54,""face_count"":14,""shell_count"":1,""solid_count"":1,""vertex_count"":108,""wire_count"":17},""deployed_valid_brep"":true,""stowed_surface_type_counts"":{""Cylinder"":3,""Plane"":11},""stowed_topology_counts"":{""edge_count"":54,""face_count"":14,""shell_count"":1,""solid_count"":1,""vertex_count"":108,""wire_count"":17},""stowed_valid_brep"":true,""surface_type_counts_match"":true,""topology_counts_match"":true}","Remain fixed; local geometry, parent, part definition, quantity, attachment, and global transform must remain invariant.","{""deployed_local_brep_sha256"":""9a01872b35b7a5bc476affcfa024ed236a49cabedd7e3e1c93b7ddba54d05b41"",""hashes_equal"":false,""original_exact_local_brep_match"":""False"",""original_status"":""FAIL"",""same_checkpoint_prior_reimport"":{""deployed_local_brep_sha256"":""cd6dae92f36421a9c2f7b2b5f2a02d39b512f2bf5b213d7fe1d6787933e6c6a3"",""exact_common_full_volume_equivalent"":""True"",""exact_common_status"":""DONE"",""hashes_equal"":false,""master_hash_binding"":""work/final_analysis/validation_cycle2/step_text_inspection.json"",""status"":""PASS"",""stowed_local_brep_sha256"":""73037361b9a9c1682b56a64312533dee4f1932cc97204ae1f6a09beecb73150b""},""stowed_local_brep_sha256"":""73037361b9a9c1682b56a64312533dee4f1932cc97204ae1f6a09beecb73150b""}",A,NON_SEMANTIC_OCCT_BREP_SERIALIZATION_HASH_INSTABILITY,NO CAD CHANGE; use exact local common-volume equivalence after stable identity checks,RESOLVED_AS_BENIGN_PROVENANCE_HASH_INSTABILITY
SPP-023,FIXED-STOP-SCREW-3-1,FIXED-STOP-SCREW-3-1,SSCA-M3-8-A4-BL,"M3 X 8 CAPTIVE SOCKET CAP SCREW, DIN 912",ACCU-CATALOG,300_TRUE_TRANSFORM_ARM_AND_POWERTRAIN_ASSY,A4-80 stainless steel,BUY,0.0008,300_TRUE_TRANSFORM_ARM_AND_POWERTRAIN_ASSY/390_MANDATORY_HARDWARE_ASSY,300_TRUE_TRANSFORM_ARM_AND_POWERTRAIN_ASSY/390_MANDATORY_HARDWARE_ASSY,STINGRAY_I5S_DF8_FINAL_STOWED_MASTER_ASSY/300_TRUE_TRANSFORM_ARM_AND_POWERTRAIN_ASSY/390_MANDATORY_HARDWARE_ASSY/FIXED-STOP-SCREW-3-1__SSCA-M3-8-A4-BL__REV_ACCU-CATALOG__M3_X_8_CAPTIVE_SOCKET_CAP_SCREW_DIN_912,STINGRAY_I5S_DF8_FINAL_DEPLOYED_MASTER_ASSY/300_TRUE_TRANSFORM_ARM_AND_POWERTRAIN_ASSY/390_MANDATORY_HARDWARE_ASSY/FIXED-STOP-SCREW-3-1__SSCA-M3-8-A4-BL__REV_ACCU-CATALOG__M3_X_8_CAPTIVE_SOCKET_CAP_SCREW_DIN_912,"[[-0.08682408883346529,0.8660254037844385,-0.49240387650610445,-11.31717428192499],[-0.15038373318043533,-0.5000000000000004,-0.852868531952443,-4.0019208544058955],[-0.984807753012208,0.0,0.17364817766693041,892.7485948064624]]","[[-0.08682408883346529,0.8660254037844385,-0.49240387650610445,-11.31717428192499],[-0.15038373318043533,-0.5000000000000004,-0.852868531952443,-4.0019208544058955],[-0.984807753012208,0.0,0.17364817766693041,892.7485948064624]]","{""basis"":""EXACT_COMMON_FULL_VOLUME"",""current_run_serialized_hashes_equal"":true,""current_validator_geometry_basis"":""SERIALIZED_LOCAL_BREP_SHA256"",""deployed_minus_common_mm3"":0.0,""equivalent"":true,""exact_common_error"":"""",""exact_common_status"":""DONE"",""exact_common_volume_mm3"":104.39668630078609,""stowed_minus_common_mm3"":0.0,""symmetric_difference_volume_mm3"":0.0,""volume_tolerance_mm3"":1e-05}","{""deployed_bbox_mm"":{""xmax"":2.75,""xmin"":-2.75,""ymax"":2.75,""ymin"":-2.75,""zmax"":8.0,""zmin"":-3.0},""deployed_dimensions_mm"":[5.5,5.5,11.0],""match"":true,""max_coordinate_delta_mm"":0.0,""max_dimension_delta_mm"":0.0,""stowed_bbox_mm"":{""xmax"":2.75,""xmin"":-2.75,""ymax"":2.75,""ymin"":-2.75,""zmax"":8.0,""zmin"":-3.0},""stowed_dimensions_mm"":[5.5,5.5,11.0],""tolerance_mm"":1e-08}","{""centroid_max_abs_delta_mm"":0.0,""delta_mm3"":0.0,""deployed_volume_mm3"":104.39668630078609,""stowed_volume_mm3"":104.39668630078609,""tolerance_mm3"":1e-05}","{""deployed_surface_type_counts"":{""Cylinder"":3,""Plane"":11},""deployed_topology_counts"":{""edge_count"":54,""face_count"":14,""shell_count"":1,""solid_count"":1,""vertex_count"":108,""wire_count"":17},""deployed_valid_brep"":true,""stowed_surface_type_counts"":{""Cylinder"":3,""Plane"":11},""stowed_topology_counts"":{""edge_count"":54,""face_count"":14,""shell_count"":1,""solid_count"":1,""vertex_count"":108,""wire_count"":17},""stowed_valid_brep"":true,""surface_type_counts_match"":true,""topology_counts_match"":true}","Remain fixed; local geometry, parent, part definition, quantity, attachment, and global transform must remain invariant.","{""deployed_local_brep_sha256"":""9a01872b35b7a5bc476affcfa024ed236a49cabedd7e3e1c93b7ddba54d05b41"",""hashes_equal"":false,""original_exact_local_brep_match"":""False"",""original_status"":""FAIL"",""same_checkpoint_prior_reimport"":{""deployed_local_brep_sha256"":""cd6dae92f36421a9c2f7b2b5f2a02d39b512f2bf5b213d7fe1d6787933e6c6a3"",""exact_common_full_volume_equivalent"":""True"",""exact_common_status"":""DONE"",""hashes_equal"":false,""master_hash_binding"":""work/final_analysis/validation_cycle2/step_text_inspection.json"",""status"":""PASS"",""stowed_local_brep_sha256"":""73037361b9a9c1682b56a64312533dee4f1932cc97204ae1f6a09beecb73150b""},""stowed_local_brep_sha256"":""73037361b9a9c1682b56a64312533dee4f1932cc97204ae1f6a09beecb73150b""}",A,NON_SEMANTIC_OCCT_BREP_SERIALIZATION_HASH_INSTABILITY,NO CAD CHANGE; use exact local common-volume equivalence after stable identity checks,RESOLVED_AS_BENIGN_PROVENANCE_HASH_INSTABILITY
SPP-024,FIXED-STOP-SCREW-3-2,FIXED-STOP-SCREW-3-2,SSCA-M3-8-A4-BL,"M3 X 8 CAPTIVE SOCKET CAP SCREW, DIN 912",ACCU-CATALOG,300_TRUE_TRANSFORM_ARM_AND_POWERTRAIN_ASSY,A4-80 stainless steel,BUY,0.0008,300_TRUE_TRANSFORM_ARM_AND_POWERTRAIN_ASSY/390_MANDATORY_HARDWARE_ASSY,300_TRUE_TRANSFORM_ARM_AND_POWERTRAIN_ASSY/390_MANDATORY_HARDWARE_ASSY,STINGRAY_I5S_DF8_FINAL_STOWED_MASTER_ASSY/300_TRUE_TRANSFORM_ARM_AND_POWERTRAIN_ASSY/390_MANDATORY_HARDWARE_ASSY/FIXED-STOP-SCREW-3-2__SSCA-M3-8-A4-BL__REV_ACCU-CATALOG__M3_X_8_CAPTIVE_SOCKET_CAP_SCREW_DIN_912,STINGRAY_I5S_DF8_FINAL_DEPLOYED_MASTER_ASSY/300_TRUE_TRANSFORM_ARM_AND_POWERTRAIN_ASSY/390_MANDATORY_HARDWARE_ASSY/FIXED-STOP-SCREW-3-2__SSCA-M3-8-A4-BL__REV_ACCU-CATALOG__M3_X_8_CAPTIVE_SOCKET_CAP_SCREW_DIN_912,"[[-0.08682408883346529,0.8660254037844385,-0.49240387650610445,2.1711159949038854],[-0.15038373318043533,-0.5000000000000004,-0.852868531952443,-11.839516787701012],[-0.984807753012208,0.0,0.17364817766693041,892.5023928682093]]","[[-0.08682408883346529,0.8660254037844385,-0.49240387650610445,2.1711159949038854],[-0.15038373318043533,-0.5000000000000004,-0.852868531952443,-11.839516787701012],[-0.984807753012208,0.0,0.17364817766693041,892.5023928682093]]","{""basis"":""EXACT_COMMON_FULL_VOLUME"",""current_run_serialized_hashes_equal"":true,""current_validator_geometry_basis"":""SERIALIZED_LOCAL_BREP_SHA256"",""deployed_minus_common_mm3"":0.0,""equivalent"":true,""exact_common_error"":"""",""exact_common_status"":""DONE"",""exact_common_volume_mm3"":104.39668630078609,""stowed_minus_common_mm3"":0.0,""symmetric_difference_volume_mm3"":0.0,""volume_tolerance_mm3"":1e-05}","{""deployed_bbox_mm"":{""xmax"":2.75,""xmin"":-2.75,""ymax"":2.75,""ymin"":-2.75,""zmax"":8.0,""zmin"":-3.0},""deployed_dimensions_mm"":[5.5,5.5,11.0],""match"":true,""max_coordinate_delta_mm"":0.0,""max_dimension_delta_mm"":0.0,""stowed_bbox_mm"":{""xmax"":2.75,""xmin"":-2.75,""ymax"":2.75,""ymin"":-2.75,""zmax"":8.0,""zmin"":-3.0},""stowed_dimensions_mm"":[5.5,5.5,11.0],""tolerance_mm"":1e-08}","{""centroid_max_abs_delta_mm"":0.0,""delta_mm3"":0.0,""deployed_volume_mm3"":104.39668630078609,""stowed_volume_mm3"":104.39668630078609,""tolerance_mm3"":1e-05}","{""deployed_surface_type_counts"":{""Cylinder"":3,""Plane"":11},""deployed_topology_counts"":{""edge_count"":54,""face_count"":14,""shell_count"":1,""solid_count"":1,""vertex_count"":108,""wire_count"":17},""deployed_valid_brep"":true,""stowed_surface_type_counts"":{""Cylinder"":3,""Plane"":11},""stowed_topology_counts"":{""edge_count"":54,""face_count"":14,""shell_count"":1,""solid_count"":1,""vertex_count"":108,""wire_count"":17},""stowed_valid_brep"":true,""surface_type_counts_match"":true,""topology_counts_match"":true}","Remain fixed; local geometry, parent, part definition, quantity, attachment, and global transform must remain invariant.","{""deployed_local_brep_sha256"":""9a01872b35b7a5bc476affcfa024ed236a49cabedd7e3e1c93b7ddba54d05b41"",""hashes_equal"":false,""original_exact_local_brep_match"":""False"",""original_status"":""FAIL"",""same_checkpoint_prior_reimport"":{""deployed_local_brep_sha256"":""cd6dae92f36421a9c2f7b2b5f2a02d39b512f2bf5b213d7fe1d6787933e6c6a3"",""exact_common_full_volume_equivalent"":""True"",""exact_common_status"":""DONE"",""hashes_equal"":false,""master_hash_binding"":""work/final_analysis/validation_cycle2/step_text_inspection.json"",""status"":""PASS"",""stowed_local_brep_sha256"":""73037361b9a9c1682b56a64312533dee4f1932cc97204ae1f6a09beecb73150b""},""stowed_local_brep_sha256"":""73037361b9a9c1682b56a64312533dee4f1932cc97204ae1f6a09beecb73150b""}",A,NON_SEMANTIC_OCCT_BREP_SERIALIZATION_HASH_INSTABILITY,NO CAD CHANGE; use exact local common-volume equivalence after stable identity checks,RESOLVED_AS_BENIGN_PROVENANCE_HASH_INSTABILITY
SPP-025,FWD-RING-02,FWD-RING-02,DF8-R2-STRUCT-RING-ROUTED-001,"STRUCTURAL RING WITH ROUTE PASSAGES, ARM RELIEFS AND FULLFLOW CIRCLIP REACTION CAGE",B,100_FORWARD_PENETRATOR_WAI_AND_PRIMARY_STRUCTURE_ASSY,Ti-6Al-4V,MAKE,0.02919397307644832,100_FORWARD_PENETRATOR_WAI_AND_PRIMARY_STRUCTURE_ASSY,100_FORWARD_PENETRATOR_WAI_AND_PRIMARY_STRUCTURE_ASSY,STINGRAY_I5S_DF8_FINAL_STOWED_MASTER_ASSY/100_FORWARD_PENETRATOR_WAI_AND_PRIMARY_STRUCTURE_ASSY/FWD-RING-02__DF8-R2-STRUCT-RING-ROUTED-001__REV_B__STRUCTURAL_RING_WITH_ROUTE_PASSAGES_ARM_RELIEFS_AND_FULLFLOW_CIRCLIP_REA,STINGRAY_I5S_DF8_FINAL_DEPLOYED_MASTER_ASSY/100_FORWARD_PENETRATOR_WAI_AND_PRIMARY_STRUCTURE_ASSY/FWD-RING-02__DF8-R2-STRUCT-RING-ROUTED-001__REV_B__STRUCTURAL_RING_WITH_ROUTE_PASSAGES_ARM_RELIEFS_AND_FULLFLOW_CIRCLIP_REA,"[[1.0,0.0,0.0,0.0],[0.0,1.0,0.0,0.0],[0.0,0.0,1.0,885.0]]","[[1.0,0.0,0.0,0.0],[0.0,1.0,0.0,0.0],[0.0,0.0,1.0,885.0]]","{""basis"":""EXACT_COMMON_FULL_VOLUME"",""current_run_serialized_hashes_equal"":true,""current_validator_geometry_basis"":""SERIALIZED_LOCAL_BREP_SHA256"",""deployed_minus_common_mm3"":0.0,""equivalent"":true,""exact_common_error"":"""",""exact_common_status"":""DONE"",""exact_common_volume_mm3"":6590.061642566079,""stowed_minus_common_mm3"":0.0,""symmetric_difference_volume_mm3"":0.0,""volume_tolerance_mm3"":1e-05}","{""deployed_bbox_mm"":{""xmax"":26.424739855154584,""xmin"":-28.5,""ymax"":28.5,""ymin"":-28.5,""zmax"":4.000000100000975,""zmin"":-4.0000001},""deployed_dimensions_mm"":[54.924739855154584,57.0,8.000000200000976],""match"":true,""max_coordinate_delta_mm"":0.0,""max_dimension_delta_mm"":0.0,""stowed_bbox_mm"":{""xmax"":26.424739855154584,""xmin"":-28.5,""ymax"":28.5,""ymin"":-28.5,""zmax"":4.000000100000975,""zmin"":-4.0000001},""stowed_dimensions_mm"":[54.924739855154584,57.0,8.000000200000976],""tolerance_mm"":1e-08}","{""centroid_max_abs_delta_mm"":0.0,""delta_mm3"":0.0,""deployed_volume_mm3"":6590.061642566079,""stowed_volume_mm3"":6590.061642566079,""tolerance_mm3"":1e-05}","{""deployed_surface_type_counts"":{""Cylinder"":27,""Plane"":41},""deployed_topology_counts"":{""edge_count"":340,""face_count"":68,""shell_count"":4,""solid_count"":4,""vertex_count"":680,""wire_count"":76},""deployed_valid_brep"":true,""stowed_surface_type_counts"":{""Cylinder"":27,""Plane"":41},""stowed_topology_counts"":{""edge_count"":340,""face_count"":68,""shell_count"":4,""solid_count"":4,""vertex_count"":680,""wire_count"":76},""stowed_valid_brep"":true,""surface_type_counts_match"":true,""topology_counts_match"":true}","Remain fixed; local geometry, parent, part definition, quantity, attachment, and global transform must remain invariant.","{""deployed_local_brep_sha256"":""841d7d06ef1eba65c44f32346f1018f2009074ba67a86560f1bd75c4078654d9"",""hashes_equal"":false,""original_exact_local_brep_match"":""False"",""original_status"":""FAIL"",""same_checkpoint_prior_reimport"":{""deployed_local_brep_sha256"":""b656083311a83557618c4939564f77585c80983c5a97959149cd3d7ba69c886c"",""exact_common_full_volume_equivalent"":""True"",""exact_common_status"":""DONE"",""hashes_equal"":false,""master_hash_binding"":""work/final_analysis/validation_cycle2/step_text_inspection.json"",""status"":""PASS"",""stowed_local_brep_sha256"":""b41e77270ae89383a2edacb9d629c6284220d470e9935b5d7a64031b74723c95""},""stowed_local_brep_sha256"":""aaeae7a6328b51d03d2c8b0b344fd82835d8e00d136dc8242aca7a38fa6589ac""}",A,NON_SEMANTIC_OCCT_BREP_SERIALIZATION_HASH_INSTABILITY,NO CAD CHANGE; use exact local common-volume equivalence after stable identity checks,RESOLVED_AS_BENIGN_PROVENANCE_HASH_INSTABILITY
SPP-026,GUIDE-RAIL-1-SCREW-AFT,GUIDE-RAIL-1-SCREW-AFT,SSCA-M3-8-A4-BL,"M3 X 8 CAPTIVE SOCKET CAP SCREW, DIN 912",ACCU-CATALOG,500_SPRING_EJECTOR_AFT_CLOSURE_AND_RECOVERY_ASSY,A4-80 stainless steel,BUY,0.0008,500_SPRING_EJECTOR_AFT_CLOSURE_AND_RECOVERY_ASSY/590_MANDATORY_HARDWARE_ASSY,500_SPRING_EJECTOR_AFT_CLOSURE_AND_RECOVERY_ASSY/590_MANDATORY_HARDWARE_ASSY,STINGRAY_I5S_DF8_FINAL_STOWED_MASTER_ASSY/500_SPRING_EJECTOR_AFT_CLOSURE_AND_RECOVERY_ASSY/590_MANDATORY_HARDWARE_ASSY/GUIDE-RAIL-1-SCREW-AFT__SSCA-M3-8-A4-BL__REV_ACCU-CATALOG__M3_X_8_CAPTIVE_SOCKET_CAP_SCREW_DIN_912,STINGRAY_I5S_DF8_FINAL_DEPLOYED_MASTER_ASSY/500_SPRING_EJECTOR_AFT_CLOSURE_AND_RECOVERY_ASSY/590_MANDATORY_HARDWARE_ASSY/GUIDE-RAIL-1-SCREW-AFT__SSCA-M3-8-A4-BL__REV_ACCU-CATALOG__M3_X_8_CAPTIVE_SOCKET_CAP_SCREW_DIN_912,"[[1.0,0.0,0.0,20.0],[0.0,1.0,0.0,0.0],[0.0,0.0,1.0,1845.0]]","[[1.0,0.0,0.0,20.0],[0.0,1.0,0.0,0.0],[0.0,0.0,1.0,1845.0]]","{""basis"":""EXACT_COMMON_FULL_VOLUME"",""current_run_serialized_hashes_equal"":true,""current_validator_geometry_basis"":""SERIALIZED_LOCAL_BREP_SHA256"",""deployed_minus_common_mm3"":0.0,""equivalent"":true,""exact_common_error"":"""",""exact_common_status"":""DONE"",""exact_common_volume_mm3"":104.39668630078609,""stowed_minus_common_mm3"":0.0,""symmetric_difference_volume_mm3"":0.0,""volume_tolerance_mm3"":1e-05}","{""deployed_bbox_mm"":{""xmax"":2.75,""xmin"":-2.75,""ymax"":2.75,""ymin"":-2.75,""zmax"":8.0,""zmin"":-3.0},""deployed_dimensions_mm"":[5.5,5.5,11.0],""match"":true,""max_coordinate_delta_mm"":0.0,""max_dimension_delta_mm"":0.0,""stowed_bbox_mm"":{""xmax"":2.75,""xmin"":-2.75,""ymax"":2.75,""ymin"":-2.75,""zmax"":8.0,""zmin"":-3.0},""stowed_dimensions_mm"":[5.5,5.5,11.0],""tolerance_mm"":1e-08}","{""centroid_max_abs_delta_mm"":0.0,""delta_mm3"":0.0,""deployed_volume_mm3"":104.39668630078609,""stowed_volume_mm3"":104.39668630078609,""tolerance_mm3"":1e-05}","{""deployed_surface_type_counts"":{""Cylinder"":3,""Plane"":11},""deployed_topology_counts"":{""edge_count"":54,""face_count"":14,""shell_count"":1,""solid_count"":1,""vertex_count"":108,""wire_count"":17},""deployed_valid_brep"":true,""stowed_surface_type_counts"":{""Cylinder"":3,""Plane"":11},""stowed_topology_counts"":{""edge_count"":54,""face_count"":14,""shell_count"":1,""solid_count"":1,""vertex_count"":108,""wire_count"":17},""stowed_valid_brep"":true,""surface_type_counts_match"":true,""topology_counts_match"":true}","Remain fixed; local geometry, parent, part definition, quantity, attachment, and global transform must remain invariant.","{""deployed_local_brep_sha256"":""9a01872b35b7a5bc476affcfa024ed236a49cabedd7e3e1c93b7ddba54d05b41"",""hashes_equal"":false,""original_exact_local_brep_match"":""False"",""original_status"":""FAIL"",""same_checkpoint_prior_reimport"":{""deployed_local_brep_sha256"":""cd6dae92f36421a9c2f7b2b5f2a02d39b512f2bf5b213d7fe1d6787933e6c6a3"",""exact_common_full_volume_equivalent"":""True"",""exact_common_status"":""DONE"",""hashes_equal"":false,""master_hash_binding"":""work/final_analysis/validation_cycle2/step_text_inspection.json"",""status"":""PASS"",""stowed_local_brep_sha256"":""73037361b9a9c1682b56a64312533dee4f1932cc97204ae1f6a09beecb73150b""},""stowed_local_brep_sha256"":""73037361b9a9c1682b56a64312533dee4f1932cc97204ae1f6a09beecb73150b""}",A,NON_SEMANTIC_OCCT_BREP_SERIALIZATION_HASH_INSTABILITY,NO CAD CHANGE; use exact local common-volume equivalence after stable identity checks,RESOLVED_AS_BENIGN_PROVENANCE_HASH_INSTABILITY
SPP-027,GUIDE-RAIL-1-SCREW-FWD,GUIDE-RAIL-1-SCREW-FWD,SSCA-M3-8-A4-BL,"M3 X 8 CAPTIVE SOCKET CAP SCREW, DIN 912",ACCU-CATALOG,500_SPRING_EJECTOR_AFT_CLOSURE_AND_RECOVERY_ASSY,A4-80 stainless steel,BUY,0.0008,500_SPRING_EJECTOR_AFT_CLOSURE_AND_RECOVERY_ASSY/590_MANDATORY_HARDWARE_ASSY,500_SPRING_EJECTOR_AFT_CLOSURE_AND_RECOVERY_ASSY/590_MANDATORY_HARDWARE_ASSY,STINGRAY_I5S_DF8_FINAL_STOWED_MASTER_ASSY/500_SPRING_EJECTOR_AFT_CLOSURE_AND_RECOVERY_ASSY/590_MANDATORY_HARDWARE_ASSY/GUIDE-RAIL-1-SCREW-FWD__SSCA-M3-8-A4-BL__REV_ACCU-CATALOG__M3_X_8_CAPTIVE_SOCKET_CAP_SCREW_DIN_912,STINGRAY_I5S_DF8_FINAL_DEPLOYED_MASTER_ASSY/500_SPRING_EJECTOR_AFT_CLOSURE_AND_RECOVERY_ASSY/590_MANDATORY_HARDWARE_ASSY/GUIDE-RAIL-1-SCREW-FWD__SSCA-M3-8-A4-BL__REV_ACCU-CATALOG__M3_X_8_CAPTIVE_SOCKET_CAP_SCREW_DIN_912,"[[1.0,0.0,0.0,20.0],[0.0,-1.0,-1.2246467991473532e-16,0.0],[0.0,1.2246467991473532e-16,-1.0,1661.0]]","[[1.0,0.0,0.0,20.0],[0.0,-1.0,-1.2246467991473532e-16,0.0],[0.0,1.2246467991473532e-16,-1.0,1661.0]]","{""basis"":""EXACT_COMMON_FULL_VOLUME"",""current_run_serialized_hashes_equal"":true,""current_validator_geometry_basis"":""SERIALIZED_LOCAL_BREP_SHA256"",""deployed_minus_common_mm3"":0.0,""equivalent"":true,""exact_common_error"":"""",""exact_common_status"":""DONE"",""exact_common_volume_mm3"":104.39668630078609,""stowed_minus_common_mm3"":0.0,""symmetric_difference_volume_mm3"":0.0,""volume_tolerance_mm3"":1e-05}","{""deployed_bbox_mm"":{""xmax"":2.75,""xmin"":-2.75,""ymax"":2.75,""ymin"":-2.75,""zmax"":8.0,""zmin"":-3.0},""deployed_dimensions_mm"":[5.5,5.5,11.0],""match"":true,""max_coordinate_delta_mm"":0.0,""max_dimension_delta_mm"":0.0,""stowed_bbox_mm"":{""xmax"":2.75,""xmin"":-2.75,""ymax"":2.75,""ymin"":-2.75,""zmax"":8.0,""zmin"":-3.0},""stowed_dimensions_mm"":[5.5,5.5,11.0],""tolerance_mm"":1e-08}","{""centroid_max_abs_delta_mm"":0.0,""delta_mm3"":0.0,""deployed_volume_mm3"":104.39668630078609,""stowed_volume_mm3"":104.39668630078609,""tolerance_mm3"":1e-05}","{""deployed_surface_type_counts"":{""Cylinder"":3,""Plane"":11},""deployed_topology_counts"":{""edge_count"":54,""face_count"":14,""shell_count"":1,""solid_count"":1,""vertex_count"":108,""wire_count"":17},""deployed_valid_brep"":true,""stowed_surface_type_counts"":{""Cylinder"":3,""Plane"":11},""stowed_topology_counts"":{""edge_count"":54,""face_count"":14,""shell_count"":1,""solid_count"":1,""vertex_count"":108,""wire_count"":17},""stowed_valid_brep"":true,""surface_type_counts_match"":true,""topology_counts_match"":true}","Remain fixed; local geometry, parent, part definition, quantity, attachment, and global transform must remain invariant.","{""deployed_local_brep_sha256"":""9a01872b35b7a5bc476affcfa024ed236a49cabedd7e3e1c93b7ddba54d05b41"",""hashes_equal"":false,""original_exact_local_brep_match"":""False"",""original_status"":""FAIL"",""same_checkpoint_prior_reimport"":{""deployed_local_brep_sha256"":""cd6dae92f36421a9c2f7b2b5f2a02d39b512f2bf5b213d7fe1d6787933e6c6a3"",""exact_common_full_volume_equivalent"":""True"",""exact_common_status"":""DONE"",""hashes_equal"":false,""master_hash_binding"":""work/final_analysis/validation_cycle2/step_text_inspection.json"",""status"":""PASS"",""stowed_local_brep_sha256"":""73037361b9a9c1682b56a64312533dee4f1932cc97204ae1f6a09beecb73150b""},""stowed_local_brep_sha256"":""73037361b9a9c1682b56a64312533dee4f1932cc97204ae1f6a09beecb73150b""}",A,NON_SEMANTIC_OCCT_BREP_SERIALIZATION_HASH_INSTABILITY,NO CAD CHANGE; use exact local common-volume equivalence after stable identity checks,RESOLVED_AS_BENIGN_PROVENANCE_HASH_INSTABILITY
SPP-028,GUIDE-RAIL-2-SCREW-AFT,GUIDE-RAIL-2-SCREW-AFT,SSCA-M3-8-A4-BL,"M3 X 8 CAPTIVE SOCKET CAP SCREW, DIN 912",ACCU-CATALOG,500_SPRING_EJECTOR_AFT_CLOSURE_AND_RECOVERY_ASSY,A4-80 stainless steel,BUY,0.0008,500_SPRING_EJECTOR_AFT_CLOSURE_AND_RECOVERY_ASSY/590_MANDATORY_HARDWARE_ASSY,500_SPRING_EJECTOR_AFT_CLOSURE_AND_RECOVERY_ASSY/590_MANDATORY_HARDWARE_ASSY,STINGRAY_I5S_DF8_FINAL_STOWED_MASTER_ASSY/500_SPRING_EJECTOR_AFT_CLOSURE_AND_RECOVERY_ASSY/590_MANDATORY_HARDWARE_ASSY/GUIDE-RAIL-2-SCREW-AFT__SSCA-M3-8-A4-BL__REV_ACCU-CATALOG__M3_X_8_CAPTIVE_SOCKET_CAP_SCREW_DIN_912,STINGRAY_I5S_DF8_FINAL_DEPLOYED_MASTER_ASSY/500_SPRING_EJECTOR_AFT_CLOSURE_AND_RECOVERY_ASSY/590_MANDATORY_HARDWARE_ASSY/GUIDE-RAIL-2-SCREW-AFT__SSCA-M3-8-A4-BL__REV_ACCU-CATALOG__M3_X_8_CAPTIVE_SOCKET_CAP_SCREW_DIN_912,"[[-0.4999999999999998,-0.8660254037844387,0.0,-9.999999999999996],[0.8660254037844387,-0.4999999999999998,0.0,17.320508075688778],[0.0,0.0,1.0,1845.0]]","[[-0.4999999999999998,-0.8660254037844387,0.0,-9.999999999999996],[0.8660254037844387,-0.4999999999999998,0.0,17.320508075688778],[0.0,0.0,1.0,1845.0]]","{""basis"":""EXACT_COMMON_FULL_VOLUME"",""current_run_serialized_hashes_equal"":true,""current_validator_geometry_basis"":""SERIALIZED_LOCAL_BREP_SHA256"",""deployed_minus_common_mm3"":0.0,""equivalent"":true,""exact_common_error"":"""",""exact_common_status"":""DONE"",""exact_common_volume_mm3"":104.39668630078609,""stowed_minus_common_mm3"":0.0,""symmetric_difference_volume_mm3"":0.0,""volume_tolerance_mm3"":1e-05}","{""deployed_bbox_mm"":{""xmax"":2.75,""xmin"":-2.75,""ymax"":2.75,""ymin"":-2.75,""zmax"":8.0,""zmin"":-3.0},""deployed_dimensions_mm"":[5.5,5.5,11.0],""match"":true,""max_coordinate_delta_mm"":0.0,""max_dimension_delta_mm"":0.0,""stowed_bbox_mm"":{""xmax"":2.75,""xmin"":-2.75,""ymax"":2.75,""ymin"":-2.75,""zmax"":8.0,""zmin"":-3.0},""stowed_dimensions_mm"":[5.5,5.5,11.0],""tolerance_mm"":1e-08}","{""centroid_max_abs_delta_mm"":0.0,""delta_mm3"":0.0,""deployed_volume_mm3"":104.39668630078609,""stowed_volume_mm3"":104.39668630078609,""tolerance_mm3"":1e-05}","{""deployed_surface_type_counts"":{""Cylinder"":3,""Plane"":11},""deployed_topology_counts"":{""edge_count"":54,""face_count"":14,""shell_count"":1,""solid_count"":1,""vertex_count"":108,""wire_count"":17},""deployed_valid_brep"":true,""stowed_surface_type_counts"":{""Cylinder"":3,""Plane"":11},""stowed_topology_counts"":{""edge_count"":54,""face_count"":14,""shell_count"":1,""solid_count"":1,""vertex_count"":108,""wire_count"":17},""stowed_valid_brep"":true,""surface_type_counts_match"":true,""topology_counts_match"":true}","Remain fixed; local geometry, parent, part definition, quantity, attachment, and global transform must remain invariant.","{""deployed_local_brep_sha256"":""9a01872b35b7a5bc476affcfa024ed236a49cabedd7e3e1c93b7ddba54d05b41"",""hashes_equal"":false,""original_exact_local_brep_match"":""False"",""original_status"":""FAIL"",""same_checkpoint_prior_reimport"":{""deployed_local_brep_sha256"":""cd6dae92f36421a9c2f7b2b5f2a02d39b512f2bf5b213d7fe1d6787933e6c6a3"",""exact_common_full_volume_equivalent"":""True"",""exact_common_status"":""DONE"",""hashes_equal"":false,""master_hash_binding"":""work/final_analysis/validation_cycle2/step_text_inspection.json"",""status"":""PASS"",""stowed_local_brep_sha256"":""73037361b9a9c1682b56a64312533dee4f1932cc97204ae1f6a09beecb73150b""},""stowed_local_brep_sha256"":""73037361b9a9c1682b56a64312533dee4f1932cc97204ae1f6a09beecb73150b""}",A,NON_SEMANTIC_OCCT_BREP_SERIALIZATION_HASH_INSTABILITY,NO CAD CHANGE; use exact local common-volume equivalence after stable identity checks,RESOLVED_AS_BENIGN_PROVENANCE_HASH_INSTABILITY
SPP-029,GUIDE-RAIL-2-SCREW-FWD,GUIDE-RAIL-2-SCREW-FWD,SSCA-M3-8-A4-BL,"M3 X 8 CAPTIVE SOCKET CAP SCREW, DIN 912",ACCU-CATALOG,500_SPRING_EJECTOR_AFT_CLOSURE_AND_RECOVERY_ASSY,A4-80 stainless steel,BUY,0.0008,500_SPRING_EJECTOR_AFT_CLOSURE_AND_RECOVERY_ASSY/590_MANDATORY_HARDWARE_ASSY,500_SPRING_EJECTOR_AFT_CLOSURE_AND_RECOVERY_ASSY/590_MANDATORY_HARDWARE_ASSY,STINGRAY_I5S_DF8_FINAL_STOWED_MASTER_ASSY/500_SPRING_EJECTOR_AFT_CLOSURE_AND_RECOVERY_ASSY/590_MANDATORY_HARDWARE_ASSY/GUIDE-RAIL-2-SCREW-FWD__SSCA-M3-8-A4-BL__REV_ACCU-CATALOG__M3_X_8_CAPTIVE_SOCKET_CAP_SCREW_DIN_912,STINGRAY_I5S_DF8_FINAL_DEPLOYED_MASTER_ASSY/500_SPRING_EJECTOR_AFT_CLOSURE_AND_RECOVERY_ASSY/590_MANDATORY_HARDWARE_ASSY/GUIDE-RAIL-2-SCREW-FWD__SSCA-M3-8-A4-BL__REV_ACCU-CATALOG__M3_X_8_CAPTIVE_SOCKET_CAP_SCREW_DIN_912,"[[-0.4999999999999998,0.8660254037844387,1.0605752387249069e-16,-9.999999999999996],[0.8660254037844387,0.4999999999999998,6.123233995736764e-17,17.320508075688778],[0.0,1.2246467991473532e-16,-1.0,1661.0]]","[[-0.4999999999999998,0.8660254037844387,1.0605752387249069e-16,-9.999999999999996],[0.8660254037844387,0.4999999999999998,6.123233995736764e-17,17.320508075688778],[0.0,1.2246467991473532e-16,-1.0,1661.0]]","{""basis"":""EXACT_COMMON_FULL_VOLUME"",""current_run_serialized_hashes_equal"":true,""current_validator_geometry_basis"":""SERIALIZED_LOCAL_BREP_SHA256"",""deployed_minus_common_mm3"":0.0,""equivalent"":true,""exact_common_error"":"""",""exact_common_status"":""DONE"",""exact_common_volume_mm3"":104.39668630078609,""stowed_minus_common_mm3"":0.0,""symmetric_difference_volume_mm3"":0.0,""volume_tolerance_mm3"":1e-05}","{""deployed_bbox_mm"":{""xmax"":2.75,""xmin"":-2.75,""ymax"":2.75,""ymin"":-2.75,""zmax"":8.0,""zmin"":-3.0},""deployed_dimensions_mm"":[5.5,5.5,11.0],""match"":true,""max_coordinate_delta_mm"":0.0,""max_dimension_delta_mm"":0.0,""stowed_bbox_mm"":{""xmax"":2.75,""xmin"":-2.75,""ymax"":2.75,""ymin"":-2.75,""zmax"":8.0,""zmin"":-3.0},""stowed_dimensions_mm"":[5.5,5.5,11.0],""tolerance_mm"":1e-08}","{""centroid_max_abs_delta_mm"":0.0,""delta_mm3"":0.0,""deployed_volume_mm3"":104.39668630078609,""stowed_volume_mm3"":104.39668630078609,""tolerance_mm3"":1e-05}","{""deployed_surface_type_counts"":{""Cylinder"":3,""Plane"":11},""deployed_topology_counts"":{""edge_count"":54,""face_count"":14,""shell_count"":1,""solid_count"":1,""vertex_count"":108,""wire_count"":17},""deployed_valid_brep"":true,""stowed_surface_type_counts"":{""Cylinder"":3,""Plane"":11},""stowed_topology_counts"":{""edge_count"":54,""face_count"":14,""shell_count"":1,""solid_count"":1,""vertex_count"":108,""wire_count"":17},""stowed_valid_brep"":true,""surface_type_counts_match"":true,""topology_counts_match"":true}","Remain fixed; local geometry, parent, part definition, quantity, attachment, and global transform must remain invariant.","{""deployed_local_brep_sha256"":""9a01872b35b7a5bc476affcfa024ed236a49cabedd7e3e1c93b7ddba54d05b41"",""hashes_equal"":false,""original_exact_local_brep_match"":""False"",""original_status"":""FAIL"",""same_checkpoint_prior_reimport"":{""deployed_local_brep_sha256"":""cd6dae92f36421a9c2f7b2b5f2a02d39b512f2bf5b213d7fe1d6787933e6c6a3"",""exact_common_full_volume_equivalent"":""True"",""exact_common_status"":""DONE"",""hashes_equal"":false,""master_hash_binding"":""work/final_analysis/validation_cycle2/step_text_inspection.json"",""status"":""PASS"",""stowed_local_brep_sha256"":""73037361b9a9c1682b56a64312533dee4f1932cc97204ae1f6a09beecb73150b""},""stowed_local_brep_sha256"":""73037361b9a9c1682b56a64312533dee4f1932cc97204ae1f6a09beecb73150b""}",A,NON_SEMANTIC_OCCT_BREP_SERIALIZATION_HASH_INSTABILITY,NO CAD CHANGE; use exact local common-volume equivalence after stable identity checks,RESOLVED_AS_BENIGN_PROVENANCE_HASH_INSTABILITY
SPP-030,GUIDE-RAIL-3-SCREW-AFT,GUIDE-RAIL-3-SCREW-AFT,SSCA-M3-8-A4-BL,"M3 X 8 CAPTIVE SOCKET CAP SCREW, DIN 912",ACCU-CATALOG,500_SPRING_EJECTOR_AFT_CLOSURE_AND_RECOVERY_ASSY,A4-80 stainless steel,BUY,0.0008,500_SPRING_EJECTOR_AFT_CLOSURE_AND_RECOVERY_ASSY/590_MANDATORY_HARDWARE_ASSY,500_SPRING_EJECTOR_AFT_CLOSURE_AND_RECOVERY_ASSY/590_MANDATORY_HARDWARE_ASSY,STINGRAY_I5S_DF8_FINAL_STOWED_MASTER_ASSY/500_SPRING_EJECTOR_AFT_CLOSURE_AND_RECOVERY_ASSY/590_MANDATORY_HARDWARE_ASSY/GUIDE-RAIL-3-SCREW-AFT__SSCA-M3-8-A4-BL__REV_ACCU-CATALOG__M3_X_8_CAPTIVE_SOCKET_CAP_SCREW_DIN_912,STINGRAY_I5S_DF8_FINAL_DEPLOYED_MASTER_ASSY/500_SPRING_EJECTOR_AFT_CLOSURE_AND_RECOVERY_ASSY/590_MANDATORY_HARDWARE_ASSY/GUIDE-RAIL-3-SCREW-AFT__SSCA-M3-8-A4-BL__REV_ACCU-CATALOG__M3_X_8_CAPTIVE_SOCKET_CAP_SCREW_DIN_912,"[[-0.5000000000000004,0.8660254037844385,0.0,-10.00000000000001],[-0.8660254037844385,-0.5000000000000004,0.0,-17.32050807568877],[0.0,0.0,1.0,1845.0]]","[[-0.5000000000000004,0.8660254037844385,0.0,-10.00000000000001],[-0.8660254037844385,-0.5000000000000004,0.0,-17.32050807568877],[0.0,0.0,1.0,1845.0]]","{""basis"":""EXACT_COMMON_FULL_VOLUME"",""current_run_serialized_hashes_equal"":true,""current_validator_geometry_basis"":""SERIALIZED_LOCAL_BREP_SHA256"",""deployed_minus_common_mm3"":0.0,""equivalent"":true,""exact_common_error"":"""",""exact_common_status"":""DONE"",""exact_common_volume_mm3"":104.39668630078609,""stowed_minus_common_mm3"":0.0,""symmetric_difference_volume_mm3"":0.0,""volume_tolerance_mm3"":1e-05}","{""deployed_bbox_mm"":{""xmax"":2.75,""xmin"":-2.75,""ymax"":2.75,""ymin"":-2.75,""zmax"":8.0,""zmin"":-3.0},""deployed_dimensions_mm"":[5.5,5.5,11.0],""match"":true,""max_coordinate_delta_mm"":0.0,""max_dimension_delta_mm"":0.0,""stowed_bbox_mm"":{""xmax"":2.75,""xmin"":-2.75,""ymax"":2.75,""ymin"":-2.75,""zmax"":8.0,""zmin"":-3.0},""stowed_dimensions_mm"":[5.5,5.5,11.0],""tolerance_mm"":1e-08}","{""centroid_max_abs_delta_mm"":0.0,""delta_mm3"":0.0,""deployed_volume_mm3"":104.39668630078609,""stowed_volume_mm3"":104.39668630078609,""tolerance_mm3"":1e-05}","{""deployed_surface_type_counts"":{""Cylinder"":3,""Plane"":11},""deployed_topology_counts"":{""edge_count"":54,""face_count"":14,""shell_count"":1,""solid_count"":1,""vertex_count"":108,""wire_count"":17},""deployed_valid_brep"":true,""stowed_surface_type_counts"":{""Cylinder"":3,""Plane"":11},""stowed_topology_counts"":{""edge_count"":54,""face_count"":14,""shell_count"":1,""solid_count"":1,""vertex_count"":108,""wire_count"":17},""stowed_valid_brep"":true,""surface_type_counts_match"":true,""topology_counts_match"":true}","Remain fixed; local geometry, parent, part definition, quantity, attachment, and global transform must remain invariant.","{""deployed_local_brep_sha256"":""9a01872b35b7a5bc476affcfa024ed236a49cabedd7e3e1c93b7ddba54d05b41"",""hashes_equal"":false,""original_exact_local_brep_match"":""False"",""original_status"":""FAIL"",""same_checkpoint_prior_reimport"":{""deployed_local_brep_sha256"":""cd6dae92f36421a9c2f7b2b5f2a02d39b512f2bf5b213d7fe1d6787933e6c6a3"",""exact_common_full_volume_equivalent"":""True"",""exact_common_status"":""DONE"",""hashes_equal"":false,""master_hash_binding"":""work/final_analysis/validation_cycle2/step_text_inspection.json"",""status"":""PASS"",""stowed_local_brep_sha256"":""73037361b9a9c1682b56a64312533dee4f1932cc97204ae1f6a09beecb73150b""},""stowed_local_brep_sha256"":""73037361b9a9c1682b56a64312533dee4f1932cc97204ae1f6a09beecb73150b""}",A,NON_SEMANTIC_OCCT_BREP_SERIALIZATION_HASH_INSTABILITY,NO CAD CHANGE; use exact local common-volume equivalence after stable identity checks,RESOLVED_AS_BENIGN_PROVENANCE_HASH_INSTABILITY
SPP-031,GUIDE-RAIL-3-SCREW-FWD,GUIDE-RAIL-3-SCREW-FWD,SSCA-M3-8-A4-BL,"M3 X 8 CAPTIVE SOCKET CAP SCREW, DIN 912",ACCU-CATALOG,500_SPRING_EJECTOR_AFT_CLOSURE_AND_RECOVERY_ASSY,A4-80 stainless steel,BUY,0.0008,500_SPRING_EJECTOR_AFT_CLOSURE_AND_RECOVERY_ASSY/590_MANDATORY_HARDWARE_ASSY,500_SPRING_EJECTOR_AFT_CLOSURE_AND_RECOVERY_ASSY/590_MANDATORY_HARDWARE_ASSY,STINGRAY_I5S_DF8_FINAL_STOWED_MASTER_ASSY/500_SPRING_EJECTOR_AFT_CLOSURE_AND_RECOVERY_ASSY/590_MANDATORY_HARDWARE_ASSY/GUIDE-RAIL-3-SCREW-FWD__SSCA-M3-8-A4-BL__REV_ACCU-CATALOG__M3_X_8_CAPTIVE_SOCKET_CAP_SCREW_DIN_912,STINGRAY_I5S_DF8_FINAL_DEPLOYED_MASTER_ASSY/500_SPRING_EJECTOR_AFT_CLOSURE_AND_RECOVERY_ASSY/590_MANDATORY_HARDWARE_ASSY/GUIDE-RAIL-3-SCREW-FWD__SSCA-M3-8-A4-BL__REV_ACCU-CATALOG__M3_X_8_CAPTIVE_SOCKET_CAP_SCREW_DIN_912,"[[-0.5000000000000004,-0.8660254037844385,-1.0605752387249067e-16,-10.00000000000001],[-0.8660254037844385,0.5000000000000004,6.123233995736771e-17,-17.32050807568877],[0.0,1.2246467991473532e-16,-1.0,1661.0]]","[[-0.5000000000000004,-0.8660254037844385,-1.0605752387249067e-16,-10.00000000000001],[-0.8660254037844385,0.5000000000000004,6.123233995736771e-17,-17.32050807568877],[0.0,1.2246467991473532e-16,-1.0,1661.0]]","{""basis"":""EXACT_COMMON_FULL_VOLUME"",""current_run_serialized_hashes_equal"":true,""current_validator_geometry_basis"":""SERIALIZED_LOCAL_BREP_SHA256"",""deployed_minus_common_mm3"":0.0,""equivalent"":true,""exact_common_error"":"""",""exact_common_status"":""DONE"",""exact_common_volume_mm3"":104.39668630078609,""stowed_minus_common_mm3"":0.0,""symmetric_difference_volume_mm3"":0.0,""volume_tolerance_mm3"":1e-05}","{""deployed_bbox_mm"":{""xmax"":2.75,""xmin"":-2.75,""ymax"":2.75,""ymin"":-2.75,""zmax"":8.0,""zmin"":-3.0},""deployed_dimensions_mm"":[5.5,5.5,11.0],""match"":true,""max_coordinate_delta_mm"":0.0,""max_dimension_delta_mm"":0.0,""stowed_bbox_mm"":{""xmax"":2.75,""xmin"":-2.75,""ymax"":2.75,""ymin"":-2.75,""zmax"":8.0,""zmin"":-3.0},""stowed_dimensions_mm"":[5.5,5.5,11.0],""tolerance_mm"":1e-08}","{""centroid_max_abs_delta_mm"":0.0,""delta_mm3"":0.0,""deployed_volume_mm3"":104.39668630078609,""stowed_volume_mm3"":104.39668630078609,""tolerance_mm3"":1e-05}","{""deployed_surface_type_counts"":{""Cylinder"":3,""Plane"":11},""deployed_topology_counts"":{""edge_count"":54,""face_count"":14,""shell_count"":1,""solid_count"":1,""vertex_count"":108,""wire_count"":17},""deployed_valid_brep"":true,""stowed_surface_type_counts"":{""Cylinder"":3,""Plane"":11},""stowed_topology_counts"":{""edge_count"":54,""face_count"":14,""shell_count"":1,""solid_count"":1,""vertex_count"":108,""wire_count"":17},""stowed_valid_brep"":true,""surface_type_counts_match"":true,""topology_counts_match"":true}","Remain fixed; local geometry, parent, part definition, quantity, attachment, and global transform must remain invariant.","{""deployed_local_brep_sha256"":""9a01872b35b7a5bc476affcfa024ed236a49cabedd7e3e1c93b7ddba54d05b41"",""hashes_equal"":false,""original_exact_local_brep_match"":""False"",""original_status"":""FAIL"",""same_checkpoint_prior_reimport"":{""deployed_local_brep_sha256"":""cd6dae92f36421a9c2f7b2b5f2a02d39b512f2bf5b213d7fe1d6787933e6c6a3"",""exact_common_full_volume_equivalent"":""True"",""exact_common_status"":""DONE"",""hashes_equal"":false,""master_hash_binding"":""work/final_analysis/validation_cycle2/step_text_inspection.json"",""status"":""PASS"",""stowed_local_brep_sha256"":""73037361b9a9c1682b56a64312533dee4f1932cc97204ae1f6a09beecb73150b""},""stowed_local_brep_sha256"":""73037361b9a9c1682b56a64312533dee4f1932cc97204ae1f6a09beecb73150b""}",A,NON_SEMANTIC_OCCT_BREP_SERIALIZATION_HASH_INSTABILITY,NO CAD CHANGE; use exact local common-volume equivalence after stable identity checks,RESOLVED_AS_BENIGN_PROVENANCE_HASH_INSTABILITY
SPP-032,HARNESS-TERMINAL-001,HARNESS-TERMINAL-001,WP04-HST-001-R2,HARNESS STRUCTURAL TERMINAL WITH FOUR WEB SLOTS AND DOUBLE-SHEAR CLEVIS,A,500_SPRING_EJECTOR_AFT_CLOSURE_AND_RECOVERY_ASSY,17-4PH stainless steel,MAKE,0.015609223844122947,500_SPRING_EJECTOR_AFT_CLOSURE_AND_RECOVERY_ASSY,500_SPRING_EJECTOR_AFT_CLOSURE_AND_RECOVERY_ASSY,STINGRAY_I5S_DF8_FINAL_STOWED_MASTER_ASSY/500_SPRING_EJECTOR_AFT_CLOSURE_AND_RECOVERY_ASSY/HARNESS-TERMINAL-001__WP04-HST-001-R2__REV_A__HARNESS_STRUCTURAL_TERMINAL_WITH_FOUR_WEB_SLOTS_AND_DOUBLE-SHEAR_CLEVIS,STINGRAY_I5S_DF8_FINAL_DEPLOYED_MASTER_ASSY/500_SPRING_EJECTOR_AFT_CLOSURE_AND_RECOVERY_ASSY/HARNESS-TERMINAL-001__WP04-HST-001-R2__REV_A__HARNESS_STRUCTURAL_TERMINAL_WITH_FOUR_WEB_SLOTS_AND_DOUBLE-SHEAR_CLEVIS,"[[1.0,0.0,0.0,0.0],[0.0,1.0,0.0,0.0],[0.0,0.0,1.0,1916.0]]","[[1.0,0.0,0.0,0.0],[0.0,1.0,0.0,0.0],[0.0,0.0,1.0,2018.0]]","{""basis"":""EXACT_COMMON_FULL_VOLUME"",""current_run_serialized_hashes_equal"":true,""current_validator_geometry_basis"":""SERIALIZED_LOCAL_BREP_SHA256"",""deployed_minus_common_mm3"":0.0,""equivalent"":true,""exact_common_error"":"""",""exact_common_status"":""DONE"",""exact_common_volume_mm3"":2014.093399241776,""stowed_minus_common_mm3"":0.0,""symmetric_difference_volume_mm3"":0.0,""volume_tolerance_mm3"":1e-05}","{""deployed_bbox_mm"":{""xmax"":15.0,""xmin"":-15.0,""ymax"":15.0,""ymin"":-15.0,""zmax"":12.0,""zmin"":-6.0},""deployed_dimensions_mm"":[30.0,30.0,18.0],""match"":true,""max_coordinate_delta_mm"":0.0,""max_dimension_delta_mm"":0.0,""stowed_bbox_mm"":{""xmax"":15.0,""xmin"":-15.0,""ymax"":15.0,""ymin"":-15.0,""zmax"":12.0,""zmin"":-6.0},""stowed_dimensions_mm"":[30.0,30.0,18.0],""tolerance_mm"":1e-08}","{""centroid_max_abs_delta_mm"":0.0,""delta_mm3"":0.0,""deployed_volume_mm3"":2014.093399241776,""stowed_volume_mm3"":2014.093399241776,""tolerance_mm3"":1e-05}","{""deployed_surface_type_counts"":{""Cylinder"":9,""Plane"":34},""deployed_topology_counts"":{""edge_count"":218,""face_count"":43,""shell_count"":1,""solid_count"":1,""vertex_count"":436,""wire_count"":53},""deployed_valid_brep"":true,""stowed_surface_type_counts"":{""Cylinder"":9,""Plane"":34},""stowed_topology_counts"":{""edge_count"":218,""face_count"":43,""shell_count"":1,""solid_count"":1,""vertex_count"":436,""wire_count"":53},""stowed_valid_brep"":true,""surface_type_counts_match"":true,""topology_counts_match"":true}",State-specific placement/attachment permitted by FOUR_STITCHED_WEB_LOOPS; DOF=0; mechanism track declared=True.,"{""deployed_local_brep_sha256"":""7ac812159e6a2844d7db5516d202489e156e65c190cb0e87d57ff9d9e6e57e78"",""hashes_equal"":false,""original_exact_local_brep_match"":""False"",""original_status"":""FAIL"",""same_checkpoint_prior_reimport"":{""deployed_local_brep_sha256"":""7ac812159e6a2844d7db5516d202489e156e65c190cb0e87d57ff9d9e6e57e78"",""exact_common_full_volume_equivalent"":""True"",""exact_common_status"":""DONE"",""hashes_equal"":false,""master_hash_binding"":""work/final_analysis/validation_cycle2/step_text_inspection.json"",""status"":""PASS"",""stowed_local_brep_sha256"":""0bca2e38f8d017316896e05b8f764b54a7201b672df867c84ef1d05e66a48f4c""},""stowed_local_brep_sha256"":""0bca2e38f8d017316896e05b8f764b54a7201b672df867c84ef1d05e66a48f4c""}",B,EXPECTED_CONFIGURATION_TRANSFORM_OR_ATTACHMENT_CHANGE_WITH_NON_SEMANTIC_OCCT_BREP_SERIALIZATION_DIFFERENCE,NO_CAD CHANGE; retain mechanism transform and use local geometric equivalence,RESOLVED_AS_EXPECTED_STATE_SPECIFIC_DIFFERENCE
SPP-033,LINK-1-1,LINK-1-1,DF8-R2-SHORT-LINK-001,19.950 MM CENTER-DISTANCE REAMED SHORT LINK,A,300_TRUE_TRANSFORM_ARM_AND_POWERTRAIN_ASSY,17-4PH stainless steel,MAKE,0.0008587191047231816,300_TRUE_TRANSFORM_ARM_AND_POWERTRAIN_ASSY/331_ARM_1_ASSY,300_TRUE_TRANSFORM_ARM_AND_POWERTRAIN_ASSY/331_ARM_1_ASSY,STINGRAY_I5S_DF8_FINAL_STOWED_MASTER_ASSY/300_TRUE_TRANSFORM_ARM_AND_POWERTRAIN_ASSY/331_ARM_1_ASSY/LINK-1-1__DF8-R2-SHORT-LINK-001__REV_A__19.950_MM_CENTER-DISTANCE_REAMED_SHORT_LINK,STINGRAY_I5S_DF8_FINAL_DEPLOYED_MASTER_ASSY/300_TRUE_TRANSFORM_ARM_AND_POWERTRAIN_ASSY/331_ARM_1_ASSY/LINK-1-1__DF8-R2-SHORT-LINK-001__REV_A__19.950_MM_CENTER-DISTANCE_REAMED_SHORT_LINK,"[[0.3007518796992481,0.0,0.9537024204946577,18.0],[0.0,1.0,0.0,-1.75],[-0.9537024204946577,0.0,0.3007518796992481,928.0263632888684]]","[[0.49649919013089905,0.0,0.8680371848022188,18.0],[0.0,1.0,0.0,-1.75],[-0.8680371848022188,0.0,0.49649919013089905,912.9713289177334]]","{""basis"":""EXACT_COMMON_FULL_VOLUME"",""current_run_serialized_hashes_equal"":true,""current_validator_geometry_basis"":""SERIALIZED_LOCAL_BREP_SHA256"",""deployed_minus_common_mm3"":0.0,""equivalent"":true,""exact_common_error"":"""",""exact_common_status"":""DONE"",""exact_common_volume_mm3"":110.80246512556303,""stowed_minus_common_mm3"":0.0,""symmetric_difference_volume_mm3"":0.0,""volume_tolerance_mm3"":1e-05}","{""deployed_bbox_mm"":{""xmax"":23.15,""xmin"":-3.2,""ymax"":0.75,""ymin"":-0.75,""zmax"":3.2,""zmin"":-3.2},""deployed_dimensions_mm"":[26.349999999999998,1.5,6.4],""match"":true,""max_coordinate_delta_mm"":0.0,""max_dimension_delta_mm"":0.0,""stowed_bbox_mm"":{""xmax"":23.15,""xmin"":-3.2,""ymax"":0.75,""ymin"":-0.75,""zmax"":3.2,""zmin"":-3.2},""stowed_dimensions_mm"":[26.349999999999998,1.5,6.4],""tolerance_mm"":1e-08}","{""centroid_max_abs_delta_mm"":0.0,""delta_mm3"":0.0,""deployed_volume_mm3"":110.80246512556303,""stowed_volume_mm3"":110.80246512556303,""tolerance_mm3"":1e-05}","{""deployed_surface_type_counts"":{""Cylinder"":10,""Plane"":28},""deployed_topology_counts"":{""edge_count"":176,""face_count"":38,""shell_count"":1,""solid_count"":1,""vertex_count"":352,""wire_count"":38},""deployed_valid_brep"":true,""stowed_surface_type_counts"":{""Cylinder"":10,""Plane"":28},""stowed_topology_counts"":{""edge_count"":176,""face_count"":38,""shell_count"":1,""solid_count"":1,""vertex_count"":352,""wire_count"":38},""stowed_valid_brep"":true,""surface_type_counts_match"":true,""topology_counts_match"":true}",State-specific placement/attachment permitted by TWO_REVOLUTE_PIN_JOINTS; DOF=PLANAR FOUR-BAR; mechanism track declared=True.,"{""deployed_local_brep_sha256"":""b6f6e5920410771a497ea0718cd151aa79a424f33430bd9a4fb8eea1af3eb383"",""hashes_equal"":false,""original_exact_local_brep_match"":""False"",""original_status"":""FAIL"",""same_checkpoint_prior_reimport"":{""deployed_local_brep_sha256"":""b6f6e5920410771a497ea0718cd151aa79a424f33430bd9a4fb8eea1af3eb383"",""exact_common_full_volume_equivalent"":""True"",""exact_common_status"":""DONE"",""hashes_equal"":false,""master_hash_binding"":""work/final_analysis/validation_cycle2/step_text_inspection.json"",""status"":""PASS"",""stowed_local_brep_sha256"":""7c3d8b4858f5395099cdf25df52ad9f688927cab788cc4555008eca05bc5d9f9""},""stowed_local_brep_sha256"":""7c3d8b4858f5395099cdf25df52ad9f688927cab788cc4555008eca05bc5d9f9""}",B,EXPECTED_CONFIGURATION_TRANSFORM_OR_ATTACHMENT_CHANGE_WITH_NON_SEMANTIC_OCCT_BREP_SERIALIZATION_DIFFERENCE,NO_CAD CHANGE; retain mechanism transform and use local geometric equivalence,RESOLVED_AS_EXPECTED_STATE_SPECIFIC_DIFFERENCE
SPP-034,LINK-1-2,LINK-1-2,DF8-R2-SHORT-LINK-001,19.950 MM CENTER-DISTANCE REAMED SHORT LINK,A,300_TRUE_TRANSFORM_ARM_AND_POWERTRAIN_ASSY,17-4PH stainless steel,MAKE,0.0008587191047231816,300_TRUE_TRANSFORM_ARM_AND_POWERTRAIN_ASSY/331_ARM_1_ASSY,300_TRUE_TRANSFORM_ARM_AND_POWERTRAIN_ASSY/331_ARM_1_ASSY,STINGRAY_I5S_DF8_FINAL_STOWED_MASTER_ASSY/300_TRUE_TRANSFORM_ARM_AND_POWERTRAIN_ASSY/331_ARM_1_ASSY/LINK-1-2__DF8-R2-SHORT-LINK-001__REV_A__19.950_MM_CENTER-DISTANCE_REAMED_SHORT_LINK,STINGRAY_I5S_DF8_FINAL_DEPLOYED_MASTER_ASSY/300_TRUE_TRANSFORM_ARM_AND_POWERTRAIN_ASSY/331_ARM_1_ASSY/LINK-1-2__DF8-R2-SHORT-LINK-001__REV_A__19.950_MM_CENTER-DISTANCE_REAMED_SHORT_LINK,"[[0.3007518796992481,0.0,0.9537024204946577,18.0],[0.0,1.0,0.0,1.75],[-0.9537024204946577,0.0,0.3007518796992481,928.0263632888684]]","[[0.49649919013089905,0.0,0.8680371848022188,18.0],[0.0,1.0,0.0,1.75],[-0.8680371848022188,0.0,0.49649919013089905,912.9713289177334]]","{""basis"":""EXACT_COMMON_FULL_VOLUME"",""current_run_serialized_hashes_equal"":true,""current_validator_geometry_basis"":""SERIALIZED_LOCAL_BREP_SHA256"",""deployed_minus_common_mm3"":0.0,""equivalent"":true,""exact_common_error"":"""",""exact_common_status"":""DONE"",""exact_common_volume_mm3"":110.80246512556303,""stowed_minus_common_mm3"":0.0,""symmetric_difference_volume_mm3"":0.0,""volume_tolerance_mm3"":1e-05}","{""deployed_bbox_mm"":{""xmax"":23.15,""xmin"":-3.2,""ymax"":0.75,""ymin"":-0.75,""zmax"":3.2,""zmin"":-3.2},""deployed_dimensions_mm"":[26.349999999999998,1.5,6.4],""match"":true,""max_coordinate_delta_mm"":0.0,""max_dimension_delta_mm"":0.0,""stowed_bbox_mm"":{""xmax"":23.15,""xmin"":-3.2,""ymax"":0.75,""ymin"":-0.75,""zmax"":3.2,""zmin"":-3.2},""stowed_dimensions_mm"":[26.349999999999998,1.5,6.4],""tolerance_mm"":1e-08}","{""centroid_max_abs_delta_mm"":0.0,""delta_mm3"":0.0,""deployed_volume_mm3"":110.80246512556303,""stowed_volume_mm3"":110.80246512556303,""tolerance_mm3"":1e-05}","{""deployed_surface_type_counts"":{""Cylinder"":10,""Plane"":28},""deployed_topology_counts"":{""edge_count"":176,""face_count"":38,""shell_count"":1,""solid_count"":1,""vertex_count"":352,""wire_count"":38},""deployed_valid_brep"":true,""stowed_surface_type_counts"":{""Cylinder"":10,""Plane"":28},""stowed_topology_counts"":{""edge_count"":176,""face_count"":38,""shell_count"":1,""solid_count"":1,""vertex_count"":352,""wire_count"":38},""stowed_valid_brep"":true,""surface_type_counts_match"":true,""topology_counts_match"":true}",State-specific placement/attachment permitted by TWO_REVOLUTE_PIN_JOINTS; DOF=PLANAR FOUR-BAR; mechanism track declared=True.,"{""deployed_local_brep_sha256"":""b6f6e5920410771a497ea0718cd151aa79a424f33430bd9a4fb8eea1af3eb383"",""hashes_equal"":false,""original_exact_local_brep_match"":""False"",""original_status"":""FAIL"",""same_checkpoint_prior_reimport"":{""deployed_local_brep_sha256"":""b6f6e5920410771a497ea0718cd151aa79a424f33430bd9a4fb8eea1af3eb383"",""exact_common_full_volume_equivalent"":""True"",""exact_common_status"":""DONE"",""hashes_equal"":false,""master_hash_binding"":""work/final_analysis/validation_cycle2/step_text_inspection.json"",""status"":""PASS"",""stowed_local_brep_sha256"":""7c3d8b4858f5395099cdf25df52ad9f688927cab788cc4555008eca05bc5d9f9""},""stowed_local_brep_sha256"":""7c3d8b4858f5395099cdf25df52ad9f688927cab788cc4555008eca05bc5d9f9""}",B,EXPECTED_CONFIGURATION_TRANSFORM_OR_ATTACHMENT_CHANGE_WITH_NON_SEMANTIC_OCCT_BREP_SERIALIZATION_DIFFERENCE,NO_CAD CHANGE; retain mechanism transform and use local geometric equivalence,RESOLVED_AS_EXPECTED_STATE_SPECIFIC_DIFFERENCE
SPP-035,LINK-2-1,LINK-2-1,DF8-R2-SHORT-LINK-001,19.950 MM CENTER-DISTANCE REAMED SHORT LINK,A,300_TRUE_TRANSFORM_ARM_AND_POWERTRAIN_ASSY,17-4PH stainless steel,MAKE,0.0008587191047231816,300_TRUE_TRANSFORM_ARM_AND_POWERTRAIN_ASSY/332_ARM_2_ASSY,300_TRUE_TRANSFORM_ARM_AND_POWERTRAIN_ASSY/332_ARM_2_ASSY,STINGRAY_I5S_DF8_FINAL_STOWED_MASTER_ASSY/300_TRUE_TRANSFORM_ARM_AND_POWERTRAIN_ASSY/332_ARM_2_ASSY/LINK-2-1__DF8-R2-SHORT-LINK-001__REV_A__19.950_MM_CENTER-DISTANCE_REAMED_SHORT_LINK,STINGRAY_I5S_DF8_FINAL_DEPLOYED_MASTER_ASSY/300_TRUE_TRANSFORM_ARM_AND_POWERTRAIN_ASSY/332_ARM_2_ASSY/LINK-2-1__DF8-R2-SHORT-LINK-001__REV_A__19.950_MM_CENTER-DISTANCE_REAMED_SHORT_LINK,"[[-0.150375939849624,-0.8660254037844387,-0.4768512102473286,-7.484455543377228],[0.26045876805547025,-0.4999999999999998,0.8259305237990825,16.463457268119896],[-0.9537024204946577,0.0,0.3007518796992481,928.0263632888684]]","[[-0.2482495950654494,-0.8660254037844387,-0.43401859240110924,-7.484455543377228],[0.42998091161175866,-0.4999999999999998,0.751742253468249,16.463457268119896],[-0.8680371848022188,0.0,0.49649919013089905,912.9713289177334]]","{""basis"":""EXACT_COMMON_FULL_VOLUME"",""current_run_serialized_hashes_equal"":true,""current_validator_geometry_basis"":""SERIALIZED_LOCAL_BREP_SHA256"",""deployed_minus_common_mm3"":0.0,""equivalent"":true,""exact_common_error"":"""",""exact_common_status"":""DONE"",""exact_common_volume_mm3"":110.80246512556303,""stowed_minus_common_mm3"":0.0,""symmetric_difference_volume_mm3"":0.0,""volume_tolerance_mm3"":1e-05}","{""deployed_bbox_mm"":{""xmax"":23.15,""xmin"":-3.2,""ymax"":0.75,""ymin"":-0.75,""zmax"":3.2,""zmin"":-3.2},""deployed_dimensions_mm"":[26.349999999999998,1.5,6.4],""match"":true,""max_coordinate_delta_mm"":0.0,""max_dimension_delta_mm"":0.0,""stowed_bbox_mm"":{""xmax"":23.15,""xmin"":-3.2,""ymax"":0.75,""ymin"":-0.75,""zmax"":3.2,""zmin"":-3.2},""stowed_dimensions_mm"":[26.349999999999998,1.5,6.4],""tolerance_mm"":1e-08}","{""centroid_max_abs_delta_mm"":0.0,""delta_mm3"":0.0,""deployed_volume_mm3"":110.80246512556303,""stowed_volume_mm3"":110.80246512556303,""tolerance_mm3"":1e-05}","{""deployed_surface_type_counts"":{""Cylinder"":10,""Plane"":28},""deployed_topology_counts"":{""edge_count"":176,""face_count"":38,""shell_count"":1,""solid_count"":1,""vertex_count"":352,""wire_count"":38},""deployed_valid_brep"":true,""stowed_surface_type_counts"":{""Cylinder"":10,""Plane"":28},""stowed_topology_counts"":{""edge_count"":176,""face_count"":38,""shell_count"":1,""solid_count"":1,""vertex_count"":352,""wire_count"":38},""stowed_valid_brep"":true,""surface_type_counts_match"":true,""topology_counts_match"":true}",State-specific placement/attachment permitted by TWO_REVOLUTE_PIN_JOINTS; DOF=PLANAR FOUR-BAR; mechanism track declared=True.,"{""deployed_local_brep_sha256"":""b6f6e5920410771a497ea0718cd151aa79a424f33430bd9a4fb8eea1af3eb383"",""hashes_equal"":false,""original_exact_local_brep_match"":""False"",""original_status"":""FAIL"",""same_checkpoint_prior_reimport"":{""deployed_local_brep_sha256"":""b6f6e5920410771a497ea0718cd151aa79a424f33430bd9a4fb8eea1af3eb383"",""exact_common_full_volume_equivalent"":""True"",""exact_common_status"":""DONE"",""hashes_equal"":false,""master_hash_binding"":""work/final_analysis/validation_cycle2/step_text_inspection.json"",""status"":""PASS"",""stowed_local_brep_sha256"":""7c3d8b4858f5395099cdf25df52ad9f688927cab788cc4555008eca05bc5d9f9""},""stowed_local_brep_sha256"":""7c3d8b4858f5395099cdf25df52ad9f688927cab788cc4555008eca05bc5d9f9""}",B,EXPECTED_CONFIGURATION_TRANSFORM_OR_ATTACHMENT_CHANGE_WITH_NON_SEMANTIC_OCCT_BREP_SERIALIZATION_DIFFERENCE,NO_CAD CHANGE; retain mechanism transform and use local geometric equivalence,RESOLVED_AS_EXPECTED_STATE_SPECIFIC_DIFFERENCE
SPP-036,LINK-2-2,LINK-2-2,DF8-R2-SHORT-LINK-001,19.950 MM CENTER-DISTANCE REAMED SHORT LINK,A,300_TRUE_TRANSFORM_ARM_AND_POWERTRAIN_ASSY,17-4PH stainless steel,MAKE,0.0008587191047231816,300_TRUE_TRANSFORM_ARM_AND_POWERTRAIN_ASSY/332_ARM_2_ASSY,300_TRUE_TRANSFORM_ARM_AND_POWERTRAIN_ASSY/332_ARM_2_ASSY,STINGRAY_I5S_DF8_FINAL_STOWED_MASTER_ASSY/300_TRUE_TRANSFORM_ARM_AND_POWERTRAIN_ASSY/332_ARM_2_ASSY/LINK-2-2__DF8-R2-SHORT-LINK-001__REV_A__19.950_MM_CENTER-DISTANCE_REAMED_SHORT_LINK,STINGRAY_I5S_DF8_FINAL_DEPLOYED_MASTER_ASSY/300_TRUE_TRANSFORM_ARM_AND_POWERTRAIN_ASSY/332_ARM_2_ASSY/LINK-2-2__DF8-R2-SHORT-LINK-001__REV_A__19.950_MM_CENTER-DISTANCE_REAMED_SHORT_LINK,"[[-0.150375939849624,-0.8660254037844387,-0.4768512102473286,-10.515544456622765],[0.26045876805547025,-0.4999999999999998,0.8259305237990825,14.713457268119896],[-0.9537024204946577,0.0,0.3007518796992481,928.0263632888684]]","[[-0.2482495950654494,-0.8660254037844387,-0.43401859240110924,-10.515544456622765],[0.42998091161175866,-0.4999999999999998,0.751742253468249,14.713457268119896],[-0.8680371848022188,0.0,0.49649919013089905,912.9713289177334]]","{""basis"":""EXACT_COMMON_FULL_VOLUME"",""current_run_serialized_hashes_equal"":true,""current_validator_geometry_basis"":""SERIALIZED_LOCAL_BREP_SHA256"",""deployed_minus_common_mm3"":0.0,""equivalent"":true,""exact_common_error"":"""",""exact_common_status"":""DONE"",""exact_common_volume_mm3"":110.80246512556303,""stowed_minus_common_mm3"":0.0,""symmetric_difference_volume_mm3"":0.0,""volume_tolerance_mm3"":1e-05}","{""deployed_bbox_mm"":{""xmax"":23.15,""xmin"":-3.2,""ymax"":0.75,""ymin"":-0.75,""zmax"":3.2,""zmin"":-3.2},""deployed_dimensions_mm"":[26.349999999999998,1.5,6.4],""match"":true,""max_coordinate_delta_mm"":0.0,""max_dimension_delta_mm"":0.0,""stowed_bbox_mm"":{""xmax"":23.15,""xmin"":-3.2,""ymax"":0.75,""ymin"":-0.75,""zmax"":3.2,""zmin"":-3.2},""stowed_dimensions_mm"":[26.349999999999998,1.5,6.4],""tolerance_mm"":1e-08}","{""centroid_max_abs_delta_mm"":0.0,""delta_mm3"":0.0,""deployed_volume_mm3"":110.80246512556303,""stowed_volume_mm3"":110.80246512556303,""tolerance_mm3"":1e-05}","{""deployed_surface_type_counts"":{""Cylinder"":10,""Plane"":28},""deployed_topology_counts"":{""edge_count"":176,""face_count"":38,""shell_count"":1,""solid_count"":1,""vertex_count"":352,""wire_count"":38},""deployed_valid_brep"":true,""stowed_surface_type_counts"":{""Cylinder"":10,""Plane"":28},""stowed_topology_counts"":{""edge_count"":176,""face_count"":38,""shell_count"":1,""solid_count"":1,""vertex_count"":352,""wire_count"":38},""stowed_valid_brep"":true,""surface_type_counts_match"":true,""topology_counts_match"":true}",State-specific placement/attachment permitted by TWO_REVOLUTE_PIN_JOINTS; DOF=PLANAR FOUR-BAR; mechanism track declared=True.,"{""deployed_local_brep_sha256"":""b6f6e5920410771a497ea0718cd151aa79a424f33430bd9a4fb8eea1af3eb383"",""hashes_equal"":false,""original_exact_local_brep_match"":""False"",""original_status"":""FAIL"",""same_checkpoint_prior_reimport"":{""deployed_local_brep_sha256"":""b6f6e5920410771a497ea0718cd151aa79a424f33430bd9a4fb8eea1af3eb383"",""exact_common_full_volume_equivalent"":""True"",""exact_common_status"":""DONE"",""hashes_equal"":false,""master_hash_binding"":""work/final_analysis/validation_cycle2/step_text_inspection.json"",""status"":""PASS"",""stowed_local_brep_sha256"":""7c3d8b4858f5395099cdf25df52ad9f688927cab788cc4555008eca05bc5d9f9""},""stowed_local_brep_sha256"":""7c3d8b4858f5395099cdf25df52ad9f688927cab788cc4555008eca05bc5d9f9""}",B,EXPECTED_CONFIGURATION_TRANSFORM_OR_ATTACHMENT_CHANGE_WITH_NON_SEMANTIC_OCCT_BREP_SERIALIZATION_DIFFERENCE,NO_CAD CHANGE; retain mechanism transform and use local geometric equivalence,RESOLVED_AS_EXPECTED_STATE_SPECIFIC_DIFFERENCE
SPP-037,LINK-3-1,LINK-3-1,DF8-R2-SHORT-LINK-001,19.950 MM CENTER-DISTANCE REAMED SHORT LINK,A,300_TRUE_TRANSFORM_ARM_AND_POWERTRAIN_ASSY,17-4PH stainless steel,MAKE,0.0008587191047231816,300_TRUE_TRANSFORM_ARM_AND_POWERTRAIN_ASSY/333_ARM_3_ASSY,300_TRUE_TRANSFORM_ARM_AND_POWERTRAIN_ASSY/333_ARM_3_ASSY,STINGRAY_I5S_DF8_FINAL_STOWED_MASTER_ASSY/300_TRUE_TRANSFORM_ARM_AND_POWERTRAIN_ASSY/333_ARM_3_ASSY/LINK-3-1__DF8-R2-SHORT-LINK-001__REV_A__19.950_MM_CENTER-DISTANCE_REAMED_SHORT_LINK,STINGRAY_I5S_DF8_FINAL_DEPLOYED_MASTER_ASSY/300_TRUE_TRANSFORM_ARM_AND_POWERTRAIN_ASSY/333_ARM_3_ASSY/LINK-3-1__DF8-R2-SHORT-LINK-001__REV_A__19.950_MM_CENTER-DISTANCE_REAMED_SHORT_LINK,"[[-0.1503759398496242,0.8660254037844385,-0.4768512102473293,-10.515544456622774],[-0.2604587680554702,-0.5000000000000004,-0.8259305237990823,-14.713457268119893],[-0.9537024204946577,0.0,0.3007518796992481,928.0263632888684]]","[[-0.24824959506544975,0.8660254037844385,-0.4340185924011098,-10.515544456622774],[-0.42998091161175855,-0.5000000000000004,-0.7517422534682487,-14.713457268119893],[-0.8680371848022188,0.0,0.49649919013089905,912.9713289177334]]","{""basis"":""EXACT_COMMON_FULL_VOLUME"",""current_run_serialized_hashes_equal"":true,""current_validator_geometry_basis"":""SERIALIZED_LOCAL_BREP_SHA256"",""deployed_minus_common_mm3"":0.0,""equivalent"":true,""exact_common_error"":"""",""exact_common_status"":""DONE"",""exact_common_volume_mm3"":110.80246512556303,""stowed_minus_common_mm3"":0.0,""symmetric_difference_volume_mm3"":0.0,""volume_tolerance_mm3"":1e-05}","{""deployed_bbox_mm"":{""xmax"":23.15,""xmin"":-3.2,""ymax"":0.75,""ymin"":-0.75,""zmax"":3.2,""zmin"":-3.2},""deployed_dimensions_mm"":[26.349999999999998,1.5,6.4],""match"":true,""max_coordinate_delta_mm"":0.0,""max_dimension_delta_mm"":0.0,""stowed_bbox_mm"":{""xmax"":23.15,""xmin"":-3.2,""ymax"":0.75,""ymin"":-0.75,""zmax"":3.2,""zmin"":-3.2},""stowed_dimensions_mm"":[26.349999999999998,1.5,6.4],""tolerance_mm"":1e-08}","{""centroid_max_abs_delta_mm"":0.0,""delta_mm3"":0.0,""deployed_volume_mm3"":110.80246512556303,""stowed_volume_mm3"":110.80246512556303,""tolerance_mm3"":1e-05}","{""deployed_surface_type_counts"":{""Cylinder"":10,""Plane"":28},""deployed_topology_counts"":{""edge_count"":176,""face_count"":38,""shell_count"":1,""solid_count"":1,""vertex_count"":352,""wire_count"":38},""deployed_valid_brep"":true,""stowed_surface_type_counts"":{""Cylinder"":10,""Plane"":28},""stowed_topology_counts"":{""edge_count"":176,""face_count"":38,""shell_count"":1,""solid_count"":1,""vertex_count"":352,""wire_count"":38},""stowed_valid_brep"":true,""surface_type_counts_match"":true,""topology_counts_match"":true}",State-specific placement/attachment permitted by TWO_REVOLUTE_PIN_JOINTS; DOF=PLANAR FOUR-BAR; mechanism track declared=True.,"{""deployed_local_brep_sha256"":""b6f6e5920410771a497ea0718cd151aa79a424f33430bd9a4fb8eea1af3eb383"",""hashes_equal"":false,""original_exact_local_brep_match"":""False"",""original_status"":""FAIL"",""same_checkpoint_prior_reimport"":{""deployed_local_brep_sha256"":""b6f6e5920410771a497ea0718cd151aa79a424f33430bd9a4fb8eea1af3eb383"",""exact_common_full_volume_equivalent"":""True"",""exact_common_status"":""DONE"",""hashes_equal"":false,""master_hash_binding"":""work/final_analysis/validation_cycle2/step_text_inspection.json"",""status"":""PASS"",""stowed_local_brep_sha256"":""7c3d8b4858f5395099cdf25df52ad9f688927cab788cc4555008eca05bc5d9f9""},""stowed_local_brep_sha256"":""7c3d8b4858f5395099cdf25df52ad9f688927cab788cc4555008eca05bc5d9f9""}",B,EXPECTED_CONFIGURATION_TRANSFORM_OR_ATTACHMENT_CHANGE_WITH_NON_SEMANTIC_OCCT_BREP_SERIALIZATION_DIFFERENCE,NO_CAD CHANGE; retain mechanism transform and use local geometric equivalence,RESOLVED_AS_EXPECTED_STATE_SPECIFIC_DIFFERENCE
SPP-038,LINK-3-2,LINK-3-2,DF8-R2-SHORT-LINK-001,19.950 MM CENTER-DISTANCE REAMED SHORT LINK,A,300_TRUE_TRANSFORM_ARM_AND_POWERTRAIN_ASSY,17-4PH stainless steel,MAKE,0.0008587191047231816,300_TRUE_TRANSFORM_ARM_AND_POWERTRAIN_ASSY/333_ARM_3_ASSY,300_TRUE_TRANSFORM_ARM_AND_POWERTRAIN_ASSY/333_ARM_3_ASSY,STINGRAY_I5S_DF8_FINAL_STOWED_MASTER_ASSY/300_TRUE_TRANSFORM_ARM_AND_POWERTRAIN_ASSY/333_ARM_3_ASSY/LINK-3-2__DF8-R2-SHORT-LINK-001__REV_A__19.950_MM_CENTER-DISTANCE_REAMED_SHORT_LINK,STINGRAY_I5S_DF8_FINAL_DEPLOYED_MASTER_ASSY/300_TRUE_TRANSFORM_ARM_AND_POWERTRAIN_ASSY/333_ARM_3_ASSY/LINK-3-2__DF8-R2-SHORT-LINK-001__REV_A__19.950_MM_CENTER-DISTANCE_REAMED_SHORT_LINK,"[[-0.1503759398496242,0.8660254037844385,-0.4768512102473293,-7.48445554337724],[-0.2604587680554702,-0.5000000000000004,-0.8259305237990823,-16.463457268119893],[-0.9537024204946577,0.0,0.3007518796992481,928.0263632888684]]","[[-0.24824959506544975,0.8660254037844385,-0.4340185924011098,-7.48445554337724],[-0.42998091161175855,-0.5000000000000004,-0.7517422534682487,-16.463457268119893],[-0.8680371848022188,0.0,0.49649919013089905,912.9713289177334]]","{""basis"":""EXACT_COMMON_FULL_VOLUME"",""current_run_serialized_hashes_equal"":true,""current_validator_geometry_basis"":""SERIALIZED_LOCAL_BREP_SHA256"",""deployed_minus_common_mm3"":0.0,""equivalent"":true,""exact_common_error"":"""",""exact_common_status"":""DONE"",""exact_common_volume_mm3"":110.80246512556303,""stowed_minus_common_mm3"":0.0,""symmetric_difference_volume_mm3"":0.0,""volume_tolerance_mm3"":1e-05}","{""deployed_bbox_mm"":{""xmax"":23.15,""xmin"":-3.2,""ymax"":0.75,""ymin"":-0.75,""zmax"":3.2,""zmin"":-3.2},""deployed_dimensions_mm"":[26.349999999999998,1.5,6.4],""match"":true,""max_coordinate_delta_mm"":0.0,""max_dimension_delta_mm"":0.0,""stowed_bbox_mm"":{""xmax"":23.15,""xmin"":-3.2,""ymax"":0.75,""ymin"":-0.75,""zmax"":3.2,""zmin"":-3.2},""stowed_dimensions_mm"":[26.349999999999998,1.5,6.4],""tolerance_mm"":1e-08}","{""centroid_max_abs_delta_mm"":0.0,""delta_mm3"":0.0,""deployed_volume_mm3"":110.80246512556303,""stowed_volume_mm3"":110.80246512556303,""tolerance_mm3"":1e-05}","{""deployed_surface_type_counts"":{""Cylinder"":10,""Plane"":28},""deployed_topology_counts"":{""edge_count"":176,""face_count"":38,""shell_count"":1,""solid_count"":1,""vertex_count"":352,""wire_count"":38},""deployed_valid_brep"":true,""stowed_surface_type_counts"":{""Cylinder"":10,""Plane"":28},""stowed_topology_counts"":{""edge_count"":176,""face_count"":38,""shell_count"":1,""solid_count"":1,""vertex_count"":352,""wire_count"":38},""stowed_valid_brep"":true,""surface_type_counts_match"":true,""topology_counts_match"":true}",State-specific placement/attachment permitted by TWO_REVOLUTE_PIN_JOINTS; DOF=PLANAR FOUR-BAR; mechanism track declared=True.,"{""deployed_local_brep_sha256"":""b6f6e5920410771a497ea0718cd151aa79a424f33430bd9a4fb8eea1af3eb383"",""hashes_equal"":false,""original_exact_local_brep_match"":""False"",""original_status"":""FAIL"",""same_checkpoint_prior_reimport"":{""deployed_local_brep_sha256"":""b6f6e5920410771a497ea0718cd151aa79a424f33430bd9a4fb8eea1af3eb383"",""exact_common_full_volume_equivalent"":""True"",""exact_common_status"":""DONE"",""hashes_equal"":false,""master_hash_binding"":""work/final_analysis/validation_cycle2/step_text_inspection.json"",""status"":""PASS"",""stowed_local_brep_sha256"":""7c3d8b4858f5395099cdf25df52ad9f688927cab788cc4555008eca05bc5d9f9""},""stowed_local_brep_sha256"":""7c3d8b4858f5395099cdf25df52ad9f688927cab788cc4555008eca05bc5d9f9""}",B,EXPECTED_CONFIGURATION_TRANSFORM_OR_ATTACHMENT_CHANGE_WITH_NON_SEMANTIC_OCCT_BREP_SERIALIZATION_DIFFERENCE,NO_CAD CHANGE; retain mechanism transform and use local geometric equivalence,RESOLVED_AS_EXPECTED_STATE_SPECIFIC_DIFFERENCE
SPP-039,PIVOT-CARRIER-1,PIVOT-CARRIER-1,DF8-R2-PIVOT-CARRIER-001,MATCHED DOUBLE-SHEAR PIVOT LUG SET WITH SWEPT BELL-CLEVIS ACCESS AND OBLIQUE STOP-LAND BORES,D,300_TRUE_TRANSFORM_ARM_AND_POWERTRAIN_ASSY,Ti-6Al-4V,MAKE,0.0027069509237137527,300_TRUE_TRANSFORM_ARM_AND_POWERTRAIN_ASSY/331_ARM_1_ASSY,300_TRUE_TRANSFORM_ARM_AND_POWERTRAIN_ASSY/331_ARM_1_ASSY,STINGRAY_I5S_DF8_FINAL_STOWED_MASTER_ASSY/300_TRUE_TRANSFORM_ARM_AND_POWERTRAIN_ASSY/331_ARM_1_ASSY/PIVOT-CARRIER-1__DF8-R2-PIVOT-CARRIER-001__REV_D__MATCHED_DOUBLE-SHEAR_PIVOT_LUG_SET_WITH_SWEPT_BELL-CLEVIS_ACCESS_AND_OBL,STINGRAY_I5S_DF8_FINAL_DEPLOYED_MASTER_ASSY/300_TRUE_TRANSFORM_ARM_AND_POWERTRAIN_ASSY/331_ARM_1_ASSY/PIVOT-CARRIER-1__DF8-R2-PIVOT-CARRIER-001__REV_D__MATCHED_DOUBLE-SHEAR_PIVOT_LUG_SET_WITH_SWEPT_BELL-CLEVIS_ACCESS_AND_OBL,"[[1.0,0.0,0.0,18.0],[0.0,1.0,0.0,0.0],[0.0,0.0,1.0,900.0]]","[[1.0,0.0,0.0,18.0],[0.0,1.0,0.0,0.0],[0.0,0.0,1.0,900.0]]","{""basis"":""EXACT_COMMON_FULL_VOLUME"",""current_run_serialized_hashes_equal"":true,""current_validator_geometry_basis"":""SERIALIZED_LOCAL_BREP_SHA256"",""deployed_minus_common_mm3"":0.0,""equivalent"":true,""exact_common_error"":"""",""exact_common_status"":""DONE"",""exact_common_volume_mm3"":611.0498699203353,""stowed_minus_common_mm3"":0.0,""symmetric_difference_volume_mm3"":0.0,""volume_tolerance_mm3"":1e-05}","{""deployed_bbox_mm"":{""xmax"":6.5,""xmin"":-6.5,""ymax"":9.000000000001506,""ymin"":-9.000000000001506,""zmax"":8.0,""zmin"":-11.0},""deployed_dimensions_mm"":[13.0,18.000000000003013,19.0],""match"":true,""max_coordinate_delta_mm"":0.0,""max_dimension_delta_mm"":0.0,""stowed_bbox_mm"":{""xmax"":6.5,""xmin"":-6.5,""ymax"":9.000000000001506,""ymin"":-9.000000000001506,""zmax"":8.0,""zmin"":-11.0},""stowed_dimensions_mm"":[13.0,18.000000000003013,19.0],""tolerance_mm"":1e-08}","{""centroid_max_abs_delta_mm"":0.0,""delta_mm3"":0.0,""deployed_volume_mm3"":611.0498699203353,""stowed_volume_mm3"":611.0498699203353,""tolerance_mm3"":1e-05}","{""deployed_surface_type_counts"":{""Cylinder"":58,""Plane"":22},""deployed_topology_counts"":{""edge_count"":468,""face_count"":80,""shell_count"":2,""solid_count"":2,""vertex_count"":936,""wire_count"":86},""deployed_valid_brep"":true,""stowed_surface_type_counts"":{""Cylinder"":58,""Plane"":22},""stowed_topology_counts"":{""edge_count"":468,""face_count"":80,""shell_count"":2,""solid_count"":2,""vertex_count"":936,""wire_count"":86},""stowed_valid_brep"":true,""surface_type_counts_match"":true,""topology_counts_match"":true}","Remain fixed; local geometry, parent, part definition, quantity, attachment, and global transform must remain invariant.","{""deployed_local_brep_sha256"":""1ecbc8636ef56be60321bfb08dbae13b5d0eca1e89b9d59f658defa69445fdd0"",""hashes_equal"":false,""original_exact_local_brep_match"":""False"",""original_status"":""FAIL"",""same_checkpoint_prior_reimport"":{""deployed_local_brep_sha256"":""8f2df97762cbfec9d9f1c5b98555484a80fa71621261f3689a14cf22cf51aa40"",""exact_common_full_volume_equivalent"":""True"",""exact_common_status"":""DONE"",""hashes_equal"":false,""master_hash_binding"":""work/final_analysis/validation_cycle2/step_text_inspection.json"",""status"":""PASS"",""stowed_local_brep_sha256"":""89189f449472ca9ed24d184eca3b40a6f45a9841a09877331c8859d1a928cba2""},""stowed_local_brep_sha256"":""59daef4c91deefcf94e04d3725e29953cc978153b63afecc5696b5ac500c0351""}",A,NON_SEMANTIC_OCCT_BREP_SERIALIZATION_HASH_INSTABILITY,NO CAD CHANGE; use exact local common-volume equivalence after stable identity checks,RESOLVED_AS_BENIGN_PROVENANCE_HASH_INSTABILITY
SPP-040,PIVOT-CARRIER-2,PIVOT-CARRIER-2,DF8-R2-PIVOT-CARRIER-001,MATCHED DOUBLE-SHEAR PIVOT LUG SET WITH SWEPT BELL-CLEVIS ACCESS AND OBLIQUE STOP-LAND BORES,D,300_TRUE_TRANSFORM_ARM_AND_POWERTRAIN_ASSY,Ti-6Al-4V,MAKE,0.0027069509237137527,300_TRUE_TRANSFORM_ARM_AND_POWERTRAIN_ASSY/332_ARM_2_ASSY,300_TRUE_TRANSFORM_ARM_AND_POWERTRAIN_ASSY/332_ARM_2_ASSY,STINGRAY_I5S_DF8_FINAL_STOWED_MASTER_ASSY/300_TRUE_TRANSFORM_ARM_AND_POWERTRAIN_ASSY/332_ARM_2_ASSY/PIVOT-CARRIER-2__DF8-R2-PIVOT-CARRIER-001__REV_D__MATCHED_DOUBLE-SHEAR_PIVOT_LUG_SET_WITH_SWEPT_BELL-CLEVIS_ACCESS_AND_OBL,STINGRAY_I5S_DF8_FINAL_DEPLOYED_MASTER_ASSY/300_TRUE_TRANSFORM_ARM_AND_POWERTRAIN_ASSY/332_ARM_2_ASSY/PIVOT-CARRIER-2__DF8-R2-PIVOT-CARRIER-001__REV_D__MATCHED_DOUBLE-SHEAR_PIVOT_LUG_SET_WITH_SWEPT_BELL-CLEVIS_ACCESS_AND_OBL,"[[-0.4999999999999998,-0.8660254037844387,0.0,-8.999999999999996],[0.8660254037844387,-0.4999999999999998,0.0,15.588457268119896],[0.0,0.0,1.0,900.0]]","[[-0.4999999999999998,-0.8660254037844387,0.0,-8.999999999999996],[0.8660254037844387,-0.4999999999999998,0.0,15.588457268119896],[0.0,0.0,1.0,900.0]]","{""basis"":""EXACT_COMMON_FULL_VOLUME"",""current_run_serialized_hashes_equal"":true,""current_validator_geometry_basis"":""SERIALIZED_LOCAL_BREP_SHA256"",""deployed_minus_common_mm3"":0.0,""equivalent"":true,""exact_common_error"":"""",""exact_common_status"":""DONE"",""exact_common_volume_mm3"":611.0498699203353,""stowed_minus_common_mm3"":0.0,""symmetric_difference_volume_mm3"":0.0,""volume_tolerance_mm3"":1e-05}","{""deployed_bbox_mm"":{""xmax"":6.5,""xmin"":-6.5,""ymax"":9.000000000001506,""ymin"":-9.000000000001506,""zmax"":8.0,""zmin"":-11.0},""deployed_dimensions_mm"":[13.0,18.000000000003013,19.0],""match"":true,""max_coordinate_delta_mm"":0.0,""max_dimension_delta_mm"":0.0,""stowed_bbox_mm"":{""xmax"":6.5,""xmin"":-6.5,""ymax"":9.000000000001506,""ymin"":-9.000000000001506,""zmax"":8.0,""zmin"":-11.0},""stowed_dimensions_mm"":[13.0,18.000000000003013,19.0],""tolerance_mm"":1e-08}","{""centroid_max_abs_delta_mm"":0.0,""delta_mm3"":0.0,""deployed_volume_mm3"":611.0498699203353,""stowed_volume_mm3"":611.0498699203353,""tolerance_mm3"":1e-05}","{""deployed_surface_type_counts"":{""Cylinder"":58,""Plane"":22},""deployed_topology_counts"":{""edge_count"":468,""face_count"":80,""shell_count"":2,""solid_count"":2,""vertex_count"":936,""wire_count"":86},""deployed_valid_brep"":true,""stowed_surface_type_counts"":{""Cylinder"":58,""Plane"":22},""stowed_topology_counts"":{""edge_count"":468,""face_count"":80,""shell_count"":2,""solid_count"":2,""vertex_count"":936,""wire_count"":86},""stowed_valid_brep"":true,""surface_type_counts_match"":true,""topology_counts_match"":true}","Remain fixed; local geometry, parent, part definition, quantity, attachment, and global transform must remain invariant.","{""deployed_local_brep_sha256"":""1ecbc8636ef56be60321bfb08dbae13b5d0eca1e89b9d59f658defa69445fdd0"",""hashes_equal"":false,""original_exact_local_brep_match"":""False"",""original_status"":""FAIL"",""same_checkpoint_prior_reimport"":{""deployed_local_brep_sha256"":""f3da62704b6b068ff5421d43fbeb2650e9af6018021c244cdb819ef3ef32d4a8"",""exact_common_full_volume_equivalent"":""True"",""exact_common_status"":""DONE"",""hashes_equal"":false,""master_hash_binding"":""work/final_analysis/validation_cycle2/step_text_inspection.json"",""status"":""PASS"",""stowed_local_brep_sha256"":""9fcd488053bed777791b10aeae18731e216374ed73fd1839c19e7a9dc48ca41a""},""stowed_local_brep_sha256"":""59daef4c91deefcf94e04d3725e29953cc978153b63afecc5696b5ac500c0351""}",A,NON_SEMANTIC_OCCT_BREP_SERIALIZATION_HASH_INSTABILITY,NO CAD CHANGE; use exact local common-volume equivalence after stable identity checks,RESOLVED_AS_BENIGN_PROVENANCE_HASH_INSTABILITY
SPP-041,PIVOT-CARRIER-3,PIVOT-CARRIER-3,DF8-R2-PIVOT-CARRIER-001,MATCHED DOUBLE-SHEAR PIVOT LUG SET WITH SWEPT BELL-CLEVIS ACCESS AND OBLIQUE STOP-LAND BORES,D,300_TRUE_TRANSFORM_ARM_AND_POWERTRAIN_ASSY,Ti-6Al-4V,MAKE,0.0027069509237137527,300_TRUE_TRANSFORM_ARM_AND_POWERTRAIN_ASSY/333_ARM_3_ASSY,300_TRUE_TRANSFORM_ARM_AND_POWERTRAIN_ASSY/333_ARM_3_ASSY,STINGRAY_I5S_DF8_FINAL_STOWED_MASTER_ASSY/300_TRUE_TRANSFORM_ARM_AND_POWERTRAIN_ASSY/333_ARM_3_ASSY/PIVOT-CARRIER-3__DF8-R2-PIVOT-CARRIER-001__REV_D__MATCHED_DOUBLE-SHEAR_PIVOT_LUG_SET_WITH_SWEPT_BELL-CLEVIS_ACCESS_AND_OBL,STINGRAY_I5S_DF8_FINAL_DEPLOYED_MASTER_ASSY/300_TRUE_TRANSFORM_ARM_AND_POWERTRAIN_ASSY/333_ARM_3_ASSY/PIVOT-CARRIER-3__DF8-R2-PIVOT-CARRIER-001__REV_D__MATCHED_DOUBLE-SHEAR_PIVOT_LUG_SET_WITH_SWEPT_BELL-CLEVIS_ACCESS_AND_OBL,"[[-0.5000000000000004,0.8660254037844385,0.0,-9.000000000000007],[-0.8660254037844385,-0.5000000000000004,0.0,-15.588457268119893],[0.0,0.0,1.0,900.0]]","[[-0.5000000000000004,0.8660254037844385,0.0,-9.000000000000007],[-0.8660254037844385,-0.5000000000000004,0.0,-15.588457268119893],[0.0,0.0,1.0,900.0]]","{""basis"":""EXACT_COMMON_FULL_VOLUME"",""current_run_serialized_hashes_equal"":true,""current_validator_geometry_basis"":""SERIALIZED_LOCAL_BREP_SHA256"",""deployed_minus_common_mm3"":0.0,""equivalent"":true,""exact_common_error"":"""",""exact_common_status"":""DONE"",""exact_common_volume_mm3"":611.0498699203353,""stowed_minus_common_mm3"":0.0,""symmetric_difference_volume_mm3"":0.0,""volume_tolerance_mm3"":1e-05}","{""deployed_bbox_mm"":{""xmax"":6.5,""xmin"":-6.5,""ymax"":9.000000000001506,""ymin"":-9.000000000001506,""zmax"":8.0,""zmin"":-11.0},""deployed_dimensions_mm"":[13.0,18.000000000003013,19.0],""match"":true,""max_coordinate_delta_mm"":0.0,""max_dimension_delta_mm"":0.0,""stowed_bbox_mm"":{""xmax"":6.5,""xmin"":-6.5,""ymax"":9.000000000001506,""ymin"":-9.000000000001506,""zmax"":8.0,""zmin"":-11.0},""stowed_dimensions_mm"":[13.0,18.000000000003013,19.0],""tolerance_mm"":1e-08}","{""centroid_max_abs_delta_mm"":0.0,""delta_mm3"":0.0,""deployed_volume_mm3"":611.0498699203353,""stowed_volume_mm3"":611.0498699203353,""tolerance_mm3"":1e-05}","{""deployed_surface_type_counts"":{""Cylinder"":58,""Plane"":22},""deployed_topology_counts"":{""edge_count"":468,""face_count"":80,""shell_count"":2,""solid_count"":2,""vertex_count"":936,""wire_count"":86},""deployed_valid_brep"":true,""stowed_surface_type_counts"":{""Cylinder"":58,""Plane"":22},""stowed_topology_counts"":{""edge_count"":468,""face_count"":80,""shell_count"":2,""solid_count"":2,""vertex_count"":936,""wire_count"":86},""stowed_valid_brep"":true,""surface_type_counts_match"":true,""topology_counts_match"":true}","Remain fixed; local geometry, parent, part definition, quantity, attachment, and global transform must remain invariant.","{""deployed_local_brep_sha256"":""1ecbc8636ef56be60321bfb08dbae13b5d0eca1e89b9d59f658defa69445fdd0"",""hashes_equal"":false,""original_exact_local_brep_match"":""False"",""original_status"":""FAIL"",""same_checkpoint_prior_reimport"":{""deployed_local_brep_sha256"":""f3da62704b6b068ff5421d43fbeb2650e9af6018021c244cdb819ef3ef32d4a8"",""exact_common_full_volume_equivalent"":""True"",""exact_common_status"":""DONE"",""hashes_equal"":false,""master_hash_binding"":""work/final_analysis/validation_cycle2/step_text_inspection.json"",""status"":""PASS"",""stowed_local_brep_sha256"":""9fcd488053bed777791b10aeae18731e216374ed73fd1839c19e7a9dc48ca41a""},""stowed_local_brep_sha256"":""59daef4c91deefcf94e04d3725e29953cc978153b63afecc5696b5ac500c0351""}",A,NON_SEMANTIC_OCCT_BREP_SERIALIZATION_HASH_INSTABILITY,NO CAD CHANGE; use exact local common-volume equivalence after stable identity checks,RESOLVED_AS_BENIGN_PROVENANCE_HASH_INSTABILITY
SPP-042,STOW-DOG-1,STOW-DOG-1,DF8-R2-STOW-DOG-001,CAPTIVE RADIAL STOWED-RETENTION DOG WITH TRANSPORT-INHIBIT BORE,B,300_TRUE_TRANSFORM_ARM_AND_POWERTRAIN_ASSY,17-4PH stainless steel,MAKE,0.0007049382892415685,300_TRUE_TRANSFORM_ARM_AND_POWERTRAIN_ASSY/331_ARM_1_ASSY,300_TRUE_TRANSFORM_ARM_AND_POWERTRAIN_ASSY/331_ARM_1_ASSY,STINGRAY_I5S_DF8_FINAL_STOWED_MASTER_ASSY/300_TRUE_TRANSFORM_ARM_AND_POWERTRAIN_ASSY/331_ARM_1_ASSY/STOW-DOG-1__DF8-R2-STOW-DOG-001__REV_B__CAPTIVE_RADIAL_STOWED-RETENTION_DOG_WITH_TRANSPORT-INHIBIT_BORE,STINGRAY_I5S_DF8_FINAL_DEPLOYED_MASTER_ASSY/300_TRUE_TRANSFORM_ARM_AND_POWERTRAIN_ASSY/331_ARM_1_ASSY/STOW-DOG-1__DF8-R2-STOW-DOG-001__REV_B__CAPTIVE_RADIAL_STOWED-RETENTION_DOG_WITH_TRANSPORT-INHIBIT_BORE,"[[1.0,0.0,0.0,17.0],[0.0,1.0,0.0,0.0],[0.0,0.0,1.0,1630.306]]","[[1.0,0.0,0.0,13.5],[0.0,1.0,0.0,0.0],[0.0,0.0,1.0,1630.306]]","{""basis"":""EXACT_COMMON_FULL_VOLUME"",""current_run_serialized_hashes_equal"":true,""current_validator_geometry_basis"":""SERIALIZED_LOCAL_BREP_SHA256"",""deployed_minus_common_mm3"":0.0,""equivalent"":true,""exact_common_error"":"""",""exact_common_status"":""DONE"",""exact_common_volume_mm3"":90.95977925697638,""stowed_minus_common_mm3"":0.0,""symmetric_difference_volume_mm3"":0.0,""volume_tolerance_mm3"":1e-05}","{""deployed_bbox_mm"":{""xmax"":2.0,""xmin"":-2.0,""ymax"":2.2,""ymin"":-2.2,""zmax"":2.75,""zmin"":-2.75},""deployed_dimensions_mm"":[4.0,4.4,5.5],""match"":true,""max_coordinate_delta_mm"":0.0,""max_dimension_delta_mm"":0.0,""stowed_bbox_mm"":{""xmax"":2.0,""xmin"":-2.0,""ymax"":2.2,""ymin"":-2.2,""zmax"":2.75,""zmin"":-2.75},""stowed_dimensions_mm"":[4.0,4.4,5.5],""tolerance_mm"":1e-08}","{""centroid_max_abs_delta_mm"":0.0,""delta_mm3"":0.0,""deployed_volume_mm3"":90.95977925697638,""stowed_volume_mm3"":90.95977925697638,""tolerance_mm3"":1e-05}","{""deployed_surface_type_counts"":{""Cylinder"":1,""Plane"":6},""deployed_topology_counts"":{""edge_count"":30,""face_count"":7,""shell_count"":1,""solid_count"":1,""vertex_count"":60,""wire_count"":9},""deployed_valid_brep"":true,""stowed_surface_type_counts"":{""Cylinder"":1,""Plane"":6},""stowed_topology_counts"":{""edge_count"":30,""face_count"":7,""shell_count"":1,""solid_count"":1,""vertex_count"":60,""wire_count"":9},""stowed_valid_brep"":true,""surface_type_counts_match"":true,""topology_counts_match"":true}",State-specific placement/attachment permitted by RADIAL_GUIDE_AND_RETURN_SPRING; DOF=1 RADIAL TRANSLATION; mechanism track declared=True.,"{""deployed_local_brep_sha256"":""0244f16cca20a30326528a64958f869a4dd26e2c69f655afc4459695aa71e17b"",""hashes_equal"":false,""original_exact_local_brep_match"":""False"",""original_status"":""FAIL"",""same_checkpoint_prior_reimport"":{""deployed_local_brep_sha256"":""0244f16cca20a30326528a64958f869a4dd26e2c69f655afc4459695aa71e17b"",""exact_common_full_volume_equivalent"":""True"",""exact_common_status"":""DONE"",""hashes_equal"":false,""master_hash_binding"":""work/final_analysis/validation_cycle2/step_text_inspection.json"",""status"":""PASS"",""stowed_local_brep_sha256"":""91ba7eea09b774ad177b22506f209bc14429725797f7476dd73ae0074b471f23""},""stowed_local_brep_sha256"":""91ba7eea09b774ad177b22506f209bc14429725797f7476dd73ae0074b471f23""}",B,EXPECTED_CONFIGURATION_TRANSFORM_OR_ATTACHMENT_CHANGE_WITH_NON_SEMANTIC_OCCT_BREP_SERIALIZATION_DIFFERENCE,NO_CAD CHANGE; retain mechanism transform and use local geometric equivalence,RESOLVED_AS_EXPECTED_STATE_SPECIFIC_DIFFERENCE
SPP-043,STOW-DOG-2,STOW-DOG-2,DF8-R2-STOW-DOG-001,CAPTIVE RADIAL STOWED-RETENTION DOG WITH TRANSPORT-INHIBIT BORE,B,300_TRUE_TRANSFORM_ARM_AND_POWERTRAIN_ASSY,17-4PH stainless steel,MAKE,0.0007049382892415685,300_TRUE_TRANSFORM_ARM_AND_POWERTRAIN_ASSY/332_ARM_2_ASSY,300_TRUE_TRANSFORM_ARM_AND_POWERTRAIN_ASSY/332_ARM_2_ASSY,STINGRAY_I5S_DF8_FINAL_STOWED_MASTER_ASSY/300_TRUE_TRANSFORM_ARM_AND_POWERTRAIN_ASSY/332_ARM_2_ASSY/STOW-DOG-2__DF8-R2-STOW-DOG-001__REV_B__CAPTIVE_RADIAL_STOWED-RETENTION_DOG_WITH_TRANSPORT-INHIBIT_BORE,STINGRAY_I5S_DF8_FINAL_DEPLOYED_MASTER_ASSY/300_TRUE_TRANSFORM_ARM_AND_POWERTRAIN_ASSY/332_ARM_2_ASSY/STOW-DOG-2__DF8-R2-STOW-DOG-001__REV_B__CAPTIVE_RADIAL_STOWED-RETENTION_DOG_WITH_TRANSPORT-INHIBIT_BORE,"[[-0.4999999999999998,-0.8660254037844387,0.0,-8.499999999999996],[0.8660254037844387,-0.4999999999999998,0.0,14.722431864335459],[0.0,0.0,1.0,1630.306]]","[[-0.4999999999999998,-0.8660254037844387,0.0,-6.749999999999997],[0.8660254037844387,-0.4999999999999998,0.0,11.691342951089922],[0.0,0.0,1.0,1630.306]]","{""basis"":""EXACT_COMMON_FULL_VOLUME"",""current_run_serialized_hashes_equal"":true,""current_validator_geometry_basis"":""SERIALIZED_LOCAL_BREP_SHA256"",""deployed_minus_common_mm3"":0.0,""equivalent"":true,""exact_common_error"":"""",""exact_common_status"":""DONE"",""exact_common_volume_mm3"":90.95977925697638,""stowed_minus_common_mm3"":0.0,""symmetric_difference_volume_mm3"":0.0,""volume_tolerance_mm3"":1e-05}","{""deployed_bbox_mm"":{""xmax"":2.0,""xmin"":-2.0,""ymax"":2.2,""ymin"":-2.2,""zmax"":2.75,""zmin"":-2.75},""deployed_dimensions_mm"":[4.0,4.4,5.5],""match"":true,""max_coordinate_delta_mm"":0.0,""max_dimension_delta_mm"":0.0,""stowed_bbox_mm"":{""xmax"":2.0,""xmin"":-2.0,""ymax"":2.2,""ymin"":-2.2,""zmax"":2.75,""zmin"":-2.75},""stowed_dimensions_mm"":[4.0,4.4,5.5],""tolerance_mm"":1e-08}","{""centroid_max_abs_delta_mm"":0.0,""delta_mm3"":0.0,""deployed_volume_mm3"":90.95977925697638,""stowed_volume_mm3"":90.95977925697638,""tolerance_mm3"":1e-05}","{""deployed_surface_type_counts"":{""Cylinder"":1,""Plane"":6},""deployed_topology_counts"":{""edge_count"":30,""face_count"":7,""shell_count"":1,""solid_count"":1,""vertex_count"":60,""wire_count"":9},""deployed_valid_brep"":true,""stowed_surface_type_counts"":{""Cylinder"":1,""Plane"":6},""stowed_topology_counts"":{""edge_count"":30,""face_count"":7,""shell_count"":1,""solid_count"":1,""vertex_count"":60,""wire_count"":9},""stowed_valid_brep"":true,""surface_type_counts_match"":true,""topology_counts_match"":true}",State-specific placement/attachment permitted by RADIAL_GUIDE_AND_RETURN_SPRING; DOF=1 RADIAL TRANSLATION; mechanism track declared=True.,"{""deployed_local_brep_sha256"":""0244f16cca20a30326528a64958f869a4dd26e2c69f655afc4459695aa71e17b"",""hashes_equal"":false,""original_exact_local_brep_match"":""False"",""original_status"":""FAIL"",""same_checkpoint_prior_reimport"":{""deployed_local_brep_sha256"":""b86f7114ab2222d47604b051590992cb1fbbdc9bb408d64383cbebd48b96e99c"",""exact_common_full_volume_equivalent"":""True"",""exact_common_status"":""DONE"",""hashes_equal"":false,""master_hash_binding"":""work/final_analysis/validation_cycle2/step_text_inspection.json"",""status"":""PASS"",""stowed_local_brep_sha256"":""91ba7eea09b774ad177b22506f209bc14429725797f7476dd73ae0074b471f23""},""stowed_local_brep_sha256"":""91ba7eea09b774ad177b22506f209bc14429725797f7476dd73ae0074b471f23""}",B,EXPECTED_CONFIGURATION_TRANSFORM_OR_ATTACHMENT_CHANGE_WITH_NON_SEMANTIC_OCCT_BREP_SERIALIZATION_DIFFERENCE,NO_CAD CHANGE; retain mechanism transform and use local geometric equivalence,RESOLVED_AS_EXPECTED_STATE_SPECIFIC_DIFFERENCE
SPP-044,STOW-DOG-3,STOW-DOG-3,DF8-R2-STOW-DOG-001,CAPTIVE RADIAL STOWED-RETENTION DOG WITH TRANSPORT-INHIBIT BORE,B,300_TRUE_TRANSFORM_ARM_AND_POWERTRAIN_ASSY,17-4PH stainless steel,MAKE,0.0007049382892415685,300_TRUE_TRANSFORM_ARM_AND_POWERTRAIN_ASSY/333_ARM_3_ASSY,300_TRUE_TRANSFORM_ARM_AND_POWERTRAIN_ASSY/333_ARM_3_ASSY,STINGRAY_I5S_DF8_FINAL_STOWED_MASTER_ASSY/300_TRUE_TRANSFORM_ARM_AND_POWERTRAIN_ASSY/333_ARM_3_ASSY/STOW-DOG-3__DF8-R2-STOW-DOG-001__REV_B__CAPTIVE_RADIAL_STOWED-RETENTION_DOG_WITH_TRANSPORT-INHIBIT_BORE,STINGRAY_I5S_DF8_FINAL_DEPLOYED_MASTER_ASSY/300_TRUE_TRANSFORM_ARM_AND_POWERTRAIN_ASSY/333_ARM_3_ASSY/STOW-DOG-3__DF8-R2-STOW-DOG-001__REV_B__CAPTIVE_RADIAL_STOWED-RETENTION_DOG_WITH_TRANSPORT-INHIBIT_BORE,"[[-0.5000000000000004,0.8660254037844385,0.0,-8.500000000000007],[-0.8660254037844385,-0.5000000000000004,0.0,-14.722431864335455],[0.0,0.0,1.0,1630.306]]","[[-0.5000000000000004,0.8660254037844385,0.0,-6.750000000000006],[-0.8660254037844385,-0.5000000000000004,0.0,-11.69134295108992],[0.0,0.0,1.0,1630.306]]","{""basis"":""EXACT_COMMON_FULL_VOLUME"",""current_run_serialized_hashes_equal"":true,""current_validator_geometry_basis"":""SERIALIZED_LOCAL_BREP_SHA256"",""deployed_minus_common_mm3"":0.0,""equivalent"":true,""exact_common_error"":"""",""exact_common_status"":""DONE"",""exact_common_volume_mm3"":90.95977925697638,""stowed_minus_common_mm3"":0.0,""symmetric_difference_volume_mm3"":0.0,""volume_tolerance_mm3"":1e-05}","{""deployed_bbox_mm"":{""xmax"":2.0,""xmin"":-2.0,""ymax"":2.2,""ymin"":-2.2,""zmax"":2.75,""zmin"":-2.75},""deployed_dimensions_mm"":[4.0,4.4,5.5],""match"":true,""max_coordinate_delta_mm"":0.0,""max_dimension_delta_mm"":0.0,""stowed_bbox_mm"":{""xmax"":2.0,""xmin"":-2.0,""ymax"":2.2,""ymin"":-2.2,""zmax"":2.75,""zmin"":-2.75},""stowed_dimensions_mm"":[4.0,4.4,5.5],""tolerance_mm"":1e-08}","{""centroid_max_abs_delta_mm"":0.0,""delta_mm3"":0.0,""deployed_volume_mm3"":90.95977925697638,""stowed_volume_mm3"":90.95977925697638,""tolerance_mm3"":1e-05}","{""deployed_surface_type_counts"":{""Cylinder"":1,""Plane"":6},""deployed_topology_counts"":{""edge_count"":30,""face_count"":7,""shell_count"":1,""solid_count"":1,""vertex_count"":60,""wire_count"":9},""deployed_valid_brep"":true,""stowed_surface_type_counts"":{""Cylinder"":1,""Plane"":6},""stowed_topology_counts"":{""edge_count"":30,""face_count"":7,""shell_count"":1,""solid_count"":1,""vertex_count"":60,""wire_count"":9},""stowed_valid_brep"":true,""surface_type_counts_match"":true,""topology_counts_match"":true}",State-specific placement/attachment permitted by RADIAL_GUIDE_AND_RETURN_SPRING; DOF=1 RADIAL TRANSLATION; mechanism track declared=True.,"{""deployed_local_brep_sha256"":""0244f16cca20a30326528a64958f869a4dd26e2c69f655afc4459695aa71e17b"",""hashes_equal"":false,""original_exact_local_brep_match"":""False"",""original_status"":""FAIL"",""same_checkpoint_prior_reimport"":{""deployed_local_brep_sha256"":""b86f7114ab2222d47604b051590992cb1fbbdc9bb408d64383cbebd48b96e99c"",""exact_common_full_volume_equivalent"":""True"",""exact_common_status"":""DONE"",""hashes_equal"":false,""master_hash_binding"":""work/final_analysis/validation_cycle2/step_text_inspection.json"",""status"":""PASS"",""stowed_local_brep_sha256"":""91ba7eea09b774ad177b22506f209bc14429725797f7476dd73ae0074b471f23""},""stowed_local_brep_sha256"":""91ba7eea09b774ad177b22506f209bc14429725797f7476dd73ae0074b471f23""}",B,EXPECTED_CONFIGURATION_TRANSFORM_OR_ATTACHMENT_CHANGE_WITH_NON_SEMANTIC_OCCT_BREP_SERIALIZATION_DIFFERENCE,NO_CAD CHANGE; retain mechanism transform and use local geometric equivalence,RESOLVED_AS_EXPECTED_STATE_SPECIFIC_DIFFERENCE
SPP-045,STOW-DOG-GUIDE-1,STOW-DOG-GUIDE-1,DF8-R2-STOW-DOG-GUIDE-001,FULL-STROKE AFT-RING-MOUNTED STOW-DOG U-GUIDE,A,300_TRUE_TRANSFORM_ARM_AND_POWERTRAIN_ASSY,17-4PH stainless steel,MAKE,0.0005306774018234694,300_TRUE_TRANSFORM_ARM_AND_POWERTRAIN_ASSY/331_ARM_1_ASSY,300_TRUE_TRANSFORM_ARM_AND_POWERTRAIN_ASSY/331_ARM_1_ASSY,STINGRAY_I5S_DF8_FINAL_STOWED_MASTER_ASSY/300_TRUE_TRANSFORM_ARM_AND_POWERTRAIN_ASSY/331_ARM_1_ASSY/STOW-DOG-GUIDE-1__DF8-R2-STOW-DOG-GUIDE-001__REV_A__FULL-STROKE_AFT-RING-MOUNTED_STOW-DOG_U-GUIDE,STINGRAY_I5S_DF8_FINAL_DEPLOYED_MASTER_ASSY/300_TRUE_TRANSFORM_ARM_AND_POWERTRAIN_ASSY/331_ARM_1_ASSY/STOW-DOG-GUIDE-1__DF8-R2-STOW-DOG-GUIDE-001__REV_A__FULL-STROKE_AFT-RING-MOUNTED_STOW-DOG_U-GUIDE,"[[1.0,0.0,0.0,0.0],[0.0,1.0,0.0,0.0],[0.0,0.0,1.0,1630.306]]","[[1.0,0.0,0.0,0.0],[0.0,1.0,0.0,0.0],[0.0,0.0,1.0,1630.306]]","{""basis"":""EXACT_COMMON_FULL_VOLUME"",""current_run_serialized_hashes_equal"":true,""current_validator_geometry_basis"":""SERIALIZED_LOCAL_BREP_SHA256"",""deployed_minus_common_mm3"":0.0,""equivalent"":true,""exact_common_error"":"""",""exact_common_status"":""DONE"",""exact_common_volume_mm3"":68.47450346109297,""stowed_minus_common_mm3"":0.0,""symmetric_difference_volume_mm3"":0.0,""volume_tolerance_mm3"":1e-05}","{""deployed_bbox_mm"":{""xmax"":20.0,""xmin"":10.28,""ymax"":9.54,""ymin"":-2.75,""zmax"":3.694,""zmin"":-3.0},""deployed_dimensions_mm"":[9.72,12.29,6.694],""match"":true,""max_coordinate_delta_mm"":0.0,""max_dimension_delta_mm"":0.0,""stowed_bbox_mm"":{""xmax"":20.0,""xmin"":10.28,""ymax"":9.54,""ymin"":-2.75,""zmax"":3.694,""zmin"":-3.0},""stowed_dimensions_mm"":[9.72,12.29,6.694],""tolerance_mm"":1e-08}","{""centroid_max_abs_delta_mm"":0.0,""delta_mm3"":0.0,""deployed_volume_mm3"":68.47450346109297,""stowed_volume_mm3"":68.47450346109297,""tolerance_mm3"":1e-05}","{""deployed_surface_type_counts"":{""Cylinder"":8,""Plane"":41},""deployed_topology_counts"":{""edge_count"":234,""face_count"":49,""shell_count"":1,""solid_count"":1,""vertex_count"":468,""wire_count"":57},""deployed_valid_brep"":true,""stowed_surface_type_counts"":{""Cylinder"":8,""Plane"":41},""stowed_topology_counts"":{""edge_count"":234,""face_count"":49,""shell_count"":1,""solid_count"":1,""vertex_count"":468,""wire_count"":57},""stowed_valid_brep"":true,""surface_type_counts_match"":true,""topology_counts_match"":true}","Remain fixed; local geometry, parent, part definition, quantity, attachment, and global transform must remain invariant.","{""deployed_local_brep_sha256"":""22a4e6db0890243a7ed4001c5b6ac92ebf19fdec89cbbd7905571a0db5066660"",""hashes_equal"":false,""original_exact_local_brep_match"":""False"",""original_status"":""FAIL"",""same_checkpoint_prior_reimport"":{""deployed_local_brep_sha256"":""22a4e6db0890243a7ed4001c5b6ac92ebf19fdec89cbbd7905571a0db5066660"",""exact_common_full_volume_equivalent"":""True"",""exact_common_status"":""DONE"",""hashes_equal"":false,""master_hash_binding"":""work/final_analysis/validation_cycle2/step_text_inspection.json"",""status"":""PASS"",""stowed_local_brep_sha256"":""26ebf2a2c7c8643b8e8490779b59bcd2965508262e45fc31f59deae912b30239""},""stowed_local_brep_sha256"":""26ebf2a2c7c8643b8e8490779b59bcd2965508262e45fc31f59deae912b30239""}",A,NON_SEMANTIC_OCCT_BREP_SERIALIZATION_HASH_INSTABILITY,NO CAD CHANGE; use exact local common-volume equivalence after stable identity checks,RESOLVED_AS_BENIGN_PROVENANCE_HASH_INSTABILITY
SPP-046,STOW-DOG-GUIDE-2,STOW-DOG-GUIDE-2,DF8-R2-STOW-DOG-GUIDE-001,FULL-STROKE AFT-RING-MOUNTED STOW-DOG U-GUIDE,A,300_TRUE_TRANSFORM_ARM_AND_POWERTRAIN_ASSY,17-4PH stainless steel,MAKE,0.0005306774018234694,300_TRUE_TRANSFORM_ARM_AND_POWERTRAIN_ASSY/332_ARM_2_ASSY,300_TRUE_TRANSFORM_ARM_AND_POWERTRAIN_ASSY/332_ARM_2_ASSY,STINGRAY_I5S_DF8_FINAL_STOWED_MASTER_ASSY/300_TRUE_TRANSFORM_ARM_AND_POWERTRAIN_ASSY/332_ARM_2_ASSY/STOW-DOG-GUIDE-2__DF8-R2-STOW-DOG-GUIDE-001__REV_A__FULL-STROKE_AFT-RING-MOUNTED_STOW-DOG_U-GUIDE,STINGRAY_I5S_DF8_FINAL_DEPLOYED_MASTER_ASSY/300_TRUE_TRANSFORM_ARM_AND_POWERTRAIN_ASSY/332_ARM_2_ASSY/STOW-DOG-GUIDE-2__DF8-R2-STOW-DOG-GUIDE-001__REV_A__FULL-STROKE_AFT-RING-MOUNTED_STOW-DOG_U-GUIDE,"[[-0.4999999999999998,-0.8660254037844387,0.0,0.0],[0.8660254037844387,-0.4999999999999998,0.0,0.0],[0.0,0.0,1.0,1630.306]]","[[-0.4999999999999998,-0.8660254037844387,0.0,0.0],[0.8660254037844387,-0.4999999999999998,0.0,0.0],[0.0,0.0,1.0,1630.306]]","{""basis"":""EXACT_COMMON_FULL_VOLUME"",""current_run_serialized_hashes_equal"":true,""current_validator_geometry_basis"":""SERIALIZED_LOCAL_BREP_SHA256"",""deployed_minus_common_mm3"":0.0,""equivalent"":true,""exact_common_error"":"""",""exact_common_status"":""DONE"",""exact_common_volume_mm3"":68.47450346109297,""stowed_minus_common_mm3"":0.0,""symmetric_difference_volume_mm3"":0.0,""volume_tolerance_mm3"":1e-05}","{""deployed_bbox_mm"":{""xmax"":20.0,""xmin"":10.28,""ymax"":9.54,""ymin"":-2.75,""zmax"":3.694,""zmin"":-3.0},""deployed_dimensions_mm"":[9.72,12.29,6.694],""match"":true,""max_coordinate_delta_mm"":0.0,""max_dimension_delta_mm"":0.0,""stowed_bbox_mm"":{""xmax"":20.0,""xmin"":10.28,""ymax"":9.54,""ymin"":-2.75,""zmax"":3.694,""zmin"":-3.0},""stowed_dimensions_mm"":[9.72,12.29,6.694],""tolerance_mm"":1e-08}","{""centroid_max_abs_delta_mm"":0.0,""delta_mm3"":0.0,""deployed_volume_mm3"":68.47450346109297,""stowed_volume_mm3"":68.47450346109297,""tolerance_mm3"":1e-05}","{""deployed_surface_type_counts"":{""Cylinder"":8,""Plane"":41},""deployed_topology_counts"":{""edge_count"":234,""face_count"":49,""shell_count"":1,""solid_count"":1,""vertex_count"":468,""wire_count"":57},""deployed_valid_brep"":true,""stowed_surface_type_counts"":{""Cylinder"":8,""Plane"":41},""stowed_topology_counts"":{""edge_count"":234,""face_count"":49,""shell_count"":1,""solid_count"":1,""vertex_count"":468,""wire_count"":57},""stowed_valid_brep"":true,""surface_type_counts_match"":true,""topology_counts_match"":true}","Remain fixed; local geometry, parent, part definition, quantity, attachment, and global transform must remain invariant.","{""deployed_local_brep_sha256"":""22a4e6db0890243a7ed4001c5b6ac92ebf19fdec89cbbd7905571a0db5066660"",""hashes_equal"":false,""original_exact_local_brep_match"":""False"",""original_status"":""FAIL"",""same_checkpoint_prior_reimport"":{""deployed_local_brep_sha256"":""1b3b1a4e88c44d9a414f350ec082b632bd50f84c7e272b987ba76588b76d3c7d"",""exact_common_full_volume_equivalent"":""True"",""exact_common_status"":""DONE"",""hashes_equal"":false,""master_hash_binding"":""work/final_analysis/validation_cycle2/step_text_inspection.json"",""status"":""PASS"",""stowed_local_brep_sha256"":""e5da41130200c87f71aaf6f3524a4189ecf7643e80be588fca7b3a26b4f08869""},""stowed_local_brep_sha256"":""26ebf2a2c7c8643b8e8490779b59bcd2965508262e45fc31f59deae912b30239""}",A,NON_SEMANTIC_OCCT_BREP_SERIALIZATION_HASH_INSTABILITY,NO CAD CHANGE; use exact local common-volume equivalence after stable identity checks,RESOLVED_AS_BENIGN_PROVENANCE_HASH_INSTABILITY
SPP-047,STOW-DOG-GUIDE-3,STOW-DOG-GUIDE-3,DF8-R2-STOW-DOG-GUIDE-001,FULL-STROKE AFT-RING-MOUNTED STOW-DOG U-GUIDE,A,300_TRUE_TRANSFORM_ARM_AND_POWERTRAIN_ASSY,17-4PH stainless steel,MAKE,0.0005306774018234694,300_TRUE_TRANSFORM_ARM_AND_POWERTRAIN_ASSY/333_ARM_3_ASSY,300_TRUE_TRANSFORM_ARM_AND_POWERTRAIN_ASSY/333_ARM_3_ASSY,STINGRAY_I5S_DF8_FINAL_STOWED_MASTER_ASSY/300_TRUE_TRANSFORM_ARM_AND_POWERTRAIN_ASSY/333_ARM_3_ASSY/STOW-DOG-GUIDE-3__DF8-R2-STOW-DOG-GUIDE-001__REV_A__FULL-STROKE_AFT-RING-MOUNTED_STOW-DOG_U-GUIDE,STINGRAY_I5S_DF8_FINAL_DEPLOYED_MASTER_ASSY/300_TRUE_TRANSFORM_ARM_AND_POWERTRAIN_ASSY/333_ARM_3_ASSY/STOW-DOG-GUIDE-3__DF8-R2-STOW-DOG-GUIDE-001__REV_A__FULL-STROKE_AFT-RING-MOUNTED_STOW-DOG_U-GUIDE,"[[-0.5000000000000004,0.8660254037844385,0.0,0.0],[-0.8660254037844385,-0.5000000000000004,0.0,0.0],[0.0,0.0,1.0,1630.306]]","[[-0.5000000000000004,0.8660254037844385,0.0,0.0],[-0.8660254037844385,-0.5000000000000004,0.0,0.0],[0.0,0.0,1.0,1630.306]]","{""basis"":""EXACT_COMMON_FULL_VOLUME"",""current_run_serialized_hashes_equal"":true,""current_validator_geometry_basis"":""SERIALIZED_LOCAL_BREP_SHA256"",""deployed_minus_common_mm3"":0.0,""equivalent"":true,""exact_common_error"":"""",""exact_common_status"":""DONE"",""exact_common_volume_mm3"":68.47450346109297,""stowed_minus_common_mm3"":0.0,""symmetric_difference_volume_mm3"":0.0,""volume_tolerance_mm3"":1e-05}","{""deployed_bbox_mm"":{""xmax"":20.0,""xmin"":10.28,""ymax"":9.54,""ymin"":-2.75,""zmax"":3.694,""zmin"":-3.0},""deployed_dimensions_mm"":[9.72,12.29,6.694],""match"":true,""max_coordinate_delta_mm"":0.0,""max_dimension_delta_mm"":0.0,""stowed_bbox_mm"":{""xmax"":20.0,""xmin"":10.28,""ymax"":9.54,""ymin"":-2.75,""zmax"":3.694,""zmin"":-3.0},""stowed_dimensions_mm"":[9.72,12.29,6.694],""tolerance_mm"":1e-08}","{""centroid_max_abs_delta_mm"":0.0,""delta_mm3"":0.0,""deployed_volume_mm3"":68.47450346109297,""stowed_volume_mm3"":68.47450346109297,""tolerance_mm3"":1e-05}","{""deployed_surface_type_counts"":{""Cylinder"":8,""Plane"":41},""deployed_topology_counts"":{""edge_count"":234,""face_count"":49,""shell_count"":1,""solid_count"":1,""vertex_count"":468,""wire_count"":57},""deployed_valid_brep"":true,""stowed_surface_type_counts"":{""Cylinder"":8,""Plane"":41},""stowed_topology_counts"":{""edge_count"":234,""face_count"":49,""shell_count"":1,""solid_count"":1,""vertex_count"":468,""wire_count"":57},""stowed_valid_brep"":true,""surface_type_counts_match"":true,""topology_counts_match"":true}","Remain fixed; local geometry, parent, part definition, quantity, attachment, and global transform must remain invariant.","{""deployed_local_brep_sha256"":""22a4e6db0890243a7ed4001c5b6ac92ebf19fdec89cbbd7905571a0db5066660"",""hashes_equal"":false,""original_exact_local_brep_match"":""False"",""original_status"":""FAIL"",""same_checkpoint_prior_reimport"":{""deployed_local_brep_sha256"":""1b3b1a4e88c44d9a414f350ec082b632bd50f84c7e272b987ba76588b76d3c7d"",""exact_common_full_volume_equivalent"":""True"",""exact_common_status"":""DONE"",""hashes_equal"":false,""master_hash_binding"":""work/final_analysis/validation_cycle2/step_text_inspection.json"",""status"":""PASS"",""stowed_local_brep_sha256"":""e5da41130200c87f71aaf6f3524a4189ecf7643e80be588fca7b3a26b4f08869""},""stowed_local_brep_sha256"":""26ebf2a2c7c8643b8e8490779b59bcd2965508262e45fc31f59deae912b30239""}",A,NON_SEMANTIC_OCCT_BREP_SERIALIZATION_HASH_INSTABILITY,NO CAD CHANGE; use exact local common-volume equivalence after stable identity checks,RESOLVED_AS_BENIGN_PROVENANCE_HASH_INSTABILITY
SPP-048,STOW-DOG-INHIBIT-KEEPER-1,STOW-DOG-INHIBIT-KEEPER-1,DF8-R2-STOW-DOG-INHIBIT-KEEPER-001,CAPTIVE CRESCENT RETAINER FOR TRANSPORT-INHIBIT PIN,A,300_TRUE_TRANSFORM_ARM_AND_POWERTRAIN_ASSY,1.4310 stainless spring steel,MAKE,3.948942128413097e-06,300_TRUE_TRANSFORM_ARM_AND_POWERTRAIN_ASSY/331_ARM_1_ASSY,300_TRUE_TRANSFORM_ARM_AND_POWERTRAIN_ASSY/331_ARM_1_ASSY,STINGRAY_I5S_DF8_FINAL_STOWED_MASTER_ASSY/300_TRUE_TRANSFORM_ARM_AND_POWERTRAIN_ASSY/331_ARM_1_ASSY/STOW-DOG-INHIBIT-KEEPER-1__DF8-R2-STOW-DOG-INHIBIT-KEEPER-001__REV_A__CAPTIVE_CRESCENT_RETAINER_FOR_TRANSPORT-INHIBIT_PIN,STINGRAY_I5S_DF8_FINAL_DEPLOYED_MASTER_ASSY/300_TRUE_TRANSFORM_ARM_AND_POWERTRAIN_ASSY/331_ARM_1_ASSY/STOW-DOG-INHIBIT-KEEPER-1__DF8-R2-STOW-DOG-INHIBIT-KEEPER-001__REV_A__CAPTIVE_CRESCENT_RETAINER_FOR_TRANSPORT-INHIBIT_PIN,"[[1.0,0.0,0.0,17.0],[0.0,1.0,0.0,2.425],[0.0,0.0,1.0,1630.306]]","[[1.0,0.0,0.0,17.0],[0.0,1.0,0.0,8.825],[0.0,0.0,1.0,1630.306]]","{""basis"":""EXACT_COMMON_FULL_VOLUME"",""current_run_serialized_hashes_equal"":true,""current_validator_geometry_basis"":""SERIALIZED_LOCAL_BREP_SHA256"",""deployed_minus_common_mm3"":0.0,""equivalent"":true,""exact_common_error"":"""",""exact_common_status"":""DONE"",""exact_common_volume_mm3"":0.5030499526640528,""stowed_minus_common_mm3"":0.0,""symmetric_difference_volume_mm3"":0.0,""volume_tolerance_mm3"":1e-05}","{""deployed_bbox_mm"":{""xmax"":0.759934207679,""xmin"":-0.8,""ymax"":0.175,""ymin"":-0.175,""zmax"":0.8,""zmin"":-0.8},""deployed_dimensions_mm"":[1.559934207679,0.35,1.6],""match"":true,""max_coordinate_delta_mm"":0.0,""max_dimension_delta_mm"":0.0,""stowed_bbox_mm"":{""xmax"":0.759934207679,""xmin"":-0.8,""ymax"":0.175,""ymin"":-0.175,""zmax"":0.8,""zmin"":-0.8},""stowed_dimensions_mm"":[1.559934207679,0.35,1.6],""tolerance_mm"":1e-08}","{""centroid_max_abs_delta_mm"":0.0,""delta_mm3"":0.0,""deployed_volume_mm3"":0.5030499526640528,""stowed_volume_mm3"":0.5030499526640528,""tolerance_mm3"":1e-05}","{""deployed_surface_type_counts"":{""Cylinder"":4,""Plane"":6},""deployed_topology_counts"":{""edge_count"":48,""face_count"":10,""shell_count"":1,""solid_count"":1,""vertex_count"":96,""wire_count"":10},""deployed_valid_brep"":true,""stowed_surface_type_counts"":{""Cylinder"":4,""Plane"":6},""stowed_topology_counts"":{""edge_count"":48,""face_count"":10,""shell_count"":1,""solid_count"":1,""vertex_count"":96,""wire_count"":10},""stowed_valid_brep"":true,""surface_type_counts_match"":true,""topology_counts_match"":true}",State-specific placement/attachment permitted by EXTERNAL_GROOVE_RETAINER; DOF=1 AXIAL TRANSLATION WITH PARENT PIN; mechanism track declared=True.,"{""deployed_local_brep_sha256"":""aa84ae4ac4d9b45d16d8c53e2661dccd46e1511811b1c16e20e043ea12558e4d"",""hashes_equal"":false,""original_exact_local_brep_match"":""False"",""original_status"":""FAIL"",""same_checkpoint_prior_reimport"":{""deployed_local_brep_sha256"":""aa84ae4ac4d9b45d16d8c53e2661dccd46e1511811b1c16e20e043ea12558e4d"",""exact_common_full_volume_equivalent"":""True"",""exact_common_status"":""DONE"",""hashes_equal"":false,""master_hash_binding"":""work/final_analysis/validation_cycle2/step_text_inspection.json"",""status"":""PASS"",""stowed_local_brep_sha256"":""02ee356007a5449d50f66236cba58f7ba22827124023c0db78bba4c3f6e4a97f""},""stowed_local_brep_sha256"":""02ee356007a5449d50f66236cba58f7ba22827124023c0db78bba4c3f6e4a97f""}",B,EXPECTED_CONFIGURATION_TRANSFORM_OR_ATTACHMENT_CHANGE_WITH_NON_SEMANTIC_OCCT_BREP_SERIALIZATION_DIFFERENCE,NO_CAD CHANGE; retain mechanism transform and use local geometric equivalence,RESOLVED_AS_EXPECTED_STATE_SPECIFIC_DIFFERENCE
SPP-049,STOW-DOG-INHIBIT-KEEPER-2,STOW-DOG-INHIBIT-KEEPER-2,DF8-R2-STOW-DOG-INHIBIT-KEEPER-001,CAPTIVE CRESCENT RETAINER FOR TRANSPORT-INHIBIT PIN,A,300_TRUE_TRANSFORM_ARM_AND_POWERTRAIN_ASSY,1.4310 stainless spring steel,MAKE,3.948942128413097e-06,300_TRUE_TRANSFORM_ARM_AND_POWERTRAIN_ASSY/332_ARM_2_ASSY,300_TRUE_TRANSFORM_ARM_AND_POWERTRAIN_ASSY/332_ARM_2_ASSY,STINGRAY_I5S_DF8_FINAL_STOWED_MASTER_ASSY/300_TRUE_TRANSFORM_ARM_AND_POWERTRAIN_ASSY/332_ARM_2_ASSY/STOW-DOG-INHIBIT-KEEPER-2__DF8-R2-STOW-DOG-INHIBIT-KEEPER-001__REV_A__CAPTIVE_CRESCENT_RETAINER_FOR_TRANSPORT-INHIBIT_PIN,STINGRAY_I5S_DF8_FINAL_DEPLOYED_MASTER_ASSY/300_TRUE_TRANSFORM_ARM_AND_POWERTRAIN_ASSY/332_ARM_2_ASSY/STOW-DOG-INHIBIT-KEEPER-2__DF8-R2-STOW-DOG-INHIBIT-KEEPER-001__REV_A__CAPTIVE_CRESCENT_RETAINER_FOR_TRANSPORT-INHIBIT_PIN,"[[-0.4999999999999998,-0.8660254037844387,0.0,-10.600111604177261],[0.8660254037844387,-0.4999999999999998,0.0,13.50993186433546],[0.0,0.0,1.0,1630.306]]","[[-0.4999999999999998,-0.8660254037844387,0.0,-16.142674188397667],[0.8660254037844387,-0.4999999999999998,0.0,10.30993186433546],[0.0,0.0,1.0,1630.306]]","{""basis"":""EXACT_COMMON_FULL_VOLUME"",""current_run_serialized_hashes_equal"":true,""current_validator_geometry_basis"":""SERIALIZED_LOCAL_BREP_SHA256"",""deployed_minus_common_mm3"":0.0,""equivalent"":true,""exact_common_error"":"""",""exact_common_status"":""DONE"",""exact_common_volume_mm3"":0.5030499526640528,""stowed_minus_common_mm3"":0.0,""symmetric_difference_volume_mm3"":0.0,""volume_tolerance_mm3"":1e-05}","{""deployed_bbox_mm"":{""xmax"":0.759934207679,""xmin"":-0.8,""ymax"":0.175,""ymin"":-0.175,""zmax"":0.8,""zmin"":-0.8},""deployed_dimensions_mm"":[1.559934207679,0.35,1.6],""match"":true,""max_coordinate_delta_mm"":0.0,""max_dimension_delta_mm"":0.0,""stowed_bbox_mm"":{""xmax"":0.759934207679,""xmin"":-0.8,""ymax"":0.175,""ymin"":-0.175,""zmax"":0.8,""zmin"":-0.8},""stowed_dimensions_mm"":[1.559934207679,0.35,1.6],""tolerance_mm"":1e-08}","{""centroid_max_abs_delta_mm"":0.0,""delta_mm3"":0.0,""deployed_volume_mm3"":0.5030499526640528,""stowed_volume_mm3"":0.5030499526640528,""tolerance_mm3"":1e-05}","{""deployed_surface_type_counts"":{""Cylinder"":4,""Plane"":6},""deployed_topology_counts"":{""edge_count"":48,""face_count"":10,""shell_count"":1,""solid_count"":1,""vertex_count"":96,""wire_count"":10},""deployed_valid_brep"":true,""stowed_surface_type_counts"":{""Cylinder"":4,""Plane"":6},""stowed_topology_counts"":{""edge_count"":48,""face_count"":10,""shell_count"":1,""solid_count"":1,""vertex_count"":96,""wire_count"":10},""stowed_valid_brep"":true,""surface_type_counts_match"":true,""topology_counts_match"":true}",State-specific placement/attachment permitted by EXTERNAL_GROOVE_RETAINER; DOF=1 AXIAL TRANSLATION WITH PARENT PIN; mechanism track declared=True.,"{""deployed_local_brep_sha256"":""aa84ae4ac4d9b45d16d8c53e2661dccd46e1511811b1c16e20e043ea12558e4d"",""hashes_equal"":false,""original_exact_local_brep_match"":""False"",""original_status"":""FAIL"",""same_checkpoint_prior_reimport"":{""deployed_local_brep_sha256"":""aa84ae4ac4d9b45d16d8c53e2661dccd46e1511811b1c16e20e043ea12558e4d"",""exact_common_full_volume_equivalent"":""True"",""exact_common_status"":""DONE"",""hashes_equal"":false,""master_hash_binding"":""work/final_analysis/validation_cycle2/step_text_inspection.json"",""status"":""PASS"",""stowed_local_brep_sha256"":""02ee356007a5449d50f66236cba58f7ba22827124023c0db78bba4c3f6e4a97f""},""stowed_local_brep_sha256"":""02ee356007a5449d50f66236cba58f7ba22827124023c0db78bba4c3f6e4a97f""}",B,EXPECTED_CONFIGURATION_TRANSFORM_OR_ATTACHMENT_CHANGE_WITH_NON_SEMANTIC_OCCT_BREP_SERIALIZATION_DIFFERENCE,NO_CAD CHANGE; retain mechanism transform and use local geometric equivalence,RESOLVED_AS_EXPECTED_STATE_SPECIFIC_DIFFERENCE
SPP-050,STOW-DOG-INHIBIT-KEEPER-3,STOW-DOG-INHIBIT-KEEPER-3,DF8-R2-STOW-DOG-INHIBIT-KEEPER-001,CAPTIVE CRESCENT RETAINER FOR TRANSPORT-INHIBIT PIN,A,300_TRUE_TRANSFORM_ARM_AND_POWERTRAIN_ASSY,1.4310 stainless spring steel,MAKE,3.948942128413097e-06,300_TRUE_TRANSFORM_ARM_AND_POWERTRAIN_ASSY/333_ARM_3_ASSY,300_TRUE_TRANSFORM_ARM_AND_POWERTRAIN_ASSY/333_ARM_3_ASSY,STINGRAY_I5S_DF8_FINAL_STOWED_MASTER_ASSY/300_TRUE_TRANSFORM_ARM_AND_POWERTRAIN_ASSY/333_ARM_3_ASSY/STOW-DOG-INHIBIT-KEEPER-3__DF8-R2-STOW-DOG-INHIBIT-KEEPER-001__REV_A__CAPTIVE_CRESCENT_RETAINER_FOR_TRANSPORT-INHIBIT_PIN,STINGRAY_I5S_DF8_FINAL_DEPLOYED_MASTER_ASSY/300_TRUE_TRANSFORM_ARM_AND_POWERTRAIN_ASSY/333_ARM_3_ASSY/STOW-DOG-INHIBIT-KEEPER-3__DF8-R2-STOW-DOG-INHIBIT-KEEPER-001__REV_A__CAPTIVE_CRESCENT_RETAINER_FOR_TRANSPORT-INHIBIT_PIN,"[[-0.5000000000000004,0.8660254037844385,0.0,-6.399888395822744],[-0.8660254037844385,-0.5000000000000004,0.0,-15.934931864335455],[0.0,0.0,1.0,1630.306]]","[[-0.5000000000000004,0.8660254037844385,0.0,-0.8573258116023377],[-0.8660254037844385,-0.5000000000000004,0.0,-19.134931864335456],[0.0,0.0,1.0,1630.306]]","{""basis"":""EXACT_COMMON_FULL_VOLUME"",""current_run_serialized_hashes_equal"":true,""current_validator_geometry_basis"":""SERIALIZED_LOCAL_BREP_SHA256"",""deployed_minus_common_mm3"":0.0,""equivalent"":true,""exact_common_error"":"""",""exact_common_status"":""DONE"",""exact_common_volume_mm3"":0.5030499526640528,""stowed_minus_common_mm3"":0.0,""symmetric_difference_volume_mm3"":0.0,""volume_tolerance_mm3"":1e-05}","{""deployed_bbox_mm"":{""xmax"":0.759934207679,""xmin"":-0.8,""ymax"":0.175,""ymin"":-0.175,""zmax"":0.8,""zmin"":-0.8},""deployed_dimensions_mm"":[1.559934207679,0.35,1.6],""match"":true,""max_coordinate_delta_mm"":0.0,""max_dimension_delta_mm"":0.0,""stowed_bbox_mm"":{""xmax"":0.759934207679,""xmin"":-0.8,""ymax"":0.175,""ymin"":-0.175,""zmax"":0.8,""zmin"":-0.8},""stowed_dimensions_mm"":[1.559934207679,0.35,1.6],""tolerance_mm"":1e-08}","{""centroid_max_abs_delta_mm"":0.0,""delta_mm3"":0.0,""deployed_volume_mm3"":0.5030499526640528,""stowed_volume_mm3"":0.5030499526640528,""tolerance_mm3"":1e-05}","{""deployed_surface_type_counts"":{""Cylinder"":4,""Plane"":6},""deployed_topology_counts"":{""edge_count"":48,""face_count"":10,""shell_count"":1,""solid_count"":1,""vertex_count"":96,""wire_count"":10},""deployed_valid_brep"":true,""stowed_surface_type_counts"":{""Cylinder"":4,""Plane"":6},""stowed_topology_counts"":{""edge_count"":48,""face_count"":10,""shell_count"":1,""solid_count"":1,""vertex_count"":96,""wire_count"":10},""stowed_valid_brep"":true,""surface_type_counts_match"":true,""topology_counts_match"":true}",State-specific placement/attachment permitted by EXTERNAL_GROOVE_RETAINER; DOF=1 AXIAL TRANSLATION WITH PARENT PIN; mechanism track declared=True.,"{""deployed_local_brep_sha256"":""aa84ae4ac4d9b45d16d8c53e2661dccd46e1511811b1c16e20e043ea12558e4d"",""hashes_equal"":false,""original_exact_local_brep_match"":""False"",""original_status"":""FAIL"",""same_checkpoint_prior_reimport"":{""deployed_local_brep_sha256"":""aa84ae4ac4d9b45d16d8c53e2661dccd46e1511811b1c16e20e043ea12558e4d"",""exact_common_full_volume_equivalent"":""True"",""exact_common_status"":""DONE"",""hashes_equal"":false,""master_hash_binding"":""work/final_analysis/validation_cycle2/step_text_inspection.json"",""status"":""PASS"",""stowed_local_brep_sha256"":""02ee356007a5449d50f66236cba58f7ba22827124023c0db78bba4c3f6e4a97f""},""stowed_local_brep_sha256"":""02ee356007a5449d50f66236cba58f7ba22827124023c0db78bba4c3f6e4a97f""}",B,EXPECTED_CONFIGURATION_TRANSFORM_OR_ATTACHMENT_CHANGE_WITH_NON_SEMANTIC_OCCT_BREP_SERIALIZATION_DIFFERENCE,NO_CAD CHANGE; retain mechanism transform and use local geometric equivalence,RESOLVED_AS_EXPECTED_STATE_SPECIFIC_DIFFERENCE
SPP-051,WP04-FIXED-SLEEVE-SCREW-1,WP04-FIXED-SLEEVE-SCREW-1,SSCA-M3-8-A4-BL,"M3 X 8 CAPTIVE SOCKET CAP SCREW, DIN 912",ACCU-CATALOG,500_SPRING_EJECTOR_AFT_CLOSURE_AND_RECOVERY_ASSY,A4-80 stainless steel,BUY,0.0008,500_SPRING_EJECTOR_AFT_CLOSURE_AND_RECOVERY_ASSY/590_MANDATORY_HARDWARE_ASSY,500_SPRING_EJECTOR_AFT_CLOSURE_AND_RECOVERY_ASSY/590_MANDATORY_HARDWARE_ASSY,STINGRAY_I5S_DF8_FINAL_STOWED_MASTER_ASSY/500_SPRING_EJECTOR_AFT_CLOSURE_AND_RECOVERY_ASSY/590_MANDATORY_HARDWARE_ASSY/WP04-FIXED-SLEEVE-SCREW-1__SSCA-M3-8-A4-BL__REV_ACCU-CATALOG__M3_X_8_CAPTIVE_SOCKET_CAP_SCREW_DIN_912,STINGRAY_I5S_DF8_FINAL_DEPLOYED_MASTER_ASSY/500_SPRING_EJECTOR_AFT_CLOSURE_AND_RECOVERY_ASSY/590_MANDATORY_HARDWARE_ASSY/WP04-FIXED-SLEEVE-SCREW-1__SSCA-M3-8-A4-BL__REV_ACCU-CATALOG__M3_X_8_CAPTIVE_SOCKET_CAP_SCREW_DIN_912,"[[1.0,0.0,0.0,12.7],[0.0,1.0,0.0,0.0],[0.0,0.0,1.0,1652.0]]","[[1.0,0.0,0.0,12.7],[0.0,1.0,0.0,0.0],[0.0,0.0,1.0,1652.0]]","{""basis"":""EXACT_COMMON_FULL_VOLUME"",""current_run_serialized_hashes_equal"":true,""current_validator_geometry_basis"":""SERIALIZED_LOCAL_BREP_SHA256"",""deployed_minus_common_mm3"":0.0,""equivalent"":true,""exact_common_error"":"""",""exact_common_status"":""DONE"",""exact_common_volume_mm3"":104.39668630078609,""stowed_minus_common_mm3"":0.0,""symmetric_difference_volume_mm3"":0.0,""volume_tolerance_mm3"":1e-05}","{""deployed_bbox_mm"":{""xmax"":2.75,""xmin"":-2.75,""ymax"":2.75,""ymin"":-2.75,""zmax"":8.0,""zmin"":-3.0},""deployed_dimensions_mm"":[5.5,5.5,11.0],""match"":true,""max_coordinate_delta_mm"":0.0,""max_dimension_delta_mm"":0.0,""stowed_bbox_mm"":{""xmax"":2.75,""xmin"":-2.75,""ymax"":2.75,""ymin"":-2.75,""zmax"":8.0,""zmin"":-3.0},""stowed_dimensions_mm"":[5.5,5.5,11.0],""tolerance_mm"":1e-08}","{""centroid_max_abs_delta_mm"":0.0,""delta_mm3"":0.0,""deployed_volume_mm3"":104.39668630078609,""stowed_volume_mm3"":104.39668630078609,""tolerance_mm3"":1e-05}","{""deployed_surface_type_counts"":{""Cylinder"":3,""Plane"":11},""deployed_topology_counts"":{""edge_count"":54,""face_count"":14,""shell_count"":1,""solid_count"":1,""vertex_count"":108,""wire_count"":17},""deployed_valid_brep"":true,""stowed_surface_type_counts"":{""Cylinder"":3,""Plane"":11},""stowed_topology_counts"":{""edge_count"":54,""face_count"":14,""shell_count"":1,""solid_count"":1,""vertex_count"":108,""wire_count"":17},""stowed_valid_brep"":true,""surface_type_counts_match"":true,""topology_counts_match"":true}","Remain fixed; local geometry, parent, part definition, quantity, attachment, and global transform must remain invariant.","{""deployed_local_brep_sha256"":""9a01872b35b7a5bc476affcfa024ed236a49cabedd7e3e1c93b7ddba54d05b41"",""hashes_equal"":false,""original_exact_local_brep_match"":""False"",""original_status"":""FAIL"",""same_checkpoint_prior_reimport"":{""deployed_local_brep_sha256"":""cd6dae92f36421a9c2f7b2b5f2a02d39b512f2bf5b213d7fe1d6787933e6c6a3"",""exact_common_full_volume_equivalent"":""True"",""exact_common_status"":""DONE"",""hashes_equal"":false,""master_hash_binding"":""work/final_analysis/validation_cycle2/step_text_inspection.json"",""status"":""PASS"",""stowed_local_brep_sha256"":""73037361b9a9c1682b56a64312533dee4f1932cc97204ae1f6a09beecb73150b""},""stowed_local_brep_sha256"":""73037361b9a9c1682b56a64312533dee4f1932cc97204ae1f6a09beecb73150b""}",A,NON_SEMANTIC_OCCT_BREP_SERIALIZATION_HASH_INSTABILITY,NO CAD CHANGE; use exact local common-volume equivalence after stable identity checks,RESOLVED_AS_BENIGN_PROVENANCE_HASH_INSTABILITY
SPP-052,WP04-FIXED-SLEEVE-SCREW-2,WP04-FIXED-SLEEVE-SCREW-2,SSCA-M3-8-A4-BL,"M3 X 8 CAPTIVE SOCKET CAP SCREW, DIN 912",ACCU-CATALOG,500_SPRING_EJECTOR_AFT_CLOSURE_AND_RECOVERY_ASSY,A4-80 stainless steel,BUY,0.0008,500_SPRING_EJECTOR_AFT_CLOSURE_AND_RECOVERY_ASSY/590_MANDATORY_HARDWARE_ASSY,500_SPRING_EJECTOR_AFT_CLOSURE_AND_RECOVERY_ASSY/590_MANDATORY_HARDWARE_ASSY,STINGRAY_I5S_DF8_FINAL_STOWED_MASTER_ASSY/500_SPRING_EJECTOR_AFT_CLOSURE_AND_RECOVERY_ASSY/590_MANDATORY_HARDWARE_ASSY/WP04-FIXED-SLEEVE-SCREW-2__SSCA-M3-8-A4-BL__REV_ACCU-CATALOG__M3_X_8_CAPTIVE_SOCKET_CAP_SCREW_DIN_912,STINGRAY_I5S_DF8_FINAL_DEPLOYED_MASTER_ASSY/500_SPRING_EJECTOR_AFT_CLOSURE_AND_RECOVERY_ASSY/590_MANDATORY_HARDWARE_ASSY/WP04-FIXED-SLEEVE-SCREW-2__SSCA-M3-8-A4-BL__REV_ACCU-CATALOG__M3_X_8_CAPTIVE_SOCKET_CAP_SCREW_DIN_912,"[[1.0,0.0,0.0,-6.349999999999997],[0.0,1.0,0.0,10.998522628062371],[0.0,0.0,1.0,1652.0]]","[[1.0,0.0,0.0,-6.349999999999997],[0.0,1.0,0.0,10.998522628062371],[0.0,0.0,1.0,1652.0]]","{""basis"":""EXACT_COMMON_FULL_VOLUME"",""current_run_serialized_hashes_equal"":true,""current_validator_geometry_basis"":""SERIALIZED_LOCAL_BREP_SHA256"",""deployed_minus_common_mm3"":0.0,""equivalent"":true,""exact_common_error"":"""",""exact_common_status"":""DONE"",""exact_common_volume_mm3"":104.39668630078609,""stowed_minus_common_mm3"":0.0,""symmetric_difference_volume_mm3"":0.0,""volume_tolerance_mm3"":1e-05}","{""deployed_bbox_mm"":{""xmax"":2.75,""xmin"":-2.75,""ymax"":2.75,""ymin"":-2.75,""zmax"":8.0,""zmin"":-3.0},""deployed_dimensions_mm"":[5.5,5.5,11.0],""match"":true,""max_coordinate_delta_mm"":0.0,""max_dimension_delta_mm"":0.0,""stowed_bbox_mm"":{""xmax"":2.75,""xmin"":-2.75,""ymax"":2.75,""ymin"":-2.75,""zmax"":8.0,""zmin"":-3.0},""stowed_dimensions_mm"":[5.5,5.5,11.0],""tolerance_mm"":1e-08}","{""centroid_max_abs_delta_mm"":0.0,""delta_mm3"":0.0,""deployed_volume_mm3"":104.39668630078609,""stowed_volume_mm3"":104.39668630078609,""tolerance_mm3"":1e-05}","{""deployed_surface_type_counts"":{""Cylinder"":3,""Plane"":11},""deployed_topology_counts"":{""edge_count"":54,""face_count"":14,""shell_count"":1,""solid_count"":1,""vertex_count"":108,""wire_count"":17},""deployed_valid_brep"":true,""stowed_surface_type_counts"":{""Cylinder"":3,""Plane"":11},""stowed_topology_counts"":{""edge_count"":54,""face_count"":14,""shell_count"":1,""solid_count"":1,""vertex_count"":108,""wire_count"":17},""stowed_valid_brep"":true,""surface_type_counts_match"":true,""topology_counts_match"":true}","Remain fixed; local geometry, parent, part definition, quantity, attachment, and global transform must remain invariant.","{""deployed_local_brep_sha256"":""9a01872b35b7a5bc476affcfa024ed236a49cabedd7e3e1c93b7ddba54d05b41"",""hashes_equal"":false,""original_exact_local_brep_match"":""False"",""original_status"":""FAIL"",""same_checkpoint_prior_reimport"":{""deployed_local_brep_sha256"":""cd6dae92f36421a9c2f7b2b5f2a02d39b512f2bf5b213d7fe1d6787933e6c6a3"",""exact_common_full_volume_equivalent"":""True"",""exact_common_status"":""DONE"",""hashes_equal"":false,""master_hash_binding"":""work/final_analysis/validation_cycle2/step_text_inspection.json"",""status"":""PASS"",""stowed_local_brep_sha256"":""73037361b9a9c1682b56a64312533dee4f1932cc97204ae1f6a09beecb73150b""},""stowed_local_brep_sha256"":""73037361b9a9c1682b56a64312533dee4f1932cc97204ae1f6a09beecb73150b""}",A,NON_SEMANTIC_OCCT_BREP_SERIALIZATION_HASH_INSTABILITY,NO CAD CHANGE; use exact local common-volume equivalence after stable identity checks,RESOLVED_AS_BENIGN_PROVENANCE_HASH_INSTABILITY
SPP-053,WP04-FIXED-SLEEVE-SCREW-3,WP04-FIXED-SLEEVE-SCREW-3,SSCA-M3-8-A4-BL,"M3 X 8 CAPTIVE SOCKET CAP SCREW, DIN 912",ACCU-CATALOG,500_SPRING_EJECTOR_AFT_CLOSURE_AND_RECOVERY_ASSY,A4-80 stainless steel,BUY,0.0008,500_SPRING_EJECTOR_AFT_CLOSURE_AND_RECOVERY_ASSY/590_MANDATORY_HARDWARE_ASSY,500_SPRING_EJECTOR_AFT_CLOSURE_AND_RECOVERY_ASSY/590_MANDATORY_HARDWARE_ASSY,STINGRAY_I5S_DF8_FINAL_STOWED_MASTER_ASSY/500_SPRING_EJECTOR_AFT_CLOSURE_AND_RECOVERY_ASSY/590_MANDATORY_HARDWARE_ASSY/WP04-FIXED-SLEEVE-SCREW-3__SSCA-M3-8-A4-BL__REV_ACCU-CATALOG__M3_X_8_CAPTIVE_SOCKET_CAP_SCREW_DIN_912,STINGRAY_I5S_DF8_FINAL_DEPLOYED_MASTER_ASSY/500_SPRING_EJECTOR_AFT_CLOSURE_AND_RECOVERY_ASSY/590_MANDATORY_HARDWARE_ASSY/WP04-FIXED-SLEEVE-SCREW-3__SSCA-M3-8-A4-BL__REV_ACCU-CATALOG__M3_X_8_CAPTIVE_SOCKET_CAP_SCREW_DIN_912,"[[1.0,0.0,0.0,-6.350000000000005],[0.0,1.0,0.0,-10.998522628062368],[0.0,0.0,1.0,1652.0]]","[[1.0,0.0,0.0,-6.350000000000005],[0.0,1.0,0.0,-10.998522628062368],[0.0,0.0,1.0,1652.0]]","{""basis"":""EXACT_COMMON_FULL_VOLUME"",""current_run_serialized_hashes_equal"":true,""current_validator_geometry_basis"":""SERIALIZED_LOCAL_BREP_SHA256"",""deployed_minus_common_mm3"":0.0,""equivalent"":true,""exact_common_error"":"""",""exact_common_status"":""DONE"",""exact_common_volume_mm3"":104.39668630078609,""stowed_minus_common_mm3"":0.0,""symmetric_difference_volume_mm3"":0.0,""volume_tolerance_mm3"":1e-05}","{""deployed_bbox_mm"":{""xmax"":2.75,""xmin"":-2.75,""ymax"":2.75,""ymin"":-2.75,""zmax"":8.0,""zmin"":-3.0},""deployed_dimensions_mm"":[5.5,5.5,11.0],""match"":true,""max_coordinate_delta_mm"":0.0,""max_dimension_delta_mm"":0.0,""stowed_bbox_mm"":{""xmax"":2.75,""xmin"":-2.75,""ymax"":2.75,""ymin"":-2.75,""zmax"":8.0,""zmin"":-3.0},""stowed_dimensions_mm"":[5.5,5.5,11.0],""tolerance_mm"":1e-08}","{""centroid_max_abs_delta_mm"":0.0,""delta_mm3"":0.0,""deployed_volume_mm3"":104.39668630078609,""stowed_volume_mm3"":104.39668630078609,""tolerance_mm3"":1e-05}","{""deployed_surface_type_counts"":{""Cylinder"":3,""Plane"":11},""deployed_topology_counts"":{""edge_count"":54,""face_count"":14,""shell_count"":1,""solid_count"":1,""vertex_count"":108,""wire_count"":17},""deployed_valid_brep"":true,""stowed_surface_type_counts"":{""Cylinder"":3,""Plane"":11},""stowed_topology_counts"":{""edge_count"":54,""face_count"":14,""shell_count"":1,""solid_count"":1,""vertex_count"":108,""wire_count"":17},""stowed_valid_brep"":true,""surface_type_counts_match"":true,""topology_counts_match"":true}","Remain fixed; local geometry, parent, part definition, quantity, attachment, and global transform must remain invariant.","{""deployed_local_brep_sha256"":""9a01872b35b7a5bc476affcfa024ed236a49cabedd7e3e1c93b7ddba54d05b41"",""hashes_equal"":false,""original_exact_local_brep_match"":""False"",""original_status"":""FAIL"",""same_checkpoint_prior_reimport"":{""deployed_local_brep_sha256"":""cd6dae92f36421a9c2f7b2b5f2a02d39b512f2bf5b213d7fe1d6787933e6c6a3"",""exact_common_full_volume_equivalent"":""True"",""exact_common_status"":""DONE"",""hashes_equal"":false,""master_hash_binding"":""work/final_analysis/validation_cycle2/step_text_inspection.json"",""status"":""PASS"",""stowed_local_brep_sha256"":""73037361b9a9c1682b56a64312533dee4f1932cc97204ae1f6a09beecb73150b""},""stowed_local_brep_sha256"":""73037361b9a9c1682b56a64312533dee4f1932cc97204ae1f6a09beecb73150b""}",A,NON_SEMANTIC_OCCT_BREP_SERIALIZATION_HASH_INSTABILITY,NO CAD CHANGE; use exact local common-volume equivalence after stable identity checks,RESOLVED_AS_BENIGN_PROVENANCE_HASH_INSTABILITY
SPP-054,WP04-FOLLOWER-001,WP04-FOLLOWER-001,WP04-FOL-001-R2,CAPTIVE PEEK FOLLOWER WITH THREE GUIDE SLOTS,A,500_SPRING_EJECTOR_AFT_CLOSURE_AND_RECOVERY_ASSY,PEEK,MAKE,0.005580906526629483,500_SPRING_EJECTOR_AFT_CLOSURE_AND_RECOVERY_ASSY,500_SPRING_EJECTOR_AFT_CLOSURE_AND_RECOVERY_ASSY,STINGRAY_I5S_DF8_FINAL_STOWED_MASTER_ASSY/500_SPRING_EJECTOR_AFT_CLOSURE_AND_RECOVERY_ASSY/WP04-FOLLOWER-001__WP04-FOL-001-R2__REV_A__CAPTIVE_PEEK_FOLLOWER_WITH_THREE_GUIDE_SLOTS,STINGRAY_I5S_DF8_FINAL_DEPLOYED_MASTER_ASSY/500_SPRING_EJECTOR_AFT_CLOSURE_AND_RECOVERY_ASSY/WP04-FOLLOWER-001__WP04-FOL-001-R2__REV_A__CAPTIVE_PEEK_FOLLOWER_WITH_THREE_GUIDE_SLOTS,"[[1.0,0.0,0.0,0.0],[0.0,1.0,0.0,0.0],[0.0,0.0,1.0,1745.0]]","[[1.0,0.0,0.0,0.0],[0.0,1.0,0.0,0.0],[0.0,0.0,1.0,1830.0]]","{""basis"":""EXACT_COMMON_FULL_VOLUME"",""current_run_serialized_hashes_equal"":true,""current_validator_geometry_basis"":""SERIALIZED_LOCAL_BREP_SHA256"",""deployed_minus_common_mm3"":0.0,""equivalent"":true,""exact_common_error"":"""",""exact_common_status"":""DONE"",""exact_common_volume_mm3"":4227.959489870898,""stowed_minus_common_mm3"":0.0,""symmetric_difference_volume_mm3"":0.0,""volume_tolerance_mm3"":1e-05}","{""deployed_bbox_mm"":{""xmax"":22.2,""xmin"":-22.140381394382985,""ymax"":22.2,""ymin"":-20.50829100632196,""zmax"":2.5,""zmin"":-2.5},""deployed_dimensions_mm"":[44.34038139438299,42.70829100632196,5.0],""match"":true,""max_coordinate_delta_mm"":0.0,""max_dimension_delta_mm"":0.0,""stowed_bbox_mm"":{""xmax"":22.2,""xmin"":-22.140381394382985,""ymax"":22.2,""ymin"":-20.50829100632196,""zmax"":2.5,""zmin"":-2.5},""stowed_dimensions_mm"":[44.34038139438299,42.70829100632196,5.0],""tolerance_mm"":1e-08}","{""centroid_max_abs_delta_mm"":0.0,""delta_mm3"":0.0,""deployed_volume_mm3"":4227.959489870898,""stowed_volume_mm3"":4227.959489870898,""tolerance_mm3"":1e-05}","{""deployed_surface_type_counts"":{""Cylinder"":14,""Plane"":26},""deployed_topology_counts"":{""edge_count"":228,""face_count"":40,""shell_count"":1,""solid_count"":1,""vertex_count"":456,""wire_count"":48},""deployed_valid_brep"":true,""stowed_surface_type_counts"":{""Cylinder"":14,""Plane"":26},""stowed_topology_counts"":{""edge_count"":228,""face_count"":40,""shell_count"":1,""solid_count"":1,""vertex_count"":456,""wire_count"":48},""stowed_valid_brep"":true,""surface_type_counts_match"":true,""topology_counts_match"":true}",State-specific placement/attachment permitted by THREE_RAIL_GUIDED_TRANSLATION; DOF=1 AXIAL TRANSLATION 85 MM; mechanism track declared=True.,"{""deployed_local_brep_sha256"":""ea6c4de8d11e83a5e4d16b84cac75be2705204116fbd433f588d4c8776034020"",""hashes_equal"":false,""original_exact_local_brep_match"":""False"",""original_status"":""FAIL"",""same_checkpoint_prior_reimport"":{""deployed_local_brep_sha256"":""ea6c4de8d11e83a5e4d16b84cac75be2705204116fbd433f588d4c8776034020"",""exact_common_full_volume_equivalent"":""True"",""exact_common_status"":""DONE"",""hashes_equal"":false,""master_hash_binding"":""work/final_analysis/validation_cycle2/step_text_inspection.json"",""status"":""PASS"",""stowed_local_brep_sha256"":""c810d8fdec5024645ba2c1f4a8e48c452c39433f526ea84ef3b130b00e87942b""},""stowed_local_brep_sha256"":""c810d8fdec5024645ba2c1f4a8e48c452c39433f526ea84ef3b130b00e87942b""}",B,EXPECTED_CONFIGURATION_TRANSFORM_OR_ATTACHMENT_CHANGE_WITH_NON_SEMANTIC_OCCT_BREP_SERIALIZATION_DIFFERENCE,NO_CAD CHANGE; retain mechanism transform and use local geometric equivalence,RESOLVED_AS_EXPECTED_STATE_SPECIFIC_DIFFERENCE
SPP-055,WP04-LATCH-SCREW-1,WP04-LATCH-SCREW-1,SSCA-M3-8-A4-BL,"M3 X 8 CAPTIVE SOCKET CAP SCREW, DIN 912",ACCU-CATALOG,500_SPRING_EJECTOR_AFT_CLOSURE_AND_RECOVERY_ASSY,A4-80 stainless steel,BUY,0.0008,500_SPRING_EJECTOR_AFT_CLOSURE_AND_RECOVERY_ASSY/590_MANDATORY_HARDWARE_ASSY,500_SPRING_EJECTOR_AFT_CLOSURE_AND_RECOVERY_ASSY/590_MANDATORY_HARDWARE_ASSY,STINGRAY_I5S_DF8_FINAL_STOWED_MASTER_ASSY/500_SPRING_EJECTOR_AFT_CLOSURE_AND_RECOVERY_ASSY/590_MANDATORY_HARDWARE_ASSY/WP04-LATCH-SCREW-1__SSCA-M3-8-A4-BL__REV_ACCU-CATALOG__M3_X_8_CAPTIVE_SOCKET_CAP_SCREW_DIN_912,STINGRAY_I5S_DF8_FINAL_DEPLOYED_MASTER_ASSY/500_SPRING_EJECTOR_AFT_CLOSURE_AND_RECOVERY_ASSY/590_MANDATORY_HARDWARE_ASSY/WP04-LATCH-SCREW-1__SSCA-M3-8-A4-BL__REV_ACCU-CATALOG__M3_X_8_CAPTIVE_SOCKET_CAP_SCREW_DIN_912,"[[-2.220446049250313e-16,-1.0,-1.2246467991473532e-16,-6.000000000000005],[-1.0,2.220446049250313e-16,2.719262146893782e-32,-23.2],[0.0,1.2246467991473532e-16,-1.0,1744.0]]","[[-2.220446049250313e-16,-1.0,-1.2246467991473532e-16,-6.000000000000005],[-1.0,2.220446049250313e-16,2.719262146893782e-32,-23.2],[0.0,1.2246467991473532e-16,-1.0,1744.0]]","{""basis"":""EXACT_COMMON_FULL_VOLUME"",""current_run_serialized_hashes_equal"":true,""current_validator_geometry_basis"":""SERIALIZED_LOCAL_BREP_SHA256"",""deployed_minus_common_mm3"":0.0,""equivalent"":true,""exact_common_error"":"""",""exact_common_status"":""DONE"",""exact_common_volume_mm3"":104.39668630078609,""stowed_minus_common_mm3"":0.0,""symmetric_difference_volume_mm3"":0.0,""volume_tolerance_mm3"":1e-05}","{""deployed_bbox_mm"":{""xmax"":2.75,""xmin"":-2.75,""ymax"":2.75,""ymin"":-2.75,""zmax"":8.0,""zmin"":-3.0},""deployed_dimensions_mm"":[5.5,5.5,11.0],""match"":true,""max_coordinate_delta_mm"":0.0,""max_dimension_delta_mm"":0.0,""stowed_bbox_mm"":{""xmax"":2.75,""xmin"":-2.75,""ymax"":2.75,""ymin"":-2.75,""zmax"":8.0,""zmin"":-3.0},""stowed_dimensions_mm"":[5.5,5.5,11.0],""tolerance_mm"":1e-08}","{""centroid_max_abs_delta_mm"":0.0,""delta_mm3"":0.0,""deployed_volume_mm3"":104.39668630078609,""stowed_volume_mm3"":104.39668630078609,""tolerance_mm3"":1e-05}","{""deployed_surface_type_counts"":{""Cylinder"":3,""Plane"":11},""deployed_topology_counts"":{""edge_count"":54,""face_count"":14,""shell_count"":1,""solid_count"":1,""vertex_count"":108,""wire_count"":17},""deployed_valid_brep"":true,""stowed_surface_type_counts"":{""Cylinder"":3,""Plane"":11},""stowed_topology_counts"":{""edge_count"":54,""face_count"":14,""shell_count"":1,""solid_count"":1,""vertex_count"":108,""wire_count"":17},""stowed_valid_brep"":true,""surface_type_counts_match"":true,""topology_counts_match"":true}","Remain fixed; local geometry, parent, part definition, quantity, attachment, and global transform must remain invariant.","{""deployed_local_brep_sha256"":""9a01872b35b7a5bc476affcfa024ed236a49cabedd7e3e1c93b7ddba54d05b41"",""hashes_equal"":false,""original_exact_local_brep_match"":""False"",""original_status"":""FAIL"",""same_checkpoint_prior_reimport"":{""deployed_local_brep_sha256"":""cd6dae92f36421a9c2f7b2b5f2a02d39b512f2bf5b213d7fe1d6787933e6c6a3"",""exact_common_full_volume_equivalent"":""True"",""exact_common_status"":""DONE"",""hashes_equal"":false,""master_hash_binding"":""work/final_analysis/validation_cycle2/step_text_inspection.json"",""status"":""PASS"",""stowed_local_brep_sha256"":""73037361b9a9c1682b56a64312533dee4f1932cc97204ae1f6a09beecb73150b""},""stowed_local_brep_sha256"":""73037361b9a9c1682b56a64312533dee4f1932cc97204ae1f6a09beecb73150b""}",A,NON_SEMANTIC_OCCT_BREP_SERIALIZATION_HASH_INSTABILITY,NO CAD CHANGE; use exact local common-volume equivalence after stable identity checks,RESOLVED_AS_BENIGN_PROVENANCE_HASH_INSTABILITY
SPP-056,WP04-LATCH-SCREW-2,WP04-LATCH-SCREW-2,SSCA-M3-8-A4-BL,"M3 X 8 CAPTIVE SOCKET CAP SCREW, DIN 912",ACCU-CATALOG,500_SPRING_EJECTOR_AFT_CLOSURE_AND_RECOVERY_ASSY,A4-80 stainless steel,BUY,0.0008,500_SPRING_EJECTOR_AFT_CLOSURE_AND_RECOVERY_ASSY/590_MANDATORY_HARDWARE_ASSY,500_SPRING_EJECTOR_AFT_CLOSURE_AND_RECOVERY_ASSY/590_MANDATORY_HARDWARE_ASSY,STINGRAY_I5S_DF8_FINAL_STOWED_MASTER_ASSY/500_SPRING_EJECTOR_AFT_CLOSURE_AND_RECOVERY_ASSY/590_MANDATORY_HARDWARE_ASSY/WP04-LATCH-SCREW-2__SSCA-M3-8-A4-BL__REV_ACCU-CATALOG__M3_X_8_CAPTIVE_SOCKET_CAP_SCREW_DIN_912,STINGRAY_I5S_DF8_FINAL_DEPLOYED_MASTER_ASSY/500_SPRING_EJECTOR_AFT_CLOSURE_AND_RECOVERY_ASSY/590_MANDATORY_HARDWARE_ASSY/WP04-LATCH-SCREW-2__SSCA-M3-8-A4-BL__REV_ACCU-CATALOG__M3_X_8_CAPTIVE_SOCKET_CAP_SCREW_DIN_912,"[[-2.220446049250313e-16,-1.0,-1.2246467991473532e-16,5.999999999999995],[-1.0,2.220446049250313e-16,2.719262146893782e-32,-23.200000000000003],[0.0,1.2246467991473532e-16,-1.0,1744.0]]","[[-2.220446049250313e-16,-1.0,-1.2246467991473532e-16,5.999999999999995],[-1.0,2.220446049250313e-16,2.719262146893782e-32,-23.200000000000003],[0.0,1.2246467991473532e-16,-1.0,1744.0]]","{""basis"":""EXACT_COMMON_FULL_VOLUME"",""current_run_serialized_hashes_equal"":true,""current_validator_geometry_basis"":""SERIALIZED_LOCAL_BREP_SHA256"",""deployed_minus_common_mm3"":0.0,""equivalent"":true,""exact_common_error"":"""",""exact_common_status"":""DONE"",""exact_common_volume_mm3"":104.39668630078609,""stowed_minus_common_mm3"":0.0,""symmetric_difference_volume_mm3"":0.0,""volume_tolerance_mm3"":1e-05}","{""deployed_bbox_mm"":{""xmax"":2.75,""xmin"":-2.75,""ymax"":2.75,""ymin"":-2.75,""zmax"":8.0,""zmin"":-3.0},""deployed_dimensions_mm"":[5.5,5.5,11.0],""match"":true,""max_coordinate_delta_mm"":0.0,""max_dimension_delta_mm"":0.0,""stowed_bbox_mm"":{""xmax"":2.75,""xmin"":-2.75,""ymax"":2.75,""ymin"":-2.75,""zmax"":8.0,""zmin"":-3.0},""stowed_dimensions_mm"":[5.5,5.5,11.0],""tolerance_mm"":1e-08}","{""centroid_max_abs_delta_mm"":0.0,""delta_mm3"":0.0,""deployed_volume_mm3"":104.39668630078609,""stowed_volume_mm3"":104.39668630078609,""tolerance_mm3"":1e-05}","{""deployed_surface_type_counts"":{""Cylinder"":3,""Plane"":11},""deployed_topology_counts"":{""edge_count"":54,""face_count"":14,""shell_count"":1,""solid_count"":1,""vertex_count"":108,""wire_count"":17},""deployed_valid_brep"":true,""stowed_surface_type_counts"":{""Cylinder"":3,""Plane"":11},""stowed_topology_counts"":{""edge_count"":54,""face_count"":14,""shell_count"":1,""solid_count"":1,""vertex_count"":108,""wire_count"":17},""stowed_valid_brep"":true,""surface_type_counts_match"":true,""topology_counts_match"":true}","Remain fixed; local geometry, parent, part definition, quantity, attachment, and global transform must remain invariant.","{""deployed_local_brep_sha256"":""9a01872b35b7a5bc476affcfa024ed236a49cabedd7e3e1c93b7ddba54d05b41"",""hashes_equal"":false,""original_exact_local_brep_match"":""False"",""original_status"":""FAIL"",""same_checkpoint_prior_reimport"":{""deployed_local_brep_sha256"":""cd6dae92f36421a9c2f7b2b5f2a02d39b512f2bf5b213d7fe1d6787933e6c6a3"",""exact_common_full_volume_equivalent"":""True"",""exact_common_status"":""DONE"",""hashes_equal"":false,""master_hash_binding"":""work/final_analysis/validation_cycle2/step_text_inspection.json"",""status"":""PASS"",""stowed_local_brep_sha256"":""73037361b9a9c1682b56a64312533dee4f1932cc97204ae1f6a09beecb73150b""},""stowed_local_brep_sha256"":""73037361b9a9c1682b56a64312533dee4f1932cc97204ae1f6a09beecb73150b""}",A,NON_SEMANTIC_OCCT_BREP_SERIALIZATION_HASH_INSTABILITY,NO CAD CHANGE; use exact local common-volume equivalence after stable identity checks,RESOLVED_AS_BENIGN_PROVENANCE_HASH_INSTABILITY
SPP-057,WP04-MOVING-SLEEVE,WP04-MOVING-SLEEVE,WP04-MOVING-GUIDE-SLEEVE-R2,FOLLOWER-MOUNTED INNER TELESCOPING SPRING GUIDE SLEEVE,C,500_SPRING_EJECTOR_AFT_CLOSURE_AND_RECOVERY_ASSY,PEEK,MAKE,0.006847632557480384,500_SPRING_EJECTOR_AFT_CLOSURE_AND_RECOVERY_ASSY,500_SPRING_EJECTOR_AFT_CLOSURE_AND_RECOVERY_ASSY,STINGRAY_I5S_DF8_FINAL_STOWED_MASTER_ASSY/500_SPRING_EJECTOR_AFT_CLOSURE_AND_RECOVERY_ASSY/WP04-MOVING-SLEEVE__WP04-MOVING-GUIDE-SLEEVE-R2__REV_C__FOLLOWER-MOUNTED_INNER_TELESCOPING_SPRING_GUIDE_SLEEVE,STINGRAY_I5S_DF8_FINAL_DEPLOYED_MASTER_ASSY/500_SPRING_EJECTOR_AFT_CLOSURE_AND_RECOVERY_ASSY/WP04-MOVING-SLEEVE__WP04-MOVING-GUIDE-SLEEVE-R2__REV_C__FOLLOWER-MOUNTED_INNER_TELESCOPING_SPRING_GUIDE_SLEEVE,"[[1.0,0.0,0.0,0.0],[0.0,1.0,0.0,0.0],[0.0,0.0,1.0,1647.0]]","[[1.0,0.0,0.0,0.0],[0.0,1.0,0.0,0.0],[0.0,0.0,1.0,1732.0]]","{""basis"":""EXACT_COMMON_FULL_VOLUME"",""current_run_serialized_hashes_equal"":true,""current_validator_geometry_basis"":""SERIALIZED_LOCAL_BREP_SHA256"",""deployed_minus_common_mm3"":0.0,""equivalent"":true,""exact_common_error"":"""",""exact_common_status"":""DONE"",""exact_common_volume_mm3"":5187.600422333771,""stowed_minus_common_mm3"":0.0,""symmetric_difference_volume_mm3"":0.0,""volume_tolerance_mm3"":1e-05}","{""deployed_bbox_mm"":{""xmax"":17.0,""xmin"":-17.0,""ymax"":17.0,""ymin"":-17.0,""zmax"":103.5,""zmin"":0.0},""deployed_dimensions_mm"":[34.0,34.0,103.5],""match"":true,""max_coordinate_delta_mm"":0.0,""max_dimension_delta_mm"":0.0,""stowed_bbox_mm"":{""xmax"":17.0,""xmin"":-17.0,""ymax"":17.0,""ymin"":-17.0,""zmax"":103.5,""zmin"":0.0},""stowed_dimensions_mm"":[34.0,34.0,103.5],""tolerance_mm"":1e-08}","{""centroid_max_abs_delta_mm"":0.0,""delta_mm3"":0.0,""deployed_volume_mm3"":5187.600422333771,""stowed_volume_mm3"":5187.600422333771,""tolerance_mm3"":1e-05}","{""deployed_surface_type_counts"":{""Cone"":3,""Cylinder"":12,""Plane"":5},""deployed_topology_counts"":{""edge_count"":76,""face_count"":20,""shell_count"":1,""solid_count"":1,""vertex_count"":152,""wire_count"":31},""deployed_valid_brep"":true,""stowed_surface_type_counts"":{""Cone"":3,""Cylinder"":12,""Plane"":5},""stowed_topology_counts"":{""edge_count"":76,""face_count"":20,""shell_count"":1,""solid_count"":1,""vertex_count"":152,""wire_count"":31},""stowed_valid_brep"":true,""surface_type_counts_match"":true,""topology_counts_match"":true}",State-specific placement/attachment permitted by PILOTED_IN_FOLLOWER; DOF=0; mechanism track declared=True.,"{""deployed_local_brep_sha256"":""5f1368e9bd00ee92c23fd01a0a208bfdf38f5a76ae2f808fcfe20a23c257f6e2"",""hashes_equal"":false,""original_exact_local_brep_match"":""False"",""original_status"":""FAIL"",""same_checkpoint_prior_reimport"":{""deployed_local_brep_sha256"":""5f1368e9bd00ee92c23fd01a0a208bfdf38f5a76ae2f808fcfe20a23c257f6e2"",""exact_common_full_volume_equivalent"":""True"",""exact_common_status"":""DONE"",""hashes_equal"":false,""master_hash_binding"":""work/final_analysis/validation_cycle2/step_text_inspection.json"",""status"":""PASS"",""stowed_local_brep_sha256"":""803462aff3c1937d9ffb844a95e6862b95de98d1df4dd2b51aec87f709e1b57c""},""stowed_local_brep_sha256"":""803462aff3c1937d9ffb844a95e6862b95de98d1df4dd2b51aec87f709e1b57c""}",B,EXPECTED_CONFIGURATION_TRANSFORM_OR_ATTACHMENT_CHANGE_WITH_NON_SEMANTIC_OCCT_BREP_SERIALIZATION_DIFFERENCE,NO_CAD CHANGE; retain mechanism transform and use local geometric equivalence,RESOLVED_AS_EXPECTED_STATE_SPECIFIC_DIFFERENCE
SPP-058,WP04-MOVING-SLEEVE-SCREW-1,WP04-MOVING-SLEEVE-SCREW-1,SSCA-M3-8-A4-BL,"M3 X 8 CAPTIVE SOCKET CAP SCREW, DIN 912",ACCU-CATALOG,500_SPRING_EJECTOR_AFT_CLOSURE_AND_RECOVERY_ASSY,A4-80 stainless steel,BUY,0.0008,500_SPRING_EJECTOR_AFT_CLOSURE_AND_RECOVERY_ASSY/590_MANDATORY_HARDWARE_ASSY,500_SPRING_EJECTOR_AFT_CLOSURE_AND_RECOVERY_ASSY/590_MANDATORY_HARDWARE_ASSY,STINGRAY_I5S_DF8_FINAL_STOWED_MASTER_ASSY/500_SPRING_EJECTOR_AFT_CLOSURE_AND_RECOVERY_ASSY/590_MANDATORY_HARDWARE_ASSY/WP04-MOVING-SLEEVE-SCREW-1__SSCA-M3-8-A4-BL__REV_ACCU-CATALOG__M3_X_8_CAPTIVE_SOCKET_CAP_SCREW_DIN_912,STINGRAY_I5S_DF8_FINAL_DEPLOYED_MASTER_ASSY/500_SPRING_EJECTOR_AFT_CLOSURE_AND_RECOVERY_ASSY/590_MANDATORY_HARDWARE_ASSY/WP04-MOVING-SLEEVE-SCREW-1__SSCA-M3-8-A4-BL__REV_ACCU-CATALOG__M3_X_8_CAPTIVE_SOCKET_CAP_SCREW_DIN_912,"[[1.0,0.0,0.0,7.500000000000002],[0.0,1.0,0.0,12.990381056766578],[0.0,0.0,1.0,1742.5]]","[[1.0,0.0,0.0,7.500000000000002],[0.0,1.0,0.0,12.990381056766578],[0.0,0.0,1.0,1827.5]]","{""basis"":""EXACT_COMMON_FULL_VOLUME"",""current_run_serialized_hashes_equal"":true,""current_validator_geometry_basis"":""SERIALIZED_LOCAL_BREP_SHA256"",""deployed_minus_common_mm3"":0.0,""equivalent"":true,""exact_common_error"":"""",""exact_common_status"":""DONE"",""exact_common_volume_mm3"":104.39668630078609,""stowed_minus_common_mm3"":0.0,""symmetric_difference_volume_mm3"":0.0,""volume_tolerance_mm3"":1e-05}","{""deployed_bbox_mm"":{""xmax"":2.75,""xmin"":-2.75,""ymax"":2.75,""ymin"":-2.75,""zmax"":8.0,""zmin"":-3.0},""deployed_dimensions_mm"":[5.5,5.5,11.0],""match"":true,""max_coordinate_delta_mm"":0.0,""max_dimension_delta_mm"":0.0,""stowed_bbox_mm"":{""xmax"":2.75,""xmin"":-2.75,""ymax"":2.75,""ymin"":-2.75,""zmax"":8.0,""zmin"":-3.0},""stowed_dimensions_mm"":[5.5,5.5,11.0],""tolerance_mm"":1e-08}","{""centroid_max_abs_delta_mm"":0.0,""delta_mm3"":0.0,""deployed_volume_mm3"":104.39668630078609,""stowed_volume_mm3"":104.39668630078609,""tolerance_mm3"":1e-05}","{""deployed_surface_type_counts"":{""Cylinder"":3,""Plane"":11},""deployed_topology_counts"":{""edge_count"":54,""face_count"":14,""shell_count"":1,""solid_count"":1,""vertex_count"":108,""wire_count"":17},""deployed_valid_brep"":true,""stowed_surface_type_counts"":{""Cylinder"":3,""Plane"":11},""stowed_topology_counts"":{""edge_count"":54,""face_count"":14,""shell_count"":1,""solid_count"":1,""vertex_count"":108,""wire_count"":17},""stowed_valid_brep"":true,""surface_type_counts_match"":true,""topology_counts_match"":true}",State-specific placement/attachment permitted by CAPTIVE_SCREW_RIGID_WITH_FOLLOWER; DOF=RIGID_WITH_PARENT; mechanism track declared=True.,"{""deployed_local_brep_sha256"":""9a01872b35b7a5bc476affcfa024ed236a49cabedd7e3e1c93b7ddba54d05b41"",""hashes_equal"":false,""original_exact_local_brep_match"":""False"",""original_status"":""FAIL"",""same_checkpoint_prior_reimport"":{""deployed_local_brep_sha256"":""cd6dae92f36421a9c2f7b2b5f2a02d39b512f2bf5b213d7fe1d6787933e6c6a3"",""exact_common_full_volume_equivalent"":""True"",""exact_common_status"":""DONE"",""hashes_equal"":false,""master_hash_binding"":""work/final_analysis/validation_cycle2/step_text_inspection.json"",""status"":""PASS"",""stowed_local_brep_sha256"":""73037361b9a9c1682b56a64312533dee4f1932cc97204ae1f6a09beecb73150b""},""stowed_local_brep_sha256"":""73037361b9a9c1682b56a64312533dee4f1932cc97204ae1f6a09beecb73150b""}",B,EXPECTED_CONFIGURATION_TRANSFORM_OR_ATTACHMENT_CHANGE_WITH_NON_SEMANTIC_OCCT_BREP_SERIALIZATION_DIFFERENCE,NO_CAD CHANGE; retain mechanism transform and use local geometric equivalence,RESOLVED_AS_EXPECTED_STATE_SPECIFIC_DIFFERENCE
SPP-059,WP04-MOVING-SLEEVE-SCREW-2,WP04-MOVING-SLEEVE-SCREW-2,SSCA-M3-8-A4-BL,"M3 X 8 CAPTIVE SOCKET CAP SCREW, DIN 912",ACCU-CATALOG,500_SPRING_EJECTOR_AFT_CLOSURE_AND_RECOVERY_ASSY,A4-80 stainless steel,BUY,0.0008,500_SPRING_EJECTOR_AFT_CLOSURE_AND_RECOVERY_ASSY/590_MANDATORY_HARDWARE_ASSY,500_SPRING_EJECTOR_AFT_CLOSURE_AND_RECOVERY_ASSY/590_MANDATORY_HARDWARE_ASSY,STINGRAY_I5S_DF8_FINAL_STOWED_MASTER_ASSY/500_SPRING_EJECTOR_AFT_CLOSURE_AND_RECOVERY_ASSY/590_MANDATORY_HARDWARE_ASSY/WP04-MOVING-SLEEVE-SCREW-2__SSCA-M3-8-A4-BL__REV_ACCU-CATALOG__M3_X_8_CAPTIVE_SOCKET_CAP_SCREW_DIN_912,STINGRAY_I5S_DF8_FINAL_DEPLOYED_MASTER_ASSY/500_SPRING_EJECTOR_AFT_CLOSURE_AND_RECOVERY_ASSY/590_MANDATORY_HARDWARE_ASSY/WP04-MOVING-SLEEVE-SCREW-2__SSCA-M3-8-A4-BL__REV_ACCU-CATALOG__M3_X_8_CAPTIVE_SOCKET_CAP_SCREW_DIN_912,"[[1.0,0.0,0.0,-15.0],[0.0,1.0,0.0,1.83697019872103e-15],[0.0,0.0,1.0,1742.5]]","[[1.0,0.0,0.0,-15.0],[0.0,1.0,0.0,1.83697019872103e-15],[0.0,0.0,1.0,1827.5]]","{""basis"":""EXACT_COMMON_FULL_VOLUME"",""current_run_serialized_hashes_equal"":true,""current_validator_geometry_basis"":""SERIALIZED_LOCAL_BREP_SHA256"",""deployed_minus_common_mm3"":0.0,""equivalent"":true,""exact_common_error"":"""",""exact_common_status"":""DONE"",""exact_common_volume_mm3"":104.39668630078609,""stowed_minus_common_mm3"":0.0,""symmetric_difference_volume_mm3"":0.0,""volume_tolerance_mm3"":1e-05}","{""deployed_bbox_mm"":{""xmax"":2.75,""xmin"":-2.75,""ymax"":2.75,""ymin"":-2.75,""zmax"":8.0,""zmin"":-3.0},""deployed_dimensions_mm"":[5.5,5.5,11.0],""match"":true,""max_coordinate_delta_mm"":0.0,""max_dimension_delta_mm"":0.0,""stowed_bbox_mm"":{""xmax"":2.75,""xmin"":-2.75,""ymax"":2.75,""ymin"":-2.75,""zmax"":8.0,""zmin"":-3.0},""stowed_dimensions_mm"":[5.5,5.5,11.0],""tolerance_mm"":1e-08}","{""centroid_max_abs_delta_mm"":0.0,""delta_mm3"":0.0,""deployed_volume_mm3"":104.39668630078609,""stowed_volume_mm3"":104.39668630078609,""tolerance_mm3"":1e-05}","{""deployed_surface_type_counts"":{""Cylinder"":3,""Plane"":11},""deployed_topology_counts"":{""edge_count"":54,""face_count"":14,""shell_count"":1,""solid_count"":1,""vertex_count"":108,""wire_count"":17},""deployed_valid_brep"":true,""stowed_surface_type_counts"":{""Cylinder"":3,""Plane"":11},""stowed_topology_counts"":{""edge_count"":54,""face_count"":14,""shell_count"":1,""solid_count"":1,""vertex_count"":108,""wire_count"":17},""stowed_valid_brep"":true,""surface_type_counts_match"":true,""topology_counts_match"":true}",State-specific placement/attachment permitted by CAPTIVE_SCREW_RIGID_WITH_FOLLOWER; DOF=RIGID_WITH_PARENT; mechanism track declared=True.,"{""deployed_local_brep_sha256"":""9a01872b35b7a5bc476affcfa024ed236a49cabedd7e3e1c93b7ddba54d05b41"",""hashes_equal"":false,""original_exact_local_brep_match"":""False"",""original_status"":""FAIL"",""same_checkpoint_prior_reimport"":{""deployed_local_brep_sha256"":""cd6dae92f36421a9c2f7b2b5f2a02d39b512f2bf5b213d7fe1d6787933e6c6a3"",""exact_common_full_volume_equivalent"":""True"",""exact_common_status"":""DONE"",""hashes_equal"":false,""master_hash_binding"":""work/final_analysis/validation_cycle2/step_text_inspection.json"",""status"":""PASS"",""stowed_local_brep_sha256"":""73037361b9a9c1682b56a64312533dee4f1932cc97204ae1f6a09beecb73150b""},""stowed_local_brep_sha256"":""73037361b9a9c1682b56a64312533dee4f1932cc97204ae1f6a09beecb73150b""}",B,EXPECTED_CONFIGURATION_TRANSFORM_OR_ATTACHMENT_CHANGE_WITH_NON_SEMANTIC_OCCT_BREP_SERIALIZATION_DIFFERENCE,NO_CAD CHANGE; retain mechanism transform and use local geometric equivalence,RESOLVED_AS_EXPECTED_STATE_SPECIFIC_DIFFERENCE
SPP-060,WP04-MOVING-SLEEVE-SCREW-3,WP04-MOVING-SLEEVE-SCREW-3,SSCA-M3-8-A4-BL,"M3 X 8 CAPTIVE SOCKET CAP SCREW, DIN 912",ACCU-CATALOG,500_SPRING_EJECTOR_AFT_CLOSURE_AND_RECOVERY_ASSY,A4-80 stainless steel,BUY,0.0008,500_SPRING_EJECTOR_AFT_CLOSURE_AND_RECOVERY_ASSY/590_MANDATORY_HARDWARE_ASSY,500_SPRING_EJECTOR_AFT_CLOSURE_AND_RECOVERY_ASSY/590_MANDATORY_HARDWARE_ASSY,STINGRAY_I5S_DF8_FINAL_STOWED_MASTER_ASSY/500_SPRING_EJECTOR_AFT_CLOSURE_AND_RECOVERY_ASSY/590_MANDATORY_HARDWARE_ASSY/WP04-MOVING-SLEEVE-SCREW-3__SSCA-M3-8-A4-BL__REV_ACCU-CATALOG__M3_X_8_CAPTIVE_SOCKET_CAP_SCREW_DIN_912,STINGRAY_I5S_DF8_FINAL_DEPLOYED_MASTER_ASSY/500_SPRING_EJECTOR_AFT_CLOSURE_AND_RECOVERY_ASSY/590_MANDATORY_HARDWARE_ASSY/WP04-MOVING-SLEEVE-SCREW-3__SSCA-M3-8-A4-BL__REV_ACCU-CATALOG__M3_X_8_CAPTIVE_SOCKET_CAP_SCREW_DIN_912,"[[1.0,0.0,0.0,7.500000000000002],[0.0,1.0,0.0,-12.990381056766578],[0.0,0.0,1.0,1742.5]]","[[1.0,0.0,0.0,7.500000000000002],[0.0,1.0,0.0,-12.990381056766578],[0.0,0.0,1.0,1827.5]]","{""basis"":""EXACT_COMMON_FULL_VOLUME"",""current_run_serialized_hashes_equal"":true,""current_validator_geometry_basis"":""SERIALIZED_LOCAL_BREP_SHA256"",""deployed_minus_common_mm3"":0.0,""equivalent"":true,""exact_common_error"":"""",""exact_common_status"":""DONE"",""exact_common_volume_mm3"":104.39668630078609,""stowed_minus_common_mm3"":0.0,""symmetric_difference_volume_mm3"":0.0,""volume_tolerance_mm3"":1e-05}","{""deployed_bbox_mm"":{""xmax"":2.75,""xmin"":-2.75,""ymax"":2.75,""ymin"":-2.75,""zmax"":8.0,""zmin"":-3.0},""deployed_dimensions_mm"":[5.5,5.5,11.0],""match"":true,""max_coordinate_delta_mm"":0.0,""max_dimension_delta_mm"":0.0,""stowed_bbox_mm"":{""xmax"":2.75,""xmin"":-2.75,""ymax"":2.75,""ymin"":-2.75,""zmax"":8.0,""zmin"":-3.0},""stowed_dimensions_mm"":[5.5,5.5,11.0],""tolerance_mm"":1e-08}","{""centroid_max_abs_delta_mm"":0.0,""delta_mm3"":0.0,""deployed_volume_mm3"":104.39668630078609,""stowed_volume_mm3"":104.39668630078609,""tolerance_mm3"":1e-05}","{""deployed_surface_type_counts"":{""Cylinder"":3,""Plane"":11},""deployed_topology_counts"":{""edge_count"":54,""face_count"":14,""shell_count"":1,""solid_count"":1,""vertex_count"":108,""wire_count"":17},""deployed_valid_brep"":true,""stowed_surface_type_counts"":{""Cylinder"":3,""Plane"":11},""stowed_topology_counts"":{""edge_count"":54,""face_count"":14,""shell_count"":1,""solid_count"":1,""vertex_count"":108,""wire_count"":17},""stowed_valid_brep"":true,""surface_type_counts_match"":true,""topology_counts_match"":true}",State-specific placement/attachment permitted by CAPTIVE_SCREW_RIGID_WITH_FOLLOWER; DOF=RIGID_WITH_PARENT; mechanism track declared=True.,"{""deployed_local_brep_sha256"":""9a01872b35b7a5bc476affcfa024ed236a49cabedd7e3e1c93b7ddba54d05b41"",""hashes_equal"":false,""original_exact_local_brep_match"":""False"",""original_status"":""FAIL"",""same_checkpoint_prior_reimport"":{""deployed_local_brep_sha256"":""cd6dae92f36421a9c2f7b2b5f2a02d39b512f2bf5b213d7fe1d6787933e6c6a3"",""exact_common_full_volume_equivalent"":""True"",""exact_common_status"":""DONE"",""hashes_equal"":false,""master_hash_binding"":""work/final_analysis/validation_cycle2/step_text_inspection.json"",""status"":""PASS"",""stowed_local_brep_sha256"":""73037361b9a9c1682b56a64312533dee4f1932cc97204ae1f6a09beecb73150b""},""stowed_local_brep_sha256"":""73037361b9a9c1682b56a64312533dee4f1932cc97204ae1f6a09beecb73150b""}",B,EXPECTED_CONFIGURATION_TRANSFORM_OR_ATTACHMENT_CHANGE_WITH_NON_SEMANTIC_OCCT_BREP_SERIALIZATION_DIFFERENCE,NO_CAD CHANGE; retain mechanism transform and use local geometric equivalence,RESOLVED_AS_EXPECTED_STATE_SPECIFIC_DIFFERENCE
SPP-061,WP04-SEAR-001,WP04-SEAR-001,WP04-LATCH-SEAR-R2,CAPTIVE RADIAL FOLLOWER SEAR PLUNGER WITH RETAINING RING,A,500_SPRING_EJECTOR_AFT_CLOSURE_AND_RECOVERY_ASSY,17-4PH stainless steel,MAKE,0.0006351083567453917,500_SPRING_EJECTOR_AFT_CLOSURE_AND_RECOVERY_ASSY,500_SPRING_EJECTOR_AFT_CLOSURE_AND_RECOVERY_ASSY,STINGRAY_I5S_DF8_FINAL_STOWED_MASTER_ASSY/500_SPRING_EJECTOR_AFT_CLOSURE_AND_RECOVERY_ASSY/WP04-SEAR-001__WP04-LATCH-SEAR-R2__REV_A__CAPTIVE_RADIAL_FOLLOWER_SEAR_PLUNGER_WITH_RETAINING_RING,STINGRAY_I5S_DF8_FINAL_DEPLOYED_MASTER_ASSY/500_SPRING_EJECTOR_AFT_CLOSURE_AND_RECOVERY_ASSY/WP04-SEAR-001__WP04-LATCH-SEAR-R2__REV_A__CAPTIVE_RADIAL_FOLLOWER_SEAR_PLUNGER_WITH_RETAINING_RING,"[[-2.220446049250313e-16,1.0,0.0,-4.685141163918161e-15],[-1.0,-2.220446049250313e-16,0.0,-21.1],[0.0,0.0,1.0,1745.0]]","[[-2.220446049250313e-16,1.0,0.0,-5.395683899678261e-15],[-1.0,-2.220446049250313e-16,0.0,-24.3],[0.0,0.0,1.0,1745.0]]","{""basis"":""EXACT_COMMON_FULL_VOLUME"",""current_run_serialized_hashes_equal"":true,""current_validator_geometry_basis"":""SERIALIZED_LOCAL_BREP_SHA256"",""deployed_minus_common_mm3"":0.0,""equivalent"":true,""exact_common_error"":"""",""exact_common_status"":""DONE"",""exact_common_volume_mm3"":81.94946538650255,""stowed_minus_common_mm3"":0.0,""symmetric_difference_volume_mm3"":0.0,""volume_tolerance_mm3"":1e-05}","{""deployed_bbox_mm"":{""xmax"":5.8,""xmin"":-3.0,""ymax"":2.8,""ymin"":-2.8,""zmax"":2.8,""zmin"":-2.8},""deployed_dimensions_mm"":[8.8,5.6,5.6],""match"":true,""max_coordinate_delta_mm"":0.0,""max_dimension_delta_mm"":0.0,""stowed_bbox_mm"":{""xmax"":5.8,""xmin"":-3.0,""ymax"":2.8,""ymin"":-2.8,""zmax"":2.8,""zmin"":-2.8},""stowed_dimensions_mm"":[8.8,5.6,5.6],""tolerance_mm"":1e-08}","{""centroid_max_abs_delta_mm"":0.0,""delta_mm3"":0.0,""deployed_volume_mm3"":81.94946538650255,""stowed_volume_mm3"":81.94946538650255,""tolerance_mm3"":1e-05}","{""deployed_surface_type_counts"":{""Cylinder"":5,""Plane"":6},""deployed_topology_counts"":{""edge_count"":30,""face_count"":11,""shell_count"":1,""solid_count"":1,""vertex_count"":60,""wire_count"":15},""deployed_valid_brep"":true,""stowed_surface_type_counts"":{""Cylinder"":5,""Plane"":6},""stowed_topology_counts"":{""edge_count"":30,""face_count"":11,""shell_count"":1,""solid_count"":1,""vertex_count"":60,""wire_count"":15},""stowed_valid_brep"":true,""surface_type_counts_match"":true,""topology_counts_match"":true}",State-specific placement/attachment permitted by GUIDED_SEAR_WITH_E_RING; DOF=1 TRANSLATION; mechanism track declared=True.,"{""deployed_local_brep_sha256"":""d916fb54623c20365b72a495cc44377c533b74dafa21b397cb377793dc1189d0"",""hashes_equal"":false,""original_exact_local_brep_match"":""False"",""original_status"":""FAIL"",""same_checkpoint_prior_reimport"":{""deployed_local_brep_sha256"":""d916fb54623c20365b72a495cc44377c533b74dafa21b397cb377793dc1189d0"",""exact_common_full_volume_equivalent"":""True"",""exact_common_status"":""DONE"",""hashes_equal"":false,""master_hash_binding"":""work/final_analysis/validation_cycle2/step_text_inspection.json"",""status"":""PASS"",""stowed_local_brep_sha256"":""c861ce929fd7c1858a26cf792ee46bb6cddf649a4273fda5b1af6e1b48a6749f""},""stowed_local_brep_sha256"":""c861ce929fd7c1858a26cf792ee46bb6cddf649a4273fda5b1af6e1b48a6749f""}",B,EXPECTED_CONFIGURATION_TRANSFORM_OR_ATTACHMENT_CHANGE_WITH_NON_SEMANTIC_OCCT_BREP_SERIALIZATION_DIFFERENCE,NO_CAD CHANGE; retain mechanism transform and use local geometric equivalence,RESOLVED_AS_EXPECTED_STATE_SPECIFIC_DIFFERENCE
SPP-062,WP04-SEAR-CLIP-001,WP04-SEAR-CLIP-001,WP04-LATCH-SEAR-E-RING-R2,4 MM SEAR PIN EXTERNAL RETAINING RING,A,500_SPRING_EJECTOR_AFT_CLOSURE_AND_RECOVERY_ASSY,1.4310 stainless spring steel,MAKE,4.345508650541629e-05,500_SPRING_EJECTOR_AFT_CLOSURE_AND_RECOVERY_ASSY,500_SPRING_EJECTOR_AFT_CLOSURE_AND_RECOVERY_ASSY,STINGRAY_I5S_DF8_FINAL_STOWED_MASTER_ASSY/500_SPRING_EJECTOR_AFT_CLOSURE_AND_RECOVERY_ASSY/WP04-SEAR-CLIP-001__WP04-LATCH-SEAR-E-RING-R2__REV_A__4_MM_SEAR_PIN_EXTERNAL_RETAINING_RING,STINGRAY_I5S_DF8_FINAL_DEPLOYED_MASTER_ASSY/500_SPRING_EJECTOR_AFT_CLOSURE_AND_RECOVERY_ASSY/WP04-SEAR-CLIP-001__WP04-LATCH-SEAR-E-RING-R2__REV_A__4_MM_SEAR_PIN_EXTERNAL_RETAINING_RING,"[[1.0,3.3306690738754696e-16,0.0,-5.678790770957676e-15],[-3.3306690738754696e-16,1.0,0.0,-25.575000000000003],[0.0,0.0,1.0,1745.0]]","[[1.0,3.3306690738754696e-16,0.0,-6.389333506717776e-15],[-3.3306690738754696e-16,1.0,0.0,-28.775000000000002],[0.0,0.0,1.0,1745.0]]","{""basis"":""EXACT_COMMON_FULL_VOLUME"",""current_run_serialized_hashes_equal"":true,""current_validator_geometry_basis"":""SERIALIZED_LOCAL_BREP_SHA256"",""deployed_minus_common_mm3"":0.0,""equivalent"":true,""exact_common_error"":"""",""exact_common_status"":""DONE"",""exact_common_volume_mm3"":5.535679809607161,""stowed_minus_common_mm3"":0.0,""symmetric_difference_volume_mm3"":0.0,""volume_tolerance_mm3"":1e-05}","{""deployed_bbox_mm"":{""xmax"":2.683281573,""xmin"":-2.9,""ymax"":0.225,""ymin"":-0.225,""zmax"":2.9,""zmin"":-2.9},""deployed_dimensions_mm"":[5.583281573,0.45,5.8],""match"":true,""max_coordinate_delta_mm"":0.0,""max_dimension_delta_mm"":0.0,""stowed_bbox_mm"":{""xmax"":2.683281573,""xmin"":-2.9,""ymax"":0.225,""ymin"":-0.225,""zmax"":2.9,""zmin"":-2.9},""stowed_dimensions_mm"":[5.583281573,0.45,5.8],""tolerance_mm"":1e-08}","{""centroid_max_abs_delta_mm"":0.0,""delta_mm3"":0.0,""deployed_volume_mm3"":5.535679809607161,""stowed_volume_mm3"":5.535679809607161,""tolerance_mm3"":1e-05}","{""deployed_surface_type_counts"":{""Cylinder"":4,""Plane"":4},""deployed_topology_counts"":{""edge_count"":36,""face_count"":8,""shell_count"":1,""solid_count"":1,""vertex_count"":72,""wire_count"":8},""deployed_valid_brep"":true,""stowed_surface_type_counts"":{""Cylinder"":4,""Plane"":4},""stowed_topology_counts"":{""edge_count"":36,""face_count"":8,""shell_count"":1,""solid_count"":1,""vertex_count"":72,""wire_count"":8},""stowed_valid_brep"":true,""surface_type_counts_match"":true,""topology_counts_match"":true}",State-specific placement/attachment permitted by EXTERNAL_GROOVE_RETAINER; DOF=1 TRANSLATION WITH SEAR; mechanism track declared=True.,"{""deployed_local_brep_sha256"":""511765122036c53a0acbe99a7cec24176e69693f289e46500203804524c78d41"",""hashes_equal"":false,""original_exact_local_brep_match"":""False"",""original_status"":""FAIL"",""same_checkpoint_prior_reimport"":{""deployed_local_brep_sha256"":""511765122036c53a0acbe99a7cec24176e69693f289e46500203804524c78d41"",""exact_common_full_volume_equivalent"":""True"",""exact_common_status"":""DONE"",""hashes_equal"":false,""master_hash_binding"":""work/final_analysis/validation_cycle2/step_text_inspection.json"",""status"":""PASS"",""stowed_local_brep_sha256"":""10cc1a1614eff86d5ddae14ccf8351d7c6743a4cfcd1946c68fd891d7d53ff19""},""stowed_local_brep_sha256"":""10cc1a1614eff86d5ddae14ccf8351d7c6743a4cfcd1946c68fd891d7d53ff19""}",B,EXPECTED_CONFIGURATION_TRANSFORM_OR_ATTACHMENT_CHANGE_WITH_NON_SEMANTIC_OCCT_BREP_SERIALIZATION_DIFFERENCE,NO_CAD CHANGE; retain mechanism transform and use local geometric equivalence,RESOLVED_AS_EXPECTED_STATE_SPECIFIC_DIFFERENCE
SPP-063,WP05-DOOR-001,WP05-DOOR-001,WP05-DOOR-R2,CAPTIVE LOW-FORCE AFT DOOR WITH HINGE AND LANYARD EYE,A,500_SPRING_EJECTOR_AFT_CLOSURE_AND_RECOVERY_ASSY,Ti-6Al-4V,MAKE,0.023848407511828335,500_SPRING_EJECTOR_AFT_CLOSURE_AND_RECOVERY_ASSY,500_SPRING_EJECTOR_AFT_CLOSURE_AND_RECOVERY_ASSY,STINGRAY_I5S_DF8_FINAL_STOWED_MASTER_ASSY/500_SPRING_EJECTOR_AFT_CLOSURE_AND_RECOVERY_ASSY/WP05-DOOR-001__WP05-DOOR-R2__REV_A__CAPTIVE_LOW-FORCE_AFT_DOOR_WITH_HINGE_AND_LANYARD_EYE,STINGRAY_I5S_DF8_FINAL_DEPLOYED_MASTER_ASSY/500_SPRING_EJECTOR_AFT_CLOSURE_AND_RECOVERY_ASSY/WP05-DOOR-001__WP05-DOOR-R2__REV_A__CAPTIVE_LOW-FORCE_AFT_DOOR_WITH_HINGE_AND_LANYARD_EYE,"[[1.0,0.0,0.0,0.0],[0.0,1.0,0.0,0.0],[0.0,0.0,1.0,2028.0]]","[[1.1102230246251565e-16,0.0,-1.0,27.999999999999996],[0.0,1.0,0.0,0.0],[1.0,0.0,1.1102230246251565e-16,2000.0]]","{""basis"":""EXACT_COMMON_FULL_VOLUME"",""current_run_serialized_hashes_equal"":true,""current_validator_geometry_basis"":""SERIALIZED_LOCAL_BREP_SHA256"",""deployed_minus_common_mm3"":0.0,""equivalent"":true,""exact_common_error"":"""",""exact_common_status"":""DONE"",""exact_common_volume_mm3"":5383.3877001815745,""stowed_minus_common_mm3"":0.0,""symmetric_difference_volume_mm3"":0.0,""volume_tolerance_mm3"":1e-05}","{""deployed_bbox_mm"":{""xmax"":30.4,""xmin"":-23.5000001,""ymax"":23.5000001,""ymin"":-23.5000001,""zmax"":2.4,""zmin"":-8.7},""deployed_dimensions_mm"":[53.9000001,47.0000002,11.1],""match"":true,""max_coordinate_delta_mm"":0.0,""max_dimension_delta_mm"":0.0,""stowed_bbox_mm"":{""xmax"":30.4,""xmin"":-23.5000001,""ymax"":23.5000001,""ymin"":-23.5000001,""zmax"":2.4,""zmin"":-8.7},""stowed_dimensions_mm"":[53.9000001,47.0000002,11.1],""tolerance_mm"":1e-08}","{""centroid_max_abs_delta_mm"":0.0,""delta_mm3"":0.0,""deployed_volume_mm3"":5383.3877001815745,""stowed_volume_mm3"":5383.3877001815745,""tolerance_mm3"":1e-05}","{""deployed_surface_type_counts"":{""Cylinder"":6,""Plane"":18,""Sphere"":4},""deployed_topology_counts"":{""edge_count"":154,""face_count"":28,""shell_count"":1,""solid_count"":1,""vertex_count"":308,""wire_count"":35},""deployed_valid_brep"":true,""stowed_surface_type_counts"":{""Cylinder"":6,""Plane"":18,""Sphere"":4},""stowed_topology_counts"":{""edge_count"":154,""face_count"":28,""shell_count"":1,""solid_count"":1,""vertex_count"":308,""wire_count"":35},""stowed_valid_brep"":true,""surface_type_counts_match"":true,""topology_counts_match"":true}",State-specific placement/attachment permitted by REVOLUTE_HINGE; DOF=1 ROTATION 0-90 DEG; mechanism track declared=True.,"{""deployed_local_brep_sha256"":""7195748f9f152fe3a8a0488a6f8440a84e1ebc80b929721125ff4af1af5b2119"",""hashes_equal"":false,""original_exact_local_brep_match"":""False"",""original_status"":""FAIL"",""same_checkpoint_prior_reimport"":{""deployed_local_brep_sha256"":""caf0ce795ae0de33cfe4d7df8697c91ddabde2d1da56f33159f43a131a59352b"",""exact_common_full_volume_equivalent"":""True"",""exact_common_status"":""DONE"",""hashes_equal"":false,""master_hash_binding"":""work/final_analysis/validation_cycle2/step_text_inspection.json"",""status"":""PASS"",""stowed_local_brep_sha256"":""161286a856d56483b48c1a773acb06ef2915b2be5f9c74d5711c70d14af45b17""},""stowed_local_brep_sha256"":""bd62234619121d351641f5fc45f6bb153f605bd677dfec7e01eced1ea5fef353""}",B,EXPECTED_CONFIGURATION_TRANSFORM_OR_ATTACHMENT_CHANGE_WITH_NON_SEMANTIC_OCCT_BREP_SERIALIZATION_DIFFERENCE,NO_CAD CHANGE; retain mechanism transform and use local geometric equivalence,RESOLVED_AS_EXPECTED_STATE_SPECIFIC_DIFFERENCE
SPP-064,WP05-SERVICE-THROAT,WP05-SERVICE-THROAT,WP05-SERVICE-THROAT-R2,AFT SERVICE THROAT WITH CONTROLLED DETENT BORES,A,500_SPRING_EJECTOR_AFT_CLOSURE_AND_RECOVERY_ASSY,Ti-6Al-4V,MAKE,0.1892075418113727,500_SPRING_EJECTOR_AFT_CLOSURE_AND_RECOVERY_ASSY,500_SPRING_EJECTOR_AFT_CLOSURE_AND_RECOVERY_ASSY,STINGRAY_I5S_DF8_FINAL_STOWED_MASTER_ASSY/500_SPRING_EJECTOR_AFT_CLOSURE_AND_RECOVERY_ASSY/WP05-SERVICE-THROAT__WP05-SERVICE-THROAT-R2__REV_A__AFT_SERVICE_THROAT_WITH_CONTROLLED_DETENT_BORES,STINGRAY_I5S_DF8_FINAL_DEPLOYED_MASTER_ASSY/500_SPRING_EJECTOR_AFT_CLOSURE_AND_RECOVERY_ASSY/WP05-SERVICE-THROAT__WP05-SERVICE-THROAT-R2__REV_A__AFT_SERVICE_THROAT_WITH_CONTROLLED_DETENT_BORES,"[[1.0,0.0,0.0,0.0],[0.0,1.0,0.0,0.0],[0.0,0.0,1.0,1928.0]]","[[1.0,0.0,0.0,0.0],[0.0,1.0,0.0,0.0],[0.0,0.0,1.0,1928.0]]","{""basis"":""EXACT_COMMON_FULL_VOLUME"",""current_run_serialized_hashes_equal"":true,""current_validator_geometry_basis"":""SERIALIZED_LOCAL_BREP_SHA256"",""deployed_minus_common_mm3"":0.0,""equivalent"":true,""exact_common_error"":"""",""exact_common_status"":""DONE"",""exact_common_volume_mm3"":42710.50605224081,""stowed_minus_common_mm3"":0.0,""symmetric_difference_volume_mm3"":0.0,""volume_tolerance_mm3"":1e-05}","{""deployed_bbox_mm"":{""xmax"":31.0,""xmin"":-26.300000100000002,""ymax"":26.300000100000002,""ymin"":-26.300000100000002,""zmax"":103.0000001,""zmin"":0.0},""deployed_dimensions_mm"":[57.300000100000005,52.600000200000004,103.0000001],""match"":true,""max_coordinate_delta_mm"":0.0,""max_dimension_delta_mm"":0.0,""stowed_bbox_mm"":{""xmax"":31.0,""xmin"":-26.300000100000002,""ymax"":26.300000100000002,""ymin"":-26.300000100000002,""zmax"":103.0000001,""zmin"":0.0},""stowed_dimensions_mm"":[57.300000100000005,52.600000200000004,103.0000001],""tolerance_mm"":1e-08}","{""centroid_max_abs_delta_mm"":0.0,""delta_mm3"":0.0,""deployed_volume_mm3"":42710.50605224081,""stowed_volume_mm3"":42710.50605224081,""tolerance_mm3"":1e-05}","{""deployed_surface_type_counts"":{""Cone"":6,""Cylinder"":29,""Plane"":37},""deployed_topology_counts"":{""edge_count"":350,""face_count"":72,""shell_count"":1,""solid_count"":1,""vertex_count"":700,""wire_count"":91},""deployed_valid_brep"":true,""stowed_surface_type_counts"":{""Cone"":6,""Cylinder"":29,""Plane"":37},""stowed_topology_counts"":{""edge_count"":350,""face_count"":72,""shell_count"":1,""solid_count"":1,""vertex_count"":700,""wire_count"":91},""stowed_valid_brep"":true,""surface_type_counts_match"":true,""topology_counts_match"":true}","Remain fixed; local geometry, parent, part definition, quantity, attachment, and global transform must remain invariant.","{""deployed_local_brep_sha256"":""9c66783da6a86e83273c0b92da417b4454996791d134e0d35880197e9059b8bd"",""hashes_equal"":false,""original_exact_local_brep_match"":""False"",""original_status"":""FAIL"",""same_checkpoint_prior_reimport"":{""deployed_local_brep_sha256"":""3b7993bfe5a7796ab1b4962060288e3e7861a8e6b7b10de52cb74d5671000d2b"",""exact_common_full_volume_equivalent"":""True"",""exact_common_status"":""DONE"",""hashes_equal"":false,""master_hash_binding"":""work/final_analysis/validation_cycle2/step_text_inspection.json"",""status"":""PASS"",""stowed_local_brep_sha256"":""2bf70b44a93346feb4322df675a1859ff4353f144c97cdf7d77c5fe7436b2393""},""stowed_local_brep_sha256"":""340432e284c804cddac39b28585a0db683e3e69843fc7627e09b01a98ff3cebf""}",A,NON_SEMANTIC_OCCT_BREP_SERIALIZATION_HASH_INSTABILITY,NO CAD CHANGE; use exact local common-volume equivalence after stable identity checks,RESOLVED_AS_BENIGN_PROVENANCE_HASH_INSTABILITY
