ISO-10303-21;
HEADER;
FILE_DESCRIPTION(('Open CASCADE Model'),'2;1');
FILE_NAME('Open CASCADE Shape Model','2026-08-26T03:21:47',('Author'),(
    'Open CASCADE'),'Open CASCADE STEP processor 7.9','Open CASCADE 7.9'
  ,'Unknown');
FILE_SCHEMA((
'AP242_MANAGED_MODEL_BASED_3D_ENGINEERING_MIM_LF {1 0 10303 442 1 1 4 }'
    ));
ENDSEC;
DATA;
#1 = APPLICATION_PROTOCOL_DEFINITION('international standard',
  'ap242_managed_model_based_3d_engineering',2013,#2);
#2 = APPLICATION_CONTEXT('Managed model based 3d engineering');
#3 = SHAPE_DEFINITION_REPRESENTATION(#4,#10);
#4 = PRODUCT_DEFINITION_SHAPE('','',#5);
#5 = PRODUCT_DEFINITION('design','',#6,#9);
#6 = PRODUCT_DEFINITION_FORMATION('','',#7);
#7 = PRODUCT(
'BACKUP_SPRING_DLC_GUIDE_SHAFT_WITH_TWO_FIXED_SUPPORT_SHOULDERS_SS_
STOWED_PART',
'BACKUP_SPRING_DLC_GUIDE_SHAFT_WITH_TWO_FIXED_SUPPORT_SHOULDERS_SS_
STOWED_PART','',(#8));
#8 = PRODUCT_CONTEXT('',#2,'mechanical');
#9 = PRODUCT_DEFINITION_CONTEXT('part definition',#2,'design');
#10 = SHAPE_REPRESENTATION('',(#11,#15),#19);
#11 = AXIS2_PLACEMENT_3D('',#12,#13,#14);
#12 = CARTESIAN_POINT('',(0.,0.,0.));
#13 = DIRECTION('',(0.,0.,1.));
#14 = DIRECTION('',(1.,0.,-0.));
#15 = AXIS2_PLACEMENT_3D('',#16,#17,#18);
#16 = CARTESIAN_POINT('',(0.,0.,0.));
#17 = DIRECTION('',(0.,0.,1.));
#18 = DIRECTION('',(1.,0.,-0.));
#19 = ( GEOMETRIC_REPRESENTATION_CONTEXT(3) 
GLOBAL_UNCERTAINTY_ASSIGNED_CONTEXT((#23)) GLOBAL_UNIT_ASSIGNED_CONTEXT(
(#20,#21,#22)) REPRESENTATION_CONTEXT('Context #1',
  '3D Context with UNIT and UNCERTAINTY') );
#20 = ( LENGTH_UNIT() NAMED_UNIT(*) SI_UNIT(.MILLI.,.METRE.) );
#21 = ( NAMED_UNIT(*) PLANE_ANGLE_UNIT() SI_UNIT($,.RADIAN.) );
#22 = ( NAMED_UNIT(*) SI_UNIT($,.STERADIAN.) SOLID_ANGLE_UNIT() );
#23 = UNCERTAINTY_MEASURE_WITH_UNIT(LENGTH_MEASURE(1.E-07),#20,
  'distance_accuracy_value','confusion accuracy');
#24 = PRODUCT_RELATED_PRODUCT_CATEGORY('part',$,(#7));
#25 = SHAPE_DEFINITION_REPRESENTATION(#26,#32);
#26 = PRODUCT_DEFINITION_SHAPE('','',#27);
#27 = PRODUCT_DEFINITION('design','',#28,#31);
#28 = PRODUCT_DEFINITION_FORMATION('','',#29);
#29 = PRODUCT(
'BACKUP_SPRING_DLC_GUIDE_SHAFT_WITH_TWO_FIXED_SUPPORT_SHOULDERS_SS_
STOWED_LOCAL_DEFINITION',
'BACKUP_SPRING_DLC_GUIDE_SHAFT_WITH_TWO_FIXED_SUPPORT_SHOULDERS_SS_
STOWED_LOCAL_DEFINITION','',(#30));
#30 = PRODUCT_CONTEXT('',#2,'mechanical');
#31 = PRODUCT_DEFINITION_CONTEXT('part definition',#2,'design');
#32 = ADVANCED_BREP_SHAPE_REPRESENTATION('',(#11,#33),#2172);
#33 = MANIFOLD_SOLID_BREP('',#34);
#34 = CLOSED_SHELL('',(#35,#979,#1014,#1063,#1181,#1205,#1230,#1236,
    #1416,#1421,#1427,#1849,#1875,#1978,#2016,#2072,#2107,#2137,#2164,
    #2168));
#35 = ADVANCED_FACE('',(#36),#50,.T.);
#36 = FACE_BOUND('',#37,.T.);
#37 = EDGE_LOOP('',(#38,#68,#153,#179,#402,#485,#511,#729,#750,#784,#813
    ,#847,#868,#951,#952));
#38 = ORIENTED_EDGE('',*,*,#39,.F.);
#39 = EDGE_CURVE('',#40,#42,#44,.T.);
#40 = VERTEX_POINT('',#41);
#41 = CARTESIAN_POINT('',(2.5,-1.040949779275E-16,2.4));
#42 = VERTEX_POINT('',#43);
#43 = CARTESIAN_POINT('',(2.5,-6.123233995737E-16,180.27636328886));
#44 = SEAM_CURVE('',#45,(#49,#61),.PCURVE_S1.);
#45 = LINE('',#46,#47);
#46 = CARTESIAN_POINT('',(2.5,-6.123233995737E-16,0.));
#47 = VECTOR('',#48,1.);
#48 = DIRECTION('',(0.,0.,1.));
#49 = PCURVE('',#50,#55);
#50 = CYLINDRICAL_SURFACE('',#51,2.5);
#51 = AXIS2_PLACEMENT_3D('',#52,#53,#54);
#52 = CARTESIAN_POINT('',(0.,0.,0.));
#53 = DIRECTION('',(0.,0.,1.));
#54 = DIRECTION('',(1.,0.,-0.));
#55 = DEFINITIONAL_REPRESENTATION('',(#56),#60);
#56 = LINE('',#57,#58);
#57 = CARTESIAN_POINT('',(0.,-0.));
#58 = VECTOR('',#59,1.);
#59 = DIRECTION('',(0.,1.));
#60 = ( GEOMETRIC_REPRESENTATION_CONTEXT(2) 
PARAMETRIC_REPRESENTATION_CONTEXT() REPRESENTATION_CONTEXT('2D SPACE',''
  ) );
#61 = PCURVE('',#50,#62);
#62 = DEFINITIONAL_REPRESENTATION('',(#63),#67);
#63 = LINE('',#64,#65);
#64 = CARTESIAN_POINT('',(6.28318530718,-0.));
#65 = VECTOR('',#66,1.);
#66 = DIRECTION('',(0.,1.));
#67 = ( GEOMETRIC_REPRESENTATION_CONTEXT(2) 
PARAMETRIC_REPRESENTATION_CONTEXT() REPRESENTATION_CONTEXT('2D SPACE',''
  ) );
#68 = ORIENTED_EDGE('',*,*,#69,.F.);
#69 = EDGE_CURVE('',#70,#40,#72,.T.);
#70 = VERTEX_POINT('',#71);
#71 = CARTESIAN_POINT('',(1.95,1.564448784716,1.274404424085));
#72 = SURFACE_CURVE('',#73,(#96,#122),.PCURVE_S1.);
#73 = B_SPLINE_CURVE_WITH_KNOTS('',6,(#74,#75,#76,#77,#78,#79,#80,#81,
    #82,#83,#84,#85,#86,#87,#88,#89,#90,#91,#92,#93,#94,#95),
  .UNSPECIFIED.,.F.,.F.,(7,5,5,5,7),(0.,0.260670051465,0.565497341153,
    0.693187482178,1.),.UNSPECIFIED.);
#74 = CARTESIAN_POINT('',(1.9499994,1.564449532583,1.274402192978));
#75 = CARTESIAN_POINT('',(1.970770688625,1.538559275651,1.351640619702)
  );
#76 = CARTESIAN_POINT('',(1.994465792808,1.508180241281,1.427085638905)
  );
#77 = CARTESIAN_POINT('',(2.020594699509,1.473410942533,1.500631376299)
  );
#78 = CARTESIAN_POINT('',(2.048650985118,1.434307639477,1.572137937374)
  );
#79 = CARTESIAN_POINT('',(2.078123563128,1.390899242563,1.641428062504)
  );
#80 = CARTESIAN_POINT('',(2.144040465922,1.287425362246,1.786464791645)
  );
#81 = CARTESIAN_POINT('',(2.18084770157,1.225739016176,1.861379011413));
#82 = CARTESIAN_POINT('',(2.218183161243,1.158061521718,1.932793285958)
  );
#83 = CARTESIAN_POINT('',(2.255301732203,1.084230824568,2.0003415371));
#84 = CARTESIAN_POINT('',(2.291406383041,1.004060114865,2.063482114692)
  );
#85 = CARTESIAN_POINT('',(2.339915506769,0.881089383946,2.14573966846));
#86 = CARTESIAN_POINT('',(2.35390107072,0.843643879527,2.169118478873));
#87 = CARTESIAN_POINT('',(2.367478777533,0.805059913789,2.191525788201)
  );
#88 = CARTESIAN_POINT('',(2.380574812667,0.765343764984,2.21289200966));
#89 = CARTESIAN_POINT('',(2.393113841609,0.724505032451,2.233143760154)
  );
#90 = CARTESIAN_POINT('',(2.433624622004,0.58176347559,2.29800126687));
#91 = CARTESIAN_POINT('',(2.458767750321,0.473871645215,2.337233182462)
  );
#92 = CARTESIAN_POINT('',(2.478927974384,0.360169215517,2.368071464089)
  );
#93 = CARTESIAN_POINT('',(2.49290819764,0.242174859931,2.389255219117));
#94 = CARTESIAN_POINT('',(2.5,0.121548575002,2.4));
#95 = CARTESIAN_POINT('',(2.5,2.020667218593E-16,2.4));
#96 = PCURVE('',#50,#97);
#97 = DEFINITIONAL_REPRESENTATION('',(#98),#121);
#98 = B_SPLINE_CURVE_WITH_KNOTS('',6,(#99,#100,#101,#102,#103,#104,#105,
    #106,#107,#108,#109,#110,#111,#112,#113,#114,#115,#116,#117,#118,
    #119,#120),.UNSPECIFIED.,.F.,.F.,(7,5,5,5,7),(0.,0.260670051465,
    0.565497341153,0.693187482178,1.),.UNSPECIFIED.);
#99 = CARTESIAN_POINT('',(0.676130893082,1.274402192978));
#100 = CARTESIAN_POINT('',(0.66285383416,1.351640619702));
#101 = CARTESIAN_POINT('',(0.647444382607,1.427085638905));
#102 = CARTESIAN_POINT('',(0.630051854737,1.500631376299));
#103 = CARTESIAN_POINT('',(0.610809320809,1.572137937374));
#104 = CARTESIAN_POINT('',(0.589831025544,1.641428062504));
#105 = CARTESIAN_POINT('',(0.5407565809,1.786464791645));
#106 = CARTESIAN_POINT('',(0.51203580726,1.861379011413));
#107 = CARTESIAN_POINT('',(0.481146472092,1.932793285958));
#108 = CARTESIAN_POINT('',(0.448133417806,2.0003415371));
#109 = CARTESIAN_POINT('',(0.413002561627,2.063482114692));
#110 = CARTESIAN_POINT('',(0.360125442572,2.14573966846));
#111 = CARTESIAN_POINT('',(0.344139280181,2.169118478873));
#112 = CARTESIAN_POINT('',(0.327782584153,2.191525788201));
#113 = CARTESIAN_POINT('',(0.311059965512,2.21289200966));
#114 = CARTESIAN_POINT('',(0.293975687339,2.233143760154));
#115 = CARTESIAN_POINT('',(0.234624157777,2.29800126687));
#116 = CARTESIAN_POINT('',(0.190361140228,2.337233182462));
#117 = CARTESIAN_POINT('',(0.144274223144,2.368071464089));
#118 = CARTESIAN_POINT('',(9.687004638173E-02,2.389255219117));
#119 = CARTESIAN_POINT('',(4.861943000093E-02,2.4));
#120 = CARTESIAN_POINT('',(0.,2.4));
#121 = ( GEOMETRIC_REPRESENTATION_CONTEXT(2) 
PARAMETRIC_REPRESENTATION_CONTEXT() REPRESENTATION_CONTEXT('2D SPACE',''
  ) );
#122 = PCURVE('',#123,#128);
#123 = CYLINDRICAL_SURFACE('',#124,1.65);
#124 = AXIS2_PLACEMENT_3D('',#125,#126,#127);
#125 = CARTESIAN_POINT('',(1.95,0.,0.75));
#126 = DIRECTION('',(1.,0.,0.));
#127 = DIRECTION('',(-0.,0.,1.));
#128 = DEFINITIONAL_REPRESENTATION('',(#129),#152);
#129 = B_SPLINE_CURVE_WITH_KNOTS('',6,(#130,#131,#132,#133,#134,#135,
    #136,#137,#138,#139,#140,#141,#142,#143,#144,#145,#146,#147,#148,
    #149,#150,#151),.UNSPECIFIED.,.F.,.F.,(7,5,5,5,7),(0.,0.260670051465
    ,0.565497341153,0.693187482178,1.),.UNSPECIFIED.);
#130 = CARTESIAN_POINT('',(5.035817851451,-6.E-07));
#131 = CARTESIAN_POINT('',(5.085188844324,2.077068862516E-02));
#132 = CARTESIAN_POINT('',(5.13439397931,4.446579280842E-02));
#133 = CARTESIAN_POINT('',(5.183569636794,7.059469950868E-02));
#134 = CARTESIAN_POINT('',(5.232834899782,9.865098511782E-02));
#135 = CARTESIAN_POINT('',(5.282299723983,0.128123563128));
#136 = CARTESIAN_POINT('',(5.390278051754,0.194040465922));
#137 = CARTESIAN_POINT('',(5.448951064524,0.23084770157));
#138 = CARTESIAN_POINT('',(5.508361936611,0.268183161243));
#139 = CARTESIAN_POINT('',(5.568768742988,0.305301732203));
#140 = CARTESIAN_POINT('',(5.630431276375,0.341406383041));
#141 = CARTESIAN_POINT('',(5.720095696789,0.389915506769));
#142 = CARTESIAN_POINT('',(5.746836817926,0.40390107072));
#143 = CARTESIAN_POINT('',(5.773857242347,0.417478777533));
#144 = CARTESIAN_POINT('',(5.801167352962,0.430574812667));
#145 = CARTESIAN_POINT('',(5.828778517078,0.443113841609));
#146 = CARTESIAN_POINT('',(5.923799945685,0.483624622004));
#147 = CARTESIAN_POINT('',(5.993167580309,0.508767750321));
#148 = CARTESIAN_POINT('',(6.064181019784,0.528927974384));
#149 = CARTESIAN_POINT('',(6.136412760108,0.54290819764));
#150 = CARTESIAN_POINT('',(6.209519504148,0.55));
#151 = CARTESIAN_POINT('',(6.28318530718,0.55));
#152 = ( GEOMETRIC_REPRESENTATION_CONTEXT(2) 
PARAMETRIC_REPRESENTATION_CONTEXT() REPRESENTATION_CONTEXT('2D SPACE',''
  ) );
#153 = ORIENTED_EDGE('',*,*,#154,.F.);
#154 = EDGE_CURVE('',#155,#70,#157,.T.);
#155 = VERTEX_POINT('',#156);
#156 = CARTESIAN_POINT('',(1.95,1.564448784716,1.1626683158));
#157 = SURFACE_CURVE('',#158,(#162,#168),.PCURVE_S1.);
#158 = LINE('',#159,#160);
#159 = CARTESIAN_POINT('',(1.95,1.564448784716,0.));
#160 = VECTOR('',#161,1.);
#161 = DIRECTION('',(0.,0.,1.));
#162 = PCURVE('',#50,#163);
#163 = DEFINITIONAL_REPRESENTATION('',(#164),#167);
#164 = B_SPLINE_CURVE_WITH_KNOTS('',1,(#165,#166),.UNSPECIFIED.,.F.,.F.,
  (2,2),(-6.000000008202E-07,2.73),.PIECEWISE_BEZIER_KNOTS.);
#165 = CARTESIAN_POINT('',(0.676130509561,-6.000000008202E-07));
#166 = CARTESIAN_POINT('',(0.676130509561,2.73));
#167 = ( GEOMETRIC_REPRESENTATION_CONTEXT(2) 
PARAMETRIC_REPRESENTATION_CONTEXT() REPRESENTATION_CONTEXT('2D SPACE',''
  ) );
#168 = PCURVE('',#169,#174);
#169 = PLANE('',#170);
#170 = AXIS2_PLACEMENT_3D('',#171,#172,#173);
#171 = CARTESIAN_POINT('',(1.95,0.,0.75));
#172 = DIRECTION('',(1.,0.,0.));
#173 = DIRECTION('',(-0.,0.,1.));
#174 = DEFINITIONAL_REPRESENTATION('',(#175),#178);
#175 = B_SPLINE_CURVE_WITH_KNOTS('',1,(#176,#177),.UNSPECIFIED.,.F.,.F.,
  (2,2),(-6.000000008202E-07,2.73),.PIECEWISE_BEZIER_KNOTS.);
#176 = CARTESIAN_POINT('',(-0.7500006,-1.564448784716));
#177 = CARTESIAN_POINT('',(1.98,-1.564448784716));
#178 = ( GEOMETRIC_REPRESENTATION_CONTEXT(2) 
PARAMETRIC_REPRESENTATION_CONTEXT() REPRESENTATION_CONTEXT('2D SPACE',''
  ) );
#179 = ORIENTED_EDGE('',*,*,#180,.F.);
#180 = EDGE_CURVE('',#181,#155,#183,.T.);
#181 = VERTEX_POINT('',#182);
#182 = CARTESIAN_POINT('',(1.5,2.,1.35));
#183 = SURFACE_CURVE('',#184,(#253,#325),.PCURVE_S1.);
#184 = B_SPLINE_CURVE_WITH_KNOTS('',7,(#185,#186,#187,#188,#189,#190,
    #191,#192,#193,#194,#195,#196,#197,#198,#199,#200,#201,#202,#203,
    #204,#205,#206,#207,#208,#209,#210,#211,#212,#213,#214,#215,#216,
    #217,#218,#219,#220,#221,#222,#223,#224,#225,#226,#227,#228,#229,
    #230,#231,#232,#233,#234,#235,#236,#237,#238,#239,#240,#241,#242,
    #243,#244,#245,#246,#247,#248,#249,#250,#251,#252),.UNSPECIFIED.,.F.
  ,.F.,(8,6,6,6,6,6,6,6,6,6,6,8),(0.,5.755672438848E-02,0.162043261481,
    0.235360152267,0.315065583815,0.394778525129,0.468567854153,
    0.537828875543,0.623819882802,0.801236985379,0.924023705558,1.),
  .UNSPECIFIED.);
#185 = CARTESIAN_POINT('',(1.5,2.,1.35));
#186 = CARTESIAN_POINT('',(1.527365456811,1.979475907391,1.35));
#187 = CARTESIAN_POINT('',(1.554280931945,1.958606708386,1.349181002986)
  );
#188 = CARTESIAN_POINT('',(1.580701974862,1.937436794384,1.347493232483)
  );
#189 = CARTESIAN_POINT('',(1.606586967107,1.916014792535,1.344889512319)
  );
#190 = CARTESIAN_POINT('',(1.631897122307,1.894393565742,1.341325266625)
  );
#191 = CARTESIAN_POINT('',(1.656596486168,1.872630212662,1.336758519833)
  );
#192 = CARTESIAN_POINT('',(1.724321390022,1.811130943353,1.32096819128)
  );
#193 = CARTESIAN_POINT('',(1.765936007768,1.771148371591,1.30733744771)
  );
#194 = CARTESIAN_POINT('',(1.805107891244,1.731364832499,1.290045083475)
  );
#195 = CARTESIAN_POINT('',(1.841553620993,1.692339966462,1.268982701371)
  );
#196 = CARTESIAN_POINT('',(1.875077576992,1.654650138243,1.244154865465)
  );
#197 = CARTESIAN_POINT('',(1.90555413994,1.618864970603,1.215685873034)
  );
#198 = CARTESIAN_POINT('',(1.952103176169,1.56211688832,1.161467812904)
  );
#199 = CARTESIAN_POINT('',(1.9697350655,1.539947754117,1.137470429222));
#200 = CARTESIAN_POINT('',(1.985789044044,1.519184061472,1.111922693298)
  );
#201 = CARTESIAN_POINT('',(2.000260957272,1.499990215738,1.084943221113)
  );
#202 = CARTESIAN_POINT('',(2.013155625737,1.482514443994,1.056677105121)
  );
#203 = CARTESIAN_POINT('',(2.024484577323,1.466882828018,1.027294096648)
  );
#204 = CARTESIAN_POINT('',(2.044895102236,1.438310999008,0.964038622223)
  );
#205 = CARTESIAN_POINT('',(2.053697010442,1.425720773073,0.92999079306)
  );
#206 = CARTESIAN_POINT('',(2.060704463547,1.415529473617,0.895044235685)
  );
#207 = CARTESIAN_POINT('',(2.065945683889,1.407819904794,0.859413557147)
  );
#208 = CARTESIAN_POINT('',(2.069441114897,1.402648524621,0.823324068798)
  );
#209 = CARTESIAN_POINT('',(2.071202379289,1.400043108866,0.787008818435)
  );
#210 = CARTESIAN_POINT('',(2.071260097961,1.399957716951,0.714399006009)
  );
#211 = CARTESIAN_POINT('',(2.069556249717,1.402478188173,0.678074277741)
  );
#212 = CARTESIAN_POINT('',(2.066118195549,1.407565638643,0.641969124533)
  );
#213 = CARTESIAN_POINT('',(2.060934530325,1.41519291506,0.606316578059)
  );
#214 = CARTESIAN_POINT('',(2.053984970928,1.425304207572,0.571342047531)
  );
#215 = CARTESIAN_POINT('',(2.045241386429,1.437817356576,0.537260352451)
  );
#216 = CARTESIAN_POINT('',(2.02488193593,1.466334493638,0.47373652604));
#217 = CARTESIAN_POINT('',(2.01352542495,1.48201342848,0.444130000109));
#218 = CARTESIAN_POINT('',(2.00058290051,1.499563763021,0.415650582366)
  );
#219 = CARTESIAN_POINT('',(1.986042572547,1.518857184117,0.388472184538)
  );
#220 = CARTESIAN_POINT('',(1.969899617835,1.539742455387,0.36274333818)
  );
#221 = CARTESIAN_POINT('',(1.952158542075,1.562051606081,0.33858530759)
  );
#222 = CARTESIAN_POINT('',(1.914698356839,1.607715139113,0.294975578683)
  );
#223 = CARTESIAN_POINT('',(1.895179551297,1.630906720734,0.275340002198)
  );
#224 = CARTESIAN_POINT('',(1.874301275036,1.655023770184,0.257263126812)
  );
#225 = CARTESIAN_POINT('',(1.85209843049,1.679899192013,0.240799321976)
  );
#226 = CARTESIAN_POINT('',(1.828620470241,1.70536053923,0.225977829306)
  );
#227 = CARTESIAN_POINT('',(1.803933194407,1.731234662586,0.212802918852)
  );
#228 = CARTESIAN_POINT('',(1.746072862076,1.789778781673,0.186915543791)
  );
#229 = CARTESIAN_POINT('',(1.712322399231,1.822548327796,0.175097791808)
  );
#230 = CARTESIAN_POINT('',(1.676965948822,1.855405615204,0.165722709624)
  );
#231 = CARTESIAN_POINT('',(1.640119293403,1.888111589331,0.158686874789)
  );
#232 = CARTESIAN_POINT('',(1.601918874608,1.920445641618,0.153863149944)
  );
#233 = CARTESIAN_POINT('',(1.562523458994,1.952207727073,0.151102310573)
  );
#234 = CARTESIAN_POINT('',(1.438746515412,2.047206162047,0.148444557793)
  );
#235 = CARTESIAN_POINT('',(1.351123821469,2.107959173715,0.154715100553)
  );
#236 = CARTESIAN_POINT('',(1.259938723964,2.164635859436,0.1675205028));
#237 = CARTESIAN_POINT('',(1.165759450742,2.216791926769,0.18551699639)
  );
#238 = CARTESIAN_POINT('',(1.069008806355,2.264185107394,0.207486420535)
  );
#239 = CARTESIAN_POINT('',(0.96998153889,2.306681501525,0.23227194261));
#240 = CARTESIAN_POINT('',(0.798775907579,2.370133771448,0.276708477461)
  );
#241 = CARTESIAN_POINT('',(0.727924027915,2.39361730053,0.295537364296)
  );
#242 = CARTESIAN_POINT('',(0.655843381908,2.414791646316,0.314686142886)
  );
#243 = CARTESIAN_POINT('',(0.58225242603,2.433657698875,0.333765305359)
  );
#244 = CARTESIAN_POINT('',(0.507102451355,2.450078692001,0.352181068721)
  );
#245 = CARTESIAN_POINT('',(0.430455783482,2.463932246187,0.369080692005)
  );
#246 = CARTESIAN_POINT('',(0.303713578128,2.481965482432,0.392457505474)
  );
#247 = CARTESIAN_POINT('',(0.254213260342,2.487879831057,0.400529688182)
  );
#248 = CARTESIAN_POINT('',(0.204070596669,2.492681485097,0.407399847307)
  );
#249 = CARTESIAN_POINT('',(0.153520228582,2.49631622702,0.412783732622)
  );
#250 = CARTESIAN_POINT('',(0.102661316394,2.498762213603,0.416471617924)
  );
#251 = CARTESIAN_POINT('',(5.150089628006E-02,2.500000012367,
    0.418337539609));
#252 = CARTESIAN_POINT('',(-6.00342505234E-07,2.5,0.418337520964));
#253 = PCURVE('',#50,#254);
#254 = DEFINITIONAL_REPRESENTATION('',(#255),#324);
#255 = B_SPLINE_CURVE_WITH_KNOTS('',7,(#256,#257,#258,#259,#260,#261,
    #262,#263,#264,#265,#266,#267,#268,#269,#270,#271,#272,#273,#274,
    #275,#276,#277,#278,#279,#280,#281,#282,#283,#284,#285,#286,#287,
    #288,#289,#290,#291,#292,#293,#294,#295,#296,#297,#298,#299,#300,
    #301,#302,#303,#304,#305,#306,#307,#308,#309,#310,#311,#312,#313,
    #314,#315,#316,#317,#318,#319,#320,#321,#322,#323),.UNSPECIFIED.,.F.
  ,.F.,(8,6,6,6,6,6,6,6,6,6,6,8),(0.,5.755672438848E-02,0.162043261481,
    0.235360152267,0.315065583815,0.394778525129,0.468567854153,
    0.537828875543,0.623819882802,0.801236985379,0.924023705558,1.),
  .UNSPECIFIED.);
#256 = CARTESIAN_POINT('',(0.927295218002,1.35));
#257 = CARTESIAN_POINT('',(0.913612489596,1.35));
#258 = CARTESIAN_POINT('',(0.899991003568,1.349181002986));
#259 = CARTESIAN_POINT('',(0.886451274911,1.347493232483));
#260 = CARTESIAN_POINT('',(0.873014324903,1.344889512319));
#261 = CARTESIAN_POINT('',(0.859701681114,1.341325266625));
#262 = CARTESIAN_POINT('',(0.846535377401,1.336758519833));
#263 = CARTESIAN_POINT('',(0.809942869474,1.32096819128));
#264 = CARTESIAN_POINT('',(0.786868219701,1.30733744771));
#265 = CARTESIAN_POINT('',(0.764549007955,1.290045083475));
#266 = CARTESIAN_POINT('',(0.743202399281,1.268982701371));
#267 = CARTESIAN_POINT('',(0.72303340317,1.244154865465));
#268 = CARTESIAN_POINT('',(0.704234911821,1.215685873034));
#269 = CARTESIAN_POINT('',(0.674876008254,1.161467812904));
#270 = CARTESIAN_POINT('',(0.663546973186,1.137470429222));
#271 = CARTESIAN_POINT('',(0.653049934145,1.111922693298));
#272 = CARTESIAN_POINT('',(0.643435656521,1.084943221113));
#273 = CARTESIAN_POINT('',(0.634748975283,1.056677105121));
#274 = CARTESIAN_POINT('',(0.627027044615,1.027294096648));
#275 = CARTESIAN_POINT('',(0.612981752506,0.964038622223));
#276 = CARTESIAN_POINT('',(0.606837292551,0.92999079306));
#277 = CARTESIAN_POINT('',(0.601890300861,0.895044235685));
#278 = CARTESIAN_POINT('',(0.598161344385,0.859413557147));
#279 = CARTESIAN_POINT('',(0.595664537081,0.823324068798));
#280 = CARTESIAN_POINT('',(0.59440661316,0.787008818435));
#281 = CARTESIAN_POINT('',(0.59436538555,0.714399006009));
#282 = CARTESIAN_POINT('',(0.595582297742,0.678074277741));
#283 = CARTESIAN_POINT('',(0.598038438802,0.641969124533));
#284 = CARTESIAN_POINT('',(0.601727231567,0.606316578059));
#285 = CARTESIAN_POINT('',(0.606634736025,0.571342047531));
#286 = CARTESIAN_POINT('',(0.612740565531,0.537260352451));
#287 = CARTESIAN_POINT('',(0.62675618157,0.47373652604));
#288 = CARTESIAN_POINT('',(0.634499908872,0.444130000109));
#289 = CARTESIAN_POINT('',(0.643221949047,0.415650582366));
#290 = CARTESIAN_POINT('',(0.652884488452,0.388472184538));
#291 = CARTESIAN_POINT('',(0.66344174431,0.36274333818));
#292 = CARTESIAN_POINT('',(0.674841773331,0.33858530759));
#293 = CARTESIAN_POINT('',(0.698466925104,0.294975578683));
#294 = CARTESIAN_POINT('',(0.710590894227,0.275340002198));
#295 = CARTESIAN_POINT('',(0.723348332675,0.257263126812));
#296 = CARTESIAN_POINT('',(0.736682595377,0.240799321976));
#297 = CARTESIAN_POINT('',(0.750533007755,0.225977829306));
#298 = CARTESIAN_POINT('',(0.764835626266,0.212802918852));
#299 = CARTESIAN_POINT('',(0.797760345095,0.186915543791));
#300 = CARTESIAN_POINT('',(0.816573122165,0.175097791808));
#301 = CARTESIAN_POINT('',(0.835872240788,0.165722709624));
#302 = CARTESIAN_POINT('',(0.855570019975,0.158686874789));
#303 = CARTESIAN_POINT('',(0.875580054326,0.153863149944));
#304 = CARTESIAN_POINT('',(0.895816081251,0.151102310573));
#305 = CARTESIAN_POINT('',(0.958228175477,0.148444557793));
#306 = CARTESIAN_POINT('',(1.000827881993,0.154715100553));
#307 = CARTESIAN_POINT('',(1.043686660347,0.1675205028));
#308 = CARTESIAN_POINT('',(1.086651633918,0.18551699639));
#309 = CARTESIAN_POINT('',(1.129659106109,0.207486420535));
#310 = CARTESIAN_POINT('',(1.17270851925,0.23227194261));
#311 = CARTESIAN_POINT('',(1.24574282215,0.276708477461));
#312 = CARTESIAN_POINT('',(1.275581541865,0.295537364296));
#313 = CARTESIAN_POINT('',(1.305603827464,0.314686142886));
#314 = CARTESIAN_POINT('',(1.335957868451,0.333765305359));
#315 = CARTESIAN_POINT('',(1.366694949966,0.352181068721));
#316 = CARTESIAN_POINT('',(1.397828529221,0.369080692005));
#317 = CARTESIAN_POINT('',(1.449036004031,0.392457505474));
#318 = CARTESIAN_POINT('',(1.468971936657,0.400529688182));
#319 = CARTESIAN_POINT('',(1.489111861002,0.407399847307));
#320 = CARTESIAN_POINT('',(1.509373920174,0.412783732622));
#321 = CARTESIAN_POINT('',(1.529731814041,0.416471617924));
#322 = CARTESIAN_POINT('',(1.55019596842,0.418337539609));
#323 = CARTESIAN_POINT('',(1.570796567069,0.418337520964));
#324 = ( GEOMETRIC_REPRESENTATION_CONTEXT(2) 
PARAMETRIC_REPRESENTATION_CONTEXT() REPRESENTATION_CONTEXT('2D SPACE',''
  ) );
#325 = PCURVE('',#326,#331);
#326 = CYLINDRICAL_SURFACE('',#327,0.6);
#327 = AXIS2_PLACEMENT_3D('',#328,#329,#330);
#328 = CARTESIAN_POINT('',(0.,2.,0.75));
#329 = DIRECTION('',(1.,0.,0.));
#330 = DIRECTION('',(-0.,0.,1.));
#331 = DEFINITIONAL_REPRESENTATION('',(#332),#401);
#332 = B_SPLINE_CURVE_WITH_KNOTS('',7,(#333,#334,#335,#336,#337,#338,
    #339,#340,#341,#342,#343,#344,#345,#346,#347,#348,#349,#350,#351,
    #352,#353,#354,#355,#356,#357,#358,#359,#360,#361,#362,#363,#364,
    #365,#366,#367,#368,#369,#370,#371,#372,#373,#374,#375,#376,#377,
    #378,#379,#380,#381,#382,#383,#384,#385,#386,#387,#388,#389,#390,
    #391,#392,#393,#394,#395,#396,#397,#398,#399,#400),.UNSPECIFIED.,.F.
  ,.F.,(8,6,6,6,6,6,6,6,6,6,6,8),(0.,5.755672438848E-02,0.162043261481,
    0.235360152267,0.315065583815,0.394778525129,0.468567854153,
    0.537828875543,0.623819882802,0.801236985379,0.924023705558,1.),
  .UNSPECIFIED.);
#333 = CARTESIAN_POINT('',(0.,1.5));
#334 = CARTESIAN_POINT('',(3.420682101437E-02,1.527365456811));
#335 = CARTESIAN_POINT('',(6.898893669756E-02,1.554280931945));
#336 = CARTESIAN_POINT('',(0.104337474059,1.580701974862));
#337 = CARTESIAN_POINT('',(0.140246675301,1.606586967107));
#338 = CARTESIAN_POINT('',(0.176713897825,1.631897122307));
#339 = CARTESIAN_POINT('',(0.213739614224,1.656596486168));
#340 = CARTESIAN_POINT('',(0.319563033725,1.724321390022));
#341 = CARTESIAN_POINT('',(0.38975674599,1.765936007768));
#342 = CARTESIAN_POINT('',(0.461666089414,1.805107891244));
#343 = CARTESIAN_POINT('',(0.535084711649,1.841553620993));
#344 = CARTESIAN_POINT('',(0.609831052326,1.875077576992));
#345 = CARTESIAN_POINT('',(0.685732092089,1.90555413994));
#346 = CARTESIAN_POINT('',(0.816540931484,1.952103176169));
#347 = CARTESIAN_POINT('',(0.870885687266,1.9697350655));
#348 = CARTESIAN_POINT('',(0.92557742937,1.985789044044));
#349 = CARTESIAN_POINT('',(0.98055619375,2.000260957272));
#350 = CARTESIAN_POINT('',(1.035758093498,2.013155625737));
#351 = CARTESIAN_POINT('',(1.091112356015,2.024484577323));
#352 = CARTESIAN_POINT('',(1.206793964772,2.044895102236));
#353 = CARTESIAN_POINT('',(1.267147421039,2.053697010442));
#354 = CARTESIAN_POINT('',(1.32757712855,2.060704463547));
#355 = CARTESIAN_POINT('',(1.388063272911,2.065945683889));
#356 = CARTESIAN_POINT('',(1.448584555071,2.069441114897));
#357 = CARTESIAN_POINT('',(1.509114920624,2.071202379289));
#358 = CARTESIAN_POINT('',(1.630131358354,2.071260097961));
#359 = CARTESIAN_POINT('',(1.690667474799,2.069556249717));
#360 = CARTESIAN_POINT('',(1.751194856552,2.066118195549));
#361 = CARTESIAN_POINT('',(1.811687696291,2.060934530325));
#362 = CARTESIAN_POINT('',(1.872124900614,2.053984970928));
#363 = CARTESIAN_POINT('',(1.932486829387,2.045241386429));
#364 = CARTESIAN_POINT('',(2.048538824775,2.02488193593));
#365 = CARTESIAN_POINT('',(2.104256809473,2.01352542495));
#366 = CARTESIAN_POINT('',(2.159822818414,2.00058290051));
#367 = CARTESIAN_POINT('',(2.215163884468,1.986042572547));
#368 = CARTESIAN_POINT('',(2.270214169803,1.969899617835));
#369 = CARTESIAN_POINT('',(2.324911891552,1.952158542075));
#370 = CARTESIAN_POINT('',(2.430149278026,1.914698356839));
#371 = CARTESIAN_POINT('',(2.480704449468,1.895179551297));
#372 = CARTESIAN_POINT('',(2.530797394707,1.874301275036));
#373 = CARTESIAN_POINT('',(2.580364266271,1.85209843049));
#374 = CARTESIAN_POINT('',(2.62934070174,1.828620470241));
#375 = CARTESIAN_POINT('',(2.677660789178,1.803933194407));
#376 = CARTESIAN_POINT('',(2.78434789747,1.746072862076));
#377 = CARTESIAN_POINT('',(2.842263819171,1.712322399231));
#378 = CARTESIAN_POINT('',(2.899003843043,1.676965948822));
#379 = CARTESIAN_POINT('',(2.954550515635,1.640119293403));
#380 = CARTESIAN_POINT('',(3.008870300603,1.601918874608));
#381 = CARTESIAN_POINT('',(3.061914994637,1.562523458994));
#382 = CARTESIAN_POINT('',(3.220307670335,1.438746515412));
#383 = CARTESIAN_POINT('',(3.321231093902,1.351123821469));
#384 = CARTESIAN_POINT('',(3.417040047026,1.259938723965));
#385 = CARTESIAN_POINT('',(3.508085306271,1.165759450742));
#386 = CARTESIAN_POINT('',(3.594516559199,1.069008806355));
#387 = CARTESIAN_POINT('',(3.676228166197,0.96998153889));
#388 = CARTESIAN_POINT('',(3.805336176405,0.798775907579));
#389 = CARTESIAN_POINT('',(3.855396935539,0.727924027915));
#390 = CARTESIAN_POINT('',(3.902852360146,0.655843381908));
#391 = CARTESIAN_POINT('',(3.947455841174,0.582252426031));
#392 = CARTESIAN_POINT('',(3.98852004732,0.507102451355));
#393 = CARTESIAN_POINT('',(4.024924494099,0.430455783482));
#394 = CARTESIAN_POINT('',(4.074131342579,0.303713578128));
#395 = CARTESIAN_POINT('',(4.090804342387,0.25421325997));
#396 = CARTESIAN_POINT('',(4.104770140236,0.204070597206));
#397 = CARTESIAN_POINT('',(4.115595609663,0.153520228785));
#398 = CARTESIAN_POINT('',(4.122971730676,0.102661315563));
#399 = CARTESIAN_POINT('',(4.126703474216,5.150089662257E-02));
#400 = CARTESIAN_POINT('',(4.126703436927,-6.E-07));
#401 = ( GEOMETRIC_REPRESENTATION_CONTEXT(2) 
PARAMETRIC_REPRESENTATION_CONTEXT() REPRESENTATION_CONTEXT('2D SPACE',''
  ) );
#402 = ORIENTED_EDGE('',*,*,#403,.F.);
#403 = EDGE_CURVE('',#404,#181,#406,.T.);
#404 = VERTEX_POINT('',#405);
#405 = CARTESIAN_POINT('',(0.,2.5,1.081662479036));
#406 = SURFACE_CURVE('',#407,(#431,#458),.PCURVE_S1.);
#407 = B_SPLINE_CURVE_WITH_KNOTS('',8,(#408,#409,#410,#411,#412,#413,
    #414,#415,#416,#417,#418,#419,#420,#421,#422,#423,#424,#425,#426,
    #427,#428,#429,#430),.UNSPECIFIED.,.F.,.F.,(9,7,7,9),(0.,
    0.461023405813,0.536574776771,1.),.UNSPECIFIED.);
#408 = CARTESIAN_POINT('',(-6.009195331039E-07,2.5,1.081662479036));
#409 = CARTESIAN_POINT('',(0.104013181478,2.500000025001,1.081662441344)
  );
#410 = CARTESIAN_POINT('',(0.203547903549,2.495054377496,1.089118490933)
  );
#411 = CARTESIAN_POINT('',(0.300608369831,2.48590774306,1.102906265673)
  );
#412 = CARTESIAN_POINT('',(0.396350785662,2.472674553692,1.121508929443)
  );
#413 = CARTESIAN_POINT('',(0.490806009439,2.455322725243,1.143266610294)
  );
#414 = CARTESIAN_POINT('',(0.583339727629,2.434072657342,1.166576695763)
  );
#415 = CARTESIAN_POINT('',(0.673178440925,2.409366330634,1.190106365347)
  );
#416 = CARTESIAN_POINT('',(0.773684061811,2.37731647074,1.216547431821)
  );
#417 = CARTESIAN_POINT('',(0.787788349134,2.372712949155,1.220260804675)
  );
#418 = CARTESIAN_POINT('',(0.801846100455,2.368018833046,1.223961182557)
  );
#419 = CARTESIAN_POINT('',(0.81585791281,2.363234318198,1.227645258787)
  );
#420 = CARTESIAN_POINT('',(0.829824304546,2.358359587488,1.231309804739)
  );
#421 = CARTESIAN_POINT('',(0.843745715315,2.353394810886,1.234951669842)
  );
#422 = CARTESIAN_POINT('',(0.857622506079,2.34834014546,1.238567781578)
  );
#423 = CARTESIAN_POINT('',(0.9563019652,2.311640392761,1.264159708699));
#424 = CARTESIAN_POINT('',(1.039633569522,2.276652093892,1.285121196385)
  );
#425 = CARTESIAN_POINT('',(1.121393396821,2.238284900548,1.30430946671)
  );
#426 = CARTESIAN_POINT('',(1.20145536768,2.196606871786,1.321066070152)
  );
#427 = CARTESIAN_POINT('',(1.279628604935,2.151718649555,1.334738855963)
  );
#428 = CARTESIAN_POINT('',(1.355660975378,2.103783534215,1.344636078015)
  );
#429 = CARTESIAN_POINT('',(1.429241266749,2.053069049938,1.35));
#430 = CARTESIAN_POINT('',(1.5,2.,1.35));
#431 = PCURVE('',#50,#432);
#432 = DEFINITIONAL_REPRESENTATION('',(#433),#457);
#433 = B_SPLINE_CURVE_WITH_KNOTS('',8,(#434,#435,#436,#437,#438,#439,
    #440,#441,#442,#443,#444,#445,#446,#447,#448,#449,#450,#451,#452,
    #453,#454,#455,#456),.UNSPECIFIED.,.F.,.F.,(9,7,7,9),(0.,
    0.461023405813,0.536574776771,1.),.UNSPECIFIED.);
#434 = CARTESIAN_POINT('',(1.570796567531,1.081662479036));
#435 = CARTESIAN_POINT('',(1.529191054572,1.081662441344));
#436 = CARTESIAN_POINT('',(1.489377173434,1.089118490933));
#437 = CARTESIAN_POINT('',(1.450443202894,1.102906265673));
#438 = CARTESIAN_POINT('',(1.411856770232,1.121508929443));
#439 = CARTESIAN_POINT('',(1.373517717026,1.143266610293));
#440 = CARTESIAN_POINT('',(1.335598698482,1.166576695763));
#441 = CARTESIAN_POINT('',(1.298359390046,1.190106365347));
#442 = CARTESIAN_POINT('',(1.256162568652,1.216547431821));
#443 = CARTESIAN_POINT('',(1.250228083722,1.220260804675));
#444 = CARTESIAN_POINT('',(1.244300004714,1.223961182557));
#445 = CARTESIAN_POINT('',(1.238377811383,1.227645258787));
#446 = CARTESIAN_POINT('',(1.232461014007,1.231309804739));
#447 = CARTESIAN_POINT('',(1.226549153381,1.234951669842));
#448 = CARTESIAN_POINT('',(1.22064180082,1.238567781578));
#449 = CARTESIAN_POINT('',(1.178528605738,1.264159708699));
#450 = CARTESIAN_POINT('',(1.142408187163,1.285121196385));
#451 = CARTESIAN_POINT('',(1.106333367162,1.30430946671));
#452 = CARTESIAN_POINT('',(1.070290461441,1.321066070152));
#453 = CARTESIAN_POINT('',(1.034294093592,1.334738855963));
#454 = CARTESIAN_POINT('',(0.998391714557,1.344636078015));
#455 = CARTESIAN_POINT('',(0.962674584627,1.35));
#456 = CARTESIAN_POINT('',(0.927295218002,1.35));
#457 = ( GEOMETRIC_REPRESENTATION_CONTEXT(2) 
PARAMETRIC_REPRESENTATION_CONTEXT() REPRESENTATION_CONTEXT('2D SPACE',''
  ) );
#458 = PCURVE('',#326,#459);
#459 = DEFINITIONAL_REPRESENTATION('',(#460),#484);
#460 = B_SPLINE_CURVE_WITH_KNOTS('',8,(#461,#462,#463,#464,#465,#466,
    #467,#468,#469,#470,#471,#472,#473,#474,#475,#476,#477,#478,#479,
    #480,#481,#482,#483),.UNSPECIFIED.,.F.,.F.,(9,7,7,9),(0.,
    0.461023405813,0.536574776771,1.),.UNSPECIFIED.);
#461 = CARTESIAN_POINT('',(5.298074523842,-6.E-07));
#462 = CARTESIAN_POINT('',(5.29807444846,0.104013182397));
#463 = CARTESIAN_POINT('',(5.312986083654,0.203547897013));
#464 = CARTESIAN_POINT('',(5.340564362163,0.300608381791));
#465 = CARTESIAN_POINT('',(5.378587375413,0.396350774186));
#466 = CARTESIAN_POINT('',(5.424803474349,0.490806015602));
#467 = CARTESIAN_POINT('',(5.477169320395,0.583339726091));
#468 = CARTESIAN_POINT('',(5.53388849681,0.673178440925));
#469 = CARTESIAN_POINT('',(5.603136912667,0.773684061811));
#470 = CARTESIAN_POINT('',(5.612993846703,0.787788349134));
#471 = CARTESIAN_POINT('',(5.622954881659,0.801846100455));
#472 = CARTESIAN_POINT('',(5.633017800344,0.81585791281));
#473 = CARTESIAN_POINT('',(5.643180612578,0.829824304546));
#474 = CARTESIAN_POINT('',(5.653441555193,0.843745715315));
#475 = CARTESIAN_POINT('',(5.663799092032,0.857622506079));
#476 = CARTESIAN_POINT('',(5.738368570855,0.9563019652));
#477 = CARTESIAN_POINT('',(5.806184248166,1.039633569522));
#478 = CARTESIAN_POINT('',(5.877329761079,1.121393396821));
#479 = CARTESIAN_POINT('',(5.951681583438,1.20145536768));
#480 = CARTESIAN_POINT('',(6.029266978119,1.279628604935));
#481 = CARTESIAN_POINT('',(6.110212645587,1.355660975378));
#482 = CARTESIAN_POINT('',(6.194736890616,1.429241266749));
#483 = CARTESIAN_POINT('',(6.28318530718,1.5));
#484 = ( GEOMETRIC_REPRESENTATION_CONTEXT(2) 
PARAMETRIC_REPRESENTATION_CONTEXT() REPRESENTATION_CONTEXT('2D SPACE',''
  ) );
#485 = ORIENTED_EDGE('',*,*,#486,.F.);
#486 = EDGE_CURVE('',#487,#404,#489,.T.);
#487 = VERTEX_POINT('',#488);
#488 = CARTESIAN_POINT('',(0.,2.5,0.418337520964));
#489 = SURFACE_CURVE('',#490,(#494,#500),.PCURVE_S1.);
#490 = LINE('',#491,#492);
#491 = CARTESIAN_POINT('',(0.,2.5,0.));
#492 = VECTOR('',#493,1.);
#493 = DIRECTION('',(0.,0.,1.));
#494 = PCURVE('',#50,#495);
#495 = DEFINITIONAL_REPRESENTATION('',(#496),#499);
#496 = B_SPLINE_CURVE_WITH_KNOTS('',1,(#497,#498),.UNSPECIFIED.,.F.,.F.,
  (2,2),(3.E-02,1.47),.PIECEWISE_BEZIER_KNOTS.);
#497 = CARTESIAN_POINT('',(1.570796326795,3.E-02));
#498 = CARTESIAN_POINT('',(1.570796326795,1.47));
#499 = ( GEOMETRIC_REPRESENTATION_CONTEXT(2) 
PARAMETRIC_REPRESENTATION_CONTEXT() REPRESENTATION_CONTEXT('2D SPACE',''
  ) );
#500 = PCURVE('',#501,#506);
#501 = PLANE('',#502);
#502 = AXIS2_PLACEMENT_3D('',#503,#504,#505);
#503 = CARTESIAN_POINT('',(0.,2.,0.75));
#504 = DIRECTION('',(1.,0.,0.));
#505 = DIRECTION('',(-0.,0.,1.));
#506 = DEFINITIONAL_REPRESENTATION('',(#507),#510);
#507 = B_SPLINE_CURVE_WITH_KNOTS('',1,(#508,#509),.UNSPECIFIED.,.F.,.F.,
  (2,2),(3.E-02,1.47),.PIECEWISE_BEZIER_KNOTS.);
#508 = CARTESIAN_POINT('',(-0.72,-0.5));
#509 = CARTESIAN_POINT('',(0.72,-0.5));
#510 = ( GEOMETRIC_REPRESENTATION_CONTEXT(2) 
PARAMETRIC_REPRESENTATION_CONTEXT() REPRESENTATION_CONTEXT('2D SPACE',''
  ) );
#511 = ORIENTED_EDGE('',*,*,#512,.F.);
#512 = EDGE_CURVE('',#513,#487,#515,.T.);
#513 = VERTEX_POINT('',#514);
#514 = CARTESIAN_POINT('',(1.95,1.564448784716,0.3373316842));
#515 = SURFACE_CURVE('',#516,(#585,#657),.PCURVE_S1.);
#516 = B_SPLINE_CURVE_WITH_KNOTS('',7,(#517,#518,#519,#520,#521,#522,
    #523,#524,#525,#526,#527,#528,#529,#530,#531,#532,#533,#534,#535,
    #536,#537,#538,#539,#540,#541,#542,#543,#544,#545,#546,#547,#548,
    #549,#550,#551,#552,#553,#554,#555,#556,#557,#558,#559,#560,#561,
    #562,#563,#564,#565,#566,#567,#568,#569,#570,#571,#572,#573,#574,
    #575,#576,#577,#578,#579,#580,#581,#582,#583,#584),.UNSPECIFIED.,.F.
  ,.F.,(8,6,6,6,6,6,6,6,6,6,6,8),(0.,5.755672438848E-02,0.162043261481,
    0.235360152267,0.315065583815,0.394778525129,0.468567854153,
    0.537828875543,0.623819882802,0.801236985379,0.924023705558,1.),
  .UNSPECIFIED.);
#517 = CARTESIAN_POINT('',(1.5,2.,1.35));
#518 = CARTESIAN_POINT('',(1.527365456811,1.979475907391,1.35));
#519 = CARTESIAN_POINT('',(1.554280931945,1.958606708386,1.349181002986)
  );
#520 = CARTESIAN_POINT('',(1.580701974862,1.937436794384,1.347493232483)
  );
#521 = CARTESIAN_POINT('',(1.606586967107,1.916014792535,1.344889512319)
  );
#522 = CARTESIAN_POINT('',(1.631897122307,1.894393565742,1.341325266625)
  );
#523 = CARTESIAN_POINT('',(1.656596486168,1.872630212662,1.336758519833)
  );
#524 = CARTESIAN_POINT('',(1.724321390022,1.811130943353,1.32096819128)
  );
#525 = CARTESIAN_POINT('',(1.765936007768,1.771148371591,1.30733744771)
  );
#526 = CARTESIAN_POINT('',(1.805107891244,1.731364832499,1.290045083475)
  );
#527 = CARTESIAN_POINT('',(1.841553620993,1.692339966462,1.268982701371)
  );
#528 = CARTESIAN_POINT('',(1.875077576992,1.654650138243,1.244154865465)
  );
#529 = CARTESIAN_POINT('',(1.90555413994,1.618864970603,1.215685873034)
  );
#530 = CARTESIAN_POINT('',(1.952103176169,1.56211688832,1.161467812904)
  );
#531 = CARTESIAN_POINT('',(1.9697350655,1.539947754117,1.137470429222));
#532 = CARTESIAN_POINT('',(1.985789044044,1.519184061472,1.111922693298)
  );
#533 = CARTESIAN_POINT('',(2.000260957272,1.499990215738,1.084943221113)
  );
#534 = CARTESIAN_POINT('',(2.013155625737,1.482514443994,1.056677105121)
  );
#535 = CARTESIAN_POINT('',(2.024484577323,1.466882828018,1.027294096648)
  );
#536 = CARTESIAN_POINT('',(2.044895102236,1.438310999008,0.964038622223)
  );
#537 = CARTESIAN_POINT('',(2.053697010442,1.425720773073,0.92999079306)
  );
#538 = CARTESIAN_POINT('',(2.060704463547,1.415529473617,0.895044235685)
  );
#539 = CARTESIAN_POINT('',(2.065945683889,1.407819904794,0.859413557147)
  );
#540 = CARTESIAN_POINT('',(2.069441114897,1.402648524621,0.823324068798)
  );
#541 = CARTESIAN_POINT('',(2.071202379289,1.400043108866,0.787008818435)
  );
#542 = CARTESIAN_POINT('',(2.071260097961,1.399957716951,0.714399006009)
  );
#543 = CARTESIAN_POINT('',(2.069556249717,1.402478188173,0.678074277741)
  );
#544 = CARTESIAN_POINT('',(2.066118195549,1.407565638643,0.641969124533)
  );
#545 = CARTESIAN_POINT('',(2.060934530325,1.41519291506,0.606316578059)
  );
#546 = CARTESIAN_POINT('',(2.053984970928,1.425304207572,0.571342047531)
  );
#547 = CARTESIAN_POINT('',(2.045241386429,1.437817356576,0.537260352451)
  );
#548 = CARTESIAN_POINT('',(2.02488193593,1.466334493638,0.47373652604));
#549 = CARTESIAN_POINT('',(2.01352542495,1.48201342848,0.444130000109));
#550 = CARTESIAN_POINT('',(2.00058290051,1.499563763021,0.415650582366)
  );
#551 = CARTESIAN_POINT('',(1.986042572547,1.518857184117,0.388472184538)
  );
#552 = CARTESIAN_POINT('',(1.969899617835,1.539742455387,0.36274333818)
  );
#553 = CARTESIAN_POINT('',(1.952158542075,1.562051606081,0.33858530759)
  );
#554 = CARTESIAN_POINT('',(1.914698356839,1.607715139113,0.294975578683)
  );
#555 = CARTESIAN_POINT('',(1.895179551297,1.630906720734,0.275340002198)
  );
#556 = CARTESIAN_POINT('',(1.874301275036,1.655023770184,0.257263126812)
  );
#557 = CARTESIAN_POINT('',(1.85209843049,1.679899192013,0.240799321976)
  );
#558 = CARTESIAN_POINT('',(1.828620470241,1.70536053923,0.225977829306)
  );
#559 = CARTESIAN_POINT('',(1.803933194407,1.731234662586,0.212802918852)
  );
#560 = CARTESIAN_POINT('',(1.746072862076,1.789778781673,0.186915543791)
  );
#561 = CARTESIAN_POINT('',(1.712322399231,1.822548327796,0.175097791808)
  );
#562 = CARTESIAN_POINT('',(1.676965948822,1.855405615204,0.165722709624)
  );
#563 = CARTESIAN_POINT('',(1.640119293403,1.888111589331,0.158686874789)
  );
#564 = CARTESIAN_POINT('',(1.601918874608,1.920445641618,0.153863149944)
  );
#565 = CARTESIAN_POINT('',(1.562523458994,1.952207727073,0.151102310573)
  );
#566 = CARTESIAN_POINT('',(1.438746515412,2.047206162047,0.148444557793)
  );
#567 = CARTESIAN_POINT('',(1.351123821469,2.107959173715,0.154715100553)
  );
#568 = CARTESIAN_POINT('',(1.259938723964,2.164635859436,0.1675205028));
#569 = CARTESIAN_POINT('',(1.165759450742,2.216791926769,0.18551699639)
  );
#570 = CARTESIAN_POINT('',(1.069008806355,2.264185107394,0.207486420535)
  );
#571 = CARTESIAN_POINT('',(0.96998153889,2.306681501525,0.23227194261));
#572 = CARTESIAN_POINT('',(0.798775907579,2.370133771448,0.276708477461)
  );
#573 = CARTESIAN_POINT('',(0.727924027915,2.39361730053,0.295537364296)
  );
#574 = CARTESIAN_POINT('',(0.655843381908,2.414791646316,0.314686142886)
  );
#575 = CARTESIAN_POINT('',(0.58225242603,2.433657698875,0.333765305359)
  );
#576 = CARTESIAN_POINT('',(0.507102451355,2.450078692001,0.352181068721)
  );
#577 = CARTESIAN_POINT('',(0.430455783482,2.463932246187,0.369080692005)
  );
#578 = CARTESIAN_POINT('',(0.303713578128,2.481965482432,0.392457505474)
  );
#579 = CARTESIAN_POINT('',(0.254213260342,2.487879831057,0.400529688182)
  );
#580 = CARTESIAN_POINT('',(0.204070596669,2.492681485097,0.407399847307)
  );
#581 = CARTESIAN_POINT('',(0.153520228582,2.49631622702,0.412783732622)
  );
#582 = CARTESIAN_POINT('',(0.102661316394,2.498762213603,0.416471617924)
  );
#583 = CARTESIAN_POINT('',(5.150089628006E-02,2.500000012367,
    0.418337539609));
#584 = CARTESIAN_POINT('',(-6.00342505234E-07,2.5,0.418337520964));
#585 = PCURVE('',#50,#586);
#586 = DEFINITIONAL_REPRESENTATION('',(#587),#656);
#587 = B_SPLINE_CURVE_WITH_KNOTS('',7,(#588,#589,#590,#591,#592,#593,
    #594,#595,#596,#597,#598,#599,#600,#601,#602,#603,#604,#605,#606,
    #607,#608,#609,#610,#611,#612,#613,#614,#615,#616,#617,#618,#619,
    #620,#621,#622,#623,#624,#625,#626,#627,#628,#629,#630,#631,#632,
    #633,#634,#635,#636,#637,#638,#639,#640,#641,#642,#643,#644,#645,
    #646,#647,#648,#649,#650,#651,#652,#653,#654,#655),.UNSPECIFIED.,.F.
  ,.F.,(8,6,6,6,6,6,6,6,6,6,6,8),(0.,5.755672438848E-02,0.162043261481,
    0.235360152267,0.315065583815,0.394778525129,0.468567854153,
    0.537828875543,0.623819882802,0.801236985379,0.924023705558,1.),
  .UNSPECIFIED.);
#588 = CARTESIAN_POINT('',(0.927295218002,1.35));
#589 = CARTESIAN_POINT('',(0.913612489596,1.35));
#590 = CARTESIAN_POINT('',(0.899991003568,1.349181002986));
#591 = CARTESIAN_POINT('',(0.886451274911,1.347493232483));
#592 = CARTESIAN_POINT('',(0.873014324903,1.344889512319));
#593 = CARTESIAN_POINT('',(0.859701681114,1.341325266625));
#594 = CARTESIAN_POINT('',(0.846535377401,1.336758519833));
#595 = CARTESIAN_POINT('',(0.809942869474,1.32096819128));
#596 = CARTESIAN_POINT('',(0.786868219701,1.30733744771));
#597 = CARTESIAN_POINT('',(0.764549007955,1.290045083475));
#598 = CARTESIAN_POINT('',(0.743202399281,1.268982701371));
#599 = CARTESIAN_POINT('',(0.72303340317,1.244154865465));
#600 = CARTESIAN_POINT('',(0.704234911821,1.215685873034));
#601 = CARTESIAN_POINT('',(0.674876008254,1.161467812904));
#602 = CARTESIAN_POINT('',(0.663546973186,1.137470429222));
#603 = CARTESIAN_POINT('',(0.653049934145,1.111922693298));
#604 = CARTESIAN_POINT('',(0.643435656521,1.084943221113));
#605 = CARTESIAN_POINT('',(0.634748975283,1.056677105121));
#606 = CARTESIAN_POINT('',(0.627027044615,1.027294096648));
#607 = CARTESIAN_POINT('',(0.612981752506,0.964038622223));
#608 = CARTESIAN_POINT('',(0.606837292551,0.92999079306));
#609 = CARTESIAN_POINT('',(0.601890300861,0.895044235685));
#610 = CARTESIAN_POINT('',(0.598161344385,0.859413557147));
#611 = CARTESIAN_POINT('',(0.595664537081,0.823324068798));
#612 = CARTESIAN_POINT('',(0.59440661316,0.787008818435));
#613 = CARTESIAN_POINT('',(0.59436538555,0.714399006009));
#614 = CARTESIAN_POINT('',(0.595582297742,0.678074277741));
#615 = CARTESIAN_POINT('',(0.598038438802,0.641969124533));
#616 = CARTESIAN_POINT('',(0.601727231567,0.606316578059));
#617 = CARTESIAN_POINT('',(0.606634736025,0.571342047531));
#618 = CARTESIAN_POINT('',(0.612740565531,0.537260352451));
#619 = CARTESIAN_POINT('',(0.62675618157,0.47373652604));
#620 = CARTESIAN_POINT('',(0.634499908872,0.444130000109));
#621 = CARTESIAN_POINT('',(0.643221949047,0.415650582366));
#622 = CARTESIAN_POINT('',(0.652884488452,0.388472184538));
#623 = CARTESIAN_POINT('',(0.66344174431,0.36274333818));
#624 = CARTESIAN_POINT('',(0.674841773331,0.33858530759));
#625 = CARTESIAN_POINT('',(0.698466925104,0.294975578683));
#626 = CARTESIAN_POINT('',(0.710590894227,0.275340002198));
#627 = CARTESIAN_POINT('',(0.723348332675,0.257263126812));
#628 = CARTESIAN_POINT('',(0.736682595377,0.240799321976));
#629 = CARTESIAN_POINT('',(0.750533007755,0.225977829306));
#630 = CARTESIAN_POINT('',(0.764835626266,0.212802918852));
#631 = CARTESIAN_POINT('',(0.797760345095,0.186915543791));
#632 = CARTESIAN_POINT('',(0.816573122165,0.175097791808));
#633 = CARTESIAN_POINT('',(0.835872240788,0.165722709624));
#634 = CARTESIAN_POINT('',(0.855570019975,0.158686874789));
#635 = CARTESIAN_POINT('',(0.875580054326,0.153863149944));
#636 = CARTESIAN_POINT('',(0.895816081251,0.151102310573));
#637 = CARTESIAN_POINT('',(0.958228175477,0.148444557793));
#638 = CARTESIAN_POINT('',(1.000827881993,0.154715100553));
#639 = CARTESIAN_POINT('',(1.043686660347,0.1675205028));
#640 = CARTESIAN_POINT('',(1.086651633918,0.18551699639));
#641 = CARTESIAN_POINT('',(1.129659106109,0.207486420535));
#642 = CARTESIAN_POINT('',(1.17270851925,0.23227194261));
#643 = CARTESIAN_POINT('',(1.24574282215,0.276708477461));
#644 = CARTESIAN_POINT('',(1.275581541865,0.295537364296));
#645 = CARTESIAN_POINT('',(1.305603827464,0.314686142886));
#646 = CARTESIAN_POINT('',(1.335957868451,0.333765305359));
#647 = CARTESIAN_POINT('',(1.366694949966,0.352181068721));
#648 = CARTESIAN_POINT('',(1.397828529221,0.369080692005));
#649 = CARTESIAN_POINT('',(1.449036004031,0.392457505474));
#650 = CARTESIAN_POINT('',(1.468971936657,0.400529688182));
#651 = CARTESIAN_POINT('',(1.489111861002,0.407399847307));
#652 = CARTESIAN_POINT('',(1.509373920174,0.412783732622));
#653 = CARTESIAN_POINT('',(1.529731814041,0.416471617924));
#654 = CARTESIAN_POINT('',(1.55019596842,0.418337539609));
#655 = CARTESIAN_POINT('',(1.570796567069,0.418337520964));
#656 = ( GEOMETRIC_REPRESENTATION_CONTEXT(2) 
PARAMETRIC_REPRESENTATION_CONTEXT() REPRESENTATION_CONTEXT('2D SPACE',''
  ) );
#657 = PCURVE('',#326,#658);
#658 = DEFINITIONAL_REPRESENTATION('',(#659),#728);
#659 = B_SPLINE_CURVE_WITH_KNOTS('',7,(#660,#661,#662,#663,#664,#665,
    #666,#667,#668,#669,#670,#671,#672,#673,#674,#675,#676,#677,#678,
    #679,#680,#681,#682,#683,#684,#685,#686,#687,#688,#689,#690,#691,
    #692,#693,#694,#695,#696,#697,#698,#699,#700,#701,#702,#703,#704,
    #705,#706,#707,#708,#709,#710,#711,#712,#713,#714,#715,#716,#717,
    #718,#719,#720,#721,#722,#723,#724,#725,#726,#727),.UNSPECIFIED.,.F.
  ,.F.,(8,6,6,6,6,6,6,6,6,6,6,8),(0.,5.755672438848E-02,0.162043261481,
    0.235360152267,0.315065583815,0.394778525129,0.468567854153,
    0.537828875543,0.623819882802,0.801236985379,0.924023705558,1.),
  .UNSPECIFIED.);
#660 = CARTESIAN_POINT('',(0.,1.5));
#661 = CARTESIAN_POINT('',(3.420682101437E-02,1.527365456811));
#662 = CARTESIAN_POINT('',(6.898893669756E-02,1.554280931945));
#663 = CARTESIAN_POINT('',(0.104337474059,1.580701974862));
#664 = CARTESIAN_POINT('',(0.140246675301,1.606586967107));
#665 = CARTESIAN_POINT('',(0.176713897825,1.631897122307));
#666 = CARTESIAN_POINT('',(0.213739614224,1.656596486168));
#667 = CARTESIAN_POINT('',(0.319563033725,1.724321390022));
#668 = CARTESIAN_POINT('',(0.38975674599,1.765936007768));
#669 = CARTESIAN_POINT('',(0.461666089414,1.805107891244));
#670 = CARTESIAN_POINT('',(0.535084711649,1.841553620993));
#671 = CARTESIAN_POINT('',(0.609831052326,1.875077576992));
#672 = CARTESIAN_POINT('',(0.685732092089,1.90555413994));
#673 = CARTESIAN_POINT('',(0.816540931484,1.952103176169));
#674 = CARTESIAN_POINT('',(0.870885687266,1.9697350655));
#675 = CARTESIAN_POINT('',(0.92557742937,1.985789044044));
#676 = CARTESIAN_POINT('',(0.98055619375,2.000260957272));
#677 = CARTESIAN_POINT('',(1.035758093498,2.013155625737));
#678 = CARTESIAN_POINT('',(1.091112356015,2.024484577323));
#679 = CARTESIAN_POINT('',(1.206793964772,2.044895102236));
#680 = CARTESIAN_POINT('',(1.267147421039,2.053697010442));
#681 = CARTESIAN_POINT('',(1.32757712855,2.060704463547));
#682 = CARTESIAN_POINT('',(1.388063272911,2.065945683889));
#683 = CARTESIAN_POINT('',(1.448584555071,2.069441114897));
#684 = CARTESIAN_POINT('',(1.509114920624,2.071202379289));
#685 = CARTESIAN_POINT('',(1.630131358354,2.071260097961));
#686 = CARTESIAN_POINT('',(1.690667474799,2.069556249717));
#687 = CARTESIAN_POINT('',(1.751194856552,2.066118195549));
#688 = CARTESIAN_POINT('',(1.811687696291,2.060934530325));
#689 = CARTESIAN_POINT('',(1.872124900614,2.053984970928));
#690 = CARTESIAN_POINT('',(1.932486829387,2.045241386429));
#691 = CARTESIAN_POINT('',(2.048538824775,2.02488193593));
#692 = CARTESIAN_POINT('',(2.104256809473,2.01352542495));
#693 = CARTESIAN_POINT('',(2.159822818414,2.00058290051));
#694 = CARTESIAN_POINT('',(2.215163884468,1.986042572547));
#695 = CARTESIAN_POINT('',(2.270214169803,1.969899617835));
#696 = CARTESIAN_POINT('',(2.324911891552,1.952158542075));
#697 = CARTESIAN_POINT('',(2.430149278026,1.914698356839));
#698 = CARTESIAN_POINT('',(2.480704449468,1.895179551297));
#699 = CARTESIAN_POINT('',(2.530797394707,1.874301275036));
#700 = CARTESIAN_POINT('',(2.580364266271,1.85209843049));
#701 = CARTESIAN_POINT('',(2.62934070174,1.828620470241));
#702 = CARTESIAN_POINT('',(2.677660789178,1.803933194407));
#703 = CARTESIAN_POINT('',(2.78434789747,1.746072862076));
#704 = CARTESIAN_POINT('',(2.842263819171,1.712322399231));
#705 = CARTESIAN_POINT('',(2.899003843043,1.676965948822));
#706 = CARTESIAN_POINT('',(2.954550515635,1.640119293403));
#707 = CARTESIAN_POINT('',(3.008870300603,1.601918874608));
#708 = CARTESIAN_POINT('',(3.061914994637,1.562523458994));
#709 = CARTESIAN_POINT('',(3.220307670335,1.438746515412));
#710 = CARTESIAN_POINT('',(3.321231093902,1.351123821469));
#711 = CARTESIAN_POINT('',(3.417040047026,1.259938723965));
#712 = CARTESIAN_POINT('',(3.508085306271,1.165759450742));
#713 = CARTESIAN_POINT('',(3.594516559199,1.069008806355));
#714 = CARTESIAN_POINT('',(3.676228166197,0.96998153889));
#715 = CARTESIAN_POINT('',(3.805336176405,0.798775907579));
#716 = CARTESIAN_POINT('',(3.855396935539,0.727924027915));
#717 = CARTESIAN_POINT('',(3.902852360146,0.655843381908));
#718 = CARTESIAN_POINT('',(3.947455841174,0.582252426031));
#719 = CARTESIAN_POINT('',(3.98852004732,0.507102451355));
#720 = CARTESIAN_POINT('',(4.024924494099,0.430455783482));
#721 = CARTESIAN_POINT('',(4.074131342579,0.303713578128));
#722 = CARTESIAN_POINT('',(4.090804342387,0.25421325997));
#723 = CARTESIAN_POINT('',(4.104770140236,0.204070597206));
#724 = CARTESIAN_POINT('',(4.115595609663,0.153520228785));
#725 = CARTESIAN_POINT('',(4.122971730676,0.102661315563));
#726 = CARTESIAN_POINT('',(4.126703474216,5.150089662257E-02));
#727 = CARTESIAN_POINT('',(4.126703436927,-6.E-07));
#728 = ( GEOMETRIC_REPRESENTATION_CONTEXT(2) 
PARAMETRIC_REPRESENTATION_CONTEXT() REPRESENTATION_CONTEXT('2D SPACE',''
  ) );
#729 = ORIENTED_EDGE('',*,*,#730,.F.);
#730 = EDGE_CURVE('',#731,#513,#733,.T.);
#731 = VERTEX_POINT('',#732);
#732 = CARTESIAN_POINT('',(1.95,1.564448784716,0.225595575915));
#733 = SURFACE_CURVE('',#734,(#738,#744),.PCURVE_S1.);
#734 = LINE('',#735,#736);
#735 = CARTESIAN_POINT('',(1.95,1.564448784716,0.));
#736 = VECTOR('',#737,1.);
#737 = DIRECTION('',(0.,0.,1.));
#738 = PCURVE('',#50,#739);
#739 = DEFINITIONAL_REPRESENTATION('',(#740),#743);
#740 = B_SPLINE_CURVE_WITH_KNOTS('',1,(#741,#742),.UNSPECIFIED.,.F.,.F.,
  (2,2),(-6.000000008202E-07,2.73),.PIECEWISE_BEZIER_KNOTS.);
#741 = CARTESIAN_POINT('',(0.676130509561,-6.000000008202E-07));
#742 = CARTESIAN_POINT('',(0.676130509561,2.73));
#743 = ( GEOMETRIC_REPRESENTATION_CONTEXT(2) 
PARAMETRIC_REPRESENTATION_CONTEXT() REPRESENTATION_CONTEXT('2D SPACE',''
  ) );
#744 = PCURVE('',#169,#745);
#745 = DEFINITIONAL_REPRESENTATION('',(#746),#749);
#746 = B_SPLINE_CURVE_WITH_KNOTS('',1,(#747,#748),.UNSPECIFIED.,.F.,.F.,
  (2,2),(-6.000000008202E-07,2.73),.PIECEWISE_BEZIER_KNOTS.);
#747 = CARTESIAN_POINT('',(-0.7500006,-1.564448784716));
#748 = CARTESIAN_POINT('',(1.98,-1.564448784716));
#749 = ( GEOMETRIC_REPRESENTATION_CONTEXT(2) 
PARAMETRIC_REPRESENTATION_CONTEXT() REPRESENTATION_CONTEXT('2D SPACE',''
  ) );
#750 = ORIENTED_EDGE('',*,*,#751,.F.);
#751 = EDGE_CURVE('',#752,#731,#754,.T.);
#752 = VERTEX_POINT('',#753);
#753 = CARTESIAN_POINT('',(2.022374841616,1.46969384567,0.));
#754 = SURFACE_CURVE('',#755,(#761,#770),.PCURVE_S1.);
#755 = B_SPLINE_CURVE_WITH_KNOTS('',4,(#756,#757,#758,#759,#760),
  .UNSPECIFIED.,.F.,.F.,(5,5),(0.,1.),.PIECEWISE_BEZIER_KNOTS.);
#756 = CARTESIAN_POINT('',(2.022375064126,1.469693539484,
    -6.000000010293E-07));
#757 = CARTESIAN_POINT('',(2.002149244885,1.49752532304,
    5.453827968281E-02));
#758 = CARTESIAN_POINT('',(1.983123215809,1.522631351676,0.110401679969)
  );
#759 = CARTESIAN_POINT('',(1.965635591349,1.544959889028,0.167454335927)
  );
#760 = CARTESIAN_POINT('',(1.9499994,1.564449532583,0.225597807022));
#761 = PCURVE('',#50,#762);
#762 = DEFINITIONAL_REPRESENTATION('',(#763),#769);
#763 = B_SPLINE_CURVE_WITH_KNOTS('',4,(#764,#765,#766,#767,#768),
  .UNSPECIFIED.,.F.,.F.,(5,5),(0.,1.),.PIECEWISE_BEZIER_KNOTS.);
#764 = CARTESIAN_POINT('',(0.628432455785,-6.000000008202E-07));
#765 = CARTESIAN_POINT('',(0.642194385533,5.453827968281E-02));
#766 = CARTESIAN_POINT('',(0.654792263358,0.110401679969));
#767 = CARTESIAN_POINT('',(0.666136201004,0.167454335927));
#768 = CARTESIAN_POINT('',(0.676130893082,0.225597807022));
#769 = ( GEOMETRIC_REPRESENTATION_CONTEXT(2) 
PARAMETRIC_REPRESENTATION_CONTEXT() REPRESENTATION_CONTEXT('2D SPACE',''
  ) );
#770 = PCURVE('',#771,#776);
#771 = CYLINDRICAL_SURFACE('',#772,1.65);
#772 = AXIS2_PLACEMENT_3D('',#773,#774,#775);
#773 = CARTESIAN_POINT('',(1.95,0.,0.75));
#774 = DIRECTION('',(1.,0.,0.));
#775 = DIRECTION('',(-0.,0.,1.));
#776 = DEFINITIONAL_REPRESENTATION('',(#777),#783);
#777 = B_SPLINE_CURVE_WITH_KNOTS('',4,(#778,#779,#780,#781,#782),
  .UNSPECIFIED.,.F.,.F.,(5,5),(0.,1.),.PIECEWISE_BEZIER_KNOTS.);
#778 = CARTESIAN_POINT('',(4.240526734857,7.237506412643E-02));
#779 = CARTESIAN_POINT('',(4.277635749912,5.214924488497E-02));
#780 = CARTESIAN_POINT('',(4.314709056139,3.312321580851E-02));
#781 = CARTESIAN_POINT('',(4.351794659182,1.563559134942E-02));
#782 = CARTESIAN_POINT('',(4.388960109319,-6.E-07));
#783 = ( GEOMETRIC_REPRESENTATION_CONTEXT(2) 
PARAMETRIC_REPRESENTATION_CONTEXT() REPRESENTATION_CONTEXT('2D SPACE',''
  ) );
#784 = ORIENTED_EDGE('',*,*,#785,.T.);
#785 = EDGE_CURVE('',#752,#786,#788,.T.);
#786 = VERTEX_POINT('',#787);
#787 = CARTESIAN_POINT('',(2.022374841616,-1.46969384567,0.));
#788 = SURFACE_CURVE('',#789,(#794,#801),.PCURVE_S1.);
#789 = CIRCLE('',#790,2.5);
#790 = AXIS2_PLACEMENT_3D('',#791,#792,#793);
#791 = CARTESIAN_POINT('',(0.,0.,0.));
#792 = DIRECTION('',(0.,0.,1.));
#793 = DIRECTION('',(1.,0.,-0.));
#794 = PCURVE('',#50,#795);
#795 = DEFINITIONAL_REPRESENTATION('',(#796),#800);
#796 = LINE('',#797,#798);
#797 = CARTESIAN_POINT('',(0.,0.));
#798 = VECTOR('',#799,1.);
#799 = DIRECTION('',(1.,0.));
#800 = ( GEOMETRIC_REPRESENTATION_CONTEXT(2) 
PARAMETRIC_REPRESENTATION_CONTEXT() REPRESENTATION_CONTEXT('2D SPACE',''
  ) );
#801 = PCURVE('',#802,#807);
#802 = PLANE('',#803);
#803 = AXIS2_PLACEMENT_3D('',#804,#805,#806);
#804 = CARTESIAN_POINT('',(0.,0.,0.));
#805 = DIRECTION('',(0.,0.,1.));
#806 = DIRECTION('',(1.,0.,-0.));
#807 = DEFINITIONAL_REPRESENTATION('',(#808),#812);
#808 = CIRCLE('',#809,2.5);
#809 = AXIS2_PLACEMENT_2D('',#810,#811);
#810 = CARTESIAN_POINT('',(0.,0.));
#811 = DIRECTION('',(1.,0.));
#812 = ( GEOMETRIC_REPRESENTATION_CONTEXT(2) 
PARAMETRIC_REPRESENTATION_CONTEXT() REPRESENTATION_CONTEXT('2D SPACE',''
  ) );
#813 = ORIENTED_EDGE('',*,*,#814,.F.);
#814 = EDGE_CURVE('',#815,#786,#817,.T.);
#815 = VERTEX_POINT('',#816);
#816 = CARTESIAN_POINT('',(1.95,-1.564448784716,0.225595575915));
#817 = SURFACE_CURVE('',#818,(#824,#833),.PCURVE_S1.);
#818 = B_SPLINE_CURVE_WITH_KNOTS('',4,(#819,#820,#821,#822,#823),
  .UNSPECIFIED.,.F.,.F.,(5,5),(0.,1.),.PIECEWISE_BEZIER_KNOTS.);
#819 = CARTESIAN_POINT('',(1.9499994,-1.564449532583,0.225597807022));
#820 = CARTESIAN_POINT('',(1.965635647335,-1.544959819245,0.167454127743
    ));
#821 = CARTESIAN_POINT('',(1.98312324877,-1.522631305664,0.110401618207)
  );
#822 = CARTESIAN_POINT('',(2.002149188742,-1.497525400295,
    5.453843107126E-02));
#823 = CARTESIAN_POINT('',(2.022375064126,-1.469693539484,
    -6.000000005297E-07));
#824 = PCURVE('',#50,#825);
#825 = DEFINITIONAL_REPRESENTATION('',(#826),#832);
#826 = B_SPLINE_CURVE_WITH_KNOTS('',4,(#827,#828,#829,#830,#831),
  .UNSPECIFIED.,.F.,.F.,(5,5),(0.,1.),.PIECEWISE_BEZIER_KNOTS.);
#827 = CARTESIAN_POINT('',(5.607054414097,0.225597807022));
#828 = CARTESIAN_POINT('',(5.617049141961,0.167454127743));
#829 = CARTESIAN_POINT('',(5.628393066614,0.110401618207));
#830 = CARTESIAN_POINT('',(5.640990883446,5.453843107126E-02));
#831 = CARTESIAN_POINT('',(5.654752851394,-6.000000008202E-07));
#832 = ( GEOMETRIC_REPRESENTATION_CONTEXT(2) 
PARAMETRIC_REPRESENTATION_CONTEXT() REPRESENTATION_CONTEXT('2D SPACE',''
  ) );
#833 = PCURVE('',#834,#839);
#834 = CYLINDRICAL_SURFACE('',#835,1.65);
#835 = AXIS2_PLACEMENT_3D('',#836,#837,#838);
#836 = CARTESIAN_POINT('',(1.95,0.,0.75));
#837 = DIRECTION('',(1.,0.,0.));
#838 = DIRECTION('',(-0.,0.,1.));
#839 = DEFINITIONAL_REPRESENTATION('',(#840),#846);
#840 = B_SPLINE_CURVE_WITH_KNOTS('',4,(#841,#842,#843,#844,#845),
  .UNSPECIFIED.,.F.,.F.,(5,5),(0.,1.),.PIECEWISE_BEZIER_KNOTS.);
#841 = CARTESIAN_POINT('',(1.894225197861,-6.E-07));
#842 = CARTESIAN_POINT('',(1.93139078107,1.563564733514E-02));
#843 = CARTESIAN_POINT('',(1.968476296654,3.31232487702E-02));
#844 = CARTESIAN_POINT('',(2.005549454261,5.214918874236E-02));
#845 = CARTESIAN_POINT('',(2.042658572323,7.237506412642E-02));
#846 = ( GEOMETRIC_REPRESENTATION_CONTEXT(2) 
PARAMETRIC_REPRESENTATION_CONTEXT() REPRESENTATION_CONTEXT('2D SPACE',''
  ) );
#847 = ORIENTED_EDGE('',*,*,#848,.T.);
#848 = EDGE_CURVE('',#815,#849,#851,.T.);
#849 = VERTEX_POINT('',#850);
#850 = CARTESIAN_POINT('',(1.95,-1.564448784716,1.274404424085));
#851 = SURFACE_CURVE('',#852,(#856,#862),.PCURVE_S1.);
#852 = LINE('',#853,#854);
#853 = CARTESIAN_POINT('',(1.95,-1.564448784716,0.));
#854 = VECTOR('',#855,1.);
#855 = DIRECTION('',(0.,0.,1.));
#856 = PCURVE('',#50,#857);
#857 = DEFINITIONAL_REPRESENTATION('',(#858),#861);
#858 = B_SPLINE_CURVE_WITH_KNOTS('',1,(#859,#860),.UNSPECIFIED.,.F.,.F.,
  (2,2),(-6.000000008202E-07,2.73),.PIECEWISE_BEZIER_KNOTS.);
#859 = CARTESIAN_POINT('',(5.607054797619,-6.000000008202E-07));
#860 = CARTESIAN_POINT('',(5.607054797619,2.73));
#861 = ( GEOMETRIC_REPRESENTATION_CONTEXT(2) 
PARAMETRIC_REPRESENTATION_CONTEXT() REPRESENTATION_CONTEXT('2D SPACE',''
  ) );
#862 = PCURVE('',#169,#863);
#863 = DEFINITIONAL_REPRESENTATION('',(#864),#867);
#864 = B_SPLINE_CURVE_WITH_KNOTS('',1,(#865,#866),.UNSPECIFIED.,.F.,.F.,
  (2,2),(-6.000000008202E-07,2.73),.PIECEWISE_BEZIER_KNOTS.);
#865 = CARTESIAN_POINT('',(-0.7500006,1.564448784716));
#866 = CARTESIAN_POINT('',(1.98,1.564448784716));
#867 = ( GEOMETRIC_REPRESENTATION_CONTEXT(2) 
PARAMETRIC_REPRESENTATION_CONTEXT() REPRESENTATION_CONTEXT('2D SPACE',''
  ) );
#868 = ORIENTED_EDGE('',*,*,#869,.F.);
#869 = EDGE_CURVE('',#40,#849,#870,.T.);
#870 = SURFACE_CURVE('',#871,(#894,#920),.PCURVE_S1.);
#871 = B_SPLINE_CURVE_WITH_KNOTS('',6,(#872,#873,#874,#875,#876,#877,
    #878,#879,#880,#881,#882,#883,#884,#885,#886,#887,#888,#889,#890,
    #891,#892,#893),.UNSPECIFIED.,.F.,.F.,(7,5,5,5,7),(0.,0.305916451879
    ,0.43473661039,0.740033207826,1.),.UNSPECIFIED.);
#872 = CARTESIAN_POINT('',(2.5,0.,2.4));
#873 = CARTESIAN_POINT('',(2.5,-0.121173706046,2.4));
#874 = CARTESIAN_POINT('',(2.492951880432,-0.241455516062,2.389321387556
    ));
#875 = CARTESIAN_POINT('',(2.479051742204,-0.359139346152,2.368259018728
    ));
#876 = CARTESIAN_POINT('',(2.458999385892,-0.472567307088,2.337587730559
    ));
#877 = CARTESIAN_POINT('',(2.433982847798,-0.580220718665,2.29856000012)
  );
#878 = CARTESIAN_POINT('',(2.393526095873,-0.72316713438,2.23380982097)
  );
#879 = CARTESIAN_POINT('',(2.380890634952,-0.764396203538,2.213408007504
    ));
#880 = CARTESIAN_POINT('',(2.367686731762,-0.804483208908,2.191870364185
    ));
#881 = CARTESIAN_POINT('',(2.353991807395,-0.843418028646,2.169272369107
    ));
#882 = CARTESIAN_POINT('',(2.339881737624,-0.881193996906,2.145685619895
    ));
#883 = CARTESIAN_POINT('',(2.291183061368,-1.004580823047,2.063095746081
    ));
#884 = CARTESIAN_POINT('',(2.255015705174,-1.084838324718,1.999832864747
    ));
#885 = CARTESIAN_POINT('',(2.21783535478,-1.158737324486,1.932151941307)
  );
#886 = CARTESIAN_POINT('',(2.180442325795,-1.226465539257,1.86059624488)
  );
#887 = CARTESIAN_POINT('',(2.143584912155,-1.288185512336,1.785532622007
    ));
#888 = CARTESIAN_POINT('',(2.077723878173,-1.39148771717,1.64048796451)
  );
#889 = CARTESIAN_POINT('',(2.048346661074,-1.434731731758,1.571361983713
    ));
#890 = CARTESIAN_POINT('',(2.020382061742,-1.47369388766,1.500032704843)
  );
#891 = CARTESIAN_POINT('',(1.994337135019,-1.508345180141,1.426675981851
    ));
#892 = CARTESIAN_POINT('',(1.970714242801,-1.538629632234,1.351430724845
    ));
#893 = CARTESIAN_POINT('',(1.9499994,-1.564449532583,1.274402192978));
#894 = PCURVE('',#50,#895);
#895 = DEFINITIONAL_REPRESENTATION('',(#896),#919);
#896 = B_SPLINE_CURVE_WITH_KNOTS('',6,(#897,#898,#899,#900,#901,#902,
    #903,#904,#905,#906,#907,#908,#909,#910,#911,#912,#913,#914,#915,
    #916,#917,#918),.UNSPECIFIED.,.F.,.F.,(7,5,5,5,7),(0.,0.305916451879
    ,0.43473661039,0.740033207826,1.),.UNSPECIFIED.);
#897 = CARTESIAN_POINT('',(6.28318530718,2.4));
#898 = CARTESIAN_POINT('',(6.234715824761,2.4));
#899 = CARTESIAN_POINT('',(6.186603001313,2.389321387556));
#900 = CARTESIAN_POINT('',(6.139324938947,2.368259018728));
#901 = CARTESIAN_POINT('',(6.093352923573,2.337587730559));
#902 = CARTESIAN_POINT('',(6.049193939557,2.29856000012));
#903 = CARTESIAN_POINT('',(5.989769464408,2.23380982097));
#904 = CARTESIAN_POINT('',(5.972524716876,2.213408007504));
#905 = CARTESIAN_POINT('',(5.955647851504,2.191870364185));
#906 = CARTESIAN_POINT('',(5.939143332288,2.169272369107));
#907 = CARTESIAN_POINT('',(5.923015982152,2.145685619895));
#908 = CARTESIAN_POINT('',(5.86995621218,2.063095746081));
#909 = CARTESIAN_POINT('',(5.834783557045,1.999832864747));
#910 = CARTESIAN_POINT('',(5.801735129574,1.932151941307));
#911 = CARTESIAN_POINT('',(5.770816971716,1.86059624488));
#912 = CARTESIAN_POINT('',(5.742074378674,1.785532622007));
#913 = CARTESIAN_POINT('',(5.693069854277,1.64048796451));
#914 = CARTESIAN_POINT('',(5.672167283161,1.571361983713));
#915 = CARTESIAN_POINT('',(5.652991914165,1.500032704843));
#916 = CARTESIAN_POINT('',(5.635657258764,1.426675981851));
#917 = CARTESIAN_POINT('',(5.62029539271,1.351430724845));
#918 = CARTESIAN_POINT('',(5.607054414097,1.274402192978));
#919 = ( GEOMETRIC_REPRESENTATION_CONTEXT(2) 
PARAMETRIC_REPRESENTATION_CONTEXT() REPRESENTATION_CONTEXT('2D SPACE',''
  ) );
#920 = PCURVE('',#921,#926);
#921 = CYLINDRICAL_SURFACE('',#922,1.65);
#922 = AXIS2_PLACEMENT_3D('',#923,#924,#925);
#923 = CARTESIAN_POINT('',(1.95,0.,0.75));
#924 = DIRECTION('',(1.,0.,0.));
#925 = DIRECTION('',(-0.,0.,1.));
#926 = DEFINITIONAL_REPRESENTATION('',(#927),#950);
#927 = B_SPLINE_CURVE_WITH_KNOTS('',6,(#928,#929,#930,#931,#932,#933,
    #934,#935,#936,#937,#938,#939,#940,#941,#942,#943,#944,#945,#946,
    #947,#948,#949),.UNSPECIFIED.,.F.,.F.,(7,5,5,5,7),(0.,0.305916451879
    ,0.43473661039,0.740033207826,1.),.UNSPECIFIED.);
#928 = CARTESIAN_POINT('',(0.,0.55));
#929 = CARTESIAN_POINT('',(7.343860972469E-02,0.55));
#930 = CARTESIAN_POINT('',(0.14633658402,0.542951880432));
#931 = CARTESIAN_POINT('',(0.218373484047,0.529051742204));
#932 = CARTESIAN_POINT('',(0.289202797023,0.508999385892));
#933 = CARTESIAN_POINT('',(0.358393983583,0.483982847798));
#934 = CARTESIAN_POINT('',(0.453501604158,0.443526095873));
#935 = CARTESIAN_POINT('',(0.481364682441,0.430890634952));
#936 = CARTESIAN_POINT('',(0.508921338041,0.417686731762));
#937 = CARTESIAN_POINT('',(0.536183113144,0.403991807395));
#938 = CARTESIAN_POINT('',(0.563160520391,0.389881737624));
#939 = CARTESIAN_POINT('',(0.653146533224,0.341183061368));
#940 = CARTESIAN_POINT('',(0.714895459044,0.305015705174));
#941 = CARTESIAN_POINT('',(0.775386093528,0.26783535478));
#942 = CARTESIAN_POINT('',(0.834879432403,0.230442325795));
#943 = CARTESIAN_POINT('',(0.893634704433,0.193584912155));
#944 = CARTESIAN_POINT('',(1.001556551801,0.127723878173));
#945 = CARTESIAN_POINT('',(1.050884945004,9.834666107389E-02));
#946 = CARTESIAN_POINT('',(1.100015948818,7.038206174198E-02));
#947 = CARTESIAN_POINT('',(1.149058502896,4.433713501924E-02));
#948 = CARTESIAN_POINT('',(1.198130628165,2.071424280103E-02));
#949 = CARTESIAN_POINT('',(1.247367455729,-6.E-07));
#950 = ( GEOMETRIC_REPRESENTATION_CONTEXT(2) 
PARAMETRIC_REPRESENTATION_CONTEXT() REPRESENTATION_CONTEXT('2D SPACE',''
  ) );
#951 = ORIENTED_EDGE('',*,*,#39,.T.);
#952 = ORIENTED_EDGE('',*,*,#953,.F.);
#953 = EDGE_CURVE('',#42,#42,#954,.T.);
#954 = SURFACE_CURVE('',#955,(#960,#967),.PCURVE_S1.);
#955 = CIRCLE('',#956,2.5);
#956 = AXIS2_PLACEMENT_3D('',#957,#958,#959);
#957 = CARTESIAN_POINT('',(0.,0.,180.27636328886));
#958 = DIRECTION('',(0.,0.,1.));
#959 = DIRECTION('',(1.,0.,-0.));
#960 = PCURVE('',#50,#961);
#961 = DEFINITIONAL_REPRESENTATION('',(#962),#966);
#962 = LINE('',#963,#964);
#963 = CARTESIAN_POINT('',(0.,180.27636328886));
#964 = VECTOR('',#965,1.);
#965 = DIRECTION('',(1.,0.));
#966 = ( GEOMETRIC_REPRESENTATION_CONTEXT(2) 
PARAMETRIC_REPRESENTATION_CONTEXT() REPRESENTATION_CONTEXT('2D SPACE',''
  ) );
#967 = PCURVE('',#968,#973);
#968 = PLANE('',#969);
#969 = AXIS2_PLACEMENT_3D('',#970,#971,#972);
#970 = CARTESIAN_POINT('',(0.,0.,180.27636328886));
#971 = DIRECTION('',(0.,0.,1.));
#972 = DIRECTION('',(1.,0.,-0.));
#973 = DEFINITIONAL_REPRESENTATION('',(#974),#978);
#974 = CIRCLE('',#975,2.5);
#975 = AXIS2_PLACEMENT_2D('',#976,#977);
#976 = CARTESIAN_POINT('',(0.,0.));
#977 = DIRECTION('',(1.,0.));
#978 = ( GEOMETRIC_REPRESENTATION_CONTEXT(2) 
PARAMETRIC_REPRESENTATION_CONTEXT() REPRESENTATION_CONTEXT('2D SPACE',''
  ) );
#979 = ADVANCED_FACE('',(#980,#1011),#968,.F.);
#980 = FACE_BOUND('',#981,.F.);
#981 = EDGE_LOOP('',(#982));
#982 = ORIENTED_EDGE('',*,*,#983,.T.);
#983 = EDGE_CURVE('',#984,#984,#986,.T.);
#984 = VERTEX_POINT('',#985);
#985 = CARTESIAN_POINT('',(3.35,-8.205133554287E-16,180.27636328886));
#986 = SURFACE_CURVE('',#987,(#992,#999),.PCURVE_S1.);
#987 = CIRCLE('',#988,3.35);
#988 = AXIS2_PLACEMENT_3D('',#989,#990,#991);
#989 = CARTESIAN_POINT('',(0.,0.,180.27636328886));
#990 = DIRECTION('',(0.,0.,1.));
#991 = DIRECTION('',(1.,0.,-0.));
#992 = PCURVE('',#968,#993);
#993 = DEFINITIONAL_REPRESENTATION('',(#994),#998);
#994 = CIRCLE('',#995,3.35);
#995 = AXIS2_PLACEMENT_2D('',#996,#997);
#996 = CARTESIAN_POINT('',(0.,0.));
#997 = DIRECTION('',(1.,0.));
#998 = ( GEOMETRIC_REPRESENTATION_CONTEXT(2) 
PARAMETRIC_REPRESENTATION_CONTEXT() REPRESENTATION_CONTEXT('2D SPACE',''
  ) );
#999 = PCURVE('',#1000,#1005);
#1000 = CYLINDRICAL_SURFACE('',#1001,3.35);
#1001 = AXIS2_PLACEMENT_3D('',#1002,#1003,#1004);
#1002 = CARTESIAN_POINT('',(0.,0.,180.27636328886));
#1003 = DIRECTION('',(0.,0.,1.));
#1004 = DIRECTION('',(1.,0.,-0.));
#1005 = DEFINITIONAL_REPRESENTATION('',(#1006),#1010);
#1006 = LINE('',#1007,#1008);
#1007 = CARTESIAN_POINT('',(0.,0.));
#1008 = VECTOR('',#1009,1.);
#1009 = DIRECTION('',(1.,0.));
#1010 = ( GEOMETRIC_REPRESENTATION_CONTEXT(2) 
PARAMETRIC_REPRESENTATION_CONTEXT() REPRESENTATION_CONTEXT('2D SPACE',''
  ) );
#1011 = FACE_BOUND('',#1012,.F.);
#1012 = EDGE_LOOP('',(#1013));
#1013 = ORIENTED_EDGE('',*,*,#953,.F.);
#1014 = ADVANCED_FACE('',(#1015),#921,.F.);
#1015 = FACE_BOUND('',#1016,.F.);
#1016 = EDGE_LOOP('',(#1017,#1018,#1041));
#1017 = ORIENTED_EDGE('',*,*,#869,.F.);
#1018 = ORIENTED_EDGE('',*,*,#1019,.F.);
#1019 = EDGE_CURVE('',#1020,#40,#1022,.T.);
#1020 = VERTEX_POINT('',#1021);
#1021 = CARTESIAN_POINT('',(1.95,4.041334437186E-16,2.4));
#1022 = SURFACE_CURVE('',#1023,(#1027,#1034),.PCURVE_S1.);
#1023 = LINE('',#1024,#1025);
#1024 = CARTESIAN_POINT('',(1.95,4.041334437186E-16,2.4));
#1025 = VECTOR('',#1026,1.);
#1026 = DIRECTION('',(1.,0.,0.));
#1027 = PCURVE('',#921,#1028);
#1028 = DEFINITIONAL_REPRESENTATION('',(#1029),#1033);
#1029 = LINE('',#1030,#1031);
#1030 = CARTESIAN_POINT('',(0.,-0.));
#1031 = VECTOR('',#1032,1.);
#1032 = DIRECTION('',(0.,1.));
#1033 = ( GEOMETRIC_REPRESENTATION_CONTEXT(2) 
PARAMETRIC_REPRESENTATION_CONTEXT() REPRESENTATION_CONTEXT('2D SPACE',''
  ) );
#1034 = PCURVE('',#123,#1035);
#1035 = DEFINITIONAL_REPRESENTATION('',(#1036),#1040);
#1036 = LINE('',#1037,#1038);
#1037 = CARTESIAN_POINT('',(6.28318530718,-0.));
#1038 = VECTOR('',#1039,1.);
#1039 = DIRECTION('',(0.,1.));
#1040 = ( GEOMETRIC_REPRESENTATION_CONTEXT(2) 
PARAMETRIC_REPRESENTATION_CONTEXT() REPRESENTATION_CONTEXT('2D SPACE',''
  ) );
#1041 = ORIENTED_EDGE('',*,*,#1042,.T.);
#1042 = EDGE_CURVE('',#1020,#849,#1043,.T.);
#1043 = SURFACE_CURVE('',#1044,(#1049,#1056),.PCURVE_S1.);
#1044 = CIRCLE('',#1045,1.65);
#1045 = AXIS2_PLACEMENT_3D('',#1046,#1047,#1048);
#1046 = CARTESIAN_POINT('',(1.95,0.,0.75));
#1047 = DIRECTION('',(1.,0.,0.));
#1048 = DIRECTION('',(-0.,0.,1.));
#1049 = PCURVE('',#921,#1050);
#1050 = DEFINITIONAL_REPRESENTATION('',(#1051),#1055);
#1051 = LINE('',#1052,#1053);
#1052 = CARTESIAN_POINT('',(0.,0.));
#1053 = VECTOR('',#1054,1.);
#1054 = DIRECTION('',(1.,0.));
#1055 = ( GEOMETRIC_REPRESENTATION_CONTEXT(2) 
PARAMETRIC_REPRESENTATION_CONTEXT() REPRESENTATION_CONTEXT('2D SPACE',''
  ) );
#1056 = PCURVE('',#169,#1057);
#1057 = DEFINITIONAL_REPRESENTATION('',(#1058),#1062);
#1058 = CIRCLE('',#1059,1.65);
#1059 = AXIS2_PLACEMENT_2D('',#1060,#1061);
#1060 = CARTESIAN_POINT('',(0.,0.));
#1061 = DIRECTION('',(1.,0.));
#1062 = ( GEOMETRIC_REPRESENTATION_CONTEXT(2) 
PARAMETRIC_REPRESENTATION_CONTEXT() REPRESENTATION_CONTEXT('2D SPACE',''
  ) );
#1063 = ADVANCED_FACE('',(#1064),#169,.T.);
#1064 = FACE_BOUND('',#1065,.T.);
#1065 = EDGE_LOOP('',(#1066,#1067,#1089,#1090,#1091,#1115,#1136,#1158,
    #1159));
#1066 = ORIENTED_EDGE('',*,*,#154,.T.);
#1067 = ORIENTED_EDGE('',*,*,#1068,.T.);
#1068 = EDGE_CURVE('',#70,#1020,#1069,.T.);
#1069 = SURFACE_CURVE('',#1070,(#1075,#1082),.PCURVE_S1.);
#1070 = CIRCLE('',#1071,1.65);
#1071 = AXIS2_PLACEMENT_3D('',#1072,#1073,#1074);
#1072 = CARTESIAN_POINT('',(1.95,0.,0.75));
#1073 = DIRECTION('',(1.,0.,0.));
#1074 = DIRECTION('',(-0.,0.,1.));
#1075 = PCURVE('',#169,#1076);
#1076 = DEFINITIONAL_REPRESENTATION('',(#1077),#1081);
#1077 = CIRCLE('',#1078,1.65);
#1078 = AXIS2_PLACEMENT_2D('',#1079,#1080);
#1079 = CARTESIAN_POINT('',(0.,0.));
#1080 = DIRECTION('',(1.,0.));
#1081 = ( GEOMETRIC_REPRESENTATION_CONTEXT(2) 
PARAMETRIC_REPRESENTATION_CONTEXT() REPRESENTATION_CONTEXT('2D SPACE',''
  ) );
#1082 = PCURVE('',#123,#1083);
#1083 = DEFINITIONAL_REPRESENTATION('',(#1084),#1088);
#1084 = LINE('',#1085,#1086);
#1085 = CARTESIAN_POINT('',(0.,0.));
#1086 = VECTOR('',#1087,1.);
#1087 = DIRECTION('',(1.,0.));
#1088 = ( GEOMETRIC_REPRESENTATION_CONTEXT(2) 
PARAMETRIC_REPRESENTATION_CONTEXT() REPRESENTATION_CONTEXT('2D SPACE',''
  ) );
#1089 = ORIENTED_EDGE('',*,*,#1042,.T.);
#1090 = ORIENTED_EDGE('',*,*,#848,.F.);
#1091 = ORIENTED_EDGE('',*,*,#1092,.T.);
#1092 = EDGE_CURVE('',#815,#1093,#1095,.T.);
#1093 = VERTEX_POINT('',#1094);
#1094 = CARTESIAN_POINT('',(1.95,-1.46969384567,-3.330669073875E-16));
#1095 = SURFACE_CURVE('',#1096,(#1101,#1108),.PCURVE_S1.);
#1096 = CIRCLE('',#1097,1.65);
#1097 = AXIS2_PLACEMENT_3D('',#1098,#1099,#1100);
#1098 = CARTESIAN_POINT('',(1.95,0.,0.75));
#1099 = DIRECTION('',(1.,0.,0.));
#1100 = DIRECTION('',(-0.,0.,1.));
#1101 = PCURVE('',#169,#1102);
#1102 = DEFINITIONAL_REPRESENTATION('',(#1103),#1107);
#1103 = CIRCLE('',#1104,1.65);
#1104 = AXIS2_PLACEMENT_2D('',#1105,#1106);
#1105 = CARTESIAN_POINT('',(0.,0.));
#1106 = DIRECTION('',(1.,0.));
#1107 = ( GEOMETRIC_REPRESENTATION_CONTEXT(2) 
PARAMETRIC_REPRESENTATION_CONTEXT() REPRESENTATION_CONTEXT('2D SPACE',''
  ) );
#1108 = PCURVE('',#834,#1109);
#1109 = DEFINITIONAL_REPRESENTATION('',(#1110),#1114);
#1110 = LINE('',#1111,#1112);
#1111 = CARTESIAN_POINT('',(0.,0.));
#1112 = VECTOR('',#1113,1.);
#1113 = DIRECTION('',(1.,0.));
#1114 = ( GEOMETRIC_REPRESENTATION_CONTEXT(2) 
PARAMETRIC_REPRESENTATION_CONTEXT() REPRESENTATION_CONTEXT('2D SPACE',''
  ) );
#1115 = ORIENTED_EDGE('',*,*,#1116,.T.);
#1116 = EDGE_CURVE('',#1093,#1117,#1119,.T.);
#1117 = VERTEX_POINT('',#1118);
#1118 = CARTESIAN_POINT('',(1.95,1.46969384567,1.110223024625E-16));
#1119 = SURFACE_CURVE('',#1120,(#1124,#1130),.PCURVE_S1.);
#1120 = LINE('',#1121,#1122);
#1121 = CARTESIAN_POINT('',(1.95,0.,0.));
#1122 = VECTOR('',#1123,1.);
#1123 = DIRECTION('',(0.,1.,0.));
#1124 = PCURVE('',#169,#1125);
#1125 = DEFINITIONAL_REPRESENTATION('',(#1126),#1129);
#1126 = B_SPLINE_CURVE_WITH_KNOTS('',1,(#1127,#1128),.UNSPECIFIED.,.F.,
  .F.,(2,2),(-1.65,1.65),.PIECEWISE_BEZIER_KNOTS.);
#1127 = CARTESIAN_POINT('',(-0.75,1.65));
#1128 = CARTESIAN_POINT('',(-0.75,-1.65));
#1129 = ( GEOMETRIC_REPRESENTATION_CONTEXT(2) 
PARAMETRIC_REPRESENTATION_CONTEXT() REPRESENTATION_CONTEXT('2D SPACE',''
  ) );
#1130 = PCURVE('',#802,#1131);
#1131 = DEFINITIONAL_REPRESENTATION('',(#1132),#1135);
#1132 = B_SPLINE_CURVE_WITH_KNOTS('',1,(#1133,#1134),.UNSPECIFIED.,.F.,
  .F.,(2,2),(-1.65,1.65),.PIECEWISE_BEZIER_KNOTS.);
#1133 = CARTESIAN_POINT('',(1.95,-1.65));
#1134 = CARTESIAN_POINT('',(1.95,1.65));
#1135 = ( GEOMETRIC_REPRESENTATION_CONTEXT(2) 
PARAMETRIC_REPRESENTATION_CONTEXT() REPRESENTATION_CONTEXT('2D SPACE',''
  ) );
#1136 = ORIENTED_EDGE('',*,*,#1137,.T.);
#1137 = EDGE_CURVE('',#1117,#731,#1138,.T.);
#1138 = SURFACE_CURVE('',#1139,(#1144,#1151),.PCURVE_S1.);
#1139 = CIRCLE('',#1140,1.65);
#1140 = AXIS2_PLACEMENT_3D('',#1141,#1142,#1143);
#1141 = CARTESIAN_POINT('',(1.95,0.,0.75));
#1142 = DIRECTION('',(1.,0.,0.));
#1143 = DIRECTION('',(-0.,0.,1.));
#1144 = PCURVE('',#169,#1145);
#1145 = DEFINITIONAL_REPRESENTATION('',(#1146),#1150);
#1146 = CIRCLE('',#1147,1.65);
#1147 = AXIS2_PLACEMENT_2D('',#1148,#1149);
#1148 = CARTESIAN_POINT('',(0.,0.));
#1149 = DIRECTION('',(1.,0.));
#1150 = ( GEOMETRIC_REPRESENTATION_CONTEXT(2) 
PARAMETRIC_REPRESENTATION_CONTEXT() REPRESENTATION_CONTEXT('2D SPACE',''
  ) );
#1151 = PCURVE('',#771,#1152);
#1152 = DEFINITIONAL_REPRESENTATION('',(#1153),#1157);
#1153 = LINE('',#1154,#1155);
#1154 = CARTESIAN_POINT('',(0.,0.));
#1155 = VECTOR('',#1156,1.);
#1156 = DIRECTION('',(1.,0.));
#1157 = ( GEOMETRIC_REPRESENTATION_CONTEXT(2) 
PARAMETRIC_REPRESENTATION_CONTEXT() REPRESENTATION_CONTEXT('2D SPACE',''
  ) );
#1158 = ORIENTED_EDGE('',*,*,#730,.T.);
#1159 = ORIENTED_EDGE('',*,*,#1160,.F.);
#1160 = EDGE_CURVE('',#155,#513,#1161,.T.);
#1161 = SURFACE_CURVE('',#1162,(#1167,#1174),.PCURVE_S1.);
#1162 = CIRCLE('',#1163,0.6);
#1163 = AXIS2_PLACEMENT_3D('',#1164,#1165,#1166);
#1164 = CARTESIAN_POINT('',(1.95,2.,0.75));
#1165 = DIRECTION('',(1.,0.,0.));
#1166 = DIRECTION('',(-0.,0.,1.));
#1167 = PCURVE('',#169,#1168);
#1168 = DEFINITIONAL_REPRESENTATION('',(#1169),#1173);
#1169 = CIRCLE('',#1170,0.6);
#1170 = AXIS2_PLACEMENT_2D('',#1171,#1172);
#1171 = CARTESIAN_POINT('',(0.,-2.));
#1172 = DIRECTION('',(1.,0.));
#1173 = ( GEOMETRIC_REPRESENTATION_CONTEXT(2) 
PARAMETRIC_REPRESENTATION_CONTEXT() REPRESENTATION_CONTEXT('2D SPACE',''
  ) );
#1174 = PCURVE('',#326,#1175);
#1175 = DEFINITIONAL_REPRESENTATION('',(#1176),#1180);
#1176 = LINE('',#1177,#1178);
#1177 = CARTESIAN_POINT('',(0.,1.95));
#1178 = VECTOR('',#1179,1.);
#1179 = DIRECTION('',(1.,0.));
#1180 = ( GEOMETRIC_REPRESENTATION_CONTEXT(2) 
PARAMETRIC_REPRESENTATION_CONTEXT() REPRESENTATION_CONTEXT('2D SPACE',''
  ) );
#1181 = ADVANCED_FACE('',(#1182),#834,.F.);
#1182 = FACE_BOUND('',#1183,.F.);
#1183 = EDGE_LOOP('',(#1184,#1185,#1186));
#1184 = ORIENTED_EDGE('',*,*,#814,.F.);
#1185 = ORIENTED_EDGE('',*,*,#1092,.T.);
#1186 = ORIENTED_EDGE('',*,*,#1187,.T.);
#1187 = EDGE_CURVE('',#1093,#786,#1188,.T.);
#1188 = SURFACE_CURVE('',#1189,(#1193,#1199),.PCURVE_S1.);
#1189 = LINE('',#1190,#1191);
#1190 = CARTESIAN_POINT('',(1.95,-1.46969384567,0.));
#1191 = VECTOR('',#1192,1.);
#1192 = DIRECTION('',(1.,0.,0.));
#1193 = PCURVE('',#834,#1194);
#1194 = DEFINITIONAL_REPRESENTATION('',(#1195),#1198);
#1195 = B_SPLINE_CURVE_WITH_KNOTS('',1,(#1196,#1197),.UNSPECIFIED.,.F.,
  .F.,(2,2),(-5.999999999062E-07,0.820416632226),
  .PIECEWISE_BEZIER_KNOTS.);
#1196 = CARTESIAN_POINT('',(2.042658164075,-5.999999999062E-07));
#1197 = CARTESIAN_POINT('',(2.042658164075,0.820416632226));
#1198 = ( GEOMETRIC_REPRESENTATION_CONTEXT(2) 
PARAMETRIC_REPRESENTATION_CONTEXT() REPRESENTATION_CONTEXT('2D SPACE',''
  ) );
#1199 = PCURVE('',#802,#1200);
#1200 = DEFINITIONAL_REPRESENTATION('',(#1201),#1204);
#1201 = B_SPLINE_CURVE_WITH_KNOTS('',1,(#1202,#1203),.UNSPECIFIED.,.F.,
  .F.,(2,2),(-5.999999999062E-07,0.820416632226),
  .PIECEWISE_BEZIER_KNOTS.);
#1202 = CARTESIAN_POINT('',(1.9499994,-1.46969384567));
#1203 = CARTESIAN_POINT('',(2.770416632226,-1.46969384567));
#1204 = ( GEOMETRIC_REPRESENTATION_CONTEXT(2) 
PARAMETRIC_REPRESENTATION_CONTEXT() REPRESENTATION_CONTEXT('2D SPACE',''
  ) );
#1205 = ADVANCED_FACE('',(#1206),#802,.F.);
#1206 = FACE_BOUND('',#1207,.F.);
#1207 = EDGE_LOOP('',(#1208,#1227,#1228,#1229));
#1208 = ORIENTED_EDGE('',*,*,#1209,.T.);
#1209 = EDGE_CURVE('',#1117,#752,#1210,.T.);
#1210 = SURFACE_CURVE('',#1211,(#1215,#1221),.PCURVE_S1.);
#1211 = LINE('',#1212,#1213);
#1212 = CARTESIAN_POINT('',(1.95,1.46969384567,0.));
#1213 = VECTOR('',#1214,1.);
#1214 = DIRECTION('',(1.,0.,0.));
#1215 = PCURVE('',#802,#1216);
#1216 = DEFINITIONAL_REPRESENTATION('',(#1217),#1220);
#1217 = B_SPLINE_CURVE_WITH_KNOTS('',1,(#1218,#1219),.UNSPECIFIED.,.F.,
  .F.,(2,2),(-5.999999999062E-07,0.820416632226),
  .PIECEWISE_BEZIER_KNOTS.);
#1218 = CARTESIAN_POINT('',(1.9499994,1.46969384567));
#1219 = CARTESIAN_POINT('',(2.770416632226,1.46969384567));
#1220 = ( GEOMETRIC_REPRESENTATION_CONTEXT(2) 
PARAMETRIC_REPRESENTATION_CONTEXT() REPRESENTATION_CONTEXT('2D SPACE',''
  ) );
#1221 = PCURVE('',#771,#1222);
#1222 = DEFINITIONAL_REPRESENTATION('',(#1223),#1226);
#1223 = B_SPLINE_CURVE_WITH_KNOTS('',1,(#1224,#1225),.UNSPECIFIED.,.F.,
  .F.,(2,2),(-5.999999999062E-07,0.820416632226),
  .PIECEWISE_BEZIER_KNOTS.);
#1224 = CARTESIAN_POINT('',(4.240527143105,-5.999999999062E-07));
#1225 = CARTESIAN_POINT('',(4.240527143105,0.820416632226));
#1226 = ( GEOMETRIC_REPRESENTATION_CONTEXT(2) 
PARAMETRIC_REPRESENTATION_CONTEXT() REPRESENTATION_CONTEXT('2D SPACE',''
  ) );
#1227 = ORIENTED_EDGE('',*,*,#785,.T.);
#1228 = ORIENTED_EDGE('',*,*,#1187,.F.);
#1229 = ORIENTED_EDGE('',*,*,#1116,.T.);
#1230 = ADVANCED_FACE('',(#1231),#771,.F.);
#1231 = FACE_BOUND('',#1232,.F.);
#1232 = EDGE_LOOP('',(#1233,#1234,#1235));
#1233 = ORIENTED_EDGE('',*,*,#1137,.T.);
#1234 = ORIENTED_EDGE('',*,*,#751,.F.);
#1235 = ORIENTED_EDGE('',*,*,#1209,.F.);
#1236 = ADVANCED_FACE('',(#1237),#326,.T.);
#1237 = FACE_BOUND('',#1238,.T.);
#1238 = EDGE_LOOP('',(#1239,#1270,#1296,#1325,#1346,#1347,#1348,#1349,
    #1371,#1372,#1373,#1397));
#1239 = ORIENTED_EDGE('',*,*,#1240,.F.);
#1240 = EDGE_CURVE('',#1241,#1243,#1245,.T.);
#1241 = VERTEX_POINT('',#1242);
#1242 = CARTESIAN_POINT('',(9.,2.4725,0.380211208931));
#1243 = VERTEX_POINT('',#1244);
#1244 = CARTESIAN_POINT('',(9.,2.4725,1.119788791069));
#1245 = SURFACE_CURVE('',#1246,(#1251,#1258),.PCURVE_S1.);
#1246 = CIRCLE('',#1247,0.6);
#1247 = AXIS2_PLACEMENT_3D('',#1248,#1249,#1250);
#1248 = CARTESIAN_POINT('',(9.,2.,0.75));
#1249 = DIRECTION('',(1.,0.,0.));
#1250 = DIRECTION('',(-0.,0.,1.));
#1251 = PCURVE('',#326,#1252);
#1252 = DEFINITIONAL_REPRESENTATION('',(#1253),#1257);
#1253 = LINE('',#1254,#1255);
#1254 = CARTESIAN_POINT('',(0.,9.));
#1255 = VECTOR('',#1256,1.);
#1256 = DIRECTION('',(1.,0.));
#1257 = ( GEOMETRIC_REPRESENTATION_CONTEXT(2) 
PARAMETRIC_REPRESENTATION_CONTEXT() REPRESENTATION_CONTEXT('2D SPACE',''
  ) );
#1258 = PCURVE('',#1259,#1264);
#1259 = PLANE('',#1260);
#1260 = AXIS2_PLACEMENT_3D('',#1261,#1262,#1263);
#1261 = CARTESIAN_POINT('',(9.,2.,0.75));
#1262 = DIRECTION('',(1.,0.,0.));
#1263 = DIRECTION('',(-0.,0.,1.));
#1264 = DEFINITIONAL_REPRESENTATION('',(#1265),#1269);
#1265 = CIRCLE('',#1266,0.6);
#1266 = AXIS2_PLACEMENT_2D('',#1267,#1268);
#1267 = CARTESIAN_POINT('',(0.,0.));
#1268 = DIRECTION('',(1.,0.));
#1269 = ( GEOMETRIC_REPRESENTATION_CONTEXT(2) 
PARAMETRIC_REPRESENTATION_CONTEXT() REPRESENTATION_CONTEXT('2D SPACE',''
  ) );
#1270 = ORIENTED_EDGE('',*,*,#1271,.F.);
#1271 = EDGE_CURVE('',#1272,#1241,#1274,.T.);
#1272 = VERTEX_POINT('',#1273);
#1273 = CARTESIAN_POINT('',(8.45,2.4725,0.380211208931));
#1274 = SURFACE_CURVE('',#1275,(#1279,#1285),.PCURVE_S1.);
#1275 = LINE('',#1276,#1277);
#1276 = CARTESIAN_POINT('',(8.45,2.4725,0.380211208931));
#1277 = VECTOR('',#1278,1.);
#1278 = DIRECTION('',(1.,0.,0.));
#1279 = PCURVE('',#326,#1280);
#1280 = DEFINITIONAL_REPRESENTATION('',(#1281),#1284);
#1281 = B_SPLINE_CURVE_WITH_KNOTS('',1,(#1282,#1283),.UNSPECIFIED.,.F.,
  .F.,(2,2),(-5.999999999062E-07,0.5500006),.PIECEWISE_BEZIER_KNOTS.);
#1282 = CARTESIAN_POINT('',(4.048334703142,8.4499994));
#1283 = CARTESIAN_POINT('',(4.048334703142,9.0000006));
#1284 = ( GEOMETRIC_REPRESENTATION_CONTEXT(2) 
PARAMETRIC_REPRESENTATION_CONTEXT() REPRESENTATION_CONTEXT('2D SPACE',''
  ) );
#1285 = PCURVE('',#1286,#1291);
#1286 = CYLINDRICAL_SURFACE('',#1287,2.5);
#1287 = AXIS2_PLACEMENT_3D('',#1288,#1289,#1290);
#1288 = CARTESIAN_POINT('',(8.45,0.,0.75));
#1289 = DIRECTION('',(1.,0.,0.));
#1290 = DIRECTION('',(-0.,0.,1.));
#1291 = DEFINITIONAL_REPRESENTATION('',(#1292),#1295);
#1292 = B_SPLINE_CURVE_WITH_KNOTS('',1,(#1293,#1294),.UNSPECIFIED.,.F.,
  .F.,(2,2),(-5.999999999062E-07,0.5500006),.PIECEWISE_BEZIER_KNOTS.);
#1293 = CARTESIAN_POINT('',(4.563928709388,-5.999999999062E-07));
#1294 = CARTESIAN_POINT('',(4.563928709388,0.5500006));
#1295 = ( GEOMETRIC_REPRESENTATION_CONTEXT(2) 
PARAMETRIC_REPRESENTATION_CONTEXT() REPRESENTATION_CONTEXT('2D SPACE',''
  ) );
#1296 = ORIENTED_EDGE('',*,*,#1297,.F.);
#1297 = EDGE_CURVE('',#1298,#1272,#1300,.T.);
#1298 = VERTEX_POINT('',#1299);
#1299 = CARTESIAN_POINT('',(8.45,2.,1.35));
#1300 = SURFACE_CURVE('',#1301,(#1306,#1313),.PCURVE_S1.);
#1301 = CIRCLE('',#1302,0.6);
#1302 = AXIS2_PLACEMENT_3D('',#1303,#1304,#1305);
#1303 = CARTESIAN_POINT('',(8.45,2.,0.75));
#1304 = DIRECTION('',(1.,0.,0.));
#1305 = DIRECTION('',(-0.,0.,1.));
#1306 = PCURVE('',#326,#1307);
#1307 = DEFINITIONAL_REPRESENTATION('',(#1308),#1312);
#1308 = LINE('',#1309,#1310);
#1309 = CARTESIAN_POINT('',(0.,8.45));
#1310 = VECTOR('',#1311,1.);
#1311 = DIRECTION('',(1.,0.));
#1312 = ( GEOMETRIC_REPRESENTATION_CONTEXT(2) 
PARAMETRIC_REPRESENTATION_CONTEXT() REPRESENTATION_CONTEXT('2D SPACE',''
  ) );
#1313 = PCURVE('',#1314,#1319);
#1314 = PLANE('',#1315);
#1315 = AXIS2_PLACEMENT_3D('',#1316,#1317,#1318);
#1316 = CARTESIAN_POINT('',(8.45,0.,0.75));
#1317 = DIRECTION('',(1.,0.,0.));
#1318 = DIRECTION('',(-0.,0.,1.));
#1319 = DEFINITIONAL_REPRESENTATION('',(#1320),#1324);
#1320 = CIRCLE('',#1321,0.6);
#1321 = AXIS2_PLACEMENT_2D('',#1322,#1323);
#1322 = CARTESIAN_POINT('',(0.,-2.));
#1323 = DIRECTION('',(1.,0.));
#1324 = ( GEOMETRIC_REPRESENTATION_CONTEXT(2) 
PARAMETRIC_REPRESENTATION_CONTEXT() REPRESENTATION_CONTEXT('2D SPACE',''
  ) );
#1325 = ORIENTED_EDGE('',*,*,#1326,.F.);
#1326 = EDGE_CURVE('',#181,#1298,#1327,.T.);
#1327 = SEAM_CURVE('',#1328,(#1332,#1339),.PCURVE_S1.);
#1328 = LINE('',#1329,#1330);
#1329 = CARTESIAN_POINT('',(0.,2.,1.35));
#1330 = VECTOR('',#1331,1.);
#1331 = DIRECTION('',(1.,0.,0.));
#1332 = PCURVE('',#326,#1333);
#1333 = DEFINITIONAL_REPRESENTATION('',(#1334),#1338);
#1334 = LINE('',#1335,#1336);
#1335 = CARTESIAN_POINT('',(6.28318530718,-0.));
#1336 = VECTOR('',#1337,1.);
#1337 = DIRECTION('',(0.,1.));
#1338 = ( GEOMETRIC_REPRESENTATION_CONTEXT(2) 
PARAMETRIC_REPRESENTATION_CONTEXT() REPRESENTATION_CONTEXT('2D SPACE',''
  ) );
#1339 = PCURVE('',#326,#1340);
#1340 = DEFINITIONAL_REPRESENTATION('',(#1341),#1345);
#1341 = LINE('',#1342,#1343);
#1342 = CARTESIAN_POINT('',(0.,-0.));
#1343 = VECTOR('',#1344,1.);
#1344 = DIRECTION('',(0.,1.));
#1345 = ( GEOMETRIC_REPRESENTATION_CONTEXT(2) 
PARAMETRIC_REPRESENTATION_CONTEXT() REPRESENTATION_CONTEXT('2D SPACE',''
  ) );
#1346 = ORIENTED_EDGE('',*,*,#180,.T.);
#1347 = ORIENTED_EDGE('',*,*,#1160,.T.);
#1348 = ORIENTED_EDGE('',*,*,#512,.T.);
#1349 = ORIENTED_EDGE('',*,*,#1350,.T.);
#1350 = EDGE_CURVE('',#487,#404,#1351,.T.);
#1351 = SURFACE_CURVE('',#1352,(#1357,#1364),.PCURVE_S1.);
#1352 = CIRCLE('',#1353,0.6);
#1353 = AXIS2_PLACEMENT_3D('',#1354,#1355,#1356);
#1354 = CARTESIAN_POINT('',(0.,2.,0.75));
#1355 = DIRECTION('',(1.,0.,0.));
#1356 = DIRECTION('',(-0.,0.,1.));
#1357 = PCURVE('',#326,#1358);
#1358 = DEFINITIONAL_REPRESENTATION('',(#1359),#1363);
#1359 = LINE('',#1360,#1361);
#1360 = CARTESIAN_POINT('',(0.,0.));
#1361 = VECTOR('',#1362,1.);
#1362 = DIRECTION('',(1.,0.));
#1363 = ( GEOMETRIC_REPRESENTATION_CONTEXT(2) 
PARAMETRIC_REPRESENTATION_CONTEXT() REPRESENTATION_CONTEXT('2D SPACE',''
  ) );
#1364 = PCURVE('',#501,#1365);
#1365 = DEFINITIONAL_REPRESENTATION('',(#1366),#1370);
#1366 = CIRCLE('',#1367,0.6);
#1367 = AXIS2_PLACEMENT_2D('',#1368,#1369);
#1368 = CARTESIAN_POINT('',(0.,0.));
#1369 = DIRECTION('',(1.,0.));
#1370 = ( GEOMETRIC_REPRESENTATION_CONTEXT(2) 
PARAMETRIC_REPRESENTATION_CONTEXT() REPRESENTATION_CONTEXT('2D SPACE',''
  ) );
#1371 = ORIENTED_EDGE('',*,*,#403,.T.);
#1372 = ORIENTED_EDGE('',*,*,#1326,.T.);
#1373 = ORIENTED_EDGE('',*,*,#1374,.F.);
#1374 = EDGE_CURVE('',#1375,#1298,#1377,.T.);
#1375 = VERTEX_POINT('',#1376);
#1376 = CARTESIAN_POINT('',(8.45,2.4725,1.119788791069));
#1377 = SURFACE_CURVE('',#1378,(#1383,#1390),.PCURVE_S1.);
#1378 = CIRCLE('',#1379,0.6);
#1379 = AXIS2_PLACEMENT_3D('',#1380,#1381,#1382);
#1380 = CARTESIAN_POINT('',(8.45,2.,0.75));
#1381 = DIRECTION('',(1.,0.,0.));
#1382 = DIRECTION('',(-0.,0.,1.));
#1383 = PCURVE('',#326,#1384);
#1384 = DEFINITIONAL_REPRESENTATION('',(#1385),#1389);
#1385 = LINE('',#1386,#1387);
#1386 = CARTESIAN_POINT('',(0.,8.45));
#1387 = VECTOR('',#1388,1.);
#1388 = DIRECTION('',(1.,0.));
#1389 = ( GEOMETRIC_REPRESENTATION_CONTEXT(2) 
PARAMETRIC_REPRESENTATION_CONTEXT() REPRESENTATION_CONTEXT('2D SPACE',''
  ) );
#1390 = PCURVE('',#1314,#1391);
#1391 = DEFINITIONAL_REPRESENTATION('',(#1392),#1396);
#1392 = CIRCLE('',#1393,0.6);
#1393 = AXIS2_PLACEMENT_2D('',#1394,#1395);
#1394 = CARTESIAN_POINT('',(0.,-2.));
#1395 = DIRECTION('',(1.,0.));
#1396 = ( GEOMETRIC_REPRESENTATION_CONTEXT(2) 
PARAMETRIC_REPRESENTATION_CONTEXT() REPRESENTATION_CONTEXT('2D SPACE',''
  ) );
#1397 = ORIENTED_EDGE('',*,*,#1398,.T.);
#1398 = EDGE_CURVE('',#1375,#1243,#1399,.T.);
#1399 = SURFACE_CURVE('',#1400,(#1404,#1410),.PCURVE_S1.);
#1400 = LINE('',#1401,#1402);
#1401 = CARTESIAN_POINT('',(8.45,2.4725,1.119788791069));
#1402 = VECTOR('',#1403,1.);
#1403 = DIRECTION('',(1.,0.,0.));
#1404 = PCURVE('',#326,#1405);
#1405 = DEFINITIONAL_REPRESENTATION('',(#1406),#1409);
#1406 = B_SPLINE_CURVE_WITH_KNOTS('',1,(#1407,#1408),.UNSPECIFIED.,.F.,
  .F.,(2,2),(-5.999999999062E-07,0.5500006),.PIECEWISE_BEZIER_KNOTS.);
#1407 = CARTESIAN_POINT('',(5.376443257627,8.4499994));
#1408 = CARTESIAN_POINT('',(5.376443257627,9.0000006));
#1409 = ( GEOMETRIC_REPRESENTATION_CONTEXT(2) 
PARAMETRIC_REPRESENTATION_CONTEXT() REPRESENTATION_CONTEXT('2D SPACE',''
  ) );
#1410 = PCURVE('',#1286,#1411);
#1411 = DEFINITIONAL_REPRESENTATION('',(#1412),#1415);
#1412 = B_SPLINE_CURVE_WITH_KNOTS('',1,(#1413,#1414),.UNSPECIFIED.,.F.,
  .F.,(2,2),(-5.999999999062E-07,0.5500006),.PIECEWISE_BEZIER_KNOTS.);
#1413 = CARTESIAN_POINT('',(4.860849251381,-5.999999999062E-07));
#1414 = CARTESIAN_POINT('',(4.860849251381,0.5500006));
#1415 = ( GEOMETRIC_REPRESENTATION_CONTEXT(2) 
PARAMETRIC_REPRESENTATION_CONTEXT() REPRESENTATION_CONTEXT('2D SPACE',''
  ) );
#1416 = ADVANCED_FACE('',(#1417),#501,.F.);
#1417 = FACE_BOUND('',#1418,.F.);
#1418 = EDGE_LOOP('',(#1419,#1420));
#1419 = ORIENTED_EDGE('',*,*,#486,.F.);
#1420 = ORIENTED_EDGE('',*,*,#1350,.T.);
#1421 = ADVANCED_FACE('',(#1422),#123,.F.);
#1422 = FACE_BOUND('',#1423,.F.);
#1423 = EDGE_LOOP('',(#1424,#1425,#1426));
#1424 = ORIENTED_EDGE('',*,*,#1019,.T.);
#1425 = ORIENTED_EDGE('',*,*,#69,.F.);
#1426 = ORIENTED_EDGE('',*,*,#1068,.T.);
#1427 = ADVANCED_FACE('',(#1428),#1000,.T.);
#1428 = FACE_BOUND('',#1429,.T.);
#1429 = EDGE_LOOP('',(#1430,#1455,#1482,#1483,#1658,#1679,#1680,#1681));
#1430 = ORIENTED_EDGE('',*,*,#1431,.T.);
#1431 = EDGE_CURVE('',#1432,#1434,#1436,.T.);
#1432 = VERTEX_POINT('',#1433);
#1433 = CARTESIAN_POINT('',(3.35,-2.081899558551E-16,184.42636328886));
#1434 = VERTEX_POINT('',#1435);
#1435 = CARTESIAN_POINT('',(3.35,-8.205133554287E-16,185.27636328886));
#1436 = SEAM_CURVE('',#1437,(#1441,#1448),.PCURVE_S1.);
#1437 = LINE('',#1438,#1439);
#1438 = CARTESIAN_POINT('',(3.35,-8.205133554287E-16,180.27636328886));
#1439 = VECTOR('',#1440,1.);
#1440 = DIRECTION('',(0.,0.,1.));
#1441 = PCURVE('',#1000,#1442);
#1442 = DEFINITIONAL_REPRESENTATION('',(#1443),#1447);
#1443 = LINE('',#1444,#1445);
#1444 = CARTESIAN_POINT('',(6.28318530718,-0.));
#1445 = VECTOR('',#1446,1.);
#1446 = DIRECTION('',(0.,1.));
#1447 = ( GEOMETRIC_REPRESENTATION_CONTEXT(2) 
PARAMETRIC_REPRESENTATION_CONTEXT() REPRESENTATION_CONTEXT('2D SPACE',''
  ) );
#1448 = PCURVE('',#1000,#1449);
#1449 = DEFINITIONAL_REPRESENTATION('',(#1450),#1454);
#1450 = LINE('',#1451,#1452);
#1451 = CARTESIAN_POINT('',(0.,-0.));
#1452 = VECTOR('',#1453,1.);
#1453 = DIRECTION('',(0.,1.));
#1454 = ( GEOMETRIC_REPRESENTATION_CONTEXT(2) 
PARAMETRIC_REPRESENTATION_CONTEXT() REPRESENTATION_CONTEXT('2D SPACE',''
  ) );
#1455 = ORIENTED_EDGE('',*,*,#1456,.F.);
#1456 = EDGE_CURVE('',#1434,#1434,#1457,.T.);
#1457 = SURFACE_CURVE('',#1458,(#1463,#1470),.PCURVE_S1.);
#1458 = CIRCLE('',#1459,3.35);
#1459 = AXIS2_PLACEMENT_3D('',#1460,#1461,#1462);
#1460 = CARTESIAN_POINT('',(0.,0.,185.27636328886));
#1461 = DIRECTION('',(0.,0.,1.));
#1462 = DIRECTION('',(1.,0.,-0.));
#1463 = PCURVE('',#1000,#1464);
#1464 = DEFINITIONAL_REPRESENTATION('',(#1465),#1469);
#1465 = LINE('',#1466,#1467);
#1466 = CARTESIAN_POINT('',(0.,5.));
#1467 = VECTOR('',#1468,1.);
#1468 = DIRECTION('',(1.,0.));
#1469 = ( GEOMETRIC_REPRESENTATION_CONTEXT(2) 
PARAMETRIC_REPRESENTATION_CONTEXT() REPRESENTATION_CONTEXT('2D SPACE',''
  ) );
#1470 = PCURVE('',#1471,#1476);
#1471 = PLANE('',#1472);
#1472 = AXIS2_PLACEMENT_3D('',#1473,#1474,#1475);
#1473 = CARTESIAN_POINT('',(0.,0.,185.27636328886));
#1474 = DIRECTION('',(0.,0.,1.));
#1475 = DIRECTION('',(1.,0.,-0.));
#1476 = DEFINITIONAL_REPRESENTATION('',(#1477),#1481);
#1477 = CIRCLE('',#1478,3.35);
#1478 = AXIS2_PLACEMENT_2D('',#1479,#1480);
#1479 = CARTESIAN_POINT('',(0.,0.));
#1480 = DIRECTION('',(1.,0.));
#1481 = ( GEOMETRIC_REPRESENTATION_CONTEXT(2) 
PARAMETRIC_REPRESENTATION_CONTEXT() REPRESENTATION_CONTEXT('2D SPACE',''
  ) );
#1482 = ORIENTED_EDGE('',*,*,#1431,.F.);
#1483 = ORIENTED_EDGE('',*,*,#1484,.F.);
#1484 = EDGE_CURVE('',#1485,#1432,#1487,.T.);
#1485 = VERTEX_POINT('',#1486);
#1486 = CARTESIAN_POINT('',(3.35,-8.205133554287E-16,181.12636328886));
#1487 = SURFACE_CURVE('',#1488,(#1541,#1597),.PCURVE_S1.);
#1488 = B_SPLINE_CURVE_WITH_KNOTS('',6,(#1489,#1490,#1491,#1492,#1493,
    #1494,#1495,#1496,#1497,#1498,#1499,#1500,#1501,#1502,#1503,#1504,
    #1505,#1506,#1507,#1508,#1509,#1510,#1511,#1512,#1513,#1514,#1515,
    #1516,#1517,#1518,#1519,#1520,#1521,#1522,#1523,#1524,#1525,#1526,
    #1527,#1528,#1529,#1530,#1531,#1532,#1533,#1534,#1535,#1536,#1537,
    #1538,#1539,#1540),.UNSPECIFIED.,.F.,.F.,(7,5,5,5,5,5,5,5,5,5,7),(0.
    ,0.127715497869,0.183641860242,0.253345534572,0.331600482051,
    0.500300758128,0.588295615179,0.669815252707,0.81841355214,
    0.872911423698,1.),.UNSPECIFIED.);
#1489 = CARTESIAN_POINT('',(3.35,-1.010333609297E-16,181.12636328886));
#1490 = CARTESIAN_POINT('',(3.35,0.128939904882,181.12636328886));
#1491 = CARTESIAN_POINT('',(3.344044496347,0.257082759185,
    181.13845458302));
#1492 = CARTESIAN_POINT('',(3.332272231789,0.382430121683,
    181.16235673686));
#1493 = CARTESIAN_POINT('',(3.315353430623,0.503038071528,
    181.19720806353));
#1494 = CARTESIAN_POINT('',(3.294458226409,0.617140255651,181.2415721213
    ));
#1495 = CARTESIAN_POINT('',(3.260710315262,0.769762446573,
    181.31600717104));
#1496 = CARTESIAN_POINT('',(3.249904643681,0.814869832132,
    181.34017021505));
#1497 = CARTESIAN_POINT('',(3.238657138618,0.858580710006,
    181.36572542054));
#1498 = CARTESIAN_POINT('',(3.227051934283,0.900875742196,
    181.39257461544));
#1499 = CARTESIAN_POINT('',(3.215171062769,0.941740525544,
    181.42062385969));
#1500 = CARTESIAN_POINT('',(3.188042804617,1.030302919056,
    181.48612641775));
#1501 = CARTESIAN_POINT('',(3.172684294937,1.077211955374,181.5242001165
    ));
#1502 = CARTESIAN_POINT('',(3.157163017336,1.121903237577,
    181.56385456783));
#1503 = CARTESIAN_POINT('',(3.141614336977,1.164390745067,
    181.60495674343));
#1504 = CARTESIAN_POINT('',(3.126164766289,1.204690741889,
    181.64739002975));
#1505 = CARTESIAN_POINT('',(3.093830131258,1.285628283564,
    181.74007404031));
#1506 = CARTESIAN_POINT('',(3.076999170685,1.325706531673,
    181.79065182506));
#1507 = CARTESIAN_POINT('',(3.060606855261,1.363074680894,
    181.84264174937));
#1508 = CARTESIAN_POINT('',(3.044809545431,1.39774939226,181.89591587763
    ));
#1509 = CARTESIAN_POINT('',(3.029751661486,1.429743261676,
    181.95036280774));
#1510 = CARTESIAN_POINT('',(2.984982595942,1.522271138557,
    182.12558430809));
#1511 = CARTESIAN_POINT('',(2.958382218275,1.573193354317,
    182.25055448561));
#1512 = CARTESIAN_POINT('',(2.937257741674,1.611512857773,
    182.37934195861));
#1513 = CARTESIAN_POINT('',(2.922754467177,1.637139095938,
    182.51066871114));
#1514 = CARTESIAN_POINT('',(2.915475947423,1.65,182.64338153473));
#1515 = CARTESIAN_POINT('',(2.915475947423,1.65,182.84572719696));
#1516 = CARTESIAN_POINT('',(2.917456154572,1.646500828982,
    182.91507718449));
#1517 = CARTESIAN_POINT('',(2.92141570212,1.639505144153,182.98423000688
    ));
#1518 = CARTESIAN_POINT('',(2.927306892486,1.629021530921,
    183.05299772483));
#1519 = CARTESIAN_POINT('',(2.935038020632,1.615067633262,
    183.12118746456));
#1520 = CARTESIAN_POINT('',(2.953219853356,1.581558921427,
    183.25105416309));
#1521 = CARTESIAN_POINT('',(2.96342815023,1.562492769122,183.31283756278
    ));
#1522 = CARTESIAN_POINT('',(2.975001704243,1.540488085941,
    183.37383683375));
#1523 = CARTESIAN_POINT('',(2.987818055161,1.515554674207,
    183.43392838611));
#1524 = CARTESIAN_POINT('',(3.001734557221,1.487701782948,
    183.49297906394));
#1525 = CARTESIAN_POINT('',(3.043672870507,1.400868651904,
    183.65632785021));
#1526 = CARTESIAN_POINT('',(3.073873771127,1.335144293071,
    183.75785592735));
#1527 = CARTESIAN_POINT('',(3.1062853435,1.259715334522,183.85480826435)
  );
#1528 = CARTESIAN_POINT('',(3.139858624809,1.174415296275,
    183.94636859261));
#1529 = CARTESIAN_POINT('',(3.173373744221,1.079055057831,
    184.03144089125));
#1530 = CARTESIAN_POINT('',(3.217173958517,0.934840828318,
    184.13683007675));
#1531 = CARTESIAN_POINT('',(3.228731292699,0.894772245832,
    184.16404215721));
#1532 = CARTESIAN_POINT('',(3.240018097132,0.853342495244,184.1901024444
    ));
#1533 = CARTESIAN_POINT('',(3.250957823333,0.810565750476,184.2149229885
    ));
#1534 = CARTESIAN_POINT('',(3.261472094712,0.766460713235,
    184.23841212511));
#1535 = CARTESIAN_POINT('',(3.294820704923,0.615154642717,184.3119236894
    ));
#1536 = CARTESIAN_POINT('',(3.31558819579,0.501361570805,184.35600223276
    ));
#1537 = CARTESIAN_POINT('',(3.332395733291,0.381118931408,
    184.39062061152));
#1538 = CARTESIAN_POINT('',(3.34408676635,0.256182222177,184.41435780782
    ));
#1539 = CARTESIAN_POINT('',(3.35,0.128481537263,184.42636328886));
#1540 = CARTESIAN_POINT('',(3.35,2.020667218593E-16,184.42636328886));
#1541 = PCURVE('',#1000,#1542);
#1542 = DEFINITIONAL_REPRESENTATION('',(#1543),#1596);
#1543 = B_SPLINE_CURVE_WITH_KNOTS('',6,(#1544,#1545,#1546,#1547,#1548,
    #1549,#1550,#1551,#1552,#1553,#1554,#1555,#1556,#1557,#1558,#1559,
    #1560,#1561,#1562,#1563,#1564,#1565,#1566,#1567,#1568,#1569,#1570,
    #1571,#1572,#1573,#1574,#1575,#1576,#1577,#1578,#1579,#1580,#1581,
    #1582,#1583,#1584,#1585,#1586,#1587,#1588,#1589,#1590,#1591,#1592,
    #1593,#1594,#1595),.UNSPECIFIED.,.F.,.F.,(7,5,5,5,5,5,5,5,5,5,7),(0.
    ,0.127715497869,0.183641860242,0.253345534572,0.331600482051,
    0.500300758128,0.588295615179,0.669815252707,0.81841355214,
    0.872911423698,1.),.UNSPECIFIED.);
#1544 = CARTESIAN_POINT('',(0.,0.85));
#1545 = CARTESIAN_POINT('',(3.848952384524E-02,0.85));
#1546 = CARTESIAN_POINT('',(7.674118960981E-02,0.862091294157));
#1547 = CARTESIAN_POINT('',(0.114260615407,0.885993447996));
#1548 = CARTESIAN_POINT('',(0.150565467441,0.920844774667));
#1549 = CARTESIAN_POINT('',(0.185169226469,0.965208832439));
#1550 = CARTESIAN_POINT('',(0.231828582845,1.039643882172));
#1551 = CARTESIAN_POINT('',(0.245672342503,1.063806926189));
#1552 = CARTESIAN_POINT('',(0.259142650566,1.089362131672));
#1553 = CARTESIAN_POINT('',(0.272232333574,1.116211326573));
#1554 = CARTESIAN_POINT('',(0.284934597616,1.144260570825));
#1555 = CARTESIAN_POINT('',(0.312583608528,1.209763128889));
#1556 = CARTESIAN_POINT('',(0.3273150257,1.247836827636));
#1557 = CARTESIAN_POINT('',(0.341434181797,1.287491278962));
#1558 = CARTESIAN_POINT('',(0.354937161854,1.328593454566));
#1559 = CARTESIAN_POINT('',(0.367819458539,1.371026740885));
#1560 = CARTESIAN_POINT('',(0.393836596121,1.463710751442));
#1561 = CARTESIAN_POINT('',(0.40681040656,1.514288536194));
#1562 = CARTESIAN_POINT('',(0.418989068624,1.566278460505));
#1563 = CARTESIAN_POINT('',(0.430361915592,1.619552588763));
#1564 = CARTESIAN_POINT('',(0.440916603256,1.673999518879));
#1565 = CARTESIAN_POINT('',(0.471600030167,1.849221019222));
#1566 = CARTESIAN_POINT('',(0.488741495045,1.974191196743));
#1567 = CARTESIAN_POINT('',(0.501801599169,2.102978669743));
#1568 = CARTESIAN_POINT('',(0.510591645925,2.234305422275));
#1569 = CARTESIAN_POINT('',(0.515002831689,2.367018245866));
#1570 = CARTESIAN_POINT('',(0.515002831689,2.569363908095));
#1571 = CARTESIAN_POINT('',(0.513802658101,2.638713895627));
#1572 = CARTESIAN_POINT('',(0.511403066729,2.707866718016));
#1573 = CARTESIAN_POINT('',(0.50781342624,2.776634435962));
#1574 = CARTESIAN_POINT('',(0.503051664195,2.844824175693));
#1575 = CARTESIAN_POINT('',(0.491671469693,2.97469087423));
#1576 = CARTESIAN_POINT('',(0.485215749336,3.036474273918));
#1577 = CARTESIAN_POINT('',(0.477794369452,3.097473544888));
#1578 = CARTESIAN_POINT('',(0.4694265434,3.157565097241));
#1579 = CARTESIAN_POINT('',(0.460133040224,3.216615775076));
#1580 = CARTESIAN_POINT('',(0.431347857455,3.379964561348));
#1581 = CARTESIAN_POINT('',(0.40976047205,3.481492638491));
#1582 = CARTESIAN_POINT('',(0.38526593569,3.578444975488));
#1583 = CARTESIAN_POINT('',(0.357925507887,3.670005303742));
#1584 = CARTESIAN_POINT('',(0.327780891126,3.755077602385));
#1585 = CARTESIAN_POINT('',(0.282790158913,3.860466787882));
#1586 = CARTESIAN_POINT('',(0.270342982403,3.887678868343));
#1587 = CARTESIAN_POINT('',(0.257527370951,3.913739155536));
#1588 = CARTESIAN_POINT('',(0.244349812653,3.938559699639));
#1589 = CARTESIAN_POINT('',(0.230817143667,3.962048836244));
#1590 = CARTESIAN_POINT('',(0.184567116817,4.03556040054));
#1591 = CARTESIAN_POINT('',(0.150060817928,4.079638943894));
#1592 = CARTESIAN_POINT('',(0.113868131427,4.114257322659));
#1593 = CARTESIAN_POINT('',(7.647237039869E-02,4.137994518951));
#1594 = CARTESIAN_POINT('',(3.835269769034E-02,4.15));
#1595 = CARTESIAN_POINT('',(0.,4.15));
#1596 = ( GEOMETRIC_REPRESENTATION_CONTEXT(2) 
PARAMETRIC_REPRESENTATION_CONTEXT() REPRESENTATION_CONTEXT('2D SPACE',''
  ) );
#1597 = PCURVE('',#1598,#1603);
#1598 = CYLINDRICAL_SURFACE('',#1599,1.65);
#1599 = AXIS2_PLACEMENT_3D('',#1600,#1601,#1602);
#1600 = CARTESIAN_POINT('',(1.95,0.,182.77636328886));
#1601 = DIRECTION('',(1.,0.,0.));
#1602 = DIRECTION('',(-0.,0.,1.));
#1603 = DEFINITIONAL_REPRESENTATION('',(#1604),#1657);
#1604 = B_SPLINE_CURVE_WITH_KNOTS('',6,(#1605,#1606,#1607,#1608,#1609,
    #1610,#1611,#1612,#1613,#1614,#1615,#1616,#1617,#1618,#1619,#1620,
    #1621,#1622,#1623,#1624,#1625,#1626,#1627,#1628,#1629,#1630,#1631,
    #1632,#1633,#1634,#1635,#1636,#1637,#1638,#1639,#1640,#1641,#1642,
    #1643,#1644,#1645,#1646,#1647,#1648,#1649,#1650,#1651,#1652,#1653,
    #1654,#1655,#1656),.UNSPECIFIED.,.F.,.F.,(7,5,5,5,5,5,5,5,5,5,7),(0.
    ,0.127715497869,0.183641860242,0.253345534572,0.331600482051,
    0.500300758128,0.588295615179,0.669815252707,0.81841355214,
    0.872911423698,1.),.UNSPECIFIED.);
#1605 = CARTESIAN_POINT('',(3.14159265359,1.4));
#1606 = CARTESIAN_POINT('',(3.219738050488,1.4));
#1607 = CARTESIAN_POINT('',(3.297400276766,1.394044496347));
#1608 = CARTESIAN_POINT('',(3.374227917179,1.382272231789));
#1609 = CARTESIAN_POINT('',(3.449845831466,1.365353430623));
#1610 = CARTESIAN_POINT('',(3.523786636855,1.344458226409));
#1611 = CARTESIAN_POINT('',(3.626699421509,1.310710315262));
#1612 = CARTESIAN_POINT('',(3.657690238264,1.299904643681));
#1613 = CARTESIAN_POINT('',(3.688345281698,1.288657138618));
#1614 = CARTESIAN_POINT('',(3.718677516109,1.277051934283));
#1615 = CARTESIAN_POINT('',(3.748698361367,1.265171062769));
#1616 = CARTESIAN_POINT('',(3.815458303435,1.238042804617));
#1617 = CARTESIAN_POINT('',(3.852036896552,1.222684294937));
#1618 = CARTESIAN_POINT('',(3.888195968152,1.207163017336));
#1619 = CARTESIAN_POINT('',(3.923974603633,1.191614336977));
#1620 = CARTESIAN_POINT('',(3.95941074622,1.176164766289));
#1621 = CARTESIAN_POINT('',(4.033986279608,1.143830131258));
#1622 = CARTESIAN_POINT('',(4.073052008159,1.126999170685));
#1623 = CARTESIAN_POINT('',(4.111792423365,1.110606855261));
#1624 = CARTESIAN_POINT('',(4.150255789463,1.094809545431));
#1625 = CARTESIAN_POINT('',(4.188489770867,1.079751661486));
#1626 = CARTESIAN_POINT('',(4.308581535876,1.034982595942));
#1627 = CARTESIAN_POINT('',(4.389967595097,1.008382218275));
#1628 = CARTESIAN_POINT('',(4.470827222443,0.987257741674));
#1629 = CARTESIAN_POINT('',(4.551362094163,0.972754467177));
#1630 = CARTESIAN_POINT('',(4.631793977879,0.965475947423));
#1631 = CARTESIAN_POINT('',(4.754427712564,0.965475947423));
#1632 = CARTESIAN_POINT('',(4.796458028409,0.967456154572));
#1633 = CARTESIAN_POINT('',(4.8385025005,0.97141570212));
#1634 = CARTESIAN_POINT('',(4.88058087772,0.977306892486));
#1635 = CARTESIAN_POINT('',(4.922710243529,0.985038020632));
#1636 = CARTESIAN_POINT('',(5.003995134395,1.003219853356));
#1637 = CARTESIAN_POINT('',(5.043139121482,1.01342815023));
#1638 = CARTESIAN_POINT('',(5.082375373088,1.025001704243));
#1639 = CARTESIAN_POINT('',(5.121738990723,1.037818055161));
#1640 = CARTESIAN_POINT('',(5.161263287476,1.051734557221));
#1641 = CARTESIAN_POINT('',(5.273380926442,1.093672870507));
#1642 = CARTESIAN_POINT('',(5.346410533274,1.123873771127));
#1643 = CARTESIAN_POINT('',(5.420434554494,1.1562853435));
#1644 = CARTESIAN_POINT('',(5.495808788898,1.189858624809));
#1645 = CARTESIAN_POINT('',(5.572892060432,1.223373744221));
#1646 = CARTESIAN_POINT('',(5.681145791583,1.267173958517));
#1647 = CARTESIAN_POINT('',(5.71048324372,1.278731292699));
#1648 = CARTESIAN_POINT('',(5.740118752905,1.290018097132));
#1649 = CARTESIAN_POINT('',(5.770062662504,1.300957823333));
#1650 = CARTESIAN_POINT('',(5.800326757135,1.311472094712));
#1651 = CARTESIAN_POINT('',(5.902277387187,1.344820704923));
#1652 = CARTESIAN_POINT('',(5.975983232223,1.36558819579));
#1653 = CARTESIAN_POINT('',(6.05135384463,1.382395733291));
#1654 = CARTESIAN_POINT('',(6.127923460251,1.39408676635));
#1655 = CARTESIAN_POINT('',(6.205317708839,1.4));
#1656 = CARTESIAN_POINT('',(6.28318530718,1.4));
#1657 = ( GEOMETRIC_REPRESENTATION_CONTEXT(2) 
PARAMETRIC_REPRESENTATION_CONTEXT() REPRESENTATION_CONTEXT('2D SPACE',''
  ) );
#1658 = ORIENTED_EDGE('',*,*,#1659,.F.);
#1659 = EDGE_CURVE('',#984,#1485,#1660,.T.);
#1660 = SEAM_CURVE('',#1661,(#1665,#1672),.PCURVE_S1.);
#1661 = LINE('',#1662,#1663);
#1662 = CARTESIAN_POINT('',(3.35,-8.205133554287E-16,180.27636328886));
#1663 = VECTOR('',#1664,1.);
#1664 = DIRECTION('',(0.,0.,1.));
#1665 = PCURVE('',#1000,#1666);
#1666 = DEFINITIONAL_REPRESENTATION('',(#1667),#1671);
#1667 = LINE('',#1668,#1669);
#1668 = CARTESIAN_POINT('',(6.28318530718,-0.));
#1669 = VECTOR('',#1670,1.);
#1670 = DIRECTION('',(0.,1.));
#1671 = ( GEOMETRIC_REPRESENTATION_CONTEXT(2) 
PARAMETRIC_REPRESENTATION_CONTEXT() REPRESENTATION_CONTEXT('2D SPACE',''
  ) );
#1672 = PCURVE('',#1000,#1673);
#1673 = DEFINITIONAL_REPRESENTATION('',(#1674),#1678);
#1674 = LINE('',#1675,#1676);
#1675 = CARTESIAN_POINT('',(0.,-0.));
#1676 = VECTOR('',#1677,1.);
#1677 = DIRECTION('',(0.,1.));
#1678 = ( GEOMETRIC_REPRESENTATION_CONTEXT(2) 
PARAMETRIC_REPRESENTATION_CONTEXT() REPRESENTATION_CONTEXT('2D SPACE',''
  ) );
#1679 = ORIENTED_EDGE('',*,*,#983,.T.);
#1680 = ORIENTED_EDGE('',*,*,#1659,.T.);
#1681 = ORIENTED_EDGE('',*,*,#1682,.F.);
#1682 = EDGE_CURVE('',#1432,#1485,#1683,.T.);
#1683 = SURFACE_CURVE('',#1684,(#1737,#1793),.PCURVE_S1.);
#1684 = B_SPLINE_CURVE_WITH_KNOTS('',6,(#1685,#1686,#1687,#1688,#1689,
    #1690,#1691,#1692,#1693,#1694,#1695,#1696,#1697,#1698,#1699,#1700,
    #1701,#1702,#1703,#1704,#1705,#1706,#1707,#1708,#1709,#1710,#1711,
    #1712,#1713,#1714,#1715,#1716,#1717,#1718,#1719,#1720,#1721,#1722,
    #1723,#1724,#1725,#1726,#1727,#1728,#1729,#1730,#1731,#1732,#1733,
    #1734,#1735,#1736),.UNSPECIFIED.,.F.,.F.,(7,5,5,5,5,5,5,5,5,5,7),(0.
    ,0.127715454281,0.183641808899,0.253345487702,0.331600440203,
    0.500300727105,0.588295589803,0.669815232562,0.818413541531,
    0.872911416455,1.),.UNSPECIFIED.);
#1685 = CARTESIAN_POINT('',(3.35,-2.22044604925E-16,184.42636328886));
#1686 = CARTESIAN_POINT('',(3.35,-0.12893990476,184.42636328886));
#1687 = CARTESIAN_POINT('',(3.344044496359,-0.257082759214,
    184.41427199473));
#1688 = CARTESIAN_POINT('',(3.332272231774,-0.382430121802,
    184.39036984084));
#1689 = CARTESIAN_POINT('',(3.315353430607,-0.50303807156,
    184.35551851416));
#1690 = CARTESIAN_POINT('',(3.294458226433,-0.617140255541,
    184.31115445648));
#1691 = CARTESIAN_POINT('',(3.260710313169,-0.769762456038,
    184.23671940208));
#1692 = CARTESIAN_POINT('',(3.249904644361,-0.814869830658,
    184.21255636443));
#1693 = CARTESIAN_POINT('',(3.238657140786,-0.858580701674,
    184.18700116221));
#1694 = CARTESIAN_POINT('',(3.227051934677,-0.900875739546,
    184.16015196301));
#1695 = CARTESIAN_POINT('',(3.21517106032,-0.941740533542,
    184.13210271212));
#1696 = CARTESIAN_POINT('',(3.188042804617,-1.030302919056,
    184.06660015997));
#1697 = CARTESIAN_POINT('',(3.172684294936,-1.077211955374,
    184.02852646123));
#1698 = CARTESIAN_POINT('',(3.157163017336,-1.121903237577,
    183.9888720099));
#1699 = CARTESIAN_POINT('',(3.141614336977,-1.164390745067,
    183.9477698343));
#1700 = CARTESIAN_POINT('',(3.126164766289,-1.204690741889,
    183.90533654798));
#1701 = CARTESIAN_POINT('',(3.093830131258,-1.285628283564,
    183.81265253742));
#1702 = CARTESIAN_POINT('',(3.076999170685,-1.325706531673,
    183.76207475267));
#1703 = CARTESIAN_POINT('',(3.060606855261,-1.363074680894,
    183.71008482836));
#1704 = CARTESIAN_POINT('',(3.044809545431,-1.39774939226,183.6568107001
    ));
#1705 = CARTESIAN_POINT('',(3.029751661486,-1.429743261676,
    183.60236376998));
#1706 = CARTESIAN_POINT('',(2.984982595942,-1.522271138557,
    183.42714226964));
#1707 = CARTESIAN_POINT('',(2.958382218275,-1.573193354317,
    183.30217209212));
#1708 = CARTESIAN_POINT('',(2.937257741674,-1.611512857773,
    183.17338461912));
#1709 = CARTESIAN_POINT('',(2.922754467177,-1.637139095938,
    183.04205786659));
#1710 = CARTESIAN_POINT('',(2.915475947423,-1.65,182.909345043));
#1711 = CARTESIAN_POINT('',(2.915475947423,-1.65,182.70699938077));
#1712 = CARTESIAN_POINT('',(2.917456154572,-1.646500828982,
    182.63764939324));
#1713 = CARTESIAN_POINT('',(2.92141570212,-1.639505144153,
    182.56849657085));
#1714 = CARTESIAN_POINT('',(2.927306892486,-1.629021530921,
    182.4997288529));
#1715 = CARTESIAN_POINT('',(2.935038020632,-1.615067633262,
    182.43153911317));
#1716 = CARTESIAN_POINT('',(2.953219853356,-1.581558921427,
    182.30167241463));
#1717 = CARTESIAN_POINT('',(2.96342815023,-1.562492769122,
    182.23988901495));
#1718 = CARTESIAN_POINT('',(2.975001704243,-1.540488085941,
    182.17888974398));
#1719 = CARTESIAN_POINT('',(2.987818055161,-1.515554674207,
    182.11879819162));
#1720 = CARTESIAN_POINT('',(3.001734557221,-1.487701782948,
    182.05974751379));
#1721 = CARTESIAN_POINT('',(3.043672870507,-1.400868651904,
    181.89639872752));
#1722 = CARTESIAN_POINT('',(3.073873771127,-1.335144293071,
    181.79487065037));
#1723 = CARTESIAN_POINT('',(3.1062853435,-1.259715334522,181.69791831338
    ));
#1724 = CARTESIAN_POINT('',(3.139858624809,-1.174415296275,
    181.60635798512));
#1725 = CARTESIAN_POINT('',(3.173373744221,-1.079055057831,
    181.52128568648));
#1726 = CARTESIAN_POINT('',(3.217173958489,-0.93484082841,
    181.41589650105));
#1727 = CARTESIAN_POINT('',(3.228731292704,-0.8947722458,181.38868442051
    ));
#1728 = CARTESIAN_POINT('',(3.240018097157,-0.853342495146,
    181.36262413327));
#1729 = CARTESIAN_POINT('',(3.25095782334,-0.810565750459,
    181.33780358921));
#1730 = CARTESIAN_POINT('',(3.261472094687,-0.766460713346,
    181.31431445267));
#1731 = CARTESIAN_POINT('',(3.294820704869,-0.615154642964,
    181.24080288844));
#1732 = CARTESIAN_POINT('',(3.315588195826,-0.501361570737,
    181.19672434489));
#1733 = CARTESIAN_POINT('',(3.332395733324,-0.381118931143,
    181.16210596615));
#1734 = CARTESIAN_POINT('',(3.344086766324,-0.25618222211,
    181.13836876996));
#1735 = CARTESIAN_POINT('',(3.35,-0.128481537532,181.12636328886));
#1736 = CARTESIAN_POINT('',(3.35,-4.440892098501E-16,181.12636328886));
#1737 = PCURVE('',#1000,#1738);
#1738 = DEFINITIONAL_REPRESENTATION('',(#1739),#1792);
#1739 = B_SPLINE_CURVE_WITH_KNOTS('',6,(#1740,#1741,#1742,#1743,#1744,
    #1745,#1746,#1747,#1748,#1749,#1750,#1751,#1752,#1753,#1754,#1755,
    #1756,#1757,#1758,#1759,#1760,#1761,#1762,#1763,#1764,#1765,#1766,
    #1767,#1768,#1769,#1770,#1771,#1772,#1773,#1774,#1775,#1776,#1777,
    #1778,#1779,#1780,#1781,#1782,#1783,#1784,#1785,#1786,#1787,#1788,
    #1789,#1790,#1791),.UNSPECIFIED.,.F.,.F.,(7,5,5,5,5,5,5,5,5,5,7),(0.
    ,0.127715454281,0.183641808899,0.253345487702,0.331600440203,
    0.500300727105,0.588295589803,0.669815232562,0.818413541531,
    0.872911416455,1.),.UNSPECIFIED.);
#1740 = CARTESIAN_POINT('',(6.28318530718,4.15));
#1741 = CARTESIAN_POINT('',(6.244695783371,4.15));
#1742 = CARTESIAN_POINT('',(6.206444117561,4.137908705866));
#1743 = CARTESIAN_POINT('',(6.168924691738,4.114006551978));
#1744 = CARTESIAN_POINT('',(6.132619839728,4.079155225294));
#1745 = CARTESIAN_POINT('',(6.098016080744,4.034791167615));
#1746 = CARTESIAN_POINT('',(6.051356721441,3.960356113212));
#1747 = CARTESIAN_POINT('',(6.037512965154,3.936193075569));
#1748 = CARTESIAN_POINT('',(6.024042659185,3.910637873345));
#1749 = CARTESIAN_POINT('',(6.010952974401,3.883788674146));
#1750 = CARTESIAN_POINT('',(5.998250707066,3.85573942326));
#1751 = CARTESIAN_POINT('',(5.970601698651,3.790236871111));
#1752 = CARTESIAN_POINT('',(5.95587028148,3.752163172364));
#1753 = CARTESIAN_POINT('',(5.941751125383,3.712508721038));
#1754 = CARTESIAN_POINT('',(5.928248145325,3.671406545434));
#1755 = CARTESIAN_POINT('',(5.915365848641,3.628973259115));
#1756 = CARTESIAN_POINT('',(5.889348711058,3.536289248558));
#1757 = CARTESIAN_POINT('',(5.876374900619,3.485711463806));
#1758 = CARTESIAN_POINT('',(5.864196238555,3.433721539495));
#1759 = CARTESIAN_POINT('',(5.852823391587,3.380447411237));
#1760 = CARTESIAN_POINT('',(5.842268703924,3.326000481121));
#1761 = CARTESIAN_POINT('',(5.811585277013,3.150778980778));
#1762 = CARTESIAN_POINT('',(5.794443812135,3.025808803257));
#1763 = CARTESIAN_POINT('',(5.781383708011,2.897021330257));
#1764 = CARTESIAN_POINT('',(5.772593661255,2.765694577724));
#1765 = CARTESIAN_POINT('',(5.76818247549,2.632981754134));
#1766 = CARTESIAN_POINT('',(5.76818247549,2.430636091905));
#1767 = CARTESIAN_POINT('',(5.769382649079,2.361286104373));
#1768 = CARTESIAN_POINT('',(5.77178224045,2.292133281984));
#1769 = CARTESIAN_POINT('',(5.775371880939,2.223365564038));
#1770 = CARTESIAN_POINT('',(5.780133642984,2.155175824307));
#1771 = CARTESIAN_POINT('',(5.791513837487,2.02530912577));
#1772 = CARTESIAN_POINT('',(5.797969557843,1.963525726082));
#1773 = CARTESIAN_POINT('',(5.805390937728,1.902526455112));
#1774 = CARTESIAN_POINT('',(5.81375876378,1.842434902759));
#1775 = CARTESIAN_POINT('',(5.823052266956,1.783384224924));
#1776 = CARTESIAN_POINT('',(5.851837449724,1.620035438652));
#1777 = CARTESIAN_POINT('',(5.87342483513,1.518507361509));
#1778 = CARTESIAN_POINT('',(5.897919371489,1.421555024512));
#1779 = CARTESIAN_POINT('',(5.925259799293,1.329994696258));
#1780 = CARTESIAN_POINT('',(5.955404416054,1.244922397615));
#1781 = CARTESIAN_POINT('',(6.000395148237,1.139533212185));
#1782 = CARTESIAN_POINT('',(6.012842324786,1.112321131648));
#1783 = CARTESIAN_POINT('',(6.025657936259,1.086260844406));
#1784 = CARTESIAN_POINT('',(6.038835494533,1.061440300341));
#1785 = CARTESIAN_POINT('',(6.052368163479,1.03795116381));
#1786 = CARTESIAN_POINT('',(6.098618190287,0.96443959958));
#1787 = CARTESIAN_POINT('',(6.133124489274,0.920361056021));
#1788 = CARTESIAN_POINT('',(6.169317175831,0.885742677281));
#1789 = CARTESIAN_POINT('',(6.206712936801,0.862005481098));
#1790 = CARTESIAN_POINT('',(6.244832609409,0.85));
#1791 = CARTESIAN_POINT('',(6.28318530718,0.85));
#1792 = ( GEOMETRIC_REPRESENTATION_CONTEXT(2) 
PARAMETRIC_REPRESENTATION_CONTEXT() REPRESENTATION_CONTEXT('2D SPACE',''
  ) );
#1793 = PCURVE('',#1598,#1794);
#1794 = DEFINITIONAL_REPRESENTATION('',(#1795),#1848);
#1795 = B_SPLINE_CURVE_WITH_KNOTS('',6,(#1796,#1797,#1798,#1799,#1800,
    #1801,#1802,#1803,#1804,#1805,#1806,#1807,#1808,#1809,#1810,#1811,
    #1812,#1813,#1814,#1815,#1816,#1817,#1818,#1819,#1820,#1821,#1822,
    #1823,#1824,#1825,#1826,#1827,#1828,#1829,#1830,#1831,#1832,#1833,
    #1834,#1835,#1836,#1837,#1838,#1839,#1840,#1841,#1842,#1843,#1844,
    #1845,#1846,#1847),.UNSPECIFIED.,.F.,.F.,(7,5,5,5,5,5,5,5,5,5,7),(0.
    ,0.127715454281,0.183641808899,0.253345487702,0.331600440203,
    0.500300727105,0.588295589803,0.669815232562,0.818413541531,
    0.872911416455,1.),.UNSPECIFIED.);
#1796 = CARTESIAN_POINT('',(0.,1.4));
#1797 = CARTESIAN_POINT('',(7.814539682398E-02,1.4));
#1798 = CARTESIAN_POINT('',(0.155807623194,1.394044496359));
#1799 = CARTESIAN_POINT('',(0.232635263659,1.382272231774));
#1800 = CARTESIAN_POINT('',(0.308253177904,1.365353430607));
#1801 = CARTESIAN_POINT('',(0.382193983191,1.344458226433));
#1802 = CARTESIAN_POINT('',(0.485106774302,1.310710313169));
#1803 = CARTESIAN_POINT('',(0.516097583355,1.299904644361));
#1804 = CARTESIAN_POINT('',(0.546752622192,1.288657140786));
#1805 = CARTESIAN_POINT('',(0.577084860916,1.277051934677));
#1806 = CARTESIAN_POINT('',(0.607105713806,1.26517106032));
#1807 = CARTESIAN_POINT('',(0.673865649846,1.238042804617));
#1808 = CARTESIAN_POINT('',(0.710444242963,1.222684294936));
#1809 = CARTESIAN_POINT('',(0.746603314562,1.207163017336));
#1810 = CARTESIAN_POINT('',(0.782381950043,1.191614336977));
#1811 = CARTESIAN_POINT('',(0.81781809263,1.176164766289));
#1812 = CARTESIAN_POINT('',(0.892393626018,1.143830131258));
#1813 = CARTESIAN_POINT('',(0.931459354569,1.126999170685));
#1814 = CARTESIAN_POINT('',(0.970199769775,1.110606855261));
#1815 = CARTESIAN_POINT('',(1.008663135873,1.094809545431));
#1816 = CARTESIAN_POINT('',(1.046897117277,1.079751661486));
#1817 = CARTESIAN_POINT('',(1.166988882286,1.034982595942));
#1818 = CARTESIAN_POINT('',(1.248374941507,1.008382218275));
#1819 = CARTESIAN_POINT('',(1.329234568853,0.987257741674));
#1820 = CARTESIAN_POINT('',(1.409769440574,0.972754467177));
#1821 = CARTESIAN_POINT('',(1.490201324289,0.965475947423));
#1822 = CARTESIAN_POINT('',(1.612835058974,0.965475947423));
#1823 = CARTESIAN_POINT('',(1.65486537482,0.967456154572));
#1824 = CARTESIAN_POINT('',(1.696909846911,0.97141570212));
#1825 = CARTESIAN_POINT('',(1.73898822413,0.977306892486));
#1826 = CARTESIAN_POINT('',(1.781117589939,0.985038020632));
#1827 = CARTESIAN_POINT('',(1.862402480805,1.003219853356));
#1828 = CARTESIAN_POINT('',(1.901546467892,1.01342815023));
#1829 = CARTESIAN_POINT('',(1.940782719498,1.025001704243));
#1830 = CARTESIAN_POINT('',(1.980146337133,1.037818055161));
#1831 = CARTESIAN_POINT('',(2.019670633887,1.051734557221));
#1832 = CARTESIAN_POINT('',(2.131788272853,1.093672870507));
#1833 = CARTESIAN_POINT('',(2.204817879684,1.123873771127));
#1834 = CARTESIAN_POINT('',(2.278841900904,1.1562853435));
#1835 = CARTESIAN_POINT('',(2.354216135308,1.189858624809));
#1836 = CARTESIAN_POINT('',(2.431299406842,1.223373744221));
#1837 = CARTESIAN_POINT('',(2.539553137924,1.267173958489));
#1838 = CARTESIAN_POINT('',(2.568890590149,1.278731292704));
#1839 = CARTESIAN_POINT('',(2.598526099384,1.290018097157));
#1840 = CARTESIAN_POINT('',(2.62847000893,1.30095782334));
#1841 = CARTESIAN_POINT('',(2.65873410347,1.311472094687));
#1842 = CARTESIAN_POINT('',(2.760684733431,1.344820704869));
#1843 = CARTESIAN_POINT('',(2.834390578693,1.365588195826));
#1844 = CARTESIAN_POINT('',(2.909761191196,1.382395733324));
#1845 = CARTESIAN_POINT('',(2.986330806702,1.394086766324));
#1846 = CARTESIAN_POINT('',(3.063725055085,1.4));
#1847 = CARTESIAN_POINT('',(3.14159265359,1.4));
#1848 = ( GEOMETRIC_REPRESENTATION_CONTEXT(2) 
PARAMETRIC_REPRESENTATION_CONTEXT() REPRESENTATION_CONTEXT('2D SPACE',''
  ) );
#1849 = ADVANCED_FACE('',(#1850),#1259,.T.);
#1850 = FACE_BOUND('',#1851,.T.);
#1851 = EDGE_LOOP('',(#1852,#1874));
#1852 = ORIENTED_EDGE('',*,*,#1853,.F.);
#1853 = EDGE_CURVE('',#1241,#1243,#1854,.T.);
#1854 = SURFACE_CURVE('',#1855,(#1860,#1867),.PCURVE_S1.);
#1855 = CIRCLE('',#1856,2.5);
#1856 = AXIS2_PLACEMENT_3D('',#1857,#1858,#1859);
#1857 = CARTESIAN_POINT('',(9.,0.,0.75));
#1858 = DIRECTION('',(1.,0.,0.));
#1859 = DIRECTION('',(-0.,0.,1.));
#1860 = PCURVE('',#1259,#1861);
#1861 = DEFINITIONAL_REPRESENTATION('',(#1862),#1866);
#1862 = CIRCLE('',#1863,2.5);
#1863 = AXIS2_PLACEMENT_2D('',#1864,#1865);
#1864 = CARTESIAN_POINT('',(0.,2.));
#1865 = DIRECTION('',(1.,0.));
#1866 = ( GEOMETRIC_REPRESENTATION_CONTEXT(2) 
PARAMETRIC_REPRESENTATION_CONTEXT() REPRESENTATION_CONTEXT('2D SPACE',''
  ) );
#1867 = PCURVE('',#1286,#1868);
#1868 = DEFINITIONAL_REPRESENTATION('',(#1869),#1873);
#1869 = LINE('',#1870,#1871);
#1870 = CARTESIAN_POINT('',(0.,0.55));
#1871 = VECTOR('',#1872,1.);
#1872 = DIRECTION('',(1.,0.));
#1873 = ( GEOMETRIC_REPRESENTATION_CONTEXT(2) 
PARAMETRIC_REPRESENTATION_CONTEXT() REPRESENTATION_CONTEXT('2D SPACE',''
  ) );
#1874 = ORIENTED_EDGE('',*,*,#1240,.T.);
#1875 = ADVANCED_FACE('',(#1876),#1286,.T.);
#1876 = FACE_BOUND('',#1877,.T.);
#1877 = EDGE_LOOP('',(#1878,#1903,#1930,#1931,#1953,#1954,#1955,#1956));
#1878 = ORIENTED_EDGE('',*,*,#1879,.T.);
#1879 = EDGE_CURVE('',#1880,#1882,#1884,.T.);
#1880 = VERTEX_POINT('',#1881);
#1881 = CARTESIAN_POINT('',(8.45,6.123233995737E-16,3.25));
#1882 = VERTEX_POINT('',#1883);
#1883 = CARTESIAN_POINT('',(11.2,6.123233995737E-16,3.25));
#1884 = SEAM_CURVE('',#1885,(#1889,#1896),.PCURVE_S1.);
#1885 = LINE('',#1886,#1887);
#1886 = CARTESIAN_POINT('',(8.45,6.123233995737E-16,3.25));
#1887 = VECTOR('',#1888,1.);
#1888 = DIRECTION('',(1.,0.,0.));
#1889 = PCURVE('',#1286,#1890);
#1890 = DEFINITIONAL_REPRESENTATION('',(#1891),#1895);
#1891 = LINE('',#1892,#1893);
#1892 = CARTESIAN_POINT('',(6.28318530718,-0.));
#1893 = VECTOR('',#1894,1.);
#1894 = DIRECTION('',(0.,1.));
#1895 = ( GEOMETRIC_REPRESENTATION_CONTEXT(2) 
PARAMETRIC_REPRESENTATION_CONTEXT() REPRESENTATION_CONTEXT('2D SPACE',''
  ) );
#1896 = PCURVE('',#1286,#1897);
#1897 = DEFINITIONAL_REPRESENTATION('',(#1898),#1902);
#1898 = LINE('',#1899,#1900);
#1899 = CARTESIAN_POINT('',(0.,-0.));
#1900 = VECTOR('',#1901,1.);
#1901 = DIRECTION('',(0.,1.));
#1902 = ( GEOMETRIC_REPRESENTATION_CONTEXT(2) 
PARAMETRIC_REPRESENTATION_CONTEXT() REPRESENTATION_CONTEXT('2D SPACE',''
  ) );
#1903 = ORIENTED_EDGE('',*,*,#1904,.F.);
#1904 = EDGE_CURVE('',#1882,#1882,#1905,.T.);
#1905 = SURFACE_CURVE('',#1906,(#1911,#1918),.PCURVE_S1.);
#1906 = CIRCLE('',#1907,2.5);
#1907 = AXIS2_PLACEMENT_3D('',#1908,#1909,#1910);
#1908 = CARTESIAN_POINT('',(11.2,0.,0.75));
#1909 = DIRECTION('',(1.,0.,0.));
#1910 = DIRECTION('',(-0.,0.,1.));
#1911 = PCURVE('',#1286,#1912);
#1912 = DEFINITIONAL_REPRESENTATION('',(#1913),#1917);
#1913 = LINE('',#1914,#1915);
#1914 = CARTESIAN_POINT('',(0.,2.75));
#1915 = VECTOR('',#1916,1.);
#1916 = DIRECTION('',(1.,0.));
#1917 = ( GEOMETRIC_REPRESENTATION_CONTEXT(2) 
PARAMETRIC_REPRESENTATION_CONTEXT() REPRESENTATION_CONTEXT('2D SPACE',''
  ) );
#1918 = PCURVE('',#1919,#1924);
#1919 = PLANE('',#1920);
#1920 = AXIS2_PLACEMENT_3D('',#1921,#1922,#1923);
#1921 = CARTESIAN_POINT('',(11.2,0.,0.75));
#1922 = DIRECTION('',(1.,0.,0.));
#1923 = DIRECTION('',(-0.,0.,1.));
#1924 = DEFINITIONAL_REPRESENTATION('',(#1925),#1929);
#1925 = CIRCLE('',#1926,2.5);
#1926 = AXIS2_PLACEMENT_2D('',#1927,#1928);
#1927 = CARTESIAN_POINT('',(0.,0.));
#1928 = DIRECTION('',(1.,0.));
#1929 = ( GEOMETRIC_REPRESENTATION_CONTEXT(2) 
PARAMETRIC_REPRESENTATION_CONTEXT() REPRESENTATION_CONTEXT('2D SPACE',''
  ) );
#1930 = ORIENTED_EDGE('',*,*,#1879,.F.);
#1931 = ORIENTED_EDGE('',*,*,#1932,.T.);
#1932 = EDGE_CURVE('',#1880,#1272,#1933,.T.);
#1933 = SURFACE_CURVE('',#1934,(#1939,#1946),.PCURVE_S1.);
#1934 = CIRCLE('',#1935,2.5);
#1935 = AXIS2_PLACEMENT_3D('',#1936,#1937,#1938);
#1936 = CARTESIAN_POINT('',(8.45,0.,0.75));
#1937 = DIRECTION('',(1.,0.,0.));
#1938 = DIRECTION('',(-0.,0.,1.));
#1939 = PCURVE('',#1286,#1940);
#1940 = DEFINITIONAL_REPRESENTATION('',(#1941),#1945);
#1941 = LINE('',#1942,#1943);
#1942 = CARTESIAN_POINT('',(0.,0.));
#1943 = VECTOR('',#1944,1.);
#1944 = DIRECTION('',(1.,0.));
#1945 = ( GEOMETRIC_REPRESENTATION_CONTEXT(2) 
PARAMETRIC_REPRESENTATION_CONTEXT() REPRESENTATION_CONTEXT('2D SPACE',''
  ) );
#1946 = PCURVE('',#1314,#1947);
#1947 = DEFINITIONAL_REPRESENTATION('',(#1948),#1952);
#1948 = CIRCLE('',#1949,2.5);
#1949 = AXIS2_PLACEMENT_2D('',#1950,#1951);
#1950 = CARTESIAN_POINT('',(0.,0.));
#1951 = DIRECTION('',(1.,0.));
#1952 = ( GEOMETRIC_REPRESENTATION_CONTEXT(2) 
PARAMETRIC_REPRESENTATION_CONTEXT() REPRESENTATION_CONTEXT('2D SPACE',''
  ) );
#1953 = ORIENTED_EDGE('',*,*,#1271,.T.);
#1954 = ORIENTED_EDGE('',*,*,#1853,.T.);
#1955 = ORIENTED_EDGE('',*,*,#1398,.F.);
#1956 = ORIENTED_EDGE('',*,*,#1957,.T.);
#1957 = EDGE_CURVE('',#1375,#1880,#1958,.T.);
#1958 = SURFACE_CURVE('',#1959,(#1964,#1971),.PCURVE_S1.);
#1959 = CIRCLE('',#1960,2.5);
#1960 = AXIS2_PLACEMENT_3D('',#1961,#1962,#1963);
#1961 = CARTESIAN_POINT('',(8.45,0.,0.75));
#1962 = DIRECTION('',(1.,0.,0.));
#1963 = DIRECTION('',(-0.,0.,1.));
#1964 = PCURVE('',#1286,#1965);
#1965 = DEFINITIONAL_REPRESENTATION('',(#1966),#1970);
#1966 = LINE('',#1967,#1968);
#1967 = CARTESIAN_POINT('',(0.,0.));
#1968 = VECTOR('',#1969,1.);
#1969 = DIRECTION('',(1.,0.));
#1970 = ( GEOMETRIC_REPRESENTATION_CONTEXT(2) 
PARAMETRIC_REPRESENTATION_CONTEXT() REPRESENTATION_CONTEXT('2D SPACE',''
  ) );
#1971 = PCURVE('',#1314,#1972);
#1972 = DEFINITIONAL_REPRESENTATION('',(#1973),#1977);
#1973 = CIRCLE('',#1974,2.5);
#1974 = AXIS2_PLACEMENT_2D('',#1975,#1976);
#1975 = CARTESIAN_POINT('',(0.,0.));
#1976 = DIRECTION('',(1.,0.));
#1977 = ( GEOMETRIC_REPRESENTATION_CONTEXT(2) 
PARAMETRIC_REPRESENTATION_CONTEXT() REPRESENTATION_CONTEXT('2D SPACE',''
  ) );
#1978 = ADVANCED_FACE('',(#1979,#1985),#1314,.F.);
#1979 = FACE_BOUND('',#1980,.F.);
#1980 = EDGE_LOOP('',(#1981,#1982,#1983,#1984));
#1981 = ORIENTED_EDGE('',*,*,#1957,.T.);
#1982 = ORIENTED_EDGE('',*,*,#1932,.T.);
#1983 = ORIENTED_EDGE('',*,*,#1297,.F.);
#1984 = ORIENTED_EDGE('',*,*,#1374,.F.);
#1985 = FACE_BOUND('',#1986,.F.);
#1986 = EDGE_LOOP('',(#1987));
#1987 = ORIENTED_EDGE('',*,*,#1988,.F.);
#1988 = EDGE_CURVE('',#1989,#1989,#1991,.T.);
#1989 = VERTEX_POINT('',#1990);
#1990 = CARTESIAN_POINT('',(8.45,3.061616997868E-16,2.));
#1991 = SURFACE_CURVE('',#1992,(#1997,#2004),.PCURVE_S1.);
#1992 = CIRCLE('',#1993,1.25);
#1993 = AXIS2_PLACEMENT_3D('',#1994,#1995,#1996);
#1994 = CARTESIAN_POINT('',(8.45,0.,0.75));
#1995 = DIRECTION('',(1.,0.,0.));
#1996 = DIRECTION('',(-0.,0.,1.));
#1997 = PCURVE('',#1314,#1998);
#1998 = DEFINITIONAL_REPRESENTATION('',(#1999),#2003);
#1999 = CIRCLE('',#2000,1.25);
#2000 = AXIS2_PLACEMENT_2D('',#2001,#2002);
#2001 = CARTESIAN_POINT('',(0.,0.));
#2002 = DIRECTION('',(1.,0.));
#2003 = ( GEOMETRIC_REPRESENTATION_CONTEXT(2) 
PARAMETRIC_REPRESENTATION_CONTEXT() REPRESENTATION_CONTEXT('2D SPACE',''
  ) );
#2004 = PCURVE('',#2005,#2010);
#2005 = CYLINDRICAL_SURFACE('',#2006,1.25);
#2006 = AXIS2_PLACEMENT_3D('',#2007,#2008,#2009);
#2007 = CARTESIAN_POINT('',(8.25,0.,0.75));
#2008 = DIRECTION('',(1.,0.,0.));
#2009 = DIRECTION('',(-0.,0.,1.));
#2010 = DEFINITIONAL_REPRESENTATION('',(#2011),#2015);
#2011 = LINE('',#2012,#2013);
#2012 = CARTESIAN_POINT('',(0.,0.2));
#2013 = VECTOR('',#2014,1.);
#2014 = DIRECTION('',(1.,0.));
#2015 = ( GEOMETRIC_REPRESENTATION_CONTEXT(2) 
PARAMETRIC_REPRESENTATION_CONTEXT() REPRESENTATION_CONTEXT('2D SPACE',''
  ) );
#2016 = ADVANCED_FACE('',(#2017),#1598,.F.);
#2017 = FACE_BOUND('',#2018,.F.);
#2018 = EDGE_LOOP('',(#2019,#2020,#2043,#2070,#2071));
#2019 = ORIENTED_EDGE('',*,*,#1682,.F.);
#2020 = ORIENTED_EDGE('',*,*,#2021,.F.);
#2021 = EDGE_CURVE('',#2022,#1432,#2024,.T.);
#2022 = VERTEX_POINT('',#2023);
#2023 = CARTESIAN_POINT('',(1.95,4.041334437186E-16,184.42636328886));
#2024 = SEAM_CURVE('',#2025,(#2029,#2036),.PCURVE_S1.);
#2025 = LINE('',#2026,#2027);
#2026 = CARTESIAN_POINT('',(1.95,4.041334437186E-16,184.42636328886));
#2027 = VECTOR('',#2028,1.);
#2028 = DIRECTION('',(1.,0.,0.));
#2029 = PCURVE('',#1598,#2030);
#2030 = DEFINITIONAL_REPRESENTATION('',(#2031),#2035);
#2031 = LINE('',#2032,#2033);
#2032 = CARTESIAN_POINT('',(6.28318530718,-0.));
#2033 = VECTOR('',#2034,1.);
#2034 = DIRECTION('',(0.,1.));
#2035 = ( GEOMETRIC_REPRESENTATION_CONTEXT(2) 
PARAMETRIC_REPRESENTATION_CONTEXT() REPRESENTATION_CONTEXT('2D SPACE',''
  ) );
#2036 = PCURVE('',#1598,#2037);
#2037 = DEFINITIONAL_REPRESENTATION('',(#2038),#2042);
#2038 = LINE('',#2039,#2040);
#2039 = CARTESIAN_POINT('',(0.,-0.));
#2040 = VECTOR('',#2041,1.);
#2041 = DIRECTION('',(0.,1.));
#2042 = ( GEOMETRIC_REPRESENTATION_CONTEXT(2) 
PARAMETRIC_REPRESENTATION_CONTEXT() REPRESENTATION_CONTEXT('2D SPACE',''
  ) );
#2043 = ORIENTED_EDGE('',*,*,#2044,.T.);
#2044 = EDGE_CURVE('',#2022,#2022,#2045,.T.);
#2045 = SURFACE_CURVE('',#2046,(#2051,#2058),.PCURVE_S1.);
#2046 = CIRCLE('',#2047,1.65);
#2047 = AXIS2_PLACEMENT_3D('',#2048,#2049,#2050);
#2048 = CARTESIAN_POINT('',(1.95,0.,182.77636328886));
#2049 = DIRECTION('',(1.,0.,0.));
#2050 = DIRECTION('',(-0.,0.,1.));
#2051 = PCURVE('',#1598,#2052);
#2052 = DEFINITIONAL_REPRESENTATION('',(#2053),#2057);
#2053 = LINE('',#2054,#2055);
#2054 = CARTESIAN_POINT('',(0.,0.));
#2055 = VECTOR('',#2056,1.);
#2056 = DIRECTION('',(1.,0.));
#2057 = ( GEOMETRIC_REPRESENTATION_CONTEXT(2) 
PARAMETRIC_REPRESENTATION_CONTEXT() REPRESENTATION_CONTEXT('2D SPACE',''
  ) );
#2058 = PCURVE('',#2059,#2064);
#2059 = PLANE('',#2060);
#2060 = AXIS2_PLACEMENT_3D('',#2061,#2062,#2063);
#2061 = CARTESIAN_POINT('',(1.95,0.,182.77636328886));
#2062 = DIRECTION('',(1.,0.,0.));
#2063 = DIRECTION('',(-0.,0.,1.));
#2064 = DEFINITIONAL_REPRESENTATION('',(#2065),#2069);
#2065 = CIRCLE('',#2066,1.65);
#2066 = AXIS2_PLACEMENT_2D('',#2067,#2068);
#2067 = CARTESIAN_POINT('',(0.,0.));
#2068 = DIRECTION('',(1.,0.));
#2069 = ( GEOMETRIC_REPRESENTATION_CONTEXT(2) 
PARAMETRIC_REPRESENTATION_CONTEXT() REPRESENTATION_CONTEXT('2D SPACE',''
  ) );
#2070 = ORIENTED_EDGE('',*,*,#2021,.T.);
#2071 = ORIENTED_EDGE('',*,*,#1484,.F.);
#2072 = ADVANCED_FACE('',(#2073,#2076),#1471,.T.);
#2073 = FACE_BOUND('',#2074,.T.);
#2074 = EDGE_LOOP('',(#2075));
#2075 = ORIENTED_EDGE('',*,*,#1456,.T.);
#2076 = FACE_BOUND('',#2077,.T.);
#2077 = EDGE_LOOP('',(#2078));
#2078 = ORIENTED_EDGE('',*,*,#2079,.F.);
#2079 = EDGE_CURVE('',#2080,#2080,#2082,.T.);
#2080 = VERTEX_POINT('',#2081);
#2081 = CARTESIAN_POINT('',(2.5,-6.123233995737E-16,185.27636328886));
#2082 = SURFACE_CURVE('',#2083,(#2088,#2095),.PCURVE_S1.);
#2083 = CIRCLE('',#2084,2.5);
#2084 = AXIS2_PLACEMENT_3D('',#2085,#2086,#2087);
#2085 = CARTESIAN_POINT('',(0.,0.,185.27636328886));
#2086 = DIRECTION('',(0.,0.,1.));
#2087 = DIRECTION('',(1.,0.,-0.));
#2088 = PCURVE('',#1471,#2089);
#2089 = DEFINITIONAL_REPRESENTATION('',(#2090),#2094);
#2090 = CIRCLE('',#2091,2.5);
#2091 = AXIS2_PLACEMENT_2D('',#2092,#2093);
#2092 = CARTESIAN_POINT('',(0.,0.));
#2093 = DIRECTION('',(1.,0.));
#2094 = ( GEOMETRIC_REPRESENTATION_CONTEXT(2) 
PARAMETRIC_REPRESENTATION_CONTEXT() REPRESENTATION_CONTEXT('2D SPACE',''
  ) );
#2095 = PCURVE('',#2096,#2101);
#2096 = PLANE('',#2097);
#2097 = AXIS2_PLACEMENT_3D('',#2098,#2099,#2100);
#2098 = CARTESIAN_POINT('',(0.,0.,185.27636328886));
#2099 = DIRECTION('',(0.,0.,1.));
#2100 = DIRECTION('',(1.,0.,-0.));
#2101 = DEFINITIONAL_REPRESENTATION('',(#2102),#2106);
#2102 = CIRCLE('',#2103,2.5);
#2103 = AXIS2_PLACEMENT_2D('',#2104,#2105);
#2104 = CARTESIAN_POINT('',(0.,0.));
#2105 = DIRECTION('',(1.,0.));
#2106 = ( GEOMETRIC_REPRESENTATION_CONTEXT(2) 
PARAMETRIC_REPRESENTATION_CONTEXT() REPRESENTATION_CONTEXT('2D SPACE',''
  ) );
#2107 = ADVANCED_FACE('',(#2108,#2111),#1919,.T.);
#2108 = FACE_BOUND('',#2109,.T.);
#2109 = EDGE_LOOP('',(#2110));
#2110 = ORIENTED_EDGE('',*,*,#1904,.T.);
#2111 = FACE_BOUND('',#2112,.T.);
#2112 = EDGE_LOOP('',(#2113));
#2113 = ORIENTED_EDGE('',*,*,#2114,.F.);
#2114 = EDGE_CURVE('',#2115,#2115,#2117,.T.);
#2115 = VERTEX_POINT('',#2116);
#2116 = CARTESIAN_POINT('',(11.2,3.061616997868E-16,2.));
#2117 = SURFACE_CURVE('',#2118,(#2123,#2130),.PCURVE_S1.);
#2118 = CIRCLE('',#2119,1.25);
#2119 = AXIS2_PLACEMENT_3D('',#2120,#2121,#2122);
#2120 = CARTESIAN_POINT('',(11.2,0.,0.75));
#2121 = DIRECTION('',(1.,0.,0.));
#2122 = DIRECTION('',(-0.,0.,1.));
#2123 = PCURVE('',#1919,#2124);
#2124 = DEFINITIONAL_REPRESENTATION('',(#2125),#2129);
#2125 = CIRCLE('',#2126,1.25);
#2126 = AXIS2_PLACEMENT_2D('',#2127,#2128);
#2127 = CARTESIAN_POINT('',(0.,0.));
#2128 = DIRECTION('',(1.,0.));
#2129 = ( GEOMETRIC_REPRESENTATION_CONTEXT(2) 
PARAMETRIC_REPRESENTATION_CONTEXT() REPRESENTATION_CONTEXT('2D SPACE',''
  ) );
#2130 = PCURVE('',#2005,#2131);
#2131 = DEFINITIONAL_REPRESENTATION('',(#2132),#2136);
#2132 = LINE('',#2133,#2134);
#2133 = CARTESIAN_POINT('',(0.,2.95));
#2134 = VECTOR('',#2135,1.);
#2135 = DIRECTION('',(1.,0.));
#2136 = ( GEOMETRIC_REPRESENTATION_CONTEXT(2) 
PARAMETRIC_REPRESENTATION_CONTEXT() REPRESENTATION_CONTEXT('2D SPACE',''
  ) );
#2137 = ADVANCED_FACE('',(#2138),#2005,.F.);
#2138 = FACE_BOUND('',#2139,.F.);
#2139 = EDGE_LOOP('',(#2140,#2141,#2162,#2163));
#2140 = ORIENTED_EDGE('',*,*,#2114,.F.);
#2141 = ORIENTED_EDGE('',*,*,#2142,.F.);
#2142 = EDGE_CURVE('',#1989,#2115,#2143,.T.);
#2143 = SEAM_CURVE('',#2144,(#2148,#2155),.PCURVE_S1.);
#2144 = LINE('',#2145,#2146);
#2145 = CARTESIAN_POINT('',(8.25,3.061616997868E-16,2.));
#2146 = VECTOR('',#2147,1.);
#2147 = DIRECTION('',(1.,0.,0.));
#2148 = PCURVE('',#2005,#2149);
#2149 = DEFINITIONAL_REPRESENTATION('',(#2150),#2154);
#2150 = LINE('',#2151,#2152);
#2151 = CARTESIAN_POINT('',(6.28318530718,-0.));
#2152 = VECTOR('',#2153,1.);
#2153 = DIRECTION('',(0.,1.));
#2154 = ( GEOMETRIC_REPRESENTATION_CONTEXT(2) 
PARAMETRIC_REPRESENTATION_CONTEXT() REPRESENTATION_CONTEXT('2D SPACE',''
  ) );
#2155 = PCURVE('',#2005,#2156);
#2156 = DEFINITIONAL_REPRESENTATION('',(#2157),#2161);
#2157 = LINE('',#2158,#2159);
#2158 = CARTESIAN_POINT('',(0.,-0.));
#2159 = VECTOR('',#2160,1.);
#2160 = DIRECTION('',(0.,1.));
#2161 = ( GEOMETRIC_REPRESENTATION_CONTEXT(2) 
PARAMETRIC_REPRESENTATION_CONTEXT() REPRESENTATION_CONTEXT('2D SPACE',''
  ) );
#2162 = ORIENTED_EDGE('',*,*,#1988,.T.);
#2163 = ORIENTED_EDGE('',*,*,#2142,.T.);
#2164 = ADVANCED_FACE('',(#2165),#2059,.T.);
#2165 = FACE_BOUND('',#2166,.F.);
#2166 = EDGE_LOOP('',(#2167));
#2167 = ORIENTED_EDGE('',*,*,#2044,.F.);
#2168 = ADVANCED_FACE('',(#2169),#2096,.T.);
#2169 = FACE_BOUND('',#2170,.T.);
#2170 = EDGE_LOOP('',(#2171));
#2171 = ORIENTED_EDGE('',*,*,#2079,.T.);
#2172 = ( GEOMETRIC_REPRESENTATION_CONTEXT(3) 
GLOBAL_UNCERTAINTY_ASSIGNED_CONTEXT((#2176)) 
GLOBAL_UNIT_ASSIGNED_CONTEXT((#2173,#2174,#2175)) REPRESENTATION_CONTEXT
('Context #1','3D Context with UNIT and UNCERTAINTY') );
#2173 = ( LENGTH_UNIT() NAMED_UNIT(*) SI_UNIT(.MILLI.,.METRE.) );
#2174 = ( NAMED_UNIT(*) PLANE_ANGLE_UNIT() SI_UNIT($,.RADIAN.) );
#2175 = ( NAMED_UNIT(*) SI_UNIT($,.STERADIAN.) SOLID_ANGLE_UNIT() );
#2176 = UNCERTAINTY_MEASURE_WITH_UNIT(LENGTH_MEASURE(1.E-07),#2173,
  'distance_accuracy_value','confusion accuracy');
#2177 = CONTEXT_DEPENDENT_SHAPE_REPRESENTATION(#2178,#2180);
#2178 = ( REPRESENTATION_RELATIONSHIP('','',#32,#10) 
REPRESENTATION_RELATIONSHIP_WITH_TRANSFORMATION(#2179) 
SHAPE_REPRESENTATION_RELATIONSHIP() );
#2179 = ITEM_DEFINED_TRANSFORMATION('','',#11,#15);
#2180 = PRODUCT_DEFINITION_SHAPE('Placement','Placement of an item',
  #2181);
#2181 = NEXT_ASSEMBLY_USAGE_OCCURRENCE('15',
'BACKUP_SPRING_DLC_GUIDE_SHAFT_WITH_TWO_FIXED_SUPPORT_SHOULDERS_SS_
STOWED_LOCAL_DEFINITION','',#5,#27,$);
#2182 = PRODUCT_RELATED_PRODUCT_CATEGORY('part',$,(#29));
#2183 = MECHANICAL_DESIGN_GEOMETRIC_PRESENTATION_REPRESENTATION('',(
    #2184),#2172);
#2184 = STYLED_ITEM('color',(#2185),#33);
#2185 = PRESENTATION_STYLE_ASSIGNMENT((#2186));
#2186 = SURFACE_STYLE_USAGE(.BOTH.,#2187);
#2187 = SURFACE_SIDE_STYLE('',(#2188));
#2188 = SURFACE_STYLE_FILL_AREA(#2189);
#2189 = FILL_AREA_STYLE('',(#2190));
#2190 = FILL_AREA_STYLE_COLOUR('',#2191);
#2191 = COLOUR_RGB('',0.290000003841,0.329999997244,0.369999997777);
ENDSEC;
END-ISO-10303-21;
