ISO-10303-21;
HEADER;
FILE_DESCRIPTION(('Open CASCADE Model'),'2;1');
FILE_NAME('Open CASCADE Shape Model','2026-08-26T03:22:22',('Author'),(
    'Open CASCADE'),'Open CASCADE STEP processor 7.9','Open CASCADE 7.9'
  ,'Unknown');
FILE_SCHEMA((
'AP242_MANAGED_MODEL_BASED_3D_ENGINEERING_MIM_LF {1 0 10303 442 1 1 4 }'
    ));
ENDSEC;
DATA;
#1 = APPLICATION_PROTOCOL_DEFINITION('international standard',
  'ap242_managed_model_based_3d_engineering',2013,#2);
#2 = APPLICATION_CONTEXT('Managed model based 3d engineering');
#3 = SHAPE_DEFINITION_REPRESENTATION(#4,#10);
#4 = PRODUCT_DEFINITION_SHAPE('','',#5);
#5 = PRODUCT_DEFINITION('design','',#6,#9);
#6 = PRODUCT_DEFINITION_FORMATION('','',#7);
#7 = PRODUCT(
'LOW-PROFILE_STRUCTURAL_RECOVERY_HARDPOINT_RING_WITH_DOUBLE-SHEAR_YOKE_
TI_STOWED_PART',
'LOW-PROFILE_STRUCTURAL_RECOVERY_HARDPOINT_RING_WITH_DOUBLE-SHEAR_YOKE_
TI_STOWED_PART','',(#8));
#8 = PRODUCT_CONTEXT('',#2,'mechanical');
#9 = PRODUCT_DEFINITION_CONTEXT('part definition',#2,'design');
#10 = SHAPE_REPRESENTATION('',(#11,#15),#19);
#11 = AXIS2_PLACEMENT_3D('',#12,#13,#14);
#12 = CARTESIAN_POINT('',(0.,0.,0.));
#13 = DIRECTION('',(0.,0.,1.));
#14 = DIRECTION('',(1.,0.,-0.));
#15 = AXIS2_PLACEMENT_3D('',#16,#17,#18);
#16 = CARTESIAN_POINT('',(0.,0.,0.));
#17 = DIRECTION('',(0.,0.,1.));
#18 = DIRECTION('',(1.,0.,-0.));
#19 = ( GEOMETRIC_REPRESENTATION_CONTEXT(3) 
GLOBAL_UNCERTAINTY_ASSIGNED_CONTEXT((#23)) GLOBAL_UNIT_ASSIGNED_CONTEXT(
(#20,#21,#22)) REPRESENTATION_CONTEXT('Context #1',
  '3D Context with UNIT and UNCERTAINTY') );
#20 = ( LENGTH_UNIT() NAMED_UNIT(*) SI_UNIT(.MILLI.,.METRE.) );
#21 = ( NAMED_UNIT(*) PLANE_ANGLE_UNIT() SI_UNIT($,.RADIAN.) );
#22 = ( NAMED_UNIT(*) SI_UNIT($,.STERADIAN.) SOLID_ANGLE_UNIT() );
#23 = UNCERTAINTY_MEASURE_WITH_UNIT(LENGTH_MEASURE(1.E-07),#20,
  'distance_accuracy_value','confusion accuracy');
#24 = PRODUCT_RELATED_PRODUCT_CATEGORY('part',$,(#7));
#25 = SHAPE_DEFINITION_REPRESENTATION(#26,#32);
#26 = PRODUCT_DEFINITION_SHAPE('','',#27);
#27 = PRODUCT_DEFINITION('design','',#28,#31);
#28 = PRODUCT_DEFINITION_FORMATION('','',#29);
#29 = PRODUCT(
'LOW-PROFILE_STRUCTURAL_RECOVERY_HARDPOINT_RING_WITH_DOUBLE-SHEAR_YOKE_
TI_STOWED_LOCAL_DEFINITION',
'LOW-PROFILE_STRUCTURAL_RECOVERY_HARDPOINT_RING_WITH_DOUBLE-SHEAR_YOKE_
TI_STOWED_LOCAL_DEFINITION','',(#30));
#30 = PRODUCT_CONTEXT('',#2,'mechanical');
#31 = PRODUCT_DEFINITION_CONTEXT('part definition',#2,'design');
#32 = ADVANCED_BREP_SHAPE_REPRESENTATION('',(#11,#33),#3419);
#33 = MANIFOLD_SOLID_BREP('',#34);
#34 = CLOSED_SHELL('',(#35,#159,#630,#704,#1122,#1412,#1462,#1898,#1966,
    #2015,#2062,#2110,#2159,#2206,#2258,#2307,#2354,#2402,#2451,#2478,
    #2528,#2556,#2584,#2591,#2616,#2641,#2668,#2693,#2718,#2745,#2770,
    #2795,#2822,#2847,#2854,#3096,#3282,#3344,#3370,#3412));
#35 = ADVANCED_FACE('',(#36),#51,.T.);
#36 = FACE_BOUND('',#37,.T.);
#37 = EDGE_LOOP('',(#38,#74,#101,#134));
#38 = ORIENTED_EDGE('',*,*,#39,.T.);
#39 = EDGE_CURVE('',#40,#42,#44,.T.);
#40 = VERTEX_POINT('',#41);
#41 = CARTESIAN_POINT('',(25.199751982906,-2.25,-4.));
#42 = VERTEX_POINT('',#43);
#43 = CARTESIAN_POINT('',(25.199751982906,2.25,-4.));
#44 = SURFACE_CURVE('',#45,(#50,#62),.PCURVE_S1.);
#45 = CIRCLE('',#46,25.3);
#46 = AXIS2_PLACEMENT_3D('',#47,#48,#49);
#47 = CARTESIAN_POINT('',(0.,0.,-4.));
#48 = DIRECTION('',(0.,0.,1.));
#49 = DIRECTION('',(0.996037627783,-8.893280632411E-02,0.));
#50 = PCURVE('',#51,#56);
#51 = CYLINDRICAL_SURFACE('',#52,25.3);
#52 = AXIS2_PLACEMENT_3D('',#53,#54,#55);
#53 = CARTESIAN_POINT('',(0.,0.,-4.));
#54 = DIRECTION('',(0.,0.,1.));
#55 = DIRECTION('',(1.,0.,-0.));
#56 = DEFINITIONAL_REPRESENTATION('',(#57),#61);
#57 = LINE('',#58,#59);
#58 = CARTESIAN_POINT('',(6.194134852741,0.));
#59 = VECTOR('',#60,1.);
#60 = DIRECTION('',(1.,0.));
#61 = ( GEOMETRIC_REPRESENTATION_CONTEXT(2) 
PARAMETRIC_REPRESENTATION_CONTEXT() REPRESENTATION_CONTEXT('2D SPACE',''
  ) );
#62 = PCURVE('',#63,#68);
#63 = PLANE('',#64);
#64 = AXIS2_PLACEMENT_3D('',#65,#66,#67);
#65 = CARTESIAN_POINT('',(0.,0.,-4.));
#66 = DIRECTION('',(0.,0.,1.));
#67 = DIRECTION('',(1.,0.,-0.));
#68 = DEFINITIONAL_REPRESENTATION('',(#69),#73);
#69 = CIRCLE('',#70,25.3);
#70 = AXIS2_PLACEMENT_2D('',#71,#72);
#71 = CARTESIAN_POINT('',(0.,0.));
#72 = DIRECTION('',(0.996037627783,-8.893280632411E-02));
#73 = ( GEOMETRIC_REPRESENTATION_CONTEXT(2) 
PARAMETRIC_REPRESENTATION_CONTEXT() REPRESENTATION_CONTEXT('2D SPACE',''
  ) );
#74 = ORIENTED_EDGE('',*,*,#75,.T.);
#75 = EDGE_CURVE('',#42,#76,#78,.T.);
#76 = VERTEX_POINT('',#77);
#77 = CARTESIAN_POINT('',(25.199751982906,2.25,4.));
#78 = SURFACE_CURVE('',#79,(#83,#89),.PCURVE_S1.);
#79 = LINE('',#80,#81);
#80 = CARTESIAN_POINT('',(25.199751982906,2.25,-4.));
#81 = VECTOR('',#82,1.);
#82 = DIRECTION('',(0.,0.,1.));
#83 = PCURVE('',#51,#84);
#84 = DEFINITIONAL_REPRESENTATION('',(#85),#88);
#85 = B_SPLINE_CURVE_WITH_KNOTS('',1,(#86,#87),.UNSPECIFIED.,.F.,.F.,(2,
    2),(0.,8.),.PIECEWISE_BEZIER_KNOTS.);
#86 = CARTESIAN_POINT('',(6.372235761618,0.));
#87 = CARTESIAN_POINT('',(6.372235761618,8.));
#88 = ( GEOMETRIC_REPRESENTATION_CONTEXT(2) 
PARAMETRIC_REPRESENTATION_CONTEXT() REPRESENTATION_CONTEXT('2D SPACE',''
  ) );
#89 = PCURVE('',#90,#95);
#90 = PLANE('',#91);
#91 = AXIS2_PLACEMENT_3D('',#92,#93,#94);
#92 = CARTESIAN_POINT('',(22.,2.25,0.));
#93 = DIRECTION('',(0.,1.,0.));
#94 = DIRECTION('',(0.,-0.,1.));
#95 = DEFINITIONAL_REPRESENTATION('',(#96),#100);
#96 = LINE('',#97,#98);
#97 = CARTESIAN_POINT('',(-4.,3.199751982906));
#98 = VECTOR('',#99,1.);
#99 = DIRECTION('',(1.,0.));
#100 = ( GEOMETRIC_REPRESENTATION_CONTEXT(2) 
PARAMETRIC_REPRESENTATION_CONTEXT() REPRESENTATION_CONTEXT('2D SPACE',''
  ) );
#101 = ORIENTED_EDGE('',*,*,#102,.T.);
#102 = EDGE_CURVE('',#76,#103,#105,.T.);
#103 = VERTEX_POINT('',#104);
#104 = CARTESIAN_POINT('',(25.199751982906,-2.25,4.));
#105 = SURFACE_CURVE('',#106,(#111,#118),.PCURVE_S1.);
#106 = CIRCLE('',#107,25.3);
#107 = AXIS2_PLACEMENT_3D('',#108,#109,#110);
#108 = CARTESIAN_POINT('',(0.,0.,4.));
#109 = DIRECTION('',(0.,0.,-1.));
#110 = DIRECTION('',(0.996037627783,8.893280632411E-02,0.));
#111 = PCURVE('',#51,#112);
#112 = DEFINITIONAL_REPRESENTATION('',(#113),#117);
#113 = LINE('',#114,#115);
#114 = CARTESIAN_POINT('',(6.372235761618,8.));
#115 = VECTOR('',#116,1.);
#116 = DIRECTION('',(-1.,-0.));
#117 = ( GEOMETRIC_REPRESENTATION_CONTEXT(2) 
PARAMETRIC_REPRESENTATION_CONTEXT() REPRESENTATION_CONTEXT('2D SPACE',''
  ) );
#118 = PCURVE('',#119,#124);
#119 = PLANE('',#120);
#120 = AXIS2_PLACEMENT_3D('',#121,#122,#123);
#121 = CARTESIAN_POINT('',(0.,0.,4.));
#122 = DIRECTION('',(0.,0.,1.));
#123 = DIRECTION('',(1.,0.,-0.));
#124 = DEFINITIONAL_REPRESENTATION('',(#125),#133);
#125 = ( BOUNDED_CURVE() B_SPLINE_CURVE(2,(#126,#127,#128,#129,#130,#131
,#132),.UNSPECIFIED.,.T.,.F.) B_SPLINE_CURVE_WITH_KNOTS((1,2,2,2,2,1),(
    -2.094395102393,0.,2.094395102393,4.188790204786,6.28318530718,
8.377580409573),.UNSPECIFIED.) CURVE() GEOMETRIC_REPRESENTATION_ITEM() 
RATIONAL_B_SPLINE_CURVE((1.,0.5,1.,0.5,1.,0.5,1.)) REPRESENTATION_ITEM(
  '') );
#126 = CARTESIAN_POINT('',(25.199751982906,2.25));
#127 = CARTESIAN_POINT('',(29.096866299936,-41.39725077252));
#128 = CARTESIAN_POINT('',(-10.65131883293,-22.94862538626));
#129 = CARTESIAN_POINT('',(-50.39950396581,-4.5));
#130 = CARTESIAN_POINT('',(-14.54843314996,20.698625386264));
#131 = CARTESIAN_POINT('',(21.302637665876,45.897250772529));
#132 = CARTESIAN_POINT('',(25.199751982906,2.25));
#133 = ( GEOMETRIC_REPRESENTATION_CONTEXT(2) 
PARAMETRIC_REPRESENTATION_CONTEXT() REPRESENTATION_CONTEXT('2D SPACE',''
  ) );
#134 = ORIENTED_EDGE('',*,*,#135,.F.);
#135 = EDGE_CURVE('',#40,#103,#136,.T.);
#136 = SURFACE_CURVE('',#137,(#141,#147),.PCURVE_S1.);
#137 = LINE('',#138,#139);
#138 = CARTESIAN_POINT('',(25.199751982906,-2.25,-4.));
#139 = VECTOR('',#140,1.);
#140 = DIRECTION('',(0.,0.,1.));
#141 = PCURVE('',#51,#142);
#142 = DEFINITIONAL_REPRESENTATION('',(#143),#146);
#143 = B_SPLINE_CURVE_WITH_KNOTS('',1,(#144,#145),.UNSPECIFIED.,.F.,.F.,
  (2,2),(0.,8.),.PIECEWISE_BEZIER_KNOTS.);
#144 = CARTESIAN_POINT('',(6.194134852741,0.));
#145 = CARTESIAN_POINT('',(6.194134852741,8.));
#146 = ( GEOMETRIC_REPRESENTATION_CONTEXT(2) 
PARAMETRIC_REPRESENTATION_CONTEXT() REPRESENTATION_CONTEXT('2D SPACE',''
  ) );
#147 = PCURVE('',#148,#153);
#148 = PLANE('',#149);
#149 = AXIS2_PLACEMENT_3D('',#150,#151,#152);
#150 = CARTESIAN_POINT('',(22.,-2.25,0.));
#151 = DIRECTION('',(0.,1.,0.));
#152 = DIRECTION('',(0.,-0.,1.));
#153 = DEFINITIONAL_REPRESENTATION('',(#154),#158);
#154 = LINE('',#155,#156);
#155 = CARTESIAN_POINT('',(-4.,3.199751982906));
#156 = VECTOR('',#157,1.);
#157 = DIRECTION('',(1.,0.));
#158 = ( GEOMETRIC_REPRESENTATION_CONTEXT(2) 
PARAMETRIC_REPRESENTATION_CONTEXT() REPRESENTATION_CONTEXT('2D SPACE',''
  ) );
#159 = ADVANCED_FACE('',(#160,#288),#148,.T.);
#160 = FACE_BOUND('',#161,.T.);
#161 = EDGE_LOOP('',(#162,#193,#220,#240,#241,#263));
#162 = ORIENTED_EDGE('',*,*,#163,.F.);
#163 = EDGE_CURVE('',#164,#166,#168,.T.);
#164 = VERTEX_POINT('',#165);
#165 = CARTESIAN_POINT('',(18.866305944726,-2.25,-0.32009618545));
#166 = VERTEX_POINT('',#167);
#167 = CARTESIAN_POINT('',(18.866305944726,-2.25,0.32009618545));
#168 = SURFACE_CURVE('',#169,(#174,#181),.PCURVE_S1.);
#169 = CIRCLE('',#170,3.15);
#170 = AXIS2_PLACEMENT_3D('',#171,#172,#173);
#171 = CARTESIAN_POINT('',(22.,-2.25,0.));
#172 = DIRECTION('',(0.,1.,0.));
#173 = DIRECTION('',(0.,-0.,1.));
#174 = PCURVE('',#148,#175);
#175 = DEFINITIONAL_REPRESENTATION('',(#176),#180);
#176 = CIRCLE('',#177,3.15);
#177 = AXIS2_PLACEMENT_2D('',#178,#179);
#178 = CARTESIAN_POINT('',(0.,0.));
#179 = DIRECTION('',(1.,0.));
#180 = ( GEOMETRIC_REPRESENTATION_CONTEXT(2) 
PARAMETRIC_REPRESENTATION_CONTEXT() REPRESENTATION_CONTEXT('2D SPACE',''
  ) );
#181 = PCURVE('',#182,#187);
#182 = CYLINDRICAL_SURFACE('',#183,3.15);
#183 = AXIS2_PLACEMENT_3D('',#184,#185,#186);
#184 = CARTESIAN_POINT('',(22.,-6.,0.));
#185 = DIRECTION('',(0.,1.,0.));
#186 = DIRECTION('',(0.,-0.,1.));
#187 = DEFINITIONAL_REPRESENTATION('',(#188),#192);
#188 = LINE('',#189,#190);
#189 = CARTESIAN_POINT('',(0.,3.75));
#190 = VECTOR('',#191,1.);
#191 = DIRECTION('',(1.,0.));
#192 = ( GEOMETRIC_REPRESENTATION_CONTEXT(2) 
PARAMETRIC_REPRESENTATION_CONTEXT() REPRESENTATION_CONTEXT('2D SPACE',''
  ) );
#193 = ORIENTED_EDGE('',*,*,#194,.F.);
#194 = EDGE_CURVE('',#195,#164,#197,.T.);
#195 = VERTEX_POINT('',#196);
#196 = CARTESIAN_POINT('',(18.866305944726,-2.25,-4.));
#197 = SURFACE_CURVE('',#198,(#202,#209),.PCURVE_S1.);
#198 = LINE('',#199,#200);
#199 = CARTESIAN_POINT('',(18.866305944726,-2.25,-4.2));
#200 = VECTOR('',#201,1.);
#201 = DIRECTION('',(0.,0.,1.));
#202 = PCURVE('',#148,#203);
#203 = DEFINITIONAL_REPRESENTATION('',(#204),#208);
#204 = LINE('',#205,#206);
#205 = CARTESIAN_POINT('',(-4.2,-3.133694055274));
#206 = VECTOR('',#207,1.);
#207 = DIRECTION('',(1.,0.));
#208 = ( GEOMETRIC_REPRESENTATION_CONTEXT(2) 
PARAMETRIC_REPRESENTATION_CONTEXT() REPRESENTATION_CONTEXT('2D SPACE',''
  ) );
#209 = PCURVE('',#210,#215);
#210 = CYLINDRICAL_SURFACE('',#211,19.);
#211 = AXIS2_PLACEMENT_3D('',#212,#213,#214);
#212 = CARTESIAN_POINT('',(0.,0.,-4.2));
#213 = DIRECTION('',(0.,0.,1.));
#214 = DIRECTION('',(1.,0.,-0.));
#215 = DEFINITIONAL_REPRESENTATION('',(#216),#219);
#216 = B_SPLINE_CURVE_WITH_KNOTS('',1,(#217,#218),.UNSPECIFIED.,.F.,.F.,
  (2,2),(0.2,3.87990381455),.PIECEWISE_BEZIER_KNOTS.);
#217 = CARTESIAN_POINT('',(6.16448571267,0.2));
#218 = CARTESIAN_POINT('',(6.16448571267,3.87990381455));
#219 = ( GEOMETRIC_REPRESENTATION_CONTEXT(2) 
PARAMETRIC_REPRESENTATION_CONTEXT() REPRESENTATION_CONTEXT('2D SPACE',''
  ) );
#220 = ORIENTED_EDGE('',*,*,#221,.F.);
#221 = EDGE_CURVE('',#40,#195,#222,.T.);
#222 = SURFACE_CURVE('',#223,(#227,#234),.PCURVE_S1.);
#223 = LINE('',#224,#225);
#224 = CARTESIAN_POINT('',(11.,-2.25,-4.));
#225 = VECTOR('',#226,1.);
#226 = DIRECTION('',(-1.,0.,0.));
#227 = PCURVE('',#148,#228);
#228 = DEFINITIONAL_REPRESENTATION('',(#229),#233);
#229 = LINE('',#230,#231);
#230 = CARTESIAN_POINT('',(-4.,-11.));
#231 = VECTOR('',#232,1.);
#232 = DIRECTION('',(0.,-1.));
#233 = ( GEOMETRIC_REPRESENTATION_CONTEXT(2) 
PARAMETRIC_REPRESENTATION_CONTEXT() REPRESENTATION_CONTEXT('2D SPACE',''
  ) );
#234 = PCURVE('',#63,#235);
#235 = DEFINITIONAL_REPRESENTATION('',(#236),#239);
#236 = B_SPLINE_CURVE_WITH_KNOTS('',1,(#237,#238),.UNSPECIFIED.,.F.,.F.,
  (2,2),(-14.3,-5.7),.PIECEWISE_BEZIER_KNOTS.);
#237 = CARTESIAN_POINT('',(25.3,-2.25));
#238 = CARTESIAN_POINT('',(16.7,-2.25));
#239 = ( GEOMETRIC_REPRESENTATION_CONTEXT(2) 
PARAMETRIC_REPRESENTATION_CONTEXT() REPRESENTATION_CONTEXT('2D SPACE',''
  ) );
#240 = ORIENTED_EDGE('',*,*,#135,.T.);
#241 = ORIENTED_EDGE('',*,*,#242,.T.);
#242 = EDGE_CURVE('',#103,#243,#245,.T.);
#243 = VERTEX_POINT('',#244);
#244 = CARTESIAN_POINT('',(18.866305944726,-2.25,4.));
#245 = SURFACE_CURVE('',#246,(#250,#257),.PCURVE_S1.);
#246 = LINE('',#247,#248);
#247 = CARTESIAN_POINT('',(11.,-2.25,4.));
#248 = VECTOR('',#249,1.);
#249 = DIRECTION('',(-1.,0.,0.));
#250 = PCURVE('',#148,#251);
#251 = DEFINITIONAL_REPRESENTATION('',(#252),#256);
#252 = LINE('',#253,#254);
#253 = CARTESIAN_POINT('',(4.,-11.));
#254 = VECTOR('',#255,1.);
#255 = DIRECTION('',(0.,-1.));
#256 = ( GEOMETRIC_REPRESENTATION_CONTEXT(2) 
PARAMETRIC_REPRESENTATION_CONTEXT() REPRESENTATION_CONTEXT('2D SPACE',''
  ) );
#257 = PCURVE('',#119,#258);
#258 = DEFINITIONAL_REPRESENTATION('',(#259),#262);
#259 = B_SPLINE_CURVE_WITH_KNOTS('',1,(#260,#261),.UNSPECIFIED.,.F.,.F.,
  (2,2),(-14.3,-5.7),.PIECEWISE_BEZIER_KNOTS.);
#260 = CARTESIAN_POINT('',(25.3,-2.25));
#261 = CARTESIAN_POINT('',(16.7,-2.25));
#262 = ( GEOMETRIC_REPRESENTATION_CONTEXT(2) 
PARAMETRIC_REPRESENTATION_CONTEXT() REPRESENTATION_CONTEXT('2D SPACE',''
  ) );
#263 = ORIENTED_EDGE('',*,*,#264,.F.);
#264 = EDGE_CURVE('',#166,#243,#265,.T.);
#265 = SURFACE_CURVE('',#266,(#270,#277),.PCURVE_S1.);
#266 = LINE('',#267,#268);
#267 = CARTESIAN_POINT('',(18.866305944726,-2.25,-4.2));
#268 = VECTOR('',#269,1.);
#269 = DIRECTION('',(0.,0.,1.));
#270 = PCURVE('',#148,#271);
#271 = DEFINITIONAL_REPRESENTATION('',(#272),#276);
#272 = LINE('',#273,#274);
#273 = CARTESIAN_POINT('',(-4.2,-3.133694055274));
#274 = VECTOR('',#275,1.);
#275 = DIRECTION('',(1.,0.));
#276 = ( GEOMETRIC_REPRESENTATION_CONTEXT(2) 
PARAMETRIC_REPRESENTATION_CONTEXT() REPRESENTATION_CONTEXT('2D SPACE',''
  ) );
#277 = PCURVE('',#278,#283);
#278 = CYLINDRICAL_SURFACE('',#279,19.);
#279 = AXIS2_PLACEMENT_3D('',#280,#281,#282);
#280 = CARTESIAN_POINT('',(0.,0.,-4.2));
#281 = DIRECTION('',(0.,0.,1.));
#282 = DIRECTION('',(1.,0.,-0.));
#283 = DEFINITIONAL_REPRESENTATION('',(#284),#287);
#284 = B_SPLINE_CURVE_WITH_KNOTS('',1,(#285,#286),.UNSPECIFIED.,.F.,.F.,
  (2,2),(4.52009618545,8.2),.PIECEWISE_BEZIER_KNOTS.);
#285 = CARTESIAN_POINT('',(6.16448571267,4.52009618545));
#286 = CARTESIAN_POINT('',(6.16448571267,8.2));
#287 = ( GEOMETRIC_REPRESENTATION_CONTEXT(2) 
PARAMETRIC_REPRESENTATION_CONTEXT() REPRESENTATION_CONTEXT('2D SPACE',''
  ) );
#288 = FACE_BOUND('',#289,.T.);
#289 = EDGE_LOOP('',(#290,#321,#349,#377,#406,#434,#462,#491,#519,#547,
    #576,#604));
#290 = ORIENTED_EDGE('',*,*,#291,.T.);
#291 = EDGE_CURVE('',#292,#294,#296,.T.);
#292 = VERTEX_POINT('',#293);
#293 = CARTESIAN_POINT('',(20.242160416875,-2.25,5.));
#294 = VERTEX_POINT('',#295);
#295 = CARTESIAN_POINT('',(23.757839583125,-2.25,5.));
#296 = SURFACE_CURVE('',#297,(#302,#309),.PCURVE_S1.);
#297 = CIRCLE('',#298,5.3);
#298 = AXIS2_PLACEMENT_3D('',#299,#300,#301);
#299 = CARTESIAN_POINT('',(22.,-2.25,0.));
#300 = DIRECTION('',(0.,1.,-0.));
#301 = DIRECTION('',(-0.331667845873,0.,0.943396226415));
#302 = PCURVE('',#148,#303);
#303 = DEFINITIONAL_REPRESENTATION('',(#304),#308);
#304 = CIRCLE('',#305,5.3);
#305 = AXIS2_PLACEMENT_2D('',#306,#307);
#306 = CARTESIAN_POINT('',(0.,0.));
#307 = DIRECTION('',(0.943396226415,-0.331667845873));
#308 = ( GEOMETRIC_REPRESENTATION_CONTEXT(2) 
PARAMETRIC_REPRESENTATION_CONTEXT() REPRESENTATION_CONTEXT('2D SPACE',''
  ) );
#309 = PCURVE('',#310,#315);
#310 = CYLINDRICAL_SURFACE('',#311,5.3);
#311 = AXIS2_PLACEMENT_3D('',#312,#313,#314);
#312 = CARTESIAN_POINT('',(22.,-4.25,0.));
#313 = DIRECTION('',(0.,1.,0.));
#314 = DIRECTION('',(0.,-0.,1.));
#315 = DEFINITIONAL_REPRESENTATION('',(#316),#320);
#316 = LINE('',#317,#318);
#317 = CARTESIAN_POINT('',(5.945114363558,2.));
#318 = VECTOR('',#319,1.);
#319 = DIRECTION('',(1.,0.));
#320 = ( GEOMETRIC_REPRESENTATION_CONTEXT(2) 
PARAMETRIC_REPRESENTATION_CONTEXT() REPRESENTATION_CONTEXT('2D SPACE',''
  ) );
#321 = ORIENTED_EDGE('',*,*,#322,.T.);
#322 = EDGE_CURVE('',#294,#323,#325,.T.);
#323 = VERTEX_POINT('',#324);
#324 = CARTESIAN_POINT('',(25.3,-2.25,5.));
#325 = SURFACE_CURVE('',#326,(#330,#337),.PCURVE_S1.);
#326 = LINE('',#327,#328);
#327 = CARTESIAN_POINT('',(17.3,-2.25,5.));
#328 = VECTOR('',#329,1.);
#329 = DIRECTION('',(1.,0.,0.));
#330 = PCURVE('',#148,#331);
#331 = DEFINITIONAL_REPRESENTATION('',(#332),#336);
#332 = LINE('',#333,#334);
#333 = CARTESIAN_POINT('',(5.,-4.7));
#334 = VECTOR('',#335,1.);
#335 = DIRECTION('',(0.,1.));
#336 = ( GEOMETRIC_REPRESENTATION_CONTEXT(2) 
PARAMETRIC_REPRESENTATION_CONTEXT() REPRESENTATION_CONTEXT('2D SPACE',''
  ) );
#337 = PCURVE('',#338,#343);
#338 = PLANE('',#339);
#339 = AXIS2_PLACEMENT_3D('',#340,#341,#342);
#340 = CARTESIAN_POINT('',(17.3,-4.25,5.));
#341 = DIRECTION('',(0.,0.,1.));
#342 = DIRECTION('',(1.,0.,0.));
#343 = DEFINITIONAL_REPRESENTATION('',(#344),#348);
#344 = LINE('',#345,#346);
#345 = CARTESIAN_POINT('',(0.,2.));
#346 = VECTOR('',#347,1.);
#347 = DIRECTION('',(1.,0.));
#348 = ( GEOMETRIC_REPRESENTATION_CONTEXT(2) 
PARAMETRIC_REPRESENTATION_CONTEXT() REPRESENTATION_CONTEXT('2D SPACE',''
  ) );
#349 = ORIENTED_EDGE('',*,*,#350,.F.);
#350 = EDGE_CURVE('',#351,#323,#353,.T.);
#351 = VERTEX_POINT('',#352);
#352 = CARTESIAN_POINT('',(25.3,-2.25,4.147288270666));
#353 = SURFACE_CURVE('',#354,(#358,#365),.PCURVE_S1.);
#354 = LINE('',#355,#356);
#355 = CARTESIAN_POINT('',(25.3,-2.25,-5.));
#356 = VECTOR('',#357,1.);
#357 = DIRECTION('',(0.,0.,1.));
#358 = PCURVE('',#148,#359);
#359 = DEFINITIONAL_REPRESENTATION('',(#360),#364);
#360 = LINE('',#361,#362);
#361 = CARTESIAN_POINT('',(-5.,3.3));
#362 = VECTOR('',#363,1.);
#363 = DIRECTION('',(1.,0.));
#364 = ( GEOMETRIC_REPRESENTATION_CONTEXT(2) 
PARAMETRIC_REPRESENTATION_CONTEXT() REPRESENTATION_CONTEXT('2D SPACE',''
  ) );
#365 = PCURVE('',#366,#371);
#366 = PLANE('',#367);
#367 = AXIS2_PLACEMENT_3D('',#368,#369,#370);
#368 = CARTESIAN_POINT('',(25.3,-4.25,-5.));
#369 = DIRECTION('',(1.,0.,0.));
#370 = DIRECTION('',(0.,0.,1.));
#371 = DEFINITIONAL_REPRESENTATION('',(#372),#376);
#372 = LINE('',#373,#374);
#373 = CARTESIAN_POINT('',(0.,-2.));
#374 = VECTOR('',#375,1.);
#375 = DIRECTION('',(1.,0.));
#376 = ( GEOMETRIC_REPRESENTATION_CONTEXT(2) 
PARAMETRIC_REPRESENTATION_CONTEXT() REPRESENTATION_CONTEXT('2D SPACE',''
  ) );
#377 = ORIENTED_EDGE('',*,*,#378,.T.);
#378 = EDGE_CURVE('',#351,#379,#381,.T.);
#379 = VERTEX_POINT('',#380);
#380 = CARTESIAN_POINT('',(25.3,-2.25,-4.147288270666));
#381 = SURFACE_CURVE('',#382,(#387,#394),.PCURVE_S1.);
#382 = CIRCLE('',#383,5.3);
#383 = AXIS2_PLACEMENT_3D('',#384,#385,#386);
#384 = CARTESIAN_POINT('',(22.,-2.25,0.));
#385 = DIRECTION('',(0.,1.,0.));
#386 = DIRECTION('',(0.,-0.,1.));
#387 = PCURVE('',#148,#388);
#388 = DEFINITIONAL_REPRESENTATION('',(#389),#393);
#389 = CIRCLE('',#390,5.3);
#390 = AXIS2_PLACEMENT_2D('',#391,#392);
#391 = CARTESIAN_POINT('',(0.,0.));
#392 = DIRECTION('',(1.,0.));
#393 = ( GEOMETRIC_REPRESENTATION_CONTEXT(2) 
PARAMETRIC_REPRESENTATION_CONTEXT() REPRESENTATION_CONTEXT('2D SPACE',''
  ) );
#394 = PCURVE('',#395,#400);
#395 = CYLINDRICAL_SURFACE('',#396,5.3);
#396 = AXIS2_PLACEMENT_3D('',#397,#398,#399);
#397 = CARTESIAN_POINT('',(22.,-4.25,0.));
#398 = DIRECTION('',(0.,1.,0.));
#399 = DIRECTION('',(0.,-0.,1.));
#400 = DEFINITIONAL_REPRESENTATION('',(#401),#405);
#401 = LINE('',#402,#403);
#402 = CARTESIAN_POINT('',(0.,2.));
#403 = VECTOR('',#404,1.);
#404 = DIRECTION('',(1.,0.));
#405 = ( GEOMETRIC_REPRESENTATION_CONTEXT(2) 
PARAMETRIC_REPRESENTATION_CONTEXT() REPRESENTATION_CONTEXT('2D SPACE',''
  ) );
#406 = ORIENTED_EDGE('',*,*,#407,.F.);
#407 = EDGE_CURVE('',#408,#379,#410,.T.);
#408 = VERTEX_POINT('',#409);
#409 = CARTESIAN_POINT('',(25.3,-2.25,-5.));
#410 = SURFACE_CURVE('',#411,(#415,#422),.PCURVE_S1.);
#411 = LINE('',#412,#413);
#412 = CARTESIAN_POINT('',(25.3,-2.25,-5.));
#413 = VECTOR('',#414,1.);
#414 = DIRECTION('',(0.,0.,1.));
#415 = PCURVE('',#148,#416);
#416 = DEFINITIONAL_REPRESENTATION('',(#417),#421);
#417 = LINE('',#418,#419);
#418 = CARTESIAN_POINT('',(-5.,3.3));
#419 = VECTOR('',#420,1.);
#420 = DIRECTION('',(1.,0.));
#421 = ( GEOMETRIC_REPRESENTATION_CONTEXT(2) 
PARAMETRIC_REPRESENTATION_CONTEXT() REPRESENTATION_CONTEXT('2D SPACE',''
  ) );
#422 = PCURVE('',#423,#428);
#423 = PLANE('',#424);
#424 = AXIS2_PLACEMENT_3D('',#425,#426,#427);
#425 = CARTESIAN_POINT('',(25.3,-4.25,-5.));
#426 = DIRECTION('',(1.,0.,0.));
#427 = DIRECTION('',(0.,0.,1.));
#428 = DEFINITIONAL_REPRESENTATION('',(#429),#433);
#429 = LINE('',#430,#431);
#430 = CARTESIAN_POINT('',(0.,-2.));
#431 = VECTOR('',#432,1.);
#432 = DIRECTION('',(1.,0.));
#433 = ( GEOMETRIC_REPRESENTATION_CONTEXT(2) 
PARAMETRIC_REPRESENTATION_CONTEXT() REPRESENTATION_CONTEXT('2D SPACE',''
  ) );
#434 = ORIENTED_EDGE('',*,*,#435,.F.);
#435 = EDGE_CURVE('',#436,#408,#438,.T.);
#436 = VERTEX_POINT('',#437);
#437 = CARTESIAN_POINT('',(23.757839583124,-2.25,-5.));
#438 = SURFACE_CURVE('',#439,(#443,#450),.PCURVE_S1.);
#439 = LINE('',#440,#441);
#440 = CARTESIAN_POINT('',(17.3,-2.25,-5.));
#441 = VECTOR('',#442,1.);
#442 = DIRECTION('',(1.,0.,0.));
#443 = PCURVE('',#148,#444);
#444 = DEFINITIONAL_REPRESENTATION('',(#445),#449);
#445 = LINE('',#446,#447);
#446 = CARTESIAN_POINT('',(-5.,-4.7));
#447 = VECTOR('',#448,1.);
#448 = DIRECTION('',(0.,1.));
#449 = ( GEOMETRIC_REPRESENTATION_CONTEXT(2) 
PARAMETRIC_REPRESENTATION_CONTEXT() REPRESENTATION_CONTEXT('2D SPACE',''
  ) );
#450 = PCURVE('',#451,#456);
#451 = PLANE('',#452);
#452 = AXIS2_PLACEMENT_3D('',#453,#454,#455);
#453 = CARTESIAN_POINT('',(17.3,-4.25,-5.));
#454 = DIRECTION('',(0.,0.,1.));
#455 = DIRECTION('',(1.,0.,0.));
#456 = DEFINITIONAL_REPRESENTATION('',(#457),#461);
#457 = LINE('',#458,#459);
#458 = CARTESIAN_POINT('',(0.,2.));
#459 = VECTOR('',#460,1.);
#460 = DIRECTION('',(1.,0.));
#461 = ( GEOMETRIC_REPRESENTATION_CONTEXT(2) 
PARAMETRIC_REPRESENTATION_CONTEXT() REPRESENTATION_CONTEXT('2D SPACE',''
  ) );
#462 = ORIENTED_EDGE('',*,*,#463,.T.);
#463 = EDGE_CURVE('',#436,#464,#466,.T.);
#464 = VERTEX_POINT('',#465);
#465 = CARTESIAN_POINT('',(20.242160416876,-2.25,-5.));
#466 = SURFACE_CURVE('',#467,(#472,#479),.PCURVE_S1.);
#467 = CIRCLE('',#468,5.3);
#468 = AXIS2_PLACEMENT_3D('',#469,#470,#471);
#469 = CARTESIAN_POINT('',(22.,-2.25,0.));
#470 = DIRECTION('',(0.,1.,0.));
#471 = DIRECTION('',(0.,-0.,1.));
#472 = PCURVE('',#148,#473);
#473 = DEFINITIONAL_REPRESENTATION('',(#474),#478);
#474 = CIRCLE('',#475,5.3);
#475 = AXIS2_PLACEMENT_2D('',#476,#477);
#476 = CARTESIAN_POINT('',(0.,0.));
#477 = DIRECTION('',(1.,0.));
#478 = ( GEOMETRIC_REPRESENTATION_CONTEXT(2) 
PARAMETRIC_REPRESENTATION_CONTEXT() REPRESENTATION_CONTEXT('2D SPACE',''
  ) );
#479 = PCURVE('',#480,#485);
#480 = CYLINDRICAL_SURFACE('',#481,5.3);
#481 = AXIS2_PLACEMENT_3D('',#482,#483,#484);
#482 = CARTESIAN_POINT('',(22.,-4.25,0.));
#483 = DIRECTION('',(0.,1.,0.));
#484 = DIRECTION('',(0.,-0.,1.));
#485 = DEFINITIONAL_REPRESENTATION('',(#486),#490);
#486 = LINE('',#487,#488);
#487 = CARTESIAN_POINT('',(0.,2.));
#488 = VECTOR('',#489,1.);
#489 = DIRECTION('',(1.,0.));
#490 = ( GEOMETRIC_REPRESENTATION_CONTEXT(2) 
PARAMETRIC_REPRESENTATION_CONTEXT() REPRESENTATION_CONTEXT('2D SPACE',''
  ) );
#491 = ORIENTED_EDGE('',*,*,#492,.F.);
#492 = EDGE_CURVE('',#493,#464,#495,.T.);
#493 = VERTEX_POINT('',#494);
#494 = CARTESIAN_POINT('',(17.3,-2.25,-5.));
#495 = SURFACE_CURVE('',#496,(#500,#507),.PCURVE_S1.);
#496 = LINE('',#497,#498);
#497 = CARTESIAN_POINT('',(17.3,-2.25,-5.));
#498 = VECTOR('',#499,1.);
#499 = DIRECTION('',(1.,0.,0.));
#500 = PCURVE('',#148,#501);
#501 = DEFINITIONAL_REPRESENTATION('',(#502),#506);
#502 = LINE('',#503,#504);
#503 = CARTESIAN_POINT('',(-5.,-4.7));
#504 = VECTOR('',#505,1.);
#505 = DIRECTION('',(0.,1.));
#506 = ( GEOMETRIC_REPRESENTATION_CONTEXT(2) 
PARAMETRIC_REPRESENTATION_CONTEXT() REPRESENTATION_CONTEXT('2D SPACE',''
  ) );
#507 = PCURVE('',#508,#513);
#508 = PLANE('',#509);
#509 = AXIS2_PLACEMENT_3D('',#510,#511,#512);
#510 = CARTESIAN_POINT('',(17.3,-4.25,-5.));
#511 = DIRECTION('',(0.,0.,1.));
#512 = DIRECTION('',(1.,0.,0.));
#513 = DEFINITIONAL_REPRESENTATION('',(#514),#518);
#514 = LINE('',#515,#516);
#515 = CARTESIAN_POINT('',(0.,2.));
#516 = VECTOR('',#517,1.);
#517 = DIRECTION('',(1.,0.));
#518 = ( GEOMETRIC_REPRESENTATION_CONTEXT(2) 
PARAMETRIC_REPRESENTATION_CONTEXT() REPRESENTATION_CONTEXT('2D SPACE',''
  ) );
#519 = ORIENTED_EDGE('',*,*,#520,.T.);
#520 = EDGE_CURVE('',#493,#521,#523,.T.);
#521 = VERTEX_POINT('',#522);
#522 = CARTESIAN_POINT('',(17.3,-2.25,-2.449489742783));
#523 = SURFACE_CURVE('',#524,(#528,#535),.PCURVE_S1.);
#524 = LINE('',#525,#526);
#525 = CARTESIAN_POINT('',(17.3,-2.25,-5.));
#526 = VECTOR('',#527,1.);
#527 = DIRECTION('',(0.,0.,1.));
#528 = PCURVE('',#148,#529);
#529 = DEFINITIONAL_REPRESENTATION('',(#530),#534);
#530 = LINE('',#531,#532);
#531 = CARTESIAN_POINT('',(-5.,-4.7));
#532 = VECTOR('',#533,1.);
#533 = DIRECTION('',(1.,0.));
#534 = ( GEOMETRIC_REPRESENTATION_CONTEXT(2) 
PARAMETRIC_REPRESENTATION_CONTEXT() REPRESENTATION_CONTEXT('2D SPACE',''
  ) );
#535 = PCURVE('',#536,#541);
#536 = PLANE('',#537);
#537 = AXIS2_PLACEMENT_3D('',#538,#539,#540);
#538 = CARTESIAN_POINT('',(17.3,-4.25,-5.));
#539 = DIRECTION('',(1.,0.,0.));
#540 = DIRECTION('',(0.,0.,1.));
#541 = DEFINITIONAL_REPRESENTATION('',(#542),#546);
#542 = LINE('',#543,#544);
#543 = CARTESIAN_POINT('',(0.,-2.));
#544 = VECTOR('',#545,1.);
#545 = DIRECTION('',(1.,0.));
#546 = ( GEOMETRIC_REPRESENTATION_CONTEXT(2) 
PARAMETRIC_REPRESENTATION_CONTEXT() REPRESENTATION_CONTEXT('2D SPACE',''
  ) );
#547 = ORIENTED_EDGE('',*,*,#548,.T.);
#548 = EDGE_CURVE('',#521,#549,#551,.T.);
#549 = VERTEX_POINT('',#550);
#550 = CARTESIAN_POINT('',(17.3,-2.25,2.449489742783));
#551 = SURFACE_CURVE('',#552,(#557,#564),.PCURVE_S1.);
#552 = CIRCLE('',#553,5.3);
#553 = AXIS2_PLACEMENT_3D('',#554,#555,#556);
#554 = CARTESIAN_POINT('',(22.,-2.25,0.));
#555 = DIRECTION('',(0.,1.,0.));
#556 = DIRECTION('',(0.,-0.,1.));
#557 = PCURVE('',#148,#558);
#558 = DEFINITIONAL_REPRESENTATION('',(#559),#563);
#559 = CIRCLE('',#560,5.3);
#560 = AXIS2_PLACEMENT_2D('',#561,#562);
#561 = CARTESIAN_POINT('',(0.,0.));
#562 = DIRECTION('',(1.,0.));
#563 = ( GEOMETRIC_REPRESENTATION_CONTEXT(2) 
PARAMETRIC_REPRESENTATION_CONTEXT() REPRESENTATION_CONTEXT('2D SPACE',''
  ) );
#564 = PCURVE('',#565,#570);
#565 = CYLINDRICAL_SURFACE('',#566,5.3);
#566 = AXIS2_PLACEMENT_3D('',#567,#568,#569);
#567 = CARTESIAN_POINT('',(22.,-4.25,0.));
#568 = DIRECTION('',(0.,1.,0.));
#569 = DIRECTION('',(0.,-0.,1.));
#570 = DEFINITIONAL_REPRESENTATION('',(#571),#575);
#571 = LINE('',#572,#573);
#572 = CARTESIAN_POINT('',(0.,2.));
#573 = VECTOR('',#574,1.);
#574 = DIRECTION('',(1.,0.));
#575 = ( GEOMETRIC_REPRESENTATION_CONTEXT(2) 
PARAMETRIC_REPRESENTATION_CONTEXT() REPRESENTATION_CONTEXT('2D SPACE',''
  ) );
#576 = ORIENTED_EDGE('',*,*,#577,.T.);
#577 = EDGE_CURVE('',#549,#578,#580,.T.);
#578 = VERTEX_POINT('',#579);
#579 = CARTESIAN_POINT('',(17.3,-2.25,5.));
#580 = SURFACE_CURVE('',#581,(#585,#592),.PCURVE_S1.);
#581 = LINE('',#582,#583);
#582 = CARTESIAN_POINT('',(17.3,-2.25,-5.));
#583 = VECTOR('',#584,1.);
#584 = DIRECTION('',(0.,0.,1.));
#585 = PCURVE('',#148,#586);
#586 = DEFINITIONAL_REPRESENTATION('',(#587),#591);
#587 = LINE('',#588,#589);
#588 = CARTESIAN_POINT('',(-5.,-4.7));
#589 = VECTOR('',#590,1.);
#590 = DIRECTION('',(1.,0.));
#591 = ( GEOMETRIC_REPRESENTATION_CONTEXT(2) 
PARAMETRIC_REPRESENTATION_CONTEXT() REPRESENTATION_CONTEXT('2D SPACE',''
  ) );
#592 = PCURVE('',#593,#598);
#593 = PLANE('',#594);
#594 = AXIS2_PLACEMENT_3D('',#595,#596,#597);
#595 = CARTESIAN_POINT('',(17.3,-4.25,-5.));
#596 = DIRECTION('',(1.,0.,0.));
#597 = DIRECTION('',(0.,0.,1.));
#598 = DEFINITIONAL_REPRESENTATION('',(#599),#603);
#599 = LINE('',#600,#601);
#600 = CARTESIAN_POINT('',(0.,-2.));
#601 = VECTOR('',#602,1.);
#602 = DIRECTION('',(1.,0.));
#603 = ( GEOMETRIC_REPRESENTATION_CONTEXT(2) 
PARAMETRIC_REPRESENTATION_CONTEXT() REPRESENTATION_CONTEXT('2D SPACE',''
  ) );
#604 = ORIENTED_EDGE('',*,*,#605,.T.);
#605 = EDGE_CURVE('',#578,#292,#606,.T.);
#606 = SURFACE_CURVE('',#607,(#611,#618),.PCURVE_S1.);
#607 = LINE('',#608,#609);
#608 = CARTESIAN_POINT('',(17.3,-2.25,5.));
#609 = VECTOR('',#610,1.);
#610 = DIRECTION('',(1.,0.,0.));
#611 = PCURVE('',#148,#612);
#612 = DEFINITIONAL_REPRESENTATION('',(#613),#617);
#613 = LINE('',#614,#615);
#614 = CARTESIAN_POINT('',(5.,-4.7));
#615 = VECTOR('',#616,1.);
#616 = DIRECTION('',(0.,1.));
#617 = ( GEOMETRIC_REPRESENTATION_CONTEXT(2) 
PARAMETRIC_REPRESENTATION_CONTEXT() REPRESENTATION_CONTEXT('2D SPACE',''
  ) );
#618 = PCURVE('',#619,#624);
#619 = PLANE('',#620);
#620 = AXIS2_PLACEMENT_3D('',#621,#622,#623);
#621 = CARTESIAN_POINT('',(17.3,-4.25,5.));
#622 = DIRECTION('',(0.,0.,1.));
#623 = DIRECTION('',(1.,0.,0.));
#624 = DEFINITIONAL_REPRESENTATION('',(#625),#629);
#625 = LINE('',#626,#627);
#626 = CARTESIAN_POINT('',(0.,2.));
#627 = VECTOR('',#628,1.);
#628 = DIRECTION('',(1.,0.));
#629 = ( GEOMETRIC_REPRESENTATION_CONTEXT(2) 
PARAMETRIC_REPRESENTATION_CONTEXT() REPRESENTATION_CONTEXT('2D SPACE',''
  ) );
#630 = ADVANCED_FACE('',(#631),#619,.T.);
#631 = FACE_BOUND('',#632,.T.);
#632 = EDGE_LOOP('',(#633,#634,#657,#685));
#633 = ORIENTED_EDGE('',*,*,#605,.F.);
#634 = ORIENTED_EDGE('',*,*,#635,.F.);
#635 = EDGE_CURVE('',#636,#578,#638,.T.);
#636 = VERTEX_POINT('',#637);
#637 = CARTESIAN_POINT('',(17.3,-4.25,5.));
#638 = SURFACE_CURVE('',#639,(#643,#650),.PCURVE_S1.);
#639 = LINE('',#640,#641);
#640 = CARTESIAN_POINT('',(17.3,-4.25,5.));
#641 = VECTOR('',#642,1.);
#642 = DIRECTION('',(0.,1.,0.));
#643 = PCURVE('',#619,#644);
#644 = DEFINITIONAL_REPRESENTATION('',(#645),#649);
#645 = LINE('',#646,#647);
#646 = CARTESIAN_POINT('',(0.,0.));
#647 = VECTOR('',#648,1.);
#648 = DIRECTION('',(0.,1.));
#649 = ( GEOMETRIC_REPRESENTATION_CONTEXT(2) 
PARAMETRIC_REPRESENTATION_CONTEXT() REPRESENTATION_CONTEXT('2D SPACE',''
  ) );
#650 = PCURVE('',#593,#651);
#651 = DEFINITIONAL_REPRESENTATION('',(#652),#656);
#652 = LINE('',#653,#654);
#653 = CARTESIAN_POINT('',(10.,0.));
#654 = VECTOR('',#655,1.);
#655 = DIRECTION('',(0.,-1.));
#656 = ( GEOMETRIC_REPRESENTATION_CONTEXT(2) 
PARAMETRIC_REPRESENTATION_CONTEXT() REPRESENTATION_CONTEXT('2D SPACE',''
  ) );
#657 = ORIENTED_EDGE('',*,*,#658,.T.);
#658 = EDGE_CURVE('',#636,#659,#661,.T.);
#659 = VERTEX_POINT('',#660);
#660 = CARTESIAN_POINT('',(20.242160416875,-4.25,5.));
#661 = SURFACE_CURVE('',#662,(#666,#673),.PCURVE_S1.);
#662 = LINE('',#663,#664);
#663 = CARTESIAN_POINT('',(17.3,-4.25,5.));
#664 = VECTOR('',#665,1.);
#665 = DIRECTION('',(1.,0.,0.));
#666 = PCURVE('',#619,#667);
#667 = DEFINITIONAL_REPRESENTATION('',(#668),#672);
#668 = LINE('',#669,#670);
#669 = CARTESIAN_POINT('',(0.,0.));
#670 = VECTOR('',#671,1.);
#671 = DIRECTION('',(1.,0.));
#672 = ( GEOMETRIC_REPRESENTATION_CONTEXT(2) 
PARAMETRIC_REPRESENTATION_CONTEXT() REPRESENTATION_CONTEXT('2D SPACE',''
  ) );
#673 = PCURVE('',#674,#679);
#674 = PLANE('',#675);
#675 = AXIS2_PLACEMENT_3D('',#676,#677,#678);
#676 = CARTESIAN_POINT('',(22.,-4.25,0.));
#677 = DIRECTION('',(0.,1.,0.));
#678 = DIRECTION('',(0.,-0.,1.));
#679 = DEFINITIONAL_REPRESENTATION('',(#680),#684);
#680 = LINE('',#681,#682);
#681 = CARTESIAN_POINT('',(5.,-4.7));
#682 = VECTOR('',#683,1.);
#683 = DIRECTION('',(0.,1.));
#684 = ( GEOMETRIC_REPRESENTATION_CONTEXT(2) 
PARAMETRIC_REPRESENTATION_CONTEXT() REPRESENTATION_CONTEXT('2D SPACE',''
  ) );
#685 = ORIENTED_EDGE('',*,*,#686,.T.);
#686 = EDGE_CURVE('',#659,#292,#687,.T.);
#687 = SURFACE_CURVE('',#688,(#692,#698),.PCURVE_S1.);
#688 = LINE('',#689,#690);
#689 = CARTESIAN_POINT('',(20.242160416875,-4.25,5.));
#690 = VECTOR('',#691,1.);
#691 = DIRECTION('',(0.,1.,0.));
#692 = PCURVE('',#619,#693);
#693 = DEFINITIONAL_REPRESENTATION('',(#694),#697);
#694 = B_SPLINE_CURVE_WITH_KNOTS('',1,(#695,#696),.UNSPECIFIED.,.F.,.F.,
  (2,2),(-6.000000167816E-07,2.0000006),.PIECEWISE_BEZIER_KNOTS.);
#695 = CARTESIAN_POINT('',(2.942160416875,-6.000000167816E-07));
#696 = CARTESIAN_POINT('',(2.942160416875,2.0000006));
#697 = ( GEOMETRIC_REPRESENTATION_CONTEXT(2) 
PARAMETRIC_REPRESENTATION_CONTEXT() REPRESENTATION_CONTEXT('2D SPACE',''
  ) );
#698 = PCURVE('',#310,#699);
#699 = DEFINITIONAL_REPRESENTATION('',(#700),#703);
#700 = B_SPLINE_CURVE_WITH_KNOTS('',1,(#701,#702),.UNSPECIFIED.,.F.,.F.,
  (2,2),(0.,2.),.PIECEWISE_BEZIER_KNOTS.);
#701 = CARTESIAN_POINT('',(5.945114363558,0.));
#702 = CARTESIAN_POINT('',(5.945114363558,2.));
#703 = ( GEOMETRIC_REPRESENTATION_CONTEXT(2) 
PARAMETRIC_REPRESENTATION_CONTEXT() REPRESENTATION_CONTEXT('2D SPACE',''
  ) );
#704 = ADVANCED_FACE('',(#705,#864),#674,.F.);
#705 = FACE_BOUND('',#706,.F.);
#706 = EDGE_LOOP('',(#707,#737,#765,#793,#820,#844));
#707 = ORIENTED_EDGE('',*,*,#708,.F.);
#708 = EDGE_CURVE('',#709,#711,#713,.T.);
#709 = VERTEX_POINT('',#710);
#710 = CARTESIAN_POINT('',(18.518571759183,-4.25,4.));
#711 = VERTEX_POINT('',#712);
#712 = CARTESIAN_POINT('',(24.940479145357,-4.25,4.));
#713 = SURFACE_CURVE('',#714,(#718,#725),.PCURVE_S1.);
#714 = LINE('',#715,#716);
#715 = CARTESIAN_POINT('',(18.518571759183,-4.25,4.));
#716 = VECTOR('',#717,1.);
#717 = DIRECTION('',(1.,5.532178315821E-16,1.383044578955E-16));
#718 = PCURVE('',#674,#719);
#719 = DEFINITIONAL_REPRESENTATION('',(#720),#724);
#720 = LINE('',#721,#722);
#721 = CARTESIAN_POINT('',(4.,-3.481428240817));
#722 = VECTOR('',#723,1.);
#723 = DIRECTION('',(1.383044578955E-16,1.));
#724 = ( GEOMETRIC_REPRESENTATION_CONTEXT(2) 
PARAMETRIC_REPRESENTATION_CONTEXT() REPRESENTATION_CONTEXT('2D SPACE',''
  ) );
#725 = PCURVE('',#726,#731);
#726 = PLANE('',#727);
#727 = AXIS2_PLACEMENT_3D('',#728,#729,#730);
#728 = CARTESIAN_POINT('',(0.,0.,4.));
#729 = DIRECTION('',(0.,0.,1.));
#730 = DIRECTION('',(1.,0.,-0.));
#731 = DEFINITIONAL_REPRESENTATION('',(#732),#736);
#732 = LINE('',#733,#734);
#733 = CARTESIAN_POINT('',(18.518571759183,-4.25));
#734 = VECTOR('',#735,1.);
#735 = DIRECTION('',(1.,5.532178315821E-16));
#736 = ( GEOMETRIC_REPRESENTATION_CONTEXT(2) 
PARAMETRIC_REPRESENTATION_CONTEXT() REPRESENTATION_CONTEXT('2D SPACE',''
  ) );
#737 = ORIENTED_EDGE('',*,*,#738,.F.);
#738 = EDGE_CURVE('',#739,#709,#741,.T.);
#739 = VERTEX_POINT('',#740);
#740 = CARTESIAN_POINT('',(18.518571759183,-4.25,-4.));
#741 = SURFACE_CURVE('',#742,(#746,#753),.PCURVE_S1.);
#742 = LINE('',#743,#744);
#743 = CARTESIAN_POINT('',(18.518571759183,-4.25,-4.));
#744 = VECTOR('',#745,1.);
#745 = DIRECTION('',(0.,0.,1.));
#746 = PCURVE('',#674,#747);
#747 = DEFINITIONAL_REPRESENTATION('',(#748),#752);
#748 = LINE('',#749,#750);
#749 = CARTESIAN_POINT('',(-4.,-3.481428240817));
#750 = VECTOR('',#751,1.);
#751 = DIRECTION('',(1.,0.));
#752 = ( GEOMETRIC_REPRESENTATION_CONTEXT(2) 
PARAMETRIC_REPRESENTATION_CONTEXT() REPRESENTATION_CONTEXT('2D SPACE',''
  ) );
#753 = PCURVE('',#754,#759);
#754 = CYLINDRICAL_SURFACE('',#755,19.);
#755 = AXIS2_PLACEMENT_3D('',#756,#757,#758);
#756 = CARTESIAN_POINT('',(0.,0.,-4.2));
#757 = DIRECTION('',(0.,0.,1.));
#758 = DIRECTION('',(1.,0.,-0.));
#759 = DEFINITIONAL_REPRESENTATION('',(#760),#764);
#760 = LINE('',#761,#762);
#761 = CARTESIAN_POINT('',(6.057592476725,0.2));
#762 = VECTOR('',#763,1.);
#763 = DIRECTION('',(0.,1.));
#764 = ( GEOMETRIC_REPRESENTATION_CONTEXT(2) 
PARAMETRIC_REPRESENTATION_CONTEXT() REPRESENTATION_CONTEXT('2D SPACE',''
  ) );
#765 = ORIENTED_EDGE('',*,*,#766,.F.);
#766 = EDGE_CURVE('',#767,#739,#769,.T.);
#767 = VERTEX_POINT('',#768);
#768 = CARTESIAN_POINT('',(24.940479145357,-4.25,-4.));
#769 = SURFACE_CURVE('',#770,(#774,#781),.PCURVE_S1.);
#770 = LINE('',#771,#772);
#771 = CARTESIAN_POINT('',(24.940479145357,-4.25,-4.));
#772 = VECTOR('',#773,1.);
#773 = DIRECTION('',(-1.,-5.532178315821E-16,0.));
#774 = PCURVE('',#674,#775);
#775 = DEFINITIONAL_REPRESENTATION('',(#776),#780);
#776 = LINE('',#777,#778);
#777 = CARTESIAN_POINT('',(-4.,2.940479145357));
#778 = VECTOR('',#779,1.);
#779 = DIRECTION('',(0.,-1.));
#780 = ( GEOMETRIC_REPRESENTATION_CONTEXT(2) 
PARAMETRIC_REPRESENTATION_CONTEXT() REPRESENTATION_CONTEXT('2D SPACE',''
  ) );
#781 = PCURVE('',#782,#787);
#782 = PLANE('',#783);
#783 = AXIS2_PLACEMENT_3D('',#784,#785,#786);
#784 = CARTESIAN_POINT('',(0.,0.,-4.));
#785 = DIRECTION('',(0.,0.,1.));
#786 = DIRECTION('',(1.,0.,-0.));
#787 = DEFINITIONAL_REPRESENTATION('',(#788),#792);
#788 = LINE('',#789,#790);
#789 = CARTESIAN_POINT('',(24.940479145357,-4.25));
#790 = VECTOR('',#791,1.);
#791 = DIRECTION('',(-1.,-5.532178315821E-16));
#792 = ( GEOMETRIC_REPRESENTATION_CONTEXT(2) 
PARAMETRIC_REPRESENTATION_CONTEXT() REPRESENTATION_CONTEXT('2D SPACE',''
  ) );
#793 = ORIENTED_EDGE('',*,*,#794,.T.);
#794 = EDGE_CURVE('',#767,#795,#797,.T.);
#795 = VERTEX_POINT('',#796);
#796 = CARTESIAN_POINT('',(24.940479145357,-4.25,-1.129638170265));
#797 = SURFACE_CURVE('',#798,(#802,#809),.PCURVE_S1.);
#798 = LINE('',#799,#800);
#799 = CARTESIAN_POINT('',(24.940479145357,-4.25,-4.));
#800 = VECTOR('',#801,1.);
#801 = DIRECTION('',(0.,0.,1.));
#802 = PCURVE('',#674,#803);
#803 = DEFINITIONAL_REPRESENTATION('',(#804),#808);
#804 = LINE('',#805,#806);
#805 = CARTESIAN_POINT('',(-4.,2.940479145357));
#806 = VECTOR('',#807,1.);
#807 = DIRECTION('',(1.,0.));
#808 = ( GEOMETRIC_REPRESENTATION_CONTEXT(2) 
PARAMETRIC_REPRESENTATION_CONTEXT() REPRESENTATION_CONTEXT('2D SPACE',''
  ) );
#809 = PCURVE('',#810,#815);
#810 = CYLINDRICAL_SURFACE('',#811,25.3);
#811 = AXIS2_PLACEMENT_3D('',#812,#813,#814);
#812 = CARTESIAN_POINT('',(0.,0.,-4.));
#813 = DIRECTION('',(0.,0.,1.));
#814 = DIRECTION('',(1.,0.,-0.));
#815 = DEFINITIONAL_REPRESENTATION('',(#816),#819);
#816 = B_SPLINE_CURVE_WITH_KNOTS('',1,(#817,#818),.UNSPECIFIED.,.F.,.F.,
  (2,2),(-5.999999999062E-07,8.0000006),.PIECEWISE_BEZIER_KNOTS.);
#817 = CARTESIAN_POINT('',(6.114400864368,-5.999999999062E-07));
#818 = CARTESIAN_POINT('',(6.114400864368,8.0000006));
#819 = ( GEOMETRIC_REPRESENTATION_CONTEXT(2) 
PARAMETRIC_REPRESENTATION_CONTEXT() REPRESENTATION_CONTEXT('2D SPACE',''
  ) );
#820 = ORIENTED_EDGE('',*,*,#821,.F.);
#821 = EDGE_CURVE('',#822,#795,#824,.T.);
#822 = VERTEX_POINT('',#823);
#823 = CARTESIAN_POINT('',(24.940479145357,-4.25,1.129638170265));
#824 = SURFACE_CURVE('',#825,(#830,#837),.PCURVE_S1.);
#825 = CIRCLE('',#826,3.15);
#826 = AXIS2_PLACEMENT_3D('',#827,#828,#829);
#827 = CARTESIAN_POINT('',(22.,-4.25,0.));
#828 = DIRECTION('',(0.,1.,0.));
#829 = DIRECTION('',(0.,-0.,1.));
#830 = PCURVE('',#674,#831);
#831 = DEFINITIONAL_REPRESENTATION('',(#832),#836);
#832 = CIRCLE('',#833,3.15);
#833 = AXIS2_PLACEMENT_2D('',#834,#835);
#834 = CARTESIAN_POINT('',(0.,0.));
#835 = DIRECTION('',(1.,0.));
#836 = ( GEOMETRIC_REPRESENTATION_CONTEXT(2) 
PARAMETRIC_REPRESENTATION_CONTEXT() REPRESENTATION_CONTEXT('2D SPACE',''
  ) );
#837 = PCURVE('',#182,#838);
#838 = DEFINITIONAL_REPRESENTATION('',(#839),#843);
#839 = LINE('',#840,#841);
#840 = CARTESIAN_POINT('',(0.,1.75));
#841 = VECTOR('',#842,1.);
#842 = DIRECTION('',(1.,0.));
#843 = ( GEOMETRIC_REPRESENTATION_CONTEXT(2) 
PARAMETRIC_REPRESENTATION_CONTEXT() REPRESENTATION_CONTEXT('2D SPACE',''
  ) );
#844 = ORIENTED_EDGE('',*,*,#845,.T.);
#845 = EDGE_CURVE('',#822,#711,#846,.T.);
#846 = SURFACE_CURVE('',#847,(#851,#858),.PCURVE_S1.);
#847 = LINE('',#848,#849);
#848 = CARTESIAN_POINT('',(24.940479145357,-4.25,-4.));
#849 = VECTOR('',#850,1.);
#850 = DIRECTION('',(0.,0.,1.));
#851 = PCURVE('',#674,#852);
#852 = DEFINITIONAL_REPRESENTATION('',(#853),#857);
#853 = LINE('',#854,#855);
#854 = CARTESIAN_POINT('',(-4.,2.940479145357));
#855 = VECTOR('',#856,1.);
#856 = DIRECTION('',(1.,0.));
#857 = ( GEOMETRIC_REPRESENTATION_CONTEXT(2) 
PARAMETRIC_REPRESENTATION_CONTEXT() REPRESENTATION_CONTEXT('2D SPACE',''
  ) );
#858 = PCURVE('',#810,#859);
#859 = DEFINITIONAL_REPRESENTATION('',(#860),#863);
#860 = B_SPLINE_CURVE_WITH_KNOTS('',1,(#861,#862),.UNSPECIFIED.,.F.,.F.,
  (2,2),(-5.999999999062E-07,8.0000006),.PIECEWISE_BEZIER_KNOTS.);
#861 = CARTESIAN_POINT('',(6.114400864368,-5.999999999062E-07));
#862 = CARTESIAN_POINT('',(6.114400864368,8.0000006));
#863 = ( GEOMETRIC_REPRESENTATION_CONTEXT(2) 
PARAMETRIC_REPRESENTATION_CONTEXT() REPRESENTATION_CONTEXT('2D SPACE',''
  ) );
#864 = FACE_BOUND('',#865,.F.);
#865 = EDGE_LOOP('',(#866,#891,#914,#938,#959,#960,#984,#1007,#1030,
    #1054,#1077,#1100));
#866 = ORIENTED_EDGE('',*,*,#867,.F.);
#867 = EDGE_CURVE('',#868,#870,#872,.T.);
#868 = VERTEX_POINT('',#869);
#869 = CARTESIAN_POINT('',(17.3,-4.25,-5.));
#870 = VERTEX_POINT('',#871);
#871 = CARTESIAN_POINT('',(20.242160416875,-4.25,-5.));
#872 = SURFACE_CURVE('',#873,(#877,#884),.PCURVE_S1.);
#873 = LINE('',#874,#875);
#874 = CARTESIAN_POINT('',(17.3,-4.25,-5.));
#875 = VECTOR('',#876,1.);
#876 = DIRECTION('',(1.,0.,0.));
#877 = PCURVE('',#674,#878);
#878 = DEFINITIONAL_REPRESENTATION('',(#879),#883);
#879 = LINE('',#880,#881);
#880 = CARTESIAN_POINT('',(-5.,-4.7));
#881 = VECTOR('',#882,1.);
#882 = DIRECTION('',(0.,1.));
#883 = ( GEOMETRIC_REPRESENTATION_CONTEXT(2) 
PARAMETRIC_REPRESENTATION_CONTEXT() REPRESENTATION_CONTEXT('2D SPACE',''
  ) );
#884 = PCURVE('',#508,#885);
#885 = DEFINITIONAL_REPRESENTATION('',(#886),#890);
#886 = LINE('',#887,#888);
#887 = CARTESIAN_POINT('',(0.,0.));
#888 = VECTOR('',#889,1.);
#889 = DIRECTION('',(1.,0.));
#890 = ( GEOMETRIC_REPRESENTATION_CONTEXT(2) 
PARAMETRIC_REPRESENTATION_CONTEXT() REPRESENTATION_CONTEXT('2D SPACE',''
  ) );
#891 = ORIENTED_EDGE('',*,*,#892,.T.);
#892 = EDGE_CURVE('',#868,#893,#895,.T.);
#893 = VERTEX_POINT('',#894);
#894 = CARTESIAN_POINT('',(17.3,-4.25,-2.449489742783));
#895 = SURFACE_CURVE('',#896,(#900,#907),.PCURVE_S1.);
#896 = LINE('',#897,#898);
#897 = CARTESIAN_POINT('',(17.3,-4.25,-5.));
#898 = VECTOR('',#899,1.);
#899 = DIRECTION('',(0.,0.,1.));
#900 = PCURVE('',#674,#901);
#901 = DEFINITIONAL_REPRESENTATION('',(#902),#906);
#902 = LINE('',#903,#904);
#903 = CARTESIAN_POINT('',(-5.,-4.7));
#904 = VECTOR('',#905,1.);
#905 = DIRECTION('',(1.,0.));
#906 = ( GEOMETRIC_REPRESENTATION_CONTEXT(2) 
PARAMETRIC_REPRESENTATION_CONTEXT() REPRESENTATION_CONTEXT('2D SPACE',''
  ) );
#907 = PCURVE('',#536,#908);
#908 = DEFINITIONAL_REPRESENTATION('',(#909),#913);
#909 = LINE('',#910,#911);
#910 = CARTESIAN_POINT('',(0.,0.));
#911 = VECTOR('',#912,1.);
#912 = DIRECTION('',(1.,0.));
#913 = ( GEOMETRIC_REPRESENTATION_CONTEXT(2) 
PARAMETRIC_REPRESENTATION_CONTEXT() REPRESENTATION_CONTEXT('2D SPACE',''
  ) );
#914 = ORIENTED_EDGE('',*,*,#915,.T.);
#915 = EDGE_CURVE('',#893,#916,#918,.T.);
#916 = VERTEX_POINT('',#917);
#917 = CARTESIAN_POINT('',(17.3,-4.25,2.449489742783));
#918 = SURFACE_CURVE('',#919,(#924,#931),.PCURVE_S1.);
#919 = CIRCLE('',#920,5.3);
#920 = AXIS2_PLACEMENT_3D('',#921,#922,#923);
#921 = CARTESIAN_POINT('',(22.,-4.25,0.));
#922 = DIRECTION('',(0.,1.,0.));
#923 = DIRECTION('',(0.,-0.,1.));
#924 = PCURVE('',#674,#925);
#925 = DEFINITIONAL_REPRESENTATION('',(#926),#930);
#926 = CIRCLE('',#927,5.3);
#927 = AXIS2_PLACEMENT_2D('',#928,#929);
#928 = CARTESIAN_POINT('',(0.,0.));
#929 = DIRECTION('',(1.,0.));
#930 = ( GEOMETRIC_REPRESENTATION_CONTEXT(2) 
PARAMETRIC_REPRESENTATION_CONTEXT() REPRESENTATION_CONTEXT('2D SPACE',''
  ) );
#931 = PCURVE('',#565,#932);
#932 = DEFINITIONAL_REPRESENTATION('',(#933),#937);
#933 = LINE('',#934,#935);
#934 = CARTESIAN_POINT('',(0.,0.));
#935 = VECTOR('',#936,1.);
#936 = DIRECTION('',(1.,0.));
#937 = ( GEOMETRIC_REPRESENTATION_CONTEXT(2) 
PARAMETRIC_REPRESENTATION_CONTEXT() REPRESENTATION_CONTEXT('2D SPACE',''
  ) );
#938 = ORIENTED_EDGE('',*,*,#939,.T.);
#939 = EDGE_CURVE('',#916,#636,#940,.T.);
#940 = SURFACE_CURVE('',#941,(#945,#952),.PCURVE_S1.);
#941 = LINE('',#942,#943);
#942 = CARTESIAN_POINT('',(17.3,-4.25,-5.));
#943 = VECTOR('',#944,1.);
#944 = DIRECTION('',(0.,0.,1.));
#945 = PCURVE('',#674,#946);
#946 = DEFINITIONAL_REPRESENTATION('',(#947),#951);
#947 = LINE('',#948,#949);
#948 = CARTESIAN_POINT('',(-5.,-4.7));
#949 = VECTOR('',#950,1.);
#950 = DIRECTION('',(1.,0.));
#951 = ( GEOMETRIC_REPRESENTATION_CONTEXT(2) 
PARAMETRIC_REPRESENTATION_CONTEXT() REPRESENTATION_CONTEXT('2D SPACE',''
  ) );
#952 = PCURVE('',#593,#953);
#953 = DEFINITIONAL_REPRESENTATION('',(#954),#958);
#954 = LINE('',#955,#956);
#955 = CARTESIAN_POINT('',(0.,0.));
#956 = VECTOR('',#957,1.);
#957 = DIRECTION('',(1.,0.));
#958 = ( GEOMETRIC_REPRESENTATION_CONTEXT(2) 
PARAMETRIC_REPRESENTATION_CONTEXT() REPRESENTATION_CONTEXT('2D SPACE',''
  ) );
#959 = ORIENTED_EDGE('',*,*,#658,.T.);
#960 = ORIENTED_EDGE('',*,*,#961,.T.);
#961 = EDGE_CURVE('',#659,#962,#964,.T.);
#962 = VERTEX_POINT('',#963);
#963 = CARTESIAN_POINT('',(23.757839583125,-4.25,5.));
#964 = SURFACE_CURVE('',#965,(#970,#977),.PCURVE_S1.);
#965 = CIRCLE('',#966,5.3);
#966 = AXIS2_PLACEMENT_3D('',#967,#968,#969);
#967 = CARTESIAN_POINT('',(22.,-4.25,0.));
#968 = DIRECTION('',(0.,1.,-0.));
#969 = DIRECTION('',(-0.331667845873,0.,0.943396226415));
#970 = PCURVE('',#674,#971);
#971 = DEFINITIONAL_REPRESENTATION('',(#972),#976);
#972 = CIRCLE('',#973,5.3);
#973 = AXIS2_PLACEMENT_2D('',#974,#975);
#974 = CARTESIAN_POINT('',(0.,0.));
#975 = DIRECTION('',(0.943396226415,-0.331667845873));
#976 = ( GEOMETRIC_REPRESENTATION_CONTEXT(2) 
PARAMETRIC_REPRESENTATION_CONTEXT() REPRESENTATION_CONTEXT('2D SPACE',''
  ) );
#977 = PCURVE('',#310,#978);
#978 = DEFINITIONAL_REPRESENTATION('',(#979),#983);
#979 = LINE('',#980,#981);
#980 = CARTESIAN_POINT('',(5.945114363558,0.));
#981 = VECTOR('',#982,1.);
#982 = DIRECTION('',(1.,0.));
#983 = ( GEOMETRIC_REPRESENTATION_CONTEXT(2) 
PARAMETRIC_REPRESENTATION_CONTEXT() REPRESENTATION_CONTEXT('2D SPACE',''
  ) );
#984 = ORIENTED_EDGE('',*,*,#985,.T.);
#985 = EDGE_CURVE('',#962,#986,#988,.T.);
#986 = VERTEX_POINT('',#987);
#987 = CARTESIAN_POINT('',(25.3,-4.25,5.));
#988 = SURFACE_CURVE('',#989,(#993,#1000),.PCURVE_S1.);
#989 = LINE('',#990,#991);
#990 = CARTESIAN_POINT('',(17.3,-4.25,5.));
#991 = VECTOR('',#992,1.);
#992 = DIRECTION('',(1.,0.,0.));
#993 = PCURVE('',#674,#994);
#994 = DEFINITIONAL_REPRESENTATION('',(#995),#999);
#995 = LINE('',#996,#997);
#996 = CARTESIAN_POINT('',(5.,-4.7));
#997 = VECTOR('',#998,1.);
#998 = DIRECTION('',(0.,1.));
#999 = ( GEOMETRIC_REPRESENTATION_CONTEXT(2) 
PARAMETRIC_REPRESENTATION_CONTEXT() REPRESENTATION_CONTEXT('2D SPACE',''
  ) );
#1000 = PCURVE('',#338,#1001);
#1001 = DEFINITIONAL_REPRESENTATION('',(#1002),#1006);
#1002 = LINE('',#1003,#1004);
#1003 = CARTESIAN_POINT('',(0.,0.));
#1004 = VECTOR('',#1005,1.);
#1005 = DIRECTION('',(1.,0.));
#1006 = ( GEOMETRIC_REPRESENTATION_CONTEXT(2) 
PARAMETRIC_REPRESENTATION_CONTEXT() REPRESENTATION_CONTEXT('2D SPACE',''
  ) );
#1007 = ORIENTED_EDGE('',*,*,#1008,.F.);
#1008 = EDGE_CURVE('',#1009,#986,#1011,.T.);
#1009 = VERTEX_POINT('',#1010);
#1010 = CARTESIAN_POINT('',(25.3,-4.25,4.147288270666));
#1011 = SURFACE_CURVE('',#1012,(#1016,#1023),.PCURVE_S1.);
#1012 = LINE('',#1013,#1014);
#1013 = CARTESIAN_POINT('',(25.3,-4.25,-5.));
#1014 = VECTOR('',#1015,1.);
#1015 = DIRECTION('',(0.,0.,1.));
#1016 = PCURVE('',#674,#1017);
#1017 = DEFINITIONAL_REPRESENTATION('',(#1018),#1022);
#1018 = LINE('',#1019,#1020);
#1019 = CARTESIAN_POINT('',(-5.,3.3));
#1020 = VECTOR('',#1021,1.);
#1021 = DIRECTION('',(1.,0.));
#1022 = ( GEOMETRIC_REPRESENTATION_CONTEXT(2) 
PARAMETRIC_REPRESENTATION_CONTEXT() REPRESENTATION_CONTEXT('2D SPACE',''
  ) );
#1023 = PCURVE('',#366,#1024);
#1024 = DEFINITIONAL_REPRESENTATION('',(#1025),#1029);
#1025 = LINE('',#1026,#1027);
#1026 = CARTESIAN_POINT('',(0.,0.));
#1027 = VECTOR('',#1028,1.);
#1028 = DIRECTION('',(1.,0.));
#1029 = ( GEOMETRIC_REPRESENTATION_CONTEXT(2) 
PARAMETRIC_REPRESENTATION_CONTEXT() REPRESENTATION_CONTEXT('2D SPACE',''
  ) );
#1030 = ORIENTED_EDGE('',*,*,#1031,.T.);
#1031 = EDGE_CURVE('',#1009,#1032,#1034,.T.);
#1032 = VERTEX_POINT('',#1033);
#1033 = CARTESIAN_POINT('',(25.3,-4.25,-4.147288270665));
#1034 = SURFACE_CURVE('',#1035,(#1040,#1047),.PCURVE_S1.);
#1035 = CIRCLE('',#1036,5.3);
#1036 = AXIS2_PLACEMENT_3D('',#1037,#1038,#1039);
#1037 = CARTESIAN_POINT('',(22.,-4.25,0.));
#1038 = DIRECTION('',(0.,1.,0.));
#1039 = DIRECTION('',(0.,-0.,1.));
#1040 = PCURVE('',#674,#1041);
#1041 = DEFINITIONAL_REPRESENTATION('',(#1042),#1046);
#1042 = CIRCLE('',#1043,5.3);
#1043 = AXIS2_PLACEMENT_2D('',#1044,#1045);
#1044 = CARTESIAN_POINT('',(0.,0.));
#1045 = DIRECTION('',(1.,0.));
#1046 = ( GEOMETRIC_REPRESENTATION_CONTEXT(2) 
PARAMETRIC_REPRESENTATION_CONTEXT() REPRESENTATION_CONTEXT('2D SPACE',''
  ) );
#1047 = PCURVE('',#395,#1048);
#1048 = DEFINITIONAL_REPRESENTATION('',(#1049),#1053);
#1049 = LINE('',#1050,#1051);
#1050 = CARTESIAN_POINT('',(0.,0.));
#1051 = VECTOR('',#1052,1.);
#1052 = DIRECTION('',(1.,0.));
#1053 = ( GEOMETRIC_REPRESENTATION_CONTEXT(2) 
PARAMETRIC_REPRESENTATION_CONTEXT() REPRESENTATION_CONTEXT('2D SPACE',''
  ) );
#1054 = ORIENTED_EDGE('',*,*,#1055,.F.);
#1055 = EDGE_CURVE('',#1056,#1032,#1058,.T.);
#1056 = VERTEX_POINT('',#1057);
#1057 = CARTESIAN_POINT('',(25.3,-4.25,-5.));
#1058 = SURFACE_CURVE('',#1059,(#1063,#1070),.PCURVE_S1.);
#1059 = LINE('',#1060,#1061);
#1060 = CARTESIAN_POINT('',(25.3,-4.25,-5.));
#1061 = VECTOR('',#1062,1.);
#1062 = DIRECTION('',(0.,0.,1.));
#1063 = PCURVE('',#674,#1064);
#1064 = DEFINITIONAL_REPRESENTATION('',(#1065),#1069);
#1065 = LINE('',#1066,#1067);
#1066 = CARTESIAN_POINT('',(-5.,3.3));
#1067 = VECTOR('',#1068,1.);
#1068 = DIRECTION('',(1.,0.));
#1069 = ( GEOMETRIC_REPRESENTATION_CONTEXT(2) 
PARAMETRIC_REPRESENTATION_CONTEXT() REPRESENTATION_CONTEXT('2D SPACE',''
  ) );
#1070 = PCURVE('',#423,#1071);
#1071 = DEFINITIONAL_REPRESENTATION('',(#1072),#1076);
#1072 = LINE('',#1073,#1074);
#1073 = CARTESIAN_POINT('',(0.,0.));
#1074 = VECTOR('',#1075,1.);
#1075 = DIRECTION('',(1.,0.));
#1076 = ( GEOMETRIC_REPRESENTATION_CONTEXT(2) 
PARAMETRIC_REPRESENTATION_CONTEXT() REPRESENTATION_CONTEXT('2D SPACE',''
  ) );
#1077 = ORIENTED_EDGE('',*,*,#1078,.F.);
#1078 = EDGE_CURVE('',#1079,#1056,#1081,.T.);
#1079 = VERTEX_POINT('',#1080);
#1080 = CARTESIAN_POINT('',(23.757839583124,-4.25,-5.));
#1081 = SURFACE_CURVE('',#1082,(#1086,#1093),.PCURVE_S1.);
#1082 = LINE('',#1083,#1084);
#1083 = CARTESIAN_POINT('',(17.3,-4.25,-5.));
#1084 = VECTOR('',#1085,1.);
#1085 = DIRECTION('',(1.,0.,0.));
#1086 = PCURVE('',#674,#1087);
#1087 = DEFINITIONAL_REPRESENTATION('',(#1088),#1092);
#1088 = LINE('',#1089,#1090);
#1089 = CARTESIAN_POINT('',(-5.,-4.7));
#1090 = VECTOR('',#1091,1.);
#1091 = DIRECTION('',(0.,1.));
#1092 = ( GEOMETRIC_REPRESENTATION_CONTEXT(2) 
PARAMETRIC_REPRESENTATION_CONTEXT() REPRESENTATION_CONTEXT('2D SPACE',''
  ) );
#1093 = PCURVE('',#451,#1094);
#1094 = DEFINITIONAL_REPRESENTATION('',(#1095),#1099);
#1095 = LINE('',#1096,#1097);
#1096 = CARTESIAN_POINT('',(0.,0.));
#1097 = VECTOR('',#1098,1.);
#1098 = DIRECTION('',(1.,0.));
#1099 = ( GEOMETRIC_REPRESENTATION_CONTEXT(2) 
PARAMETRIC_REPRESENTATION_CONTEXT() REPRESENTATION_CONTEXT('2D SPACE',''
  ) );
#1100 = ORIENTED_EDGE('',*,*,#1101,.T.);
#1101 = EDGE_CURVE('',#1079,#870,#1102,.T.);
#1102 = SURFACE_CURVE('',#1103,(#1108,#1115),.PCURVE_S1.);
#1103 = CIRCLE('',#1104,5.3);
#1104 = AXIS2_PLACEMENT_3D('',#1105,#1106,#1107);
#1105 = CARTESIAN_POINT('',(22.,-4.25,0.));
#1106 = DIRECTION('',(0.,1.,0.));
#1107 = DIRECTION('',(0.,-0.,1.));
#1108 = PCURVE('',#674,#1109);
#1109 = DEFINITIONAL_REPRESENTATION('',(#1110),#1114);
#1110 = CIRCLE('',#1111,5.3);
#1111 = AXIS2_PLACEMENT_2D('',#1112,#1113);
#1112 = CARTESIAN_POINT('',(0.,0.));
#1113 = DIRECTION('',(1.,0.));
#1114 = ( GEOMETRIC_REPRESENTATION_CONTEXT(2) 
PARAMETRIC_REPRESENTATION_CONTEXT() REPRESENTATION_CONTEXT('2D SPACE',''
  ) );
#1115 = PCURVE('',#480,#1116);
#1116 = DEFINITIONAL_REPRESENTATION('',(#1117),#1121);
#1117 = LINE('',#1118,#1119);
#1118 = CARTESIAN_POINT('',(0.,0.));
#1119 = VECTOR('',#1120,1.);
#1120 = DIRECTION('',(1.,0.));
#1121 = ( GEOMETRIC_REPRESENTATION_CONTEXT(2) 
PARAMETRIC_REPRESENTATION_CONTEXT() REPRESENTATION_CONTEXT('2D SPACE',''
  ) );
#1122 = ADVANCED_FACE('',(#1123),#810,.T.);
#1123 = FACE_BOUND('',#1124,.T.);
#1124 = EDGE_LOOP('',(#1125,#1149,#1176,#1211,#1237,#1272,#1294,#1316,
    #1317,#1352,#1378,#1411));
#1125 = ORIENTED_EDGE('',*,*,#1126,.F.);
#1126 = EDGE_CURVE('',#1127,#711,#1129,.T.);
#1127 = VERTEX_POINT('',#1128);
#1128 = CARTESIAN_POINT('',(24.940479145357,4.25,4.));
#1129 = SURFACE_CURVE('',#1130,(#1135,#1142),.PCURVE_S1.);
#1130 = CIRCLE('',#1131,25.3);
#1131 = AXIS2_PLACEMENT_3D('',#1132,#1133,#1134);
#1132 = CARTESIAN_POINT('',(0.,0.,4.));
#1133 = DIRECTION('',(0.,0.,1.));
#1134 = DIRECTION('',(1.,0.,-0.));
#1135 = PCURVE('',#810,#1136);
#1136 = DEFINITIONAL_REPRESENTATION('',(#1137),#1141);
#1137 = LINE('',#1138,#1139);
#1138 = CARTESIAN_POINT('',(0.,8.));
#1139 = VECTOR('',#1140,1.);
#1140 = DIRECTION('',(1.,0.));
#1141 = ( GEOMETRIC_REPRESENTATION_CONTEXT(2) 
PARAMETRIC_REPRESENTATION_CONTEXT() REPRESENTATION_CONTEXT('2D SPACE',''
  ) );
#1142 = PCURVE('',#726,#1143);
#1143 = DEFINITIONAL_REPRESENTATION('',(#1144),#1148);
#1144 = CIRCLE('',#1145,25.3);
#1145 = AXIS2_PLACEMENT_2D('',#1146,#1147);
#1146 = CARTESIAN_POINT('',(0.,0.));
#1147 = DIRECTION('',(1.,0.));
#1148 = ( GEOMETRIC_REPRESENTATION_CONTEXT(2) 
PARAMETRIC_REPRESENTATION_CONTEXT() REPRESENTATION_CONTEXT('2D SPACE',''
  ) );
#1149 = ORIENTED_EDGE('',*,*,#1150,.F.);
#1150 = EDGE_CURVE('',#1151,#1127,#1153,.T.);
#1151 = VERTEX_POINT('',#1152);
#1152 = CARTESIAN_POINT('',(24.940479145357,4.25,1.129638170265));
#1153 = SURFACE_CURVE('',#1154,(#1158,#1164),.PCURVE_S1.);
#1154 = LINE('',#1155,#1156);
#1155 = CARTESIAN_POINT('',(24.940479145357,4.25,-4.));
#1156 = VECTOR('',#1157,1.);
#1157 = DIRECTION('',(0.,0.,1.));
#1158 = PCURVE('',#810,#1159);
#1159 = DEFINITIONAL_REPRESENTATION('',(#1160),#1163);
#1160 = B_SPLINE_CURVE_WITH_KNOTS('',1,(#1161,#1162),.UNSPECIFIED.,.F.,
  .F.,(2,2),(-5.999999999062E-07,8.0000006),.PIECEWISE_BEZIER_KNOTS.);
#1161 = CARTESIAN_POINT('',(0.168784442811,-5.999999999062E-07));
#1162 = CARTESIAN_POINT('',(0.168784442811,8.0000006));
#1163 = ( GEOMETRIC_REPRESENTATION_CONTEXT(2) 
PARAMETRIC_REPRESENTATION_CONTEXT() REPRESENTATION_CONTEXT('2D SPACE',''
  ) );
#1164 = PCURVE('',#1165,#1170);
#1165 = PLANE('',#1166);
#1166 = AXIS2_PLACEMENT_3D('',#1167,#1168,#1169);
#1167 = CARTESIAN_POINT('',(22.,4.25,0.));
#1168 = DIRECTION('',(0.,1.,0.));
#1169 = DIRECTION('',(0.,-0.,1.));
#1170 = DEFINITIONAL_REPRESENTATION('',(#1171),#1175);
#1171 = LINE('',#1172,#1173);
#1172 = CARTESIAN_POINT('',(-4.,2.940479145357));
#1173 = VECTOR('',#1174,1.);
#1174 = DIRECTION('',(1.,0.));
#1175 = ( GEOMETRIC_REPRESENTATION_CONTEXT(2) 
PARAMETRIC_REPRESENTATION_CONTEXT() REPRESENTATION_CONTEXT('2D SPACE',''
  ) );
#1176 = ORIENTED_EDGE('',*,*,#1177,.F.);
#1177 = EDGE_CURVE('',#1178,#1151,#1180,.T.);
#1178 = VERTEX_POINT('',#1179);
#1179 = CARTESIAN_POINT('',(24.578242410718,6.,1.809741990334));
#1180 = SURFACE_CURVE('',#1181,(#1189,#1200),.PCURVE_S1.);
#1181 = B_SPLINE_CURVE_WITH_KNOTS('',6,(#1182,#1183,#1184,#1185,#1186,
    #1187,#1188),.UNSPECIFIED.,.F.,.F.,(7,7),(0.,1.),
  .PIECEWISE_BEZIER_KNOTS.);
#1182 = CARTESIAN_POINT('',(24.578242264247,6.0000006,1.809742199003));
#1183 = CARTESIAN_POINT('',(24.650537590424,5.703851956055,
    1.706746940584));
#1184 = CARTESIAN_POINT('',(24.717283795049,5.411848108678,
    1.601157542889));
#1185 = CARTESIAN_POINT('',(24.779641208678,5.120458648215,
    1.491654739107));
#1186 = CARTESIAN_POINT('',(24.838031219472,4.827615675806,
    1.376841548559));
#1187 = CARTESIAN_POINT('',(24.891927001264,4.534920879349,1.25602073322
    ));
#1188 = CARTESIAN_POINT('',(24.940479145357,4.25,1.129638170265));
#1189 = PCURVE('',#810,#1190);
#1190 = DEFINITIONAL_REPRESENTATION('',(#1191),#1199);
#1191 = B_SPLINE_CURVE_WITH_KNOTS('',6,(#1192,#1193,#1194,#1195,#1196,
    #1197,#1198),.UNSPECIFIED.,.F.,.F.,(7,7),(0.,1.),
  .PIECEWISE_BEZIER_KNOTS.);
#1192 = CARTESIAN_POINT('',(0.239435402845,5.809742199003));
#1193 = CARTESIAN_POINT('',(0.22738618302,5.706746940584));
#1194 = CARTESIAN_POINT('',(0.215548138019,5.601157542889));
#1195 = CARTESIAN_POINT('',(0.203771634247,5.491654739107));
#1196 = CARTESIAN_POINT('',(0.191970886871,5.376841548559));
#1197 = CARTESIAN_POINT('',(0.180208476716,5.25602073322));
#1198 = CARTESIAN_POINT('',(0.168784442811,5.129638170265));
#1199 = ( GEOMETRIC_REPRESENTATION_CONTEXT(2) 
PARAMETRIC_REPRESENTATION_CONTEXT() REPRESENTATION_CONTEXT('2D SPACE',''
  ) );
#1200 = PCURVE('',#182,#1201);
#1201 = DEFINITIONAL_REPRESENTATION('',(#1202),#1210);
#1202 = B_SPLINE_CURVE_WITH_KNOTS('',6,(#1203,#1204,#1205,#1206,#1207,
    #1208,#1209),.UNSPECIFIED.,.F.,.F.,(7,7),(0.,1.),
  .PIECEWISE_BEZIER_KNOTS.);
#1203 = CARTESIAN_POINT('',(0.958777116286,12.0000006));
#1204 = CARTESIAN_POINT('',(0.998724975278,11.703851956055));
#1205 = CARTESIAN_POINT('',(1.038334666476,11.411848108678));
#1206 = CARTESIAN_POINT('',(1.07827624895,11.120458648215));
#1207 = CARTESIAN_POINT('',(1.119091706651,10.827615675806));
#1208 = CARTESIAN_POINT('',(1.161031968989,10.534920879349));
#1209 = CARTESIAN_POINT('',(1.204012230609,10.25));
#1210 = ( GEOMETRIC_REPRESENTATION_CONTEXT(2) 
PARAMETRIC_REPRESENTATION_CONTEXT() REPRESENTATION_CONTEXT('2D SPACE',''
  ) );
#1211 = ORIENTED_EDGE('',*,*,#1212,.F.);
#1212 = EDGE_CURVE('',#1213,#1178,#1215,.T.);
#1213 = VERTEX_POINT('',#1214);
#1214 = CARTESIAN_POINT('',(24.578242410718,6.,-1.809741990334));
#1215 = SURFACE_CURVE('',#1216,(#1220,#1226),.PCURVE_S1.);
#1216 = LINE('',#1217,#1218);
#1217 = CARTESIAN_POINT('',(24.578242410718,6.,-4.));
#1218 = VECTOR('',#1219,1.);
#1219 = DIRECTION('',(0.,0.,1.));
#1220 = PCURVE('',#810,#1221);
#1221 = DEFINITIONAL_REPRESENTATION('',(#1222),#1225);
#1222 = B_SPLINE_CURVE_WITH_KNOTS('',1,(#1223,#1224),.UNSPECIFIED.,.F.,
  .F.,(2,2),(0.22,7.78),.PIECEWISE_BEZIER_KNOTS.);
#1223 = CARTESIAN_POINT('',(0.239435378433,0.22));
#1224 = CARTESIAN_POINT('',(0.239435378433,7.78));
#1225 = ( GEOMETRIC_REPRESENTATION_CONTEXT(2) 
PARAMETRIC_REPRESENTATION_CONTEXT() REPRESENTATION_CONTEXT('2D SPACE',''
  ) );
#1226 = PCURVE('',#1227,#1232);
#1227 = PLANE('',#1228);
#1228 = AXIS2_PLACEMENT_3D('',#1229,#1230,#1231);
#1229 = CARTESIAN_POINT('',(22.,6.,0.));
#1230 = DIRECTION('',(0.,1.,0.));
#1231 = DIRECTION('',(0.,-0.,1.));
#1232 = DEFINITIONAL_REPRESENTATION('',(#1233),#1236);
#1233 = B_SPLINE_CURVE_WITH_KNOTS('',1,(#1234,#1235),.UNSPECIFIED.,.F.,
  .F.,(2,2),(0.22,7.78),.PIECEWISE_BEZIER_KNOTS.);
#1234 = CARTESIAN_POINT('',(-3.78,2.578242410718));
#1235 = CARTESIAN_POINT('',(3.78,2.578242410718));
#1236 = ( GEOMETRIC_REPRESENTATION_CONTEXT(2) 
PARAMETRIC_REPRESENTATION_CONTEXT() REPRESENTATION_CONTEXT('2D SPACE',''
  ) );
#1237 = ORIENTED_EDGE('',*,*,#1238,.F.);
#1238 = EDGE_CURVE('',#1239,#1213,#1241,.T.);
#1239 = VERTEX_POINT('',#1240);
#1240 = CARTESIAN_POINT('',(24.940479145357,4.25,-1.129638170265));
#1241 = SURFACE_CURVE('',#1242,(#1250,#1261),.PCURVE_S1.);
#1242 = B_SPLINE_CURVE_WITH_KNOTS('',6,(#1243,#1244,#1245,#1246,#1247,
    #1248,#1249),.UNSPECIFIED.,.F.,.F.,(7,7),(0.,1.),
  .PIECEWISE_BEZIER_KNOTS.);
#1243 = CARTESIAN_POINT('',(24.940479145357,4.25,-1.129638170265));
#1244 = CARTESIAN_POINT('',(24.891928950914,4.534909438122,
    -1.256015658227));
#1245 = CARTESIAN_POINT('',(24.838032927984,4.827607581619,
    -1.376838671251));
#1246 = CARTESIAN_POINT('',(24.7796407025,5.120462687494,-1.491656565487
    ));
#1247 = CARTESIAN_POINT('',(24.717281091083,5.411860438494,
    -1.601162114295));
#1248 = CARTESIAN_POINT('',(24.650535112973,5.703862104618,
    -1.706750470075));
#1249 = CARTESIAN_POINT('',(24.578242264247,6.0000006,-1.809742199003));
#1250 = PCURVE('',#810,#1251);
#1251 = DEFINITIONAL_REPRESENTATION('',(#1252),#1260);
#1252 = B_SPLINE_CURVE_WITH_KNOTS('',6,(#1253,#1254,#1255,#1256,#1257,
    #1258,#1259),.UNSPECIFIED.,.F.,.F.,(7,7),(0.,1.),
  .PIECEWISE_BEZIER_KNOTS.);
#1253 = CARTESIAN_POINT('',(0.168784442811,2.870361829735));
#1254 = CARTESIAN_POINT('',(0.180208017974,2.743984341773));
#1255 = CARTESIAN_POINT('',(0.191970560159,2.623161328749));
#1256 = CARTESIAN_POINT('',(0.203771794578,2.508343434513));
#1257 = CARTESIAN_POINT('',(0.215548636753,2.398837885705));
#1258 = CARTESIAN_POINT('',(0.227386595929,2.293249529925));
#1259 = CARTESIAN_POINT('',(0.239435402845,2.190257800997));
#1260 = ( GEOMETRIC_REPRESENTATION_CONTEXT(2) 
PARAMETRIC_REPRESENTATION_CONTEXT() REPRESENTATION_CONTEXT('2D SPACE',''
  ) );
#1261 = PCURVE('',#182,#1262);
#1262 = DEFINITIONAL_REPRESENTATION('',(#1263),#1271);
#1263 = B_SPLINE_CURVE_WITH_KNOTS('',6,(#1264,#1265,#1266,#1267,#1268,
    #1269,#1270),.UNSPECIFIED.,.F.,.F.,(7,7),(0.,1.),
  .PIECEWISE_BEZIER_KNOTS.);
#1264 = CARTESIAN_POINT('',(1.937580422981,10.25));
#1265 = CARTESIAN_POINT('',(1.980558958693,10.534909438122));
#1266 = CARTESIAN_POINT('',(2.022499899803,10.827607581619));
#1267 = CARTESIAN_POINT('',(2.063316985414,11.120462687494));
#1268 = CARTESIAN_POINT('',(2.103259667355,11.411860438494));
#1269 = CARTESIAN_POINT('',(2.142869047265,11.703862104618));
#1270 = CARTESIAN_POINT('',(2.182815537304,12.0000006));
#1271 = ( GEOMETRIC_REPRESENTATION_CONTEXT(2) 
PARAMETRIC_REPRESENTATION_CONTEXT() REPRESENTATION_CONTEXT('2D SPACE',''
  ) );
#1272 = ORIENTED_EDGE('',*,*,#1273,.F.);
#1273 = EDGE_CURVE('',#1274,#1239,#1276,.T.);
#1274 = VERTEX_POINT('',#1275);
#1275 = CARTESIAN_POINT('',(24.940479145357,4.25,-4.));
#1276 = SURFACE_CURVE('',#1277,(#1281,#1287),.PCURVE_S1.);
#1277 = LINE('',#1278,#1279);
#1278 = CARTESIAN_POINT('',(24.940479145357,4.25,-4.));
#1279 = VECTOR('',#1280,1.);
#1280 = DIRECTION('',(0.,0.,1.));
#1281 = PCURVE('',#810,#1282);
#1282 = DEFINITIONAL_REPRESENTATION('',(#1283),#1286);
#1283 = B_SPLINE_CURVE_WITH_KNOTS('',1,(#1284,#1285),.UNSPECIFIED.,.F.,
  .F.,(2,2),(-5.999999999062E-07,8.0000006),.PIECEWISE_BEZIER_KNOTS.);
#1284 = CARTESIAN_POINT('',(0.168784442811,-5.999999999062E-07));
#1285 = CARTESIAN_POINT('',(0.168784442811,8.0000006));
#1286 = ( GEOMETRIC_REPRESENTATION_CONTEXT(2) 
PARAMETRIC_REPRESENTATION_CONTEXT() REPRESENTATION_CONTEXT('2D SPACE',''
  ) );
#1287 = PCURVE('',#1165,#1288);
#1288 = DEFINITIONAL_REPRESENTATION('',(#1289),#1293);
#1289 = LINE('',#1290,#1291);
#1290 = CARTESIAN_POINT('',(-4.,2.940479145357));
#1291 = VECTOR('',#1292,1.);
#1292 = DIRECTION('',(1.,0.));
#1293 = ( GEOMETRIC_REPRESENTATION_CONTEXT(2) 
PARAMETRIC_REPRESENTATION_CONTEXT() REPRESENTATION_CONTEXT('2D SPACE',''
  ) );
#1294 = ORIENTED_EDGE('',*,*,#1295,.T.);
#1295 = EDGE_CURVE('',#1274,#767,#1296,.T.);
#1296 = SURFACE_CURVE('',#1297,(#1302,#1309),.PCURVE_S1.);
#1297 = CIRCLE('',#1298,25.3);
#1298 = AXIS2_PLACEMENT_3D('',#1299,#1300,#1301);
#1299 = CARTESIAN_POINT('',(0.,0.,-4.));
#1300 = DIRECTION('',(0.,0.,1.));
#1301 = DIRECTION('',(1.,0.,-0.));
#1302 = PCURVE('',#810,#1303);
#1303 = DEFINITIONAL_REPRESENTATION('',(#1304),#1308);
#1304 = LINE('',#1305,#1306);
#1305 = CARTESIAN_POINT('',(0.,0.));
#1306 = VECTOR('',#1307,1.);
#1307 = DIRECTION('',(1.,0.));
#1308 = ( GEOMETRIC_REPRESENTATION_CONTEXT(2) 
PARAMETRIC_REPRESENTATION_CONTEXT() REPRESENTATION_CONTEXT('2D SPACE',''
  ) );
#1309 = PCURVE('',#782,#1310);
#1310 = DEFINITIONAL_REPRESENTATION('',(#1311),#1315);
#1311 = CIRCLE('',#1312,25.3);
#1312 = AXIS2_PLACEMENT_2D('',#1313,#1314);
#1313 = CARTESIAN_POINT('',(0.,0.));
#1314 = DIRECTION('',(1.,0.));
#1315 = ( GEOMETRIC_REPRESENTATION_CONTEXT(2) 
PARAMETRIC_REPRESENTATION_CONTEXT() REPRESENTATION_CONTEXT('2D SPACE',''
  ) );
#1316 = ORIENTED_EDGE('',*,*,#794,.T.);
#1317 = ORIENTED_EDGE('',*,*,#1318,.T.);
#1318 = EDGE_CURVE('',#795,#1319,#1321,.T.);
#1319 = VERTEX_POINT('',#1320);
#1320 = CARTESIAN_POINT('',(24.578242410718,-6.,-1.809741990334));
#1321 = SURFACE_CURVE('',#1322,(#1330,#1341),.PCURVE_S1.);
#1322 = B_SPLINE_CURVE_WITH_KNOTS('',6,(#1323,#1324,#1325,#1326,#1327,
    #1328,#1329),.UNSPECIFIED.,.F.,.F.,(7,7),(0.,1.),
  .PIECEWISE_BEZIER_KNOTS.);
#1323 = CARTESIAN_POINT('',(24.940479145357,-4.25,-1.129638170265));
#1324 = CARTESIAN_POINT('',(24.891928950914,-4.534909438122,
    -1.256015658226));
#1325 = CARTESIAN_POINT('',(24.838032927985,-4.827607581618,
    -1.37683867125));
#1326 = CARTESIAN_POINT('',(24.7796407025,-5.120462687495,
    -1.491656565487));
#1327 = CARTESIAN_POINT('',(24.717281091083,-5.411860438494,
    -1.601162114295));
#1328 = CARTESIAN_POINT('',(24.650535112973,-5.703862104619,
    -1.706750470075));
#1329 = CARTESIAN_POINT('',(24.578242264247,-6.0000006,-1.809742199003)
  );
#1330 = PCURVE('',#810,#1331);
#1331 = DEFINITIONAL_REPRESENTATION('',(#1332),#1340);
#1332 = B_SPLINE_CURVE_WITH_KNOTS('',6,(#1333,#1334,#1335,#1336,#1337,
    #1338,#1339),.UNSPECIFIED.,.F.,.F.,(7,7),(0.,1.),
  .PIECEWISE_BEZIER_KNOTS.);
#1333 = CARTESIAN_POINT('',(6.114400864368,2.870361829735));
#1334 = CARTESIAN_POINT('',(6.102977289205,2.743984341774));
#1335 = CARTESIAN_POINT('',(6.09121474702,2.62316132875));
#1336 = CARTESIAN_POINT('',(6.079413512602,2.508343434513));
#1337 = CARTESIAN_POINT('',(6.067636670427,2.398837885705));
#1338 = CARTESIAN_POINT('',(6.055798711251,2.293249529925));
#1339 = CARTESIAN_POINT('',(6.043749904334,2.190257800997));
#1340 = ( GEOMETRIC_REPRESENTATION_CONTEXT(2) 
PARAMETRIC_REPRESENTATION_CONTEXT() REPRESENTATION_CONTEXT('2D SPACE',''
  ) );
#1341 = PCURVE('',#182,#1342);
#1342 = DEFINITIONAL_REPRESENTATION('',(#1343),#1351);
#1343 = B_SPLINE_CURVE_WITH_KNOTS('',6,(#1344,#1345,#1346,#1347,#1348,
    #1349,#1350),.UNSPECIFIED.,.F.,.F.,(7,7),(0.,1.),
  .PIECEWISE_BEZIER_KNOTS.);
#1344 = CARTESIAN_POINT('',(1.937580422981,1.75));
#1345 = CARTESIAN_POINT('',(1.980558958693,1.465090561878));
#1346 = CARTESIAN_POINT('',(2.022499899803,1.172392418382));
#1347 = CARTESIAN_POINT('',(2.063316985414,0.879537312505));
#1348 = CARTESIAN_POINT('',(2.103259667355,0.588139561506));
#1349 = CARTESIAN_POINT('',(2.142869047265,0.296137895381));
#1350 = CARTESIAN_POINT('',(2.182815537304,-6.E-07));
#1351 = ( GEOMETRIC_REPRESENTATION_CONTEXT(2) 
PARAMETRIC_REPRESENTATION_CONTEXT() REPRESENTATION_CONTEXT('2D SPACE',''
  ) );
#1352 = ORIENTED_EDGE('',*,*,#1353,.T.);
#1353 = EDGE_CURVE('',#1319,#1354,#1356,.T.);
#1354 = VERTEX_POINT('',#1355);
#1355 = CARTESIAN_POINT('',(24.578242410718,-6.,1.809741990334));
#1356 = SURFACE_CURVE('',#1357,(#1361,#1367),.PCURVE_S1.);
#1357 = LINE('',#1358,#1359);
#1358 = CARTESIAN_POINT('',(24.578242410718,-6.,-4.));
#1359 = VECTOR('',#1360,1.);
#1360 = DIRECTION('',(0.,0.,1.));
#1361 = PCURVE('',#810,#1362);
#1362 = DEFINITIONAL_REPRESENTATION('',(#1363),#1366);
#1363 = B_SPLINE_CURVE_WITH_KNOTS('',1,(#1364,#1365),.UNSPECIFIED.,.F.,
  .F.,(2,2),(0.22,7.78),.PIECEWISE_BEZIER_KNOTS.);
#1364 = CARTESIAN_POINT('',(6.043749928746,0.22));
#1365 = CARTESIAN_POINT('',(6.043749928746,7.78));
#1366 = ( GEOMETRIC_REPRESENTATION_CONTEXT(2) 
PARAMETRIC_REPRESENTATION_CONTEXT() REPRESENTATION_CONTEXT('2D SPACE',''
  ) );
#1367 = PCURVE('',#1368,#1373);
#1368 = PLANE('',#1369);
#1369 = AXIS2_PLACEMENT_3D('',#1370,#1371,#1372);
#1370 = CARTESIAN_POINT('',(22.,-6.,0.));
#1371 = DIRECTION('',(0.,1.,0.));
#1372 = DIRECTION('',(0.,-0.,1.));
#1373 = DEFINITIONAL_REPRESENTATION('',(#1374),#1377);
#1374 = B_SPLINE_CURVE_WITH_KNOTS('',1,(#1375,#1376),.UNSPECIFIED.,.F.,
  .F.,(2,2),(0.22,7.78),.PIECEWISE_BEZIER_KNOTS.);
#1375 = CARTESIAN_POINT('',(-3.78,2.578242410718));
#1376 = CARTESIAN_POINT('',(3.78,2.578242410718));
#1377 = ( GEOMETRIC_REPRESENTATION_CONTEXT(2) 
PARAMETRIC_REPRESENTATION_CONTEXT() REPRESENTATION_CONTEXT('2D SPACE',''
  ) );
#1378 = ORIENTED_EDGE('',*,*,#1379,.T.);
#1379 = EDGE_CURVE('',#1354,#822,#1380,.T.);
#1380 = SURFACE_CURVE('',#1381,(#1389,#1400),.PCURVE_S1.);
#1381 = B_SPLINE_CURVE_WITH_KNOTS('',6,(#1382,#1383,#1384,#1385,#1386,
    #1387,#1388),.UNSPECIFIED.,.F.,.F.,(7,7),(0.,1.),
  .PIECEWISE_BEZIER_KNOTS.);
#1382 = CARTESIAN_POINT('',(24.578242264247,-6.0000006,1.809742199003));
#1383 = CARTESIAN_POINT('',(24.650537590424,-5.703851956055,
    1.706746940584));
#1384 = CARTESIAN_POINT('',(24.717283795049,-5.411848108678,
    1.601157542889));
#1385 = CARTESIAN_POINT('',(24.779641208678,-5.120458648215,
    1.491654739107));
#1386 = CARTESIAN_POINT('',(24.838031219472,-4.827615675806,
    1.376841548559));
#1387 = CARTESIAN_POINT('',(24.891927001263,-4.53492087935,1.25602073322
    ));
#1388 = CARTESIAN_POINT('',(24.940479145357,-4.25,1.129638170265));
#1389 = PCURVE('',#810,#1390);
#1390 = DEFINITIONAL_REPRESENTATION('',(#1391),#1399);
#1391 = B_SPLINE_CURVE_WITH_KNOTS('',6,(#1392,#1393,#1394,#1395,#1396,
    #1397,#1398),.UNSPECIFIED.,.F.,.F.,(7,7),(0.,1.),
  .PIECEWISE_BEZIER_KNOTS.);
#1392 = CARTESIAN_POINT('',(6.043749904334,5.809742199003));
#1393 = CARTESIAN_POINT('',(6.055799124159,5.706746940584));
#1394 = CARTESIAN_POINT('',(6.067637169161,5.601157542889));
#1395 = CARTESIAN_POINT('',(6.079413672932,5.491654739107));
#1396 = CARTESIAN_POINT('',(6.091214420308,5.376841548559));
#1397 = CARTESIAN_POINT('',(6.102976830464,5.25602073322));
#1398 = CARTESIAN_POINT('',(6.114400864368,5.129638170265));
#1399 = ( GEOMETRIC_REPRESENTATION_CONTEXT(2) 
PARAMETRIC_REPRESENTATION_CONTEXT() REPRESENTATION_CONTEXT('2D SPACE',''
  ) );
#1400 = PCURVE('',#182,#1401);
#1401 = DEFINITIONAL_REPRESENTATION('',(#1402),#1410);
#1402 = B_SPLINE_CURVE_WITH_KNOTS('',6,(#1403,#1404,#1405,#1406,#1407,
    #1408,#1409),.UNSPECIFIED.,.F.,.F.,(7,7),(0.,1.),
  .PIECEWISE_BEZIER_KNOTS.);
#1403 = CARTESIAN_POINT('',(0.958777116286,-6.E-07));
#1404 = CARTESIAN_POINT('',(0.998724975278,0.296148043945));
#1405 = CARTESIAN_POINT('',(1.038334666476,0.588151891322));
#1406 = CARTESIAN_POINT('',(1.07827624895,0.879541351785));
#1407 = CARTESIAN_POINT('',(1.119091706651,1.172384324194));
#1408 = CARTESIAN_POINT('',(1.161031968989,1.46507912065));
#1409 = CARTESIAN_POINT('',(1.204012230609,1.75));
#1410 = ( GEOMETRIC_REPRESENTATION_CONTEXT(2) 
PARAMETRIC_REPRESENTATION_CONTEXT() REPRESENTATION_CONTEXT('2D SPACE',''
  ) );
#1411 = ORIENTED_EDGE('',*,*,#845,.T.);
#1412 = ADVANCED_FACE('',(#1413),#1227,.F.);
#1413 = FACE_BOUND('',#1414,.F.);
#1414 = EDGE_LOOP('',(#1415,#1439,#1461));
#1415 = ORIENTED_EDGE('',*,*,#1416,.T.);
#1416 = EDGE_CURVE('',#1213,#1417,#1419,.T.);
#1417 = VERTEX_POINT('',#1418);
#1418 = CARTESIAN_POINT('',(22.,6.,3.15));
#1419 = SURFACE_CURVE('',#1420,(#1425,#1432),.PCURVE_S1.);
#1420 = CIRCLE('',#1421,3.15);
#1421 = AXIS2_PLACEMENT_3D('',#1422,#1423,#1424);
#1422 = CARTESIAN_POINT('',(22.,6.,0.));
#1423 = DIRECTION('',(0.,1.,0.));
#1424 = DIRECTION('',(0.,-0.,1.));
#1425 = PCURVE('',#1227,#1426);
#1426 = DEFINITIONAL_REPRESENTATION('',(#1427),#1431);
#1427 = CIRCLE('',#1428,3.15);
#1428 = AXIS2_PLACEMENT_2D('',#1429,#1430);
#1429 = CARTESIAN_POINT('',(0.,0.));
#1430 = DIRECTION('',(1.,0.));
#1431 = ( GEOMETRIC_REPRESENTATION_CONTEXT(2) 
PARAMETRIC_REPRESENTATION_CONTEXT() REPRESENTATION_CONTEXT('2D SPACE',''
  ) );
#1432 = PCURVE('',#182,#1433);
#1433 = DEFINITIONAL_REPRESENTATION('',(#1434),#1438);
#1434 = LINE('',#1435,#1436);
#1435 = CARTESIAN_POINT('',(0.,12.));
#1436 = VECTOR('',#1437,1.);
#1437 = DIRECTION('',(1.,0.));
#1438 = ( GEOMETRIC_REPRESENTATION_CONTEXT(2) 
PARAMETRIC_REPRESENTATION_CONTEXT() REPRESENTATION_CONTEXT('2D SPACE',''
  ) );
#1439 = ORIENTED_EDGE('',*,*,#1440,.T.);
#1440 = EDGE_CURVE('',#1417,#1178,#1441,.T.);
#1441 = SURFACE_CURVE('',#1442,(#1447,#1454),.PCURVE_S1.);
#1442 = CIRCLE('',#1443,3.15);
#1443 = AXIS2_PLACEMENT_3D('',#1444,#1445,#1446);
#1444 = CARTESIAN_POINT('',(22.,6.,0.));
#1445 = DIRECTION('',(0.,1.,0.));
#1446 = DIRECTION('',(0.,-0.,1.));
#1447 = PCURVE('',#1227,#1448);
#1448 = DEFINITIONAL_REPRESENTATION('',(#1449),#1453);
#1449 = CIRCLE('',#1450,3.15);
#1450 = AXIS2_PLACEMENT_2D('',#1451,#1452);
#1451 = CARTESIAN_POINT('',(0.,0.));
#1452 = DIRECTION('',(1.,0.));
#1453 = ( GEOMETRIC_REPRESENTATION_CONTEXT(2) 
PARAMETRIC_REPRESENTATION_CONTEXT() REPRESENTATION_CONTEXT('2D SPACE',''
  ) );
#1454 = PCURVE('',#182,#1455);
#1455 = DEFINITIONAL_REPRESENTATION('',(#1456),#1460);
#1456 = LINE('',#1457,#1458);
#1457 = CARTESIAN_POINT('',(0.,12.));
#1458 = VECTOR('',#1459,1.);
#1459 = DIRECTION('',(1.,0.));
#1460 = ( GEOMETRIC_REPRESENTATION_CONTEXT(2) 
PARAMETRIC_REPRESENTATION_CONTEXT() REPRESENTATION_CONTEXT('2D SPACE',''
  ) );
#1461 = ORIENTED_EDGE('',*,*,#1212,.F.);
#1462 = ADVANCED_FACE('',(#1463,#1556),#1165,.T.);
#1463 = FACE_BOUND('',#1464,.T.);
#1464 = EDGE_LOOP('',(#1465,#1488,#1511,#1532,#1533,#1555));
#1465 = ORIENTED_EDGE('',*,*,#1466,.T.);
#1466 = EDGE_CURVE('',#1127,#1467,#1469,.T.);
#1467 = VERTEX_POINT('',#1468);
#1468 = CARTESIAN_POINT('',(18.518571759183,4.25,4.));
#1469 = SURFACE_CURVE('',#1470,(#1474,#1481),.PCURVE_S1.);
#1470 = LINE('',#1471,#1472);
#1471 = CARTESIAN_POINT('',(24.940479145357,4.25,4.));
#1472 = VECTOR('',#1473,1.);
#1473 = DIRECTION('',(-1.,-1.383044578955E-16,-1.383044578955E-16));
#1474 = PCURVE('',#1165,#1475);
#1475 = DEFINITIONAL_REPRESENTATION('',(#1476),#1480);
#1476 = LINE('',#1477,#1478);
#1477 = CARTESIAN_POINT('',(4.,2.940479145357));
#1478 = VECTOR('',#1479,1.);
#1479 = DIRECTION('',(-1.383044578955E-16,-1.));
#1480 = ( GEOMETRIC_REPRESENTATION_CONTEXT(2) 
PARAMETRIC_REPRESENTATION_CONTEXT() REPRESENTATION_CONTEXT('2D SPACE',''
  ) );
#1481 = PCURVE('',#726,#1482);
#1482 = DEFINITIONAL_REPRESENTATION('',(#1483),#1487);
#1483 = LINE('',#1484,#1485);
#1484 = CARTESIAN_POINT('',(24.940479145357,4.25));
#1485 = VECTOR('',#1486,1.);
#1486 = DIRECTION('',(-1.,-1.383044578955E-16));
#1487 = ( GEOMETRIC_REPRESENTATION_CONTEXT(2) 
PARAMETRIC_REPRESENTATION_CONTEXT() REPRESENTATION_CONTEXT('2D SPACE',''
  ) );
#1488 = ORIENTED_EDGE('',*,*,#1489,.T.);
#1489 = EDGE_CURVE('',#1467,#1490,#1492,.T.);
#1490 = VERTEX_POINT('',#1491);
#1491 = CARTESIAN_POINT('',(18.518571759183,4.25,-4.));
#1492 = SURFACE_CURVE('',#1493,(#1497,#1504),.PCURVE_S1.);
#1493 = LINE('',#1494,#1495);
#1494 = CARTESIAN_POINT('',(18.518571759183,4.25,4.));
#1495 = VECTOR('',#1496,1.);
#1496 = DIRECTION('',(0.,0.,-1.));
#1497 = PCURVE('',#1165,#1498);
#1498 = DEFINITIONAL_REPRESENTATION('',(#1499),#1503);
#1499 = LINE('',#1500,#1501);
#1500 = CARTESIAN_POINT('',(4.,-3.481428240817));
#1501 = VECTOR('',#1502,1.);
#1502 = DIRECTION('',(-1.,0.));
#1503 = ( GEOMETRIC_REPRESENTATION_CONTEXT(2) 
PARAMETRIC_REPRESENTATION_CONTEXT() REPRESENTATION_CONTEXT('2D SPACE',''
  ) );
#1504 = PCURVE('',#754,#1505);
#1505 = DEFINITIONAL_REPRESENTATION('',(#1506),#1510);
#1506 = LINE('',#1507,#1508);
#1507 = CARTESIAN_POINT('',(0.225592830455,8.2));
#1508 = VECTOR('',#1509,1.);
#1509 = DIRECTION('',(-0.,-1.));
#1510 = ( GEOMETRIC_REPRESENTATION_CONTEXT(2) 
PARAMETRIC_REPRESENTATION_CONTEXT() REPRESENTATION_CONTEXT('2D SPACE',''
  ) );
#1511 = ORIENTED_EDGE('',*,*,#1512,.T.);
#1512 = EDGE_CURVE('',#1490,#1274,#1513,.T.);
#1513 = SURFACE_CURVE('',#1514,(#1518,#1525),.PCURVE_S1.);
#1514 = LINE('',#1515,#1516);
#1515 = CARTESIAN_POINT('',(18.518571759183,4.25,-4.));
#1516 = VECTOR('',#1517,1.);
#1517 = DIRECTION('',(1.,1.383044578955E-16,0.));
#1518 = PCURVE('',#1165,#1519);
#1519 = DEFINITIONAL_REPRESENTATION('',(#1520),#1524);
#1520 = LINE('',#1521,#1522);
#1521 = CARTESIAN_POINT('',(-4.,-3.481428240817));
#1522 = VECTOR('',#1523,1.);
#1523 = DIRECTION('',(0.,1.));
#1524 = ( GEOMETRIC_REPRESENTATION_CONTEXT(2) 
PARAMETRIC_REPRESENTATION_CONTEXT() REPRESENTATION_CONTEXT('2D SPACE',''
  ) );
#1525 = PCURVE('',#782,#1526);
#1526 = DEFINITIONAL_REPRESENTATION('',(#1527),#1531);
#1527 = LINE('',#1528,#1529);
#1528 = CARTESIAN_POINT('',(18.518571759183,4.25));
#1529 = VECTOR('',#1530,1.);
#1530 = DIRECTION('',(1.,1.383044578955E-16));
#1531 = ( GEOMETRIC_REPRESENTATION_CONTEXT(2) 
PARAMETRIC_REPRESENTATION_CONTEXT() REPRESENTATION_CONTEXT('2D SPACE',''
  ) );
#1532 = ORIENTED_EDGE('',*,*,#1273,.T.);
#1533 = ORIENTED_EDGE('',*,*,#1534,.F.);
#1534 = EDGE_CURVE('',#1151,#1239,#1535,.T.);
#1535 = SURFACE_CURVE('',#1536,(#1541,#1548),.PCURVE_S1.);
#1536 = CIRCLE('',#1537,3.15);
#1537 = AXIS2_PLACEMENT_3D('',#1538,#1539,#1540);
#1538 = CARTESIAN_POINT('',(22.,4.25,0.));
#1539 = DIRECTION('',(0.,1.,0.));
#1540 = DIRECTION('',(0.,-0.,1.));
#1541 = PCURVE('',#1165,#1542);
#1542 = DEFINITIONAL_REPRESENTATION('',(#1543),#1547);
#1543 = CIRCLE('',#1544,3.15);
#1544 = AXIS2_PLACEMENT_2D('',#1545,#1546);
#1545 = CARTESIAN_POINT('',(0.,0.));
#1546 = DIRECTION('',(1.,0.));
#1547 = ( GEOMETRIC_REPRESENTATION_CONTEXT(2) 
PARAMETRIC_REPRESENTATION_CONTEXT() REPRESENTATION_CONTEXT('2D SPACE',''
  ) );
#1548 = PCURVE('',#182,#1549);
#1549 = DEFINITIONAL_REPRESENTATION('',(#1550),#1554);
#1550 = LINE('',#1551,#1552);
#1551 = CARTESIAN_POINT('',(0.,10.25));
#1552 = VECTOR('',#1553,1.);
#1553 = DIRECTION('',(1.,0.));
#1554 = ( GEOMETRIC_REPRESENTATION_CONTEXT(2) 
PARAMETRIC_REPRESENTATION_CONTEXT() REPRESENTATION_CONTEXT('2D SPACE',''
  ) );
#1555 = ORIENTED_EDGE('',*,*,#1150,.T.);
#1556 = FACE_BOUND('',#1557,.T.);
#1557 = EDGE_LOOP('',(#1558,#1588,#1616,#1645,#1673,#1701,#1730,#1758,
    #1786,#1815,#1843,#1871));
#1558 = ORIENTED_EDGE('',*,*,#1559,.F.);
#1559 = EDGE_CURVE('',#1560,#1562,#1564,.T.);
#1560 = VERTEX_POINT('',#1561);
#1561 = CARTESIAN_POINT('',(17.3,4.25,-5.));
#1562 = VERTEX_POINT('',#1563);
#1563 = CARTESIAN_POINT('',(20.242160416875,4.25,-5.));
#1564 = SURFACE_CURVE('',#1565,(#1569,#1576),.PCURVE_S1.);
#1565 = LINE('',#1566,#1567);
#1566 = CARTESIAN_POINT('',(17.3,4.25,-5.));
#1567 = VECTOR('',#1568,1.);
#1568 = DIRECTION('',(1.,0.,0.));
#1569 = PCURVE('',#1165,#1570);
#1570 = DEFINITIONAL_REPRESENTATION('',(#1571),#1575);
#1571 = LINE('',#1572,#1573);
#1572 = CARTESIAN_POINT('',(-5.,-4.7));
#1573 = VECTOR('',#1574,1.);
#1574 = DIRECTION('',(0.,1.));
#1575 = ( GEOMETRIC_REPRESENTATION_CONTEXT(2) 
PARAMETRIC_REPRESENTATION_CONTEXT() REPRESENTATION_CONTEXT('2D SPACE',''
  ) );
#1576 = PCURVE('',#1577,#1582);
#1577 = PLANE('',#1578);
#1578 = AXIS2_PLACEMENT_3D('',#1579,#1580,#1581);
#1579 = CARTESIAN_POINT('',(17.3,2.25,-5.));
#1580 = DIRECTION('',(0.,0.,1.));
#1581 = DIRECTION('',(1.,0.,0.));
#1582 = DEFINITIONAL_REPRESENTATION('',(#1583),#1587);
#1583 = LINE('',#1584,#1585);
#1584 = CARTESIAN_POINT('',(0.,2.));
#1585 = VECTOR('',#1586,1.);
#1586 = DIRECTION('',(1.,0.));
#1587 = ( GEOMETRIC_REPRESENTATION_CONTEXT(2) 
PARAMETRIC_REPRESENTATION_CONTEXT() REPRESENTATION_CONTEXT('2D SPACE',''
  ) );
#1588 = ORIENTED_EDGE('',*,*,#1589,.T.);
#1589 = EDGE_CURVE('',#1560,#1590,#1592,.T.);
#1590 = VERTEX_POINT('',#1591);
#1591 = CARTESIAN_POINT('',(17.3,4.25,-2.449489742783));
#1592 = SURFACE_CURVE('',#1593,(#1597,#1604),.PCURVE_S1.);
#1593 = LINE('',#1594,#1595);
#1594 = CARTESIAN_POINT('',(17.3,4.25,-5.));
#1595 = VECTOR('',#1596,1.);
#1596 = DIRECTION('',(0.,0.,1.));
#1597 = PCURVE('',#1165,#1598);
#1598 = DEFINITIONAL_REPRESENTATION('',(#1599),#1603);
#1599 = LINE('',#1600,#1601);
#1600 = CARTESIAN_POINT('',(-5.,-4.7));
#1601 = VECTOR('',#1602,1.);
#1602 = DIRECTION('',(1.,0.));
#1603 = ( GEOMETRIC_REPRESENTATION_CONTEXT(2) 
PARAMETRIC_REPRESENTATION_CONTEXT() REPRESENTATION_CONTEXT('2D SPACE',''
  ) );
#1604 = PCURVE('',#1605,#1610);
#1605 = PLANE('',#1606);
#1606 = AXIS2_PLACEMENT_3D('',#1607,#1608,#1609);
#1607 = CARTESIAN_POINT('',(17.3,2.25,-5.));
#1608 = DIRECTION('',(1.,0.,0.));
#1609 = DIRECTION('',(0.,0.,1.));
#1610 = DEFINITIONAL_REPRESENTATION('',(#1611),#1615);
#1611 = LINE('',#1612,#1613);
#1612 = CARTESIAN_POINT('',(0.,-2.));
#1613 = VECTOR('',#1614,1.);
#1614 = DIRECTION('',(1.,0.));
#1615 = ( GEOMETRIC_REPRESENTATION_CONTEXT(2) 
PARAMETRIC_REPRESENTATION_CONTEXT() REPRESENTATION_CONTEXT('2D SPACE',''
  ) );
#1616 = ORIENTED_EDGE('',*,*,#1617,.T.);
#1617 = EDGE_CURVE('',#1590,#1618,#1620,.T.);
#1618 = VERTEX_POINT('',#1619);
#1619 = CARTESIAN_POINT('',(17.3,4.25,2.449489742783));
#1620 = SURFACE_CURVE('',#1621,(#1626,#1633),.PCURVE_S1.);
#1621 = CIRCLE('',#1622,5.3);
#1622 = AXIS2_PLACEMENT_3D('',#1623,#1624,#1625);
#1623 = CARTESIAN_POINT('',(22.,4.25,0.));
#1624 = DIRECTION('',(0.,1.,0.));
#1625 = DIRECTION('',(0.,-0.,1.));
#1626 = PCURVE('',#1165,#1627);
#1627 = DEFINITIONAL_REPRESENTATION('',(#1628),#1632);
#1628 = CIRCLE('',#1629,5.3);
#1629 = AXIS2_PLACEMENT_2D('',#1630,#1631);
#1630 = CARTESIAN_POINT('',(0.,0.));
#1631 = DIRECTION('',(1.,0.));
#1632 = ( GEOMETRIC_REPRESENTATION_CONTEXT(2) 
PARAMETRIC_REPRESENTATION_CONTEXT() REPRESENTATION_CONTEXT('2D SPACE',''
  ) );
#1633 = PCURVE('',#1634,#1639);
#1634 = CYLINDRICAL_SURFACE('',#1635,5.3);
#1635 = AXIS2_PLACEMENT_3D('',#1636,#1637,#1638);
#1636 = CARTESIAN_POINT('',(22.,2.25,0.));
#1637 = DIRECTION('',(0.,1.,0.));
#1638 = DIRECTION('',(0.,-0.,1.));
#1639 = DEFINITIONAL_REPRESENTATION('',(#1640),#1644);
#1640 = LINE('',#1641,#1642);
#1641 = CARTESIAN_POINT('',(0.,2.));
#1642 = VECTOR('',#1643,1.);
#1643 = DIRECTION('',(1.,0.));
#1644 = ( GEOMETRIC_REPRESENTATION_CONTEXT(2) 
PARAMETRIC_REPRESENTATION_CONTEXT() REPRESENTATION_CONTEXT('2D SPACE',''
  ) );
#1645 = ORIENTED_EDGE('',*,*,#1646,.T.);
#1646 = EDGE_CURVE('',#1618,#1647,#1649,.T.);
#1647 = VERTEX_POINT('',#1648);
#1648 = CARTESIAN_POINT('',(17.3,4.25,5.));
#1649 = SURFACE_CURVE('',#1650,(#1654,#1661),.PCURVE_S1.);
#1650 = LINE('',#1651,#1652);
#1651 = CARTESIAN_POINT('',(17.3,4.25,-5.));
#1652 = VECTOR('',#1653,1.);
#1653 = DIRECTION('',(0.,0.,1.));
#1654 = PCURVE('',#1165,#1655);
#1655 = DEFINITIONAL_REPRESENTATION('',(#1656),#1660);
#1656 = LINE('',#1657,#1658);
#1657 = CARTESIAN_POINT('',(-5.,-4.7));
#1658 = VECTOR('',#1659,1.);
#1659 = DIRECTION('',(1.,0.));
#1660 = ( GEOMETRIC_REPRESENTATION_CONTEXT(2) 
PARAMETRIC_REPRESENTATION_CONTEXT() REPRESENTATION_CONTEXT('2D SPACE',''
  ) );
#1661 = PCURVE('',#1662,#1667);
#1662 = PLANE('',#1663);
#1663 = AXIS2_PLACEMENT_3D('',#1664,#1665,#1666);
#1664 = CARTESIAN_POINT('',(17.3,2.25,-5.));
#1665 = DIRECTION('',(1.,0.,0.));
#1666 = DIRECTION('',(0.,0.,1.));
#1667 = DEFINITIONAL_REPRESENTATION('',(#1668),#1672);
#1668 = LINE('',#1669,#1670);
#1669 = CARTESIAN_POINT('',(0.,-2.));
#1670 = VECTOR('',#1671,1.);
#1671 = DIRECTION('',(1.,0.));
#1672 = ( GEOMETRIC_REPRESENTATION_CONTEXT(2) 
PARAMETRIC_REPRESENTATION_CONTEXT() REPRESENTATION_CONTEXT('2D SPACE',''
  ) );
#1673 = ORIENTED_EDGE('',*,*,#1674,.T.);
#1674 = EDGE_CURVE('',#1647,#1675,#1677,.T.);
#1675 = VERTEX_POINT('',#1676);
#1676 = CARTESIAN_POINT('',(20.242160416875,4.25,5.));
#1677 = SURFACE_CURVE('',#1678,(#1682,#1689),.PCURVE_S1.);
#1678 = LINE('',#1679,#1680);
#1679 = CARTESIAN_POINT('',(17.3,4.25,5.));
#1680 = VECTOR('',#1681,1.);
#1681 = DIRECTION('',(1.,0.,0.));
#1682 = PCURVE('',#1165,#1683);
#1683 = DEFINITIONAL_REPRESENTATION('',(#1684),#1688);
#1684 = LINE('',#1685,#1686);
#1685 = CARTESIAN_POINT('',(5.,-4.7));
#1686 = VECTOR('',#1687,1.);
#1687 = DIRECTION('',(0.,1.));
#1688 = ( GEOMETRIC_REPRESENTATION_CONTEXT(2) 
PARAMETRIC_REPRESENTATION_CONTEXT() REPRESENTATION_CONTEXT('2D SPACE',''
  ) );
#1689 = PCURVE('',#1690,#1695);
#1690 = PLANE('',#1691);
#1691 = AXIS2_PLACEMENT_3D('',#1692,#1693,#1694);
#1692 = CARTESIAN_POINT('',(17.3,2.25,5.));
#1693 = DIRECTION('',(0.,0.,1.));
#1694 = DIRECTION('',(1.,0.,0.));
#1695 = DEFINITIONAL_REPRESENTATION('',(#1696),#1700);
#1696 = LINE('',#1697,#1698);
#1697 = CARTESIAN_POINT('',(0.,2.));
#1698 = VECTOR('',#1699,1.);
#1699 = DIRECTION('',(1.,0.));
#1700 = ( GEOMETRIC_REPRESENTATION_CONTEXT(2) 
PARAMETRIC_REPRESENTATION_CONTEXT() REPRESENTATION_CONTEXT('2D SPACE',''
  ) );
#1701 = ORIENTED_EDGE('',*,*,#1702,.T.);
#1702 = EDGE_CURVE('',#1675,#1703,#1705,.T.);
#1703 = VERTEX_POINT('',#1704);
#1704 = CARTESIAN_POINT('',(23.757839583125,4.25,5.));
#1705 = SURFACE_CURVE('',#1706,(#1711,#1718),.PCURVE_S1.);
#1706 = CIRCLE('',#1707,5.3);
#1707 = AXIS2_PLACEMENT_3D('',#1708,#1709,#1710);
#1708 = CARTESIAN_POINT('',(22.,4.25,0.));
#1709 = DIRECTION('',(0.,1.,-0.));
#1710 = DIRECTION('',(-0.331667845873,0.,0.943396226415));
#1711 = PCURVE('',#1165,#1712);
#1712 = DEFINITIONAL_REPRESENTATION('',(#1713),#1717);
#1713 = CIRCLE('',#1714,5.3);
#1714 = AXIS2_PLACEMENT_2D('',#1715,#1716);
#1715 = CARTESIAN_POINT('',(0.,0.));
#1716 = DIRECTION('',(0.943396226415,-0.331667845873));
#1717 = ( GEOMETRIC_REPRESENTATION_CONTEXT(2) 
PARAMETRIC_REPRESENTATION_CONTEXT() REPRESENTATION_CONTEXT('2D SPACE',''
  ) );
#1718 = PCURVE('',#1719,#1724);
#1719 = CYLINDRICAL_SURFACE('',#1720,5.3);
#1720 = AXIS2_PLACEMENT_3D('',#1721,#1722,#1723);
#1721 = CARTESIAN_POINT('',(22.,2.25,0.));
#1722 = DIRECTION('',(0.,1.,0.));
#1723 = DIRECTION('',(0.,-0.,1.));
#1724 = DEFINITIONAL_REPRESENTATION('',(#1725),#1729);
#1725 = LINE('',#1726,#1727);
#1726 = CARTESIAN_POINT('',(5.945114363558,2.));
#1727 = VECTOR('',#1728,1.);
#1728 = DIRECTION('',(1.,0.));
#1729 = ( GEOMETRIC_REPRESENTATION_CONTEXT(2) 
PARAMETRIC_REPRESENTATION_CONTEXT() REPRESENTATION_CONTEXT('2D SPACE',''
  ) );
#1730 = ORIENTED_EDGE('',*,*,#1731,.T.);
#1731 = EDGE_CURVE('',#1703,#1732,#1734,.T.);
#1732 = VERTEX_POINT('',#1733);
#1733 = CARTESIAN_POINT('',(25.3,4.25,5.));
#1734 = SURFACE_CURVE('',#1735,(#1739,#1746),.PCURVE_S1.);
#1735 = LINE('',#1736,#1737);
#1736 = CARTESIAN_POINT('',(17.3,4.25,5.));
#1737 = VECTOR('',#1738,1.);
#1738 = DIRECTION('',(1.,0.,0.));
#1739 = PCURVE('',#1165,#1740);
#1740 = DEFINITIONAL_REPRESENTATION('',(#1741),#1745);
#1741 = LINE('',#1742,#1743);
#1742 = CARTESIAN_POINT('',(5.,-4.7));
#1743 = VECTOR('',#1744,1.);
#1744 = DIRECTION('',(0.,1.));
#1745 = ( GEOMETRIC_REPRESENTATION_CONTEXT(2) 
PARAMETRIC_REPRESENTATION_CONTEXT() REPRESENTATION_CONTEXT('2D SPACE',''
  ) );
#1746 = PCURVE('',#1747,#1752);
#1747 = PLANE('',#1748);
#1748 = AXIS2_PLACEMENT_3D('',#1749,#1750,#1751);
#1749 = CARTESIAN_POINT('',(17.3,2.25,5.));
#1750 = DIRECTION('',(0.,0.,1.));
#1751 = DIRECTION('',(1.,0.,0.));
#1752 = DEFINITIONAL_REPRESENTATION('',(#1753),#1757);
#1753 = LINE('',#1754,#1755);
#1754 = CARTESIAN_POINT('',(0.,2.));
#1755 = VECTOR('',#1756,1.);
#1756 = DIRECTION('',(1.,0.));
#1757 = ( GEOMETRIC_REPRESENTATION_CONTEXT(2) 
PARAMETRIC_REPRESENTATION_CONTEXT() REPRESENTATION_CONTEXT('2D SPACE',''
  ) );
#1758 = ORIENTED_EDGE('',*,*,#1759,.F.);
#1759 = EDGE_CURVE('',#1760,#1732,#1762,.T.);
#1760 = VERTEX_POINT('',#1761);
#1761 = CARTESIAN_POINT('',(25.3,4.25,4.147288270666));
#1762 = SURFACE_CURVE('',#1763,(#1767,#1774),.PCURVE_S1.);
#1763 = LINE('',#1764,#1765);
#1764 = CARTESIAN_POINT('',(25.3,4.25,-5.));
#1765 = VECTOR('',#1766,1.);
#1766 = DIRECTION('',(0.,0.,1.));
#1767 = PCURVE('',#1165,#1768);
#1768 = DEFINITIONAL_REPRESENTATION('',(#1769),#1773);
#1769 = LINE('',#1770,#1771);
#1770 = CARTESIAN_POINT('',(-5.,3.3));
#1771 = VECTOR('',#1772,1.);
#1772 = DIRECTION('',(1.,0.));
#1773 = ( GEOMETRIC_REPRESENTATION_CONTEXT(2) 
PARAMETRIC_REPRESENTATION_CONTEXT() REPRESENTATION_CONTEXT('2D SPACE',''
  ) );
#1774 = PCURVE('',#1775,#1780);
#1775 = PLANE('',#1776);
#1776 = AXIS2_PLACEMENT_3D('',#1777,#1778,#1779);
#1777 = CARTESIAN_POINT('',(25.3,2.25,-5.));
#1778 = DIRECTION('',(1.,0.,0.));
#1779 = DIRECTION('',(0.,0.,1.));
#1780 = DEFINITIONAL_REPRESENTATION('',(#1781),#1785);
#1781 = LINE('',#1782,#1783);
#1782 = CARTESIAN_POINT('',(0.,-2.));
#1783 = VECTOR('',#1784,1.);
#1784 = DIRECTION('',(1.,0.));
#1785 = ( GEOMETRIC_REPRESENTATION_CONTEXT(2) 
PARAMETRIC_REPRESENTATION_CONTEXT() REPRESENTATION_CONTEXT('2D SPACE',''
  ) );
#1786 = ORIENTED_EDGE('',*,*,#1787,.T.);
#1787 = EDGE_CURVE('',#1760,#1788,#1790,.T.);
#1788 = VERTEX_POINT('',#1789);
#1789 = CARTESIAN_POINT('',(25.3,4.25,-4.147288270665));
#1790 = SURFACE_CURVE('',#1791,(#1796,#1803),.PCURVE_S1.);
#1791 = CIRCLE('',#1792,5.3);
#1792 = AXIS2_PLACEMENT_3D('',#1793,#1794,#1795);
#1793 = CARTESIAN_POINT('',(22.,4.25,0.));
#1794 = DIRECTION('',(0.,1.,0.));
#1795 = DIRECTION('',(0.,-0.,1.));
#1796 = PCURVE('',#1165,#1797);
#1797 = DEFINITIONAL_REPRESENTATION('',(#1798),#1802);
#1798 = CIRCLE('',#1799,5.3);
#1799 = AXIS2_PLACEMENT_2D('',#1800,#1801);
#1800 = CARTESIAN_POINT('',(0.,0.));
#1801 = DIRECTION('',(1.,0.));
#1802 = ( GEOMETRIC_REPRESENTATION_CONTEXT(2) 
PARAMETRIC_REPRESENTATION_CONTEXT() REPRESENTATION_CONTEXT('2D SPACE',''
  ) );
#1803 = PCURVE('',#1804,#1809);
#1804 = CYLINDRICAL_SURFACE('',#1805,5.3);
#1805 = AXIS2_PLACEMENT_3D('',#1806,#1807,#1808);
#1806 = CARTESIAN_POINT('',(22.,2.25,0.));
#1807 = DIRECTION('',(0.,1.,0.));
#1808 = DIRECTION('',(0.,-0.,1.));
#1809 = DEFINITIONAL_REPRESENTATION('',(#1810),#1814);
#1810 = LINE('',#1811,#1812);
#1811 = CARTESIAN_POINT('',(0.,2.));
#1812 = VECTOR('',#1813,1.);
#1813 = DIRECTION('',(1.,0.));
#1814 = ( GEOMETRIC_REPRESENTATION_CONTEXT(2) 
PARAMETRIC_REPRESENTATION_CONTEXT() REPRESENTATION_CONTEXT('2D SPACE',''
  ) );
#1815 = ORIENTED_EDGE('',*,*,#1816,.F.);
#1816 = EDGE_CURVE('',#1817,#1788,#1819,.T.);
#1817 = VERTEX_POINT('',#1818);
#1818 = CARTESIAN_POINT('',(25.3,4.25,-5.));
#1819 = SURFACE_CURVE('',#1820,(#1824,#1831),.PCURVE_S1.);
#1820 = LINE('',#1821,#1822);
#1821 = CARTESIAN_POINT('',(25.3,4.25,-5.));
#1822 = VECTOR('',#1823,1.);
#1823 = DIRECTION('',(0.,0.,1.));
#1824 = PCURVE('',#1165,#1825);
#1825 = DEFINITIONAL_REPRESENTATION('',(#1826),#1830);
#1826 = LINE('',#1827,#1828);
#1827 = CARTESIAN_POINT('',(-5.,3.3));
#1828 = VECTOR('',#1829,1.);
#1829 = DIRECTION('',(1.,0.));
#1830 = ( GEOMETRIC_REPRESENTATION_CONTEXT(2) 
PARAMETRIC_REPRESENTATION_CONTEXT() REPRESENTATION_CONTEXT('2D SPACE',''
  ) );
#1831 = PCURVE('',#1832,#1837);
#1832 = PLANE('',#1833);
#1833 = AXIS2_PLACEMENT_3D('',#1834,#1835,#1836);
#1834 = CARTESIAN_POINT('',(25.3,2.25,-5.));
#1835 = DIRECTION('',(1.,0.,0.));
#1836 = DIRECTION('',(0.,0.,1.));
#1837 = DEFINITIONAL_REPRESENTATION('',(#1838),#1842);
#1838 = LINE('',#1839,#1840);
#1839 = CARTESIAN_POINT('',(0.,-2.));
#1840 = VECTOR('',#1841,1.);
#1841 = DIRECTION('',(1.,0.));
#1842 = ( GEOMETRIC_REPRESENTATION_CONTEXT(2) 
PARAMETRIC_REPRESENTATION_CONTEXT() REPRESENTATION_CONTEXT('2D SPACE',''
  ) );
#1843 = ORIENTED_EDGE('',*,*,#1844,.F.);
#1844 = EDGE_CURVE('',#1845,#1817,#1847,.T.);
#1845 = VERTEX_POINT('',#1846);
#1846 = CARTESIAN_POINT('',(23.757839583124,4.25,-5.));
#1847 = SURFACE_CURVE('',#1848,(#1852,#1859),.PCURVE_S1.);
#1848 = LINE('',#1849,#1850);
#1849 = CARTESIAN_POINT('',(17.3,4.25,-5.));
#1850 = VECTOR('',#1851,1.);
#1851 = DIRECTION('',(1.,0.,0.));
#1852 = PCURVE('',#1165,#1853);
#1853 = DEFINITIONAL_REPRESENTATION('',(#1854),#1858);
#1854 = LINE('',#1855,#1856);
#1855 = CARTESIAN_POINT('',(-5.,-4.7));
#1856 = VECTOR('',#1857,1.);
#1857 = DIRECTION('',(0.,1.));
#1858 = ( GEOMETRIC_REPRESENTATION_CONTEXT(2) 
PARAMETRIC_REPRESENTATION_CONTEXT() REPRESENTATION_CONTEXT('2D SPACE',''
  ) );
#1859 = PCURVE('',#1860,#1865);
#1860 = PLANE('',#1861);
#1861 = AXIS2_PLACEMENT_3D('',#1862,#1863,#1864);
#1862 = CARTESIAN_POINT('',(17.3,2.25,-5.));
#1863 = DIRECTION('',(0.,0.,1.));
#1864 = DIRECTION('',(1.,0.,0.));
#1865 = DEFINITIONAL_REPRESENTATION('',(#1866),#1870);
#1866 = LINE('',#1867,#1868);
#1867 = CARTESIAN_POINT('',(0.,2.));
#1868 = VECTOR('',#1869,1.);
#1869 = DIRECTION('',(1.,0.));
#1870 = ( GEOMETRIC_REPRESENTATION_CONTEXT(2) 
PARAMETRIC_REPRESENTATION_CONTEXT() REPRESENTATION_CONTEXT('2D SPACE',''
  ) );
#1871 = ORIENTED_EDGE('',*,*,#1872,.T.);
#1872 = EDGE_CURVE('',#1845,#1562,#1873,.T.);
#1873 = SURFACE_CURVE('',#1874,(#1879,#1886),.PCURVE_S1.);
#1874 = CIRCLE('',#1875,5.3);
#1875 = AXIS2_PLACEMENT_3D('',#1876,#1877,#1878);
#1876 = CARTESIAN_POINT('',(22.,4.25,0.));
#1877 = DIRECTION('',(0.,1.,0.));
#1878 = DIRECTION('',(0.,-0.,1.));
#1879 = PCURVE('',#1165,#1880);
#1880 = DEFINITIONAL_REPRESENTATION('',(#1881),#1885);
#1881 = CIRCLE('',#1882,5.3);
#1882 = AXIS2_PLACEMENT_2D('',#1883,#1884);
#1883 = CARTESIAN_POINT('',(0.,0.));
#1884 = DIRECTION('',(1.,0.));
#1885 = ( GEOMETRIC_REPRESENTATION_CONTEXT(2) 
PARAMETRIC_REPRESENTATION_CONTEXT() REPRESENTATION_CONTEXT('2D SPACE',''
  ) );
#1886 = PCURVE('',#1887,#1892);
#1887 = CYLINDRICAL_SURFACE('',#1888,5.3);
#1888 = AXIS2_PLACEMENT_3D('',#1889,#1890,#1891);
#1889 = CARTESIAN_POINT('',(22.,2.25,0.));
#1890 = DIRECTION('',(0.,1.,0.));
#1891 = DIRECTION('',(0.,-0.,1.));
#1892 = DEFINITIONAL_REPRESENTATION('',(#1893),#1897);
#1893 = LINE('',#1894,#1895);
#1894 = CARTESIAN_POINT('',(0.,2.));
#1895 = VECTOR('',#1896,1.);
#1896 = DIRECTION('',(1.,0.));
#1897 = ( GEOMETRIC_REPRESENTATION_CONTEXT(2) 
PARAMETRIC_REPRESENTATION_CONTEXT() REPRESENTATION_CONTEXT('2D SPACE',''
  ) );
#1898 = ADVANCED_FACE('',(#1899),#1887,.T.);
#1899 = FACE_BOUND('',#1900,.T.);
#1900 = EDGE_LOOP('',(#1901,#1902,#1923,#1947));
#1901 = ORIENTED_EDGE('',*,*,#1872,.F.);
#1902 = ORIENTED_EDGE('',*,*,#1903,.F.);
#1903 = EDGE_CURVE('',#1904,#1845,#1906,.T.);
#1904 = VERTEX_POINT('',#1905);
#1905 = CARTESIAN_POINT('',(23.757839583124,2.25,-5.));
#1906 = SURFACE_CURVE('',#1907,(#1911,#1917),.PCURVE_S1.);
#1907 = LINE('',#1908,#1909);
#1908 = CARTESIAN_POINT('',(23.757839583125,2.25,-5.));
#1909 = VECTOR('',#1910,1.);
#1910 = DIRECTION('',(0.,1.,0.));
#1911 = PCURVE('',#1887,#1912);
#1912 = DEFINITIONAL_REPRESENTATION('',(#1913),#1916);
#1913 = B_SPLINE_CURVE_WITH_KNOTS('',1,(#1914,#1915),.UNSPECIFIED.,.F.,
  .F.,(2,2),(-5.999999999062E-07,2.0000006),.PIECEWISE_BEZIER_KNOTS.);
#1914 = CARTESIAN_POINT('',(2.803521709968,-5.999999999062E-07));
#1915 = CARTESIAN_POINT('',(2.803521709968,2.0000006));
#1916 = ( GEOMETRIC_REPRESENTATION_CONTEXT(2) 
PARAMETRIC_REPRESENTATION_CONTEXT() REPRESENTATION_CONTEXT('2D SPACE',''
  ) );
#1917 = PCURVE('',#1860,#1918);
#1918 = DEFINITIONAL_REPRESENTATION('',(#1919),#1922);
#1919 = B_SPLINE_CURVE_WITH_KNOTS('',1,(#1920,#1921),.UNSPECIFIED.,.F.,
  .F.,(2,2),(-5.999999999062E-07,2.0000006),.PIECEWISE_BEZIER_KNOTS.);
#1920 = CARTESIAN_POINT('',(6.457839583125,-5.999999999062E-07));
#1921 = CARTESIAN_POINT('',(6.457839583125,2.0000006));
#1922 = ( GEOMETRIC_REPRESENTATION_CONTEXT(2) 
PARAMETRIC_REPRESENTATION_CONTEXT() REPRESENTATION_CONTEXT('2D SPACE',''
  ) );
#1923 = ORIENTED_EDGE('',*,*,#1924,.T.);
#1924 = EDGE_CURVE('',#1904,#1925,#1927,.T.);
#1925 = VERTEX_POINT('',#1926);
#1926 = CARTESIAN_POINT('',(20.242160416876,2.25,-5.));
#1927 = SURFACE_CURVE('',#1928,(#1933,#1940),.PCURVE_S1.);
#1928 = CIRCLE('',#1929,5.3);
#1929 = AXIS2_PLACEMENT_3D('',#1930,#1931,#1932);
#1930 = CARTESIAN_POINT('',(22.,2.25,0.));
#1931 = DIRECTION('',(0.,1.,0.));
#1932 = DIRECTION('',(0.,-0.,1.));
#1933 = PCURVE('',#1887,#1934);
#1934 = DEFINITIONAL_REPRESENTATION('',(#1935),#1939);
#1935 = LINE('',#1936,#1937);
#1936 = CARTESIAN_POINT('',(0.,0.));
#1937 = VECTOR('',#1938,1.);
#1938 = DIRECTION('',(1.,0.));
#1939 = ( GEOMETRIC_REPRESENTATION_CONTEXT(2) 
PARAMETRIC_REPRESENTATION_CONTEXT() REPRESENTATION_CONTEXT('2D SPACE',''
  ) );
#1940 = PCURVE('',#90,#1941);
#1941 = DEFINITIONAL_REPRESENTATION('',(#1942),#1946);
#1942 = CIRCLE('',#1943,5.3);
#1943 = AXIS2_PLACEMENT_2D('',#1944,#1945);
#1944 = CARTESIAN_POINT('',(0.,0.));
#1945 = DIRECTION('',(1.,0.));
#1946 = ( GEOMETRIC_REPRESENTATION_CONTEXT(2) 
PARAMETRIC_REPRESENTATION_CONTEXT() REPRESENTATION_CONTEXT('2D SPACE',''
  ) );
#1947 = ORIENTED_EDGE('',*,*,#1948,.T.);
#1948 = EDGE_CURVE('',#1925,#1562,#1949,.T.);
#1949 = SURFACE_CURVE('',#1950,(#1954,#1960),.PCURVE_S1.);
#1950 = LINE('',#1951,#1952);
#1951 = CARTESIAN_POINT('',(20.242160416875,2.25,-5.));
#1952 = VECTOR('',#1953,1.);
#1953 = DIRECTION('',(0.,1.,0.));
#1954 = PCURVE('',#1887,#1955);
#1955 = DEFINITIONAL_REPRESENTATION('',(#1956),#1959);
#1956 = B_SPLINE_CURVE_WITH_KNOTS('',1,(#1957,#1958),.UNSPECIFIED.,.F.,
  .F.,(2,2),(-5.999999999062E-07,2.0000006),.PIECEWISE_BEZIER_KNOTS.);
#1957 = CARTESIAN_POINT('',(3.479663597212,-5.999999999062E-07));
#1958 = CARTESIAN_POINT('',(3.479663597212,2.0000006));
#1959 = ( GEOMETRIC_REPRESENTATION_CONTEXT(2) 
PARAMETRIC_REPRESENTATION_CONTEXT() REPRESENTATION_CONTEXT('2D SPACE',''
  ) );
#1960 = PCURVE('',#1577,#1961);
#1961 = DEFINITIONAL_REPRESENTATION('',(#1962),#1965);
#1962 = B_SPLINE_CURVE_WITH_KNOTS('',1,(#1963,#1964),.UNSPECIFIED.,.F.,
  .F.,(2,2),(-5.999999999062E-07,2.0000006),.PIECEWISE_BEZIER_KNOTS.);
#1963 = CARTESIAN_POINT('',(2.942160416875,-5.999999999062E-07));
#1964 = CARTESIAN_POINT('',(2.942160416875,2.0000006));
#1965 = ( GEOMETRIC_REPRESENTATION_CONTEXT(2) 
PARAMETRIC_REPRESENTATION_CONTEXT() REPRESENTATION_CONTEXT('2D SPACE',''
  ) );
#1966 = ADVANCED_FACE('',(#1967),#1860,.F.);
#1967 = FACE_BOUND('',#1968,.F.);
#1968 = EDGE_LOOP('',(#1969,#1970,#1971,#1994));
#1969 = ORIENTED_EDGE('',*,*,#1844,.F.);
#1970 = ORIENTED_EDGE('',*,*,#1903,.F.);
#1971 = ORIENTED_EDGE('',*,*,#1972,.T.);
#1972 = EDGE_CURVE('',#1904,#1973,#1975,.T.);
#1973 = VERTEX_POINT('',#1974);
#1974 = CARTESIAN_POINT('',(25.3,2.25,-5.));
#1975 = SURFACE_CURVE('',#1976,(#1980,#1987),.PCURVE_S1.);
#1976 = LINE('',#1977,#1978);
#1977 = CARTESIAN_POINT('',(17.3,2.25,-5.));
#1978 = VECTOR('',#1979,1.);
#1979 = DIRECTION('',(1.,0.,0.));
#1980 = PCURVE('',#1860,#1981);
#1981 = DEFINITIONAL_REPRESENTATION('',(#1982),#1986);
#1982 = LINE('',#1983,#1984);
#1983 = CARTESIAN_POINT('',(0.,0.));
#1984 = VECTOR('',#1985,1.);
#1985 = DIRECTION('',(1.,0.));
#1986 = ( GEOMETRIC_REPRESENTATION_CONTEXT(2) 
PARAMETRIC_REPRESENTATION_CONTEXT() REPRESENTATION_CONTEXT('2D SPACE',''
  ) );
#1987 = PCURVE('',#90,#1988);
#1988 = DEFINITIONAL_REPRESENTATION('',(#1989),#1993);
#1989 = LINE('',#1990,#1991);
#1990 = CARTESIAN_POINT('',(-5.,-4.7));
#1991 = VECTOR('',#1992,1.);
#1992 = DIRECTION('',(0.,1.));
#1993 = ( GEOMETRIC_REPRESENTATION_CONTEXT(2) 
PARAMETRIC_REPRESENTATION_CONTEXT() REPRESENTATION_CONTEXT('2D SPACE',''
  ) );
#1994 = ORIENTED_EDGE('',*,*,#1995,.T.);
#1995 = EDGE_CURVE('',#1973,#1817,#1996,.T.);
#1996 = SURFACE_CURVE('',#1997,(#2001,#2008),.PCURVE_S1.);
#1997 = LINE('',#1998,#1999);
#1998 = CARTESIAN_POINT('',(25.3,2.25,-5.));
#1999 = VECTOR('',#2000,1.);
#2000 = DIRECTION('',(0.,1.,0.));
#2001 = PCURVE('',#1860,#2002);
#2002 = DEFINITIONAL_REPRESENTATION('',(#2003),#2007);
#2003 = LINE('',#2004,#2005);
#2004 = CARTESIAN_POINT('',(8.,0.));
#2005 = VECTOR('',#2006,1.);
#2006 = DIRECTION('',(0.,1.));
#2007 = ( GEOMETRIC_REPRESENTATION_CONTEXT(2) 
PARAMETRIC_REPRESENTATION_CONTEXT() REPRESENTATION_CONTEXT('2D SPACE',''
  ) );
#2008 = PCURVE('',#1832,#2009);
#2009 = DEFINITIONAL_REPRESENTATION('',(#2010),#2014);
#2010 = LINE('',#2011,#2012);
#2011 = CARTESIAN_POINT('',(0.,0.));
#2012 = VECTOR('',#2013,1.);
#2013 = DIRECTION('',(0.,-1.));
#2014 = ( GEOMETRIC_REPRESENTATION_CONTEXT(2) 
PARAMETRIC_REPRESENTATION_CONTEXT() REPRESENTATION_CONTEXT('2D SPACE',''
  ) );
#2015 = ADVANCED_FACE('',(#2016),#1832,.T.);
#2016 = FACE_BOUND('',#2017,.T.);
#2017 = EDGE_LOOP('',(#2018,#2041,#2042,#2043));
#2018 = ORIENTED_EDGE('',*,*,#2019,.F.);
#2019 = EDGE_CURVE('',#1973,#2020,#2022,.T.);
#2020 = VERTEX_POINT('',#2021);
#2021 = CARTESIAN_POINT('',(25.3,2.25,-4.147288270666));
#2022 = SURFACE_CURVE('',#2023,(#2027,#2034),.PCURVE_S1.);
#2023 = LINE('',#2024,#2025);
#2024 = CARTESIAN_POINT('',(25.3,2.25,-5.));
#2025 = VECTOR('',#2026,1.);
#2026 = DIRECTION('',(0.,0.,1.));
#2027 = PCURVE('',#1832,#2028);
#2028 = DEFINITIONAL_REPRESENTATION('',(#2029),#2033);
#2029 = LINE('',#2030,#2031);
#2030 = CARTESIAN_POINT('',(0.,0.));
#2031 = VECTOR('',#2032,1.);
#2032 = DIRECTION('',(1.,0.));
#2033 = ( GEOMETRIC_REPRESENTATION_CONTEXT(2) 
PARAMETRIC_REPRESENTATION_CONTEXT() REPRESENTATION_CONTEXT('2D SPACE',''
  ) );
#2034 = PCURVE('',#90,#2035);
#2035 = DEFINITIONAL_REPRESENTATION('',(#2036),#2040);
#2036 = LINE('',#2037,#2038);
#2037 = CARTESIAN_POINT('',(-5.,3.3));
#2038 = VECTOR('',#2039,1.);
#2039 = DIRECTION('',(1.,0.));
#2040 = ( GEOMETRIC_REPRESENTATION_CONTEXT(2) 
PARAMETRIC_REPRESENTATION_CONTEXT() REPRESENTATION_CONTEXT('2D SPACE',''
  ) );
#2041 = ORIENTED_EDGE('',*,*,#1995,.T.);
#2042 = ORIENTED_EDGE('',*,*,#1816,.T.);
#2043 = ORIENTED_EDGE('',*,*,#2044,.F.);
#2044 = EDGE_CURVE('',#2020,#1788,#2045,.T.);
#2045 = SURFACE_CURVE('',#2046,(#2050,#2056),.PCURVE_S1.);
#2046 = LINE('',#2047,#2048);
#2047 = CARTESIAN_POINT('',(25.3,2.25,-4.147288270666));
#2048 = VECTOR('',#2049,1.);
#2049 = DIRECTION('',(0.,1.,0.));
#2050 = PCURVE('',#1832,#2051);
#2051 = DEFINITIONAL_REPRESENTATION('',(#2052),#2055);
#2052 = B_SPLINE_CURVE_WITH_KNOTS('',1,(#2053,#2054),.UNSPECIFIED.,.F.,
  .F.,(2,2),(-5.999999999062E-07,2.0000006),.PIECEWISE_BEZIER_KNOTS.);
#2053 = CARTESIAN_POINT('',(0.852711729334,5.999999999062E-07));
#2054 = CARTESIAN_POINT('',(0.852711729334,-2.0000006));
#2055 = ( GEOMETRIC_REPRESENTATION_CONTEXT(2) 
PARAMETRIC_REPRESENTATION_CONTEXT() REPRESENTATION_CONTEXT('2D SPACE',''
  ) );
#2056 = PCURVE('',#1804,#2057);
#2057 = DEFINITIONAL_REPRESENTATION('',(#2058),#2061);
#2058 = B_SPLINE_CURVE_WITH_KNOTS('',1,(#2059,#2060),.UNSPECIFIED.,.F.,
  .F.,(2,2),(-5.999999999062E-07,2.0000006),.PIECEWISE_BEZIER_KNOTS.);
#2059 = CARTESIAN_POINT('',(2.469478765766,-5.999999999062E-07));
#2060 = CARTESIAN_POINT('',(2.469478765766,2.0000006));
#2061 = ( GEOMETRIC_REPRESENTATION_CONTEXT(2) 
PARAMETRIC_REPRESENTATION_CONTEXT() REPRESENTATION_CONTEXT('2D SPACE',''
  ) );
#2062 = ADVANCED_FACE('',(#2063),#1804,.T.);
#2063 = FACE_BOUND('',#2064,.T.);
#2064 = EDGE_LOOP('',(#2065,#2066,#2087,#2109));
#2065 = ORIENTED_EDGE('',*,*,#1787,.F.);
#2066 = ORIENTED_EDGE('',*,*,#2067,.F.);
#2067 = EDGE_CURVE('',#2068,#1760,#2070,.T.);
#2068 = VERTEX_POINT('',#2069);
#2069 = CARTESIAN_POINT('',(25.3,2.25,4.147288270666));
#2070 = SURFACE_CURVE('',#2071,(#2075,#2081),.PCURVE_S1.);
#2071 = LINE('',#2072,#2073);
#2072 = CARTESIAN_POINT('',(25.3,2.25,4.147288270666));
#2073 = VECTOR('',#2074,1.);
#2074 = DIRECTION('',(0.,1.,0.));
#2075 = PCURVE('',#1804,#2076);
#2076 = DEFINITIONAL_REPRESENTATION('',(#2077),#2080);
#2077 = B_SPLINE_CURVE_WITH_KNOTS('',1,(#2078,#2079),.UNSPECIFIED.,.F.,
  .F.,(2,2),(-5.999999999062E-07,2.0000006),.PIECEWISE_BEZIER_KNOTS.);
#2078 = CARTESIAN_POINT('',(0.672113887824,-5.999999999062E-07));
#2079 = CARTESIAN_POINT('',(0.672113887824,2.0000006));
#2080 = ( GEOMETRIC_REPRESENTATION_CONTEXT(2) 
PARAMETRIC_REPRESENTATION_CONTEXT() REPRESENTATION_CONTEXT('2D SPACE',''
  ) );
#2081 = PCURVE('',#1775,#2082);
#2082 = DEFINITIONAL_REPRESENTATION('',(#2083),#2086);
#2083 = B_SPLINE_CURVE_WITH_KNOTS('',1,(#2084,#2085),.UNSPECIFIED.,.F.,
  .F.,(2,2),(-5.999999999062E-07,2.0000006),.PIECEWISE_BEZIER_KNOTS.);
#2084 = CARTESIAN_POINT('',(9.147288270666,5.999999999062E-07));
#2085 = CARTESIAN_POINT('',(9.147288270666,-2.0000006));
#2086 = ( GEOMETRIC_REPRESENTATION_CONTEXT(2) 
PARAMETRIC_REPRESENTATION_CONTEXT() REPRESENTATION_CONTEXT('2D SPACE',''
  ) );
#2087 = ORIENTED_EDGE('',*,*,#2088,.T.);
#2088 = EDGE_CURVE('',#2068,#2020,#2089,.T.);
#2089 = SURFACE_CURVE('',#2090,(#2095,#2102),.PCURVE_S1.);
#2090 = CIRCLE('',#2091,5.3);
#2091 = AXIS2_PLACEMENT_3D('',#2092,#2093,#2094);
#2092 = CARTESIAN_POINT('',(22.,2.25,0.));
#2093 = DIRECTION('',(0.,1.,0.));
#2094 = DIRECTION('',(0.,-0.,1.));
#2095 = PCURVE('',#1804,#2096);
#2096 = DEFINITIONAL_REPRESENTATION('',(#2097),#2101);
#2097 = LINE('',#2098,#2099);
#2098 = CARTESIAN_POINT('',(0.,0.));
#2099 = VECTOR('',#2100,1.);
#2100 = DIRECTION('',(1.,0.));
#2101 = ( GEOMETRIC_REPRESENTATION_CONTEXT(2) 
PARAMETRIC_REPRESENTATION_CONTEXT() REPRESENTATION_CONTEXT('2D SPACE',''
  ) );
#2102 = PCURVE('',#90,#2103);
#2103 = DEFINITIONAL_REPRESENTATION('',(#2104),#2108);
#2104 = CIRCLE('',#2105,5.3);
#2105 = AXIS2_PLACEMENT_2D('',#2106,#2107);
#2106 = CARTESIAN_POINT('',(0.,0.));
#2107 = DIRECTION('',(1.,0.));
#2108 = ( GEOMETRIC_REPRESENTATION_CONTEXT(2) 
PARAMETRIC_REPRESENTATION_CONTEXT() REPRESENTATION_CONTEXT('2D SPACE',''
  ) );
#2109 = ORIENTED_EDGE('',*,*,#2044,.T.);
#2110 = ADVANCED_FACE('',(#2111),#1775,.T.);
#2111 = FACE_BOUND('',#2112,.T.);
#2112 = EDGE_LOOP('',(#2113,#2136,#2137,#2138));
#2113 = ORIENTED_EDGE('',*,*,#2114,.F.);
#2114 = EDGE_CURVE('',#2068,#2115,#2117,.T.);
#2115 = VERTEX_POINT('',#2116);
#2116 = CARTESIAN_POINT('',(25.3,2.25,5.));
#2117 = SURFACE_CURVE('',#2118,(#2122,#2129),.PCURVE_S1.);
#2118 = LINE('',#2119,#2120);
#2119 = CARTESIAN_POINT('',(25.3,2.25,-5.));
#2120 = VECTOR('',#2121,1.);
#2121 = DIRECTION('',(0.,0.,1.));
#2122 = PCURVE('',#1775,#2123);
#2123 = DEFINITIONAL_REPRESENTATION('',(#2124),#2128);
#2124 = LINE('',#2125,#2126);
#2125 = CARTESIAN_POINT('',(0.,0.));
#2126 = VECTOR('',#2127,1.);
#2127 = DIRECTION('',(1.,0.));
#2128 = ( GEOMETRIC_REPRESENTATION_CONTEXT(2) 
PARAMETRIC_REPRESENTATION_CONTEXT() REPRESENTATION_CONTEXT('2D SPACE',''
  ) );
#2129 = PCURVE('',#90,#2130);
#2130 = DEFINITIONAL_REPRESENTATION('',(#2131),#2135);
#2131 = LINE('',#2132,#2133);
#2132 = CARTESIAN_POINT('',(-5.,3.3));
#2133 = VECTOR('',#2134,1.);
#2134 = DIRECTION('',(1.,0.));
#2135 = ( GEOMETRIC_REPRESENTATION_CONTEXT(2) 
PARAMETRIC_REPRESENTATION_CONTEXT() REPRESENTATION_CONTEXT('2D SPACE',''
  ) );
#2136 = ORIENTED_EDGE('',*,*,#2067,.T.);
#2137 = ORIENTED_EDGE('',*,*,#1759,.T.);
#2138 = ORIENTED_EDGE('',*,*,#2139,.F.);
#2139 = EDGE_CURVE('',#2115,#1732,#2140,.T.);
#2140 = SURFACE_CURVE('',#2141,(#2145,#2152),.PCURVE_S1.);
#2141 = LINE('',#2142,#2143);
#2142 = CARTESIAN_POINT('',(25.3,2.25,5.));
#2143 = VECTOR('',#2144,1.);
#2144 = DIRECTION('',(0.,1.,0.));
#2145 = PCURVE('',#1775,#2146);
#2146 = DEFINITIONAL_REPRESENTATION('',(#2147),#2151);
#2147 = LINE('',#2148,#2149);
#2148 = CARTESIAN_POINT('',(10.,0.));
#2149 = VECTOR('',#2150,1.);
#2150 = DIRECTION('',(0.,-1.));
#2151 = ( GEOMETRIC_REPRESENTATION_CONTEXT(2) 
PARAMETRIC_REPRESENTATION_CONTEXT() REPRESENTATION_CONTEXT('2D SPACE',''
  ) );
#2152 = PCURVE('',#1747,#2153);
#2153 = DEFINITIONAL_REPRESENTATION('',(#2154),#2158);
#2154 = LINE('',#2155,#2156);
#2155 = CARTESIAN_POINT('',(8.,0.));
#2156 = VECTOR('',#2157,1.);
#2157 = DIRECTION('',(0.,1.));
#2158 = ( GEOMETRIC_REPRESENTATION_CONTEXT(2) 
PARAMETRIC_REPRESENTATION_CONTEXT() REPRESENTATION_CONTEXT('2D SPACE',''
  ) );
#2159 = ADVANCED_FACE('',(#2160),#1747,.T.);
#2160 = FACE_BOUND('',#2161,.T.);
#2161 = EDGE_LOOP('',(#2162,#2163,#2184,#2205));
#2162 = ORIENTED_EDGE('',*,*,#1731,.F.);
#2163 = ORIENTED_EDGE('',*,*,#2164,.F.);
#2164 = EDGE_CURVE('',#2165,#1703,#2167,.T.);
#2165 = VERTEX_POINT('',#2166);
#2166 = CARTESIAN_POINT('',(23.757839583125,2.25,5.));
#2167 = SURFACE_CURVE('',#2168,(#2172,#2178),.PCURVE_S1.);
#2168 = LINE('',#2169,#2170);
#2169 = CARTESIAN_POINT('',(23.757839583125,2.25,5.));
#2170 = VECTOR('',#2171,1.);
#2171 = DIRECTION('',(0.,1.,0.));
#2172 = PCURVE('',#1747,#2173);
#2173 = DEFINITIONAL_REPRESENTATION('',(#2174),#2177);
#2174 = B_SPLINE_CURVE_WITH_KNOTS('',1,(#2175,#2176),.UNSPECIFIED.,.F.,
  .F.,(2,2),(-5.999999999062E-07,2.0000006),.PIECEWISE_BEZIER_KNOTS.);
#2175 = CARTESIAN_POINT('',(6.457839583125,-5.999999999062E-07));
#2176 = CARTESIAN_POINT('',(6.457839583125,2.0000006));
#2177 = ( GEOMETRIC_REPRESENTATION_CONTEXT(2) 
PARAMETRIC_REPRESENTATION_CONTEXT() REPRESENTATION_CONTEXT('2D SPACE',''
  ) );
#2178 = PCURVE('',#1719,#2179);
#2179 = DEFINITIONAL_REPRESENTATION('',(#2180),#2183);
#2180 = B_SPLINE_CURVE_WITH_KNOTS('',1,(#2181,#2182),.UNSPECIFIED.,.F.,
  .F.,(2,2),(0.,2.),.PIECEWISE_BEZIER_KNOTS.);
#2181 = CARTESIAN_POINT('',(6.621256250801,0.));
#2182 = CARTESIAN_POINT('',(6.621256250801,2.));
#2183 = ( GEOMETRIC_REPRESENTATION_CONTEXT(2) 
PARAMETRIC_REPRESENTATION_CONTEXT() REPRESENTATION_CONTEXT('2D SPACE',''
  ) );
#2184 = ORIENTED_EDGE('',*,*,#2185,.T.);
#2185 = EDGE_CURVE('',#2165,#2115,#2186,.T.);
#2186 = SURFACE_CURVE('',#2187,(#2191,#2198),.PCURVE_S1.);
#2187 = LINE('',#2188,#2189);
#2188 = CARTESIAN_POINT('',(17.3,2.25,5.));
#2189 = VECTOR('',#2190,1.);
#2190 = DIRECTION('',(1.,0.,0.));
#2191 = PCURVE('',#1747,#2192);
#2192 = DEFINITIONAL_REPRESENTATION('',(#2193),#2197);
#2193 = LINE('',#2194,#2195);
#2194 = CARTESIAN_POINT('',(0.,0.));
#2195 = VECTOR('',#2196,1.);
#2196 = DIRECTION('',(1.,0.));
#2197 = ( GEOMETRIC_REPRESENTATION_CONTEXT(2) 
PARAMETRIC_REPRESENTATION_CONTEXT() REPRESENTATION_CONTEXT('2D SPACE',''
  ) );
#2198 = PCURVE('',#90,#2199);
#2199 = DEFINITIONAL_REPRESENTATION('',(#2200),#2204);
#2200 = LINE('',#2201,#2202);
#2201 = CARTESIAN_POINT('',(5.,-4.7));
#2202 = VECTOR('',#2203,1.);
#2203 = DIRECTION('',(0.,1.));
#2204 = ( GEOMETRIC_REPRESENTATION_CONTEXT(2) 
PARAMETRIC_REPRESENTATION_CONTEXT() REPRESENTATION_CONTEXT('2D SPACE',''
  ) );
#2205 = ORIENTED_EDGE('',*,*,#2139,.T.);
#2206 = ADVANCED_FACE('',(#2207),#1719,.T.);
#2207 = FACE_BOUND('',#2208,.T.);
#2208 = EDGE_LOOP('',(#2209,#2237,#2238,#2239));
#2209 = ORIENTED_EDGE('',*,*,#2210,.F.);
#2210 = EDGE_CURVE('',#2165,#2211,#2213,.T.);
#2211 = VERTEX_POINT('',#2212);
#2212 = CARTESIAN_POINT('',(20.242160416875,2.25,5.));
#2213 = SURFACE_CURVE('',#2214,(#2219,#2226),.PCURVE_S1.);
#2214 = CIRCLE('',#2215,5.3);
#2215 = AXIS2_PLACEMENT_3D('',#2216,#2217,#2218);
#2216 = CARTESIAN_POINT('',(22.,2.25,0.));
#2217 = DIRECTION('',(0.,-1.,0.));
#2218 = DIRECTION('',(0.331667845873,0.,0.943396226415));
#2219 = PCURVE('',#1719,#2220);
#2220 = DEFINITIONAL_REPRESENTATION('',(#2221),#2225);
#2221 = LINE('',#2222,#2223);
#2222 = CARTESIAN_POINT('',(6.621256250802,0.));
#2223 = VECTOR('',#2224,1.);
#2224 = DIRECTION('',(-1.,-0.));
#2225 = ( GEOMETRIC_REPRESENTATION_CONTEXT(2) 
PARAMETRIC_REPRESENTATION_CONTEXT() REPRESENTATION_CONTEXT('2D SPACE',''
  ) );
#2226 = PCURVE('',#90,#2227);
#2227 = DEFINITIONAL_REPRESENTATION('',(#2228),#2236);
#2228 = ( BOUNDED_CURVE() B_SPLINE_CURVE(2,(#2229,#2230,#2231,#2232,
#2233,#2234,#2235),.UNSPECIFIED.,.T.,.F.) B_SPLINE_CURVE_WITH_KNOTS((1,2
    ,2,2,2,1),(-2.094395102393,0.,2.094395102393,4.188790204786,
6.28318530718,8.377580409573),.UNSPECIFIED.) CURVE() 
GEOMETRIC_REPRESENTATION_ITEM() RATIONAL_B_SPLINE_CURVE((1.,0.5,1.,0.5,
1.,0.5,1.)) REPRESENTATION_ITEM('') );
#2229 = CARTESIAN_POINT('',(5.,1.757839583125));
#2230 = CARTESIAN_POINT('',(8.044667469528,-6.902414454719));
#2231 = CARTESIAN_POINT('',(-0.977666265236,-5.209046810485));
#2232 = CARTESIAN_POINT('',(-10.,-3.51567916625));
#2233 = CARTESIAN_POINT('',(-4.022333734764,3.45120722736));
#2234 = CARTESIAN_POINT('',(1.955332530472,10.418093620969));
#2235 = CARTESIAN_POINT('',(5.,1.757839583125));
#2236 = ( GEOMETRIC_REPRESENTATION_CONTEXT(2) 
PARAMETRIC_REPRESENTATION_CONTEXT() REPRESENTATION_CONTEXT('2D SPACE',''
  ) );
#2237 = ORIENTED_EDGE('',*,*,#2164,.T.);
#2238 = ORIENTED_EDGE('',*,*,#1702,.F.);
#2239 = ORIENTED_EDGE('',*,*,#2240,.F.);
#2240 = EDGE_CURVE('',#2211,#1675,#2241,.T.);
#2241 = SURFACE_CURVE('',#2242,(#2246,#2252),.PCURVE_S1.);
#2242 = LINE('',#2243,#2244);
#2243 = CARTESIAN_POINT('',(20.242160416875,2.25,5.));
#2244 = VECTOR('',#2245,1.);
#2245 = DIRECTION('',(0.,1.,0.));
#2246 = PCURVE('',#1719,#2247);
#2247 = DEFINITIONAL_REPRESENTATION('',(#2248),#2251);
#2248 = B_SPLINE_CURVE_WITH_KNOTS('',1,(#2249,#2250),.UNSPECIFIED.,.F.,
  .F.,(2,2),(0.,2.),.PIECEWISE_BEZIER_KNOTS.);
#2249 = CARTESIAN_POINT('',(5.945114363558,0.));
#2250 = CARTESIAN_POINT('',(5.945114363558,2.));
#2251 = ( GEOMETRIC_REPRESENTATION_CONTEXT(2) 
PARAMETRIC_REPRESENTATION_CONTEXT() REPRESENTATION_CONTEXT('2D SPACE',''
  ) );
#2252 = PCURVE('',#1690,#2253);
#2253 = DEFINITIONAL_REPRESENTATION('',(#2254),#2257);
#2254 = B_SPLINE_CURVE_WITH_KNOTS('',1,(#2255,#2256),.UNSPECIFIED.,.F.,
  .F.,(2,2),(-5.999999999062E-07,2.0000006),.PIECEWISE_BEZIER_KNOTS.);
#2255 = CARTESIAN_POINT('',(2.942160416875,-5.999999999062E-07));
#2256 = CARTESIAN_POINT('',(2.942160416875,2.0000006));
#2257 = ( GEOMETRIC_REPRESENTATION_CONTEXT(2) 
PARAMETRIC_REPRESENTATION_CONTEXT() REPRESENTATION_CONTEXT('2D SPACE',''
  ) );
#2258 = ADVANCED_FACE('',(#2259),#1690,.T.);
#2259 = FACE_BOUND('',#2260,.T.);
#2260 = EDGE_LOOP('',(#2261,#2262,#2285,#2306));
#2261 = ORIENTED_EDGE('',*,*,#1674,.F.);
#2262 = ORIENTED_EDGE('',*,*,#2263,.F.);
#2263 = EDGE_CURVE('',#2264,#1647,#2266,.T.);
#2264 = VERTEX_POINT('',#2265);
#2265 = CARTESIAN_POINT('',(17.3,2.25,5.));
#2266 = SURFACE_CURVE('',#2267,(#2271,#2278),.PCURVE_S1.);
#2267 = LINE('',#2268,#2269);
#2268 = CARTESIAN_POINT('',(17.3,2.25,5.));
#2269 = VECTOR('',#2270,1.);
#2270 = DIRECTION('',(0.,1.,0.));
#2271 = PCURVE('',#1690,#2272);
#2272 = DEFINITIONAL_REPRESENTATION('',(#2273),#2277);
#2273 = LINE('',#2274,#2275);
#2274 = CARTESIAN_POINT('',(0.,0.));
#2275 = VECTOR('',#2276,1.);
#2276 = DIRECTION('',(0.,1.));
#2277 = ( GEOMETRIC_REPRESENTATION_CONTEXT(2) 
PARAMETRIC_REPRESENTATION_CONTEXT() REPRESENTATION_CONTEXT('2D SPACE',''
  ) );
#2278 = PCURVE('',#1662,#2279);
#2279 = DEFINITIONAL_REPRESENTATION('',(#2280),#2284);
#2280 = LINE('',#2281,#2282);
#2281 = CARTESIAN_POINT('',(10.,0.));
#2282 = VECTOR('',#2283,1.);
#2283 = DIRECTION('',(0.,-1.));
#2284 = ( GEOMETRIC_REPRESENTATION_CONTEXT(2) 
PARAMETRIC_REPRESENTATION_CONTEXT() REPRESENTATION_CONTEXT('2D SPACE',''
  ) );
#2285 = ORIENTED_EDGE('',*,*,#2286,.T.);
#2286 = EDGE_CURVE('',#2264,#2211,#2287,.T.);
#2287 = SURFACE_CURVE('',#2288,(#2292,#2299),.PCURVE_S1.);
#2288 = LINE('',#2289,#2290);
#2289 = CARTESIAN_POINT('',(17.3,2.25,5.));
#2290 = VECTOR('',#2291,1.);
#2291 = DIRECTION('',(1.,0.,0.));
#2292 = PCURVE('',#1690,#2293);
#2293 = DEFINITIONAL_REPRESENTATION('',(#2294),#2298);
#2294 = LINE('',#2295,#2296);
#2295 = CARTESIAN_POINT('',(0.,0.));
#2296 = VECTOR('',#2297,1.);
#2297 = DIRECTION('',(1.,0.));
#2298 = ( GEOMETRIC_REPRESENTATION_CONTEXT(2) 
PARAMETRIC_REPRESENTATION_CONTEXT() REPRESENTATION_CONTEXT('2D SPACE',''
  ) );
#2299 = PCURVE('',#90,#2300);
#2300 = DEFINITIONAL_REPRESENTATION('',(#2301),#2305);
#2301 = LINE('',#2302,#2303);
#2302 = CARTESIAN_POINT('',(5.,-4.7));
#2303 = VECTOR('',#2304,1.);
#2304 = DIRECTION('',(0.,1.));
#2305 = ( GEOMETRIC_REPRESENTATION_CONTEXT(2) 
PARAMETRIC_REPRESENTATION_CONTEXT() REPRESENTATION_CONTEXT('2D SPACE',''
  ) );
#2306 = ORIENTED_EDGE('',*,*,#2240,.T.);
#2307 = ADVANCED_FACE('',(#2308),#1662,.F.);
#2308 = FACE_BOUND('',#2309,.F.);
#2309 = EDGE_LOOP('',(#2310,#2333,#2352,#2353));
#2310 = ORIENTED_EDGE('',*,*,#2311,.F.);
#2311 = EDGE_CURVE('',#2312,#2264,#2314,.T.);
#2312 = VERTEX_POINT('',#2313);
#2313 = CARTESIAN_POINT('',(17.3,2.25,2.449489742783));
#2314 = SURFACE_CURVE('',#2315,(#2319,#2326),.PCURVE_S1.);
#2315 = LINE('',#2316,#2317);
#2316 = CARTESIAN_POINT('',(17.3,2.25,-5.));
#2317 = VECTOR('',#2318,1.);
#2318 = DIRECTION('',(0.,0.,1.));
#2319 = PCURVE('',#1662,#2320);
#2320 = DEFINITIONAL_REPRESENTATION('',(#2321),#2325);
#2321 = LINE('',#2322,#2323);
#2322 = CARTESIAN_POINT('',(0.,0.));
#2323 = VECTOR('',#2324,1.);
#2324 = DIRECTION('',(1.,0.));
#2325 = ( GEOMETRIC_REPRESENTATION_CONTEXT(2) 
PARAMETRIC_REPRESENTATION_CONTEXT() REPRESENTATION_CONTEXT('2D SPACE',''
  ) );
#2326 = PCURVE('',#90,#2327);
#2327 = DEFINITIONAL_REPRESENTATION('',(#2328),#2332);
#2328 = LINE('',#2329,#2330);
#2329 = CARTESIAN_POINT('',(-5.,-4.7));
#2330 = VECTOR('',#2331,1.);
#2331 = DIRECTION('',(1.,0.));
#2332 = ( GEOMETRIC_REPRESENTATION_CONTEXT(2) 
PARAMETRIC_REPRESENTATION_CONTEXT() REPRESENTATION_CONTEXT('2D SPACE',''
  ) );
#2333 = ORIENTED_EDGE('',*,*,#2334,.T.);
#2334 = EDGE_CURVE('',#2312,#1618,#2335,.T.);
#2335 = SURFACE_CURVE('',#2336,(#2340,#2346),.PCURVE_S1.);
#2336 = LINE('',#2337,#2338);
#2337 = CARTESIAN_POINT('',(17.3,2.25,2.449489742783));
#2338 = VECTOR('',#2339,1.);
#2339 = DIRECTION('',(0.,1.,0.));
#2340 = PCURVE('',#1662,#2341);
#2341 = DEFINITIONAL_REPRESENTATION('',(#2342),#2345);
#2342 = B_SPLINE_CURVE_WITH_KNOTS('',1,(#2343,#2344),.UNSPECIFIED.,.F.,
  .F.,(2,2),(-5.999999999062E-07,2.0000006),.PIECEWISE_BEZIER_KNOTS.);
#2343 = CARTESIAN_POINT('',(7.449489742783,5.999999999062E-07));
#2344 = CARTESIAN_POINT('',(7.449489742783,-2.0000006));
#2345 = ( GEOMETRIC_REPRESENTATION_CONTEXT(2) 
PARAMETRIC_REPRESENTATION_CONTEXT() REPRESENTATION_CONTEXT('2D SPACE',''
  ) );
#2346 = PCURVE('',#1634,#2347);
#2347 = DEFINITIONAL_REPRESENTATION('',(#2348),#2351);
#2348 = B_SPLINE_CURVE_WITH_KNOTS('',1,(#2349,#2350),.UNSPECIFIED.,.F.,
  .F.,(2,2),(-5.999999999062E-07,2.0000006),.PIECEWISE_BEZIER_KNOTS.);
#2349 = CARTESIAN_POINT('',(5.192827252135,-5.999999999062E-07));
#2350 = CARTESIAN_POINT('',(5.192827252135,2.0000006));
#2351 = ( GEOMETRIC_REPRESENTATION_CONTEXT(2) 
PARAMETRIC_REPRESENTATION_CONTEXT() REPRESENTATION_CONTEXT('2D SPACE',''
  ) );
#2352 = ORIENTED_EDGE('',*,*,#1646,.T.);
#2353 = ORIENTED_EDGE('',*,*,#2263,.F.);
#2354 = ADVANCED_FACE('',(#2355),#1634,.T.);
#2355 = FACE_BOUND('',#2356,.T.);
#2356 = EDGE_LOOP('',(#2357,#2381,#2382,#2383));
#2357 = ORIENTED_EDGE('',*,*,#2358,.T.);
#2358 = EDGE_CURVE('',#2359,#2312,#2361,.T.);
#2359 = VERTEX_POINT('',#2360);
#2360 = CARTESIAN_POINT('',(17.3,2.25,-2.449489742783));
#2361 = SURFACE_CURVE('',#2362,(#2367,#2374),.PCURVE_S1.);
#2362 = CIRCLE('',#2363,5.3);
#2363 = AXIS2_PLACEMENT_3D('',#2364,#2365,#2366);
#2364 = CARTESIAN_POINT('',(22.,2.25,0.));
#2365 = DIRECTION('',(0.,1.,0.));
#2366 = DIRECTION('',(0.,-0.,1.));
#2367 = PCURVE('',#1634,#2368);
#2368 = DEFINITIONAL_REPRESENTATION('',(#2369),#2373);
#2369 = LINE('',#2370,#2371);
#2370 = CARTESIAN_POINT('',(0.,0.));
#2371 = VECTOR('',#2372,1.);
#2372 = DIRECTION('',(1.,0.));
#2373 = ( GEOMETRIC_REPRESENTATION_CONTEXT(2) 
PARAMETRIC_REPRESENTATION_CONTEXT() REPRESENTATION_CONTEXT('2D SPACE',''
  ) );
#2374 = PCURVE('',#90,#2375);
#2375 = DEFINITIONAL_REPRESENTATION('',(#2376),#2380);
#2376 = CIRCLE('',#2377,5.3);
#2377 = AXIS2_PLACEMENT_2D('',#2378,#2379);
#2378 = CARTESIAN_POINT('',(0.,0.));
#2379 = DIRECTION('',(1.,0.));
#2380 = ( GEOMETRIC_REPRESENTATION_CONTEXT(2) 
PARAMETRIC_REPRESENTATION_CONTEXT() REPRESENTATION_CONTEXT('2D SPACE',''
  ) );
#2381 = ORIENTED_EDGE('',*,*,#2334,.T.);
#2382 = ORIENTED_EDGE('',*,*,#1617,.F.);
#2383 = ORIENTED_EDGE('',*,*,#2384,.F.);
#2384 = EDGE_CURVE('',#2359,#1590,#2385,.T.);
#2385 = SURFACE_CURVE('',#2386,(#2390,#2396),.PCURVE_S1.);
#2386 = LINE('',#2387,#2388);
#2387 = CARTESIAN_POINT('',(17.3,2.25,-2.449489742783));
#2388 = VECTOR('',#2389,1.);
#2389 = DIRECTION('',(0.,1.,0.));
#2390 = PCURVE('',#1634,#2391);
#2391 = DEFINITIONAL_REPRESENTATION('',(#2392),#2395);
#2392 = B_SPLINE_CURVE_WITH_KNOTS('',1,(#2393,#2394),.UNSPECIFIED.,.F.,
  .F.,(2,2),(-5.999999999062E-07,2.0000006),.PIECEWISE_BEZIER_KNOTS.);
#2393 = CARTESIAN_POINT('',(4.231950708634,-5.999999999062E-07));
#2394 = CARTESIAN_POINT('',(4.231950708634,2.0000006));
#2395 = ( GEOMETRIC_REPRESENTATION_CONTEXT(2) 
PARAMETRIC_REPRESENTATION_CONTEXT() REPRESENTATION_CONTEXT('2D SPACE',''
  ) );
#2396 = PCURVE('',#1605,#2397);
#2397 = DEFINITIONAL_REPRESENTATION('',(#2398),#2401);
#2398 = B_SPLINE_CURVE_WITH_KNOTS('',1,(#2399,#2400),.UNSPECIFIED.,.F.,
  .F.,(2,2),(-5.999999999062E-07,2.0000006),.PIECEWISE_BEZIER_KNOTS.);
#2399 = CARTESIAN_POINT('',(2.550510257217,5.999999999062E-07));
#2400 = CARTESIAN_POINT('',(2.550510257217,-2.0000006));
#2401 = ( GEOMETRIC_REPRESENTATION_CONTEXT(2) 
PARAMETRIC_REPRESENTATION_CONTEXT() REPRESENTATION_CONTEXT('2D SPACE',''
  ) );
#2402 = ADVANCED_FACE('',(#2403),#1605,.F.);
#2403 = FACE_BOUND('',#2404,.F.);
#2404 = EDGE_LOOP('',(#2405,#2428,#2449,#2450));
#2405 = ORIENTED_EDGE('',*,*,#2406,.F.);
#2406 = EDGE_CURVE('',#2407,#2359,#2409,.T.);
#2407 = VERTEX_POINT('',#2408);
#2408 = CARTESIAN_POINT('',(17.3,2.25,-5.));
#2409 = SURFACE_CURVE('',#2410,(#2414,#2421),.PCURVE_S1.);
#2410 = LINE('',#2411,#2412);
#2411 = CARTESIAN_POINT('',(17.3,2.25,-5.));
#2412 = VECTOR('',#2413,1.);
#2413 = DIRECTION('',(0.,0.,1.));
#2414 = PCURVE('',#1605,#2415);
#2415 = DEFINITIONAL_REPRESENTATION('',(#2416),#2420);
#2416 = LINE('',#2417,#2418);
#2417 = CARTESIAN_POINT('',(0.,0.));
#2418 = VECTOR('',#2419,1.);
#2419 = DIRECTION('',(1.,0.));
#2420 = ( GEOMETRIC_REPRESENTATION_CONTEXT(2) 
PARAMETRIC_REPRESENTATION_CONTEXT() REPRESENTATION_CONTEXT('2D SPACE',''
  ) );
#2421 = PCURVE('',#90,#2422);
#2422 = DEFINITIONAL_REPRESENTATION('',(#2423),#2427);
#2423 = LINE('',#2424,#2425);
#2424 = CARTESIAN_POINT('',(-5.,-4.7));
#2425 = VECTOR('',#2426,1.);
#2426 = DIRECTION('',(1.,0.));
#2427 = ( GEOMETRIC_REPRESENTATION_CONTEXT(2) 
PARAMETRIC_REPRESENTATION_CONTEXT() REPRESENTATION_CONTEXT('2D SPACE',''
  ) );
#2428 = ORIENTED_EDGE('',*,*,#2429,.T.);
#2429 = EDGE_CURVE('',#2407,#1560,#2430,.T.);
#2430 = SURFACE_CURVE('',#2431,(#2435,#2442),.PCURVE_S1.);
#2431 = LINE('',#2432,#2433);
#2432 = CARTESIAN_POINT('',(17.3,2.25,-5.));
#2433 = VECTOR('',#2434,1.);
#2434 = DIRECTION('',(0.,1.,0.));
#2435 = PCURVE('',#1605,#2436);
#2436 = DEFINITIONAL_REPRESENTATION('',(#2437),#2441);
#2437 = LINE('',#2438,#2439);
#2438 = CARTESIAN_POINT('',(0.,0.));
#2439 = VECTOR('',#2440,1.);
#2440 = DIRECTION('',(0.,-1.));
#2441 = ( GEOMETRIC_REPRESENTATION_CONTEXT(2) 
PARAMETRIC_REPRESENTATION_CONTEXT() REPRESENTATION_CONTEXT('2D SPACE',''
  ) );
#2442 = PCURVE('',#1577,#2443);
#2443 = DEFINITIONAL_REPRESENTATION('',(#2444),#2448);
#2444 = LINE('',#2445,#2446);
#2445 = CARTESIAN_POINT('',(0.,0.));
#2446 = VECTOR('',#2447,1.);
#2447 = DIRECTION('',(0.,1.));
#2448 = ( GEOMETRIC_REPRESENTATION_CONTEXT(2) 
PARAMETRIC_REPRESENTATION_CONTEXT() REPRESENTATION_CONTEXT('2D SPACE',''
  ) );
#2449 = ORIENTED_EDGE('',*,*,#1589,.T.);
#2450 = ORIENTED_EDGE('',*,*,#2384,.F.);
#2451 = ADVANCED_FACE('',(#2452),#1577,.F.);
#2452 = FACE_BOUND('',#2453,.F.);
#2453 = EDGE_LOOP('',(#2454,#2455,#2456,#2477));
#2454 = ORIENTED_EDGE('',*,*,#1559,.F.);
#2455 = ORIENTED_EDGE('',*,*,#2429,.F.);
#2456 = ORIENTED_EDGE('',*,*,#2457,.T.);
#2457 = EDGE_CURVE('',#2407,#1925,#2458,.T.);
#2458 = SURFACE_CURVE('',#2459,(#2463,#2470),.PCURVE_S1.);
#2459 = LINE('',#2460,#2461);
#2460 = CARTESIAN_POINT('',(17.3,2.25,-5.));
#2461 = VECTOR('',#2462,1.);
#2462 = DIRECTION('',(1.,0.,0.));
#2463 = PCURVE('',#1577,#2464);
#2464 = DEFINITIONAL_REPRESENTATION('',(#2465),#2469);
#2465 = LINE('',#2466,#2467);
#2466 = CARTESIAN_POINT('',(0.,0.));
#2467 = VECTOR('',#2468,1.);
#2468 = DIRECTION('',(1.,0.));
#2469 = ( GEOMETRIC_REPRESENTATION_CONTEXT(2) 
PARAMETRIC_REPRESENTATION_CONTEXT() REPRESENTATION_CONTEXT('2D SPACE',''
  ) );
#2470 = PCURVE('',#90,#2471);
#2471 = DEFINITIONAL_REPRESENTATION('',(#2472),#2476);
#2472 = LINE('',#2473,#2474);
#2473 = CARTESIAN_POINT('',(-5.,-4.7));
#2474 = VECTOR('',#2475,1.);
#2475 = DIRECTION('',(0.,1.));
#2476 = ( GEOMETRIC_REPRESENTATION_CONTEXT(2) 
PARAMETRIC_REPRESENTATION_CONTEXT() REPRESENTATION_CONTEXT('2D SPACE',''
  ) );
#2477 = ORIENTED_EDGE('',*,*,#1948,.T.);
#2478 = ADVANCED_FACE('',(#2479),#1368,.T.);
#2479 = FACE_BOUND('',#2480,.T.);
#2480 = EDGE_LOOP('',(#2481,#2505,#2527));
#2481 = ORIENTED_EDGE('',*,*,#2482,.T.);
#2482 = EDGE_CURVE('',#1319,#2483,#2485,.T.);
#2483 = VERTEX_POINT('',#2484);
#2484 = CARTESIAN_POINT('',(22.,-6.,3.15));
#2485 = SURFACE_CURVE('',#2486,(#2491,#2498),.PCURVE_S1.);
#2486 = CIRCLE('',#2487,3.15);
#2487 = AXIS2_PLACEMENT_3D('',#2488,#2489,#2490);
#2488 = CARTESIAN_POINT('',(22.,-6.,0.));
#2489 = DIRECTION('',(0.,1.,0.));
#2490 = DIRECTION('',(0.,-0.,1.));
#2491 = PCURVE('',#1368,#2492);
#2492 = DEFINITIONAL_REPRESENTATION('',(#2493),#2497);
#2493 = CIRCLE('',#2494,3.15);
#2494 = AXIS2_PLACEMENT_2D('',#2495,#2496);
#2495 = CARTESIAN_POINT('',(0.,0.));
#2496 = DIRECTION('',(1.,0.));
#2497 = ( GEOMETRIC_REPRESENTATION_CONTEXT(2) 
PARAMETRIC_REPRESENTATION_CONTEXT() REPRESENTATION_CONTEXT('2D SPACE',''
  ) );
#2498 = PCURVE('',#182,#2499);
#2499 = DEFINITIONAL_REPRESENTATION('',(#2500),#2504);
#2500 = LINE('',#2501,#2502);
#2501 = CARTESIAN_POINT('',(0.,0.));
#2502 = VECTOR('',#2503,1.);
#2503 = DIRECTION('',(1.,0.));
#2504 = ( GEOMETRIC_REPRESENTATION_CONTEXT(2) 
PARAMETRIC_REPRESENTATION_CONTEXT() REPRESENTATION_CONTEXT('2D SPACE',''
  ) );
#2505 = ORIENTED_EDGE('',*,*,#2506,.T.);
#2506 = EDGE_CURVE('',#2483,#1354,#2507,.T.);
#2507 = SURFACE_CURVE('',#2508,(#2513,#2520),.PCURVE_S1.);
#2508 = CIRCLE('',#2509,3.15);
#2509 = AXIS2_PLACEMENT_3D('',#2510,#2511,#2512);
#2510 = CARTESIAN_POINT('',(22.,-6.,0.));
#2511 = DIRECTION('',(0.,1.,0.));
#2512 = DIRECTION('',(0.,-0.,1.));
#2513 = PCURVE('',#1368,#2514);
#2514 = DEFINITIONAL_REPRESENTATION('',(#2515),#2519);
#2515 = CIRCLE('',#2516,3.15);
#2516 = AXIS2_PLACEMENT_2D('',#2517,#2518);
#2517 = CARTESIAN_POINT('',(0.,0.));
#2518 = DIRECTION('',(1.,0.));
#2519 = ( GEOMETRIC_REPRESENTATION_CONTEXT(2) 
PARAMETRIC_REPRESENTATION_CONTEXT() REPRESENTATION_CONTEXT('2D SPACE',''
  ) );
#2520 = PCURVE('',#182,#2521);
#2521 = DEFINITIONAL_REPRESENTATION('',(#2522),#2526);
#2522 = LINE('',#2523,#2524);
#2523 = CARTESIAN_POINT('',(0.,0.));
#2524 = VECTOR('',#2525,1.);
#2525 = DIRECTION('',(1.,0.));
#2526 = ( GEOMETRIC_REPRESENTATION_CONTEXT(2) 
PARAMETRIC_REPRESENTATION_CONTEXT() REPRESENTATION_CONTEXT('2D SPACE',''
  ) );
#2527 = ORIENTED_EDGE('',*,*,#1353,.F.);
#2528 = ADVANCED_FACE('',(#2529),#782,.F.);
#2529 = FACE_BOUND('',#2530,.F.);
#2530 = EDGE_LOOP('',(#2531,#2532,#2533,#2534));
#2531 = ORIENTED_EDGE('',*,*,#1512,.T.);
#2532 = ORIENTED_EDGE('',*,*,#1295,.T.);
#2533 = ORIENTED_EDGE('',*,*,#766,.T.);
#2534 = ORIENTED_EDGE('',*,*,#2535,.F.);
#2535 = EDGE_CURVE('',#1490,#739,#2536,.T.);
#2536 = SURFACE_CURVE('',#2537,(#2542,#2549),.PCURVE_S1.);
#2537 = CIRCLE('',#2538,19.);
#2538 = AXIS2_PLACEMENT_3D('',#2539,#2540,#2541);
#2539 = CARTESIAN_POINT('',(0.,0.,-4.));
#2540 = DIRECTION('',(0.,0.,1.));
#2541 = DIRECTION('',(1.,0.,-0.));
#2542 = PCURVE('',#782,#2543);
#2543 = DEFINITIONAL_REPRESENTATION('',(#2544),#2548);
#2544 = CIRCLE('',#2545,19.);
#2545 = AXIS2_PLACEMENT_2D('',#2546,#2547);
#2546 = CARTESIAN_POINT('',(0.,0.));
#2547 = DIRECTION('',(1.,0.));
#2548 = ( GEOMETRIC_REPRESENTATION_CONTEXT(2) 
PARAMETRIC_REPRESENTATION_CONTEXT() REPRESENTATION_CONTEXT('2D SPACE',''
  ) );
#2549 = PCURVE('',#754,#2550);
#2550 = DEFINITIONAL_REPRESENTATION('',(#2551),#2555);
#2551 = LINE('',#2552,#2553);
#2552 = CARTESIAN_POINT('',(0.,0.2));
#2553 = VECTOR('',#2554,1.);
#2554 = DIRECTION('',(1.,0.));
#2555 = ( GEOMETRIC_REPRESENTATION_CONTEXT(2) 
PARAMETRIC_REPRESENTATION_CONTEXT() REPRESENTATION_CONTEXT('2D SPACE',''
  ) );
#2556 = ADVANCED_FACE('',(#2557),#754,.F.);
#2557 = FACE_BOUND('',#2558,.F.);
#2558 = EDGE_LOOP('',(#2559,#2581,#2582,#2583));
#2559 = ORIENTED_EDGE('',*,*,#2560,.F.);
#2560 = EDGE_CURVE('',#1467,#709,#2561,.T.);
#2561 = SURFACE_CURVE('',#2562,(#2567,#2574),.PCURVE_S1.);
#2562 = CIRCLE('',#2563,19.);
#2563 = AXIS2_PLACEMENT_3D('',#2564,#2565,#2566);
#2564 = CARTESIAN_POINT('',(0.,0.,4.));
#2565 = DIRECTION('',(0.,0.,1.));
#2566 = DIRECTION('',(1.,0.,-0.));
#2567 = PCURVE('',#754,#2568);
#2568 = DEFINITIONAL_REPRESENTATION('',(#2569),#2573);
#2569 = LINE('',#2570,#2571);
#2570 = CARTESIAN_POINT('',(0.,8.2));
#2571 = VECTOR('',#2572,1.);
#2572 = DIRECTION('',(1.,0.));
#2573 = ( GEOMETRIC_REPRESENTATION_CONTEXT(2) 
PARAMETRIC_REPRESENTATION_CONTEXT() REPRESENTATION_CONTEXT('2D SPACE',''
  ) );
#2574 = PCURVE('',#726,#2575);
#2575 = DEFINITIONAL_REPRESENTATION('',(#2576),#2580);
#2576 = CIRCLE('',#2577,19.);
#2577 = AXIS2_PLACEMENT_2D('',#2578,#2579);
#2578 = CARTESIAN_POINT('',(0.,0.));
#2579 = DIRECTION('',(1.,0.));
#2580 = ( GEOMETRIC_REPRESENTATION_CONTEXT(2) 
PARAMETRIC_REPRESENTATION_CONTEXT() REPRESENTATION_CONTEXT('2D SPACE',''
  ) );
#2581 = ORIENTED_EDGE('',*,*,#1489,.T.);
#2582 = ORIENTED_EDGE('',*,*,#2535,.T.);
#2583 = ORIENTED_EDGE('',*,*,#738,.T.);
#2584 = ADVANCED_FACE('',(#2585),#726,.T.);
#2585 = FACE_BOUND('',#2586,.T.);
#2586 = EDGE_LOOP('',(#2587,#2588,#2589,#2590));
#2587 = ORIENTED_EDGE('',*,*,#1466,.F.);
#2588 = ORIENTED_EDGE('',*,*,#1126,.T.);
#2589 = ORIENTED_EDGE('',*,*,#708,.F.);
#2590 = ORIENTED_EDGE('',*,*,#2560,.F.);
#2591 = ADVANCED_FACE('',(#2592),#593,.F.);
#2592 = FACE_BOUND('',#2593,.F.);
#2593 = EDGE_LOOP('',(#2594,#2595,#2614,#2615));
#2594 = ORIENTED_EDGE('',*,*,#939,.F.);
#2595 = ORIENTED_EDGE('',*,*,#2596,.T.);
#2596 = EDGE_CURVE('',#916,#549,#2597,.T.);
#2597 = SURFACE_CURVE('',#2598,(#2602,#2608),.PCURVE_S1.);
#2598 = LINE('',#2599,#2600);
#2599 = CARTESIAN_POINT('',(17.3,-4.25,2.449489742783));
#2600 = VECTOR('',#2601,1.);
#2601 = DIRECTION('',(0.,1.,0.));
#2602 = PCURVE('',#593,#2603);
#2603 = DEFINITIONAL_REPRESENTATION('',(#2604),#2607);
#2604 = B_SPLINE_CURVE_WITH_KNOTS('',1,(#2605,#2606),.UNSPECIFIED.,.F.,
  .F.,(2,2),(-6.000000167816E-07,2.0000006),.PIECEWISE_BEZIER_KNOTS.);
#2605 = CARTESIAN_POINT('',(7.449489742783,6.000000167816E-07));
#2606 = CARTESIAN_POINT('',(7.449489742783,-2.0000006));
#2607 = ( GEOMETRIC_REPRESENTATION_CONTEXT(2) 
PARAMETRIC_REPRESENTATION_CONTEXT() REPRESENTATION_CONTEXT('2D SPACE',''
  ) );
#2608 = PCURVE('',#565,#2609);
#2609 = DEFINITIONAL_REPRESENTATION('',(#2610),#2613);
#2610 = B_SPLINE_CURVE_WITH_KNOTS('',1,(#2611,#2612),.UNSPECIFIED.,.F.,
  .F.,(2,2),(-6.000000167816E-07,2.0000006),.PIECEWISE_BEZIER_KNOTS.);
#2611 = CARTESIAN_POINT('',(5.192827252135,-6.000000167816E-07));
#2612 = CARTESIAN_POINT('',(5.192827252135,2.0000006));
#2613 = ( GEOMETRIC_REPRESENTATION_CONTEXT(2) 
PARAMETRIC_REPRESENTATION_CONTEXT() REPRESENTATION_CONTEXT('2D SPACE',''
  ) );
#2614 = ORIENTED_EDGE('',*,*,#577,.T.);
#2615 = ORIENTED_EDGE('',*,*,#635,.F.);
#2616 = ADVANCED_FACE('',(#2617),#565,.T.);
#2617 = FACE_BOUND('',#2618,.T.);
#2618 = EDGE_LOOP('',(#2619,#2620,#2621,#2640));
#2619 = ORIENTED_EDGE('',*,*,#2596,.T.);
#2620 = ORIENTED_EDGE('',*,*,#548,.F.);
#2621 = ORIENTED_EDGE('',*,*,#2622,.F.);
#2622 = EDGE_CURVE('',#893,#521,#2623,.T.);
#2623 = SURFACE_CURVE('',#2624,(#2628,#2634),.PCURVE_S1.);
#2624 = LINE('',#2625,#2626);
#2625 = CARTESIAN_POINT('',(17.3,-4.25,-2.449489742783));
#2626 = VECTOR('',#2627,1.);
#2627 = DIRECTION('',(0.,1.,0.));
#2628 = PCURVE('',#565,#2629);
#2629 = DEFINITIONAL_REPRESENTATION('',(#2630),#2633);
#2630 = B_SPLINE_CURVE_WITH_KNOTS('',1,(#2631,#2632),.UNSPECIFIED.,.F.,
  .F.,(2,2),(-6.000000167816E-07,2.0000006),.PIECEWISE_BEZIER_KNOTS.);
#2631 = CARTESIAN_POINT('',(4.231950708634,-6.000000167816E-07));
#2632 = CARTESIAN_POINT('',(4.231950708634,2.0000006));
#2633 = ( GEOMETRIC_REPRESENTATION_CONTEXT(2) 
PARAMETRIC_REPRESENTATION_CONTEXT() REPRESENTATION_CONTEXT('2D SPACE',''
  ) );
#2634 = PCURVE('',#536,#2635);
#2635 = DEFINITIONAL_REPRESENTATION('',(#2636),#2639);
#2636 = B_SPLINE_CURVE_WITH_KNOTS('',1,(#2637,#2638),.UNSPECIFIED.,.F.,
  .F.,(2,2),(-6.000000167816E-07,2.0000006),.PIECEWISE_BEZIER_KNOTS.);
#2637 = CARTESIAN_POINT('',(2.550510257217,6.000000167816E-07));
#2638 = CARTESIAN_POINT('',(2.550510257217,-2.0000006));
#2639 = ( GEOMETRIC_REPRESENTATION_CONTEXT(2) 
PARAMETRIC_REPRESENTATION_CONTEXT() REPRESENTATION_CONTEXT('2D SPACE',''
  ) );
#2640 = ORIENTED_EDGE('',*,*,#915,.T.);
#2641 = ADVANCED_FACE('',(#2642),#536,.F.);
#2642 = FACE_BOUND('',#2643,.F.);
#2643 = EDGE_LOOP('',(#2644,#2645,#2666,#2667));
#2644 = ORIENTED_EDGE('',*,*,#892,.F.);
#2645 = ORIENTED_EDGE('',*,*,#2646,.T.);
#2646 = EDGE_CURVE('',#868,#493,#2647,.T.);
#2647 = SURFACE_CURVE('',#2648,(#2652,#2659),.PCURVE_S1.);
#2648 = LINE('',#2649,#2650);
#2649 = CARTESIAN_POINT('',(17.3,-4.25,-5.));
#2650 = VECTOR('',#2651,1.);
#2651 = DIRECTION('',(0.,1.,0.));
#2652 = PCURVE('',#536,#2653);
#2653 = DEFINITIONAL_REPRESENTATION('',(#2654),#2658);
#2654 = LINE('',#2655,#2656);
#2655 = CARTESIAN_POINT('',(0.,0.));
#2656 = VECTOR('',#2657,1.);
#2657 = DIRECTION('',(0.,-1.));
#2658 = ( GEOMETRIC_REPRESENTATION_CONTEXT(2) 
PARAMETRIC_REPRESENTATION_CONTEXT() REPRESENTATION_CONTEXT('2D SPACE',''
  ) );
#2659 = PCURVE('',#508,#2660);
#2660 = DEFINITIONAL_REPRESENTATION('',(#2661),#2665);
#2661 = LINE('',#2662,#2663);
#2662 = CARTESIAN_POINT('',(0.,0.));
#2663 = VECTOR('',#2664,1.);
#2664 = DIRECTION('',(0.,1.));
#2665 = ( GEOMETRIC_REPRESENTATION_CONTEXT(2) 
PARAMETRIC_REPRESENTATION_CONTEXT() REPRESENTATION_CONTEXT('2D SPACE',''
  ) );
#2666 = ORIENTED_EDGE('',*,*,#520,.T.);
#2667 = ORIENTED_EDGE('',*,*,#2622,.F.);
#2668 = ADVANCED_FACE('',(#2669),#508,.F.);
#2669 = FACE_BOUND('',#2670,.F.);
#2670 = EDGE_LOOP('',(#2671,#2672,#2673,#2674));
#2671 = ORIENTED_EDGE('',*,*,#492,.F.);
#2672 = ORIENTED_EDGE('',*,*,#2646,.F.);
#2673 = ORIENTED_EDGE('',*,*,#867,.T.);
#2674 = ORIENTED_EDGE('',*,*,#2675,.T.);
#2675 = EDGE_CURVE('',#870,#464,#2676,.T.);
#2676 = SURFACE_CURVE('',#2677,(#2681,#2687),.PCURVE_S1.);
#2677 = LINE('',#2678,#2679);
#2678 = CARTESIAN_POINT('',(20.242160416875,-4.25,-5.));
#2679 = VECTOR('',#2680,1.);
#2680 = DIRECTION('',(0.,1.,0.));
#2681 = PCURVE('',#508,#2682);
#2682 = DEFINITIONAL_REPRESENTATION('',(#2683),#2686);
#2683 = B_SPLINE_CURVE_WITH_KNOTS('',1,(#2684,#2685),.UNSPECIFIED.,.F.,
  .F.,(2,2),(-6.000000167816E-07,2.0000006),.PIECEWISE_BEZIER_KNOTS.);
#2684 = CARTESIAN_POINT('',(2.942160416875,-6.000000167816E-07));
#2685 = CARTESIAN_POINT('',(2.942160416875,2.0000006));
#2686 = ( GEOMETRIC_REPRESENTATION_CONTEXT(2) 
PARAMETRIC_REPRESENTATION_CONTEXT() REPRESENTATION_CONTEXT('2D SPACE',''
  ) );
#2687 = PCURVE('',#480,#2688);
#2688 = DEFINITIONAL_REPRESENTATION('',(#2689),#2692);
#2689 = B_SPLINE_CURVE_WITH_KNOTS('',1,(#2690,#2691),.UNSPECIFIED.,.F.,
  .F.,(2,2),(-6.000000167816E-07,2.0000006),.PIECEWISE_BEZIER_KNOTS.);
#2690 = CARTESIAN_POINT('',(3.479663597212,-6.000000167816E-07));
#2691 = CARTESIAN_POINT('',(3.479663597212,2.0000006));
#2692 = ( GEOMETRIC_REPRESENTATION_CONTEXT(2) 
PARAMETRIC_REPRESENTATION_CONTEXT() REPRESENTATION_CONTEXT('2D SPACE',''
  ) );
#2693 = ADVANCED_FACE('',(#2694),#480,.T.);
#2694 = FACE_BOUND('',#2695,.T.);
#2695 = EDGE_LOOP('',(#2696,#2697,#2716,#2717));
#2696 = ORIENTED_EDGE('',*,*,#463,.F.);
#2697 = ORIENTED_EDGE('',*,*,#2698,.F.);
#2698 = EDGE_CURVE('',#1079,#436,#2699,.T.);
#2699 = SURFACE_CURVE('',#2700,(#2704,#2710),.PCURVE_S1.);
#2700 = LINE('',#2701,#2702);
#2701 = CARTESIAN_POINT('',(23.757839583125,-4.25,-5.));
#2702 = VECTOR('',#2703,1.);
#2703 = DIRECTION('',(0.,1.,0.));
#2704 = PCURVE('',#480,#2705);
#2705 = DEFINITIONAL_REPRESENTATION('',(#2706),#2709);
#2706 = B_SPLINE_CURVE_WITH_KNOTS('',1,(#2707,#2708),.UNSPECIFIED.,.F.,
  .F.,(2,2),(-6.000000167816E-07,2.0000006),.PIECEWISE_BEZIER_KNOTS.);
#2707 = CARTESIAN_POINT('',(2.803521709968,-6.000000167816E-07));
#2708 = CARTESIAN_POINT('',(2.803521709968,2.0000006));
#2709 = ( GEOMETRIC_REPRESENTATION_CONTEXT(2) 
PARAMETRIC_REPRESENTATION_CONTEXT() REPRESENTATION_CONTEXT('2D SPACE',''
  ) );
#2710 = PCURVE('',#451,#2711);
#2711 = DEFINITIONAL_REPRESENTATION('',(#2712),#2715);
#2712 = B_SPLINE_CURVE_WITH_KNOTS('',1,(#2713,#2714),.UNSPECIFIED.,.F.,
  .F.,(2,2),(-6.000000167816E-07,2.0000006),.PIECEWISE_BEZIER_KNOTS.);
#2713 = CARTESIAN_POINT('',(6.457839583125,-6.000000167816E-07));
#2714 = CARTESIAN_POINT('',(6.457839583125,2.0000006));
#2715 = ( GEOMETRIC_REPRESENTATION_CONTEXT(2) 
PARAMETRIC_REPRESENTATION_CONTEXT() REPRESENTATION_CONTEXT('2D SPACE',''
  ) );
#2716 = ORIENTED_EDGE('',*,*,#1101,.T.);
#2717 = ORIENTED_EDGE('',*,*,#2675,.T.);
#2718 = ADVANCED_FACE('',(#2719),#451,.F.);
#2719 = FACE_BOUND('',#2720,.F.);
#2720 = EDGE_LOOP('',(#2721,#2722,#2723,#2724));
#2721 = ORIENTED_EDGE('',*,*,#435,.F.);
#2722 = ORIENTED_EDGE('',*,*,#2698,.F.);
#2723 = ORIENTED_EDGE('',*,*,#1078,.T.);
#2724 = ORIENTED_EDGE('',*,*,#2725,.T.);
#2725 = EDGE_CURVE('',#1056,#408,#2726,.T.);
#2726 = SURFACE_CURVE('',#2727,(#2731,#2738),.PCURVE_S1.);
#2727 = LINE('',#2728,#2729);
#2728 = CARTESIAN_POINT('',(25.3,-4.25,-5.));
#2729 = VECTOR('',#2730,1.);
#2730 = DIRECTION('',(0.,1.,0.));
#2731 = PCURVE('',#451,#2732);
#2732 = DEFINITIONAL_REPRESENTATION('',(#2733),#2737);
#2733 = LINE('',#2734,#2735);
#2734 = CARTESIAN_POINT('',(8.,0.));
#2735 = VECTOR('',#2736,1.);
#2736 = DIRECTION('',(0.,1.));
#2737 = ( GEOMETRIC_REPRESENTATION_CONTEXT(2) 
PARAMETRIC_REPRESENTATION_CONTEXT() REPRESENTATION_CONTEXT('2D SPACE',''
  ) );
#2738 = PCURVE('',#423,#2739);
#2739 = DEFINITIONAL_REPRESENTATION('',(#2740),#2744);
#2740 = LINE('',#2741,#2742);
#2741 = CARTESIAN_POINT('',(0.,0.));
#2742 = VECTOR('',#2743,1.);
#2743 = DIRECTION('',(0.,-1.));
#2744 = ( GEOMETRIC_REPRESENTATION_CONTEXT(2) 
PARAMETRIC_REPRESENTATION_CONTEXT() REPRESENTATION_CONTEXT('2D SPACE',''
  ) );
#2745 = ADVANCED_FACE('',(#2746),#423,.T.);
#2746 = FACE_BOUND('',#2747,.T.);
#2747 = EDGE_LOOP('',(#2748,#2749,#2750,#2751));
#2748 = ORIENTED_EDGE('',*,*,#1055,.F.);
#2749 = ORIENTED_EDGE('',*,*,#2725,.T.);
#2750 = ORIENTED_EDGE('',*,*,#407,.T.);
#2751 = ORIENTED_EDGE('',*,*,#2752,.F.);
#2752 = EDGE_CURVE('',#1032,#379,#2753,.T.);
#2753 = SURFACE_CURVE('',#2754,(#2758,#2764),.PCURVE_S1.);
#2754 = LINE('',#2755,#2756);
#2755 = CARTESIAN_POINT('',(25.3,-4.25,-4.147288270666));
#2756 = VECTOR('',#2757,1.);
#2757 = DIRECTION('',(0.,1.,0.));
#2758 = PCURVE('',#423,#2759);
#2759 = DEFINITIONAL_REPRESENTATION('',(#2760),#2763);
#2760 = B_SPLINE_CURVE_WITH_KNOTS('',1,(#2761,#2762),.UNSPECIFIED.,.F.,
  .F.,(2,2),(-6.000000167816E-07,2.0000006),.PIECEWISE_BEZIER_KNOTS.);
#2761 = CARTESIAN_POINT('',(0.852711729334,6.000000167816E-07));
#2762 = CARTESIAN_POINT('',(0.852711729334,-2.0000006));
#2763 = ( GEOMETRIC_REPRESENTATION_CONTEXT(2) 
PARAMETRIC_REPRESENTATION_CONTEXT() REPRESENTATION_CONTEXT('2D SPACE',''
  ) );
#2764 = PCURVE('',#395,#2765);
#2765 = DEFINITIONAL_REPRESENTATION('',(#2766),#2769);
#2766 = B_SPLINE_CURVE_WITH_KNOTS('',1,(#2767,#2768),.UNSPECIFIED.,.F.,
  .F.,(2,2),(-6.000000167816E-07,2.0000006),.PIECEWISE_BEZIER_KNOTS.);
#2767 = CARTESIAN_POINT('',(2.469478765766,-6.000000167816E-07));
#2768 = CARTESIAN_POINT('',(2.469478765766,2.0000006));
#2769 = ( GEOMETRIC_REPRESENTATION_CONTEXT(2) 
PARAMETRIC_REPRESENTATION_CONTEXT() REPRESENTATION_CONTEXT('2D SPACE',''
  ) );
#2770 = ADVANCED_FACE('',(#2771),#395,.T.);
#2771 = FACE_BOUND('',#2772,.T.);
#2772 = EDGE_LOOP('',(#2773,#2774,#2793,#2794));
#2773 = ORIENTED_EDGE('',*,*,#378,.F.);
#2774 = ORIENTED_EDGE('',*,*,#2775,.F.);
#2775 = EDGE_CURVE('',#1009,#351,#2776,.T.);
#2776 = SURFACE_CURVE('',#2777,(#2781,#2787),.PCURVE_S1.);
#2777 = LINE('',#2778,#2779);
#2778 = CARTESIAN_POINT('',(25.3,-4.25,4.147288270666));
#2779 = VECTOR('',#2780,1.);
#2780 = DIRECTION('',(0.,1.,0.));
#2781 = PCURVE('',#395,#2782);
#2782 = DEFINITIONAL_REPRESENTATION('',(#2783),#2786);
#2783 = B_SPLINE_CURVE_WITH_KNOTS('',1,(#2784,#2785),.UNSPECIFIED.,.F.,
  .F.,(2,2),(-6.000000167816E-07,2.0000006),.PIECEWISE_BEZIER_KNOTS.);
#2784 = CARTESIAN_POINT('',(0.672113887824,-6.000000167816E-07));
#2785 = CARTESIAN_POINT('',(0.672113887824,2.0000006));
#2786 = ( GEOMETRIC_REPRESENTATION_CONTEXT(2) 
PARAMETRIC_REPRESENTATION_CONTEXT() REPRESENTATION_CONTEXT('2D SPACE',''
  ) );
#2787 = PCURVE('',#366,#2788);
#2788 = DEFINITIONAL_REPRESENTATION('',(#2789),#2792);
#2789 = B_SPLINE_CURVE_WITH_KNOTS('',1,(#2790,#2791),.UNSPECIFIED.,.F.,
  .F.,(2,2),(-6.000000167816E-07,2.0000006),.PIECEWISE_BEZIER_KNOTS.);
#2790 = CARTESIAN_POINT('',(9.147288270666,6.000000167816E-07));
#2791 = CARTESIAN_POINT('',(9.147288270666,-2.0000006));
#2792 = ( GEOMETRIC_REPRESENTATION_CONTEXT(2) 
PARAMETRIC_REPRESENTATION_CONTEXT() REPRESENTATION_CONTEXT('2D SPACE',''
  ) );
#2793 = ORIENTED_EDGE('',*,*,#1031,.T.);
#2794 = ORIENTED_EDGE('',*,*,#2752,.T.);
#2795 = ADVANCED_FACE('',(#2796),#366,.T.);
#2796 = FACE_BOUND('',#2797,.T.);
#2797 = EDGE_LOOP('',(#2798,#2799,#2800,#2801));
#2798 = ORIENTED_EDGE('',*,*,#1008,.F.);
#2799 = ORIENTED_EDGE('',*,*,#2775,.T.);
#2800 = ORIENTED_EDGE('',*,*,#350,.T.);
#2801 = ORIENTED_EDGE('',*,*,#2802,.F.);
#2802 = EDGE_CURVE('',#986,#323,#2803,.T.);
#2803 = SURFACE_CURVE('',#2804,(#2808,#2815),.PCURVE_S1.);
#2804 = LINE('',#2805,#2806);
#2805 = CARTESIAN_POINT('',(25.3,-4.25,5.));
#2806 = VECTOR('',#2807,1.);
#2807 = DIRECTION('',(0.,1.,0.));
#2808 = PCURVE('',#366,#2809);
#2809 = DEFINITIONAL_REPRESENTATION('',(#2810),#2814);
#2810 = LINE('',#2811,#2812);
#2811 = CARTESIAN_POINT('',(10.,0.));
#2812 = VECTOR('',#2813,1.);
#2813 = DIRECTION('',(0.,-1.));
#2814 = ( GEOMETRIC_REPRESENTATION_CONTEXT(2) 
PARAMETRIC_REPRESENTATION_CONTEXT() REPRESENTATION_CONTEXT('2D SPACE',''
  ) );
#2815 = PCURVE('',#338,#2816);
#2816 = DEFINITIONAL_REPRESENTATION('',(#2817),#2821);
#2817 = LINE('',#2818,#2819);
#2818 = CARTESIAN_POINT('',(8.,0.));
#2819 = VECTOR('',#2820,1.);
#2820 = DIRECTION('',(0.,1.));
#2821 = ( GEOMETRIC_REPRESENTATION_CONTEXT(2) 
PARAMETRIC_REPRESENTATION_CONTEXT() REPRESENTATION_CONTEXT('2D SPACE',''
  ) );
#2822 = ADVANCED_FACE('',(#2823),#338,.T.);
#2823 = FACE_BOUND('',#2824,.T.);
#2824 = EDGE_LOOP('',(#2825,#2826,#2845,#2846));
#2825 = ORIENTED_EDGE('',*,*,#322,.F.);
#2826 = ORIENTED_EDGE('',*,*,#2827,.F.);
#2827 = EDGE_CURVE('',#962,#294,#2828,.T.);
#2828 = SURFACE_CURVE('',#2829,(#2833,#2839),.PCURVE_S1.);
#2829 = LINE('',#2830,#2831);
#2830 = CARTESIAN_POINT('',(23.757839583125,-4.25,5.));
#2831 = VECTOR('',#2832,1.);
#2832 = DIRECTION('',(0.,1.,0.));
#2833 = PCURVE('',#338,#2834);
#2834 = DEFINITIONAL_REPRESENTATION('',(#2835),#2838);
#2835 = B_SPLINE_CURVE_WITH_KNOTS('',1,(#2836,#2837),.UNSPECIFIED.,.F.,
  .F.,(2,2),(-6.000000167816E-07,2.0000006),.PIECEWISE_BEZIER_KNOTS.);
#2836 = CARTESIAN_POINT('',(6.457839583125,-6.000000167816E-07));
#2837 = CARTESIAN_POINT('',(6.457839583125,2.0000006));
#2838 = ( GEOMETRIC_REPRESENTATION_CONTEXT(2) 
PARAMETRIC_REPRESENTATION_CONTEXT() REPRESENTATION_CONTEXT('2D SPACE',''
  ) );
#2839 = PCURVE('',#310,#2840);
#2840 = DEFINITIONAL_REPRESENTATION('',(#2841),#2844);
#2841 = B_SPLINE_CURVE_WITH_KNOTS('',1,(#2842,#2843),.UNSPECIFIED.,.F.,
  .F.,(2,2),(0.,2.),.PIECEWISE_BEZIER_KNOTS.);
#2842 = CARTESIAN_POINT('',(6.621256250801,0.));
#2843 = CARTESIAN_POINT('',(6.621256250801,2.));
#2844 = ( GEOMETRIC_REPRESENTATION_CONTEXT(2) 
PARAMETRIC_REPRESENTATION_CONTEXT() REPRESENTATION_CONTEXT('2D SPACE',''
  ) );
#2845 = ORIENTED_EDGE('',*,*,#985,.T.);
#2846 = ORIENTED_EDGE('',*,*,#2802,.T.);
#2847 = ADVANCED_FACE('',(#2848),#310,.T.);
#2848 = FACE_BOUND('',#2849,.T.);
#2849 = EDGE_LOOP('',(#2850,#2851,#2852,#2853));
#2850 = ORIENTED_EDGE('',*,*,#961,.T.);
#2851 = ORIENTED_EDGE('',*,*,#2827,.T.);
#2852 = ORIENTED_EDGE('',*,*,#291,.F.);
#2853 = ORIENTED_EDGE('',*,*,#686,.F.);
#2854 = ADVANCED_FACE('',(#2855),#278,.F.);
#2855 = FACE_BOUND('',#2856,.F.);
#2856 = EDGE_LOOP('',(#2857,#2858,#3048,#3070));
#2857 = ORIENTED_EDGE('',*,*,#264,.F.);
#2858 = ORIENTED_EDGE('',*,*,#2859,.T.);
#2859 = EDGE_CURVE('',#166,#2860,#2862,.T.);
#2860 = VERTEX_POINT('',#2861);
#2861 = CARTESIAN_POINT('',(18.866305944726,2.25,0.32009618545));
#2862 = SURFACE_CURVE('',#2863,(#2902,#2975),.PCURVE_S1.);
#2863 = B_SPLINE_CURVE_WITH_KNOTS('',7,(#2864,#2865,#2866,#2867,#2868,
    #2869,#2870,#2871,#2872,#2873,#2874,#2875,#2876,#2877,#2878,#2879,
    #2880,#2881,#2882,#2883,#2884,#2885,#2886,#2887,#2888,#2889,#2890,
    #2891,#2892,#2893,#2894,#2895,#2896,#2897,#2898,#2899,#2900,#2901),
  .UNSPECIFIED.,.F.,.F.,(8,6,6,6,6,6,8),(0.,0.112499097863,
    0.241562517997,1.,1.758437482006,1.887500902141,2.000000000005),
  .UNSPECIFIED.);
#2864 = CARTESIAN_POINT('',(18.866305944726,-2.25,0.32009618545));
#2865 = CARTESIAN_POINT('',(18.869219407282,-2.225570544028,
    0.348618550622));
#2866 = CARTESIAN_POINT('',(18.872296880321,-2.199452347585,
    0.375750519305));
#2867 = CARTESIAN_POINT('',(18.875493172846,-2.171945057542,
    0.401563792477));
#2868 = CARTESIAN_POINT('',(18.878771838868,-2.143293389574,
    0.426135178087));
#2869 = CARTESIAN_POINT('',(18.882104589433,-2.113687209681,
    0.449546466977));
#2870 = CARTESIAN_POINT('',(18.88547070464,-2.083261615718,
    0.471884308796));
#2871 = CARTESIAN_POINT('',(18.89274070185,-2.016343759307,
    0.517740283428));
#2872 = CARTESIAN_POINT('',(18.896651230478,-1.979613507668,
    0.540950799978));
#2873 = CARTESIAN_POINT('',(18.900559128726,-1.942099973754,
    0.56295714815));
#2874 = CARTESIAN_POINT('',(18.904443058673,-1.903949818611,
    0.583844007103));
#2875 = CARTESIAN_POINT('',(18.908288246243,-1.865262675065,
    0.603695209251));
#2876 = CARTESIAN_POINT('',(18.912085480153,-1.826091168203,
    0.622593724956));
#2877 = CARTESIAN_POINT('',(18.93783532563,-1.553437484191,
    0.746562214652));
#2878 = CARTESIAN_POINT('',(18.95857067474,-1.29812027929,0.825063728225
    ));
#2879 = CARTESIAN_POINT('',(18.975155434205,-1.038725994763,
    0.881533918319));
#2880 = CARTESIAN_POINT('',(18.987375607096,-0.781037977479,
    0.921040519355));
#2881 = CARTESIAN_POINT('',(18.995644813564,-0.52516266437,0.94686347733
    ));
#2882 = CARTESIAN_POINT('',(19.,-0.266328131072,0.960468635615));
#2883 = CARTESIAN_POINT('',(19.,0.266328131073,0.960468635615));
#2884 = CARTESIAN_POINT('',(18.995644813564,0.525162664367,0.94686347733
    ));
#2885 = CARTESIAN_POINT('',(18.987375607097,0.781037977482,
    0.921040519355));
#2886 = CARTESIAN_POINT('',(18.975155434205,1.038725994762,
    0.881533918318));
#2887 = CARTESIAN_POINT('',(18.958570674741,1.29812027929,0.825063728225
    ));
#2888 = CARTESIAN_POINT('',(18.93783532563,1.553437484191,0.746562214652
    ));
#2889 = CARTESIAN_POINT('',(18.912085480153,1.826091168203,
    0.622593724957));
#2890 = CARTESIAN_POINT('',(18.908288246243,1.865262675065,
    0.603695209251));
#2891 = CARTESIAN_POINT('',(18.904443058673,1.903949818611,
    0.583844007103));
#2892 = CARTESIAN_POINT('',(18.900559128726,1.942099973754,0.56295714815
    ));
#2893 = CARTESIAN_POINT('',(18.896651230478,1.979613507668,
    0.540950799978));
#2894 = CARTESIAN_POINT('',(18.89274070185,2.016343759307,0.517740283428
    ));
#2895 = CARTESIAN_POINT('',(18.88547070464,2.083261615718,0.471884308796
    ));
#2896 = CARTESIAN_POINT('',(18.882104589433,2.113687209681,
    0.449546466978));
#2897 = CARTESIAN_POINT('',(18.878771838868,2.143293389574,
    0.426135178087));
#2898 = CARTESIAN_POINT('',(18.875493172846,2.171945057542,
    0.401563792477));
#2899 = CARTESIAN_POINT('',(18.872296880321,2.199452347585,
    0.375750519305));
#2900 = CARTESIAN_POINT('',(18.869219407282,2.225570544028,
    0.348618550622));
#2901 = CARTESIAN_POINT('',(18.866305944726,2.25,0.32009618545));
#2902 = PCURVE('',#278,#2903);
#2903 = DEFINITIONAL_REPRESENTATION('',(#2904),#2974);
#2904 = B_SPLINE_CURVE_WITH_KNOTS('',3,(#2905,#2906,#2907,#2908,#2909,
    #2910,#2911,#2912,#2913,#2914,#2915,#2916,#2917,#2918,#2919,#2920,
    #2921,#2922,#2923,#2924,#2925,#2926,#2927,#2928,#2929,#2930,#2931,
    #2932,#2933,#2934,#2935,#2936,#2937,#2938,#2939,#2940,#2941,#2942,
    #2943,#2944,#2945,#2946,#2947,#2948,#2949,#2950,#2951,#2952,#2953,
    #2954,#2955,#2956,#2957,#2958,#2959,#2960,#2961,#2962,#2963,#2964,
    #2965,#2966,#2967,#2968,#2969,#2970,#2971,#2972,#2973),
  .UNSPECIFIED.,.F.,.F.,(4,1,1,1,1,1,1,1,1,1,1,1,1,1,1,1,1,1,1,1,1,1,1,1
    ,1,1,1,1,1,1,1,1,1,1,1,1,1,1,1,1,1,1,1,1,1,1,1,1,1,1,1,1,1,1,1,1,1,1
    ,1,1,1,1,1,1,1,1,4),(0.,3.030303030311E-02,6.060606060622E-02,
    9.090909090933E-02,0.121212121212,0.151515151516,0.181818181819,
    0.212121212122,0.242424242425,0.272727272728,0.303030303031,
    0.333333333334,0.363636363637,0.39393939394,0.424242424244,
    0.454545454547,0.48484848485,0.515151515153,0.545454545456,
    0.575757575759,0.606060606062,0.636363636365,0.666666666668,
    0.696969696972,0.727272727275,0.757575757578,0.787878787881,
    0.818181818184,0.848484848487,0.87878787879,0.909090909093,
    0.939393939396,0.9696969697,1.000000000003,1.030303030306,
    1.060606060609,1.090909090912,1.121212121215,1.151515151518,
    1.181818181821,1.212121212124,1.242424242428,1.272727272731,
    1.303030303034,1.333333333337,1.36363636364,1.393939393943,
    1.424242424246,1.454545454549,1.484848484852,1.515151515156,
    1.545454545459,1.575757575762,1.606060606065,1.636363636368,
    1.666666666671,1.696969696974,1.727272727277,1.75757575758,
    1.787878787884,1.818181818187,1.84848484849,1.878787878793,
    1.909090909096,1.939393939399,1.969696969702,2.000000000005),
  .QUASI_UNIFORM_KNOTS.);
#2905 = CARTESIAN_POINT('',(6.16448571267,4.52009618545));
#2906 = CARTESIAN_POINT('',(6.165300631653,4.538024681407));
#2907 = CARTESIAN_POINT('',(6.167017065942,4.572462266698));
#2908 = CARTESIAN_POINT('',(6.169806781536,4.620190804068));
#2909 = CARTESIAN_POINT('',(6.172761607036,4.664310752449));
#2910 = CARTESIAN_POINT('',(6.175849891261,4.705180310463));
#2911 = CARTESIAN_POINT('',(6.179049188663,4.743141415346));
#2912 = CARTESIAN_POINT('',(6.182335587408,4.77840960631));
#2913 = CARTESIAN_POINT('',(6.185693752287,4.811225474402));
#2914 = CARTESIAN_POINT('',(6.189109646795,4.841782634158));
#2915 = CARTESIAN_POINT('',(6.192593733225,4.870424865276));
#2916 = CARTESIAN_POINT('',(6.196145591204,4.897322233525));
#2917 = CARTESIAN_POINT('',(6.199751197671,4.922519382082));
#2918 = CARTESIAN_POINT('',(6.203401783577,4.946092843501));
#2919 = CARTESIAN_POINT('',(6.20708867877,4.968108495603));
#2920 = CARTESIAN_POINT('',(6.210804597727,4.988632598468));
#2921 = CARTESIAN_POINT('',(6.214543205787,5.007728501726));
#2922 = CARTESIAN_POINT('',(6.218299151904,5.025457216243));
#2923 = CARTESIAN_POINT('',(6.222067981589,5.041876972602));
#2924 = CARTESIAN_POINT('',(6.225846086603,5.057043070781));
#2925 = CARTESIAN_POINT('',(6.229630648865,5.071007669001));
#2926 = CARTESIAN_POINT('',(6.233419589417,5.083819603528));
#2927 = CARTESIAN_POINT('',(6.237211518951,5.095524212318));
#2928 = CARTESIAN_POINT('',(6.241005690263,5.106163167231));
#2929 = CARTESIAN_POINT('',(6.244801951997,5.11577431103));
#2930 = CARTESIAN_POINT('',(6.248600703112,5.124391497639));
#2931 = CARTESIAN_POINT('',(6.252402848222,5.132044433548));
#2932 = CARTESIAN_POINT('',(6.256209751058,5.138758518401));
#2933 = CARTESIAN_POINT('',(6.260023194171,5.144554682763));
#2934 = CARTESIAN_POINT('',(6.263845312359,5.149449221075));
#2935 = CARTESIAN_POINT('',(6.267678619061,5.153453617813));
#2936 = CARTESIAN_POINT('',(6.271525678502,5.156574364787));
#2937 = CARTESIAN_POINT('',(6.275390090461,5.158812767891));
#2938 = CARTESIAN_POINT('',(6.279272564675,5.160164740123));
#2939 = CARTESIAN_POINT('',(6.28318530718,5.160620583361));
#2940 = CARTESIAN_POINT('',(6.287098049685,5.160164740122));
#2941 = CARTESIAN_POINT('',(6.290980523899,5.158812767891));
#2942 = CARTESIAN_POINT('',(6.294844935858,5.156574364786));
#2943 = CARTESIAN_POINT('',(6.298691995299,5.153453617813));
#2944 = CARTESIAN_POINT('',(6.302525302001,5.149449221075));
#2945 = CARTESIAN_POINT('',(6.306347420189,5.144554682763));
#2946 = CARTESIAN_POINT('',(6.310160863302,5.1387585184));
#2947 = CARTESIAN_POINT('',(6.313967766138,5.132044433547));
#2948 = CARTESIAN_POINT('',(6.317769911248,5.124391497638));
#2949 = CARTESIAN_POINT('',(6.321568662362,5.115774311029));
#2950 = CARTESIAN_POINT('',(6.325364924096,5.10616316723));
#2951 = CARTESIAN_POINT('',(6.329159095409,5.095524212316));
#2952 = CARTESIAN_POINT('',(6.332951024943,5.083819603527));
#2953 = CARTESIAN_POINT('',(6.336739965494,5.071007668999));
#2954 = CARTESIAN_POINT('',(6.340524527757,5.057043070779));
#2955 = CARTESIAN_POINT('',(6.34430263277,5.0418769726));
#2956 = CARTESIAN_POINT('',(6.348071462455,5.025457216241));
#2957 = CARTESIAN_POINT('',(6.351827408572,5.007728501724));
#2958 = CARTESIAN_POINT('',(6.355566016633,4.988632598466));
#2959 = CARTESIAN_POINT('',(6.359281935589,4.968108495601));
#2960 = CARTESIAN_POINT('',(6.362968830782,4.946092843499));
#2961 = CARTESIAN_POINT('',(6.366619416688,4.92251938208));
#2962 = CARTESIAN_POINT('',(6.370225023156,4.897322233523));
#2963 = CARTESIAN_POINT('',(6.373776881134,4.870424865274));
#2964 = CARTESIAN_POINT('',(6.377260967565,4.841782634156));
#2965 = CARTESIAN_POINT('',(6.380676862073,4.8112254744));
#2966 = CARTESIAN_POINT('',(6.384035026952,4.778409606309));
#2967 = CARTESIAN_POINT('',(6.387321425696,4.743141415344));
#2968 = CARTESIAN_POINT('',(6.390520723098,4.705180310461));
#2969 = CARTESIAN_POINT('',(6.393609007323,4.664310752448));
#2970 = CARTESIAN_POINT('',(6.396563832823,4.620190804068));
#2971 = CARTESIAN_POINT('',(6.399353548417,4.572462266697));
#2972 = CARTESIAN_POINT('',(6.401069982706,4.538024681407));
#2973 = CARTESIAN_POINT('',(6.401884901689,4.52009618545));
#2974 = ( GEOMETRIC_REPRESENTATION_CONTEXT(2) 
PARAMETRIC_REPRESENTATION_CONTEXT() REPRESENTATION_CONTEXT('2D SPACE',''
  ) );
#2975 = PCURVE('',#182,#2976);
#2976 = DEFINITIONAL_REPRESENTATION('',(#2977),#3047);
#2977 = B_SPLINE_CURVE_WITH_KNOTS('',3,(#2978,#2979,#2980,#2981,#2982,
    #2983,#2984,#2985,#2986,#2987,#2988,#2989,#2990,#2991,#2992,#2993,
    #2994,#2995,#2996,#2997,#2998,#2999,#3000,#3001,#3002,#3003,#3004,
    #3005,#3006,#3007,#3008,#3009,#3010,#3011,#3012,#3013,#3014,#3015,
    #3016,#3017,#3018,#3019,#3020,#3021,#3022,#3023,#3024,#3025,#3026,
    #3027,#3028,#3029,#3030,#3031,#3032,#3033,#3034,#3035,#3036,#3037,
    #3038,#3039,#3040,#3041,#3042,#3043,#3044,#3045,#3046),
  .UNSPECIFIED.,.F.,.F.,(4,1,1,1,1,1,1,1,1,1,1,1,1,1,1,1,1,1,1,1,1,1,1,1
    ,1,1,1,1,1,1,1,1,1,1,1,1,1,1,1,1,1,1,1,1,1,1,1,1,1,1,1,1,1,1,1,1,1,1
    ,1,1,1,1,1,1,1,1,4),(0.,3.030303030311E-02,6.060606060622E-02,
    9.090909090933E-02,0.121212121212,0.151515151516,0.181818181819,
    0.212121212122,0.242424242425,0.272727272728,0.303030303031,
    0.333333333334,0.363636363637,0.39393939394,0.424242424244,
    0.454545454547,0.48484848485,0.515151515153,0.545454545456,
    0.575757575759,0.606060606062,0.636363636365,0.666666666668,
    0.696969696972,0.727272727275,0.757575757578,0.787878787881,
    0.818181818184,0.848484848487,0.87878787879,0.909090909093,
    0.939393939396,0.9696969697,1.000000000003,1.030303030306,
    1.060606060609,1.090909090912,1.121212121215,1.151515151518,
    1.181818181821,1.212121212124,1.242424242428,1.272727272731,
    1.303030303034,1.333333333337,1.36363636364,1.393939393943,
    1.424242424246,1.454545454549,1.484848484852,1.515151515156,
    1.545454545459,1.575757575762,1.606060606065,1.636363636368,
    1.666666666671,1.696969696974,1.727272727277,1.75757575758,
    1.787878787884,1.818181818187,1.84848484849,1.878787878793,
    1.909090909096,1.939393939399,1.969696969702,2.000000000005),
  .QUASI_UNIFORM_KNOTS.);
#2978 = CARTESIAN_POINT('',(4.814182522155,3.75));
#2979 = CARTESIAN_POINT('',(4.819903683689,3.765374427837));
#2980 = CARTESIAN_POINT('',(4.83090325245,3.797761824815));
#2981 = CARTESIAN_POINT('',(4.846176832098,3.850417313289));
#2982 = CARTESIAN_POINT('',(4.860323650885,3.90620763076));
#2983 = CARTESIAN_POINT('',(4.873454890219,3.964537379091));
#2984 = CARTESIAN_POINT('',(4.885676795613,4.024984414675));
#2985 = CARTESIAN_POINT('',(4.89705516449,4.087098225883));
#2986 = CARTESIAN_POINT('',(4.907664107966,4.150589817356));
#2987 = CARTESIAN_POINT('',(4.917562864302,4.215194288121));
#2988 = CARTESIAN_POINT('',(4.926859804152,4.281109898799));
#2989 = CARTESIAN_POINT('',(4.935607557604,4.348329188368));
#2990 = CARTESIAN_POINT('',(4.943818143856,4.416587018119));
#2991 = CARTESIAN_POINT('',(4.951514051347,4.485717346371));
#2992 = CARTESIAN_POINT('',(4.958714449306,4.555555756408));
#2993 = CARTESIAN_POINT('',(4.965438782104,4.625963824761));
#2994 = CARTESIAN_POINT('',(4.971705707665,4.696820957052));
#2995 = CARTESIAN_POINT('',(4.977533285502,4.768025044779));
#2996 = CARTESIAN_POINT('',(4.982938832165,4.839490851735));
#2997 = CARTESIAN_POINT('',(4.987938868147,4.911149091283));
#2998 = CARTESIAN_POINT('',(4.992549042607,4.982945390329));
#2999 = CARTESIAN_POINT('',(4.99678406628,5.054839344762));
#3000 = CARTESIAN_POINT('',(5.000657644273,5.126803600863));
#3001 = CARTESIAN_POINT('',(5.004182410762,5.19882296932));
#3002 = CARTESIAN_POINT('',(5.007369864759,5.270893560156));
#3003 = CARTESIAN_POINT('',(5.010230306846,5.34302192811));
#3004 = CARTESIAN_POINT('',(5.012772776522,5.415224231443));
#3005 = CARTESIAN_POINT('',(5.015004989832,5.487525352076));
#3006 = CARTESIAN_POINT('',(5.016933276882,5.559958131898));
#3007 = CARTESIAN_POINT('',(5.018562518846,5.632562107369));
#3008 = CARTESIAN_POINT('',(5.019896084009,5.705384008464));
#3009 = CARTESIAN_POINT('',(5.020935762348,5.778471525075));
#3010 = CARTESIAN_POINT('',(5.021681698248,5.851892011724));
#3011 = CARTESIAN_POINT('',(5.022132320437,5.925657893473));
#3012 = CARTESIAN_POINT('',(5.022284269971,6.000000000007));
#3013 = CARTESIAN_POINT('',(5.022132320437,6.07434210654));
#3014 = CARTESIAN_POINT('',(5.021681698248,6.148107988289));
#3015 = CARTESIAN_POINT('',(5.020935762348,6.221528474937));
#3016 = CARTESIAN_POINT('',(5.019896084009,6.294615991548));
#3017 = CARTESIAN_POINT('',(5.018562518846,6.367437892642));
#3018 = CARTESIAN_POINT('',(5.016933276882,6.440041868113));
#3019 = CARTESIAN_POINT('',(5.015004989832,6.512474647934));
#3020 = CARTESIAN_POINT('',(5.012772776522,6.584775768567));
#3021 = CARTESIAN_POINT('',(5.010230306845,6.6569780719));
#3022 = CARTESIAN_POINT('',(5.007369864759,6.729106439853));
#3023 = CARTESIAN_POINT('',(5.004182410762,6.801177030689));
#3024 = CARTESIAN_POINT('',(5.000657644272,6.873196399145));
#3025 = CARTESIAN_POINT('',(4.996784066279,6.945160655246));
#3026 = CARTESIAN_POINT('',(4.992549042607,7.017054609679));
#3027 = CARTESIAN_POINT('',(4.987938868147,7.088850908724));
#3028 = CARTESIAN_POINT('',(4.982938832164,7.160509148272));
#3029 = CARTESIAN_POINT('',(4.977533285501,7.231974955228));
#3030 = CARTESIAN_POINT('',(4.971705707664,7.303179042954));
#3031 = CARTESIAN_POINT('',(4.965438782103,7.374036175245));
#3032 = CARTESIAN_POINT('',(4.958714449305,7.444444243598));
#3033 = CARTESIAN_POINT('',(4.951514051347,7.514282653635));
#3034 = CARTESIAN_POINT('',(4.943818143856,7.583412981886));
#3035 = CARTESIAN_POINT('',(4.935607557604,7.651670811637));
#3036 = CARTESIAN_POINT('',(4.926859804152,7.718890101205));
#3037 = CARTESIAN_POINT('',(4.917562864301,7.784805711883));
#3038 = CARTESIAN_POINT('',(4.907664107966,7.849410182647));
#3039 = CARTESIAN_POINT('',(4.89705516449,7.91290177412));
#3040 = CARTESIAN_POINT('',(4.885676795612,7.975015585328));
#3041 = CARTESIAN_POINT('',(4.873454890219,8.035462620911));
#3042 = CARTESIAN_POINT('',(4.860323650885,8.093792369241));
#3043 = CARTESIAN_POINT('',(4.846176832098,8.149582686712));
#3044 = CARTESIAN_POINT('',(4.83090325245,8.202238175185));
#3045 = CARTESIAN_POINT('',(4.819903683689,8.234625572163));
#3046 = CARTESIAN_POINT('',(4.814182522155,8.25));
#3047 = ( GEOMETRIC_REPRESENTATION_CONTEXT(2) 
PARAMETRIC_REPRESENTATION_CONTEXT() REPRESENTATION_CONTEXT('2D SPACE',''
  ) );
#3048 = ORIENTED_EDGE('',*,*,#3049,.T.);
#3049 = EDGE_CURVE('',#2860,#3050,#3052,.T.);
#3050 = VERTEX_POINT('',#3051);
#3051 = CARTESIAN_POINT('',(18.866305944726,2.25,4.));
#3052 = SURFACE_CURVE('',#3053,(#3057,#3063),.PCURVE_S1.);
#3053 = LINE('',#3054,#3055);
#3054 = CARTESIAN_POINT('',(18.866305944726,2.25,-4.2));
#3055 = VECTOR('',#3056,1.);
#3056 = DIRECTION('',(0.,0.,1.));
#3057 = PCURVE('',#278,#3058);
#3058 = DEFINITIONAL_REPRESENTATION('',(#3059),#3062);
#3059 = B_SPLINE_CURVE_WITH_KNOTS('',1,(#3060,#3061),.UNSPECIFIED.,.F.,
  .F.,(2,2),(4.52009618545,8.2),.PIECEWISE_BEZIER_KNOTS.);
#3060 = CARTESIAN_POINT('',(6.401884901689,4.52009618545));
#3061 = CARTESIAN_POINT('',(6.401884901689,8.2));
#3062 = ( GEOMETRIC_REPRESENTATION_CONTEXT(2) 
PARAMETRIC_REPRESENTATION_CONTEXT() REPRESENTATION_CONTEXT('2D SPACE',''
  ) );
#3063 = PCURVE('',#90,#3064);
#3064 = DEFINITIONAL_REPRESENTATION('',(#3065),#3069);
#3065 = LINE('',#3066,#3067);
#3066 = CARTESIAN_POINT('',(-4.2,-3.133694055274));
#3067 = VECTOR('',#3068,1.);
#3068 = DIRECTION('',(1.,0.));
#3069 = ( GEOMETRIC_REPRESENTATION_CONTEXT(2) 
PARAMETRIC_REPRESENTATION_CONTEXT() REPRESENTATION_CONTEXT('2D SPACE',''
  ) );
#3070 = ORIENTED_EDGE('',*,*,#3071,.T.);
#3071 = EDGE_CURVE('',#3050,#243,#3072,.T.);
#3072 = SURFACE_CURVE('',#3073,(#3078,#3085),.PCURVE_S1.);
#3073 = CIRCLE('',#3074,19.);
#3074 = AXIS2_PLACEMENT_3D('',#3075,#3076,#3077);
#3075 = CARTESIAN_POINT('',(0.,0.,4.));
#3076 = DIRECTION('',(0.,0.,-1.));
#3077 = DIRECTION('',(0.992963470775,0.118421052632,0.));
#3078 = PCURVE('',#278,#3079);
#3079 = DEFINITIONAL_REPRESENTATION('',(#3080),#3084);
#3080 = LINE('',#3081,#3082);
#3081 = CARTESIAN_POINT('',(6.401884901689,8.2));
#3082 = VECTOR('',#3083,1.);
#3083 = DIRECTION('',(-1.,-0.));
#3084 = ( GEOMETRIC_REPRESENTATION_CONTEXT(2) 
PARAMETRIC_REPRESENTATION_CONTEXT() REPRESENTATION_CONTEXT('2D SPACE',''
  ) );
#3085 = PCURVE('',#119,#3086);
#3086 = DEFINITIONAL_REPRESENTATION('',(#3087),#3095);
#3087 = ( BOUNDED_CURVE() B_SPLINE_CURVE(2,(#3088,#3089,#3090,#3091,
#3092,#3093,#3094),.UNSPECIFIED.,.T.,.F.) B_SPLINE_CURVE_WITH_KNOTS((1,2
    ,2,2,2,1),(-2.094395102393,0.,2.094395102393,4.188790204786,
6.28318530718,8.377580409573),.UNSPECIFIED.) CURVE() 
GEOMETRIC_REPRESENTATION_ITEM() RATIONAL_B_SPLINE_CURVE((1.,0.5,1.,0.5,
1.,0.5,1.)) REPRESENTATION_ITEM('') );
#3088 = CARTESIAN_POINT('',(18.866305944726,2.25));
#3089 = CARTESIAN_POINT('',(22.763420261756,-30.4274004474));
#3090 = CARTESIAN_POINT('',(-7.484595813848,-17.4637002237));
#3091 = CARTESIAN_POINT('',(-37.73261188945,-4.5));
#3092 = CARTESIAN_POINT('',(-11.38171013087,15.213700223702));
#3093 = CARTESIAN_POINT('',(14.969191627696,34.927400447404));
#3094 = CARTESIAN_POINT('',(18.866305944726,2.25));
#3095 = ( GEOMETRIC_REPRESENTATION_CONTEXT(2) 
PARAMETRIC_REPRESENTATION_CONTEXT() REPRESENTATION_CONTEXT('2D SPACE',''
  ) );
#3096 = ADVANCED_FACE('',(#3097),#210,.F.);
#3097 = FACE_BOUND('',#3098,.F.);
#3098 = EDGE_LOOP('',(#3099,#3100,#3124,#3146));
#3099 = ORIENTED_EDGE('',*,*,#194,.F.);
#3100 = ORIENTED_EDGE('',*,*,#3101,.T.);
#3101 = EDGE_CURVE('',#195,#3102,#3104,.T.);
#3102 = VERTEX_POINT('',#3103);
#3103 = CARTESIAN_POINT('',(18.866305944726,2.25,-4.));
#3104 = SURFACE_CURVE('',#3105,(#3110,#3117),.PCURVE_S1.);
#3105 = CIRCLE('',#3106,19.);
#3106 = AXIS2_PLACEMENT_3D('',#3107,#3108,#3109);
#3107 = CARTESIAN_POINT('',(0.,0.,-4.));
#3108 = DIRECTION('',(0.,0.,1.));
#3109 = DIRECTION('',(0.992963470775,-0.118421052632,0.));
#3110 = PCURVE('',#210,#3111);
#3111 = DEFINITIONAL_REPRESENTATION('',(#3112),#3116);
#3112 = LINE('',#3113,#3114);
#3113 = CARTESIAN_POINT('',(6.16448571267,0.2));
#3114 = VECTOR('',#3115,1.);
#3115 = DIRECTION('',(1.,0.));
#3116 = ( GEOMETRIC_REPRESENTATION_CONTEXT(2) 
PARAMETRIC_REPRESENTATION_CONTEXT() REPRESENTATION_CONTEXT('2D SPACE',''
  ) );
#3117 = PCURVE('',#63,#3118);
#3118 = DEFINITIONAL_REPRESENTATION('',(#3119),#3123);
#3119 = CIRCLE('',#3120,19.);
#3120 = AXIS2_PLACEMENT_2D('',#3121,#3122);
#3121 = CARTESIAN_POINT('',(0.,0.));
#3122 = DIRECTION('',(0.992963470775,-0.118421052632));
#3123 = ( GEOMETRIC_REPRESENTATION_CONTEXT(2) 
PARAMETRIC_REPRESENTATION_CONTEXT() REPRESENTATION_CONTEXT('2D SPACE',''
  ) );
#3124 = ORIENTED_EDGE('',*,*,#3125,.T.);
#3125 = EDGE_CURVE('',#3102,#3126,#3128,.T.);
#3126 = VERTEX_POINT('',#3127);
#3127 = CARTESIAN_POINT('',(18.866305944726,2.25,-0.32009618545));
#3128 = SURFACE_CURVE('',#3129,(#3133,#3139),.PCURVE_S1.);
#3129 = LINE('',#3130,#3131);
#3130 = CARTESIAN_POINT('',(18.866305944726,2.25,-4.2));
#3131 = VECTOR('',#3132,1.);
#3132 = DIRECTION('',(0.,0.,1.));
#3133 = PCURVE('',#210,#3134);
#3134 = DEFINITIONAL_REPRESENTATION('',(#3135),#3138);
#3135 = B_SPLINE_CURVE_WITH_KNOTS('',1,(#3136,#3137),.UNSPECIFIED.,.F.,
  .F.,(2,2),(0.2,3.87990381455),.PIECEWISE_BEZIER_KNOTS.);
#3136 = CARTESIAN_POINT('',(6.401884901689,0.2));
#3137 = CARTESIAN_POINT('',(6.401884901689,3.87990381455));
#3138 = ( GEOMETRIC_REPRESENTATION_CONTEXT(2) 
PARAMETRIC_REPRESENTATION_CONTEXT() REPRESENTATION_CONTEXT('2D SPACE',''
  ) );
#3139 = PCURVE('',#90,#3140);
#3140 = DEFINITIONAL_REPRESENTATION('',(#3141),#3145);
#3141 = LINE('',#3142,#3143);
#3142 = CARTESIAN_POINT('',(-4.2,-3.133694055274));
#3143 = VECTOR('',#3144,1.);
#3144 = DIRECTION('',(1.,0.));
#3145 = ( GEOMETRIC_REPRESENTATION_CONTEXT(2) 
PARAMETRIC_REPRESENTATION_CONTEXT() REPRESENTATION_CONTEXT('2D SPACE',''
  ) );
#3146 = ORIENTED_EDGE('',*,*,#3147,.F.);
#3147 = EDGE_CURVE('',#164,#3126,#3148,.T.);
#3148 = SURFACE_CURVE('',#3149,(#3180,#3231),.PCURVE_S1.);
#3149 = B_SPLINE_CURVE_WITH_KNOTS('',8,(#3150,#3151,#3152,#3153,#3154,
    #3155,#3156,#3157,#3158,#3159,#3160,#3161,#3162,#3163,#3164,#3165,
    #3166,#3167,#3168,#3169,#3170,#3171,#3172,#3173,#3174,#3175,#3176,
    #3177,#3178,#3179),.UNSPECIFIED.,.F.,.F.,(9,7,7,7,9),(0.,
    0.200528902226,1.,1.799471097759,1.999999999981),.UNSPECIFIED.);
#3150 = CARTESIAN_POINT('',(18.866305944726,-2.25,-0.32009618545));
#3151 = CARTESIAN_POINT('',(18.870816457821,-2.212179235548,
    -0.364253437909));
#3152 = CARTESIAN_POINT('',(18.875719576041,-2.170330319712,
    -0.40521934035));
#3153 = CARTESIAN_POINT('',(18.880858061823,-2.12549408515,
    -0.443196032484));
#3154 = CARTESIAN_POINT('',(18.886114430745,-2.078461744287,
    -0.478422412568));
#3155 = CARTESIAN_POINT('',(18.89140757307,-2.029790442412,
    -0.511161427769));
#3156 = CARTESIAN_POINT('',(18.896687762032,-1.979818535747,
    -0.541687652321));
#3157 = CARTESIAN_POINT('',(18.901930048848,-1.928680594484,
    -0.570275153519));
#3158 = CARTESIAN_POINT('',(18.927841503831,-1.667578762706,
    -0.704472726531));
#3159 = CARTESIAN_POINT('',(18.948198363502,-1.435653222229,
    -0.787050393072));
#3160 = CARTESIAN_POINT('',(18.965549135092,-1.196867665673,
    -0.84903749633));
#3161 = CARTESIAN_POINT('',(18.979205148216,-0.958319797394,
    -0.894696621446));
#3162 = CARTESIAN_POINT('',(18.989378193793,-0.722270431353,
    -0.927278854764));
#3163 = CARTESIAN_POINT('',(18.996316680548,-0.486750095212,
    -0.948966884641));
#3164 = CARTESIAN_POINT('',(19.,-0.24743050127,-0.960468635615));
#3165 = CARTESIAN_POINT('',(19.,0.247430501266,-0.960468635615));
#3166 = CARTESIAN_POINT('',(18.996316680548,0.486750095223,
    -0.948966884641));
#3167 = CARTESIAN_POINT('',(18.989378193793,0.72227043134,
    -0.927278854763));
#3168 = CARTESIAN_POINT('',(18.979205148216,0.958319797399,
    -0.894696621448));
#3169 = CARTESIAN_POINT('',(18.965549135092,1.196867665673,
    -0.849037496329));
#3170 = CARTESIAN_POINT('',(18.948198363502,1.435653222228,
    -0.787050393072));
#3171 = CARTESIAN_POINT('',(18.927841503831,1.667578762706,
    -0.704472726531));
#3172 = CARTESIAN_POINT('',(18.901930048848,1.928680594484,
    -0.570275153518));
#3173 = CARTESIAN_POINT('',(18.896687762032,1.979818535747,
    -0.541687652321));
#3174 = CARTESIAN_POINT('',(18.89140757307,2.029790442412,
    -0.511161427769));
#3175 = CARTESIAN_POINT('',(18.886114430745,2.078461744287,
    -0.478422412568));
#3176 = CARTESIAN_POINT('',(18.880858061823,2.12549408515,
    -0.443196032484));
#3177 = CARTESIAN_POINT('',(18.875719576041,2.170330319712,
    -0.40521934035));
#3178 = CARTESIAN_POINT('',(18.870816457821,2.212179235548,
    -0.364253437909));
#3179 = CARTESIAN_POINT('',(18.866305944726,2.25,-0.32009618545));
#3180 = PCURVE('',#210,#3181);
#3181 = DEFINITIONAL_REPRESENTATION('',(#3182),#3230);
#3182 = B_SPLINE_CURVE_WITH_KNOTS('',3,(#3183,#3184,#3185,#3186,#3187,
    #3188,#3189,#3190,#3191,#3192,#3193,#3194,#3195,#3196,#3197,#3198,
    #3199,#3200,#3201,#3202,#3203,#3204,#3205,#3206,#3207,#3208,#3209,
    #3210,#3211,#3212,#3213,#3214,#3215,#3216,#3217,#3218,#3219,#3220,
    #3221,#3222,#3223,#3224,#3225,#3226,#3227,#3228,#3229),
  .UNSPECIFIED.,.F.,.F.,(4,1,1,1,1,1,1,1,1,1,1,1,1,1,1,1,1,1,1,1,1,1,1,1
    ,1,1,1,1,1,1,1,1,1,1,1,1,1,1,1,1,1,1,1,1,4),(0.,4.545454545412E-02,
    9.090909090825E-02,0.136363636362,0.181818181816,0.227272727271,
    0.272727272725,0.318181818179,0.363636363633,0.409090909087,
    0.454545454541,0.499999999995,0.545454545449,0.590909090904,
    0.636363636358,0.681818181812,0.727272727266,0.77272727272,
    0.818181818174,0.863636363628,0.909090909082,0.954545454537,
    0.999999999991,1.045454545445,1.090909090899,1.136363636353,
    1.181818181807,1.227272727261,1.272727272715,1.31818181817,
    1.363636363624,1.409090909078,1.454545454532,1.499999999986,
    1.54545454544,1.590909090894,1.636363636348,1.681818181803,
    1.727272727257,1.772727272711,1.818181818165,1.863636363619,
    1.909090909073,1.954545454527,1.999999999981),
  .QUASI_UNIFORM_KNOTS.);
#3183 = CARTESIAN_POINT('',(6.16448571267,3.87990381455));
#3184 = CARTESIAN_POINT('',(6.165702042649,3.853203899475));
#3185 = CARTESIAN_POINT('',(6.168321486711,3.802898477083));
#3186 = CARTESIAN_POINT('',(6.172683707161,3.735745832529));
#3187 = CARTESIAN_POINT('',(6.177331520546,3.675942771697));
#3188 = CARTESIAN_POINT('',(6.182188037577,3.62245698804));
#3189 = CARTESIAN_POINT('',(6.187228057582,3.574164853883));
#3190 = CARTESIAN_POINT('',(6.192466299723,3.53009324458));
#3191 = CARTESIAN_POINT('',(6.197846215427,3.490117489203));
#3192 = CARTESIAN_POINT('',(6.203333809931,3.45395199884));
#3193 = CARTESIAN_POINT('',(6.208897649419,3.421362575793));
#3194 = CARTESIAN_POINT('',(6.214513410492,3.392113211353));
#3195 = CARTESIAN_POINT('',(6.220161950606,3.365983504617));
#3196 = CARTESIAN_POINT('',(6.22582919257,3.342766742258));
#3197 = CARTESIAN_POINT('',(6.231505582873,3.322272841069));
#3198 = CARTESIAN_POINT('',(6.237185709683,3.304329756285));
#3199 = CARTESIAN_POINT('',(6.242867902786,3.288785148369));
#3200 = CARTESIAN_POINT('',(6.24855387352,3.275507897275));
#3201 = CARTESIAN_POINT('',(6.254248280895,3.264389634504));
#3202 = CARTESIAN_POINT('',(6.259958569525,3.255346298029));
#3203 = CARTESIAN_POINT('',(6.265693767144,3.24831975107));
#3204 = CARTESIAN_POINT('',(6.27146710951,3.243279483663));
#3205 = CARTESIAN_POINT('',(6.277284306435,3.24022442438));
#3206 = CARTESIAN_POINT('',(6.283185307178,3.239184834388));
#3207 = CARTESIAN_POINT('',(6.289086307922,3.240224424379));
#3208 = CARTESIAN_POINT('',(6.294903504847,3.243279483662));
#3209 = CARTESIAN_POINT('',(6.300676847213,3.248319751067));
#3210 = CARTESIAN_POINT('',(6.306412044832,3.255346298027));
#3211 = CARTESIAN_POINT('',(6.312122333462,3.2643896345));
#3212 = CARTESIAN_POINT('',(6.317816740837,3.275507897271));
#3213 = CARTESIAN_POINT('',(6.323502711571,3.288785148364));
#3214 = CARTESIAN_POINT('',(6.329184904675,3.30432975628));
#3215 = CARTESIAN_POINT('',(6.334865031485,3.322272841064));
#3216 = CARTESIAN_POINT('',(6.340541421788,3.342766742253));
#3217 = CARTESIAN_POINT('',(6.346208663752,3.365983504612));
#3218 = CARTESIAN_POINT('',(6.351857203866,3.392113211348));
#3219 = CARTESIAN_POINT('',(6.357472964939,3.421362575788));
#3220 = CARTESIAN_POINT('',(6.363036804427,3.453951998835));
#3221 = CARTESIAN_POINT('',(6.368524398931,3.490117489198));
#3222 = CARTESIAN_POINT('',(6.373904314636,3.530093244575));
#3223 = CARTESIAN_POINT('',(6.379142556777,3.574164853878));
#3224 = CARTESIAN_POINT('',(6.384182576782,3.622456988036));
#3225 = CARTESIAN_POINT('',(6.389039093813,3.675942771694));
#3226 = CARTESIAN_POINT('',(6.393686907198,3.735745832526));
#3227 = CARTESIAN_POINT('',(6.398049127648,3.802898477081));
#3228 = CARTESIAN_POINT('',(6.40066857171,3.853203899475));
#3229 = CARTESIAN_POINT('',(6.401884901689,3.87990381455));
#3230 = ( GEOMETRIC_REPRESENTATION_CONTEXT(2) 
PARAMETRIC_REPRESENTATION_CONTEXT() REPRESENTATION_CONTEXT('2D SPACE',''
  ) );
#3231 = PCURVE('',#182,#3232);
#3232 = DEFINITIONAL_REPRESENTATION('',(#3233),#3281);
#3233 = B_SPLINE_CURVE_WITH_KNOTS('',3,(#3234,#3235,#3236,#3237,#3238,
    #3239,#3240,#3241,#3242,#3243,#3244,#3245,#3246,#3247,#3248,#3249,
    #3250,#3251,#3252,#3253,#3254,#3255,#3256,#3257,#3258,#3259,#3260,
    #3261,#3262,#3263,#3264,#3265,#3266,#3267,#3268,#3269,#3270,#3271,
    #3272,#3273,#3274,#3275,#3276,#3277,#3278,#3279,#3280),
  .UNSPECIFIED.,.F.,.F.,(4,1,1,1,1,1,1,1,1,1,1,1,1,1,1,1,1,1,1,1,1,1,1,1
    ,1,1,1,1,1,1,1,1,1,1,1,1,1,1,1,1,1,1,1,1,4),(0.,4.545454545412E-02,
    9.090909090825E-02,0.136363636362,0.181818181816,0.227272727271,
    0.272727272725,0.318181818179,0.363636363633,0.409090909087,
    0.454545454541,0.499999999995,0.545454545449,0.590909090904,
    0.636363636358,0.681818181812,0.727272727266,0.77272727272,
    0.818181818174,0.863636363628,0.909090909082,0.954545454537,
    0.999999999991,1.045454545445,1.090909090899,1.136363636353,
    1.181818181807,1.227272727261,1.272727272715,1.31818181817,
    1.363636363624,1.409090909078,1.454545454532,1.499999999986,
    1.54545454544,1.590909090894,1.636363636348,1.681818181803,
    1.727272727257,1.772727272711,1.818181818165,1.863636363619,
    1.909090909073,1.954545454527,1.999999999981),
  .QUASI_UNIFORM_KNOTS.);
#3234 = CARTESIAN_POINT('',(4.610595438614,3.75));
#3235 = CARTESIAN_POINT('',(4.602075309807,3.77294727557));
#3236 = CARTESIAN_POINT('',(4.585999658239,3.82237712885));
#3237 = CARTESIAN_POINT('',(4.564478163769,3.904732549891));
#3238 = CARTESIAN_POINT('',(4.545253737893,3.992524342158));
#3239 = CARTESIAN_POINT('',(4.528007242971,4.084304751833));
#3240 = CARTESIAN_POINT('',(4.512387853461,4.179600865626));
#3241 = CARTESIAN_POINT('',(4.498090296216,4.278694035748));
#3242 = CARTESIAN_POINT('',(4.4850828577,4.38051665137));
#3243 = CARTESIAN_POINT('',(4.473281427837,4.484425632007));
#3244 = CARTESIAN_POINT('',(4.462617778431,4.58982502281));
#3245 = CARTESIAN_POINT('',(4.453022293965,4.696252329109));
#3246 = CARTESIAN_POINT('',(4.444429549329,4.803342373774));
#3247 = CARTESIAN_POINT('',(4.436777703441,4.910825386163));
#3248 = CARTESIAN_POINT('',(4.430009500285,5.018516986795));
#3249 = CARTESIAN_POINT('',(4.424072801667,5.12631113851));
#3250 = CARTESIAN_POINT('',(4.418921219099,5.234172706514));
#3251 = CARTESIAN_POINT('',(4.414514703188,5.342130729835));
#3252 = CARTESIAN_POINT('',(4.410820138019,5.450270248039));
#3253 = CARTESIAN_POINT('',(4.40781193639,5.558729254913));
#3254 = CARTESIAN_POINT('',(4.405472644871,5.667675851628));
#3255 = CARTESIAN_POINT('',(4.403793562054,5.777358094001));
#3256 = CARTESIAN_POINT('',(4.4027753775,5.887880992822));
#3257 = CARTESIAN_POINT('',(4.402428822215,5.999999999977));
#3258 = CARTESIAN_POINT('',(4.4027753775,6.112119007133));
#3259 = CARTESIAN_POINT('',(4.403793562054,6.222641905957));
#3260 = CARTESIAN_POINT('',(4.405472644871,6.332324148334));
#3261 = CARTESIAN_POINT('',(4.407811936389,6.441270745051));
#3262 = CARTESIAN_POINT('',(4.410820138018,6.549729751927));
#3263 = CARTESIAN_POINT('',(4.414514703187,6.657869270133));
#3264 = CARTESIAN_POINT('',(4.418921219098,6.765827293455));
#3265 = CARTESIAN_POINT('',(4.424072801665,6.873688861462));
#3266 = CARTESIAN_POINT('',(4.430009500284,6.981483013179));
#3267 = CARTESIAN_POINT('',(4.43677770344,7.089174613813));
#3268 = CARTESIAN_POINT('',(4.444429549328,7.196657626204));
#3269 = CARTESIAN_POINT('',(4.453022293963,7.303747670871));
#3270 = CARTESIAN_POINT('',(4.46261777843,7.410174977172));
#3271 = CARTESIAN_POINT('',(4.473281427835,7.515574367977));
#3272 = CARTESIAN_POINT('',(4.485082857699,7.619483348616));
#3273 = CARTESIAN_POINT('',(4.498090296214,7.721305964241));
#3274 = CARTESIAN_POINT('',(4.512387853459,7.820399134365));
#3275 = CARTESIAN_POINT('',(4.52800724297,7.91569524816));
#3276 = CARTESIAN_POINT('',(4.545253737892,8.007475657837));
#3277 = CARTESIAN_POINT('',(4.564478163769,8.095267450106));
#3278 = CARTESIAN_POINT('',(4.585999658238,8.177622871148));
#3279 = CARTESIAN_POINT('',(4.602075309807,8.22705272443));
#3280 = CARTESIAN_POINT('',(4.610595438614,8.25));
#3281 = ( GEOMETRIC_REPRESENTATION_CONTEXT(2) 
PARAMETRIC_REPRESENTATION_CONTEXT() REPRESENTATION_CONTEXT('2D SPACE',''
  ) );
#3282 = ADVANCED_FACE('',(#3283,#3317),#182,.F.);
#3283 = FACE_BOUND('',#3284,.F.);
#3284 = EDGE_LOOP('',(#3285,#3306,#3307,#3308,#3309,#3310,#3311,#3312,
    #3313,#3314,#3315,#3316));
#3285 = ORIENTED_EDGE('',*,*,#3286,.T.);
#3286 = EDGE_CURVE('',#2483,#1417,#3287,.T.);
#3287 = SEAM_CURVE('',#3288,(#3292,#3299),.PCURVE_S1.);
#3288 = LINE('',#3289,#3290);
#3289 = CARTESIAN_POINT('',(22.,-6.,3.15));
#3290 = VECTOR('',#3291,1.);
#3291 = DIRECTION('',(0.,1.,0.));
#3292 = PCURVE('',#182,#3293);
#3293 = DEFINITIONAL_REPRESENTATION('',(#3294),#3298);
#3294 = LINE('',#3295,#3296);
#3295 = CARTESIAN_POINT('',(6.28318530718,-0.));
#3296 = VECTOR('',#3297,1.);
#3297 = DIRECTION('',(0.,1.));
#3298 = ( GEOMETRIC_REPRESENTATION_CONTEXT(2) 
PARAMETRIC_REPRESENTATION_CONTEXT() REPRESENTATION_CONTEXT('2D SPACE',''
  ) );
#3299 = PCURVE('',#182,#3300);
#3300 = DEFINITIONAL_REPRESENTATION('',(#3301),#3305);
#3301 = LINE('',#3302,#3303);
#3302 = CARTESIAN_POINT('',(0.,-0.));
#3303 = VECTOR('',#3304,1.);
#3304 = DIRECTION('',(0.,1.));
#3305 = ( GEOMETRIC_REPRESENTATION_CONTEXT(2) 
PARAMETRIC_REPRESENTATION_CONTEXT() REPRESENTATION_CONTEXT('2D SPACE',''
  ) );
#3306 = ORIENTED_EDGE('',*,*,#1416,.F.);
#3307 = ORIENTED_EDGE('',*,*,#1238,.F.);
#3308 = ORIENTED_EDGE('',*,*,#1534,.F.);
#3309 = ORIENTED_EDGE('',*,*,#1177,.F.);
#3310 = ORIENTED_EDGE('',*,*,#1440,.F.);
#3311 = ORIENTED_EDGE('',*,*,#3286,.F.);
#3312 = ORIENTED_EDGE('',*,*,#2506,.T.);
#3313 = ORIENTED_EDGE('',*,*,#1379,.T.);
#3314 = ORIENTED_EDGE('',*,*,#821,.T.);
#3315 = ORIENTED_EDGE('',*,*,#1318,.T.);
#3316 = ORIENTED_EDGE('',*,*,#2482,.T.);
#3317 = FACE_BOUND('',#3318,.F.);
#3318 = EDGE_LOOP('',(#3319,#3320,#3321,#3343));
#3319 = ORIENTED_EDGE('',*,*,#163,.F.);
#3320 = ORIENTED_EDGE('',*,*,#3147,.T.);
#3321 = ORIENTED_EDGE('',*,*,#3322,.T.);
#3322 = EDGE_CURVE('',#3126,#2860,#3323,.T.);
#3323 = SURFACE_CURVE('',#3324,(#3329,#3336),.PCURVE_S1.);
#3324 = CIRCLE('',#3325,3.15);
#3325 = AXIS2_PLACEMENT_3D('',#3326,#3327,#3328);
#3326 = CARTESIAN_POINT('',(22.,2.25,0.));
#3327 = DIRECTION('',(0.,1.,0.));
#3328 = DIRECTION('',(0.,-0.,1.));
#3329 = PCURVE('',#182,#3330);
#3330 = DEFINITIONAL_REPRESENTATION('',(#3331),#3335);
#3331 = LINE('',#3332,#3333);
#3332 = CARTESIAN_POINT('',(0.,8.25));
#3333 = VECTOR('',#3334,1.);
#3334 = DIRECTION('',(1.,0.));
#3335 = ( GEOMETRIC_REPRESENTATION_CONTEXT(2) 
PARAMETRIC_REPRESENTATION_CONTEXT() REPRESENTATION_CONTEXT('2D SPACE',''
  ) );
#3336 = PCURVE('',#90,#3337);
#3337 = DEFINITIONAL_REPRESENTATION('',(#3338),#3342);
#3338 = CIRCLE('',#3339,3.15);
#3339 = AXIS2_PLACEMENT_2D('',#3340,#3341);
#3340 = CARTESIAN_POINT('',(0.,0.));
#3341 = DIRECTION('',(1.,0.));
#3342 = ( GEOMETRIC_REPRESENTATION_CONTEXT(2) 
PARAMETRIC_REPRESENTATION_CONTEXT() REPRESENTATION_CONTEXT('2D SPACE',''
  ) );
#3343 = ORIENTED_EDGE('',*,*,#2859,.F.);
#3344 = ADVANCED_FACE('',(#3345),#119,.T.);
#3345 = FACE_BOUND('',#3346,.T.);
#3346 = EDGE_LOOP('',(#3347,#3348,#3349,#3369));
#3347 = ORIENTED_EDGE('',*,*,#242,.F.);
#3348 = ORIENTED_EDGE('',*,*,#102,.F.);
#3349 = ORIENTED_EDGE('',*,*,#3350,.T.);
#3350 = EDGE_CURVE('',#76,#3050,#3351,.T.);
#3351 = SURFACE_CURVE('',#3352,(#3356,#3362),.PCURVE_S1.);
#3352 = LINE('',#3353,#3354);
#3353 = CARTESIAN_POINT('',(11.,2.25,4.));
#3354 = VECTOR('',#3355,1.);
#3355 = DIRECTION('',(-1.,0.,0.));
#3356 = PCURVE('',#119,#3357);
#3357 = DEFINITIONAL_REPRESENTATION('',(#3358),#3361);
#3358 = B_SPLINE_CURVE_WITH_KNOTS('',1,(#3359,#3360),.UNSPECIFIED.,.F.,
  .F.,(2,2),(-14.3,-5.7),.PIECEWISE_BEZIER_KNOTS.);
#3359 = CARTESIAN_POINT('',(25.3,2.25));
#3360 = CARTESIAN_POINT('',(16.7,2.25));
#3361 = ( GEOMETRIC_REPRESENTATION_CONTEXT(2) 
PARAMETRIC_REPRESENTATION_CONTEXT() REPRESENTATION_CONTEXT('2D SPACE',''
  ) );
#3362 = PCURVE('',#90,#3363);
#3363 = DEFINITIONAL_REPRESENTATION('',(#3364),#3368);
#3364 = LINE('',#3365,#3366);
#3365 = CARTESIAN_POINT('',(4.,-11.));
#3366 = VECTOR('',#3367,1.);
#3367 = DIRECTION('',(0.,-1.));
#3368 = ( GEOMETRIC_REPRESENTATION_CONTEXT(2) 
PARAMETRIC_REPRESENTATION_CONTEXT() REPRESENTATION_CONTEXT('2D SPACE',''
  ) );
#3369 = ORIENTED_EDGE('',*,*,#3071,.T.);
#3370 = ADVANCED_FACE('',(#3371,#3398),#90,.F.);
#3371 = FACE_BOUND('',#3372,.F.);
#3372 = EDGE_LOOP('',(#3373,#3374,#3375,#3395,#3396,#3397));
#3373 = ORIENTED_EDGE('',*,*,#3322,.F.);
#3374 = ORIENTED_EDGE('',*,*,#3125,.F.);
#3375 = ORIENTED_EDGE('',*,*,#3376,.F.);
#3376 = EDGE_CURVE('',#42,#3102,#3377,.T.);
#3377 = SURFACE_CURVE('',#3378,(#3382,#3389),.PCURVE_S1.);
#3378 = LINE('',#3379,#3380);
#3379 = CARTESIAN_POINT('',(11.,2.25,-4.));
#3380 = VECTOR('',#3381,1.);
#3381 = DIRECTION('',(-1.,0.,0.));
#3382 = PCURVE('',#90,#3383);
#3383 = DEFINITIONAL_REPRESENTATION('',(#3384),#3388);
#3384 = LINE('',#3385,#3386);
#3385 = CARTESIAN_POINT('',(-4.,-11.));
#3386 = VECTOR('',#3387,1.);
#3387 = DIRECTION('',(0.,-1.));
#3388 = ( GEOMETRIC_REPRESENTATION_CONTEXT(2) 
PARAMETRIC_REPRESENTATION_CONTEXT() REPRESENTATION_CONTEXT('2D SPACE',''
  ) );
#3389 = PCURVE('',#63,#3390);
#3390 = DEFINITIONAL_REPRESENTATION('',(#3391),#3394);
#3391 = B_SPLINE_CURVE_WITH_KNOTS('',1,(#3392,#3393),.UNSPECIFIED.,.F.,
  .F.,(2,2),(-14.3,-5.7),.PIECEWISE_BEZIER_KNOTS.);
#3392 = CARTESIAN_POINT('',(25.3,2.25));
#3393 = CARTESIAN_POINT('',(16.7,2.25));
#3394 = ( GEOMETRIC_REPRESENTATION_CONTEXT(2) 
PARAMETRIC_REPRESENTATION_CONTEXT() REPRESENTATION_CONTEXT('2D SPACE',''
  ) );
#3395 = ORIENTED_EDGE('',*,*,#75,.T.);
#3396 = ORIENTED_EDGE('',*,*,#3350,.T.);
#3397 = ORIENTED_EDGE('',*,*,#3049,.F.);
#3398 = FACE_BOUND('',#3399,.F.);
#3399 = EDGE_LOOP('',(#3400,#3401,#3402,#3403,#3404,#3405,#3406,#3407,
    #3408,#3409,#3410,#3411));
#3400 = ORIENTED_EDGE('',*,*,#2210,.F.);
#3401 = ORIENTED_EDGE('',*,*,#2185,.T.);
#3402 = ORIENTED_EDGE('',*,*,#2114,.F.);
#3403 = ORIENTED_EDGE('',*,*,#2088,.T.);
#3404 = ORIENTED_EDGE('',*,*,#2019,.F.);
#3405 = ORIENTED_EDGE('',*,*,#1972,.F.);
#3406 = ORIENTED_EDGE('',*,*,#1924,.T.);
#3407 = ORIENTED_EDGE('',*,*,#2457,.F.);
#3408 = ORIENTED_EDGE('',*,*,#2406,.T.);
#3409 = ORIENTED_EDGE('',*,*,#2358,.T.);
#3410 = ORIENTED_EDGE('',*,*,#2311,.T.);
#3411 = ORIENTED_EDGE('',*,*,#2286,.T.);
#3412 = ADVANCED_FACE('',(#3413),#63,.F.);
#3413 = FACE_BOUND('',#3414,.F.);
#3414 = EDGE_LOOP('',(#3415,#3416,#3417,#3418));
#3415 = ORIENTED_EDGE('',*,*,#221,.F.);
#3416 = ORIENTED_EDGE('',*,*,#39,.T.);
#3417 = ORIENTED_EDGE('',*,*,#3376,.T.);
#3418 = ORIENTED_EDGE('',*,*,#3101,.F.);
#3419 = ( GEOMETRIC_REPRESENTATION_CONTEXT(3) 
GLOBAL_UNCERTAINTY_ASSIGNED_CONTEXT((#3423)) 
GLOBAL_UNIT_ASSIGNED_CONTEXT((#3420,#3421,#3422)) REPRESENTATION_CONTEXT
('Context #1','3D Context with UNIT and UNCERTAINTY') );
#3420 = ( LENGTH_UNIT() NAMED_UNIT(*) SI_UNIT(.MILLI.,.METRE.) );
#3421 = ( NAMED_UNIT(*) PLANE_ANGLE_UNIT() SI_UNIT($,.RADIAN.) );
#3422 = ( NAMED_UNIT(*) SI_UNIT($,.STERADIAN.) SOLID_ANGLE_UNIT() );
#3423 = UNCERTAINTY_MEASURE_WITH_UNIT(LENGTH_MEASURE(1.E-07),#3420,
  'distance_accuracy_value','confusion accuracy');
#3424 = CONTEXT_DEPENDENT_SHAPE_REPRESENTATION(#3425,#3427);
#3425 = ( REPRESENTATION_RELATIONSHIP('','',#32,#10) 
REPRESENTATION_RELATIONSHIP_WITH_TRANSFORMATION(#3426) 
SHAPE_REPRESENTATION_RELATIONSHIP() );
#3426 = ITEM_DEFINED_TRANSFORMATION('','',#11,#15);
#3427 = PRODUCT_DEFINITION_SHAPE('Placement','Placement of an item',
  #3428);
#3428 = NEXT_ASSEMBLY_USAGE_OCCURRENCE('105',
'LOW-PROFILE_STRUCTURAL_RECOVERY_HARDPOINT_RING_WITH_DOUBLE-SHEAR_YOKE_
TI_STOWED_LOCAL_DEFINITION','',#5,#27,$);
#3429 = PRODUCT_RELATED_PRODUCT_CATEGORY('part',$,(#29));
#3430 = MECHANICAL_DESIGN_GEOMETRIC_PRESENTATION_REPRESENTATION('',(
    #3431),#3419);
#3431 = STYLED_ITEM('color',(#3432),#33);
#3432 = PRESENTATION_STYLE_ASSIGNMENT((#3433));
#3433 = SURFACE_STYLE_USAGE(.BOTH.,#3434);
#3434 = SURFACE_SIDE_STYLE('',(#3435));
#3435 = SURFACE_STYLE_FILL_AREA(#3436);
#3436 = FILL_AREA_STYLE('',(#3437));
#3437 = FILL_AREA_STYLE_COLOUR('',#3438);
#3438 = COLOUR_RGB('',0.530000000233,0.590000005974,0.640000008347);
ENDSEC;
END-ISO-10303-21;
