ISO-10303-21;
HEADER;
FILE_DESCRIPTION(('Open CASCADE Model'),'2;1');
FILE_NAME('Open CASCADE Shape Model','2026-08-26T03:22:02',('Author'),(
    'Open CASCADE'),'Open CASCADE STEP processor 7.9','Open CASCADE 7.9'
  ,'Unknown');
FILE_SCHEMA((
'AP242_MANAGED_MODEL_BASED_3D_ENGINEERING_MIM_LF {1 0 10303 442 1 1 4 }'
    ));
ENDSEC;
DATA;
#1 = APPLICATION_PROTOCOL_DEFINITION('international standard',
  'ap242_managed_model_based_3d_engineering',2013,#2);
#2 = APPLICATION_CONTEXT('Managed model based 3d engineering');
#3 = SHAPE_DEFINITION_REPRESENTATION(#4,#10);
#4 = PRODUCT_DEFINITION_SHAPE('','',#5);
#5 = PRODUCT_DEFINITION('design','',#6,#9);
#6 = PRODUCT_DEFINITION_FORMATION('','',#7);
#7 = PRODUCT(
  'SHORTENED_FIXED_SECTOR_3_WITH_BACKUP-GUIDE_ACCESS_TI_STOWED_PART',
  'SHORTENED_FIXED_SECTOR_3_WITH_BACKUP-GUIDE_ACCESS_TI_STOWED_PART','',
  (#8));
#8 = PRODUCT_CONTEXT('',#2,'mechanical');
#9 = PRODUCT_DEFINITION_CONTEXT('part definition',#2,'design');
#10 = SHAPE_REPRESENTATION('',(#11,#15),#19);
#11 = AXIS2_PLACEMENT_3D('',#12,#13,#14);
#12 = CARTESIAN_POINT('',(0.,0.,0.));
#13 = DIRECTION('',(0.,0.,1.));
#14 = DIRECTION('',(1.,0.,-0.));
#15 = AXIS2_PLACEMENT_3D('',#16,#17,#18);
#16 = CARTESIAN_POINT('',(0.,0.,0.));
#17 = DIRECTION('',(0.,0.,1.));
#18 = DIRECTION('',(1.,0.,-0.));
#19 = ( GEOMETRIC_REPRESENTATION_CONTEXT(3) 
GLOBAL_UNCERTAINTY_ASSIGNED_CONTEXT((#23)) GLOBAL_UNIT_ASSIGNED_CONTEXT(
(#20,#21,#22)) REPRESENTATION_CONTEXT('Context #1',
  '3D Context with UNIT and UNCERTAINTY') );
#20 = ( LENGTH_UNIT() NAMED_UNIT(*) SI_UNIT(.MILLI.,.METRE.) );
#21 = ( NAMED_UNIT(*) PLANE_ANGLE_UNIT() SI_UNIT($,.RADIAN.) );
#22 = ( NAMED_UNIT(*) SI_UNIT($,.STERADIAN.) SOLID_ANGLE_UNIT() );
#23 = UNCERTAINTY_MEASURE_WITH_UNIT(LENGTH_MEASURE(1.E-07),#20,
  'distance_accuracy_value','confusion accuracy');
#24 = PRODUCT_RELATED_PRODUCT_CATEGORY('part',$,(#7));
#25 = SHAPE_DEFINITION_REPRESENTATION(#26,#32);
#26 = PRODUCT_DEFINITION_SHAPE('','',#27);
#27 = PRODUCT_DEFINITION('design','',#28,#31);
#28 = PRODUCT_DEFINITION_FORMATION('','',#29);
#29 = PRODUCT(
'SHORTENED_FIXED_SECTOR_3_WITH_BACKUP-GUIDE_ACCESS_TI_STOWED_LOCAL_
DEFINITION',
'SHORTENED_FIXED_SECTOR_3_WITH_BACKUP-GUIDE_ACCESS_TI_STOWED_LOCAL_
DEFINITION','',(#30));
#30 = PRODUCT_CONTEXT('',#2,'mechanical');
#31 = PRODUCT_DEFINITION_CONTEXT('part definition',#2,'design');
#32 = ADVANCED_BREP_SHAPE_REPRESENTATION('',(#11,#33),#3007);
#33 = MANIFOLD_SOLID_BREP('',#34);
#34 = CLOSED_SHELL('',(#35,#589,#665,#1662,#1717,#1721,#1776,#1780,#1851
    ,#1875,#1922,#1970,#2041,#2065,#2112,#2160,#2241,#2291,#2339,#2363,
    #2436,#2463,#2491,#2524,#2552,#2580,#2608,#2689,#2739,#2787,#2811,
    #2884,#2911,#2939,#2972,#3000));
#35 = ADVANCED_FACE('',(#36),#51,.T.);
#36 = FACE_BOUND('',#37,.T.);
#37 = EDGE_LOOP('',(#38,#74,#100,#128,#154,#182,#208,#236,#262,#290,#316
    ,#349,#375,#403,#429,#457,#483,#511,#537,#565));
#38 = ORIENTED_EDGE('',*,*,#39,.T.);
#39 = EDGE_CURVE('',#40,#42,#44,.T.);
#40 = VERTEX_POINT('',#41);
#41 = CARTESIAN_POINT('',(26.338630445516,-10.88698977011,0.));
#42 = VERTEX_POINT('',#43);
#43 = CARTESIAN_POINT('',(26.338630445516,10.886989770112,0.));
#44 = SURFACE_CURVE('',#45,(#50,#62),.PCURVE_S1.);
#45 = CIRCLE('',#46,28.5);
#46 = AXIS2_PLACEMENT_3D('',#47,#48,#49);
#47 = CARTESIAN_POINT('',(0.,0.,0.));
#48 = DIRECTION('',(0.,0.,1.));
#49 = DIRECTION('',(0.924162471773,-0.381999641057,0.));
#50 = PCURVE('',#51,#56);
#51 = CYLINDRICAL_SURFACE('',#52,28.5);
#52 = AXIS2_PLACEMENT_3D('',#53,#54,#55);
#53 = CARTESIAN_POINT('',(0.,0.,0.));
#54 = DIRECTION('',(0.,0.,1.));
#55 = DIRECTION('',(1.,0.,-0.));
#56 = DEFINITIONAL_REPRESENTATION('',(#57),#61);
#57 = LINE('',#58,#59);
#58 = CARTESIAN_POINT('',(5.89122624251,0.));
#59 = VECTOR('',#60,1.);
#60 = DIRECTION('',(1.,0.));
#61 = ( GEOMETRIC_REPRESENTATION_CONTEXT(2) 
PARAMETRIC_REPRESENTATION_CONTEXT() REPRESENTATION_CONTEXT('2D SPACE',''
  ) );
#62 = PCURVE('',#63,#68);
#63 = PLANE('',#64);
#64 = AXIS2_PLACEMENT_3D('',#65,#66,#67);
#65 = CARTESIAN_POINT('',(0.,0.,0.));
#66 = DIRECTION('',(0.,0.,1.));
#67 = DIRECTION('',(1.,0.,-0.));
#68 = DEFINITIONAL_REPRESENTATION('',(#69),#73);
#69 = CIRCLE('',#70,28.5);
#70 = AXIS2_PLACEMENT_2D('',#71,#72);
#71 = CARTESIAN_POINT('',(0.,0.));
#72 = DIRECTION('',(0.924162471773,-0.381999641057));
#73 = ( GEOMETRIC_REPRESENTATION_CONTEXT(2) 
PARAMETRIC_REPRESENTATION_CONTEXT() REPRESENTATION_CONTEXT('2D SPACE',''
  ) );
#74 = ORIENTED_EDGE('',*,*,#75,.T.);
#75 = EDGE_CURVE('',#42,#76,#78,.T.);
#76 = VERTEX_POINT('',#77);
#77 = CARTESIAN_POINT('',(26.338630445516,10.886989770112,1.4));
#78 = SURFACE_CURVE('',#79,(#83,#89),.PCURVE_S1.);
#79 = LINE('',#80,#81);
#80 = CARTESIAN_POINT('',(26.338630445516,10.886989770112,0.));
#81 = VECTOR('',#82,1.);
#82 = DIRECTION('',(0.,0.,1.));
#83 = PCURVE('',#51,#84);
#84 = DEFINITIONAL_REPRESENTATION('',(#85),#88);
#85 = B_SPLINE_CURVE_WITH_KNOTS('',1,(#86,#87),.UNSPECIFIED.,.F.,.F.,(2,
    2),(0.,1.4),.PIECEWISE_BEZIER_KNOTS.);
#86 = CARTESIAN_POINT('',(6.675144371849,0.));
#87 = CARTESIAN_POINT('',(6.675144371849,1.4));
#88 = ( GEOMETRIC_REPRESENTATION_CONTEXT(2) 
PARAMETRIC_REPRESENTATION_CONTEXT() REPRESENTATION_CONTEXT('2D SPACE',''
  ) );
#89 = PCURVE('',#90,#95);
#90 = CYLINDRICAL_SURFACE('',#91,2.6);
#91 = AXIS2_PLACEMENT_3D('',#92,#93,#94);
#92 = CARTESIAN_POINT('',(23.74526402036,11.072598457606,-0.2));
#93 = DIRECTION('',(0.,0.,1.));
#94 = DIRECTION('',(1.,0.,-0.));
#95 = DEFINITIONAL_REPRESENTATION('',(#96),#99);
#96 = B_SPLINE_CURVE_WITH_KNOTS('',1,(#97,#98),.UNSPECIFIED.,.F.,.F.,(2,
    2),(-6.E-07,1.4000006),.PIECEWISE_BEZIER_KNOTS.);
#97 = CARTESIAN_POINT('',(6.211736575942,0.1999994));
#98 = CARTESIAN_POINT('',(6.211736575942,1.6000006));
#99 = ( GEOMETRIC_REPRESENTATION_CONTEXT(2) 
PARAMETRIC_REPRESENTATION_CONTEXT() REPRESENTATION_CONTEXT('2D SPACE',''
  ) );
#100 = ORIENTED_EDGE('',*,*,#101,.T.);
#101 = EDGE_CURVE('',#76,#102,#104,.T.);
#102 = VERTEX_POINT('',#103);
#103 = CARTESIAN_POINT('',(25.270063322178,13.17853936114,1.4));
#104 = SURFACE_CURVE('',#105,(#110,#116),.PCURVE_S1.);
#105 = CIRCLE('',#106,28.5);
#106 = AXIS2_PLACEMENT_3D('',#107,#108,#109);
#107 = CARTESIAN_POINT('',(0.,0.,1.4));
#108 = DIRECTION('',(0.,0.,1.));
#109 = DIRECTION('',(1.,0.,-0.));
#110 = PCURVE('',#51,#111);
#111 = DEFINITIONAL_REPRESENTATION('',(#112),#115);
#112 = B_SPLINE_CURVE_WITH_KNOTS('',1,(#113,#114),.UNSPECIFIED.,.F.,.F.,
  (2,2),(0.391959064669,0.480705561328),.PIECEWISE_BEZIER_KNOTS.);
#113 = CARTESIAN_POINT('',(6.675144371849,1.4));
#114 = CARTESIAN_POINT('',(6.763890868508,1.4));
#115 = ( GEOMETRIC_REPRESENTATION_CONTEXT(2) 
PARAMETRIC_REPRESENTATION_CONTEXT() REPRESENTATION_CONTEXT('2D SPACE',''
  ) );
#116 = PCURVE('',#117,#122);
#117 = PLANE('',#118);
#118 = AXIS2_PLACEMENT_3D('',#119,#120,#121);
#119 = CARTESIAN_POINT('',(23.74526402036,11.072598457606,1.4));
#120 = DIRECTION('',(0.,0.,1.));
#121 = DIRECTION('',(1.,0.,-0.));
#122 = DEFINITIONAL_REPRESENTATION('',(#123),#127);
#123 = CIRCLE('',#124,28.5);
#124 = AXIS2_PLACEMENT_2D('',#125,#126);
#125 = CARTESIAN_POINT('',(-23.74526402036,-11.0725984576));
#126 = DIRECTION('',(1.,0.));
#127 = ( GEOMETRIC_REPRESENTATION_CONTEXT(2) 
PARAMETRIC_REPRESENTATION_CONTEXT() REPRESENTATION_CONTEXT('2D SPACE',''
  ) );
#128 = ORIENTED_EDGE('',*,*,#129,.F.);
#129 = EDGE_CURVE('',#130,#102,#132,.T.);
#130 = VERTEX_POINT('',#131);
#131 = CARTESIAN_POINT('',(25.270063322178,13.17853936114,0.));
#132 = SURFACE_CURVE('',#133,(#137,#143),.PCURVE_S1.);
#133 = LINE('',#134,#135);
#134 = CARTESIAN_POINT('',(25.270063322178,13.17853936114,0.));
#135 = VECTOR('',#136,1.);
#136 = DIRECTION('',(0.,0.,1.));
#137 = PCURVE('',#51,#138);
#138 = DEFINITIONAL_REPRESENTATION('',(#139),#142);
#139 = B_SPLINE_CURVE_WITH_KNOTS('',1,(#140,#141),.UNSPECIFIED.,.F.,.F.,
  (2,2),(0.,1.4),.PIECEWISE_BEZIER_KNOTS.);
#140 = CARTESIAN_POINT('',(6.763890868508,0.));
#141 = CARTESIAN_POINT('',(6.763890868508,1.4));
#142 = ( GEOMETRIC_REPRESENTATION_CONTEXT(2) 
PARAMETRIC_REPRESENTATION_CONTEXT() REPRESENTATION_CONTEXT('2D SPACE',''
  ) );
#143 = PCURVE('',#144,#149);
#144 = CYLINDRICAL_SURFACE('',#145,2.6);
#145 = AXIS2_PLACEMENT_3D('',#146,#147,#148);
#146 = CARTESIAN_POINT('',(23.74526402036,11.072598457606,-0.2));
#147 = DIRECTION('',(0.,0.,1.));
#148 = DIRECTION('',(1.,0.,-0.));
#149 = DEFINITIONAL_REPRESENTATION('',(#150),#153);
#150 = B_SPLINE_CURVE_WITH_KNOTS('',1,(#151,#152),.UNSPECIFIED.,.F.,.F.,
  (2,2),(-6.E-07,1.4000006),.PIECEWISE_BEZIER_KNOTS.);
#151 = CARTESIAN_POINT('',(0.944113357235,0.1999994));
#152 = CARTESIAN_POINT('',(0.944113357235,1.6000006));
#153 = ( GEOMETRIC_REPRESENTATION_CONTEXT(2) 
PARAMETRIC_REPRESENTATION_CONTEXT() REPRESENTATION_CONTEXT('2D SPACE',''
  ) );
#154 = ORIENTED_EDGE('',*,*,#155,.T.);
#155 = EDGE_CURVE('',#130,#156,#158,.T.);
#156 = VERTEX_POINT('',#157);
#157 = CARTESIAN_POINT('',(24.926661653473,13.817074177021,0.));
#158 = SURFACE_CURVE('',#159,(#164,#170),.PCURVE_S1.);
#159 = CIRCLE('',#160,28.5);
#160 = AXIS2_PLACEMENT_3D('',#161,#162,#163);
#161 = CARTESIAN_POINT('',(0.,0.,0.));
#162 = DIRECTION('',(0.,0.,1.));
#163 = DIRECTION('',(1.,0.,-0.));
#164 = PCURVE('',#51,#165);
#165 = DEFINITIONAL_REPRESENTATION('',(#166),#169);
#166 = B_SPLINE_CURVE_WITH_KNOTS('',1,(#167,#168),.UNSPECIFIED.,.F.,.F.,
  (2,2),(0.480705561328,0.506145483078),.PIECEWISE_BEZIER_KNOTS.);
#167 = CARTESIAN_POINT('',(6.763890868508,0.));
#168 = CARTESIAN_POINT('',(6.789330790258,0.));
#169 = ( GEOMETRIC_REPRESENTATION_CONTEXT(2) 
PARAMETRIC_REPRESENTATION_CONTEXT() REPRESENTATION_CONTEXT('2D SPACE',''
  ) );
#170 = PCURVE('',#171,#176);
#171 = PLANE('',#172);
#172 = AXIS2_PLACEMENT_3D('',#173,#174,#175);
#173 = CARTESIAN_POINT('',(0.,0.,0.));
#174 = DIRECTION('',(0.,0.,1.));
#175 = DIRECTION('',(1.,0.,-0.));
#176 = DEFINITIONAL_REPRESENTATION('',(#177),#181);
#177 = CIRCLE('',#178,28.5);
#178 = AXIS2_PLACEMENT_2D('',#179,#180);
#179 = CARTESIAN_POINT('',(0.,0.));
#180 = DIRECTION('',(1.,0.));
#181 = ( GEOMETRIC_REPRESENTATION_CONTEXT(2) 
PARAMETRIC_REPRESENTATION_CONTEXT() REPRESENTATION_CONTEXT('2D SPACE',''
  ) );
#182 = ORIENTED_EDGE('',*,*,#183,.T.);
#183 = EDGE_CURVE('',#156,#184,#186,.T.);
#184 = VERTEX_POINT('',#185);
#185 = CARTESIAN_POINT('',(24.926661653473,13.817074177021,389.4));
#186 = SURFACE_CURVE('',#187,(#191,#197),.PCURVE_S1.);
#187 = LINE('',#188,#189);
#188 = CARTESIAN_POINT('',(24.926661653473,13.817074177021,0.));
#189 = VECTOR('',#190,1.);
#190 = DIRECTION('',(0.,0.,1.));
#191 = PCURVE('',#51,#192);
#192 = DEFINITIONAL_REPRESENTATION('',(#193),#196);
#193 = B_SPLINE_CURVE_WITH_KNOTS('',1,(#194,#195),.UNSPECIFIED.,.F.,.F.,
  (2,2),(0.,389.4),.PIECEWISE_BEZIER_KNOTS.);
#194 = CARTESIAN_POINT('',(6.789330790258,0.));
#195 = CARTESIAN_POINT('',(6.789330790258,389.4));
#196 = ( GEOMETRIC_REPRESENTATION_CONTEXT(2) 
PARAMETRIC_REPRESENTATION_CONTEXT() REPRESENTATION_CONTEXT('2D SPACE',''
  ) );
#197 = PCURVE('',#198,#203);
#198 = PLANE('',#199);
#199 = AXIS2_PLACEMENT_3D('',#200,#201,#202);
#200 = CARTESIAN_POINT('',(62.316654133682,34.542685442552,-0.2));
#201 = DIRECTION('',(0.484809620246,-0.874619707139,0.));
#202 = DIRECTION('',(-0.874619707139,-0.484809620246,0.));
#203 = DEFINITIONAL_REPRESENTATION('',(#204),#207);
#204 = B_SPLINE_CURVE_WITH_KNOTS('',1,(#205,#206),.UNSPECIFIED.,.F.,.F.,
  (2,2),(-6.E-07,389.4000006),.PIECEWISE_BEZIER_KNOTS.);
#205 = CARTESIAN_POINT('',(42.75,-0.1999994));
#206 = CARTESIAN_POINT('',(42.75,-389.6000006));
#207 = ( GEOMETRIC_REPRESENTATION_CONTEXT(2) 
PARAMETRIC_REPRESENTATION_CONTEXT() REPRESENTATION_CONTEXT('2D SPACE',''
  ) );
#208 = ORIENTED_EDGE('',*,*,#209,.F.);
#209 = EDGE_CURVE('',#210,#184,#212,.T.);
#210 = VERTEX_POINT('',#211);
#211 = CARTESIAN_POINT('',(25.270063322178,13.17853936114,389.4));
#212 = SURFACE_CURVE('',#213,(#218,#224),.PCURVE_S1.);
#213 = CIRCLE('',#214,28.5);
#214 = AXIS2_PLACEMENT_3D('',#215,#216,#217);
#215 = CARTESIAN_POINT('',(0.,0.,389.4));
#216 = DIRECTION('',(0.,0.,1.));
#217 = DIRECTION('',(1.,0.,-0.));
#218 = PCURVE('',#51,#219);
#219 = DEFINITIONAL_REPRESENTATION('',(#220),#223);
#220 = B_SPLINE_CURVE_WITH_KNOTS('',1,(#221,#222),.UNSPECIFIED.,.F.,.F.,
  (2,2),(0.480705561328,0.506145483078),.PIECEWISE_BEZIER_KNOTS.);
#221 = CARTESIAN_POINT('',(6.763890868508,389.4));
#222 = CARTESIAN_POINT('',(6.789330790258,389.4));
#223 = ( GEOMETRIC_REPRESENTATION_CONTEXT(2) 
PARAMETRIC_REPRESENTATION_CONTEXT() REPRESENTATION_CONTEXT('2D SPACE',''
  ) );
#224 = PCURVE('',#225,#230);
#225 = PLANE('',#226);
#226 = AXIS2_PLACEMENT_3D('',#227,#228,#229);
#227 = CARTESIAN_POINT('',(0.,0.,389.4));
#228 = DIRECTION('',(0.,0.,1.));
#229 = DIRECTION('',(1.,0.,-0.));
#230 = DEFINITIONAL_REPRESENTATION('',(#231),#235);
#231 = CIRCLE('',#232,28.5);
#232 = AXIS2_PLACEMENT_2D('',#233,#234);
#233 = CARTESIAN_POINT('',(0.,0.));
#234 = DIRECTION('',(1.,0.));
#235 = ( GEOMETRIC_REPRESENTATION_CONTEXT(2) 
PARAMETRIC_REPRESENTATION_CONTEXT() REPRESENTATION_CONTEXT('2D SPACE',''
  ) );
#236 = ORIENTED_EDGE('',*,*,#237,.F.);
#237 = EDGE_CURVE('',#238,#210,#240,.T.);
#238 = VERTEX_POINT('',#239);
#239 = CARTESIAN_POINT('',(25.270063322178,13.17853936114,388.));
#240 = SURFACE_CURVE('',#241,(#245,#251),.PCURVE_S1.);
#241 = LINE('',#242,#243);
#242 = CARTESIAN_POINT('',(25.270063322178,13.17853936114,0.));
#243 = VECTOR('',#244,1.);
#244 = DIRECTION('',(0.,0.,1.));
#245 = PCURVE('',#51,#246);
#246 = DEFINITIONAL_REPRESENTATION('',(#247),#250);
#247 = B_SPLINE_CURVE_WITH_KNOTS('',1,(#248,#249),.UNSPECIFIED.,.F.,.F.,
  (2,2),(388.,389.4),.PIECEWISE_BEZIER_KNOTS.);
#248 = CARTESIAN_POINT('',(6.763890868508,388.));
#249 = CARTESIAN_POINT('',(6.763890868508,389.4));
#250 = ( GEOMETRIC_REPRESENTATION_CONTEXT(2) 
PARAMETRIC_REPRESENTATION_CONTEXT() REPRESENTATION_CONTEXT('2D SPACE',''
  ) );
#251 = PCURVE('',#252,#257);
#252 = CYLINDRICAL_SURFACE('',#253,2.6);
#253 = AXIS2_PLACEMENT_3D('',#254,#255,#256);
#254 = CARTESIAN_POINT('',(23.74526402036,11.072598457606,388.));
#255 = DIRECTION('',(0.,0.,1.));
#256 = DIRECTION('',(1.,0.,-0.));
#257 = DEFINITIONAL_REPRESENTATION('',(#258),#261);
#258 = B_SPLINE_CURVE_WITH_KNOTS('',1,(#259,#260),.UNSPECIFIED.,.F.,.F.,
  (2,2),(387.9999994,389.4000006),.PIECEWISE_BEZIER_KNOTS.);
#259 = CARTESIAN_POINT('',(0.944113357235,-6.000000212225E-07));
#260 = CARTESIAN_POINT('',(0.944113357235,1.4000006));
#261 = ( GEOMETRIC_REPRESENTATION_CONTEXT(2) 
PARAMETRIC_REPRESENTATION_CONTEXT() REPRESENTATION_CONTEXT('2D SPACE',''
  ) );
#262 = ORIENTED_EDGE('',*,*,#263,.F.);
#263 = EDGE_CURVE('',#264,#238,#266,.T.);
#264 = VERTEX_POINT('',#265);
#265 = CARTESIAN_POINT('',(26.338630445516,10.886989770112,388.));
#266 = SURFACE_CURVE('',#267,(#272,#278),.PCURVE_S1.);
#267 = CIRCLE('',#268,28.5);
#268 = AXIS2_PLACEMENT_3D('',#269,#270,#271);
#269 = CARTESIAN_POINT('',(0.,0.,388.));
#270 = DIRECTION('',(0.,0.,1.));
#271 = DIRECTION('',(1.,0.,-0.));
#272 = PCURVE('',#51,#273);
#273 = DEFINITIONAL_REPRESENTATION('',(#274),#277);
#274 = B_SPLINE_CURVE_WITH_KNOTS('',1,(#275,#276),.UNSPECIFIED.,.F.,.F.,
  (2,2),(0.391959064669,0.480705561328),.PIECEWISE_BEZIER_KNOTS.);
#275 = CARTESIAN_POINT('',(6.675144371849,388.));
#276 = CARTESIAN_POINT('',(6.763890868508,388.));
#277 = ( GEOMETRIC_REPRESENTATION_CONTEXT(2) 
PARAMETRIC_REPRESENTATION_CONTEXT() REPRESENTATION_CONTEXT('2D SPACE',''
  ) );
#278 = PCURVE('',#279,#284);
#279 = PLANE('',#280);
#280 = AXIS2_PLACEMENT_3D('',#281,#282,#283);
#281 = CARTESIAN_POINT('',(23.74526402036,11.072598457606,388.));
#282 = DIRECTION('',(0.,0.,1.));
#283 = DIRECTION('',(1.,0.,-0.));
#284 = DEFINITIONAL_REPRESENTATION('',(#285),#289);
#285 = CIRCLE('',#286,28.5);
#286 = AXIS2_PLACEMENT_2D('',#287,#288);
#287 = CARTESIAN_POINT('',(-23.74526402036,-11.0725984576));
#288 = DIRECTION('',(1.,0.));
#289 = ( GEOMETRIC_REPRESENTATION_CONTEXT(2) 
PARAMETRIC_REPRESENTATION_CONTEXT() REPRESENTATION_CONTEXT('2D SPACE',''
  ) );
#290 = ORIENTED_EDGE('',*,*,#291,.T.);
#291 = EDGE_CURVE('',#264,#292,#294,.T.);
#292 = VERTEX_POINT('',#293);
#293 = CARTESIAN_POINT('',(26.338630445516,10.886989770112,389.4));
#294 = SURFACE_CURVE('',#295,(#299,#305),.PCURVE_S1.);
#295 = LINE('',#296,#297);
#296 = CARTESIAN_POINT('',(26.338630445516,10.886989770112,0.));
#297 = VECTOR('',#298,1.);
#298 = DIRECTION('',(0.,0.,1.));
#299 = PCURVE('',#51,#300);
#300 = DEFINITIONAL_REPRESENTATION('',(#301),#304);
#301 = B_SPLINE_CURVE_WITH_KNOTS('',1,(#302,#303),.UNSPECIFIED.,.F.,.F.,
  (2,2),(388.,389.4),.PIECEWISE_BEZIER_KNOTS.);
#302 = CARTESIAN_POINT('',(6.675144371849,388.));
#303 = CARTESIAN_POINT('',(6.675144371849,389.4));
#304 = ( GEOMETRIC_REPRESENTATION_CONTEXT(2) 
PARAMETRIC_REPRESENTATION_CONTEXT() REPRESENTATION_CONTEXT('2D SPACE',''
  ) );
#305 = PCURVE('',#306,#311);
#306 = CYLINDRICAL_SURFACE('',#307,2.6);
#307 = AXIS2_PLACEMENT_3D('',#308,#309,#310);
#308 = CARTESIAN_POINT('',(23.74526402036,11.072598457606,388.));
#309 = DIRECTION('',(0.,0.,1.));
#310 = DIRECTION('',(1.,0.,-0.));
#311 = DEFINITIONAL_REPRESENTATION('',(#312),#315);
#312 = B_SPLINE_CURVE_WITH_KNOTS('',1,(#313,#314),.UNSPECIFIED.,.F.,.F.,
  (2,2),(387.9999994,389.4000006),.PIECEWISE_BEZIER_KNOTS.);
#313 = CARTESIAN_POINT('',(6.211736575942,-6.000000212225E-07));
#314 = CARTESIAN_POINT('',(6.211736575942,1.4000006));
#315 = ( GEOMETRIC_REPRESENTATION_CONTEXT(2) 
PARAMETRIC_REPRESENTATION_CONTEXT() REPRESENTATION_CONTEXT('2D SPACE',''
  ) );
#316 = ORIENTED_EDGE('',*,*,#317,.T.);
#317 = EDGE_CURVE('',#292,#318,#320,.T.);
#318 = VERTEX_POINT('',#319);
#319 = CARTESIAN_POINT('',(26.338630445516,-10.88698977011,389.4));
#320 = SURFACE_CURVE('',#321,(#326,#333),.PCURVE_S1.);
#321 = CIRCLE('',#322,28.5);
#322 = AXIS2_PLACEMENT_3D('',#323,#324,#325);
#323 = CARTESIAN_POINT('',(0.,0.,389.4));
#324 = DIRECTION('',(0.,0.,-1.));
#325 = DIRECTION('',(0.924162471773,0.381999641057,0.));
#326 = PCURVE('',#51,#327);
#327 = DEFINITIONAL_REPRESENTATION('',(#328),#332);
#328 = LINE('',#329,#330);
#329 = CARTESIAN_POINT('',(6.675144371849,389.4));
#330 = VECTOR('',#331,1.);
#331 = DIRECTION('',(-1.,-0.));
#332 = ( GEOMETRIC_REPRESENTATION_CONTEXT(2) 
PARAMETRIC_REPRESENTATION_CONTEXT() REPRESENTATION_CONTEXT('2D SPACE',''
  ) );
#333 = PCURVE('',#334,#339);
#334 = PLANE('',#335);
#335 = AXIS2_PLACEMENT_3D('',#336,#337,#338);
#336 = CARTESIAN_POINT('',(0.,0.,389.4));
#337 = DIRECTION('',(0.,0.,1.));
#338 = DIRECTION('',(1.,0.,-0.));
#339 = DEFINITIONAL_REPRESENTATION('',(#340),#348);
#340 = ( BOUNDED_CURVE() B_SPLINE_CURVE(2,(#341,#342,#343,#344,#345,#346
,#347),.UNSPECIFIED.,.T.,.F.) B_SPLINE_CURVE_WITH_KNOTS((1,2,2,2,2,1),(
    -2.094395102393,0.,2.094395102393,4.188790204786,6.28318530718,
8.377580409573),.UNSPECIFIED.) CURVE() GEOMETRIC_REPRESENTATION_ITEM() 
RATIONAL_B_SPLINE_CURVE((1.,0.5,1.,0.5,1.,0.5,1.)) REPRESENTATION_ITEM(
  '') );
#341 = CARTESIAN_POINT('',(26.338630445516,10.886989770112));
#342 = CARTESIAN_POINT('',(45.195449868833,-34.7328563633));
#343 = CARTESIAN_POINT('',(-3.7409055111,-28.25341795176));
#344 = CARTESIAN_POINT('',(-52.67726089103,-21.77397954022));
#345 = CARTESIAN_POINT('',(-22.59772493441,17.366428181651));
#346 = CARTESIAN_POINT('',(7.4818110222,56.506835903527));
#347 = CARTESIAN_POINT('',(26.338630445516,10.886989770112));
#348 = ( GEOMETRIC_REPRESENTATION_CONTEXT(2) 
PARAMETRIC_REPRESENTATION_CONTEXT() REPRESENTATION_CONTEXT('2D SPACE',''
  ) );
#349 = ORIENTED_EDGE('',*,*,#350,.F.);
#350 = EDGE_CURVE('',#351,#318,#353,.T.);
#351 = VERTEX_POINT('',#352);
#352 = CARTESIAN_POINT('',(26.338630445516,-10.88698977011,388.));
#353 = SURFACE_CURVE('',#354,(#358,#364),.PCURVE_S1.);
#354 = LINE('',#355,#356);
#355 = CARTESIAN_POINT('',(26.338630445516,-10.88698977011,0.));
#356 = VECTOR('',#357,1.);
#357 = DIRECTION('',(0.,0.,1.));
#358 = PCURVE('',#51,#359);
#359 = DEFINITIONAL_REPRESENTATION('',(#360),#363);
#360 = B_SPLINE_CURVE_WITH_KNOTS('',1,(#361,#362),.UNSPECIFIED.,.F.,.F.,
  (2,2),(388.,389.4),.PIECEWISE_BEZIER_KNOTS.);
#361 = CARTESIAN_POINT('',(5.89122624251,388.));
#362 = CARTESIAN_POINT('',(5.89122624251,389.4));
#363 = ( GEOMETRIC_REPRESENTATION_CONTEXT(2) 
PARAMETRIC_REPRESENTATION_CONTEXT() REPRESENTATION_CONTEXT('2D SPACE',''
  ) );
#364 = PCURVE('',#365,#370);
#365 = CYLINDRICAL_SURFACE('',#366,2.6);
#366 = AXIS2_PLACEMENT_3D('',#367,#368,#369);
#367 = CARTESIAN_POINT('',(23.74526402036,-11.0725984576,388.));
#368 = DIRECTION('',(0.,0.,1.));
#369 = DIRECTION('',(1.,0.,-0.));
#370 = DEFINITIONAL_REPRESENTATION('',(#371),#374);
#371 = B_SPLINE_CURVE_WITH_KNOTS('',1,(#372,#373),.UNSPECIFIED.,.F.,.F.,
  (2,2),(387.9999994,389.4000006),.PIECEWISE_BEZIER_KNOTS.);
#372 = CARTESIAN_POINT('',(7.144873123781E-02,-6.000000212225E-07));
#373 = CARTESIAN_POINT('',(7.144873123781E-02,1.4000006));
#374 = ( GEOMETRIC_REPRESENTATION_CONTEXT(2) 
PARAMETRIC_REPRESENTATION_CONTEXT() REPRESENTATION_CONTEXT('2D SPACE',''
  ) );
#375 = ORIENTED_EDGE('',*,*,#376,.F.);
#376 = EDGE_CURVE('',#377,#351,#379,.T.);
#377 = VERTEX_POINT('',#378);
#378 = CARTESIAN_POINT('',(25.270063322178,-13.17853936114,388.));
#379 = SURFACE_CURVE('',#380,(#385,#391),.PCURVE_S1.);
#380 = CIRCLE('',#381,28.5);
#381 = AXIS2_PLACEMENT_3D('',#382,#383,#384);
#382 = CARTESIAN_POINT('',(0.,0.,388.));
#383 = DIRECTION('',(0.,0.,1.));
#384 = DIRECTION('',(1.,0.,-0.));
#385 = PCURVE('',#51,#386);
#386 = DEFINITIONAL_REPRESENTATION('',(#387),#390);
#387 = B_SPLINE_CURVE_WITH_KNOTS('',1,(#388,#389),.UNSPECIFIED.,.F.,.F.,
  (2,2),(5.802479745852,5.89122624251),.PIECEWISE_BEZIER_KNOTS.);
#388 = CARTESIAN_POINT('',(5.802479745852,388.));
#389 = CARTESIAN_POINT('',(5.89122624251,388.));
#390 = ( GEOMETRIC_REPRESENTATION_CONTEXT(2) 
PARAMETRIC_REPRESENTATION_CONTEXT() REPRESENTATION_CONTEXT('2D SPACE',''
  ) );
#391 = PCURVE('',#392,#397);
#392 = PLANE('',#393);
#393 = AXIS2_PLACEMENT_3D('',#394,#395,#396);
#394 = CARTESIAN_POINT('',(23.74526402036,-11.0725984576,388.));
#395 = DIRECTION('',(0.,0.,1.));
#396 = DIRECTION('',(1.,0.,-0.));
#397 = DEFINITIONAL_REPRESENTATION('',(#398),#402);
#398 = CIRCLE('',#399,28.5);
#399 = AXIS2_PLACEMENT_2D('',#400,#401);
#400 = CARTESIAN_POINT('',(-23.74526402036,11.072598457606));
#401 = DIRECTION('',(1.,0.));
#402 = ( GEOMETRIC_REPRESENTATION_CONTEXT(2) 
PARAMETRIC_REPRESENTATION_CONTEXT() REPRESENTATION_CONTEXT('2D SPACE',''
  ) );
#403 = ORIENTED_EDGE('',*,*,#404,.T.);
#404 = EDGE_CURVE('',#377,#405,#407,.T.);
#405 = VERTEX_POINT('',#406);
#406 = CARTESIAN_POINT('',(25.270063322178,-13.17853936114,389.4));
#407 = SURFACE_CURVE('',#408,(#412,#418),.PCURVE_S1.);
#408 = LINE('',#409,#410);
#409 = CARTESIAN_POINT('',(25.270063322178,-13.17853936114,0.));
#410 = VECTOR('',#411,1.);
#411 = DIRECTION('',(0.,0.,1.));
#412 = PCURVE('',#51,#413);
#413 = DEFINITIONAL_REPRESENTATION('',(#414),#417);
#414 = B_SPLINE_CURVE_WITH_KNOTS('',1,(#415,#416),.UNSPECIFIED.,.F.,.F.,
  (2,2),(388.,389.4),.PIECEWISE_BEZIER_KNOTS.);
#415 = CARTESIAN_POINT('',(5.802479745852,388.));
#416 = CARTESIAN_POINT('',(5.802479745852,389.4));
#417 = ( GEOMETRIC_REPRESENTATION_CONTEXT(2) 
PARAMETRIC_REPRESENTATION_CONTEXT() REPRESENTATION_CONTEXT('2D SPACE',''
  ) );
#418 = PCURVE('',#419,#424);
#419 = CYLINDRICAL_SURFACE('',#420,2.6);
#420 = AXIS2_PLACEMENT_3D('',#421,#422,#423);
#421 = CARTESIAN_POINT('',(23.74526402036,-11.0725984576,388.));
#422 = DIRECTION('',(0.,0.,1.));
#423 = DIRECTION('',(1.,0.,-0.));
#424 = DEFINITIONAL_REPRESENTATION('',(#425),#428);
#425 = B_SPLINE_CURVE_WITH_KNOTS('',1,(#426,#427),.UNSPECIFIED.,.F.,.F.,
  (2,2),(387.9999994,389.4000006),.PIECEWISE_BEZIER_KNOTS.);
#426 = CARTESIAN_POINT('',(5.339071949945,-6.000000212225E-07));
#427 = CARTESIAN_POINT('',(5.339071949945,1.4000006));
#428 = ( GEOMETRIC_REPRESENTATION_CONTEXT(2) 
PARAMETRIC_REPRESENTATION_CONTEXT() REPRESENTATION_CONTEXT('2D SPACE',''
  ) );
#429 = ORIENTED_EDGE('',*,*,#430,.F.);
#430 = EDGE_CURVE('',#431,#405,#433,.T.);
#431 = VERTEX_POINT('',#432);
#432 = CARTESIAN_POINT('',(24.926661653473,-13.81707417702,389.4));
#433 = SURFACE_CURVE('',#434,(#439,#445),.PCURVE_S1.);
#434 = CIRCLE('',#435,28.5);
#435 = AXIS2_PLACEMENT_3D('',#436,#437,#438);
#436 = CARTESIAN_POINT('',(0.,0.,389.4));
#437 = DIRECTION('',(0.,0.,1.));
#438 = DIRECTION('',(1.,0.,-0.));
#439 = PCURVE('',#51,#440);
#440 = DEFINITIONAL_REPRESENTATION('',(#441),#444);
#441 = B_SPLINE_CURVE_WITH_KNOTS('',1,(#442,#443),.UNSPECIFIED.,.F.,.F.,
  (2,2),(5.777039824101,5.802479745852),.PIECEWISE_BEZIER_KNOTS.);
#442 = CARTESIAN_POINT('',(5.777039824101,389.4));
#443 = CARTESIAN_POINT('',(5.802479745852,389.4));
#444 = ( GEOMETRIC_REPRESENTATION_CONTEXT(2) 
PARAMETRIC_REPRESENTATION_CONTEXT() REPRESENTATION_CONTEXT('2D SPACE',''
  ) );
#445 = PCURVE('',#446,#451);
#446 = PLANE('',#447);
#447 = AXIS2_PLACEMENT_3D('',#448,#449,#450);
#448 = CARTESIAN_POINT('',(0.,0.,389.4));
#449 = DIRECTION('',(0.,0.,1.));
#450 = DIRECTION('',(1.,0.,-0.));
#451 = DEFINITIONAL_REPRESENTATION('',(#452),#456);
#452 = CIRCLE('',#453,28.5);
#453 = AXIS2_PLACEMENT_2D('',#454,#455);
#454 = CARTESIAN_POINT('',(0.,0.));
#455 = DIRECTION('',(1.,0.));
#456 = ( GEOMETRIC_REPRESENTATION_CONTEXT(2) 
PARAMETRIC_REPRESENTATION_CONTEXT() REPRESENTATION_CONTEXT('2D SPACE',''
  ) );
#457 = ORIENTED_EDGE('',*,*,#458,.F.);
#458 = EDGE_CURVE('',#459,#431,#461,.T.);
#459 = VERTEX_POINT('',#460);
#460 = CARTESIAN_POINT('',(24.926661653473,-13.81707417702,0.));
#461 = SURFACE_CURVE('',#462,(#466,#472),.PCURVE_S1.);
#462 = LINE('',#463,#464);
#463 = CARTESIAN_POINT('',(24.926661653473,-13.81707417702,0.));
#464 = VECTOR('',#465,1.);
#465 = DIRECTION('',(0.,0.,1.));
#466 = PCURVE('',#51,#467);
#467 = DEFINITIONAL_REPRESENTATION('',(#468),#471);
#468 = B_SPLINE_CURVE_WITH_KNOTS('',1,(#469,#470),.UNSPECIFIED.,.F.,.F.,
  (2,2),(0.,389.4),.PIECEWISE_BEZIER_KNOTS.);
#469 = CARTESIAN_POINT('',(5.777039824101,0.));
#470 = CARTESIAN_POINT('',(5.777039824101,389.4));
#471 = ( GEOMETRIC_REPRESENTATION_CONTEXT(2) 
PARAMETRIC_REPRESENTATION_CONTEXT() REPRESENTATION_CONTEXT('2D SPACE',''
  ) );
#472 = PCURVE('',#473,#478);
#473 = PLANE('',#474);
#474 = AXIS2_PLACEMENT_3D('',#475,#476,#477);
#475 = CARTESIAN_POINT('',(0.,0.,-0.2));
#476 = DIRECTION('',(0.484809620246,0.874619707139,-0.));
#477 = DIRECTION('',(0.874619707139,-0.484809620246,0.));
#478 = DEFINITIONAL_REPRESENTATION('',(#479),#482);
#479 = B_SPLINE_CURVE_WITH_KNOTS('',1,(#480,#481),.UNSPECIFIED.,.F.,.F.,
  (2,2),(-6.E-07,389.4000006),.PIECEWISE_BEZIER_KNOTS.);
#480 = CARTESIAN_POINT('',(28.5,-0.1999994));
#481 = CARTESIAN_POINT('',(28.5,-389.6000006));
#482 = ( GEOMETRIC_REPRESENTATION_CONTEXT(2) 
PARAMETRIC_REPRESENTATION_CONTEXT() REPRESENTATION_CONTEXT('2D SPACE',''
  ) );
#483 = ORIENTED_EDGE('',*,*,#484,.T.);
#484 = EDGE_CURVE('',#459,#485,#487,.T.);
#485 = VERTEX_POINT('',#486);
#486 = CARTESIAN_POINT('',(25.270063322178,-13.17853936114,0.));
#487 = SURFACE_CURVE('',#488,(#493,#499),.PCURVE_S1.);
#488 = CIRCLE('',#489,28.5);
#489 = AXIS2_PLACEMENT_3D('',#490,#491,#492);
#490 = CARTESIAN_POINT('',(0.,0.,0.));
#491 = DIRECTION('',(0.,0.,1.));
#492 = DIRECTION('',(1.,0.,-0.));
#493 = PCURVE('',#51,#494);
#494 = DEFINITIONAL_REPRESENTATION('',(#495),#498);
#495 = B_SPLINE_CURVE_WITH_KNOTS('',1,(#496,#497),.UNSPECIFIED.,.F.,.F.,
  (2,2),(5.777039824101,5.802479745852),.PIECEWISE_BEZIER_KNOTS.);
#496 = CARTESIAN_POINT('',(5.777039824101,0.));
#497 = CARTESIAN_POINT('',(5.802479745852,0.));
#498 = ( GEOMETRIC_REPRESENTATION_CONTEXT(2) 
PARAMETRIC_REPRESENTATION_CONTEXT() REPRESENTATION_CONTEXT('2D SPACE',''
  ) );
#499 = PCURVE('',#500,#505);
#500 = PLANE('',#501);
#501 = AXIS2_PLACEMENT_3D('',#502,#503,#504);
#502 = CARTESIAN_POINT('',(0.,0.,0.));
#503 = DIRECTION('',(0.,0.,1.));
#504 = DIRECTION('',(1.,0.,-0.));
#505 = DEFINITIONAL_REPRESENTATION('',(#506),#510);
#506 = CIRCLE('',#507,28.5);
#507 = AXIS2_PLACEMENT_2D('',#508,#509);
#508 = CARTESIAN_POINT('',(0.,0.));
#509 = DIRECTION('',(1.,0.));
#510 = ( GEOMETRIC_REPRESENTATION_CONTEXT(2) 
PARAMETRIC_REPRESENTATION_CONTEXT() REPRESENTATION_CONTEXT('2D SPACE',''
  ) );
#511 = ORIENTED_EDGE('',*,*,#512,.T.);
#512 = EDGE_CURVE('',#485,#513,#515,.T.);
#513 = VERTEX_POINT('',#514);
#514 = CARTESIAN_POINT('',(25.270063322178,-13.17853936114,1.4));
#515 = SURFACE_CURVE('',#516,(#520,#526),.PCURVE_S1.);
#516 = LINE('',#517,#518);
#517 = CARTESIAN_POINT('',(25.270063322178,-13.17853936114,0.));
#518 = VECTOR('',#519,1.);
#519 = DIRECTION('',(0.,0.,1.));
#520 = PCURVE('',#51,#521);
#521 = DEFINITIONAL_REPRESENTATION('',(#522),#525);
#522 = B_SPLINE_CURVE_WITH_KNOTS('',1,(#523,#524),.UNSPECIFIED.,.F.,.F.,
  (2,2),(0.,1.4),.PIECEWISE_BEZIER_KNOTS.);
#523 = CARTESIAN_POINT('',(5.802479745852,0.));
#524 = CARTESIAN_POINT('',(5.802479745852,1.4));
#525 = ( GEOMETRIC_REPRESENTATION_CONTEXT(2) 
PARAMETRIC_REPRESENTATION_CONTEXT() REPRESENTATION_CONTEXT('2D SPACE',''
  ) );
#526 = PCURVE('',#527,#532);
#527 = CYLINDRICAL_SURFACE('',#528,2.6);
#528 = AXIS2_PLACEMENT_3D('',#529,#530,#531);
#529 = CARTESIAN_POINT('',(23.74526402036,-11.0725984576,-0.2));
#530 = DIRECTION('',(0.,0.,1.));
#531 = DIRECTION('',(1.,0.,-0.));
#532 = DEFINITIONAL_REPRESENTATION('',(#533),#536);
#533 = B_SPLINE_CURVE_WITH_KNOTS('',1,(#534,#535),.UNSPECIFIED.,.F.,.F.,
  (2,2),(-6.E-07,1.4000006),.PIECEWISE_BEZIER_KNOTS.);
#534 = CARTESIAN_POINT('',(5.339071949945,0.1999994));
#535 = CARTESIAN_POINT('',(5.339071949945,1.6000006));
#536 = ( GEOMETRIC_REPRESENTATION_CONTEXT(2) 
PARAMETRIC_REPRESENTATION_CONTEXT() REPRESENTATION_CONTEXT('2D SPACE',''
  ) );
#537 = ORIENTED_EDGE('',*,*,#538,.T.);
#538 = EDGE_CURVE('',#513,#539,#541,.T.);
#539 = VERTEX_POINT('',#540);
#540 = CARTESIAN_POINT('',(26.338630445516,-10.88698977011,1.4));
#541 = SURFACE_CURVE('',#542,(#547,#553),.PCURVE_S1.);
#542 = CIRCLE('',#543,28.5);
#543 = AXIS2_PLACEMENT_3D('',#544,#545,#546);
#544 = CARTESIAN_POINT('',(0.,0.,1.4));
#545 = DIRECTION('',(0.,0.,1.));
#546 = DIRECTION('',(1.,0.,-0.));
#547 = PCURVE('',#51,#548);
#548 = DEFINITIONAL_REPRESENTATION('',(#549),#552);
#549 = B_SPLINE_CURVE_WITH_KNOTS('',1,(#550,#551),.UNSPECIFIED.,.F.,.F.,
  (2,2),(5.802479745852,5.89122624251),.PIECEWISE_BEZIER_KNOTS.);
#550 = CARTESIAN_POINT('',(5.802479745852,1.4));
#551 = CARTESIAN_POINT('',(5.89122624251,1.4));
#552 = ( GEOMETRIC_REPRESENTATION_CONTEXT(2) 
PARAMETRIC_REPRESENTATION_CONTEXT() REPRESENTATION_CONTEXT('2D SPACE',''
  ) );
#553 = PCURVE('',#554,#559);
#554 = PLANE('',#555);
#555 = AXIS2_PLACEMENT_3D('',#556,#557,#558);
#556 = CARTESIAN_POINT('',(23.74526402036,-11.0725984576,1.4));
#557 = DIRECTION('',(0.,0.,1.));
#558 = DIRECTION('',(1.,0.,-0.));
#559 = DEFINITIONAL_REPRESENTATION('',(#560),#564);
#560 = CIRCLE('',#561,28.5);
#561 = AXIS2_PLACEMENT_2D('',#562,#563);
#562 = CARTESIAN_POINT('',(-23.74526402036,11.072598457606));
#563 = DIRECTION('',(1.,0.));
#564 = ( GEOMETRIC_REPRESENTATION_CONTEXT(2) 
PARAMETRIC_REPRESENTATION_CONTEXT() REPRESENTATION_CONTEXT('2D SPACE',''
  ) );
#565 = ORIENTED_EDGE('',*,*,#566,.F.);
#566 = EDGE_CURVE('',#40,#539,#567,.T.);
#567 = SURFACE_CURVE('',#568,(#572,#578),.PCURVE_S1.);
#568 = LINE('',#569,#570);
#569 = CARTESIAN_POINT('',(26.338630445516,-10.88698977011,0.));
#570 = VECTOR('',#571,1.);
#571 = DIRECTION('',(0.,0.,1.));
#572 = PCURVE('',#51,#573);
#573 = DEFINITIONAL_REPRESENTATION('',(#574),#577);
#574 = B_SPLINE_CURVE_WITH_KNOTS('',1,(#575,#576),.UNSPECIFIED.,.F.,.F.,
  (2,2),(0.,1.4),.PIECEWISE_BEZIER_KNOTS.);
#575 = CARTESIAN_POINT('',(5.89122624251,0.));
#576 = CARTESIAN_POINT('',(5.89122624251,1.4));
#577 = ( GEOMETRIC_REPRESENTATION_CONTEXT(2) 
PARAMETRIC_REPRESENTATION_CONTEXT() REPRESENTATION_CONTEXT('2D SPACE',''
  ) );
#578 = PCURVE('',#579,#584);
#579 = CYLINDRICAL_SURFACE('',#580,2.6);
#580 = AXIS2_PLACEMENT_3D('',#581,#582,#583);
#581 = CARTESIAN_POINT('',(23.74526402036,-11.0725984576,-0.2));
#582 = DIRECTION('',(0.,0.,1.));
#583 = DIRECTION('',(1.,0.,-0.));
#584 = DEFINITIONAL_REPRESENTATION('',(#585),#588);
#585 = B_SPLINE_CURVE_WITH_KNOTS('',1,(#586,#587),.UNSPECIFIED.,.F.,.F.,
  (2,2),(-6.E-07,1.4000006),.PIECEWISE_BEZIER_KNOTS.);
#586 = CARTESIAN_POINT('',(7.144873123781E-02,0.1999994));
#587 = CARTESIAN_POINT('',(7.144873123781E-02,1.6000006));
#588 = ( GEOMETRIC_REPRESENTATION_CONTEXT(2) 
PARAMETRIC_REPRESENTATION_CONTEXT() REPRESENTATION_CONTEXT('2D SPACE',''
  ) );
#589 = ADVANCED_FACE('',(#590),#579,.F.);
#590 = FACE_BOUND('',#591,.F.);
#591 = EDGE_LOOP('',(#592,#616,#617,#641));
#592 = ORIENTED_EDGE('',*,*,#593,.F.);
#593 = EDGE_CURVE('',#539,#594,#596,.T.);
#594 = VERTEX_POINT('',#595);
#595 = CARTESIAN_POINT('',(22.559320684845,-8.758826989862,1.4));
#596 = SURFACE_CURVE('',#597,(#602,#609),.PCURVE_S1.);
#597 = CIRCLE('',#598,2.6);
#598 = AXIS2_PLACEMENT_3D('',#599,#600,#601);
#599 = CARTESIAN_POINT('',(23.74526402036,-11.0725984576,1.4));
#600 = DIRECTION('',(0.,0.,1.));
#601 = DIRECTION('',(1.,0.,-0.));
#602 = PCURVE('',#579,#603);
#603 = DEFINITIONAL_REPRESENTATION('',(#604),#608);
#604 = LINE('',#605,#606);
#605 = CARTESIAN_POINT('',(0.,1.6));
#606 = VECTOR('',#607,1.);
#607 = DIRECTION('',(1.,0.));
#608 = ( GEOMETRIC_REPRESENTATION_CONTEXT(2) 
PARAMETRIC_REPRESENTATION_CONTEXT() REPRESENTATION_CONTEXT('2D SPACE',''
  ) );
#609 = PCURVE('',#554,#610);
#610 = DEFINITIONAL_REPRESENTATION('',(#611),#615);
#611 = CIRCLE('',#612,2.6);
#612 = AXIS2_PLACEMENT_2D('',#613,#614);
#613 = CARTESIAN_POINT('',(0.,0.));
#614 = DIRECTION('',(1.,0.));
#615 = ( GEOMETRIC_REPRESENTATION_CONTEXT(2) 
PARAMETRIC_REPRESENTATION_CONTEXT() REPRESENTATION_CONTEXT('2D SPACE',''
  ) );
#616 = ORIENTED_EDGE('',*,*,#566,.F.);
#617 = ORIENTED_EDGE('',*,*,#618,.T.);
#618 = EDGE_CURVE('',#40,#619,#621,.T.);
#619 = VERTEX_POINT('',#620);
#620 = CARTESIAN_POINT('',(22.559320684845,-8.758826989862,0.));
#621 = SURFACE_CURVE('',#622,(#627,#634),.PCURVE_S1.);
#622 = CIRCLE('',#623,2.6);
#623 = AXIS2_PLACEMENT_3D('',#624,#625,#626);
#624 = CARTESIAN_POINT('',(23.74526402036,-11.0725984576,0.));
#625 = DIRECTION('',(0.,0.,1.));
#626 = DIRECTION('',(1.,0.,-0.));
#627 = PCURVE('',#579,#628);
#628 = DEFINITIONAL_REPRESENTATION('',(#629),#633);
#629 = LINE('',#630,#631);
#630 = CARTESIAN_POINT('',(0.,0.2));
#631 = VECTOR('',#632,1.);
#632 = DIRECTION('',(1.,0.));
#633 = ( GEOMETRIC_REPRESENTATION_CONTEXT(2) 
PARAMETRIC_REPRESENTATION_CONTEXT() REPRESENTATION_CONTEXT('2D SPACE',''
  ) );
#634 = PCURVE('',#63,#635);
#635 = DEFINITIONAL_REPRESENTATION('',(#636),#640);
#636 = CIRCLE('',#637,2.6);
#637 = AXIS2_PLACEMENT_2D('',#638,#639);
#638 = CARTESIAN_POINT('',(23.74526402036,-11.0725984576));
#639 = DIRECTION('',(1.,0.));
#640 = ( GEOMETRIC_REPRESENTATION_CONTEXT(2) 
PARAMETRIC_REPRESENTATION_CONTEXT() REPRESENTATION_CONTEXT('2D SPACE',''
  ) );
#641 = ORIENTED_EDGE('',*,*,#642,.T.);
#642 = EDGE_CURVE('',#619,#594,#643,.T.);
#643 = SURFACE_CURVE('',#644,(#648,#654),.PCURVE_S1.);
#644 = LINE('',#645,#646);
#645 = CARTESIAN_POINT('',(22.559320684845,-8.758826989862,-0.2));
#646 = VECTOR('',#647,1.);
#647 = DIRECTION('',(0.,0.,1.));
#648 = PCURVE('',#579,#649);
#649 = DEFINITIONAL_REPRESENTATION('',(#650),#653);
#650 = B_SPLINE_CURVE_WITH_KNOTS('',1,(#651,#652),.UNSPECIFIED.,.F.,.F.,
  (2,2),(0.1999994,1.6000006),.PIECEWISE_BEZIER_KNOTS.);
#651 = CARTESIAN_POINT('',(2.044440221128,0.1999994));
#652 = CARTESIAN_POINT('',(2.044440221128,1.6000006));
#653 = ( GEOMETRIC_REPRESENTATION_CONTEXT(2) 
PARAMETRIC_REPRESENTATION_CONTEXT() REPRESENTATION_CONTEXT('2D SPACE',''
  ) );
#654 = PCURVE('',#655,#660);
#655 = CYLINDRICAL_SURFACE('',#656,24.2);
#656 = AXIS2_PLACEMENT_3D('',#657,#658,#659);
#657 = CARTESIAN_POINT('',(0.,0.,-0.2));
#658 = DIRECTION('',(0.,0.,1.));
#659 = DIRECTION('',(1.,0.,-0.));
#660 = DEFINITIONAL_REPRESENTATION('',(#661),#664);
#661 = B_SPLINE_CURVE_WITH_KNOTS('',1,(#662,#663),.UNSPECIFIED.,.F.,.F.,
  (2,2),(0.2,1.6),.PIECEWISE_BEZIER_KNOTS.);
#662 = CARTESIAN_POINT('',(5.912842521066,0.2));
#663 = CARTESIAN_POINT('',(5.912842521066,1.6));
#664 = ( GEOMETRIC_REPRESENTATION_CONTEXT(2) 
PARAMETRIC_REPRESENTATION_CONTEXT() REPRESENTATION_CONTEXT('2D SPACE',''
  ) );
#665 = ADVANCED_FACE('',(#666,#1132,#1397),#655,.F.);
#666 = FACE_BOUND('',#667,.F.);
#667 = EDGE_LOOP('',(#668,#669,#693,#714,#737,#763,#791,#812,#840,#866,
    #889,#910,#938,#959,#982,#1008,#1036,#1057,#1085,#1111));
#668 = ORIENTED_EDGE('',*,*,#642,.F.);
#669 = ORIENTED_EDGE('',*,*,#670,.T.);
#670 = EDGE_CURVE('',#619,#671,#673,.T.);
#671 = VERTEX_POINT('',#672);
#672 = CARTESIAN_POINT('',(22.559320684845,8.758826989862,0.));
#673 = SURFACE_CURVE('',#674,(#679,#686),.PCURVE_S1.);
#674 = CIRCLE('',#675,24.2);
#675 = AXIS2_PLACEMENT_3D('',#676,#677,#678);
#676 = CARTESIAN_POINT('',(0.,0.,0.));
#677 = DIRECTION('',(0.,0.,1.));
#678 = DIRECTION('',(0.932203334084,-0.361934999581,0.));
#679 = PCURVE('',#655,#680);
#680 = DEFINITIONAL_REPRESENTATION('',(#681),#685);
#681 = LINE('',#682,#683);
#682 = CARTESIAN_POINT('',(5.912842521066,0.2));
#683 = VECTOR('',#684,1.);
#684 = DIRECTION('',(1.,0.));
#685 = ( GEOMETRIC_REPRESENTATION_CONTEXT(2) 
PARAMETRIC_REPRESENTATION_CONTEXT() REPRESENTATION_CONTEXT('2D SPACE',''
  ) );
#686 = PCURVE('',#63,#687);
#687 = DEFINITIONAL_REPRESENTATION('',(#688),#692);
#688 = CIRCLE('',#689,24.2);
#689 = AXIS2_PLACEMENT_2D('',#690,#691);
#690 = CARTESIAN_POINT('',(0.,0.));
#691 = DIRECTION('',(0.932203334084,-0.361934999581));
#692 = ( GEOMETRIC_REPRESENTATION_CONTEXT(2) 
PARAMETRIC_REPRESENTATION_CONTEXT() REPRESENTATION_CONTEXT('2D SPACE',''
  ) );
#693 = ORIENTED_EDGE('',*,*,#694,.T.);
#694 = EDGE_CURVE('',#671,#695,#697,.T.);
#695 = VERTEX_POINT('',#696);
#696 = CARTESIAN_POINT('',(22.559320684845,8.758826989862,1.4));
#697 = SURFACE_CURVE('',#698,(#702,#708),.PCURVE_S1.);
#698 = LINE('',#699,#700);
#699 = CARTESIAN_POINT('',(22.559320684845,8.758826989862,-0.2));
#700 = VECTOR('',#701,1.);
#701 = DIRECTION('',(0.,0.,1.));
#702 = PCURVE('',#655,#703);
#703 = DEFINITIONAL_REPRESENTATION('',(#704),#707);
#704 = B_SPLINE_CURVE_WITH_KNOTS('',1,(#705,#706),.UNSPECIFIED.,.F.,.F.,
  (2,2),(0.2,1.6),.PIECEWISE_BEZIER_KNOTS.);
#705 = CARTESIAN_POINT('',(6.653528093294,0.2));
#706 = CARTESIAN_POINT('',(6.653528093294,1.6));
#707 = ( GEOMETRIC_REPRESENTATION_CONTEXT(2) 
PARAMETRIC_REPRESENTATION_CONTEXT() REPRESENTATION_CONTEXT('2D SPACE',''
  ) );
#708 = PCURVE('',#90,#709);
#709 = DEFINITIONAL_REPRESENTATION('',(#710),#713);
#710 = B_SPLINE_CURVE_WITH_KNOTS('',1,(#711,#712),.UNSPECIFIED.,.F.,.F.,
  (2,2),(0.1999994,1.6000006),.PIECEWISE_BEZIER_KNOTS.);
#711 = CARTESIAN_POINT('',(4.238745086052,0.1999994));
#712 = CARTESIAN_POINT('',(4.238745086052,1.6000006));
#713 = ( GEOMETRIC_REPRESENTATION_CONTEXT(2) 
PARAMETRIC_REPRESENTATION_CONTEXT() REPRESENTATION_CONTEXT('2D SPACE',''
  ) );
#714 = ORIENTED_EDGE('',*,*,#715,.T.);
#715 = EDGE_CURVE('',#695,#716,#718,.T.);
#716 = VERTEX_POINT('',#717);
#717 = CARTESIAN_POINT('',(21.210502562988,11.651376786693,1.4));
#718 = SURFACE_CURVE('',#719,(#724,#730),.PCURVE_S1.);
#719 = CIRCLE('',#720,24.2);
#720 = AXIS2_PLACEMENT_3D('',#721,#722,#723);
#721 = CARTESIAN_POINT('',(0.,0.,1.4));
#722 = DIRECTION('',(0.,0.,1.));
#723 = DIRECTION('',(1.,0.,-0.));
#724 = PCURVE('',#655,#725);
#725 = DEFINITIONAL_REPRESENTATION('',(#726),#729);
#726 = B_SPLINE_CURVE_WITH_KNOTS('',1,(#727,#728),.UNSPECIFIED.,.F.,.F.,
  (2,2),(0.370342786114,0.502321839883),.PIECEWISE_BEZIER_KNOTS.);
#727 = CARTESIAN_POINT('',(6.653528093294,1.6));
#728 = CARTESIAN_POINT('',(6.785507147063,1.6));
#729 = ( GEOMETRIC_REPRESENTATION_CONTEXT(2) 
PARAMETRIC_REPRESENTATION_CONTEXT() REPRESENTATION_CONTEXT('2D SPACE',''
  ) );
#730 = PCURVE('',#117,#731);
#731 = DEFINITIONAL_REPRESENTATION('',(#732),#736);
#732 = CIRCLE('',#733,24.2);
#733 = AXIS2_PLACEMENT_2D('',#734,#735);
#734 = CARTESIAN_POINT('',(-23.74526402036,-11.0725984576));
#735 = DIRECTION('',(1.,0.));
#736 = ( GEOMETRIC_REPRESENTATION_CONTEXT(2) 
PARAMETRIC_REPRESENTATION_CONTEXT() REPRESENTATION_CONTEXT('2D SPACE',''
  ) );
#737 = ORIENTED_EDGE('',*,*,#738,.F.);
#738 = EDGE_CURVE('',#739,#716,#741,.T.);
#739 = VERTEX_POINT('',#740);
#740 = CARTESIAN_POINT('',(21.210502562988,11.651376786693,0.));
#741 = SURFACE_CURVE('',#742,(#746,#752),.PCURVE_S1.);
#742 = LINE('',#743,#744);
#743 = CARTESIAN_POINT('',(21.210502562988,11.651376786693,-0.2));
#744 = VECTOR('',#745,1.);
#745 = DIRECTION('',(0.,0.,1.));
#746 = PCURVE('',#655,#747);
#747 = DEFINITIONAL_REPRESENTATION('',(#748),#751);
#748 = B_SPLINE_CURVE_WITH_KNOTS('',1,(#749,#750),.UNSPECIFIED.,.F.,.F.,
  (2,2),(0.2,1.6),.PIECEWISE_BEZIER_KNOTS.);
#749 = CARTESIAN_POINT('',(6.785507147063,0.2));
#750 = CARTESIAN_POINT('',(6.785507147063,1.6));
#751 = ( GEOMETRIC_REPRESENTATION_CONTEXT(2) 
PARAMETRIC_REPRESENTATION_CONTEXT() REPRESENTATION_CONTEXT('2D SPACE',''
  ) );
#752 = PCURVE('',#753,#758);
#753 = CYLINDRICAL_SURFACE('',#754,2.6);
#754 = AXIS2_PLACEMENT_3D('',#755,#756,#757);
#755 = CARTESIAN_POINT('',(23.74526402036,11.072598457606,-0.2));
#756 = DIRECTION('',(0.,0.,1.));
#757 = DIRECTION('',(1.,0.,-0.));
#758 = DEFINITIONAL_REPRESENTATION('',(#759),#762);
#759 = B_SPLINE_CURVE_WITH_KNOTS('',1,(#760,#761),.UNSPECIFIED.,.F.,.F.,
  (2,2),(0.1999994,1.6000006),.PIECEWISE_BEZIER_KNOTS.);
#760 = CARTESIAN_POINT('',(2.917104847125,0.1999994));
#761 = CARTESIAN_POINT('',(2.917104847125,1.6000006));
#762 = ( GEOMETRIC_REPRESENTATION_CONTEXT(2) 
PARAMETRIC_REPRESENTATION_CONTEXT() REPRESENTATION_CONTEXT('2D SPACE',''
  ) );
#763 = ORIENTED_EDGE('',*,*,#764,.T.);
#764 = EDGE_CURVE('',#739,#765,#767,.T.);
#765 = VERTEX_POINT('',#766);
#766 = CARTESIAN_POINT('',(21.165796912773,11.732392809961,0.));
#767 = SURFACE_CURVE('',#768,(#773,#779),.PCURVE_S1.);
#768 = CIRCLE('',#769,24.2);
#769 = AXIS2_PLACEMENT_3D('',#770,#771,#772);
#770 = CARTESIAN_POINT('',(0.,0.,0.));
#771 = DIRECTION('',(0.,0.,1.));
#772 = DIRECTION('',(1.,0.,-0.));
#773 = PCURVE('',#655,#774);
#774 = DEFINITIONAL_REPRESENTATION('',(#775),#778);
#775 = B_SPLINE_CURVE_WITH_KNOTS('',1,(#776,#777),.UNSPECIFIED.,.F.,.F.,
  (2,2),(0.502321839883,0.506145483078),.PIECEWISE_BEZIER_KNOTS.);
#776 = CARTESIAN_POINT('',(6.785507147063,0.2));
#777 = CARTESIAN_POINT('',(6.789330790258,0.2));
#778 = ( GEOMETRIC_REPRESENTATION_CONTEXT(2) 
PARAMETRIC_REPRESENTATION_CONTEXT() REPRESENTATION_CONTEXT('2D SPACE',''
  ) );
#779 = PCURVE('',#780,#785);
#780 = PLANE('',#781);
#781 = AXIS2_PLACEMENT_3D('',#782,#783,#784);
#782 = CARTESIAN_POINT('',(0.,0.,0.));
#783 = DIRECTION('',(0.,0.,1.));
#784 = DIRECTION('',(1.,0.,-0.));
#785 = DEFINITIONAL_REPRESENTATION('',(#786),#790);
#786 = CIRCLE('',#787,24.2);
#787 = AXIS2_PLACEMENT_2D('',#788,#789);
#788 = CARTESIAN_POINT('',(0.,0.));
#789 = DIRECTION('',(1.,0.));
#790 = ( GEOMETRIC_REPRESENTATION_CONTEXT(2) 
PARAMETRIC_REPRESENTATION_CONTEXT() REPRESENTATION_CONTEXT('2D SPACE',''
  ) );
#791 = ORIENTED_EDGE('',*,*,#792,.T.);
#792 = EDGE_CURVE('',#765,#793,#795,.T.);
#793 = VERTEX_POINT('',#794);
#794 = CARTESIAN_POINT('',(21.165796912773,11.732392809961,389.4));
#795 = SURFACE_CURVE('',#796,(#800,#806),.PCURVE_S1.);
#796 = LINE('',#797,#798);
#797 = CARTESIAN_POINT('',(21.165796912773,11.732392809961,-0.2));
#798 = VECTOR('',#799,1.);
#799 = DIRECTION('',(0.,0.,1.));
#800 = PCURVE('',#655,#801);
#801 = DEFINITIONAL_REPRESENTATION('',(#802),#805);
#802 = B_SPLINE_CURVE_WITH_KNOTS('',1,(#803,#804),.UNSPECIFIED.,.F.,.F.,
  (2,2),(0.2,389.6),.PIECEWISE_BEZIER_KNOTS.);
#803 = CARTESIAN_POINT('',(6.789330790258,0.2));
#804 = CARTESIAN_POINT('',(6.789330790258,389.6));
#805 = ( GEOMETRIC_REPRESENTATION_CONTEXT(2) 
PARAMETRIC_REPRESENTATION_CONTEXT() REPRESENTATION_CONTEXT('2D SPACE',''
  ) );
#806 = PCURVE('',#198,#807);
#807 = DEFINITIONAL_REPRESENTATION('',(#808),#811);
#808 = B_SPLINE_CURVE_WITH_KNOTS('',1,(#809,#810),.UNSPECIFIED.,.F.,.F.,
  (2,2),(0.1999994,389.6000006),.PIECEWISE_BEZIER_KNOTS.);
#809 = CARTESIAN_POINT('',(47.05,-0.1999994));
#810 = CARTESIAN_POINT('',(47.05,-389.6000006));
#811 = ( GEOMETRIC_REPRESENTATION_CONTEXT(2) 
PARAMETRIC_REPRESENTATION_CONTEXT() REPRESENTATION_CONTEXT('2D SPACE',''
  ) );
#812 = ORIENTED_EDGE('',*,*,#813,.F.);
#813 = EDGE_CURVE('',#814,#793,#816,.T.);
#814 = VERTEX_POINT('',#815);
#815 = CARTESIAN_POINT('',(21.210502562988,11.651376786693,389.4));
#816 = SURFACE_CURVE('',#817,(#822,#828),.PCURVE_S1.);
#817 = CIRCLE('',#818,24.2);
#818 = AXIS2_PLACEMENT_3D('',#819,#820,#821);
#819 = CARTESIAN_POINT('',(0.,0.,389.4));
#820 = DIRECTION('',(0.,0.,1.));
#821 = DIRECTION('',(1.,0.,-0.));
#822 = PCURVE('',#655,#823);
#823 = DEFINITIONAL_REPRESENTATION('',(#824),#827);
#824 = B_SPLINE_CURVE_WITH_KNOTS('',1,(#825,#826),.UNSPECIFIED.,.F.,.F.,
  (2,2),(0.502321839883,0.506145483078),.PIECEWISE_BEZIER_KNOTS.);
#825 = CARTESIAN_POINT('',(6.785507147063,389.6));
#826 = CARTESIAN_POINT('',(6.789330790258,389.6));
#827 = ( GEOMETRIC_REPRESENTATION_CONTEXT(2) 
PARAMETRIC_REPRESENTATION_CONTEXT() REPRESENTATION_CONTEXT('2D SPACE',''
  ) );
#828 = PCURVE('',#829,#834);
#829 = PLANE('',#830);
#830 = AXIS2_PLACEMENT_3D('',#831,#832,#833);
#831 = CARTESIAN_POINT('',(0.,0.,389.4));
#832 = DIRECTION('',(0.,0.,1.));
#833 = DIRECTION('',(1.,0.,-0.));
#834 = DEFINITIONAL_REPRESENTATION('',(#835),#839);
#835 = CIRCLE('',#836,24.2);
#836 = AXIS2_PLACEMENT_2D('',#837,#838);
#837 = CARTESIAN_POINT('',(0.,0.));
#838 = DIRECTION('',(1.,0.));
#839 = ( GEOMETRIC_REPRESENTATION_CONTEXT(2) 
PARAMETRIC_REPRESENTATION_CONTEXT() REPRESENTATION_CONTEXT('2D SPACE',''
  ) );
#840 = ORIENTED_EDGE('',*,*,#841,.F.);
#841 = EDGE_CURVE('',#842,#814,#844,.T.);
#842 = VERTEX_POINT('',#843);
#843 = CARTESIAN_POINT('',(21.210502562988,11.651376786693,388.));
#844 = SURFACE_CURVE('',#845,(#849,#855),.PCURVE_S1.);
#845 = LINE('',#846,#847);
#846 = CARTESIAN_POINT('',(21.210502562988,11.651376786693,-0.2));
#847 = VECTOR('',#848,1.);
#848 = DIRECTION('',(0.,0.,1.));
#849 = PCURVE('',#655,#850);
#850 = DEFINITIONAL_REPRESENTATION('',(#851),#854);
#851 = B_SPLINE_CURVE_WITH_KNOTS('',1,(#852,#853),.UNSPECIFIED.,.F.,.F.,
  (2,2),(388.2,389.6),.PIECEWISE_BEZIER_KNOTS.);
#852 = CARTESIAN_POINT('',(6.785507147063,388.2));
#853 = CARTESIAN_POINT('',(6.785507147063,389.6));
#854 = ( GEOMETRIC_REPRESENTATION_CONTEXT(2) 
PARAMETRIC_REPRESENTATION_CONTEXT() REPRESENTATION_CONTEXT('2D SPACE',''
  ) );
#855 = PCURVE('',#856,#861);
#856 = CYLINDRICAL_SURFACE('',#857,2.6);
#857 = AXIS2_PLACEMENT_3D('',#858,#859,#860);
#858 = CARTESIAN_POINT('',(23.74526402036,11.072598457606,388.));
#859 = DIRECTION('',(0.,0.,1.));
#860 = DIRECTION('',(1.,0.,-0.));
#861 = DEFINITIONAL_REPRESENTATION('',(#862),#865);
#862 = B_SPLINE_CURVE_WITH_KNOTS('',1,(#863,#864),.UNSPECIFIED.,.F.,.F.,
  (2,2),(388.1999994,389.6000006),.PIECEWISE_BEZIER_KNOTS.);
#863 = CARTESIAN_POINT('',(2.917104847125,-6.000000212225E-07));
#864 = CARTESIAN_POINT('',(2.917104847125,1.4000006));
#865 = ( GEOMETRIC_REPRESENTATION_CONTEXT(2) 
PARAMETRIC_REPRESENTATION_CONTEXT() REPRESENTATION_CONTEXT('2D SPACE',''
  ) );
#866 = ORIENTED_EDGE('',*,*,#867,.F.);
#867 = EDGE_CURVE('',#868,#842,#870,.T.);
#868 = VERTEX_POINT('',#869);
#869 = CARTESIAN_POINT('',(22.559320684845,8.758826989862,388.));
#870 = SURFACE_CURVE('',#871,(#876,#882),.PCURVE_S1.);
#871 = CIRCLE('',#872,24.2);
#872 = AXIS2_PLACEMENT_3D('',#873,#874,#875);
#873 = CARTESIAN_POINT('',(0.,0.,388.));
#874 = DIRECTION('',(0.,0.,1.));
#875 = DIRECTION('',(1.,0.,-0.));
#876 = PCURVE('',#655,#877);
#877 = DEFINITIONAL_REPRESENTATION('',(#878),#881);
#878 = B_SPLINE_CURVE_WITH_KNOTS('',1,(#879,#880),.UNSPECIFIED.,.F.,.F.,
  (2,2),(0.370342786114,0.502321839883),.PIECEWISE_BEZIER_KNOTS.);
#879 = CARTESIAN_POINT('',(6.653528093294,388.2));
#880 = CARTESIAN_POINT('',(6.785507147063,388.2));
#881 = ( GEOMETRIC_REPRESENTATION_CONTEXT(2) 
PARAMETRIC_REPRESENTATION_CONTEXT() REPRESENTATION_CONTEXT('2D SPACE',''
  ) );
#882 = PCURVE('',#279,#883);
#883 = DEFINITIONAL_REPRESENTATION('',(#884),#888);
#884 = CIRCLE('',#885,24.2);
#885 = AXIS2_PLACEMENT_2D('',#886,#887);
#886 = CARTESIAN_POINT('',(-23.74526402036,-11.0725984576));
#887 = DIRECTION('',(1.,0.));
#888 = ( GEOMETRIC_REPRESENTATION_CONTEXT(2) 
PARAMETRIC_REPRESENTATION_CONTEXT() REPRESENTATION_CONTEXT('2D SPACE',''
  ) );
#889 = ORIENTED_EDGE('',*,*,#890,.T.);
#890 = EDGE_CURVE('',#868,#891,#893,.T.);
#891 = VERTEX_POINT('',#892);
#892 = CARTESIAN_POINT('',(22.559320684845,8.758826989862,389.4));
#893 = SURFACE_CURVE('',#894,(#898,#904),.PCURVE_S1.);
#894 = LINE('',#895,#896);
#895 = CARTESIAN_POINT('',(22.559320684845,8.758826989862,-0.2));
#896 = VECTOR('',#897,1.);
#897 = DIRECTION('',(0.,0.,1.));
#898 = PCURVE('',#655,#899);
#899 = DEFINITIONAL_REPRESENTATION('',(#900),#903);
#900 = B_SPLINE_CURVE_WITH_KNOTS('',1,(#901,#902),.UNSPECIFIED.,.F.,.F.,
  (2,2),(388.2,389.6),.PIECEWISE_BEZIER_KNOTS.);
#901 = CARTESIAN_POINT('',(6.653528093294,388.2));
#902 = CARTESIAN_POINT('',(6.653528093294,389.6));
#903 = ( GEOMETRIC_REPRESENTATION_CONTEXT(2) 
PARAMETRIC_REPRESENTATION_CONTEXT() REPRESENTATION_CONTEXT('2D SPACE',''
  ) );
#904 = PCURVE('',#306,#905);
#905 = DEFINITIONAL_REPRESENTATION('',(#906),#909);
#906 = B_SPLINE_CURVE_WITH_KNOTS('',1,(#907,#908),.UNSPECIFIED.,.F.,.F.,
  (2,2),(388.1999994,389.6000006),.PIECEWISE_BEZIER_KNOTS.);
#907 = CARTESIAN_POINT('',(4.238745086052,-6.000000212225E-07));
#908 = CARTESIAN_POINT('',(4.238745086052,1.4000006));
#909 = ( GEOMETRIC_REPRESENTATION_CONTEXT(2) 
PARAMETRIC_REPRESENTATION_CONTEXT() REPRESENTATION_CONTEXT('2D SPACE',''
  ) );
#910 = ORIENTED_EDGE('',*,*,#911,.T.);
#911 = EDGE_CURVE('',#891,#912,#914,.T.);
#912 = VERTEX_POINT('',#913);
#913 = CARTESIAN_POINT('',(22.559320684845,-8.758826989862,389.4));
#914 = SURFACE_CURVE('',#915,(#920,#927),.PCURVE_S1.);
#915 = CIRCLE('',#916,24.2);
#916 = AXIS2_PLACEMENT_3D('',#917,#918,#919);
#917 = CARTESIAN_POINT('',(0.,0.,389.4));
#918 = DIRECTION('',(0.,0.,-1.));
#919 = DIRECTION('',(0.932203334084,0.361934999581,0.));
#920 = PCURVE('',#655,#921);
#921 = DEFINITIONAL_REPRESENTATION('',(#922),#926);
#922 = LINE('',#923,#924);
#923 = CARTESIAN_POINT('',(6.653528093294,389.6));
#924 = VECTOR('',#925,1.);
#925 = DIRECTION('',(-1.,-0.));
#926 = ( GEOMETRIC_REPRESENTATION_CONTEXT(2) 
PARAMETRIC_REPRESENTATION_CONTEXT() REPRESENTATION_CONTEXT('2D SPACE',''
  ) );
#927 = PCURVE('',#334,#928);
#928 = DEFINITIONAL_REPRESENTATION('',(#929),#937);
#929 = ( BOUNDED_CURVE() B_SPLINE_CURVE(2,(#930,#931,#932,#933,#934,#935
,#936),.UNSPECIFIED.,.T.,.F.) B_SPLINE_CURVE_WITH_KNOTS((1,2,2,2,2,1),(
    -2.094395102393,0.,2.094395102393,4.188790204786,6.28318530718,
8.377580409573),.UNSPECIFIED.) CURVE() GEOMETRIC_REPRESENTATION_ITEM() 
RATIONAL_B_SPLINE_CURVE((1.,0.5,1.,0.5,1.,0.5,1.)) REPRESENTATION_ITEM(
  '') );
#930 = CARTESIAN_POINT('',(22.559320684845,8.758826989862));
#931 = CARTESIAN_POINT('',(37.730054045992,-30.31506262052));
#932 = CARTESIAN_POINT('',(-3.694293661849,-23.91635830012));
#933 = CARTESIAN_POINT('',(-45.11864136968,-17.51765397972));
#934 = CARTESIAN_POINT('',(-18.86502702299,15.157531310264));
#935 = CARTESIAN_POINT('',(7.388587323697,47.832716600253));
#936 = CARTESIAN_POINT('',(22.559320684845,8.758826989862));
#937 = ( GEOMETRIC_REPRESENTATION_CONTEXT(2) 
PARAMETRIC_REPRESENTATION_CONTEXT() REPRESENTATION_CONTEXT('2D SPACE',''
  ) );
#938 = ORIENTED_EDGE('',*,*,#939,.F.);
#939 = EDGE_CURVE('',#940,#912,#942,.T.);
#940 = VERTEX_POINT('',#941);
#941 = CARTESIAN_POINT('',(22.559320684845,-8.758826989862,388.));
#942 = SURFACE_CURVE('',#943,(#947,#953),.PCURVE_S1.);
#943 = LINE('',#944,#945);
#944 = CARTESIAN_POINT('',(22.559320684845,-8.758826989862,-0.2));
#945 = VECTOR('',#946,1.);
#946 = DIRECTION('',(0.,0.,1.));
#947 = PCURVE('',#655,#948);
#948 = DEFINITIONAL_REPRESENTATION('',(#949),#952);
#949 = B_SPLINE_CURVE_WITH_KNOTS('',1,(#950,#951),.UNSPECIFIED.,.F.,.F.,
  (2,2),(388.2,389.6),.PIECEWISE_BEZIER_KNOTS.);
#950 = CARTESIAN_POINT('',(5.912842521066,388.2));
#951 = CARTESIAN_POINT('',(5.912842521066,389.6));
#952 = ( GEOMETRIC_REPRESENTATION_CONTEXT(2) 
PARAMETRIC_REPRESENTATION_CONTEXT() REPRESENTATION_CONTEXT('2D SPACE',''
  ) );
#953 = PCURVE('',#365,#954);
#954 = DEFINITIONAL_REPRESENTATION('',(#955),#958);
#955 = B_SPLINE_CURVE_WITH_KNOTS('',1,(#956,#957),.UNSPECIFIED.,.F.,.F.,
  (2,2),(388.1999994,389.6000006),.PIECEWISE_BEZIER_KNOTS.);
#956 = CARTESIAN_POINT('',(2.044440221128,-6.000000212225E-07));
#957 = CARTESIAN_POINT('',(2.044440221128,1.4000006));
#958 = ( GEOMETRIC_REPRESENTATION_CONTEXT(2) 
PARAMETRIC_REPRESENTATION_CONTEXT() REPRESENTATION_CONTEXT('2D SPACE',''
  ) );
#959 = ORIENTED_EDGE('',*,*,#960,.F.);
#960 = EDGE_CURVE('',#961,#940,#963,.T.);
#961 = VERTEX_POINT('',#962);
#962 = CARTESIAN_POINT('',(21.210502562988,-11.65137678669,388.));
#963 = SURFACE_CURVE('',#964,(#969,#975),.PCURVE_S1.);
#964 = CIRCLE('',#965,24.2);
#965 = AXIS2_PLACEMENT_3D('',#966,#967,#968);
#966 = CARTESIAN_POINT('',(0.,0.,388.));
#967 = DIRECTION('',(0.,0.,1.));
#968 = DIRECTION('',(1.,0.,-0.));
#969 = PCURVE('',#655,#970);
#970 = DEFINITIONAL_REPRESENTATION('',(#971),#974);
#971 = B_SPLINE_CURVE_WITH_KNOTS('',1,(#972,#973),.UNSPECIFIED.,.F.,.F.,
  (2,2),(5.780863467296,5.912842521066),.PIECEWISE_BEZIER_KNOTS.);
#972 = CARTESIAN_POINT('',(5.780863467296,388.2));
#973 = CARTESIAN_POINT('',(5.912842521066,388.2));
#974 = ( GEOMETRIC_REPRESENTATION_CONTEXT(2) 
PARAMETRIC_REPRESENTATION_CONTEXT() REPRESENTATION_CONTEXT('2D SPACE',''
  ) );
#975 = PCURVE('',#392,#976);
#976 = DEFINITIONAL_REPRESENTATION('',(#977),#981);
#977 = CIRCLE('',#978,24.2);
#978 = AXIS2_PLACEMENT_2D('',#979,#980);
#979 = CARTESIAN_POINT('',(-23.74526402036,11.072598457606));
#980 = DIRECTION('',(1.,0.));
#981 = ( GEOMETRIC_REPRESENTATION_CONTEXT(2) 
PARAMETRIC_REPRESENTATION_CONTEXT() REPRESENTATION_CONTEXT('2D SPACE',''
  ) );
#982 = ORIENTED_EDGE('',*,*,#983,.T.);
#983 = EDGE_CURVE('',#961,#984,#986,.T.);
#984 = VERTEX_POINT('',#985);
#985 = CARTESIAN_POINT('',(21.210502562988,-11.65137678669,389.4));
#986 = SURFACE_CURVE('',#987,(#991,#997),.PCURVE_S1.);
#987 = LINE('',#988,#989);
#988 = CARTESIAN_POINT('',(21.210502562988,-11.65137678669,-0.2));
#989 = VECTOR('',#990,1.);
#990 = DIRECTION('',(0.,0.,1.));
#991 = PCURVE('',#655,#992);
#992 = DEFINITIONAL_REPRESENTATION('',(#993),#996);
#993 = B_SPLINE_CURVE_WITH_KNOTS('',1,(#994,#995),.UNSPECIFIED.,.F.,.F.,
  (2,2),(388.2,389.6),.PIECEWISE_BEZIER_KNOTS.);
#994 = CARTESIAN_POINT('',(5.780863467296,388.2));
#995 = CARTESIAN_POINT('',(5.780863467296,389.6));
#996 = ( GEOMETRIC_REPRESENTATION_CONTEXT(2) 
PARAMETRIC_REPRESENTATION_CONTEXT() REPRESENTATION_CONTEXT('2D SPACE',''
  ) );
#997 = PCURVE('',#998,#1003);
#998 = CYLINDRICAL_SURFACE('',#999,2.6);
#999 = AXIS2_PLACEMENT_3D('',#1000,#1001,#1002);
#1000 = CARTESIAN_POINT('',(23.74526402036,-11.0725984576,388.));
#1001 = DIRECTION('',(0.,0.,1.));
#1002 = DIRECTION('',(1.,0.,-0.));
#1003 = DEFINITIONAL_REPRESENTATION('',(#1004),#1007);
#1004 = B_SPLINE_CURVE_WITH_KNOTS('',1,(#1005,#1006),.UNSPECIFIED.,.F.,
  .F.,(2,2),(388.1999994,389.6000006),.PIECEWISE_BEZIER_KNOTS.);
#1005 = CARTESIAN_POINT('',(3.366080460055,-6.000000212225E-07));
#1006 = CARTESIAN_POINT('',(3.366080460055,1.4000006));
#1007 = ( GEOMETRIC_REPRESENTATION_CONTEXT(2) 
PARAMETRIC_REPRESENTATION_CONTEXT() REPRESENTATION_CONTEXT('2D SPACE',''
  ) );
#1008 = ORIENTED_EDGE('',*,*,#1009,.F.);
#1009 = EDGE_CURVE('',#1010,#984,#1012,.T.);
#1010 = VERTEX_POINT('',#1011);
#1011 = CARTESIAN_POINT('',(21.165796912773,-11.73239280996,389.4));
#1012 = SURFACE_CURVE('',#1013,(#1018,#1024),.PCURVE_S1.);
#1013 = CIRCLE('',#1014,24.2);
#1014 = AXIS2_PLACEMENT_3D('',#1015,#1016,#1017);
#1015 = CARTESIAN_POINT('',(0.,0.,389.4));
#1016 = DIRECTION('',(0.,0.,1.));
#1017 = DIRECTION('',(1.,0.,-0.));
#1018 = PCURVE('',#655,#1019);
#1019 = DEFINITIONAL_REPRESENTATION('',(#1020),#1023);
#1020 = B_SPLINE_CURVE_WITH_KNOTS('',1,(#1021,#1022),.UNSPECIFIED.,.F.,
  .F.,(2,2),(5.777039824101,5.780863467296),.PIECEWISE_BEZIER_KNOTS.);
#1021 = CARTESIAN_POINT('',(5.777039824101,389.6));
#1022 = CARTESIAN_POINT('',(5.780863467296,389.6));
#1023 = ( GEOMETRIC_REPRESENTATION_CONTEXT(2) 
PARAMETRIC_REPRESENTATION_CONTEXT() REPRESENTATION_CONTEXT('2D SPACE',''
  ) );
#1024 = PCURVE('',#1025,#1030);
#1025 = PLANE('',#1026);
#1026 = AXIS2_PLACEMENT_3D('',#1027,#1028,#1029);
#1027 = CARTESIAN_POINT('',(0.,0.,389.4));
#1028 = DIRECTION('',(0.,0.,1.));
#1029 = DIRECTION('',(1.,0.,-0.));
#1030 = DEFINITIONAL_REPRESENTATION('',(#1031),#1035);
#1031 = CIRCLE('',#1032,24.2);
#1032 = AXIS2_PLACEMENT_2D('',#1033,#1034);
#1033 = CARTESIAN_POINT('',(0.,0.));
#1034 = DIRECTION('',(1.,0.));
#1035 = ( GEOMETRIC_REPRESENTATION_CONTEXT(2) 
PARAMETRIC_REPRESENTATION_CONTEXT() REPRESENTATION_CONTEXT('2D SPACE',''
  ) );
#1036 = ORIENTED_EDGE('',*,*,#1037,.F.);
#1037 = EDGE_CURVE('',#1038,#1010,#1040,.T.);
#1038 = VERTEX_POINT('',#1039);
#1039 = CARTESIAN_POINT('',(21.165796912773,-11.73239280996,0.));
#1040 = SURFACE_CURVE('',#1041,(#1045,#1051),.PCURVE_S1.);
#1041 = LINE('',#1042,#1043);
#1042 = CARTESIAN_POINT('',(21.165796912773,-11.73239280996,-0.2));
#1043 = VECTOR('',#1044,1.);
#1044 = DIRECTION('',(0.,0.,1.));
#1045 = PCURVE('',#655,#1046);
#1046 = DEFINITIONAL_REPRESENTATION('',(#1047),#1050);
#1047 = B_SPLINE_CURVE_WITH_KNOTS('',1,(#1048,#1049),.UNSPECIFIED.,.F.,
  .F.,(2,2),(0.2,389.6),.PIECEWISE_BEZIER_KNOTS.);
#1048 = CARTESIAN_POINT('',(5.777039824101,0.2));
#1049 = CARTESIAN_POINT('',(5.777039824101,389.6));
#1050 = ( GEOMETRIC_REPRESENTATION_CONTEXT(2) 
PARAMETRIC_REPRESENTATION_CONTEXT() REPRESENTATION_CONTEXT('2D SPACE',''
  ) );
#1051 = PCURVE('',#473,#1052);
#1052 = DEFINITIONAL_REPRESENTATION('',(#1053),#1056);
#1053 = B_SPLINE_CURVE_WITH_KNOTS('',1,(#1054,#1055),.UNSPECIFIED.,.F.,
  .F.,(2,2),(0.1999994,389.6000006),.PIECEWISE_BEZIER_KNOTS.);
#1054 = CARTESIAN_POINT('',(24.2,-0.1999994));
#1055 = CARTESIAN_POINT('',(24.2,-389.6000006));
#1056 = ( GEOMETRIC_REPRESENTATION_CONTEXT(2) 
PARAMETRIC_REPRESENTATION_CONTEXT() REPRESENTATION_CONTEXT('2D SPACE',''
  ) );
#1057 = ORIENTED_EDGE('',*,*,#1058,.T.);
#1058 = EDGE_CURVE('',#1038,#1059,#1061,.T.);
#1059 = VERTEX_POINT('',#1060);
#1060 = CARTESIAN_POINT('',(21.210502562988,-11.65137678669,0.));
#1061 = SURFACE_CURVE('',#1062,(#1067,#1073),.PCURVE_S1.);
#1062 = CIRCLE('',#1063,24.2);
#1063 = AXIS2_PLACEMENT_3D('',#1064,#1065,#1066);
#1064 = CARTESIAN_POINT('',(0.,0.,0.));
#1065 = DIRECTION('',(0.,0.,1.));
#1066 = DIRECTION('',(1.,0.,-0.));
#1067 = PCURVE('',#655,#1068);
#1068 = DEFINITIONAL_REPRESENTATION('',(#1069),#1072);
#1069 = B_SPLINE_CURVE_WITH_KNOTS('',1,(#1070,#1071),.UNSPECIFIED.,.F.,
  .F.,(2,2),(5.777039824101,5.780863467296),.PIECEWISE_BEZIER_KNOTS.);
#1070 = CARTESIAN_POINT('',(5.777039824101,0.2));
#1071 = CARTESIAN_POINT('',(5.780863467296,0.2));
#1072 = ( GEOMETRIC_REPRESENTATION_CONTEXT(2) 
PARAMETRIC_REPRESENTATION_CONTEXT() REPRESENTATION_CONTEXT('2D SPACE',''
  ) );
#1073 = PCURVE('',#1074,#1079);
#1074 = PLANE('',#1075);
#1075 = AXIS2_PLACEMENT_3D('',#1076,#1077,#1078);
#1076 = CARTESIAN_POINT('',(0.,0.,0.));
#1077 = DIRECTION('',(0.,0.,1.));
#1078 = DIRECTION('',(1.,0.,-0.));
#1079 = DEFINITIONAL_REPRESENTATION('',(#1080),#1084);
#1080 = CIRCLE('',#1081,24.2);
#1081 = AXIS2_PLACEMENT_2D('',#1082,#1083);
#1082 = CARTESIAN_POINT('',(0.,0.));
#1083 = DIRECTION('',(1.,0.));
#1084 = ( GEOMETRIC_REPRESENTATION_CONTEXT(2) 
PARAMETRIC_REPRESENTATION_CONTEXT() REPRESENTATION_CONTEXT('2D SPACE',''
  ) );
#1085 = ORIENTED_EDGE('',*,*,#1086,.T.);
#1086 = EDGE_CURVE('',#1059,#1087,#1089,.T.);
#1087 = VERTEX_POINT('',#1088);
#1088 = CARTESIAN_POINT('',(21.210502562988,-11.65137678669,1.4));
#1089 = SURFACE_CURVE('',#1090,(#1094,#1100),.PCURVE_S1.);
#1090 = LINE('',#1091,#1092);
#1091 = CARTESIAN_POINT('',(21.210502562988,-11.65137678669,-0.2));
#1092 = VECTOR('',#1093,1.);
#1093 = DIRECTION('',(0.,0.,1.));
#1094 = PCURVE('',#655,#1095);
#1095 = DEFINITIONAL_REPRESENTATION('',(#1096),#1099);
#1096 = B_SPLINE_CURVE_WITH_KNOTS('',1,(#1097,#1098),.UNSPECIFIED.,.F.,
  .F.,(2,2),(0.2,1.6),.PIECEWISE_BEZIER_KNOTS.);
#1097 = CARTESIAN_POINT('',(5.780863467296,0.2));
#1098 = CARTESIAN_POINT('',(5.780863467296,1.6));
#1099 = ( GEOMETRIC_REPRESENTATION_CONTEXT(2) 
PARAMETRIC_REPRESENTATION_CONTEXT() REPRESENTATION_CONTEXT('2D SPACE',''
  ) );
#1100 = PCURVE('',#1101,#1106);
#1101 = CYLINDRICAL_SURFACE('',#1102,2.6);
#1102 = AXIS2_PLACEMENT_3D('',#1103,#1104,#1105);
#1103 = CARTESIAN_POINT('',(23.74526402036,-11.0725984576,-0.2));
#1104 = DIRECTION('',(0.,0.,1.));
#1105 = DIRECTION('',(1.,0.,-0.));
#1106 = DEFINITIONAL_REPRESENTATION('',(#1107),#1110);
#1107 = B_SPLINE_CURVE_WITH_KNOTS('',1,(#1108,#1109),.UNSPECIFIED.,.F.,
  .F.,(2,2),(0.1999994,1.6000006),.PIECEWISE_BEZIER_KNOTS.);
#1108 = CARTESIAN_POINT('',(3.366080460055,0.1999994));
#1109 = CARTESIAN_POINT('',(3.366080460055,1.6000006));
#1110 = ( GEOMETRIC_REPRESENTATION_CONTEXT(2) 
PARAMETRIC_REPRESENTATION_CONTEXT() REPRESENTATION_CONTEXT('2D SPACE',''
  ) );
#1111 = ORIENTED_EDGE('',*,*,#1112,.T.);
#1112 = EDGE_CURVE('',#1087,#594,#1113,.T.);
#1113 = SURFACE_CURVE('',#1114,(#1119,#1125),.PCURVE_S1.);
#1114 = CIRCLE('',#1115,24.2);
#1115 = AXIS2_PLACEMENT_3D('',#1116,#1117,#1118);
#1116 = CARTESIAN_POINT('',(0.,0.,1.4));
#1117 = DIRECTION('',(0.,0.,1.));
#1118 = DIRECTION('',(1.,0.,-0.));
#1119 = PCURVE('',#655,#1120);
#1120 = DEFINITIONAL_REPRESENTATION('',(#1121),#1124);
#1121 = B_SPLINE_CURVE_WITH_KNOTS('',1,(#1122,#1123),.UNSPECIFIED.,.F.,
  .F.,(2,2),(5.780863467296,5.912842521066),.PIECEWISE_BEZIER_KNOTS.);
#1122 = CARTESIAN_POINT('',(5.780863467296,1.6));
#1123 = CARTESIAN_POINT('',(5.912842521066,1.6));
#1124 = ( GEOMETRIC_REPRESENTATION_CONTEXT(2) 
PARAMETRIC_REPRESENTATION_CONTEXT() REPRESENTATION_CONTEXT('2D SPACE',''
  ) );
#1125 = PCURVE('',#554,#1126);
#1126 = DEFINITIONAL_REPRESENTATION('',(#1127),#1131);
#1127 = CIRCLE('',#1128,24.2);
#1128 = AXIS2_PLACEMENT_2D('',#1129,#1130);
#1129 = CARTESIAN_POINT('',(-23.74526402036,11.072598457606));
#1130 = DIRECTION('',(1.,0.));
#1131 = ( GEOMETRIC_REPRESENTATION_CONTEXT(2) 
PARAMETRIC_REPRESENTATION_CONTEXT() REPRESENTATION_CONTEXT('2D SPACE',''
  ) );
#1132 = FACE_BOUND('',#1133,.F.);
#1133 = EDGE_LOOP('',(#1134));
#1134 = ORIENTED_EDGE('',*,*,#1135,.F.);
#1135 = EDGE_CURVE('',#1136,#1136,#1138,.T.);
#1136 = VERTEX_POINT('',#1137);
#1137 = CARTESIAN_POINT('',(24.2,6.98048675514E-16,14.6));
#1138 = SURFACE_CURVE('',#1139,(#1202,#1297),.PCURVE_S1.);
#1139 = B_SPLINE_CURVE_WITH_KNOTS('',7,(#1140,#1141,#1142,#1143,#1144,
    #1145,#1146,#1147,#1148,#1149,#1150,#1151,#1152,#1153,#1154,#1155,
    #1156,#1157,#1158,#1159,#1160,#1161,#1162,#1163,#1164,#1165,#1166,
    #1167,#1168,#1169,#1170,#1171,#1172,#1173,#1174,#1175,#1176,#1177,
    #1178,#1179,#1180,#1181,#1182,#1183,#1184,#1185,#1186,#1187,#1188,
    #1189,#1190,#1191,#1192,#1193,#1194,#1195,#1196,#1197,#1198,#1199,
    #1200,#1201),.UNSPECIFIED.,.T.,.F.,(8,6,6,6,6,6,6,6,6,6,8),(0.,
    0.160330088485,0.360144125809,0.639716579178,0.839625462523,1.,
    1.160419460028,1.360344876612,1.639666335357,1.839603901546,
    2.000006701813),.UNSPECIFIED.);
#1140 = CARTESIAN_POINT('',(24.2,-1.33226762955E-15,14.6));
#1141 = CARTESIAN_POINT('',(24.2,-0.247654807862,14.6));
#1142 = CARTESIAN_POINT('',(24.197043755409,-0.493035452714,
    14.574892979622));
#1143 = CARTESIAN_POINT('',(24.191225872961,-0.732183035038,
    14.525508734004));
#1144 = CARTESIAN_POINT('',(24.182931277188,-0.961330756984,
    14.45368136787));
#1145 = CARTESIAN_POINT('',(24.172773744718,-1.17714398806,
    14.362195853159));
#1146 = CARTESIAN_POINT('',(24.161483519041,-1.376927839981,14.254748946
    ));
#1147 = CARTESIAN_POINT('',(24.135113442215,-1.785466257543,
    13.987837476406));
#1148 = CARTESIAN_POINT('',(24.119611826275,-1.987012102113,
    13.82031607654));
#1149 = CARTESIAN_POINT('',(24.104204118742,-2.163800116589,
    13.638078358366));
#1150 = CARTESIAN_POINT('',(24.089640806966,-2.31663711842,
    13.444710354257));
#1151 = CARTESIAN_POINT('',(24.076446909672,-2.446465860091,
    13.242977875641));
#1152 = CARTESIAN_POINT('',(24.06498902366,-2.554181921729,
    13.035021418489));
#1153 = CARTESIAN_POINT('',(24.042255060909,-2.761292493966,
    12.525103965617));
#1154 = CARTESIAN_POINT('',(24.032860474547,-2.840355773177,
    12.218379496795));
#1155 = CARTESIAN_POINT('',(24.028020582888,-2.879495736286,
    11.906706051958));
#1156 = CARTESIAN_POINT('',(24.028015939044,-2.879524874769,
    11.59340932506));
#1157 = CARTESIAN_POINT('',(24.03285785324,-2.840385809702,
    11.281588305468));
#1158 = CARTESIAN_POINT('',(24.042261351201,-2.761235188259,
    10.974754944627));
#1159 = CARTESIAN_POINT('',(24.06498902366,-2.554181921729,
    10.464978581511));
#1160 = CARTESIAN_POINT('',(24.076446909672,-2.446465860091,
    10.257022124359));
#1161 = CARTESIAN_POINT('',(24.089640806966,-2.31663711842,
    10.055289645743));
#1162 = CARTESIAN_POINT('',(24.104204118742,-2.163800116589,
    9.861921641634));
#1163 = CARTESIAN_POINT('',(24.119611826275,-1.987012102113,
    9.67968392346));
#1164 = CARTESIAN_POINT('',(24.135113442215,-1.785466257544,
    9.512162523594));
#1165 = CARTESIAN_POINT('',(24.161481202324,-1.376963731719,
    9.245274503243));
#1166 = CARTESIAN_POINT('',(24.172772253348,-1.177176437004,
    9.137816227381));
#1167 = CARTESIAN_POINT('',(24.182932068067,-0.9613310894,9.046310770981
    ));
#1168 = CARTESIAN_POINT('',(24.191228078732,-0.73213971987,
    8.974472413299));
#1169 = CARTESIAN_POINT('',(24.197045394433,-0.492960074082,
    8.925092965255));
#1170 = CARTESIAN_POINT('',(24.2,-0.247585454797,8.9));
#1171 = CARTESIAN_POINT('',(24.2,0.247654806019,8.9));
#1172 = CARTESIAN_POINT('',(24.197043755348,0.493035456423,
    8.925107020971));
#1173 = CARTESIAN_POINT('',(24.19122587305,0.732183033176,8.974491265107
    ));
#1174 = CARTESIAN_POINT('',(24.182931277213,0.961330754792,
    9.046318631887));
#1175 = CARTESIAN_POINT('',(24.17277374458,1.177143991375,9.137804148212
    ));
#1176 = CARTESIAN_POINT('',(24.16148351913,1.376927838605,9.245251053101
    ));
#1177 = CARTESIAN_POINT('',(24.135113442215,1.785466257544,
    9.512162523594));
#1178 = CARTESIAN_POINT('',(24.119611826275,1.987012102112,9.67968392346
    ));
#1179 = CARTESIAN_POINT('',(24.104204118742,2.163800116589,
    9.861921641635));
#1180 = CARTESIAN_POINT('',(24.089640806966,2.31663711842,
    10.055289645743));
#1181 = CARTESIAN_POINT('',(24.076446909672,2.446465860091,
    10.257022124359));
#1182 = CARTESIAN_POINT('',(24.06498902366,2.554181921729,
    10.464978581511));
#1183 = CARTESIAN_POINT('',(24.042274343388,2.761116827048,
    10.974463532911));
#1184 = CARTESIAN_POINT('',(24.032865769467,2.840326390119,
    11.281222940809));
#1185 = CARTESIAN_POINT('',(24.028010241147,2.879573085205,
    11.593213278786));
#1186 = CARTESIAN_POINT('',(24.028010975502,2.879567549539,
    11.906843319416));
#1187 = CARTESIAN_POINT('',(24.032867038895,2.840315616128,
    12.218817231331));
#1188 = CARTESIAN_POINT('',(24.042275147876,2.761109498018,
    12.525554511559));
#1189 = CARTESIAN_POINT('',(24.06498902366,2.554181921729,
    13.035021418489));
#1190 = CARTESIAN_POINT('',(24.076446909672,2.44646586009,
    13.242977875642));
#1191 = CARTESIAN_POINT('',(24.089640806966,2.316637118421,
    13.444710354255));
#1192 = CARTESIAN_POINT('',(24.104204118742,2.163800116588,
    13.638078358367));
#1193 = CARTESIAN_POINT('',(24.119611826275,1.987012102114,
    13.82031607654));
#1194 = CARTESIAN_POINT('',(24.135113442215,1.785466257543,
    13.987837476406));
#1195 = CARTESIAN_POINT('',(24.161481586666,1.376957777304,
    14.254729386971));
#1196 = CARTESIAN_POINT('',(24.172772754944,1.177167227214,
    14.362188275861));
#1197 = CARTESIAN_POINT('',(24.182932236284,0.961324348727,
    14.453690542745));
#1198 = CARTESIAN_POINT('',(24.191227797317,0.732141488103,
    14.525525077077));
#1199 = CARTESIAN_POINT('',(24.197045018527,0.492972251491,
    14.574903868998));
#1200 = CARTESIAN_POINT('',(24.2,0.247601117446,14.6));
#1201 = CARTESIAN_POINT('',(24.2,-1.348966668107E-15,14.6));
#1202 = PCURVE('',#655,#1203);
#1203 = DEFINITIONAL_REPRESENTATION('',(#1204),#1296);
#1204 = B_SPLINE_CURVE_WITH_KNOTS('',3,(#1205,#1206,#1207,#1208,#1209,
    #1210,#1211,#1212,#1213,#1214,#1215,#1216,#1217,#1218,#1219,#1220,
    #1221,#1222,#1223,#1224,#1225,#1226,#1227,#1228,#1229,#1230,#1231,
    #1232,#1233,#1234,#1235,#1236,#1237,#1238,#1239,#1240,#1241,#1242,
    #1243,#1244,#1245,#1246,#1247,#1248,#1249,#1250,#1251,#1252,#1253,
    #1254,#1255,#1256,#1257,#1258,#1259,#1260,#1261,#1262,#1263,#1264,
    #1265,#1266,#1267,#1268,#1269,#1270,#1271,#1272,#1273,#1274,#1275,
    #1276,#1277,#1278,#1279,#1280,#1281,#1282,#1283,#1284,#1285,#1286,
    #1287,#1288,#1289,#1290,#1291,#1292,#1293,#1294,#1295),
  .UNSPECIFIED.,.T.,.F.,(4,1,1,1,1,1,1,1,1,1,1,1,1,1,1,1,1,1,1,1,1,1,1,1
    ,1,1,1,1,1,1,1,1,1,1,1,1,1,1,1,1,1,1,1,1,1,1,1,1,1,1,1,1,1,1,1,1,1,1
    ,1,1,1,1,1,1,1,1,1,1,1,1,1,1,1,1,1,1,1,1,1,1,1,1,1,1,1,1,1,1,4),(0.,
    2.272734888424E-02,4.545469776847E-02,6.818204665271E-02,
    9.090939553694E-02,0.113636744421,0.136364093305,0.15909144219,
    0.181818791074,0.204546139958,0.227273488842,0.250000837727,
    0.272728186611,0.295455535495,0.318182884379,0.340910233264,
    0.363637582148,0.386364931032,0.409092279916,0.4318196288,
    0.454546977685,0.477274326569,0.500001675453,0.522729024337,
    0.545456373222,0.568183722106,0.59091107099,0.613638419874,
    0.636365768759,0.659093117643,0.681820466527,0.704547815411,
    0.727275164296,0.75000251318,0.772729862064,0.795457210948,
    0.818184559832,0.840911908717,0.863639257601,0.886366606485,
    0.909093955369,0.931821304254,0.954548653138,0.977276002022,
    1.000003350906,1.022730699791,1.045458048675,1.068185397559,
    1.090912746443,1.113640095328,1.136367444212,1.159094793096,
    1.18182214198,1.204549490864,1.227276839749,1.250004188633,
    1.272731537517,1.295458886401,1.318186235286,1.34091358417,
    1.363640933054,1.386368281938,1.409095630823,1.431822979707,
    1.454550328591,1.477277677475,1.50000502636,1.522732375244,
    1.545459724128,1.568187073012,1.590914421896,1.613641770781,
    1.636369119665,1.659096468549,1.681823817433,1.704551166318,
    1.727278515202,1.750005864086,1.77273321297,1.795460561855,
    1.818187910739,1.840915259623,1.863642608507,1.886369957392,
    1.909097306276,1.93182465516,1.954552004044,1.977279352928,
    2.000006701813),.QUASI_UNIFORM_KNOTS.);
#1205 = CARTESIAN_POINT('',(6.28318530718,14.8));
#1206 = CARTESIAN_POINT('',(6.279800087139,14.800027655719));
#1207 = CARTESIAN_POINT('',(6.273057381357,14.792914751208));
#1208 = CARTESIAN_POINT('',(6.26311723415,14.761770798656));
#1209 = CARTESIAN_POINT('',(6.253443708561,14.711054505204));
#1210 = CARTESIAN_POINT('',(6.244122509187,14.642115415888));
#1211 = CARTESIAN_POINT('',(6.235234036507,14.556600621981));
#1212 = CARTESIAN_POINT('',(6.226848134438,14.456441207552));
#1213 = CARTESIAN_POINT('',(6.219036116065,14.344022288413));
#1214 = CARTESIAN_POINT('',(6.211820788055,14.221486014077));
#1215 = CARTESIAN_POINT('',(6.205153006353,14.089577085584));
#1216 = CARTESIAN_POINT('',(6.199037132666,13.949708005991));
#1217 = CARTESIAN_POINT('',(6.193461351758,13.802943126306));
#1218 = CARTESIAN_POINT('',(6.188416795568,13.650284375269));
#1219 = CARTESIAN_POINT('',(6.183892946863,13.492608136336));
#1220 = CARTESIAN_POINT('',(6.179879400832,13.330697567953));
#1221 = CARTESIAN_POINT('',(6.176365685497,13.165235744426));
#1222 = CARTESIAN_POINT('',(6.173342277546,12.996854166449));
#1223 = CARTESIAN_POINT('',(6.170798461657,12.825986023217));
#1224 = CARTESIAN_POINT('',(6.168726625571,12.653066615457));
#1225 = CARTESIAN_POINT('',(6.167121233163,12.478546645878));
#1226 = CARTESIAN_POINT('',(6.165977909416,12.302840754653));
#1227 = CARTESIAN_POINT('',(6.165293634403,12.126350086741));
#1228 = CARTESIAN_POINT('',(6.165066642924,11.949464764723));
#1229 = CARTESIAN_POINT('',(6.165296406398,11.772571472283));
#1230 = CARTESIAN_POINT('',(6.165983593015,11.59605963168));
#1231 = CARTESIAN_POINT('',(6.16713004485,11.42032721412));
#1232 = CARTESIAN_POINT('',(6.16873872089,11.245788721569));
#1233 = CARTESIAN_POINT('',(6.170813771461,11.072874324406));
#1234 = CARTESIAN_POINT('',(6.173360133503,10.902061856262));
#1235 = CARTESIAN_POINT('',(6.176384924084,10.733786053768));
#1236 = CARTESIAN_POINT('',(6.179899800264,10.568418439068));
#1237 = CARTESIAN_POINT('',(6.183914037685,10.406605461792));
#1238 = CARTESIAN_POINT('',(6.188438159033,10.249025537191));
#1239 = CARTESIAN_POINT('',(6.19348253526,10.096462287389));
#1240 = CARTESIAN_POINT('',(6.199057678526,9.949790890389));
#1241 = CARTESIAN_POINT('',(6.205172414078,9.810012737243));
#1242 = CARTESIAN_POINT('',(6.211838633806,9.678189638272));
#1243 = CARTESIAN_POINT('',(6.21905161486,9.555737767553));
#1244 = CARTESIAN_POINT('',(6.226861836414,9.443380490748));
#1245 = CARTESIAN_POINT('',(6.235246644749,9.343264515569));
#1246 = CARTESIAN_POINT('',(6.244134376965,9.257785565467));
#1247 = CARTESIAN_POINT('',(6.253454258918,9.188877447075));
#1248 = CARTESIAN_POINT('',(6.263127399947,9.138195857953));
#1249 = CARTESIAN_POINT('',(6.27306010295,9.107061580379));
#1250 = CARTESIAN_POINT('',(6.283186992823,9.096467696093));
#1251 = CARTESIAN_POINT('',(6.293312746959,9.107067636627));
#1252 = CARTESIAN_POINT('',(6.303242853165,9.138196511731));
#1253 = CARTESIAN_POINT('',(6.312912608284,9.188856441013));
#1254 = CARTESIAN_POINT('',(6.322228977279,9.25772657786));
#1255 = CARTESIAN_POINT('',(6.331113691777,9.343156345719));
#1256 = CARTESIAN_POINT('',(6.339496429552,9.443219808986));
#1257 = CARTESIAN_POINT('',(6.347306260645,9.555538785199));
#1258 = CARTESIAN_POINT('',(6.354519789515,9.677966349523));
#1259 = CARTESIAN_POINT('',(6.361186404565,9.809762285825));
#1260 = CARTESIAN_POINT('',(6.367301673908,9.949515087751));
#1261 = CARTESIAN_POINT('',(6.37287740601,10.0961617666));
#1262 = CARTESIAN_POINT('',(6.377922442214,10.248701206012));
#1263 = CARTESIAN_POINT('',(6.382447290118,10.406258429575));
#1264 = CARTESIAN_POINT('',(6.386462302822,10.568048763606));
#1265 = CARTESIAN_POINT('',(6.389978063058,10.733397746581));
#1266 = CARTESIAN_POINT('',(6.393003612715,10.901644044059));
#1267 = CARTESIAN_POINT('',(6.395551539347,11.072475313657));
#1268 = CARTESIAN_POINT('',(6.397628732684,11.245479509699));
#1269 = CARTESIAN_POINT('',(6.399239476022,11.420167658028));
#1270 = CARTESIAN_POINT('',(6.400387443314,11.596102728955));
#1271 = CARTESIAN_POINT('',(6.401075172043,11.772857583077));
#1272 = CARTESIAN_POINT('',(6.401304209668,11.950018808967));
#1273 = CARTESIAN_POINT('',(6.401075075978,12.127178393603));
#1274 = CARTESIAN_POINT('',(6.400387275471,12.30392846828));
#1275 = CARTESIAN_POINT('',(6.399239281933,12.479856043445));
#1276 = CARTESIAN_POINT('',(6.397628573127,12.65453466116));
#1277 = CARTESIAN_POINT('',(6.395551482183,12.827528162251));
#1278 = CARTESIAN_POINT('',(6.393003721561,12.998348676359));
#1279 = CARTESIAN_POINT('',(6.389978389445,13.166585030311));
#1280 = CARTESIAN_POINT('',(6.386462908967,13.331924361814));
#1281 = CARTESIAN_POINT('',(6.382448237985,13.493705612272));
#1282 = CARTESIAN_POINT('',(6.377923795925,13.651254426623));
#1283 = CARTESIAN_POINT('',(6.37287923287,13.80378628642));
#1284 = CARTESIAN_POINT('',(6.36730403764,13.950426488495));
#1285 = CARTESIAN_POINT('',(6.361189390415,14.090173830303));
#1286 = CARTESIAN_POINT('',(6.354523408911,14.221966737934));
#1287 = CARTESIAN_POINT('',(6.347310804912,14.344389678912));
#1288 = CARTESIAN_POINT('',(6.339501144279,14.456718944295));
#1289 = CARTESIAN_POINT('',(6.331117327544,14.556805511261));
#1290 = CARTESIAN_POINT('',(6.322231073009,14.642257845767));
#1291 = CARTESIAN_POINT('',(6.312912554588,14.711142570783));
#1292 = CARTESIAN_POINT('',(6.30324251323,14.761813316285));
#1293 = CARTESIAN_POINT('',(6.293306970166,14.792924040192));
#1294 = CARTESIAN_POINT('',(6.286568255188,14.800027879389));
#1295 = CARTESIAN_POINT('',(6.28318530718,14.8));
#1296 = ( GEOMETRIC_REPRESENTATION_CONTEXT(2) 
PARAMETRIC_REPRESENTATION_CONTEXT() REPRESENTATION_CONTEXT('2D SPACE',''
  ) );
#1297 = PCURVE('',#1298,#1303);
#1298 = CYLINDRICAL_SURFACE('',#1299,2.85);
#1299 = AXIS2_PLACEMENT_3D('',#1300,#1301,#1302);
#1300 = CARTESIAN_POINT('',(23.95,0.,11.75));
#1301 = DIRECTION('',(1.,0.,0.));
#1302 = DIRECTION('',(-0.,0.,1.));
#1303 = DEFINITIONAL_REPRESENTATION('',(#1304),#1396);
#1304 = B_SPLINE_CURVE_WITH_KNOTS('',3,(#1305,#1306,#1307,#1308,#1309,
    #1310,#1311,#1312,#1313,#1314,#1315,#1316,#1317,#1318,#1319,#1320,
    #1321,#1322,#1323,#1324,#1325,#1326,#1327,#1328,#1329,#1330,#1331,
    #1332,#1333,#1334,#1335,#1336,#1337,#1338,#1339,#1340,#1341,#1342,
    #1343,#1344,#1345,#1346,#1347,#1348,#1349,#1350,#1351,#1352,#1353,
    #1354,#1355,#1356,#1357,#1358,#1359,#1360,#1361,#1362,#1363,#1364,
    #1365,#1366,#1367,#1368,#1369,#1370,#1371,#1372,#1373,#1374,#1375,
    #1376,#1377,#1378,#1379,#1380,#1381,#1382,#1383,#1384,#1385,#1386,
    #1387,#1388,#1389,#1390,#1391,#1392,#1393,#1394,#1395),
  .UNSPECIFIED.,.F.,.F.,(4,1,1,1,1,1,1,1,1,1,1,1,1,1,1,1,1,1,1,1,1,1,1,1
    ,1,1,1,1,1,1,1,1,1,1,1,1,1,1,1,1,1,1,1,1,1,1,1,1,1,1,1,1,1,1,1,1,1,1
    ,1,1,1,1,1,1,1,1,1,1,1,1,1,1,1,1,1,1,1,1,1,1,1,1,1,1,1,1,1,1,4),(0.,
    2.272734888424E-02,4.545469776847E-02,6.818204665271E-02,
    9.090939553694E-02,0.113636744421,0.136364093305,0.15909144219,
    0.181818791074,0.204546139958,0.227273488842,0.250000837727,
    0.272728186611,0.295455535495,0.318182884379,0.340910233264,
    0.363637582148,0.386364931032,0.409092279916,0.4318196288,
    0.454546977685,0.477274326569,0.500001675453,0.522729024337,
    0.545456373222,0.568183722106,0.59091107099,0.613638419874,
    0.636365768759,0.659093117643,0.681820466527,0.704547815411,
    0.727275164296,0.75000251318,0.772729862064,0.795457210948,
    0.818184559832,0.840911908717,0.863639257601,0.886366606485,
    0.909093955369,0.931821304254,0.954548653138,0.977276002022,
    1.000003350906,1.022730699791,1.045458048675,1.068185397559,
    1.090912746443,1.113640095328,1.136367444212,1.159094793096,
    1.18182214198,1.204549490864,1.227276839749,1.250004188633,
    1.272731537517,1.295458886401,1.318186235286,1.34091358417,
    1.363640933054,1.386368281938,1.409095630823,1.431822979707,
    1.454550328591,1.477277677475,1.50000502636,1.522732375244,
    1.545459724128,1.568187073012,1.590914421896,1.613641770781,
    1.636369119665,1.659096468549,1.681823817433,1.704551166318,
    1.727278515202,1.750005864086,1.77273321297,1.795460561855,
    1.818187910739,1.840915259623,1.863642608507,1.886369957392,
    1.909097306276,1.93182465516,1.954552004044,1.977279352928,
    2.000006701813),.QUASI_UNIFORM_KNOTS.);
#1305 = CARTESIAN_POINT('',(4.67462326158E-16,0.25));
#1306 = CARTESIAN_POINT('',(2.87404712198E-02,0.250007174388));
#1307 = CARTESIAN_POINT('',(8.600141232797E-02,0.249162351457));
#1308 = CARTESIAN_POINT('',(0.171022693595,0.245516985657));
#1309 = CARTESIAN_POINT('',(0.254970455754,0.239661923136));
#1310 = CARTESIAN_POINT('',(0.337617728182,0.231873920178));
#1311 = CARTESIAN_POINT('',(0.418704566037,0.222484739908));
#1312 = CARTESIAN_POINT('',(0.497962344736,0.211870715198));
#1313 = CARTESIAN_POINT('',(0.574977319047,0.200450893254));
#1314 = CARTESIAN_POINT('',(0.649657801957,0.188595482739));
#1315 = CARTESIAN_POINT('',(0.722615273663,0.176524132826));
#1316 = CARTESIAN_POINT('',(0.793897643986,0.164508496572));
#1317 = CARTESIAN_POINT('',(0.863687192628,0.15276866298));
#1318 = CARTESIAN_POINT('',(0.932118496602,0.141501997598));
#1319 = CARTESIAN_POINT('',(0.999330293977,0.130877306179));
#1320 = CARTESIAN_POINT('',(1.065452967424,0.121038877473));
#1321 = CARTESIAN_POINT('',(1.130617663546,0.112107647193));
#1322 = CARTESIAN_POINT('',(1.194942327442,0.104185160675));
#1323 = CARTESIAN_POINT('',(1.258591056886,9.73492629339E-02));
#1324 = CARTESIAN_POINT('',(1.321700668385,9.16668174253E-02));
#1325 = CARTESIAN_POINT('',(1.384384279372,8.719279195462E-02));
#1326 = CARTESIAN_POINT('',(1.446754592507,8.396875972185E-02));
#1327 = CARTESIAN_POINT('',(1.508919359244,8.202417529607E-02));
#1328 = CARTESIAN_POINT('',(1.570984008902,8.137662408269E-02));
#1329 = CARTESIAN_POINT('',(1.633052173661,8.203207552243E-02));
#1330 = CARTESIAN_POINT('',(1.695226605517,8.3984865525E-02));
#1331 = CARTESIAN_POINT('',(1.757610177195,8.721752090841E-02));
#1332 = CARTESIAN_POINT('',(1.820306103966,9.170029428104E-02));
#1333 = CARTESIAN_POINT('',(1.883421535901,9.739086786843E-02));
#1334 = CARTESIAN_POINT('',(1.947059157247,0.104232568862));
#1335 = CARTESIAN_POINT('',(2.011354443982,0.112157312502));
#1336 = CARTESIAN_POINT('',(2.076494245728,0.121089810013));
#1337 = CARTESIAN_POINT('',(2.142590587756,0.130927912778));
#1338 = CARTESIAN_POINT('',(2.209775988709,0.141550916116));
#1339 = CARTESIAN_POINT('',(2.27818023243,0.152814575741));
#1340 = CARTESIAN_POINT('',(2.347942062853,0.16455023893));
#1341 = CARTESIAN_POINT('',(2.419195606534,0.176560675499));
#1342 = CARTESIAN_POINT('',(2.492123884686,0.188626157599));
#1343 = CARTESIAN_POINT('',(2.566771187246,0.200474802776));
#1344 = CARTESIAN_POINT('',(2.643762123084,0.211889276819));
#1345 = CARTESIAN_POINT('',(2.723004890778,0.222499341721));
#1346 = CARTESIAN_POINT('',(2.804081350738,0.231884946759));
#1347 = CARTESIAN_POINT('',(2.886714755837,0.239669849735));
#1348 = CARTESIAN_POINT('',(2.970656672643,0.245520377963));
#1349 = CARTESIAN_POINT('',(3.055616478139,0.249166955354));
#1350 = CARTESIAN_POINT('',(3.141606946374,0.250416699452));
#1351 = CARTESIAN_POINT('',(3.227587893215,0.249166246675));
#1352 = CARTESIAN_POINT('',(3.312525651129,0.245520314815));
#1353 = CARTESIAN_POINT('',(3.396437950496,0.239672271484));
#1354 = CARTESIAN_POINT('',(3.479039046931,0.231891555912));
#1355 = CARTESIAN_POINT('',(3.56008544565,0.22251107463));
#1356 = CARTESIAN_POINT('',(3.639304404636,0.211906022092));
#1357 = CARTESIAN_POINT('',(3.716285687428,0.200494575934));
#1358 = CARTESIAN_POINT('',(3.790931927383,0.188647217063));
#1359 = CARTESIAN_POINT('',(3.863856797402,0.176582941902));
#1360 = CARTESIAN_POINT('',(3.935107544902,0.16457316616));
#1361 = CARTESIAN_POINT('',(4.004866382147,0.152837738859));
#1362 = CARTESIAN_POINT('',(4.073267600098,0.141573866551));
#1363 = CARTESIAN_POINT('',(4.140449970083,0.13095021012));
#1364 = CARTESIAN_POINT('',(4.20654286768,0.121111071609));
#1365 = CARTESIAN_POINT('',(4.271680270845,0.112177007325));
#1366 = CARTESIAN_POINT('',(4.335968614392,0.104250809666));
#1367 = CARTESIAN_POINT('',(4.399616895116,9.740529592738E-02));
#1368 = CARTESIAN_POINT('',(4.46276756212,9.17090613994E-02));
#1369 = CARTESIAN_POINT('',(4.52551844716,8.722060572952E-02));
#1370 = CARTESIAN_POINT('',(4.587974141103,8.398367939113E-02));
#1371 = CARTESIAN_POINT('',(4.65023377132,8.202933061288E-02));
#1372 = CARTESIAN_POINT('',(4.712395575638,8.137594364275E-02));
#1373 = CARTESIAN_POINT('',(4.77455683038,8.202960422903E-02));
#1374 = CARTESIAN_POINT('',(4.836814849749,8.398415457885E-02));
#1375 = CARTESIAN_POINT('',(4.899267983583,8.722114953107E-02));
#1376 = CARTESIAN_POINT('',(4.962015545784,9.170950139606E-02));
#1377 = CARTESIAN_POINT('',(5.025162373624,9.740544857765E-02));
#1378 = CARTESIAN_POINT('',(5.088806635127,0.104250516726));
#1379 = CARTESIAN_POINT('',(5.153091053372,0.11217615897));
#1380 = CARTESIAN_POINT('',(5.218224371476,0.121109549995));
#1381 = CARTESIAN_POINT('',(5.284313057958,0.130947924226));
#1382 = CARTESIAN_POINT('',(5.351491055285,0.141570750636));
#1383 = CARTESIAN_POINT('',(5.419887703814,0.152833757731));
#1384 = CARTESIAN_POINT('',(5.489641801071,0.164568331864));
#1385 = CARTESIAN_POINT('',(5.560887408392,0.17657728154));
#1386 = CARTESIAN_POINT('',(5.633807456632,0.188640927622));
#1387 = CARTESIAN_POINT('',(5.708446356216,0.200487481951));
#1388 = CARTESIAN_POINT('',(5.785428218726,0.211899639692));
#1389 = CARTESIAN_POINT('',(5.864658950264,0.222506920342));
#1390 = CARTESIAN_POINT('',(5.945720320195,0.231889840766));
#1391 = CARTESIAN_POINT('',(6.028340370953,0.239672015461));
#1392 = CARTESIAN_POINT('',(6.112255945645,0.24552194232));
#1393 = CARTESIAN_POINT('',(6.197237105704,0.249163447183));
#1394 = CARTESIAN_POINT('',(6.254464095663,0.250007194282));
#1395 = CARTESIAN_POINT('',(6.28318530718,0.25));
#1396 = ( GEOMETRIC_REPRESENTATION_CONTEXT(2) 
PARAMETRIC_REPRESENTATION_CONTEXT() REPRESENTATION_CONTEXT('2D SPACE',''
  ) );
#1397 = FACE_BOUND('',#1398,.F.);
#1398 = EDGE_LOOP('',(#1399));
#1399 = ORIENTED_EDGE('',*,*,#1400,.F.);
#1400 = EDGE_CURVE('',#1401,#1401,#1403,.T.);
#1401 = VERTEX_POINT('',#1402);
#1402 = CARTESIAN_POINT('',(24.2,6.98048675514E-16,196.62636328886));
#1403 = SURFACE_CURVE('',#1404,(#1467,#1562),.PCURVE_S1.);
#1404 = B_SPLINE_CURVE_WITH_KNOTS('',7,(#1405,#1406,#1407,#1408,#1409,
    #1410,#1411,#1412,#1413,#1414,#1415,#1416,#1417,#1418,#1419,#1420,
    #1421,#1422,#1423,#1424,#1425,#1426,#1427,#1428,#1429,#1430,#1431,
    #1432,#1433,#1434,#1435,#1436,#1437,#1438,#1439,#1440,#1441,#1442,
    #1443,#1444,#1445,#1446,#1447,#1448,#1449,#1450,#1451,#1452,#1453,
    #1454,#1455,#1456,#1457,#1458,#1459,#1460,#1461,#1462,#1463,#1464,
    #1465,#1466),.UNSPECIFIED.,.T.,.F.,(8,6,6,6,6,6,6,6,6,6,8),(0.,
    0.160330087151,0.360144121313,0.639716574492,0.839625460437,1.,
    1.160419463261,1.36034488532,1.639666351717,1.839603923384,
    2.000006726948),.UNSPECIFIED.);
#1405 = CARTESIAN_POINT('',(24.2,-1.33226762955E-15,196.62636328886));
#1406 = CARTESIAN_POINT('',(24.2,-0.24765480601,196.62636328886));
#1407 = CARTESIAN_POINT('',(24.197043755349,-0.493035456432,
    196.6012562679));
#1408 = CARTESIAN_POINT('',(24.19122587305,-0.732183033184,
    196.55187202375));
#1409 = CARTESIAN_POINT('',(24.182931277213,-0.961330754785,
    196.48004465698));
#1410 = CARTESIAN_POINT('',(24.172773744581,-1.177143991367,
    196.38855914066));
#1411 = CARTESIAN_POINT('',(24.16148351913,-1.376927838613,
    196.28111223576));
#1412 = CARTESIAN_POINT('',(24.135113442215,-1.785466257544,
    196.01420076527));
#1413 = CARTESIAN_POINT('',(24.119611826275,-1.987012102113,
    195.8466793654));
#1414 = CARTESIAN_POINT('',(24.104204118742,-2.163800116589,
    195.66444164723));
#1415 = CARTESIAN_POINT('',(24.089640806966,-2.316637118419,
    195.47107364312));
#1416 = CARTESIAN_POINT('',(24.076446909672,-2.446465860091,
    195.2693411645));
#1417 = CARTESIAN_POINT('',(24.06498902366,-2.554181921729,
    195.06138470735));
#1418 = CARTESIAN_POINT('',(24.042255060708,-2.761292495797,
    194.55146724997));
#1419 = CARTESIAN_POINT('',(24.032860475134,-2.840355767825,
    194.24474279586));
#1420 = CARTESIAN_POINT('',(24.028020582011,-2.879495744317,
    193.93306933499));
#1421 = CARTESIAN_POINT('',(24.028015939906,-2.879524866882,
    193.61977260798));
#1422 = CARTESIAN_POINT('',(24.032857852686,-2.840385814757,
    193.30795160402));
#1423 = CARTESIAN_POINT('',(24.042261351382,-2.761235186607,
    193.00111822942));
#1424 = CARTESIAN_POINT('',(24.06498902366,-2.554181921729,
    192.49134187037));
#1425 = CARTESIAN_POINT('',(24.076446909672,-2.446465860091,
    192.28338541322));
#1426 = CARTESIAN_POINT('',(24.089640806966,-2.31663711842,
    192.08165293461));
#1427 = CARTESIAN_POINT('',(24.104204118742,-2.163800116589,
    191.8882849305));
#1428 = CARTESIAN_POINT('',(24.119611826275,-1.987012102113,
    191.70604721232));
#1429 = CARTESIAN_POINT('',(24.135113442215,-1.785466257544,
    191.53852581246));
#1430 = CARTESIAN_POINT('',(24.161481202324,-1.376963731719,
    191.27163779211));
#1431 = CARTESIAN_POINT('',(24.172772253348,-1.177176437004,
    191.16417951624));
#1432 = CARTESIAN_POINT('',(24.182932068067,-0.9613310894,
    191.07267405985));
#1433 = CARTESIAN_POINT('',(24.191228078732,-0.73213971987,
    191.00083570216));
#1434 = CARTESIAN_POINT('',(24.197045394433,-0.492960074082,
    190.95145625412));
#1435 = CARTESIAN_POINT('',(24.2,-0.247585454797,190.92636328886));
#1436 = CARTESIAN_POINT('',(24.2,0.24765480779,190.92636328886));
#1437 = CARTESIAN_POINT('',(24.197043755411,0.493035452704,
    190.95147030923));
#1438 = CARTESIAN_POINT('',(24.19122587296,0.732183035095,
    191.00085455487));
#1439 = CARTESIAN_POINT('',(24.182931277185,0.961330757038,
    191.07268192102));
#1440 = CARTESIAN_POINT('',(24.172773744717,1.177143988051,
    191.16416743571));
#1441 = CARTESIAN_POINT('',(24.161483519045,1.37692783992,
    191.27161434282));
#1442 = CARTESIAN_POINT('',(24.135113442215,1.785466257543,
    191.53852581246));
#1443 = CARTESIAN_POINT('',(24.119611826275,1.987012102113,
    191.70604721232));
#1444 = CARTESIAN_POINT('',(24.104204118742,2.163800116589,
    191.8882849305));
#1445 = CARTESIAN_POINT('',(24.089640806966,2.31663711842,
    192.08165293461));
#1446 = CARTESIAN_POINT('',(24.076446909672,2.446465860091,
    192.28338541322));
#1447 = CARTESIAN_POINT('',(24.06498902366,2.554181921729,
    192.49134187037));
#1448 = CARTESIAN_POINT('',(24.042274343388,2.76111682705,
    193.00082682178));
#1449 = CARTESIAN_POINT('',(24.032865769467,2.840326390119,
    193.30758622968));
#1450 = CARTESIAN_POINT('',(24.028010241147,2.879573085205,
    193.61957656765));
#1451 = CARTESIAN_POINT('',(24.028010975502,2.879567549539,
    193.93320660828));
#1452 = CARTESIAN_POINT('',(24.032867038895,2.840315616129,
    194.24518052019));
#1453 = CARTESIAN_POINT('',(24.042275147876,2.761109498018,
    194.55191780042));
#1454 = CARTESIAN_POINT('',(24.06498902366,2.554181921729,
    195.06138470735));
#1455 = CARTESIAN_POINT('',(24.076446909672,2.446465860091,
    195.2693411645));
#1456 = CARTESIAN_POINT('',(24.089640806966,2.31663711842,
    195.47107364312));
#1457 = CARTESIAN_POINT('',(24.104204118742,2.163800116589,
    195.66444164723));
#1458 = CARTESIAN_POINT('',(24.119611826275,1.987012102113,
    195.8466793654));
#1459 = CARTESIAN_POINT('',(24.135113442215,1.785466257543,
    196.01420076527));
#1460 = CARTESIAN_POINT('',(24.161481586586,1.376957778547,
    196.28109267502));
#1461 = CARTESIAN_POINT('',(24.172772755079,1.177167223844,
    196.38855156606));
#1462 = CARTESIAN_POINT('',(24.182932236254,0.961324351087,
    196.48005383133));
#1463 = CARTESIAN_POINT('',(24.191227797227,0.732141490097,
    196.55188836505));
#1464 = CARTESIAN_POINT('',(24.197045018587,0.49297224769,
    196.60126715844));
#1465 = CARTESIAN_POINT('',(24.2,0.247601119231,196.62636328886));
#1466 = CARTESIAN_POINT('',(24.2,-1.348966668107E-15,196.62636328886));
#1467 = PCURVE('',#655,#1468);
#1468 = DEFINITIONAL_REPRESENTATION('',(#1469),#1561);
#1469 = B_SPLINE_CURVE_WITH_KNOTS('',3,(#1470,#1471,#1472,#1473,#1474,
    #1475,#1476,#1477,#1478,#1479,#1480,#1481,#1482,#1483,#1484,#1485,
    #1486,#1487,#1488,#1489,#1490,#1491,#1492,#1493,#1494,#1495,#1496,
    #1497,#1498,#1499,#1500,#1501,#1502,#1503,#1504,#1505,#1506,#1507,
    #1508,#1509,#1510,#1511,#1512,#1513,#1514,#1515,#1516,#1517,#1518,
    #1519,#1520,#1521,#1522,#1523,#1524,#1525,#1526,#1527,#1528,#1529,
    #1530,#1531,#1532,#1533,#1534,#1535,#1536,#1537,#1538,#1539,#1540,
    #1541,#1542,#1543,#1544,#1545,#1546,#1547,#1548,#1549,#1550,#1551,
    #1552,#1553,#1554,#1555,#1556,#1557,#1558,#1559,#1560),
  .UNSPECIFIED.,.T.,.F.,(4,1,1,1,1,1,1,1,1,1,1,1,1,1,1,1,1,1,1,1,1,1,1,1
    ,1,1,1,1,1,1,1,1,1,1,1,1,1,1,1,1,1,1,1,1,1,1,1,1,1,1,1,1,1,1,1,1,1,1
    ,1,1,1,1,1,1,1,1,1,1,1,1,1,1,1,1,1,1,1,1,1,1,1,1,1,1,1,1,1,1,4),(0.,
    2.272734916986E-02,4.545469833973E-02,6.818204750959E-02,
    9.090939667946E-02,0.113636745849,0.136364095019,0.159091444189,
    0.181818793359,0.204546142529,0.227273491699,0.250000840869,
    0.272728190038,0.295455539208,0.318182888378,0.340910237548,
    0.363637586718,0.386364935888,0.409092285058,0.431819634227,
    0.454546983397,0.477274332567,0.500001681737,0.522729030907,
    0.545456380077,0.568183729247,0.590911078416,0.613638427586,
    0.636365776756,0.659093125926,0.681820475096,0.704547824266,
    0.727275173436,0.750002522606,0.772729871775,0.795457220945,
    0.818184570115,0.840911919285,0.863639268455,0.886366617625,
    0.909093966795,0.931821315964,0.954548665134,0.977276014304,
    1.000003363474,1.022730712644,1.045458061814,1.068185410984,
    1.090912760153,1.113640109323,1.136367458493,1.159094807663,
    1.181822156833,1.204549506003,1.227276855173,1.250004204343,
    1.272731553512,1.295458902682,1.318186251852,1.340913601022,
    1.363640950192,1.386368299362,1.409095648532,1.431822997701,
    1.454550346871,1.477277696041,1.500005045211,1.522732394381,
    1.545459743551,1.568187092721,1.590914441891,1.61364179106,
    1.63636914023,1.6590964894,1.68182383857,1.70455118774,1.72727853691
    ,1.75000588608,1.772733235249,1.795460584419,1.818187933589,
    1.840915282759,1.863642631929,1.886369981099,1.909097330269,
    1.931824679438,1.954552028608,1.977279377778,2.000006726948),
  .QUASI_UNIFORM_KNOTS.);
#1470 = CARTESIAN_POINT('',(6.28318530718,196.82636328886));
#1471 = CARTESIAN_POINT('',(6.279800087077,196.82639094453));
#1472 = CARTESIAN_POINT('',(6.273057381155,196.81927803969));
#1473 = CARTESIAN_POINT('',(6.263117233723,196.78813408593));
#1474 = CARTESIAN_POINT('',(6.253443707967,196.73741779053));
#1475 = CARTESIAN_POINT('',(6.24412250843,196.66847869838));
#1476 = CARTESIAN_POINT('',(6.235234035591,196.58296390107));
#1477 = CARTESIAN_POINT('',(6.226848133415,196.48280448323));
#1478 = CARTESIAN_POINT('',(6.219036114984,196.37038556045));
#1479 = CARTESIAN_POINT('',(6.211820786836,196.24784928077));
#1480 = CARTESIAN_POINT('',(6.205153005055,196.11594034697));
#1481 = CARTESIAN_POINT('',(6.199037131311,195.97607126177));
#1482 = CARTESIAN_POINT('',(6.193461350376,195.82930637636));
#1483 = CARTESIAN_POINT('',(6.188416794187,195.67664761949));
#1484 = CARTESIAN_POINT('',(6.18389294551,195.51897137469));
#1485 = CARTESIAN_POINT('',(6.179879399531,195.35706080038));
#1486 = CARTESIAN_POINT('',(6.176365684275,195.19159897116));
#1487 = CARTESIAN_POINT('',(6.173342276418,195.02321738673));
#1488 = CARTESIAN_POINT('',(6.170798460695,194.85234924042));
#1489 = CARTESIAN_POINT('',(6.168726624791,194.67942983067));
#1490 = CARTESIAN_POINT('',(6.167121232563,194.50490985853));
#1491 = CARTESIAN_POINT('',(6.165977909002,194.32920396421));
#1492 = CARTESIAN_POINT('',(6.165293634188,194.15271329313));
#1493 = CARTESIAN_POINT('',(6.165066642923,193.97582796841));
#1494 = CARTESIAN_POINT('',(6.165296406622,193.79893467393));
#1495 = CARTESIAN_POINT('',(6.165983593475,193.62242283181));
#1496 = CARTESIAN_POINT('',(6.167130045557,193.44669041278));
#1497 = CARTESIAN_POINT('',(6.168738721862,193.27215191838));
#1498 = CARTESIAN_POINT('',(6.170813772725,193.09923751893));
#1499 = CARTESIAN_POINT('',(6.173360135068,192.9284250497));
#1500 = CARTESIAN_POINT('',(6.176384925911,192.76014924935));
#1501 = CARTESIAN_POINT('',(6.179899802368,192.59478163637));
#1502 = CARTESIAN_POINT('',(6.183914040069,192.43296866138));
#1503 = CARTESIAN_POINT('',(6.188438161703,192.27538873941));
#1504 = CARTESIAN_POINT('',(6.19348253822,192.12282549271));
#1505 = CARTESIAN_POINT('',(6.199057681783,191.97615409933));
#1506 = CARTESIAN_POINT('',(6.205172417635,191.83637595038));
#1507 = CARTESIAN_POINT('',(6.21183863767,191.70455285623));
#1508 = CARTESIAN_POINT('',(6.219051619026,191.58210099113));
#1509 = CARTESIAN_POINT('',(6.226861840922,191.4697437203));
#1510 = CARTESIAN_POINT('',(6.235246649549,191.36962775274));
#1511 = CARTESIAN_POINT('',(6.244134382023,191.28414881134));
#1512 = CARTESIAN_POINT('',(6.253454264189,191.21524070266));
#1513 = CARTESIAN_POINT('',(6.263127405388,191.16455912406));
#1514 = CARTESIAN_POINT('',(6.273060108495,191.1334248576));
#1515 = CARTESIAN_POINT('',(6.283186998488,191.12283098502));
#1516 = CARTESIAN_POINT('',(6.293312752431,191.13343093691));
#1517 = CARTESIAN_POINT('',(6.303242858432,191.16455982273));
#1518 = CARTESIAN_POINT('',(6.312912613329,191.21521976184));
#1519 = CARTESIAN_POINT('',(6.322228982049,191.28408990725));
#1520 = CARTESIAN_POINT('',(6.331113696217,191.3695196824));
#1521 = CARTESIAN_POINT('',(6.339496433664,191.46958315212));
#1522 = CARTESIAN_POINT('',(6.347306264408,191.58190213304));
#1523 = CARTESIAN_POINT('',(6.354519792879,191.70432970022));
#1524 = CARTESIAN_POINT('',(6.36118640757,191.83612563873));
#1525 = CARTESIAN_POINT('',(6.367301676569,191.975878442));
#1526 = CARTESIAN_POINT('',(6.372877408348,192.12252512154));
#1527 = CARTESIAN_POINT('',(6.37792244425,192.27506456104));
#1528 = CARTESIAN_POINT('',(6.382447291871,192.4326217842));
#1529 = CARTESIAN_POINT('',(6.386462304312,192.59441211739));
#1530 = CARTESIAN_POINT('',(6.389978064303,192.75976109918));
#1531 = CARTESIAN_POINT('',(6.393003613734,192.92800739515));
#1532 = CARTESIAN_POINT('',(6.395551540158,193.0988386631));
#1533 = CARTESIAN_POINT('',(6.397628733303,193.27184285723));
#1534 = CARTESIAN_POINT('',(6.399239476464,193.44653100345));
#1535 = CARTESIAN_POINT('',(6.400387443594,193.62246607209));
#1536 = CARTESIAN_POINT('',(6.401075172175,193.79922092377));
#1537 = CARTESIAN_POINT('',(6.401304209666,193.97638214709));
#1538 = CARTESIAN_POINT('',(6.401075075855,194.15354172904));
#1539 = CARTESIAN_POINT('',(6.400387275241,194.33029180094));
#1540 = CARTESIAN_POINT('',(6.399239281609,194.50621937325));
#1541 = CARTESIAN_POINT('',(6.397628572721,194.68089798804));
#1542 = CARTESIAN_POINT('',(6.39555148171,194.85389148616));
#1543 = CARTESIAN_POINT('',(6.393003721033,195.02471199725));
#1544 = CARTESIAN_POINT('',(6.389978388874,195.19294834823));
#1545 = CARTESIAN_POINT('',(6.386462908365,195.35828767674));
#1546 = CARTESIAN_POINT('',(6.382448237366,195.52006892421));
#1547 = CARTESIAN_POINT('',(6.377923795302,195.67761773559));
#1548 = CARTESIAN_POINT('',(6.372879232258,195.83014959245));
#1549 = CARTESIAN_POINT('',(6.367304037053,195.97678979167));
#1550 = CARTESIAN_POINT('',(6.361189389869,196.1165371307));
#1551 = CARTESIAN_POINT('',(6.354523408416,196.24833003577));
#1552 = CARTESIAN_POINT('',(6.347310804509,196.37075297406));
#1553 = CARTESIAN_POINT('',(6.339501143883,196.48308223817));
#1554 = CARTESIAN_POINT('',(6.331117327188,196.58316880396));
#1555 = CARTESIAN_POINT('',(6.322231072726,196.66862113706));
#1556 = CARTESIAN_POINT('',(6.312912554365,196.73750586093));
#1557 = CARTESIAN_POINT('',(6.303242513058,196.78817660576));
#1558 = CARTESIAN_POINT('',(6.293306970092,196.81928732925));
#1559 = CARTESIAN_POINT('',(6.286568255169,196.82639116831));
#1560 = CARTESIAN_POINT('',(6.28318530718,196.82636328886));
#1561 = ( GEOMETRIC_REPRESENTATION_CONTEXT(2) 
PARAMETRIC_REPRESENTATION_CONTEXT() REPRESENTATION_CONTEXT('2D SPACE',''
  ) );
#1562 = PCURVE('',#1563,#1568);
#1563 = CYLINDRICAL_SURFACE('',#1564,2.85);
#1564 = AXIS2_PLACEMENT_3D('',#1565,#1566,#1567);
#1565 = CARTESIAN_POINT('',(23.95,0.,193.77636328886));
#1566 = DIRECTION('',(1.,0.,0.));
#1567 = DIRECTION('',(-0.,0.,1.));
#1568 = DEFINITIONAL_REPRESENTATION('',(#1569),#1661);
#1569 = B_SPLINE_CURVE_WITH_KNOTS('',3,(#1570,#1571,#1572,#1573,#1574,
    #1575,#1576,#1577,#1578,#1579,#1580,#1581,#1582,#1583,#1584,#1585,
    #1586,#1587,#1588,#1589,#1590,#1591,#1592,#1593,#1594,#1595,#1596,
    #1597,#1598,#1599,#1600,#1601,#1602,#1603,#1604,#1605,#1606,#1607,
    #1608,#1609,#1610,#1611,#1612,#1613,#1614,#1615,#1616,#1617,#1618,
    #1619,#1620,#1621,#1622,#1623,#1624,#1625,#1626,#1627,#1628,#1629,
    #1630,#1631,#1632,#1633,#1634,#1635,#1636,#1637,#1638,#1639,#1640,
    #1641,#1642,#1643,#1644,#1645,#1646,#1647,#1648,#1649,#1650,#1651,
    #1652,#1653,#1654,#1655,#1656,#1657,#1658,#1659,#1660),
  .UNSPECIFIED.,.F.,.F.,(4,1,1,1,1,1,1,1,1,1,1,1,1,1,1,1,1,1,1,1,1,1,1,1
    ,1,1,1,1,1,1,1,1,1,1,1,1,1,1,1,1,1,1,1,1,1,1,1,1,1,1,1,1,1,1,1,1,1,1
    ,1,1,1,1,1,1,1,1,1,1,1,1,1,1,1,1,1,1,1,1,1,1,1,1,1,1,1,1,1,1,4),(0.,
    2.272734916986E-02,4.545469833973E-02,6.818204750959E-02,
    9.090939667946E-02,0.113636745849,0.136364095019,0.159091444189,
    0.181818793359,0.204546142529,0.227273491699,0.250000840869,
    0.272728190038,0.295455539208,0.318182888378,0.340910237548,
    0.363637586718,0.386364935888,0.409092285058,0.431819634227,
    0.454546983397,0.477274332567,0.500001681737,0.522729030907,
    0.545456380077,0.568183729247,0.590911078416,0.613638427586,
    0.636365776756,0.659093125926,0.681820475096,0.704547824266,
    0.727275173436,0.750002522606,0.772729871775,0.795457220945,
    0.818184570115,0.840911919285,0.863639268455,0.886366617625,
    0.909093966795,0.931821315964,0.954548665134,0.977276014304,
    1.000003363474,1.022730712644,1.045458061814,1.068185410984,
    1.090912760153,1.113640109323,1.136367458493,1.159094807663,
    1.181822156833,1.204549506003,1.227276855173,1.250004204343,
    1.272731553512,1.295458902682,1.318186251852,1.340913601022,
    1.363640950192,1.386368299362,1.409095648532,1.431822997701,
    1.454550346871,1.477277696041,1.500005045211,1.522732394381,
    1.545459743551,1.568187092721,1.590914441891,1.61364179106,
    1.63636914023,1.6590964894,1.68182383857,1.70455118774,1.72727853691
    ,1.75000588608,1.772733235249,1.795460584419,1.818187933589,
    1.840915282759,1.863642631929,1.886369981099,1.909097330269,
    1.931824679438,1.954552028608,1.977279377778,2.000006726948),
  .QUASI_UNIFORM_KNOTS.);
#1570 = CARTESIAN_POINT('',(4.67462326158E-16,0.25));
#1571 = CARTESIAN_POINT('',(2.874047174642E-02,0.250007174382));
#1572 = CARTESIAN_POINT('',(8.600141404672E-02,0.249162351413));
#1573 = CARTESIAN_POINT('',(0.171022697255,0.245516985471));
#1574 = CARTESIAN_POINT('',(0.254970460934,0.239661922729));
#1575 = CARTESIAN_POINT('',(0.337617734975,0.231873919466));
#1576 = CARTESIAN_POINT('',(0.418704574519,0.222484738851));
#1577 = CARTESIAN_POINT('',(0.497962354557,0.211870713823));
#1578 = CARTESIAN_POINT('',(0.574977329936,0.200450891579));
#1579 = CARTESIAN_POINT('',(0.649657814875,0.188595480643));
#1580 = CARTESIAN_POINT('',(0.722615288269,0.176524130379));
#1581 = CARTESIAN_POINT('',(0.79389766029,0.164508493817));
#1582 = CARTESIAN_POINT('',(0.863687210558,0.152768659984));
#1583 = CARTESIAN_POINT('',(0.932118516125,0.141501994435));
#1584 = CARTESIAN_POINT('',(0.999330315055,0.13087730293));
#1585 = CARTESIAN_POINT('',(1.065452990058,0.121038874223));
#1586 = CARTESIAN_POINT('',(1.130617687646,0.11210764404));
#1587 = CARTESIAN_POINT('',(1.194942353303,0.104185157679));
#1588 = CARTESIAN_POINT('',(1.258591083293,9.734926031858E-02));
#1589 = CARTESIAN_POINT('',(1.321700695036,9.166681526595E-02));
#1590 = CARTESIAN_POINT('',(1.38438430657,8.719279027168E-02));
#1591 = CARTESIAN_POINT('',(1.446754620534,8.396875854978E-02));
#1592 = CARTESIAN_POINT('',(1.508919388219,8.202417468363E-02));
#1593 = CARTESIAN_POINT('',(1.57098403877,8.13766240787E-02));
#1594 = CARTESIAN_POINT('',(1.6330522043,8.203207616199E-02));
#1595 = CARTESIAN_POINT('',(1.695226636871,8.398486682823E-02));
#1596 = CARTESIAN_POINT('',(1.75761020938,8.721752289234E-02));
#1597 = CARTESIAN_POINT('',(1.820306137269,9.170029697232E-02));
#1598 = CARTESIAN_POINT('',(1.883421570654,9.739087130395E-02));
#1599 = CARTESIAN_POINT('',(1.947059193217,0.104232573021));
#1600 = CARTESIAN_POINT('',(2.01135448014,0.112157317222));
#1601 = CARTESIAN_POINT('',(2.076494282417,0.121089815273));
#1602 = CARTESIAN_POINT('',(2.142590624972,0.130927918506));
#1603 = CARTESIAN_POINT('',(2.209776026544,0.14155092224));
#1604 = CARTESIAN_POINT('',(2.278180270951,0.152814582172));
#1605 = CARTESIAN_POINT('',(2.34794210214,0.164550245567));
#1606 = CARTESIAN_POINT('',(2.419195646662,0.176560682224));
#1607 = CARTESIAN_POINT('',(2.492123925759,0.188626164281));
#1608 = CARTESIAN_POINT('',(2.56677122929,0.200474809257));
#1609 = CARTESIAN_POINT('',(2.643762166562,0.211889282983));
#1610 = CARTESIAN_POINT('',(2.723004935297,0.222499347306));
#1611 = CARTESIAN_POINT('',(2.804081396177,0.231884951555));
#1612 = CARTESIAN_POINT('',(2.886714802016,0.239669853542));
#1613 = CARTESIAN_POINT('',(2.970656719471,0.245520380614));
#1614 = CARTESIAN_POINT('',(3.055616525335,0.249166956726));
#1615 = CARTESIAN_POINT('',(3.141606994412,0.250416699445));
#1616 = CARTESIAN_POINT('',(3.22758793979,0.249166245329));
#1617 = CARTESIAN_POINT('',(3.312525696454,0.245520312238));
#1618 = CARTESIAN_POINT('',(3.396437994706,0.239672267829));
#1619 = CARTESIAN_POINT('',(3.479039089786,0.231891551392));
#1620 = CARTESIAN_POINT('',(3.560085486836,0.222511069463));
#1621 = CARTESIAN_POINT('',(3.639304444318,0.211906016454));
#1622 = CARTESIAN_POINT('',(3.716285725401,0.200494570081));
#1623 = CARTESIAN_POINT('',(3.790931963161,0.188647211239));
#1624 = CARTESIAN_POINT('',(3.863856831315,0.176582936218));
#1625 = CARTESIAN_POINT('',(3.93510757702,0.164573160734));
#1626 = CARTESIAN_POINT('',(4.004866412596,0.152837733776));
#1627 = CARTESIAN_POINT('',(4.073267628975,0.141573861879));
#1628 = CARTESIAN_POINT('',(4.140449997483,0.130950205906));
#1629 = CARTESIAN_POINT('',(4.206542893687,0.121111067884));
#1630 = CARTESIAN_POINT('',(4.271680295539,0.112177004106));
#1631 = CARTESIAN_POINT('',(4.335968637843,0.104250806957));
#1632 = CARTESIAN_POINT('',(4.399616917434,9.740529372088E-02));
#1633 = CARTESIAN_POINT('',(4.462767583344,9.170905968506E-02));
#1634 = CARTESIAN_POINT('',(4.52551846734,8.722060448813E-02));
#1635 = CARTESIAN_POINT('',(4.587974160279,8.398367859775E-02));
#1636 = CARTESIAN_POINT('',(4.650233789529,8.202933023696E-02));
#1637 = CARTESIAN_POINT('',(4.712395592912,8.137594364926E-02));
#1638 = CARTESIAN_POINT('',(4.774556846745,8.202960457916E-02));
#1639 = CARTESIAN_POINT('',(4.836814865229,8.398415523074E-02));
#1640 = CARTESIAN_POINT('',(4.899267998196,8.722115044056E-02));
#1641 = CARTESIAN_POINT('',(4.962015559544,9.170950251714E-02));
#1642 = CARTESIAN_POINT('',(5.025162386545,9.740544986375E-02));
#1643 = CARTESIAN_POINT('',(5.088806647209,0.104250518128));
#1644 = CARTESIAN_POINT('',(5.153091064644,0.112176160446));
#1645 = CARTESIAN_POINT('',(5.218224381931,0.121109551498));
#1646 = CARTESIAN_POINT('',(5.284313067589,0.130947925712));
#1647 = CARTESIAN_POINT('',(5.351491064079,0.141570752062));
#1648 = CARTESIAN_POINT('',(5.419887711751,0.152833759058));
#1649 = CARTESIAN_POINT('',(5.48964180813,0.164568333057));
#1650 = CARTESIAN_POINT('',(5.560887414527,0.176577282568));
#1651 = CARTESIAN_POINT('',(5.633807461874,0.188640928471));
#1652 = CARTESIAN_POINT('',(5.708446360275,0.200487482577));
#1653 = CARTESIAN_POINT('',(5.78542822251,0.211899640215));
#1654 = CARTESIAN_POINT('',(5.86465895357,0.222506920756));
#1655 = CARTESIAN_POINT('',(5.945720322738,0.231889841037));
#1656 = CARTESIAN_POINT('',(6.028340372887,0.239672015609));
#1657 = CARTESIAN_POINT('',(6.112255947123,0.245521942392));
#1658 = CARTESIAN_POINT('',(6.197237106332,0.249163447206));
#1659 = CARTESIAN_POINT('',(6.254464095828,0.250007194288));
#1660 = CARTESIAN_POINT('',(6.28318530718,0.25));
#1661 = ( GEOMETRIC_REPRESENTATION_CONTEXT(2) 
PARAMETRIC_REPRESENTATION_CONTEXT() REPRESENTATION_CONTEXT('2D SPACE',''
  ) );
#1662 = ADVANCED_FACE('',(#1663),#1563,.F.);
#1663 = FACE_BOUND('',#1664,.F.);
#1664 = EDGE_LOOP('',(#1665,#1688,#1715,#1716));
#1665 = ORIENTED_EDGE('',*,*,#1666,.T.);
#1666 = EDGE_CURVE('',#1401,#1667,#1669,.T.);
#1667 = VERTEX_POINT('',#1668);
#1668 = CARTESIAN_POINT('',(27.4,6.98048675514E-16,196.62636328886));
#1669 = SEAM_CURVE('',#1670,(#1674,#1681),.PCURVE_S1.);
#1670 = LINE('',#1671,#1672);
#1671 = CARTESIAN_POINT('',(23.95,6.98048675514E-16,196.62636328886));
#1672 = VECTOR('',#1673,1.);
#1673 = DIRECTION('',(1.,0.,0.));
#1674 = PCURVE('',#1563,#1675);
#1675 = DEFINITIONAL_REPRESENTATION('',(#1676),#1680);
#1676 = LINE('',#1677,#1678);
#1677 = CARTESIAN_POINT('',(6.28318530718,-0.));
#1678 = VECTOR('',#1679,1.);
#1679 = DIRECTION('',(0.,1.));
#1680 = ( GEOMETRIC_REPRESENTATION_CONTEXT(2) 
PARAMETRIC_REPRESENTATION_CONTEXT() REPRESENTATION_CONTEXT('2D SPACE',''
  ) );
#1681 = PCURVE('',#1563,#1682);
#1682 = DEFINITIONAL_REPRESENTATION('',(#1683),#1687);
#1683 = LINE('',#1684,#1685);
#1684 = CARTESIAN_POINT('',(0.,-0.));
#1685 = VECTOR('',#1686,1.);
#1686 = DIRECTION('',(0.,1.));
#1687 = ( GEOMETRIC_REPRESENTATION_CONTEXT(2) 
PARAMETRIC_REPRESENTATION_CONTEXT() REPRESENTATION_CONTEXT('2D SPACE',''
  ) );
#1688 = ORIENTED_EDGE('',*,*,#1689,.F.);
#1689 = EDGE_CURVE('',#1667,#1667,#1690,.T.);
#1690 = SURFACE_CURVE('',#1691,(#1696,#1703),.PCURVE_S1.);
#1691 = CIRCLE('',#1692,2.85);
#1692 = AXIS2_PLACEMENT_3D('',#1693,#1694,#1695);
#1693 = CARTESIAN_POINT('',(27.4,0.,193.77636328886));
#1694 = DIRECTION('',(1.,0.,0.));
#1695 = DIRECTION('',(-0.,0.,1.));
#1696 = PCURVE('',#1563,#1697);
#1697 = DEFINITIONAL_REPRESENTATION('',(#1698),#1702);
#1698 = LINE('',#1699,#1700);
#1699 = CARTESIAN_POINT('',(0.,3.45));
#1700 = VECTOR('',#1701,1.);
#1701 = DIRECTION('',(1.,0.));
#1702 = ( GEOMETRIC_REPRESENTATION_CONTEXT(2) 
PARAMETRIC_REPRESENTATION_CONTEXT() REPRESENTATION_CONTEXT('2D SPACE',''
  ) );
#1703 = PCURVE('',#1704,#1709);
#1704 = PLANE('',#1705);
#1705 = AXIS2_PLACEMENT_3D('',#1706,#1707,#1708);
#1706 = CARTESIAN_POINT('',(27.4,0.,193.77636328886));
#1707 = DIRECTION('',(1.,0.,0.));
#1708 = DIRECTION('',(-0.,0.,1.));
#1709 = DEFINITIONAL_REPRESENTATION('',(#1710),#1714);
#1710 = CIRCLE('',#1711,2.85);
#1711 = AXIS2_PLACEMENT_2D('',#1712,#1713);
#1712 = CARTESIAN_POINT('',(0.,0.));
#1713 = DIRECTION('',(1.,0.));
#1714 = ( GEOMETRIC_REPRESENTATION_CONTEXT(2) 
PARAMETRIC_REPRESENTATION_CONTEXT() REPRESENTATION_CONTEXT('2D SPACE',''
  ) );
#1715 = ORIENTED_EDGE('',*,*,#1666,.F.);
#1716 = ORIENTED_EDGE('',*,*,#1400,.T.);
#1717 = ADVANCED_FACE('',(#1718),#1704,.F.);
#1718 = FACE_BOUND('',#1719,.F.);
#1719 = EDGE_LOOP('',(#1720));
#1720 = ORIENTED_EDGE('',*,*,#1689,.T.);
#1721 = ADVANCED_FACE('',(#1722),#1298,.F.);
#1722 = FACE_BOUND('',#1723,.F.);
#1723 = EDGE_LOOP('',(#1724,#1747,#1774,#1775));
#1724 = ORIENTED_EDGE('',*,*,#1725,.T.);
#1725 = EDGE_CURVE('',#1136,#1726,#1728,.T.);
#1726 = VERTEX_POINT('',#1727);
#1727 = CARTESIAN_POINT('',(27.4,6.98048675514E-16,14.6));
#1728 = SEAM_CURVE('',#1729,(#1733,#1740),.PCURVE_S1.);
#1729 = LINE('',#1730,#1731);
#1730 = CARTESIAN_POINT('',(23.95,6.98048675514E-16,14.6));
#1731 = VECTOR('',#1732,1.);
#1732 = DIRECTION('',(1.,0.,0.));
#1733 = PCURVE('',#1298,#1734);
#1734 = DEFINITIONAL_REPRESENTATION('',(#1735),#1739);
#1735 = LINE('',#1736,#1737);
#1736 = CARTESIAN_POINT('',(6.28318530718,-0.));
#1737 = VECTOR('',#1738,1.);
#1738 = DIRECTION('',(0.,1.));
#1739 = ( GEOMETRIC_REPRESENTATION_CONTEXT(2) 
PARAMETRIC_REPRESENTATION_CONTEXT() REPRESENTATION_CONTEXT('2D SPACE',''
  ) );
#1740 = PCURVE('',#1298,#1741);
#1741 = DEFINITIONAL_REPRESENTATION('',(#1742),#1746);
#1742 = LINE('',#1743,#1744);
#1743 = CARTESIAN_POINT('',(0.,-0.));
#1744 = VECTOR('',#1745,1.);
#1745 = DIRECTION('',(0.,1.));
#1746 = ( GEOMETRIC_REPRESENTATION_CONTEXT(2) 
PARAMETRIC_REPRESENTATION_CONTEXT() REPRESENTATION_CONTEXT('2D SPACE',''
  ) );
#1747 = ORIENTED_EDGE('',*,*,#1748,.F.);
#1748 = EDGE_CURVE('',#1726,#1726,#1749,.T.);
#1749 = SURFACE_CURVE('',#1750,(#1755,#1762),.PCURVE_S1.);
#1750 = CIRCLE('',#1751,2.85);
#1751 = AXIS2_PLACEMENT_3D('',#1752,#1753,#1754);
#1752 = CARTESIAN_POINT('',(27.4,0.,11.75));
#1753 = DIRECTION('',(1.,0.,0.));
#1754 = DIRECTION('',(-0.,0.,1.));
#1755 = PCURVE('',#1298,#1756);
#1756 = DEFINITIONAL_REPRESENTATION('',(#1757),#1761);
#1757 = LINE('',#1758,#1759);
#1758 = CARTESIAN_POINT('',(0.,3.45));
#1759 = VECTOR('',#1760,1.);
#1760 = DIRECTION('',(1.,0.));
#1761 = ( GEOMETRIC_REPRESENTATION_CONTEXT(2) 
PARAMETRIC_REPRESENTATION_CONTEXT() REPRESENTATION_CONTEXT('2D SPACE',''
  ) );
#1762 = PCURVE('',#1763,#1768);
#1763 = PLANE('',#1764);
#1764 = AXIS2_PLACEMENT_3D('',#1765,#1766,#1767);
#1765 = CARTESIAN_POINT('',(27.4,0.,11.75));
#1766 = DIRECTION('',(1.,0.,0.));
#1767 = DIRECTION('',(-0.,0.,1.));
#1768 = DEFINITIONAL_REPRESENTATION('',(#1769),#1773);
#1769 = CIRCLE('',#1770,2.85);
#1770 = AXIS2_PLACEMENT_2D('',#1771,#1772);
#1771 = CARTESIAN_POINT('',(0.,0.));
#1772 = DIRECTION('',(1.,0.));
#1773 = ( GEOMETRIC_REPRESENTATION_CONTEXT(2) 
PARAMETRIC_REPRESENTATION_CONTEXT() REPRESENTATION_CONTEXT('2D SPACE',''
  ) );
#1774 = ORIENTED_EDGE('',*,*,#1725,.F.);
#1775 = ORIENTED_EDGE('',*,*,#1135,.T.);
#1776 = ADVANCED_FACE('',(#1777),#1763,.F.);
#1777 = FACE_BOUND('',#1778,.F.);
#1778 = EDGE_LOOP('',(#1779));
#1779 = ORIENTED_EDGE('',*,*,#1748,.T.);
#1780 = ADVANCED_FACE('',(#1781),#1101,.F.);
#1781 = FACE_BOUND('',#1782,.F.);
#1782 = EDGE_LOOP('',(#1783,#1807,#1808,#1832));
#1783 = ORIENTED_EDGE('',*,*,#1784,.F.);
#1784 = EDGE_CURVE('',#1087,#1785,#1787,.T.);
#1785 = VERTEX_POINT('',#1786);
#1786 = CARTESIAN_POINT('',(21.241806804238,-11.7745257808,1.4));
#1787 = SURFACE_CURVE('',#1788,(#1793,#1800),.PCURVE_S1.);
#1788 = CIRCLE('',#1789,2.6);
#1789 = AXIS2_PLACEMENT_3D('',#1790,#1791,#1792);
#1790 = CARTESIAN_POINT('',(23.74526402036,-11.0725984576,1.4));
#1791 = DIRECTION('',(0.,0.,1.));
#1792 = DIRECTION('',(1.,0.,-0.));
#1793 = PCURVE('',#1101,#1794);
#1794 = DEFINITIONAL_REPRESENTATION('',(#1795),#1799);
#1795 = LINE('',#1796,#1797);
#1796 = CARTESIAN_POINT('',(0.,1.6));
#1797 = VECTOR('',#1798,1.);
#1798 = DIRECTION('',(1.,0.));
#1799 = ( GEOMETRIC_REPRESENTATION_CONTEXT(2) 
PARAMETRIC_REPRESENTATION_CONTEXT() REPRESENTATION_CONTEXT('2D SPACE',''
  ) );
#1800 = PCURVE('',#554,#1801);
#1801 = DEFINITIONAL_REPRESENTATION('',(#1802),#1806);
#1802 = CIRCLE('',#1803,2.6);
#1803 = AXIS2_PLACEMENT_2D('',#1804,#1805);
#1804 = CARTESIAN_POINT('',(0.,0.));
#1805 = DIRECTION('',(1.,0.));
#1806 = ( GEOMETRIC_REPRESENTATION_CONTEXT(2) 
PARAMETRIC_REPRESENTATION_CONTEXT() REPRESENTATION_CONTEXT('2D SPACE',''
  ) );
#1807 = ORIENTED_EDGE('',*,*,#1086,.F.);
#1808 = ORIENTED_EDGE('',*,*,#1809,.T.);
#1809 = EDGE_CURVE('',#1059,#1810,#1812,.T.);
#1810 = VERTEX_POINT('',#1811);
#1811 = CARTESIAN_POINT('',(21.241806804238,-11.7745257808,
    2.775557561563E-17));
#1812 = SURFACE_CURVE('',#1813,(#1818,#1825),.PCURVE_S1.);
#1813 = CIRCLE('',#1814,2.6);
#1814 = AXIS2_PLACEMENT_3D('',#1815,#1816,#1817);
#1815 = CARTESIAN_POINT('',(23.74526402036,-11.0725984576,0.));
#1816 = DIRECTION('',(0.,0.,1.));
#1817 = DIRECTION('',(1.,0.,-0.));
#1818 = PCURVE('',#1101,#1819);
#1819 = DEFINITIONAL_REPRESENTATION('',(#1820),#1824);
#1820 = LINE('',#1821,#1822);
#1821 = CARTESIAN_POINT('',(0.,0.2));
#1822 = VECTOR('',#1823,1.);
#1823 = DIRECTION('',(1.,0.));
#1824 = ( GEOMETRIC_REPRESENTATION_CONTEXT(2) 
PARAMETRIC_REPRESENTATION_CONTEXT() REPRESENTATION_CONTEXT('2D SPACE',''
  ) );
#1825 = PCURVE('',#1074,#1826);
#1826 = DEFINITIONAL_REPRESENTATION('',(#1827),#1831);
#1827 = CIRCLE('',#1828,2.6);
#1828 = AXIS2_PLACEMENT_2D('',#1829,#1830);
#1829 = CARTESIAN_POINT('',(23.74526402036,-11.0725984576));
#1830 = DIRECTION('',(1.,0.));
#1831 = ( GEOMETRIC_REPRESENTATION_CONTEXT(2) 
PARAMETRIC_REPRESENTATION_CONTEXT() REPRESENTATION_CONTEXT('2D SPACE',''
  ) );
#1832 = ORIENTED_EDGE('',*,*,#1833,.T.);
#1833 = EDGE_CURVE('',#1810,#1785,#1834,.T.);
#1834 = SURFACE_CURVE('',#1835,(#1839,#1845),.PCURVE_S1.);
#1835 = LINE('',#1836,#1837);
#1836 = CARTESIAN_POINT('',(21.241806804238,-11.7745257808,-0.2));
#1837 = VECTOR('',#1838,1.);
#1838 = DIRECTION('',(0.,0.,1.));
#1839 = PCURVE('',#1101,#1840);
#1840 = DEFINITIONAL_REPRESENTATION('',(#1841),#1844);
#1841 = B_SPLINE_CURVE_WITH_KNOTS('',1,(#1842,#1843),.UNSPECIFIED.,.F.,
  .F.,(2,2),(-5.999999999895E-07,1.6000006),.PIECEWISE_BEZIER_KNOTS.);
#1842 = CARTESIAN_POINT('',(3.414956654363,-5.999999999895E-07));
#1843 = CARTESIAN_POINT('',(3.414956654363,1.6000006));
#1844 = ( GEOMETRIC_REPRESENTATION_CONTEXT(2) 
PARAMETRIC_REPRESENTATION_CONTEXT() REPRESENTATION_CONTEXT('2D SPACE',''
  ) );
#1845 = PCURVE('',#473,#1846);
#1846 = DEFINITIONAL_REPRESENTATION('',(#1847),#1850);
#1847 = B_SPLINE_CURVE_WITH_KNOTS('',1,(#1848,#1849),.UNSPECIFIED.,.F.,
  .F.,(2,2),(-5.999999999895E-07,1.6000006),.PIECEWISE_BEZIER_KNOTS.);
#1848 = CARTESIAN_POINT('',(24.286906218605,5.999999999895E-07));
#1849 = CARTESIAN_POINT('',(24.286906218605,-1.6000006));
#1850 = ( GEOMETRIC_REPRESENTATION_CONTEXT(2) 
PARAMETRIC_REPRESENTATION_CONTEXT() REPRESENTATION_CONTEXT('2D SPACE',''
  ) );
#1851 = ADVANCED_FACE('',(#1852),#1074,.F.);
#1852 = FACE_BOUND('',#1853,.F.);
#1853 = EDGE_LOOP('',(#1854,#1873,#1874));
#1854 = ORIENTED_EDGE('',*,*,#1855,.F.);
#1855 = EDGE_CURVE('',#1810,#1038,#1856,.T.);
#1856 = SURFACE_CURVE('',#1857,(#1861,#1867),.PCURVE_S1.);
#1857 = LINE('',#1858,#1859);
#1858 = CARTESIAN_POINT('',(0.,0.,2.775557561563E-17));
#1859 = VECTOR('',#1860,1.);
#1860 = DIRECTION('',(-0.874619707139,0.484809620246,0.));
#1861 = PCURVE('',#1074,#1862);
#1862 = DEFINITIONAL_REPRESENTATION('',(#1863),#1866);
#1863 = B_SPLINE_CURVE_WITH_KNOTS('',1,(#1864,#1865),.UNSPECIFIED.,.F.,
  .F.,(2,2),(-32.58559093439,-0.),.PIECEWISE_BEZIER_KNOTS.);
#1864 = CARTESIAN_POINT('',(28.5,-15.7978079664));
#1865 = CARTESIAN_POINT('',(0.,0.));
#1866 = ( GEOMETRIC_REPRESENTATION_CONTEXT(2) 
PARAMETRIC_REPRESENTATION_CONTEXT() REPRESENTATION_CONTEXT('2D SPACE',''
  ) );
#1867 = PCURVE('',#473,#1868);
#1868 = DEFINITIONAL_REPRESENTATION('',(#1869),#1872);
#1869 = B_SPLINE_CURVE_WITH_KNOTS('',1,(#1870,#1871),.UNSPECIFIED.,.F.,
  .F.,(2,2),(-32.58559093439,-0.),.PIECEWISE_BEZIER_KNOTS.);
#1870 = CARTESIAN_POINT('',(32.58559093439,-0.2));
#1871 = CARTESIAN_POINT('',(0.,-0.2));
#1872 = ( GEOMETRIC_REPRESENTATION_CONTEXT(2) 
PARAMETRIC_REPRESENTATION_CONTEXT() REPRESENTATION_CONTEXT('2D SPACE',''
  ) );
#1873 = ORIENTED_EDGE('',*,*,#1809,.F.);
#1874 = ORIENTED_EDGE('',*,*,#1058,.F.);
#1875 = ADVANCED_FACE('',(#1876),#1025,.T.);
#1876 = FACE_BOUND('',#1877,.T.);
#1877 = EDGE_LOOP('',(#1878,#1899,#1921));
#1878 = ORIENTED_EDGE('',*,*,#1879,.F.);
#1879 = EDGE_CURVE('',#1880,#1010,#1882,.T.);
#1880 = VERTEX_POINT('',#1881);
#1881 = CARTESIAN_POINT('',(21.241806804238,-11.7745257808,389.4));
#1882 = SURFACE_CURVE('',#1883,(#1887,#1893),.PCURVE_S1.);
#1883 = LINE('',#1884,#1885);
#1884 = CARTESIAN_POINT('',(0.,0.,389.4));
#1885 = VECTOR('',#1886,1.);
#1886 = DIRECTION('',(-0.874619707139,0.484809620246,0.));
#1887 = PCURVE('',#1025,#1888);
#1888 = DEFINITIONAL_REPRESENTATION('',(#1889),#1892);
#1889 = B_SPLINE_CURVE_WITH_KNOTS('',1,(#1890,#1891),.UNSPECIFIED.,.F.,
  .F.,(2,2),(-32.58559093439,-0.),.PIECEWISE_BEZIER_KNOTS.);
#1890 = CARTESIAN_POINT('',(28.5,-15.7978079664));
#1891 = CARTESIAN_POINT('',(0.,0.));
#1892 = ( GEOMETRIC_REPRESENTATION_CONTEXT(2) 
PARAMETRIC_REPRESENTATION_CONTEXT() REPRESENTATION_CONTEXT('2D SPACE',''
  ) );
#1893 = PCURVE('',#473,#1894);
#1894 = DEFINITIONAL_REPRESENTATION('',(#1895),#1898);
#1895 = B_SPLINE_CURVE_WITH_KNOTS('',1,(#1896,#1897),.UNSPECIFIED.,.F.,
  .F.,(2,2),(-32.58559093439,-0.),.PIECEWISE_BEZIER_KNOTS.);
#1896 = CARTESIAN_POINT('',(32.58559093439,-389.6));
#1897 = CARTESIAN_POINT('',(0.,-389.6));
#1898 = ( GEOMETRIC_REPRESENTATION_CONTEXT(2) 
PARAMETRIC_REPRESENTATION_CONTEXT() REPRESENTATION_CONTEXT('2D SPACE',''
  ) );
#1899 = ORIENTED_EDGE('',*,*,#1900,.F.);
#1900 = EDGE_CURVE('',#984,#1880,#1901,.T.);
#1901 = SURFACE_CURVE('',#1902,(#1907,#1914),.PCURVE_S1.);
#1902 = CIRCLE('',#1903,2.6);
#1903 = AXIS2_PLACEMENT_3D('',#1904,#1905,#1906);
#1904 = CARTESIAN_POINT('',(23.74526402036,-11.0725984576,389.4));
#1905 = DIRECTION('',(0.,0.,1.));
#1906 = DIRECTION('',(1.,0.,-0.));
#1907 = PCURVE('',#1025,#1908);
#1908 = DEFINITIONAL_REPRESENTATION('',(#1909),#1913);
#1909 = CIRCLE('',#1910,2.6);
#1910 = AXIS2_PLACEMENT_2D('',#1911,#1912);
#1911 = CARTESIAN_POINT('',(23.74526402036,-11.0725984576));
#1912 = DIRECTION('',(1.,0.));
#1913 = ( GEOMETRIC_REPRESENTATION_CONTEXT(2) 
PARAMETRIC_REPRESENTATION_CONTEXT() REPRESENTATION_CONTEXT('2D SPACE',''
  ) );
#1914 = PCURVE('',#998,#1915);
#1915 = DEFINITIONAL_REPRESENTATION('',(#1916),#1920);
#1916 = LINE('',#1917,#1918);
#1917 = CARTESIAN_POINT('',(0.,1.4));
#1918 = VECTOR('',#1919,1.);
#1919 = DIRECTION('',(1.,0.));
#1920 = ( GEOMETRIC_REPRESENTATION_CONTEXT(2) 
PARAMETRIC_REPRESENTATION_CONTEXT() REPRESENTATION_CONTEXT('2D SPACE',''
  ) );
#1921 = ORIENTED_EDGE('',*,*,#1009,.F.);
#1922 = ADVANCED_FACE('',(#1923),#998,.F.);
#1923 = FACE_BOUND('',#1924,.F.);
#1924 = EDGE_LOOP('',(#1925,#1926,#1950,#1969));
#1925 = ORIENTED_EDGE('',*,*,#983,.F.);
#1926 = ORIENTED_EDGE('',*,*,#1927,.T.);
#1927 = EDGE_CURVE('',#961,#1928,#1930,.T.);
#1928 = VERTEX_POINT('',#1929);
#1929 = CARTESIAN_POINT('',(21.241806804238,-11.7745257808,388.));
#1930 = SURFACE_CURVE('',#1931,(#1936,#1943),.PCURVE_S1.);
#1931 = CIRCLE('',#1932,2.6);
#1932 = AXIS2_PLACEMENT_3D('',#1933,#1934,#1935);
#1933 = CARTESIAN_POINT('',(23.74526402036,-11.0725984576,388.));
#1934 = DIRECTION('',(0.,0.,1.));
#1935 = DIRECTION('',(1.,0.,-0.));
#1936 = PCURVE('',#998,#1937);
#1937 = DEFINITIONAL_REPRESENTATION('',(#1938),#1942);
#1938 = LINE('',#1939,#1940);
#1939 = CARTESIAN_POINT('',(0.,0.));
#1940 = VECTOR('',#1941,1.);
#1941 = DIRECTION('',(1.,0.));
#1942 = ( GEOMETRIC_REPRESENTATION_CONTEXT(2) 
PARAMETRIC_REPRESENTATION_CONTEXT() REPRESENTATION_CONTEXT('2D SPACE',''
  ) );
#1943 = PCURVE('',#392,#1944);
#1944 = DEFINITIONAL_REPRESENTATION('',(#1945),#1949);
#1945 = CIRCLE('',#1946,2.6);
#1946 = AXIS2_PLACEMENT_2D('',#1947,#1948);
#1947 = CARTESIAN_POINT('',(0.,0.));
#1948 = DIRECTION('',(1.,0.));
#1949 = ( GEOMETRIC_REPRESENTATION_CONTEXT(2) 
PARAMETRIC_REPRESENTATION_CONTEXT() REPRESENTATION_CONTEXT('2D SPACE',''
  ) );
#1950 = ORIENTED_EDGE('',*,*,#1951,.T.);
#1951 = EDGE_CURVE('',#1928,#1880,#1952,.T.);
#1952 = SURFACE_CURVE('',#1953,(#1957,#1963),.PCURVE_S1.);
#1953 = LINE('',#1954,#1955);
#1954 = CARTESIAN_POINT('',(21.241806804238,-11.7745257808,388.));
#1955 = VECTOR('',#1956,1.);
#1956 = DIRECTION('',(0.,0.,1.));
#1957 = PCURVE('',#998,#1958);
#1958 = DEFINITIONAL_REPRESENTATION('',(#1959),#1962);
#1959 = B_SPLINE_CURVE_WITH_KNOTS('',1,(#1960,#1961),.UNSPECIFIED.,.F.,
  .F.,(2,2),(-6.000000212225E-07,1.6000006),.PIECEWISE_BEZIER_KNOTS.);
#1960 = CARTESIAN_POINT('',(3.414956654363,-6.000000212225E-07));
#1961 = CARTESIAN_POINT('',(3.414956654363,1.6000006));
#1962 = ( GEOMETRIC_REPRESENTATION_CONTEXT(2) 
PARAMETRIC_REPRESENTATION_CONTEXT() REPRESENTATION_CONTEXT('2D SPACE',''
  ) );
#1963 = PCURVE('',#473,#1964);
#1964 = DEFINITIONAL_REPRESENTATION('',(#1965),#1968);
#1965 = B_SPLINE_CURVE_WITH_KNOTS('',1,(#1966,#1967),.UNSPECIFIED.,.F.,
  .F.,(2,2),(-6.000000212225E-07,1.6000006),.PIECEWISE_BEZIER_KNOTS.);
#1966 = CARTESIAN_POINT('',(24.286906218605,-388.1999994));
#1967 = CARTESIAN_POINT('',(24.286906218605,-389.8000006));
#1968 = ( GEOMETRIC_REPRESENTATION_CONTEXT(2) 
PARAMETRIC_REPRESENTATION_CONTEXT() REPRESENTATION_CONTEXT('2D SPACE',''
  ) );
#1969 = ORIENTED_EDGE('',*,*,#1900,.F.);
#1970 = ADVANCED_FACE('',(#1971),#856,.F.);
#1971 = FACE_BOUND('',#1972,.F.);
#1972 = EDGE_LOOP('',(#1973,#1996,#2018,#2019));
#1973 = ORIENTED_EDGE('',*,*,#1974,.F.);
#1974 = EDGE_CURVE('',#1975,#1977,#1979,.T.);
#1975 = VERTEX_POINT('',#1976);
#1976 = CARTESIAN_POINT('',(21.241806804238,11.7745257808,388.));
#1977 = VERTEX_POINT('',#1978);
#1978 = CARTESIAN_POINT('',(21.241806804238,11.7745257808,389.4));
#1979 = SURFACE_CURVE('',#1980,(#1984,#1990),.PCURVE_S1.);
#1980 = LINE('',#1981,#1982);
#1981 = CARTESIAN_POINT('',(21.241806804238,11.7745257808,388.));
#1982 = VECTOR('',#1983,1.);
#1983 = DIRECTION('',(0.,0.,1.));
#1984 = PCURVE('',#856,#1985);
#1985 = DEFINITIONAL_REPRESENTATION('',(#1986),#1989);
#1986 = B_SPLINE_CURVE_WITH_KNOTS('',1,(#1987,#1988),.UNSPECIFIED.,.F.,
  .F.,(2,2),(-6.000000212225E-07,1.6000006),.PIECEWISE_BEZIER_KNOTS.);
#1987 = CARTESIAN_POINT('',(2.868228652817,-6.000000212225E-07));
#1988 = CARTESIAN_POINT('',(2.868228652817,1.6000006));
#1989 = ( GEOMETRIC_REPRESENTATION_CONTEXT(2) 
PARAMETRIC_REPRESENTATION_CONTEXT() REPRESENTATION_CONTEXT('2D SPACE',''
  ) );
#1990 = PCURVE('',#198,#1991);
#1991 = DEFINITIONAL_REPRESENTATION('',(#1992),#1995);
#1992 = B_SPLINE_CURVE_WITH_KNOTS('',1,(#1993,#1994),.UNSPECIFIED.,.F.,
  .F.,(2,2),(-6.000000212225E-07,1.6000006),.PIECEWISE_BEZIER_KNOTS.);
#1993 = CARTESIAN_POINT('',(46.963093781395,-388.1999994));
#1994 = CARTESIAN_POINT('',(46.963093781395,-389.8000006));
#1995 = ( GEOMETRIC_REPRESENTATION_CONTEXT(2) 
PARAMETRIC_REPRESENTATION_CONTEXT() REPRESENTATION_CONTEXT('2D SPACE',''
  ) );
#1996 = ORIENTED_EDGE('',*,*,#1997,.T.);
#1997 = EDGE_CURVE('',#1975,#842,#1998,.T.);
#1998 = SURFACE_CURVE('',#1999,(#2004,#2011),.PCURVE_S1.);
#1999 = CIRCLE('',#2000,2.6);
#2000 = AXIS2_PLACEMENT_3D('',#2001,#2002,#2003);
#2001 = CARTESIAN_POINT('',(23.74526402036,11.072598457606,388.));
#2002 = DIRECTION('',(0.,0.,1.));
#2003 = DIRECTION('',(1.,0.,-0.));
#2004 = PCURVE('',#856,#2005);
#2005 = DEFINITIONAL_REPRESENTATION('',(#2006),#2010);
#2006 = LINE('',#2007,#2008);
#2007 = CARTESIAN_POINT('',(0.,0.));
#2008 = VECTOR('',#2009,1.);
#2009 = DIRECTION('',(1.,0.));
#2010 = ( GEOMETRIC_REPRESENTATION_CONTEXT(2) 
PARAMETRIC_REPRESENTATION_CONTEXT() REPRESENTATION_CONTEXT('2D SPACE',''
  ) );
#2011 = PCURVE('',#279,#2012);
#2012 = DEFINITIONAL_REPRESENTATION('',(#2013),#2017);
#2013 = CIRCLE('',#2014,2.6);
#2014 = AXIS2_PLACEMENT_2D('',#2015,#2016);
#2015 = CARTESIAN_POINT('',(0.,0.));
#2016 = DIRECTION('',(1.,0.));
#2017 = ( GEOMETRIC_REPRESENTATION_CONTEXT(2) 
PARAMETRIC_REPRESENTATION_CONTEXT() REPRESENTATION_CONTEXT('2D SPACE',''
  ) );
#2018 = ORIENTED_EDGE('',*,*,#841,.T.);
#2019 = ORIENTED_EDGE('',*,*,#2020,.F.);
#2020 = EDGE_CURVE('',#1977,#814,#2021,.T.);
#2021 = SURFACE_CURVE('',#2022,(#2027,#2034),.PCURVE_S1.);
#2022 = CIRCLE('',#2023,2.6);
#2023 = AXIS2_PLACEMENT_3D('',#2024,#2025,#2026);
#2024 = CARTESIAN_POINT('',(23.74526402036,11.072598457606,389.4));
#2025 = DIRECTION('',(0.,0.,1.));
#2026 = DIRECTION('',(1.,0.,-0.));
#2027 = PCURVE('',#856,#2028);
#2028 = DEFINITIONAL_REPRESENTATION('',(#2029),#2033);
#2029 = LINE('',#2030,#2031);
#2030 = CARTESIAN_POINT('',(0.,1.4));
#2031 = VECTOR('',#2032,1.);
#2032 = DIRECTION('',(1.,0.));
#2033 = ( GEOMETRIC_REPRESENTATION_CONTEXT(2) 
PARAMETRIC_REPRESENTATION_CONTEXT() REPRESENTATION_CONTEXT('2D SPACE',''
  ) );
#2034 = PCURVE('',#829,#2035);
#2035 = DEFINITIONAL_REPRESENTATION('',(#2036),#2040);
#2036 = CIRCLE('',#2037,2.6);
#2037 = AXIS2_PLACEMENT_2D('',#2038,#2039);
#2038 = CARTESIAN_POINT('',(23.74526402036,11.072598457606));
#2039 = DIRECTION('',(1.,0.));
#2040 = ( GEOMETRIC_REPRESENTATION_CONTEXT(2) 
PARAMETRIC_REPRESENTATION_CONTEXT() REPRESENTATION_CONTEXT('2D SPACE',''
  ) );
#2041 = ADVANCED_FACE('',(#2042),#829,.T.);
#2042 = FACE_BOUND('',#2043,.T.);
#2043 = EDGE_LOOP('',(#2044,#2045,#2046));
#2044 = ORIENTED_EDGE('',*,*,#813,.F.);
#2045 = ORIENTED_EDGE('',*,*,#2020,.F.);
#2046 = ORIENTED_EDGE('',*,*,#2047,.F.);
#2047 = EDGE_CURVE('',#793,#1977,#2048,.T.);
#2048 = SURFACE_CURVE('',#2049,(#2053,#2059),.PCURVE_S1.);
#2049 = LINE('',#2050,#2051);
#2050 = CARTESIAN_POINT('',(31.158327066841,17.271342721276,389.4));
#2051 = VECTOR('',#2052,1.);
#2052 = DIRECTION('',(0.874619707139,0.484809620246,-0.));
#2053 = PCURVE('',#829,#2054);
#2054 = DEFINITIONAL_REPRESENTATION('',(#2055),#2058);
#2055 = B_SPLINE_CURVE_WITH_KNOTS('',1,(#2056,#2057),.UNSPECIFIED.,.F.,
  .F.,(2,2),(-35.625,-3.03940906561),.PIECEWISE_BEZIER_KNOTS.);
#2056 = CARTESIAN_POINT('',(-7.105427357601E-15,0.));
#2057 = CARTESIAN_POINT('',(28.5,15.797807966404));
#2058 = ( GEOMETRIC_REPRESENTATION_CONTEXT(2) 
PARAMETRIC_REPRESENTATION_CONTEXT() REPRESENTATION_CONTEXT('2D SPACE',''
  ) );
#2059 = PCURVE('',#198,#2060);
#2060 = DEFINITIONAL_REPRESENTATION('',(#2061),#2064);
#2061 = B_SPLINE_CURVE_WITH_KNOTS('',1,(#2062,#2063),.UNSPECIFIED.,.F.,
  .F.,(2,2),(-35.625,-3.03940906561),.PIECEWISE_BEZIER_KNOTS.);
#2062 = CARTESIAN_POINT('',(71.25,-389.6));
#2063 = CARTESIAN_POINT('',(38.66440906561,-389.6));
#2064 = ( GEOMETRIC_REPRESENTATION_CONTEXT(2) 
PARAMETRIC_REPRESENTATION_CONTEXT() REPRESENTATION_CONTEXT('2D SPACE',''
  ) );
#2065 = ADVANCED_FACE('',(#2066),#780,.F.);
#2066 = FACE_BOUND('',#2067,.F.);
#2067 = EDGE_LOOP('',(#2068,#2069,#2093));
#2068 = ORIENTED_EDGE('',*,*,#764,.F.);
#2069 = ORIENTED_EDGE('',*,*,#2070,.F.);
#2070 = EDGE_CURVE('',#2071,#739,#2073,.T.);
#2071 = VERTEX_POINT('',#2072);
#2072 = CARTESIAN_POINT('',(21.241806804238,11.7745257808,
    2.775557561563E-17));
#2073 = SURFACE_CURVE('',#2074,(#2079,#2086),.PCURVE_S1.);
#2074 = CIRCLE('',#2075,2.6);
#2075 = AXIS2_PLACEMENT_3D('',#2076,#2077,#2078);
#2076 = CARTESIAN_POINT('',(23.74526402036,11.072598457606,0.));
#2077 = DIRECTION('',(0.,0.,1.));
#2078 = DIRECTION('',(1.,0.,-0.));
#2079 = PCURVE('',#780,#2080);
#2080 = DEFINITIONAL_REPRESENTATION('',(#2081),#2085);
#2081 = CIRCLE('',#2082,2.6);
#2082 = AXIS2_PLACEMENT_2D('',#2083,#2084);
#2083 = CARTESIAN_POINT('',(23.74526402036,11.072598457606));
#2084 = DIRECTION('',(1.,0.));
#2085 = ( GEOMETRIC_REPRESENTATION_CONTEXT(2) 
PARAMETRIC_REPRESENTATION_CONTEXT() REPRESENTATION_CONTEXT('2D SPACE',''
  ) );
#2086 = PCURVE('',#753,#2087);
#2087 = DEFINITIONAL_REPRESENTATION('',(#2088),#2092);
#2088 = LINE('',#2089,#2090);
#2089 = CARTESIAN_POINT('',(0.,0.2));
#2090 = VECTOR('',#2091,1.);
#2091 = DIRECTION('',(1.,0.));
#2092 = ( GEOMETRIC_REPRESENTATION_CONTEXT(2) 
PARAMETRIC_REPRESENTATION_CONTEXT() REPRESENTATION_CONTEXT('2D SPACE',''
  ) );
#2093 = ORIENTED_EDGE('',*,*,#2094,.F.);
#2094 = EDGE_CURVE('',#765,#2071,#2095,.T.);
#2095 = SURFACE_CURVE('',#2096,(#2100,#2106),.PCURVE_S1.);
#2096 = LINE('',#2097,#2098);
#2097 = CARTESIAN_POINT('',(31.158327066841,17.271342721276,
    2.775557561563E-17));
#2098 = VECTOR('',#2099,1.);
#2099 = DIRECTION('',(0.874619707139,0.484809620246,-0.));
#2100 = PCURVE('',#780,#2101);
#2101 = DEFINITIONAL_REPRESENTATION('',(#2102),#2105);
#2102 = B_SPLINE_CURVE_WITH_KNOTS('',1,(#2103,#2104),.UNSPECIFIED.,.F.,
  .F.,(2,2),(-35.625,-3.03940906561),.PIECEWISE_BEZIER_KNOTS.);
#2103 = CARTESIAN_POINT('',(-7.105427357601E-15,0.));
#2104 = CARTESIAN_POINT('',(28.5,15.797807966404));
#2105 = ( GEOMETRIC_REPRESENTATION_CONTEXT(2) 
PARAMETRIC_REPRESENTATION_CONTEXT() REPRESENTATION_CONTEXT('2D SPACE',''
  ) );
#2106 = PCURVE('',#198,#2107);
#2107 = DEFINITIONAL_REPRESENTATION('',(#2108),#2111);
#2108 = B_SPLINE_CURVE_WITH_KNOTS('',1,(#2109,#2110),.UNSPECIFIED.,.F.,
  .F.,(2,2),(-35.625,-3.03940906561),.PIECEWISE_BEZIER_KNOTS.);
#2109 = CARTESIAN_POINT('',(71.25,-0.2));
#2110 = CARTESIAN_POINT('',(38.66440906561,-0.2));
#2111 = ( GEOMETRIC_REPRESENTATION_CONTEXT(2) 
PARAMETRIC_REPRESENTATION_CONTEXT() REPRESENTATION_CONTEXT('2D SPACE',''
  ) );
#2112 = ADVANCED_FACE('',(#2113),#753,.F.);
#2113 = FACE_BOUND('',#2114,.F.);
#2114 = EDGE_LOOP('',(#2115,#2139,#2158,#2159));
#2115 = ORIENTED_EDGE('',*,*,#2116,.F.);
#2116 = EDGE_CURVE('',#2117,#716,#2119,.T.);
#2117 = VERTEX_POINT('',#2118);
#2118 = CARTESIAN_POINT('',(21.241806804238,11.7745257808,1.4));
#2119 = SURFACE_CURVE('',#2120,(#2125,#2132),.PCURVE_S1.);
#2120 = CIRCLE('',#2121,2.6);
#2121 = AXIS2_PLACEMENT_3D('',#2122,#2123,#2124);
#2122 = CARTESIAN_POINT('',(23.74526402036,11.072598457606,1.4));
#2123 = DIRECTION('',(0.,0.,1.));
#2124 = DIRECTION('',(1.,0.,-0.));
#2125 = PCURVE('',#753,#2126);
#2126 = DEFINITIONAL_REPRESENTATION('',(#2127),#2131);
#2127 = LINE('',#2128,#2129);
#2128 = CARTESIAN_POINT('',(0.,1.6));
#2129 = VECTOR('',#2130,1.);
#2130 = DIRECTION('',(1.,0.));
#2131 = ( GEOMETRIC_REPRESENTATION_CONTEXT(2) 
PARAMETRIC_REPRESENTATION_CONTEXT() REPRESENTATION_CONTEXT('2D SPACE',''
  ) );
#2132 = PCURVE('',#117,#2133);
#2133 = DEFINITIONAL_REPRESENTATION('',(#2134),#2138);
#2134 = CIRCLE('',#2135,2.6);
#2135 = AXIS2_PLACEMENT_2D('',#2136,#2137);
#2136 = CARTESIAN_POINT('',(0.,0.));
#2137 = DIRECTION('',(1.,0.));
#2138 = ( GEOMETRIC_REPRESENTATION_CONTEXT(2) 
PARAMETRIC_REPRESENTATION_CONTEXT() REPRESENTATION_CONTEXT('2D SPACE',''
  ) );
#2139 = ORIENTED_EDGE('',*,*,#2140,.F.);
#2140 = EDGE_CURVE('',#2071,#2117,#2141,.T.);
#2141 = SURFACE_CURVE('',#2142,(#2146,#2152),.PCURVE_S1.);
#2142 = LINE('',#2143,#2144);
#2143 = CARTESIAN_POINT('',(21.241806804238,11.7745257808,-0.2));
#2144 = VECTOR('',#2145,1.);
#2145 = DIRECTION('',(0.,0.,1.));
#2146 = PCURVE('',#753,#2147);
#2147 = DEFINITIONAL_REPRESENTATION('',(#2148),#2151);
#2148 = B_SPLINE_CURVE_WITH_KNOTS('',1,(#2149,#2150),.UNSPECIFIED.,.F.,
  .F.,(2,2),(-5.999999999895E-07,1.6000006),.PIECEWISE_BEZIER_KNOTS.);
#2149 = CARTESIAN_POINT('',(2.868228652817,-5.999999999895E-07));
#2150 = CARTESIAN_POINT('',(2.868228652817,1.6000006));
#2151 = ( GEOMETRIC_REPRESENTATION_CONTEXT(2) 
PARAMETRIC_REPRESENTATION_CONTEXT() REPRESENTATION_CONTEXT('2D SPACE',''
  ) );
#2152 = PCURVE('',#198,#2153);
#2153 = DEFINITIONAL_REPRESENTATION('',(#2154),#2157);
#2154 = B_SPLINE_CURVE_WITH_KNOTS('',1,(#2155,#2156),.UNSPECIFIED.,.F.,
  .F.,(2,2),(-5.999999999895E-07,1.6000006),.PIECEWISE_BEZIER_KNOTS.);
#2155 = CARTESIAN_POINT('',(46.963093781395,5.999999999895E-07));
#2156 = CARTESIAN_POINT('',(46.963093781395,-1.6000006));
#2157 = ( GEOMETRIC_REPRESENTATION_CONTEXT(2) 
PARAMETRIC_REPRESENTATION_CONTEXT() REPRESENTATION_CONTEXT('2D SPACE',''
  ) );
#2158 = ORIENTED_EDGE('',*,*,#2070,.T.);
#2159 = ORIENTED_EDGE('',*,*,#738,.T.);
#2160 = ADVANCED_FACE('',(#2161,#2210),#554,.F.);
#2161 = FACE_BOUND('',#2162,.F.);
#2162 = EDGE_LOOP('',(#2163,#2164,#2165,#2166,#2167,#2188));
#2163 = ORIENTED_EDGE('',*,*,#538,.T.);
#2164 = ORIENTED_EDGE('',*,*,#593,.T.);
#2165 = ORIENTED_EDGE('',*,*,#1112,.F.);
#2166 = ORIENTED_EDGE('',*,*,#1784,.T.);
#2167 = ORIENTED_EDGE('',*,*,#2168,.T.);
#2168 = EDGE_CURVE('',#1785,#2169,#2171,.T.);
#2169 = VERTEX_POINT('',#2170);
#2170 = CARTESIAN_POINT('',(24.476626096292,-13.5676153942,1.4));
#2171 = SURFACE_CURVE('',#2172,(#2176,#2182),.PCURVE_S1.);
#2172 = LINE('',#2173,#2174);
#2173 = CARTESIAN_POINT('',(11.429608225133,-6.33553529375,1.4));
#2174 = VECTOR('',#2175,1.);
#2175 = DIRECTION('',(0.874619707139,-0.484809620246,0.));
#2176 = PCURVE('',#554,#2177);
#2177 = DEFINITIONAL_REPRESENTATION('',(#2178),#2181);
#2178 = B_SPLINE_CURVE_WITH_KNOTS('',1,(#2179,#2180),.UNSPECIFIED.,.F.,
  .F.,(2,2),(11.131910941596,15.133905882743),.PIECEWISE_BEZIER_KNOTS.);
#2179 = CARTESIAN_POINT('',(-2.579467107587,-0.659794352355));
#2180 = CARTESIAN_POINT('',(0.920756535812,-2.6));
#2181 = ( GEOMETRIC_REPRESENTATION_CONTEXT(2) 
PARAMETRIC_REPRESENTATION_CONTEXT() REPRESENTATION_CONTEXT('2D SPACE',''
  ) );
#2182 = PCURVE('',#473,#2183);
#2183 = DEFINITIONAL_REPRESENTATION('',(#2184),#2187);
#2184 = B_SPLINE_CURVE_WITH_KNOTS('',1,(#2185,#2186),.UNSPECIFIED.,.F.,
  .F.,(2,2),(11.131910941596,15.133905882743),.PIECEWISE_BEZIER_KNOTS.);
#2185 = CARTESIAN_POINT('',(24.2,-1.6));
#2186 = CARTESIAN_POINT('',(28.201994941146,-1.6));
#2187 = ( GEOMETRIC_REPRESENTATION_CONTEXT(2) 
PARAMETRIC_REPRESENTATION_CONTEXT() REPRESENTATION_CONTEXT('2D SPACE',''
  ) );
#2188 = ORIENTED_EDGE('',*,*,#2189,.T.);
#2189 = EDGE_CURVE('',#2169,#513,#2190,.T.);
#2190 = SURFACE_CURVE('',#2191,(#2196,#2203),.PCURVE_S1.);
#2191 = CIRCLE('',#2192,2.6);
#2192 = AXIS2_PLACEMENT_3D('',#2193,#2194,#2195);
#2193 = CARTESIAN_POINT('',(23.74526402036,-11.0725984576,1.4));
#2194 = DIRECTION('',(0.,0.,1.));
#2195 = DIRECTION('',(1.,0.,-0.));
#2196 = PCURVE('',#554,#2197);
#2197 = DEFINITIONAL_REPRESENTATION('',(#2198),#2202);
#2198 = CIRCLE('',#2199,2.6);
#2199 = AXIS2_PLACEMENT_2D('',#2200,#2201);
#2200 = CARTESIAN_POINT('',(0.,0.));
#2201 = DIRECTION('',(1.,0.));
#2202 = ( GEOMETRIC_REPRESENTATION_CONTEXT(2) 
PARAMETRIC_REPRESENTATION_CONTEXT() REPRESENTATION_CONTEXT('2D SPACE',''
  ) );
#2203 = PCURVE('',#527,#2204);
#2204 = DEFINITIONAL_REPRESENTATION('',(#2205),#2209);
#2205 = LINE('',#2206,#2207);
#2206 = CARTESIAN_POINT('',(0.,1.6));
#2207 = VECTOR('',#2208,1.);
#2208 = DIRECTION('',(1.,0.));
#2209 = ( GEOMETRIC_REPRESENTATION_CONTEXT(2) 
PARAMETRIC_REPRESENTATION_CONTEXT() REPRESENTATION_CONTEXT('2D SPACE',''
  ) );
#2210 = FACE_BOUND('',#2211,.F.);
#2211 = EDGE_LOOP('',(#2212));
#2212 = ORIENTED_EDGE('',*,*,#2213,.F.);
#2213 = EDGE_CURVE('',#2214,#2214,#2216,.T.);
#2214 = VERTEX_POINT('',#2215);
#2215 = CARTESIAN_POINT('',(25.09526402036,-11.0725984576,1.4));
#2216 = SURFACE_CURVE('',#2217,(#2222,#2229),.PCURVE_S1.);
#2217 = CIRCLE('',#2218,1.35);
#2218 = AXIS2_PLACEMENT_3D('',#2219,#2220,#2221);
#2219 = CARTESIAN_POINT('',(23.74526402036,-11.0725984576,1.4));
#2220 = DIRECTION('',(0.,0.,1.));
#2221 = DIRECTION('',(1.,0.,-0.));
#2222 = PCURVE('',#554,#2223);
#2223 = DEFINITIONAL_REPRESENTATION('',(#2224),#2228);
#2224 = CIRCLE('',#2225,1.35);
#2225 = AXIS2_PLACEMENT_2D('',#2226,#2227);
#2226 = CARTESIAN_POINT('',(0.,0.));
#2227 = DIRECTION('',(1.,0.));
#2228 = ( GEOMETRIC_REPRESENTATION_CONTEXT(2) 
PARAMETRIC_REPRESENTATION_CONTEXT() REPRESENTATION_CONTEXT('2D SPACE',''
  ) );
#2229 = PCURVE('',#2230,#2235);
#2230 = CYLINDRICAL_SURFACE('',#2231,1.35);
#2231 = AXIS2_PLACEMENT_3D('',#2232,#2233,#2234);
#2232 = CARTESIAN_POINT('',(23.74526402036,-11.0725984576,-0.2));
#2233 = DIRECTION('',(0.,0.,1.));
#2234 = DIRECTION('',(1.,0.,-0.));
#2235 = DEFINITIONAL_REPRESENTATION('',(#2236),#2240);
#2236 = LINE('',#2237,#2238);
#2237 = CARTESIAN_POINT('',(0.,1.6));
#2238 = VECTOR('',#2239,1.);
#2239 = DIRECTION('',(1.,0.));
#2240 = ( GEOMETRIC_REPRESENTATION_CONTEXT(2) 
PARAMETRIC_REPRESENTATION_CONTEXT() REPRESENTATION_CONTEXT('2D SPACE',''
  ) );
#2241 = ADVANCED_FACE('',(#2242),#2230,.F.);
#2242 = FACE_BOUND('',#2243,.F.);
#2243 = EDGE_LOOP('',(#2244,#2245,#2268,#2290));
#2244 = ORIENTED_EDGE('',*,*,#2213,.T.);
#2245 = ORIENTED_EDGE('',*,*,#2246,.T.);
#2246 = EDGE_CURVE('',#2214,#2247,#2249,.T.);
#2247 = VERTEX_POINT('',#2248);
#2248 = CARTESIAN_POINT('',(25.09526402036,-11.0725984576,388.));
#2249 = SEAM_CURVE('',#2250,(#2254,#2261),.PCURVE_S1.);
#2250 = LINE('',#2251,#2252);
#2251 = CARTESIAN_POINT('',(25.09526402036,-11.0725984576,-0.2));
#2252 = VECTOR('',#2253,1.);
#2253 = DIRECTION('',(0.,0.,1.));
#2254 = PCURVE('',#2230,#2255);
#2255 = DEFINITIONAL_REPRESENTATION('',(#2256),#2260);
#2256 = LINE('',#2257,#2258);
#2257 = CARTESIAN_POINT('',(0.,-0.));
#2258 = VECTOR('',#2259,1.);
#2259 = DIRECTION('',(0.,1.));
#2260 = ( GEOMETRIC_REPRESENTATION_CONTEXT(2) 
PARAMETRIC_REPRESENTATION_CONTEXT() REPRESENTATION_CONTEXT('2D SPACE',''
  ) );
#2261 = PCURVE('',#2230,#2262);
#2262 = DEFINITIONAL_REPRESENTATION('',(#2263),#2267);
#2263 = LINE('',#2264,#2265);
#2264 = CARTESIAN_POINT('',(6.28318530718,-0.));
#2265 = VECTOR('',#2266,1.);
#2266 = DIRECTION('',(0.,1.));
#2267 = ( GEOMETRIC_REPRESENTATION_CONTEXT(2) 
PARAMETRIC_REPRESENTATION_CONTEXT() REPRESENTATION_CONTEXT('2D SPACE',''
  ) );
#2268 = ORIENTED_EDGE('',*,*,#2269,.F.);
#2269 = EDGE_CURVE('',#2247,#2247,#2270,.T.);
#2270 = SURFACE_CURVE('',#2271,(#2276,#2283),.PCURVE_S1.);
#2271 = CIRCLE('',#2272,1.35);
#2272 = AXIS2_PLACEMENT_3D('',#2273,#2274,#2275);
#2273 = CARTESIAN_POINT('',(23.74526402036,-11.0725984576,388.));
#2274 = DIRECTION('',(0.,0.,1.));
#2275 = DIRECTION('',(1.,0.,-0.));
#2276 = PCURVE('',#2230,#2277);
#2277 = DEFINITIONAL_REPRESENTATION('',(#2278),#2282);
#2278 = LINE('',#2279,#2280);
#2279 = CARTESIAN_POINT('',(0.,388.2));
#2280 = VECTOR('',#2281,1.);
#2281 = DIRECTION('',(1.,0.));
#2282 = ( GEOMETRIC_REPRESENTATION_CONTEXT(2) 
PARAMETRIC_REPRESENTATION_CONTEXT() REPRESENTATION_CONTEXT('2D SPACE',''
  ) );
#2283 = PCURVE('',#392,#2284);
#2284 = DEFINITIONAL_REPRESENTATION('',(#2285),#2289);
#2285 = CIRCLE('',#2286,1.35);
#2286 = AXIS2_PLACEMENT_2D('',#2287,#2288);
#2287 = CARTESIAN_POINT('',(0.,0.));
#2288 = DIRECTION('',(1.,0.));
#2289 = ( GEOMETRIC_REPRESENTATION_CONTEXT(2) 
PARAMETRIC_REPRESENTATION_CONTEXT() REPRESENTATION_CONTEXT('2D SPACE',''
  ) );
#2290 = ORIENTED_EDGE('',*,*,#2246,.F.);
#2291 = ADVANCED_FACE('',(#2292),#527,.F.);
#2292 = FACE_BOUND('',#2293,.F.);
#2293 = EDGE_LOOP('',(#2294,#2295,#2296,#2317));
#2294 = ORIENTED_EDGE('',*,*,#512,.T.);
#2295 = ORIENTED_EDGE('',*,*,#2189,.F.);
#2296 = ORIENTED_EDGE('',*,*,#2297,.F.);
#2297 = EDGE_CURVE('',#2298,#2169,#2300,.T.);
#2298 = VERTEX_POINT('',#2299);
#2299 = CARTESIAN_POINT('',(24.476626096292,-13.5676153942,
    2.775557561563E-17));
#2300 = SURFACE_CURVE('',#2301,(#2305,#2311),.PCURVE_S1.);
#2301 = LINE('',#2302,#2303);
#2302 = CARTESIAN_POINT('',(24.476626096292,-13.5676153942,-0.2));
#2303 = VECTOR('',#2304,1.);
#2304 = DIRECTION('',(0.,0.,1.));
#2305 = PCURVE('',#527,#2306);
#2306 = DEFINITIONAL_REPRESENTATION('',(#2307),#2310);
#2307 = B_SPLINE_CURVE_WITH_KNOTS('',1,(#2308,#2309),.UNSPECIFIED.,.F.,
  .F.,(2,2),(-5.999999999895E-07,1.6000006),.PIECEWISE_BEZIER_KNOTS.);
#2308 = CARTESIAN_POINT('',(4.99753034025,-5.999999999895E-07));
#2309 = CARTESIAN_POINT('',(4.99753034025,1.6000006));
#2310 = ( GEOMETRIC_REPRESENTATION_CONTEXT(2) 
PARAMETRIC_REPRESENTATION_CONTEXT() REPRESENTATION_CONTEXT('2D SPACE',''
  ) );
#2311 = PCURVE('',#473,#2312);
#2312 = DEFINITIONAL_REPRESENTATION('',(#2313),#2316);
#2313 = B_SPLINE_CURVE_WITH_KNOTS('',1,(#2314,#2315),.UNSPECIFIED.,.F.,
  .F.,(2,2),(-5.999999999895E-07,1.6000006),.PIECEWISE_BEZIER_KNOTS.);
#2314 = CARTESIAN_POINT('',(27.98545001501,5.999999999895E-07));
#2315 = CARTESIAN_POINT('',(27.98545001501,-1.6000006));
#2316 = ( GEOMETRIC_REPRESENTATION_CONTEXT(2) 
PARAMETRIC_REPRESENTATION_CONTEXT() REPRESENTATION_CONTEXT('2D SPACE',''
  ) );
#2317 = ORIENTED_EDGE('',*,*,#2318,.T.);
#2318 = EDGE_CURVE('',#2298,#485,#2319,.T.);
#2319 = SURFACE_CURVE('',#2320,(#2325,#2332),.PCURVE_S1.);
#2320 = CIRCLE('',#2321,2.6);
#2321 = AXIS2_PLACEMENT_3D('',#2322,#2323,#2324);
#2322 = CARTESIAN_POINT('',(23.74526402036,-11.0725984576,0.));
#2323 = DIRECTION('',(0.,0.,1.));
#2324 = DIRECTION('',(1.,0.,-0.));
#2325 = PCURVE('',#527,#2326);
#2326 = DEFINITIONAL_REPRESENTATION('',(#2327),#2331);
#2327 = LINE('',#2328,#2329);
#2328 = CARTESIAN_POINT('',(0.,0.2));
#2329 = VECTOR('',#2330,1.);
#2330 = DIRECTION('',(1.,0.));
#2331 = ( GEOMETRIC_REPRESENTATION_CONTEXT(2) 
PARAMETRIC_REPRESENTATION_CONTEXT() REPRESENTATION_CONTEXT('2D SPACE',''
  ) );
#2332 = PCURVE('',#500,#2333);
#2333 = DEFINITIONAL_REPRESENTATION('',(#2334),#2338);
#2334 = CIRCLE('',#2335,2.6);
#2335 = AXIS2_PLACEMENT_2D('',#2336,#2337);
#2336 = CARTESIAN_POINT('',(23.74526402036,-11.0725984576));
#2337 = DIRECTION('',(1.,0.));
#2338 = ( GEOMETRIC_REPRESENTATION_CONTEXT(2) 
PARAMETRIC_REPRESENTATION_CONTEXT() REPRESENTATION_CONTEXT('2D SPACE',''
  ) );
#2339 = ADVANCED_FACE('',(#2340),#500,.F.);
#2340 = FACE_BOUND('',#2341,.F.);
#2341 = EDGE_LOOP('',(#2342,#2361,#2362));
#2342 = ORIENTED_EDGE('',*,*,#2343,.F.);
#2343 = EDGE_CURVE('',#459,#2298,#2344,.T.);
#2344 = SURFACE_CURVE('',#2345,(#2349,#2355),.PCURVE_S1.);
#2345 = LINE('',#2346,#2347);
#2346 = CARTESIAN_POINT('',(0.,0.,2.775557561563E-17));
#2347 = VECTOR('',#2348,1.);
#2348 = DIRECTION('',(-0.874619707139,0.484809620246,0.));
#2349 = PCURVE('',#500,#2350);
#2350 = DEFINITIONAL_REPRESENTATION('',(#2351),#2354);
#2351 = B_SPLINE_CURVE_WITH_KNOTS('',1,(#2352,#2353),.UNSPECIFIED.,.F.,
  .F.,(2,2),(-32.58559093439,-0.),.PIECEWISE_BEZIER_KNOTS.);
#2352 = CARTESIAN_POINT('',(28.5,-15.7978079664));
#2353 = CARTESIAN_POINT('',(0.,0.));
#2354 = ( GEOMETRIC_REPRESENTATION_CONTEXT(2) 
PARAMETRIC_REPRESENTATION_CONTEXT() REPRESENTATION_CONTEXT('2D SPACE',''
  ) );
#2355 = PCURVE('',#473,#2356);
#2356 = DEFINITIONAL_REPRESENTATION('',(#2357),#2360);
#2357 = B_SPLINE_CURVE_WITH_KNOTS('',1,(#2358,#2359),.UNSPECIFIED.,.F.,
  .F.,(2,2),(-32.58559093439,-0.),.PIECEWISE_BEZIER_KNOTS.);
#2358 = CARTESIAN_POINT('',(32.58559093439,-0.2));
#2359 = CARTESIAN_POINT('',(0.,-0.2));
#2360 = ( GEOMETRIC_REPRESENTATION_CONTEXT(2) 
PARAMETRIC_REPRESENTATION_CONTEXT() REPRESENTATION_CONTEXT('2D SPACE',''
  ) );
#2361 = ORIENTED_EDGE('',*,*,#484,.T.);
#2362 = ORIENTED_EDGE('',*,*,#2318,.F.);
#2363 = ADVANCED_FACE('',(#2364),#473,.F.);
#2364 = FACE_BOUND('',#2365,.F.);
#2365 = EDGE_LOOP('',(#2366,#2367,#2368,#2369,#2370,#2371,#2372,#2373,
    #2374,#2375,#2396,#2417));
#2366 = ORIENTED_EDGE('',*,*,#458,.F.);
#2367 = ORIENTED_EDGE('',*,*,#2343,.T.);
#2368 = ORIENTED_EDGE('',*,*,#2297,.T.);
#2369 = ORIENTED_EDGE('',*,*,#2168,.F.);
#2370 = ORIENTED_EDGE('',*,*,#1833,.F.);
#2371 = ORIENTED_EDGE('',*,*,#1855,.T.);
#2372 = ORIENTED_EDGE('',*,*,#1037,.T.);
#2373 = ORIENTED_EDGE('',*,*,#1879,.F.);
#2374 = ORIENTED_EDGE('',*,*,#1951,.F.);
#2375 = ORIENTED_EDGE('',*,*,#2376,.T.);
#2376 = EDGE_CURVE('',#1928,#2377,#2379,.T.);
#2377 = VERTEX_POINT('',#2378);
#2378 = CARTESIAN_POINT('',(24.476626096292,-13.5676153942,388.));
#2379 = SURFACE_CURVE('',#2380,(#2384,#2390),.PCURVE_S1.);
#2380 = LINE('',#2381,#2382);
#2381 = CARTESIAN_POINT('',(11.429608225133,-6.33553529375,388.));
#2382 = VECTOR('',#2383,1.);
#2383 = DIRECTION('',(0.874619707139,-0.484809620246,0.));
#2384 = PCURVE('',#473,#2385);
#2385 = DEFINITIONAL_REPRESENTATION('',(#2386),#2389);
#2386 = B_SPLINE_CURVE_WITH_KNOTS('',1,(#2387,#2388),.UNSPECIFIED.,.F.,
  .F.,(2,2),(11.131910941596,15.133905882743),.PIECEWISE_BEZIER_KNOTS.);
#2387 = CARTESIAN_POINT('',(24.2,-388.2));
#2388 = CARTESIAN_POINT('',(28.201994941146,-388.2));
#2389 = ( GEOMETRIC_REPRESENTATION_CONTEXT(2) 
PARAMETRIC_REPRESENTATION_CONTEXT() REPRESENTATION_CONTEXT('2D SPACE',''
  ) );
#2390 = PCURVE('',#392,#2391);
#2391 = DEFINITIONAL_REPRESENTATION('',(#2392),#2395);
#2392 = B_SPLINE_CURVE_WITH_KNOTS('',1,(#2393,#2394),.UNSPECIFIED.,.F.,
  .F.,(2,2),(11.131910941596,15.133905882743),.PIECEWISE_BEZIER_KNOTS.);
#2393 = CARTESIAN_POINT('',(-2.579467107587,-0.659794352355));
#2394 = CARTESIAN_POINT('',(0.920756535812,-2.6));
#2395 = ( GEOMETRIC_REPRESENTATION_CONTEXT(2) 
PARAMETRIC_REPRESENTATION_CONTEXT() REPRESENTATION_CONTEXT('2D SPACE',''
  ) );
#2396 = ORIENTED_EDGE('',*,*,#2397,.T.);
#2397 = EDGE_CURVE('',#2377,#2398,#2400,.T.);
#2398 = VERTEX_POINT('',#2399);
#2399 = CARTESIAN_POINT('',(24.476626096292,-13.5676153942,389.4));
#2400 = SURFACE_CURVE('',#2401,(#2405,#2411),.PCURVE_S1.);
#2401 = LINE('',#2402,#2403);
#2402 = CARTESIAN_POINT('',(24.476626096292,-13.5676153942,388.));
#2403 = VECTOR('',#2404,1.);
#2404 = DIRECTION('',(0.,0.,1.));
#2405 = PCURVE('',#473,#2406);
#2406 = DEFINITIONAL_REPRESENTATION('',(#2407),#2410);
#2407 = B_SPLINE_CURVE_WITH_KNOTS('',1,(#2408,#2409),.UNSPECIFIED.,.F.,
  .F.,(2,2),(-6.000000212225E-07,1.6000006),.PIECEWISE_BEZIER_KNOTS.);
#2408 = CARTESIAN_POINT('',(27.98545001501,-388.1999994));
#2409 = CARTESIAN_POINT('',(27.98545001501,-389.8000006));
#2410 = ( GEOMETRIC_REPRESENTATION_CONTEXT(2) 
PARAMETRIC_REPRESENTATION_CONTEXT() REPRESENTATION_CONTEXT('2D SPACE',''
  ) );
#2411 = PCURVE('',#419,#2412);
#2412 = DEFINITIONAL_REPRESENTATION('',(#2413),#2416);
#2413 = B_SPLINE_CURVE_WITH_KNOTS('',1,(#2414,#2415),.UNSPECIFIED.,.F.,
  .F.,(2,2),(-6.000000212225E-07,1.6000006),.PIECEWISE_BEZIER_KNOTS.);
#2414 = CARTESIAN_POINT('',(4.99753034025,-6.000000212225E-07));
#2415 = CARTESIAN_POINT('',(4.99753034025,1.6000006));
#2416 = ( GEOMETRIC_REPRESENTATION_CONTEXT(2) 
PARAMETRIC_REPRESENTATION_CONTEXT() REPRESENTATION_CONTEXT('2D SPACE',''
  ) );
#2417 = ORIENTED_EDGE('',*,*,#2418,.F.);
#2418 = EDGE_CURVE('',#431,#2398,#2419,.T.);
#2419 = SURFACE_CURVE('',#2420,(#2424,#2430),.PCURVE_S1.);
#2420 = LINE('',#2421,#2422);
#2421 = CARTESIAN_POINT('',(0.,0.,389.4));
#2422 = VECTOR('',#2423,1.);
#2423 = DIRECTION('',(-0.874619707139,0.484809620246,0.));
#2424 = PCURVE('',#473,#2425);
#2425 = DEFINITIONAL_REPRESENTATION('',(#2426),#2429);
#2426 = B_SPLINE_CURVE_WITH_KNOTS('',1,(#2427,#2428),.UNSPECIFIED.,.F.,
  .F.,(2,2),(-32.58559093439,-0.),.PIECEWISE_BEZIER_KNOTS.);
#2427 = CARTESIAN_POINT('',(32.58559093439,-389.6));
#2428 = CARTESIAN_POINT('',(0.,-389.6));
#2429 = ( GEOMETRIC_REPRESENTATION_CONTEXT(2) 
PARAMETRIC_REPRESENTATION_CONTEXT() REPRESENTATION_CONTEXT('2D SPACE',''
  ) );
#2430 = PCURVE('',#446,#2431);
#2431 = DEFINITIONAL_REPRESENTATION('',(#2432),#2435);
#2432 = B_SPLINE_CURVE_WITH_KNOTS('',1,(#2433,#2434),.UNSPECIFIED.,.F.,
  .F.,(2,2),(-32.58559093439,-0.),.PIECEWISE_BEZIER_KNOTS.);
#2433 = CARTESIAN_POINT('',(28.5,-15.7978079664));
#2434 = CARTESIAN_POINT('',(0.,0.));
#2435 = ( GEOMETRIC_REPRESENTATION_CONTEXT(2) 
PARAMETRIC_REPRESENTATION_CONTEXT() REPRESENTATION_CONTEXT('2D SPACE',''
  ) );
#2436 = ADVANCED_FACE('',(#2437),#446,.T.);
#2437 = FACE_BOUND('',#2438,.T.);
#2438 = EDGE_LOOP('',(#2439,#2440,#2441));
#2439 = ORIENTED_EDGE('',*,*,#2418,.F.);
#2440 = ORIENTED_EDGE('',*,*,#430,.T.);
#2441 = ORIENTED_EDGE('',*,*,#2442,.F.);
#2442 = EDGE_CURVE('',#2398,#405,#2443,.T.);
#2443 = SURFACE_CURVE('',#2444,(#2449,#2456),.PCURVE_S1.);
#2444 = CIRCLE('',#2445,2.6);
#2445 = AXIS2_PLACEMENT_3D('',#2446,#2447,#2448);
#2446 = CARTESIAN_POINT('',(23.74526402036,-11.0725984576,389.4));
#2447 = DIRECTION('',(0.,0.,1.));
#2448 = DIRECTION('',(1.,0.,-0.));
#2449 = PCURVE('',#446,#2450);
#2450 = DEFINITIONAL_REPRESENTATION('',(#2451),#2455);
#2451 = CIRCLE('',#2452,2.6);
#2452 = AXIS2_PLACEMENT_2D('',#2453,#2454);
#2453 = CARTESIAN_POINT('',(23.74526402036,-11.0725984576));
#2454 = DIRECTION('',(1.,0.));
#2455 = ( GEOMETRIC_REPRESENTATION_CONTEXT(2) 
PARAMETRIC_REPRESENTATION_CONTEXT() REPRESENTATION_CONTEXT('2D SPACE',''
  ) );
#2456 = PCURVE('',#419,#2457);
#2457 = DEFINITIONAL_REPRESENTATION('',(#2458),#2462);
#2458 = LINE('',#2459,#2460);
#2459 = CARTESIAN_POINT('',(0.,1.4));
#2460 = VECTOR('',#2461,1.);
#2461 = DIRECTION('',(1.,0.));
#2462 = ( GEOMETRIC_REPRESENTATION_CONTEXT(2) 
PARAMETRIC_REPRESENTATION_CONTEXT() REPRESENTATION_CONTEXT('2D SPACE',''
  ) );
#2463 = ADVANCED_FACE('',(#2464),#419,.F.);
#2464 = FACE_BOUND('',#2465,.F.);
#2465 = EDGE_LOOP('',(#2466,#2488,#2489,#2490));
#2466 = ORIENTED_EDGE('',*,*,#2467,.T.);
#2467 = EDGE_CURVE('',#2377,#377,#2468,.T.);
#2468 = SURFACE_CURVE('',#2469,(#2474,#2481),.PCURVE_S1.);
#2469 = CIRCLE('',#2470,2.6);
#2470 = AXIS2_PLACEMENT_3D('',#2471,#2472,#2473);
#2471 = CARTESIAN_POINT('',(23.74526402036,-11.0725984576,388.));
#2472 = DIRECTION('',(0.,0.,1.));
#2473 = DIRECTION('',(1.,0.,-0.));
#2474 = PCURVE('',#419,#2475);
#2475 = DEFINITIONAL_REPRESENTATION('',(#2476),#2480);
#2476 = LINE('',#2477,#2478);
#2477 = CARTESIAN_POINT('',(0.,0.));
#2478 = VECTOR('',#2479,1.);
#2479 = DIRECTION('',(1.,0.));
#2480 = ( GEOMETRIC_REPRESENTATION_CONTEXT(2) 
PARAMETRIC_REPRESENTATION_CONTEXT() REPRESENTATION_CONTEXT('2D SPACE',''
  ) );
#2481 = PCURVE('',#392,#2482);
#2482 = DEFINITIONAL_REPRESENTATION('',(#2483),#2487);
#2483 = CIRCLE('',#2484,2.6);
#2484 = AXIS2_PLACEMENT_2D('',#2485,#2486);
#2485 = CARTESIAN_POINT('',(0.,0.));
#2486 = DIRECTION('',(1.,0.));
#2487 = ( GEOMETRIC_REPRESENTATION_CONTEXT(2) 
PARAMETRIC_REPRESENTATION_CONTEXT() REPRESENTATION_CONTEXT('2D SPACE',''
  ) );
#2488 = ORIENTED_EDGE('',*,*,#404,.T.);
#2489 = ORIENTED_EDGE('',*,*,#2442,.F.);
#2490 = ORIENTED_EDGE('',*,*,#2397,.F.);
#2491 = ADVANCED_FACE('',(#2492,#2521),#392,.T.);
#2492 = FACE_BOUND('',#2493,.T.);
#2493 = EDGE_LOOP('',(#2494,#2495,#2517,#2518,#2519,#2520));
#2494 = ORIENTED_EDGE('',*,*,#376,.T.);
#2495 = ORIENTED_EDGE('',*,*,#2496,.T.);
#2496 = EDGE_CURVE('',#351,#940,#2497,.T.);
#2497 = SURFACE_CURVE('',#2498,(#2503,#2510),.PCURVE_S1.);
#2498 = CIRCLE('',#2499,2.6);
#2499 = AXIS2_PLACEMENT_3D('',#2500,#2501,#2502);
#2500 = CARTESIAN_POINT('',(23.74526402036,-11.0725984576,388.));
#2501 = DIRECTION('',(0.,0.,1.));
#2502 = DIRECTION('',(1.,0.,-0.));
#2503 = PCURVE('',#392,#2504);
#2504 = DEFINITIONAL_REPRESENTATION('',(#2505),#2509);
#2505 = CIRCLE('',#2506,2.6);
#2506 = AXIS2_PLACEMENT_2D('',#2507,#2508);
#2507 = CARTESIAN_POINT('',(0.,0.));
#2508 = DIRECTION('',(1.,0.));
#2509 = ( GEOMETRIC_REPRESENTATION_CONTEXT(2) 
PARAMETRIC_REPRESENTATION_CONTEXT() REPRESENTATION_CONTEXT('2D SPACE',''
  ) );
#2510 = PCURVE('',#365,#2511);
#2511 = DEFINITIONAL_REPRESENTATION('',(#2512),#2516);
#2512 = LINE('',#2513,#2514);
#2513 = CARTESIAN_POINT('',(0.,0.));
#2514 = VECTOR('',#2515,1.);
#2515 = DIRECTION('',(1.,0.));
#2516 = ( GEOMETRIC_REPRESENTATION_CONTEXT(2) 
PARAMETRIC_REPRESENTATION_CONTEXT() REPRESENTATION_CONTEXT('2D SPACE',''
  ) );
#2517 = ORIENTED_EDGE('',*,*,#960,.F.);
#2518 = ORIENTED_EDGE('',*,*,#1927,.T.);
#2519 = ORIENTED_EDGE('',*,*,#2376,.T.);
#2520 = ORIENTED_EDGE('',*,*,#2467,.T.);
#2521 = FACE_BOUND('',#2522,.T.);
#2522 = EDGE_LOOP('',(#2523));
#2523 = ORIENTED_EDGE('',*,*,#2269,.F.);
#2524 = ADVANCED_FACE('',(#2525),#365,.F.);
#2525 = FACE_BOUND('',#2526,.F.);
#2526 = EDGE_LOOP('',(#2527,#2528,#2529,#2530));
#2527 = ORIENTED_EDGE('',*,*,#350,.F.);
#2528 = ORIENTED_EDGE('',*,*,#2496,.T.);
#2529 = ORIENTED_EDGE('',*,*,#939,.T.);
#2530 = ORIENTED_EDGE('',*,*,#2531,.F.);
#2531 = EDGE_CURVE('',#318,#912,#2532,.T.);
#2532 = SURFACE_CURVE('',#2533,(#2538,#2545),.PCURVE_S1.);
#2533 = CIRCLE('',#2534,2.6);
#2534 = AXIS2_PLACEMENT_3D('',#2535,#2536,#2537);
#2535 = CARTESIAN_POINT('',(23.74526402036,-11.0725984576,389.4));
#2536 = DIRECTION('',(0.,0.,1.));
#2537 = DIRECTION('',(1.,0.,-0.));
#2538 = PCURVE('',#365,#2539);
#2539 = DEFINITIONAL_REPRESENTATION('',(#2540),#2544);
#2540 = LINE('',#2541,#2542);
#2541 = CARTESIAN_POINT('',(0.,1.4));
#2542 = VECTOR('',#2543,1.);
#2543 = DIRECTION('',(1.,0.));
#2544 = ( GEOMETRIC_REPRESENTATION_CONTEXT(2) 
PARAMETRIC_REPRESENTATION_CONTEXT() REPRESENTATION_CONTEXT('2D SPACE',''
  ) );
#2545 = PCURVE('',#334,#2546);
#2546 = DEFINITIONAL_REPRESENTATION('',(#2547),#2551);
#2547 = CIRCLE('',#2548,2.6);
#2548 = AXIS2_PLACEMENT_2D('',#2549,#2550);
#2549 = CARTESIAN_POINT('',(23.74526402036,-11.0725984576));
#2550 = DIRECTION('',(1.,0.));
#2551 = ( GEOMETRIC_REPRESENTATION_CONTEXT(2) 
PARAMETRIC_REPRESENTATION_CONTEXT() REPRESENTATION_CONTEXT('2D SPACE',''
  ) );
#2552 = ADVANCED_FACE('',(#2553),#334,.T.);
#2553 = FACE_BOUND('',#2554,.T.);
#2554 = EDGE_LOOP('',(#2555,#2556,#2557,#2579));
#2555 = ORIENTED_EDGE('',*,*,#2531,.F.);
#2556 = ORIENTED_EDGE('',*,*,#317,.F.);
#2557 = ORIENTED_EDGE('',*,*,#2558,.F.);
#2558 = EDGE_CURVE('',#891,#292,#2559,.T.);
#2559 = SURFACE_CURVE('',#2560,(#2565,#2572),.PCURVE_S1.);
#2560 = CIRCLE('',#2561,2.6);
#2561 = AXIS2_PLACEMENT_3D('',#2562,#2563,#2564);
#2562 = CARTESIAN_POINT('',(23.74526402036,11.072598457606,389.4));
#2563 = DIRECTION('',(0.,0.,1.));
#2564 = DIRECTION('',(1.,0.,-0.));
#2565 = PCURVE('',#334,#2566);
#2566 = DEFINITIONAL_REPRESENTATION('',(#2567),#2571);
#2567 = CIRCLE('',#2568,2.6);
#2568 = AXIS2_PLACEMENT_2D('',#2569,#2570);
#2569 = CARTESIAN_POINT('',(23.74526402036,11.072598457606));
#2570 = DIRECTION('',(1.,0.));
#2571 = ( GEOMETRIC_REPRESENTATION_CONTEXT(2) 
PARAMETRIC_REPRESENTATION_CONTEXT() REPRESENTATION_CONTEXT('2D SPACE',''
  ) );
#2572 = PCURVE('',#306,#2573);
#2573 = DEFINITIONAL_REPRESENTATION('',(#2574),#2578);
#2574 = LINE('',#2575,#2576);
#2575 = CARTESIAN_POINT('',(0.,1.4));
#2576 = VECTOR('',#2577,1.);
#2577 = DIRECTION('',(1.,0.));
#2578 = ( GEOMETRIC_REPRESENTATION_CONTEXT(2) 
PARAMETRIC_REPRESENTATION_CONTEXT() REPRESENTATION_CONTEXT('2D SPACE',''
  ) );
#2579 = ORIENTED_EDGE('',*,*,#911,.T.);
#2580 = ADVANCED_FACE('',(#2581),#306,.F.);
#2581 = FACE_BOUND('',#2582,.F.);
#2582 = EDGE_LOOP('',(#2583,#2605,#2606,#2607));
#2583 = ORIENTED_EDGE('',*,*,#2584,.T.);
#2584 = EDGE_CURVE('',#868,#264,#2585,.T.);
#2585 = SURFACE_CURVE('',#2586,(#2591,#2598),.PCURVE_S1.);
#2586 = CIRCLE('',#2587,2.6);
#2587 = AXIS2_PLACEMENT_3D('',#2588,#2589,#2590);
#2588 = CARTESIAN_POINT('',(23.74526402036,11.072598457606,388.));
#2589 = DIRECTION('',(0.,0.,1.));
#2590 = DIRECTION('',(1.,0.,-0.));
#2591 = PCURVE('',#306,#2592);
#2592 = DEFINITIONAL_REPRESENTATION('',(#2593),#2597);
#2593 = LINE('',#2594,#2595);
#2594 = CARTESIAN_POINT('',(0.,0.));
#2595 = VECTOR('',#2596,1.);
#2596 = DIRECTION('',(1.,0.));
#2597 = ( GEOMETRIC_REPRESENTATION_CONTEXT(2) 
PARAMETRIC_REPRESENTATION_CONTEXT() REPRESENTATION_CONTEXT('2D SPACE',''
  ) );
#2598 = PCURVE('',#279,#2599);
#2599 = DEFINITIONAL_REPRESENTATION('',(#2600),#2604);
#2600 = CIRCLE('',#2601,2.6);
#2601 = AXIS2_PLACEMENT_2D('',#2602,#2603);
#2602 = CARTESIAN_POINT('',(0.,0.));
#2603 = DIRECTION('',(1.,0.));
#2604 = ( GEOMETRIC_REPRESENTATION_CONTEXT(2) 
PARAMETRIC_REPRESENTATION_CONTEXT() REPRESENTATION_CONTEXT('2D SPACE',''
  ) );
#2605 = ORIENTED_EDGE('',*,*,#291,.T.);
#2606 = ORIENTED_EDGE('',*,*,#2558,.F.);
#2607 = ORIENTED_EDGE('',*,*,#890,.F.);
#2608 = ADVANCED_FACE('',(#2609,#2658),#279,.T.);
#2609 = FACE_BOUND('',#2610,.T.);
#2610 = EDGE_LOOP('',(#2611,#2612,#2636,#2655,#2656,#2657));
#2611 = ORIENTED_EDGE('',*,*,#263,.T.);
#2612 = ORIENTED_EDGE('',*,*,#2613,.T.);
#2613 = EDGE_CURVE('',#238,#2614,#2616,.T.);
#2614 = VERTEX_POINT('',#2615);
#2615 = CARTESIAN_POINT('',(24.476626096292,13.5676153942,388.));
#2616 = SURFACE_CURVE('',#2617,(#2622,#2629),.PCURVE_S1.);
#2617 = CIRCLE('',#2618,2.6);
#2618 = AXIS2_PLACEMENT_3D('',#2619,#2620,#2621);
#2619 = CARTESIAN_POINT('',(23.74526402036,11.072598457606,388.));
#2620 = DIRECTION('',(0.,0.,1.));
#2621 = DIRECTION('',(1.,0.,-0.));
#2622 = PCURVE('',#279,#2623);
#2623 = DEFINITIONAL_REPRESENTATION('',(#2624),#2628);
#2624 = CIRCLE('',#2625,2.6);
#2625 = AXIS2_PLACEMENT_2D('',#2626,#2627);
#2626 = CARTESIAN_POINT('',(0.,0.));
#2627 = DIRECTION('',(1.,0.));
#2628 = ( GEOMETRIC_REPRESENTATION_CONTEXT(2) 
PARAMETRIC_REPRESENTATION_CONTEXT() REPRESENTATION_CONTEXT('2D SPACE',''
  ) );
#2629 = PCURVE('',#252,#2630);
#2630 = DEFINITIONAL_REPRESENTATION('',(#2631),#2635);
#2631 = LINE('',#2632,#2633);
#2632 = CARTESIAN_POINT('',(0.,0.));
#2633 = VECTOR('',#2634,1.);
#2634 = DIRECTION('',(1.,0.));
#2635 = ( GEOMETRIC_REPRESENTATION_CONTEXT(2) 
PARAMETRIC_REPRESENTATION_CONTEXT() REPRESENTATION_CONTEXT('2D SPACE',''
  ) );
#2636 = ORIENTED_EDGE('',*,*,#2637,.T.);
#2637 = EDGE_CURVE('',#2614,#1975,#2638,.T.);
#2638 = SURFACE_CURVE('',#2639,(#2643,#2649),.PCURVE_S1.);
#2639 = LINE('',#2640,#2641);
#2640 = CARTESIAN_POINT('',(42.587935291974,23.606878015026,388.));
#2641 = VECTOR('',#2642,1.);
#2642 = DIRECTION('',(-0.874619707139,-0.484809620246,0.));
#2643 = PCURVE('',#279,#2644);
#2644 = DEFINITIONAL_REPRESENTATION('',(#2645),#2648);
#2645 = B_SPLINE_CURVE_WITH_KNOTS('',1,(#2646,#2647),.UNSPECIFIED.,.F.,
  .F.,(2,2),(20.491094117257,24.493089058404),.PIECEWISE_BEZIER_KNOTS.);
#2646 = CARTESIAN_POINT('',(0.920756535812,2.6));
#2647 = CARTESIAN_POINT('',(-2.579467107587,0.659794352355));
#2648 = ( GEOMETRIC_REPRESENTATION_CONTEXT(2) 
PARAMETRIC_REPRESENTATION_CONTEXT() REPRESENTATION_CONTEXT('2D SPACE',''
  ) );
#2649 = PCURVE('',#198,#2650);
#2650 = DEFINITIONAL_REPRESENTATION('',(#2651),#2654);
#2651 = B_SPLINE_CURVE_WITH_KNOTS('',1,(#2652,#2653),.UNSPECIFIED.,.F.,
  .F.,(2,2),(20.491094117257,24.493089058404),.PIECEWISE_BEZIER_KNOTS.);
#2652 = CARTESIAN_POINT('',(43.048005058854,-388.2));
#2653 = CARTESIAN_POINT('',(47.05,-388.2));
#2654 = ( GEOMETRIC_REPRESENTATION_CONTEXT(2) 
PARAMETRIC_REPRESENTATION_CONTEXT() REPRESENTATION_CONTEXT('2D SPACE',''
  ) );
#2655 = ORIENTED_EDGE('',*,*,#1997,.T.);
#2656 = ORIENTED_EDGE('',*,*,#867,.F.);
#2657 = ORIENTED_EDGE('',*,*,#2584,.T.);
#2658 = FACE_BOUND('',#2659,.T.);
#2659 = EDGE_LOOP('',(#2660));
#2660 = ORIENTED_EDGE('',*,*,#2661,.F.);
#2661 = EDGE_CURVE('',#2662,#2662,#2664,.T.);
#2662 = VERTEX_POINT('',#2663);
#2663 = CARTESIAN_POINT('',(25.09526402036,11.072598457606,388.));
#2664 = SURFACE_CURVE('',#2665,(#2670,#2677),.PCURVE_S1.);
#2665 = CIRCLE('',#2666,1.35);
#2666 = AXIS2_PLACEMENT_3D('',#2667,#2668,#2669);
#2667 = CARTESIAN_POINT('',(23.74526402036,11.072598457606,388.));
#2668 = DIRECTION('',(0.,0.,1.));
#2669 = DIRECTION('',(1.,0.,-0.));
#2670 = PCURVE('',#279,#2671);
#2671 = DEFINITIONAL_REPRESENTATION('',(#2672),#2676);
#2672 = CIRCLE('',#2673,1.35);
#2673 = AXIS2_PLACEMENT_2D('',#2674,#2675);
#2674 = CARTESIAN_POINT('',(0.,0.));
#2675 = DIRECTION('',(1.,0.));
#2676 = ( GEOMETRIC_REPRESENTATION_CONTEXT(2) 
PARAMETRIC_REPRESENTATION_CONTEXT() REPRESENTATION_CONTEXT('2D SPACE',''
  ) );
#2677 = PCURVE('',#2678,#2683);
#2678 = CYLINDRICAL_SURFACE('',#2679,1.35);
#2679 = AXIS2_PLACEMENT_3D('',#2680,#2681,#2682);
#2680 = CARTESIAN_POINT('',(23.74526402036,11.072598457606,-0.2));
#2681 = DIRECTION('',(0.,0.,1.));
#2682 = DIRECTION('',(1.,0.,-0.));
#2683 = DEFINITIONAL_REPRESENTATION('',(#2684),#2688);
#2684 = LINE('',#2685,#2686);
#2685 = CARTESIAN_POINT('',(0.,388.2));
#2686 = VECTOR('',#2687,1.);
#2687 = DIRECTION('',(1.,0.));
#2688 = ( GEOMETRIC_REPRESENTATION_CONTEXT(2) 
PARAMETRIC_REPRESENTATION_CONTEXT() REPRESENTATION_CONTEXT('2D SPACE',''
  ) );
#2689 = ADVANCED_FACE('',(#2690),#2678,.F.);
#2690 = FACE_BOUND('',#2691,.F.);
#2691 = EDGE_LOOP('',(#2692,#2716,#2737,#2738));
#2692 = ORIENTED_EDGE('',*,*,#2693,.T.);
#2693 = EDGE_CURVE('',#2694,#2694,#2696,.T.);
#2694 = VERTEX_POINT('',#2695);
#2695 = CARTESIAN_POINT('',(25.09526402036,11.072598457606,1.4));
#2696 = SURFACE_CURVE('',#2697,(#2702,#2709),.PCURVE_S1.);
#2697 = CIRCLE('',#2698,1.35);
#2698 = AXIS2_PLACEMENT_3D('',#2699,#2700,#2701);
#2699 = CARTESIAN_POINT('',(23.74526402036,11.072598457606,1.4));
#2700 = DIRECTION('',(0.,0.,1.));
#2701 = DIRECTION('',(1.,0.,-0.));
#2702 = PCURVE('',#2678,#2703);
#2703 = DEFINITIONAL_REPRESENTATION('',(#2704),#2708);
#2704 = LINE('',#2705,#2706);
#2705 = CARTESIAN_POINT('',(0.,1.6));
#2706 = VECTOR('',#2707,1.);
#2707 = DIRECTION('',(1.,0.));
#2708 = ( GEOMETRIC_REPRESENTATION_CONTEXT(2) 
PARAMETRIC_REPRESENTATION_CONTEXT() REPRESENTATION_CONTEXT('2D SPACE',''
  ) );
#2709 = PCURVE('',#117,#2710);
#2710 = DEFINITIONAL_REPRESENTATION('',(#2711),#2715);
#2711 = CIRCLE('',#2712,1.35);
#2712 = AXIS2_PLACEMENT_2D('',#2713,#2714);
#2713 = CARTESIAN_POINT('',(0.,0.));
#2714 = DIRECTION('',(1.,0.));
#2715 = ( GEOMETRIC_REPRESENTATION_CONTEXT(2) 
PARAMETRIC_REPRESENTATION_CONTEXT() REPRESENTATION_CONTEXT('2D SPACE',''
  ) );
#2716 = ORIENTED_EDGE('',*,*,#2717,.T.);
#2717 = EDGE_CURVE('',#2694,#2662,#2718,.T.);
#2718 = SEAM_CURVE('',#2719,(#2723,#2730),.PCURVE_S1.);
#2719 = LINE('',#2720,#2721);
#2720 = CARTESIAN_POINT('',(25.09526402036,11.072598457606,-0.2));
#2721 = VECTOR('',#2722,1.);
#2722 = DIRECTION('',(0.,0.,1.));
#2723 = PCURVE('',#2678,#2724);
#2724 = DEFINITIONAL_REPRESENTATION('',(#2725),#2729);
#2725 = LINE('',#2726,#2727);
#2726 = CARTESIAN_POINT('',(0.,-0.));
#2727 = VECTOR('',#2728,1.);
#2728 = DIRECTION('',(0.,1.));
#2729 = ( GEOMETRIC_REPRESENTATION_CONTEXT(2) 
PARAMETRIC_REPRESENTATION_CONTEXT() REPRESENTATION_CONTEXT('2D SPACE',''
  ) );
#2730 = PCURVE('',#2678,#2731);
#2731 = DEFINITIONAL_REPRESENTATION('',(#2732),#2736);
#2732 = LINE('',#2733,#2734);
#2733 = CARTESIAN_POINT('',(6.28318530718,-0.));
#2734 = VECTOR('',#2735,1.);
#2735 = DIRECTION('',(0.,1.));
#2736 = ( GEOMETRIC_REPRESENTATION_CONTEXT(2) 
PARAMETRIC_REPRESENTATION_CONTEXT() REPRESENTATION_CONTEXT('2D SPACE',''
  ) );
#2737 = ORIENTED_EDGE('',*,*,#2661,.F.);
#2738 = ORIENTED_EDGE('',*,*,#2717,.F.);
#2739 = ADVANCED_FACE('',(#2740),#252,.F.);
#2740 = FACE_BOUND('',#2741,.F.);
#2741 = EDGE_LOOP('',(#2742,#2743,#2744,#2765));
#2742 = ORIENTED_EDGE('',*,*,#237,.F.);
#2743 = ORIENTED_EDGE('',*,*,#2613,.T.);
#2744 = ORIENTED_EDGE('',*,*,#2745,.T.);
#2745 = EDGE_CURVE('',#2614,#2746,#2748,.T.);
#2746 = VERTEX_POINT('',#2747);
#2747 = CARTESIAN_POINT('',(24.476626096292,13.5676153942,389.4));
#2748 = SURFACE_CURVE('',#2749,(#2753,#2759),.PCURVE_S1.);
#2749 = LINE('',#2750,#2751);
#2750 = CARTESIAN_POINT('',(24.476626096292,13.5676153942,388.));
#2751 = VECTOR('',#2752,1.);
#2752 = DIRECTION('',(0.,0.,1.));
#2753 = PCURVE('',#252,#2754);
#2754 = DEFINITIONAL_REPRESENTATION('',(#2755),#2758);
#2755 = B_SPLINE_CURVE_WITH_KNOTS('',1,(#2756,#2757),.UNSPECIFIED.,.F.,
  .F.,(2,2),(-6.000000212225E-07,1.6000006),.PIECEWISE_BEZIER_KNOTS.);
#2756 = CARTESIAN_POINT('',(1.28565496693,-6.000000212225E-07));
#2757 = CARTESIAN_POINT('',(1.28565496693,1.6000006));
#2758 = ( GEOMETRIC_REPRESENTATION_CONTEXT(2) 
PARAMETRIC_REPRESENTATION_CONTEXT() REPRESENTATION_CONTEXT('2D SPACE',''
  ) );
#2759 = PCURVE('',#198,#2760);
#2760 = DEFINITIONAL_REPRESENTATION('',(#2761),#2764);
#2761 = B_SPLINE_CURVE_WITH_KNOTS('',1,(#2762,#2763),.UNSPECIFIED.,.F.,
  .F.,(2,2),(-6.000000212225E-07,1.6000006),.PIECEWISE_BEZIER_KNOTS.);
#2762 = CARTESIAN_POINT('',(43.26454998499,-388.1999994));
#2763 = CARTESIAN_POINT('',(43.26454998499,-389.8000006));
#2764 = ( GEOMETRIC_REPRESENTATION_CONTEXT(2) 
PARAMETRIC_REPRESENTATION_CONTEXT() REPRESENTATION_CONTEXT('2D SPACE',''
  ) );
#2765 = ORIENTED_EDGE('',*,*,#2766,.F.);
#2766 = EDGE_CURVE('',#210,#2746,#2767,.T.);
#2767 = SURFACE_CURVE('',#2768,(#2773,#2780),.PCURVE_S1.);
#2768 = CIRCLE('',#2769,2.6);
#2769 = AXIS2_PLACEMENT_3D('',#2770,#2771,#2772);
#2770 = CARTESIAN_POINT('',(23.74526402036,11.072598457606,389.4));
#2771 = DIRECTION('',(0.,0.,1.));
#2772 = DIRECTION('',(1.,0.,-0.));
#2773 = PCURVE('',#252,#2774);
#2774 = DEFINITIONAL_REPRESENTATION('',(#2775),#2779);
#2775 = LINE('',#2776,#2777);
#2776 = CARTESIAN_POINT('',(0.,1.4));
#2777 = VECTOR('',#2778,1.);
#2778 = DIRECTION('',(1.,0.));
#2779 = ( GEOMETRIC_REPRESENTATION_CONTEXT(2) 
PARAMETRIC_REPRESENTATION_CONTEXT() REPRESENTATION_CONTEXT('2D SPACE',''
  ) );
#2780 = PCURVE('',#225,#2781);
#2781 = DEFINITIONAL_REPRESENTATION('',(#2782),#2786);
#2782 = CIRCLE('',#2783,2.6);
#2783 = AXIS2_PLACEMENT_2D('',#2784,#2785);
#2784 = CARTESIAN_POINT('',(23.74526402036,11.072598457606));
#2785 = DIRECTION('',(1.,0.));
#2786 = ( GEOMETRIC_REPRESENTATION_CONTEXT(2) 
PARAMETRIC_REPRESENTATION_CONTEXT() REPRESENTATION_CONTEXT('2D SPACE',''
  ) );
#2787 = ADVANCED_FACE('',(#2788),#225,.T.);
#2788 = FACE_BOUND('',#2789,.T.);
#2789 = EDGE_LOOP('',(#2790,#2791,#2792));
#2790 = ORIENTED_EDGE('',*,*,#2766,.F.);
#2791 = ORIENTED_EDGE('',*,*,#209,.T.);
#2792 = ORIENTED_EDGE('',*,*,#2793,.F.);
#2793 = EDGE_CURVE('',#2746,#184,#2794,.T.);
#2794 = SURFACE_CURVE('',#2795,(#2799,#2805),.PCURVE_S1.);
#2795 = LINE('',#2796,#2797);
#2796 = CARTESIAN_POINT('',(31.158327066841,17.271342721276,389.4));
#2797 = VECTOR('',#2798,1.);
#2798 = DIRECTION('',(0.874619707139,0.484809620246,-0.));
#2799 = PCURVE('',#225,#2800);
#2800 = DEFINITIONAL_REPRESENTATION('',(#2801),#2804);
#2801 = B_SPLINE_CURVE_WITH_KNOTS('',1,(#2802,#2803),.UNSPECIFIED.,.F.,
  .F.,(2,2),(-35.625,-3.03940906561),.PIECEWISE_BEZIER_KNOTS.);
#2802 = CARTESIAN_POINT('',(-7.105427357601E-15,0.));
#2803 = CARTESIAN_POINT('',(28.5,15.797807966404));
#2804 = ( GEOMETRIC_REPRESENTATION_CONTEXT(2) 
PARAMETRIC_REPRESENTATION_CONTEXT() REPRESENTATION_CONTEXT('2D SPACE',''
  ) );
#2805 = PCURVE('',#198,#2806);
#2806 = DEFINITIONAL_REPRESENTATION('',(#2807),#2810);
#2807 = B_SPLINE_CURVE_WITH_KNOTS('',1,(#2808,#2809),.UNSPECIFIED.,.F.,
  .F.,(2,2),(-35.625,-3.03940906561),.PIECEWISE_BEZIER_KNOTS.);
#2808 = CARTESIAN_POINT('',(71.25,-389.6));
#2809 = CARTESIAN_POINT('',(38.66440906561,-389.6));
#2810 = ( GEOMETRIC_REPRESENTATION_CONTEXT(2) 
PARAMETRIC_REPRESENTATION_CONTEXT() REPRESENTATION_CONTEXT('2D SPACE',''
  ) );
#2811 = ADVANCED_FACE('',(#2812),#198,.F.);
#2812 = FACE_BOUND('',#2813,.F.);
#2813 = EDGE_LOOP('',(#2814,#2815,#2816,#2817,#2838,#2859,#2878,#2879,
    #2880,#2881,#2882,#2883));
#2814 = ORIENTED_EDGE('',*,*,#792,.F.);
#2815 = ORIENTED_EDGE('',*,*,#2094,.T.);
#2816 = ORIENTED_EDGE('',*,*,#2140,.T.);
#2817 = ORIENTED_EDGE('',*,*,#2818,.F.);
#2818 = EDGE_CURVE('',#2819,#2117,#2821,.T.);
#2819 = VERTEX_POINT('',#2820);
#2820 = CARTESIAN_POINT('',(24.476626096292,13.5676153942,1.4));
#2821 = SURFACE_CURVE('',#2822,(#2826,#2832),.PCURVE_S1.);
#2822 = LINE('',#2823,#2824);
#2823 = CARTESIAN_POINT('',(42.587935291974,23.606878015026,1.4));
#2824 = VECTOR('',#2825,1.);
#2825 = DIRECTION('',(-0.874619707139,-0.484809620246,0.));
#2826 = PCURVE('',#198,#2827);
#2827 = DEFINITIONAL_REPRESENTATION('',(#2828),#2831);
#2828 = B_SPLINE_CURVE_WITH_KNOTS('',1,(#2829,#2830),.UNSPECIFIED.,.F.,
  .F.,(2,2),(20.491094117257,24.493089058404),.PIECEWISE_BEZIER_KNOTS.);
#2829 = CARTESIAN_POINT('',(43.048005058854,-1.6));
#2830 = CARTESIAN_POINT('',(47.05,-1.6));
#2831 = ( GEOMETRIC_REPRESENTATION_CONTEXT(2) 
PARAMETRIC_REPRESENTATION_CONTEXT() REPRESENTATION_CONTEXT('2D SPACE',''
  ) );
#2832 = PCURVE('',#117,#2833);
#2833 = DEFINITIONAL_REPRESENTATION('',(#2834),#2837);
#2834 = B_SPLINE_CURVE_WITH_KNOTS('',1,(#2835,#2836),.UNSPECIFIED.,.F.,
  .F.,(2,2),(20.491094117257,24.493089058404),.PIECEWISE_BEZIER_KNOTS.);
#2835 = CARTESIAN_POINT('',(0.920756535812,2.6));
#2836 = CARTESIAN_POINT('',(-2.579467107587,0.659794352355));
#2837 = ( GEOMETRIC_REPRESENTATION_CONTEXT(2) 
PARAMETRIC_REPRESENTATION_CONTEXT() REPRESENTATION_CONTEXT('2D SPACE',''
  ) );
#2838 = ORIENTED_EDGE('',*,*,#2839,.F.);
#2839 = EDGE_CURVE('',#2840,#2819,#2842,.T.);
#2840 = VERTEX_POINT('',#2841);
#2841 = CARTESIAN_POINT('',(24.476626096292,13.5676153942,
    2.775557561563E-17));
#2842 = SURFACE_CURVE('',#2843,(#2847,#2853),.PCURVE_S1.);
#2843 = LINE('',#2844,#2845);
#2844 = CARTESIAN_POINT('',(24.476626096292,13.5676153942,-0.2));
#2845 = VECTOR('',#2846,1.);
#2846 = DIRECTION('',(0.,0.,1.));
#2847 = PCURVE('',#198,#2848);
#2848 = DEFINITIONAL_REPRESENTATION('',(#2849),#2852);
#2849 = B_SPLINE_CURVE_WITH_KNOTS('',1,(#2850,#2851),.UNSPECIFIED.,.F.,
  .F.,(2,2),(-5.999999999895E-07,1.6000006),.PIECEWISE_BEZIER_KNOTS.);
#2850 = CARTESIAN_POINT('',(43.26454998499,5.999999999895E-07));
#2851 = CARTESIAN_POINT('',(43.26454998499,-1.6000006));
#2852 = ( GEOMETRIC_REPRESENTATION_CONTEXT(2) 
PARAMETRIC_REPRESENTATION_CONTEXT() REPRESENTATION_CONTEXT('2D SPACE',''
  ) );
#2853 = PCURVE('',#144,#2854);
#2854 = DEFINITIONAL_REPRESENTATION('',(#2855),#2858);
#2855 = B_SPLINE_CURVE_WITH_KNOTS('',1,(#2856,#2857),.UNSPECIFIED.,.F.,
  .F.,(2,2),(-5.999999999895E-07,1.6000006),.PIECEWISE_BEZIER_KNOTS.);
#2856 = CARTESIAN_POINT('',(1.28565496693,-5.999999999895E-07));
#2857 = CARTESIAN_POINT('',(1.28565496693,1.6000006));
#2858 = ( GEOMETRIC_REPRESENTATION_CONTEXT(2) 
PARAMETRIC_REPRESENTATION_CONTEXT() REPRESENTATION_CONTEXT('2D SPACE',''
  ) );
#2859 = ORIENTED_EDGE('',*,*,#2860,.T.);
#2860 = EDGE_CURVE('',#2840,#156,#2861,.T.);
#2861 = SURFACE_CURVE('',#2862,(#2866,#2872),.PCURVE_S1.);
#2862 = LINE('',#2863,#2864);
#2863 = CARTESIAN_POINT('',(31.158327066841,17.271342721276,
    2.775557561563E-17));
#2864 = VECTOR('',#2865,1.);
#2865 = DIRECTION('',(0.874619707139,0.484809620246,-0.));
#2866 = PCURVE('',#198,#2867);
#2867 = DEFINITIONAL_REPRESENTATION('',(#2868),#2871);
#2868 = B_SPLINE_CURVE_WITH_KNOTS('',1,(#2869,#2870),.UNSPECIFIED.,.F.,
  .F.,(2,2),(-35.625,-3.03940906561),.PIECEWISE_BEZIER_KNOTS.);
#2869 = CARTESIAN_POINT('',(71.25,-0.2));
#2870 = CARTESIAN_POINT('',(38.66440906561,-0.2));
#2871 = ( GEOMETRIC_REPRESENTATION_CONTEXT(2) 
PARAMETRIC_REPRESENTATION_CONTEXT() REPRESENTATION_CONTEXT('2D SPACE',''
  ) );
#2872 = PCURVE('',#171,#2873);
#2873 = DEFINITIONAL_REPRESENTATION('',(#2874),#2877);
#2874 = B_SPLINE_CURVE_WITH_KNOTS('',1,(#2875,#2876),.UNSPECIFIED.,.F.,
  .F.,(2,2),(-35.625,-3.03940906561),.PIECEWISE_BEZIER_KNOTS.);
#2875 = CARTESIAN_POINT('',(-7.105427357601E-15,0.));
#2876 = CARTESIAN_POINT('',(28.5,15.797807966404));
#2877 = ( GEOMETRIC_REPRESENTATION_CONTEXT(2) 
PARAMETRIC_REPRESENTATION_CONTEXT() REPRESENTATION_CONTEXT('2D SPACE',''
  ) );
#2878 = ORIENTED_EDGE('',*,*,#183,.T.);
#2879 = ORIENTED_EDGE('',*,*,#2793,.F.);
#2880 = ORIENTED_EDGE('',*,*,#2745,.F.);
#2881 = ORIENTED_EDGE('',*,*,#2637,.T.);
#2882 = ORIENTED_EDGE('',*,*,#1974,.T.);
#2883 = ORIENTED_EDGE('',*,*,#2047,.F.);
#2884 = ADVANCED_FACE('',(#2885),#171,.F.);
#2885 = FACE_BOUND('',#2886,.F.);
#2886 = EDGE_LOOP('',(#2887,#2909,#2910));
#2887 = ORIENTED_EDGE('',*,*,#2888,.F.);
#2888 = EDGE_CURVE('',#130,#2840,#2889,.T.);
#2889 = SURFACE_CURVE('',#2890,(#2895,#2902),.PCURVE_S1.);
#2890 = CIRCLE('',#2891,2.6);
#2891 = AXIS2_PLACEMENT_3D('',#2892,#2893,#2894);
#2892 = CARTESIAN_POINT('',(23.74526402036,11.072598457606,0.));
#2893 = DIRECTION('',(0.,0.,1.));
#2894 = DIRECTION('',(1.,0.,-0.));
#2895 = PCURVE('',#171,#2896);
#2896 = DEFINITIONAL_REPRESENTATION('',(#2897),#2901);
#2897 = CIRCLE('',#2898,2.6);
#2898 = AXIS2_PLACEMENT_2D('',#2899,#2900);
#2899 = CARTESIAN_POINT('',(23.74526402036,11.072598457606));
#2900 = DIRECTION('',(1.,0.));
#2901 = ( GEOMETRIC_REPRESENTATION_CONTEXT(2) 
PARAMETRIC_REPRESENTATION_CONTEXT() REPRESENTATION_CONTEXT('2D SPACE',''
  ) );
#2902 = PCURVE('',#144,#2903);
#2903 = DEFINITIONAL_REPRESENTATION('',(#2904),#2908);
#2904 = LINE('',#2905,#2906);
#2905 = CARTESIAN_POINT('',(0.,0.2));
#2906 = VECTOR('',#2907,1.);
#2907 = DIRECTION('',(1.,0.));
#2908 = ( GEOMETRIC_REPRESENTATION_CONTEXT(2) 
PARAMETRIC_REPRESENTATION_CONTEXT() REPRESENTATION_CONTEXT('2D SPACE',''
  ) );
#2909 = ORIENTED_EDGE('',*,*,#155,.T.);
#2910 = ORIENTED_EDGE('',*,*,#2860,.F.);
#2911 = ADVANCED_FACE('',(#2912),#144,.F.);
#2912 = FACE_BOUND('',#2913,.F.);
#2913 = EDGE_LOOP('',(#2914,#2936,#2937,#2938));
#2914 = ORIENTED_EDGE('',*,*,#2915,.F.);
#2915 = EDGE_CURVE('',#102,#2819,#2916,.T.);
#2916 = SURFACE_CURVE('',#2917,(#2922,#2929),.PCURVE_S1.);
#2917 = CIRCLE('',#2918,2.6);
#2918 = AXIS2_PLACEMENT_3D('',#2919,#2920,#2921);
#2919 = CARTESIAN_POINT('',(23.74526402036,11.072598457606,1.4));
#2920 = DIRECTION('',(0.,0.,1.));
#2921 = DIRECTION('',(1.,0.,-0.));
#2922 = PCURVE('',#144,#2923);
#2923 = DEFINITIONAL_REPRESENTATION('',(#2924),#2928);
#2924 = LINE('',#2925,#2926);
#2925 = CARTESIAN_POINT('',(0.,1.6));
#2926 = VECTOR('',#2927,1.);
#2927 = DIRECTION('',(1.,0.));
#2928 = ( GEOMETRIC_REPRESENTATION_CONTEXT(2) 
PARAMETRIC_REPRESENTATION_CONTEXT() REPRESENTATION_CONTEXT('2D SPACE',''
  ) );
#2929 = PCURVE('',#117,#2930);
#2930 = DEFINITIONAL_REPRESENTATION('',(#2931),#2935);
#2931 = CIRCLE('',#2932,2.6);
#2932 = AXIS2_PLACEMENT_2D('',#2933,#2934);
#2933 = CARTESIAN_POINT('',(0.,0.));
#2934 = DIRECTION('',(1.,0.));
#2935 = ( GEOMETRIC_REPRESENTATION_CONTEXT(2) 
PARAMETRIC_REPRESENTATION_CONTEXT() REPRESENTATION_CONTEXT('2D SPACE',''
  ) );
#2936 = ORIENTED_EDGE('',*,*,#129,.F.);
#2937 = ORIENTED_EDGE('',*,*,#2888,.T.);
#2938 = ORIENTED_EDGE('',*,*,#2839,.T.);
#2939 = ADVANCED_FACE('',(#2940,#2969),#117,.F.);
#2940 = FACE_BOUND('',#2941,.F.);
#2941 = EDGE_LOOP('',(#2942,#2943,#2944,#2945,#2946,#2947));
#2942 = ORIENTED_EDGE('',*,*,#101,.T.);
#2943 = ORIENTED_EDGE('',*,*,#2915,.T.);
#2944 = ORIENTED_EDGE('',*,*,#2818,.T.);
#2945 = ORIENTED_EDGE('',*,*,#2116,.T.);
#2946 = ORIENTED_EDGE('',*,*,#715,.F.);
#2947 = ORIENTED_EDGE('',*,*,#2948,.T.);
#2948 = EDGE_CURVE('',#695,#76,#2949,.T.);
#2949 = SURFACE_CURVE('',#2950,(#2955,#2962),.PCURVE_S1.);
#2950 = CIRCLE('',#2951,2.6);
#2951 = AXIS2_PLACEMENT_3D('',#2952,#2953,#2954);
#2952 = CARTESIAN_POINT('',(23.74526402036,11.072598457606,1.4));
#2953 = DIRECTION('',(0.,0.,1.));
#2954 = DIRECTION('',(1.,0.,-0.));
#2955 = PCURVE('',#117,#2956);
#2956 = DEFINITIONAL_REPRESENTATION('',(#2957),#2961);
#2957 = CIRCLE('',#2958,2.6);
#2958 = AXIS2_PLACEMENT_2D('',#2959,#2960);
#2959 = CARTESIAN_POINT('',(0.,0.));
#2960 = DIRECTION('',(1.,0.));
#2961 = ( GEOMETRIC_REPRESENTATION_CONTEXT(2) 
PARAMETRIC_REPRESENTATION_CONTEXT() REPRESENTATION_CONTEXT('2D SPACE',''
  ) );
#2962 = PCURVE('',#90,#2963);
#2963 = DEFINITIONAL_REPRESENTATION('',(#2964),#2968);
#2964 = LINE('',#2965,#2966);
#2965 = CARTESIAN_POINT('',(0.,1.6));
#2966 = VECTOR('',#2967,1.);
#2967 = DIRECTION('',(1.,0.));
#2968 = ( GEOMETRIC_REPRESENTATION_CONTEXT(2) 
PARAMETRIC_REPRESENTATION_CONTEXT() REPRESENTATION_CONTEXT('2D SPACE',''
  ) );
#2969 = FACE_BOUND('',#2970,.F.);
#2970 = EDGE_LOOP('',(#2971));
#2971 = ORIENTED_EDGE('',*,*,#2693,.F.);
#2972 = ADVANCED_FACE('',(#2973),#90,.F.);
#2973 = FACE_BOUND('',#2974,.F.);
#2974 = EDGE_LOOP('',(#2975,#2976,#2977,#2978));
#2975 = ORIENTED_EDGE('',*,*,#75,.T.);
#2976 = ORIENTED_EDGE('',*,*,#2948,.F.);
#2977 = ORIENTED_EDGE('',*,*,#694,.F.);
#2978 = ORIENTED_EDGE('',*,*,#2979,.T.);
#2979 = EDGE_CURVE('',#671,#42,#2980,.T.);
#2980 = SURFACE_CURVE('',#2981,(#2986,#2993),.PCURVE_S1.);
#2981 = CIRCLE('',#2982,2.6);
#2982 = AXIS2_PLACEMENT_3D('',#2983,#2984,#2985);
#2983 = CARTESIAN_POINT('',(23.74526402036,11.072598457606,0.));
#2984 = DIRECTION('',(0.,0.,1.));
#2985 = DIRECTION('',(1.,0.,-0.));
#2986 = PCURVE('',#90,#2987);
#2987 = DEFINITIONAL_REPRESENTATION('',(#2988),#2992);
#2988 = LINE('',#2989,#2990);
#2989 = CARTESIAN_POINT('',(0.,0.2));
#2990 = VECTOR('',#2991,1.);
#2991 = DIRECTION('',(1.,0.));
#2992 = ( GEOMETRIC_REPRESENTATION_CONTEXT(2) 
PARAMETRIC_REPRESENTATION_CONTEXT() REPRESENTATION_CONTEXT('2D SPACE',''
  ) );
#2993 = PCURVE('',#63,#2994);
#2994 = DEFINITIONAL_REPRESENTATION('',(#2995),#2999);
#2995 = CIRCLE('',#2996,2.6);
#2996 = AXIS2_PLACEMENT_2D('',#2997,#2998);
#2997 = CARTESIAN_POINT('',(23.74526402036,11.072598457606));
#2998 = DIRECTION('',(1.,0.));
#2999 = ( GEOMETRIC_REPRESENTATION_CONTEXT(2) 
PARAMETRIC_REPRESENTATION_CONTEXT() REPRESENTATION_CONTEXT('2D SPACE',''
  ) );
#3000 = ADVANCED_FACE('',(#3001),#63,.F.);
#3001 = FACE_BOUND('',#3002,.F.);
#3002 = EDGE_LOOP('',(#3003,#3004,#3005,#3006));
#3003 = ORIENTED_EDGE('',*,*,#618,.F.);
#3004 = ORIENTED_EDGE('',*,*,#39,.T.);
#3005 = ORIENTED_EDGE('',*,*,#2979,.F.);
#3006 = ORIENTED_EDGE('',*,*,#670,.F.);
#3007 = ( GEOMETRIC_REPRESENTATION_CONTEXT(3) 
GLOBAL_UNCERTAINTY_ASSIGNED_CONTEXT((#3011)) 
GLOBAL_UNIT_ASSIGNED_CONTEXT((#3008,#3009,#3010)) REPRESENTATION_CONTEXT
('Context #1','3D Context with UNIT and UNCERTAINTY') );
#3008 = ( LENGTH_UNIT() NAMED_UNIT(*) SI_UNIT(.MILLI.,.METRE.) );
#3009 = ( NAMED_UNIT(*) PLANE_ANGLE_UNIT() SI_UNIT($,.RADIAN.) );
#3010 = ( NAMED_UNIT(*) SI_UNIT($,.STERADIAN.) SOLID_ANGLE_UNIT() );
#3011 = UNCERTAINTY_MEASURE_WITH_UNIT(LENGTH_MEASURE(1.E-07),#3008,
  'distance_accuracy_value','confusion accuracy');
#3012 = CONTEXT_DEPENDENT_SHAPE_REPRESENTATION(#3013,#3015);
#3013 = ( REPRESENTATION_RELATIONSHIP('','',#32,#10) 
REPRESENTATION_RELATIONSHIP_WITH_TRANSFORMATION(#3014) 
SHAPE_REPRESENTATION_RELATIONSHIP() );
#3014 = ITEM_DEFINED_TRANSFORMATION('','',#11,#15);
#3015 = PRODUCT_DEFINITION_SHAPE('Placement','Placement of an item',
  #3016);
#3016 = NEXT_ASSEMBLY_USAGE_OCCURRENCE('44',
'SHORTENED_FIXED_SECTOR_3_WITH_BACKUP-GUIDE_ACCESS_TI_STOWED_LOCAL_
DEFINITION','',#5,#27,$);
#3017 = PRODUCT_RELATED_PRODUCT_CATEGORY('part',$,(#29));
#3018 = MECHANICAL_DESIGN_GEOMETRIC_PRESENTATION_REPRESENTATION('',(
    #3019),#3007);
#3019 = STYLED_ITEM('color',(#3020),#33);
#3020 = PRESENTATION_STYLE_ASSIGNMENT((#3021));
#3021 = SURFACE_STYLE_USAGE(.BOTH.,#3022);
#3022 = SURFACE_SIDE_STYLE('',(#3023));
#3023 = SURFACE_STYLE_FILL_AREA(#3024);
#3024 = FILL_AREA_STYLE('',(#3025));
#3025 = FILL_AREA_STYLE_COLOUR('',#3026);
#3026 = COLOUR_RGB('',0.530000000233,0.590000005974,0.640000008347);
ENDSEC;
END-ISO-10303-21;
