ISO-10303-21;
HEADER;
FILE_DESCRIPTION(('Open CASCADE Model'),'2;1');
FILE_NAME('Open CASCADE Shape Model','2026-08-26T03:20:24',('Author'),(
    'Open CASCADE'),'Open CASCADE STEP processor 7.9','Open CASCADE 7.9'
  ,'Unknown');
FILE_SCHEMA((
'AP242_MANAGED_MODEL_BASED_3D_ENGINEERING_MIM_LF {1 0 10303 442 1 1 4 }'
    ));
ENDSEC;
DATA;
#1 = APPLICATION_PROTOCOL_DEFINITION('international standard',
  'ap242_managed_model_based_3d_engineering',2013,#2);
#2 = APPLICATION_CONTEXT('Managed model based 3d engineering');
#3 = SHAPE_DEFINITION_REPRESENTATION(#4,#10);
#4 = PRODUCT_DEFINITION_SHAPE('','',#5);
#5 = PRODUCT_DEFINITION('design','',#6,#9);
#6 = PRODUCT_DEFINITION_FORMATION('','',#7);
#7 = PRODUCT(
  'CONTROLLED_16_N_MM_GUIDED_BACKUP_COMPRESSION_SPRING_SS_STOWED_PART',
  'CONTROLLED_16_N_MM_GUIDED_BACKUP_COMPRESSION_SPRING_SS_STOWED_PART',
  '',(#8));
#8 = PRODUCT_CONTEXT('',#2,'mechanical');
#9 = PRODUCT_DEFINITION_CONTEXT('part definition',#2,'design');
#10 = SHAPE_REPRESENTATION('',(#11,#15),#19);
#11 = AXIS2_PLACEMENT_3D('',#12,#13,#14);
#12 = CARTESIAN_POINT('',(0.,0.,0.));
#13 = DIRECTION('',(0.,0.,1.));
#14 = DIRECTION('',(1.,0.,-0.));
#15 = AXIS2_PLACEMENT_3D('',#16,#17,#18);
#16 = CARTESIAN_POINT('',(0.,0.,0.));
#17 = DIRECTION('',(0.,0.,1.));
#18 = DIRECTION('',(1.,0.,-0.));
#19 = ( GEOMETRIC_REPRESENTATION_CONTEXT(3) 
GLOBAL_UNCERTAINTY_ASSIGNED_CONTEXT((#23)) GLOBAL_UNIT_ASSIGNED_CONTEXT(
(#20,#21,#22)) REPRESENTATION_CONTEXT('Context #1',
  '3D Context with UNIT and UNCERTAINTY') );
#20 = ( LENGTH_UNIT() NAMED_UNIT(*) SI_UNIT(.MILLI.,.METRE.) );
#21 = ( NAMED_UNIT(*) PLANE_ANGLE_UNIT() SI_UNIT($,.RADIAN.) );
#22 = ( NAMED_UNIT(*) SI_UNIT($,.STERADIAN.) SOLID_ANGLE_UNIT() );
#23 = UNCERTAINTY_MEASURE_WITH_UNIT(LENGTH_MEASURE(5.E-06),#20,
  'distance_accuracy_value','confusion accuracy');
#24 = PRODUCT_RELATED_PRODUCT_CATEGORY('part',$,(#7));
#25 = SHAPE_DEFINITION_REPRESENTATION(#26,#32);
#26 = PRODUCT_DEFINITION_SHAPE('','',#27);
#27 = PRODUCT_DEFINITION('design','',#28,#31);
#28 = PRODUCT_DEFINITION_FORMATION('','',#29);
#29 = PRODUCT(
'CONTROLLED_16_N_MM_GUIDED_BACKUP_COMPRESSION_SPRING_SS_STOWED_LOCAL_
DEFINITION',
'CONTROLLED_16_N_MM_GUIDED_BACKUP_COMPRESSION_SPRING_SS_STOWED_LOCAL_
DEFINITION','',(#30));
#30 = PRODUCT_CONTEXT('',#2,'mechanical');
#31 = PRODUCT_DEFINITION_CONTEXT('part definition',#2,'design');
#32 = ADVANCED_BREP_SHAPE_REPRESENTATION('',(#11,#33),#2705);
#33 = MANIFOLD_SOLID_BREP('',#34);
#34 = CLOSED_SHELL('',(#35,#2697,#2701));
#35 = ADVANCED_FACE('',(#36),#368,.F.);
#36 = FACE_BOUND('',#37,.F.);
#37 = EDGE_LOOP('',(#38,#2628,#2662,#2663));
#38 = ORIENTED_EDGE('',*,*,#39,.T.);
#39 = EDGE_CURVE('',#40,#42,#44,.T.);
#40 = VERTEX_POINT('',#41);
#41 = CARTESIAN_POINT('',(7.9,5.051514762044E-15,1.5));
#42 = VERTEX_POINT('',#43);
#43 = CARTESIAN_POINT('',(-2.441233562711,7.513346703844,143.50000501313
    ));
#44 = SEAM_CURVE('',#45,(#367,#2621),.PCURVE_S1.);
#45 = ( BOUNDED_CURVE() B_SPLINE_CURVE(10,(#46,#47,#48,#49,#50,#51,#52,
    #53,#54,#55,#56,#57,#58,#59,#60,#61,#62,#63,#64,#65,#66,#67,#68,#69,
    #70,#71,#72,#73,#74,#75,#76,#77,#78,#79,#80,#81,#82,#83,#84,#85,#86,
    #87,#88,#89,#90,#91,#92,#93,#94,#95,#96,#97,#98,#99,#100,#101,#102,
    #103,#104,#105,#106,#107,#108,#109,#110,#111,#112,#113,#114,#115,
    #116,#117,#118,#119,#120,#121,#122,#123,#124,#125,#126,#127,#128,
    #129,#130,#131,#132,#133,#134,#135,#136,#137,#138,#139,#140,#141,
    #142,#143,#144,#145,#146,#147,#148,#149,#150,#151,#152,#153,#154,
    #155,#156,#157,#158,#159,#160,#161,#162,#163,#164,#165,#166,#167,
    #168,#169,#170,#171,#172,#173,#174,#175,#176,#177,#178,#179,#180,
    #181,#182,#183,#184,#185,#186,#187,#188,#189,#190,#191,#192,#193,
    #194,#195,#196,#197,#198,#199,#200,#201,#202,#203,#204,#205,#206,
    #207,#208,#209,#210,#211,#212,#213,#214,#215,#216,#217,#218,#219,
    #220,#221,#222,#223,#224,#225,#226,#227,#228,#229,#230,#231,#232,
    #233,#234,#235,#236,#237,#238,#239,#240,#241,#242,#243,#244,#245,
    #246,#247,#248,#249,#250,#251,#252,#253,#254,#255,#256,#257,#258,
    #259,#260,#261,#262,#263,#264,#265,#266,#267,#268,#269,#270,#271,
    #272,#273,#274,#275,#276,#277,#278,#279,#280,#281,#282,#283,#284,
    #285,#286,#287,#288,#289,#290,#291,#292,#293,#294,#295,#296,#297,
    #298,#299,#300,#301,#302,#303,#304,#305,#306,#307,#308,#309,#310,
    #311,#312,#313,#314,#315,#316,#317,#318,#319,#320,#321,#322,#323,
    #324,#325,#326,#327,#328,#329,#330,#331,#332,#333,#334,#335,#336,
    #337,#338,#339,#340,#341,#342,#343,#344,#345,#346,#347,#348,#349,
    #350,#351,#352,#353,#354,#355,#356,#357,#358,#359,#360,#361,#362,
    #363,#364,#365,#366),.UNSPECIFIED.,.F.,.F.) 
B_SPLINE_CURVE_WITH_KNOTS((11,10,10,10,10,10,10,10,10,10,10,10,10,10,10,
    10,10,10,10,10,10,10,10,10,10,10,10,10,10,10,10,10,11),(0.,
    6.515876854485,13.031753708969,19.547630563454,26.063507417939,
    32.579384272424,39.095261126908,45.611137981393,52.127014835878,
    58.642891690362,65.158768544847,71.674645399332,78.190522253817,
    84.706399108301,91.222275962786,97.738152817271,104.25402967175,
    110.76990652624,117.28578338072,123.80166023521,130.31753708969,
    136.83341394417,143.34929079866,149.86516765314,156.38104450763,
    162.89692136211,169.4127982166,175.92867507108,182.44455192557,
    188.96042878005,195.47630563454,201.99218248902,208.50805934351),
.PIECEWISE_BEZIER_KNOTS.) CURVE() GEOMETRIC_REPRESENTATION_ITEM() 
RATIONAL_B_SPLINE_CURVE((1.669078461068,1.669078461068,1.669078461068,
    1.669078461069,1.669078461068,1.669078461069,1.669078461068,
    1.669078461068,1.669078461068,1.669078461068,1.669078461068,
    1.669078461068,1.669078461068,1.669078461069,1.669078461067,
    1.669078461069,1.669078461067,1.669078461069,1.669078461068,
    1.669078461068,1.669078461068,1.669078461068,1.669078461068,
    1.669078461069,1.669078461068,1.669078461069,1.669078461068,
    1.669078461068,1.669078461068,1.669078461068,1.669078461068,
    1.669078461068,1.669078461068,1.669078461069,1.669078461067,
    1.66907846107,1.669078461067,1.669078461069,1.669078461068,
    1.669078461068,1.669078461068,1.669078461068,1.669078461068,
    1.669078461069,1.669078461067,1.669078461069,1.669078461067,
    1.669078461069,1.669078461068,1.669078461068,1.669078461068,
    1.669078461068,1.669078461068,1.669078461068,1.669078461068,
    1.669078461069,1.669078461068,1.669078461068,1.669078461068,
    1.669078461068,1.669078461068,1.669078461068,1.669078461068,
    1.669078461069,1.669078461068,1.669078461069,1.669078461068,
    1.669078461069,1.669078461068,1.669078461068,1.669078461068,
    1.669078461068,1.669078461068,1.669078461069,1.669078461067,
    1.66907846107,1.669078461067,1.669078461069,1.669078461068,
    1.669078461068,1.669078461068,1.669078461068,1.669078461068,
    1.669078461068,1.669078461068,1.669078461069,1.669078461068,
    1.669078461068,1.669078461068,1.669078461068,1.669078461068,
    1.669078461068,1.669078461068,1.669078461069,1.669078461067,
    1.669078461069,1.669078461068,1.669078461069,1.669078461068,
    1.669078461068,1.669078461068,1.669078461068,1.669078461068,
    1.669078461069,1.669078461067,1.669078461069,1.669078461067,
    1.669078461069,1.669078461068,1.669078461068,1.669078461068,
    1.669078461068,1.669078461068,1.669078461069,1.669078461067,
    1.66907846107,1.669078461067,1.669078461069,1.669078461068,
    1.669078461068,1.669078461068,1.669078461068,1.669078461068,
    1.669078461069,1.669078461067,1.669078461069,1.669078461068,
    1.669078461069,1.669078461068,1.669078461068,1.669078461068,
    1.669078461068,1.669078461068,1.669078461069,1.669078461067,
    1.66907846107,1.669078461067,1.669078461069,1.669078461068,
    1.669078461068,1.669078461068,1.669078461068,1.669078461068,
    1.669078461069,1.669078461067,1.669078461069,1.669078461068,
    1.669078461069,1.669078461068,1.669078461068,1.669078461068,
    1.669078461068,1.669078461068,1.669078461068,1.669078461068,
    1.669078461068,1.669078461068,1.669078461068,1.669078461068,
    1.669078461068,1.669078461068,1.669078461068,1.669078461068,
    1.669078461069,1.669078461067,1.669078461069,1.669078461067,
    1.669078461069,1.669078461068,1.669078461068,1.669078461068,
    1.669078461068,1.669078461068,1.669078461068,1.669078461069,
    1.669078461067,1.669078461069,1.669078461068,1.669078461068,
    1.669078461068,1.669078461068,1.669078461068,1.669078461068,
    1.669078461068,1.669078461068,1.669078461068,1.669078461068,
    1.669078461068,1.669078461068,1.669078461068,1.669078461068,
    1.669078461068,1.669078461068,1.669078461069,1.669078461067,
    1.669078461069,1.669078461067,1.669078461069,1.669078461068,
    1.669078461068,1.669078461068,1.669078461068,1.669078461068,
    1.669078461069,1.669078461067,1.66907846107,1.669078461067,
    1.669078461069,1.669078461068,1.669078461068,1.669078461068,
    1.669078461068,1.669078461069,1.669078461067,1.669078461069,
    1.669078461067,1.669078461069,1.669078461068,1.669078461068,
    1.669078461068,1.669078461068,1.669078461068,1.669078461068,
    1.669078461068,1.669078461068,1.669078461068,1.669078461068,
    1.669078461068,1.669078461068,1.669078461068,1.669078461068,
    1.669078461068,1.669078461068,1.669078461068,1.669078461068,
    1.669078461068,1.669078461068,1.669078461068,1.669078461068,
    1.669078461068,1.669078461068,1.669078461068,1.669078461068,
    1.669078461068,1.669078461068,1.669078461068,1.669078461068,
    1.669078461068,1.669078461068,1.669078461068,1.669078461068,
    1.669078461068,1.669078461068,1.669078461068,1.669078461068,
    1.669078461068,1.669078461068,1.669078461068,1.669078461068,
    1.669078461068,1.669078461068,1.669078461068,1.669078461068,
    1.669078461068,1.669078461069,1.669078461067,1.669078461069,
    1.669078461068,1.669078461069,1.669078461068,1.669078461068,
    1.669078461068,1.669078461068,1.669078461068,1.669078461068,
    1.669078461068,1.669078461068,1.669078461068,1.669078461068,
    1.669078461068,1.669078461068,1.669078461068,1.669078461068,
    1.669078461068,1.669078461068,1.669078461068,1.669078461068,
    1.669078461068,1.669078461068,1.669078461068,1.669078461068,
    1.669078461068,1.669078461068,1.669078461068,1.669078461068,
    1.669078461068,1.669078461068,1.669078461068,1.669078461068,
    1.669078461068,1.669078461068,1.669078461068,1.669078461069,
    1.669078461068,1.669078461069,1.669078461067,1.669078461069,
    1.669078461068,1.669078461068,1.669078461068,1.669078461068,
    1.669078461068,1.669078461068,1.669078461068,1.669078461068,
    1.669078461068,1.669078461068,1.669078461068,1.669078461068,
1.669078461068,1.669078461068)) REPRESENTATION_ITEM('') );
#46 = CARTESIAN_POINT('',(7.9,5.051514762044E-15,1.5));
#47 = CARTESIAN_POINT('',(7.899999999999,3.769312255361,1.943770333302)
  );
#48 = CARTESIAN_POINT('',(5.901881673523,7.538817048145,2.387449037214)
  );
#49 = CARTESIAN_POINT('',(1.904108970993,10.115300829045,2.831339946104)
  );
#50 = CARTESIAN_POINT('',(-3.27379571342,10.312512915236,3.274929631601)
  );
#51 = CARTESIAN_POINT('',(-8.029764300964,7.570175957153,3.718752506522)
  );
#52 = CARTESIAN_POINT('',(-10.48735773684,2.661012720105,4.162575381525)
  );
#53 = CARTESIAN_POINT('',(-9.985660759246,-2.496301472341,4.606165066961
    ));
#54 = CARTESIAN_POINT('',(-7.178293867671,-6.335461066109,5.050055975884
    ));
#55 = CARTESIAN_POINT('',(-3.297696197423,-8.108200458112,5.493734679783
    ));
#56 = CARTESIAN_POINT('',(0.465078621611,-7.886298363338,5.937505013089)
  );
#57 = CARTESIAN_POINT('',(4.22785555023,-7.664395796062,6.381260663214)
  );
#58 = CARTESIAN_POINT('',(7.873188170903,-5.447829418438,6.824963836652)
  );
#59 = CARTESIAN_POINT('',(10.209856047565,-1.305310457505,7.268821555325
    ));
#60 = CARTESIAN_POINT('',(10.101893296479,3.875223438283,7.712448359131)
  );
#61 = CARTESIAN_POINT('',(7.084329907507,8.461500035396,8.156236900238)
  );
#62 = CARTESIAN_POINT('',(2.038996784077,10.625824437883,8.600085890562)
  );
#63 = CARTESIAN_POINT('',(-3.079834981276,9.821382504553,9.04365951715)
  );
#64 = CARTESIAN_POINT('',(-6.747065147535,6.792870205058,9.487558124808)
  );
#65 = CARTESIAN_POINT('',(-8.288275630432,2.814640433877,9.931234178466)
  );
#66 = CARTESIAN_POINT('',(-7.845240895561,-0.928544716468,
    10.375005013091));
#67 = CARTESIAN_POINT('',(-7.402205420374,-4.671731927833,
    10.818761164516));
#68 = CARTESIAN_POINT('',(-4.974880151076,-8.180251144434,
    11.262461687757));
#69 = CARTESIAN_POINT('',(-0.701983315727,-10.2689927111,11.706327105101
    ));
#70 = CARTESIAN_POINT('',(4.463207363601,-9.856235425939,12.149937850118
    ));
#71 = CARTESIAN_POINT('',(8.863886923475,-6.573907212029,12.593752506522
    ));
#72 = CARTESIAN_POINT('',(10.727429816425,-1.409910023102,
    13.037567163007));
#73 = CARTESIAN_POINT('',(9.623038669226,3.652686497656,13.481177907966)
  );
#74 = CARTESIAN_POINT('',(6.383881455479,7.135264456478,13.925043325338)
  );
#75 = CARTESIAN_POINT('',(2.321822686296,8.439600920946,14.368743848572)
  );
#76 = CARTESIAN_POINT('',(-1.388790611482,7.77696988791,14.812499999996)
  );
#77 = CARTESIAN_POINT('',(-5.099401739084,7.114338815506,15.256270333313
    ));
#78 = CARTESIAN_POINT('',(-8.458940636986,4.48467312897,15.699949037198)
  );
#79 = CARTESIAN_POINT('',(-10.29250615401,9.622320341979E-02,
    16.143839946116));
#80 = CARTESIAN_POINT('',(-9.576390589846,-5.035712886066,
    16.587429631602));
#81 = CARTESIAN_POINT('',(-6.040679644483,-9.235522085077,
    17.031252506506));
#82 = CARTESIAN_POINT('',(-0.775933143204,-10.79182972227,
    17.475075381549));
#83 = CARTESIAN_POINT('',(4.212867505484,-9.391309238894,17.918665066938
    ));
#84 = CARTESIAN_POINT('',(7.498713552795,-5.952752709805,18.362555975901
    ));
#85 = CARTESIAN_POINT('',(8.561650674223,-1.820948272733,18.806234679775
    ));
#86 = CARTESIAN_POINT('',(7.681722541198,1.844217666091,19.250005013091)
  );
#87 = CARTESIAN_POINT('',(6.801793502456,5.50938557744,19.693761164517)
  );
#88 = CARTESIAN_POINT('',(3.978911125096,8.708283847127,20.137461687753)
  );
#89 = CARTESIAN_POINT('',(-0.509873189617,10.280322038089,
    20.581327105113));
#90 = CARTESIAN_POINT('',(-5.590746710341,9.263322727986,21.024937850096
    ));
#91 = CARTESIAN_POINT('',(-9.575126454546,5.486501690872,21.468752506551
    ));
#92 = CARTESIAN_POINT('',(-10.81878932965,0.139262989051,21.912567162978
    ));
#93 = CARTESIAN_POINT('',(-9.127008897803,-4.758434664782,
    22.356177907988));
#94 = CARTESIAN_POINT('',(-5.500970891987,-7.836150875717,
    22.800043325324));
#95 = CARTESIAN_POINT('',(-1.313760144574,-8.654002459785,
    23.243743848579));
#96 = CARTESIAN_POINT('',(2.293248950311,-7.559828652284,23.687499999993
    ));
#97 = CARTESIAN_POINT('',(5.900255860219,-6.465654992418,24.131270834636
    ));
#98 = CARTESIAN_POINT('',(8.927424041955,-3.459345849387,24.574946888252
    ));
#99 = CARTESIAN_POINT('',(10.232472750344,1.114198915163,25.018845495975
    ));
#100 = CARTESIAN_POINT('',(8.918127367841,6.126390219628,25.462419122488
    ));
#101 = CARTESIAN_POINT('',(4.913288398532,9.881513558217,25.906268112884
    ));
#102 = CARTESIAN_POINT('',(-0.497887908225,10.808224299004,
    26.350056653927));
#103 = CARTESIAN_POINT('',(-5.287496804669,8.831045999586,
    26.793683457794));
#104 = CARTESIAN_POINT('',(-8.146406213891,5.030109655159,
    27.237541176407));
#105 = CARTESIAN_POINT('',(-8.716335231286,0.802013471606,
    27.681244349896));
#106 = CARTESIAN_POINT('',(-7.411711553787,-2.734324750914,
    28.124999999986));
#107 = CARTESIAN_POINT('',(-6.107088288757,-6.270660851273,
    28.568770333341));
#108 = CARTESIAN_POINT('',(-2.927781081187,-9.115594753744,
    29.012449037146));
#109 = CARTESIAN_POINT('',(1.714659615164,-10.14913219144,
    29.456339946182));
#110 = CARTESIAN_POINT('',(6.640783395208,-8.541993730862,
    29.899929631547));
#111 = CARTESIAN_POINT('',(10.153622320507,-4.323035105545,
    30.343752506524));
#112 = CARTESIAN_POINT('',(10.760170056969,1.133314317634,30.78757538157
    ));
#113 = CARTESIAN_POINT('',(8.504447888588,5.798215928148,31.231165066897
    ));
#114 = CARTESIAN_POINT('',(4.541801973933,8.428404629623,31.675055975937
    ));
#115 = CARTESIAN_POINT('',(0.287483520167,8.748432322708,32.118734679755
    ));
#116 = CARTESIAN_POINT('',(-3.16591511407,7.237885153162,32.562505013097
    ));
#117 = CARTESIAN_POINT('',(-6.619315563971,5.72733681015,33.006260663192
    ));
#118 = CARTESIAN_POINT('',(-9.272143613793,2.386061640434,33.44996383669
    ));
#119 = CARTESIAN_POINT('',(-10.03058869897,-2.309174366447,
    33.893821555284));
#120 = CARTESIAN_POINT('',(-8.136227835192,-7.132138633254,
    34.337448359156));
#121 = CARTESIAN_POINT('',(-3.717787449322,-10.39051344106,
    34.781236900241));
#122 = CARTESIAN_POINT('',(1.764809966657,-10.67478799095,
    35.225085890532));
#123 = CARTESIAN_POINT('',(6.288822504422,-8.148352552551,
    35.668659517191));
#124 = CARTESIAN_POINT('',(8.6811663088,-4.037737639652,36.112558124772)
  );
#125 = CARTESIAN_POINT('',(8.750183449916,0.228042300649,36.556234178487
    ));
#126 = CARTESIAN_POINT('',(7.038951871811,3.586524298844,37.000005013084
    ));
#127 = CARTESIAN_POINT('',(5.327718948649,6.945008011263,37.443760663222
    ));
#128 = CARTESIAN_POINT('',(1.836064733308,9.396531468684,37.887463836643
    ));
#129 = CARTESIAN_POINT('',(-2.895678175742,9.877248797357,
    38.331321555339));
#130 = CARTESIAN_POINT('',(-7.598754995995,7.702241711419,
    38.774948359108));
#131 = CARTESIAN_POINT('',(-10.59136137532,3.099641480002,
    39.218736900275));
#132 = CARTESIAN_POINT('',(-10.55237796635,-2.390182446053,
    39.662585890513));
#133 = CARTESIAN_POINT('',(-7.763992098017,-6.757615297924,
    40.106159517198));
#134 = CARTESIAN_POINT('',(-3.519667391386,-8.90381464215,
    40.550058124775));
#135 = CARTESIAN_POINT('',(0.742777118199,-8.721582187351,40.99373417848
    ));
#136 = CARTESIAN_POINT('',(3.994692621182,-6.815602017587,41.43750501309
    ));
#137 = CARTESIAN_POINT('',(7.246609715761,-4.909620343604,41.88126116455
    ));
#138 = CARTESIAN_POINT('',(9.488325000109,-1.279699181898,
    42.324961687673));
#139 = CARTESIAN_POINT('',(9.689646448253,3.472138186167,42.768827105222
    ));
#140 = CARTESIAN_POINT('',(7.241539056908,8.039011682355,43.212437849994
    ));
#141 = CARTESIAN_POINT('',(2.47074227753,10.755472096719,43.656252506625
    ));
#142 = CARTESIAN_POINT('',(-3.00726239736,10.393361805137,
    44.100067162925));
#143 = CARTESIAN_POINT('',(-7.202968897858,7.352702288009,
    44.543677908037));
#144 = CARTESIAN_POINT('',(-9.09557640983,2.989386404348,44.987543325275
    ));
#145 = CARTESIAN_POINT('',(-8.662728458851,-1.254934237173,
    45.431243848622));
#146 = CARTESIAN_POINT('',(-6.568609937187,-4.389004840859,
    45.874999999962));
#147 = CARTESIAN_POINT('',(-4.474492191077,-7.523073396486,
    46.318770834712));
#148 = CARTESIAN_POINT('',(-0.718893171788,-9.547207253356,
    46.762446888145));
#149 = CARTESIAN_POINT('',(4.036551933795,-9.468431036569,
    47.206345496053));
#150 = CARTESIAN_POINT('',(8.451385638283,-6.755718589867,
    47.649919122515));
#151 = CARTESIAN_POINT('',(10.882271238967,-1.833271875611,
    48.093768112721));
#152 = CARTESIAN_POINT('',(10.198296558622,3.613910924411,
    48.537556654185));
#153 = CARTESIAN_POINT('',(6.915904820262,7.62333630522,48.981183457522)
  );
#154 = CARTESIAN_POINT('',(2.448737923616,9.255788455157,49.425041176618
    ));
#155 = CARTESIAN_POINT('',(-1.762739518689,8.573824984329,
    49.868744349775));
#156 = CARTESIAN_POINT('',(-4.76809194143,6.298833164807,50.312500000032
    ));
#157 = CARTESIAN_POINT('',(-7.773442405854,4.023842300598,
    50.756270834503));
#158 = CARTESIAN_POINT('',(-9.572970493036,0.155594567181,
    51.199946888498));
#159 = CARTESIAN_POINT('',(-9.214374029968,-4.586965123673,
    51.643845495676));
#160 = CARTESIAN_POINT('',(-6.246461675799,-8.834442223757,
    52.087419122724));
#161 = CARTESIAN_POINT('',(-1.189444214153,-10.97132332715,
    52.531268112796));
#162 = CARTESIAN_POINT('',(4.208024908333,-9.967854896506,52.97505665387
    ));
#163 = CARTESIAN_POINT('',(8.017259343188,-6.455118010602,
    53.418683457916));
#164 = CARTESIAN_POINT('',(9.383894479374,-1.899595152694,
    53.862541176303));
#165 = CARTESIAN_POINT('',(8.455180737525,2.264430208395,54.306244349943
    ));
#166 = CARTESIAN_POINT('',(6.007207128239,5.13063958181,54.749999999984)
  );
#167 = CARTESIAN_POINT('',(3.559234587938,7.996847056496,55.193770834672
    ));
#168 = CARTESIAN_POINT('',(-0.40824376072,9.565527207773,55.637446888192
    ));
#169 = CARTESIAN_POINT('',(-5.121467142369,8.928354390277,
    56.081345496034));
#170 = CARTESIAN_POINT('',(-9.18685407594,5.715537162823,56.524919122457
    ));
#171 = CARTESIAN_POINT('',(-11.02231831255,0.541490632821,
    56.968768112879));
#172 = CARTESIAN_POINT('',(-9.702836942322,-4.787542181256,
    57.412556653954));
#173 = CARTESIAN_POINT('',(-5.971939819064,-8.38337227514,
    57.856183457762));
#174 = CARTESIAN_POINT('',(-1.343863104834,-9.479449841642,
    58.300041176429));
#175 = CARTESIAN_POINT('',(2.758266088743,-8.307207331977,
    58.743744349886));
#176 = CARTESIAN_POINT('',(5.475390164112,-5.694743413952,
    59.187499999986));
#177 = CARTESIAN_POINT('',(8.19251246048,-3.082280724276,59.631270333339
    ));
#178 = CARTESIAN_POINT('',(9.524902987208,0.970666192945,60.074949037149
    ));
#179 = CARTESIAN_POINT('',(8.611364849043,5.638203372697,60.51883994618)
  );
#180 = CARTESIAN_POINT('',(5.164785589469,9.507399792537,60.962429631549
    ));
#181 = CARTESIAN_POINT('',(-0.10833959482,11.035077765167,
    61.406252506522));
#182 = CARTESIAN_POINT('',(-5.350454523766,9.404163832402,
    61.850075381571));
#183 = CARTESIAN_POINT('',(-8.720403173673,5.468044470169,62.2936650669)
  );
#184 = CARTESIAN_POINT('',(-9.542124660609,0.783470951885,
    62.737555975931));
#185 = CARTESIAN_POINT('',(-8.130417022963,-3.24253510576,
    63.181234679761));
#186 = CARTESIAN_POINT('',(-5.362526424656,-5.801147330031,
    63.625005013093));
#187 = CARTESIAN_POINT('',(-2.594633977393,-8.359760691213,
    64.068761164491));
#188 = CARTESIAN_POINT('',(1.529719595575,-9.451237975118,
    64.512461687806));
#189 = CARTESIAN_POINT('',(6.135384973515,-8.264505012596,
    64.956327105064));
#190 = CARTESIAN_POINT('',(9.794962366255,-4.596118904659,
    65.399937850075));
#191 = CARTESIAN_POINT('',(11.009563703764,0.757795801767,
    65.843752506694));
#192 = CARTESIAN_POINT('',(9.07286494079,5.894804365306,66.287567162724)
  );
#193 = CARTESIAN_POINT('',(4.945185894227,9.027188286065,66.731177908278
    ));
#194 = CARTESIAN_POINT('',(0.220357966834,9.571697010839,67.175043325089
    ));
#195 = CARTESIAN_POINT('',(-3.715554525056,7.925426099771,
    67.618743848715));
#196 = CARTESIAN_POINT('',(-6.10678258157,5.011706944887,68.062499999944
    ));
#197 = CARTESIAN_POINT('',(-8.498008962263,2.097989169529,
    68.506270333479));
#198 = CARTESIAN_POINT('',(-9.344791134068,-2.083470286622,
    68.949949036906));
#199 = CARTESIAN_POINT('',(-7.8889750521,-6.611279336228,69.39383994645)
  );
#200 = CARTESIAN_POINT('',(-4.011510627672,-10.04855429822,
    69.837429631376));
#201 = CARTESIAN_POINT('',(1.404622955519,-10.94585369465,
    70.281252506513));
#202 = CARTESIAN_POINT('',(6.418708560092,-8.710099966026,
    70.725075381754));
#203 = CARTESIAN_POINT('',(9.302657039855,-4.40516899074,71.168665066635
    ));
#204 = CARTESIAN_POINT('',(9.568070149494,0.343516209558,71.612555976165
    ));
#205 = CARTESIAN_POINT('',(7.692941549877,4.175687391236,72.056234679621
    ));
#206 = CARTESIAN_POINT('',(4.643504082479,6.39123382735,72.500005013146)
  );
#207 = CARTESIAN_POINT('',(1.594064645268,8.606781175197,72.943761164434
    ));
#208 = CARTESIAN_POINT('',(-2.629990192685,9.205927052168,
    73.387461687848));
#209 = CARTESIAN_POINT('',(-7.064245698966,7.486082058149,
    73.831327105028));
#210 = CARTESIAN_POINT('',(-10.26728401738,3.412986323915,
    74.274937850149));
#211 = CARTESIAN_POINT('',(-10.84418109277,-2.046578572417,
    74.718752506552));
#212 = CARTESIAN_POINT('',(-8.317116023221,-6.920345207776,
    75.162567162916));
#213 = CARTESIAN_POINT('',(-3.849875907868,-9.545860221791,
    75.606177908095));
#214 = CARTESIAN_POINT('',(0.906201809819,-9.531250682952,
    76.050043325207));
#215 = CARTESIAN_POINT('',(4.62133395644,-7.433774058614,76.493743848675
    ));
#216 = CARTESIAN_POINT('',(6.653516146364,-4.259192750989,
    76.937499999933));
#217 = CARTESIAN_POINT('',(8.685696834224,-1.084613010295,
    77.381270333483));
#218 = CARTESIAN_POINT('',(9.035131636906,3.167391052331,77.824949036927
    ));
#219 = CARTESIAN_POINT('',(7.057219714894,7.492702565164,78.268839946389
    ));
#220 = CARTESIAN_POINT('',(2.802623748665,10.450404830613,
    78.712429631462));
#221 = CARTESIAN_POINT('',(-2.681433907288,10.704886312001,
    79.156252506447));
#222 = CARTESIAN_POINT('',(-7.39797948699,7.895287233995,79.600075381759
    ));
#223 = CARTESIAN_POINT('',(-9.755947370707,3.281224274349,
    80.043665066688));
#224 = CARTESIAN_POINT('',(-9.461372658123,-1.465741176232,
    80.487555976097));
#225 = CARTESIAN_POINT('',(-7.148818165824,-5.050951762906,
    80.931234679667));
#226 = CARTESIAN_POINT('',(-3.860108443438,-6.892718099905,
    81.37500501313));
#227 = CARTESIAN_POINT('',(-0.571396657747,-8.734485110783,
    81.818761164474));
#228 = CARTESIAN_POINT('',(3.693801009365,-8.832993569953,
    82.262461687783));
#229 = CARTESIAN_POINT('',(7.895174178081,-6.603878903657,
    82.706327105099));
#230 = CARTESIAN_POINT('',(10.597269426347,-2.182539219945,83.1499378501
    ));
#231 = CARTESIAN_POINT('',(10.528464665639,3.306989448163,
    83.593752506564));
#232 = CARTESIAN_POINT('',(7.446066210275,7.849948708801,84.037567162932
    ));
#233 = CARTESIAN_POINT('',(2.701194760319,9.932197075508,84.481177908069
    ));
#234 = CARTESIAN_POINT('',(-2.020198832754,9.358671806274,
    84.925043325229));
#235 = CARTESIAN_POINT('',(-5.463047437336,6.839066967714,
    85.368743848661));
#236 = CARTESIAN_POINT('',(-7.108011444016,3.447633001312,
    85.812499999941));
#237 = CARTESIAN_POINT('',(-8.752974075917,5.620073964133E-02,
    86.256270834778));
#238 = CARTESIAN_POINT('',(-8.60021762053,-4.20740188369,86.699946888019
    ));
#239 = CARTESIAN_POINT('',(-6.127628788127,-8.270254122031,
    87.143845496229));
#240 = CARTESIAN_POINT('',(-1.554885266255,-10.70737991672,
    87.587419122313));
#241 = CARTESIAN_POINT('',(3.921074005192,-10.31551703673,
    88.031268112932));
#242 = CARTESIAN_POINT('',(8.274689073078,-6.971020413829,
    88.475056653979));
#243 = CARTESIAN_POINT('',(10.073992632355,-2.111792686141,
    88.918683457709));
#244 = CARTESIAN_POINT('',(9.22350935613,2.567647269841,89.36254117647)
  );
#245 = CARTESIAN_POINT('',(6.505591398378,5.856193817666,89.806244349874
    ));
#246 = CARTESIAN_POINT('',(3.023199115682,7.29864830684,90.24999999998)
  );
#247 = CARTESIAN_POINT('',(-0.459191352552,8.741101589544,
    90.693770834649));
#248 = CARTESIAN_POINT('',(-4.706406331584,8.337608360476,
    91.137446888256));
#249 = CARTESIAN_POINT('',(-8.616648708766,5.630124584652,
    91.581345495936));
#250 = CARTESIAN_POINT('',(-10.78034649126,0.921836428325,
    92.024919122569));
#251 = CARTESIAN_POINT('',(-10.06678913115,-4.521556112348,
    92.468768112774));
#252 = CARTESIAN_POINT('',(-6.471792351366,-8.670727110683,
    92.912556654042));
#253 = CARTESIAN_POINT('',(-1.515065972142,-10.1808433347,
    93.356183457694));
#254 = CARTESIAN_POINT('',(3.106189376834,-9.056352737171,
    93.800041176479));
#255 = CARTESIAN_POINT('',(6.229026288604,-6.14954933053,94.243744349852
    ));
#256 = CARTESIAN_POINT('',(7.463967767088,-2.588278418538,
    94.687500000007));
#257 = CARTESIAN_POINT('',(8.698908148024,0.972990611128,95.131270834592
    ));
#258 = CARTESIAN_POINT('',(8.04607777439,5.189085293075,95.574946888323)
  );
#259 = CARTESIAN_POINT('',(5.113090719665,8.933154039971,96.01884549591)
  );
#260 = CARTESIAN_POINT('',(0.285589943033,10.815918419462,
    96.462419122502));
#261 = CARTESIAN_POINT('',(-5.106353937846,9.783141752527,
    96.906268112948));
#262 = CARTESIAN_POINT('',(-9.036688306628,5.950115067379,
    97.350056653795));
#263 = CARTESIAN_POINT('',(-10.25237893513,0.91308382819,97.79368345795)
  );
#264 = CARTESIAN_POINT('',(-8.857781626279,-3.633956797404,
    98.237541176278));
#265 = CARTESIAN_POINT('',(-5.772175831245,-6.580251640028,
    98.68124434997));
#266 = CARTESIAN_POINT('',(-2.144379553929,-7.603396367985,
    99.124999999959));
#267 = CARTESIAN_POINT('',(1.483414764051,-8.626540182254,
    99.568770333423));
#268 = CARTESIAN_POINT('',(5.65376452817,-7.72663681263,100.012449037));
#269 = CARTESIAN_POINT('',(9.218672055512,-4.578321457434,
    100.45633994633));
#270 = CARTESIAN_POINT('',(10.813972637491,0.351648682481,
    100.89992963146));
#271 = CARTESIAN_POINT('',(9.465558325015,5.673436731585,101.34375250649
    ));
#272 = CARTESIAN_POINT('',(5.407798728696,9.371305880582,101.78757538169
    ));
#273 = CARTESIAN_POINT('',(0.307933824885,10.288348681793,
    102.23116506674));
#274 = CARTESIAN_POINT('',(-4.149118361725,8.628486923663,
    102.67505597605));
#275 = CARTESIAN_POINT('',(-6.90865184978,5.374778553375,103.11873467969
    ));
#276 = CARTESIAN_POINT('',(-7.716450306302,1.693043020786,
    103.56250501311));
#277 = CARTESIAN_POINT('',(-8.524248808745,-1.988694681871,
    104.00626116443));
#278 = CARTESIAN_POINT('',(-7.380393998477,-6.098829865664,
    104.4499616879));
#279 = CARTESIAN_POINT('',(-4.027670007109,-9.472215484813,
    104.89382710493));
#280 = CARTESIAN_POINT('',(0.987665121401,-10.77451225578,105.3374378502
    ));
#281 = CARTESIAN_POINT('',(6.220843560179,-9.115144147172,
    105.78125250655));
#282 = CARTESIAN_POINT('',(9.673411479567,-4.846721271819,
    106.22506716288));
#283 = CARTESIAN_POINT('',(10.288635453199,0.298282401725,
    106.66867790811));
#284 = CARTESIAN_POINT('',(8.369257774144,4.649888774053,107.11254332523
    ));
#285 = CARTESIAN_POINT('',(4.958740078002,7.213086796256,107.55624384861
    ));
#286 = CARTESIAN_POINT('',(1.235832273817,7.802737890702,107.99999999999
    ));
#287 = CARTESIAN_POINT('',(-2.487073500001,8.392388164438,
    108.44377083465));
#288 = CARTESIAN_POINT('',(-6.522743967403,7.008550839254,108.8874468882
    ));
#289 = CARTESIAN_POINT('',(-9.692896501253,3.463047101164,
    109.33134549606));
#290 = CARTESIAN_POINT('',(-10.69768309999,-1.620255894696,
    109.77491912237));
#291 = CARTESIAN_POINT('',(-8.733106634283,-6.746670408651,
    110.21876811298));
#292 = CARTESIAN_POINT('',(-4.268835168272,-9.941964150635,
    110.66255665384));
#293 = CARTESIAN_POINT('',(0.903466097895,-10.25323095011,
    111.10618345785));
#294 = CARTESIAN_POINT('',(5.134528677032,-8.080999480837,
    111.55004117636));
#295 = CARTESIAN_POINT('',(7.492501577419,-4.525499484609,
    111.99374434993));
#296 = CARTESIAN_POINT('',(7.861959340711,-0.774335408599,
    112.43749999996));
#297 = CARTESIAN_POINT('',(8.231416476192,2.976826580837,112.88127083471
    ));
#298 = CARTESIAN_POINT('',(6.612396100695,6.92403000705,113.3249468881)
  );
#299 = CARTESIAN_POINT('',(2.886412220784,9.879957606194,113.76884549616
    ));
#300 = CARTESIAN_POINT('',(-2.247226940646,10.58374338074,
    114.21241912232));
#301 = CARTESIAN_POINT('',(-7.24909405817,8.320778114159,114.65626811299
    ));
#302 = CARTESIAN_POINT('',(-10.17603066625,3.676139924602,
    115.10005665386));
#303 = CARTESIAN_POINT('',(-10.18226007553,-1.505515081542,
    115.54368345783));
#304 = CARTESIAN_POINT('',(-7.764710048053,-5.601358336534,
    115.98754117636));
#305 = CARTESIAN_POINT('',(-4.076560915173,-7.745926450573,
    116.43124434993));
#306 = CARTESIAN_POINT('',(-0.310152544491,-7.893909386302,
    116.87499999995));
#307 = CARTESIAN_POINT('',(3.456253706271,-8.041891818146,
    117.31877083473));
#308 = CARTESIAN_POINT('',(7.301298112437,-6.193304417224,
    117.76244688804));
#309 = CARTESIAN_POINT('',(10.03274731545,-2.29976501251,118.20634549626
    ));
#310 = CARTESIAN_POINT('',(10.433090988025,2.866402851592,
    118.64991912219));
#311 = CARTESIAN_POINT('',(7.879586648408,7.726372197843,119.0937681131)
  );
#312 = CARTESIAN_POINT('',(3.070692961642,10.374798774016,119.5375566538
    ));
#313 = CARTESIAN_POINT('',(-2.102341765141,10.07596918459,
    119.98118345784));
#314 = CARTESIAN_POINT('',(-6.048758118334,7.421486547223,
    120.42504117637));
#315 = CARTESIAN_POINT('',(-7.972482411836,3.613481654271,
    120.86874434992));
#316 = CARTESIAN_POINT('',(-7.898477199808,-0.155106170445,
    121.31249999995));
#317 = CARTESIAN_POINT('',(-7.824471682196,-3.923691854969,
    121.75627033342));
#318 = CARTESIAN_POINT('',(-5.752729214225,-7.653239599153,
    122.19994903699));
#319 = CARTESIAN_POINT('',(-1.70514123022,-10.15073569845,
    122.64383994636));
#320 = CARTESIAN_POINT('',(3.475637365187,-10.24624838201,
    123.08742963142));
#321 = CARTESIAN_POINT('',(8.176846994091,-7.411062810889,
    123.53125250651));
#322 = CARTESIAN_POINT('',(10.537581704227,-2.454594228008,
    123.97507538169));
#323 = CARTESIAN_POINT('',(9.934724312659,2.691875678805,124.41866506672
    ));
#324 = CARTESIAN_POINT('',(7.052521689068,6.475176259892,124.86255597607
    ));
#325 = CARTESIAN_POINT('',(3.137866620875,8.171383478266,125.30623467968
    ));
#326 = CARTESIAN_POINT('',(-0.619826129995,7.875646993641,
    125.75000501311));
#327 = CARTESIAN_POINT('',(-4.377520970823,7.579909923021,
    126.19376116442));
#328 = CARTESIAN_POINT('',(-7.978631589077,5.292199851552,
    126.63746168794));
#329 = CARTESIAN_POINT('',(-10.23351595426,1.104600873936,
    127.08132710485));
#330 = CARTESIAN_POINT('',(-10.0238613244,-4.072812405623,
    127.52493785034));
#331 = CARTESIAN_POINT('',(-6.916833535316,-8.598962801885,
    127.96875250639));
#332 = CARTESIAN_POINT('',(-1.829979951774,-10.66380654908,
    128.41256716301));
#333 = CARTESIAN_POINT('',(3.272071683582,-9.759023454083,
    128.85617790802));
#334 = CARTESIAN_POINT('',(6.879133416381,-6.659088882179,
    129.30004332527));
#335 = CARTESIAN_POINT('',(8.341939963608,-2.65136982239,129.74374384859
    ));
#336 = CARTESIAN_POINT('',(7.825497789504,1.082397499286,130.1875));
#337 = CARTESIAN_POINT('',(7.309055419418,4.816162639795,130.63127083461
    ));
#338 = CARTESIAN_POINT('',(4.813312365711,8.276351720445,131.07494688829
    ));
#339 = CARTESIAN_POINT('',(0.50023012314,10.280793142219,131.5188454959)
  );
#340 = CARTESIAN_POINT('',(-4.655861705932,9.76670899779,131.9624191226)
  );
#341 = CARTESIAN_POINT('',(-8.991248086646,6.398606952482,132.4062681127
    ));
#342 = CARTESIAN_POINT('',(-10.75304395126,1.199020704371,
    132.85005665415));
#343 = CARTESIAN_POINT('',(-9.549467903066,-3.840918988214,
    133.29368345757));
#344 = CARTESIAN_POINT('',(-6.242559356406,-7.259227922214,
    133.73754117657));
#345 = CARTESIAN_POINT('',(-2.155674593911,-8.483560132272,
    134.1812443498));
#346 = CARTESIAN_POINT('',(1.541213543923,-7.748203715186,
    134.62500000003));
#347 = CARTESIAN_POINT('',(5.238099502849,-7.012847303018,
    135.06877083453));
#348 = CARTESIAN_POINT('',(8.545360867483,-4.317728728682,
    135.51244688842));
#349 = CARTESIAN_POINT('',(10.292411188689,0.105876025335,
    135.95634549579));
#350 = CARTESIAN_POINT('',(9.475675396844,5.222760634545,136.39991912259
    ));
#351 = CARTESIAN_POINT('',(5.858187273049,9.352344891083,136.8437681129)
  );
#352 = CARTESIAN_POINT('',(0.563900796001,10.804981293784,137.2875566538
    ));
#353 = CARTESIAN_POINT('',(-4.396442187369,9.306787415642,
    137.73118345795));
#354 = CARTESIAN_POINT('',(-7.614142077371,5.804375743329,
    138.17504117626));
#355 = CARTESIAN_POINT('',(-8.595752627743,1.652501811064,
    138.61874434997));
#356 = CARTESIAN_POINT('',(-7.644032829645,-1.994683458424,
    139.06249999996));
#357 = CARTESIAN_POINT('',(-6.69231323403,-5.641866575513,
    139.50627033342));
#358 = CARTESIAN_POINT('',(-3.807167545203,-8.784727944395,
    139.94994903697));
#359 = CARTESIAN_POINT('',(0.711614146233,-10.26832737798,
    140.39383994639));
#360 = CARTESIAN_POINT('',(5.771544409813,-9.151772294248,
    140.83742963139));
#361 = CARTESIAN_POINT('',(9.680998315198,-5.29744753376,141.28125250652
    ));
#362 = CARTESIAN_POINT('',(10.819441125597,7.317600102029E-02,
    141.72507538171));
#363 = CARTESIAN_POINT('',(9.031821191777,4.936714271482,142.16866506669
    ));
#364 = CARTESIAN_POINT('',(5.346060075385,7.942645116208,142.61255597611
    ));
#365 = CARTESIAN_POINT('',(1.143595527063,8.678127917337,143.05623467965
    ));
#366 = CARTESIAN_POINT('',(-2.441233562711,7.513346703844,
    143.50000501313));
#367 = PCURVE('',#368,#2616);
#368 = ( BOUNDED_SURFACE() B_SPLINE_SURFACE(6,10,(
    (#369,#370,#371,#372,#373,#374,#375,#376,#377,#378,#379,#380,#381
      ,#382,#383,#384,#385,#386,#387,#388,#389,#390,#391,#392,#393,#394
      ,#395,#396,#397,#398,#399,#400,#401,#402,#403,#404,#405,#406,#407
      ,#408,#409,#410,#411,#412,#413,#414,#415,#416,#417,#418,#419,#420
      ,#421,#422,#423,#424,#425,#426,#427,#428,#429,#430,#431,#432,#433
      ,#434,#435,#436,#437,#438,#439,#440,#441,#442,#443,#444,#445,#446
      ,#447,#448,#449,#450,#451,#452,#453,#454,#455,#456,#457,#458,#459
      ,#460,#461,#462,#463,#464,#465,#466,#467,#468,#469,#470,#471,#472
      ,#473,#474,#475,#476,#477,#478,#479,#480,#481,#482,#483,#484,#485
      ,#486,#487,#488,#489,#490,#491,#492,#493,#494,#495,#496,#497,#498
      ,#499,#500,#501,#502,#503,#504,#505,#506,#507,#508,#509,#510,#511
      ,#512,#513,#514,#515,#516,#517,#518,#519,#520,#521,#522,#523,#524
      ,#525,#526,#527,#528,#529,#530,#531,#532,#533,#534,#535,#536,#537
      ,#538,#539,#540,#541,#542,#543,#544,#545,#546,#547,#548,#549,#550
      ,#551,#552,#553,#554,#555,#556,#557,#558,#559,#560,#561,#562,#563
      ,#564,#565,#566,#567,#568,#569,#570,#571,#572,#573,#574,#575,#576
      ,#577,#578,#579,#580,#581,#582,#583,#584,#585,#586,#587,#588,#589
      ,#590,#591,#592,#593,#594,#595,#596,#597,#598,#599,#600,#601,#602
      ,#603,#604,#605,#606,#607,#608,#609,#610,#611,#612,#613,#614,#615
      ,#616,#617,#618,#619,#620,#621,#622,#623,#624,#625,#626,#627,#628
      ,#629,#630,#631,#632,#633,#634,#635,#636,#637,#638,#639,#640,#641
      ,#642,#643,#644,#645,#646,#647,#648,#649,#650,#651,#652,#653,#654
      ,#655,#656,#657,#658,#659,#660,#661,#662,#663,#664,#665,#666,#667
      ,#668,#669,#670,#671,#672,#673,#674,#675,#676,#677,#678,#679,#680
      ,#681,#682,#683,#684,#685,#686,#687,#688,#689)
    ,(#690,#691,#692,#693,#694,#695,#696,#697,#698,#699,#700,#701,#702
      ,#703,#704,#705,#706,#707,#708,#709,#710,#711,#712,#713,#714,#715
      ,#716,#717,#718,#719,#720,#721,#722,#723,#724,#725,#726,#727,#728
      ,#729,#730,#731,#732,#733,#734,#735,#736,#737,#738,#739,#740,#741
      ,#742,#743,#744,#745,#746,#747,#748,#749,#750,#751,#752,#753,#754
      ,#755,#756,#757,#758,#759,#760,#761,#762,#763,#764,#765,#766,#767
      ,#768,#769,#770,#771,#772,#773,#774,#775,#776,#777,#778,#779,#780
      ,#781,#782,#783,#784,#785,#786,#787,#788,#789,#790,#791,#792,#793
      ,#794,#795,#796,#797,#798,#799,#800,#801,#802,#803,#804,#805,#806
      ,#807,#808,#809,#810,#811,#812,#813,#814,#815,#816,#817,#818,#819
      ,#820,#821,#822,#823,#824,#825,#826,#827,#828,#829,#830,#831,#832
      ,#833,#834,#835,#836,#837,#838,#839,#840,#841,#842,#843,#844,#845
      ,#846,#847,#848,#849,#850,#851,#852,#853,#854,#855,#856,#857,#858
      ,#859,#860,#861,#862,#863,#864,#865,#866,#867,#868,#869,#870,#871
      ,#872,#873,#874,#875,#876,#877,#878,#879,#880,#881,#882,#883,#884
      ,#885,#886,#887,#888,#889,#890,#891,#892,#893,#894,#895,#896,#897
      ,#898,#899,#900,#901,#902,#903,#904,#905,#906,#907,#908,#909,#910
      ,#911,#912,#913,#914,#915,#916,#917,#918,#919,#920,#921,#922,#923
      ,#924,#925,#926,#927,#928,#929,#930,#931,#932,#933,#934,#935,#936
      ,#937,#938,#939,#940,#941,#942,#943,#944,#945,#946,#947,#948,#949
      ,#950,#951,#952,#953,#954,#955,#956,#957,#958,#959,#960,#961,#962
      ,#963,#964,#965,#966,#967,#968,#969,#970,#971,#972,#973,#974,#975
      ,#976,#977,#978,#979,#980,#981,#982,#983,#984,#985,#986,#987,#988
      ,#989,#990,#991,#992,#993,#994,#995,#996,#997,#998,#999,#1000
      ,#1001,#1002,#1003,#1004,#1005,#1006,#1007,#1008,#1009,#1010)
    ,(#1011,#1012,#1013,#1014,#1015,#1016,#1017,#1018,#1019,#1020,#1021
      ,#1022,#1023,#1024,#1025,#1026,#1027,#1028,#1029,#1030,#1031,#1032
      ,#1033,#1034,#1035,#1036,#1037,#1038,#1039,#1040,#1041,#1042,#1043
      ,#1044,#1045,#1046,#1047,#1048,#1049,#1050,#1051,#1052,#1053,#1054
      ,#1055,#1056,#1057,#1058,#1059,#1060,#1061,#1062,#1063,#1064,#1065
      ,#1066,#1067,#1068,#1069,#1070,#1071,#1072,#1073,#1074,#1075,#1076
      ,#1077,#1078,#1079,#1080,#1081,#1082,#1083,#1084,#1085,#1086,#1087
      ,#1088,#1089,#1090,#1091,#1092,#1093,#1094,#1095,#1096,#1097,#1098
      ,#1099,#1100,#1101,#1102,#1103,#1104,#1105,#1106,#1107,#1108,#1109
      ,#1110,#1111,#1112,#1113,#1114,#1115,#1116,#1117,#1118,#1119,#1120
      ,#1121,#1122,#1123,#1124,#1125,#1126,#1127,#1128,#1129,#1130,#1131
      ,#1132,#1133,#1134,#1135,#1136,#1137,#1138,#1139,#1140,#1141,#1142
      ,#1143,#1144,#1145,#1146,#1147,#1148,#1149,#1150,#1151,#1152,#1153
      ,#1154,#1155,#1156,#1157,#1158,#1159,#1160,#1161,#1162,#1163,#1164
      ,#1165,#1166,#1167,#1168,#1169,#1170,#1171,#1172,#1173,#1174,#1175
      ,#1176,#1177,#1178,#1179,#1180,#1181,#1182,#1183,#1184,#1185,#1186
      ,#1187,#1188,#1189,#1190,#1191,#1192,#1193,#1194,#1195,#1196,#1197
      ,#1198,#1199,#1200,#1201,#1202,#1203,#1204,#1205,#1206,#1207,#1208
      ,#1209,#1210,#1211,#1212,#1213,#1214,#1215,#1216,#1217,#1218,#1219
      ,#1220,#1221,#1222,#1223,#1224,#1225,#1226,#1227,#1228,#1229,#1230
      ,#1231,#1232,#1233,#1234,#1235,#1236,#1237,#1238,#1239,#1240,#1241
      ,#1242,#1243,#1244,#1245,#1246,#1247,#1248,#1249,#1250,#1251,#1252
      ,#1253,#1254,#1255,#1256,#1257,#1258,#1259,#1260,#1261,#1262,#1263
      ,#1264,#1265,#1266,#1267,#1268,#1269,#1270,#1271,#1272,#1273,#1274
      ,#1275,#1276,#1277,#1278,#1279,#1280,#1281,#1282,#1283,#1284,#1285
      ,#1286,#1287,#1288,#1289,#1290,#1291,#1292,#1293,#1294,#1295,#1296
      ,#1297,#1298,#1299,#1300,#1301,#1302,#1303,#1304,#1305,#1306,#1307
      ,#1308,#1309,#1310,#1311,#1312,#1313,#1314,#1315,#1316,#1317,#1318
      ,#1319,#1320,#1321,#1322,#1323,#1324,#1325,#1326,#1327,#1328,#1329
      ,#1330,#1331)
    ,(#1332,#1333,#1334,#1335,#1336,#1337,#1338,#1339,#1340,#1341,#1342
      ,#1343,#1344,#1345,#1346,#1347,#1348,#1349,#1350,#1351,#1352,#1353
      ,#1354,#1355,#1356,#1357,#1358,#1359,#1360,#1361,#1362,#1363,#1364
      ,#1365,#1366,#1367,#1368,#1369,#1370,#1371,#1372,#1373,#1374,#1375
      ,#1376,#1377,#1378,#1379,#1380,#1381,#1382,#1383,#1384,#1385,#1386
      ,#1387,#1388,#1389,#1390,#1391,#1392,#1393,#1394,#1395,#1396,#1397
      ,#1398,#1399,#1400,#1401,#1402,#1403,#1404,#1405,#1406,#1407,#1408
      ,#1409,#1410,#1411,#1412,#1413,#1414,#1415,#1416,#1417,#1418,#1419
      ,#1420,#1421,#1422,#1423,#1424,#1425,#1426,#1427,#1428,#1429,#1430
      ,#1431,#1432,#1433,#1434,#1435,#1436,#1437,#1438,#1439,#1440,#1441
      ,#1442,#1443,#1444,#1445,#1446,#1447,#1448,#1449,#1450,#1451,#1452
      ,#1453,#1454,#1455,#1456,#1457,#1458,#1459,#1460,#1461,#1462,#1463
      ,#1464,#1465,#1466,#1467,#1468,#1469,#1470,#1471,#1472,#1473,#1474
      ,#1475,#1476,#1477,#1478,#1479,#1480,#1481,#1482,#1483,#1484,#1485
      ,#1486,#1487,#1488,#1489,#1490,#1491,#1492,#1493,#1494,#1495,#1496
      ,#1497,#1498,#1499,#1500,#1501,#1502,#1503,#1504,#1505,#1506,#1507
      ,#1508,#1509,#1510,#1511,#1512,#1513,#1514,#1515,#1516,#1517,#1518
      ,#1519,#1520,#1521,#1522,#1523,#1524,#1525,#1526,#1527,#1528,#1529
      ,#1530,#1531,#1532,#1533,#1534,#1535,#1536,#1537,#1538,#1539,#1540
      ,#1541,#1542,#1543,#1544,#1545,#1546,#1547,#1548,#1549,#1550,#1551
      ,#1552,#1553,#1554,#1555,#1556,#1557,#1558,#1559,#1560,#1561,#1562
      ,#1563,#1564,#1565,#1566,#1567,#1568,#1569,#1570,#1571,#1572,#1573
      ,#1574,#1575,#1576,#1577,#1578,#1579,#1580,#1581,#1582,#1583,#1584
      ,#1585,#1586,#1587,#1588,#1589,#1590,#1591,#1592,#1593,#1594,#1595
      ,#1596,#1597,#1598,#1599,#1600,#1601,#1602,#1603,#1604,#1605,#1606
      ,#1607,#1608,#1609,#1610,#1611,#1612,#1613,#1614,#1615,#1616,#1617
      ,#1618,#1619,#1620,#1621,#1622,#1623,#1624,#1625,#1626,#1627,#1628
      ,#1629,#1630,#1631,#1632,#1633,#1634,#1635,#1636,#1637,#1638,#1639
      ,#1640,#1641,#1642,#1643,#1644,#1645,#1646,#1647,#1648,#1649,#1650
      ,#1651,#1652)
    ,(#1653,#1654,#1655,#1656,#1657,#1658,#1659,#1660,#1661,#1662,#1663
      ,#1664,#1665,#1666,#1667,#1668,#1669,#1670,#1671,#1672,#1673,#1674
      ,#1675,#1676,#1677,#1678,#1679,#1680,#1681,#1682,#1683,#1684,#1685
      ,#1686,#1687,#1688,#1689,#1690,#1691,#1692,#1693,#1694,#1695,#1696
      ,#1697,#1698,#1699,#1700,#1701,#1702,#1703,#1704,#1705,#1706,#1707
      ,#1708,#1709,#1710,#1711,#1712,#1713,#1714,#1715,#1716,#1717,#1718
      ,#1719,#1720,#1721,#1722,#1723,#1724,#1725,#1726,#1727,#1728,#1729
      ,#1730,#1731,#1732,#1733,#1734,#1735,#1736,#1737,#1738,#1739,#1740
      ,#1741,#1742,#1743,#1744,#1745,#1746,#1747,#1748,#1749,#1750,#1751
      ,#1752,#1753,#1754,#1755,#1756,#1757,#1758,#1759,#1760,#1761,#1762
      ,#1763,#1764,#1765,#1766,#1767,#1768,#1769,#1770,#1771,#1772,#1773
      ,#1774,#1775,#1776,#1777,#1778,#1779,#1780,#1781,#1782,#1783,#1784
      ,#1785,#1786,#1787,#1788,#1789,#1790,#1791,#1792,#1793,#1794,#1795
      ,#1796,#1797,#1798,#1799,#1800,#1801,#1802,#1803,#1804,#1805,#1806
      ,#1807,#1808,#1809,#1810,#1811,#1812,#1813,#1814,#1815,#1816,#1817
      ,#1818,#1819,#1820,#1821,#1822,#1823,#1824,#1825,#1826,#1827,#1828
      ,#1829,#1830,#1831,#1832,#1833,#1834,#1835,#1836,#1837,#1838,#1839
      ,#1840,#1841,#1842,#1843,#1844,#1845,#1846,#1847,#1848,#1849,#1850
      ,#1851,#1852,#1853,#1854,#1855,#1856,#1857,#1858,#1859,#1860,#1861
      ,#1862,#1863,#1864,#1865,#1866,#1867,#1868,#1869,#1870,#1871,#1872
      ,#1873,#1874,#1875,#1876,#1877,#1878,#1879,#1880,#1881,#1882,#1883
      ,#1884,#1885,#1886,#1887,#1888,#1889,#1890,#1891,#1892,#1893,#1894
      ,#1895,#1896,#1897,#1898,#1899,#1900,#1901,#1902,#1903,#1904,#1905
      ,#1906,#1907,#1908,#1909,#1910,#1911,#1912,#1913,#1914,#1915,#1916
      ,#1917,#1918,#1919,#1920,#1921,#1922,#1923,#1924,#1925,#1926,#1927
      ,#1928,#1929,#1930,#1931,#1932,#1933,#1934,#1935,#1936,#1937,#1938
      ,#1939,#1940,#1941,#1942,#1943,#1944,#1945,#1946,#1947,#1948,#1949
      ,#1950,#1951,#1952,#1953,#1954,#1955,#1956,#1957,#1958,#1959,#1960
      ,#1961,#1962,#1963,#1964,#1965,#1966,#1967,#1968,#1969,#1970,#1971
      ,#1972,#1973)
    ,(#1974,#1975,#1976,#1977,#1978,#1979,#1980,#1981,#1982,#1983,#1984
      ,#1985,#1986,#1987,#1988,#1989,#1990,#1991,#1992,#1993,#1994,#1995
      ,#1996,#1997,#1998,#1999,#2000,#2001,#2002,#2003,#2004,#2005,#2006
      ,#2007,#2008,#2009,#2010,#2011,#2012,#2013,#2014,#2015,#2016,#2017
      ,#2018,#2019,#2020,#2021,#2022,#2023,#2024,#2025,#2026,#2027,#2028
      ,#2029,#2030,#2031,#2032,#2033,#2034,#2035,#2036,#2037,#2038,#2039
      ,#2040,#2041,#2042,#2043,#2044,#2045,#2046,#2047,#2048,#2049,#2050
      ,#2051,#2052,#2053,#2054,#2055,#2056,#2057,#2058,#2059,#2060,#2061
      ,#2062,#2063,#2064,#2065,#2066,#2067,#2068,#2069,#2070,#2071,#2072
      ,#2073,#2074,#2075,#2076,#2077,#2078,#2079,#2080,#2081,#2082,#2083
      ,#2084,#2085,#2086,#2087,#2088,#2089,#2090,#2091,#2092,#2093,#2094
      ,#2095,#2096,#2097,#2098,#2099,#2100,#2101,#2102,#2103,#2104,#2105
      ,#2106,#2107,#2108,#2109,#2110,#2111,#2112,#2113,#2114,#2115,#2116
      ,#2117,#2118,#2119,#2120,#2121,#2122,#2123,#2124,#2125,#2126,#2127
      ,#2128,#2129,#2130,#2131,#2132,#2133,#2134,#2135,#2136,#2137,#2138
      ,#2139,#2140,#2141,#2142,#2143,#2144,#2145,#2146,#2147,#2148,#2149
      ,#2150,#2151,#2152,#2153,#2154,#2155,#2156,#2157,#2158,#2159,#2160
      ,#2161,#2162,#2163,#2164,#2165,#2166,#2167,#2168,#2169,#2170,#2171
      ,#2172,#2173,#2174,#2175,#2176,#2177,#2178,#2179,#2180,#2181,#2182
      ,#2183,#2184,#2185,#2186,#2187,#2188,#2189,#2190,#2191,#2192,#2193
      ,#2194,#2195,#2196,#2197,#2198,#2199,#2200,#2201,#2202,#2203,#2204
      ,#2205,#2206,#2207,#2208,#2209,#2210,#2211,#2212,#2213,#2214,#2215
      ,#2216,#2217,#2218,#2219,#2220,#2221,#2222,#2223,#2224,#2225,#2226
      ,#2227,#2228,#2229,#2230,#2231,#2232,#2233,#2234,#2235,#2236,#2237
      ,#2238,#2239,#2240,#2241,#2242,#2243,#2244,#2245,#2246,#2247,#2248
      ,#2249,#2250,#2251,#2252,#2253,#2254,#2255,#2256,#2257,#2258,#2259
      ,#2260,#2261,#2262,#2263,#2264,#2265,#2266,#2267,#2268,#2269,#2270
      ,#2271,#2272,#2273,#2274,#2275,#2276,#2277,#2278,#2279,#2280,#2281
      ,#2282,#2283,#2284,#2285,#2286,#2287,#2288,#2289,#2290,#2291,#2292
      ,#2293,#2294)
    ,(#2295,#2296,#2297,#2298,#2299,#2300,#2301,#2302,#2303,#2304,#2305
      ,#2306,#2307,#2308,#2309,#2310,#2311,#2312,#2313,#2314,#2315,#2316
      ,#2317,#2318,#2319,#2320,#2321,#2322,#2323,#2324,#2325,#2326,#2327
      ,#2328,#2329,#2330,#2331,#2332,#2333,#2334,#2335,#2336,#2337,#2338
      ,#2339,#2340,#2341,#2342,#2343,#2344,#2345,#2346,#2347,#2348,#2349
      ,#2350,#2351,#2352,#2353,#2354,#2355,#2356,#2357,#2358,#2359,#2360
      ,#2361,#2362,#2363,#2364,#2365,#2366,#2367,#2368,#2369,#2370,#2371
      ,#2372,#2373,#2374,#2375,#2376,#2377,#2378,#2379,#2380,#2381,#2382
      ,#2383,#2384,#2385,#2386,#2387,#2388,#2389,#2390,#2391,#2392,#2393
      ,#2394,#2395,#2396,#2397,#2398,#2399,#2400,#2401,#2402,#2403,#2404
      ,#2405,#2406,#2407,#2408,#2409,#2410,#2411,#2412,#2413,#2414,#2415
      ,#2416,#2417,#2418,#2419,#2420,#2421,#2422,#2423,#2424,#2425,#2426
      ,#2427,#2428,#2429,#2430,#2431,#2432,#2433,#2434,#2435,#2436,#2437
      ,#2438,#2439,#2440,#2441,#2442,#2443,#2444,#2445,#2446,#2447,#2448
      ,#2449,#2450,#2451,#2452,#2453,#2454,#2455,#2456,#2457,#2458,#2459
      ,#2460,#2461,#2462,#2463,#2464,#2465,#2466,#2467,#2468,#2469,#2470
      ,#2471,#2472,#2473,#2474,#2475,#2476,#2477,#2478,#2479,#2480,#2481
      ,#2482,#2483,#2484,#2485,#2486,#2487,#2488,#2489,#2490,#2491,#2492
      ,#2493,#2494,#2495,#2496,#2497,#2498,#2499,#2500,#2501,#2502,#2503
      ,#2504,#2505,#2506,#2507,#2508,#2509,#2510,#2511,#2512,#2513,#2514
      ,#2515,#2516,#2517,#2518,#2519,#2520,#2521,#2522,#2523,#2524,#2525
      ,#2526,#2527,#2528,#2529,#2530,#2531,#2532,#2533,#2534,#2535,#2536
      ,#2537,#2538,#2539,#2540,#2541,#2542,#2543,#2544,#2545,#2546,#2547
      ,#2548,#2549,#2550,#2551,#2552,#2553,#2554,#2555,#2556,#2557,#2558
      ,#2559,#2560,#2561,#2562,#2563,#2564,#2565,#2566,#2567,#2568,#2569
      ,#2570,#2571,#2572,#2573,#2574,#2575,#2576,#2577,#2578,#2579,#2580
      ,#2581,#2582,#2583,#2584,#2585,#2586,#2587,#2588,#2589,#2590,#2591
      ,#2592,#2593,#2594,#2595,#2596,#2597,#2598,#2599,#2600,#2601,#2602
      ,#2603,#2604,#2605,#2606,#2607,#2608,#2609,#2610,#2611,#2612,#2613
      ,#2614,#2615
)),.UNSPECIFIED.,.T.,.F.,.F.) B_SPLINE_SURFACE_WITH_KNOTS((1,6,6,1),(11,
    10,10,10,10,10,10,10,10,10,10,10,10,10,10,10,10,10,10,10,10,10,10,10
    ,10,10,10,10,10,10,10,10,11),(-6.28318530718,0.,6.28318530718,
    12.566370614359),(0.,6.515876854485,13.031753708969,19.547630563454,
    26.063507417939,32.579384272424,39.095261126908,45.611137981393,
    52.127014835878,58.642891690362,65.158768544847,71.674645399332,
    78.190522253817,84.706399108301,91.222275962786,97.738152817271,
    104.25402967175,110.76990652624,117.28578338072,123.80166023521,
    130.31753708969,136.83341394417,143.34929079866,149.86516765314,
    156.38104450763,162.89692136211,169.4127982166,175.92867507108,
    182.44455192557,188.96042878005,195.47630563454,201.99218248902,
208.50805934351),.UNSPECIFIED.) GEOMETRIC_REPRESENTATION_ITEM() 
RATIONAL_B_SPLINE_SURFACE((
    (1.669078461068,1.669078461068,1.669078461068,1.669078461069
      ,1.669078461068,1.669078461069,1.669078461068,1.669078461068
      ,1.669078461068,1.669078461068,1.669078461068,1.669078461068
      ,1.669078461068,1.669078461069,1.669078461067,1.669078461069
      ,1.669078461067,1.669078461069,1.669078461068,1.669078461068
      ,1.669078461068,1.669078461068,1.669078461068,1.669078461069
      ,1.669078461068,1.669078461069,1.669078461068,1.669078461068
      ,1.669078461068,1.669078461068,1.669078461068,1.669078461068
      ,1.669078461068,1.669078461069,1.669078461067,1.66907846107
      ,1.669078461067,1.669078461069,1.669078461068,1.669078461068
      ,1.669078461068,1.669078461068,1.669078461068,1.669078461069
      ,1.669078461067,1.669078461069,1.669078461067,1.669078461069
      ,1.669078461068,1.669078461068,1.669078461068,1.669078461068
      ,1.669078461068,1.669078461068,1.669078461068,1.669078461069
      ,1.669078461068,1.669078461068,1.669078461068,1.669078461068
      ,1.669078461068,1.669078461068,1.669078461068,1.669078461069
      ,1.669078461068,1.669078461069,1.669078461068,1.669078461069
      ,1.669078461068,1.669078461068,1.669078461068,1.669078461068
      ,1.669078461068,1.669078461069,1.669078461067,1.66907846107
      ,1.669078461067,1.669078461069,1.669078461068,1.669078461068
      ,1.669078461068,1.669078461068,1.669078461068,1.669078461068
      ,1.669078461068,1.669078461069,1.669078461068,1.669078461068
      ,1.669078461068,1.669078461068,1.669078461068,1.669078461068
      ,1.669078461068,1.669078461069,1.669078461067,1.669078461069
      ,1.669078461068,1.669078461069,1.669078461068,1.669078461068
      ,1.669078461068,1.669078461068,1.669078461068,1.669078461069
      ,1.669078461067,1.669078461069,1.669078461067,1.669078461069
      ,1.669078461068,1.669078461068,1.669078461068,1.669078461068
      ,1.669078461068,1.669078461069,1.669078461067,1.66907846107
      ,1.669078461067,1.669078461069,1.669078461068,1.669078461068
      ,1.669078461068,1.669078461068,1.669078461068,1.669078461069
      ,1.669078461067,1.669078461069,1.669078461068,1.669078461069
      ,1.669078461068,1.669078461068,1.669078461068,1.669078461068
      ,1.669078461068,1.669078461069,1.669078461067,1.66907846107
      ,1.669078461067,1.669078461069,1.669078461068,1.669078461068
      ,1.669078461068,1.669078461068,1.669078461068,1.669078461069
      ,1.669078461067,1.669078461069,1.669078461068,1.669078461069
      ,1.669078461068,1.669078461068,1.669078461068,1.669078461068
      ,1.669078461068,1.669078461068,1.669078461068,1.669078461068
      ,1.669078461068,1.669078461068,1.669078461068,1.669078461068
      ,1.669078461068,1.669078461068,1.669078461068,1.669078461069
      ,1.669078461067,1.669078461069,1.669078461067,1.669078461069
      ,1.669078461068,1.669078461068,1.669078461068,1.669078461068
      ,1.669078461068,1.669078461068,1.669078461069,1.669078461067
      ,1.669078461069,1.669078461068,1.669078461068,1.669078461068
      ,1.669078461068,1.669078461068,1.669078461068,1.669078461068
      ,1.669078461068,1.669078461068,1.669078461068,1.669078461068
      ,1.669078461068,1.669078461068,1.669078461068,1.669078461068
      ,1.669078461068,1.669078461069,1.669078461067,1.669078461069
      ,1.669078461067,1.669078461069,1.669078461068,1.669078461068
      ,1.669078461068,1.669078461068,1.669078461068,1.669078461069
      ,1.669078461067,1.66907846107,1.669078461067,1.669078461069
      ,1.669078461068,1.669078461068,1.669078461068,1.669078461068
      ,1.669078461069,1.669078461067,1.669078461069,1.669078461067
      ,1.669078461069,1.669078461068,1.669078461068,1.669078461068
      ,1.669078461068,1.669078461068,1.669078461068,1.669078461068
      ,1.669078461068,1.669078461068,1.669078461068,1.669078461068
      ,1.669078461068,1.669078461068,1.669078461068,1.669078461068
      ,1.669078461068,1.669078461068,1.669078461068,1.669078461068
      ,1.669078461068,1.669078461068,1.669078461068,1.669078461068
      ,1.669078461068,1.669078461068,1.669078461068,1.669078461068
      ,1.669078461068,1.669078461068,1.669078461068,1.669078461068
      ,1.669078461068,1.669078461068,1.669078461068,1.669078461068
      ,1.669078461068,1.669078461068,1.669078461068,1.669078461068
      ,1.669078461068,1.669078461068,1.669078461068,1.669078461068
      ,1.669078461068,1.669078461068,1.669078461068,1.669078461068
      ,1.669078461069,1.669078461067,1.669078461069,1.669078461068
      ,1.669078461069,1.669078461068,1.669078461068,1.669078461068
      ,1.669078461068,1.669078461068,1.669078461068,1.669078461068
      ,1.669078461068,1.669078461068,1.669078461068,1.669078461068
      ,1.669078461068,1.669078461068,1.669078461068,1.669078461068
      ,1.669078461068,1.669078461068,1.669078461068,1.669078461068
      ,1.669078461068,1.669078461068,1.669078461068,1.669078461068
      ,1.669078461068,1.669078461068,1.669078461068,1.669078461068
      ,1.669078461068,1.669078461068,1.669078461068,1.669078461068
      ,1.669078461068,1.669078461068,1.669078461069,1.669078461068
      ,1.669078461069,1.669078461067,1.669078461069,1.669078461068
      ,1.669078461068,1.669078461068,1.669078461068,1.669078461068
      ,1.669078461068,1.669078461068,1.669078461068,1.669078461068
      ,1.669078461068,1.669078461068,1.669078461068,1.669078461068
      ,1.669078461068)
    ,(1.03672962321,1.03672962321,1.036729623209,1.03672962321
      ,1.036729623209,1.03672962321,1.036729623209,1.03672962321
      ,1.03672962321,1.03672962321,1.03672962321,1.03672962321
      ,1.036729623209,1.03672962321,1.036729623209,1.03672962321
      ,1.036729623209,1.03672962321,1.036729623209,1.03672962321
      ,1.03672962321,1.03672962321,1.036729623209,1.03672962321
      ,1.036729623209,1.03672962321,1.036729623209,1.03672962321
      ,1.03672962321,1.03672962321,1.03672962321,1.03672962321
      ,1.036729623209,1.03672962321,1.036729623208,1.036729623211
      ,1.036729623209,1.03672962321,1.036729623209,1.03672962321
      ,1.03672962321,1.03672962321,1.036729623209,1.03672962321
      ,1.036729623209,1.03672962321,1.036729623209,1.03672962321
      ,1.036729623209,1.03672962321,1.03672962321,1.03672962321
      ,1.03672962321,1.03672962321,1.036729623209,1.03672962321
      ,1.036729623209,1.03672962321,1.03672962321,1.03672962321
      ,1.03672962321,1.03672962321,1.036729623209,1.03672962321
      ,1.036729623209,1.03672962321,1.036729623209,1.03672962321
      ,1.03672962321,1.03672962321,1.03672962321,1.03672962321
      ,1.036729623209,1.03672962321,1.036729623209,1.03672962321
      ,1.036729623209,1.03672962321,1.036729623209,1.03672962321
      ,1.03672962321,1.03672962321,1.03672962321,1.03672962321
      ,1.03672962321,1.03672962321,1.03672962321,1.03672962321
      ,1.03672962321,1.03672962321,1.03672962321,1.03672962321
      ,1.036729623209,1.03672962321,1.036729623209,1.03672962321
      ,1.036729623209,1.03672962321,1.03672962321,1.03672962321
      ,1.03672962321,1.03672962321,1.036729623209,1.03672962321
      ,1.036729623209,1.036729623211,1.036729623209,1.03672962321
      ,1.036729623209,1.03672962321,1.03672962321,1.03672962321
      ,1.036729623209,1.03672962321,1.036729623209,1.03672962321
      ,1.036729623209,1.03672962321,1.036729623209,1.03672962321
      ,1.03672962321,1.03672962321,1.036729623209,1.03672962321
      ,1.036729623209,1.03672962321,1.036729623209,1.03672962321
      ,1.036729623209,1.03672962321,1.03672962321,1.03672962321
      ,1.036729623209,1.03672962321,1.036729623209,1.036729623211
      ,1.036729623209,1.03672962321,1.036729623209,1.03672962321
      ,1.03672962321,1.03672962321,1.036729623209,1.03672962321
      ,1.036729623209,1.03672962321,1.036729623209,1.03672962321
      ,1.03672962321,1.03672962321,1.03672962321,1.03672962321
      ,1.03672962321,1.03672962321,1.03672962321,1.03672962321
      ,1.03672962321,1.03672962321,1.03672962321,1.03672962321
      ,1.03672962321,1.03672962321,1.036729623209,1.03672962321
      ,1.036729623209,1.03672962321,1.036729623209,1.03672962321
      ,1.03672962321,1.03672962321,1.03672962321,1.03672962321
      ,1.03672962321,1.036729623209,1.03672962321,1.036729623209
      ,1.03672962321,1.036729623209,1.03672962321,1.03672962321
      ,1.03672962321,1.03672962321,1.03672962321,1.036729623209
      ,1.03672962321,1.036729623209,1.03672962321,1.03672962321
      ,1.03672962321,1.03672962321,1.03672962321,1.03672962321
      ,1.036729623209,1.03672962321,1.036729623209,1.03672962321
      ,1.036729623209,1.03672962321,1.03672962321,1.03672962321
      ,1.03672962321,1.03672962321,1.036729623209,1.03672962321
      ,1.036729623209,1.036729623211,1.036729623209,1.03672962321
      ,1.036729623209,1.03672962321,1.03672962321,1.03672962321
      ,1.03672962321,1.036729623209,1.036729623211,1.036729623209
      ,1.03672962321,1.036729623209,1.03672962321,1.03672962321
      ,1.03672962321,1.03672962321,1.03672962321,1.03672962321
      ,1.03672962321,1.036729623209,1.03672962321,1.03672962321
      ,1.03672962321,1.03672962321,1.03672962321,1.03672962321
      ,1.03672962321,1.03672962321,1.03672962321,1.03672962321
      ,1.03672962321,1.03672962321,1.03672962321,1.03672962321
      ,1.03672962321,1.03672962321,1.03672962321,1.03672962321
      ,1.03672962321,1.03672962321,1.03672962321,1.03672962321
      ,1.03672962321,1.03672962321,1.03672962321,1.03672962321
      ,1.03672962321,1.03672962321,1.036729623209,1.03672962321
      ,1.036729623209,1.03672962321,1.03672962321,1.03672962321
      ,1.03672962321,1.03672962321,1.03672962321,1.036729623209
      ,1.03672962321,1.036729623209,1.03672962321,1.036729623209
      ,1.03672962321,1.03672962321,1.03672962321,1.03672962321
      ,1.03672962321,1.03672962321,1.03672962321,1.03672962321
      ,1.03672962321,1.03672962321,1.03672962321,1.03672962321
      ,1.03672962321,1.03672962321,1.03672962321,1.03672962321
      ,1.03672962321,1.03672962321,1.03672962321,1.03672962321
      ,1.03672962321,1.03672962321,1.03672962321,1.03672962321
      ,1.03672962321,1.03672962321,1.03672962321,1.03672962321
      ,1.03672962321,1.03672962321,1.03672962321,1.03672962321
      ,1.03672962321,1.03672962321,1.03672962321,1.036729623209
      ,1.03672962321,1.036729623209,1.03672962321,1.036729623209
      ,1.03672962321,1.03672962321,1.03672962321,1.03672962321
      ,1.03672962321,1.03672962321,1.03672962321,1.03672962321
      ,1.03672962321,1.03672962321,1.03672962321,1.03672962321
      ,1.03672962321)
    ,(1.038346699848,1.038346699848,1.038346699847,1.038346699848
      ,1.038346699847,1.038346699848,1.038346699847,1.038346699848
      ,1.038346699847,1.038346699848,1.038346699848,1.038346699848
      ,1.038346699847,1.038346699848,1.038346699847,1.038346699848
      ,1.038346699847,1.038346699848,1.038346699847,1.038346699848
      ,1.038346699848,1.038346699848,1.038346699847,1.038346699848
      ,1.038346699847,1.038346699848,1.038346699847,1.038346699848
      ,1.038346699847,1.038346699848,1.038346699848,1.038346699848
      ,1.038346699847,1.038346699848,1.038346699847,1.038346699849
      ,1.038346699847,1.038346699848,1.038346699847,1.038346699848
      ,1.038346699848,1.038346699848,1.038346699847,1.038346699848
      ,1.038346699847,1.038346699848,1.038346699847,1.038346699848
      ,1.038346699847,1.038346699848,1.038346699848,1.038346699848
      ,1.038346699847,1.038346699848,1.038346699847,1.038346699848
      ,1.038346699847,1.038346699848,1.038346699847,1.038346699848
      ,1.038346699848,1.038346699848,1.038346699847,1.038346699848
      ,1.038346699847,1.038346699848,1.038346699847,1.038346699848
      ,1.038346699847,1.038346699848,1.038346699848,1.038346699848
      ,1.038346699847,1.038346699848,1.038346699847,1.038346699848
      ,1.038346699847,1.038346699848,1.038346699847,1.038346699848
      ,1.038346699848,1.038346699848,1.038346699847,1.038346699848
      ,1.038346699847,1.038346699848,1.038346699847,1.038346699848
      ,1.038346699847,1.038346699848,1.038346699848,1.038346699848
      ,1.038346699847,1.038346699848,1.038346699847,1.038346699848
      ,1.038346699847,1.038346699848,1.038346699847,1.038346699848
      ,1.038346699848,1.038346699848,1.038346699847,1.038346699848
      ,1.038346699847,1.038346699849,1.038346699847,1.038346699848
      ,1.038346699847,1.038346699848,1.038346699848,1.038346699848
      ,1.038346699847,1.038346699848,1.038346699847,1.038346699848
      ,1.038346699847,1.038346699848,1.038346699847,1.038346699848
      ,1.038346699848,1.038346699848,1.038346699847,1.038346699848
      ,1.038346699847,1.038346699849,1.038346699847,1.038346699848
      ,1.038346699847,1.038346699848,1.038346699848,1.038346699848
      ,1.038346699847,1.038346699848,1.038346699847,1.038346699848
      ,1.038346699847,1.038346699848,1.038346699847,1.038346699848
      ,1.038346699848,1.038346699848,1.038346699847,1.038346699848
      ,1.038346699847,1.038346699848,1.038346699847,1.038346699848
      ,1.038346699847,1.038346699848,1.038346699848,1.038346699848
      ,1.038346699847,1.038346699848,1.038346699848,1.038346699847
      ,1.038346699848,1.038346699847,1.038346699848,1.038346699847
      ,1.038346699848,1.038346699848,1.038346699847,1.038346699848
      ,1.038346699847,1.038346699848,1.038346699847,1.038346699848
      ,1.038346699847,1.038346699848,1.038346699848,1.038346699847
      ,1.038346699848,1.038346699847,1.038346699848,1.038346699847
      ,1.038346699848,1.038346699847,1.038346699848,1.038346699847
      ,1.038346699848,1.038346699847,1.038346699848,1.038346699847
      ,1.038346699848,1.038346699847,1.038346699848,1.038346699847
      ,1.038346699848,1.038346699847,1.038346699848,1.038346699848
      ,1.038346699847,1.038346699848,1.038346699847,1.038346699848
      ,1.038346699847,1.038346699848,1.038346699847,1.038346699848
      ,1.038346699848,1.038346699848,1.038346699847,1.038346699848
      ,1.038346699847,1.038346699849,1.038346699847,1.038346699848
      ,1.038346699847,1.038346699848,1.038346699848,1.038346699847
      ,1.038346699848,1.038346699847,1.038346699848,1.038346699847
      ,1.038346699848,1.038346699847,1.038346699848,1.038346699847
      ,1.038346699848,1.038346699848,1.038346699847,1.038346699848
      ,1.038346699847,1.038346699848,1.038346699847,1.038346699848
      ,1.038346699847,1.038346699848,1.038346699848,1.038346699848
      ,1.038346699847,1.038346699848,1.038346699847,1.038346699848
      ,1.038346699847,1.038346699848,1.038346699847,1.038346699848
      ,1.038346699848,1.038346699848,1.038346699847,1.038346699848
      ,1.038346699847,1.038346699848,1.038346699847,1.038346699848
      ,1.038346699847,1.038346699848,1.038346699848,1.038346699847
      ,1.038346699848,1.038346699847,1.038346699848,1.038346699847
      ,1.038346699848,1.038346699847,1.038346699848,1.038346699847
      ,1.038346699848,1.038346699847,1.038346699848,1.038346699847
      ,1.038346699848,1.038346699847,1.038346699848,1.038346699847
      ,1.038346699848,1.038346699847,1.038346699848,1.038346699848
      ,1.038346699848,1.038346699848,1.038346699847,1.038346699848
      ,1.038346699847,1.038346699848,1.038346699847,1.038346699848
      ,1.038346699848,1.038346699848,1.038346699847,1.038346699848
      ,1.038346699847,1.038346699848,1.038346699847,1.038346699848
      ,1.038346699847,1.038346699848,1.038346699848,1.038346699848
      ,1.038346699847,1.038346699848,1.038346699847,1.038346699848
      ,1.038346699847,1.038346699848,1.038346699847,1.038346699848
      ,1.038346699848,1.038346699847,1.038346699848,1.038346699847
      ,1.038346699848,1.038346699847,1.038346699848,1.038346699848
      ,1.038346699847,1.038346699848,1.038346699848,1.038346699848
      ,1.038346699847,1.038346699848,1.038346699848,1.038346699847
      ,1.038346699848,1.038346699847,1.038346699848,1.038346699847
      ,1.038346699848)
    ,(0.853534330196,0.853534330196,0.853534330196,0.853534330196
      ,0.853534330196,0.853534330197,0.853534330196,0.853534330196
      ,0.853534330196,0.853534330196,0.853534330196,0.853534330196
      ,0.853534330196,0.853534330197,0.853534330196,0.853534330197
      ,0.853534330196,0.853534330197,0.853534330196,0.853534330196
      ,0.853534330196,0.853534330196,0.853534330196,0.853534330196
      ,0.853534330196,0.853534330197,0.853534330196,0.853534330196
      ,0.853534330196,0.853534330196,0.853534330196,0.853534330196
      ,0.853534330196,0.853534330197,0.853534330195,0.853534330197
      ,0.853534330195,0.853534330197,0.853534330196,0.853534330196
      ,0.853534330196,0.853534330196,0.853534330196,0.853534330197
      ,0.853534330195,0.853534330197,0.853534330196,0.853534330197
      ,0.853534330196,0.853534330196,0.853534330196,0.853534330196
      ,0.853534330196,0.853534330196,0.853534330196,0.853534330197
      ,0.853534330196,0.853534330196,0.853534330196,0.853534330196
      ,0.853534330196,0.853534330196,0.853534330196,0.853534330196
      ,0.853534330196,0.853534330196,0.853534330196,0.853534330196
      ,0.853534330196,0.853534330196,0.853534330196,0.853534330196
      ,0.853534330196,0.853534330197,0.853534330196,0.853534330197
      ,0.853534330196,0.853534330196,0.853534330196,0.853534330196
      ,0.853534330196,0.853534330196,0.853534330196,0.853534330196
      ,0.853534330196,0.853534330196,0.853534330196,0.853534330196
      ,0.853534330196,0.853534330196,0.853534330196,0.853534330196
      ,0.853534330196,0.853534330197,0.853534330196,0.853534330197
      ,0.853534330196,0.853534330196,0.853534330196,0.853534330196
      ,0.853534330196,0.853534330196,0.853534330196,0.853534330197
      ,0.853534330195,0.853534330197,0.853534330196,0.853534330196
      ,0.853534330196,0.853534330196,0.853534330196,0.853534330196
      ,0.853534330196,0.853534330197,0.853534330195,0.853534330197
      ,0.853534330195,0.853534330197,0.853534330196,0.853534330196
      ,0.853534330196,0.853534330196,0.853534330196,0.853534330197
      ,0.853534330196,0.853534330197,0.853534330196,0.853534330196
      ,0.853534330196,0.853534330196,0.853534330196,0.853534330196
      ,0.853534330196,0.853534330197,0.853534330196,0.853534330197
      ,0.853534330196,0.853534330196,0.853534330196,0.853534330196
      ,0.853534330196,0.853534330196,0.853534330196,0.853534330197
      ,0.853534330196,0.853534330197,0.853534330196,0.853534330196
      ,0.853534330196,0.853534330196,0.853534330196,0.853534330196
      ,0.853534330196,0.853534330196,0.853534330196,0.853534330196
      ,0.853534330196,0.853534330196,0.853534330196,0.853534330196
      ,0.853534330196,0.853534330196,0.853534330196,0.853534330197
      ,0.853534330196,0.853534330197,0.853534330196,0.853534330196
      ,0.853534330196,0.853534330196,0.853534330196,0.853534330196
      ,0.853534330196,0.853534330196,0.853534330196,0.853534330196
      ,0.853534330197,0.853534330196,0.853534330196,0.853534330196
      ,0.853534330196,0.853534330196,0.853534330196,0.853534330196
      ,0.853534330196,0.853534330196,0.853534330196,0.853534330196
      ,0.853534330196,0.853534330196,0.853534330196,0.853534330196
      ,0.853534330196,0.853534330197,0.853534330196,0.853534330197
      ,0.853534330196,0.853534330196,0.853534330196,0.853534330196
      ,0.853534330196,0.853534330196,0.853534330196,0.853534330197
      ,0.853534330195,0.853534330197,0.853534330196,0.853534330197
      ,0.853534330196,0.853534330196,0.853534330196,0.853534330196
      ,0.853534330196,0.853534330196,0.853534330197,0.853534330196
      ,0.853534330197,0.853534330196,0.853534330196,0.853534330196
      ,0.853534330196,0.853534330196,0.853534330196,0.853534330196
      ,0.853534330196,0.853534330196,0.853534330196,0.853534330196
      ,0.853534330196,0.853534330196,0.853534330196,0.853534330196
      ,0.853534330196,0.853534330196,0.853534330196,0.853534330196
      ,0.853534330196,0.853534330196,0.853534330196,0.853534330196
      ,0.853534330196,0.853534330196,0.853534330196,0.853534330196
      ,0.853534330196,0.853534330196,0.853534330196,0.853534330196
      ,0.853534330196,0.853534330196,0.853534330196,0.853534330196
      ,0.853534330196,0.853534330196,0.853534330196,0.853534330196
      ,0.853534330196,0.853534330196,0.853534330196,0.853534330196
      ,0.853534330196,0.853534330196,0.853534330196,0.853534330196
      ,0.853534330197,0.853534330196,0.853534330197,0.853534330196
      ,0.853534330196,0.853534330196,0.853534330196,0.853534330196
      ,0.853534330196,0.853534330196,0.853534330196,0.853534330196
      ,0.853534330196,0.853534330196,0.853534330196,0.853534330196
      ,0.853534330196,0.853534330196,0.853534330196,0.853534330196
      ,0.853534330196,0.853534330196,0.853534330196,0.853534330196
      ,0.853534330196,0.853534330196,0.853534330196,0.853534330196
      ,0.853534330196,0.853534330196,0.853534330196,0.853534330196
      ,0.853534330196,0.853534330196,0.853534330196,0.853534330196
      ,0.853534330196,0.853534330196,0.853534330196,0.853534330196
      ,0.853534330197,0.853534330196,0.853534330197,0.853534330196
      ,0.853534330196,0.853534330196,0.853534330196,0.853534330196
      ,0.853534330196,0.853534330196,0.853534330196,0.853534330196
      ,0.853534330196,0.853534330196,0.853534330196,0.853534330196
      ,0.853534330196)
    ,(1.038346699848,1.038346699848,1.038346699847,1.038346699848
      ,1.038346699847,1.038346699848,1.038346699847,1.038346699848
      ,1.038346699847,1.038346699848,1.038346699848,1.038346699848
      ,1.038346699847,1.038346699848,1.038346699847,1.038346699848
      ,1.038346699847,1.038346699848,1.038346699847,1.038346699848
      ,1.038346699848,1.038346699848,1.038346699847,1.038346699848
      ,1.038346699847,1.038346699848,1.038346699847,1.038346699848
      ,1.038346699847,1.038346699848,1.038346699848,1.038346699848
      ,1.038346699847,1.038346699848,1.038346699846,1.038346699849
      ,1.038346699846,1.038346699848,1.038346699847,1.038346699848
      ,1.038346699848,1.038346699848,1.038346699847,1.038346699848
      ,1.038346699847,1.038346699848,1.038346699847,1.038346699848
      ,1.038346699847,1.038346699848,1.038346699848,1.038346699848
      ,1.038346699847,1.038346699848,1.038346699847,1.038346699848
      ,1.038346699847,1.038346699848,1.038346699847,1.038346699848
      ,1.038346699848,1.038346699848,1.038346699847,1.038346699848
      ,1.038346699847,1.038346699848,1.038346699847,1.038346699848
      ,1.038346699847,1.038346699848,1.038346699848,1.038346699848
      ,1.038346699847,1.038346699848,1.038346699847,1.038346699848
      ,1.038346699847,1.038346699848,1.038346699847,1.038346699848
      ,1.038346699848,1.038346699848,1.038346699847,1.038346699848
      ,1.038346699847,1.038346699848,1.038346699847,1.038346699848
      ,1.038346699847,1.038346699848,1.038346699848,1.038346699848
      ,1.038346699847,1.038346699848,1.038346699847,1.038346699848
      ,1.038346699847,1.038346699848,1.038346699847,1.038346699848
      ,1.038346699848,1.038346699848,1.038346699847,1.038346699848
      ,1.038346699846,1.038346699849,1.038346699847,1.038346699848
      ,1.038346699847,1.038346699848,1.038346699848,1.038346699848
      ,1.038346699847,1.038346699848,1.038346699847,1.038346699848
      ,1.038346699847,1.038346699848,1.038346699847,1.038346699848
      ,1.038346699848,1.038346699848,1.038346699847,1.038346699848
      ,1.038346699847,1.038346699849,1.038346699847,1.038346699848
      ,1.038346699847,1.038346699848,1.038346699848,1.038346699848
      ,1.038346699847,1.038346699848,1.038346699847,1.038346699848
      ,1.038346699847,1.038346699848,1.038346699847,1.038346699848
      ,1.038346699848,1.038346699848,1.038346699847,1.038346699848
      ,1.038346699847,1.038346699848,1.038346699847,1.038346699848
      ,1.038346699847,1.038346699848,1.038346699848,1.038346699848
      ,1.038346699848,1.038346699847,1.038346699848,1.038346699847
      ,1.038346699848,1.038346699847,1.038346699848,1.038346699847
      ,1.038346699848,1.038346699848,1.038346699847,1.038346699848
      ,1.038346699847,1.038346699848,1.038346699847,1.038346699848
      ,1.038346699847,1.038346699848,1.038346699848,1.038346699847
      ,1.038346699848,1.038346699847,1.038346699848,1.038346699847
      ,1.038346699848,1.038346699847,1.038346699848,1.038346699847
      ,1.038346699848,1.038346699847,1.038346699848,1.038346699847
      ,1.038346699848,1.038346699847,1.038346699848,1.038346699847
      ,1.038346699848,1.038346699847,1.038346699848,1.038346699848
      ,1.038346699847,1.038346699848,1.038346699847,1.038346699848
      ,1.038346699847,1.038346699848,1.038346699847,1.038346699848
      ,1.038346699848,1.038346699848,1.038346699847,1.038346699848
      ,1.038346699846,1.038346699849,1.038346699847,1.038346699848
      ,1.038346699847,1.038346699848,1.038346699848,1.038346699847
      ,1.038346699848,1.038346699847,1.038346699848,1.038346699847
      ,1.038346699848,1.038346699847,1.038346699848,1.038346699847
      ,1.038346699848,1.038346699848,1.038346699848,1.038346699848
      ,1.038346699847,1.038346699848,1.038346699847,1.038346699848
      ,1.038346699847,1.038346699848,1.038346699848,1.038346699848
      ,1.038346699847,1.038346699848,1.038346699847,1.038346699848
      ,1.038346699847,1.038346699848,1.038346699848,1.038346699848
      ,1.038346699848,1.038346699848,1.038346699847,1.038346699848
      ,1.038346699847,1.038346699848,1.038346699847,1.038346699848
      ,1.038346699847,1.038346699848,1.038346699848,1.038346699848
      ,1.038346699847,1.038346699848,1.038346699847,1.038346699848
      ,1.038346699847,1.038346699848,1.038346699847,1.038346699848
      ,1.038346699848,1.038346699847,1.038346699848,1.038346699847
      ,1.038346699848,1.038346699847,1.038346699848,1.038346699847
      ,1.038346699848,1.038346699847,1.038346699848,1.038346699848
      ,1.038346699847,1.038346699848,1.038346699847,1.038346699848
      ,1.038346699847,1.038346699848,1.038346699847,1.038346699848
      ,1.038346699848,1.038346699848,1.038346699847,1.038346699848
      ,1.038346699847,1.038346699848,1.038346699847,1.038346699848
      ,1.038346699848,1.038346699848,1.038346699848,1.038346699848
      ,1.038346699847,1.038346699848,1.038346699847,1.038346699848
      ,1.038346699847,1.038346699848,1.038346699847,1.038346699848
      ,1.038346699848,1.038346699847,1.038346699848,1.038346699847
      ,1.038346699848,1.038346699847,1.038346699848,1.038346699847
      ,1.038346699848,1.038346699848,1.038346699848,1.038346699848
      ,1.038346699847,1.038346699848,1.038346699847,1.038346699848
      ,1.038346699847,1.038346699848,1.038346699847,1.038346699848
      ,1.038346699848)
    ,(1.03672962321,1.03672962321,1.036729623209,1.03672962321
      ,1.036729623209,1.03672962321,1.036729623209,1.03672962321
      ,1.036729623209,1.03672962321,1.03672962321,1.03672962321
      ,1.036729623209,1.03672962321,1.036729623209,1.036729623211
      ,1.036729623209,1.03672962321,1.036729623209,1.03672962321
      ,1.03672962321,1.03672962321,1.036729623209,1.03672962321
      ,1.036729623209,1.03672962321,1.036729623209,1.03672962321
      ,1.036729623209,1.03672962321,1.03672962321,1.03672962321
      ,1.036729623209,1.03672962321,1.036729623209,1.036729623211
      ,1.036729623209,1.03672962321,1.036729623209,1.03672962321
      ,1.03672962321,1.03672962321,1.036729623209,1.03672962321
      ,1.036729623209,1.03672962321,1.036729623209,1.03672962321
      ,1.03672962321,1.03672962321,1.03672962321,1.03672962321
      ,1.03672962321,1.03672962321,1.036729623209,1.03672962321
      ,1.036729623209,1.03672962321,1.03672962321,1.03672962321
      ,1.03672962321,1.03672962321,1.036729623209,1.03672962321
      ,1.036729623209,1.03672962321,1.036729623209,1.03672962321
      ,1.03672962321,1.03672962321,1.03672962321,1.03672962321
      ,1.036729623209,1.03672962321,1.036729623209,1.036729623211
      ,1.036729623209,1.03672962321,1.036729623209,1.03672962321
      ,1.03672962321,1.03672962321,1.03672962321,1.03672962321
      ,1.036729623209,1.03672962321,1.03672962321,1.03672962321
      ,1.03672962321,1.03672962321,1.03672962321,1.03672962321
      ,1.036729623209,1.03672962321,1.036729623209,1.03672962321
      ,1.036729623209,1.03672962321,1.03672962321,1.03672962321
      ,1.03672962321,1.03672962321,1.036729623209,1.03672962321
      ,1.036729623209,1.03672962321,1.036729623209,1.03672962321
      ,1.036729623209,1.03672962321,1.03672962321,1.03672962321
      ,1.036729623209,1.03672962321,1.036729623209,1.03672962321
      ,1.036729623209,1.03672962321,1.036729623209,1.03672962321
      ,1.03672962321,1.03672962321,1.036729623209,1.03672962321
      ,1.036729623209,1.03672962321,1.036729623209,1.03672962321
      ,1.036729623209,1.03672962321,1.03672962321,1.03672962321
      ,1.036729623209,1.03672962321,1.036729623209,1.036729623211
      ,1.036729623209,1.03672962321,1.036729623209,1.03672962321
      ,1.03672962321,1.03672962321,1.036729623209,1.03672962321
      ,1.036729623209,1.03672962321,1.036729623209,1.03672962321
      ,1.036729623209,1.03672962321,1.03672962321,1.03672962321
      ,1.03672962321,1.03672962321,1.03672962321,1.03672962321
      ,1.03672962321,1.03672962321,1.03672962321,1.03672962321
      ,1.03672962321,1.03672962321,1.036729623209,1.03672962321
      ,1.036729623209,1.03672962321,1.036729623209,1.03672962321
      ,1.036729623209,1.03672962321,1.03672962321,1.03672962321
      ,1.03672962321,1.036729623209,1.03672962321,1.036729623209
      ,1.03672962321,1.036729623209,1.03672962321,1.03672962321
      ,1.03672962321,1.03672962321,1.03672962321,1.036729623209
      ,1.03672962321,1.036729623209,1.03672962321,1.036729623209
      ,1.03672962321,1.03672962321,1.03672962321,1.03672962321
      ,1.036729623209,1.03672962321,1.036729623209,1.03672962321
      ,1.036729623209,1.03672962321,1.03672962321,1.03672962321
      ,1.03672962321,1.03672962321,1.036729623209,1.03672962321
      ,1.036729623209,1.036729623211,1.036729623209,1.03672962321
      ,1.036729623209,1.03672962321,1.03672962321,1.03672962321
      ,1.03672962321,1.036729623209,1.036729623211,1.036729623209
      ,1.03672962321,1.036729623209,1.03672962321,1.03672962321
      ,1.03672962321,1.03672962321,1.03672962321,1.03672962321
      ,1.03672962321,1.03672962321,1.03672962321,1.03672962321
      ,1.03672962321,1.03672962321,1.03672962321,1.03672962321
      ,1.03672962321,1.03672962321,1.03672962321,1.03672962321
      ,1.03672962321,1.03672962321,1.03672962321,1.03672962321
      ,1.03672962321,1.03672962321,1.03672962321,1.03672962321
      ,1.03672962321,1.036729623209,1.03672962321,1.03672962321
      ,1.03672962321,1.03672962321,1.03672962321,1.03672962321
      ,1.03672962321,1.03672962321,1.036729623209,1.03672962321
      ,1.036729623209,1.03672962321,1.03672962321,1.03672962321
      ,1.03672962321,1.03672962321,1.03672962321,1.036729623209
      ,1.03672962321,1.036729623209,1.03672962321,1.036729623209
      ,1.03672962321,1.03672962321,1.03672962321,1.03672962321
      ,1.03672962321,1.03672962321,1.036729623209,1.03672962321
      ,1.036729623209,1.03672962321,1.03672962321,1.03672962321
      ,1.03672962321,1.03672962321,1.03672962321,1.03672962321
      ,1.03672962321,1.03672962321,1.03672962321,1.03672962321
      ,1.03672962321,1.03672962321,1.03672962321,1.03672962321
      ,1.03672962321,1.03672962321,1.03672962321,1.036729623209
      ,1.03672962321,1.03672962321,1.03672962321,1.03672962321
      ,1.03672962321,1.03672962321,1.03672962321,1.036729623209
      ,1.03672962321,1.036729623209,1.03672962321,1.036729623209
      ,1.03672962321,1.03672962321,1.03672962321,1.03672962321
      ,1.03672962321,1.03672962321,1.03672962321,1.03672962321
      ,1.03672962321,1.03672962321,1.03672962321,1.03672962321
      ,1.03672962321)
    ,(1.669078461068,1.669078461068,1.669078461068,1.669078461069
      ,1.669078461068,1.669078461069,1.669078461068,1.669078461068
      ,1.669078461068,1.669078461068,1.669078461068,1.669078461068
      ,1.669078461068,1.669078461069,1.669078461067,1.669078461069
      ,1.669078461067,1.669078461069,1.669078461068,1.669078461068
      ,1.669078461068,1.669078461068,1.669078461068,1.669078461069
      ,1.669078461068,1.669078461069,1.669078461068,1.669078461068
      ,1.669078461068,1.669078461068,1.669078461068,1.669078461068
      ,1.669078461068,1.669078461069,1.669078461067,1.66907846107
      ,1.669078461067,1.669078461069,1.669078461068,1.669078461068
      ,1.669078461068,1.669078461068,1.669078461068,1.669078461069
      ,1.669078461067,1.669078461069,1.669078461067,1.669078461069
      ,1.669078461068,1.669078461068,1.669078461068,1.669078461068
      ,1.669078461068,1.669078461068,1.669078461068,1.669078461069
      ,1.669078461068,1.669078461068,1.669078461068,1.669078461068
      ,1.669078461068,1.669078461068,1.669078461068,1.669078461069
      ,1.669078461068,1.669078461069,1.669078461068,1.669078461069
      ,1.669078461068,1.669078461068,1.669078461068,1.669078461068
      ,1.669078461068,1.669078461069,1.669078461067,1.66907846107
      ,1.669078461067,1.669078461069,1.669078461068,1.669078461068
      ,1.669078461068,1.669078461068,1.669078461068,1.669078461068
      ,1.669078461068,1.669078461069,1.669078461068,1.669078461068
      ,1.669078461068,1.669078461068,1.669078461068,1.669078461068
      ,1.669078461068,1.669078461069,1.669078461067,1.669078461069
      ,1.669078461068,1.669078461069,1.669078461068,1.669078461068
      ,1.669078461068,1.669078461068,1.669078461068,1.669078461069
      ,1.669078461067,1.669078461069,1.669078461067,1.669078461069
      ,1.669078461068,1.669078461068,1.669078461068,1.669078461068
      ,1.669078461068,1.669078461069,1.669078461067,1.66907846107
      ,1.669078461067,1.669078461069,1.669078461068,1.669078461068
      ,1.669078461068,1.669078461068,1.669078461068,1.669078461069
      ,1.669078461067,1.669078461069,1.669078461068,1.669078461069
      ,1.669078461068,1.669078461068,1.669078461068,1.669078461068
      ,1.669078461068,1.669078461069,1.669078461067,1.66907846107
      ,1.669078461067,1.669078461069,1.669078461068,1.669078461068
      ,1.669078461068,1.669078461068,1.669078461068,1.669078461069
      ,1.669078461067,1.669078461069,1.669078461068,1.669078461069
      ,1.669078461068,1.669078461068,1.669078461068,1.669078461068
      ,1.669078461068,1.669078461068,1.669078461068,1.669078461068
      ,1.669078461068,1.669078461068,1.669078461068,1.669078461068
      ,1.669078461068,1.669078461068,1.669078461068,1.669078461069
      ,1.669078461067,1.669078461069,1.669078461067,1.669078461069
      ,1.669078461068,1.669078461068,1.669078461068,1.669078461068
      ,1.669078461068,1.669078461068,1.669078461069,1.669078461067
      ,1.669078461069,1.669078461068,1.669078461068,1.669078461068
      ,1.669078461068,1.669078461068,1.669078461068,1.669078461068
      ,1.669078461068,1.669078461068,1.669078461068,1.669078461068
      ,1.669078461068,1.669078461068,1.669078461068,1.669078461068
      ,1.669078461068,1.669078461069,1.669078461067,1.669078461069
      ,1.669078461067,1.669078461069,1.669078461068,1.669078461068
      ,1.669078461068,1.669078461068,1.669078461068,1.669078461069
      ,1.669078461067,1.66907846107,1.669078461067,1.669078461069
      ,1.669078461068,1.669078461068,1.669078461068,1.669078461068
      ,1.669078461069,1.669078461067,1.669078461069,1.669078461067
      ,1.669078461069,1.669078461068,1.669078461068,1.669078461068
      ,1.669078461068,1.669078461068,1.669078461068,1.669078461068
      ,1.669078461068,1.669078461068,1.669078461068,1.669078461068
      ,1.669078461068,1.669078461068,1.669078461068,1.669078461068
      ,1.669078461068,1.669078461068,1.669078461068,1.669078461068
      ,1.669078461068,1.669078461068,1.669078461068,1.669078461068
      ,1.669078461068,1.669078461068,1.669078461068,1.669078461068
      ,1.669078461068,1.669078461068,1.669078461068,1.669078461068
      ,1.669078461068,1.669078461068,1.669078461068,1.669078461068
      ,1.669078461068,1.669078461068,1.669078461068,1.669078461068
      ,1.669078461068,1.669078461068,1.669078461068,1.669078461068
      ,1.669078461068,1.669078461068,1.669078461068,1.669078461068
      ,1.669078461069,1.669078461067,1.669078461069,1.669078461068
      ,1.669078461069,1.669078461068,1.669078461068,1.669078461068
      ,1.669078461068,1.669078461068,1.669078461068,1.669078461068
      ,1.669078461068,1.669078461068,1.669078461068,1.669078461068
      ,1.669078461068,1.669078461068,1.669078461068,1.669078461068
      ,1.669078461068,1.669078461068,1.669078461068,1.669078461068
      ,1.669078461068,1.669078461068,1.669078461068,1.669078461068
      ,1.669078461068,1.669078461068,1.669078461068,1.669078461068
      ,1.669078461068,1.669078461068,1.669078461068,1.669078461068
      ,1.669078461068,1.669078461068,1.669078461069,1.669078461068
      ,1.669078461069,1.669078461067,1.669078461069,1.669078461068
      ,1.669078461068,1.669078461068,1.669078461068,1.669078461068
      ,1.669078461068,1.669078461068,1.669078461068,1.669078461068
      ,1.669078461068,1.669078461068,1.669078461068,1.669078461068
,1.669078461068))) REPRESENTATION_ITEM('') SURFACE() );
#369 = CARTESIAN_POINT('',(7.9,5.051514762044E-15,1.5));
#370 = CARTESIAN_POINT('',(7.899999999999,3.769312255361,1.943770333302)
  );
#371 = CARTESIAN_POINT('',(5.901881673523,7.538817048145,2.387449037214)
  );
#372 = CARTESIAN_POINT('',(1.904108970993,10.115300829045,2.831339946104
    ));
#373 = CARTESIAN_POINT('',(-3.27379571342,10.312512915236,3.274929631601
    ));
#374 = CARTESIAN_POINT('',(-8.029764300964,7.570175957153,3.718752506522
    ));
#375 = CARTESIAN_POINT('',(-10.48735773684,2.661012720105,4.162575381525
    ));
#376 = CARTESIAN_POINT('',(-9.985660759246,-2.496301472341,
    4.606165066961));
#377 = CARTESIAN_POINT('',(-7.178293867671,-6.335461066109,
    5.050055975884));
#378 = CARTESIAN_POINT('',(-3.297696197423,-8.108200458112,
    5.493734679783));
#379 = CARTESIAN_POINT('',(0.465078621611,-7.886298363338,5.937505013089
    ));
#380 = CARTESIAN_POINT('',(4.22785555023,-7.664395796062,6.381260663214)
  );
#381 = CARTESIAN_POINT('',(7.873188170903,-5.447829418438,6.824963836652
    ));
#382 = CARTESIAN_POINT('',(10.209856047565,-1.305310457505,
    7.268821555325));
#383 = CARTESIAN_POINT('',(10.101893296479,3.875223438283,7.712448359131
    ));
#384 = CARTESIAN_POINT('',(7.084329907507,8.461500035396,8.156236900238)
  );
#385 = CARTESIAN_POINT('',(2.038996784077,10.625824437883,8.600085890562
    ));
#386 = CARTESIAN_POINT('',(-3.079834981276,9.821382504553,9.04365951715)
  );
#387 = CARTESIAN_POINT('',(-6.747065147535,6.792870205058,9.487558124808
    ));
#388 = CARTESIAN_POINT('',(-8.288275630432,2.814640433877,9.931234178466
    ));
#389 = CARTESIAN_POINT('',(-7.845240895561,-0.928544716468,
    10.375005013091));
#390 = CARTESIAN_POINT('',(-7.402205420374,-4.671731927833,
    10.818761164516));
#391 = CARTESIAN_POINT('',(-4.974880151076,-8.180251144434,
    11.262461687757));
#392 = CARTESIAN_POINT('',(-0.701983315727,-10.2689927111,
    11.706327105101));
#393 = CARTESIAN_POINT('',(4.463207363601,-9.856235425939,
    12.149937850118));
#394 = CARTESIAN_POINT('',(8.863886923475,-6.573907212029,
    12.593752506522));
#395 = CARTESIAN_POINT('',(10.727429816425,-1.409910023102,
    13.037567163007));
#396 = CARTESIAN_POINT('',(9.623038669226,3.652686497656,13.481177907966
    ));
#397 = CARTESIAN_POINT('',(6.383881455479,7.135264456478,13.925043325338
    ));
#398 = CARTESIAN_POINT('',(2.321822686296,8.439600920946,14.368743848572
    ));
#399 = CARTESIAN_POINT('',(-1.388790611482,7.77696988791,14.812499999996
    ));
#400 = CARTESIAN_POINT('',(-5.099401739084,7.114338815506,
    15.256270333313));
#401 = CARTESIAN_POINT('',(-8.458940636986,4.48467312897,15.699949037198
    ));
#402 = CARTESIAN_POINT('',(-10.29250615401,9.622320341979E-02,
    16.143839946116));
#403 = CARTESIAN_POINT('',(-9.576390589846,-5.035712886066,
    16.587429631602));
#404 = CARTESIAN_POINT('',(-6.040679644483,-9.235522085077,
    17.031252506506));
#405 = CARTESIAN_POINT('',(-0.775933143204,-10.79182972227,
    17.475075381549));
#406 = CARTESIAN_POINT('',(4.212867505484,-9.391309238894,
    17.918665066938));
#407 = CARTESIAN_POINT('',(7.498713552795,-5.952752709805,
    18.362555975901));
#408 = CARTESIAN_POINT('',(8.561650674223,-1.820948272733,
    18.806234679775));
#409 = CARTESIAN_POINT('',(7.681722541198,1.844217666091,19.250005013091
    ));
#410 = CARTESIAN_POINT('',(6.801793502456,5.50938557744,19.693761164517)
  );
#411 = CARTESIAN_POINT('',(3.978911125096,8.708283847127,20.137461687753
    ));
#412 = CARTESIAN_POINT('',(-0.509873189617,10.280322038089,
    20.581327105113));
#413 = CARTESIAN_POINT('',(-5.590746710341,9.263322727986,
    21.024937850096));
#414 = CARTESIAN_POINT('',(-9.575126454546,5.486501690872,
    21.468752506551));
#415 = CARTESIAN_POINT('',(-10.81878932965,0.139262989051,
    21.912567162978));
#416 = CARTESIAN_POINT('',(-9.127008897803,-4.758434664782,
    22.356177907988));
#417 = CARTESIAN_POINT('',(-5.500970891987,-7.836150875717,
    22.800043325324));
#418 = CARTESIAN_POINT('',(-1.313760144574,-8.654002459785,
    23.243743848579));
#419 = CARTESIAN_POINT('',(2.293248950311,-7.559828652284,
    23.687499999993));
#420 = CARTESIAN_POINT('',(5.900255860219,-6.465654992418,
    24.131270834636));
#421 = CARTESIAN_POINT('',(8.927424041955,-3.459345849387,
    24.574946888252));
#422 = CARTESIAN_POINT('',(10.232472750344,1.114198915163,
    25.018845495975));
#423 = CARTESIAN_POINT('',(8.918127367841,6.126390219628,25.462419122488
    ));
#424 = CARTESIAN_POINT('',(4.913288398532,9.881513558217,25.906268112884
    ));
#425 = CARTESIAN_POINT('',(-0.497887908225,10.808224299004,
    26.350056653927));
#426 = CARTESIAN_POINT('',(-5.287496804669,8.831045999586,
    26.793683457794));
#427 = CARTESIAN_POINT('',(-8.146406213891,5.030109655159,
    27.237541176407));
#428 = CARTESIAN_POINT('',(-8.716335231286,0.802013471606,
    27.681244349896));
#429 = CARTESIAN_POINT('',(-7.411711553787,-2.734324750914,
    28.124999999986));
#430 = CARTESIAN_POINT('',(-6.107088288757,-6.270660851273,
    28.568770333341));
#431 = CARTESIAN_POINT('',(-2.927781081187,-9.115594753744,
    29.012449037146));
#432 = CARTESIAN_POINT('',(1.714659615164,-10.14913219144,
    29.456339946182));
#433 = CARTESIAN_POINT('',(6.640783395208,-8.541993730862,
    29.899929631547));
#434 = CARTESIAN_POINT('',(10.153622320507,-4.323035105545,
    30.343752506524));
#435 = CARTESIAN_POINT('',(10.760170056969,1.133314317634,30.78757538157
    ));
#436 = CARTESIAN_POINT('',(8.504447888588,5.798215928148,31.231165066897
    ));
#437 = CARTESIAN_POINT('',(4.541801973933,8.428404629623,31.675055975937
    ));
#438 = CARTESIAN_POINT('',(0.287483520167,8.748432322708,32.118734679755
    ));
#439 = CARTESIAN_POINT('',(-3.16591511407,7.237885153162,32.562505013097
    ));
#440 = CARTESIAN_POINT('',(-6.619315563971,5.72733681015,33.006260663192
    ));
#441 = CARTESIAN_POINT('',(-9.272143613793,2.386061640434,33.44996383669
    ));
#442 = CARTESIAN_POINT('',(-10.03058869897,-2.309174366447,
    33.893821555284));
#443 = CARTESIAN_POINT('',(-8.136227835192,-7.132138633254,
    34.337448359156));
#444 = CARTESIAN_POINT('',(-3.717787449322,-10.39051344106,
    34.781236900241));
#445 = CARTESIAN_POINT('',(1.764809966657,-10.67478799095,
    35.225085890532));
#446 = CARTESIAN_POINT('',(6.288822504422,-8.148352552551,
    35.668659517191));
#447 = CARTESIAN_POINT('',(8.6811663088,-4.037737639652,36.112558124772)
  );
#448 = CARTESIAN_POINT('',(8.750183449916,0.228042300649,36.556234178487
    ));
#449 = CARTESIAN_POINT('',(7.038951871811,3.586524298844,37.000005013084
    ));
#450 = CARTESIAN_POINT('',(5.327718948649,6.945008011263,37.443760663222
    ));
#451 = CARTESIAN_POINT('',(1.836064733308,9.396531468684,37.887463836643
    ));
#452 = CARTESIAN_POINT('',(-2.895678175742,9.877248797357,
    38.331321555339));
#453 = CARTESIAN_POINT('',(-7.598754995995,7.702241711419,
    38.774948359108));
#454 = CARTESIAN_POINT('',(-10.59136137532,3.099641480002,
    39.218736900275));
#455 = CARTESIAN_POINT('',(-10.55237796635,-2.390182446053,
    39.662585890513));
#456 = CARTESIAN_POINT('',(-7.763992098017,-6.757615297924,
    40.106159517198));
#457 = CARTESIAN_POINT('',(-3.519667391386,-8.90381464215,
    40.550058124775));
#458 = CARTESIAN_POINT('',(0.742777118199,-8.721582187351,40.99373417848
    ));
#459 = CARTESIAN_POINT('',(3.994692621182,-6.815602017587,41.43750501309
    ));
#460 = CARTESIAN_POINT('',(7.246609715761,-4.909620343604,41.88126116455
    ));
#461 = CARTESIAN_POINT('',(9.488325000109,-1.279699181898,
    42.324961687673));
#462 = CARTESIAN_POINT('',(9.689646448253,3.472138186167,42.768827105222
    ));
#463 = CARTESIAN_POINT('',(7.241539056908,8.039011682355,43.212437849994
    ));
#464 = CARTESIAN_POINT('',(2.47074227753,10.755472096719,43.656252506625
    ));
#465 = CARTESIAN_POINT('',(-3.00726239736,10.393361805137,
    44.100067162925));
#466 = CARTESIAN_POINT('',(-7.202968897858,7.352702288009,
    44.543677908037));
#467 = CARTESIAN_POINT('',(-9.09557640983,2.989386404348,44.987543325275
    ));
#468 = CARTESIAN_POINT('',(-8.662728458851,-1.254934237173,
    45.431243848622));
#469 = CARTESIAN_POINT('',(-6.568609937187,-4.389004840859,
    45.874999999962));
#470 = CARTESIAN_POINT('',(-4.474492191077,-7.523073396486,
    46.318770834712));
#471 = CARTESIAN_POINT('',(-0.718893171788,-9.547207253356,
    46.762446888145));
#472 = CARTESIAN_POINT('',(4.036551933795,-9.468431036569,
    47.206345496053));
#473 = CARTESIAN_POINT('',(8.451385638283,-6.755718589867,
    47.649919122515));
#474 = CARTESIAN_POINT('',(10.882271238967,-1.833271875611,
    48.093768112721));
#475 = CARTESIAN_POINT('',(10.198296558622,3.613910924411,
    48.537556654185));
#476 = CARTESIAN_POINT('',(6.915904820262,7.62333630522,48.981183457522)
  );
#477 = CARTESIAN_POINT('',(2.448737923616,9.255788455157,49.425041176618
    ));
#478 = CARTESIAN_POINT('',(-1.762739518689,8.573824984329,
    49.868744349775));
#479 = CARTESIAN_POINT('',(-4.76809194143,6.298833164807,50.312500000032
    ));
#480 = CARTESIAN_POINT('',(-7.773442405854,4.023842300598,
    50.756270834503));
#481 = CARTESIAN_POINT('',(-9.572970493036,0.155594567181,
    51.199946888498));
#482 = CARTESIAN_POINT('',(-9.214374029968,-4.586965123673,
    51.643845495676));
#483 = CARTESIAN_POINT('',(-6.246461675799,-8.834442223757,
    52.087419122724));
#484 = CARTESIAN_POINT('',(-1.189444214153,-10.97132332715,
    52.531268112796));
#485 = CARTESIAN_POINT('',(4.208024908333,-9.967854896506,52.97505665387
    ));
#486 = CARTESIAN_POINT('',(8.017259343188,-6.455118010602,
    53.418683457916));
#487 = CARTESIAN_POINT('',(9.383894479374,-1.899595152694,
    53.862541176303));
#488 = CARTESIAN_POINT('',(8.455180737525,2.264430208395,54.306244349943
    ));
#489 = CARTESIAN_POINT('',(6.007207128239,5.13063958181,54.749999999984)
  );
#490 = CARTESIAN_POINT('',(3.559234587938,7.996847056496,55.193770834672
    ));
#491 = CARTESIAN_POINT('',(-0.40824376072,9.565527207773,55.637446888192
    ));
#492 = CARTESIAN_POINT('',(-5.121467142369,8.928354390277,
    56.081345496034));
#493 = CARTESIAN_POINT('',(-9.18685407594,5.715537162823,56.524919122457
    ));
#494 = CARTESIAN_POINT('',(-11.02231831255,0.541490632821,
    56.968768112879));
#495 = CARTESIAN_POINT('',(-9.702836942322,-4.787542181256,
    57.412556653954));
#496 = CARTESIAN_POINT('',(-5.971939819064,-8.38337227514,
    57.856183457762));
#497 = CARTESIAN_POINT('',(-1.343863104834,-9.479449841642,
    58.300041176429));
#498 = CARTESIAN_POINT('',(2.758266088743,-8.307207331977,
    58.743744349886));
#499 = CARTESIAN_POINT('',(5.475390164112,-5.694743413952,
    59.187499999986));
#500 = CARTESIAN_POINT('',(8.19251246048,-3.082280724276,59.631270333339
    ));
#501 = CARTESIAN_POINT('',(9.524902987208,0.970666192945,60.074949037149
    ));
#502 = CARTESIAN_POINT('',(8.611364849043,5.638203372697,60.51883994618)
  );
#503 = CARTESIAN_POINT('',(5.164785589469,9.507399792537,60.962429631549
    ));
#504 = CARTESIAN_POINT('',(-0.10833959482,11.035077765167,
    61.406252506522));
#505 = CARTESIAN_POINT('',(-5.350454523766,9.404163832402,
    61.850075381571));
#506 = CARTESIAN_POINT('',(-8.720403173673,5.468044470169,62.2936650669)
  );
#507 = CARTESIAN_POINT('',(-9.542124660609,0.783470951885,
    62.737555975931));
#508 = CARTESIAN_POINT('',(-8.130417022963,-3.24253510576,
    63.181234679761));
#509 = CARTESIAN_POINT('',(-5.362526424656,-5.801147330031,
    63.625005013093));
#510 = CARTESIAN_POINT('',(-2.594633977393,-8.359760691213,
    64.068761164491));
#511 = CARTESIAN_POINT('',(1.529719595575,-9.451237975118,
    64.512461687806));
#512 = CARTESIAN_POINT('',(6.135384973515,-8.264505012596,
    64.956327105064));
#513 = CARTESIAN_POINT('',(9.794962366255,-4.596118904659,
    65.399937850075));
#514 = CARTESIAN_POINT('',(11.009563703764,0.757795801767,
    65.843752506694));
#515 = CARTESIAN_POINT('',(9.07286494079,5.894804365306,66.287567162724)
  );
#516 = CARTESIAN_POINT('',(4.945185894227,9.027188286065,66.731177908278
    ));
#517 = CARTESIAN_POINT('',(0.220357966834,9.571697010839,67.175043325089
    ));
#518 = CARTESIAN_POINT('',(-3.715554525056,7.925426099771,
    67.618743848715));
#519 = CARTESIAN_POINT('',(-6.10678258157,5.011706944887,68.062499999944
    ));
#520 = CARTESIAN_POINT('',(-8.498008962263,2.097989169529,
    68.506270333479));
#521 = CARTESIAN_POINT('',(-9.344791134068,-2.083470286622,
    68.949949036906));
#522 = CARTESIAN_POINT('',(-7.8889750521,-6.611279336228,69.39383994645)
  );
#523 = CARTESIAN_POINT('',(-4.011510627672,-10.04855429822,
    69.837429631376));
#524 = CARTESIAN_POINT('',(1.404622955519,-10.94585369465,
    70.281252506513));
#525 = CARTESIAN_POINT('',(6.418708560092,-8.710099966026,
    70.725075381754));
#526 = CARTESIAN_POINT('',(9.302657039855,-4.40516899074,71.168665066635
    ));
#527 = CARTESIAN_POINT('',(9.568070149494,0.343516209558,71.612555976165
    ));
#528 = CARTESIAN_POINT('',(7.692941549877,4.175687391236,72.056234679621
    ));
#529 = CARTESIAN_POINT('',(4.643504082479,6.39123382735,72.500005013146)
  );
#530 = CARTESIAN_POINT('',(1.594064645268,8.606781175197,72.943761164434
    ));
#531 = CARTESIAN_POINT('',(-2.629990192685,9.205927052168,
    73.387461687848));
#532 = CARTESIAN_POINT('',(-7.064245698966,7.486082058149,
    73.831327105028));
#533 = CARTESIAN_POINT('',(-10.26728401738,3.412986323915,
    74.274937850149));
#534 = CARTESIAN_POINT('',(-10.84418109277,-2.046578572417,
    74.718752506552));
#535 = CARTESIAN_POINT('',(-8.317116023221,-6.920345207776,
    75.162567162916));
#536 = CARTESIAN_POINT('',(-3.849875907868,-9.545860221791,
    75.606177908095));
#537 = CARTESIAN_POINT('',(0.906201809819,-9.531250682952,
    76.050043325207));
#538 = CARTESIAN_POINT('',(4.62133395644,-7.433774058614,76.493743848675
    ));
#539 = CARTESIAN_POINT('',(6.653516146364,-4.259192750989,
    76.937499999933));
#540 = CARTESIAN_POINT('',(8.685696834224,-1.084613010295,
    77.381270333483));
#541 = CARTESIAN_POINT('',(9.035131636906,3.167391052331,77.824949036927
    ));
#542 = CARTESIAN_POINT('',(7.057219714894,7.492702565164,78.268839946389
    ));
#543 = CARTESIAN_POINT('',(2.802623748665,10.450404830613,
    78.712429631462));
#544 = CARTESIAN_POINT('',(-2.681433907288,10.704886312001,
    79.156252506447));
#545 = CARTESIAN_POINT('',(-7.39797948699,7.895287233995,79.600075381759
    ));
#546 = CARTESIAN_POINT('',(-9.755947370707,3.281224274349,
    80.043665066688));
#547 = CARTESIAN_POINT('',(-9.461372658123,-1.465741176232,
    80.487555976097));
#548 = CARTESIAN_POINT('',(-7.148818165824,-5.050951762906,
    80.931234679667));
#549 = CARTESIAN_POINT('',(-3.860108443438,-6.892718099905,
    81.37500501313));
#550 = CARTESIAN_POINT('',(-0.571396657747,-8.734485110783,
    81.818761164474));
#551 = CARTESIAN_POINT('',(3.693801009365,-8.832993569953,
    82.262461687783));
#552 = CARTESIAN_POINT('',(7.895174178081,-6.603878903657,
    82.706327105099));
#553 = CARTESIAN_POINT('',(10.597269426347,-2.182539219945,83.1499378501
    ));
#554 = CARTESIAN_POINT('',(10.528464665639,3.306989448163,
    83.593752506564));
#555 = CARTESIAN_POINT('',(7.446066210275,7.849948708801,84.037567162932
    ));
#556 = CARTESIAN_POINT('',(2.701194760319,9.932197075508,84.481177908069
    ));
#557 = CARTESIAN_POINT('',(-2.020198832754,9.358671806274,
    84.925043325229));
#558 = CARTESIAN_POINT('',(-5.463047437336,6.839066967714,
    85.368743848661));
#559 = CARTESIAN_POINT('',(-7.108011444016,3.447633001312,
    85.812499999941));
#560 = CARTESIAN_POINT('',(-8.752974075917,5.620073964133E-02,
    86.256270834778));
#561 = CARTESIAN_POINT('',(-8.60021762053,-4.20740188369,86.699946888019
    ));
#562 = CARTESIAN_POINT('',(-6.127628788127,-8.270254122031,
    87.143845496229));
#563 = CARTESIAN_POINT('',(-1.554885266255,-10.70737991672,
    87.587419122313));
#564 = CARTESIAN_POINT('',(3.921074005192,-10.31551703673,
    88.031268112932));
#565 = CARTESIAN_POINT('',(8.274689073078,-6.971020413829,
    88.475056653979));
#566 = CARTESIAN_POINT('',(10.073992632355,-2.111792686141,
    88.918683457709));
#567 = CARTESIAN_POINT('',(9.22350935613,2.567647269841,89.36254117647)
  );
#568 = CARTESIAN_POINT('',(6.505591398378,5.856193817666,89.806244349874
    ));
#569 = CARTESIAN_POINT('',(3.023199115682,7.29864830684,90.24999999998)
  );
#570 = CARTESIAN_POINT('',(-0.459191352552,8.741101589544,
    90.693770834649));
#571 = CARTESIAN_POINT('',(-4.706406331584,8.337608360476,
    91.137446888256));
#572 = CARTESIAN_POINT('',(-8.616648708766,5.630124584652,
    91.581345495936));
#573 = CARTESIAN_POINT('',(-10.78034649126,0.921836428325,
    92.024919122569));
#574 = CARTESIAN_POINT('',(-10.06678913115,-4.521556112348,
    92.468768112774));
#575 = CARTESIAN_POINT('',(-6.471792351366,-8.670727110683,
    92.912556654042));
#576 = CARTESIAN_POINT('',(-1.515065972142,-10.1808433347,
    93.356183457694));
#577 = CARTESIAN_POINT('',(3.106189376834,-9.056352737171,
    93.800041176479));
#578 = CARTESIAN_POINT('',(6.229026288604,-6.14954933053,94.243744349852
    ));
#579 = CARTESIAN_POINT('',(7.463967767088,-2.588278418538,
    94.687500000007));
#580 = CARTESIAN_POINT('',(8.698908148024,0.972990611128,95.131270834592
    ));
#581 = CARTESIAN_POINT('',(8.04607777439,5.189085293075,95.574946888323)
  );
#582 = CARTESIAN_POINT('',(5.113090719665,8.933154039971,96.01884549591)
  );
#583 = CARTESIAN_POINT('',(0.285589943033,10.815918419462,
    96.462419122502));
#584 = CARTESIAN_POINT('',(-5.106353937846,9.783141752527,
    96.906268112948));
#585 = CARTESIAN_POINT('',(-9.036688306628,5.950115067379,
    97.350056653795));
#586 = CARTESIAN_POINT('',(-10.25237893513,0.91308382819,97.79368345795)
  );
#587 = CARTESIAN_POINT('',(-8.857781626279,-3.633956797404,
    98.237541176278));
#588 = CARTESIAN_POINT('',(-5.772175831245,-6.580251640028,
    98.68124434997));
#589 = CARTESIAN_POINT('',(-2.144379553929,-7.603396367985,
    99.124999999959));
#590 = CARTESIAN_POINT('',(1.483414764051,-8.626540182254,
    99.568770333423));
#591 = CARTESIAN_POINT('',(5.65376452817,-7.72663681263,100.012449037));
#592 = CARTESIAN_POINT('',(9.218672055512,-4.578321457434,
    100.45633994633));
#593 = CARTESIAN_POINT('',(10.813972637491,0.351648682481,
    100.89992963146));
#594 = CARTESIAN_POINT('',(9.465558325015,5.673436731585,101.34375250649
    ));
#595 = CARTESIAN_POINT('',(5.407798728696,9.371305880582,101.78757538169
    ));
#596 = CARTESIAN_POINT('',(0.307933824885,10.288348681793,
    102.23116506674));
#597 = CARTESIAN_POINT('',(-4.149118361725,8.628486923663,
    102.67505597605));
#598 = CARTESIAN_POINT('',(-6.90865184978,5.374778553375,103.11873467969
    ));
#599 = CARTESIAN_POINT('',(-7.716450306302,1.693043020786,
    103.56250501311));
#600 = CARTESIAN_POINT('',(-8.524248808745,-1.988694681871,
    104.00626116443));
#601 = CARTESIAN_POINT('',(-7.380393998477,-6.098829865664,
    104.4499616879));
#602 = CARTESIAN_POINT('',(-4.027670007109,-9.472215484813,
    104.89382710493));
#603 = CARTESIAN_POINT('',(0.987665121401,-10.77451225578,105.3374378502
    ));
#604 = CARTESIAN_POINT('',(6.220843560179,-9.115144147172,
    105.78125250655));
#605 = CARTESIAN_POINT('',(9.673411479567,-4.846721271819,
    106.22506716288));
#606 = CARTESIAN_POINT('',(10.288635453199,0.298282401725,
    106.66867790811));
#607 = CARTESIAN_POINT('',(8.369257774144,4.649888774053,107.11254332523
    ));
#608 = CARTESIAN_POINT('',(4.958740078002,7.213086796256,107.55624384861
    ));
#609 = CARTESIAN_POINT('',(1.235832273817,7.802737890702,107.99999999999
    ));
#610 = CARTESIAN_POINT('',(-2.487073500001,8.392388164438,
    108.44377083465));
#611 = CARTESIAN_POINT('',(-6.522743967403,7.008550839254,108.8874468882
    ));
#612 = CARTESIAN_POINT('',(-9.692896501253,3.463047101164,
    109.33134549606));
#613 = CARTESIAN_POINT('',(-10.69768309999,-1.620255894696,
    109.77491912237));
#614 = CARTESIAN_POINT('',(-8.733106634283,-6.746670408651,
    110.21876811298));
#615 = CARTESIAN_POINT('',(-4.268835168272,-9.941964150635,
    110.66255665384));
#616 = CARTESIAN_POINT('',(0.903466097895,-10.25323095011,
    111.10618345785));
#617 = CARTESIAN_POINT('',(5.134528677032,-8.080999480837,
    111.55004117636));
#618 = CARTESIAN_POINT('',(7.492501577419,-4.525499484609,
    111.99374434993));
#619 = CARTESIAN_POINT('',(7.861959340711,-0.774335408599,
    112.43749999996));
#620 = CARTESIAN_POINT('',(8.231416476192,2.976826580837,112.88127083471
    ));
#621 = CARTESIAN_POINT('',(6.612396100695,6.92403000705,113.3249468881)
  );
#622 = CARTESIAN_POINT('',(2.886412220784,9.879957606194,113.76884549616
    ));
#623 = CARTESIAN_POINT('',(-2.247226940646,10.58374338074,
    114.21241912232));
#624 = CARTESIAN_POINT('',(-7.24909405817,8.320778114159,114.65626811299
    ));
#625 = CARTESIAN_POINT('',(-10.17603066625,3.676139924602,
    115.10005665386));
#626 = CARTESIAN_POINT('',(-10.18226007553,-1.505515081542,
    115.54368345783));
#627 = CARTESIAN_POINT('',(-7.764710048053,-5.601358336534,
    115.98754117636));
#628 = CARTESIAN_POINT('',(-4.076560915173,-7.745926450573,
    116.43124434993));
#629 = CARTESIAN_POINT('',(-0.310152544491,-7.893909386302,
    116.87499999995));
#630 = CARTESIAN_POINT('',(3.456253706271,-8.041891818146,
    117.31877083473));
#631 = CARTESIAN_POINT('',(7.301298112437,-6.193304417224,
    117.76244688804));
#632 = CARTESIAN_POINT('',(10.03274731545,-2.29976501251,118.20634549626
    ));
#633 = CARTESIAN_POINT('',(10.433090988025,2.866402851592,
    118.64991912219));
#634 = CARTESIAN_POINT('',(7.879586648408,7.726372197843,119.0937681131)
  );
#635 = CARTESIAN_POINT('',(3.070692961642,10.374798774016,119.5375566538
    ));
#636 = CARTESIAN_POINT('',(-2.102341765141,10.07596918459,
    119.98118345784));
#637 = CARTESIAN_POINT('',(-6.048758118334,7.421486547223,
    120.42504117637));
#638 = CARTESIAN_POINT('',(-7.972482411836,3.613481654271,
    120.86874434992));
#639 = CARTESIAN_POINT('',(-7.898477199808,-0.155106170445,
    121.31249999995));
#640 = CARTESIAN_POINT('',(-7.824471682196,-3.923691854969,
    121.75627033342));
#641 = CARTESIAN_POINT('',(-5.752729214225,-7.653239599153,
    122.19994903699));
#642 = CARTESIAN_POINT('',(-1.70514123022,-10.15073569845,
    122.64383994636));
#643 = CARTESIAN_POINT('',(3.475637365187,-10.24624838201,
    123.08742963142));
#644 = CARTESIAN_POINT('',(8.176846994091,-7.411062810889,
    123.53125250651));
#645 = CARTESIAN_POINT('',(10.537581704227,-2.454594228008,
    123.97507538169));
#646 = CARTESIAN_POINT('',(9.934724312659,2.691875678805,124.41866506672
    ));
#647 = CARTESIAN_POINT('',(7.052521689068,6.475176259892,124.86255597607
    ));
#648 = CARTESIAN_POINT('',(3.137866620875,8.171383478266,125.30623467968
    ));
#649 = CARTESIAN_POINT('',(-0.619826129995,7.875646993641,
    125.75000501311));
#650 = CARTESIAN_POINT('',(-4.377520970823,7.579909923021,
    126.19376116442));
#651 = CARTESIAN_POINT('',(-7.978631589077,5.292199851552,
    126.63746168794));
#652 = CARTESIAN_POINT('',(-10.23351595426,1.104600873936,
    127.08132710485));
#653 = CARTESIAN_POINT('',(-10.0238613244,-4.072812405623,
    127.52493785034));
#654 = CARTESIAN_POINT('',(-6.916833535316,-8.598962801885,
    127.96875250639));
#655 = CARTESIAN_POINT('',(-1.829979951774,-10.66380654908,
    128.41256716301));
#656 = CARTESIAN_POINT('',(3.272071683582,-9.759023454083,
    128.85617790802));
#657 = CARTESIAN_POINT('',(6.879133416381,-6.659088882179,
    129.30004332527));
#658 = CARTESIAN_POINT('',(8.341939963608,-2.65136982239,129.74374384859
    ));
#659 = CARTESIAN_POINT('',(7.825497789504,1.082397499286,130.1875));
#660 = CARTESIAN_POINT('',(7.309055419418,4.816162639795,130.63127083461
    ));
#661 = CARTESIAN_POINT('',(4.813312365711,8.276351720445,131.07494688829
    ));
#662 = CARTESIAN_POINT('',(0.50023012314,10.280793142219,131.5188454959)
  );
#663 = CARTESIAN_POINT('',(-4.655861705932,9.76670899779,131.9624191226)
  );
#664 = CARTESIAN_POINT('',(-8.991248086646,6.398606952482,132.4062681127
    ));
#665 = CARTESIAN_POINT('',(-10.75304395126,1.199020704371,
    132.85005665415));
#666 = CARTESIAN_POINT('',(-9.549467903066,-3.840918988214,
    133.29368345757));
#667 = CARTESIAN_POINT('',(-6.242559356406,-7.259227922214,
    133.73754117657));
#668 = CARTESIAN_POINT('',(-2.155674593911,-8.483560132272,
    134.1812443498));
#669 = CARTESIAN_POINT('',(1.541213543923,-7.748203715186,
    134.62500000003));
#670 = CARTESIAN_POINT('',(5.238099502849,-7.012847303018,
    135.06877083453));
#671 = CARTESIAN_POINT('',(8.545360867483,-4.317728728682,
    135.51244688842));
#672 = CARTESIAN_POINT('',(10.292411188689,0.105876025335,
    135.95634549579));
#673 = CARTESIAN_POINT('',(9.475675396844,5.222760634545,136.39991912259
    ));
#674 = CARTESIAN_POINT('',(5.858187273049,9.352344891083,136.8437681129)
  );
#675 = CARTESIAN_POINT('',(0.563900796001,10.804981293784,137.2875566538
    ));
#676 = CARTESIAN_POINT('',(-4.396442187369,9.306787415642,
    137.73118345795));
#677 = CARTESIAN_POINT('',(-7.614142077371,5.804375743329,
    138.17504117626));
#678 = CARTESIAN_POINT('',(-8.595752627743,1.652501811064,
    138.61874434997));
#679 = CARTESIAN_POINT('',(-7.644032829645,-1.994683458424,
    139.06249999996));
#680 = CARTESIAN_POINT('',(-6.69231323403,-5.641866575513,
    139.50627033342));
#681 = CARTESIAN_POINT('',(-3.807167545203,-8.784727944395,
    139.94994903697));
#682 = CARTESIAN_POINT('',(0.711614146233,-10.26832737798,
    140.39383994639));
#683 = CARTESIAN_POINT('',(5.771544409813,-9.151772294248,
    140.83742963139));
#684 = CARTESIAN_POINT('',(9.680998315198,-5.29744753376,141.28125250652
    ));
#685 = CARTESIAN_POINT('',(10.819441125597,7.317600102029E-02,
    141.72507538171));
#686 = CARTESIAN_POINT('',(9.031821191777,4.936714271482,142.16866506669
    ));
#687 = CARTESIAN_POINT('',(5.346060075385,7.942645116208,142.61255597611
    ));
#688 = CARTESIAN_POINT('',(1.143595527063,8.678127917337,143.05623467965
    ));
#689 = CARTESIAN_POINT('',(-2.441233562711,7.513346703844,
    143.50000501313));
#690 = CARTESIAN_POINT('',(7.9,2.275957200482E-15,3.992314613357));
#691 = CARTESIAN_POINT('',(7.899966215343,3.769310268265,4.436084946658)
  );
#692 = CARTESIAN_POINT('',(5.90197220302,7.538824854147,4.879763650483)
  );
#693 = CARTESIAN_POINT('',(1.90392990568,10.115240432677,5.323654559805)
  );
#694 = CARTESIAN_POINT('',(-3.273568067694,10.312640626176,
    5.767244244157));
#695 = CARTESIAN_POINT('',(-8.029958775127,7.569961195812,6.211067121061
    ));
#696 = CARTESIAN_POINT('',(-10.48723259115,2.661244683528,6.654889993674
    ));
#697 = CARTESIAN_POINT('',(-9.985699980985,-2.496481150567,
    7.098479681151));
#698 = CARTESIAN_POINT('',(-7.178283836065,-6.335363554219,
    7.542370588854));
#699 = CARTESIAN_POINT('',(-3.297692715219,-8.10822575218,7.986049293239
    ));
#700 = CARTESIAN_POINT('',(0.465078131251,-7.886290048321,8.429819626432
    ));
#701 = CARTESIAN_POINT('',(4.227852523539,-7.664378226381,8.8735752766)
  );
#702 = CARTESIAN_POINT('',(7.873199845285,-5.447894784126,9.317278449873
    ));
#703 = CARTESIAN_POINT('',(10.209787013152,-1.30516576241,9.761136169093
    ));
#704 = CARTESIAN_POINT('',(10.102032355742,3.87503476845,10.20476297161)
  );
#705 = CARTESIAN_POINT('',(7.08410559634,8.461655643558,10.648551514849)
  );
#706 = CARTESIAN_POINT('',(2.03923468468,10.62573059604,11.092400502657)
  );
#707 = CARTESIAN_POINT('',(-3.080016114055,9.821401875224,11.53597413137
    ));
#708 = CARTESIAN_POINT('',(-6.746967424373,6.792869495774,
    11.979872737766));
#709 = CARTESIAN_POINT('',(-8.288300626608,2.814634637126,
    12.423548791925));
#710 = CARTESIAN_POINT('',(-7.84523262383,-0.928543737447,
    12.867319626434));
#711 = CARTESIAN_POINT('',(-7.402187912934,-4.671728692028,
    13.311075777899));
#712 = CARTESIAN_POINT('',(-4.974945343767,-8.180263131795,
    13.754776300987));
#713 = CARTESIAN_POINT('',(-0.701841314681,-10.26892435572,
    14.198641718845));
#714 = CARTESIAN_POINT('',(4.463024137941,-9.85636816189,14.64225246264)
  );
#715 = CARTESIAN_POINT('',(8.864033614854,-6.573699655834,
    15.086067121075));
#716 = CARTESIAN_POINT('',(10.727344672544,-1.410122403576,
    15.529881775166));
#717 = CARTESIAN_POINT('',(9.623052714704,3.652838375383,15.973492522128
    ));
#718 = CARTESIAN_POINT('',(6.383882177646,7.135191068063,16.417357938339
    ));
#719 = CARTESIAN_POINT('',(2.321818252622,8.439609715433,16.861058462004
    ));
#720 = CARTESIAN_POINT('',(-1.388790611484,7.776969887917,
    17.304814613352));
#721 = CARTESIAN_POINT('',(-5.099393843713,7.114305906295,
    17.748584946672));
#722 = CARTESIAN_POINT('',(-8.458964236168,4.484760876387,
    18.192263650459));
#723 = CARTESIAN_POINT('',(-10.29241521923,9.60575441725E-02,
    18.636154559833));
#724 = CARTESIAN_POINT('',(-9.576556331134,-5.035511236628,
    19.079744244134));
#725 = CARTESIAN_POINT('',(-6.040434039897,-9.235675776384,
    19.523567121072));
#726 = CARTESIAN_POINT('',(-0.776183494315,-10.79174730384,
    19.967389993677));
#727 = CARTESIAN_POINT('',(4.213051280563,-9.39131626304,20.41097968114)
  );
#728 = CARTESIAN_POINT('',(7.498615795958,-5.952759976662,
    20.854870588866));
#729 = CARTESIAN_POINT('',(8.56167496223,-1.820940398153,21.298549293232
    ));
#730 = CARTESIAN_POINT('',(7.681714441875,1.844215721618,21.742319626434
    ));
#731 = CARTESIAN_POINT('',(6.801776496698,5.509380306286,22.186075777898
    ));
#732 = CARTESIAN_POINT('',(3.978974456937,8.708303413976,22.629776300989
    ));
#733 = CARTESIAN_POINT('',(-0.510006172063,10.280237466083,
    23.073641718844));
#734 = CARTESIAN_POINT('',(-5.590580356153,9.263476079742,23.51725246264
    ));
#735 = CARTESIAN_POINT('',(-9.575247733519,5.486278331639,
    23.961067121076));
#736 = CARTESIAN_POINT('',(-10.81872973859,0.139483904983,
    24.404881775165));
#737 = CARTESIAN_POINT('',(-9.127004994619,-4.758587140618,
    24.848492522132));
#738 = CARTESIAN_POINT('',(-5.500980235025,-7.836078080891,
    25.292357938334));
#739 = CARTESIAN_POINT('',(-1.313754707954,-8.654010672181,
    25.736058462009));
#740 = CARTESIAN_POINT('',(2.293248950315,-7.559828652295,
    26.179814613349));
#741 = CARTESIAN_POINT('',(5.900244932974,-6.465622951006,26.62358544799
    ));
#742 = CARTESIAN_POINT('',(8.927454441337,-3.459431450644,27.06726150153
    ));
#743 = CARTESIAN_POINT('',(10.232371626019,1.114355929574,
    27.511160109653));
#744 = CARTESIAN_POINT('',(8.918299279627,6.126203405063,27.954733735088
    ));
#745 = CARTESIAN_POINT('',(4.91305075976,9.881646291499,28.398582727362)
  );
#746 = CARTESIAN_POINT('',(-0.497658798616,10.808161107484,
    28.842371266145));
#747 = CARTESIAN_POINT('',(-5.287651463025,8.831041950928,29.28599807192
    ));
#748 = CARTESIAN_POINT('',(-8.146333058896,5.030119850734,
    29.729855789424));
#749 = CARTESIAN_POINT('',(-8.716343351163,0.802008358027,
    30.173558963323));
#750 = CARTESIAN_POINT('',(-7.411711553808,-2.734324750923,
    30.617314613342));
#751 = CARTESIAN_POINT('',(-6.107057279987,-6.270647293528,
    31.061084946698));
#752 = CARTESIAN_POINT('',(-2.927863313516,-9.115633411091,
    31.504763650416));
#753 = CARTESIAN_POINT('',(1.714806708647,-10.14901355054,
    31.948654559878));
#754 = CARTESIAN_POINT('',(6.640614022753,-8.542192340198,
    32.392244244114));
#755 = CARTESIAN_POINT('',(10.153730441965,-4.3227663075,32.836067121049
    ));
#756 = CARTESIAN_POINT('',(10.760132932905,1.133053376449,
    33.279889993735));
#757 = CARTESIAN_POINT('',(8.504422496314,5.798398076111,33.723479681075
    ));
#758 = CARTESIAN_POINT('',(4.541826312945,8.428309672618,34.167370588912
    ));
#759 = CARTESIAN_POINT('',(0.287471498465,8.748454848179,34.61104929321)
  );
#760 = CARTESIAN_POINT('',(-3.165911776045,7.237877521796,35.05481962644
    ));
#761 = CARTESIAN_POINT('',(-6.619306643206,5.727321374054,
    35.498575276575));
#762 = CARTESIAN_POINT('',(-9.272177190752,2.386118925182,
    35.942278449921));
#763 = CARTESIAN_POINT('',(-10.03047385006,-2.309286224051,
    36.386136169028));
#764 = CARTESIAN_POINT('',(-8.136423601229,-7.132009755705,
    36.829762971674));
#765 = CARTESIAN_POINT('',(-3.717523143898,-10.39058179336,
    37.273551514806));
#766 = CARTESIAN_POINT('',(1.76455429014,-10.67478229076,37.717400502668
    ));
#767 = CARTESIAN_POINT('',(6.288999146094,-8.148308032861,
    38.160974131386));
#768 = CARTESIAN_POINT('',(8.681074380332,-4.037770797823,
    38.604872737741));
#769 = CARTESIAN_POINT('',(8.750204894725,0.228056390696,39.048548791944
    ));
#770 = CARTESIAN_POINT('',(7.038944450211,3.586520517352,39.492319626427
    ));
#771 = CARTESIAN_POINT('',(5.327704064454,6.944998197211,39.936075276605
    ));
#772 = CARTESIAN_POINT('',(1.836119942072,9.396568359843,40.379778449872
    ));
#773 = CARTESIAN_POINT('',(-2.895783078188,9.877127562455,
    40.823636169087));
#774 = CARTESIAN_POINT('',(-7.598637866782,7.702444725072,
    41.267262971618));
#775 = CARTESIAN_POINT('',(-10.59141404926,3.099373609019,41.71105151485
    ));
#776 = CARTESIAN_POINT('',(-10.5523873279,-2.389926877395,
    42.154900502641));
#777 = CARTESIAN_POINT('',(-7.763937256501,-6.757789012332,
    42.598474131398));
#778 = CARTESIAN_POINT('',(-3.519705903962,-8.903724825155,
    43.042372737741));
#779 = CARTESIAN_POINT('',(0.742792446291,-8.72160276549,43.486048791937
    ));
#780 = CARTESIAN_POINT('',(3.994688409329,-6.815594831468,
    43.929819626433));
#781 = CARTESIAN_POINT('',(7.246599735052,-4.909605600194,
    44.373575777931));
#782 = CARTESIAN_POINT('',(9.48836210867,-1.279754106887,44.81727630091)
  );
#783 = CARTESIAN_POINT('',(9.689526915242,3.472240892727,45.261141718952
    ));
#784 = CARTESIAN_POINT('',(7.241734095196,8.038897006731,45.704752462539
    ));
#785 = CARTESIAN_POINT('',(2.470493330979,10.755523315843,
    46.148567121151));
#786 = CARTESIAN_POINT('',(-3.007033695905,10.39336890854,
    46.592381775109));
#787 = CARTESIAN_POINT('',(-7.203113674925,7.352654291465,
    47.035992522183));
#788 = CARTESIAN_POINT('',(-9.095509461763,2.989416476302,
    47.479857938284));
#789 = CARTESIAN_POINT('',(-8.662734739397,-1.254941823596,
    47.923558462052));
#790 = CARTESIAN_POINT('',(-6.568609937237,-4.389004840897,
    48.367314613319));
#791 = CARTESIAN_POINT('',(-4.474464701252,-7.523053638552,
    48.811085448067));
#792 = CARTESIAN_POINT('',(-0.718966262836,-9.547261192597,
    49.254761501418));
#793 = CARTESIAN_POINT('',(4.036672832671,-9.468288687648,
    49.698660109742));
#794 = CARTESIAN_POINT('',(8.451256771031,-6.755937328672,
    50.142233735098));
#795 = CARTESIAN_POINT('',(10.882329273901,-1.833005938918,
    50.586082727218));
#796 = CARTESIAN_POINT('',(10.198302595336,3.613673336414,
    51.029871266387));
#797 = CARTESIAN_POINT('',(6.915856050697,7.623483129085,51.473498071659
    ));
#798 = CARTESIAN_POINT('',(2.448768916167,9.255721409542,51.917355789631
    ));
#799 = CARTESIAN_POINT('',(-1.762746769271,8.573831270332,
    52.361058963204));
#800 = CARTESIAN_POINT('',(-4.768091941399,6.298833164767,
    52.804814613389));
#801 = CARTESIAN_POINT('',(-7.773421064056,4.02381602191,53.248585447858
    ));
#802 = CARTESIAN_POINT('',(-9.573028641342,0.155664355393,
    53.692261501773));
#803 = CARTESIAN_POINT('',(-9.214224810752,-4.587077431796,
    54.136160109359));
#804 = CARTESIAN_POINT('',(-6.246687621696,-8.834326458084,
    54.579733735315));
#805 = CARTESIAN_POINT('',(-1.18917532214,-10.97136560532,
    55.023582727285));
#806 = CARTESIAN_POINT('',(4.207788087973,-9.967874909379,
    55.467371266079));
#807 = CARTESIAN_POINT('',(8.017403040928,-6.455060682552,55.91099807205
    ));
#808 = CARTESIAN_POINT('',(9.383829374973,-1.899630038107,
    56.354855789316));
#809 = CARTESIAN_POINT('',(8.455186585562,2.26443781628,56.798558963371)
  );
#810 = CARTESIAN_POINT('',(6.007207128257,5.130639581825,57.242314613341
    ));
#811 = CARTESIAN_POINT('',(3.559209611018,7.996824204489,57.686085448027
    ));
#812 = CARTESIAN_POINT('',(-0.408177516291,9.56558936398,58.129761501467
    ));
#813 = CARTESIAN_POINT('',(-5.121570471789,8.928198818014,58.57366010972
    ));
#814 = CARTESIAN_POINT('',(-9.186751811968,5.715769532034,
    59.017233735044));
#815 = CARTESIAN_POINT('',(-11.02234468782,0.541219718372,
    59.461082727371));
#816 = CARTESIAN_POINT('',(-9.702870862417,-4.787306949885,
    59.90487126616));
#817 = CARTESIAN_POINT('',(-5.971874130536,-8.383512348775,
    60.348498071896));
#818 = CARTESIAN_POINT('',(-1.34390176271,-9.479386903762,
    60.792355789443));
#819 = CARTESIAN_POINT('',(2.758274027785,-8.307212722062,
    61.236058963315));
#820 = CARTESIAN_POINT('',(5.475390164129,-5.694743413967,
    61.679814613343));
#821 = CARTESIAN_POINT('',(8.192487612312,-3.082257747667,
    62.123584946696));
#822 = CARTESIAN_POINT('',(9.524971359109,0.970606344567,62.567263650419
    ));
#823 = CARTESIAN_POINT('',(8.611197204136,5.638290592766,63.011154559878
    ));
#824 = CARTESIAN_POINT('',(5.165035428777,9.507324207993,63.454744244111
    ));
#825 = CARTESIAN_POINT('',(-0.108629193921,11.035069104254,
    63.898567121053));
#826 = CARTESIAN_POINT('',(-5.350200575153,9.404234391635,
    64.342389993728));
#827 = CARTESIAN_POINT('',(-8.720559879523,5.467948210512,
    64.785979681084));
#828 = CARTESIAN_POINT('',(-9.54204741598,0.783531304887,65.229870588903
    ));
#829 = CARTESIAN_POINT('',(-8.130432842838,-3.242555146944,
    65.673549293217));
#830 = CARTESIAN_POINT('',(-5.362520770606,-5.801141213516,
    66.117319626435));
#831 = CARTESIAN_POINT('',(-2.594622766151,-8.359746860556,
    66.561075777873));
#832 = CARTESIAN_POINT('',(1.529677807922,-9.451289429554,67.00477630104
    ));
#833 = CARTESIAN_POINT('',(6.135448558577,-8.264360812561,67.4486417188)
  );
#834 = CARTESIAN_POINT('',(9.794909245477,-4.596338833333,
    67.892252462611));
#835 = CARTESIAN_POINT('',(11.009540452035,0.758048897079,
    68.336067121228));
#836 = CARTESIAN_POINT('',(9.072938126509,5.894587573555,68.779881774902
    ));
#837 = CARTESIAN_POINT('',(4.945097938278,9.027312896369,69.223492522427
    ));
#838 = CARTESIAN_POINT('',(0.220406177591,9.571641675091,69.667357938096
    ));
#839 = CARTESIAN_POINT('',(-3.715563607833,7.925429907565,
    70.111058462145));
#840 = CARTESIAN_POINT('',(-6.106782581641,5.011706944941,70.5548146133)
  );
#841 = CARTESIAN_POINT('',(-8.497981585535,2.097969272619,
    70.998584946835));
#842 = CARTESIAN_POINT('',(-9.344866066772,-2.08341888899,
    71.442263650175));
#843 = CARTESIAN_POINT('',(-7.888798317335,-6.611346247702,
    71.886154560149));
#844 = CARTESIAN_POINT('',(-4.011767619319,-10.04850860262,
    72.329744243936));
#845 = CARTESIAN_POINT('',(1.404909529222,-10.94581105509,
    72.773567121046));
#846 = CARTESIAN_POINT('',(6.418464665107,-8.710199885013,73.21738999391
    ));
#847 = CARTESIAN_POINT('',(9.302801345493,-4.405054978974,73.66097968082
    ));
#848 = CARTESIAN_POINT('',(9.568000533839,0.34344719535,74.104870589137)
  );
#849 = CARTESIAN_POINT('',(7.692954904648,4.175709153137,74.548549293077
    ));
#850 = CARTESIAN_POINT('',(4.643499186482,6.391227088602,74.992319626489
    ));
#851 = CARTESIAN_POINT('',(1.594055137393,8.606766122748,75.436075777816
    ));
#852 = CARTESIAN_POINT('',(-2.62995474243,9.205983061434,75.879776301082
    ));
#853 = CARTESIAN_POINT('',(-7.064291894602,7.485931384289,
    76.323641718763));
#854 = CARTESIAN_POINT('',(-10.26725711446,3.413210971328,
    76.767252462686));
#855 = CARTESIAN_POINT('',(-10.844128254,-2.046827179821,77.211067121085
    ));
#856 = CARTESIAN_POINT('',(-8.317214183118,-6.920138521292,
    77.654881775094));
#857 = CARTESIAN_POINT('',(-3.849773914831,-9.545973629997,
    78.098492522245));
#858 = CARTESIAN_POINT('',(0.906147428981,-9.531201397372,
    78.542357938214));
#859 = CARTESIAN_POINT('',(4.621343423881,-7.433776772464,
    78.986058462105));
#860 = CARTESIAN_POINT('',(6.653516146459,-4.259192751042,79.42981461329
    ));
#861 = CARTESIAN_POINT('',(8.685667308618,-1.08459646908,79.873584946839
    ));
#862 = CARTESIAN_POINT('',(9.035212091335,3.167348818341,80.317263650197
    ));
#863 = CARTESIAN_POINT('',(7.057036340619,7.49274823994,80.761154560088)
  );
#864 = CARTESIAN_POINT('',(2.802884329873,10.450389657767,
    81.204744244022));
#865 = CARTESIAN_POINT('',(-2.681713482856,10.704810285073,
    81.648567120981));
#866 = CARTESIAN_POINT('',(-7.397749026773,7.89541512693,82.092389993914
    ));
#867 = CARTESIAN_POINT('',(-9.756077275426,3.281094091769,
    82.535979680873));
#868 = CARTESIAN_POINT('',(-9.461311636806,-1.4656644581,82.979870589069
    ));
#869 = CARTESIAN_POINT('',(-7.14882887015,-5.050974943579,
    83.423549293122));
#870 = CARTESIAN_POINT('',(-3.860104373446,-6.892710832426,
    83.867319626473));
#871 = CARTESIAN_POINT('',(-0.571388984973,-8.73446904508,
    84.311075777856));
#872 = CARTESIAN_POINT('',(3.693772387967,-8.833053357825,
    84.754776301017));
#873 = CARTESIAN_POINT('',(7.895202343771,-6.603723844345,
    85.198641718833));
#874 = CARTESIAN_POINT('',(10.5972691143,-2.182765472453,85.642252462639
    ));
#875 = CARTESIAN_POINT('',(10.528382972505,3.307230121939,
    86.086067121096));
#876 = CARTESIAN_POINT('',(7.446187983151,7.849754992324,86.529881775111
    ));
#877 = CARTESIAN_POINT('',(2.701080144526,9.932297709694,86.973492522218
    ));
#878 = CARTESIAN_POINT('',(-2.020139035931,9.358629254066,
    87.417357938237));
#879 = CARTESIAN_POINT('',(-5.463057158153,6.839068549988,
    87.861058462091));
#880 = CARTESIAN_POINT('',(-7.108011444106,3.447633001349,
    88.304814613297));
#881 = CARTESIAN_POINT('',(-8.752943129547,5.618701391024E-02,
    88.748585448134));
#882 = CARTESIAN_POINT('',(-8.600301114922,-4.207366100135,
    89.192261501293));
#883 = CARTESIAN_POINT('',(-6.127444845321,-8.270286446197,
    89.636160109915));
#884 = CARTESIAN_POINT('',(-1.555139142388,-10.70737934495,
    90.079733734898));
#885 = CARTESIAN_POINT('',(3.921332783551,-10.31543263307,
    90.523582727426));
#886 = CARTESIAN_POINT('',(8.274487150473,-6.971145759668,
    90.967371266182));
#887 = CARTESIAN_POINT('',(10.074094641471,-2.111676368657,
    91.410998071845));
#888 = CARTESIAN_POINT('',(9.223467185307,2.567586629589,91.854855789483
    ));
#889 = CARTESIAN_POINT('',(6.505593155155,5.856203251417,92.298558963303
    ));
#890 = CARTESIAN_POINT('',(3.023199115691,7.298648306874,92.742314613336
    ));
#891 = CARTESIAN_POINT('',(-0.459203232546,8.741069888994,
    93.186085448004));
#892 = CARTESIAN_POINT('',(-4.706375525741,8.337693816337,
    93.629761501531));
#893 = CARTESIAN_POINT('',(-8.61667014751,5.629939058252,94.073660109619
    ));
#894 = CARTESIAN_POINT('',(-10.78036086697,0.92208989765,94.517233735161
    ));
#895 = CARTESIAN_POINT('',(-10.06668963894,-4.521809473055,
    94.961082727259));
#896 = CARTESIAN_POINT('',(-6.471929367314,-8.670532917311,
    95.404871266255));
#897 = CARTESIAN_POINT('',(-1.514943851061,-10.18093831934,
    95.848498071825));
#898 = CARTESIAN_POINT('',(3.106126359157,-9.056314209375,
    96.292355789494));
#899 = CARTESIAN_POINT('',(6.229035809439,-6.1495505289,96.73605896328)
  );
#900 = CARTESIAN_POINT('',(7.463967767077,-2.588278418535,
    97.179814613364));
#901 = CARTESIAN_POINT('',(8.698875803178,0.973000604247,97.623585447947
    ));
#902 = CARTESIAN_POINT('',(8.046164895433,5.189059571594,98.0672615016)
  );
#903 = CARTESIAN_POINT('',(5.112904253104,8.933164519337,98.511160109591
    ));
#904 = CARTESIAN_POINT('',(0.285842126301,10.815947692225,
    98.954733735096));
#905 = CARTESIAN_POINT('',(-5.106601001865,9.783027517468,
    99.398582727434));
#906 = CARTESIAN_POINT('',(-9.036502516364,5.950263277677,
    99.842371266005));
#907 = CARTESIAN_POINT('',(-10.25246656557,0.912956327488,
    100.28599807208));
#908 = CARTESIAN_POINT('',(-8.857746875291,-3.63389162118,
    100.72985578929));
#909 = CARTESIAN_POINT('',(-5.772176466982,-6.580261214715,
    101.17355896339));
#910 = CARTESIAN_POINT('',(-2.144379553944,-7.603396368049,
    101.61731461331));
#911 = CARTESIAN_POINT('',(1.483422022142,-8.626507126453,
    102.06108494678));
#912 = CARTESIAN_POINT('',(5.65374746755,-7.726726062443,102.50476365027
    ));
#913 = CARTESIAN_POINT('',(9.218662532604,-4.578132720654,
    102.94865456003));
#914 = CARTESIAN_POINT('',(10.81403376097,0.351394917445,103.39224424401
    ));
#915 = CARTESIAN_POINT('',(9.465404415087,5.673682199281,103.83606712103
    ));
#916 = CARTESIAN_POINT('',(5.407988013728,9.37112246921,104.27988999384)
  );
#917 = CARTESIAN_POINT('',(0.307771538625,10.288435202895,
    104.72347968093));
#918 = CARTESIAN_POINT('',(-4.149027233574,8.628450799986,
    105.16737058902));
#919 = CARTESIAN_POINT('',(-6.908677139545,5.374782067776,
    105.61104929315));
#920 = CARTESIAN_POINT('',(-7.716442170334,1.693041235697,
    106.05481962645));
#921 = CARTESIAN_POINT('',(-8.524231207599,-1.988697360593,
    106.49857577781));
#922 = CARTESIAN_POINT('',(-7.380459520086,-6.098819832437,
    106.94227630113));
#923 = CARTESIAN_POINT('',(-4.027513448675,-9.472197425784,
    107.38614171867));
#924 = CARTESIAN_POINT('',(0.987448520568,-10.77457763558,
    107.82975246274));
#925 = CARTESIAN_POINT('',(6.221050156755,-9.114996107162,
    108.27356712108));
#926 = CARTESIAN_POINT('',(9.673261452754,-4.846894034409,
    108.71738177506));
#927 = CARTESIAN_POINT('',(10.288698483263,0.298421294797,
    109.16099252225));
#928 = CARTESIAN_POINT('',(8.36923441217,4.649819199802,109.60485793824)
  );
#929 = CARTESIAN_POINT('',(4.958738770372,7.213096557875,110.04855846204
    ));
#930 = CARTESIAN_POINT('',(1.23583227382,7.802737890713,110.49231461334)
  );
#931 = CARTESIAN_POINT('',(-2.487077651407,8.392354566458,
    110.93608544801));
#932 = CARTESIAN_POINT('',(-6.522733961982,7.008641125469,
    111.37976150147));
#933 = CARTESIAN_POINT('',(-9.69287403743,3.462861696045,111.82366010975
    ));
#934 = CARTESIAN_POINT('',(-10.69775624961,-1.62001278466,
    112.26723373496));
#935 = CARTESIAN_POINT('',(-8.732950745357,-6.746893542957,
    112.71108272748));
#936 = CARTESIAN_POINT('',(-4.269013731784,-9.941807308658,
    113.15487126604));
#937 = CARTESIAN_POINT('',(0.903607018275,-10.25329480163,
    113.59849807199));
#938 = CARTESIAN_POINT('',(5.134458406577,-8.080976728796,
    114.04235578937));
#939 = CARTESIAN_POINT('',(7.492511114823,-4.525498427258,
    114.48605896336));
#940 = CARTESIAN_POINT('',(7.861959340769,-0.774335408601,
    114.92981461332));
#941 = CARTESIAN_POINT('',(8.231382691975,2.976828747121,115.37358544807
    ));
#942 = CARTESIAN_POINT('',(6.61248681953,6.924025334124,115.81726150137)
  );
#943 = CARTESIAN_POINT('',(2.886228459484,9.879924266566,116.26116010984
    ));
#944 = CARTESIAN_POINT('',(-2.246988558475,10.583830715325,
    116.70473373491));
#945 = CARTESIAN_POINT('',(-7.249307628232,8.320609359716,
    117.14858272748));
#946 = CARTESIAN_POINT('',(-10.17588460849,3.676327411735,
    117.59237126607));
#947 = CARTESIAN_POINT('',(-10.18231552018,-1.505659516496,
    118.03599807196));
#948 = CARTESIAN_POINT('',(-7.764691472365,-5.60128684851,
    118.47985578938));
#949 = CARTESIAN_POINT('',(-4.07655929818,-7.745935909188,
    118.92355896336));
#950 = CARTESIAN_POINT('',(-0.310152544489,-7.89390938637,
    119.36731461331));
#951 = CARTESIAN_POINT('',(3.4562538799,-8.041857964961,119.81108544809)
  );
#952 = CARTESIAN_POINT('',(7.301298788288,-6.193395253884,
    120.25476150132));
#953 = CARTESIAN_POINT('',(10.032703215503,-2.299583532572,
    120.69866010994));
#954 = CARTESIAN_POINT('',(10.433192204857,2.866170024288,
    121.14223373479));
#955 = CARTESIAN_POINT('',(7.879405613611,7.726575462737,121.58608272758
    ));
#956 = CARTESIAN_POINT('',(3.070888722182,10.374664007183,
    122.02987126602));
#957 = CARTESIAN_POINT('',(-2.102489213728,10.076016030006,
    122.47349807197));
#958 = CARTESIAN_POINT('',(-6.048685660681,7.421472212337,
    122.91735578939));
#959 = CARTESIAN_POINT('',(-7.97249175887,3.613479483244,123.36105896335
    ));
#960 = CARTESIAN_POINT('',(-7.898477199882,-0.155106170452,
    123.80481461331));
#961 = CARTESIAN_POINT('',(-7.824437942847,-3.92368920494,
    124.24858494678));
#962 = CARTESIAN_POINT('',(-5.752819573423,-7.653249181012,
    124.69226365026));
#963 = CARTESIAN_POINT('',(-1.704963384716,-10.15067179818,
    125.13615456005));
#964 = CARTESIAN_POINT('',(3.475412270385,-10.24638053767,
    125.57974424399));
#965 = CARTESIAN_POINT('',(8.177037214328,-7.410844272709,
    126.02356712103));
#966 = CARTESIAN_POINT('',(10.537461137052,-2.454828604058,
    126.46738999386));
#967 = CARTESIAN_POINT('',(9.934759998958,2.692056092875,126.9109796809)
  );
#968 = CARTESIAN_POINT('',(7.052513573978,6.475078569503,127.35487058904
    ));
#969 = CARTESIAN_POINT('',(3.137862642714,8.171408699257,127.79854929314
    ));
#970 = CARTESIAN_POINT('',(-0.619825476471,7.875638689816,
    128.24231962645));
#971 = CARTESIAN_POINT('',(-4.377518424853,7.579892302201,128.6860757778
    ));
#972 = CARTESIAN_POINT('',(-7.978641007821,5.292265464277,
    129.12977630118));
#973 = CARTESIAN_POINT('',(-10.23345322628,1.104456299145,
    129.57364171858));
#974 = CARTESIAN_POINT('',(-10.02398676496,-4.072624110278,
    130.01725246287));
#975 = CARTESIAN_POINT('',(-6.916631897934,-8.599117528848,
    130.46106712093));
#976 = CARTESIAN_POINT('',(-1.830188825837,-10.66371313255,
    130.90488177518));
#977 = CARTESIAN_POINT('',(3.272222892683,-9.759043451671,
    131.34849252217));
#978 = CARTESIAN_POINT('',(6.879060056317,-6.659086722465,
    131.79235793828));
#979 = CARTESIAN_POINT('',(8.341948925336,-2.651365737416,
    132.23605846202));
#980 = CARTESIAN_POINT('',(7.825497789491,1.082397499281,132.67981461336
    ));
#981 = CARTESIAN_POINT('',(7.309022063131,4.816156859456,133.12358544796
    ));
#982 = CARTESIAN_POINT('',(4.813401668537,8.276368354637,133.56726150156
    ));
#983 = CARTESIAN_POINT('',(0.500059222551,10.280717825198,
    134.01116010959));
#984 = CARTESIAN_POINT('',(-4.655650298463,9.766849569113,
    134.45473373518));
#985 = CARTESIAN_POINT('',(-8.991416360648,6.398393003117,134.8985827272
    ));
#986 = CARTESIAN_POINT('',(-10.75294569709,1.199237108326,
    135.34237126634));
#987 = CARTESIAN_POINT('',(-9.549488098139,-3.841072376162,
    135.78599807172));
#988 = CARTESIAN_POINT('',(-6.242557982517,-7.259154072692,
    136.22985578957));
#989 = CARTESIAN_POINT('',(-2.155670813492,-8.483568952267,
    136.67355896323));
#990 = CARTESIAN_POINT('',(1.541213543912,-7.74820371514,137.11731461338
    ));
#991 = CARTESIAN_POINT('',(5.238091768861,-7.012814345017,
    137.56108544788));
#992 = CARTESIAN_POINT('',(8.545382730102,-4.317816897068,
    138.00476150169));
#993 = CARTESIAN_POINT('',(10.292325941281,0.106042195186,
    138.44866010948));
#994 = CARTESIAN_POINT('',(9.475828170006,5.222557869531,138.89223373517
    ));
#995 = CARTESIAN_POINT('',(5.857963788589,9.352500277866,139.33608272739
    ));
#996 = CARTESIAN_POINT('',(0.564122608441,10.804895949698,139.779871266)
  );
#997 = CARTESIAN_POINT('',(-4.396596497595,9.306798545852,
    140.22349807209));
#998 = CARTESIAN_POINT('',(-7.614068275533,5.804378719255,
    140.66735578927));
#999 = CARTESIAN_POINT('',(-8.59576120961,1.652497518029,141.1110589634)
  );
#1000 = CARTESIAN_POINT('',(-7.644032829699,-1.994683458439,
    141.55481461332));
#1001 = CARTESIAN_POINT('',(-6.692281045549,-5.641856122407,
    141.99858494678));
#1002 = CARTESIAN_POINT('',(-3.807253170936,-8.784758355462,
    142.44226365024));
#1003 = CARTESIAN_POINT('',(0.711772160651,-10.26822372605,
    142.8861545601));
#1004 = CARTESIAN_POINT('',(5.77135638552,-9.151953345807,
    143.32974424394));
#1005 = CARTESIAN_POINT('',(9.681132262867,-5.297190627743,
    143.77356712107));
#1006 = CARTESIAN_POINT('',(10.819378603793,7.29199549066E-02,
    144.21738999385));
#1007 = CARTESIAN_POINT('',(9.031813775139,4.936898031562,
    144.66097968088));
#1008 = CARTESIAN_POINT('',(5.346074989949,7.942548230511,
    145.10487058907));
#1009 = CARTESIAN_POINT('',(1.143585771069,8.678151512849,
    145.54854929311));
#1010 = CARTESIAN_POINT('',(-2.441230988748,7.513338781974,
    145.99231962648));
#1011 = CARTESIAN_POINT('',(4.818177714178,-6.106226635438E-16,
    4.350168574868));
#1012 = CARTESIAN_POINT('',(4.818139078619,2.298902312909,4.793897132422
    ));
#1013 = CARTESIAN_POINT('',(3.599645668454,4.597841059521,5.237722317481
    ));
#1014 = CARTESIAN_POINT('',(1.161057555262,6.169340764056,5.681323722761
    ));
#1015 = CARTESIAN_POINT('',(-1.99630705777,6.289533229935,6.125242780823
    ));
#1016 = CARTESIAN_POINT('',(-4.897709866916,4.616930095761,
    6.568915932969));
#1017 = CARTESIAN_POINT('',(-6.395875604148,1.623107534568,
    7.012589080042));
#1018 = CARTESIAN_POINT('',(-6.090389834487,-1.522652812225,7.4565081418
    ));
#1019 = CARTESIAN_POINT('',(-4.377937672857,-3.86386638927,7.90010954516
    ));
#1020 = CARTESIAN_POINT('',(-2.011262623784,-4.945188722761,
    8.343934730889));
#1021 = CARTESIAN_POINT('',(0.283650200304,-4.809811561693,
    8.787663288308));
#1022 = CARTESIAN_POINT('',(2.578562442183,-4.674462750202,
    9.231407330025));
#1023 = CARTESIAN_POINT('',(4.801781252721,-3.322695676126,
    9.675206710717));
#1024 = CARTESIAN_POINT('',(6.226992357416,-0.7958848299,10.118843116774
    ));
#1025 = CARTESIAN_POINT('',(6.161101296797,2.363150250586,
    10.562723031693));
#1026 = CARTESIAN_POINT('',(4.320589781577,5.160987970922,
    11.006432390584));
#1027 = CARTESIAN_POINT('',(1.243762528675,6.480356336106,
    11.450077997733));
#1028 = CARTESIAN_POINT('',(-1.878558311041,5.990176352641,
    11.894013994354));
#1029 = CARTESIAN_POINT('',(-4.114897559501,4.142879798281,
    12.337607279013));
#1030 = CARTESIAN_POINT('',(-5.055016505451,1.716646120645,
    12.781435259553));
#1031 = CARTESIAN_POINT('',(-4.784770758255,-0.566315712333,
    13.225163288306));
#1032 = CARTESIAN_POINT('',(-4.51455327457,-2.849280539703,
    13.668906801377));
#1033 = CARTESIAN_POINT('',(-3.034248498872,-4.989058779491,
    14.112708976836));
#1034 = CARTESIAN_POINT('',(-0.427915394413,-6.263057235353,
    14.556337264253));
#1035 = CARTESIAN_POINT('',(2.721758686638,-6.011275050597,
    15.000234113983));
#1036 = CARTESIAN_POINT('',(5.40639625728,-4.009294297501,
    15.443915932957));
#1037 = CARTESIAN_POINT('',(6.542334741302,-0.860066039362,
    15.887597746903));
#1038 = CARTESIAN_POINT('',(5.869198183013,2.22791175869,16.331494600292
    ));
#1039 = CARTESIAN_POINT('',(3.893444392621,4.35168346764,16.775122885815
    ));
#1040 = CARTESIAN_POINT('',(1.416077674249,5.147291124378,
    17.218925061929));
#1041 = CARTESIAN_POINT('',(-0.847017718216,4.743142151623,
    17.662668574873));
#1042 = CARTESIAN_POINT('',(-3.110111440495,4.338965643178,
    18.106397132408));
#1043 = CARTESIAN_POINT('',(-5.159041212442,2.735303477788,
    18.550222317509));
#1044 = CARTESIAN_POINT('',(-6.277372554755,5.842874845609E-02,
    18.993823722724));
#1045 = CARTESIAN_POINT('',(-5.840640258049,-3.070894250034,
    19.437742780857));
#1046 = CARTESIAN_POINT('',(-3.684029474491,-5.63307485136,
    19.881415932949));
#1047 = CARTESIAN_POINT('',(-0.473459041775,-6.581606137434,
    20.325089080043));
#1048 = CARTESIAN_POINT('',(2.569607758612,-5.727864863066,
    20.769008141809));
#1049 = CARTESIAN_POINT('',(4.573317885793,-3.630504821208,
    21.21260954515));
#1050 = CARTESIAN_POINT('',(5.221747650151,-1.110594581223,
    21.656434730895));
#1051 = CARTESIAN_POINT('',(4.685041638817,1.124779772953,
    22.100163288307));
#1052 = CARTESIAN_POINT('',(4.148363434954,3.360159471572,
    22.543906801377));
#1053 = CARTESIAN_POINT('',(2.426815490085,5.311114575606,
    22.987708976838));
#1054 = CARTESIAN_POINT('',(-0.311194167134,6.269940646319,
    23.431337264246));
#1055 = CARTESIAN_POINT('',(-3.409442323993,5.649699206299,
    23.875234113996));
#1056 = CARTESIAN_POINT('',(-5.840163606278,3.346049955791,
    24.318915932939));
#1057 = CARTESIAN_POINT('',(-6.59807619033,8.513545578755E-02,
    24.762597746921));
#1058 = CARTESIAN_POINT('',(-5.566652633292,-2.902319172012,
    25.206494600277));
#1059 = CARTESIAN_POINT('',(-3.354971265869,-4.779144907437,
    25.650122885826));
#1060 = CARTESIAN_POINT('',(-0.80126286818,-5.278054538803,
    26.093925061923));
#1061 = CARTESIAN_POINT('',(1.398643162718,-4.610708599436,
    26.537668574876));
#1062 = CARTESIAN_POINT('',(3.598545218786,-3.943335253896,
    26.981396603738));
#1063 = CARTESIAN_POINT('',(5.44477760346,-2.10996443084,27.425224583679
    ));
#1064 = CARTESIAN_POINT('',(6.240738427555,0.679805137911,
    27.868817870123));
#1065 = CARTESIAN_POINT('',(5.43919139909,3.736096469274,28.312753863235
    ));
#1066 = CARTESIAN_POINT('',(2.996425156579,6.027048207023,
    28.756399475256));
#1067 = CARTESIAN_POINT('',(-0.303441994839,6.591624970931,
    29.200108829246));
#1068 = CARTESIAN_POINT('',(-3.225000980605,5.38614636355,
    29.643988747736));
#1069 = CARTESIAN_POINT('',(-4.968364991688,3.067796333481,
    30.08762515196));
#1070 = CARTESIAN_POINT('',(-5.316071526736,0.489150787437,
    30.531424533262));
#1071 = CARTESIAN_POINT('',(-4.520372586401,-1.667653490916,
    30.975168574883));
#1072 = CARTESIAN_POINT('',(-3.724647035702,-3.824450350564,
    31.418897132376));
#1073 = CARTESIAN_POINT('',(-1.785765162248,-5.559553411295,
    31.86272231757));
#1074 = CARTESIAN_POINT('',(1.046019930695,-6.189883877328,
    32.306323722647));
#1075 = CARTESIAN_POINT('',(4.049832717227,-5.209829659432,
    32.750242780913));
#1076 = CARTESIAN_POINT('',(6.192987220529,-2.636382888843,
    33.193915932949));
#1077 = CARTESIAN_POINT('',(6.562340280677,0.690936215261,33.63758907999
    ));
#1078 = CARTESIAN_POINT('',(5.18693486472,3.536527482138,34.08150814188)
  );
#1079 = CARTESIAN_POINT('',(2.769993130333,5.140324872868,
    34.525109545098));
#1080 = CARTESIAN_POINT('',(0.175335000466,5.335665514604,34.96893473092
    ));
#1081 = CARTESIAN_POINT('',(-1.930875983183,4.414347362017,
    35.412663288301));
#1082 = CARTESIAN_POINT('',(-4.037096232925,3.493056008396,
    35.85640733005));
#1083 = CARTESIAN_POINT('',(-5.655031217259,1.455345899245,
    36.300206710669));
#1084 = CARTESIAN_POINT('',(-6.117579593698,-1.408576017285,
    36.743843116835));
#1085 = CARTESIAN_POINT('',(-4.962365246222,-4.349549339866,
    37.187723031643));
#1086 = CARTESIAN_POINT('',(-2.267233931062,-6.337424019142,
    37.631432390597));
#1087 = CARTESIAN_POINT('',(1.076074635567,-6.510301594311,
    38.07507799776));
#1088 = CARTESIAN_POINT('',(3.835749341924,-4.969730480587,
    38.519013994308));
#1089 = CARTESIAN_POINT('',(5.294482602205,-2.462577699009,
    38.962607279054));
#1090 = CARTESIAN_POINT('',(5.336733191641,0.139084919096,
    39.406435259529));
#1091 = CARTESIAN_POINT('',(4.293018942054,2.187403268349,
    39.850163288314));
#1092 = CARTESIAN_POINT('',(3.249330587929,4.235733348726,
    40.293907330019));
#1093 = CARTESIAN_POINT('',(1.119905529793,5.730900571425,
    40.737706710721));
#1094 = CARTESIAN_POINT('',(-1.766279824578,6.024045323779,
    41.18134311677));
#1095 = CARTESIAN_POINT('',(-4.634143955738,4.697697105347,
    41.625223031706));
#1096 = CARTESIAN_POINT('',(-6.459906339131,1.890212418522,
    42.068932390552));
#1097 = CARTESIAN_POINT('',(-6.435660814915,-1.457474989534,
    42.512577997781));
#1098 = CARTESIAN_POINT('',(-4.735297384292,-4.12166868467,
    42.956513994306));
#1099 = CARTESIAN_POINT('',(-2.14661618363,-5.430273833677,
    43.400107279045));
#1100 = CARTESIAN_POINT('',(0.453021463501,-5.319289175002,
    43.843935259541));
#1101 = CARTESIAN_POINT('',(2.436342933603,-4.156798985393,
    44.287663288305));
#1102 = CARTESIAN_POINT('',(4.419678473674,-2.994333490398,
    44.731406801336));
#1103 = CARTESIAN_POINT('',(5.786887116367,-0.780582449567,
    45.175208976952));
#1104 = CARTESIAN_POINT('',(5.909624208891,2.11786194796,45.61883726407)
  );
#1105 = CARTESIAN_POINT('',(4.41671619031,4.902653992613,46.062734114173
    ));
#1106 = CARTESIAN_POINT('',(1.50666016089,6.559995153742,46.506415932823
    ));
#1107 = CARTESIAN_POINT('',(-1.833850866076,6.33867876308,46.95009774697
    ));
#1108 = CARTESIAN_POINT('',(-4.393260245723,4.484455655618,
    47.393994600255));
#1109 = CARTESIAN_POINT('',(-5.547253283452,1.823194792534,
    47.837622885855));
#1110 = CARTESIAN_POINT('',(-5.283377615391,-0.765377600212,
    48.281425061885));
#1111 = CARTESIAN_POINT('',(-4.006168356072,-2.676836115434,
    48.725168574907));
#1112 = CARTESIAN_POINT('',(-2.728934024209,-4.588282871214,
    49.168896603649));
#1113 = CARTESIAN_POINT('',(-0.43857456175,-5.82281765178,
    49.612724583831));
#1114 = CARTESIAN_POINT('',(2.462123697505,-5.774677310929,
    50.056317869966));
#1115 = CARTESIAN_POINT('',(5.154135329213,-4.120450085874,
    50.500253863292));
#1116 = CARTESIAN_POINT('',(6.637341844185,-1.117840351586,
    50.943899475374));
#1117 = CARTESIAN_POINT('',(6.219707251405,2.203823611369,
    51.387608828982));
#1118 = CARTESIAN_POINT('',(4.218052340335,4.649649280299,
    51.831488748035));
#1119 = CARTESIAN_POINT('',(1.493457825451,5.644963131399,52.27512515173
    ));
#1120 = CARTESIAN_POINT('',(-1.075085988765,5.229156250224,
    52.718924533387));
#1121 = CARTESIAN_POINT('',(-2.908039788749,3.841632605013,
    53.162668574839));
#1122 = CARTESIAN_POINT('',(-4.740979539469,2.454085089173,
    53.606396603886));
#1123 = CARTESIAN_POINT('',(-5.838537852756,9.501994710451E-02,
    54.050224583372));
#1124 = CARTESIAN_POINT('',(-5.619714568854,-2.797813308385,
    54.493817870533));
#1125 = CARTESIAN_POINT('',(-3.809875530231,-5.387770258152,
    54.93775386289));
#1126 = CARTESIAN_POINT('',(-0.725155932227,-6.691638265756,
    55.38139947538));
#1127 = CARTESIAN_POINT('',(2.566160486794,-6.07917898696,
    55.825108829351));
#1128 = CARTESIAN_POINT('',(4.889905106553,-3.937008004109,
    56.268988747537));
#1129 = CARTESIAN_POINT('',(5.723093627721,-1.158544070844,
    56.712625152111));
#1130 = CARTESIAN_POINT('',(5.156795678461,1.381066001254,
    57.156424533203));
#1131 = CARTESIAN_POINT('',(3.663771077204,3.129156112996,
    57.600168574882));
#1132 = CARTESIAN_POINT('',(2.170723473143,4.877230794087,58.0438966037)
  );
#1133 = CARTESIAN_POINT('',(-0.248864269487,5.834005453074,
    58.487724583757));
#1134 = CARTESIAN_POINT('',(-3.123797923268,5.445258275067,
    58.931317870026));
#1135 = CARTESIAN_POINT('',(-5.602716197811,3.486085355846,
    59.375253863309));
#1136 = CARTESIAN_POINT('',(-6.722722869307,0.329956106897,
    59.818899475235));
#1137 = CARTESIAN_POINT('',(-5.917563390864,-2.919595916739,
    60.26260882922));
#1138 = CARTESIAN_POINT('',(-3.642307053768,-5.113198930246,
    60.706488747777));
#1139 = CARTESIAN_POINT('',(-0.819611582813,-5.781371972764,
    61.150125151931));
#1140 = CARTESIAN_POINT('',(1.68225540038,-5.06654731926,61.593924533273
    ));
#1141 = CARTESIAN_POINT('',(3.339418084214,-3.473200734838,
    62.037668574883));
#1142 = CARTESIAN_POINT('',(4.99656330706,-1.879832743375,
    62.481397132378));
#1143 = CARTESIAN_POINT('',(5.809239187344,0.591888006268,
    62.925222317565));
#1144 = CARTESIAN_POINT('',(5.251905797724,3.438939604279,
    63.368823722652));
#1145 = CARTESIAN_POINT('',(3.150217456933,5.798241120555,
    63.812742780911));
#1146 = CARTESIAN_POINT('',(-6.64101489674E-02,6.73046767635,
    64.256415932946));
#1147 = CARTESIAN_POINT('',(-3.262877649449,5.735445253628,
    64.700089079999));
#1148 = CARTESIAN_POINT('',(-5.318781983569,3.334947995727,
    65.144008141868));
#1149 = CARTESIAN_POINT('',(-5.819575258884,0.477855152717,
    65.587609545109));
#1150 = CARTESIAN_POINT('',(-4.958737784515,-1.977621912907,
    66.031434730911));
#1151 = CARTESIAN_POINT('',(-3.270575594492,-3.538089876725,
    66.475163288306));
#1152 = CARTESIAN_POINT('',(-1.582433556386,-5.098577733354,
    66.918906801408));
#1153 = CARTESIAN_POINT('',(0.932873827796,-5.764296824302,
    67.362708976761));
#1154 = CARTESIAN_POINT('',(3.742140879269,-5.040374902517,
    67.806337264334));
#1155 = CARTESIAN_POINT('',(5.973652391826,-2.803368542179,
    68.250234113992));
#1156 = CARTESIAN_POINT('',(6.714884323402,0.462482195997,
    68.693915932774));
#1157 = CARTESIAN_POINT('',(5.53339857643,3.594907182351,69.137597747239
    ));
#1158 = CARTESIAN_POINT('',(3.01606036865,5.505856697038,69.581494599922
    ));
#1159 = CARTESIAN_POINT('',(0.134406007496,5.837635931568,
    70.025122886097));
#1160 = CARTESIAN_POINT('',(-2.266104263472,4.833699759298,
    70.46892506178));
#1161 = CARTESIAN_POINT('',(-3.724501739294,3.05661958385,
    70.912668574922));
#1162 = CARTESIAN_POINT('',(-5.182880061537,1.279519554263,
    71.356397132222));
#1163 = CARTESIAN_POINT('',(-5.699403220321,-1.270588163943,
    71.800222317876));
#1164 = CARTESIAN_POINT('',(-4.811297975261,-4.032397786145,
    72.243823722264));
#1165 = CARTESIAN_POINT('',(-2.446871417951,-6.128318723468,
    72.687742781188));
#1166 = CARTESIAN_POINT('',(0.857031478453,-6.67600947389,
    73.131415932947));
#1167 = CARTESIAN_POINT('',(3.914390180931,-5.312179621288,
    73.575089079725));
#1168 = CARTESIAN_POINT('',(5.673895725562,-2.686675867526,
    74.019008142248));
#1169 = CARTESIAN_POINT('',(5.835402473229,0.20947485062,74.462609544802
    ));
#1170 = CARTESIAN_POINT('',(4.691921547497,2.546751075583,
    74.906434731076));
#1171 = CARTESIAN_POINT('',(2.832047582822,3.89798039794,75.35016328825)
  );
#1172 = CARTESIAN_POINT('',(0.972191292614,5.249231844284,
    75.793906801451));
#1173 = CARTESIAN_POINT('',(-1.603928019548,5.614693790714,
    76.237708976776));
#1174 = CARTESIAN_POINT('',(-4.308634617122,4.565595827375,
    76.681337264271));
#1175 = CARTESIAN_POINT('',(-6.261746405571,2.081809316427,
    77.125234114003));
#1176 = CARTESIAN_POINT('',(-6.613980859818,-1.24852650766,
    77.568915932919));
#1177 = CARTESIAN_POINT('',(-5.072507552152,-4.220370196777,
    78.012597746955));
#1178 = CARTESIAN_POINT('',(-2.34801034895,-5.82219250042,
    78.456494600214));
#1179 = CARTESIAN_POINT('',(0.552666167952,-5.812969839166,
    78.900122885915));
#1180 = CARTESIAN_POINT('',(2.818537154099,-4.533842763879,
    79.343925061835));
#1181 = CARTESIAN_POINT('',(4.057952306092,-2.597664252378,
    79.787668574936));
#1182 = CARTESIAN_POINT('',(5.297346103688,-0.661468275613,
    80.231397132211));
#1183 = CARTESIAN_POINT('',(5.510555935513,1.931674048953,80.67522231787
    ));
#1184 = CARTESIAN_POINT('',(4.303990714999,4.569954489772,
    81.118823722292));
#1185 = CARTESIAN_POINT('',(1.709604189801,6.373438916694,
    81.562742781161));
#1186 = CARTESIAN_POINT('',(-1.635771706832,6.529001177566,
    82.00641593293));
#1187 = CARTESIAN_POINT('',(-4.511637184404,4.815270784795,
    82.450089079803));
#1188 = CARTESIAN_POINT('',(-5.950351762358,2.001158121324,
    82.894008142136));
#1189 = CARTESIAN_POINT('',(-5.770333001088,-0.893900886663,
    83.337609544898));
#1190 = CARTESIAN_POINT('',(-4.360060797879,-3.080574408569,
    83.781434731023));
#1191 = CARTESIAN_POINT('',(-2.354258651798,-4.203832881409,
    84.225163288266));
#1192 = CARTESIAN_POINT('',(-0.348471457151,-5.327115402102,
    84.668906801411));
#1193 = CARTESIAN_POINT('',(2.252746819049,-5.387253774004,
    85.112708976844));
#1194 = CARTESIAN_POINT('',(4.815397382311,-4.027523503734,
    85.556337264193));
#1195 = CARTESIAN_POINT('',(6.463033289758,-1.331389789637,
    86.000234114062));
#1196 = CARTESIAN_POINT('',(6.421387210513,2.017262389666,
    86.443915932897));
#1197 = CARTESIAN_POINT('',(4.541295918438,4.787325855244,
    86.887597746944));
#1198 = CARTESIAN_POINT('',(1.647409660133,6.057814748184,
    87.331494600238));
#1199 = CARTESIAN_POINT('',(-1.232076684986,5.70771804542,
    87.775122885893));
#1200 = CARTESIAN_POINT('',(-3.331896421464,4.171132715889,
    88.218925061849));
#1201 = CARTESIAN_POINT('',(-4.335147130689,2.102697277724,
    88.662668574929));
#1202 = CARTESIAN_POINT('',(-5.338375016298,3.424615470199E-02,
    89.106396603572));
#1203 = CARTESIAN_POINT('',(-5.245313472521,-2.565977324018,
    89.550224583993));
#1204 = CARTESIAN_POINT('',(-3.737021682184,-5.044166937901,
    89.993817869725));
#1205 = CARTESIAN_POINT('',(-0.948627442104,-6.530185745543,
    90.437753863567));
#1206 = CARTESIAN_POINT('',(2.391821533566,-6.291507257008,
    90.881399475118));
#1207 = CARTESIAN_POINT('',(5.04635524237,-4.251575657398,
    91.325108829194));
#1208 = CARTESIAN_POINT('',(6.144301583792,-1.287929353939,
    91.768988747864));
#1209 = CARTESIAN_POINT('',(5.625281762462,1.565959810027,
    92.212625151865));
#1210 = CARTESIAN_POINT('',(3.9677477494,3.571675064709,92.656424533292)
  );
#1211 = CARTESIAN_POINT('',(1.84383678542,4.451415774168,93.100168574891
    ));
#1212 = CARTESIAN_POINT('',(-0.280087668759,5.331132291897,
    93.543896603717));
#1213 = CARTESIAN_POINT('',(-2.870322738934,5.085154906696,
    93.987724583691));
#1214 = CARTESIAN_POINT('',(-5.255419855254,3.433586068783,
    94.431317870139));
#1215 = CARTESIAN_POINT('',(-6.574706318447,0.56254486937,
    94.875253863181));
#1216 = CARTESIAN_POINT('',(-6.139786874552,-2.758059271161,
    95.318899475341));
#1217 = CARTESIAN_POINT('',(-3.947118779398,-5.28789657077,
    95.76260882915));
#1218 = CARTESIAN_POINT('',(-0.92397561032,-6.209466405953,
    96.206488747824));
#1219 = CARTESIAN_POINT('',(1.894408683447,-5.523336018515,
    96.650125151893));
#1220 = CARTESIAN_POINT('',(3.799064886569,-3.750598746687,
    97.093924533304));
#1221 = CARTESIAN_POINT('',(4.552243437295,-1.578580429651,
    97.537668574862));
#1222 = CARTESIAN_POINT('',(5.305397044313,0.593449929906,
    97.981396603788));
#1223 = CARTESIAN_POINT('',(4.907357059256,3.164711636562,
    98.425224583584));
#1224 = CARTESIAN_POINT('',(3.118240101858,5.44844287972,98.868817870232
    ));
#1225 = CARTESIAN_POINT('',(0.174510952412,6.596420683371,
    99.312753863177));
#1226 = CARTESIAN_POINT('',(-3.114729908731,5.96676892508,
    99.756399475208));
#1227 = CARTESIAN_POINT('',(-5.51109535154,3.628970215664,
    100.20010882939));
#1228 = CARTESIAN_POINT('',(-6.253091957279,0.556816799315,
    100.64398874755));
#1229 = CARTESIAN_POINT('',(-5.40223103926,-2.216286270922,
    101.0876251521));
#1230 = CARTESIAN_POINT('',(-3.520439743345,-4.013276589308,
    101.53142453318));
#1231 = CARTESIAN_POINT('',(-1.307848326289,-4.637280371246,
    101.9751685749));
#1232 = CARTESIAN_POINT('',(0.904752730226,-5.261258263967,
    102.41889713228));
#1233 = CARTESIAN_POINT('',(3.448126764292,-4.712537868977,
    102.86272231775));
#1234 = CARTESIAN_POINT('',(5.622556339089,-2.792074555812,
    103.30632372242));
#1235 = CARTESIAN_POINT('',(6.595272677479,0.214122451636,
    103.75024278107));
#1236 = CARTESIAN_POINT('',(5.773025116657,3.460604925966,
    104.19391593294));
#1237 = CARTESIAN_POINT('',(3.298267697535,5.715166927543,
    104.63758907985));
#1238 = CARTESIAN_POINT('',(0.187692983653,6.275037152621,
    105.08150814206));
#1239 = CARTESIAN_POINT('',(-2.530449067558,5.262378668958,
    105.52510954495));
#1240 = CARTESIAN_POINT('',(-4.213584750241,3.278074495772,
    105.96893473098));
#1241 = CARTESIAN_POINT('',(-4.706222461844,1.032576793458,
    106.41266328829));
#1242 = CARTESIAN_POINT('',(-5.198887525905,-1.212913581952,
    106.85640680147));
#1243 = CARTESIAN_POINT('',(-4.501342551706,-3.719581520698,
    107.30020897663));
#1244 = CARTESIAN_POINT('',(-2.456263618946,-5.777176347478,
    107.74383726451));
#1245 = CARTESIAN_POINT('',(0.602058940105,-6.571219302392,
    108.18773411378));
#1246 = CARTESIAN_POINT('',(3.794430062891,-5.559304070701,
    108.63141593298));
#1247 = CARTESIAN_POINT('',(5.899453830568,-2.956061900304,
    109.07509774704));
#1248 = CARTESIAN_POINT('',(6.275185060845,0.182018045775,109.5189946001
    ));
#1249 = CARTESIAN_POINT('',(5.104292639624,2.835886967269,
    109.96262288594));
#1250 = CARTESIAN_POINT('',(3.024326664218,4.399241994469,
    110.40642506187));
#1251 = CARTESIAN_POINT('',(0.75372905319,4.758857951222,110.85016857487
    ));
#1252 = CARTESIAN_POINT('',(-1.516876941825,5.118447514569,
    111.29389660372));
#1253 = CARTESIAN_POINT('',(-3.978121330606,4.274588135687,
    111.73772458373));
#1254 = CARTESIAN_POINT('',(-5.911766935542,2.111862412,112.18131787002)
  );
#1255 = CARTESIAN_POINT('',(-6.524370151078,-0.987832998878,
    112.62525386335));
#1256 = CARTESIAN_POINT('',(-5.326287924576,-4.115158654831,
    113.06889947514));
#1257 = CARTESIAN_POINT('',(-2.6036246341,-6.063228147335,
    113.51260882932));
#1258 = CARTESIAN_POINT('',(0.551125053611,-6.253596177309,
    113.95648874768));
#1259 = CARTESIAN_POINT('',(3.131463207455,-4.92848488032,114.400125152)
  );
#1260 = CARTESIAN_POINT('',(4.569656310298,-2.760095319973,
    114.84392453322));
#1261 = CARTESIAN_POINT('',(4.794976871608,-0.472264001151,
    115.2876685749));
#1262 = CARTESIAN_POINT('',(5.020270366599,1.815573204565,
    115.73139660364));
#1263 = CARTESIAN_POINT('',(4.032979134003,4.222870156207,
    116.17522458387));
#1264 = CARTESIAN_POINT('',(1.760169148629,6.025840664795,
    116.61881786986));
#1265 = CARTESIAN_POINT('',(-1.370214625336,6.454899827128,
    117.06275386348));
#1266 = CARTESIAN_POINT('',(-4.421584216239,5.074787368123,
    117.50639947509));
#1267 = CARTESIAN_POINT('',(-6.205989620803,2.242161820194,
    117.9501088293));
#1268 = CARTESIAN_POINT('',(-6.210304828954,-0.918323420598,
    118.39398874771));
#1269 = CARTESIAN_POINT('',(-4.73558521072,-3.416175895229,
    118.83762515198));
#1270 = CARTESIAN_POINT('',(-2.486288899363,-4.724219774575,
    119.28142453323));
#1271 = CARTESIAN_POINT('',(-0.189160769357,-4.814463073852,
    119.72516857491));
#1272 = CARTESIAN_POINT('',(2.107971643927,-4.90467900713,
    120.16889660362));
#1273 = CARTESIAN_POINT('',(4.452970775914,-3.777380616332,
    120.61272458392));
#1274 = CARTESIAN_POINT('',(6.119012080508,-1.402370246491,
    121.05631786976));
#1275 = CARTESIAN_POINT('',(6.363038878398,1.747843279332,
    121.50025386358));
#1276 = CARTESIAN_POINT('',(4.805683492373,4.712672276252,
    121.94389947504));
#1277 = CARTESIAN_POINT('',(1.872921441205,6.327223884006,
    122.38760882929));
#1278 = CARTESIAN_POINT('',(-1.282336326098,6.145471301635,
    122.83148874776));
#1279 = CARTESIAN_POINT('',(-3.689038621598,4.526258839626,
    123.27512515194));
#1280 = CARTESIAN_POINT('',(-4.862395961548,2.203858090465,
    123.71892453324));
#1281 = CARTESIAN_POINT('',(-4.817248964649,-9.459861946213E-02,
    124.16266857491));
#1282 = CARTESIAN_POINT('',(-4.772074395197,-2.393057038529,
    124.60639713227));
#1283 = CARTESIAN_POINT('',(-3.5086792056,-4.667629117812,
    125.05022231776));
#1284 = CARTESIAN_POINT('',(-1.039706810566,-6.190947412098,
    125.4938237224));
#1285 = CARTESIAN_POINT('',(2.119409011322,-6.249125983489,
    125.93774278109));
#1286 = CARTESIAN_POINT('',(4.987413172467,-4.519880009242,
    126.38141593293));
#1287 = CARTESIAN_POINT('',(6.426510332495,-1.497220010855,
    126.82508907983));
#1288 = CARTESIAN_POINT('',(6.059320556733,1.641936147877,
    127.26900814209));
#1289 = CARTESIAN_POINT('',(4.301231819342,3.949076673729,
    127.71260954493));
#1290 = CARTESIAN_POINT('',(1.913782619231,4.983724002573,
    128.15643473099));
#1291 = CARTESIAN_POINT('',(-0.378029885023,4.803315323892,
    128.60016328828));
#1292 = CARTESIAN_POINT('',(-2.66984331786,4.62293494682,129.04390680148
    ));
#1293 = CARTESIAN_POINT('',(-4.866088359062,3.227778731378,
    129.48770897659));
#1294 = CARTESIAN_POINT('',(-6.241428765356,0.673471960721,
    129.93133726459));
#1295 = CARTESIAN_POINT('',(-6.113496320374,-2.483658758598,
    130.37523411367));
#1296 = CARTESIAN_POINT('',(-4.21845739759,-5.244823966356,
    130.81891593308));
#1297 = CARTESIAN_POINT('',(-1.116253816211,-6.503524803754,
    131.26259774696));
#1298 = CARTESIAN_POINT('',(1.995770479979,-5.952140649365,
    131.70649460014));
#1299 = CARTESIAN_POINT('',(4.195472568031,-4.061288979166,
    132.15012288593));
#1300 = CARTESIAN_POINT('',(5.087727800818,-1.617067630893,
    132.59392506189));
#1301 = CARTESIAN_POINT('',(4.772739120458,0.660149811255,
    133.03766857485));
#1302 = CARTESIAN_POINT('',(4.457722749599,2.937367614769,
    133.48139660377));
#1303 = CARTESIAN_POINT('',(2.935738139024,5.047672199154,
    133.92522458362));
#1304 = CARTESIAN_POINT('',(0.304830968814,6.270249534489,134.3688178702
    ));
#1305 = CARTESIAN_POINT('',(-2.839221925281,5.956680179983,
    134.81275386311));
#1306 = CARTESIAN_POINT('',(-5.484101075896,3.902372252235,
    135.25639947542));
#1307 = CARTESIAN_POINT('',(-6.557939915472,0.731451206166,
    135.70010882904));
#1308 = CARTESIAN_POINT('',(-5.824335267186,-2.342716942328,
    136.14398874792));
#1309 = CARTESIAN_POINT('',(-3.807250189505,-4.427287095548,
    136.58762515181));
#1310 = CARTESIAN_POINT('',(-1.31474533493,-5.174101823139,
    137.03142453335));
#1311 = CARTESIAN_POINT('',(0.939979841781,-4.725597780379,
    137.47516857484));
#1312 = CARTESIAN_POINT('',(3.194702795047,-4.277066128725,
    137.91889660385));
#1313 = CARTESIAN_POINT('',(5.211746831423,-2.633485905437,
    138.36272458345));
#1314 = CARTESIAN_POINT('',(6.277320121679,6.483235569971E-02,
    138.80631787039));
#1315 = CARTESIAN_POINT('',(5.779201697989,3.184972157259,
    139.25025386305));
#1316 = CARTESIAN_POINT('',(3.572750580202,5.704325297463,
    139.69389947525));
#1317 = CARTESIAN_POINT('',(0.344111390942,6.589627011423,
    140.13760882942));
#1318 = CARTESIAN_POINT('',(-2.681537055138,5.676315970508,
    140.58148874749));
#1319 = CARTESIAN_POINT('',(-4.643744332826,3.540008984117,
    141.02512515214));
#1320 = CARTESIAN_POINT('',(-5.242528027777,1.007861521562,
    141.46892453317));
#1321 = CARTESIAN_POINT('',(-4.662064383132,-1.216549289404,
    141.9126685749));
#1322 = CARTESIAN_POINT('',(-4.081573528714,-3.440955325592,
    142.35639713228));
#1323 = CARTESIAN_POINT('',(-2.322097742109,-5.357747047563,
    142.80022231776));
#1324 = CARTESIAN_POINT('',(0.43426834263,-6.262605776935,
    143.24382372239));
#1325 = CARTESIAN_POINT('',(3.519679060616,-5.581695927372,
    143.68774278109));
#1326 = CARTESIAN_POINT('',(5.904755582803,-3.230706881983,
    144.13141593297));
#1327 = CARTESIAN_POINT('',(6.59846441074,4.438734004348E-02,
    144.57508907976));
#1328 = CARTESIAN_POINT('',(5.508598665848,3.011089613585,
    145.01900814217));
#1329 = CARTESIAN_POINT('',(3.260494800856,4.844065997883,
    145.46260954486));
#1330 = CARTESIAN_POINT('',(0.697477389957,5.292786991628,
    145.90643473104));
#1331 = CARTESIAN_POINT('',(-1.488896582704,4.58235001503,
    146.35016328825));
#1332 = CARTESIAN_POINT('',(2.276324618487,-9.992007221626E-16,1.5));
#1333 = CARTESIAN_POINT('',(2.276324618487,1.086128525771,1.943694101376
    ));
#1334 = CARTESIAN_POINT('',(1.700597838462,2.172140149736,2.38764010266)
  );
#1335 = CARTESIAN_POINT('',(0.548570600378,2.914882375797,2.831002727636
    ));
#1336 = CARTESIAN_POINT('',(-0.943123528146,2.971157364827,
    3.275193450975));
#1337 = CARTESIAN_POINT('',(-2.314020020115,2.181573582983,
    3.718743109252));
#1338 = CARTESIAN_POINT('',(-3.02152733514,0.766570702401,4.162292767401
    ));
#1339 = CARTESIAN_POINT('',(-2.877531408263,-0.719223163493,
    4.606483490835));
#1340 = CARTESIAN_POINT('',(-2.068255644495,-1.825525795475,
    5.049846115759));
#1341 = CARTESIAN_POINT('',(-0.95023364036,-2.336318679256,
    5.493792117065));
#1342 = CARTESIAN_POINT('',(0.134011058912,-2.272376466374,
    5.937486218432));
#1343 = CARTESIAN_POINT('',(1.218249958687,-2.208435552456,
    6.381220685575));
#1344 = CARTESIAN_POINT('',(2.268494275532,-1.569772354636,
    6.825099417281));
#1345 = CARTESIAN_POINT('',(2.942114291227,-0.376018129547,
    7.268553286026));
#1346 = CARTESIAN_POINT('',(2.910489248383,1.116402646501,7.712641966815
    ));
#1347 = CARTESIAN_POINT('',(2.041555441828,2.438437230462,8.156286012749
    ));
#1348 = CARTESIAN_POINT('',(0.58736561859,3.061415709296,8.599763876825)
  );
#1349 = CARTESIAN_POINT('',(-0.887380550002,2.83019927098,9.043998747921
    ));
#1350 = CARTESIAN_POINT('',(-1.944118637073,1.957198362819,
    9.487340208111));
#1351 = CARTESIAN_POINT('',(-2.388207809924,0.811044594797,
    9.931293495245));
#1352 = CARTESIAN_POINT('',(-2.260545941038,-0.267555260271,
    10.374986218426));
#1353 = CARTESIAN_POINT('',(-2.132886107364,-1.346149449354,
    10.818719307438));
#1354 = CARTESIAN_POINT('',(-1.433500831255,-2.356973431326,
    11.262605324845));
#1355 = CARTESIAN_POINT('',(-0.202163517385,-2.959148397377,
    11.706038029041));
#1356 = CARTESIAN_POINT('',(1.285813343162,-2.839717066464,
    12.150170857327));
#1357 = CARTESIAN_POINT('',(2.554389901707,-1.89446292543,
    12.593743109232));
#1358 = CARTESIAN_POINT('',(3.090692072217,-0.406117579355,
    13.037315361087));
#1359 = CARTESIAN_POINT('',(2.773042563354,1.05245630027,13.481448189398
    ));
#1360 = CARTESIAN_POINT('',(1.839357811666,2.055969657341,
    13.924880893596));
#1361 = CARTESIAN_POINT('',(0.669038411214,2.431811894623,14.36876691099
    ));
#1362 = CARTESIAN_POINT('',(-0.400169399851,2.240874432036,
    14.812500000012));
#1363 = CARTESIAN_POINT('',(-1.469383176985,2.049937077675,
    15.256194101339));
#1364 = CARTESIAN_POINT('',(-2.437271246679,1.292259535997,
    15.700140102726));
#1365 = CARTESIAN_POINT('',(-2.965924324414,2.760199537862E-02,
    16.143502727557));
#1366 = CARTESIAN_POINT('',(-2.759088640162,-1.450754269937,
    16.587693451033));
#1367 = CARTESIAN_POINT('',(-1.740802884079,-2.661495307191,
    17.03124310924));
#1368 = CARTESIAN_POINT('',(-0.223459300545,-3.109232062692,
    17.474792767369));
#1369 = CARTESIAN_POINT('',(1.213881707507,-2.706281612243,
    17.918983490885));
#1370 = CARTESIAN_POINT('',(2.160687742049,-1.715125162259,
    18.362346115718));
#1371 = CARTESIAN_POINT('',(2.466981718429,-0.524719108915,
    18.806292117086));
#1372 = CARTESIAN_POINT('',(2.213429120574,0.531399376211,
    19.249986218427));
#1373 = CARTESIAN_POINT('',(1.959879012635,1.587512438633,
    19.693719307438));
#1374 = CARTESIAN_POINT('',(1.146531935543,2.509125925494,
    20.137605324846));
#1375 = CARTESIAN_POINT('',(-0.147048389058,2.962398706573,
    20.58103802903));
#1376 = CARTESIAN_POINT('',(-1.610673626131,2.668902291415,
    21.025170857354));
#1377 = CARTESIAN_POINT('',(-2.759354279987,1.581095032972,
    21.468743109191));
#1378 = CARTESIAN_POINT('',(-3.117002810419,4.003065536088E-02,
    21.91231536113));
#1379 = CARTESIAN_POINT('',(-2.630118124986,-1.371097360058,
    22.356448189361));
#1380 = CARTESIAN_POINT('',(-1.584954901046,-2.257911945339,
    22.799880893622));
#1381 = CARTESIAN_POINT('',(-0.378572101465,-2.493592719451,
    23.243766910975));
#1382 = CARTESIAN_POINT('',(0.660782157201,-2.178306844652,
    23.687500000019));
#1383 = CARTESIAN_POINT('',(1.700142422626,-1.863020563985,
    24.131192723149));
#1384 = CARTESIAN_POINT('',(2.572265721685,-0.996830858732,
    24.575146010411));
#1385 = CARTESIAN_POINT('',(2.948610926369,0.321194275072,
    25.018487470388));
#1386 = CARTESIAN_POINT('',(2.569444564167,1.76499834127,25.462722341739
    ));
#1387 = CARTESIAN_POINT('',(1.415913360066,2.847650629008,
    25.906200205583));
#1388 = CARTESIAN_POINT('',(-0.143543251388,3.113952130686,
    26.349844251695));
#1389 = CARTESIAN_POINT('',(-1.523554388822,2.544839515002,
    26.793932932341));
#1390 = CARTESIAN_POINT('',(-2.347304236148,1.449280631414,
    27.237386801221));
#1391 = CARTESIAN_POINT('',(-2.51155450984,0.231115760628,
    27.681265532804));
#1392 = CARTESIAN_POINT('',(-2.135628034814,-0.787874777899,
    28.125000000038));
#1393 = CARTESIAN_POINT('',(-1.759700425862,-1.806871150493,
    28.568694101261));
#1394 = CARTESIAN_POINT('',(-0.843671401743,-2.626488987991,
    29.01264010287));
#1395 = CARTESIAN_POINT('',(0.494226325206,-2.924587032027,
    29.456002727383));
#1396 = CARTESIAN_POINT('',(1.913198566058,-2.461082957322,
    29.900193451148));
#1397 = CARTESIAN_POINT('',(2.926073362361,-1.245811634821,
    30.34374310926));
#1398 = CARTESIAN_POINT('',(3.100093962615,0.326612157707,
    30.787292767226));
#1399 = CARTESIAN_POINT('',(2.450739631383,1.670731643299,
    31.231483491063));
#1400 = CARTESIAN_POINT('',(1.30857391016,2.428551041753,31.674846115587
    ));
#1401 = CARTESIAN_POINT('',(8.286122284252E-02,2.520806013977,
    32.118792117148));
#1402 = CARTESIAN_POINT('',(-0.912236269506,2.085540399379,
    32.562486218411));
#1403 = CARTESIAN_POINT('',(-1.907328770382,1.650278010775,
    33.00622068564));
#1404 = CARTESIAN_POINT('',(-2.671606662575,0.687582259845,
    33.450099417156));
#1405 = CARTESIAN_POINT('',(-2.89041242572,-0.665538988778,
    33.893553286184));
#1406 = CARTESIAN_POINT('',(-2.344189797603,-2.05476926365,
    34.337641966688));
#1407 = CARTESIAN_POINT('',(-1.071384909277,-2.994337844193,
    34.781286012786));
#1408 = CARTESIAN_POINT('',(0.508546861448,-3.075490953467,
    35.224763876888));
#1409 = CARTESIAN_POINT('',(1.812112986262,-2.348130890472,
    35.668998747808));
#1410 = CARTESIAN_POINT('',(2.50137499878,-1.163333925423,
    36.112340208214));
#1411 = CARTESIAN_POINT('',(2.521312243957,6.56844469844E-02,
    36.556293495186));
#1412 = CARTESIAN_POINT('',(2.028219177048,1.033431535564,
    36.999986218446));
#1413 = CARTESIAN_POINT('',(1.535129807855,2.001173911541,
    37.443720685559));
#1414 = CARTESIAN_POINT('',(0.529110092918,2.707451575384,
    37.887599417289));
#1415 = CARTESIAN_POINT('',(-0.834545587126,2.846218508739,
    38.33105328602));
#1416 = CARTESIAN_POINT('',(-2.18920983006,2.219158140805,
    38.775141966841));
#1417 = CARTESIAN_POINT('',(-3.052217785761,0.89324763492,
    39.218786012677));
#1418 = CARTESIAN_POINT('',(-3.040218290852,-0.688721467002,
    39.662263876942));
#1419 = CARTESIAN_POINT('',(-2.237377768366,-1.947206428561,
    40.106498747799));
#1420 = CARTESIAN_POINT('',(-1.014058294496,-2.565523042556,
    40.549840208196));
#1421 = CARTESIAN_POINT('',(0.214002202602,-2.513072409502,
    40.993793495212));
#1422 = CARTESIAN_POINT('',(1.151042055371,-1.963862509345,
    41.437486218425));
#1423 = CARTESIAN_POINT('',(2.088077532657,-1.41465674446,
    41.881219307336));
#1424 = CARTESIAN_POINT('',(2.733904458373,-0.368801845836,
    42.325105325117));
#1425 = CARTESIAN_POINT('',(2.792152918731,1.000655487174,
    42.768538028625));
#1426 = CARTESIAN_POINT('',(2.086426381024,2.316060000931,43.21267085775
    ));
#1427 = CARTESIAN_POINT('',(0.712015345076,3.099505072343,
    43.656243108933));
#1428 = CARTESIAN_POINT('',(-0.866511206008,2.994406001831,
    44.099815361249));
#1429 = CARTESIAN_POINT('',(-2.075541359144,2.118857566849,
    44.543948189291));
#1430 = CARTESIAN_POINT('',(-2.620775136925,0.861270034826,
    44.98738089371));
#1431 = CARTESIAN_POINT('',(-2.496113134419,-0.361580843908,
    45.431266910872));
#1432 = CARTESIAN_POINT('',(-1.892694748016,-1.264658198709,
    45.875000000102));
#1433 = CARTESIAN_POINT('',(-1.289274229524,-2.167741183863,
    46.318692722921));
#1434 = CARTESIAN_POINT('',(-0.207218331801,-2.750869547356,
    46.762646010785));
#1435 = CARTESIAN_POINT('',(1.163300328521,-2.7284069534,47.20598747002)
  );
#1436 = CARTESIAN_POINT('',(2.434868491321,-1.946453170013,
    47.650222341845));
#1437 = CARTESIAN_POINT('',(3.136049701708,-0.528315262327,
    48.093700205905));
#1438 = CARTESIAN_POINT('',(2.938197990956,1.041294916323,
    48.537344251021));
#1439 = CARTESIAN_POINT('',(1.992995085901,2.196678565718,48.9814329331)
  );
#1440 = CARTESIAN_POINT('',(0.705488641321,2.666934064081,
    49.424886800631));
#1441 = CARTESIAN_POINT('',(-0.507901796688,2.470497179869,
    49.868765533131));
#1442 = CARTESIAN_POINT('',(-1.373889249313,1.814960633004,
    50.312499999919));
#1443 = CARTESIAN_POINT('',(-2.239882085578,1.159421459868,
    50.756192723528));
#1444 = CARTESIAN_POINT('',(-2.758297577099,4.49130334144E-02,
    51.200146009652));
#1445 = CARTESIAN_POINT('',(-2.65519040676,-1.321906222349,
    51.643487471374));
#1446 = CARTESIAN_POINT('',(-1.7997345967,-2.545234742487,
    52.087722340926));
#1447 = CARTESIAN_POINT('',(-0.342777191539,-3.161712913229,
    52.531200205869));
#1448 = CARTESIAN_POINT('',(1.212462982227,-2.871800141699,
    52.974844251943));
#1449 = CARTESIAN_POINT('',(2.310197890959,-1.860218222931,
    53.418932931872));
#1450 = CARTESIAN_POINT('',(2.703841244218,-0.547260497456,
    53.862386801585));
#1451 = CARTESIAN_POINT('',(2.43631178772,0.652461051434,54.306265532658
    ));
#1452 = CARTESIAN_POINT('',(1.730930819544,1.478354580838,
    54.750000000037));
#1453 = CARTESIAN_POINT('',(1.0255469126,2.30425333007,55.193692723049)
  );
#1454 = CARTESIAN_POINT('',(-0.117548058335,2.756157680121,
    55.637646010608));
#1455 = CARTESIAN_POINT('',(-1.475926714727,2.572763590075,
    56.08098747015));
#1456 = CARTESIAN_POINT('',(-2.646772135446,1.646773140429,
    56.525222341918));
#1457 = CARTESIAN_POINT('',(-3.176408839153,0.156050102184,
    56.968700205528));
#1458 = CARTESIAN_POINT('',(-2.795440650714,-1.379425280965,
    57.412344251641));
#1459 = CARTESIAN_POINT('',(-1.720988672938,-2.415703649131,
    57.856432932433));
#1460 = CARTESIAN_POINT('',(-0.387134027411,-2.731369394718,
    58.299886801152));
#1461 = CARTESIAN_POINT('',(0.794757062504,-2.393675366945,
    58.743765532831));
#1462 = CARTESIAN_POINT('',(1.577691826121,-1.640896788503,
    59.187500000039));
#1463 = CARTESIAN_POINT('',(2.360631480419,-0.888114833182,
    59.631194101266));
#1464 = CARTESIAN_POINT('',(2.744457910073,0.279600819057,
    60.075140102862));
#1465 = CARTESIAN_POINT('',(2.481410795162,1.624829047633,
    60.518502727387));
#1466 = CARTESIAN_POINT('',(1.488102474128,2.73912560912,60.962693451153
    ));
#1467 = CARTESIAN_POINT('',(-3.12228688792E-02,3.18009073515,
    61.406243109244));
#1468 = CARTESIAN_POINT('',(-1.541597163576,2.709379313405,
    61.849792767252));
#1469 = CARTESIAN_POINT('',(-2.512835258672,1.575794379819,
    62.293983491032));
#1470 = CARTESIAN_POINT('',(-2.74941868523,0.225660661374,
    62.737346115616));
#1471 = CARTESIAN_POINT('',(-2.342738650594,-0.934293614102,
    63.181292117126));
#1472 = CARTESIAN_POINT('',(-1.545169377475,-1.671557765606,
    63.624986218425));
#1473 = CARTESIAN_POINT('',(-0.747605187348,-2.408818791607,
    64.068719307517));
#1474 = CARTESIAN_POINT('',(0.440689211172,-2.723240975104,
    64.51260532466));
#1475 = CARTESIAN_POINT('',(1.768086806749,-2.381448796241,
    64.956038029234));
#1476 = CARTESIAN_POINT('',(2.8219888434,-1.324268831719,65.400170857357
    ));
#1477 = CARTESIAN_POINT('',(3.172728569293,0.218382626162,
    65.843743108785));
#1478 = CARTESIAN_POINT('',(2.613932958864,1.698429704343,
    66.287315361905));
#1479 = CARTESIAN_POINT('',(1.425122417831,2.601241129832,
    66.731448188486));
#1480 = CARTESIAN_POINT('',(6.341317152769E-02,2.757938933595,
    67.174880894305));
#1481 = CARTESIAN_POINT('',(-1.0705946898,2.283669962263,67.618766910604
    ));
#1482 = CARTESIAN_POINT('',(-1.759622725324,1.444085050561,
    68.062500000144));
#1483 = CARTESIAN_POINT('',(-2.448655367877,0.604496346382,
    68.506194100866));
#1484 = CARTESIAN_POINT('',(-2.692571029234,-0.600239194073,
    68.95014010363));
#1485 = CARTESIAN_POINT('',(-2.273232611997,-1.90522504206,
    69.393502726454));
#1486 = CARTESIAN_POINT('',(-1.155837932247,-2.895046934055,
    69.837693451804));
#1487 = CARTESIAN_POINT('',(0.404786034902,-3.154377944496,
    70.281243109249));
#1488 = CARTESIAN_POINT('',(1.849364909588,-2.509403815604,
    70.724792766604));
#1489 = CARTESIAN_POINT('',(2.6806322034,-1.269519576687,71.168983491943
    ));
#1490 = CARTESIAN_POINT('',(2.756884537994,9.906303202376E-02,
    71.612346114862));
#1491 = CARTESIAN_POINT('',(2.216685416988,1.203176921585,
    72.056292117544));
#1492 = CARTESIAN_POINT('',(1.337988419935,1.841586478274,
    72.499986218278));
#1493 = CARTESIAN_POINT('',(0.459296838128,2.479993528506,
    72.943719307642));
#1494 = CARTESIAN_POINT('',(-0.757717211861,2.652567250072,
    73.387605324653));
#1495 = CARTESIAN_POINT('',(-2.0357405305,2.157125359706,73.831038029152
    ));
#1496 = CARTESIAN_POINT('',(-2.958079218484,0.98340038097,
    74.275170857311));
#1497 = CARTESIAN_POINT('',(-3.125068538872,-0.589783156511,
    74.718743109171));
#1498 = CARTESIAN_POINT('',(-2.396185363022,-1.993891842731,
    75.162315361227));
#1499 = CARTESIAN_POINT('',(-1.109501007788,-2.750715695149,
    75.606448189171));
#1500 = CARTESIAN_POINT('',(0.261187344176,-2.746275580231,
    76.049880893875));
#1501 = CARTESIAN_POINT('',(1.331590440642,-2.14200569207,
    76.493766910737));
#1502 = CARTESIAN_POINT('',(1.917159823209,-1.227253837234,
    76.937500000179));
#1503 = CARTESIAN_POINT('',(2.502733335122,-0.312497674723,
    77.381194100843));
#1504 = CARTESIAN_POINT('',(2.603356804515,0.912556401514,77.8251401036)
  );
#1505 = CARTESIAN_POINT('',(2.03354040929,2.159208737689,78.268502726558
    ));
#1506 = CARTESIAN_POINT('',(0.807549909698,3.010833974059,
    78.712693451682));
#1507 = CARTESIAN_POINT('',(-0.772737617232,3.084935740934,
    79.156243109275));
#1508 = CARTESIAN_POINT('',(-2.131494750821,2.274640236598,
    79.599792766742));
#1509 = CARTESIAN_POINT('',(-2.811267312908,0.945645314374,
    80.043983491696));
#1510 = CARTESIAN_POINT('',(-2.726131463217,-0.422413406037,
    80.487346115093));
#1511 = CARTESIAN_POINT('',(-2.05990208254,-1.455380483864,
    80.93129211741));
#1512 = CARTESIAN_POINT('',(-1.112258813764,-1.986085119033,
    81.374986218321));
#1513 = CARTESIAN_POINT('',(-0.164621217255,-2.516787901635,
    81.818719307535));
#1514 = CARTESIAN_POINT('',(1.064240913514,-2.545120756887,
    82.262605324833));
#1515 = CARTESIAN_POINT('',(2.275172608203,-1.902897508603,
    82.706038028945));
#1516 = CARTESIAN_POINT('',(3.053161486433,-0.628898966036,
    83.150170857467));
#1517 = CARTESIAN_POINT('',(3.034085414547,0.953007472066,
    83.593743109112));
#1518 = CARTESIAN_POINT('',(2.145219242992,2.261712487018,
    84.037315361201));
#1519 = CARTESIAN_POINT('',(0.778498489859,2.862056851829,
    84.481448189232));
#1520 = CARTESIAN_POINT('',(-0.582166997268,2.696540372146,
    84.924880893818));
#1521 = CARTESIAN_POINT('',(-1.574126238567,1.970646612545,
    85.368766910775));
#1522 = CARTESIAN_POINT('',(-2.04811916942,0.993409098301,
    85.812500000159));
#1523 = CARTESIAN_POINT('',(-2.522115879701,1.616689754998E-02,
    86.256192722727));
#1524 = CARTESIAN_POINT('',(-2.478051227168,-1.212223089547,
    86.700146011179));
#1525 = CARTESIAN_POINT('',(-1.765659109162,-2.383258288209,
    87.143487469444));
#1526 = CARTESIAN_POINT('',(-0.448062874502,-3.084883170172,
    87.587722342502));
#1527 = CARTESIAN_POINT('',(1.129970911385,-2.972724421604,
    88.031200205278));
#1528 = CARTESIAN_POINT('',(2.384082408916,-2.008345987382,
    88.474844251568));
#1529 = CARTESIAN_POINT('',(2.902922793814,-0.608658677935,
    88.91893293264));
#1530 = CARTESIAN_POINT('',(2.657591255583,0.739905563994,
    89.362386800997));
#1531 = CARTESIAN_POINT('',(1.874558579054,1.687409459631,
    89.806265532879));
#1532 = CARTESIAN_POINT('',(0.871111718187,2.103049724369,
    90.250000000058));
#1533 = CARTESIAN_POINT('',(-0.132340130852,2.51869330583,
    90.693692723098));
#1534 = CARTESIAN_POINT('',(-1.356005489455,2.402388772947,
    91.137646010438));
#1535 = CARTESIAN_POINT('',(-2.483070560002,1.622292437122,
    91.580987470433));
#1536 = CARTESIAN_POINT('',(-3.1059106017,0.26567620755,92.025222341598)
  );
#1537 = CARTESIAN_POINT('',(-2.901046263074,-1.303017777146,
    92.468700205802));
#1538 = CARTESIAN_POINT('',(-1.864509885075,-2.498180422966,
    92.912344251445));
#1539 = CARTESIAN_POINT('',(-0.436705628777,-2.933720219561,
    93.356432932572));
#1540 = CARTESIAN_POINT('',(0.895076812338,-2.609423121224,
    93.799886801043));
#1541 = CARTESIAN_POINT('',(1.794839603883,-1.77196821277,
    94.243765532918));
#1542 = CARTESIAN_POINT('',(2.150685263269,-0.745792643493,
    94.687499999982));
#1543 = CARTESIAN_POINT('',(2.506533939943,0.280388100517,
    95.131192723275));
#1544 = CARTESIAN_POINT('',(2.318392961435,1.495084205125,
    95.575146010186));
#1545 = CARTESIAN_POINT('',(1.473298390207,2.574269607216,
    96.018487470625));
#1546 = CARTESIAN_POINT('',(8.236796829177E-02,3.116164313841,
    96.462722341647));
#1547 = CARTESIAN_POINT('',(-1.471544761323,2.81930501428,
    96.906200205412));
#1548 = CARTESIAN_POINT('',(-2.603612799685,1.714206208946,
    97.349844252101));
#1549 = CARTESIAN_POINT('',(-2.954341216336,0.263237743963,
    97.793932931863));
#1550 = CARTESIAN_POINT('',(-2.552203473139,-1.047143236428,
    98.237386801598));
#1551 = CARTESIAN_POINT('',(-1.6632312792,-1.896043845097,
    98.681265532601));
#1552 = CARTESIAN_POINT('',(-0.617886578496,-2.190860548927,
    99.125000000107));
#1553 = CARTESIAN_POINT('',(0.427463508651,-2.485679764598,
    99.568694101023));
#1554 = CARTESIAN_POINT('',(1.62897661905,-2.226355994088,
    100.01264010331));
#1555 = CARTESIAN_POINT('',(2.656539555727,-1.319191630381,
    100.45600272684));
#1556 = CARTESIAN_POINT('',(3.115607838879,0.101221886643,
    100.90019345152));
#1557 = CARTESIAN_POINT('',(2.727785553837,1.634973370828,
    101.34374310925));
#1558 = CARTESIAN_POINT('',(1.557954725843,2.700006509401,
    101.78729276687));
#1559 = CARTESIAN_POINT('',(8.885832003709E-02,2.964721431111,
    102.23148349152));
#1560 = CARTESIAN_POINT('',(-1.195578618553,2.486125018443,
    102.67484611523));
#1561 = CARTESIAN_POINT('',(-1.990670300053,1.548728736385,
    103.11879211731));
#1562 = CARTESIAN_POINT('',(-2.223436651376,0.487835244895,
    103.56248621837));
#1563 = CARTESIAN_POINT('',(-2.456202876458,-0.573052280826,
    104.00621930767));
#1564 = CARTESIAN_POINT('',(-2.126595881561,-1.757224614587,
    104.45010532434));
#1565 = CARTESIAN_POINT('',(-1.160511634289,-2.729586428684,
    104.89353802967));
#1566 = CARTESIAN_POINT('',(0.284467208751,-3.10425311116,
    105.33767085685));
#1567 = CARTESIAN_POINT('',(1.792719795795,-2.626795248964,
    105.78124310929));
#1568 = CARTESIAN_POINT('',(2.787048182164,-1.396306343077,
    106.22481536139));
#1569 = CARTESIAN_POINT('',(2.964803827552,8.583464312767E-02,
    106.66894818897));
#1570 = CARTESIAN_POINT('',(2.411434090131,1.339863433511,107.1123808939
    ));
#1571 = CARTESIAN_POINT('',(1.42884650391,2.078393407108,107.55626691086
    ));
#1572 = CARTESIAN_POINT('',(0.356095623954,2.248299285089,
    108.00000000001));
#1573 = CARTESIAN_POINT('',(-0.716660837721,2.418207419297,
    108.44369272309));
#1574 = CARTESIAN_POINT('',(-1.879365471057,2.019457385033,
    108.88764601056));
#1575 = CARTESIAN_POINT('',(-2.793179771049,0.997807057605,
    109.33098747012));
#1576 = CARTESIAN_POINT('',(-3.082114923475,-0.466724877765,
    109.77522234206));
#1577 = CARTESIAN_POINT('',(-2.516706664779,-1.944251092638,
    110.21870020528));
#1578 = CARTESIAN_POINT('',(-1.229804690749,-2.864416687607,
    110.6623442519));
#1579 = CARTESIAN_POINT('',(0.260223966647,-2.95460820072,
    111.10643293219));
#1580 = CARTESIAN_POINT('',(1.479503498733,-2.328373020576,
    111.54988680134));
#1581 = CARTESIAN_POINT('',(2.158905806932,-1.304011605577,
    111.99376553271));
#1582 = CARTESIAN_POINT('',(2.265363493265,-0.223118829579,
    112.43750000009));
#1583 = CARTESIAN_POINT('',(2.371822905524,0.857779682656,112.8811927229
    ));
#1584 = CARTESIAN_POINT('',(1.905315103048,1.99499299789,113.32514601089
    ));
#1585 = CARTESIAN_POINT('',(0.831639733396,2.847077011896,
    113.76848746973));
#1586 = CARTESIAN_POINT('',(-0.647361977443,3.049292866102,
    114.21272234236));
#1587 = CARTESIAN_POINT('',(-2.089039547215,2.397882090029,
    114.65620020516));
#1588 = CARTESIAN_POINT('',(-2.931848262961,1.059041217654,
    115.09984425188));
#1589 = CARTESIAN_POINT('',(-2.934164164316,-0.43371279612,
    115.54393293225));
#1590 = CARTESIAN_POINT('',(-2.237235154137,-1.614010653846,
    115.9873868013));
#1591 = CARTESIAN_POINT('',(-1.174653421269,-2.231929633881,
    116.43126553271));
#1592 = CARTESIAN_POINT('',(-8.936808514554E-02,-2.274569654701,
    116.87500000011));
#1593 = CARTESIAN_POINT('',(0.995923078885,-2.317211060762,
    117.31869272284));
#1594 = CARTESIAN_POINT('',(2.103700333657,-1.784563702866,
    117.76264601103));
#1595 = CARTESIAN_POINT('',(2.891098370005,-0.662587634186,
    118.20598746949));
#1596 = CARTESIAN_POINT('',(3.005893483728,0.82575352105,118.65022234263
    ));
#1597 = CARTESIAN_POINT('',(2.270739790741,2.226581583969,
    119.09370020499));
#1598 = CARTESIAN_POINT('',(0.884604163958,2.989109902794,119.5373442519
    ));
#1599 = CARTESIAN_POINT('',(-0.605697171489,2.903542159013,
    119.98143293234));
#1600 = CARTESIAN_POINT('',(-1.742919161673,2.13833681197,
    120.42488680121));
#1601 = CARTESIAN_POINT('',(-2.29721138878,1.041220623104,
    120.86876553274));
#1602 = CARTESIAN_POINT('',(-2.275885835252,-4.469265748282E-02,
    121.31250000012));
#1603 = CARTESIAN_POINT('',(-2.254561121811,-1.130611821707,
    121.75619410101));
#1604 = CARTESIAN_POINT('',(-1.657622900326,-2.205110463927,
    122.20014010334));
#1605 = CARTESIAN_POINT('',(-0.49123495412,-2.925090971017,
    122.64350272678));
#1606 = CARTESIAN_POINT('',(1.001276522138,-2.952067648635,
    123.08769345158));
#1607 = CARTESIAN_POINT('',(2.356406315523,-2.135720306438,
    123.53124310924));
#1608 = CARTESIAN_POINT('',(3.035995520338,-0.707099200232,
    123.97479276682));
#1609 = CARTESIAN_POINT('',(2.862855730405,0.775581093172,124.4189834916
    ));
#1610 = CARTESIAN_POINT('',(2.032015156395,1.865781403223,
    124.86234611517));
#1611 = CARTESIAN_POINT('',(0.904179911387,2.354524926662,
    125.30629211734));
#1612 = CARTESIAN_POINT('',(-0.17860036771,2.269307312264,
    125.74998621837));
#1613 = CARTESIAN_POINT('',(-1.261374901266,2.184091308833,
    126.19371930771));
#1614 = CARTESIAN_POINT('',(-2.298877311774,1.524929996766,
    126.63760532423));
#1615 = CARTESIAN_POINT('',(-2.948930098689,0.318183277432,
    127.08103802989));
#1616 = CARTESIAN_POINT('',(-2.88800854248,-1.173335258707,
    127.52517085654));
#1617 = CARTESIAN_POINT('',(-1.99328724017,-2.478044294357,
    127.96874310961));
#1618 = CARTESIAN_POINT('',(-0.527144478615,-3.072365159257,
    128.41231536116));
#1619 = CARTESIAN_POINT('',(0.942775754373,-2.812223888462,
    128.85644818909));
#1620 = CARTESIAN_POINT('',(1.982171730491,-1.918656723433,
    129.29988089384));
#1621 = CARTESIAN_POINT('',(2.403670731013,-0.763995093779,
    129.74376691091));
#1622 = CARTESIAN_POINT('',(2.25485737597,0.311884566411,130.18749999997
    ));
#1623 = CARTESIAN_POINT('',(2.106044559709,1.387770222884,
    130.63119272322));
#1624 = CARTESIAN_POINT('',(1.386949228845,2.384658160106,
    131.07514601029));
#1625 = CARTESIAN_POINT('',(0.144024532285,2.962554487523,
    131.51848747056));
#1626 = CARTESIAN_POINT('',(-1.341318596937,2.813917009131,
    131.96272234145));
#1627 = CARTESIAN_POINT('',(-2.591093675407,1.843951819825,132.406200206
    ));
#1628 = CARTESIAN_POINT('',(-3.098069324312,0.345353439938,
    132.84984425117));
#1629 = CARTESIAN_POINT('',(-2.751844733501,-1.106696297951,
    133.29393293285));
#1630 = CARTESIAN_POINT('',(-1.79863686431,-2.091687585603,
    133.73738680082));
#1631 = CARTESIAN_POINT('',(-0.621164028301,-2.444478635766,
    134.18126553304));
#1632 = CARTESIAN_POINT('',(0.444088902845,-2.23258567923,
    134.62499999992));
#1633 = CARTESIAN_POINT('',(1.509347824064,-2.020692709175,
    135.06869272345));
#1634 = CARTESIAN_POINT('',(2.462173049075,-1.244156975911,
    135.51264600985));
#1635 = CARTESIAN_POINT('',(2.965895103069,3.063322595263E-02,
    135.95598747103));
#1636 = CARTESIAN_POINT('',(2.730072076425,1.504649783352,
    136.40022234129));
#1637 = CARTESIAN_POINT('',(1.688213921583,2.695154634409,136.8437002056
    ));
#1638 = CARTESIAN_POINT('',(0.162368631483,3.113027299093,
    137.28734425207));
#1639 = CARTESIAN_POINT('',(-1.266780166068,2.681919861424,
    137.73143293179));
#1640 = CARTESIAN_POINT('',(-2.193946981684,1.672377997816,
    138.17488680166));
#1641 = CARTESIAN_POINT('',(-2.476807382443,0.476178265875,
    138.61876553258));
#1642 = CARTESIAN_POINT('',(-2.202569634769,-0.574752792708,
    139.06250000009));
#1643 = CARTESIAN_POINT('',(-1.928331330448,-1.625689768487,
    139.50619410102));
#1644 = CARTESIAN_POINT('',(-1.097049833051,-2.531147467383,
    139.95014010337));
#1645 = CARTESIAN_POINT('',(0.205186832816,-2.958946997232,
    140.39350272672));
#1646 = CARTESIAN_POINT('',(1.662757678478,-2.636758422517,
    140.83769345163));
#1647 = CARTESIAN_POINT('',(2.789872625496,-1.526618054587,
    141.28124310926));
#1648 = CARTESIAN_POINT('',(3.117179752501,2.117708580744E-02,
    141.72479276672));
#1649 = CARTESIAN_POINT('',(2.602698988211,1.422472123526,
    142.16898349175));
#1650 = CARTESIAN_POINT('',(1.540312397299,2.288594232052,
    142.61234611502));
#1651 = CARTESIAN_POINT('',(0.329544420265,2.500545823928,
    143.05629211745));
#1652 = CARTESIAN_POINT('',(-0.703424896556,2.164912742756,
    143.49998621829));
#1653 = CARTESIAN_POINT('',(4.818177714178,8.326672684689E-16,
    -1.350168574868));
#1654 = CARTESIAN_POINT('',(4.818216349736,2.298906857728,
    -0.906440017314));
#1655 = CARTESIAN_POINT('',(3.59943861247,4.597823205902,-0.462614832056
    ));
#1656 = CARTESIAN_POINT('',(1.16146710735,6.169478900565,
    -1.901342775946E-02));
#1657 = CARTESIAN_POINT('',(-1.996827721332,6.289241133829,0.42490563291
    ));
#1658 = CARTESIAN_POINT('',(-4.897265072223,4.61742129058,0.868578780535
    ));
#1659 = CARTESIAN_POINT('',(-6.396161833124,1.622576995727,
    1.312251933061));
#1660 = CARTESIAN_POINT('',(-6.090300127856,-1.522241858305,
    1.75617099016));
#1661 = CARTESIAN_POINT('',(-4.377960616805,-3.864089415146,
    2.199772396307));
#1662 = CARTESIAN_POINT('',(-2.011270588162,-4.945130871028,
    2.643597580925));
#1663 = CARTESIAN_POINT('',(0.283651321838,-4.809830579516,
    3.087326138603));
#1664 = CARTESIAN_POINT('',(2.578569364727,-4.674502934978,
    3.531070180226));
#1665 = CARTESIAN_POINT('',(4.801754551473,-3.322546173951,
    3.974869561279));
#1666 = CARTESIAN_POINT('',(6.227150250573,-0.796215771595,
    4.418505966128));
#1667 = CARTESIAN_POINT('',(6.160783245187,2.363581769802,4.862385883909
    ));
#1668 = CARTESIAN_POINT('',(4.32110281844,5.160632069232,5.306095238046)
  );
#1669 = CARTESIAN_POINT('',(1.243218410514,6.480570967977,5.749740850818
    ));
#1670 = CARTESIAN_POINT('',(-1.878144030314,5.990132048702,
    6.193676842684));
#1671 = CARTESIAN_POINT('',(-4.115121068593,4.14288142053,6.63727013017)
  );
#1672 = CARTESIAN_POINT('',(-5.054959335047,1.716659378774,
    7.081098109586));
#1673 = CARTESIAN_POINT('',(-4.784789677077,-0.566317951518,
    7.524826138601));
#1674 = CARTESIAN_POINT('',(-4.51459331699,-2.849287940527,
    7.968569651581));
#1675 = CARTESIAN_POINT('',(-3.034099392367,-4.989031362409,
    8.412371827383));
#1676 = CARTESIAN_POINT('',(-0.428240174372,-6.263213575448,
    8.856000113643));
#1677 = CARTESIAN_POINT('',(2.722177754132,-6.010971461449,
    9.299896966131));
#1678 = CARTESIAN_POINT('',(5.406060749749,-4.009769012965,
    9.743578780517));
#1679 = CARTESIAN_POINT('',(6.542529479491,-0.85958028997,
    10.187260599871));
#1680 = CARTESIAN_POINT('',(5.869166058673,2.227564389121,
    10.631157448736));
#1681 = CARTESIAN_POINT('',(3.893442740908,4.351851319126,11.07478573688
    ));
#1682 = CARTESIAN_POINT('',(1.416087814797,5.147271009927,
    11.518587912023));
#1683 = CARTESIAN_POINT('',(-0.847017718213,4.743142151607,
    11.962331425136));
#1684 = CARTESIAN_POINT('',(-3.110129498519,4.339040912006,
    12.406059982671));
#1685 = CARTESIAN_POINT('',(-5.158987237197,2.735102784884,
    12.849885167972));
#1686 = CARTESIAN_POINT('',(-6.277580537701,5.880763864655E-02,
    13.293486572203));
#1687 = CARTESIAN_POINT('',(-5.840261180226,-3.071355455766,
    13.737405632941));
#1688 = CARTESIAN_POINT('',(-3.684591212931,-5.632723333831,
    14.181078780523));
#1689 = CARTESIAN_POINT('',(-0.472886447243,-6.581794642071,
    14.624751933052));
#1690 = CARTESIAN_POINT('',(2.56918743451,-5.727848797676,
    15.068670990179));
#1691 = CARTESIAN_POINT('',(4.573541471904,-3.630488200702,
    15.512272396291));
#1692 = CARTESIAN_POINT('',(5.221692099448,-1.110612591695,
    15.956097580932));
#1693 = CARTESIAN_POINT('',(4.685060163313,1.124784220286,
    16.399826138602));
#1694 = CARTESIAN_POINT('',(4.148402329944,3.360171527578,
    16.843569651581));
#1695 = CARTESIAN_POINT('',(2.426670639655,5.311069822974,
    17.287371827383));
#1696 = CARTESIAN_POINT('',(-0.310890014213,6.270134076535,
    17.73100011364));
#1697 = CARTESIAN_POINT('',(-3.409822803624,5.649348465379,
    18.17489696614));
#1698 = CARTESIAN_POINT('',(-5.839886221146,3.346560815426,
    18.618578780502));
#1699 = CARTESIAN_POINT('',(-6.598212484977,8.463018438771E-02,
    19.062260599888));
#1700 = CARTESIAN_POINT('',(-5.566661560524,-2.901970434471,
    19.506157448722));
#1701 = CARTESIAN_POINT('',(-3.354949896789,-4.779311401284,
    19.94978573689));
#1702 = CARTESIAN_POINT('',(-0.801275302632,-5.27803575569,
    20.393587912017));
#1703 = CARTESIAN_POINT('',(1.398643162709,-4.610708599411,
    20.837331425139));
#1704 = CARTESIAN_POINT('',(3.598570211208,-3.943408537924,
    21.281059454004));
#1705 = CARTESIAN_POINT('',(5.444708075031,-2.109768646559,
    21.72488743413));
#1706 = CARTESIAN_POINT('',(6.240969715666,0.679446019893,
    22.168480719635));
#1707 = CARTESIAN_POINT('',(5.438798208311,3.736523745188,
    22.612416715257));
#1708 = CARTESIAN_POINT('',(2.996968675886,6.026744623976,
    23.056062322924));
#1709 = CARTESIAN_POINT('',(-0.303966006536,6.591769500428,
    23.499771682139));
#1710 = CARTESIAN_POINT('',(-3.22464725128,5.386155623503,23.94365159622
    ));
#1711 = CARTESIAN_POINT('',(-4.968532309301,3.06777301451,
    24.387288003009));
#1712 = CARTESIAN_POINT('',(-5.316052955229,0.48916248304,24.83108738336
    ));
#1713 = CARTESIAN_POINT('',(-4.520372586353,-1.667653490895,
    25.274831425146));
#1714 = CARTESIAN_POINT('',(-3.724717957905,-3.824481359377,
    25.71855998264));
#1715 = CARTESIAN_POINT('',(-1.785577083264,-5.559464995528,
    26.162385168031));
#1716 = CARTESIAN_POINT('',(1.045683503487,-6.190155228757,
    26.605986572132));
#1717 = CARTESIAN_POINT('',(4.050220100144,-5.20937540692,
    27.049905632989));
#1718 = CARTESIAN_POINT('',(6.192739928808,-2.636997674582,
    27.49357878053));
#1719 = CARTESIAN_POINT('',(6.562425189574,0.691533031058,
    27.937251932992));
#1720 = CARTESIAN_POINT('',(5.186992941065,3.536110879518,
    28.381170990254));
#1721 = CARTESIAN_POINT('',(2.769937462973,5.140542055298,
    28.824772396237));
#1722 = CARTESIAN_POINT('',(0.175362496094,5.335613995114,
    29.268597580957));
#1723 = CARTESIAN_POINT('',(-1.930883617802,4.414364816219,
    29.712326138596));
#1724 = CARTESIAN_POINT('',(-4.037116636195,3.49309131331,
    30.156070180252));
#1725 = CARTESIAN_POINT('',(-5.654954421181,1.45521487952,
    30.599869561226));
#1726 = CARTESIAN_POINT('',(-6.117842272217,-1.408320180379,
    31.043505966199));
#1727 = CARTESIAN_POINT('',(-4.961917496806,-4.349844104208,
    31.487385883847));
#1728 = CARTESIAN_POINT('',(-2.267838441431,-6.337267686095,
    31.931095238068));
#1729 = CARTESIAN_POINT('',(1.076659410194,-6.510314631596,
    32.374740850839));
#1730 = CARTESIAN_POINT('',(3.835345333105,-4.969832304508,
    32.818676842639));
#1731 = CARTESIAN_POINT('',(5.294692857868,-2.462501860769,
    33.262270130211));
#1732 = CARTESIAN_POINT('',(5.336684143802,0.13905269282,33.706098109563
    ));
#1733 = CARTESIAN_POINT('',(4.293035916483,2.187411917249,
    34.149826138609));
#1734 = CARTESIAN_POINT('',(3.249364630554,4.23575579509,34.593570180221
    ));
#1735 = CARTESIAN_POINT('',(1.119779258188,5.730816195221,
    35.037369561277));
#1736 = CARTESIAN_POINT('',(-1.766039895273,6.024322608122,
    35.481005966134));
#1737 = CARTESIAN_POINT('',(-4.634411849688,4.697232779428,
    35.924885883907));
#1738 = CARTESIAN_POINT('',(-6.459785865089,1.890825083918,
    36.368595238028));
#1739 = CARTESIAN_POINT('',(-6.435639403495,-1.458059517469,
    36.812240850855));
#1740 = CARTESIAN_POINT('',(-4.73542281594,-4.121271370991,
    37.256176842641));
#1741 = CARTESIAN_POINT('',(-2.146528098978,-5.43047926005,37.6997701302
    ));
#1742 = CARTESIAN_POINT('',(0.452986405612,-5.319242109384,
    38.143598109574));
#1743 = CARTESIAN_POINT('',(2.436352566811,-4.156815421241,38.5873261386
    ));
#1744 = CARTESIAN_POINT('',(4.419701301212,-2.994367211024,
    39.031069651541));
#1745 = CARTESIAN_POINT('',(5.786802242927,-0.780456827003,
    39.474871827493));
#1746 = CARTESIAN_POINT('',(5.90989760073,2.117627041014,39.918500113474
    ));
#1747 = CARTESIAN_POINT('',(4.416270105373,4.902916274792,
    40.362396966301));
#1748 = CARTESIAN_POINT('',(1.50722954297,6.559878007112,40.806078780404
    ));
#1749 = CARTESIAN_POINT('',(-1.834373944261,6.338662516412,
    41.249760599921));
#1750 = CARTESIAN_POINT('',(-4.392929116542,4.484565431685,
    41.69365744871));
#1751 = CARTESIAN_POINT('',(-5.547406404793,1.823126012983,
    42.137285736915));
#1752 = CARTESIAN_POINT('',(-5.28336325074,-0.765360248804,
    42.581087911981));
#1753 = CARTESIAN_POINT('',(-4.006168355959,-2.676836115348,
    43.02483142517));
#1754 = CARTESIAN_POINT('',(-2.728996898001,-4.588328060887,
    43.468559453915));
#1755 = CARTESIAN_POINT('',(-0.438407390394,-5.822694283784,
    43.91238743428));
#1756 = CARTESIAN_POINT('',(2.461847181712,-5.775002886534,
    44.355980719482));
#1757 = CARTESIAN_POINT('',(5.154430070008,-4.119949793927,
    44.799916715306));
#1758 = CARTESIAN_POINT('',(6.637209108655,-1.118448592941,
    45.24356232305));
#1759 = CARTESIAN_POINT('',(6.219693444443,2.204367014554,
    45.687271681868));
#1760 = CARTESIAN_POINT('',(4.218163884422,4.649313469749,
    46.131151596526));
#1761 = CARTESIAN_POINT('',(1.493386940342,5.64511647585,46.574788002776
    ));
#1762 = CARTESIAN_POINT('',(-1.075069405478,5.229141873092,
    47.018587383485));
#1763 = CARTESIAN_POINT('',(-2.90803978882,3.841632605104,
    47.462331425102));
#1764 = CARTESIAN_POINT('',(-4.741028351701,2.454145192894,
    47.906059454153));
#1765 = CARTESIAN_POINT('',(-5.83840485793,9.486032988243E-02,
    48.349887433819));
#1766 = CARTESIAN_POINT('',(-5.620055857966,-2.797556441071,
    48.793480720053));
#1767 = CARTESIAN_POINT('',(-3.809358754466,-5.388035033456,
    49.237416714899));
#1768 = CARTESIAN_POINT('',(-0.725770932886,-6.691541568569,
    49.681062323061));
#1769 = CARTESIAN_POINT('',(2.56670213426,-6.079133214195,
    50.124771682234));
#1770 = CARTESIAN_POINT('',(4.889576445975,-3.937139122875,
    50.568651596028));
#1771 = CARTESIAN_POINT('',(5.723242532291,-1.158464282114,
    51.012288003157));
#1772 = CARTESIAN_POINT('',(5.156782303029,1.381048600757,
    51.456087383302));
#1773 = CARTESIAN_POINT('',(3.663771077162,3.129156112962,
    51.899831425145));
#1774 = CARTESIAN_POINT('',(2.170780599505,4.87728306042,52.343559453967
    ));
#1775 = CARTESIAN_POINT('',(-0.249015781491,5.833863291513,
    52.787387434206));
#1776 = CARTESIAN_POINT('',(-3.123561591733,5.44561409465,
    53.230980719542));
#1777 = CARTESIAN_POINT('',(-5.602950092491,3.485553888898,
    53.674916715326));
#1778 = CARTESIAN_POINT('',(-6.722662544687,0.330575733204,
    54.118562322907));
#1779 = CARTESIAN_POINT('',(-5.917485809982,-2.920133929924,
    54.562271682111));
#1780 = CARTESIAN_POINT('',(-3.642457294332,-5.112878558595,
    55.006151596263));
#1781 = CARTESIAN_POINT('',(-0.819523165838,-5.781515922139,
    55.449788002979));
#1782 = CARTESIAN_POINT('',(1.682237242473,-5.066534991242,
    55.893587383371));
#1783 = CARTESIAN_POINT('',(3.339418084174,-3.473200734803,
    56.337331425147));
#1784 = CARTESIAN_POINT('',(4.996620138946,-1.879885294693,
    56.781059982642));
#1785 = CARTESIAN_POINT('',(5.809082809457,0.592024889439,
    57.224885168028));
#1786 = CARTESIAN_POINT('',(5.252289229453,3.438740117507,
    57.668486572132));
#1787 = CARTESIAN_POINT('',(3.149646032968,5.79841399495,58.112405632996
    ));
#1788 = CARTESIAN_POINT('',(-6.574778775817E-02,6.730487485297,
    58.556078780518));
#1789 = CARTESIAN_POINT('',(-3.263458472078,5.735283872949,
    58.999751933009));
#1790 = CARTESIAN_POINT('',(-5.318423571279,3.335168157538,
    59.443670990236));
#1791 = CARTESIAN_POINT('',(-5.819751930172,0.477717115385,
    59.887272396252));
#1792 = CARTESIAN_POINT('',(-4.958701601836,-1.977576075392,
    60.331097580947));
#1793 = CARTESIAN_POINT('',(-3.270588526243,-3.53810386621,
    60.774826138601));
#1794 = CARTESIAN_POINT('',(-1.582459198357,-5.098609366361,
    61.218569651613));
#1795 = CARTESIAN_POINT('',(0.932969403095,-5.764179139468,
    61.662371827303));
#1796 = CARTESIAN_POINT('',(3.741995449674,-5.040704711927,
    62.106000113734));
#1797 = CARTESIAN_POINT('',(5.973773887871,-2.802865528803,
    62.549896966127));
#1798 = CARTESIAN_POINT('',(6.714937503955,0.461903325015,
    62.993578780349));
#1799 = CARTESIAN_POINT('',(5.53323118855,3.595403021063,63.437260600195
    ));
#1800 = CARTESIAN_POINT('',(3.016261538498,5.505571692592,
    63.881157448374));
#1801 = CARTESIAN_POINT('',(0.134295741496,5.837762493608,
    64.324785737158));
#1802 = CARTESIAN_POINT('',(-2.266083489656,4.833691050241,
    64.768587911875));
#1803 = CARTESIAN_POINT('',(-3.724501739133,3.056619583726,
    65.212331425185));
#1804 = CARTESIAN_POINT('',(-5.182942676658,1.279565061796,
    65.656059982486));
#1805 = CARTESIAN_POINT('',(-5.699231836791,-1.270705718857,
    66.099885168339));
#1806 = CARTESIAN_POINT('',(-4.811702197001,-4.0322447485,
    66.543486571743));
#1807 = CARTESIAN_POINT('',(-2.446283635403,-6.128423236896,
    66.987405633273));
#1808 = CARTESIAN_POINT('',(0.856376036836,-6.676106997628,
    67.431078780517));
#1809 = CARTESIAN_POINT('',(3.914948009238,-5.311951089981,
    67.874751932736));
#1810 = CARTESIAN_POINT('',(5.673565674619,-2.686936631355,
    68.318670990616));
#1811 = CARTESIAN_POINT('',(5.835561695786,0.209632697569,
    68.762272395944));
#1812 = CARTESIAN_POINT('',(4.691891002918,2.546701302503,
    69.206097581113));
#1813 = CARTESIAN_POINT('',(2.83205878078,3.897995810576,69.649826138545
    ));
#1814 = CARTESIAN_POINT('',(0.972213038699,5.249266271732,
    70.093569651656));
#1815 = CARTESIAN_POINT('',(-1.604009100162,5.614565688227,
    70.537371827319));
#1816 = CARTESIAN_POINT('',(-4.308528960039,4.565940443497,
    70.98100011367));
#1817 = CARTESIAN_POINT('',(-6.261807937006,2.081295510512,
    71.424896966138));
#1818 = CARTESIAN_POINT('',(-6.614101710874,-1.247957901268,
    71.868578780493));
#1819 = CARTESIAN_POINT('',(-5.072283044173,-4.220842923067,
    72.312260599912));
#1820 = CARTESIAN_POINT('',(-2.348243623954,-5.821933117032,
    72.756157448665));
#1821 = CARTESIAN_POINT('',(0.552790545955,-5.813082563466,
    73.199785736976));
#1822 = CARTESIAN_POINT('',(2.818515500492,-4.533836556855,
    73.64358791193));
#1823 = CARTESIAN_POINT('',(4.057952305874,-2.597664252257,
    74.087331425199));
#1824 = CARTESIAN_POINT('',(5.297413633649,-0.661506108116,
    74.531059982474));
#1825 = CARTESIAN_POINT('',(5.510371922882,1.931770645098,
    74.974885168332));
#1826 = CARTESIAN_POINT('',(4.304410122402,4.569850023976,
    75.418486571772));
#1827 = CARTESIAN_POINT('',(1.709008197328,6.373473619511,
    75.862405633245));
#1828 = CARTESIAN_POINT('',(-1.635132271104,6.529175063767,
    76.306078780503));
#1829 = CARTESIAN_POINT('',(-4.512164285172,4.814978272427,
    76.749751932813));
#1830 = CARTESIAN_POINT('',(-5.950054648705,2.00145587049,
    77.193670990505));
#1831 = CARTESIAN_POINT('',(-5.77047256697,-0.894076353762,
    77.63727239604));
#1832 = CARTESIAN_POINT('',(-4.360036315307,-3.080521390524,
    78.08109758106));
#1833 = CARTESIAN_POINT('',(-2.354267960544,-4.20384950334,
    78.524826138561));
#1834 = CARTESIAN_POINT('',(-0.348489006058,-5.327152147029,
    78.968569651615));
#1835 = CARTESIAN_POINT('',(2.252812280937,-5.387117029218,
    79.412371827389));
#1836 = CARTESIAN_POINT('',(4.815332962704,-4.027878150114,
    79.856000113587));
#1837 = CARTESIAN_POINT('',(6.463034003462,-1.330872312602,
    80.299896966205));
#1838 = CARTESIAN_POINT('',(6.42157405627,2.016711928799,80.743578780463
    ));
#1839 = CARTESIAN_POINT('',(4.541017403659,4.787768916974,
    81.187260599908));
#1840 = CARTESIAN_POINT('',(1.647671805474,6.057584581101,
    81.631157448685));
#1841 = CARTESIAN_POINT('',(-1.232213450243,5.707815369381,
    82.074785736956));
#1842 = CARTESIAN_POINT('',(-3.331874188343,4.171129096965,
    82.518587911944));
#1843 = CARTESIAN_POINT('',(-4.335147130484,2.102697277639,
    82.962331425192));
#1844 = CARTESIAN_POINT('',(-5.338445795781,3.427754772685E-02,
    83.406059453838));
#1845 = CARTESIAN_POINT('',(-5.245122506988,-2.566059166944,
    83.849887434442));
#1846 = CARTESIAN_POINT('',(-3.737442389912,-5.044093007171,
    84.29348071924));
#1847 = CARTESIAN_POINT('',(-0.948046785249,-6.530187053277,
    84.737416715584));
#1848 = CARTESIAN_POINT('',(2.391229664508,-6.291700302193,
    85.18106232279));
#1849 = CARTESIAN_POINT('',(5.04681707288,-4.251288970659,
    85.624771682084));
#1850 = CARTESIAN_POINT('',(6.144068272015,-1.288195391331,
    86.06865159635));
#1851 = CARTESIAN_POINT('',(5.625378214133,1.566098504348,
    86.512288002912));
#1852 = CARTESIAN_POINT('',(3.967743731359,3.571653488154,
    86.956087383391));
#1853 = CARTESIAN_POINT('',(1.843836785398,4.451415774091,
    87.399831425154));
#1854 = CARTESIAN_POINT('',(-0.28006049724,5.331204796316,
    87.843559453983));
#1855 = CARTESIAN_POINT('',(-2.87039319701,5.08495945496,88.287387434142
    ));
#1856 = CARTESIAN_POINT('',(-5.255370821285,3.434010398448,
    88.730980719651));
#1857 = CARTESIAN_POINT('',(-6.574673438807,0.561965142958,
    89.174916715203));
#1858 = CARTESIAN_POINT('',(-6.140014429748,-2.757479793175,
    89.618562323009));
#1859 = CARTESIAN_POINT('',(-3.946805401187,-5.28834072324,
    90.062271682043));
#1860 = CARTESIAN_POINT('',(-0.9242549215,-6.209249160338,
    90.506151596309));
#1861 = CARTESIAN_POINT('',(1.894552815332,-5.523424137978,
    90.949788002941));
#1862 = CARTESIAN_POINT('',(3.799043110839,-3.750596005816,
    91.393587383403));
#1863 = CARTESIAN_POINT('',(4.55224343732,-1.578580429659,
    91.837331425125));
#1864 = CARTESIAN_POINT('',(5.305471022343,0.593427073983,
    92.281059454054));
#1865 = CARTESIAN_POINT('',(4.907157798969,3.164770465853,
    92.724887434037));
#1866 = CARTESIAN_POINT('',(3.118666581832,5.448418911677,93.16848071974
    ));
#1867 = CARTESIAN_POINT('',(0.173934167424,6.596353731693,
    93.612416715207));
#1868 = CARTESIAN_POINT('',(-3.114164832318,5.967030199632,
    94.056062322864));
#1869 = CARTESIAN_POINT('',(-5.511520284705,3.628631234108,
    94.499771682299));
#1870 = CARTESIAN_POINT('',(-6.252891531913,0.557108414584,
    94.943651596031));
#1871 = CARTESIAN_POINT('',(-5.402310520537,-2.216435339764,
    95.387288003156));
#1872 = CARTESIAN_POINT('',(-3.520438289308,-4.013254690408,
    95.831087383282));
#1873 = CARTESIAN_POINT('',(-1.307848326255,-4.6372803711,
    96.274831425171));
#1874 = CARTESIAN_POINT('',(0.904736129767,-5.261333868069,
    96.718559982546));
#1875 = CARTESIAN_POINT('',(3.44816578476,-4.712333739841,
    97.162385168214));
#1876 = CARTESIAN_POINT('',(5.622578119564,-2.792506228152,97.6059865719
    ));
#1877 = CARTESIAN_POINT('',(6.595132877931,0.214702854388,
    98.049905633164));
#1878 = CARTESIAN_POINT('',(5.773377134215,3.460043500613,
    98.493578780508));
#1879 = CARTESIAN_POINT('',(3.297834771248,5.715586419784,
    98.937251932867));
#1880 = CARTESIAN_POINT('',(0.188064159264,6.274839264506,
    99.381170990433));
#1881 = CARTESIAN_POINT('',(-2.530657492763,5.2624612898,99.8247723961)
  );
#1882 = CARTESIAN_POINT('',(-4.21352690835,3.278066457753,
    100.26859758102));
#1883 = CARTESIAN_POINT('',(-4.706241070153,1.032580876252,
    100.71232613858));
#1884 = CARTESIAN_POINT('',(-5.198927782648,-1.212907455269,
    101.15606965167));
#1885 = CARTESIAN_POINT('',(-4.501192692911,-3.719604468351,
    101.59987182717));
#1886 = CARTESIAN_POINT('',(-2.456621694068,-5.777217651477,
    102.04350011391));
#1887 = CARTESIAN_POINT('',(0.602554342156,-6.571069767923,
    102.48739696592));
#1888 = CARTESIAN_POINT('',(3.793957542235,-5.559642662774,
    102.93107878055));
#1889 = CARTESIAN_POINT('',(5.899796966783,-2.955666763588,
    103.37476059999));
#1890 = CARTESIAN_POINT('',(6.27504090063,0.181700374269,103.81865744855
    ));
#1891 = CARTESIAN_POINT('',(5.104346072334,2.836046095128,104.262285737)
  );
#1892 = CARTESIAN_POINT('',(3.024329654985,4.399219668027,
    104.70608791197));
#1893 = CARTESIAN_POINT('',(0.753729053184,4.758857951196,
    105.14983142513));
#1894 = CARTESIAN_POINT('',(-1.51686744687,5.118524358725,
    105.59355945398));
#1895 = CARTESIAN_POINT('',(-3.978144214662,4.274381636128,
    106.03738743418));
#1896 = CARTESIAN_POINT('',(-5.911818314038,2.11228646428,
    106.48098071953));
#1897 = CARTESIAN_POINT('',(-6.524202845749,-0.98838903188,
    106.92491671538));
#1898 = CARTESIAN_POINT('',(-5.326644468431,-4.114648309642,
    107.36856232281));
#1899 = CARTESIAN_POINT('',(-2.603216229707,-6.063586870966,
    107.81227168221));
#1900 = CARTESIAN_POINT('',(0.550802745311,-6.253450138284,
    108.25615159616));
#1901 = CARTESIAN_POINT('',(3.131623927648,-4.928536918013,
    108.69978800305));
#1902 = CARTESIAN_POINT('',(4.569634496672,-2.760097738312,
    109.14358738332));
#1903 = CARTESIAN_POINT('',(4.794976871475,-0.472264001146,
    109.58733142516));
#1904 = CARTESIAN_POINT('',(5.020347636711,1.815568249913,110.0310594539
    ));
#1905 = CARTESIAN_POINT('',(4.032771644973,4.222880843967,
    110.47488743432));
#1906 = CARTESIAN_POINT('',(1.760589441221,6.025916918051,
    110.91848071936));
#1907 = CARTESIAN_POINT('',(-1.370759844925,6.454700078449,
    111.36241671551));
#1908 = CARTESIAN_POINT('',(-4.421095746056,5.075173337529,
    111.80606232275));
#1909 = CARTESIAN_POINT('',(-6.206323679162,2.241733006012,
    112.24977168221));
#1910 = CARTESIAN_POINT('',(-6.210178017823,-0.917993073889,
    112.69365159619));
#1911 = CARTESIAN_POINT('',(-4.735627696404,-3.416339400204,
    113.13728800303));
#1912 = CARTESIAN_POINT('',(-2.486292597696,-4.724198141153,
    113.58108738332));
#1913 = CARTESIAN_POINT('',(-0.189160769361,-4.814463073696,
    114.02483142517));
#1914 = CARTESIAN_POINT('',(2.10797124681,-4.904756434982,
    114.46855945388));
#1915 = CARTESIAN_POINT('',(4.452969230132,-3.777172857815,
    114.91238743437));
#1916 = CARTESIAN_POINT('',(6.119112944405,-1.40278532123,
    115.35598071927));
#1917 = CARTESIAN_POINT('',(6.362807378708,1.748375794016,115.7999167156
    ));
#1918 = CARTESIAN_POINT('',(4.806097548996,4.712207375705,116.2435623227
    ));
#1919 = CARTESIAN_POINT('',(1.872473704362,6.327532118121,116.6872716822
    ));
#1920 = CARTESIAN_POINT('',(-1.281999086709,6.145364158395,
    117.13115159624));
#1921 = CARTESIAN_POINT('',(-3.689204344276,4.52629162589,
    117.57478800299));
#1922 = CARTESIAN_POINT('',(-4.862374583331,2.203863055963,
    118.01858738333));
#1923 = CARTESIAN_POINT('',(-4.81724896448,-9.459861944629E-02,
    118.46233142517));
#1924 = CARTESIAN_POINT('',(-4.772151562689,-2.393063099586,
    118.90605998254));
#1925 = CARTESIAN_POINT('',(-3.50847253912,-4.66760720251,
    119.34988516822));
#1926 = CARTESIAN_POINT('',(-1.040113572749,-6.191093562612,
    119.79348657187));
#1927 = CARTESIAN_POINT('',(2.119923840494,-6.248823721565,
    120.23740563318));
#1928 = CARTESIAN_POINT('',(4.986978107209,-4.520379842328,
    120.6810787805));
#1929 = CARTESIAN_POINT('',(6.42678608964,-1.49668395393,121.12475193284
    ));
#1930 = CARTESIAN_POINT('',(6.05923893624,1.641523510955,121.56867099046
    ));
#1931 = CARTESIAN_POINT('',(4.301250379899,3.949300107863,
    122.01227239607));
#1932 = CARTESIAN_POINT('',(1.913791717944,4.983666317981,
    122.45609758103));
#1933 = CARTESIAN_POINT('',(-0.37803137974,4.803334316116,
    122.89982613858));
#1934 = CARTESIAN_POINT('',(-2.669849140916,4.622975248561,
    123.34356965169));
#1935 = CARTESIAN_POINT('',(-4.866066816831,3.227628664185,
    123.78737182713));
#1936 = CARTESIAN_POINT('',(-6.241572234672,0.67380262726,
    124.23100011399));
#1937 = CARTESIAN_POINT('',(-6.113209416974,-2.484089421301,
    124.67489696581));
#1938 = CARTESIAN_POINT('',(-4.218918575749,-5.244470080117,
    125.11857878065));
#1939 = CARTESIAN_POINT('',(-1.115776086563,-6.503738462846,
    125.56226059992));
#1940 = CARTESIAN_POINT('',(1.995424639671,-5.952094911564,
    126.00615744859));
#1941 = CARTESIAN_POINT('',(4.195640354672,-4.061293918789,
    126.44978573699));
#1942 = CARTESIAN_POINT('',(5.087707303859,-1.617076973906,
    126.89358791198));
#1943 = CARTESIAN_POINT('',(4.772739120488,0.660149811267,
    127.33733142512));
#1944 = CARTESIAN_POINT('',(4.457799040964,2.937380835364,
    127.78105945403));
#1945 = CARTESIAN_POINT('',(2.93553388864,5.047634153997,128.22488743408
    ));
#1946 = CARTESIAN_POINT('',(0.305221846826,6.270421797014,128.6684807197
    ));
#1947 = CARTESIAN_POINT('',(-2.839705449248,5.95635867004,
    129.11241671514));
#1948 = CARTESIAN_POINT('',(-5.483716205326,3.902861589937,
    129.55606232307));
#1949 = CARTESIAN_POINT('',(-6.558164639055,0.73095625441,
    129.99977168195));
#1950 = CARTESIAN_POINT('',(-5.824289077703,-2.342366118638,
    130.4436515964));
#1951 = CARTESIAN_POINT('',(-3.807253331816,-4.427456001659,
    130.88728800286));
#1952 = CARTESIAN_POINT('',(-1.314753981374,-5.174081650348,
    131.33108738345));
#1953 = CARTESIAN_POINT('',(0.939979841807,-4.725597780484,
    131.7748314251));
#1954 = CARTESIAN_POINT('',(3.19472048396,-4.277141509143,
    132.21855945412));
#1955 = CARTESIAN_POINT('',(5.211696827984,-2.633284249704,
    132.6623874339));
#1956 = CARTESIAN_POINT('',(6.27751509665,6.445229767096E-02,
    133.1059807199));
#1957 = CARTESIAN_POINT('',(5.778852280411,3.185435914498,
    133.54991671507));
#1958 = CARTESIAN_POINT('',(3.573261726253,5.703969902103,
    133.99356232292));
#1959 = CARTESIAN_POINT('',(0.343604069079,6.589822207511,
    134.43727168231));
#1960 = CARTESIAN_POINT('',(-2.681184122041,5.676290513871,
    134.88115159598));
#1961 = CARTESIAN_POINT('',(-4.643913129876,3.540002177681,
    135.32478800319));
#1962 = CARTESIAN_POINT('',(-5.242508399623,1.007871340444,
    135.76858738327));
#1963 = CARTESIAN_POINT('',(-4.662064383009,-1.21654928937,
    136.21233142516));
#1964 = CARTESIAN_POINT('',(-4.081647149112,-3.440979233579,
    136.65605998254));
#1965 = CARTESIAN_POINT('',(-2.321901901849,-5.357677492407,
    137.09988516823));
#1966 = CARTESIAN_POINT('',(0.433906937433,-6.26284284612,
    137.54348657185));
#1967 = CARTESIAN_POINT('',(3.520109103379,-5.581281832411,
    137.98740563319));
#1968 = CARTESIAN_POINT('',(5.904449222251,-3.231294468679,
    138.43107878052));
#1969 = CARTESIAN_POINT('',(6.598607408486,4.497295999755E-02,
    138.87475193279));
#1970 = CARTESIAN_POINT('',(5.508615628928,3.010669323786,
    139.31867099053));
#1971 = CARTESIAN_POINT('',(3.260460688776,4.844287591551,
    139.76227239601));
#1972 = CARTESIAN_POINT('',(0.697499703535,5.292733024777,
    140.20609758107));
#1973 = CARTESIAN_POINT('',(-1.488902469785,4.582368133661,
    140.64982613855));
#1974 = CARTESIAN_POINT('',(7.9,-3.10862446895E-15,-0.992314613357));
#1975 = CARTESIAN_POINT('',(7.900033784656,3.769314242458,
    -0.548544280054));
#1976 = CARTESIAN_POINT('',(5.901791144025,7.538809242145,
    -0.104865576058));
#1977 = CARTESIAN_POINT('',(1.904288036307,10.115361225408,
    0.339025332413));
#1978 = CARTESIAN_POINT('',(-3.274023359153,10.312385204302,
    0.782615019023));
#1979 = CARTESIAN_POINT('',(-8.029569826793,7.570390718487,
    1.226437892012));
#1980 = CARTESIAN_POINT('',(-10.48748288254,2.660780756685,
    1.670260769347));
#1981 = CARTESIAN_POINT('',(-9.985621537501,-2.496121794116,
    2.113850452792));
#1982 = CARTESIAN_POINT('',(-7.178303899278,-6.335558578,2.557741362905)
  );
#1983 = CARTESIAN_POINT('',(-3.297699679627,-8.108175164043,
    3.001420066329));
#1984 = CARTESIAN_POINT('',(0.465079111971,-7.886306678355,
    3.445190399746));
#1985 = CARTESIAN_POINT('',(4.22785857692,-7.664413365742,3.888946049833
    ));
#1986 = CARTESIAN_POINT('',(7.873176496522,-5.447764052751,
    4.332649223417));
#1987 = CARTESIAN_POINT('',(10.209925081975,-1.305455152599,
    4.776506941591));
#1988 = CARTESIAN_POINT('',(10.10175423722,3.875412108115,5.220133746595
    ));
#1989 = CARTESIAN_POINT('',(7.08455421867,8.461344427233,5.663922285695)
  );
#1990 = CARTESIAN_POINT('',(2.038758883475,10.62591827973,6.107771278405
    ));
#1991 = CARTESIAN_POINT('',(-3.079653848496,9.821363133881,6.55134490297
    ));
#1992 = CARTESIAN_POINT('',(-6.747162870699,6.792870914342,
    6.995243511834));
#1993 = CARTESIAN_POINT('',(-8.288250634256,2.814646230627,
    7.438919565011));
#1994 = CARTESIAN_POINT('',(-7.845249167292,-0.92854569549,
    7.882690399749));
#1995 = CARTESIAN_POINT('',(-7.402222927814,-4.671735163639,
    8.326446551135));
#1996 = CARTESIAN_POINT('',(-4.974814958385,-8.180239157075,
    8.770147074519));
#1997 = CARTESIAN_POINT('',(-0.702125316772,-10.26906106647,
    9.214012491376));
#1998 = CARTESIAN_POINT('',(4.463390589261,-9.856102689992,
    9.657623237564));
#1999 = CARTESIAN_POINT('',(8.863740232095,-6.57411476822,10.10143789201
    ));
#2000 = CARTESIAN_POINT('',(10.727514960308,-1.409697642629,
    10.545252550808));
#2001 = CARTESIAN_POINT('',(9.623024623747,3.652534619927,
    10.988863293831));
#2002 = CARTESIAN_POINT('',(6.383880733313,7.135337844894,
    11.432728712324));
#2003 = CARTESIAN_POINT('',(2.32182711997,8.439592126459,11.876429235144
    ));
#2004 = CARTESIAN_POINT('',(-1.38879061148,7.776969887903,
    12.320185386639));
#2005 = CARTESIAN_POINT('',(-5.099409634455,7.114371724717,
    12.763955719958));
#2006 = CARTESIAN_POINT('',(-8.458917037804,4.484585381553,
    13.207634423924));
#2007 = CARTESIAN_POINT('',(-10.2925970888,9.638886266642E-02,
    13.651525332427));
#2008 = CARTESIAN_POINT('',(-9.576224848564,-5.035914535505,
    14.095115019025));
#2009 = CARTESIAN_POINT('',(-6.040925249064,-9.235368393768,
    14.538937891991));
#2010 = CARTESIAN_POINT('',(-0.775682792097,-10.79191214071,
    14.982760769379));
#2011 = CARTESIAN_POINT('',(4.212683730407,-9.391302214746,
    15.426350452761));
#2012 = CARTESIAN_POINT('',(7.498811309632,-5.952745442949,
    15.870241362925));
#2013 = CARTESIAN_POINT('',(8.561626386216,-1.820956147313,
    16.31392006632));
#2014 = CARTESIAN_POINT('',(7.681730640521,1.844219610564,
    16.757690399748));
#2015 = CARTESIAN_POINT('',(6.801810508214,5.509390848595,
    17.201446551134));
#2016 = CARTESIAN_POINT('',(3.978847793255,8.708264280278,
    17.645147074519));
#2017 = CARTESIAN_POINT('',(-0.509740207174,10.280406610097,
    18.089012491377));
#2018 = CARTESIAN_POINT('',(-5.590913064524,9.263169376227,
    18.53262323756));
#2019 = CARTESIAN_POINT('',(-9.575005175581,5.486725050105,
    18.976437892016));
#2020 = CARTESIAN_POINT('',(-10.81884892071,0.13904207312,
    19.420252550802));
#2021 = CARTESIAN_POINT('',(-9.12701280099,-4.758282188948,
    19.863863293837));
#2022 = CARTESIAN_POINT('',(-5.500961548947,-7.836223670541,
    20.307728712317));
#2023 = CARTESIAN_POINT('',(-1.313765581194,-8.653994247389,
    20.751429235149));
#2024 = CARTESIAN_POINT('',(2.293248950307,-7.559828652273,
    21.195185386636));
#2025 = CARTESIAN_POINT('',(5.900266787463,-6.465687033831,
    21.63895622128));
#2026 = CARTESIAN_POINT('',(8.927393642574,-3.459260248131,
    22.082632274978));
#2027 = CARTESIAN_POINT('',(10.232573874667,1.114041900753,
    22.52653088229));
#2028 = CARTESIAN_POINT('',(8.917955456058,6.126577034191,
    22.970104509901));
#2029 = CARTESIAN_POINT('',(4.913526037302,9.881380824936,
    23.413953498393));
#2030 = CARTESIAN_POINT('',(-0.498117017834,10.808287490524,
    23.85774204172));
#2031 = CARTESIAN_POINT('',(-5.287342146314,8.831050048245,
    24.30136884366));
#2032 = CARTESIAN_POINT('',(-8.146479368885,5.030099459583,
    24.745226563394));
#2033 = CARTESIAN_POINT('',(-8.716327111408,0.802018585185,
    25.188929736467));
#2034 = CARTESIAN_POINT('',(-7.411711553766,-2.734324750904,
    25.632685386629));
#2035 = CARTESIAN_POINT('',(-6.107119297527,-6.270674409018,
    26.076455719986));
#2036 = CARTESIAN_POINT('',(-2.927698848858,-9.115556096397,
    26.520134423873));
#2037 = CARTESIAN_POINT('',(1.714512521679,-10.14925083234,
    26.964025332491));
#2038 = CARTESIAN_POINT('',(6.640952767668,-8.541795121528,
    27.407615018975));
#2039 = CARTESIAN_POINT('',(10.153514199043,-4.32330390359,
    27.851437892005));
#2040 = CARTESIAN_POINT('',(10.760207181038,1.13357525882,
    28.295260769403));
#2041 = CARTESIAN_POINT('',(8.50447328086,5.798033780185,28.738850452719
    ));
#2042 = CARTESIAN_POINT('',(4.541777634922,8.428499586628,
    29.182741362961));
#2043 = CARTESIAN_POINT('',(0.287495541868,8.748409797237,29.6264200663)
  );
#2044 = CARTESIAN_POINT('',(-3.165918452096,7.237892784529,
    30.070190399754));
#2045 = CARTESIAN_POINT('',(-6.619324484736,5.727352246247,
    30.513946049809));
#2046 = CARTESIAN_POINT('',(-9.272110036833,2.386004355686,
    30.957649223461));
#2047 = CARTESIAN_POINT('',(-10.03070354788,-2.309062508843,
    31.401506941535));
#2048 = CARTESIAN_POINT('',(-8.136032069155,-7.132267510801,
    31.845133746647));
#2049 = CARTESIAN_POINT('',(-3.718051754746,-10.39044508876,
    32.288922285666));
#2050 = CARTESIAN_POINT('',(1.765065643175,-10.67479369114,
    32.732771278404));
#2051 = CARTESIAN_POINT('',(6.28864586275,-8.148397072243,
    33.176344902992));
#2052 = CARTESIAN_POINT('',(8.681258237268,-4.037704481481,
    33.620243511805));
#2053 = CARTESIAN_POINT('',(8.750162005106,0.228028210602,
    34.063919565031));
#2054 = CARTESIAN_POINT('',(7.03895929341,3.586528080336,34.507690399741
    ));
#2055 = CARTESIAN_POINT('',(5.327733832844,6.945017825314,
    34.951446049838));
#2056 = CARTESIAN_POINT('',(1.836009524544,9.396494577525,
    35.395149223415));
#2057 = CARTESIAN_POINT('',(-2.895573273296,9.87737003226,
    35.839006941587));
#2058 = CARTESIAN_POINT('',(-7.598872125208,7.702038697764,
    36.282633746602));
#2059 = CARTESIAN_POINT('',(-10.59130870138,3.099909350986,
    36.726422285696));
#2060 = CARTESIAN_POINT('',(-10.5523686048,-2.390438014711,
    37.17027127839));
#2061 = CARTESIAN_POINT('',(-7.764046939533,-6.757441583517,
    37.613844902995));
#2062 = CARTESIAN_POINT('',(-3.519628878811,-8.903904459144,
    38.05774351181));
#2063 = CARTESIAN_POINT('',(0.742761790108,-8.721561609213,
    38.501419565023));
#2064 = CARTESIAN_POINT('',(3.994696833035,-6.815609203707,
    38.945190399748));
#2065 = CARTESIAN_POINT('',(7.246619696469,-4.909635087015,
    39.388946551168));
#2066 = CARTESIAN_POINT('',(9.488287891548,-1.279644256909,
    39.83264707444));
#2067 = CARTESIAN_POINT('',(9.689765981266,3.472035479607,
    40.276512491485));
#2068 = CARTESIAN_POINT('',(7.24134401862,8.039126357978,40.72012323746)
  );
#2069 = CARTESIAN_POINT('',(2.470991224081,10.755420877597,
    41.163937892088));
#2070 = CARTESIAN_POINT('',(-3.007491098815,10.393354701733,
    41.60775255075));
#2071 = CARTESIAN_POINT('',(-7.202824120791,7.352750284555,
    42.051363293886));
#2072 = CARTESIAN_POINT('',(-9.095643357898,2.989356332393,
    42.495228712269));
#2073 = CARTESIAN_POINT('',(-8.662722178305,-1.25492665075,
    42.938929235192));
#2074 = CARTESIAN_POINT('',(-6.568609937138,-4.389004840821,
    43.382685386606));
#2075 = CARTESIAN_POINT('',(-4.474519680901,-7.523093154419,
    43.826456221356));
#2076 = CARTESIAN_POINT('',(-0.718820080741,-9.547153314114,
    44.270132274869));
#2077 = CARTESIAN_POINT('',(4.03643103492,-9.46857338549,44.71403088237)
  );
#2078 = CARTESIAN_POINT('',(8.451514505536,-6.755499851061,
    45.157604509926));
#2079 = CARTESIAN_POINT('',(10.882213204031,-1.833537812307,
    45.60145349823));
#2080 = CARTESIAN_POINT('',(10.19829052191,3.614148512412,
    46.045242041979));
#2081 = CARTESIAN_POINT('',(6.915953589826,7.623189481352,
    46.488868843387));
#2082 = CARTESIAN_POINT('',(2.448706931064,9.255855500773,
    46.932726563606));
#2083 = CARTESIAN_POINT('',(-1.762732268106,8.573818698326,
    47.376429736346));
#2084 = CARTESIAN_POINT('',(-4.768091941461,6.298833164847,
    47.820185386676));
#2085 = CARTESIAN_POINT('',(-7.773463747651,4.023868579287,
    48.263956221147));
#2086 = CARTESIAN_POINT('',(-9.572912344729,0.15552477897,
    48.707632275224));
#2087 = CARTESIAN_POINT('',(-9.214523249185,-4.586852815553,
    49.151530881989));
#2088 = CARTESIAN_POINT('',(-6.246235729901,-8.834557989426,
    49.59510451014));
#2089 = CARTESIAN_POINT('',(-1.189713106167,-10.97128104899,
    50.038953498301));
#2090 = CARTESIAN_POINT('',(4.208261728693,-9.96783488363,
    50.482742041667));
#2091 = CARTESIAN_POINT('',(8.017115645449,-6.455175338654,
    50.92636884378));
#2092 = CARTESIAN_POINT('',(9.383959583775,-1.899560267281,
    51.370226563291));
#2093 = CARTESIAN_POINT('',(8.455174889487,2.264422600509,
    51.813929736514));
#2094 = CARTESIAN_POINT('',(6.007207128221,5.130639581795,
    52.257685386627));
#2095 = CARTESIAN_POINT('',(3.559259564859,7.996869908503,
    52.701456221317));
#2096 = CARTESIAN_POINT('',(-0.40831000515,9.565465051566,
    53.145132274917));
#2097 = CARTESIAN_POINT('',(-5.121363812946,8.928509962539,
    53.589030882352));
#2098 = CARTESIAN_POINT('',(-9.186956339917,5.715304793613,
    54.032604509865));
#2099 = CARTESIAN_POINT('',(-11.02229193727,0.54176154727,
    54.476453498392));
#2100 = CARTESIAN_POINT('',(-9.702803022232,-4.787777412627,
    54.920242041744));
#2101 = CARTESIAN_POINT('',(-5.97200550759,-8.383232201504,
    55.36386884363));
#2102 = CARTESIAN_POINT('',(-1.34382444696,-9.479512779521,
    55.807726563415));
#2103 = CARTESIAN_POINT('',(2.758258149701,-8.307201941893,
    56.251429736458));
#2104 = CARTESIAN_POINT('',(5.475390164094,-5.694743413936,
    56.695185386629));
#2105 = CARTESIAN_POINT('',(8.192537308649,-3.082303700885,
    57.138955719982));
#2106 = CARTESIAN_POINT('',(9.524834615306,0.970726041322,57.58263442388
    ));
#2107 = CARTESIAN_POINT('',(8.611532493952,5.638116152629,
    58.026525332479));
#2108 = CARTESIAN_POINT('',(5.164535750159,9.50747537708,58.470115018991
    ));
#2109 = CARTESIAN_POINT('',(-0.108049995718,11.035086426082,
    58.913937891986));
#2110 = CARTESIAN_POINT('',(-5.350708472381,9.404093273167,
    59.357760769418));
#2111 = CARTESIAN_POINT('',(-8.720246467822,5.468140729826,
    59.801350452713));
#2112 = CARTESIAN_POINT('',(-9.542201905238,0.783410598883,
    60.245241362959));
#2113 = CARTESIAN_POINT('',(-8.130401203089,-3.242515064576,
    60.688920066306));
#2114 = CARTESIAN_POINT('',(-5.362532078706,-5.801153446546,
    61.13269039975));
#2115 = CARTESIAN_POINT('',(-2.594645188636,-8.35977452187,
    61.576446551109));
#2116 = CARTESIAN_POINT('',(1.529761383229,-9.451186520683,
    62.020147074572));
#2117 = CARTESIAN_POINT('',(6.135321388449,-8.264649212629,
    62.46401249133));
#2118 = CARTESIAN_POINT('',(9.79501548704,-4.595898975988,
    62.907623237536));
#2119 = CARTESIAN_POINT('',(11.009586955483,0.757542706456,
    63.351437892162));
#2120 = CARTESIAN_POINT('',(9.072791755077,5.895021157055,
    63.795252550545));
#2121 = CARTESIAN_POINT('',(4.945273850172,9.027063675761,
    64.238863294129));
#2122 = CARTESIAN_POINT('',(0.220309756079,9.571752346587,
    64.682728712081));
#2123 = CARTESIAN_POINT('',(-3.715545442281,7.925422291977,
    65.126429235285));
#2124 = CARTESIAN_POINT('',(-6.1067825815,5.011706944833,65.570185386587
    ));
#2125 = CARTESIAN_POINT('',(-8.498036338991,2.098009066438,
    66.013955720122));
#2126 = CARTESIAN_POINT('',(-9.344716201364,-2.083521684254,
    66.457634423637));
#2127 = CARTESIAN_POINT('',(-7.889151786865,-6.611212424756,
    66.901525332751));
#2128 = CARTESIAN_POINT('',(-4.011253636024,-10.04859999382,
    67.345115018815));
#2129 = CARTESIAN_POINT('',(1.404336381818,-10.9458963342,67.78893789198
    ));
#2130 = CARTESIAN_POINT('',(6.418952455076,-8.710000047037,
    68.232760769598));
#2131 = CARTESIAN_POINT('',(9.302512734217,-4.405283002506,
    68.676350452451));
#2132 = CARTESIAN_POINT('',(9.568139765149,0.343585223768,
    69.120241363192));
#2133 = CARTESIAN_POINT('',(7.692928195105,4.175665629334,
    69.563920066165));
#2134 = CARTESIAN_POINT('',(4.643508978476,6.391240566099,
    70.007690399804));
#2135 = CARTESIAN_POINT('',(1.594074153141,8.606796227645,
    70.451446551052));
#2136 = CARTESIAN_POINT('',(-2.630025642939,9.205871042902,
    70.895147074614));
#2137 = CARTESIAN_POINT('',(-7.06419950333,7.486232732007,
    71.339012491293));
#2138 = CARTESIAN_POINT('',(-10.2673109203,3.412761676503,
    71.782623237611));
#2139 = CARTESIAN_POINT('',(-10.84423393155,-2.046329965013,
    72.22643789202));
#2140 = CARTESIAN_POINT('',(-8.317017863325,-6.92055189426,
    72.670252550737));
#2141 = CARTESIAN_POINT('',(-3.849977900905,-9.545746813585,
    73.113863293946));
#2142 = CARTESIAN_POINT('',(0.906256190658,-9.531299968532,73.5577287122
    ));
#2143 = CARTESIAN_POINT('',(4.621324489,-7.433771344764,74.001429235245)
  );
#2144 = CARTESIAN_POINT('',(6.653516146268,-4.259192750936,
    74.445185386576));
#2145 = CARTESIAN_POINT('',(8.68572635983,-1.084629551509,
    74.888955720126));
#2146 = CARTESIAN_POINT('',(9.035051182477,3.167433286322,
    75.332634423657));
#2147 = CARTESIAN_POINT('',(7.05740308917,7.492656890387,75.776525332691
    ));
#2148 = CARTESIAN_POINT('',(2.802363167456,10.450420003458,
    76.220115018898));
#2149 = CARTESIAN_POINT('',(-2.681154331718,10.704962338931,
    76.663937891919));
#2150 = CARTESIAN_POINT('',(-7.398209947208,7.895159341057,
    77.107760769599));
#2151 = CARTESIAN_POINT('',(-9.755817465989,3.28135445693,
    77.551350452506));
#2152 = CARTESIAN_POINT('',(-9.46143367944,-1.465817894363,
    77.995241363123));
#2153 = CARTESIAN_POINT('',(-7.148807461497,-5.050928582234,
    78.438920066212));
#2154 = CARTESIAN_POINT('',(-3.860112513429,-6.892725367385,
    78.882690399787));
#2155 = CARTESIAN_POINT('',(-0.571404330521,-8.734501176485,
    79.326446551092));
#2156 = CARTESIAN_POINT('',(3.693829630763,-8.832933782081,
    79.770147074549));
#2157 = CARTESIAN_POINT('',(7.895146012392,-6.604033962969,
    80.214012491363));
#2158 = CARTESIAN_POINT('',(10.597269738392,-2.182312967438,
    80.657623237564));
#2159 = CARTESIAN_POINT('',(10.528546358777,3.30674877439,81.10143789203
    ));
#2160 = CARTESIAN_POINT('',(7.445944437397,7.850142425273,
    81.545252550754));
#2161 = CARTESIAN_POINT('',(2.701309376113,9.932096441324,81.98886329392
    ));
#2162 = CARTESIAN_POINT('',(-2.020258629576,9.358714358481,
    82.432728712222));
#2163 = CARTESIAN_POINT('',(-5.46303771652,6.83906538544,82.876429235231
    ));
#2164 = CARTESIAN_POINT('',(-7.108011443926,3.447633001275,
    83.320185386584));
#2165 = CARTESIAN_POINT('',(-8.753005022286,5.621446537243E-02,
    83.763956221423));
#2166 = CARTESIAN_POINT('',(-8.600134126137,-4.207437667244,
    84.207632274743));
#2167 = CARTESIAN_POINT('',(-6.127812730936,-8.270221797866,
    84.651530882549));
#2168 = CARTESIAN_POINT('',(-1.554631390117,-10.70738048849,
    85.095104509717));
#2169 = CARTESIAN_POINT('',(3.920815226831,-10.31560144039,
    85.538953498449));
#2170 = CARTESIAN_POINT('',(8.274890995683,-6.970895067989,
    85.982742041764));
#2171 = CARTESIAN_POINT('',(10.07389062324,-2.111909003625,
    86.426368843579));
#2172 = CARTESIAN_POINT('',(9.223551526954,2.567707910092,
    86.870226563455));
#2173 = CARTESIAN_POINT('',(6.5055896416,5.856184383915,87.313929736445)
  );
#2174 = CARTESIAN_POINT('',(3.023199115672,7.298648306806,
    87.757685386623));
#2175 = CARTESIAN_POINT('',(-0.459179472557,8.741133290094,
    88.201456221294));
#2176 = CARTESIAN_POINT('',(-4.706437137427,8.337522904615,
    88.64513227498));
#2177 = CARTESIAN_POINT('',(-8.616627270021,5.630310111052,
    89.089030882253));
#2178 = CARTESIAN_POINT('',(-10.78033211554,0.921582958999,
    89.532604509979));
#2179 = CARTESIAN_POINT('',(-10.06688862336,-4.521302751641,
    89.976453498284));
#2180 = CARTESIAN_POINT('',(-6.471655335419,-8.670921304054,
    90.420242041835));
#2181 = CARTESIAN_POINT('',(-1.515188093223,-10.18074835007,
    90.86386884356));
#2182 = CARTESIAN_POINT('',(3.10625239451,-9.056391264967,
    91.307726563466));
#2183 = CARTESIAN_POINT('',(6.22901676777,-6.14954813216,91.751429736423
    ));
#2184 = CARTESIAN_POINT('',(7.463967767099,-2.588278418542,
    92.195185386651));
#2185 = CARTESIAN_POINT('',(8.698940492869,0.972980618008,
    92.638956221236));
#2186 = CARTESIAN_POINT('',(8.045990653345,5.189111014554,93.08263227505
    ));
#2187 = CARTESIAN_POINT('',(5.113277186228,8.933143560608,
    93.526530882222));
#2188 = CARTESIAN_POINT('',(0.285337759763,10.815889146692,
    93.970104509918));
#2189 = CARTESIAN_POINT('',(-5.106106873828,9.783255987594,
    94.413953498453));
#2190 = CARTESIAN_POINT('',(-9.03687409689,5.949966857077,94.85774204159
    ));
#2191 = CARTESIAN_POINT('',(-10.25229130469,0.913211328894,
    95.301368843815));
#2192 = CARTESIAN_POINT('',(-8.857816377267,-3.634021973628,
    95.745226563265));
#2193 = CARTESIAN_POINT('',(-5.772175195507,-6.58024206534,
    96.188929736541));
#2194 = CARTESIAN_POINT('',(-2.144379553914,-7.603396367922,
    96.632685386602));
#2195 = CARTESIAN_POINT('',(1.483407505959,-8.626573238055,
    97.076455720066));
#2196 = CARTESIAN_POINT('',(5.653781588789,-7.726547562816,
    97.520134423738));
#2197 = CARTESIAN_POINT('',(9.218681578423,-4.578510194215,
    97.964025332632));
#2198 = CARTESIAN_POINT('',(10.813911514007,0.351902447517,
    98.407615018902));
#2199 = CARTESIAN_POINT('',(9.46571223495,5.673191263893,98.851437891962
    ));
#2200 = CARTESIAN_POINT('',(5.40760944366,9.37148929195,99.295260769541)
  );
#2201 = CARTESIAN_POINT('',(0.308096111146,10.288262160694,
    99.738850452557));
#2202 = CARTESIAN_POINT('',(-4.149209489876,8.628523047339,
    100.18274136308));
#2203 = CARTESIAN_POINT('',(-6.908626560014,5.374775038974,
    100.62642006623));
#2204 = CARTESIAN_POINT('',(-7.71645844227,1.693044805875,
    101.07019039976));
#2205 = CARTESIAN_POINT('',(-8.524266409892,-1.988692003148,
    101.51394655105));
#2206 = CARTESIAN_POINT('',(-7.380328476867,-6.09883989889,
    101.95764707467));
#2207 = CARTESIAN_POINT('',(-4.027826565545,-9.472233543843,
    102.4015124912));
#2208 = CARTESIAN_POINT('',(0.987881722234,-10.77444687597,
    102.84512323766));
#2209 = CARTESIAN_POINT('',(6.220636963602,-9.115292187182,
    103.28893789202));
#2210 = CARTESIAN_POINT('',(9.673561506378,-4.84654850923,103.7327525507
    ));
#2211 = CARTESIAN_POINT('',(10.288572423136,0.298143508654,
    104.17636329396));
#2212 = CARTESIAN_POINT('',(8.369281136117,4.649958348304,
    104.62022871222));
#2213 = CARTESIAN_POINT('',(4.958741385633,7.213077034638,
    105.06392923518));
#2214 = CARTESIAN_POINT('',(1.235832273814,7.80273789069,105.50768538663
    ));
#2215 = CARTESIAN_POINT('',(-2.487069348594,8.392421762418,
    105.9514562213));
#2216 = CARTESIAN_POINT('',(-6.522753972823,7.008460553038,
    106.39513227492));
#2217 = CARTESIAN_POINT('',(-9.692918965079,3.463232506284,
    106.83903088238));
#2218 = CARTESIAN_POINT('',(-10.69760995036,-1.620499004732,
    107.28260450977));
#2219 = CARTESIAN_POINT('',(-8.733262523215,-6.746447274349,
    107.7264534985));
#2220 = CARTESIAN_POINT('',(-4.268656604756,-9.942120992607,
    108.17024204162));
#2221 = CARTESIAN_POINT('',(0.903325177514,-10.25316709859,
    108.61386884372));
#2222 = CARTESIAN_POINT('',(5.134598947487,-8.081022232876,
    109.05772656334));
#2223 = CARTESIAN_POINT('',(7.492492040015,-4.525500541961,
    109.5014297365));
#2224 = CARTESIAN_POINT('',(7.861959340653,-0.774335408597,
    109.9451853866));
#2225 = CARTESIAN_POINT('',(8.231450260409,2.976824414553,
    110.38895622136));
#2226 = CARTESIAN_POINT('',(6.61230538186,6.924034679978,110.83263227483
    ));
#2227 = CARTESIAN_POINT('',(2.886595982086,9.879990945818,
    111.27653088246));
#2228 = CARTESIAN_POINT('',(-2.247465322821,10.583656046162,
    111.72010450975));
#2229 = CARTESIAN_POINT('',(-7.2488804881,8.320946868595,112.16395349848
    ));
#2230 = CARTESIAN_POINT('',(-10.17617672403,3.675952437472,
    112.60774204168));
#2231 = CARTESIAN_POINT('',(-10.18220463087,-1.505370646587,
    113.05136884368));
#2232 = CARTESIAN_POINT('',(-7.764728623743,-5.601429824559,
    113.49522656336));
#2233 = CARTESIAN_POINT('',(-4.076562532166,-7.745916991958,
    113.9389297365));
#2234 = CARTESIAN_POINT('',(-0.310152544493,-7.893909386234,
    114.3826853866));
#2235 = CARTESIAN_POINT('',(3.456253532643,-8.041925671331,
    114.82645622138));
#2236 = CARTESIAN_POINT('',(7.301297436587,-6.193213580564,
    115.27013227477));
#2237 = CARTESIAN_POINT('',(10.032791415397,-2.299946492451,
    115.71403088258));
#2238 = CARTESIAN_POINT('',(10.432989771194,2.866635678897,
    116.15760450959));
#2239 = CARTESIAN_POINT('',(7.879767683204,7.726168932949,
    116.60145349861));
#2240 = CARTESIAN_POINT('',(3.070497201103,10.37493354085,
    117.04524204159));
#2241 = CARTESIAN_POINT('',(-2.102194316554,10.075922339174,
    117.48886884371));
#2242 = CARTESIAN_POINT('',(-6.048830575987,7.42150088211,
    117.93272656336));
#2243 = CARTESIAN_POINT('',(-7.972473064802,3.613483825297,
    118.37642973649));
#2244 = CARTESIAN_POINT('',(-7.898477199734,-0.155106170438,
    118.82018538659));
#2245 = CARTESIAN_POINT('',(-7.824505421546,-3.923694504999,
    119.26395572006));
#2246 = CARTESIAN_POINT('',(-5.752638855029,-7.653230017294,
    119.70763442372));
#2247 = CARTESIAN_POINT('',(-1.705319075724,-10.15079959871,
    120.15152533265));
#2248 = CARTESIAN_POINT('',(3.475862459991,-10.24611622635,
    120.59511501888));
#2249 = CARTESIAN_POINT('',(8.176656773849,-7.411281349069,
    121.03893789196));
#2250 = CARTESIAN_POINT('',(10.537702271407,-2.454359851956,
    121.48276076955));
#2251 = CARTESIAN_POINT('',(9.934688626357,2.691695264732,
    121.92635045253));
#2252 = CARTESIAN_POINT('',(7.052529804158,6.475273950283,122.3702413631
    ));
#2253 = CARTESIAN_POINT('',(3.137870599035,8.171358257274,
    122.81392006622));
#2254 = CARTESIAN_POINT('',(-0.619826783519,7.875655297465,
    123.25769039977));
#2255 = CARTESIAN_POINT('',(-4.377523516793,7.579927543842,
    123.70144655103));
#2256 = CARTESIAN_POINT('',(-7.978622170333,5.292134238826,
    124.14514707471));
#2257 = CARTESIAN_POINT('',(-10.23357868225,1.104745448726,
    124.58901249112));
#2258 = CARTESIAN_POINT('',(-10.02373588383,-4.073000700967,
    125.0326232378));
#2259 = CARTESIAN_POINT('',(-6.917035172698,-8.598808074925,
    125.47643789187));
#2260 = CARTESIAN_POINT('',(-1.829771077712,-10.6638999656,
    125.92025255082));
#2261 = CARTESIAN_POINT('',(3.271920474483,-9.759003456497,
    126.36386329388));
#2262 = CARTESIAN_POINT('',(6.879206776444,-6.659091041892,
    126.80772871226));
#2263 = CARTESIAN_POINT('',(8.34193100188,-2.651373907363,
    127.25142923516));
#2264 = CARTESIAN_POINT('',(7.825497789518,1.082397499292,
    127.69518538665));
#2265 = CARTESIAN_POINT('',(7.309088775705,4.816168420134,
    128.13895622125));
#2266 = CARTESIAN_POINT('',(4.813223062886,8.276335086254,
    128.58263227501));
#2267 = CARTESIAN_POINT('',(0.500401023729,10.280868459239,
    129.02653088224));
#2268 = CARTESIAN_POINT('',(-4.656073113398,9.766568426468,
    129.47010450998));
#2269 = CARTESIAN_POINT('',(-8.991079812649,6.398820901845,
    129.91395349824));
#2270 = CARTESIAN_POINT('',(-10.75314220542,1.19880430042,
    130.35774204191));
#2271 = CARTESIAN_POINT('',(-9.549447707996,-3.84076560027,
    130.80136884346));
#2272 = CARTESIAN_POINT('',(-6.242560730293,-7.259301771734,
    131.24522656354));
#2273 = CARTESIAN_POINT('',(-2.155678374329,-8.483551312278,
    131.68892973637));
#2274 = CARTESIAN_POINT('',(1.541213543935,-7.748203715232,
    132.13268538667));
#2275 = CARTESIAN_POINT('',(5.238107236836,-7.012880261019,
    132.57645622117));
#2276 = CARTESIAN_POINT('',(8.545339004863,-4.317640560295,
    133.02013227514));
#2277 = CARTESIAN_POINT('',(10.292496436097,0.105709855483,
    133.46403088211));
#2278 = CARTESIAN_POINT('',(9.475522623681,5.22296339956,133.90760451));
#2279 = CARTESIAN_POINT('',(5.85841075751,9.3521895043,134.35145349841)
  );
#2280 = CARTESIAN_POINT('',(0.56367898356,10.80506663787,134.79524204159
    ));
#2281 = CARTESIAN_POINT('',(-4.396287877142,9.306776285432,
    135.23886884382));
#2282 = CARTESIAN_POINT('',(-7.614215879208,5.804372767403,
    135.68272656325));
#2283 = CARTESIAN_POINT('',(-8.595744045876,1.652506104098,
    136.12642973654));
#2284 = CARTESIAN_POINT('',(-7.644032829591,-1.994683458409,
    136.5701853866));
#2285 = CARTESIAN_POINT('',(-6.692345422511,-5.641877028618,
    137.01395572006));
#2286 = CARTESIAN_POINT('',(-3.80708191947,-8.784697533328,
    137.4576344237));
#2287 = CARTESIAN_POINT('',(0.711456131813,-10.26843102992,
    137.9015253327));
#2288 = CARTESIAN_POINT('',(5.771732434109,-9.15159124269,
    138.34511501881));
#2289 = CARTESIAN_POINT('',(9.680864367525,-5.297704439776,
    138.78893789201));
#2290 = CARTESIAN_POINT('',(10.819503647405,7.343204713212E-02,
    139.23276076953));
#2291 = CARTESIAN_POINT('',(9.031828608412,4.936530511403,
    139.67635045252));
#2292 = CARTESIAN_POINT('',(5.346045160823,7.942742001905,
    140.12024136313));
#2293 = CARTESIAN_POINT('',(1.143605283058,8.678104321826,
    140.56392006619));
#2294 = CARTESIAN_POINT('',(-2.441236136673,7.513354625714,
    141.00769039979));
#2295 = CARTESIAN_POINT('',(7.9,5.051514762044E-15,1.5));
#2296 = CARTESIAN_POINT('',(7.899999999999,3.769312255361,1.943770333302
    ));
#2297 = CARTESIAN_POINT('',(5.901881673523,7.538817048145,2.387449037214
    ));
#2298 = CARTESIAN_POINT('',(1.904108970993,10.115300829045,
    2.831339946104));
#2299 = CARTESIAN_POINT('',(-3.27379571342,10.312512915236,
    3.274929631601));
#2300 = CARTESIAN_POINT('',(-8.029764300964,7.570175957153,
    3.718752506522));
#2301 = CARTESIAN_POINT('',(-10.48735773684,2.661012720105,
    4.162575381525));
#2302 = CARTESIAN_POINT('',(-9.985660759246,-2.496301472341,
    4.606165066961));
#2303 = CARTESIAN_POINT('',(-7.178293867671,-6.335461066109,
    5.050055975884));
#2304 = CARTESIAN_POINT('',(-3.297696197423,-8.108200458112,
    5.493734679783));
#2305 = CARTESIAN_POINT('',(0.465078621611,-7.886298363338,
    5.937505013089));
#2306 = CARTESIAN_POINT('',(4.22785555023,-7.664395796062,6.381260663214
    ));
#2307 = CARTESIAN_POINT('',(7.873188170903,-5.447829418438,
    6.824963836652));
#2308 = CARTESIAN_POINT('',(10.209856047565,-1.305310457505,
    7.268821555325));
#2309 = CARTESIAN_POINT('',(10.101893296479,3.875223438283,
    7.712448359131));
#2310 = CARTESIAN_POINT('',(7.084329907507,8.461500035396,8.156236900238
    ));
#2311 = CARTESIAN_POINT('',(2.038996784077,10.625824437883,
    8.600085890562));
#2312 = CARTESIAN_POINT('',(-3.079834981276,9.821382504553,9.04365951715
    ));
#2313 = CARTESIAN_POINT('',(-6.747065147535,6.792870205058,
    9.487558124808));
#2314 = CARTESIAN_POINT('',(-8.288275630432,2.814640433877,
    9.931234178466));
#2315 = CARTESIAN_POINT('',(-7.845240895561,-0.928544716468,
    10.375005013091));
#2316 = CARTESIAN_POINT('',(-7.402205420374,-4.671731927833,
    10.818761164516));
#2317 = CARTESIAN_POINT('',(-4.974880151076,-8.180251144434,
    11.262461687757));
#2318 = CARTESIAN_POINT('',(-0.701983315727,-10.2689927111,
    11.706327105101));
#2319 = CARTESIAN_POINT('',(4.463207363601,-9.856235425939,
    12.149937850118));
#2320 = CARTESIAN_POINT('',(8.863886923475,-6.573907212029,
    12.593752506522));
#2321 = CARTESIAN_POINT('',(10.727429816425,-1.409910023102,
    13.037567163007));
#2322 = CARTESIAN_POINT('',(9.623038669226,3.652686497656,
    13.481177907966));
#2323 = CARTESIAN_POINT('',(6.383881455479,7.135264456478,
    13.925043325338));
#2324 = CARTESIAN_POINT('',(2.321822686296,8.439600920946,
    14.368743848572));
#2325 = CARTESIAN_POINT('',(-1.388790611482,7.77696988791,
    14.812499999996));
#2326 = CARTESIAN_POINT('',(-5.099401739084,7.114338815506,
    15.256270333313));
#2327 = CARTESIAN_POINT('',(-8.458940636986,4.48467312897,
    15.699949037198));
#2328 = CARTESIAN_POINT('',(-10.29250615401,9.622320341979E-02,
    16.143839946116));
#2329 = CARTESIAN_POINT('',(-9.576390589846,-5.035712886066,
    16.587429631602));
#2330 = CARTESIAN_POINT('',(-6.040679644483,-9.235522085077,
    17.031252506506));
#2331 = CARTESIAN_POINT('',(-0.775933143204,-10.79182972227,
    17.475075381549));
#2332 = CARTESIAN_POINT('',(4.212867505484,-9.391309238894,
    17.918665066938));
#2333 = CARTESIAN_POINT('',(7.498713552795,-5.952752709805,
    18.362555975901));
#2334 = CARTESIAN_POINT('',(8.561650674223,-1.820948272733,
    18.806234679775));
#2335 = CARTESIAN_POINT('',(7.681722541198,1.844217666091,
    19.250005013091));
#2336 = CARTESIAN_POINT('',(6.801793502456,5.50938557744,19.693761164517
    ));
#2337 = CARTESIAN_POINT('',(3.978911125096,8.708283847127,
    20.137461687753));
#2338 = CARTESIAN_POINT('',(-0.509873189617,10.280322038089,
    20.581327105113));
#2339 = CARTESIAN_POINT('',(-5.590746710341,9.263322727986,
    21.024937850096));
#2340 = CARTESIAN_POINT('',(-9.575126454546,5.486501690872,
    21.468752506551));
#2341 = CARTESIAN_POINT('',(-10.81878932965,0.139262989051,
    21.912567162978));
#2342 = CARTESIAN_POINT('',(-9.127008897803,-4.758434664782,
    22.356177907988));
#2343 = CARTESIAN_POINT('',(-5.500970891987,-7.836150875717,
    22.800043325324));
#2344 = CARTESIAN_POINT('',(-1.313760144574,-8.654002459785,
    23.243743848579));
#2345 = CARTESIAN_POINT('',(2.293248950311,-7.559828652284,
    23.687499999993));
#2346 = CARTESIAN_POINT('',(5.900255860219,-6.465654992418,
    24.131270834636));
#2347 = CARTESIAN_POINT('',(8.927424041955,-3.459345849387,
    24.574946888252));
#2348 = CARTESIAN_POINT('',(10.232472750344,1.114198915163,
    25.018845495975));
#2349 = CARTESIAN_POINT('',(8.918127367841,6.126390219628,
    25.462419122488));
#2350 = CARTESIAN_POINT('',(4.913288398532,9.881513558217,
    25.906268112884));
#2351 = CARTESIAN_POINT('',(-0.497887908225,10.808224299004,
    26.350056653927));
#2352 = CARTESIAN_POINT('',(-5.287496804669,8.831045999586,
    26.793683457794));
#2353 = CARTESIAN_POINT('',(-8.146406213891,5.030109655159,
    27.237541176407));
#2354 = CARTESIAN_POINT('',(-8.716335231286,0.802013471606,
    27.681244349896));
#2355 = CARTESIAN_POINT('',(-7.411711553787,-2.734324750914,
    28.124999999986));
#2356 = CARTESIAN_POINT('',(-6.107088288757,-6.270660851273,
    28.568770333341));
#2357 = CARTESIAN_POINT('',(-2.927781081187,-9.115594753744,
    29.012449037146));
#2358 = CARTESIAN_POINT('',(1.714659615164,-10.14913219144,
    29.456339946182));
#2359 = CARTESIAN_POINT('',(6.640783395208,-8.541993730862,
    29.899929631547));
#2360 = CARTESIAN_POINT('',(10.153622320507,-4.323035105545,
    30.343752506524));
#2361 = CARTESIAN_POINT('',(10.760170056969,1.133314317634,
    30.78757538157));
#2362 = CARTESIAN_POINT('',(8.504447888588,5.798215928148,
    31.231165066897));
#2363 = CARTESIAN_POINT('',(4.541801973933,8.428404629623,
    31.675055975937));
#2364 = CARTESIAN_POINT('',(0.287483520167,8.748432322708,
    32.118734679755));
#2365 = CARTESIAN_POINT('',(-3.16591511407,7.237885153162,
    32.562505013097));
#2366 = CARTESIAN_POINT('',(-6.619315563971,5.72733681015,
    33.006260663192));
#2367 = CARTESIAN_POINT('',(-9.272143613793,2.386061640434,
    33.44996383669));
#2368 = CARTESIAN_POINT('',(-10.03058869897,-2.309174366447,
    33.893821555284));
#2369 = CARTESIAN_POINT('',(-8.136227835192,-7.132138633254,
    34.337448359156));
#2370 = CARTESIAN_POINT('',(-3.717787449322,-10.39051344106,
    34.781236900241));
#2371 = CARTESIAN_POINT('',(1.764809966657,-10.67478799095,
    35.225085890532));
#2372 = CARTESIAN_POINT('',(6.288822504422,-8.148352552551,
    35.668659517191));
#2373 = CARTESIAN_POINT('',(8.6811663088,-4.037737639652,36.112558124772
    ));
#2374 = CARTESIAN_POINT('',(8.750183449916,0.228042300649,
    36.556234178487));
#2375 = CARTESIAN_POINT('',(7.038951871811,3.586524298844,
    37.000005013084));
#2376 = CARTESIAN_POINT('',(5.327718948649,6.945008011263,
    37.443760663222));
#2377 = CARTESIAN_POINT('',(1.836064733308,9.396531468684,
    37.887463836643));
#2378 = CARTESIAN_POINT('',(-2.895678175742,9.877248797357,
    38.331321555339));
#2379 = CARTESIAN_POINT('',(-7.598754995995,7.702241711419,
    38.774948359108));
#2380 = CARTESIAN_POINT('',(-10.59136137532,3.099641480002,
    39.218736900275));
#2381 = CARTESIAN_POINT('',(-10.55237796635,-2.390182446053,
    39.662585890513));
#2382 = CARTESIAN_POINT('',(-7.763992098017,-6.757615297924,
    40.106159517198));
#2383 = CARTESIAN_POINT('',(-3.519667391386,-8.90381464215,
    40.550058124775));
#2384 = CARTESIAN_POINT('',(0.742777118199,-8.721582187351,
    40.99373417848));
#2385 = CARTESIAN_POINT('',(3.994692621182,-6.815602017587,
    41.43750501309));
#2386 = CARTESIAN_POINT('',(7.246609715761,-4.909620343604,
    41.88126116455));
#2387 = CARTESIAN_POINT('',(9.488325000109,-1.279699181898,
    42.324961687673));
#2388 = CARTESIAN_POINT('',(9.689646448253,3.472138186167,
    42.768827105222));
#2389 = CARTESIAN_POINT('',(7.241539056908,8.039011682355,
    43.212437849994));
#2390 = CARTESIAN_POINT('',(2.47074227753,10.755472096719,
    43.656252506625));
#2391 = CARTESIAN_POINT('',(-3.00726239736,10.393361805137,
    44.100067162925));
#2392 = CARTESIAN_POINT('',(-7.202968897858,7.352702288009,
    44.543677908037));
#2393 = CARTESIAN_POINT('',(-9.09557640983,2.989386404348,
    44.987543325275));
#2394 = CARTESIAN_POINT('',(-8.662728458851,-1.254934237173,
    45.431243848622));
#2395 = CARTESIAN_POINT('',(-6.568609937187,-4.389004840859,
    45.874999999962));
#2396 = CARTESIAN_POINT('',(-4.474492191077,-7.523073396486,
    46.318770834712));
#2397 = CARTESIAN_POINT('',(-0.718893171788,-9.547207253356,
    46.762446888145));
#2398 = CARTESIAN_POINT('',(4.036551933795,-9.468431036569,
    47.206345496053));
#2399 = CARTESIAN_POINT('',(8.451385638283,-6.755718589867,
    47.649919122515));
#2400 = CARTESIAN_POINT('',(10.882271238967,-1.833271875611,
    48.093768112721));
#2401 = CARTESIAN_POINT('',(10.198296558622,3.613910924411,
    48.537556654185));
#2402 = CARTESIAN_POINT('',(6.915904820262,7.62333630522,48.981183457522
    ));
#2403 = CARTESIAN_POINT('',(2.448737923616,9.255788455157,
    49.425041176618));
#2404 = CARTESIAN_POINT('',(-1.762739518689,8.573824984329,
    49.868744349775));
#2405 = CARTESIAN_POINT('',(-4.76809194143,6.298833164807,
    50.312500000032));
#2406 = CARTESIAN_POINT('',(-7.773442405854,4.023842300598,
    50.756270834503));
#2407 = CARTESIAN_POINT('',(-9.572970493036,0.155594567181,
    51.199946888498));
#2408 = CARTESIAN_POINT('',(-9.214374029968,-4.586965123673,
    51.643845495676));
#2409 = CARTESIAN_POINT('',(-6.246461675799,-8.834442223757,
    52.087419122724));
#2410 = CARTESIAN_POINT('',(-1.189444214153,-10.97132332715,
    52.531268112796));
#2411 = CARTESIAN_POINT('',(4.208024908333,-9.967854896506,
    52.97505665387));
#2412 = CARTESIAN_POINT('',(8.017259343188,-6.455118010602,
    53.418683457916));
#2413 = CARTESIAN_POINT('',(9.383894479374,-1.899595152694,
    53.862541176303));
#2414 = CARTESIAN_POINT('',(8.455180737525,2.264430208395,
    54.306244349943));
#2415 = CARTESIAN_POINT('',(6.007207128239,5.13063958181,54.749999999984
    ));
#2416 = CARTESIAN_POINT('',(3.559234587938,7.996847056496,
    55.193770834672));
#2417 = CARTESIAN_POINT('',(-0.40824376072,9.565527207773,
    55.637446888192));
#2418 = CARTESIAN_POINT('',(-5.121467142369,8.928354390277,
    56.081345496034));
#2419 = CARTESIAN_POINT('',(-9.18685407594,5.715537162823,
    56.524919122457));
#2420 = CARTESIAN_POINT('',(-11.02231831255,0.541490632821,
    56.968768112879));
#2421 = CARTESIAN_POINT('',(-9.702836942322,-4.787542181256,
    57.412556653954));
#2422 = CARTESIAN_POINT('',(-5.971939819064,-8.38337227514,
    57.856183457762));
#2423 = CARTESIAN_POINT('',(-1.343863104834,-9.479449841642,
    58.300041176429));
#2424 = CARTESIAN_POINT('',(2.758266088743,-8.307207331977,
    58.743744349886));
#2425 = CARTESIAN_POINT('',(5.475390164112,-5.694743413952,
    59.187499999986));
#2426 = CARTESIAN_POINT('',(8.19251246048,-3.082280724276,
    59.631270333339));
#2427 = CARTESIAN_POINT('',(9.524902987208,0.970666192945,
    60.074949037149));
#2428 = CARTESIAN_POINT('',(8.611364849043,5.638203372697,60.51883994618
    ));
#2429 = CARTESIAN_POINT('',(5.164785589469,9.507399792537,
    60.962429631549));
#2430 = CARTESIAN_POINT('',(-0.10833959482,11.035077765167,
    61.406252506522));
#2431 = CARTESIAN_POINT('',(-5.350454523766,9.404163832402,
    61.850075381571));
#2432 = CARTESIAN_POINT('',(-8.720403173673,5.468044470169,62.2936650669
    ));
#2433 = CARTESIAN_POINT('',(-9.542124660609,0.783470951885,
    62.737555975931));
#2434 = CARTESIAN_POINT('',(-8.130417022963,-3.24253510576,
    63.181234679761));
#2435 = CARTESIAN_POINT('',(-5.362526424656,-5.801147330031,
    63.625005013093));
#2436 = CARTESIAN_POINT('',(-2.594633977393,-8.359760691213,
    64.068761164491));
#2437 = CARTESIAN_POINT('',(1.529719595575,-9.451237975118,
    64.512461687806));
#2438 = CARTESIAN_POINT('',(6.135384973515,-8.264505012596,
    64.956327105064));
#2439 = CARTESIAN_POINT('',(9.794962366255,-4.596118904659,
    65.399937850075));
#2440 = CARTESIAN_POINT('',(11.009563703764,0.757795801767,
    65.843752506694));
#2441 = CARTESIAN_POINT('',(9.07286494079,5.894804365306,66.287567162724
    ));
#2442 = CARTESIAN_POINT('',(4.945185894227,9.027188286065,
    66.731177908278));
#2443 = CARTESIAN_POINT('',(0.220357966834,9.571697010839,
    67.175043325089));
#2444 = CARTESIAN_POINT('',(-3.715554525056,7.925426099771,
    67.618743848715));
#2445 = CARTESIAN_POINT('',(-6.10678258157,5.011706944887,
    68.062499999944));
#2446 = CARTESIAN_POINT('',(-8.498008962263,2.097989169529,
    68.506270333479));
#2447 = CARTESIAN_POINT('',(-9.344791134068,-2.083470286622,
    68.949949036906));
#2448 = CARTESIAN_POINT('',(-7.8889750521,-6.611279336228,69.39383994645
    ));
#2449 = CARTESIAN_POINT('',(-4.011510627672,-10.04855429822,
    69.837429631376));
#2450 = CARTESIAN_POINT('',(1.404622955519,-10.94585369465,
    70.281252506513));
#2451 = CARTESIAN_POINT('',(6.418708560092,-8.710099966026,
    70.725075381754));
#2452 = CARTESIAN_POINT('',(9.302657039855,-4.40516899074,
    71.168665066635));
#2453 = CARTESIAN_POINT('',(9.568070149494,0.343516209558,
    71.612555976165));
#2454 = CARTESIAN_POINT('',(7.692941549877,4.175687391236,
    72.056234679621));
#2455 = CARTESIAN_POINT('',(4.643504082479,6.39123382735,72.500005013146
    ));
#2456 = CARTESIAN_POINT('',(1.594064645268,8.606781175197,
    72.943761164434));
#2457 = CARTESIAN_POINT('',(-2.629990192685,9.205927052168,
    73.387461687848));
#2458 = CARTESIAN_POINT('',(-7.064245698966,7.486082058149,
    73.831327105028));
#2459 = CARTESIAN_POINT('',(-10.26728401738,3.412986323915,
    74.274937850149));
#2460 = CARTESIAN_POINT('',(-10.84418109277,-2.046578572417,
    74.718752506552));
#2461 = CARTESIAN_POINT('',(-8.317116023221,-6.920345207776,
    75.162567162916));
#2462 = CARTESIAN_POINT('',(-3.849875907868,-9.545860221791,
    75.606177908095));
#2463 = CARTESIAN_POINT('',(0.906201809819,-9.531250682952,
    76.050043325207));
#2464 = CARTESIAN_POINT('',(4.62133395644,-7.433774058614,
    76.493743848675));
#2465 = CARTESIAN_POINT('',(6.653516146364,-4.259192750989,
    76.937499999933));
#2466 = CARTESIAN_POINT('',(8.685696834224,-1.084613010295,
    77.381270333483));
#2467 = CARTESIAN_POINT('',(9.035131636906,3.167391052331,
    77.824949036927));
#2468 = CARTESIAN_POINT('',(7.057219714894,7.492702565164,
    78.268839946389));
#2469 = CARTESIAN_POINT('',(2.802623748665,10.450404830613,
    78.712429631462));
#2470 = CARTESIAN_POINT('',(-2.681433907288,10.704886312001,
    79.156252506447));
#2471 = CARTESIAN_POINT('',(-7.39797948699,7.895287233995,
    79.600075381759));
#2472 = CARTESIAN_POINT('',(-9.755947370707,3.281224274349,
    80.043665066688));
#2473 = CARTESIAN_POINT('',(-9.461372658123,-1.465741176232,
    80.487555976097));
#2474 = CARTESIAN_POINT('',(-7.148818165824,-5.050951762906,
    80.931234679667));
#2475 = CARTESIAN_POINT('',(-3.860108443438,-6.892718099905,
    81.37500501313));
#2476 = CARTESIAN_POINT('',(-0.571396657747,-8.734485110783,
    81.818761164474));
#2477 = CARTESIAN_POINT('',(3.693801009365,-8.832993569953,
    82.262461687783));
#2478 = CARTESIAN_POINT('',(7.895174178081,-6.603878903657,
    82.706327105099));
#2479 = CARTESIAN_POINT('',(10.597269426347,-2.182539219945,
    83.1499378501));
#2480 = CARTESIAN_POINT('',(10.528464665639,3.306989448163,
    83.593752506564));
#2481 = CARTESIAN_POINT('',(7.446066210275,7.849948708801,
    84.037567162932));
#2482 = CARTESIAN_POINT('',(2.701194760319,9.932197075508,
    84.481177908069));
#2483 = CARTESIAN_POINT('',(-2.020198832754,9.358671806274,
    84.925043325229));
#2484 = CARTESIAN_POINT('',(-5.463047437336,6.839066967714,
    85.368743848661));
#2485 = CARTESIAN_POINT('',(-7.108011444016,3.447633001312,
    85.812499999941));
#2486 = CARTESIAN_POINT('',(-8.752974075917,5.620073964133E-02,
    86.256270834778));
#2487 = CARTESIAN_POINT('',(-8.60021762053,-4.20740188369,
    86.699946888019));
#2488 = CARTESIAN_POINT('',(-6.127628788127,-8.270254122031,
    87.143845496229));
#2489 = CARTESIAN_POINT('',(-1.554885266255,-10.70737991672,
    87.587419122313));
#2490 = CARTESIAN_POINT('',(3.921074005192,-10.31551703673,
    88.031268112932));
#2491 = CARTESIAN_POINT('',(8.274689073078,-6.971020413829,
    88.475056653979));
#2492 = CARTESIAN_POINT('',(10.073992632355,-2.111792686141,
    88.918683457709));
#2493 = CARTESIAN_POINT('',(9.22350935613,2.567647269841,89.36254117647)
  );
#2494 = CARTESIAN_POINT('',(6.505591398378,5.856193817666,
    89.806244349874));
#2495 = CARTESIAN_POINT('',(3.023199115682,7.29864830684,90.24999999998)
  );
#2496 = CARTESIAN_POINT('',(-0.459191352552,8.741101589544,
    90.693770834649));
#2497 = CARTESIAN_POINT('',(-4.706406331584,8.337608360476,
    91.137446888256));
#2498 = CARTESIAN_POINT('',(-8.616648708766,5.630124584652,
    91.581345495936));
#2499 = CARTESIAN_POINT('',(-10.78034649126,0.921836428325,
    92.024919122569));
#2500 = CARTESIAN_POINT('',(-10.06678913115,-4.521556112348,
    92.468768112774));
#2501 = CARTESIAN_POINT('',(-6.471792351366,-8.670727110683,
    92.912556654042));
#2502 = CARTESIAN_POINT('',(-1.515065972142,-10.1808433347,
    93.356183457694));
#2503 = CARTESIAN_POINT('',(3.106189376834,-9.056352737171,
    93.800041176479));
#2504 = CARTESIAN_POINT('',(6.229026288604,-6.14954933053,
    94.243744349852));
#2505 = CARTESIAN_POINT('',(7.463967767088,-2.588278418538,
    94.687500000007));
#2506 = CARTESIAN_POINT('',(8.698908148024,0.972990611128,
    95.131270834592));
#2507 = CARTESIAN_POINT('',(8.04607777439,5.189085293075,95.574946888323
    ));
#2508 = CARTESIAN_POINT('',(5.113090719665,8.933154039971,96.01884549591
    ));
#2509 = CARTESIAN_POINT('',(0.285589943033,10.815918419462,
    96.462419122502));
#2510 = CARTESIAN_POINT('',(-5.106353937846,9.783141752527,
    96.906268112948));
#2511 = CARTESIAN_POINT('',(-9.036688306628,5.950115067379,
    97.350056653795));
#2512 = CARTESIAN_POINT('',(-10.25237893513,0.91308382819,97.79368345795
    ));
#2513 = CARTESIAN_POINT('',(-8.857781626279,-3.633956797404,
    98.237541176278));
#2514 = CARTESIAN_POINT('',(-5.772175831245,-6.580251640028,
    98.68124434997));
#2515 = CARTESIAN_POINT('',(-2.144379553929,-7.603396367985,
    99.124999999959));
#2516 = CARTESIAN_POINT('',(1.483414764051,-8.626540182254,
    99.568770333423));
#2517 = CARTESIAN_POINT('',(5.65376452817,-7.72663681263,100.012449037)
  );
#2518 = CARTESIAN_POINT('',(9.218672055512,-4.578321457434,
    100.45633994633));
#2519 = CARTESIAN_POINT('',(10.813972637491,0.351648682481,
    100.89992963146));
#2520 = CARTESIAN_POINT('',(9.465558325015,5.673436731585,
    101.34375250649));
#2521 = CARTESIAN_POINT('',(5.407798728696,9.371305880582,
    101.78757538169));
#2522 = CARTESIAN_POINT('',(0.307933824885,10.288348681793,
    102.23116506674));
#2523 = CARTESIAN_POINT('',(-4.149118361725,8.628486923663,
    102.67505597605));
#2524 = CARTESIAN_POINT('',(-6.90865184978,5.374778553375,
    103.11873467969));
#2525 = CARTESIAN_POINT('',(-7.716450306302,1.693043020786,
    103.56250501311));
#2526 = CARTESIAN_POINT('',(-8.524248808745,-1.988694681871,
    104.00626116443));
#2527 = CARTESIAN_POINT('',(-7.380393998477,-6.098829865664,
    104.4499616879));
#2528 = CARTESIAN_POINT('',(-4.027670007109,-9.472215484813,
    104.89382710493));
#2529 = CARTESIAN_POINT('',(0.987665121401,-10.77451225578,
    105.3374378502));
#2530 = CARTESIAN_POINT('',(6.220843560179,-9.115144147172,
    105.78125250655));
#2531 = CARTESIAN_POINT('',(9.673411479567,-4.846721271819,
    106.22506716288));
#2532 = CARTESIAN_POINT('',(10.288635453199,0.298282401725,
    106.66867790811));
#2533 = CARTESIAN_POINT('',(8.369257774144,4.649888774053,
    107.11254332523));
#2534 = CARTESIAN_POINT('',(4.958740078002,7.213086796256,
    107.55624384861));
#2535 = CARTESIAN_POINT('',(1.235832273817,7.802737890702,
    107.99999999999));
#2536 = CARTESIAN_POINT('',(-2.487073500001,8.392388164438,
    108.44377083465));
#2537 = CARTESIAN_POINT('',(-6.522743967403,7.008550839254,
    108.8874468882));
#2538 = CARTESIAN_POINT('',(-9.692896501253,3.463047101164,
    109.33134549606));
#2539 = CARTESIAN_POINT('',(-10.69768309999,-1.620255894696,
    109.77491912237));
#2540 = CARTESIAN_POINT('',(-8.733106634283,-6.746670408651,
    110.21876811298));
#2541 = CARTESIAN_POINT('',(-4.268835168272,-9.941964150635,
    110.66255665384));
#2542 = CARTESIAN_POINT('',(0.903466097895,-10.25323095011,
    111.10618345785));
#2543 = CARTESIAN_POINT('',(5.134528677032,-8.080999480837,
    111.55004117636));
#2544 = CARTESIAN_POINT('',(7.492501577419,-4.525499484609,
    111.99374434993));
#2545 = CARTESIAN_POINT('',(7.861959340711,-0.774335408599,
    112.43749999996));
#2546 = CARTESIAN_POINT('',(8.231416476192,2.976826580837,
    112.88127083471));
#2547 = CARTESIAN_POINT('',(6.612396100695,6.92403000705,113.3249468881)
  );
#2548 = CARTESIAN_POINT('',(2.886412220784,9.879957606194,
    113.76884549616));
#2549 = CARTESIAN_POINT('',(-2.247226940646,10.58374338074,
    114.21241912232));
#2550 = CARTESIAN_POINT('',(-7.24909405817,8.320778114159,
    114.65626811299));
#2551 = CARTESIAN_POINT('',(-10.17603066625,3.676139924602,
    115.10005665386));
#2552 = CARTESIAN_POINT('',(-10.18226007553,-1.505515081542,
    115.54368345783));
#2553 = CARTESIAN_POINT('',(-7.764710048053,-5.601358336534,
    115.98754117636));
#2554 = CARTESIAN_POINT('',(-4.076560915173,-7.745926450573,
    116.43124434993));
#2555 = CARTESIAN_POINT('',(-0.310152544491,-7.893909386302,
    116.87499999995));
#2556 = CARTESIAN_POINT('',(3.456253706271,-8.041891818146,
    117.31877083473));
#2557 = CARTESIAN_POINT('',(7.301298112437,-6.193304417224,
    117.76244688804));
#2558 = CARTESIAN_POINT('',(10.03274731545,-2.29976501251,
    118.20634549626));
#2559 = CARTESIAN_POINT('',(10.433090988025,2.866402851592,
    118.64991912219));
#2560 = CARTESIAN_POINT('',(7.879586648408,7.726372197843,119.0937681131
    ));
#2561 = CARTESIAN_POINT('',(3.070692961642,10.374798774016,
    119.5375566538));
#2562 = CARTESIAN_POINT('',(-2.102341765141,10.07596918459,
    119.98118345784));
#2563 = CARTESIAN_POINT('',(-6.048758118334,7.421486547223,
    120.42504117637));
#2564 = CARTESIAN_POINT('',(-7.972482411836,3.613481654271,
    120.86874434992));
#2565 = CARTESIAN_POINT('',(-7.898477199808,-0.155106170445,
    121.31249999995));
#2566 = CARTESIAN_POINT('',(-7.824471682196,-3.923691854969,
    121.75627033342));
#2567 = CARTESIAN_POINT('',(-5.752729214225,-7.653239599153,
    122.19994903699));
#2568 = CARTESIAN_POINT('',(-1.70514123022,-10.15073569845,
    122.64383994636));
#2569 = CARTESIAN_POINT('',(3.475637365187,-10.24624838201,
    123.08742963142));
#2570 = CARTESIAN_POINT('',(8.176846994091,-7.411062810889,
    123.53125250651));
#2571 = CARTESIAN_POINT('',(10.537581704227,-2.454594228008,
    123.97507538169));
#2572 = CARTESIAN_POINT('',(9.934724312659,2.691875678805,
    124.41866506672));
#2573 = CARTESIAN_POINT('',(7.052521689068,6.475176259892,
    124.86255597607));
#2574 = CARTESIAN_POINT('',(3.137866620875,8.171383478266,
    125.30623467968));
#2575 = CARTESIAN_POINT('',(-0.619826129995,7.875646993641,
    125.75000501311));
#2576 = CARTESIAN_POINT('',(-4.377520970823,7.579909923021,
    126.19376116442));
#2577 = CARTESIAN_POINT('',(-7.978631589077,5.292199851552,
    126.63746168794));
#2578 = CARTESIAN_POINT('',(-10.23351595426,1.104600873936,
    127.08132710485));
#2579 = CARTESIAN_POINT('',(-10.0238613244,-4.072812405623,
    127.52493785034));
#2580 = CARTESIAN_POINT('',(-6.916833535316,-8.598962801885,
    127.96875250639));
#2581 = CARTESIAN_POINT('',(-1.829979951774,-10.66380654908,
    128.41256716301));
#2582 = CARTESIAN_POINT('',(3.272071683582,-9.759023454083,
    128.85617790802));
#2583 = CARTESIAN_POINT('',(6.879133416381,-6.659088882179,
    129.30004332527));
#2584 = CARTESIAN_POINT('',(8.341939963608,-2.65136982239,
    129.74374384859));
#2585 = CARTESIAN_POINT('',(7.825497789504,1.082397499286,130.1875));
#2586 = CARTESIAN_POINT('',(7.309055419418,4.816162639795,
    130.63127083461));
#2587 = CARTESIAN_POINT('',(4.813312365711,8.276351720445,
    131.07494688829));
#2588 = CARTESIAN_POINT('',(0.50023012314,10.280793142219,131.5188454959
    ));
#2589 = CARTESIAN_POINT('',(-4.655861705932,9.76670899779,131.9624191226
    ));
#2590 = CARTESIAN_POINT('',(-8.991248086646,6.398606952482,
    132.4062681127));
#2591 = CARTESIAN_POINT('',(-10.75304395126,1.199020704371,
    132.85005665415));
#2592 = CARTESIAN_POINT('',(-9.549467903066,-3.840918988214,
    133.29368345757));
#2593 = CARTESIAN_POINT('',(-6.242559356406,-7.259227922214,
    133.73754117657));
#2594 = CARTESIAN_POINT('',(-2.155674593911,-8.483560132272,
    134.1812443498));
#2595 = CARTESIAN_POINT('',(1.541213543923,-7.748203715186,
    134.62500000003));
#2596 = CARTESIAN_POINT('',(5.238099502849,-7.012847303018,
    135.06877083453));
#2597 = CARTESIAN_POINT('',(8.545360867483,-4.317728728682,
    135.51244688842));
#2598 = CARTESIAN_POINT('',(10.292411188689,0.105876025335,
    135.95634549579));
#2599 = CARTESIAN_POINT('',(9.475675396844,5.222760634545,
    136.39991912259));
#2600 = CARTESIAN_POINT('',(5.858187273049,9.352344891083,136.8437681129
    ));
#2601 = CARTESIAN_POINT('',(0.563900796001,10.804981293784,
    137.2875566538));
#2602 = CARTESIAN_POINT('',(-4.396442187369,9.306787415642,
    137.73118345795));
#2603 = CARTESIAN_POINT('',(-7.614142077371,5.804375743329,
    138.17504117626));
#2604 = CARTESIAN_POINT('',(-8.595752627743,1.652501811064,
    138.61874434997));
#2605 = CARTESIAN_POINT('',(-7.644032829645,-1.994683458424,
    139.06249999996));
#2606 = CARTESIAN_POINT('',(-6.69231323403,-5.641866575513,
    139.50627033342));
#2607 = CARTESIAN_POINT('',(-3.807167545203,-8.784727944395,
    139.94994903697));
#2608 = CARTESIAN_POINT('',(0.711614146233,-10.26832737798,
    140.39383994639));
#2609 = CARTESIAN_POINT('',(5.771544409813,-9.151772294248,
    140.83742963139));
#2610 = CARTESIAN_POINT('',(9.680998315198,-5.29744753376,
    141.28125250652));
#2611 = CARTESIAN_POINT('',(10.819441125597,7.317600102029E-02,
    141.72507538171));
#2612 = CARTESIAN_POINT('',(9.031821191777,4.936714271482,
    142.16866506669));
#2613 = CARTESIAN_POINT('',(5.346060075385,7.942645116208,
    142.61255597611));
#2614 = CARTESIAN_POINT('',(1.143595527063,8.678127917337,
    143.05623467965));
#2615 = CARTESIAN_POINT('',(-2.441233562711,7.513346703844,
    143.50000501313));
#2616 = DEFINITIONAL_REPRESENTATION('',(#2617),#2620);
#2617 = B_SPLINE_CURVE_WITH_KNOTS('',1,(#2618,#2619),.UNSPECIFIED.,.F.,
  .F.,(2,2),(0.,208.50805934351),.PIECEWISE_BEZIER_KNOTS.);
#2618 = CARTESIAN_POINT('',(6.28318530718,0.));
#2619 = CARTESIAN_POINT('',(6.28318530718,208.50805934351));
#2620 = ( GEOMETRIC_REPRESENTATION_CONTEXT(2) 
PARAMETRIC_REPRESENTATION_CONTEXT() REPRESENTATION_CONTEXT('2D SPACE',''
  ) );
#2621 = PCURVE('',#368,#2622);
#2622 = DEFINITIONAL_REPRESENTATION('',(#2623),#2627);
#2623 = LINE('',#2624,#2625);
#2624 = CARTESIAN_POINT('',(0.,0.));
#2625 = VECTOR('',#2626,1.);
#2626 = DIRECTION('',(0.,1.));
#2627 = ( GEOMETRIC_REPRESENTATION_CONTEXT(2) 
PARAMETRIC_REPRESENTATION_CONTEXT() REPRESENTATION_CONTEXT('2D SPACE',''
  ) );
#2628 = ORIENTED_EDGE('',*,*,#2629,.F.);
#2629 = EDGE_CURVE('',#42,#42,#2630,.T.);
#2630 = SURFACE_CURVE('',#2631,(#2639,#2646),.PCURVE_S1.);
#2631 = ( BOUNDED_CURVE() B_SPLINE_CURVE(6,(#2632,#2633,#2634,#2635,
#2636,#2637,#2638),.UNSPECIFIED.,.T.,.F.) B_SPLINE_CURVE_WITH_KNOTS((1,6
    ,6,1),(-6.28318530718,0.,6.28318530718,12.566370614359),
.UNSPECIFIED.) CURVE() GEOMETRIC_REPRESENTATION_ITEM() 
RATIONAL_B_SPLINE_CURVE((1.669078461068,1.03672962321,1.038346699848,
    0.853534330196,1.038346699848,1.03672962321,1.669078461068)) 
REPRESENTATION_ITEM('') );
#2632 = CARTESIAN_POINT('',(-2.441233562711,7.513346703844,
    143.50000501313));
#2633 = CARTESIAN_POINT('',(-2.441230988748,7.513338781974,
    145.99231962648));
#2634 = CARTESIAN_POINT('',(-1.488896582704,4.58235001503,
    146.35016328825));
#2635 = CARTESIAN_POINT('',(-0.703424896556,2.164912742756,
    143.49998621829));
#2636 = CARTESIAN_POINT('',(-1.488902469785,4.582368133661,
    140.64982613855));
#2637 = CARTESIAN_POINT('',(-2.441236136673,7.513354625714,
    141.00769039979));
#2638 = CARTESIAN_POINT('',(-2.441233562711,7.513346703844,
    143.50000501313));
#2639 = PCURVE('',#368,#2640);
#2640 = DEFINITIONAL_REPRESENTATION('',(#2641),#2645);
#2641 = LINE('',#2642,#2643);
#2642 = CARTESIAN_POINT('',(0.,208.50805934351));
#2643 = VECTOR('',#2644,1.);
#2644 = DIRECTION('',(1.,0.));
#2645 = ( GEOMETRIC_REPRESENTATION_CONTEXT(2) 
PARAMETRIC_REPRESENTATION_CONTEXT() REPRESENTATION_CONTEXT('2D SPACE',''
  ) );
#2646 = PCURVE('',#2647,#2652);
#2647 = PLANE('',#2648);
#2648 = AXIS2_PLACEMENT_3D('',#2649,#2650,#2651);
#2649 = CARTESIAN_POINT('',(-1.977782197098,6.086987708499,
    143.50000000079));
#2650 = DIRECTION('',(0.951056666375,0.309016532476,1.693913973584E-12)
  );
#2651 = DIRECTION('',(-0.309016532476,0.951056666375,0.));
#2652 = DEFINITIONAL_REPRESENTATION('',(#2653),#2661);
#2653 = ( BOUNDED_CURVE() B_SPLINE_CURVE(6,(#2654,#2655,#2656,#2657,
#2658,#2659,#2660),.UNSPECIFIED.,.T.,.F.) B_SPLINE_CURVE_WITH_KNOTS((1,6
    ,6,1),(-6.28318530718,0.,6.28318530718,12.566370614359),
.UNSPECIFIED.) CURVE() GEOMETRIC_REPRESENTATION_ITEM() 
RATIONAL_B_SPLINE_CURVE((1.669078461068,1.03672962321,1.038346699848,
    0.853534330196,1.038346699848,1.03672962321,1.669078461068)) 
REPRESENTATION_ITEM('') );
#2654 = CARTESIAN_POINT('',(1.499762365139,5.01234350736E-06));
#2655 = CARTESIAN_POINT('',(1.499754035595,2.492319625686));
#2656 = CARTESIAN_POINT('',(-1.582069446191,2.850163287463));
#2657 = CARTESIAN_POINT('',(-4.123913016342,-1.378249592676E-05));
#2658 = CARTESIAN_POINT('',(-1.582050395141,-2.850173862242));
#2659 = CARTESIAN_POINT('',(1.499770694684,-2.492309600999));
#2660 = CARTESIAN_POINT('',(1.499762365139,5.01234350736E-06));
#2661 = ( GEOMETRIC_REPRESENTATION_CONTEXT(2) 
PARAMETRIC_REPRESENTATION_CONTEXT() REPRESENTATION_CONTEXT('2D SPACE',''
  ) );
#2662 = ORIENTED_EDGE('',*,*,#39,.F.);
#2663 = ORIENTED_EDGE('',*,*,#2664,.T.);
#2664 = EDGE_CURVE('',#40,#40,#2665,.T.);
#2665 = SURFACE_CURVE('',#2666,(#2674,#2681),.PCURVE_S1.);
#2666 = ( BOUNDED_CURVE() B_SPLINE_CURVE(6,(#2667,#2668,#2669,#2670,
#2671,#2672,#2673),.UNSPECIFIED.,.T.,.F.) B_SPLINE_CURVE_WITH_KNOTS((1,6
    ,6,1),(-6.28318530718,0.,6.28318530718,12.566370614359),
.UNSPECIFIED.) CURVE() GEOMETRIC_REPRESENTATION_ITEM() 
RATIONAL_B_SPLINE_CURVE((1.669078461068,1.03672962321,1.038346699848,
    0.853534330196,1.038346699848,1.03672962321,1.669078461068)) 
REPRESENTATION_ITEM('') );
#2667 = CARTESIAN_POINT('',(7.9,5.051514762044E-15,1.5));
#2668 = CARTESIAN_POINT('',(7.9,2.275957200482E-15,3.992314613357));
#2669 = CARTESIAN_POINT('',(4.818177714178,-6.106226635438E-16,
    4.350168574868));
#2670 = CARTESIAN_POINT('',(2.276324618487,-9.992007221626E-16,1.5));
#2671 = CARTESIAN_POINT('',(4.818177714178,8.326672684689E-16,
    -1.350168574868));
#2672 = CARTESIAN_POINT('',(7.9,-3.10862446895E-15,-0.992314613357));
#2673 = CARTESIAN_POINT('',(7.9,5.051514762044E-15,1.5));
#2674 = PCURVE('',#368,#2675);
#2675 = DEFINITIONAL_REPRESENTATION('',(#2676),#2680);
#2676 = LINE('',#2677,#2678);
#2677 = CARTESIAN_POINT('',(0.,0.));
#2678 = VECTOR('',#2679,1.);
#2679 = DIRECTION('',(1.,0.));
#2680 = ( GEOMETRIC_REPRESENTATION_CONTEXT(2) 
PARAMETRIC_REPRESENTATION_CONTEXT() REPRESENTATION_CONTEXT('2D SPACE',''
  ) );
#2681 = PCURVE('',#2682,#2687);
#2682 = PLANE('',#2683);
#2683 = AXIS2_PLACEMENT_3D('',#2684,#2685,#2686);
#2684 = CARTESIAN_POINT('',(6.400237634852,1.698067315284E-15,1.5));
#2685 = DIRECTION('',(1.495173402012E-15,-1.,4.873242001158E-16));
#2686 = DIRECTION('',(-1.,-1.495173402012E-15,0.));
#2687 = DEFINITIONAL_REPRESENTATION('',(#2688),#2696);
#2688 = ( BOUNDED_CURVE() B_SPLINE_CURVE(6,(#2689,#2690,#2691,#2692,
#2693,#2694,#2695),.UNSPECIFIED.,.T.,.F.) B_SPLINE_CURVE_WITH_KNOTS((1,6
    ,6,1),(-6.28318530718,0.,6.28318530718,12.566370614359),
.UNSPECIFIED.) CURVE() GEOMETRIC_REPRESENTATION_ITEM() 
RATIONAL_B_SPLINE_CURVE((1.669078461068,1.03672962321,1.038346699848,
    0.853534330196,1.038346699848,1.03672962321,1.669078461068)) 
REPRESENTATION_ITEM('') );
#2689 = CARTESIAN_POINT('',(-1.499762365148,5.107025913276E-15));
#2690 = CARTESIAN_POINT('',(-1.499762365148,-2.492314613357));
#2691 = CARTESIAN_POINT('',(1.582059920675,-2.850168574868));
#2692 = CARTESIAN_POINT('',(4.123913016365,5.107025913276E-15));
#2693 = CARTESIAN_POINT('',(1.582059920675,2.850168574868));
#2694 = CARTESIAN_POINT('',(-1.499762365148,2.492314613357));
#2695 = CARTESIAN_POINT('',(-1.499762365148,5.107025913276E-15));
#2696 = ( GEOMETRIC_REPRESENTATION_CONTEXT(2) 
PARAMETRIC_REPRESENTATION_CONTEXT() REPRESENTATION_CONTEXT('2D SPACE',''
  ) );
#2697 = ADVANCED_FACE('',(#2698),#2682,.T.);
#2698 = FACE_BOUND('',#2699,.T.);
#2699 = EDGE_LOOP('',(#2700));
#2700 = ORIENTED_EDGE('',*,*,#2664,.T.);
#2701 = ADVANCED_FACE('',(#2702),#2647,.F.);
#2702 = FACE_BOUND('',#2703,.F.);
#2703 = EDGE_LOOP('',(#2704));
#2704 = ORIENTED_EDGE('',*,*,#2629,.T.);
#2705 = ( GEOMETRIC_REPRESENTATION_CONTEXT(3) 
GLOBAL_UNCERTAINTY_ASSIGNED_CONTEXT((#2709)) 
GLOBAL_UNIT_ASSIGNED_CONTEXT((#2706,#2707,#2708)) REPRESENTATION_CONTEXT
('Context #1','3D Context with UNIT and UNCERTAINTY') );
#2706 = ( LENGTH_UNIT() NAMED_UNIT(*) SI_UNIT(.MILLI.,.METRE.) );
#2707 = ( NAMED_UNIT(*) PLANE_ANGLE_UNIT() SI_UNIT($,.RADIAN.) );
#2708 = ( NAMED_UNIT(*) SI_UNIT($,.STERADIAN.) SOLID_ANGLE_UNIT() );
#2709 = UNCERTAINTY_MEASURE_WITH_UNIT(LENGTH_MEASURE(5.E-06),#2706,
  'distance_accuracy_value','confusion accuracy');
#2710 = CONTEXT_DEPENDENT_SHAPE_REPRESENTATION(#2711,#2713);
#2711 = ( REPRESENTATION_RELATIONSHIP('','',#32,#10) 
REPRESENTATION_RELATIONSHIP_WITH_TRANSFORMATION(#2712) 
SHAPE_REPRESENTATION_RELATIONSHIP() );
#2712 = ITEM_DEFINED_TRANSFORMATION('','',#11,#15);
#2713 = PRODUCT_DEFINITION_SHAPE('Placement','Placement of an item',
  #2714);
#2714 = NEXT_ASSEMBLY_USAGE_OCCURRENCE('12',
'CONTROLLED_16_N_MM_GUIDED_BACKUP_COMPRESSION_SPRING_SS_STOWED_LOCAL_
DEFINITION','',#5,#27,$);
#2715 = PRODUCT_RELATED_PRODUCT_CATEGORY('part',$,(#29));
#2716 = MECHANICAL_DESIGN_GEOMETRIC_PRESENTATION_REPRESENTATION('',(
    #2717),#2705);
#2717 = STYLED_ITEM('color',(#2718),#33);
#2718 = PRESENTATION_STYLE_ASSIGNMENT((#2719));
#2719 = SURFACE_STYLE_USAGE(.BOTH.,#2720);
#2720 = SURFACE_SIDE_STYLE('',(#2721));
#2721 = SURFACE_STYLE_FILL_AREA(#2722);
#2722 = FILL_AREA_STYLE('',(#2723));
#2723 = FILL_AREA_STYLE_COLOUR('',#2724);
#2724 = COLOUR_RGB('',0.789999995908,0.430000007837,0.149999997808);
ENDSEC;
END-ISO-10303-21;
