part_number,physical_title,state_definition,revision,description,material,finish,make_buy,manufacturer,cad_classification,mass_kg,volume_mm3,solid_count,face_count,bbox_mm,neutral_ap242_path,neutral_ap242_bytes,neutral_ap242_sha256,native_brep_path,native_brep_bytes,native_brep_sha256,four_view_render_path,four_view_render_bytes,four_view_render_sha256,installed_location_reference,installed_location_image,section_cutaway_status,release_status
AMSTEEL-BLUE-SHORT14-STRUCTURAL-TETHER-001,STRUCTURAL_RECOVERY_TETHER_WITH_TWO_BURIED_EYE_SPLICES_HMPE,STOWED,A,STRUCTURAL RECOVERY TETHER WITH TWO BURIED EYE SPLICES,HMPE rope,"Chafe-protected, heat-sealed and clean",MAKE,Samson Rope Technologies raw line / STINGRAY finished splices,EXACT_ANALYTIC,0.09,1139.9581523137651,1,14,"{""xmin"":28.332718454131467,""xmax"":46.01748192530844,""ymin"":-2.003180957192847,""ymax"":9.013964042101973,""zmin"":1563.3361335697996,""zmax"":1627.0023415674307}",neutral_ap242/AMSTEEL-BLUE-SHORT14-STRUCTURAL-TETHER-001__STOWED__LOCAL_AP242.step,57898,caaec51419fe9432d690d595bb659cd9e2d78e9548dd28835ed8812b92e59e3e,native_brep/AMSTEEL-BLUE-SHORT14-STRUCTURAL-TETHER-001__STOWED__LOCAL_OCCT.brep,21865,fc30f6ff4168408434185c1c07544288490313154b415e7a396e733658fffb20,renders/AMSTEEL-BLUE-SHORT14-STRUCTURAL-TETHER-001__STOWED__FOUR_VIEW.png,147218,29dc3c470b7bc40c568718bdd09c7b468fa15244abeb1da4c7a1feeb188138d7,STRUCTURAL-RECOVERY-TETHER in Shortened_Aft_Body_External_Buoy_Assembly/Structural_Recovery_Tether_Assembly,NOT GENERATED - REGISTERED BY OCCURRENCE/BBOX; SYSTEM VIEWS PROVIDED,NOT PROVIDED - RELEASE DRAWING/ANALYSIS RELEVANCE NOT ESTABLISHED,DEVELOPMENTAL PART DEFINITION - NOT RELEASED FOR FABRICATION OR PROCUREMENT
AMSTEEL-BLUE-SHORT14-STRUCTURAL-TETHER-001,STRUCTURAL_RECOVERY_TETHER_WITH_TWO_BURIED_EYE_SPLICES_HMPE,DEPLOYED,A,STRUCTURAL RECOVERY TETHER WITH TWO BURIED EYE SPLICES,HMPE rope,"Chafe-protected, heat-sealed and clean",MAKE,Samson Rope Technologies raw line / STINGRAY finished splices,EXACT_ANALYTIC,0.09,1307.68306021505,1,11,"{""xmin"":-0.49379696769262094,""xmax"":40.001615994605345,""ymin"":-2.0043680108137556,""ymax"":2.0043680108137414,""zmin"":1612.0582210668042,""zmax"":1692.0799506387848}",neutral_ap242/AMSTEEL-BLUE-SHORT14-STRUCTURAL-TETHER-001__DEPLOYED__LOCAL_AP242.step,41724,9b7e001dceb502b4b238eb301319f7d00805c49a730f17542ce7e16558429e0b,native_brep/AMSTEEL-BLUE-SHORT14-STRUCTURAL-TETHER-001__DEPLOYED__LOCAL_OCCT.brep,15257,c6dec60e0bd0b261b0c339d0408931c6cc3be03752b348e2b913148906a5eb75,renders/AMSTEEL-BLUE-SHORT14-STRUCTURAL-TETHER-001__DEPLOYED__FOUR_VIEW.png,105943,afd94dd156636bcc1f57eb9fe3551b87f2463e4990188c541767e8d63de4483f,STRUCTURAL-RECOVERY-TETHER in Shortened_Aft_Body_External_Buoy_Assembly/Structural_Recovery_Tether_Assembly,NOT GENERATED - REGISTERED BY OCCURRENCE/BBOX; SYSTEM VIEWS PROVIDED,NOT PROVIDED - RELEASE DRAWING/ANALYSIS RELEVANCE NOT ESTABLISHED,DEVELOPMENTAL PART DEFINITION - NOT RELEASED FOR FABRICATION OR PROCUREMENT
DF8-R2-ACTUATOR-E-RING-004,4_MM_ACTUATOR_PIN_RETAINER_SS,STOWED,A,4 MM ACTUATOR PIN RETAINER,1.4310 stainless spring steel,ASTM A967 passivated; rope-contact and seal surfaces polished per drawing,MAKE,STINGRAY custom,DRAWING_DERIVED,4.345508650541629e-05,5.5356798096071715,1,8,"{""xmin"":-2.900349691795746,""xmax"":2.6841768018889614,""ymin"":-0.2258952288892142,""ymax"":0.2258952288892142,""zmin"":-2.9007229716565632,""zmax"":2.900895228889214}",neutral_ap242/DF8-R2-ACTUATOR-E-RING-004__STOWED__LOCAL_AP242.step,26852,525d2c6af20ddca571caf2bdf797af68aa876e1b4e15415a5465c10e816a77b0,native_brep/DF8-R2-ACTUATOR-E-RING-004__STOWED__LOCAL_OCCT.brep,7156,42825ff5d386ab806276f1a81d4b19f7dff418e3d651dc1f70b80bba948da8de,renders/DF8-R2-ACTUATOR-E-RING-004__STOWED__FOUR_VIEW.png,202745,139a283596e1dbc53e140a2848ff2e802f2b0f80f8bfe18efe57545a87cd18bf,GS19-CLIP-FIXED in Arm_Activation_Powertrain_Assembly | GS19-CLIP-MOVING in Arm_Activation_Powertrain_Assembly | HBD-CLIP-FIXED in Arm_Activation_Powertrain_Assembly | HBD-CLIP-MOVING in Arm_Activation_Powertrain_Assembly,NOT GENERATED - REGISTERED BY OCCURRENCE/BBOX; SYSTEM VIEWS PROVIDED,NOT PROVIDED - RELEASE DRAWING/ANALYSIS RELEVANCE NOT ESTABLISHED,DEVELOPMENTAL PART DEFINITION - NOT RELEASED FOR FABRICATION OR PROCUREMENT
DF8-R2-ACTUATOR-FIXED-YOKE-GS19-001,DOUBLE-SHEAR_GS19_ANCHOR_YOKE_WITH_CONFORMAL_LONGERON_TONGUE_TI,STOWED,B,DOUBLE-SHEAR GS19 ANCHOR YOKE WITH CONFORMAL LONGERON TONGUE,Ti-6Al-4V,ASTM B600 clean/passivate; drawing-controlled surface finish,MAKE,STINGRAY custom,DRAWING_DERIVED,0.0031335454005427285,707.346591544634,1,47,"{""xmin"":-6.500960022407005,""xmax"":9.502421629229865,""ymin"":-4.252026097548167,""ymax"":4.252026097548167,""zmin"":-6.501759119861777,""zmax"":9.002421629229865}",neutral_ap242/DF8-R2-ACTUATOR-FIXED-YOKE-GS19-001__STOWED__LOCAL_AP242.step,143374,79498203969a98dbddee1929f5906d139e149cc008732d2ad336b4df3c52de98,native_brep/DF8-R2-ACTUATOR-FIXED-YOKE-GS19-001__STOWED__LOCAL_OCCT.brep,31533,6a0b1e3d44390d720c04f0df387b3c2a95f6a4bc8126e997bbd0690800592d09,renders/DF8-R2-ACTUATOR-FIXED-YOKE-GS19-001__STOWED__FOUR_VIEW.png,306067,f7930c21b96614b4acc6a98027f84982799ab04d79daf2a1fa2a559937341c32,GS19-FIXED-YOKE in Arm_Activation_Powertrain_Assembly,NOT GENERATED - REGISTERED BY OCCURRENCE/BBOX; SYSTEM VIEWS PROVIDED,NOT PROVIDED - RELEASE DRAWING/ANALYSIS RELEVANCE NOT ESTABLISHED,DEVELOPMENTAL PART DEFINITION - NOT RELEASED FOR FABRICATION OR PROCUREMENT
DF8-R2-ACTUATOR-FIXED-YOKE-HBD-001,DOUBLE-SHEAR_HBD_ANCHOR_YOKE_WITH_CONFORMAL_LONGERON_TONGUE_TI,STOWED,B,DOUBLE-SHEAR HBD ANCHOR YOKE WITH CONFORMAL LONGERON TONGUE,Ti-6Al-4V,ASTM B600 clean/passivate; drawing-controlled surface finish,MAKE,STINGRAY custom,DRAWING_DERIVED,0.003098105400542728,699.346591544634,1,47,"{""xmin"":-6.500960022407005,""xmax"":8.502421629229865,""ymin"":-4.252026097548167,""ymax"":4.252026097548167,""zmin"":-6.501759119861777,""zmax"":9.002421629229865}",neutral_ap242/DF8-R2-ACTUATOR-FIXED-YOKE-HBD-001__STOWED__LOCAL_AP242.step,143369,affbf4c3786901ed473d02a111fbddd1202672e2b3d8e738aa21e5a809079c33,native_brep/DF8-R2-ACTUATOR-FIXED-YOKE-HBD-001__STOWED__LOCAL_OCCT.brep,31533,4024daeb5b604cfc4652785309f95cdc487659b60d36f23136b4761259d35bdd,renders/DF8-R2-ACTUATOR-FIXED-YOKE-HBD-001__STOWED__FOUR_VIEW.png,314670,c0a72c62ca5ac1ed0c28020501ab32dd9db4004c1aea1a43b0b834f6a197bfa2,HBD-FIXED-YOKE in Arm_Activation_Powertrain_Assembly,NOT GENERATED - REGISTERED BY OCCURRENCE/BBOX; SYSTEM VIEWS PROVIDED,NOT PROVIDED - RELEASE DRAWING/ANALYSIS RELEVANCE NOT ESTABLISHED,DEVELOPMENTAL PART DEFINITION - NOT RELEASED FOR FABRICATION OR PROCUREMENT
DF8-R2-ACTUATOR-PIN-004,4_MM_CAPTIVE_ACTUATOR_CLEVIS_PIN_SS,STOWED,B,4 MM CAPTIVE ACTUATOR CLEVIS PIN,17-4PH stainless steel,ASTM A967 passivated; critical bearing surfaces ground,MAKE,STINGRAY custom,DRAWING_DERIVED,0.001280137647106325,165.17905123952582,1,9,"{""xmin"":-3.000000100000001,""xmax"":3.0000001000000003,""ymin"":-1.0009325539975515,""ymax"":11.000621735998367,""zmin"":-3.0009325539975515,""zmax"":3.0009325539975515}",neutral_ap242/DF8-R2-ACTUATOR-PIN-004__STOWED__LOCAL_AP242.step,19509,f9bb608eeb08478990aecbe532ecae4525d00fb8a5b2e3d5fba7cd349de578fd,native_brep/DF8-R2-ACTUATOR-PIN-004__STOWED__LOCAL_OCCT.brep,3955,e620d79a1249e0a220930a585d5a5353caaab0b0244d95427b3ac483099efb45,renders/DF8-R2-ACTUATOR-PIN-004__STOWED__FOUR_VIEW.png,261833,ae289a9baffd6235b416f1a023e2e856c4629d80cf918c66c4bdbed14f6415ec,GS19-PIN-FIXED in Arm_Activation_Powertrain_Assembly | GS19-PIN-MOVING in Arm_Activation_Powertrain_Assembly | HBD-PIN-FIXED in Arm_Activation_Powertrain_Assembly | HBD-PIN-MOVING in Arm_Activation_Powertrain_Assembly,NOT GENERATED - REGISTERED BY OCCURRENCE/BBOX; SYSTEM VIEWS PROVIDED,NOT PROVIDED - RELEASE DRAWING/ANALYSIS RELEVANCE NOT ESTABLISHED,DEVELOPMENTAL PART DEFINITION - NOT RELEASED FOR FABRICATION OR PROCUREMENT
DF8-R2-ARM-STOP-PAD-001,REPLACEABLE_ARM_STOP_AND_AUTOMATIC-LOCK_STRIKE_SS,STOWED,B,REPLACEABLE ARM STOP AND AUTOMATIC-LOCK STRIKE,17-4PH stainless steel,ASTM A967 passivated; critical bearing surfaces ground,MAKE,STINGRAY custom,DRAWING_DERIVED,0.0011774163151587191,151.9246858269315,1,22,"{""xmin"":-5.00084449799566,""xmax"":5.00084449799566,""ymin"":-3.8008444979956595,""ymax"":3.800512949698654,""zmin"":-2.20084449799566,""zmax"":2.20084449799566}",neutral_ap242/DF8-R2-ARM-STOP-PAD-001__STOWED__LOCAL_AP242.step,75622,4795790be6fd2b73f9e86a735b80886239361fba81de0faae92838b6fec98b7e,native_brep/DF8-R2-ARM-STOP-PAD-001__STOWED__LOCAL_OCCT.brep,20133,4bcfca2b9d94624b7380f827985229517b6d73a96c4e523507589285d11717d6,renders/DF8-R2-ARM-STOP-PAD-001__STOWED__FOUR_VIEW.png,269528,2314f0e880d04d556524005611a19704596af3d6b68f440faa33fa6790ff0f86,ARM-STOP-PAD-1 in Arm_Activation_Powertrain_Assembly/Arm_Deployment_Assembly_01 | ARM-STOP-PAD-2 in Arm_Activation_Powertrain_Assembly/Arm_Deployment_Assembly_02 | ARM-STOP-PAD-3 in Arm_Activation_Powertrain_Assembly/Arm_Deployment_Assembly_03,NOT GENERATED - REGISTERED BY OCCURRENCE/BBOX; SYSTEM VIEWS PROVIDED,NOT PROVIDED - RELEASE DRAWING/ANALYSIS RELEVANCE NOT ESTABLISHED,DEVELOPMENTAL PART DEFINITION - NOT RELEASED FOR FABRICATION OR PROCUREMENT
DF8-R2-AUTO-LOCK-BUSHING-001,PRESS-FIT_LOCK_GUIDE_OUTER_RETAINER_BUSHING_PEEK,STOWED,A,PRESS-FIT LOCK GUIDE OUTER RETAINER BUSHING,PEEK,"Machined, edge-broken, cleaned; no mold release or particulate",MAKE,STINGRAY custom,DRAWING_DERIVED,3.094528181635134e-07,0.23443395315417684,1,8,"{""xmin"":-1.0001104781459895,""xmax"":0.774237346192695,""ymin"":-0.15037292828560994,""ymax"":0.15037292828560994,""zmin"":-1.0003083842650566,""zmax"":1.0003559309485155}",neutral_ap242/DF8-R2-AUTO-LOCK-BUSHING-001__STOWED__LOCAL_AP242.step,37470,c7fdafaa2396a0e0dd1d7078eaf857f654c5a64e543ee1084b5159c998da71bf,native_brep/DF8-R2-AUTO-LOCK-BUSHING-001__STOWED__LOCAL_OCCT.brep,13897,716069f883a55be7a38d33d50902968c5c66868f6a4ab5ff4813a8ea572c4dbc,renders/DF8-R2-AUTO-LOCK-BUSHING-001__STOWED__FOUR_VIEW.png,197309,13c48fdc30f656ed50b9ce7d9851a14a6bba598a2cc82cb982d1751fa62bc358,LOCK-BUSHING-1 in Arm_Activation_Powertrain_Assembly/Arm_Deployment_Assembly_01 | LOCK-BUSHING-2 in Arm_Activation_Powertrain_Assembly/Arm_Deployment_Assembly_02 | LOCK-BUSHING-3 in Arm_Activation_Powertrain_Assembly/Arm_Deployment_Assembly_03,NOT GENERATED - REGISTERED BY OCCURRENCE/BBOX; SYSTEM VIEWS PROVIDED,NOT PROVIDED - RELEASE DRAWING/ANALYSIS RELEVANCE NOT ESTABLISHED,DEVELOPMENTAL PART DEFINITION - NOT RELEASED FOR FABRICATION OR PROCUREMENT
DF8-R2-AUTO-LOCK-DOG-001,SPRING-DRIVEN_POSITIVE_DEPLOYED_LOCK_DOG_SS,STOWED,A,SPRING-DRIVEN POSITIVE DEPLOYED LOCK DOG,17-4PH stainless steel,ASTM A967 passivated; critical bearing surfaces ground,MAKE,STINGRAY custom,DRAWING_DERIVED,8.408963611185206e-06,1.0850275627335748,1,5,"{""xmin"":-0.7500001000000003,""xmax"":0.7500001000000001,""ymin"":-0.0003385213730965504,""ymax"":1.3502332134993877,""zmin"":-0.7502332134993879,""zmax"":0.7502332134993879}",neutral_ap242/DF8-R2-AUTO-LOCK-DOG-001__STOWED__LOCAL_AP242.step,11816,3d0f318cd83ed182f581313e7a213fc15ba290efb3c100631921f039286152c9,native_brep/DF8-R2-AUTO-LOCK-DOG-001__STOWED__LOCAL_OCCT.brep,2366,0d65eb38d14add7ccd28b7a919b28bf7edd27403e986ac5dcb7481a847983fb4,renders/DF8-R2-AUTO-LOCK-DOG-001__STOWED__FOUR_VIEW.png,311725,f7ca2333bdd27879a1431964b284c119824ae802d88e882652f714422b7729e2,LOCK-DOG-1 in Arm_Activation_Powertrain_Assembly/Arm_Deployment_Assembly_01 | LOCK-DOG-2 in Arm_Activation_Powertrain_Assembly/Arm_Deployment_Assembly_02 | LOCK-DOG-3 in Arm_Activation_Powertrain_Assembly/Arm_Deployment_Assembly_03,NOT GENERATED - REGISTERED BY OCCURRENCE/BBOX; SYSTEM VIEWS PROVIDED,NOT PROVIDED - RELEASE DRAWING/ANALYSIS RELEVANCE NOT ESTABLISHED,DEVELOPMENTAL PART DEFINITION - NOT RELEASED FOR FABRICATION OR PROCUREMENT
DF8-R2-AUTO-LOCK-SPRING-001,CAPTIVE_LONG-STROKE_AUTOMATIC-LOCK_COMPRESSION_SPRING_SS,STOWED,B,CAPTIVE LONG-STROKE AUTOMATIC-LOCK COMPRESSION SPRING,1.4310 stainless spring steel,ASTM A967 passivated; rope-contact and seal surfaces polished per drawing,MAKE,STINGRAY custom,DRAWING_DERIVED,2.8560892651638403e-06,0.3638330274094065,1,3,"{""xmin"":-0.8071312965832854,""xmax"":0.8071374449844297,""ymin"":-0.807122488331613,""ymax"":0.807135764563609,""zmin"":-0.006614247647617517,""zmax"":1.6545680010707218}",neutral_ap242/DF8-R2-AUTO-LOCK-SPRING-001__STOWED__LOCAL_AP242.step,44939,328d844fbd05debd6149c17ac29a1c1c6f6181882287c3d906ac1b6a3f73978a,native_brep/DF8-R2-AUTO-LOCK-SPRING-001__STOWED__LOCAL_OCCT.brep,26797,5605018fa4b75c930e5e9efc54c9aacad70cc983dcb0477ff87b9a4af037c46d,renders/DF8-R2-AUTO-LOCK-SPRING-001__STOWED__FOUR_VIEW.png,397294,185543da02f538ee10aa06c94a9eafe52a584bd68ad42f94ef2dd07004f7591d,LOCK-SPRING-1 in Arm_Activation_Powertrain_Assembly/Arm_Deployment_Assembly_01 | LOCK-SPRING-2 in Arm_Activation_Powertrain_Assembly/Arm_Deployment_Assembly_02 | LOCK-SPRING-3 in Arm_Activation_Powertrain_Assembly/Arm_Deployment_Assembly_03,NOT GENERATED - REGISTERED BY OCCURRENCE/BBOX; SYSTEM VIEWS PROVIDED,NOT PROVIDED - RELEASE DRAWING/ANALYSIS RELEVANCE NOT ESTABLISHED,DEVELOPMENTAL PART DEFINITION - NOT RELEASED FOR FABRICATION OR PROCUREMENT
DF8-R2-AUTO-LOCK-SPRING-001,CAPTIVE_LONG-STROKE_AUTOMATIC-LOCK_COMPRESSION_SPRING_SS,DEPLOYED,B,CAPTIVE LONG-STROKE AUTOMATIC-LOCK COMPRESSION SPRING,1.4310 stainless spring steel,ASTM A967 passivated; rope-contact and seal surfaces polished per drawing,MAKE,STINGRAY custom,DRAWING_DERIVED,2.8560892651638403e-06,0.3638329213222979,1,3,"{""xmin"":-0.8069664027228483,""xmax"":0.8069695929821062,""ymin"":-0.8069740677881146,""ymax"":0.8069709841080236,""zmin"":-0.0064463956452933315,""zmax"":4.950372423813511}",neutral_ap242/DF8-R2-AUTO-LOCK-SPRING-001__DEPLOYED__LOCAL_AP242.step,45352,672e3fd0116b350fe304093f03cf8c3bd04839dd51da412fa21ddc85b740219b,native_brep/DF8-R2-AUTO-LOCK-SPRING-001__DEPLOYED__LOCAL_OCCT.brep,26556,3ea61b0a9f5e769d6120dc4441b0211e4f8097a9db0c426c168f42f77c1e0f45,renders/DF8-R2-AUTO-LOCK-SPRING-001__DEPLOYED__FOUR_VIEW.png,186132,8d8c6c693890a80f24be2dd649141e774fab4efcec4387eacb89184f829b8cb0,LOCK-SPRING-1 in Arm_Activation_Powertrain_Assembly/Arm_Deployment_Assembly_01 | LOCK-SPRING-2 in Arm_Activation_Powertrain_Assembly/Arm_Deployment_Assembly_02 | LOCK-SPRING-3 in Arm_Activation_Powertrain_Assembly/Arm_Deployment_Assembly_03,NOT GENERATED - REGISTERED BY OCCURRENCE/BBOX; SYSTEM VIEWS PROVIDED,NOT PROVIDED - RELEASE DRAWING/ANALYSIS RELEVANCE NOT ESTABLISHED,DEVELOPMENTAL PART DEFINITION - NOT RELEASED FOR FABRICATION OR PROCUREMENT
DF8-R2-BACKUP-SPRING-16N-001,CONTROLLED_16_N_MM_GUIDED_BACKUP_COMPRESSION_SPRING_SS,STOWED,B,CONTROLLED 16 N/MM GUIDED BACKUP COMPRESSION SPRING,1.4310 stainless spring steel,ASTM A967 passivated; rope-contact and seal surfaces polished per drawing,MAKE,STINGRAY controlled spring specification,DRAWING_DERIVED,0.092,6907.1433139746205,1,3,"{""xmin"":-7.9841913082431475,""xmax"":7.9841974851674635,""ymin"":-7.984183633915029,""ymax"":7.984197041173656,""zmin"":-0.08409069568623262,""zmax"":145.08419063685164}",neutral_ap242/DF8-R2-BACKUP-SPRING-16N-001__STOWED__LOCAL_AP242.step,282472,eb26c14e8ecab61058fef914e865f098d89ba2195d835cd94b49095f3089ac65,native_brep/DF8-R2-BACKUP-SPRING-16N-001__STOWED__LOCAL_OCCT.brep,179321,6590327d0d71cf70032b1f58b274ed4be40ebb306e4eeb05c55e18a1e6eeae1c,renders/DF8-R2-BACKUP-SPRING-16N-001__STOWED__FOUR_VIEW.png,168665,a0bd6eb2388c513ffec216eda09c0a129e8525c026681ef1c847b5f41bfee825,BACKUP-SPRING-001 in Arm_Activation_Powertrain_Assembly,NOT GENERATED - REGISTERED BY OCCURRENCE/BBOX; SYSTEM VIEWS PROVIDED,NOT PROVIDED - RELEASE DRAWING/ANALYSIS RELEVANCE NOT ESTABLISHED,DEVELOPMENTAL PART DEFINITION - NOT RELEASED FOR FABRICATION OR PROCUREMENT
DF8-R2-BACKUP-SPRING-16N-001,CONTROLLED_16_N_MM_GUIDED_BACKUP_COMPRESSION_SPRING_SS,DEPLOYED,B,CONTROLLED 16 N/MM GUIDED BACKUP COMPRESSION SPRING,1.4310 stainless spring steel,ASTM A967 passivated; rope-contact and seal surfaces polished per drawing,MAKE,STINGRAY controlled spring specification,DRAWING_DERIVED,0.092,6907.1429660238755,1,3,"{""xmin"":-7.982060225728308,""xmax"":7.982055408519731,""ymin"":-7.982054892377548,""ymax"":7.982055008684343,""zmin"":-0.08194861903849542,""zmax"":160.1370829298101}",neutral_ap242/DF8-R2-BACKUP-SPRING-16N-001__DEPLOYED__LOCAL_AP242.step,282446,1f0be21dc8e79222dc2559d1f6d8848b9f780600d125b543cdbcb2318a69c13c,native_brep/DF8-R2-BACKUP-SPRING-16N-001__DEPLOYED__LOCAL_OCCT.brep,179355,056fc319ebd0ac884517ba80058afbf10cf3fe8f10a32979260b7b5246b8d57d,renders/DF8-R2-BACKUP-SPRING-16N-001__DEPLOYED__FOUR_VIEW.png,154917,05c02bd596f3e52a0d152794f2487cae75d13695dcbb6ec7351be9c8274dad61,BACKUP-SPRING-001 in Arm_Activation_Powertrain_Assembly,NOT GENERATED - REGISTERED BY OCCURRENCE/BBOX; SYSTEM VIEWS PROVIDED,NOT PROVIDED - RELEASE DRAWING/ANALYSIS RELEVANCE NOT ESTABLISHED,DEVELOPMENTAL PART DEFINITION - NOT RELEASED FOR FABRICATION OR PROCUREMENT
DF8-R2-BACKUP-SPRING-FIXED-SEAT-001,BACKUP_SPRING_AFT_FIXED_SEAT_WITH_LONGERON_MOUNTING_TONGUE_TI,STOWED,B,BACKUP SPRING AFT FIXED SEAT WITH LONGERON MOUNTING TONGUE,Ti-6Al-4V,ASTM B600 clean/passivate; drawing-controlled surface finish,MAKE,STINGRAY custom,DRAWING_DERIVED,0.0042064835579726225,949.5448212127816,1,9,"{""xmin"":-8.503240199251524,""xmax"":11.200697821276835,""ymin"":-8.500598246258464,""ymax"":8.50059824625846,""zmin"":-2.5032401992515227,""zmax"":2.5032401992515227}",neutral_ap242/DF8-R2-BACKUP-SPRING-FIXED-SEAT-001__STOWED__LOCAL_AP242.step,78515,9a971d38501cdc9bd88e4e56125cf0f807b5de1d3fc64860106106044ad8076f,native_brep/DF8-R2-BACKUP-SPRING-FIXED-SEAT-001__STOWED__LOCAL_OCCT.brep,35933,bb413cfe61d548a8cdfe6f6319648140cf4e92e85ff81496729ae6d63d662fbf,renders/DF8-R2-BACKUP-SPRING-FIXED-SEAT-001__STOWED__FOUR_VIEW.png,300748,afd6b02218af997389ffe60f56e1a48b156e026d2ae746a6df43fb23295daf11,BACKUP-SPRING-FIXED-SEAT in Arm_Activation_Powertrain_Assembly,NOT GENERATED - REGISTERED BY OCCURRENCE/BBOX; SYSTEM VIEWS PROVIDED,NOT PROVIDED - RELEASE DRAWING/ANALYSIS RELEVANCE NOT ESTABLISHED,DEVELOPMENTAL PART DEFINITION - NOT RELEASED FOR FABRICATION OR PROCUREMENT
DF8-R2-BACKUP-SPRING-GUIDE-001,BACKUP_SPRING_DLC_GUIDE_SHAFT_WITH_TWO_FIXED_SUPPORT_SHOULDERS_SS,STOWED,B,BACKUP SPRING DLC GUIDE SHAFT WITH TWO FIXED SUPPORT SHOULDERS,17-4PH stainless steel,ASTM A967 passivated; critical bearing surfaces ground,MAKE,STINGRAY custom,DRAWING_DERIVED,0.029068956937486064,3750.833153224008,1,20,"{""xmin"":-3.3510413402972663,""xmax"":11.200769106135056,""ymin"":-3.3500001000000013,""ymax"":3.350000100000001,""zmin"":-1.7507691061350568,""zmax"":185.2774046291657}",neutral_ap242/DF8-R2-BACKUP-SPRING-GUIDE-001__STOWED__LOCAL_AP242.step,134065,06129ec260c4d0be6edd10a6bd588b36d88923777b8697b205740695aa8dcdc9,native_brep/DF8-R2-BACKUP-SPRING-GUIDE-001__STOWED__LOCAL_OCCT.brep,52103,4be34258ab17e29d4f80d45a9c54f61d7b3d129a9b3149e30a248eba45fcba0e,renders/DF8-R2-BACKUP-SPRING-GUIDE-001__STOWED__FOUR_VIEW.png,62341,2e97e6ec66dfafcdc2dd13a5904e7f67a0812319fd5264b53f9092cab6f8e79e,BACKUP-SPRING-GUIDE in Arm_Activation_Powertrain_Assembly,NOT GENERATED - REGISTERED BY OCCURRENCE/BBOX; SYSTEM VIEWS PROVIDED,NOT PROVIDED - RELEASE DRAWING/ANALYSIS RELEVANCE NOT ESTABLISHED,DEVELOPMENTAL PART DEFINITION - NOT RELEASED FOR FABRICATION OR PROCUREMENT
DF8-R2-BACKUP-SPRING-MOVING-SEAT-001,BACKUP_SPRING_CROSSHEAD_SEAT_WITH_PILOTED_PERMANENT_LAND_SS,STOWED,B,BACKUP SPRING CROSSHEAD SEAT WITH PILOTED PERMANENT LAND,17-4PH stainless steel,ASTM A967 passivated; critical bearing surfaces ground,MAKE,STINGRAY custom,DRAWING_DERIVED,0.0073882012531716265,953.3162907318227,1,4,"{""xmin"":-8.502642052993064,""xmax"":8.502642052993064,""ymin"":-8.500000100000005,""ymax"":8.500000100000001,""zmin"":-2.5026420529930644,""zmax"":2.5026420529930644}",neutral_ap242/DF8-R2-BACKUP-SPRING-MOVING-SEAT-001__STOWED__LOCAL_AP242.step,11657,9b06c1aee02d0e3abd8277aef68afc14bdca681d66b70a0b7e0d60342a31f816,native_brep/DF8-R2-BACKUP-SPRING-MOVING-SEAT-001__STOWED__LOCAL_OCCT.brep,2137,f202db1cae310446d12e68864b78a5875556c26cee84f5f5f1dd2119307d3247,renders/DF8-R2-BACKUP-SPRING-MOVING-SEAT-001__STOWED__FOUR_VIEW.png,302503,d4ec332cc8f1b9377a914b00aa136862ed2c36e44e19cb9863d133a3f0667814,BACKUP-SPRING-MOVING-SEAT in Arm_Activation_Powertrain_Assembly,NOT GENERATED - REGISTERED BY OCCURRENCE/BBOX; SYSTEM VIEWS PROVIDED,NOT PROVIDED - RELEASE DRAWING/ANALYSIS RELEVANCE NOT ESTABLISHED,DEVELOPMENTAL PART DEFINITION - NOT RELEASED FOR FABRICATION OR PROCUREMENT
DF8-R2-BALLAST-001,Forward_Ballast_W,STOWED,A,"FORWARD TUNGSTEN BALLAST, SPINE SOCKET AND TAPERED REAMED HALF BORE",Tungsten heavy alloy,Ground rope/penetration-safe edges; corrosion-inhibiting clean,MAKE,STINGRAY custom,DRAWING_DERIVED,4.884227629259874,287307.507603522,1,14,"{""xmin"":-24.807708386379762,""xmax"":24.807708386379762,""ymin"":-24.80000010000001,""ymax"":24.800000100000005,""zmin"":-0.007708386379761667,""zmax"":166.00770838637976}",neutral_ap242/DF8-R2-BALLAST-001__STOWED__LOCAL_AP242.step,73891,4431d7956b12dfff4673ab64fdf8ce6ba970d0290e240c6fc7acce42522a7c10,native_brep/DF8-R2-BALLAST-001__STOWED__LOCAL_OCCT.brep,38863,3a9fe539608b08eb8746b3e4d5c06af20f88ca9d047350893f2ac27b1e1ea480,renders/DF8-R2-BALLAST-001__STOWED__FOUR_VIEW.png,196694,dd1b8ac5dcc7d847987247d5d8e867c96b8793c22baa92f75bf6ed0d2e7aa5ac,BALLAST-001 in Forward_Body_Assembly,NOT GENERATED - REGISTERED BY OCCURRENCE/BBOX; SYSTEM VIEWS PROVIDED,NOT PROVIDED - RELEASE DRAWING/ANALYSIS RELEVANCE NOT ESTABLISHED,DEVELOPMENTAL PART DEFINITION - NOT RELEASED FOR FABRICATION OR PROCUREMENT
DF8-R2-CROSSHEAD-GUIDE-001,CENTRAL_DLC_CROSSHEAD_GUIDE_SHAFT_WITH_SPIDER_SHOULDER_SS,STOWED,C,CENTRAL DLC CROSSHEAD GUIDE SHAFT WITH SPIDER SHOULDER,17-4PH stainless steel,ASTM A967 passivated; critical bearing surfaces ground,MAKE,STINGRAY custom,DRAWING_DERIVED,0.01153710148317413,1488.658255893436,1,9,"{""xmin"":-4.451383240096369,""xmax"":4.451383240096369,""ymin"":-4.450000100000002,""ymax"":4.450000100000001,""zmin"":-0.002181703260791506,""zmax"":47.000994717597386}",neutral_ap242/DF8-R2-CROSSHEAD-GUIDE-001__STOWED__LOCAL_AP242.step,19688,1b2fe33011df446367c6ee31c903393e5eb3c7102ab268afe8f3bb5e5ee630d0,native_brep/DF8-R2-CROSSHEAD-GUIDE-001__STOWED__LOCAL_OCCT.brep,5480,7580dba76f73f73e255e4737d51c27eeb430ec7cd3b21ed2fe7591c82f1d4a0b,renders/DF8-R2-CROSSHEAD-GUIDE-001__STOWED__FOUR_VIEW.png,126858,dbcf63549c57873954745f4073e1d67213f86b24011eb7ea5feb30707f46d460,CROSSHEAD-GUIDE-001 in Arm_Activation_Powertrain_Assembly,NOT GENERATED - REGISTERED BY OCCURRENCE/BBOX; SYSTEM VIEWS PROVIDED,NOT PROVIDED - RELEASE DRAWING/ANALYSIS RELEVANCE NOT ESTABLISHED,DEVELOPMENTAL PART DEFINITION - NOT RELEASED FOR FABRICATION OR PROCUREMENT
DF8-R2-CROSSHEAD-GUIDE-SPIDER-001,THREE-SPOKE_CROSSHEAD-GUIDE_FORWARD_MOUNT_TI,STOWED,A,THREE-SPOKE CROSSHEAD-GUIDE FORWARD MOUNT,Ti-6Al-4V,ASTM B600 clean/passivate; drawing-controlled surface finish,MAKE,STINGRAY custom,DRAWING_DERIVED,0.0012339130177071314,278.53566991131635,1,28,"{""xmin"":-19.5000001,""xmax"":10.60604798520353,""ymin"":-17.368126509867473,""ymax"":17.36812650986747,""zmin"":-2.002851534344421,""zmax"":0.0028515343444208193}",neutral_ap242/DF8-R2-CROSSHEAD-GUIDE-SPIDER-001__STOWED__LOCAL_AP242.step,89021,5fc38985122b7bd34207c1c44ac7fad0640cb164f94ff7cb554c45ee52f63d35,native_brep/DF8-R2-CROSSHEAD-GUIDE-SPIDER-001__STOWED__LOCAL_OCCT.brep,31732,2364d5fd387b7ebd183384910b42c8f75dfb858e93c0d4464f96469ed7cb5248,renders/DF8-R2-CROSSHEAD-GUIDE-SPIDER-001__STOWED__FOUR_VIEW.png,115734,f4932024c56721ae2dfcf9beb2b014d1d952d3ebec4b6a9e1d117b192f576ec8,CROSSHEAD-GUIDE-SPIDER in Arm_Activation_Powertrain_Assembly,NOT GENERATED - REGISTERED BY OCCURRENCE/BBOX; SYSTEM VIEWS PROVIDED,NOT PROVIDED - RELEASE DRAWING/ANALYSIS RELEVANCE NOT ESTABLISHED,DEVELOPMENTAL PART DEFINITION - NOT RELEASED FOR FABRICATION OR PROCUREMENT
DF8-R2-FIXED-STOP-001,80_DEGREE_SWEPT-CLEARANCE_FIXED_STOP_WITH_CONTROLLED_AUTOMATIC-LOCK_BUSHING_SEAT_SS,STOWED,E,80 DEGREE SWEPT-CLEARANCE FIXED STOP WITH CONTROLLED AUTOMATIC-LOCK BUSHING SEAT,17-4PH stainless steel,ASTM A967 passivated; critical bearing surfaces ground,MAKE,STINGRAY custom,DRAWING_DERIVED,0.0023936337070524028,308.85596220031005,1,262,"{""xmin"":-2.7508875622775415,""xmax"":10.350000100000003,""ymin"":-10.500000109869651,""ymax"":10.500291782750486,""zmin"":-2.0000001000000016,""zmax"":5.200830502308596}",neutral_ap242/DF8-R2-FIXED-STOP-001__STOWED__LOCAL_AP242.step,2223843,c65a9c2e7d45365d52b75209444b63f2c1f930d66dc9636221a9420e1712a956,native_brep/DF8-R2-FIXED-STOP-001__STOWED__LOCAL_OCCT.brep,3019909,77767397a4f1fbcb6e298b15a3b8ac5886ee81cea3ced12d0b2fa68bc4467d5e,renders/DF8-R2-FIXED-STOP-001__STOWED__FOUR_VIEW.png,196708,31f17c21ec12ad8be16b60102ee65c5330b3b6f1f953a874caea9076447a164b,FIXED-STOP-1 in Arm_Activation_Powertrain_Assembly/Arm_Deployment_Assembly_01 | FIXED-STOP-2 in Arm_Activation_Powertrain_Assembly/Arm_Deployment_Assembly_02 | FIXED-STOP-3 in Arm_Activation_Powertrain_Assembly/Arm_Deployment_Assembly_03,NOT GENERATED - REGISTERED BY OCCURRENCE/BBOX; SYSTEM VIEWS PROVIDED,NOT PROVIDED - RELEASE DRAWING/ANALYSIS RELEVANCE NOT ESTABLISHED,DEVELOPMENTAL PART DEFINITION - NOT RELEASED FOR FABRICATION OR PROCUREMENT
DF8-R2-LINK-PIN-004,4_MM_FULL-SPAN_LINK_PIN_WITH_DC-4SS_RETAINER_GROOVE_SS,STOWED,B,4 MM FULL-SPAN LINK PIN WITH DC-4SS RETAINER GROOVE,17-4PH stainless steel,ASTM A967 passivated; critical bearing surfaces ground,MAKE,STINGRAY custom,DRAWING_DERIVED,0.001443346409243244,186.23824635396696,1,11,"{""xmin"":-3.000000100000001,""xmax"":3.0000001000000003,""ymin"":-1.0009325539975515,""ymax"":12.800621735998368,""zmin"":-3.0009325539975515,""zmax"":3.0009325539975515}",neutral_ap242/DF8-R2-LINK-PIN-004__STOWED__LOCAL_AP242.step,23520,bb73eab91579f59e92894028d29da678ba8db75a78db4cd6bc00d674ec66ffb5,native_brep/DF8-R2-LINK-PIN-004__STOWED__LOCAL_OCCT.brep,5080,93e24f052c6abc0a2c19390b34969deb9a03691a644bbf63d0b4e12fa4ab8b13,renders/DF8-R2-LINK-PIN-004__STOWED__FOUR_VIEW.png,248222,71d3bf23c59754280a6a79cd400a91d8bc741a3f41a825a04b1bc3b534385314,LINK-PIN-1-BELL in Arm_Activation_Powertrain_Assembly/Arm_Deployment_Assembly_01 | LINK-PIN-1-CROSSHEAD in Arm_Activation_Powertrain_Assembly/Arm_Deployment_Assembly_01 | LINK-PIN-2-BELL in Arm_Activation_Powertrain_Assembly/Arm_Deployment_Assembly_02 | LINK-PIN-2-CROSSHEAD in Arm_Activation_Powertrain_Assembly/Arm_Deployment_Assembly_02 | LINK-PIN-3-BELL in Arm_Activation_Powertrain_Assembly/Arm_Deployment_Assembly_03 | LINK-PIN-3-CROSSHEAD in Arm_Activation_Powertrain_Assembly/Arm_Deployment_Assembly_03,NOT GENERATED - REGISTERED BY OCCURRENCE/BBOX; SYSTEM VIEWS PROVIDED,NOT PROVIDED - RELEASE DRAWING/ANALYSIS RELEVANCE NOT ESTABLISHED,DEVELOPMENTAL PART DEFINITION - NOT RELEASED FOR FABRICATION OR PROCUREMENT
DF8-R2-NOSE-001,Penetrator_Nose_W,STOWED,A,TUNGSTEN PENETRATOR NOSE WITH OCCURRENCE-MATCHED TAPERED REAMED HALF BORE,Tungsten heavy alloy,Ground rope/penetration-safe edges; corrosion-inhibiting clean,MAKE,STINGRAY custom,DRAWING_DERIVED,2.2173158326782247,130430.3430987191,1,8,"{""xmin"":-26.344428495576036,""xmax"":26.344428495576036,""ymin"":-26.33625398219751,""ymax"":26.336253982197505,""zmin"":-0.04442849557604048,""zmax"":170.04442849557603}",neutral_ap242/DF8-R2-NOSE-001__STOWED__LOCAL_AP242.step,25552,38bde3806d8aa773e616912c0bd9c79de9c78add527c8a516982cb4cd7daa11a,native_brep/DF8-R2-NOSE-001__STOWED__LOCAL_OCCT.brep,6839,83c98fda4e0785bd22ba42be301d0edfbb24661d894834bf1b85d8f1922d31f1,renders/DF8-R2-NOSE-001__STOWED__FOUR_VIEW.png,232427,1dc0d739207e0daf1daa80e6c6d55c4fe61e01212395df76fc9ba7a7b7d46c43,NOSE-001 in Forward_Body_Assembly,NOT GENERATED - REGISTERED BY OCCURRENCE/BBOX; SYSTEM VIEWS PROVIDED,NOT PROVIDED - RELEASE DRAWING/ANALYSIS RELEVANCE NOT ESTABLISHED,DEVELOPMENTAL PART DEFINITION - NOT RELEASED FOR FABRICATION OR PROCUREMENT
DF8-R2-PIVOT-BUSH-008,8_MM_PEEK-LINED_PIVOT_BUSHING_PEEK,STOWED,A,8 MM PEEK-LINED PIVOT BUSHING,PEEK,"Machined, edge-broken, cleaned; no mold release or particulate",MAKE,STINGRAY custom,DRAWING_DERIVED,8.808849871477256e-06,6.673371114755497,1,4,"{""xmin"":-4.1500001000000015,""xmax"":4.150000100000001,""ymin"":-1.0012899946966132,""ymax"":1.0012899946966132,""zmin"":-4.151289994696613,""zmax"":4.151289994696613}",neutral_ap242/DF8-R2-PIVOT-BUSH-008__STOWED__LOCAL_AP242.step,11544,38ee8ac5cdad7617153d83508aa3ada918f973d5bb386db63048387a5e7dd5dd,native_brep/DF8-R2-PIVOT-BUSH-008__STOWED__LOCAL_OCCT.brep,2201,08a6fcc48e515c80609be1a48b6078c63fd3aceb365db8aeea34a076b8f3d636,renders/DF8-R2-PIVOT-BUSH-008__STOWED__FOUR_VIEW.png,198076,cd457b2ca9e8b15c34cd3a517e7a0237e7eb67ed151710b205fbaf91b98af7b0,PIVOT-BUSH-1-1 in Arm_Activation_Powertrain_Assembly/Arm_Deployment_Assembly_01 | PIVOT-BUSH-1-2 in Arm_Activation_Powertrain_Assembly/Arm_Deployment_Assembly_01 | PIVOT-BUSH-2-1 in Arm_Activation_Powertrain_Assembly/Arm_Deployment_Assembly_02 | PIVOT-BUSH-2-2 in Arm_Activation_Powertrain_Assembly/Arm_Deployment_Assembly_02 | PIVOT-BUSH-3-1 in Arm_Activation_Powertrain_Assembly/Arm_Deployment_Assembly_03 | PIVOT-BUSH-3-2 in Arm_Activation_Powertrain_Assembly/Arm_Deployment_Assembly_03,NOT GENERATED - REGISTERED BY OCCURRENCE/BBOX; SYSTEM VIEWS PROVIDED,NOT PROVIDED - RELEASE DRAWING/ANALYSIS RELEVANCE NOT ESTABLISHED,DEVELOPMENTAL PART DEFINITION - NOT RELEASED FOR FABRICATION OR PROCUREMENT
DF8-R2-PIVOT-PIN-008,8_MM_CAPTIVE_SHOULDER_PIVOT_PIN_WITH_EXTERNAL_GROOVE_SS,STOWED,B,8 MM CAPTIVE SHOULDER PIVOT PIN WITH EXTERNAL GROOVE,17-4PH stainless steel,ASTM A967 passivated; critical bearing surfaces ground,MAKE,STINGRAY custom,DRAWING_DERIVED,0.008671747528307096,1118.935164942851,1,9,"{""xmin"":-4.400000100000002,""xmax"":4.4000001000000015,""ymin"":-1.5013676991964093,""ymax"":20.501243371996736,""zmin"":-4.40136769919641,""zmax"":4.40136769919641}",neutral_ap242/DF8-R2-PIVOT-PIN-008__STOWED__LOCAL_AP242.step,19619,6f089b47c7086f1e8d0a790ef9f1cddba86bf09f4096a12c05edadcb53b97a5f,native_brep/DF8-R2-PIVOT-PIN-008__STOWED__LOCAL_OCCT.brep,4113,8462a114ce9a6bdb2737bd47a7cc28d5de7b754acaa986c23e2cf52a553343e5,renders/DF8-R2-PIVOT-PIN-008__STOWED__FOUR_VIEW.png,261353,d7b021d2fdd16353e9c036124a24da201a7fbe55bf82f76836d32b5340a5edeb,PIVOT-PIN-1 in Arm_Activation_Powertrain_Assembly/Arm_Deployment_Assembly_01 | PIVOT-PIN-2 in Arm_Activation_Powertrain_Assembly/Arm_Deployment_Assembly_02 | PIVOT-PIN-3 in Arm_Activation_Powertrain_Assembly/Arm_Deployment_Assembly_03,NOT GENERATED - REGISTERED BY OCCURRENCE/BBOX; SYSTEM VIEWS PROVIDED,NOT PROVIDED - RELEASE DRAWING/ANALYSIS RELEVANCE NOT ESTABLISHED,DEVELOPMENTAL PART DEFINITION - NOT RELEASED FOR FABRICATION OR PROCUREMENT
DF8-R2-PIVOT-SPIRAL-RING-008,8_MM_EXTERNAL_SPIRAL_PIVOT_RETAINER_SS,STOWED,A,8 MM EXTERNAL SPIRAL PIVOT RETAINER,1.4310 stainless spring steel,ASTM A967 passivated; rope-contact and seal surfaces polished per drawing,MAKE,STINGRAY custom,DRAWING_DERIVED,9.513648371968046e-05,12.11929728913127,1,8,"{""xmin"":-4.900345795510419,""xmax"":4.379884796758172,""ymin"":-0.2765289409602441,""ymax"":0.2765289409602441,""zmin"":-4.901440436818841,""zmax"":4.901528940960245}",neutral_ap242/DF8-R2-PIVOT-SPIRAL-RING-008__STOWED__LOCAL_AP242.step,26937,2a84463a46f2e6fcab1b09179a59a616ae7ecf1f69ca0f667aff1a7da3f0b07b,native_brep/DF8-R2-PIVOT-SPIRAL-RING-008__STOWED__LOCAL_OCCT.brep,7154,17c1d2bfd67bc680169758b2635d04ff0957fb87e5cbcf5005df81dba8cb6957,renders/DF8-R2-PIVOT-SPIRAL-RING-008__STOWED__FOUR_VIEW.png,165797,2f7824c9be747c1707ede88b8ff8e73315973bfd29e8298a0bb920192d431c1c,PIVOT-CLIP-1 in Arm_Activation_Powertrain_Assembly/Arm_Deployment_Assembly_01 | PIVOT-CLIP-2 in Arm_Activation_Powertrain_Assembly/Arm_Deployment_Assembly_02 | PIVOT-CLIP-3 in Arm_Activation_Powertrain_Assembly/Arm_Deployment_Assembly_03,NOT GENERATED - REGISTERED BY OCCURRENCE/BBOX; SYSTEM VIEWS PROVIDED,NOT PROVIDED - RELEASE DRAWING/ANALYSIS RELEVANCE NOT ESTABLISHED,DEVELOPMENTAL PART DEFINITION - NOT RELEASED FOR FABRICATION OR PROCUREMENT
DF8-R2-PIVOT-WASHER-008,8_MM_PEEK_THRUST_WASHER_PEEK,STOWED,A,8 MM PEEK THRUST WASHER,PEEK,"Machined, edge-broken, cleaned; no mold release or particulate",MAKE,STINGRAY custom,DRAWING_DERIVED,1.4016322438141084e-05,10.61842608950082,1,4,"{""xmin"":-6.000000100000003,""xmax"":6.000000100000001,""ymin"":-0.09186500799510329,""ymax"":0.09186500799510329,""zmin"":-6.001865007995104,""zmax"":6.001865007995104}",neutral_ap242/DF8-R2-PIVOT-WASHER-008__STOWED__LOCAL_AP242.step,11542,81d91aeba43881af4b3336948e4b7db1b23089a96840888fdc3a4d943b5831ed,native_brep/DF8-R2-PIVOT-WASHER-008__STOWED__LOCAL_OCCT.brep,2298,f2b37be11d4e34c71689876371ad2575081dcdc83626f1d1a5c2236836c6dd3d,renders/DF8-R2-PIVOT-WASHER-008__STOWED__FOUR_VIEW.png,182177,65ad16b79d48c2f39a307628d1da833da9ec5dcbf067ec56bb6fa5e7e876695d,PIVOT-WASHER-1-1 in Arm_Activation_Powertrain_Assembly/Arm_Deployment_Assembly_01 | PIVOT-WASHER-1-2 in Arm_Activation_Powertrain_Assembly/Arm_Deployment_Assembly_01 | PIVOT-WASHER-2-1 in Arm_Activation_Powertrain_Assembly/Arm_Deployment_Assembly_02 | PIVOT-WASHER-2-2 in Arm_Activation_Powertrain_Assembly/Arm_Deployment_Assembly_02 | PIVOT-WASHER-3-1 in Arm_Activation_Powertrain_Assembly/Arm_Deployment_Assembly_03 | PIVOT-WASHER-3-2 in Arm_Activation_Powertrain_Assembly/Arm_Deployment_Assembly_03,NOT GENERATED - REGISTERED BY OCCURRENCE/BBOX; SYSTEM VIEWS PROVIDED,NOT PROVIDED - RELEASE DRAWING/ANALYSIS RELEVANCE NOT ESTABLISHED,DEVELOPMENTAL PART DEFINITION - NOT RELEASED FOR FABRICATION OR PROCUREMENT
DF8-R2-RECOVERY-PIN-006,6_MM_CAPTIVE_RECOVERY_TERMINAL_PIN_WITH_RETAINER_GROOVE_SS,STOWED,B,6 MM CAPTIVE RECOVERY TERMINAL PIN WITH RETAINER GROOVE,17-4PH stainless steel,ASTM A967 passivated; critical bearing surfaces ground,MAKE,STINGRAY custom,DRAWING_DERIVED,0.003134187821530512,404.4113318103886,1,9,"{""xmin"":-4.500000100000001,""xmax"":4.5000001,""ymin"":-1.5013987809963276,""ymax"":11.000932553997552,""zmin"":-4.501398780996327,""zmax"":4.501398780996327}",neutral_ap242/DF8-R2-RECOVERY-PIN-006__STOWED__LOCAL_AP242.step,19632,5ac8c461788c5a012b39e4b3d642529e96d39e6dea6c74569b93ddd135382d51,native_brep/DF8-R2-RECOVERY-PIN-006__STOWED__LOCAL_OCCT.brep,3986,f7924e87ca0e610c2b1169a6994a2e5cbe6db632238b1b788b5f0564814e1841,renders/DF8-R2-RECOVERY-PIN-006__STOWED__FOUR_VIEW.png,296889,7348a06f6922d4418b1bd8cfdc1bfc2a387ae3b7d7c1ae87d4bb5efbbe1741fe,RECOVERY-PIN-BODY-SHORT14 in Shortened_Aft_Body_External_Buoy_Assembly/Structural_Recovery_Tether_Assembly,NOT GENERATED - REGISTERED BY OCCURRENCE/BBOX; SYSTEM VIEWS PROVIDED,NOT PROVIDED - RELEASE DRAWING/ANALYSIS RELEVANCE NOT ESTABLISHED,DEVELOPMENTAL PART DEFINITION - NOT RELEASED FOR FABRICATION OR PROCUREMENT
DF8-R2-SHORT-LINK-001,19.950_MM_CENTER-DISTANCE_REAMED_SHORT_LINK_SS,STOWED,A,19.950 MM CENTER-DISTANCE REAMED SHORT LINK,17-4PH stainless steel,ASTM A967 passivated; critical bearing surfaces ground,MAKE,STINGRAY custom,DRAWING_DERIVED,0.0008587191047231816,110.80246512557181,1,38,"{""xmin"":-3.2004432319220606,""xmax"":23.150443231922058,""ymin"":-0.7509866264196146,""ymax"":0.7509866264196146,""zmin"":-3.200724276077182,""zmax"":3.2009866264196147}",neutral_ap242/DF8-R2-SHORT-LINK-001__STOWED__LOCAL_AP242.step,116991,5371c5715ab32a739afe2adb14366a63bf84398ea84abb52850b3187b602ddad,native_brep/DF8-R2-SHORT-LINK-001__STOWED__LOCAL_OCCT.brep,33396,516a0f476d4976d193d2937027bff27c3bc184a4195fbe79671553fd63d7dcda,renders/DF8-R2-SHORT-LINK-001__STOWED__FOUR_VIEW.png,142152,733199bb7c41de7ca542857f605fb1cefb87b69218f1513329d53fbd5d25ae85,LINK-1-1 in Arm_Activation_Powertrain_Assembly/Arm_Deployment_Assembly_01 | LINK-1-2 in Arm_Activation_Powertrain_Assembly/Arm_Deployment_Assembly_01 | LINK-2-1 in Arm_Activation_Powertrain_Assembly/Arm_Deployment_Assembly_02 | LINK-2-2 in Arm_Activation_Powertrain_Assembly/Arm_Deployment_Assembly_02 | LINK-3-1 in Arm_Activation_Powertrain_Assembly/Arm_Deployment_Assembly_03 | LINK-3-2 in Arm_Activation_Powertrain_Assembly/Arm_Deployment_Assembly_03,NOT GENERATED - REGISTERED BY OCCURRENCE/BBOX; SYSTEM VIEWS PROVIDED,NOT PROVIDED - RELEASE DRAWING/ANALYSIS RELEVANCE NOT ESTABLISHED,DEVELOPMENTAL PART DEFINITION - NOT RELEASED FOR FABRICATION OR PROCUREMENT
DF8-R2-STOW-DOG-001,CAPTIVE_RADIAL_STOWED-RETENTION_DOG_WITH_TRANSPORT-INHIBIT_BORE_SS,STOWED,B,CAPTIVE RADIAL STOWED-RETENTION DOG WITH TRANSPORT-INHIBIT BORE,17-4PH stainless steel,ASTM A967 passivated; critical bearing surfaces ground,MAKE,STINGRAY custom,DRAWING_DERIVED,0.0007049382892415685,90.95977925697657,1,7,"{""xmin"":-2.0000001000000007,""xmax"":2.0000001000000007,""ymin"":-2.200234407013925,""ymax"":2.200234407013925,""zmin"":-2.7500001000000007,""zmax"":2.7500001000000007}",neutral_ap242/DF8-R2-STOW-DOG-001__STOWED__LOCAL_AP242.step,21533,4c0eecef7fa0af7d2b827c4a2a9c33b8c8fc8e8a1a4cae0bd971a6e92ec753b2,native_brep/DF8-R2-STOW-DOG-001__STOWED__LOCAL_OCCT.brep,4290,215fe104e7d852e064e4a16af48f749c90cf4ee71ad9e674fd10e5fbe01f786d,renders/DF8-R2-STOW-DOG-001__STOWED__FOUR_VIEW.png,177802,6e024fa05abd7068d3aba8f105b3fec38ae4479739964f43c3bf9c468fc7ce53,STOW-DOG-1 in Arm_Activation_Powertrain_Assembly/Arm_Deployment_Assembly_01 | STOW-DOG-2 in Arm_Activation_Powertrain_Assembly/Arm_Deployment_Assembly_02 | STOW-DOG-3 in Arm_Activation_Powertrain_Assembly/Arm_Deployment_Assembly_03,NOT GENERATED - REGISTERED BY OCCURRENCE/BBOX; SYSTEM VIEWS PROVIDED,NOT PROVIDED - RELEASE DRAWING/ANALYSIS RELEVANCE NOT ESTABLISHED,DEVELOPMENTAL PART DEFINITION - NOT RELEASED FOR FABRICATION OR PROCUREMENT
DF8-R2-STOW-DOG-INHIBIT-KEEPER-001,CAPTIVE_CRESCENT_RETAINER_FOR_TRANSPORT-INHIBIT_PIN_SS,STOWED,A,CAPTIVE CRESCENT RETAINER FOR TRANSPORT-INHIBIT PIN,1.4310 stainless spring steel,ASTM A967 passivated; rope-contact and seal surfaces polished per drawing,MAKE,STINGRAY custom,DRAWING_DERIVED,3.948942128413097e-06,0.5030499526640888,1,10,"{""xmin"":-0.8000431659601526,""xmax"":0.7601836775213687,""ymin"":-0.17547565183290728,""ymax"":0.17547565183290723,""zmin"":-0.8002413100644605,""zmax"":0.8002494698428355}",neutral_ap242/DF8-R2-STOW-DOG-INHIBIT-KEEPER-001__STOWED__LOCAL_AP242.step,34409,107c7c3d7844949a5b9122892f011930888ca7183e920fb50cb087582f69d93a,native_brep/DF8-R2-STOW-DOG-INHIBIT-KEEPER-001__STOWED__LOCAL_OCCT.brep,8608,7ee9aaac02e09945aa51de20dfd4341ad9889c02dcdfbdf5bee3fd7854b871fb,renders/DF8-R2-STOW-DOG-INHIBIT-KEEPER-001__STOWED__FOUR_VIEW.png,252894,fafad8c2fc040cdf9335215246cf2c7cbdc6e6fec514613ba2251da3947177a9,STOW-DOG-INHIBIT-KEEPER-1 in Arm_Activation_Powertrain_Assembly/Arm_Deployment_Assembly_01 | STOW-DOG-INHIBIT-KEEPER-2 in Arm_Activation_Powertrain_Assembly/Arm_Deployment_Assembly_02 | STOW-DOG-INHIBIT-KEEPER-3 in Arm_Activation_Powertrain_Assembly/Arm_Deployment_Assembly_03,NOT GENERATED - REGISTERED BY OCCURRENCE/BBOX; SYSTEM VIEWS PROVIDED,NOT PROVIDED - RELEASE DRAWING/ANALYSIS RELEVANCE NOT ESTABLISHED,DEVELOPMENTAL PART DEFINITION - NOT RELEASED FOR FABRICATION OR PROCUREMENT
DF8-R2-STOW-DOG-INHIBIT-PIN-001,WITHDRAWABLE_HEADED_TRANSPORT-INHIBIT_PIN_SS,STOWED,A,WITHDRAWABLE HEADED TRANSPORT-INHIBIT PIN,17-4PH stainless steel,ASTM A967 passivated; critical bearing surfaces ground,MAKE,STINGRAY custom,DRAWING_DERIVED,5.93375184680702e-05,7.6564539958800255,1,9,"{""xmin"":-0.8000001000000003,""xmax"":0.8000001000000002,""ymin"":-0.6002487543993471,""ymax"":6.00025392995068,""zmin"":-0.8002487543993472,""zmax"":0.8002487543993472}",neutral_ap242/DF8-R2-STOW-DOG-INHIBIT-PIN-001__STOWED__LOCAL_AP242.step,19570,2d3e5bc08599c053d33acb3b933c0038606adea34a4df88c1de14bae6e9b6a35,native_brep/DF8-R2-STOW-DOG-INHIBIT-PIN-001__STOWED__LOCAL_OCCT.brep,4424,e121d205daa89ff6d19dc1bb1798685d2d9981746bfe72a0681b30c79788dd73,renders/DF8-R2-STOW-DOG-INHIBIT-PIN-001__STOWED__FOUR_VIEW.png,194893,a9cf15e8f088295719a41c62db58e0cff35c95fd4f6fc46aea6d66839c2c5798,STOW-DOG-INHIBIT-PIN-1 in Arm_Activation_Powertrain_Assembly/Arm_Deployment_Assembly_01 | STOW-DOG-INHIBIT-PIN-2 in Arm_Activation_Powertrain_Assembly/Arm_Deployment_Assembly_02 | STOW-DOG-INHIBIT-PIN-3 in Arm_Activation_Powertrain_Assembly/Arm_Deployment_Assembly_03,NOT GENERATED - REGISTERED BY OCCURRENCE/BBOX; SYSTEM VIEWS PROVIDED,NOT PROVIDED - RELEASE DRAWING/ANALYSIS RELEVANCE NOT ESTABLISHED,DEVELOPMENTAL PART DEFINITION - NOT RELEASED FOR FABRICATION OR PROCUREMENT
DF8-R2-STOW-DOG-RETURN-SPRING-001,CAPTIVE_STOW-DOG_RADIAL_RETURN_SPRING_SS,STOWED,A,CAPTIVE STOW-DOG RADIAL RETURN SPRING,1.4310 stainless spring steel,ASTM A967 passivated; rope-contact and seal surfaces polished per drawing,MAKE,STINGRAY custom,DRAWING_DERIVED,3.195904507999331e-07,0.0407121593375711,1,3,"{""xmin"":-0.6120407107673459,""xmax"":0.6120407107855946,""ymin"":-0.6115840590133694,""ymax"":0.6120323935001789,""zmin"":-0.006859765342039404,""zmax"":3.7912713424219726}",neutral_ap242/DF8-R2-STOW-DOG-RETURN-SPRING-001__STOWED__LOCAL_AP242.step,25551,206f8cee0bd1ed5346d246f8f4ce2a7bd7783db3182de1b7ea4ac093008112d6,native_brep/DF8-R2-STOW-DOG-RETURN-SPRING-001__STOWED__LOCAL_OCCT.brep,12684,e4354d72c413e8f7c05dc1d8f65848768068a2a2786e2d1485ec50268d0fa9a9,renders/DF8-R2-STOW-DOG-RETURN-SPRING-001__STOWED__FOUR_VIEW.png,119692,bbeac828d95cf60cc882e0d1e68760257b4d043e9e54f267d51d015f4415079d,STOW-DOG-SPRING-1 in Arm_Activation_Powertrain_Assembly/Arm_Deployment_Assembly_01 | STOW-DOG-SPRING-2 in Arm_Activation_Powertrain_Assembly/Arm_Deployment_Assembly_02 | STOW-DOG-SPRING-3 in Arm_Activation_Powertrain_Assembly/Arm_Deployment_Assembly_03,NOT GENERATED - REGISTERED BY OCCURRENCE/BBOX; SYSTEM VIEWS PROVIDED,NOT PROVIDED - RELEASE DRAWING/ANALYSIS RELEVANCE NOT ESTABLISHED,DEVELOPMENTAL PART DEFINITION - NOT RELEASED FOR FABRICATION OR PROCUREMENT
DF8-R2-STOW-DOG-RETURN-SPRING-001,CAPTIVE_STOW-DOG_RADIAL_RETURN_SPRING_SS,DEPLOYED,A,CAPTIVE STOW-DOG RADIAL RETURN SPRING,1.4310 stainless spring steel,ASTM A967 passivated; rope-contact and seal surfaces polished per drawing,MAKE,STINGRAY custom,DRAWING_DERIVED,3.19590502277079e-07,0.04071216589516931,1,3,"{""xmin"":-0.6117641948208297,""xmax"":0.6117641948204849,""ymin"":-0.6114639063753669,""ymax"":0.6117679826107516,""zmin"":-0.00991580226629225,""zmax"":0.2909950044494056}",neutral_ap242/DF8-R2-STOW-DOG-RETURN-SPRING-001__DEPLOYED__LOCAL_AP242.step,25612,71c4e6b567d1c7e5621a2a3a897ef0679d2bbddbc0cf4a7eaf825da4afdc7f3b,native_brep/DF8-R2-STOW-DOG-RETURN-SPRING-001__DEPLOYED__LOCAL_OCCT.brep,13266,ebbdfe1de65e803f292ea29adebde305877ab2a0971dfea2bad3489b3fcdf740,renders/DF8-R2-STOW-DOG-RETURN-SPRING-001__DEPLOYED__FOUR_VIEW.png,189104,953809c57ec4bbfb32ce2097ddb08607796735327cde1402f6e607b95f259553,STOW-DOG-SPRING-1 in Arm_Activation_Powertrain_Assembly/Arm_Deployment_Assembly_01 | STOW-DOG-SPRING-2 in Arm_Activation_Powertrain_Assembly/Arm_Deployment_Assembly_02 | STOW-DOG-SPRING-3 in Arm_Activation_Powertrain_Assembly/Arm_Deployment_Assembly_03,NOT GENERATED - REGISTERED BY OCCURRENCE/BBOX; SYSTEM VIEWS PROVIDED,NOT PROVIDED - RELEASE DRAWING/ANALYSIS RELEVANCE NOT ESTABLISHED,DEVELOPMENTAL PART DEFINITION - NOT RELEASED FOR FABRICATION OR PROCUREMENT
DF8-R2-TETHER-THIMBLE-001,AMSTEEL_EYE-SPLICE_THIMBLE_SS,STOWED,A,AMSTEEL EYE-SPLICE THIMBLE,316 stainless steel,ASTM A967 passivated; rope-contact and seal surfaces polished per drawing,MAKE,STINGRAY custom,DRAWING_DERIVED,0.0028967149754297837,362.089371928723,1,12,"{""xmin"":-8.002051400212778,""xmax"":7.634348255665054,""ymin"":-2.002452668388959,""ymax"":2.002452668388953,""zmin"":-8.00097918278409,""zmax"":8.002834644329473}",neutral_ap242/DF8-R2-TETHER-THIMBLE-001__STOWED__LOCAL_AP242.step,69107,163a6622a5c5a6e83b21af53e4302f1a1640073e76575daf7a22c285056d8461,native_brep/DF8-R2-TETHER-THIMBLE-001__STOWED__LOCAL_OCCT.brep,31140,bdc1d27c561ae5360ad37f0d31fd7b7e7bdfdc62467e9e8532c35047510d895d,renders/DF8-R2-TETHER-THIMBLE-001__STOWED__FOUR_VIEW.png,339631,5ee041b9f3a7f4f5dc459505a29874030273b949a34e7922a08c6e26971d7d7f,TETHER-THIMBLE-BODY-SHORT14 in Shortened_Aft_Body_External_Buoy_Assembly/Structural_Recovery_Tether_Assembly | TETHER-THIMBLE-BUOY-SHORT14 in Shortened_Aft_Body_External_Buoy_Assembly/Structural_Recovery_Tether_Assembly,NOT GENERATED - REGISTERED BY OCCURRENCE/BBOX; SYSTEM VIEWS PROVIDED,NOT PROVIDED - RELEASE DRAWING/ANALYSIS RELEVANCE NOT ESTABLISHED,DEVELOPMENTAL PART DEFINITION - NOT RELEASED FOR FABRICATION OR PROCUREMENT
DF8-SHORT14-AFT-CAP-001,SHORTENED_BODY_AFT_CAP_WITH_TETHER_SERVICE_PASSAGE_TI,STOWED,A,SHORTENED BODY AFT CAP WITH TETHER SERVICE PASSAGE,Ti-6Al-4V,ASTM B600 clean/passivate; drawing-controlled surface finish,MAKE,STINGRAY custom,EXACT_ANALYTIC,0.03852351979077313,8696.054128842692,1,4,"{""xmin"":-26.508236776978375,""xmax"":26.508236776978375,""ymin"":-26.500000100000012,""ymax"":26.500000100000005,""zmin"":-0.008236776978375103,""zmax"":4.008236776978375}",neutral_ap242/DF8-SHORT14-AFT-CAP-001__STOWED__LOCAL_AP242.step,11629,d0381382f7c36b221a3ed5c5e670f44b485a9f29314b01324990e208c7ad2a2a,native_brep/DF8-SHORT14-AFT-CAP-001__STOWED__LOCAL_OCCT.brep,2109,7fc1eb0741e937b2eb64cd90f0e2b9e5b9f5379026769143c28ffcf8e1c6886c,renders/DF8-SHORT14-AFT-CAP-001__STOWED__FOUR_VIEW.png,254846,7a17492f7bfe9eb0e75d7411d5762442275b76a9dff515c60a6ae7e75bccb687,AFT-CLOSURE-CAP in Shortened_Aft_Body_External_Buoy_Assembly/Shortened_Aft_Structure_Assembly,NOT GENERATED - REGISTERED BY OCCURRENCE/BBOX; SYSTEM VIEWS PROVIDED,NOT PROVIDED - RELEASE DRAWING/ANALYSIS RELEVANCE NOT ESTABLISHED,DEVELOPMENTAL PART DEFINITION - NOT RELEASED FOR FABRICATION OR PROCUREMENT
DF8-SHORT14-AFT-CLOSURE-RING-001,AFT_STRUCTURAL_CLOSURE_RING_TI,STOWED,A,AFT STRUCTURAL CLOSURE RING,Ti-6Al-4V,ASTM B600 clean/passivate; drawing-controlled surface finish,MAKE,STINGRAY custom,EXACT_ANALYTIC,0.03107333460038692,7014.296749523007,1,4,"{""xmin"":-25.307863795379355,""xmax"":25.307863795379355,""ymin"":-25.300000100000013,""ymax"":25.300000100000005,""zmin"":-4.007863795379353,""zmax"":4.007863795379353}",neutral_ap242/DF8-SHORT14-AFT-CLOSURE-RING-001__STOWED__LOCAL_AP242.step,11504,5ef7c9c6dfe17c26c888b8e42ba6ea26086f6ec13d7b92288e0080e304228eaa,native_brep/DF8-SHORT14-AFT-CLOSURE-RING-001__STOWED__LOCAL_OCCT.brep,2631,4b417dac67187e54d32e46a6a5c70dae003abdfbb441a44ef77eca4f24828fd0,renders/DF8-SHORT14-AFT-CLOSURE-RING-001__STOWED__FOUR_VIEW.png,215006,9d422f8ab38bb88ba162138410133ef0ec532b2a676ee825140b8d7908350faf,AFT-CLOSURE-RING in Shortened_Aft_Body_External_Buoy_Assembly/Shortened_Aft_Structure_Assembly,NOT GENERATED - REGISTERED BY OCCURRENCE/BBOX; SYSTEM VIEWS PROVIDED,NOT PROVIDED - RELEASE DRAWING/ANALYSIS RELEVANCE NOT ESTABLISHED,DEVELOPMENTAL PART DEFINITION - NOT RELEASED FOR FABRICATION OR PROCUREMENT
DF8-SHORT14-AFT-LONGERON-AFT-001,AFT_PRIMARY_LOAD-PATH_LONGERON_AFT_TI,STOWED,A,AFT PRIMARY LOAD-PATH LONGERON AFT,Ti-6Al-4V,ASTM B600 clean/passivate; drawing-controlled surface finish,MAKE,STINGRAY custom,EXACT_ANALYTIC,0.0014266960518677578,322.053284845995,1,8,"{""xmin"":22.955908246804693,""xmax"":25.351313909929154,""ymin"":-1.5488943871377725,""ymax"":1.5488943871377694,""zmin"":-0.0013139099291507202,""zmax"":46.40131390992924}",neutral_ap242/DF8-SHORT14-AFT-LONGERON-AFT-001__STOWED__LOCAL_AP242.step,27414,221977fc5ed8e44a810b78ec488e6df0429fab5aaef694999d4703b6efe5418e,native_brep/DF8-SHORT14-AFT-LONGERON-AFT-001__STOWED__LOCAL_OCCT.brep,11790,d6967f8f258a26fe8854e788c895fed6d6ac1cb339d48bca86d999b418b35399,renders/DF8-SHORT14-AFT-LONGERON-AFT-001__STOWED__FOUR_VIEW.png,73657,f814dfa8c70535467ebd45e817f59621fce758d05ff82b8b50c000f3d271da45,AFT-LONGERON-AFT-1 in Shortened_Aft_Body_External_Buoy_Assembly/Shortened_Aft_Structure_Assembly | AFT-LONGERON-AFT-2 in Shortened_Aft_Body_External_Buoy_Assembly/Shortened_Aft_Structure_Assembly | AFT-LONGERON-AFT-3 in Shortened_Aft_Body_External_Buoy_Assembly/Shortened_Aft_Structure_Assembly,NOT GENERATED - REGISTERED BY OCCURRENCE/BBOX; SYSTEM VIEWS PROVIDED,NOT PROVIDED - RELEASE DRAWING/ANALYSIS RELEVANCE NOT ESTABLISHED,DEVELOPMENTAL PART DEFINITION - NOT RELEASED FOR FABRICATION OR PROCUREMENT
DF8-SHORT14-AFT-LONGERON-FWD-001,AFT_PRIMARY_LOAD-PATH_LONGERON_FWD_TI,STOWED,A,AFT PRIMARY LOAD-PATH LONGERON FWD,Ti-6Al-4V,ASTM B600 clean/passivate; drawing-controlled surface finish,MAKE,STINGRAY custom,EXACT_ANALYTIC,0.02667675634914794,6021.841162335878,1,8,"{""xmin"":22.955908246804693,""xmax"":25.351313909929154,""ymin"":-1.5488943871377725,""ymax"":1.5488943871377694,""zmin"":-0.0013139099291507202,""zmax"":867.6013139099292}",neutral_ap242/DF8-SHORT14-AFT-LONGERON-FWD-001__STOWED__LOCAL_AP242.step,27451,097c73e0af270238118c6df37587b3bffa261c04e55447823c4a9e6cf33460f7,native_brep/DF8-SHORT14-AFT-LONGERON-FWD-001__STOWED__LOCAL_OCCT.brep,11450,e31a800c584c414964f9a0b0871e59e90918ffa63f0860de4f83f8cd28001bec,renders/DF8-SHORT14-AFT-LONGERON-FWD-001__STOWED__FOUR_VIEW.png,51177,e962ea3bbd05a633c13611398d94ce9d50bb254c9a9940fd38d9fd1390b489a6,AFT-LONGERON-FWD-1 in Shortened_Aft_Body_External_Buoy_Assembly/Shortened_Aft_Structure_Assembly | AFT-LONGERON-FWD-2 in Shortened_Aft_Body_External_Buoy_Assembly/Shortened_Aft_Structure_Assembly | AFT-LONGERON-FWD-3 in Shortened_Aft_Body_External_Buoy_Assembly/Shortened_Aft_Structure_Assembly,NOT GENERATED - REGISTERED BY OCCURRENCE/BBOX; SYSTEM VIEWS PROVIDED,NOT PROVIDED - RELEASE DRAWING/ANALYSIS RELEVANCE NOT ESTABLISHED,DEVELOPMENTAL PART DEFINITION - NOT RELEASED FOR FABRICATION OR PROCUREMENT
DF8-SHORT14-AFT-SHELL-CLOSURE-001,SHORTENED_AFT_GRADE-9_TITANIUM_SHELL_CLOSURE_SEGMENT_TI,STOWED,A,SHORTENED AFT GRADE-9 TITANIUM SHELL CLOSURE SEGMENT,Ti-3Al-2.5V Grade 9,ASTM B600 clean/passivate; drawing-controlled shell finish,MAKE,STINGRAY custom,EXACT_ANALYTIC,0.03782690138875042,8443.504774274646,1,5,"{""xmin"":-26.509589967883617,""xmax"":26.509589967883617,""ymin"":-26.509015655564134,""ymax"":26.509015655564138,""zmin"":-0.009589967883615906,""zmax"":46.409589967883704}",neutral_ap242/DF8-SHORT14-AFT-SHELL-CLOSURE-001__STOWED__LOCAL_AP242.step,67607,59928d28c43579e4f74ee42a948ed0b1a50f7e51c890a6285375fbb169470907,native_brep/DF8-SHORT14-AFT-SHELL-CLOSURE-001__STOWED__LOCAL_OCCT.brep,46279,a12e4d4c64a00d39778c57e64010b5c57fae25bcd9e3932daf1bbf8c11cf45a4,renders/DF8-SHORT14-AFT-SHELL-CLOSURE-001__STOWED__FOUR_VIEW.png,259835,0c59f25b557c5e436b1f0f1aebb6ad836226ecb93161b838f455beacb5a91066,SHORT-AFT-SHELL-AFT in Shortened_Aft_Body_External_Buoy_Assembly/Shortened_Aft_Structure_Assembly,NOT GENERATED - REGISTERED BY OCCURRENCE/BBOX; SYSTEM VIEWS PROVIDED,NOT PROVIDED - RELEASE DRAWING/ANALYSIS RELEVANCE NOT ESTABLISHED,DEVELOPMENTAL PART DEFINITION - NOT RELEASED FOR FABRICATION OR PROCUREMENT
DF8-SHORT14-AFT-SHELL-FORWARD-001,SHORTENED_AFT_GRADE-9_TITANIUM_SHELL_FORWARD_SEGMENT_TI,STOWED,A,SHORTENED AFT GRADE-9 TITANIUM SHELL FORWARD SEGMENT,Ti-3Al-2.5V Grade 9,ASTM B600 clean/passivate; drawing-controlled shell finish,MAKE,STINGRAY custom,EXACT_ANALYTIC,0.7273446071334247,162353.70694942516,1,5,"{""xmin"":-26.508236776978368,""xmax"":26.508236776978368,""ymin"":-26.501657193310113,""ymax"":26.50165719331011,""zmin"":-0.008236776978367439,""zmax"":867.6082367769784}",neutral_ap242/DF8-SHORT14-AFT-SHELL-FORWARD-001__STOWED__LOCAL_AP242.step,51966,3b4ffdf39829f2fe29755d8c47cc4c389f8cb7875d4909e8611cf0ef2a1262ff,native_brep/DF8-SHORT14-AFT-SHELL-FORWARD-001__STOWED__LOCAL_OCCT.brep,26082,94aa658cea02f5f078a5fb15ff9999621943709c8733371374996386cc7959c2,renders/DF8-SHORT14-AFT-SHELL-FORWARD-001__STOWED__FOUR_VIEW.png,77779,eb6879428bdfb70a7054496798e3bba5752b041a2b653c7c7364c0742914cc3c,SHORT-AFT-SHELL-FWD in Shortened_Aft_Body_External_Buoy_Assembly/Shortened_Aft_Structure_Assembly,NOT GENERATED - REGISTERED BY OCCURRENCE/BBOX; SYSTEM VIEWS PROVIDED,NOT PROVIDED - RELEASE DRAWING/ANALYSIS RELEVANCE NOT ESTABLISHED,DEVELOPMENTAL PART DEFINITION - NOT RELEASED FOR FABRICATION OR PROCUREMENT
DF8-SHORT14-ARM-BLADE-001,378.206_MM_PIVOT-TO-TIP_SHORTENED_ARM_BLADE_WITH_CONTROLLED_ROUNDED_TIP_TI,STOWED,A,378.206 MM PIVOT-TO-TIP SHORTENED ARM BLADE WITH CONTROLLED ROUNDED TIP,Ti-6Al-4V,ASTM B600 clean/passivate; drawing-controlled surface finish,MAKE,STINGRAY custom,EXACT_ANALYTIC,0.06444988175252296,14548.506038944235,1,199,"{""xmin"":-6.202070799611044,""xmax"":10.202506356954853,""ymin"":-6.869798704268917,""ymax"":6.869798704268917,""zmin"":-10.100784053299144,""zmax"":378.2127970273649}",neutral_ap242/DF8-SHORT14-ARM-BLADE-001__STOWED__LOCAL_AP242.step,1322948,9d787ee9205bb586bbc8213bb1b204a5fd9c23c7bdba88bbc26be75756adf2f1,native_brep/DF8-SHORT14-ARM-BLADE-001__STOWED__LOCAL_OCCT.brep,623319,6908af2cb3cecbb9414c63a90a9d371f370641683e14b41bf0da2d889e23d230,renders/DF8-SHORT14-ARM-BLADE-001__STOWED__FOUR_VIEW.png,71264,3b9e0e31df50bbd6d3959a1a519f1893d73ee181b14668e4c31e773ab0dc89c7,ARM-1 in Arm_Activation_Powertrain_Assembly/Arm_Deployment_Assembly_01 | ARM-2 in Arm_Activation_Powertrain_Assembly/Arm_Deployment_Assembly_02 | ARM-3 in Arm_Activation_Powertrain_Assembly/Arm_Deployment_Assembly_03,NOT GENERATED - REGISTERED BY OCCURRENCE/BBOX; SYSTEM VIEWS PROVIDED,NOT PROVIDED - RELEASE DRAWING/ANALYSIS RELEVANCE NOT ESTABLISHED,DEVELOPMENTAL PART DEFINITION - NOT RELEASED FOR FABRICATION OR PROCUREMENT
DF8-SHORT14-ARM-LONGERON-001,SHORTENED_PRIMARY_ARM-MODULE_LONGERON_TI,STOWED,A,SHORTENED PRIMARY ARM-MODULE LONGERON,Ti-6Al-4V,ASTM B600 clean/passivate; drawing-controlled surface finish,MAKE,STINGRAY custom,EXACT_ANALYTIC,0.02557947017485575,5774.146766333127,1,6,"{""xmin"":22.209780182590535,""xmax"":24.200000100000004,""ymin"":-6.270274559907277,""ymax"":6.270274559907277,""zmin"":-0.006853668426276269,""zmax"":389.40685366842627}",neutral_ap242/DF8-SHORT14-ARM-LONGERON-001__STOWED__LOCAL_AP242.step,21745,fb8ffaf1ccbe746c43ac0fb07f00ded40b64e6164146b65b98895720c41afd39,native_brep/DF8-SHORT14-ARM-LONGERON-001__STOWED__LOCAL_OCCT.brep,10145,a4fced907427378794fc6caa3833c8af0e0ab61d75d1f6bc449c117b505b7db2,renders/DF8-SHORT14-ARM-LONGERON-001__STOWED__FOUR_VIEW.png,60652,f6805ab8677149d70ee2486e5cd29b33f41523bf9ecdcb4249b371dcf1848a95,ARM-LONGERON-1 in Arm_Activation_Powertrain_Assembly | ARM-LONGERON-2 in Arm_Activation_Powertrain_Assembly,NOT GENERATED - REGISTERED BY OCCURRENCE/BBOX; SYSTEM VIEWS PROVIDED,NOT PROVIDED - RELEASE DRAWING/ANALYSIS RELEVANCE NOT ESTABLISHED,DEVELOPMENTAL PART DEFINITION - NOT RELEASED FOR FABRICATION OR PROCUREMENT
DF8-SHORT14-ARM-TERMINATION-RING-001,SHORT-ARM_MODULE_AFT_STRUCTURAL_TERMINATION_RING_TI,STOWED,A,SHORT-ARM MODULE AFT STRUCTURAL TERMINATION RING,Ti-6Al-4V,ASTM B600 clean/passivate; drawing-controlled surface finish,MAKE,STINGRAY custom,EXACT_ANALYTIC,0.028944490434771264,6533.745019135726,1,16,"{""xmin"":-25.307863795379355,""xmax"":25.307863795379355,""ymin"":-25.300000100000013,""ymax"":25.300000100000005,""zmin"":-4.007863795379353,""zmax"":4.007863795379353}",neutral_ap242/DF8-SHORT14-ARM-TERMINATION-RING-001__STOWED__LOCAL_AP242.step,55469,48d3d2ee29ae52982293e12548a6dfd8d89e81f80b6967cf2a1bd91dd68e1859,native_brep/DF8-SHORT14-ARM-TERMINATION-RING-001__STOWED__LOCAL_OCCT.brep,19576,21d4b0ec3fba6b5f2eabff43d0217d16603b8b970486b6af91f789812a8f9663,renders/DF8-SHORT14-ARM-TERMINATION-RING-001__STOWED__FOUR_VIEW.png,219638,66006786776a4021cf0e4b8a1818e759479548219f7aa1552c499b6226cb1a7a,ARM-TERMINATION-RING-001 in Arm_Activation_Powertrain_Assembly,NOT GENERATED - REGISTERED BY OCCURRENCE/BBOX; SYSTEM VIEWS PROVIDED,NOT PROVIDED - RELEASE DRAWING/ANALYSIS RELEVANCE NOT ESTABLISHED,DEVELOPMENTAL PART DEFINITION - NOT RELEASED FOR FABRICATION OR PROCUREMENT
DF8-SHORT14-BACKUP-ACCESS-FIXED-SECTOR-003,SHORTENED_FIXED_SECTOR_3_WITH_BACKUP-GUIDE_ACCESS_TI,STOWED,A,SHORTENED FIXED SECTOR 3 WITH BACKUP-GUIDE ACCESS,Ti-6Al-4V,ASTM B600 clean/passivate; drawing-controlled surface finish,MAKE,STINGRAY custom,EXACT_ANALYTIC,0.17708072899000055,39973.07652144482,1,36,"{""xmin"":21.15671106987696,""xmax"":28.50855144848078,""ymin"":-13.825625625501399,""ymax"":13.825625625501385,""zmin"":-0.00908584289641994,""zmax"":389.4090858428964}",neutral_ap242/DF8-SHORT14-BACKUP-ACCESS-FIXED-SECTOR-003__STOWED__LOCAL_AP242.step,178680,181283cc3561e3019b1cf2ac590e1f1f3d07cc6ebaa30aad9eb9aa8d3e6a9f07,native_brep/DF8-SHORT14-BACKUP-ACCESS-FIXED-SECTOR-003__STOWED__LOCAL_OCCT.brep,73571,d3b24d47889948613c6008e20411d9064acc3453ae359db5f0daba9a2af68a10,renders/DF8-SHORT14-BACKUP-ACCESS-FIXED-SECTOR-003__STOWED__FOUR_VIEW.png,79319,2c4e75d0388fd18a1d7eddce007431d90ac8b3dc8c97d66c83a1a675a480f87d,FIXED-SECTOR-3 in Arm_Activation_Powertrain_Assembly,NOT GENERATED - REGISTERED BY OCCURRENCE/BBOX; SYSTEM VIEWS PROVIDED,NOT PROVIDED - RELEASE DRAWING/ANALYSIS RELEVANCE NOT ESTABLISHED,DEVELOPMENTAL PART DEFINITION - NOT RELEASED FOR FABRICATION OR PROCUREMENT
DF8-SHORT14-BACKUP-GUIDE-LONGERON-003,SHORTENED_PRIMARY_LONGERON_3_WITH_BACKUP-GUIDE_BORES_TI,STOWED,A,SHORTENED PRIMARY LONGERON 3 WITH BACKUP-GUIDE BORES,Ti-6Al-4V,ASTM B600 clean/passivate; drawing-controlled surface finish,MAKE,STINGRAY custom,EXACT_ANALYTIC,0.02536196076122347,5725.047575896946,1,8,"{""xmin"":22.20743072627967,""xmax"":24.211270992928682,""ymin"":-6.274691884409684,""ymax"":6.274691884409684,""zmin"":-0.01127099292868372,""zmax"":389.4112709929287}",neutral_ap242/DF8-SHORT14-BACKUP-GUIDE-LONGERON-003__STOWED__LOCAL_AP242.step,92178,ff130924201e88703b9c701e1a559955c6eed0c7febfb4b91cbf68af33d090a0,native_brep/DF8-SHORT14-BACKUP-GUIDE-LONGERON-003__STOWED__LOCAL_OCCT.brep,55327,f58e47ebc0a9801a04b6b69798c0d71864381b9ec3583b9a2bbb685889a527ff,renders/DF8-SHORT14-BACKUP-GUIDE-LONGERON-003__STOWED__FOUR_VIEW.png,66223,5df8d65172424080c91f9a80786bc8f8f9801f731ca20ce5a1e2b6dfccd58470,ARM-LONGERON-3 in Arm_Activation_Powertrain_Assembly,NOT GENERATED - REGISTERED BY OCCURRENCE/BBOX; SYSTEM VIEWS PROVIDED,NOT PROVIDED - RELEASE DRAWING/ANALYSIS RELEVANCE NOT ESTABLISHED,DEVELOPMENTAL PART DEFINITION - NOT RELEASED FOR FABRICATION OR PROCUREMENT
DF8-SHORT14-BALLAST-CARRIER-TRANSITION-RING-001,BALLAST-AFT-FACE_TO_ARM-CARRIER_STRUCTURAL_TRANSITION_RING_TI,STOWED,A,BALLAST-AFT-FACE TO ARM-CARRIER STRUCTURAL TRANSITION RING,Ti-6Al-4V,ASTM B600 clean/passivate; drawing-controlled surface finish,MAKE,STINGRAY custom,EXACT_ANALYTIC,0.025715400129644583,5804.83072903941,1,57,"{""xmin"":-25.312899691443192,""xmax"":25.312899691443192,""ymin"":-26.054225033097296,""ymax"":26.054225033097293,""zmin"":-4.012899691443191,""zmax"":4.012899691443191}",neutral_ap242/DF8-SHORT14-BALLAST-CARRIER-TRANSITION-RING-001__STOWED__LOCAL_AP242.step,329035,dd0184c3e69feb64cf9c4c4d1d59a9017daad2600909847ab1f56d8f6d911315,native_brep/DF8-SHORT14-BALLAST-CARRIER-TRANSITION-RING-001__STOWED__LOCAL_OCCT.brep,174574,0c96d049e33745c0162dc4a92077fe485b357fa74a75855e1fa5b2451d4c4c54,renders/DF8-SHORT14-BALLAST-CARRIER-TRANSITION-RING-001__STOWED__FOUR_VIEW.png,223215,842b792001b97feb502f8463d4591b746a09799120f8981f791bc78f29d3aa7a,FWD-RING-02 in Forward_Body_Assembly,NOT GENERATED - REGISTERED BY OCCURRENCE/BBOX; SYSTEM VIEWS PROVIDED,NOT PROVIDED - RELEASE DRAWING/ANALYSIS RELEVANCE NOT ESTABLISHED,DEVELOPMENTAL PART DEFINITION - NOT RELEASED FOR FABRICATION OR PROCUREMENT
DF8-SHORT14-BUOY-INLET-MANIFOLD-001,BUOY-MOUNTED_INLET_MANIFOLD_WITH_INFLATOR_THREAD_INTERFACE_SS,STOWED,A,BUOY-MOUNTED INLET MANIFOLD WITH INFLATOR THREAD INTERFACE,316 stainless steel,ASTM A967 passivated; rope-contact and seal surfaces polished per drawing,MAKE,STINGRAY custom,EXACT_ANALYTIC,0.004987341169426868,623.4176461783585,1,4,"{""xmin"":-1.0016163535957565,""xmax"":10.001616353595756,""ymin"":-5.200000100000001,""ymax"":5.200000100000002,""zmin"":-5.201616353595757,""zmax"":5.201616353595757}",neutral_ap242/DF8-SHORT14-BUOY-INLET-MANIFOLD-001__STOWED__LOCAL_AP242.step,11647,79f31cd4383667217bcf618a86d110e3d88404a54975b34e8b7be6594661e705,native_brep/DF8-SHORT14-BUOY-INLET-MANIFOLD-001__STOWED__LOCAL_OCCT.brep,2584,ef408007baa8741c8e9a62187b7dd9907dc96b0957dddc3813837ea0a5812266,renders/DF8-SHORT14-BUOY-INLET-MANIFOLD-001__STOWED__FOUR_VIEW.png,365635,c7d56c0f03d88039ade0536f9f5607bf267755ea20dc8374c702b77b4ff132ec,BUOY-INLET-MANIFOLD in Shortened_Aft_Body_External_Buoy_Assembly/Buoy_Mounted_Automatic_Manual_Inflation_Assembly,NOT GENERATED - REGISTERED BY OCCURRENCE/BBOX; SYSTEM VIEWS PROVIDED,NOT PROVIDED - RELEASE DRAWING/ANALYSIS RELEVANCE NOT ESTABLISHED,DEVELOPMENTAL PART DEFINITION - NOT RELEASED FOR FABRICATION OR PROCUREMENT
DF8-SHORT14-BUOY-INLET-REINFORCEMENT-PATCH-001,BUOY_INLET_RF-WELDED_REINFORCEMENT_PATCH_TPU,STOWED,A,BUOY INLET RF-WELDED REINFORCEMENT PATCH,TPU-coated nylon laminate,Clean RF-welded membrane; trimmed sealed edges,MAKE,STINGRAY custom,EXACT_ANALYTIC,0.026,4871.999999999999,1,6,"{""xmin"":-0.6000001000000025,""xmax"":0.6000001000000025,""ymin"":-29.0000001,""ymax"":29.0000001,""zmin"":-35.0000001,""zmax"":35.0000001}",neutral_ap242/DF8-SHORT14-BUOY-INLET-REINFORCEMENT-PATCH-001__STOWED__LOCAL_AP242.step,17900,5829eca8177681bdff652ed29a3841a7a9dbc2021926a0f9772986584f4e1972,native_brep/DF8-SHORT14-BUOY-INLET-REINFORCEMENT-PATCH-001__STOWED__LOCAL_OCCT.brep,2750,e92d5a3d4321868057e2765dc59dd4663f508a6720a769cf4deb26c5b660a6e6,renders/DF8-SHORT14-BUOY-INLET-REINFORCEMENT-PATCH-001__STOWED__FOUR_VIEW.png,75442,17762d708443583ae7f5f3e9b1c264fd6610bd989c1f10ce789c1de3e8398da8,BUOY-INLET-PATCH in Shortened_Aft_Body_External_Buoy_Assembly/Buoy_Mounted_Automatic_Manual_Inflation_Assembly,NOT GENERATED - REGISTERED BY OCCURRENCE/BBOX; SYSTEM VIEWS PROVIDED,NOT PROVIDED - RELEASE DRAWING/ANALYSIS RELEVANCE NOT ESTABLISHED,DEVELOPMENTAL PART DEFINITION - NOT RELEASED FOR FABRICATION OR PROCUREMENT
DF8-SHORT14-BUOY-INLET-REINFORCEMENT-PATCH-001,BUOY_INLET_RF-WELDED_REINFORCEMENT_PATCH_TPU,DEPLOYED,A,BUOY INLET RF-WELDED REINFORCEMENT PATCH,TPU-coated nylon laminate,Clean RF-welded membrane; trimmed sealed edges,MAKE,STINGRAY custom,EXACT_ANALYTIC,0.026,4871.999999999999,1,6,"{""xmin"":-0.6000001000000025,""xmax"":0.6000001000000025,""ymin"":-29.0000001,""ymax"":29.0000001,""zmin"":-35.0000001,""zmax"":35.0000001}",neutral_ap242/DF8-SHORT14-BUOY-INLET-REINFORCEMENT-PATCH-001__DEPLOYED__LOCAL_AP242.step,17907,afd5f548fc84363830dbe6197505474522414593ed6e64dad3e6b6f2c8f36c02,native_brep/DF8-SHORT14-BUOY-INLET-REINFORCEMENT-PATCH-001__DEPLOYED__LOCAL_OCCT.brep,3186,a2b35d1a31f8bdd1b8b5c41d38ac3615bab76727e0b534d212610b489a229880,renders/DF8-SHORT14-BUOY-INLET-REINFORCEMENT-PATCH-001__DEPLOYED__FOUR_VIEW.png,74989,20f5bc25cf5eb6306c5ffe1a2563454700b9741f67754e68a25c551b8894cde9,BUOY-INLET-PATCH in Shortened_Aft_Body_External_Buoy_Assembly/Buoy_Mounted_Automatic_Manual_Inflation_Assembly,NOT GENERATED - REGISTERED BY OCCURRENCE/BBOX; SYSTEM VIEWS PROVIDED,NOT PROVIDED - RELEASE DRAWING/ANALYSIS RELEVANCE NOT ESTABLISHED,DEVELOPMENTAL PART DEFINITION - NOT RELEASED FOR FABRICATION OR PROCUREMENT
DF8-SHORT14-BUOY-PANEL-01,60_L_BUOY_PANEL_01_WITH_PACKED-ENVELOPE_AND_DEPLOYED-GORE_STATES_TPU,STOWED,A,60 L BUOY PANEL 01 WITH PACKED-ENVELOPE AND DEPLOYED-GORE STATES,TPU-coated nylon,Clean RF-welded membrane; trimmed sealed edges,MAKE,STINGRAY custom,EXACT_ANALYTIC,0.02375,12968.494474018667,1,6,"{""xmin"":39.25201602584366,""xmax"":44.21215535451428,""ymin"":-16.211509575728208,""ymax"":16.211509575728208,""zmin"":-0.012155354514267218,""zmax"":200.01215535451428}",neutral_ap242/DF8-SHORT14-BUOY-PANEL-01__STOWED__LOCAL_AP242.step,22030,c2c8e943636e99d8020a11e76a2215ba3e35a4c47f3acf11d5699582d82a0955,native_brep/DF8-SHORT14-BUOY-PANEL-01__STOWED__LOCAL_OCCT.brep,6206,be7075a63358d6b1216cca15c612463b49b8c265fba4e8696fb151d34b6afb0a,renders/DF8-SHORT14-BUOY-PANEL-01__STOWED__FOUR_VIEW.png,95601,c097da6dce30bbcb7c6bd5cb4ddfbc915d70c72a5f595af3ce6fc4cc8228dd6b,EXT-BUOY-PANEL-01 in Shortened_Aft_Body_External_Buoy_Assembly/Aft_Buoy_Breakaway_Wrap_CORDURA,NOT GENERATED - REGISTERED BY OCCURRENCE/BBOX; SYSTEM VIEWS PROVIDED,NOT PROVIDED - RELEASE DRAWING/ANALYSIS RELEVANCE NOT ESTABLISHED,DEVELOPMENTAL PART DEFINITION - NOT RELEASED FOR FABRICATION OR PROCUREMENT
DF8-SHORT14-BUOY-PANEL-01,60_L_BUOY_PANEL_01_WITH_PACKED-ENVELOPE_AND_DEPLOYED-GORE_STATES_TPU,DEPLOYED,A,60 L BUOY PANEL 01 WITH PACKED-ENVELOPE AND DEPLOYED-GORE STATES,TPU-coated nylon,Clean RF-welded membrane; trimmed sealed edges,MAKE,STINGRAY custom,EXACT_ANALYTIC,0.02375,42140.968382104766,1,11,"{""xmin"":-0.5980653906475786,""xmax"":243.89884525170766,""ymin"":-94.46329456887378,""ymax"":94.46329456887376,""zmin"":-243.9070653906476,""zmax"":243.9070653906476}",neutral_ap242/DF8-SHORT14-BUOY-PANEL-01__DEPLOYED__LOCAL_AP242.step,33540,368d102da8879ccb1636efb1d6ccd73af3afa74702f01f67adfe41c3bbe9c5c3,native_brep/DF8-SHORT14-BUOY-PANEL-01__DEPLOYED__LOCAL_OCCT.brep,9851,7d417ef295fff5e803e91a77293e6ca8d7e1ff0067e49e58de3103ba7b154508,renders/DF8-SHORT14-BUOY-PANEL-01__DEPLOYED__FOUR_VIEW.png,236798,06fcd4d4961863a38fa463df723f221b8ce252e3adf067352dc5107adec3cd5f,EXT-BUOY-PANEL-01 in Shortened_Aft_Body_External_Buoy_Assembly/Aft_Buoy_Breakaway_Wrap_CORDURA,NOT GENERATED - REGISTERED BY OCCURRENCE/BBOX; SYSTEM VIEWS PROVIDED,NOT PROVIDED - RELEASE DRAWING/ANALYSIS RELEVANCE NOT ESTABLISHED,DEVELOPMENTAL PART DEFINITION - NOT RELEASED FOR FABRICATION OR PROCUREMENT
DF8-SHORT14-BUOY-PANEL-02,60_L_BUOY_PANEL_02_WITH_PACKED-ENVELOPE_AND_DEPLOYED-GORE_STATES_TPU,STOWED,A,60 L BUOY PANEL 02 WITH PACKED-ENVELOPE AND DEPLOYED-GORE STATES,TPU-coated nylon,Clean RF-welded membrane; trimmed sealed edges,MAKE,STINGRAY custom,EXACT_ANALYTIC,0.02375,12968.494474018682,1,6,"{""xmin"":16.815605365647606,""xmax"":40.54621064233675,""ymin"":16.815605365647603,""ymax"":40.54621064233675,""zmin"":-0.012155354514268225,""zmax"":200.01215535451428}",neutral_ap242/DF8-SHORT14-BUOY-PANEL-02__STOWED__LOCAL_AP242.step,20617,8a002676e8d14638882243315bfb348cb3713c3a0d91356cc07b89240403dbb8,native_brep/DF8-SHORT14-BUOY-PANEL-02__STOWED__LOCAL_OCCT.brep,5435,09aa473d511b8dc313c59a664dd4c07db023db406845747299055775959a5784,renders/DF8-SHORT14-BUOY-PANEL-02__STOWED__FOUR_VIEW.png,91384,a4bb8564baf669a17ae5cf8d08d5bacc40ef0611ceb3ce2b0ee96bba3339b293,EXT-BUOY-PANEL-02 in Shortened_Aft_Body_External_Buoy_Assembly/Aft_Buoy_Breakaway_Wrap_CORDURA,NOT GENERATED - REGISTERED BY OCCURRENCE/BBOX; SYSTEM VIEWS PROVIDED,NOT PROVIDED - RELEASE DRAWING/ANALYSIS RELEVANCE NOT ESTABLISHED,DEVELOPMENTAL PART DEFINITION - NOT RELEASED FOR FABRICATION OR PROCUREMENT
DF8-SHORT14-BUOY-PANEL-02,60_L_BUOY_PANEL_02_WITH_PACKED-ENVELOPE_AND_DEPLOYED-GORE_STATES_TPU,DEPLOYED,A,60 L BUOY PANEL 02 WITH PACKED-ENVELOPE AND DEPLOYED-GORE STATES,TPU-coated nylon,Clean RF-welded membrane; trimmed sealed edges,MAKE,STINGRAY custom,EXACT_ANALYTIC,0.02375,42139.42470071651,1,4,"{""xmin"":-0.577940286800126,""xmax"":225.61982284229083,""ymin"":-0.5779402868001409,""ymax"":225.61982284229086,""zmin"":-243.88694028680013,""zmax"":243.88694028680013}",neutral_ap242/DF8-SHORT14-BUOY-PANEL-02__DEPLOYED__LOCAL_AP242.step,12358,8375ea706289e8ec8343296308156b7fba2acbc6bcb20da95115609639850a4a,native_brep/DF8-SHORT14-BUOY-PANEL-02__DEPLOYED__LOCAL_OCCT.brep,3627,2e5b476d10e94c82e5fc24ac084e300efa1afaa4a19794f5905d5b0cdb183373,renders/DF8-SHORT14-BUOY-PANEL-02__DEPLOYED__FOUR_VIEW.png,232586,37a62c932af3a04f163ef8e714a4562a8fbbd4f8e6daa8acb64726a6c62b3a9b,EXT-BUOY-PANEL-02 in Shortened_Aft_Body_External_Buoy_Assembly/Aft_Buoy_Breakaway_Wrap_CORDURA,NOT GENERATED - REGISTERED BY OCCURRENCE/BBOX; SYSTEM VIEWS PROVIDED,NOT PROVIDED - RELEASE DRAWING/ANALYSIS RELEVANCE NOT ESTABLISHED,DEVELOPMENTAL PART DEFINITION - NOT RELEASED FOR FABRICATION OR PROCUREMENT
DF8-SHORT14-BUOY-PANEL-03,60_L_BUOY_PANEL_03_WITH_PACKED-ENVELOPE_AND_DEPLOYED-GORE_STATES_TPU,STOWED,A,60 L BUOY PANEL 03 WITH PACKED-ENVELOPE AND DEPLOYED-GORE STATES,TPU-coated nylon,Clean RF-welded membrane; trimmed sealed edges,MAKE,STINGRAY custom,EXACT_ANALYTIC,0.02375,12968.494474018662,1,6,"{""xmin"":-16.211509575728194,""xmax"":16.211509575728208,""ymin"":39.25201602584366,""ymax"":44.212155354514266,""zmin"":-0.012155354514266088,""zmax"":200.01215535451428}",neutral_ap242/DF8-SHORT14-BUOY-PANEL-03__STOWED__LOCAL_AP242.step,20599,1dc672bf8c92b4a6f0338a3712113175c552f33a57963ab0a8c590996ad04ff1,native_brep/DF8-SHORT14-BUOY-PANEL-03__STOWED__LOCAL_OCCT.brep,5422,78fb47edb93961bfefe5ef95341604ee737f80cf5546ce78e471e6684114440f,renders/DF8-SHORT14-BUOY-PANEL-03__STOWED__FOUR_VIEW.png,95801,5f4d7e7b01731eade91743669d0bfa862bdf8c183a5296809a14d453d239afdd,EXT-BUOY-PANEL-03 in Shortened_Aft_Body_External_Buoy_Assembly/Aft_Buoy_Breakaway_Wrap_CORDURA,NOT GENERATED - REGISTERED BY OCCURRENCE/BBOX; SYSTEM VIEWS PROVIDED,NOT PROVIDED - RELEASE DRAWING/ANALYSIS RELEVANCE NOT ESTABLISHED,DEVELOPMENTAL PART DEFINITION - NOT RELEASED FOR FABRICATION OR PROCUREMENT
DF8-SHORT14-BUOY-PANEL-03,60_L_BUOY_PANEL_03_WITH_PACKED-ENVELOPE_AND_DEPLOYED-GORE_STATES_TPU,DEPLOYED,A,60 L BUOY PANEL 03 WITH PACKED-ENVELOPE AND DEPLOYED-GORE STATES,TPU-coated nylon,Clean RF-welded membrane; trimmed sealed edges,MAKE,STINGRAY custom,EXACT_ANALYTIC,0.02375,42139.42470071651,1,4,"{""xmin"":-94.44316946502633,""xmax"":94.44316946502637,""ymin"":-0.5779402868001746,""ymax"":243.73872301798934,""zmin"":-243.88694028680018,""zmax"":243.88694028680018}",neutral_ap242/DF8-SHORT14-BUOY-PANEL-03__DEPLOYED__LOCAL_AP242.step,12363,f53aa2968b2e51fd51e89872883f212b4a22a8ab7246329c6a2774ec366e0c2d,native_brep/DF8-SHORT14-BUOY-PANEL-03__DEPLOYED__LOCAL_OCCT.brep,3621,e997737045e7581bf2aa24e1f1c0cfa29e3d1d80df38b6367ca82a9418699507,renders/DF8-SHORT14-BUOY-PANEL-03__DEPLOYED__FOUR_VIEW.png,228588,3341c2230eff217b9529e80ac1cd0762c18f79229189405ca242306d0766494c,EXT-BUOY-PANEL-03 in Shortened_Aft_Body_External_Buoy_Assembly/Aft_Buoy_Breakaway_Wrap_CORDURA,NOT GENERATED - REGISTERED BY OCCURRENCE/BBOX; SYSTEM VIEWS PROVIDED,NOT PROVIDED - RELEASE DRAWING/ANALYSIS RELEVANCE NOT ESTABLISHED,DEVELOPMENTAL PART DEFINITION - NOT RELEASED FOR FABRICATION OR PROCUREMENT
DF8-SHORT14-BUOY-PANEL-04,60_L_BUOY_PANEL_04_WITH_PACKED-ENVELOPE_AND_DEPLOYED-GORE_STATES_TPU,STOWED,A,60 L BUOY PANEL 04 WITH PACKED-ENVELOPE AND DEPLOYED-GORE STATES,TPU-coated nylon,Clean RF-welded membrane; trimmed sealed edges,MAKE,STINGRAY custom,EXACT_ANALYTIC,0.02375,12968.494474018626,1,6,"{""xmin"":-40.546210642336746,""xmax"":-16.815605365647606,""ymin"":16.815605365647606,""ymax"":40.546210642336746,""zmin"":-0.012155354514265623,""zmax"":200.01215535451428}",neutral_ap242/DF8-SHORT14-BUOY-PANEL-04__STOWED__LOCAL_AP242.step,20637,f959a68206ac850d82eb7cf08198a9c46ed78b165e8184327962378c0790e7e8,native_brep/DF8-SHORT14-BUOY-PANEL-04__STOWED__LOCAL_OCCT.brep,5490,598a0926cabdd0e34e999491c4309de2a4c4c602860e79bad9448cfd9ccf249b,renders/DF8-SHORT14-BUOY-PANEL-04__STOWED__FOUR_VIEW.png,107847,0350dca0710f406dde95a4fc44d847d2f7d67ac1f8b036367a4006efe74616e6,EXT-BUOY-PANEL-04 in Shortened_Aft_Body_External_Buoy_Assembly/Aft_Buoy_Breakaway_Wrap_CORDURA,NOT GENERATED - REGISTERED BY OCCURRENCE/BBOX; SYSTEM VIEWS PROVIDED,NOT PROVIDED - RELEASE DRAWING/ANALYSIS RELEVANCE NOT ESTABLISHED,DEVELOPMENTAL PART DEFINITION - NOT RELEASED FOR FABRICATION OR PROCUREMENT
DF8-SHORT14-BUOY-PANEL-04,60_L_BUOY_PANEL_04_WITH_PACKED-ENVELOPE_AND_DEPLOYED-GORE_STATES_TPU,DEPLOYED,A,60 L BUOY PANEL 04 WITH PACKED-ENVELOPE AND DEPLOYED-GORE STATES,TPU-coated nylon,Clean RF-welded membrane; trimmed sealed edges,MAKE,STINGRAY custom,EXACT_ANALYTIC,0.02375,42139.424700720236,1,4,"{""xmin"":-225.61982284229086,""xmax"":0.5779402868001767,""ymin"":-0.5779402868001619,""ymax"":225.61982284229086,""zmin"":-243.88694028680015,""zmax"":243.88694028680015}",neutral_ap242/DF8-SHORT14-BUOY-PANEL-04__DEPLOYED__LOCAL_AP242.step,12299,5b086ebba0ed36188dea4977c4429af2c28ddbe0f595b535368af3749771b0c7,native_brep/DF8-SHORT14-BUOY-PANEL-04__DEPLOYED__LOCAL_OCCT.brep,3540,9a2c5391b73b374d4fb3d0eed628fbbbfb40fc6af6a5d60d720978ad24e110d0,renders/DF8-SHORT14-BUOY-PANEL-04__DEPLOYED__FOUR_VIEW.png,269705,32d7dcb43d46fe9ce2e9ff7ef12ae2416c77f0069994598246b48929c1b46f6e,EXT-BUOY-PANEL-04 in Shortened_Aft_Body_External_Buoy_Assembly/Aft_Buoy_Breakaway_Wrap_CORDURA,NOT GENERATED - REGISTERED BY OCCURRENCE/BBOX; SYSTEM VIEWS PROVIDED,NOT PROVIDED - RELEASE DRAWING/ANALYSIS RELEVANCE NOT ESTABLISHED,DEVELOPMENTAL PART DEFINITION - NOT RELEASED FOR FABRICATION OR PROCUREMENT
DF8-SHORT14-BUOY-PANEL-05,60_L_BUOY_PANEL_05_WITH_PACKED-ENVELOPE_AND_DEPLOYED-GORE_STATES_TPU,STOWED,A,60 L BUOY PANEL 05 WITH PACKED-ENVELOPE AND DEPLOYED-GORE STATES,TPU-coated nylon,Clean RF-welded membrane; trimmed sealed edges,MAKE,STINGRAY custom,EXACT_ANALYTIC,0.02375,12968.494474018655,1,6,"{""xmin"":-44.21215535451427,""xmax"":-39.25201602584365,""ymin"":-16.211509575728215,""ymax"":16.211509575728204,""zmin"":-0.012155354514269667,""zmax"":200.01215535451428}",neutral_ap242/DF8-SHORT14-BUOY-PANEL-05__STOWED__LOCAL_AP242.step,20527,3ff73dd110ba215bf77d679af3fcde4faf9bcc37a3fa80abd4728681cb37abfe,native_brep/DF8-SHORT14-BUOY-PANEL-05__STOWED__LOCAL_OCCT.brep,5323,9ec6ca72e88efc4d32bdf1d8d20f2d6e6aaa522d4848b836efaa41605c8c0a81,renders/DF8-SHORT14-BUOY-PANEL-05__STOWED__FOUR_VIEW.png,96493,7f8c92c738b1c660e3c6d340e0b87ba17838c0f8e8aa6d72f1f095f92310d1d9,EXT-BUOY-PANEL-05 in Shortened_Aft_Body_External_Buoy_Assembly/Aft_Buoy_Breakaway_Wrap_CORDURA,NOT GENERATED - REGISTERED BY OCCURRENCE/BBOX; SYSTEM VIEWS PROVIDED,NOT PROVIDED - RELEASE DRAWING/ANALYSIS RELEVANCE NOT ESTABLISHED,DEVELOPMENTAL PART DEFINITION - NOT RELEASED FOR FABRICATION OR PROCUREMENT
DF8-SHORT14-BUOY-PANEL-05,60_L_BUOY_PANEL_05_WITH_PACKED-ENVELOPE_AND_DEPLOYED-GORE_STATES_TPU,DEPLOYED,A,60 L BUOY PANEL 05 WITH PACKED-ENVELOPE AND DEPLOYED-GORE STATES,TPU-coated nylon,Clean RF-welded membrane; trimmed sealed edges,MAKE,STINGRAY custom,EXACT_ANALYTIC,0.02375,42312.637340859816,1,406,"{""xmin"":-243.792221883628,""xmax"":0.6314391524388513,""ymin"":-245.76400954213202,""ymax"":94.49666833066499,""zmin"":-243.94043915243884,""zmax"":243.94043915243884}",neutral_ap242/DF8-SHORT14-BUOY-PANEL-05__DEPLOYED__LOCAL_AP242.step,1494344,3d403f8ef0f3fd861fd7a82cdeaf884967dabdbaf39870a3730ef5409c56f5c2,native_brep/DF8-SHORT14-BUOY-PANEL-05__DEPLOYED__LOCAL_OCCT.brep,582974,a72370d2faae0319b13b5ba3b659dcd98df907fd9a689bb43a1d02cd524264c1,renders/DF8-SHORT14-BUOY-PANEL-05__DEPLOYED__FOUR_VIEW.png,205184,7470b1651adaebdeae9b5a700cde4849dc6f61b4882951bd4ef7384bf38dc34e,EXT-BUOY-PANEL-05 in Shortened_Aft_Body_External_Buoy_Assembly/Aft_Buoy_Breakaway_Wrap_CORDURA,NOT GENERATED - REGISTERED BY OCCURRENCE/BBOX; SYSTEM VIEWS PROVIDED,NOT PROVIDED - RELEASE DRAWING/ANALYSIS RELEVANCE NOT ESTABLISHED,DEVELOPMENTAL PART DEFINITION - NOT RELEASED FOR FABRICATION OR PROCUREMENT
DF8-SHORT14-BUOY-PANEL-06,60_L_BUOY_PANEL_06_WITH_PACKED-ENVELOPE_AND_DEPLOYED-GORE_STATES_TPU,STOWED,A,60 L BUOY PANEL 06 WITH PACKED-ENVELOPE AND DEPLOYED-GORE STATES,TPU-coated nylon,Clean RF-welded membrane; trimmed sealed edges,MAKE,STINGRAY custom,EXACT_ANALYTIC,0.02375,12968.494474018666,1,6,"{""xmin"":-40.54621064233675,""xmax"":-16.815605365647617,""ymin"":-40.546210642336746,""ymax"":-16.815605365647606,""zmin"":-0.012155354514269242,""zmax"":200.01215535451428}",neutral_ap242/DF8-SHORT14-BUOY-PANEL-06__STOWED__LOCAL_AP242.step,20568,f614e6bc784ee44edf196bbfd3d933e5257ed651e4873654442da327e7a5d561,native_brep/DF8-SHORT14-BUOY-PANEL-06__STOWED__LOCAL_OCCT.brep,5267,73cc41121f69aa7dad352c6b5bb7ad7f3deaef2e423936962ed1ed86f94aa54f,renders/DF8-SHORT14-BUOY-PANEL-06__STOWED__FOUR_VIEW.png,91911,7b208a7a07fd98e5f1e072b86b650dfb7262a045eb3be2c9006f9d00f56a7a9e,EXT-BUOY-PANEL-06 in Shortened_Aft_Body_External_Buoy_Assembly/Aft_Buoy_Breakaway_Wrap_CORDURA,NOT GENERATED - REGISTERED BY OCCURRENCE/BBOX; SYSTEM VIEWS PROVIDED,NOT PROVIDED - RELEASE DRAWING/ANALYSIS RELEVANCE NOT ESTABLISHED,DEVELOPMENTAL PART DEFINITION - NOT RELEASED FOR FABRICATION OR PROCUREMENT
DF8-SHORT14-BUOY-PANEL-06,60_L_BUOY_PANEL_06_WITH_PACKED-ENVELOPE_AND_DEPLOYED-GORE_STATES_TPU,DEPLOYED,A,60 L BUOY PANEL 06 WITH PACKED-ENVELOPE AND DEPLOYED-GORE STATES,TPU-coated nylon,Clean RF-welded membrane; trimmed sealed edges,MAKE,STINGRAY custom,EXACT_ANALYTIC,0.02375,42139.424700719304,1,4,"{""xmin"":-225.61982284229083,""xmax"":0.5779402868001413,""ymin"":-225.61982284229086,""ymax"":0.5779402868001264,""zmin"":-243.88694028680013,""zmax"":243.88694028680013}",neutral_ap242/DF8-SHORT14-BUOY-PANEL-06__DEPLOYED__LOCAL_AP242.step,12294,e8188701ade69fe0f49e08988205f3e1b76602ce715391c6aaa2e409fc214871,native_brep/DF8-SHORT14-BUOY-PANEL-06__DEPLOYED__LOCAL_OCCT.brep,3540,222f4faef938b147b7e03d83b0d4a60ba7454eec260aaa7a3ca2ffbc7193b5f7,renders/DF8-SHORT14-BUOY-PANEL-06__DEPLOYED__FOUR_VIEW.png,233804,a25187ffac9e8d02b68c98631fa8b29c604e194cbdb46d9aa7b9223c82cd52d9,EXT-BUOY-PANEL-06 in Shortened_Aft_Body_External_Buoy_Assembly/Aft_Buoy_Breakaway_Wrap_CORDURA,NOT GENERATED - REGISTERED BY OCCURRENCE/BBOX; SYSTEM VIEWS PROVIDED,NOT PROVIDED - RELEASE DRAWING/ANALYSIS RELEVANCE NOT ESTABLISHED,DEVELOPMENTAL PART DEFINITION - NOT RELEASED FOR FABRICATION OR PROCUREMENT
DF8-SHORT14-BUOY-PANEL-07,60_L_BUOY_PANEL_07_WITH_PACKED-ENVELOPE_AND_DEPLOYED-GORE_STATES_TPU,STOWED,A,60 L BUOY PANEL 07 WITH PACKED-ENVELOPE AND DEPLOYED-GORE STATES,TPU-coated nylon,Clean RF-welded membrane; trimmed sealed edges,MAKE,STINGRAY custom,EXACT_ANALYTIC,0.02375,12968.494474018655,1,6,"{""xmin"":-16.211509575728204,""xmax"":16.21150957572819,""ymin"":-44.212155354514266,""ymax"":-39.25201602584366,""zmin"":-0.012155354514265939,""zmax"":200.01215535451428}",neutral_ap242/DF8-SHORT14-BUOY-PANEL-07__STOWED__LOCAL_AP242.step,20610,bf4191dc7e34fb8f450164b78c3e5f569ea81f7edf1f5f9cef8a7e3aba7478fe,native_brep/DF8-SHORT14-BUOY-PANEL-07__STOWED__LOCAL_OCCT.brep,5409,0e28f5fbd36c0ba2d12b55866a51b4627ce05382f7832427a60f29f45d74e150,renders/DF8-SHORT14-BUOY-PANEL-07__STOWED__FOUR_VIEW.png,95132,1f3837b5e1988a238b0a2b97076caa25932b0a79a670358cb8b2dfecd7b3de22,EXT-BUOY-PANEL-07 in Shortened_Aft_Body_External_Buoy_Assembly/Aft_Buoy_Breakaway_Wrap_CORDURA,NOT GENERATED - REGISTERED BY OCCURRENCE/BBOX; SYSTEM VIEWS PROVIDED,NOT PROVIDED - RELEASE DRAWING/ANALYSIS RELEVANCE NOT ESTABLISHED,DEVELOPMENTAL PART DEFINITION - NOT RELEASED FOR FABRICATION OR PROCUREMENT
DF8-SHORT14-BUOY-PANEL-07,60_L_BUOY_PANEL_07_WITH_PACKED-ENVELOPE_AND_DEPLOYED-GORE_STATES_TPU,DEPLOYED,A,60 L BUOY PANEL 07 WITH PACKED-ENVELOPE AND DEPLOYED-GORE STATES,TPU-coated nylon,Clean RF-welded membrane; trimmed sealed edges,MAKE,STINGRAY custom,EXACT_ANALYTIC,0.02375,42139.42470071837,1,4,"{""xmin"":-94.44316946502622,""xmax"":94.44316946502633,""ymin"":-243.73872301798932,""ymax"":0.5779402868001532,""zmin"":-243.88694028680015,""zmax"":243.88694028680015}",neutral_ap242/DF8-SHORT14-BUOY-PANEL-07__DEPLOYED__LOCAL_AP242.step,12365,0b4255ca326cda83923b8edf6e815f74df3f11b3cb89aa6849e85dd1e644aa40,native_brep/DF8-SHORT14-BUOY-PANEL-07__DEPLOYED__LOCAL_OCCT.brep,3625,bc38683625f65036f7d767c02b1dc3d5b50c79fd0cb028f2164001d6e1f207b1,renders/DF8-SHORT14-BUOY-PANEL-07__DEPLOYED__FOUR_VIEW.png,226015,62f4481307a7d3b21ad68a870de008b259e898735cfc98500e5bf19fbea507c5,EXT-BUOY-PANEL-07 in Shortened_Aft_Body_External_Buoy_Assembly/Aft_Buoy_Breakaway_Wrap_CORDURA,NOT GENERATED - REGISTERED BY OCCURRENCE/BBOX; SYSTEM VIEWS PROVIDED,NOT PROVIDED - RELEASE DRAWING/ANALYSIS RELEVANCE NOT ESTABLISHED,DEVELOPMENTAL PART DEFINITION - NOT RELEASED FOR FABRICATION OR PROCUREMENT
DF8-SHORT14-BUOY-PANEL-08,60_L_BUOY_PANEL_08_WITH_PACKED-ENVELOPE_AND_DEPLOYED-GORE_STATES_TPU,STOWED,A,60 L BUOY PANEL 08 WITH PACKED-ENVELOPE AND DEPLOYED-GORE STATES,TPU-coated nylon,Clean RF-welded membrane; trimmed sealed edges,MAKE,STINGRAY custom,EXACT_ANALYTIC,0.02375,12968.494474018624,1,6,"{""xmin"":16.81560536564761,""xmax"":40.546210642336746,""ymin"":-40.54621064233675,""ymax"":-16.815605365647627,""zmin"":-0.012155354514268019,""zmax"":200.01215535451428}",neutral_ap242/DF8-SHORT14-BUOY-PANEL-08__STOWED__LOCAL_AP242.step,20537,308b2e3a6fe50aa29f43eb970fc971efc464e7873d6cc78a406cd4dd57bd68f3,native_brep/DF8-SHORT14-BUOY-PANEL-08__STOWED__LOCAL_OCCT.brep,5283,8ef8519dba1058bb93111c666f5b85fc622e61d032c1881f18369ec3fb761044,renders/DF8-SHORT14-BUOY-PANEL-08__STOWED__FOUR_VIEW.png,107200,6d2e571208d66ba3fc09f9ef4f7aa93ea988716693de0213f5946c8378f5f725,EXT-BUOY-PANEL-08 in Shortened_Aft_Body_External_Buoy_Assembly/Aft_Buoy_Breakaway_Wrap_CORDURA,NOT GENERATED - REGISTERED BY OCCURRENCE/BBOX; SYSTEM VIEWS PROVIDED,NOT PROVIDED - RELEASE DRAWING/ANALYSIS RELEVANCE NOT ESTABLISHED,DEVELOPMENTAL PART DEFINITION - NOT RELEASED FOR FABRICATION OR PROCUREMENT
DF8-SHORT14-BUOY-PANEL-08,60_L_BUOY_PANEL_08_WITH_PACKED-ENVELOPE_AND_DEPLOYED-GORE_STATES_TPU,DEPLOYED,A,60 L BUOY PANEL 08 WITH PACKED-ENVELOPE AND DEPLOYED-GORE STATES,TPU-coated nylon,Clean RF-welded membrane; trimmed sealed edges,MAKE,STINGRAY custom,EXACT_ANALYTIC,0.02375,42139.42470071837,1,4,"{""xmin"":-0.5779402868001541,""xmax"":225.6198228422909,""ymin"":-225.61982284229083,""ymax"":0.577940286800169,""zmin"":-243.88694028680015,""zmax"":243.88694028680015}",neutral_ap242/DF8-SHORT14-BUOY-PANEL-08__DEPLOYED__LOCAL_AP242.step,12301,7f6d5859a3688e282e175a7cda50cef2480af71a61d2487d44d538131c48baac,native_brep/DF8-SHORT14-BUOY-PANEL-08__DEPLOYED__LOCAL_OCCT.brep,3539,7ab88cdd6930884642f63589e2a797c9c7f441d2c7a00d147ee9d37389ab0944,renders/DF8-SHORT14-BUOY-PANEL-08__DEPLOYED__FOUR_VIEW.png,260529,d51948130382d90ac6d1e1777f9cc7f5cf69cfd59fd0b0afa6a18849c4565cb9,EXT-BUOY-PANEL-08 in Shortened_Aft_Body_External_Buoy_Assembly/Aft_Buoy_Breakaway_Wrap_CORDURA,NOT GENERATED - REGISTERED BY OCCURRENCE/BBOX; SYSTEM VIEWS PROVIDED,NOT PROVIDED - RELEASE DRAWING/ANALYSIS RELEVANCE NOT ESTABLISHED,DEVELOPMENTAL PART DEFINITION - NOT RELEASED FOR FABRICATION OR PROCUREMENT
DF8-SHORT14-CORDURA-BREAKAWAY-FLAP-LEFT-001,CORDURA_PEEL-OPEN_BREAKAWAY_FLAP_LEFT,STOWED,A,CORDURA PEEL-OPEN BREAKAWAY FLAP LEFT,1000D Cordura nylon with polyurethane coating,Per controlled drawing,MAKE,STINGRAY custom,EXACT_ANALYTIC,0.065,19562.32877329849,1,10,"{""xmin"":-8.215405620029152,""xmax"":46.50213757632626,""ymin"":7.973961732704181,""ymax"":47.207979312321754,""zmin"":-0.019211634150042012,""zmax"":238.01921163415005}",neutral_ap242/DF8-SHORT14-CORDURA-BREAKAWAY-FLAP-LEFT-001__STOWED__LOCAL_AP242.step,35774,0e2630e61effbad068fd14d7650f3aeccf4cf51cb419dea4d14c5214d30f67cf,native_brep/DF8-SHORT14-CORDURA-BREAKAWAY-FLAP-LEFT-001__STOWED__LOCAL_OCCT.brep,10917,18ad319db3144c285bfc4c64072532682f261b401801870452821d3927edd0ea,renders/DF8-SHORT14-CORDURA-BREAKAWAY-FLAP-LEFT-001__STOWED__FOUR_VIEW.png,123516,d6fdf0161b3d0aa209f317e526f3b8d371251bf7326c318ea7afeabc97478ddc,CORDURA-FLAP-LEFT in Shortened_Aft_Body_External_Buoy_Assembly/Aft_Buoy_Breakaway_Wrap_CORDURA,NOT GENERATED - REGISTERED BY OCCURRENCE/BBOX; SYSTEM VIEWS PROVIDED,NOT PROVIDED - RELEASE DRAWING/ANALYSIS RELEVANCE NOT ESTABLISHED,DEVELOPMENTAL PART DEFINITION - NOT RELEASED FOR FABRICATION OR PROCUREMENT
DF8-SHORT14-CORDURA-BREAKAWAY-FLAP-LEFT-001,CORDURA_PEEL-OPEN_BREAKAWAY_FLAP_LEFT,DEPLOYED,A,CORDURA PEEL-OPEN BREAKAWAY FLAP LEFT,1000D Cordura nylon with polyurethane coating,Per controlled drawing,MAKE,STINGRAY custom,EXACT_ANALYTIC,0.065,14280.000000000022,1,10,"{""xmin"":-49.50000010000001,""xmax"":-46.49999989999999,""ymin"":-21.00000010000001,""ymax"":23.00000010000001,""zmin"":-1.0000000794410928e-07,""zmax"":238.0000001}",neutral_ap242/DF8-SHORT14-CORDURA-BREAKAWAY-FLAP-LEFT-001__DEPLOYED__LOCAL_AP242.step,31574,05ba15355783c4abbf6f6539688671f77292c9a00d7bbe1ff97258ab303b403b,native_brep/DF8-SHORT14-CORDURA-BREAKAWAY-FLAP-LEFT-001__DEPLOYED__LOCAL_OCCT.brep,6469,a2233fac481b67a51526f8194b9d1c1e6b4c5a4b57e615ca43e483e4597bfc50,renders/DF8-SHORT14-CORDURA-BREAKAWAY-FLAP-LEFT-001__DEPLOYED__FOUR_VIEW.png,72455,e82031db1b888fcba2ae78f052a8d2bd62993a0a3a2688ab4173bbdb297eecb0,CORDURA-FLAP-LEFT in Shortened_Aft_Body_External_Buoy_Assembly/Aft_Buoy_Breakaway_Wrap_CORDURA,NOT GENERATED - REGISTERED BY OCCURRENCE/BBOX; SYSTEM VIEWS PROVIDED,NOT PROVIDED - RELEASE DRAWING/ANALYSIS RELEVANCE NOT ESTABLISHED,DEVELOPMENTAL PART DEFINITION - NOT RELEASED FOR FABRICATION OR PROCUREMENT
DF8-SHORT14-CORDURA-BREAKAWAY-FLAP-RIGHT-001,CORDURA_PEEL-OPEN_BREAKAWAY_FLAP_RIGHT,STOWED,A,CORDURA PEEL-OPEN BREAKAWAY FLAP RIGHT,1000D Cordura nylon with polyurethane coating,Per controlled drawing,MAKE,STINGRAY custom,EXACT_ANALYTIC,0.065,21556.163656312347,1,6,"{""xmin"":-47.92554975447359,""xmax"":8.462636413925837,""ymin"":8.225314877430726,""ymax"":48.65307518786725,""zmin"":-0.014652570429673262,""zmax"":238.01465257042966}",neutral_ap242/DF8-SHORT14-CORDURA-BREAKAWAY-FLAP-RIGHT-001__STOWED__LOCAL_AP242.step,20513,274b6e36d690acfaecf202edb0d5630791bf94a8e52aa4a574bbf4c7438539ba,native_brep/DF8-SHORT14-CORDURA-BREAKAWAY-FLAP-RIGHT-001__STOWED__LOCAL_OCCT.brep,6890,3357c1e966ef36f31fe0df83e656f97223419a4f7970b9f867fba16a0e5624ab,renders/DF8-SHORT14-CORDURA-BREAKAWAY-FLAP-RIGHT-001__STOWED__FOUR_VIEW.png,143571,69eace1cebd66ecc3842720f4b71d9df29a98c2624f38c8ba3c9593d4c2a05ee,CORDURA-FLAP-RIGHT in Shortened_Aft_Body_External_Buoy_Assembly/Aft_Buoy_Breakaway_Wrap_CORDURA,NOT GENERATED - REGISTERED BY OCCURRENCE/BBOX; SYSTEM VIEWS PROVIDED,NOT PROVIDED - RELEASE DRAWING/ANALYSIS RELEVANCE NOT ESTABLISHED,DEVELOPMENTAL PART DEFINITION - NOT RELEASED FOR FABRICATION OR PROCUREMENT
DF8-SHORT14-CORDURA-BREAKAWAY-FLAP-RIGHT-001,CORDURA_PEEL-OPEN_BREAKAWAY_FLAP_RIGHT,DEPLOYED,A,CORDURA PEEL-OPEN BREAKAWAY FLAP RIGHT,1000D Cordura nylon with polyurethane coating,Per controlled drawing,MAKE,STINGRAY custom,EXACT_ANALYTIC,0.065,14280.000000000018,1,10,"{""xmin"":46.49999989999999,""xmax"":49.50000010000001,""ymin"":-23.00000010000001,""ymax"":21.00000010000001,""zmin"":-1.0000000716072334e-07,""zmax"":238.0000001}",neutral_ap242/DF8-SHORT14-CORDURA-BREAKAWAY-FLAP-RIGHT-001__DEPLOYED__LOCAL_AP242.step,31539,a94bf16bb42cb8fe8cc09856a36c22f066d9b96618bb9b8ac93c2809e33a36aa,native_brep/DF8-SHORT14-CORDURA-BREAKAWAY-FLAP-RIGHT-001__DEPLOYED__LOCAL_OCCT.brep,6368,4bca7d94312e97fa5927a2e97c9a8a918d6cbfcee13ddc2f1e7b5ecd3443028e,renders/DF8-SHORT14-CORDURA-BREAKAWAY-FLAP-RIGHT-001__DEPLOYED__FOUR_VIEW.png,73174,23d6a342b472ba9df99493d27926b88e3504fecb1bf95594d47274f803c8acdc,CORDURA-FLAP-RIGHT in Shortened_Aft_Body_External_Buoy_Assembly/Aft_Buoy_Breakaway_Wrap_CORDURA,NOT GENERATED - REGISTERED BY OCCURRENCE/BBOX; SYSTEM VIEWS PROVIDED,NOT PROVIDED - RELEASE DRAWING/ANALYSIS RELEVANCE NOT ESTABLISHED,DEVELOPMENTAL PART DEFINITION - NOT RELEASED FOR FABRICATION OR PROCUREMENT
DF8-SHORT14-CORDURA-CRADLE-LEFT-001,AFT_BUOY_BREAKAWAY_WRAP_CORDURA_CRADLE_LEFT_PANEL_WITH_DRAINAGE_GAPS,STOWED,A,AFT BUOY BREAKAWAY WRAP CORDURA CRADLE LEFT PANEL WITH DRAINAGE GAPS,1000D Cordura nylon with polyurethane coating,Per controlled drawing,MAKE,STINGRAY custom,EXACT_ANALYTIC,0.0575,16804.536183684453,1,6,"{""xmin"":-44.01130366729327,""xmax"":0.013382279826200895,""ymin"":-45.56338227982621,""ymax"":-11.465594919664694,""zmin"":-0.013382279826209261,""zmax"":238.0133822798262}",neutral_ap242/DF8-SHORT14-CORDURA-CRADLE-LEFT-001__STOWED__LOCAL_AP242.step,20465,8f5e9df2a202bf5f8f99bc6351e69a65d7110243f4f85b246597bdc2d5e27bb9,native_brep/DF8-SHORT14-CORDURA-CRADLE-LEFT-001__STOWED__LOCAL_OCCT.brep,6032,4c25849188461f103dcd8735833ca073827f9f86484fdeb2c304c76e6e978198,renders/DF8-SHORT14-CORDURA-CRADLE-LEFT-001__STOWED__FOUR_VIEW.png,108636,b357c93aefa0e3c858a1b3193ced01e6a3ed4c0a233eaa3dabfe88c2e8fde559,CORDURA-CRADLE-LEFT in Shortened_Aft_Body_External_Buoy_Assembly/Aft_Buoy_Breakaway_Wrap_CORDURA,NOT GENERATED - REGISTERED BY OCCURRENCE/BBOX; SYSTEM VIEWS PROVIDED,NOT PROVIDED - RELEASE DRAWING/ANALYSIS RELEVANCE NOT ESTABLISHED,DEVELOPMENTAL PART DEFINITION - NOT RELEASED FOR FABRICATION OR PROCUREMENT
DF8-SHORT14-CORDURA-CRADLE-LEFT-001,AFT_BUOY_BREAKAWAY_WRAP_CORDURA_CRADLE_LEFT_PANEL_WITH_DRAINAGE_GAPS,DEPLOYED,A,AFT BUOY BREAKAWAY WRAP CORDURA CRADLE LEFT PANEL WITH DRAINAGE GAPS,1000D Cordura nylon with polyurethane coating,Per controlled drawing,MAKE,STINGRAY custom,EXACT_ANALYTIC,0.0575,16804.536183684453,1,6,"{""xmin"":-44.01130366729327,""xmax"":0.013382279826200895,""ymin"":-45.56338227982621,""ymax"":-11.465594919664694,""zmin"":-0.013382279826209261,""zmax"":238.0133822798262}",neutral_ap242/DF8-SHORT14-CORDURA-CRADLE-LEFT-001__DEPLOYED__LOCAL_AP242.step,20475,df5010d6a86d54f7060ac2375bc5ea8140319a38213c61cc39c08b33028e5a20,native_brep/DF8-SHORT14-CORDURA-CRADLE-LEFT-001__DEPLOYED__LOCAL_OCCT.brep,6032,4c25849188461f103dcd8735833ca073827f9f86484fdeb2c304c76e6e978198,renders/DF8-SHORT14-CORDURA-CRADLE-LEFT-001__DEPLOYED__FOUR_VIEW.png,109254,6f4647974a1f90f65ba3723db3756f619165b8a3a41b0b12ea7508e5ffaeb26e,CORDURA-CRADLE-LEFT in Shortened_Aft_Body_External_Buoy_Assembly/Aft_Buoy_Breakaway_Wrap_CORDURA,NOT GENERATED - REGISTERED BY OCCURRENCE/BBOX; SYSTEM VIEWS PROVIDED,NOT PROVIDED - RELEASE DRAWING/ANALYSIS RELEVANCE NOT ESTABLISHED,DEVELOPMENTAL PART DEFINITION - NOT RELEASED FOR FABRICATION OR PROCUREMENT
DF8-SHORT14-CORDURA-CRADLE-RIGHT-001,AFT_BUOY_BREAKAWAY_WRAP_CORDURA_CRADLE_RIGHT_PANEL_WITH_DRAINAGE_GAPS,STOWED,A,AFT BUOY BREAKAWAY WRAP CORDURA CRADLE RIGHT PANEL WITH DRAINAGE GAPS,1000D Cordura nylon with polyurethane coating,Per controlled drawing,MAKE,STINGRAY custom,EXACT_ANALYTIC,0.0575,16804.536183684366,1,6,"{""xmin"":-0.013382279826221595,""xmax"":44.01130366729327,""ymin"":-45.56338227982621,""ymax"":-11.465594919664685,""zmin"":-0.013382279826213228,""zmax"":238.0133822798262}",neutral_ap242/DF8-SHORT14-CORDURA-CRADLE-RIGHT-001__STOWED__LOCAL_AP242.step,20488,b313cfa258663c94226a3bdaef829099ddd92ea70c5eac35480d45104281e5c8,native_brep/DF8-SHORT14-CORDURA-CRADLE-RIGHT-001__STOWED__LOCAL_OCCT.brep,6081,f4a121949b187f42b0d842fbcb3a48864627c36bfb20c6a9033e1713d6abcaab,renders/DF8-SHORT14-CORDURA-CRADLE-RIGHT-001__STOWED__FOUR_VIEW.png,131283,c9d863b41ee45e1de263c301689ac3e494f09722f180c004328eeae2d9b8d590,CORDURA-CRADLE-RIGHT in Shortened_Aft_Body_External_Buoy_Assembly/Aft_Buoy_Breakaway_Wrap_CORDURA,NOT GENERATED - REGISTERED BY OCCURRENCE/BBOX; SYSTEM VIEWS PROVIDED,NOT PROVIDED - RELEASE DRAWING/ANALYSIS RELEVANCE NOT ESTABLISHED,DEVELOPMENTAL PART DEFINITION - NOT RELEASED FOR FABRICATION OR PROCUREMENT
DF8-SHORT14-CORDURA-CRADLE-RIGHT-001,AFT_BUOY_BREAKAWAY_WRAP_CORDURA_CRADLE_RIGHT_PANEL_WITH_DRAINAGE_GAPS,DEPLOYED,A,AFT BUOY BREAKAWAY WRAP CORDURA CRADLE RIGHT PANEL WITH DRAINAGE GAPS,1000D Cordura nylon with polyurethane coating,Per controlled drawing,MAKE,STINGRAY custom,EXACT_ANALYTIC,0.0575,16804.536183684366,1,6,"{""xmin"":-0.013382279826221595,""xmax"":44.01130366729327,""ymin"":-45.56338227982621,""ymax"":-11.465594919664685,""zmin"":-0.013382279826213228,""zmax"":238.0133822798262}",neutral_ap242/DF8-SHORT14-CORDURA-CRADLE-RIGHT-001__DEPLOYED__LOCAL_AP242.step,20498,109925cba3917f426b1a169d711bcd2e60de3a29cc192a86c290393a42e41d7f,native_brep/DF8-SHORT14-CORDURA-CRADLE-RIGHT-001__DEPLOYED__LOCAL_OCCT.brep,6081,f4a121949b187f42b0d842fbcb3a48864627c36bfb20c6a9033e1713d6abcaab,renders/DF8-SHORT14-CORDURA-CRADLE-RIGHT-001__DEPLOYED__FOUR_VIEW.png,131802,1a44064bd0df9abd79f63978651e4360907a4dc48015efe368f46db126d349ba,CORDURA-CRADLE-RIGHT in Shortened_Aft_Body_External_Buoy_Assembly/Aft_Buoy_Breakaway_Wrap_CORDURA,NOT GENERATED - REGISTERED BY OCCURRENCE/BBOX; SYSTEM VIEWS PROVIDED,NOT PROVIDED - RELEASE DRAWING/ANALYSIS RELEVANCE NOT ESTABLISHED,DEVELOPMENTAL PART DEFINITION - NOT RELEASED FOR FABRICATION OR PROCUREMENT
DF8-SHORT14-CROSSHEAD-001,ONE-PIECE_SIX-CLEVIS_GUIDED_COMMON_CROSSHEAD_WITHOUT_BOOLEAN_DEBRIS_SS,STOWED,A,ONE-PIECE SIX-CLEVIS GUIDED COMMON CROSSHEAD WITHOUT BOOLEAN DEBRIS,17-4PH stainless steel,ASTM A967 passivated; critical bearing surfaces ground,MAKE,STINGRAY custom,EXACT_ANALYTIC,0.01232918785989715,1590.8629496641483,1,123,"{""xmin"":-19.001381942116126,""xmax"":22.201291344147325,""ymin"":-21.62705530816186,""ymax"":21.62705530816186,""zmin"":-4.5008553800794795,""zmax"":4.500855380079478}",neutral_ap242/DF8-SHORT14-CROSSHEAD-001__STOWED__LOCAL_AP242.step,480817,53021f7e811330a9937965ebeea3a14bfafda23680554d988d00cb0dfedfcc4a,native_brep/DF8-SHORT14-CROSSHEAD-001__STOWED__LOCAL_OCCT.brep,164202,2c5cc6c4683701231199b5ed37b2da53c9d9973fbcb0dd3efc3f19fccfebd586,renders/DF8-SHORT14-CROSSHEAD-001__STOWED__FOUR_VIEW.png,207001,715aeeb312a523ddca07952c476ec0d7d41ec9f307d2b14c253e353707fef290,CROSSHEAD-001 in Arm_Activation_Powertrain_Assembly,NOT GENERATED - REGISTERED BY OCCURRENCE/BBOX; SYSTEM VIEWS PROVIDED,NOT PROVIDED - RELEASE DRAWING/ANALYSIS RELEVANCE NOT ESTABLISHED,DEVELOPMENTAL PART DEFINITION - NOT RELEASED FOR FABRICATION OR PROCUREMENT
DF8-SHORT14-FIXED-SECTOR-001,SHORTENED_ANALYTIC_CYLINDRICAL_FIXED_BODY_SECTOR_TI,STOWED,A,SHORTENED ANALYTIC CYLINDRICAL FIXED BODY SECTOR,Ti-6Al-4V,ASTM B600 clean/passivate; drawing-controlled surface finish,MAKE,STINGRAY custom,EXACT_ANALYTIC,0.17781369911265105,40138.53253107247,1,32,"{""xmin"":21.158421361980068,""xmax"":28.50855144848078,""ymin"":-13.825625625501399,""ymax"":13.825625625501385,""zmin"":-0.008551448480775197,""zmax"":389.40855144848075}",neutral_ap242/DF8-SHORT14-FIXED-SECTOR-001__STOWED__LOCAL_AP242.step,128318,474076b05aa035228e943dad5e81e977613e9a12d555699079f15a39834f4e10,native_brep/DF8-SHORT14-FIXED-SECTOR-001__STOWED__LOCAL_OCCT.brep,44341,d778e0360f87d6002cf94282c330027cc8a037cc381dc052c06bebe6a9df6083,renders/DF8-SHORT14-FIXED-SECTOR-001__STOWED__FOUR_VIEW.png,74427,ff04dcee155291df25499cdb5f369feba1533030eee13ba43933b0181369417a,FIXED-SECTOR-1 in Arm_Activation_Powertrain_Assembly | FIXED-SECTOR-2 in Arm_Activation_Powertrain_Assembly,NOT GENERATED - REGISTERED BY OCCURRENCE/BBOX; SYSTEM VIEWS PROVIDED,NOT PROVIDED - RELEASE DRAWING/ANALYSIS RELEVANCE NOT ESTABLISHED,DEVELOPMENTAL PART DEFINITION - NOT RELEASED FOR FABRICATION OR PROCUREMENT
DF8-SHORT14-HOOK-STRIP-001,WET-RATED_HOOK_CLOSURE_STRIP,STOWED,A,WET-RATED HOOK CLOSURE STRIP,Nylon hook-and-loop,Per controlled drawing,MAKE,STINGRAY custom,EXACT_ANALYTIC,0.012,565.3302961451839,1,6,"{""xmin"":-8.243757689506017,""xmax"":4.9674832269802955,""ymin"":46.47014602584681,""ymax"":47.409625467471855,""zmin"":-0.012834068093521948,""zmax"":214.01283406809353}",neutral_ap242/DF8-SHORT14-HOOK-STRIP-001__STOWED__LOCAL_AP242.step,20302,ae68c5826e4a9f6949f5d88dd3fec77d4dc94c4fdecf35d0ed95fd03f8713b27,native_brep/DF8-SHORT14-HOOK-STRIP-001__STOWED__LOCAL_OCCT.brep,6205,089980167b47c9350b16730448451dbfa73e13d0d6e459b7e5007b54edfe609e,renders/DF8-SHORT14-HOOK-STRIP-001__STOWED__FOUR_VIEW.png,62819,4f99516aba95ade43eab1165f25313b47eeaf04a7d1db42893a0423719523031,HOOK-STRIP in Shortened_Aft_Body_External_Buoy_Assembly/Aft_Buoy_Breakaway_Wrap_CORDURA,NOT GENERATED - REGISTERED BY OCCURRENCE/BBOX; SYSTEM VIEWS PROVIDED,NOT PROVIDED - RELEASE DRAWING/ANALYSIS RELEVANCE NOT ESTABLISHED,DEVELOPMENTAL PART DEFINITION - NOT RELEASED FOR FABRICATION OR PROCUREMENT
DF8-SHORT14-HOOK-STRIP-001,WET-RATED_HOOK_CLOSURE_STRIP,DEPLOYED,A,WET-RATED HOOK CLOSURE STRIP,Nylon hook-and-loop,Per controlled drawing,MAKE,STINGRAY custom,EXACT_ANALYTIC,0.012,565.3302961451839,1,6,"{""xmin"":-8.243757689506017,""xmax"":4.9674832269802955,""ymin"":46.47014602584681,""ymax"":47.409625467471855,""zmin"":-0.012834068093521948,""zmax"":214.01283406809353}",neutral_ap242/DF8-SHORT14-HOOK-STRIP-001__DEPLOYED__LOCAL_AP242.step,20312,7bf118311280c397a55424e871d4351b565dc908bb734c25e3b41e52245b6d5b,native_brep/DF8-SHORT14-HOOK-STRIP-001__DEPLOYED__LOCAL_OCCT.brep,5436,e9d93c6fbc3be7edeca859fe3adbf14a7ca3ffc4fd762910d803c643f0ad696b,renders/DF8-SHORT14-HOOK-STRIP-001__DEPLOYED__FOUR_VIEW.png,62646,d474829b30c14f79e1993ae7fb3b199cc78e9cabd1155036500c2f57d2a2e89f,HOOK-STRIP in Shortened_Aft_Body_External_Buoy_Assembly/Aft_Buoy_Breakaway_Wrap_CORDURA,NOT GENERATED - REGISTERED BY OCCURRENCE/BBOX; SYSTEM VIEWS PROVIDED,NOT PROVIDED - RELEASE DRAWING/ANALYSIS RELEVANCE NOT ESTABLISHED,DEVELOPMENTAL PART DEFINITION - NOT RELEASED FOR FABRICATION OR PROCUREMENT
DF8-SHORT14-INFLATOR-GUARD-001,INFLATOR_IMPACT_GUARD_WITH_OPEN_WATER_PATH_TI,STOWED,A,INFLATOR IMPACT GUARD WITH OPEN WATER PATH,Ti-6Al-4V,ASTM B600 clean/passivate; drawing-controlled surface finish,MAKE,STINGRAY custom,EXACT_ANALYTIC,0.055,1512.0000000000002,1,10,"{""xmin"":-1.5000001000000018,""xmax"":1.5000001000000018,""ymin"":-15.500000100000001,""ymax"":15.500000100000001,""zmin"":-29.5000001,""zmax"":29.5000001}",neutral_ap242/DF8-SHORT14-INFLATOR-GUARD-001__STOWED__LOCAL_AP242.step,31931,2a1c7de0d211666e14e9d342b6133875cd99c1ca8880f13774fb2abf8481b8ad,native_brep/DF8-SHORT14-INFLATOR-GUARD-001__STOWED__LOCAL_OCCT.brep,6214,c741f95f0cb188f76954936db00b24b0e1b1de98b8b6534b149788b01995822b,renders/DF8-SHORT14-INFLATOR-GUARD-001__STOWED__FOUR_VIEW.png,85258,be13c42c1510c6d20430bdc24d15e6e1fd79e74b3ac23e5886ba45d3922e19b0,INFLATOR-GUARD in Shortened_Aft_Body_External_Buoy_Assembly/Buoy_Mounted_Automatic_Manual_Inflation_Assembly,NOT GENERATED - REGISTERED BY OCCURRENCE/BBOX; SYSTEM VIEWS PROVIDED,NOT PROVIDED - RELEASE DRAWING/ANALYSIS RELEVANCE NOT ESTABLISHED,DEVELOPMENTAL PART DEFINITION - NOT RELEASED FOR FABRICATION OR PROCUREMENT
DF8-SHORT14-LOOP-STRIP-001,WET-RATED_LOOP_CLOSURE_STRIP,STOWED,A,WET-RATED LOOP CLOSURE STRIP,Nylon hook-and-loop,Per controlled drawing,MAKE,STINGRAY custom,EXACT_ANALYTIC,0.012,85.02364469773102,1,6,"{""xmin"":-8.250714446965521,""xmax"":4.971675195863828,""ymin"":46.67689879462706,""ymax"":47.44963359014482,""zmin"":-0.01284489844634783,""zmax"":214.01284489844636}",neutral_ap242/DF8-SHORT14-LOOP-STRIP-001__STOWED__LOCAL_AP242.step,20313,96f5668d11b3da78aec244a735e31e5fdd83496b9a75c7f99d934004f112506f,native_brep/DF8-SHORT14-LOOP-STRIP-001__STOWED__LOCAL_OCCT.brep,5526,bdc0eb0080436a50784303809cd4b59f2fec652f68a67b4b3bd7a0c069482fe0,renders/DF8-SHORT14-LOOP-STRIP-001__STOWED__FOUR_VIEW.png,61892,1f491b8f8d631fd05a361175565a01e325d2e2b8ef9df01249a359d16e6eb478,LOOP-STRIP in Shortened_Aft_Body_External_Buoy_Assembly/Aft_Buoy_Breakaway_Wrap_CORDURA,NOT GENERATED - REGISTERED BY OCCURRENCE/BBOX; SYSTEM VIEWS PROVIDED,NOT PROVIDED - RELEASE DRAWING/ANALYSIS RELEVANCE NOT ESTABLISHED,DEVELOPMENTAL PART DEFINITION - NOT RELEASED FOR FABRICATION OR PROCUREMENT
DF8-SHORT14-LOOP-STRIP-001,WET-RATED_LOOP_CLOSURE_STRIP,DEPLOYED,A,WET-RATED LOOP CLOSURE STRIP,Nylon hook-and-loop,Per controlled drawing,MAKE,STINGRAY custom,EXACT_ANALYTIC,0.012,85.02364469773102,1,6,"{""xmin"":-8.250714446965521,""xmax"":4.971675195863828,""ymin"":46.67689879462706,""ymax"":47.44963359014482,""zmin"":-0.01284489844634783,""zmax"":214.01284489844636}",neutral_ap242/DF8-SHORT14-LOOP-STRIP-001__DEPLOYED__LOCAL_AP242.step,20323,66921768e28ba09252b3b41f124f671ebbc5fbc9dc65d67fdabc8bc80427b123,native_brep/DF8-SHORT14-LOOP-STRIP-001__DEPLOYED__LOCAL_OCCT.brep,5526,bdc0eb0080436a50784303809cd4b59f2fec652f68a67b4b3bd7a0c069482fe0,renders/DF8-SHORT14-LOOP-STRIP-001__DEPLOYED__FOUR_VIEW.png,61686,6f1d4b60a37c9bb1c148c38bd6e026ea7ffcf99aa30d09485b9ddc7d27b2038f,LOOP-STRIP in Shortened_Aft_Body_External_Buoy_Assembly/Aft_Buoy_Breakaway_Wrap_CORDURA,NOT GENERATED - REGISTERED BY OCCURRENCE/BBOX; SYSTEM VIEWS PROVIDED,NOT PROVIDED - RELEASE DRAWING/ANALYSIS RELEVANCE NOT ESTABLISHED,DEVELOPMENTAL PART DEFINITION - NOT RELEASED FOR FABRICATION OR PROCUREMENT
DF8-SHORT14-MANUAL-PULL-LANYARD-001,MANUAL_INFLATOR_PULL_LANYARD_WITH_MODELED_SLACK_AND_FIRED_TRAVEL_HMPE,STOWED,A,MANUAL INFLATOR PULL LANYARD WITH MODELED SLACK AND FIRED TRAVEL,HMPE cord,"Chafe-protected, heat-sealed and clean",MAKE,STINGRAY custom,EXACT_ANALYTIC,0.008,223.39561529032053,1,13,"{""xmin"":-1.0423076455757703,""xmax"":29.92835115503485,""ymin"":-1.2014758118585531,""ymax"":7.201178923210802,""zmin"":17.40421739894538,""zmax"":55.86700752687069}",neutral_ap242/DF8-SHORT14-MANUAL-PULL-LANYARD-001__STOWED__LOCAL_AP242.step,50005,de1f5441985060f85ffa20d9a1b38f4890c95b94f355ce3b860bc5a9981aeabe,native_brep/DF8-SHORT14-MANUAL-PULL-LANYARD-001__STOWED__LOCAL_OCCT.brep,19835,8d9486f782399c9179594102f02efe8c43d987059ec26209aaffca535f647358,renders/DF8-SHORT14-MANUAL-PULL-LANYARD-001__STOWED__FOUR_VIEW.png,113283,4b3580591e5976e48fa755c0ca40e1cdd2d753fb719e1daa0a35e90df3cbd87f,MANUAL-PULL-LANYARD in Shortened_Aft_Body_External_Buoy_Assembly/Buoy_Mounted_Automatic_Manual_Inflation_Assembly,NOT GENERATED - REGISTERED BY OCCURRENCE/BBOX; SYSTEM VIEWS PROVIDED,NOT PROVIDED - RELEASE DRAWING/ANALYSIS RELEVANCE NOT ESTABLISHED,DEVELOPMENTAL PART DEFINITION - NOT RELEASED FOR FABRICATION OR PROCUREMENT
DF8-SHORT14-MANUAL-PULL-LANYARD-001,MANUAL_INFLATOR_PULL_LANYARD_WITH_MODELED_SLACK_AND_FIRED_TRAVEL_HMPE,DEPLOYED,A,MANUAL INFLATOR PULL LANYARD WITH MODELED SLACK AND FIRED TRAVEL,HMPE cord,"Chafe-protected, heat-sealed and clean",MAKE,STINGRAY custom,EXACT_ANALYTIC,0.008,303.09931420155266,1,13,"{""xmin"":-0.9115271115746292,""xmax"":45.87013375248947,""ymin"":-1.2014583693287086,""ymax"":9.20145201389351,""zmin"":17.218631163116566,""zmax"":64.91401213451866}",neutral_ap242/DF8-SHORT14-MANUAL-PULL-LANYARD-001__DEPLOYED__LOCAL_AP242.step,51731,a621bb00d242a3a664d74d789e9e4b5706618b0fa3796f4ee88efd334ebc7f41,native_brep/DF8-SHORT14-MANUAL-PULL-LANYARD-001__DEPLOYED__LOCAL_OCCT.brep,20187,868612ad8d6dd0ef428046ef6bdfa28abc343ad67f1d9de9e741005fe4b230ec,renders/DF8-SHORT14-MANUAL-PULL-LANYARD-001__DEPLOYED__FOUR_VIEW.png,98786,b04eab35a2705f28762d10ff0f986c9a2d5caf9d3260a7c84e26483d4425f241,MANUAL-PULL-LANYARD in Shortened_Aft_Body_External_Buoy_Assembly/Buoy_Mounted_Automatic_Manual_Inflation_Assembly,NOT GENERATED - REGISTERED BY OCCURRENCE/BBOX; SYSTEM VIEWS PROVIDED,NOT PROVIDED - RELEASE DRAWING/ANALYSIS RELEVANCE NOT ESTABLISHED,DEVELOPMENTAL PART DEFINITION - NOT RELEASED FOR FABRICATION OR PROCUREMENT
DF8-SHORT14-MANUAL-PULL-TAB-001,GLOVED-HAND_MANUAL_PULL_TAB_WITH_SNAG-RETENTION_KEEPER_TPU,STOWED,A,GLOVED-HAND MANUAL PULL TAB WITH SNAG-RETENTION KEEPER,TPU overmold on HMPE webbing,"Chafe-protected, heat-sealed and clean",MAKE,STINGRAY custom,EXACT_ANALYTIC,0.018,2790.938070170253,1,7,"{""xmin"":-2.0012433719967353,""xmax"":2.0012433719967353,""ymin"":-17.000000100000005,""ymax"":17.000000100000005,""zmin"":-11.000000100000005,""zmax"":11.000000100000005}",neutral_ap242/DF8-SHORT14-MANUAL-PULL-TAB-001__STOWED__LOCAL_AP242.step,21588,7cad3ff39f70c7ec2df4bb9e2fb451fc0defd44b753f2e0e1a6c7e8906771a5e,native_brep/DF8-SHORT14-MANUAL-PULL-TAB-001__STOWED__LOCAL_OCCT.brep,3664,b33ebb716e9dc29763279746a09f442dd3c5afd0ef2b7e35d5940e439b5b4779,renders/DF8-SHORT14-MANUAL-PULL-TAB-001__STOWED__FOUR_VIEW.png,179529,bbb7a9c924b14cdeef6250def5fd33e99e7494f6e40d8097572f6d76dc5b5c55,MANUAL-PULL-TAB in Shortened_Aft_Body_External_Buoy_Assembly/Buoy_Mounted_Automatic_Manual_Inflation_Assembly,NOT GENERATED - REGISTERED BY OCCURRENCE/BBOX; SYSTEM VIEWS PROVIDED,NOT PROVIDED - RELEASE DRAWING/ANALYSIS RELEVANCE NOT ESTABLISHED,DEVELOPMENTAL PART DEFINITION - NOT RELEASED FOR FABRICATION OR PROCUREMENT
DF8-SHORT14-PACK-ATTACHMENT-COLLAR-001,LOW-PROFILE_PACK_ATTACHMENT_COLLAR_WITHIN_57.15_MM_RIGID_LIMIT_TI,STOWED,A,LOW-PROFILE PACK ATTACHMENT COLLAR WITHIN 57.15 MM RIGID LIMIT,Ti-6Al-4V,ASTM B600 clean/passivate; drawing-controlled surface finish,MAKE,STINGRAY custom,EXACT_ANALYTIC,0.005333788153283115,1204.015384488288,1,4,"{""xmin"":-28.258780708476944,""xmax"":28.258780708476944,""ymin"":-28.25000010000001,""ymax"":28.250000100000005,""zmin"":-2.008780708476944,""zmax"":2.008780708476944}",neutral_ap242/DF8-SHORT14-PACK-ATTACHMENT-COLLAR-001__STOWED__LOCAL_AP242.step,11699,ceaa3c301cc149b410bd4ec8082097f985c8ac5878739f2737cc02af589ee66f,native_brep/DF8-SHORT14-PACK-ATTACHMENT-COLLAR-001__STOWED__LOCAL_OCCT.brep,3291,6b72f257566d6ddf6e73824a5753bfff20e2ac570e04419bd519377fb54bfdd8,renders/DF8-SHORT14-PACK-ATTACHMENT-COLLAR-001__STOWED__FOUR_VIEW.png,140783,657cd1a91a7fe12d9ff72ed20748dfb36f3391e90a109ece07e3b19edb88bbfb,PACK-ATTACHMENT-COLLAR-1 in Shortened_Aft_Body_External_Buoy_Assembly/Shortened_Aft_Structure_Assembly | PACK-ATTACHMENT-COLLAR-2 in Shortened_Aft_Body_External_Buoy_Assembly/Shortened_Aft_Structure_Assembly,NOT GENERATED - REGISTERED BY OCCURRENCE/BBOX; SYSTEM VIEWS PROVIDED,NOT PROVIDED - RELEASE DRAWING/ANALYSIS RELEVANCE NOT ESTABLISHED,DEVELOPMENTAL PART DEFINITION - NOT RELEASED FOR FABRICATION OR PROCUREMENT
DF8-SHORT14-PACK-ATTACHMENT-WEBBING-001,STRUCTURAL_PACK-RETENTION_WEBBING_STRAP_HMPE,STOWED,A,STRUCTURAL PACK-RETENTION WEBBING STRAP,HMPE webbing,"Chafe-protected, heat-sealed and clean",MAKE,STINGRAY custom,EXACT_ANALYTIC,0.028,4071.5040790523562,1,4,"{""xmin"":-45.61417340076279,""xmax"":45.61417340076279,""ymin"":-45.60000010000002,""ymax"":45.60000010000001,""zmin"":-6.014173400762788,""zmax"":6.014173400762788}",neutral_ap242/DF8-SHORT14-PACK-ATTACHMENT-WEBBING-001__STOWED__LOCAL_AP242.step,11597,25de58440eb3bfd6a73836334a991c0e5a3d7e48a38a50cfa76cf02866657f2b,native_brep/DF8-SHORT14-PACK-ATTACHMENT-WEBBING-001__STOWED__LOCAL_OCCT.brep,2237,ea628d1de2fc25ee818d03cf10f753f8b4e91f6da937efa8a43b4bee223b4b4d,renders/DF8-SHORT14-PACK-ATTACHMENT-WEBBING-001__STOWED__FOUR_VIEW.png,146304,78be994d88756cd08e464af1d6f453299f1a36d506e6b9c7904303682eac1d66,PACK-ATTACHMENT-WEBBING-1 in Shortened_Aft_Body_External_Buoy_Assembly/Aft_Buoy_Breakaway_Wrap_CORDURA | PACK-ATTACHMENT-WEBBING-2 in Shortened_Aft_Body_External_Buoy_Assembly/Aft_Buoy_Breakaway_Wrap_CORDURA,NOT GENERATED - REGISTERED BY OCCURRENCE/BBOX; SYSTEM VIEWS PROVIDED,NOT PROVIDED - RELEASE DRAWING/ANALYSIS RELEVANCE NOT ESTABLISHED,DEVELOPMENTAL PART DEFINITION - NOT RELEASED FOR FABRICATION OR PROCUREMENT
DF8-SHORT14-PACK-ATTACHMENT-WEBBING-001,STRUCTURAL_PACK-RETENTION_WEBBING_STRAP_HMPE,DEPLOYED,A,STRUCTURAL PACK-RETENTION WEBBING STRAP,HMPE webbing,"Chafe-protected, heat-sealed and clean",MAKE,STINGRAY custom,EXACT_ANALYTIC,0.028,4071.5040790523562,1,4,"{""xmin"":-45.61417340076279,""xmax"":45.61417340076279,""ymin"":-45.60000010000002,""ymax"":45.60000010000001,""zmin"":-6.014173400762788,""zmax"":6.014173400762788}",neutral_ap242/DF8-SHORT14-PACK-ATTACHMENT-WEBBING-001__DEPLOYED__LOCAL_AP242.step,11604,30e169166d70c448d6845fad7595832af4b545ac347b942ec7630252769fea05,native_brep/DF8-SHORT14-PACK-ATTACHMENT-WEBBING-001__DEPLOYED__LOCAL_OCCT.brep,2237,ea628d1de2fc25ee818d03cf10f753f8b4e91f6da937efa8a43b4bee223b4b4d,renders/DF8-SHORT14-PACK-ATTACHMENT-WEBBING-001__DEPLOYED__FOUR_VIEW.png,146792,257174ef5904417fa2ee2ae7125455282683b1d8a6aaa14b3bce1a1d85d5f7b8,PACK-ATTACHMENT-WEBBING-1 in Shortened_Aft_Body_External_Buoy_Assembly/Aft_Buoy_Breakaway_Wrap_CORDURA | PACK-ATTACHMENT-WEBBING-2 in Shortened_Aft_Body_External_Buoy_Assembly/Aft_Buoy_Breakaway_Wrap_CORDURA,NOT GENERATED - REGISTERED BY OCCURRENCE/BBOX; SYSTEM VIEWS PROVIDED,NOT PROVIDED - RELEASE DRAWING/ANALYSIS RELEVANCE NOT ESTABLISHED,DEVELOPMENTAL PART DEFINITION - NOT RELEASED FOR FABRICATION OR PROCUREMENT
DF8-SHORT14-PACK-EDGE-BAND-001,REINFORCED_PACK_EDGE_BINDING_HMPE,STOWED,A,REINFORCED PACK EDGE BINDING,Cordura binding and HMPE webbing,"Chafe-protected, heat-sealed and clean",MAKE,STINGRAY custom,EXACT_ANALYTIC,0.02,7087.43302649858,1,4,"{""xmin"":-49.015230181960014,""xmax"":49.015230181960014,""ymin"":-49.00000010000002,""ymax"":49.00000010000001,""zmin"":-3.015230181960014,""zmax"":3.015230181960014}",neutral_ap242/DF8-SHORT14-PACK-EDGE-BAND-001__STOWED__LOCAL_AP242.step,11518,71e09e3ad9a42b6b28366895f73263ffdd990c7dfb25a23013b5468e3b0b48eb,native_brep/DF8-SHORT14-PACK-EDGE-BAND-001__STOWED__LOCAL_OCCT.brep,2015,41d18062623573ed48b71f1f0cdfd336d0abc2d9e95f1ac691877a004a359815,renders/DF8-SHORT14-PACK-EDGE-BAND-001__STOWED__FOUR_VIEW.png,140087,37c5515e8b70760ab60276b12fac7f2cd4ca0279bdba2cfff2d18a9e772614f9,PACK-EDGE-BAND-1 in Shortened_Aft_Body_External_Buoy_Assembly/Aft_Buoy_Breakaway_Wrap_CORDURA | PACK-EDGE-BAND-2 in Shortened_Aft_Body_External_Buoy_Assembly/Aft_Buoy_Breakaway_Wrap_CORDURA,NOT GENERATED - REGISTERED BY OCCURRENCE/BBOX; SYSTEM VIEWS PROVIDED,NOT PROVIDED - RELEASE DRAWING/ANALYSIS RELEVANCE NOT ESTABLISHED,DEVELOPMENTAL PART DEFINITION - NOT RELEASED FOR FABRICATION OR PROCUREMENT
DF8-SHORT14-PACK-EDGE-BAND-001,REINFORCED_PACK_EDGE_BINDING_HMPE,DEPLOYED,A,REINFORCED PACK EDGE BINDING,Cordura binding and HMPE webbing,"Chafe-protected, heat-sealed and clean",MAKE,STINGRAY custom,EXACT_ANALYTIC,0.02,7087.43302649858,1,4,"{""xmin"":-49.015230181960014,""xmax"":49.015230181960014,""ymin"":-49.00000010000002,""ymax"":49.00000010000001,""zmin"":-3.015230181960014,""zmax"":3.015230181960014}",neutral_ap242/DF8-SHORT14-PACK-EDGE-BAND-001__DEPLOYED__LOCAL_AP242.step,11531,0bbc787a1a736443b8dab3ba46db0c8baf4120d2ac3d05cc354dbf918137ddbd,native_brep/DF8-SHORT14-PACK-EDGE-BAND-001__DEPLOYED__LOCAL_OCCT.brep,2015,41d18062623573ed48b71f1f0cdfd336d0abc2d9e95f1ac691877a004a359815,renders/DF8-SHORT14-PACK-EDGE-BAND-001__DEPLOYED__FOUR_VIEW.png,139917,7693bdcaf7ca65b284358ef8c80139763cf6271cb1332e006d9b951766609bcd,PACK-EDGE-BAND-1 in Shortened_Aft_Body_External_Buoy_Assembly/Aft_Buoy_Breakaway_Wrap_CORDURA | PACK-EDGE-BAND-2 in Shortened_Aft_Body_External_Buoy_Assembly/Aft_Buoy_Breakaway_Wrap_CORDURA,NOT GENERATED - REGISTERED BY OCCURRENCE/BBOX; SYSTEM VIEWS PROVIDED,NOT PROVIDED - RELEASE DRAWING/ANALYSIS RELEVANCE NOT ESTABLISHED,DEVELOPMENTAL PART DEFINITION - NOT RELEASED FOR FABRICATION OR PROCUREMENT
DF8-SHORT14-PACK-RADIAL-TIE-1-1,PACK_COLLAR-TO-CRADLE_RADIAL_WEBBING_TIE_HMPE,STOWED,A,PACK COLLAR-TO-CRADLE RADIAL WEBBING TIE,HMPE webbing,"Chafe-protected, heat-sealed and clean",MAKE,STINGRAY custom,EXACT_ANALYTIC,0.004,258.0,1,6,"{""xmin"":27.9999999,""xmax"":45.20000010000001,""ymin"":-2.500000100000007,""ymax"":2.500000100000007,""zmin"":-1.5000001000000072,""zmax"":1.5000001000000072}",neutral_ap242/DF8-SHORT14-PACK-RADIAL-TIE-1-1__STOWED__LOCAL_AP242.step,17744,37539cd481ea67a19db7e210dd92c7a19898b35bae956621c863c94e81fd8222,native_brep/DF8-SHORT14-PACK-RADIAL-TIE-1-1__STOWED__LOCAL_OCCT.brep,3035,4e16faed195513e1c0ba19f26c45d1f092db8bab54ca03e2177095714c172fec,renders/DF8-SHORT14-PACK-RADIAL-TIE-1-1__STOWED__FOUR_VIEW.png,75304,b744cfd3ffe12b8882a7ae53752c5334f35fdd1631017c1d4e8cb95b72e341f7,PACK-RADIAL-TIE-1-1 in Shortened_Aft_Body_External_Buoy_Assembly/Aft_Buoy_Breakaway_Wrap_CORDURA,NOT GENERATED - REGISTERED BY OCCURRENCE/BBOX; SYSTEM VIEWS PROVIDED,NOT PROVIDED - RELEASE DRAWING/ANALYSIS RELEVANCE NOT ESTABLISHED,DEVELOPMENTAL PART DEFINITION - NOT RELEASED FOR FABRICATION OR PROCUREMENT
DF8-SHORT14-PACK-RADIAL-TIE-1-1,PACK_COLLAR-TO-CRADLE_RADIAL_WEBBING_TIE_HMPE,DEPLOYED,A,PACK COLLAR-TO-CRADLE RADIAL WEBBING TIE,HMPE webbing,"Chafe-protected, heat-sealed and clean",MAKE,STINGRAY custom,EXACT_ANALYTIC,0.004,258.0,1,6,"{""xmin"":27.9999999,""xmax"":45.20000010000001,""ymin"":-2.500000100000007,""ymax"":2.500000100000007,""zmin"":-1.5000001000000072,""zmax"":1.5000001000000072}",neutral_ap242/DF8-SHORT14-PACK-RADIAL-TIE-1-1__DEPLOYED__LOCAL_AP242.step,17757,3994731bc0370483285963b04cf01063d1d8280e5cb937def725ba113d59efd2,native_brep/DF8-SHORT14-PACK-RADIAL-TIE-1-1__DEPLOYED__LOCAL_OCCT.brep,3035,4e16faed195513e1c0ba19f26c45d1f092db8bab54ca03e2177095714c172fec,renders/DF8-SHORT14-PACK-RADIAL-TIE-1-1__DEPLOYED__FOUR_VIEW.png,75246,1c6317d060775c340fe3015844c647ada32a231489ab373279511d65fd315f07,PACK-RADIAL-TIE-1-1 in Shortened_Aft_Body_External_Buoy_Assembly/Aft_Buoy_Breakaway_Wrap_CORDURA,NOT GENERATED - REGISTERED BY OCCURRENCE/BBOX; SYSTEM VIEWS PROVIDED,NOT PROVIDED - RELEASE DRAWING/ANALYSIS RELEVANCE NOT ESTABLISHED,DEVELOPMENTAL PART DEFINITION - NOT RELEASED FOR FABRICATION OR PROCUREMENT
DF8-SHORT14-PACK-RADIAL-TIE-1-2,PACK_COLLAR-TO-CRADLE_RADIAL_WEBBING_TIE_HMPE_02,STOWED,A,PACK COLLAR-TO-CRADLE RADIAL WEBBING TIE,HMPE webbing,"Chafe-protected, heat-sealed and clean",MAKE,STINGRAY custom,EXACT_ANALYTIC,0.004,258.0,1,6,"{""xmin"":27.9999999,""xmax"":45.20000010000001,""ymin"":-2.500000100000007,""ymax"":2.500000100000007,""zmin"":-1.5000001000000072,""zmax"":1.5000001000000072}",neutral_ap242/DF8-SHORT14-PACK-RADIAL-TIE-1-2__STOWED__LOCAL_AP242.step,17762,786f4cadf3fd915b40f7c2db68b645a99741a5c91ee0234bab6086210e1b43f5,native_brep/DF8-SHORT14-PACK-RADIAL-TIE-1-2__STOWED__LOCAL_OCCT.brep,3035,4e16faed195513e1c0ba19f26c45d1f092db8bab54ca03e2177095714c172fec,renders/DF8-SHORT14-PACK-RADIAL-TIE-1-2__STOWED__FOUR_VIEW.png,76245,d9705ad20c3bc95d81d5bc8bea700ed3f8927d8712566e542ac6222451a85c65,PACK-RADIAL-TIE-1-2 in Shortened_Aft_Body_External_Buoy_Assembly/Aft_Buoy_Breakaway_Wrap_CORDURA,NOT GENERATED - REGISTERED BY OCCURRENCE/BBOX; SYSTEM VIEWS PROVIDED,NOT PROVIDED - RELEASE DRAWING/ANALYSIS RELEVANCE NOT ESTABLISHED,DEVELOPMENTAL PART DEFINITION - NOT RELEASED FOR FABRICATION OR PROCUREMENT
DF8-SHORT14-PACK-RADIAL-TIE-1-2,PACK_COLLAR-TO-CRADLE_RADIAL_WEBBING_TIE_HMPE_02,DEPLOYED,A,PACK COLLAR-TO-CRADLE RADIAL WEBBING TIE,HMPE webbing,"Chafe-protected, heat-sealed and clean",MAKE,STINGRAY custom,EXACT_ANALYTIC,0.004,258.0,1,6,"{""xmin"":27.9999999,""xmax"":45.20000010000001,""ymin"":-2.500000100000007,""ymax"":2.500000100000007,""zmin"":-1.5000001000000072,""zmax"":1.5000001000000072}",neutral_ap242/DF8-SHORT14-PACK-RADIAL-TIE-1-2__DEPLOYED__LOCAL_AP242.step,17774,1ccffc785318a7a5154f0aa228b570a9f6de81ef0964d9b8a9bd5c7a7eb1642c,native_brep/DF8-SHORT14-PACK-RADIAL-TIE-1-2__DEPLOYED__LOCAL_OCCT.brep,3035,4e16faed195513e1c0ba19f26c45d1f092db8bab54ca03e2177095714c172fec,renders/DF8-SHORT14-PACK-RADIAL-TIE-1-2__DEPLOYED__FOUR_VIEW.png,76095,e3d9632d6dc417293a6301137cfa6bef4738a10bc524f753dfb398f5d185ae12,PACK-RADIAL-TIE-1-2 in Shortened_Aft_Body_External_Buoy_Assembly/Aft_Buoy_Breakaway_Wrap_CORDURA,NOT GENERATED - REGISTERED BY OCCURRENCE/BBOX; SYSTEM VIEWS PROVIDED,NOT PROVIDED - RELEASE DRAWING/ANALYSIS RELEVANCE NOT ESTABLISHED,DEVELOPMENTAL PART DEFINITION - NOT RELEASED FOR FABRICATION OR PROCUREMENT
DF8-SHORT14-PACK-RADIAL-TIE-1-3,PACK_COLLAR-TO-CRADLE_RADIAL_WEBBING_TIE_HMPE_03,STOWED,A,PACK COLLAR-TO-CRADLE RADIAL WEBBING TIE,HMPE webbing,"Chafe-protected, heat-sealed and clean",MAKE,STINGRAY custom,EXACT_ANALYTIC,0.004,258.0,1,6,"{""xmin"":27.9999999,""xmax"":45.20000010000001,""ymin"":-2.500000100000007,""ymax"":2.500000100000007,""zmin"":-1.5000001000000072,""zmax"":1.5000001000000072}",neutral_ap242/DF8-SHORT14-PACK-RADIAL-TIE-1-3__STOWED__LOCAL_AP242.step,17762,447e77e33c58ad30bf7acd31b91a25edc6dfabd06fc52bada976f2e9c8a6d5bc,native_brep/DF8-SHORT14-PACK-RADIAL-TIE-1-3__STOWED__LOCAL_OCCT.brep,3035,87611f294e0a262d73534dcab9bd156ac9b734787bf69312c51cb2e042857c5d,renders/DF8-SHORT14-PACK-RADIAL-TIE-1-3__STOWED__FOUR_VIEW.png,76362,5341888dfd15066bd47eeaa7147dd461322d02a7d24b925ea0cc28f8bfbf33e2,PACK-RADIAL-TIE-1-3 in Shortened_Aft_Body_External_Buoy_Assembly/Aft_Buoy_Breakaway_Wrap_CORDURA,NOT GENERATED - REGISTERED BY OCCURRENCE/BBOX; SYSTEM VIEWS PROVIDED,NOT PROVIDED - RELEASE DRAWING/ANALYSIS RELEVANCE NOT ESTABLISHED,DEVELOPMENTAL PART DEFINITION - NOT RELEASED FOR FABRICATION OR PROCUREMENT
DF8-SHORT14-PACK-RADIAL-TIE-1-3,PACK_COLLAR-TO-CRADLE_RADIAL_WEBBING_TIE_HMPE_03,DEPLOYED,A,PACK COLLAR-TO-CRADLE RADIAL WEBBING TIE,HMPE webbing,"Chafe-protected, heat-sealed and clean",MAKE,STINGRAY custom,EXACT_ANALYTIC,0.004,258.0,1,6,"{""xmin"":27.9999999,""xmax"":45.20000010000001,""ymin"":-2.500000100000007,""ymax"":2.500000100000007,""zmin"":-1.5000001000000072,""zmax"":1.5000001000000072}",neutral_ap242/DF8-SHORT14-PACK-RADIAL-TIE-1-3__DEPLOYED__LOCAL_AP242.step,17774,3e995b409b1c9be28bd9a17a3b676494f0832e3182a231f331cdd6afbd1698c6,native_brep/DF8-SHORT14-PACK-RADIAL-TIE-1-3__DEPLOYED__LOCAL_OCCT.brep,3035,87611f294e0a262d73534dcab9bd156ac9b734787bf69312c51cb2e042857c5d,renders/DF8-SHORT14-PACK-RADIAL-TIE-1-3__DEPLOYED__FOUR_VIEW.png,76224,cce6e18551c24163d0dfa648080b067bddb880b863e45163707eea78857d502b,PACK-RADIAL-TIE-1-3 in Shortened_Aft_Body_External_Buoy_Assembly/Aft_Buoy_Breakaway_Wrap_CORDURA,NOT GENERATED - REGISTERED BY OCCURRENCE/BBOX; SYSTEM VIEWS PROVIDED,NOT PROVIDED - RELEASE DRAWING/ANALYSIS RELEVANCE NOT ESTABLISHED,DEVELOPMENTAL PART DEFINITION - NOT RELEASED FOR FABRICATION OR PROCUREMENT
DF8-SHORT14-PACK-RADIAL-TIE-2-1,PACK_COLLAR-TO-CRADLE_RADIAL_WEBBING_TIE_HMPE_04,STOWED,A,PACK COLLAR-TO-CRADLE RADIAL WEBBING TIE,HMPE webbing,"Chafe-protected, heat-sealed and clean",MAKE,STINGRAY custom,EXACT_ANALYTIC,0.004,258.0,1,6,"{""xmin"":27.9999999,""xmax"":45.20000010000001,""ymin"":-2.500000100000007,""ymax"":2.500000100000007,""zmin"":-1.5000001000000072,""zmax"":1.5000001000000072}",neutral_ap242/DF8-SHORT14-PACK-RADIAL-TIE-2-1__STOWED__LOCAL_AP242.step,17762,9def6d94c51b8fd1bed10203643793b8cf680981c4726882f8c02d2595858d64,native_brep/DF8-SHORT14-PACK-RADIAL-TIE-2-1__STOWED__LOCAL_OCCT.brep,3035,4e16faed195513e1c0ba19f26c45d1f092db8bab54ca03e2177095714c172fec,renders/DF8-SHORT14-PACK-RADIAL-TIE-2-1__STOWED__FOUR_VIEW.png,76198,f72c658ed7df40df0af0f331586377783f949501fb6102f3e2db2bca46eec784,PACK-RADIAL-TIE-2-1 in Shortened_Aft_Body_External_Buoy_Assembly/Aft_Buoy_Breakaway_Wrap_CORDURA,NOT GENERATED - REGISTERED BY OCCURRENCE/BBOX; SYSTEM VIEWS PROVIDED,NOT PROVIDED - RELEASE DRAWING/ANALYSIS RELEVANCE NOT ESTABLISHED,DEVELOPMENTAL PART DEFINITION - NOT RELEASED FOR FABRICATION OR PROCUREMENT
DF8-SHORT14-PACK-RADIAL-TIE-2-1,PACK_COLLAR-TO-CRADLE_RADIAL_WEBBING_TIE_HMPE_04,DEPLOYED,A,PACK COLLAR-TO-CRADLE RADIAL WEBBING TIE,HMPE webbing,"Chafe-protected, heat-sealed and clean",MAKE,STINGRAY custom,EXACT_ANALYTIC,0.004,258.0,1,6,"{""xmin"":27.9999999,""xmax"":45.20000010000001,""ymin"":-2.500000100000007,""ymax"":2.500000100000007,""zmin"":-1.5000001000000072,""zmax"":1.5000001000000072}",neutral_ap242/DF8-SHORT14-PACK-RADIAL-TIE-2-1__DEPLOYED__LOCAL_AP242.step,17774,724f8a16adf0536f1ee299f780404cbda1f39a85eb49e287d8d5319ded4e8ff7,native_brep/DF8-SHORT14-PACK-RADIAL-TIE-2-1__DEPLOYED__LOCAL_OCCT.brep,3035,4e16faed195513e1c0ba19f26c45d1f092db8bab54ca03e2177095714c172fec,renders/DF8-SHORT14-PACK-RADIAL-TIE-2-1__DEPLOYED__FOUR_VIEW.png,76047,d2746cb87e86c9a37a1d3ec269f56118404f9a755bd04dcf194c68018aaac119,PACK-RADIAL-TIE-2-1 in Shortened_Aft_Body_External_Buoy_Assembly/Aft_Buoy_Breakaway_Wrap_CORDURA,NOT GENERATED - REGISTERED BY OCCURRENCE/BBOX; SYSTEM VIEWS PROVIDED,NOT PROVIDED - RELEASE DRAWING/ANALYSIS RELEVANCE NOT ESTABLISHED,DEVELOPMENTAL PART DEFINITION - NOT RELEASED FOR FABRICATION OR PROCUREMENT
DF8-SHORT14-PACK-RADIAL-TIE-2-2,PACK_COLLAR-TO-CRADLE_RADIAL_WEBBING_TIE_HMPE_05,STOWED,A,PACK COLLAR-TO-CRADLE RADIAL WEBBING TIE,HMPE webbing,"Chafe-protected, heat-sealed and clean",MAKE,STINGRAY custom,EXACT_ANALYTIC,0.004,258.0,1,6,"{""xmin"":27.9999999,""xmax"":45.20000010000001,""ymin"":-2.500000100000007,""ymax"":2.500000100000007,""zmin"":-1.5000001000000072,""zmax"":1.5000001000000072}",neutral_ap242/DF8-SHORT14-PACK-RADIAL-TIE-2-2__STOWED__LOCAL_AP242.step,17762,bcce652db2bf6af741e94df4ccb36b0083c1153bb583d0455fe5833bc80600a0,native_brep/DF8-SHORT14-PACK-RADIAL-TIE-2-2__STOWED__LOCAL_OCCT.brep,3035,4e16faed195513e1c0ba19f26c45d1f092db8bab54ca03e2177095714c172fec,renders/DF8-SHORT14-PACK-RADIAL-TIE-2-2__STOWED__FOUR_VIEW.png,76143,f89f7cf4dcbabfeded2e69b0ae517c8f328657a9e194c66ffd0dcb308d34aa2d,PACK-RADIAL-TIE-2-2 in Shortened_Aft_Body_External_Buoy_Assembly/Aft_Buoy_Breakaway_Wrap_CORDURA,NOT GENERATED - REGISTERED BY OCCURRENCE/BBOX; SYSTEM VIEWS PROVIDED,NOT PROVIDED - RELEASE DRAWING/ANALYSIS RELEVANCE NOT ESTABLISHED,DEVELOPMENTAL PART DEFINITION - NOT RELEASED FOR FABRICATION OR PROCUREMENT
DF8-SHORT14-PACK-RADIAL-TIE-2-2,PACK_COLLAR-TO-CRADLE_RADIAL_WEBBING_TIE_HMPE_05,DEPLOYED,A,PACK COLLAR-TO-CRADLE RADIAL WEBBING TIE,HMPE webbing,"Chafe-protected, heat-sealed and clean",MAKE,STINGRAY custom,EXACT_ANALYTIC,0.004,258.0,1,6,"{""xmin"":27.9999999,""xmax"":45.20000010000001,""ymin"":-2.500000100000007,""ymax"":2.500000100000007,""zmin"":-1.5000001000000072,""zmax"":1.5000001000000072}",neutral_ap242/DF8-SHORT14-PACK-RADIAL-TIE-2-2__DEPLOYED__LOCAL_AP242.step,17774,1def0419b79d31fb0c018059afb2e281f22e50c67f7405106d77b94182e614a8,native_brep/DF8-SHORT14-PACK-RADIAL-TIE-2-2__DEPLOYED__LOCAL_OCCT.brep,3035,4e16faed195513e1c0ba19f26c45d1f092db8bab54ca03e2177095714c172fec,renders/DF8-SHORT14-PACK-RADIAL-TIE-2-2__DEPLOYED__FOUR_VIEW.png,76053,2e8a4ca72f0297151f166c894ac6cf7fca8ba52f30301cc100b6bbf45724b87b,PACK-RADIAL-TIE-2-2 in Shortened_Aft_Body_External_Buoy_Assembly/Aft_Buoy_Breakaway_Wrap_CORDURA,NOT GENERATED - REGISTERED BY OCCURRENCE/BBOX; SYSTEM VIEWS PROVIDED,NOT PROVIDED - RELEASE DRAWING/ANALYSIS RELEVANCE NOT ESTABLISHED,DEVELOPMENTAL PART DEFINITION - NOT RELEASED FOR FABRICATION OR PROCUREMENT
DF8-SHORT14-PACK-RADIAL-TIE-2-3,PACK_COLLAR-TO-CRADLE_RADIAL_WEBBING_TIE_HMPE_06,STOWED,A,PACK COLLAR-TO-CRADLE RADIAL WEBBING TIE,HMPE webbing,"Chafe-protected, heat-sealed and clean",MAKE,STINGRAY custom,EXACT_ANALYTIC,0.004,258.0,1,6,"{""xmin"":27.9999999,""xmax"":45.20000010000001,""ymin"":-2.500000100000007,""ymax"":2.500000100000007,""zmin"":-1.5000001000000072,""zmax"":1.5000001000000072}",neutral_ap242/DF8-SHORT14-PACK-RADIAL-TIE-2-3__STOWED__LOCAL_AP242.step,17762,48d0927451124f57783d29641ff0708066efd378ba12e4230294272305166362,native_brep/DF8-SHORT14-PACK-RADIAL-TIE-2-3__STOWED__LOCAL_OCCT.brep,3035,87611f294e0a262d73534dcab9bd156ac9b734787bf69312c51cb2e042857c5d,renders/DF8-SHORT14-PACK-RADIAL-TIE-2-3__STOWED__FOUR_VIEW.png,76636,31f444346631625bae16d4769ae244690e1b8c18ccaf9803274edca933831626,PACK-RADIAL-TIE-2-3 in Shortened_Aft_Body_External_Buoy_Assembly/Aft_Buoy_Breakaway_Wrap_CORDURA,NOT GENERATED - REGISTERED BY OCCURRENCE/BBOX; SYSTEM VIEWS PROVIDED,NOT PROVIDED - RELEASE DRAWING/ANALYSIS RELEVANCE NOT ESTABLISHED,DEVELOPMENTAL PART DEFINITION - NOT RELEASED FOR FABRICATION OR PROCUREMENT
DF8-SHORT14-PACK-RADIAL-TIE-2-3,PACK_COLLAR-TO-CRADLE_RADIAL_WEBBING_TIE_HMPE_06,DEPLOYED,A,PACK COLLAR-TO-CRADLE RADIAL WEBBING TIE,HMPE webbing,"Chafe-protected, heat-sealed and clean",MAKE,STINGRAY custom,EXACT_ANALYTIC,0.004,258.0,1,6,"{""xmin"":27.9999999,""xmax"":45.20000010000001,""ymin"":-2.500000100000007,""ymax"":2.500000100000007,""zmin"":-1.5000001000000072,""zmax"":1.5000001000000072}",neutral_ap242/DF8-SHORT14-PACK-RADIAL-TIE-2-3__DEPLOYED__LOCAL_AP242.step,17775,2b1c195cace731e67d8c5fc6a7bf140caf2c6d2bafdfa87aabc0409aae9611eb,native_brep/DF8-SHORT14-PACK-RADIAL-TIE-2-3__DEPLOYED__LOCAL_OCCT.brep,3035,87611f294e0a262d73534dcab9bd156ac9b734787bf69312c51cb2e042857c5d,renders/DF8-SHORT14-PACK-RADIAL-TIE-2-3__DEPLOYED__FOUR_VIEW.png,76560,4567c78ca593e13cfa5293bcd88d57f69c47f145308149e7c74f1c1cd26d906a,PACK-RADIAL-TIE-2-3 in Shortened_Aft_Body_External_Buoy_Assembly/Aft_Buoy_Breakaway_Wrap_CORDURA,NOT GENERATED - REGISTERED BY OCCURRENCE/BBOX; SYSTEM VIEWS PROVIDED,NOT PROVIDED - RELEASE DRAWING/ANALYSIS RELEVANCE NOT ESTABLISHED,DEVELOPMENTAL PART DEFINITION - NOT RELEASED FOR FABRICATION OR PROCUREMENT
DF8-SHORT14-PIVOT-CARRIER-PRIMARY-LUG-001,SOURCE-EXACT_DOUBLE-SHEAR_PIVOT_CARRIER_PRIMARY_LUG_TI,STOWED,B,SOURCE-EXACT DOUBLE-SHEAR PIVOT CARRIER PRIMARY LUG,Ti-6Al-4V,ASTM B600 clean/passivate; drawing-controlled surface finish,MAKE,STINGRAY custom,EXACT_ANALYTIC,0.0013538421744136802,305.6077143146005,1,38,"{""xmin"":-6.5019786913759505,""xmax"":6.5019786913759505,""ymin"":-9.001978691375951,""ymax"":-6.9980213086240495,""zmin"":-11.00000010000002,""zmax"":8.001016044228042}",neutral_ap242/DF8-SHORT14-PIVOT-CARRIER-PRIMARY-LUG-001__STOWED__LOCAL_AP242.step,155415,a9f5b9c01e21a67aeda28b18b36c9814e7ff213d01d4657d02bf8420c12c9fbc,native_brep/DF8-SHORT14-PIVOT-CARRIER-PRIMARY-LUG-001__STOWED__LOCAL_OCCT.brep,75291,5579ced174a94d81dcedf25384dc6075cd0e91411f5493e1b066278c4f9c5770,renders/DF8-SHORT14-PIVOT-CARRIER-PRIMARY-LUG-001__STOWED__FOUR_VIEW.png,228652,6a43bcab06f12ea9401c2847c19e304729ec9763724a82768b6c696097f74a24,PIVOT-CARRIER-1 in Arm_Activation_Powertrain_Assembly/Arm_Deployment_Assembly_01 | PIVOT-CARRIER-2 in Arm_Activation_Powertrain_Assembly/Arm_Deployment_Assembly_02 | PIVOT-CARRIER-3 in Arm_Activation_Powertrain_Assembly/Arm_Deployment_Assembly_03,NOT GENERATED - REGISTERED BY OCCURRENCE/BBOX; SYSTEM VIEWS PROVIDED,NOT PROVIDED - RELEASE DRAWING/ANALYSIS RELEVANCE NOT ESTABLISHED,DEVELOPMENTAL PART DEFINITION - NOT RELEASED FOR FABRICATION OR PROCUREMENT
DF8-SHORT14-PIVOT-CARRIER-SECONDARY-LUG-001,SOURCE-EXACT_DOUBLE-SHEAR_PIVOT_CARRIER_SECONDARY_LUG_TI,STOWED,B,SOURCE-EXACT DOUBLE-SHEAR PIVOT CARRIER SECONDARY LUG,Ti-6Al-4V,ASTM B600 clean/passivate; drawing-controlled surface finish,MAKE,STINGRAY custom,EXACT_ANALYTIC,0.0013531087490951286,305.4421555519478,1,38,"{""xmin"":-6.5019786913759505,""xmax"":6.5019786913759505,""ymin"":6.9980213086240495,""ymax"":9.001978691375951,""zmin"":-11.00000010000002,""zmax"":8.001016044228042}",neutral_ap242/DF8-SHORT14-PIVOT-CARRIER-SECONDARY-LUG-001__STOWED__LOCAL_AP242.step,155456,af9df9c2ba02d979661a0dd623abcc325ccd2059c41e00562bda11bc237b39d2,native_brep/DF8-SHORT14-PIVOT-CARRIER-SECONDARY-LUG-001__STOWED__LOCAL_OCCT.brep,74506,6f27c13d32177577c4864378b423bf91a057e2e1936fb13c98025762502e07ff,renders/DF8-SHORT14-PIVOT-CARRIER-SECONDARY-LUG-001__STOWED__FOUR_VIEW.png,233187,9b4226e6e142e2d29b39e5600d8eda7917eb6f07dbe5ccc47cf573c24406c00c,PIVOT-CARRIER-1-SECONDARY in Arm_Activation_Powertrain_Assembly/Arm_Deployment_Assembly_01 | PIVOT-CARRIER-2-SECONDARY in Arm_Activation_Powertrain_Assembly/Arm_Deployment_Assembly_02 | PIVOT-CARRIER-3-SECONDARY in Arm_Activation_Powertrain_Assembly/Arm_Deployment_Assembly_03,NOT GENERATED - REGISTERED BY OCCURRENCE/BBOX; SYSTEM VIEWS PROVIDED,NOT PROVIDED - RELEASE DRAWING/ANALYSIS RELEVANCE NOT ESTABLISHED,DEVELOPMENTAL PART DEFINITION - NOT RELEASED FOR FABRICATION OR PROCUREMENT
DF8-SHORT14-PULL-TAB-KEEPER-001,LOW-FORCE_PULL-TAB_SNAG_KEEPER,STOWED,A,LOW-FORCE PULL-TAB SNAG KEEPER,Cordura and low-force hook-and-loop,Per controlled drawing,MAKE,STINGRAY custom,EXACT_ANALYTIC,0.01,1044.0,1,10,"{""xmin"":-1.500000100000001,""xmax"":1.500000100000001,""ymin"":-19.0000001,""ymax"":19.0000001,""zmin"":-13.000000100000001,""zmax"":13.000000100000001}",neutral_ap242/DF8-SHORT14-PULL-TAB-KEEPER-001__STOWED__LOCAL_AP242.step,32510,1cec67a9e265d76cc83c3594b45f127095edab5cd35c060a44dbb369db71c5af,native_brep/DF8-SHORT14-PULL-TAB-KEEPER-001__STOWED__LOCAL_OCCT.brep,5482,f3407f2b29854acaa2d03b5482ba9242cc1a3d5f66c231c123469bb69f4b8175,renders/DF8-SHORT14-PULL-TAB-KEEPER-001__STOWED__FOUR_VIEW.png,96701,60229b9ce5b3cc178b29b3a761f98bf466c299f6f4e9b134d8ea3913ab322637,PULL-TAB-KEEPER in Shortened_Aft_Body_External_Buoy_Assembly/Buoy_Mounted_Automatic_Manual_Inflation_Assembly,NOT GENERATED - REGISTERED BY OCCURRENCE/BBOX; SYSTEM VIEWS PROVIDED,NOT PROVIDED - RELEASE DRAWING/ANALYSIS RELEVANCE NOT ESTABLISHED,DEVELOPMENTAL PART DEFINITION - NOT RELEASED FOR FABRICATION OR PROCUREMENT
DF8-SHORT14-PULL-TAB-KEEPER-001,LOW-FORCE_PULL-TAB_SNAG_KEEPER,DEPLOYED,A,LOW-FORCE PULL-TAB SNAG KEEPER,Cordura and low-force hook-and-loop,Per controlled drawing,MAKE,STINGRAY custom,EXACT_ANALYTIC,0.01,1044.0,1,10,"{""xmin"":-1.500000100000001,""xmax"":1.500000100000001,""ymin"":-19.0000001,""ymax"":19.0000001,""zmin"":-13.000000100000001,""zmax"":13.000000100000001}",neutral_ap242/DF8-SHORT14-PULL-TAB-KEEPER-001__DEPLOYED__LOCAL_AP242.step,32523,fc06cfcc119ce53134808be644963e13a08f363c7f867f7b9492df4dd6044497,native_brep/DF8-SHORT14-PULL-TAB-KEEPER-001__DEPLOYED__LOCAL_OCCT.brep,5482,f3407f2b29854acaa2d03b5482ba9242cc1a3d5f66c231c123469bb69f4b8175,renders/DF8-SHORT14-PULL-TAB-KEEPER-001__DEPLOYED__FOUR_VIEW.png,96337,5a520e32ec0e37fed455c0df3f8b6c0b8b12b29e6ac5cc6ede5da3f1cc9d2f54,PULL-TAB-KEEPER in Shortened_Aft_Body_External_Buoy_Assembly/Buoy_Mounted_Automatic_Manual_Inflation_Assembly,NOT GENERATED - REGISTERED BY OCCURRENCE/BBOX; SYSTEM VIEWS PROVIDED,NOT PROVIDED - RELEASE DRAWING/ANALYSIS RELEVANCE NOT ESTABLISHED,DEVELOPMENTAL PART DEFINITION - NOT RELEASED FOR FABRICATION OR PROCUREMENT
DF8-SHORT14-RECOVERY-HARDPOINT-RING-001,LOW-PROFILE_STRUCTURAL_RECOVERY_HARDPOINT_RING_WITH_DOUBLE-SHEAR_YOKE_TI,STOWED,A,LOW-PROFILE STRUCTURAL RECOVERY HARDPOINT RING WITH DOUBLE-SHEAR YOKE,Ti-6Al-4V,ASTM B600 clean/passivate; drawing-controlled surface finish,MAKE,STINGRAY custom,EXACT_ANALYTIC,0.03021004481956056,6819.423209833084,1,40,"{""xmin"":-25.30000010000001,""xmax"":27.301651418435874,""ymin"":-25.307777132901528,""ymax"":25.307777132901528,""zmin"":-5.3015452988996525,""zmax"":5.301545298899641}",neutral_ap242/DF8-SHORT14-RECOVERY-HARDPOINT-RING-001__STOWED__LOCAL_AP242.step,183390,c726c51e4dc5fc768dc0e457907243537a6444693cdca4821596278990f9327a,native_brep/DF8-SHORT14-RECOVERY-HARDPOINT-RING-001__STOWED__LOCAL_OCCT.brep,66432,3825d7f385425cba0e13c8afd5f1ff9a2cd53b2bf0c8d9ec8c9abde44e2a4b30,renders/DF8-SHORT14-RECOVERY-HARDPOINT-RING-001__STOWED__FOUR_VIEW.png,226150,df20e817d8c94f0a9192c11a1d49a10b93a508981abd44318653df79e364f8eb,RECOVERY-HARDPOINT-RING in Shortened_Aft_Body_External_Buoy_Assembly/Shortened_Aft_Structure_Assembly,NOT GENERATED - REGISTERED BY OCCURRENCE/BBOX; SYSTEM VIEWS PROVIDED,NOT PROVIDED - RELEASE DRAWING/ANALYSIS RELEVANCE NOT ESTABLISHED,DEVELOPMENTAL PART DEFINITION - NOT RELEASED FOR FABRICATION OR PROCUREMENT
DF8-SHORT14-STOW-DOG-GUIDE-001,SHORTENED-ARM_STOW-DOG_GUIDE_WITH_TERMINATION-RING_WELD_TONGUE_SS,STOWED,A,SHORTENED-ARM STOW-DOG GUIDE WITH TERMINATION-RING WELD TONGUE,17-4PH stainless steel,ASTM A967 passivated; critical bearing surfaces ground,MAKE,STINGRAY custom,EXACT_ANALYTIC,0.000530677401823469,68.47450346109278,1,30,"{""xmin"":10.279999899999996,""xmax"":20.000000100000005,""ymin"":-2.7502344070139273,""ymax"":9.540357540699066,""zmin"":-3.000000100000004,""zmax"":3.694000099999964}",neutral_ap242/DF8-SHORT14-STOW-DOG-GUIDE-001__STOWED__LOCAL_AP242.step,101163,19380487c8d6848351444003eaf11e603b256fe908cb231ebfa63d6c33e3199a,native_brep/DF8-SHORT14-STOW-DOG-GUIDE-001__STOWED__LOCAL_OCCT.brep,28584,4044d9b31ce7e46afe96c1c1aa8c76921977a000c069f148c516b72d3f23347f,renders/DF8-SHORT14-STOW-DOG-GUIDE-001__STOWED__FOUR_VIEW.png,178419,306eebbeb76fd2f6327be2582bbb2ab3f4a094d811483b705a932a4dfecf9d40,STOW-DOG-GUIDE-1 in Arm_Activation_Powertrain_Assembly/Arm_Deployment_Assembly_01 | STOW-DOG-GUIDE-2 in Arm_Activation_Powertrain_Assembly/Arm_Deployment_Assembly_02 | STOW-DOG-GUIDE-3 in Arm_Activation_Powertrain_Assembly/Arm_Deployment_Assembly_03,NOT GENERATED - REGISTERED BY OCCURRENCE/BBOX; SYSTEM VIEWS PROVIDED,NOT PROVIDED - RELEASE DRAWING/ANALYSIS RELEVANCE NOT ESTABLISHED,DEVELOPMENTAL PART DEFINITION - NOT RELEASED FOR FABRICATION OR PROCUREMENT
DF8-SHORT14-TETHER-EXIT-CHAFE-SLEEVE-001,STRUCTURAL_TETHER_EXIT_CHAFE_SLEEVE_TPU,STOWED,A,STRUCTURAL TETHER EXIT CHAFE SLEEVE,TPU-coated HMPE tubular webbing,"Chafe-protected, heat-sealed and clean",MAKE,STINGRAY custom,EXACT_ANALYTIC,0.012,105.88738038924538,1,4,"{""xmin"":27.336444340521364,""xmax"":35.991756836830014,""ymin"":-3.2000001000001395,""ymax"":3.200000100000139,""zmin"":1611.2239646544817,""zmax"":1619.7683371115454}",neutral_ap242/DF8-SHORT14-TETHER-EXIT-CHAFE-SLEEVE-001__STOWED__LOCAL_AP242.step,12391,69a24f36fbee5eb70a986b5b430ebc4b30694aa7ee0c2f54486a6d675f550013,native_brep/DF8-SHORT14-TETHER-EXIT-CHAFE-SLEEVE-001__STOWED__LOCAL_OCCT.brep,3265,19ae5dfd26628e770cd9e66400e893dd1c40e6baf577c9ea0fa9457901309fbc,renders/DF8-SHORT14-TETHER-EXIT-CHAFE-SLEEVE-001__STOWED__FOUR_VIEW.png,383343,a9c3a7381cb535356e188586cecdf3eb4579a0025ef56aa19db4aab765820365,TETHER-EXIT-CHAFE-SLEEVE in Shortened_Aft_Body_External_Buoy_Assembly/Structural_Recovery_Tether_Assembly,NOT GENERATED - REGISTERED BY OCCURRENCE/BBOX; SYSTEM VIEWS PROVIDED,NOT PROVIDED - RELEASE DRAWING/ANALYSIS RELEVANCE NOT ESTABLISHED,DEVELOPMENTAL PART DEFINITION - NOT RELEASED FOR FABRICATION OR PROCUREMENT
DF8-SHORT14-TETHER-EXIT-CHAFE-SLEEVE-001,STRUCTURAL_TETHER_EXIT_CHAFE_SLEEVE_TPU,DEPLOYED,A,STRUCTURAL TETHER EXIT CHAFE SLEEVE,TPU-coated HMPE tubular webbing,"Chafe-protected, heat-sealed and clean",MAKE,STINGRAY custom,EXACT_ANALYTIC,0.012,105.88738038924329,1,4,"{""xmin"":27.175475870637793,""xmax"":35.648053541126906,""ymin"":-3.200000100000115,""ymax"":3.2000001000001146,""zmin"":1611.4931229294614,""zmax"":1619.8009947175974}",neutral_ap242/DF8-SHORT14-TETHER-EXIT-CHAFE-SLEEVE-001__DEPLOYED__LOCAL_AP242.step,12403,c2855968fd27053314f536bddd08d1488b980199fbfda5c583a10741d28d9b89,native_brep/DF8-SHORT14-TETHER-EXIT-CHAFE-SLEEVE-001__DEPLOYED__LOCAL_OCCT.brep,3293,5e20f88e06a5e896525320b93214fe422448116a6148236a6d4bc3e815272e5a,renders/DF8-SHORT14-TETHER-EXIT-CHAFE-SLEEVE-001__DEPLOYED__FOUR_VIEW.png,390587,037ba368231ba71cef43ae06ac43f347ab4ddeae4043e06d3b0625927dca4bcd,TETHER-EXIT-CHAFE-SLEEVE in Shortened_Aft_Body_External_Buoy_Assembly/Structural_Recovery_Tether_Assembly,NOT GENERATED - REGISTERED BY OCCURRENCE/BBOX; SYSTEM VIEWS PROVIDED,NOT PROVIDED - RELEASE DRAWING/ANALYSIS RELEVANCE NOT ESTABLISHED,DEVELOPMENTAL PART DEFINITION - NOT RELEASED FOR FABRICATION OR PROCUREMENT
DF8-SHORT14-WATER-ENTRY-MESH-001,REINFORCED_OPEN-MESH_WATER-ENTRY_WINDOW_AND_DRAIN,STOWED,A,REINFORCED OPEN-MESH WATER-ENTRY WINDOW AND DRAIN,Polyester open mesh with Cordura frame,Per controlled drawing,MAKE,STINGRAY custom,EXACT_ANALYTIC,0.012,776.6399999999999,1,70,"{""xmin"":-0.5000001000000073,""xmax"":0.5000001000000073,""ymin"":-15.000000100000006,""ymax"":15.000000100000006,""zmin"":-26.00000010000001,""zmax"":26.00000010000001}",neutral_ap242/DF8-SHORT14-WATER-ENTRY-MESH-001__STOWED__LOCAL_AP242.step,251035,217a32f518feef2260ee10c3099b28ca4a5a6fd2ad7ec7868118b31d143c0e5b,native_brep/DF8-SHORT14-WATER-ENTRY-MESH-001__STOWED__LOCAL_OCCT.brep,52399,86ae2f580c222fbc4e9611b0bb74faf1f2b7ebf0e6c1efd150f100fde9af029d,renders/DF8-SHORT14-WATER-ENTRY-MESH-001__STOWED__FOUR_VIEW.png,141402,c782a82a0b12ab2ec2374252d1b6f9e0cf1bdd93c9319b32000b39a5fd39b142,WATER-ENTRY-MESH in Shortened_Aft_Body_External_Buoy_Assembly/Aft_Buoy_Breakaway_Wrap_CORDURA,NOT GENERATED - REGISTERED BY OCCURRENCE/BBOX; SYSTEM VIEWS PROVIDED,NOT PROVIDED - RELEASE DRAWING/ANALYSIS RELEVANCE NOT ESTABLISHED,DEVELOPMENTAL PART DEFINITION - NOT RELEASED FOR FABRICATION OR PROCUREMENT
DF8-SHORT14-WATER-ENTRY-MESH-001,REINFORCED_OPEN-MESH_WATER-ENTRY_WINDOW_AND_DRAIN,DEPLOYED,A,REINFORCED OPEN-MESH WATER-ENTRY WINDOW AND DRAIN,Polyester open mesh with Cordura frame,Per controlled drawing,MAKE,STINGRAY custom,EXACT_ANALYTIC,0.012,776.6399999999999,1,70,"{""xmin"":-0.5000001000000073,""xmax"":0.5000001000000073,""ymin"":-15.000000100000006,""ymax"":15.000000100000006,""zmin"":-26.00000010000001,""zmax"":26.00000010000001}",neutral_ap242/DF8-SHORT14-WATER-ENTRY-MESH-001__DEPLOYED__LOCAL_AP242.step,251045,fa29be31cfbd10e6733bf46e1260fb9717e9b9784111fa6dff02ccdf0949522a,native_brep/DF8-SHORT14-WATER-ENTRY-MESH-001__DEPLOYED__LOCAL_OCCT.brep,52399,86ae2f580c222fbc4e9611b0bb74faf1f2b7ebf0e6c1efd150f100fde9af029d,renders/DF8-SHORT14-WATER-ENTRY-MESH-001__DEPLOYED__FOUR_VIEW.png,141607,88b36122538f05db4ec377f4ffff7153c729fef083869cd6315a9b742844dfc3,WATER-ENTRY-MESH in Shortened_Aft_Body_External_Buoy_Assembly/Aft_Buoy_Breakaway_Wrap_CORDURA,NOT GENERATED - REGISTERED BY OCCURRENCE/BBOX; SYSTEM VIEWS PROVIDED,NOT PROVIDED - RELEASE DRAWING/ANALYSIS RELEVANCE NOT ESTABLISHED,DEVELOPMENTAL PART DEFINITION - NOT RELEASED FOR FABRICATION OR PROCUREMENT
GS-19-50-V4A-B8-B8,ACE_Gas_Spring_GS-19-50-V4A-B8-B8,STOWED,SHORT14-INSTALL-B,ACE GS-19-50-V4A-B8-B8 PURCHASED ASSEMBLY — ONE-SOLID ARTICULATED INSTALLATION BODY,AISI 316L / 316Ti stainless catalog assembly,,BUY,ACE Controls,DRAWING_DERIVED,0.124,21353.9706768664,1,15,"{""xmin"":-9.502952870992248,""xmax"":9.502952870992248,""ymin"":-9.500000100000005,""ymax"":9.500000100000003,""zmin"":-0.0029528709922475925,""zmax"":118.00000010000002}",neutral_ap242/GS-19-50-V4A-B8-B8__STOWED__LOCAL_AP242.step,58958,db5a126f447a62d1ca3b708ec643ebac932d2d10beefd247fda261a372952215,native_brep/GS-19-50-V4A-B8-B8__STOWED__LOCAL_OCCT.brep,14281,1e1c1d70f304c9a879464bbfd2928fb172b9d0dfde70c4d61fa4d30ce8edf21e,renders/GS-19-50-V4A-B8-B8__STOWED__FOUR_VIEW.png,135010,1b9f515938b10991e0bf8bbbf1e8ed9c2efbc20f91fb5b0b12ce3ca525e1eb58,GS19-BODY-001 in Arm_Activation_Powertrain_Assembly,NOT GENERATED - REGISTERED BY OCCURRENCE/BBOX; SYSTEM VIEWS PROVIDED,NOT PROVIDED - RELEASE DRAWING/ANALYSIS RELEVANCE NOT ESTABLISHED,DEVELOPMENTAL PART DEFINITION - NOT RELEASED FOR FABRICATION OR PROCUREMENT
GS-19-50-V4A-B8-B8-ROD-CHILD,ACE_Gas_Spring_Rod_GS-19-50-V4A-B8-B8,STOWED,R2-INSTALL,ACE GS-19 MOVING ROD ARTICULATION CHILD,AISI 316L / 316Ti stainless catalog assembly,,BUY,ACE Controls,DRAWING_DERIVED,0.02,3511.8098685571126,1,20,"{""xmin"":-5.000000100000002,""xmax"":5.000000100000001,""ymin"":-4.001195717216958,""ymax"":4.001195717216958,""zmin"":-5.00155418999592,""zmax"":70.00119571721696}",neutral_ap242/GS-19-50-V4A-B8-B8-ROD-CHILD__STOWED__LOCAL_AP242.step,73526,97a85324f611466a1c01728f2bd993ca9c6c06aa43d8469f8f855b3646f87c23,native_brep/GS-19-50-V4A-B8-B8-ROD-CHILD__STOWED__LOCAL_OCCT.brep,19177,085730f13bf3251f771ab9e06f2bda36d3b7e82f33e333776cf7fb41cacb6769,renders/GS-19-50-V4A-B8-B8-ROD-CHILD__STOWED__FOUR_VIEW.png,114834,4ea75b9bfc0df7dc2bdfdcbf785b18b315d65c4e24996ca19119017537df7397,GS19-ROD-001 in Arm_Activation_Powertrain_Assembly,NOT GENERATED - REGISTERED BY OCCURRENCE/BBOX; SYSTEM VIEWS PROVIDED,NOT PROVIDED - RELEASE DRAWING/ANALYSIS RELEVANCE NOT ESTABLISHED,DEVELOPMENTAL PART DEFINITION - NOT RELEASED FOR FABRICATION OR PROCUREMENT
HALKEY-ROBERTS-HYDRO-1F-V95000XXB_PROXY,Nordson_HALKEY-ROBERTS-HYDRO-1F-V95000XXB_PROXY,STOWED,A,HALKEY-ROBERTS HYDRO 1F AUTOMATIC/MANUAL INFLATOR DIMENSION-CONTROLLED PROXY,Acetal and stainless commercial inflator assembly,,BUY,Nordson MEDICAL / Halkey-Roberts,DIMENSION_CONTROLLED_PROXY,0.18,17330.61737215925,1,19,"{""xmin"":-4.00155418999592,""xmax"":21.000000100000005,""ymin"":-13.001398690423203,""ymax"":13.001398690423203,""zmin"":-23.000000100000005,""zmax"":24.000000100000005}",neutral_ap242/HALKEY-ROBERTS-HYDRO-1F-V95000XXB_PROXY__STOWED__LOCAL_AP242.step,61374,636c9579613c465a2aca222039ae8ebe90f1c5a5eb53db5cc247bf99fcc55b89,native_brep/HALKEY-ROBERTS-HYDRO-1F-V95000XXB_PROXY__STOWED__LOCAL_OCCT.brep,11610,396bfd5a976a3c85556805856baf65f8524dda5ff162823962a91bf85c06ba26,renders/HALKEY-ROBERTS-HYDRO-1F-V95000XXB_PROXY__STOWED__FOUR_VIEW.png,180516,67c03aabe0b3ef71ce81865c82cbc7526b8cfb23802812ec12255057b7b2500c,HYDRO-1F-INFLATOR-PROXY in Shortened_Aft_Body_External_Buoy_Assembly/Buoy_Mounted_Automatic_Manual_Inflation_Assembly,NOT GENERATED - REGISTERED BY OCCURRENCE/BBOX; SYSTEM VIEWS PROVIDED,NOT PROVIDED - RELEASE DRAWING/ANALYSIS RELEVANCE NOT ESTABLISHED,DEVELOPMENTAL PART DEFINITION - NOT RELEASED FOR FABRICATION OR PROCUREMENT
HBD-15-25-AA-P,ACE_Hydraulic_Damper_HBD-15-25-AA-P,STOWED,SHORT14-INSTALL-B,ACE HBD-15-25-AA-P PURCHASED ASSEMBLY — ONE-SOLID ARTICULATED INSTALLATION BODY,Black-anodized aluminum body / hard-chrome steel rod / zinc-plated steel AA-P fittings,,BUY,ACE Controls,DRAWING_DERIVED,0.19,12430.909474293701,1,15,"{""xmin"":-7.502331234993879,""xmax"":7.502331234993879,""ymin"":-7.500000100000003,""ymax"":7.500000100000001,""zmin"":-0.0023312349938790946,""zmax"":107.50000010000002}",neutral_ap242/HBD-15-25-AA-P__STOWED__LOCAL_AP242.step,59054,e3d7d928c5f3ca8fb112fd59e7d7380e5c416ee4ecfe5e1163aa739209c2f808,native_brep/HBD-15-25-AA-P__STOWED__LOCAL_OCCT.brep,13115,cf1747bf74815a62acb115a0a119fc0e7cb0b6574e36a80ea9358c9de1202c42,renders/HBD-15-25-AA-P__STOWED__FOUR_VIEW.png,123338,75003abefa80ad34eb4198e663806600b41e0aef1bb74c3b101f1fbc007e7ca5,HBD-BODY-001 in Arm_Activation_Powertrain_Assembly,NOT GENERATED - REGISTERED BY OCCURRENCE/BBOX; SYSTEM VIEWS PROVIDED,NOT PROVIDED - RELEASE DRAWING/ANALYSIS RELEVANCE NOT ESTABLISHED,DEVELOPMENTAL PART DEFINITION - NOT RELEASED FOR FABRICATION OR PROCUREMENT
HBD-15-25-AA-P-ROD-CHILD,ACE_Hydraulic_Damper_Rod_HBD-15-25-AA-P,STOWED,R2-INSTALL,HBD MOVING ROD ARTICULATION CHILD,Hard-chrome steel rod with zinc-plated steel AA-P fitting,,BUY,ACE Controls,DRAWING_DERIVED,0.03,1759.0481865927184,1,20,"{""xmin"":-4.500000100000001,""xmax"":4.5000001,""ymin"":-3.001017727848166,""ymax"":3.001017727848166,""zmin"":-4.501398780996327,""zmax"":60.001017727848165}",neutral_ap242/HBD-15-25-AA-P-ROD-CHILD__STOWED__LOCAL_AP242.step,73135,a08d186bf337320593f36aff31548fb6d31fb811ddd974a3ef1057e88ecd7971,native_brep/HBD-15-25-AA-P-ROD-CHILD__STOWED__LOCAL_OCCT.brep,19089,1e8dbc9ba7413aee98e367ab018940b1d15f1c4550e946f5eeb02b7e95cca152,renders/HBD-15-25-AA-P-ROD-CHILD__STOWED__FOUR_VIEW.png,109939,446f5891206dab48f989642ff5c7809f389a4eebaa73e104e13fe1f0bc349c43,HBD-ROD-001 in Arm_Activation_Powertrain_Assembly,NOT GENERATED - REGISTERED BY OCCURRENCE/BBOX; SYSTEM VIEWS PROVIDED,NOT PROVIDED - RELEASE DRAWING/ANALYSIS RELEVANCE NOT ESTABLISHED,DEVELOPMENTAL PART DEFINITION - NOT RELEASED FOR FABRICATION OR PROCUREMENT
HDP-3-8-A1,Accu_HDP-3-8-A1,STOWED,ACCU-CATALOG,"3 MM X 8 MM DOWEL PIN, DIN 7, M6 TOLERANCE",316 stainless steel,Natural stainless; passivate after acceptance if required by drawing,BUY,Accu,DRAWING_DERIVED,0.00047,54.831001981266056,1,5,"{""xmin"":-1.5040606335799365,""xmax"":1.5040606335799365,""ymin"":-1.5035944065811613,""ymax"":1.5035944065811608,""zmin"":-0.004060633579936399,""zmax"":8.004060633579936}",neutral_ap242/HDP-3-8-A1__STOWED__LOCAL_AP242.step,12875,f282cbd15186b5ea164709e757c48e6c60f1876cfb5307dd39797ece2f595c63,native_brep/HDP-3-8-A1__STOWED__LOCAL_OCCT.brep,12719,e661740941c393fcd993bc34f3063ce0d0ff7ff65e62ec6f476a1bfb4e0365ee,renders/HDP-3-8-A1__STOWED__FOUR_VIEW.png,239081,f6eea7df6e813a492ff77e06bb939d1603c01653c0c61962aea86a4b07f3b15b,FIXED-STOP-DOWEL-1-1 in Arm_Activation_Powertrain_Assembly/Powertrain_Mandatory_Hardware_Assembly | FIXED-STOP-DOWEL-1-2 in Arm_Activation_Powertrain_Assembly/Powertrain_Mandatory_Hardware_Assembly | FIXED-STOP-DOWEL-2-1 in Arm_Activation_Powertrain_Assembly/Powertrain_Mandatory_Hardware_Assembly | FIXED-STOP-DOWEL-2-2 in Arm_Activation_Powertrain_Assembly/Powertrain_Mandatory_Hardware_Assembly | FIXED-STOP-DOWEL-3-1 in Arm_Activation_Powertrain_Assembly/Powertrain_Mandatory_Hardware_Assembly | FIXED-STOP-DOWEL-3-2 in Arm_Activation_Powertrain_Assembly/Powertrain_Mandatory_Hardware_Assembly,NOT GENERATED - REGISTERED BY OCCURRENCE/BBOX; SYSTEM VIEWS PROVIDED,NOT PROVIDED - RELEASE DRAWING/ANALYSIS RELEVANCE NOT ESTABLISHED,DEVELOPMENTAL PART DEFINITION - NOT RELEASED FOR FABRICATION OR PROCUREMENT
HTP-3-30-A1,Accu_HTP-3-30-A1,STOWED,ACCU-CATALOG,"3 MM X 30 MM TAPER PIN, DIN 1B",316 stainless steel,Natural stainless; passivate after acceptance if required by drawing,BUY,Accu,DRAWING_DERIVED,0.002032641862799132,257.29643832900405,1,3,"{""xmin"":-1.8022316915217953,""xmax"":1.8022316915217953,""ymin"":-1.801672219123265,""ymax"":1.8016722191232646,""zmin"":-0.002231691521795268,""zmax"":30.002231691521796}",neutral_ap242/HTP-3-30-A1__STOWED__LOCAL_AP242.step,7831,641e12c244e42dd270ce729aa00e16c8672294c25c6fec84d9fb84c78d49e782,native_brep/HTP-3-30-A1__STOWED__LOCAL_OCCT.brep,1240,c288105e9deed3688ae78a36de069ea7f2f06adae01bc30f9db7c348d0393a26,renders/HTP-3-30-A1__STOWED__FOUR_VIEW.png,179910,a74c0edc6af36a13ff0ae2bf8fe88b1e7b746ac506ee28b1358cf6bea38cb440,NOSE-BALLAST-TAPER-PIN-001 in Forward_Body_Assembly/Forward_Mandatory_Hardware_Assembly,NOT GENERATED - REGISTERED BY OCCURRENCE/BBOX; SYSTEM VIEWS PROVIDED,NOT PROVIDED - RELEASE DRAWING/ANALYSIS RELEVANCE NOT ESTABLISHED,DEVELOPMENTAL PART DEFINITION - NOT RELEASED FOR FABRICATION OR PROCUREMENT
LELAND-81121,Leland_CO2_Cartridge_81121,STOWED,A,LELAND 81121 12 G CO2 CARTRIDGE,Steel pressure cartridge,,BUY,Leland Gas Technologies,DRAWING_DERIVED,0.045,21963.508172001293,1,8,"{""xmin"":-9.345259575282878,""xmax"":9.345259575282878,""ymin"":-9.3423582446695,""ymax"":9.342358244669496,""zmin"":-0.0029014306133827395,""zmax"":83.0072133265752}",neutral_ap242/LELAND-81121__STOWED__LOCAL_AP242.step,19382,54cbbb9eeed0dadc0a99107807756c9bbe360a836e4de66889bb08560afcfd3f,native_brep/LELAND-81121__STOWED__LOCAL_OCCT.brep,4341,2663e64e2106b122fcd5fee4ec71343879504045338f894c830e2beed3e353c5,renders/LELAND-81121__STOWED__FOUR_VIEW.png,180930,e71571626bc5a71c948ee125ca75a4cb6ccc03b597f0fa36648710e3915e064c,BUOY-CO2-CARTRIDGE-81121 in Shortened_Aft_Body_External_Buoy_Assembly/Buoy_Mounted_Automatic_Manual_Inflation_Assembly,NOT GENERATED - REGISTERED BY OCCURRENCE/BBOX; SYSTEM VIEWS PROVIDED,NOT PROVIDED - RELEASE DRAWING/ANALYSIS RELEVANCE NOT ESTABLISHED,DEVELOPMENTAL PART DEFINITION - NOT RELEASED FOR FABRICATION OR PROCUREMENT
ROTOR-CLIP-DC-4SS,Rotor_Clip_Retaining_Ring_DC-4SS,STOWED,A,ROTOR CLIP DC-4SS CRESCENT RETAINING RING FOR 4 MM SHAFT,PH 15-7 Mo stainless spring steel,,BUY,Rotor Clip,DRAWING_DERIVED,2.94216e-05,3.7479745343124473,1,8,"{""xmin"":-2.5006088180584505,""xmax"":2.2920516117401086,""ymin"":-0.19076376426218872,""ymax"":0.19076376426218872,""zmin"":-2.500143998653896,""zmax"":2.5007637642621887}",neutral_ap242/ROTOR-CLIP-DC-4SS__STOWED__LOCAL_AP242.step,26832,0bf8a00bc07116d014522cf990bd9c778bdc6a2938535c574489c3c821b3b4e0,native_brep/ROTOR-CLIP-DC-4SS__STOWED__LOCAL_OCCT.brep,6680,75019fd5069da6d590ea20019c699cc488db64b6ab4391a991b5729edee3248f,renders/ROTOR-CLIP-DC-4SS__STOWED__FOUR_VIEW.png,206447,eb2ebf8ee63b0fa5b14112005ce770e93f0d0560d99b18ff0ef5f76382284dbf,LINK-CLIP-1-BELL in Arm_Activation_Powertrain_Assembly/Arm_Deployment_Assembly_01 | LINK-CLIP-1-CROSSHEAD in Arm_Activation_Powertrain_Assembly/Arm_Deployment_Assembly_01 | LINK-CLIP-2-BELL in Arm_Activation_Powertrain_Assembly/Arm_Deployment_Assembly_02 | LINK-CLIP-2-CROSSHEAD in Arm_Activation_Powertrain_Assembly/Arm_Deployment_Assembly_02 | LINK-CLIP-3-BELL in Arm_Activation_Powertrain_Assembly/Arm_Deployment_Assembly_03 | LINK-CLIP-3-CROSSHEAD in Arm_Activation_Powertrain_Assembly/Arm_Deployment_Assembly_03,NOT GENERATED - REGISTERED BY OCCURRENCE/BBOX; SYSTEM VIEWS PROVIDED,NOT PROVIDED - RELEASE DRAWING/ANALYSIS RELEVANCE NOT ESTABLISHED,DEVELOPMENTAL PART DEFINITION - NOT RELEASED FOR FABRICATION OR PROCUREMENT
SSCA-M3-8-A4-BL,Accu_SSCA-M3-8-A4-BL,STOWED,ACCU-CATALOG,"M3 X 8 CAPTIVE SOCKET CAP SCREW, DIN 912",A4-80 stainless steel,Matte-black A4 stainless; verify coating compatibility for submerged service,BUY,Accu,DRAWING_DERIVED,0.0008,104.39668630078269,1,14,"{""xmin"":-2.7508548494977556,""xmax"":2.7508548494977556,""ymin"":-2.7500001000000007,""ymax"":2.7500001000000003,""zmin"":-3.0008548494977556,""zmax"":8.000466326998776}",neutral_ap242/SSCA-M3-8-A4-BL__STOWED__LOCAL_AP242.step,38706,2098d98be1cf22e2109d3cb0bfed8e95ba5b3e45b4f62c66ec6ced212a8a4ce3,native_brep/SSCA-M3-8-A4-BL__STOWED__LOCAL_OCCT.brep,11781,cb2e514540012069b8e8bedbed1d35606647a1676628afd48e008019a489f887,renders/SSCA-M3-8-A4-BL__STOWED__FOUR_VIEW.png,244707,93d1155d4c024f24613213fb64d1250d110fcf6102ca33e826742668ab608c51,ARM-STOP-SCREW-1-1 in Arm_Activation_Powertrain_Assembly/Powertrain_Mandatory_Hardware_Assembly | ARM-STOP-SCREW-1-2 in Arm_Activation_Powertrain_Assembly/Powertrain_Mandatory_Hardware_Assembly | FIXED-STOP-SCREW-1-1 in Arm_Activation_Powertrain_Assembly/Powertrain_Mandatory_Hardware_Assembly | FIXED-STOP-SCREW-1-2 in Arm_Activation_Powertrain_Assembly/Powertrain_Mandatory_Hardware_Assembly | ARM-STOP-SCREW-2-1 in Arm_Activation_Powertrain_Assembly/Powertrain_Mandatory_Hardware_Assembly | ARM-STOP-SCREW-2-2 in Arm_Activation_Powertrain_Assembly/Powertrain_Mandatory_Hardware_Assembly | FIXED-STOP-SCREW-2-1 in Arm_Activation_Powertrain_Assembly/Powertrain_Mandatory_Hardware_Assembly | FIXED-STOP-SCREW-2-2 in Arm_Activation_Powertrain_Assembly/Powertrain_Mandatory_Hardware_Assembly | ARM-STOP-SCREW-3-1 in Arm_Activation_Powertrain_Assembly/Powertrain_Mandatory_Hardware_Assembly | ARM-STOP-SCREW-3-2 in Arm_Activation_Powertrain_Assembly/Powertrain_Mandatory_Hardware_Assembly | FIXED-STOP-SCREW-3-1 in Arm_Activation_Powertrain_Assembly/Powertrain_Mandatory_Hardware_Assembly | FIXED-STOP-SCREW-3-2 in Arm_Activation_Powertrain_Assembly/Powertrain_Mandatory_Hardware_Assembly,NOT GENERATED - REGISTERED BY OCCURRENCE/BBOX; SYSTEM VIEWS PROVIDED,NOT PROVIDED - RELEASE DRAWING/ANALYSIS RELEVANCE NOT ESTABLISHED,DEVELOPMENTAL PART DEFINITION - NOT RELEASED FOR FABRICATION OR PROCUREMENT
SSCF-M3-10-A4,Accu_SSCF-M3-10-A4,STOWED,ACCU-CATALOG,"M3 X 10 FULL-THREAD SOCKET CAP SCREW, DIN 912 / ISO 4762",A4-80 stainless steel,Natural A4 stainless; clean for submerged service,BUY,Accu,DRAWING_DERIVED,0.00088,134.87013504060369,1,12,"{""xmin"":-2.7508548494977556,""xmax"":2.7508548494977556,""ymin"":-2.7500001000000007,""ymax"":2.7500001000000003,""zmin"":-3.0008548494977556,""zmax"":10.000466326998776}",neutral_ap242/SSCF-M3-10-A4__STOWED__LOCAL_AP242.step,34829,dce44ae2e5adaf06ea8271d7427e1d99b8139b5d952467994f26288b8f8e8e82,native_brep/SSCF-M3-10-A4__STOWED__LOCAL_OCCT.brep,10717,05aeb53d2caa818e5550784ed3e32a63cf9c33e66464277bda381e66f855e2b3,renders/SSCF-M3-10-A4__STOWED__FOUR_VIEW.png,212299,e7c67887e24ab1a66f4781a78ad05b97502bb796ad74e19726cef3b0c5ba68df,BACKUP-GUIDE-SCREW-1 in Arm_Activation_Powertrain_Assembly/Powertrain_Mandatory_Hardware_Assembly | BACKUP-GUIDE-SCREW-2 in Arm_Activation_Powertrain_Assembly/Powertrain_Mandatory_Hardware_Assembly,NOT GENERATED - REGISTERED BY OCCURRENCE/BBOX; SYSTEM VIEWS PROVIDED,NOT PROVIDED - RELEASE DRAWING/ANALYSIS RELEVANCE NOT ESTABLISHED,DEVELOPMENTAL PART DEFINITION - NOT RELEASED FOR FABRICATION OR PROCUREMENT
SSCL-M4-8-A4,Accu_SSCL-M4-8-A4,STOWED,ACCU-CATALOG,"M4 X 8 FULL-THREAD LOW-HEAD SOCKET CAP SCREW, DIN 7984",A4-80 stainless steel,Natural A4 stainless; clean for submerged service,BUY,Accu,DRAWING_DERIVED,0.00112,195.78435116586544,1,12,"{""xmin"":-3.501087962997144,""xmax"":3.501087962997144,""ymin"":-3.5000001000000016,""ymax"":3.5000001000000007,""zmin"":-2.8010879629971437,""zmax"":8.000621735998367}",neutral_ap242/SSCL-M4-8-A4__STOWED__LOCAL_AP242.step,34825,2b230d7d2e4994c887e69f5916bbfda3f873039fe0d8707251424237b21986cd,native_brep/SSCL-M4-8-A4__STOWED__LOCAL_OCCT.brep,11792,b9f9b3a2623e797904580c1c37cc5a325b0ac808d6ae12e7c2bd0793d69add42,renders/SSCL-M4-8-A4__STOWED__FOUR_VIEW.png,262447,66c7334fbf4541ffae8d6a7ced9760d6b6558081a7696bccf82d4775817e80a7,CROSSHEAD-GUIDE-LOCK-SCREW-001 in Arm_Activation_Powertrain_Assembly/Powertrain_Mandatory_Hardware_Assembly,NOT GENERATED - REGISTERED BY OCCURRENCE/BBOX; SYSTEM VIEWS PROVIDED,NOT PROVIDED - RELEASE DRAWING/ANALYSIS RELEVANCE NOT ESTABLISHED,DEVELOPMENTAL PART DEFINITION - NOT RELEASED FOR FABRICATION OR PROCUREMENT
V80040,Halkey_Roberts_Water_Bobbin_V80040,STOWED,A,HALKEY-ROBERTS WATER-SENSITIVE BOBBIN,Water-sensitive media,,BUY,Nordson MEDICAL / Halkey-Roberts,DRAWING_DERIVED,0.00169646,1413.716694115407,1,3,"{""xmin"":-5.00155418999592,""xmax"":5.00155418999592,""ymin"":-5.000000100000002,""ymax"":5.000000100000001,""zmin"":-0.001554189995919757,""zmax"":18.001554189995918}",neutral_ap242/V80040__STOWED__LOCAL_AP242.step,7860,4e5e8748a25e226fe5545ae63ca6f790c8306c9ab011222f7ed281a68fb32341,native_brep/V80040__STOWED__LOCAL_OCCT.brep,1098,99bc59fdf9c37f8b676ddda6be73b28ea1be737deb37bf435cd4ad8b3e36f355,renders/V80040__STOWED__FOUR_VIEW.png,229907,ae72652991aa3a4493d3448902fefae9d1169b31db410ae669e9004dbe24733a,HYDRO-1F-WATER-BOBBIN-V80040 in Shortened_Aft_Body_External_Buoy_Assembly/Buoy_Mounted_Automatic_Manual_Inflation_Assembly,NOT GENERATED - REGISTERED BY OCCURRENCE/BBOX; SYSTEM VIEWS PROVIDED,NOT PROVIDED - RELEASE DRAWING/ANALYSIS RELEVANCE NOT ESTABLISHED,DEVELOPMENTAL PART DEFINITION - NOT RELEASED FOR FABRICATION OR PROCUREMENT
