DBRep_DrawableShape

CASCADE Topology V3, (c) Open Cascade
Locations 236
1
              1               0               0               7 
              0               1               0              -8 
              0               0               1            3.05 
1
              1               0               0            -0.4 
              0               1               0               0 
              0               0               1              -4 
1
              1               0               0               4 
              0               1               0               0 
              0               0               1            -8.5 
1
0.17364817766693               0 0.984807753012208               0 
              0               1               0               0 
-0.984807753012208               0 0.17364817766693               0 
1
              1               0               0              18 
              0               1               0               0 
              0               0               1             355 
1
              1               0               0               0 
              0               1               0               0 
              0               0               1               0 
1
              1               0               0               0 
              0               1               0               0 
              0               0               1               0 
1
              1               0               0              18 
              0               1               0               0 
              0               0               1             355 
1
0.656059028990507               0 0.754709580222772               0 
              0               1               0               0 
-0.754709580222772               0 0.656059028990507               0 
2  1 1 2 1 3 1 4 1 5 1 6 1 7 -1 8 -1 9 -1 0
1
              1               0               0               7 
              0               1               0              -8 
              0               0               1            3.05 
1
              1               0               0               0 
              0               1               0               0 
              0               0               1               0 
1
              1               0               0              18 
              0               1               0               0 
              0               0               1             355 
1
0.642787609686539               0 0.766044443118978               0 
              0               1               0               0 
-0.766044443118978               0 0.642787609686539               0 
2  11 1 2 1 3 1 4 1 5 1 6 1 12 -1 13 -1 14 -1 0
1
              1               0               0               7 
              0               1               0              -8 
              0               0               1            3.05 
1
              1               0               0               0 
              0               1               0               0 
              0               0               1               0 
1
              1               0               0              18 
              0               1               0               0 
              0               0               1             355 
1
0.629320391049838               0 0.777145961456971               0 
              0               1               0               0 
-0.777145961456971               0 0.629320391049838               0 
2  16 1 2 1 3 1 4 1 5 1 6 1 17 -1 18 -1 19 -1 0
1
              1               0               0               7 
              0               1               0              -8 
              0               0               1            3.05 
1
              1               0               0               0 
              0               1               0               0 
              0               0               1               0 
1
              1               0               0              18 
              0               1               0               0 
              0               0               1             355 
1
0.615661475325658               0 0.788010753606722               0 
              0               1               0               0 
-0.788010753606722               0 0.615661475325658               0 
2  21 1 2 1 3 1 4 1 5 1 6 1 22 -1 23 -1 24 -1 0
1
              1               0               0               7 
              0               1               0              -8 
              0               0               1            3.05 
1
              1               0               0               0 
              0               1               0               0 
              0               0               1               0 
1
              1               0               0              18 
              0               1               0               0 
              0               0               1             355 
1
0.601815023152048               0 0.798635510047293               0 
              0               1               0               0 
-0.798635510047293               0 0.601815023152048               0 
2  26 1 2 1 3 1 4 1 5 1 6 1 27 -1 28 -1 29 -1 0
1
              1               0               0               7 
              0               1               0              -8 
              0               0               1            3.05 
1
              1               0               0               0 
              0               1               0               0 
              0               0               1               0 
1
              1               0               0              18 
              0               1               0               0 
              0               0               1             355 
1
0.587785252292473               0 0.809016994374947               0 
              0               1               0               0 
-0.809016994374947               0 0.587785252292473               0 
2  31 1 2 1 3 1 4 1 5 1 6 1 32 -1 33 -1 34 -1 0
1
              1               0               0               7 
              0               1               0              -8 
              0               0               1            3.05 
1
              1               0               0               0 
              0               1               0               0 
              0               0               1               0 
1
              1               0               0              18 
              0               1               0               0 
              0               0               1             355 
1
0.573576436351046               0 0.819152044288992               0 
              0               1               0               0 
-0.819152044288992               0 0.573576436351046               0 
2  36 1 2 1 3 1 4 1 5 1 6 1 37 -1 38 -1 39 -1 0
1
              1               0               0               7 
              0               1               0              -8 
              0               0               1            3.05 
1
              1               0               0               0 
              0               1               0               0 
              0               0               1               0 
1
              1               0               0              18 
              0               1               0               0 
              0               0               1             355 
1
0.559192903470747               0 0.829037572555042               0 
              0               1               0               0 
-0.829037572555042               0 0.559192903470747               0 
2  41 1 2 1 3 1 4 1 5 1 6 1 42 -1 43 -1 44 -1 0
1
              1               0               0               7 
              0               1               0              -8 
              0               0               1            3.05 
1
              1               0               0               0 
              0               1               0               0 
              0               0               1               0 
1
              1               0               0              18 
              0               1               0               0 
              0               0               1             355 
1
0.544639035015027               0 0.838670567945424               0 
              0               1               0               0 
-0.838670567945424               0 0.544639035015027               0 
2  46 1 2 1 3 1 4 1 5 1 6 1 47 -1 48 -1 49 -1 0
1
              1               0               0               7 
              0               1               0              -8 
              0               0               1            3.05 
1
              1               0               0               0 
              0               1               0               0 
              0               0               1               0 
1
              1               0               0              18 
              0               1               0               0 
              0               0               1             355 
1
0.529919264233205               0 0.848048096156426               0 
              0               1               0               0 
-0.848048096156426               0 0.529919264233205               0 
2  51 1 2 1 3 1 4 1 5 1 6 1 52 -1 53 -1 54 -1 0
1
              1               0               0               7 
              0               1               0              -8 
              0               0               1            3.05 
1
              1               0               0               0 
              0               1               0               0 
              0               0               1               0 
1
              1               0               0              18 
              0               1               0               0 
              0               0               1             355 
1
0.515038074910054               0 0.857167300702112               0 
              0               1               0               0 
-0.857167300702112               0 0.515038074910054               0 
2  56 1 2 1 3 1 4 1 5 1 6 1 57 -1 58 -1 59 -1 0
1
              1               0               0               7 
              0               1               0              -8 
              0               0               1            3.05 
1
              1               0               0               0 
              0               1               0               0 
              0               0               1               0 
1
              1               0               0              18 
              0               1               0               0 
              0               0               1             355 
1
            0.5               0 0.866025403784439               0 
              0               1               0               0 
-0.866025403784439               0             0.5               0 
2  61 1 2 1 3 1 4 1 5 1 6 1 62 -1 63 -1 64 -1 0
1
              1              -0               0              -0 
              0               1               0               0 
             -0               0               1              -0 
1
              1               0               0               7 
              0               1               0               8 
              0               0               1            3.05 
1
              1               0               0               0 
              0               1               0               0 
              0               0               1               0 
1
              1               0               0              18 
              0               1               0               0 
              0               0               1             355 
1
0.707106781186548               0 0.707106781186548               0 
              0               1               0               0 
-0.707106781186548               0 0.707106781186548               0 
2  67 1 2 1 3 1 4 1 5 1 6 1 68 -1 69 -1 70 -1 0
1
              1               0               0               7 
              0               1               0               8 
              0               0               1            3.05 
1
              1               0               0               0 
              0               1               0               0 
              0               0               1               0 
1
              1               0               0              18 
              0               1               0               0 
              0               0               1             355 
1
0.694658370458997               0 0.719339800338651               0 
              0               1               0               0 
-0.719339800338651               0 0.694658370458997               0 
2  72 1 2 1 3 1 4 1 5 1 6 1 73 -1 74 -1 75 -1 0
1
              1               0               0               7 
              0               1               0               8 
              0               0               1            3.05 
1
              1               0               0               0 
              0               1               0               0 
              0               0               1               0 
1
              1               0               0              18 
              0               1               0               0 
              0               0               1             355 
1
0.681998360062498               0 0.73135370161917               0 
              0               1               0               0 
-0.73135370161917               0 0.681998360062498               0 
2  77 1 2 1 3 1 4 1 5 1 6 1 78 -1 79 -1 80 -1 0
1
              1               0               0               7 
              0               1               0               8 
              0               0               1            3.05 
1
              1               0               0               0 
              0               1               0               0 
              0               0               1               0 
1
              1               0               0              18 
              0               1               0               0 
              0               0               1             355 
1
0.669130606358858               0 0.743144825477394               0 
              0               1               0               0 
-0.743144825477394               0 0.669130606358858               0 
2  82 1 2 1 3 1 4 1 5 1 6 1 83 -1 84 -1 85 -1 0
1
              1               0               0               7 
              0               1               0               8 
              0               0               1            3.05 
2  87 1 2 1 3 1 4 1 5 1 6 1 7 -1 8 -1 9 -1 0
1
              1               0               0               7 
              0               1               0               8 
              0               0               1            3.05 
2  89 1 2 1 3 1 4 1 5 1 6 1 12 -1 13 -1 14 -1 0
1
              1               0               0               7 
              0               1               0               8 
              0               0               1            3.05 
2  91 1 2 1 3 1 4 1 5 1 6 1 17 -1 18 -1 19 -1 0
1
              1              -0               0              -0 
              0               1               0               0 
             -0               0               1              -0 
1
              1               0               0               7 
              0               1               0              -8 
              0               0               1            3.05 
2  94 1 2 1 3 1 4 1 5 1 6 1 83 -1 84 -1 85 -1 0
1
              1               0               0               7 
              0               1               0              -8 
              0               0               1            3.05 
2  96 1 2 1 3 1 4 1 5 1 6 1 78 -1 79 -1 80 -1 0
1
              1               0               0               7 
              0               1               0              -8 
              0               0               1            3.05 
2  98 1 2 1 3 1 4 1 5 1 6 1 73 -1 74 -1 75 -1 0
1
              1               0               0               7 
              0               1               0              -8 
              0               0               1            3.05 
2  100 1 2 1 3 1 4 1 5 1 6 1 68 -1 69 -1 70 -1 0
1
              1               0               0               7 
              0               1               0              -8 
              0               0               1            3.05 
1
              1               0               0               0 
              0               1               0               0 
              0               0               1               0 
1
              1               0               0              18 
              0               1               0               0 
              0               0               1             355 
1
0.719339800338651               0 0.694658370458997               0 
              0               1               0               0 
-0.694658370458997               0 0.719339800338651               0 
2  102 1 2 1 3 1 4 1 5 1 6 1 103 -1 104 -1 105 -1 0
2  105 1 104 1 103 1 6 -1 5 -1 4 -1 3 -1 2 -1 102 -1 0
1
              1               0               0               7 
              0               1               0              -8 
              0               0               1            3.05 
1
              1               0               0               0 
              0               1               0               0 
              0               0               1               0 
1
              1               0               0              18 
              0               1               0               0 
              0               0               1             355 
1
0.73135370161917               0 0.681998360062498               0 
              0               1               0               0 
-0.681998360062498               0 0.73135370161917               0 
2  108 1 2 1 3 1 4 1 5 1 6 1 109 -1 110 -1 111 -1 0
2  111 1 110 1 109 1 6 -1 5 -1 4 -1 3 -1 2 -1 108 -1 0
1
              1               0               0               7 
              0               1               0              -8 
              0               0               1            3.05 
1
              1               0               0               0 
              0               1               0               0 
              0               0               1               0 
1
              1               0               0              18 
              0               1               0               0 
              0               0               1             355 
1
0.743144825477394               0 0.669130606358858               0 
              0               1               0               0 
-0.669130606358858               0 0.743144825477394               0 
2  114 1 2 1 3 1 4 1 5 1 6 1 115 -1 116 -1 117 -1 0
2  117 1 116 1 115 1 6 -1 5 -1 4 -1 3 -1 2 -1 114 -1 0
1
              1               0               0               7 
              0               1               0              -8 
              0               0               1            3.05 
1
              1               0               0               0 
              0               1               0               0 
              0               0               1               0 
1
              1               0               0              18 
              0               1               0               0 
              0               0               1             355 
1
0.754709580222772               0 0.656059028990507               0 
              0               1               0               0 
-0.656059028990507               0 0.754709580222772               0 
2  120 1 2 1 3 1 4 1 5 1 6 1 121 -1 122 -1 123 -1 0
2  123 1 122 1 121 1 6 -1 5 -1 4 -1 3 -1 2 -1 120 -1 0
1
              1               0               0               7 
              0               1               0              -8 
              0               0               1            3.05 
1
              1               0               0               0 
              0               1               0               0 
              0               0               1               0 
1
              1               0               0              18 
              0               1               0               0 
              0               0               1             355 
1
0.766044443118978               0 0.642787609686539               0 
              0               1               0               0 
-0.642787609686539               0 0.766044443118978               0 
2  126 1 2 1 3 1 4 1 5 1 6 1 127 -1 128 -1 129 -1 0
2  129 1 128 1 127 1 6 -1 5 -1 4 -1 3 -1 2 -1 126 -1 0
1
              1               0               0               7 
              0               1               0              -8 
              0               0               1            3.05 
1
              1               0               0               0 
              0               1               0               0 
              0               0               1               0 
1
              1               0               0              18 
              0               1               0               0 
              0               0               1             355 
1
0.777145961456971               0 0.629320391049837               0 
              0               1               0               0 
-0.629320391049837               0 0.777145961456971               0 
2  132 1 2 1 3 1 4 1 5 1 6 1 133 -1 134 -1 135 -1 0
2  135 1 134 1 133 1 6 -1 5 -1 4 -1 3 -1 2 -1 132 -1 0
1
              1               0               0               7 
              0               1               0              -8 
              0               0               1            3.05 
1
              1               0               0               0 
              0               1               0               0 
              0               0               1               0 
1
              1               0               0              18 
              0               1               0               0 
              0               0               1             355 
1
0.788010753606722               0 0.615661475325658               0 
              0               1               0               0 
-0.615661475325658               0 0.788010753606722               0 
2  138 1 2 1 3 1 4 1 5 1 6 1 139 -1 140 -1 141 -1 0
2  141 1 140 1 139 1 6 -1 5 -1 4 -1 3 -1 2 -1 138 -1 0
1
              1               0               0               7 
              0               1               0              -8 
              0               0               1            3.05 
1
              1               0               0               0 
              0               1               0               0 
              0               0               1               0 
1
              1               0               0              18 
              0               1               0               0 
              0               0               1             355 
1
0.798635510047293               0 0.601815023152048               0 
              0               1               0               0 
-0.601815023152048               0 0.798635510047293               0 
2  144 1 2 1 3 1 4 1 5 1 6 1 145 -1 146 -1 147 -1 0
2  147 1 146 1 145 1 6 -1 5 -1 4 -1 3 -1 2 -1 144 -1 0
1
              1               0               0               7 
              0               1               0              -8 
              0               0               1            3.05 
1
              1               0               0               0 
              0               1               0               0 
              0               0               1               0 
1
              1               0               0              18 
              0               1               0               0 
              0               0               1             355 
1
0.809016994374947               0 0.587785252292473               0 
              0               1               0               0 
-0.587785252292473               0 0.809016994374947               0 
2  150 1 2 1 3 1 4 1 5 1 6 1 151 -1 152 -1 153 -1 0
2  153 1 152 1 151 1 6 -1 5 -1 4 -1 3 -1 2 -1 150 -1 0
1
              1               0               0               7 
              0               1               0              -8 
              0               0               1            3.05 
1
              1               0               0               0 
              0               1               0               0 
              0               0               1               0 
1
              1               0               0              18 
              0               1               0               0 
              0               0               1             355 
1
0.819152044288992               0 0.573576436351046               0 
              0               1               0               0 
-0.573576436351046               0 0.819152044288992               0 
2  156 1 2 1 3 1 4 1 5 1 6 1 157 -1 158 -1 159 -1 0
2  159 1 158 1 157 1 6 -1 5 -1 4 -1 3 -1 2 -1 156 -1 0
2  70 1 69 1 68 1 6 -1 5 -1 4 -1 3 -1 2 -1 100 -1 0
2  75 1 74 1 73 1 6 -1 5 -1 4 -1 3 -1 2 -1 98 -1 0
2  80 1 79 1 78 1 6 -1 5 -1 4 -1 3 -1 2 -1 96 -1 0
2  85 1 84 1 83 1 6 -1 5 -1 4 -1 3 -1 2 -1 94 -1 0
2  9 1 8 1 7 1 6 -1 5 -1 4 -1 3 -1 2 -1 1 -1 0
2  14 1 13 1 12 1 6 -1 5 -1 4 -1 3 -1 2 -1 11 -1 0
1
              1              -0               0              -0 
              0               1               0               0 
             -0               0               1              -0 
1
              1               0               0               2 
              0               1               0            -7.8 
              0               0               1             2.5 
1
              1               0               0               0 
              0               1               0               0 
              0               0               1               0 
1
              1               0               0              18 
              0               1               0               0 
              0               0               1             355 
1
0.207911690817759               0 0.978147600733806               0 
              0               1               0               0 
-0.978147600733806               0 0.207911690817759               0 
2  169 1 2 1 3 1 4 1 5 1 6 1 170 -1 171 -1 172 -1 0
1
              1               0               0               2 
              0               1               0            -7.8 
              0               0               1             2.5 
1
              1               0               0               0 
              0               1               0               0 
              0               0               1               0 
1
              1               0               0              18 
              0               1               0               0 
              0               0               1             355 
1
0.224951054343865               0 0.974370064785235               0 
              0               1               0               0 
-0.974370064785235               0 0.224951054343865               0 
2  174 1 2 1 3 1 4 1 5 1 6 1 175 -1 176 -1 177 -1 0
1
              1               0               0               2 
              0               1               0            -7.8 
              0               0               1             2.5 
1
              1               0               0               0 
              0               1               0               0 
              0               0               1               0 
1
              1               0               0              18 
              0               1               0               0 
              0               0               1             355 
1
0.241921895599668               0 0.970295726275996               0 
              0               1               0               0 
-0.970295726275996               0 0.241921895599668               0 
2  179 1 2 1 3 1 4 1 5 1 6 1 180 -1 181 -1 182 -1 0
1
              1               0               0               2 
              0               1               0            -7.8 
              0               0               1             2.5 
1
              1               0               0               0 
              0               1               0               0 
              0               0               1               0 
1
              1               0               0              18 
              0               1               0               0 
              0               0               1             355 
1
0.258819045102521               0 0.965925826289068               0 
              0               1               0               0 
-0.965925826289068               0 0.258819045102521               0 
2  184 1 2 1 3 1 4 1 5 1 6 1 185 -1 186 -1 187 -1 0
1
              1              -0               0              -0 
              0               1               0               0 
             -0               0               1              -0 
1
              1               0               0            2.25 
              0               1               0             7.8 
              0               0               1             2.5 
1
              1               0               0               0 
              0               1               0               0 
              0               0               1               0 
1
              1               0               0              18 
              0               1               0               0 
              0               0               1             355 
1
0.275637355816999               0 0.961261695938319               0 
              0               1               0               0 
-0.961261695938319               0 0.275637355816999               0 
2  190 1 2 1 3 1 4 1 5 1 6 1 191 -1 192 -1 193 -1 0
1
              1               0               0            2.25 
              0               1               0             7.8 
              0               0               1             2.5 
2  195 1 2 1 3 1 4 1 5 1 6 1 185 -1 186 -1 187 -1 0
1
              1               0               0            2.25 
              0               1               0             7.8 
              0               0               1             2.5 
2  197 1 2 1 3 1 4 1 5 1 6 1 180 -1 181 -1 182 -1 0
1
              1               0               0            2.25 
              0               1               0             7.8 
              0               0               1             2.5 
2  199 1 2 1 3 1 4 1 5 1 6 1 175 -1 176 -1 177 -1 0
1
              1              -0               0              -0 
              0               1               0               0 
             -0               0               1              -0 
2  189 -1 0
2  66 -1 0
2  201 -1 0
2  168 -1 0
1
              1              -0               0              -0 
              0               1               0               0 
             -0               0               1              -0 
2  206 -1 0
2  93 -1 0
1
              1               0               0            2.25 
              0               1               0             7.8 
              0               0               1             2.5 
2  209 1 2 1 3 1 4 1 5 1 6 1 170 -1 171 -1 172 -1 0
2  172 1 171 1 170 1 6 -1 5 -1 4 -1 3 -1 2 -1 209 -1 0
2  177 1 176 1 175 1 6 -1 5 -1 4 -1 3 -1 2 -1 199 -1 0
2  182 1 181 1 180 1 6 -1 5 -1 4 -1 3 -1 2 -1 197 -1 0
2  187 1 186 1 185 1 6 -1 5 -1 4 -1 3 -1 2 -1 195 -1 0
2  193 1 192 1 191 1 6 -1 5 -1 4 -1 3 -1 2 -1 190 -1 0
2  187 1 186 1 185 1 6 -1 5 -1 4 -1 3 -1 2 -1 184 -1 0
2  182 1 181 1 180 1 6 -1 5 -1 4 -1 3 -1 2 -1 179 -1 0
2  177 1 176 1 175 1 6 -1 5 -1 4 -1 3 -1 2 -1 174 -1 0
2  172 1 171 1 170 1 6 -1 5 -1 4 -1 3 -1 2 -1 169 -1 0
1
              1               0               0               7 
              0               1               0               8 
              0               0               1            3.05 
2  220 1 2 1 3 1 4 1 5 1 6 1 109 -1 110 -1 111 -1 0
1
              1               0               0               7 
              0               1               0               8 
              0               0               1            3.05 
2  222 1 2 1 3 1 4 1 5 1 6 1 115 -1 116 -1 117 -1 0
1
              1               0               0               7 
              0               1               0               8 
              0               0               1            3.05 
2  224 1 2 1 3 1 4 1 5 1 6 1 103 -1 104 -1 105 -1 0
2  105 1 104 1 103 1 6 -1 5 -1 4 -1 3 -1 2 -1 224 -1 0
2  117 1 116 1 115 1 6 -1 5 -1 4 -1 3 -1 2 -1 222 -1 0
2  111 1 110 1 109 1 6 -1 5 -1 4 -1 3 -1 2 -1 220 -1 0
2  14 1 13 1 12 1 6 -1 5 -1 4 -1 3 -1 2 -1 89 -1 0
2  9 1 8 1 7 1 6 -1 5 -1 4 -1 3 -1 2 -1 87 -1 0
2  85 1 84 1 83 1 6 -1 5 -1 4 -1 3 -1 2 -1 82 -1 0
2  80 1 79 1 78 1 6 -1 5 -1 4 -1 3 -1 2 -1 77 -1 0
2  75 1 74 1 73 1 6 -1 5 -1 4 -1 3 -1 2 -1 72 -1 0
2  70 1 69 1 68 1 6 -1 5 -1 4 -1 3 -1 2 -1 67 -1 0
1
              1              -0               0              -0 
              0               1               0               0 
             -0               0               1              -0 
2  235 -1 0
Curve2ds 1231
7 0 0  7 20 4  6.0213859193804344 0.026265195252896945  6.0243947357574728 0.22333683325364714  6.0270259467694256 0.423361121317478  6.0293065162918333 0.62508223755605485  6.0312597846078102 0.82788123132938851  6.0329030767215412 1.0315856740369345  6.0342453778168448 1.2362808031600321  6.0369031824289197 1.762477913540899  6.0377386726088744 2.0757767980192074  6.0378962485992282 2.3881922761007557  6.0373303716821471 2.7055048819170215  6.0358791534476959 3.0285821003242033  6.0332799817579916 3.3515099653490146  6.0289915847242437 3.6736326545154108  6.028755770610239 3.6909333627828866  6.0285146233796594 3.7082115433728902  6.0282680078464903 3.7254658715794924  6.0280157797252558 3.7426948964827056  6.0277577856310058 3.7598970409484758  6.0274938630793367 3.7770706016286866 
 0 8 0.37810463509690256 6 0.96655778942293447 6 1 8
7 0 0  7 20 4  0.82761478760106755 4.8636026301776027  0.90104923751749766 5.0431546201549997  0.9721833568324566 5.2237643823820221  1.0415162752937737 5.4045135415566801  1.1095173356166779 5.5849974309803816  1.1766572916467857 5.7651603683953798  1.2434268625063927 5.9451302721199752  1.414485248469131 6.4050700037656076  1.515786363947309 6.6763772154634458  1.6180754808810689 6.9446862715081323  1.7245716727378473 7.2148061560044257  1.8379729227215778 7.4869404936385298  1.9604931536582482 7.7550847159798773  2.1023459403336449 8.0164925058441963  2.1100282295402519 8.0305126623774701  2.1177665905482885 8.0444943355434511  2.125563020151275 8.05843585461486  2.1334196442475952 8.0723354035318291  2.1413387178404961 8.0861910209018966  2.1493226250380886 8.1000005999999996 
 0 8 0.37810463509690256 6 0.96655778942293447 6 1 8
8 0.57707771435829569 0.60133019835317969
7 0 0  7 20 4  6.0213859193804344 0.026265195252896945  6.0243947357574728 0.22333683325364714  6.0270259467694256 0.423361121317478  6.0293065162918333 0.62508223755605485  6.0312597846078102 0.82788123132938851  6.0329030767215412 1.0315856740369345  6.0342453778168448 1.2362808031600321  6.0369031824289197 1.762477913540899  6.0377386726088744 2.0757767980192074  6.0378962485992282 2.3881922761007557  6.0373303716821471 2.7055048819170215  6.0358791534476959 3.0285821003242033  6.0332799817579916 3.3515099653490146  6.0289915847242437 3.6736326545154108  6.028755770610239 3.6909333627828866  6.0285146233796594 3.7082115433728902  6.0282680078464903 3.7254658715794924  6.0280157797252558 3.7426948964827056  6.0277577856310058 3.7598970409484758  6.0274938630793367 3.7770706016286866 
 0 8 0.37810463509690256 6 0.96655778942293447 6 1 8
7 0 0  7 20 4  6.023361669704614 -6.0000000000000008e-07  6.0258846282804281 0.18518720850181572  6.0281102062096794 0.37239287095993528  6.0300568341418126 0.56084118853385367  6.0317400063470163 0.75013945691012662  6.0331709913048766 0.94016309066088277  6.034355570025042 1.1309420180604406  6.0369893319920367 1.6693829835355221  6.0378132789534078 2.0062274586447439  6.0379089018711491 2.3419492295329727  6.0372140023059879 2.6847223592481653  6.035517426169954 3.0354275910352051  6.0324813024321804 3.3854956081530179  6.0271259150562599 3.7504524688945162  6.0264951930789863 3.7911557715966664  6.0258312169120156 3.8316970434047617  6.0251313228078658 3.8720713107369789  6.0243927134780852 3.9122464160978487  6.0236124720107558 3.9521629561784515  6.0227875757880023 3.9917342199566193 
 0 8 0.32910610111951416 6 0.92483724740073625 6 1 8
7 0 0  7 20 4  0.87720672175609948 4.6450132004053089  0.94241328757617671 4.8139788468760054  1.005951683870443 4.9835846049296393  1.0681785931178907 5.1532621636360059  1.1294344922012221 5.3227531601607394  1.1900599955763749 5.4920094910394806  1.2504063919995987 5.6610931584179554  1.4202349005675949 6.1359591758070433  1.5259117712214363 6.4303106919728208  1.6327836241048801 6.7213580765308318  1.7448685086249074 7.0159784139743433  1.8653800644439089 7.3142540863896865  1.9968253436540551 7.6075947845575369  2.1606148586123455 7.9057261018294955  2.1792906486787 7.9388590662794778  2.1983395954443892 7.9717339896079968  2.217805135856973 8.0043364470656151  2.2377275587771139 8.0366277619694291  2.2581447385020019 8.0685449394169559  2.2790928682887728 8.1000005999999996 
 0 8 0.32910610111951416 6 0.92483724740073625 6 1 8
8 0.5198793988541327 0.54570255422788538
7 0 0  7 20 4  6.023361669704614 -6.0000000000000008e-07  6.0258846282804281 0.18518720850181572  6.0281102062096794 0.37239287095993528  6.0300568341418126 0.56084118853385367  6.0317400063470163 0.75013945691012662  6.0331709913048766 0.94016309066088277  6.034355570025042 1.1309420180604406  6.0369893319920367 1.6693829835355221  6.0378132789534078 2.0062274586447439  6.0379089018711491 2.3419492295329727  6.0372140023059879 2.6847223592481653  6.035517426169954 3.0354275910352051  6.0324813024321804 3.3854956081530179  6.0271259150562599 3.7504524688945162  6.0264951930789863 3.7911557715966664  6.0258312169120156 3.8316970434047617  6.0251313228078658 3.8720713107369789  6.0243927134780852 3.9122464160978487  6.0236124720107558 3.9521629561784515  6.0227875757880023 3.9917342199566193 
 0 8 0.32910610111951416 6 0.92483724740073625 6 1 8
7 0 0  7 20 4  6.0255970549925442 -6.0000000000000008e-07  6.0275775850078332 0.166618618363021  6.0293449637246237 0.33445103120726311  6.0309097638908993 0.50310275867336174  6.0322806173963945 0.67236392714664273  6.0334636774857051 0.84215411724356226  6.0344620809713803 1.0124678117981447  6.0369779561273509 1.5409650514242357  6.0378078154906527 1.8880054039584795  6.0379121822874575 2.2337704305228967  6.0372296337076135 2.5868881880804846  6.0355481732107439 2.9483903828612861  6.0325272772958467 3.3094781554998116  6.0270389316027027 3.6963362299400209  6.0262475184126556 3.7484726066490728  6.0254037985144659 3.8003601924823376  6.0245020255038568 3.8520093957543784  6.0235360994859732 3.9033518385155084  6.0224996167394442 3.9542401652524322  6.0213859193804344 4.0044478515888713 
 0 8 0.29224371064787924 6 0.90399858006979628 6 1 8
7 0 0  7 20 4  0.93719772464753781 4.4508104138728655  0.99250316653777648 4.6030208985768359  1.0467477568068289 4.7555380338559461  1.100153315637231 4.9080737694185439  1.1529359260793686 5.060489612851975  1.2053107175548681 5.2127482144973429  1.257496649359984 5.3648649523242868  1.419043341493494 5.8350303159003696  1.5245725010962674 6.1411327442048762  1.6312702644102288 6.4438674645854555  1.7431999304685823 6.7505873879197589  1.8636071547595083 7.0615329861997331  1.9950161136428031 7.367868935664232  2.1633356245309363 7.6884090638860396  2.1866525906842562 7.7314318369881887  2.2105645072537645 7.7740573685729055  2.2351684943002779 7.8162737881968471  2.2605522202183788 7.8579984837901486  2.2867964954151185 7.8990778933544448  2.3139778659887256 7.9392872966609076 
 0 8 0.29224371064787924 6 0.90399858006979628 6 1 8
8 0.48796693364175719 0.5170305745457352
7 0 0  7 20 4  6.0255970549925442 -6.0000000000000008e-07  6.0275775850078332 0.166618618363021  6.0293449637246237 0.33445103120726311  6.0309097638908993 0.50310275867336174  6.0322806173963945 0.67236392714664273  6.0334636774857051 0.84215411724356226  6.0344620809713803 1.0124678117981447  6.0369779561273509 1.5409650514242357  6.0378078154906527 1.8880054039584795  6.0379121822874575 2.2337704305228967  6.0372296337076135 2.5868881880804846  6.0355481732107439 2.9483903828612861  6.0325272772958467 3.3094781554998116  6.0270389316027027 3.6963362299400209  6.0262475184126556 3.7484726066490728  6.0254037985144659 3.8003601924823376  6.0245020255038568 3.8520093957543784  6.0235360994859732 3.9033518385155084  6.0224996167394442 3.9542401652524322  6.0213859193804344 4.0044478515888713 
 0 8 0.29224371064787924 6 0.90399858006979628 6 1 8
7 0 0  7 20 4  6.02768011165346 -6.0000000000000008e-07  6.0291803270827629 0.14591944090112749  6.0305351988790283 0.29252875281755542  6.031750141621024 0.43964729457719093  6.0328294697780507 0.58717280390519255  6.0337761970415622 0.73505769869401405  6.0345918356567827 0.88328597827345157  6.0369656926621991 1.3986141526807563  6.0377956567910971 1.7545201840471392  6.037909941606916 2.1090512812624871  6.0372494567904891 2.4709795600065894  6.0356075413665184 2.8414568615537208  6.0326515008341852 3.2117456585545101  6.0272416202234442 3.6119561512525888  6.0264290850313955 3.667986307863579  6.0255603350798612 3.7237652496522919  6.0246288094559812 3.7793142643495123  6.0236275190357924 3.8345571264232499  6.0225491086717815 3.8893198488628609  6.0213859193804344 3.9433304349631513 
 0 8 0.25815088263640584 6 0.8954544302095051 6 1 8
7 0 0  7 20 4  0.99792890905501963 4.2571440701129717  1.0437114983504951 4.3907008949214532  1.0888707418109465 4.52437771846951  1.1335350820707375 4.6580435516579914  1.1778306600556816 4.7916304656358033  1.221883220709568 4.9251129480573228  1.2658200187206872 5.0584872593398273  1.4182764001518826 5.5207418010638563  1.523054467271757 5.8374817700124897  1.6289699027875377 6.1508556041537901  1.7400208332295235 6.4684291074138347  1.8594083688506835 6.7905943847778962  1.9896283910034303 7.1085603146601564  2.1573359811977544 7.444936196686883  2.1814865921741484 7.4918480719816909  2.2062804261214808 7.5383514946879373  2.2318296538236537 7.5844421700878604  2.258234922421523 7.6300275791963106  2.2855885743022588 7.6749267114750532  2.3139778659887043 7.7188697975470504 
 0 8 0.25815088263640584 6 0.8954544302095051 6 1 8
8 0.46208486023835715 0.49534756185469409
7 0 0  7 20 4  6.02768011165346 -6.0000000000000008e-07  6.0291803270827629 0.14591944090112749  6.0305351988790283 0.29252875281755542  6.031750141621024 0.43964729457719093  6.0328294697780507 0.58717280390519255  6.0337761970415622 0.73505769869401405  6.0345918356567827 0.88328597827345157  6.0369656926621991 1.3986141526807563  6.0377956567910971 1.7545201840471392  6.037909941606916 2.1090512812624871  6.0372494567904891 2.4709795600065894  6.0356075413665184 2.8414568615537208  6.0326515008341852 3.2117456585545101  6.0272416202234442 3.6119561512525888  6.0264290850313955 3.667986307863579  6.0255603350798612 3.7237652496522919  6.0246288094559812 3.7793142643495123  6.0236275190357924 3.8345571264232499  6.0225491086717815 3.8893198488628609  6.0213859193804344 3.9433304349631513 
 0 8 0.25815088263640584 6 0.8954544302095051 6 1 8
7 0 0  7 20 4  6.0296014058781688 -6.0000000000000008e-07  6.0306829715296129 0.12305088312106958  6.031672187403978 0.24645898801429469  6.032571495474647 0.37016279005184344  6.0333827326384775 0.4941167844281239  6.0341071208134114 0.6182905483900677  6.0347452570360769 0.74266840346741148  6.0369719086705311 1.2453403424773879  6.0377927747573539 1.6119609301893656  6.0379041165189866 1.9770808997828615  6.0372469723006486 2.3498896370600528  6.0356147737982218 2.731660910336418  6.0326745549366114 3.113423661431129  6.0272832341935425 3.5267138613156752  6.0264673332610803 3.5849827822237432  6.025594276495724 3.6430065263207831  6.0246571584848994 3.7008165205787584  6.0236486162008402 3.758336108217379  6.0225608957929939 3.8153803084713327  6.0213859193804344 3.8716555763575187 
 0 8 0.2204170147534866 6 0.88936304829606705 6 1 8
7 0 0  7 20 4  1.0595587259567552 4.0641044846573919  1.0961446601884048 4.177008553524006  1.132402137106298 4.2899357546014061  1.1684009093183043 4.4028440342148736  1.2042065203606855 4.5157024582018099  1.2398832188822682 4.6284909921924156  1.275496872828618 4.7412002818903574  1.419224482885264 5.1956569594310444  1.5235853220568001 5.5247032787552275  1.6290816785959941 5.8503492912848625  1.7397289816165067 6.1806093755725309  1.8587352221103601 6.5160144190346889  1.9885969041758542 6.8475308431335611  2.1560965753490122 7.1994054659174802  2.180391893459841 7.2488381930493473  2.205346633216188 7.2978690606724967  2.2310800851474748 7.3465026452517241  2.2576989654022461 7.3946450366711263  2.2853008928176144 7.442103573513454  2.3139778659887043 7.4885865783394792 
 0 8 0.2204170147534866 6 0.88936304829606705 6 1 8
8 0.43251319733871724 0.47062763088880083
7 0 0  7 20 4  6.0296014058781688 -6.0000000000000008e-07  6.0306829715296129 0.12305088312106958  6.031672187403978 0.24645898801429469  6.032571495474647 0.37016279005184344  6.0333827326384775 0.4941167844281239  6.0341071208134114 0.6182905483900677  6.0347452570360769 0.74266840346741148  6.0369719086705311 1.2453403424773879  6.0377927747573539 1.6119609301893656  6.0379041165189866 1.9770808997828615  6.0372469723006486 2.3498896370600528  6.0356147737982218 2.731660910336418  6.0326745549366114 3.113423661431129  6.0272832341935425 3.5267138613156752  6.0264673332610803 3.5849827822237432  6.025594276495724 3.6430065263207831  6.0246571584848994 3.7008165205787584  6.0236486162008402 3.758336108217379  6.0225608957929939 3.8153803084713327  6.0213859193804344 3.8716555763575187 
 0 8 0.2204170147534866 6 0.88936304829606705 6 1 8
7 0 0  7 20 4  6.0313497004254595 -6.0000000000000008e-07  6.0320652681627536 0.096735034204282422  6.0327296209114554 0.19363485807007921  6.0333435557243131 0.2906795164270487  6.033907666649184 0.3878534082143511  6.034422342906999 0.48514461147139309  6.0348877670696988 0.58254480832857147  6.0369639160465818 1.0689932706513536  6.0377862749617455 1.4470570915131764  6.0379045305378458 1.8241865687022432  6.0372568861145348 2.2093174875288977  6.035639332616622 2.6034110899353009  6.0327268220863903 2.9971086857652889  6.027378450806987 3.4246745705812152  6.0265535041711535 3.4860359371262213  6.0256694809390678 3.5471537131212543  6.0247189070782072 3.6080750661425256  6.0236937970316591 3.6687223638257129  6.0225857288595401 3.7288929447955121  6.0213859193804344 3.788258889595177 
 0 8 0.17659499815669294 6 0.88103063899047318 6 1 8
7 0 0  7 20 4  1.1222547437527339 3.8717798784290309  1.1495762045501507 3.9607966496321643  1.1767575952073652 4.0498060212987124  1.2038279151387896 4.1387946308220362  1.230815152484136 4.2277516801510506  1.2577469852183147 4.3166688857098956  1.2846514822613311 4.4055404283176074  1.4188868490607707 4.8486748462679792  1.5227854103939999 5.190784110737769  1.6279776138891813 5.5300757177214255  1.7383336493922215 5.8744067424297581  1.8569448613406481 6.2240652497279276  1.9862326517993816 6.5696572750149578  2.1532537999200416 6.9382765995909894  2.1779222757477377 6.9910023534385815  2.2032764268873541 7.04332628443826  2.2294471931197752 7.0952663982114972  2.2565512190918207 7.1467261961337147  2.2846948064524057 7.1974944127976039  2.3139778659887043 7.2472447534764086 
 0 8 0.17659499815669294 6 0.88103063899047318 6 1 8
8 0.39892092166345494 0.44260651767683734
7 0 0  7 20 4  6.0313497004254595 -6.0000000000000008e-07  6.0320652681627536 0.096735034204282422  6.0327296209114554 0.19363485807007921  6.0333435557243131 0.2906795164270487  6.033907666649184 0.3878534082143511  6.034422342906999 0.48514461147139309  6.0348877670696988 0.58254480832857147  6.0369639160465818 1.0689932706513536  6.0377862749617455 1.4470570915131764  6.0379045305378458 1.8241865687022432  6.0372568861145348 2.2093174875288977  6.035639332616622 2.6034110899353009  6.0327268220863903 2.9971086857652889  6.027378450806987 3.4246745705812152  6.0265535041711535 3.4860359371262213  6.0256694809390678 3.5471537131212543  6.0247189070782072 3.6080750661425256  6.0236937970316591 3.6687223638257129  6.0225857288595401 3.7288929447955121  6.0213859193804344 3.788258889595177 
 0 8 0.17659499815669294 6 0.88103063899047318 6 1 8
7 0 0  7 20 4  6.0329117749762631 -6.0000000000000008e-07  6.0333226443228343 0.067451149800533156  6.0337110344372062 0.13496176689457667  6.0340771076900079 0.20252767154610957  6.0344209824256509 0.27014543656708173  6.0347427329623313 0.33781178731741429  6.0350423895920331 0.40552360170499951  6.0369616644022503 0.87405039496930015  6.037777831751252 1.2635990741804235  6.0378990140986168 1.6521289634979919  6.0372649393204529 2.0487854911851278  6.0356757756033925 2.4546343292378414  6.0328127382235728 2.8602661243627026  6.0275280014349022 3.3037780056209036  6.0266884756407268 3.3692017288736187  6.0257868606617082 3.4343829537705739  6.02481489382322 3.4993884371805626  6.0237637213938751 3.5641363115865472  6.0226239868900526 3.628395845221537  6.0213859193804344 3.6917872022044804 
 0 8 0.12583317801134222 6 0.87014710506124648 6 1 8
7 0 0  7 20 4  1.1861993547356764 3.6802567844536966  1.2043388814565918 3.7425284752811439  1.222436652468782 3.8047890307980059  1.2405012267944091 3.8670360742908696  1.2585410844495104 3.9292672102138235  1.2765646264439996 3.9914800241884572  1.2945801747816661 4.0536720830038613  1.4191609446793438 4.4835749680041594  1.5223570412961722 4.8388344024541485  1.6268306598787683 5.1912880438847182  1.7363980308364815 5.5490608424079477  1.8541124771224919 5.9125746121684735  1.982370270701092 6.2723737938494875  2.1487649673451092 6.6594100346628693  2.1740383185159602 6.7163257873878743  2.2000358944522076 6.7728366884898037  2.2269042803133474 6.8289773441653017  2.2547733770364995 6.8846450861025463  2.2837610647169515 6.9395996893482375  2.3139778659887043 6.9934630901745507 
 0 8 0.12583317801134222 6 0.87014710506124648 6 1 8
8 0.359354674374049 0.40966829137895777
7 0 0  7 20 4  6.0329117749762631 -6.0000000000000008e-07  6.0333226443228343 0.067451149800533156  6.0337110344372062 0.13496176689457667  6.0340771076900079 0.20252767154610957  6.0344209824256509 0.27014543656708173  6.0347427329623313 0.33781178731741429  6.0350423895920331 0.40552360170499951  6.0369616644022503 0.87405039496930015  6.037777831751252 1.2635990741804235  6.0378990140986168 1.6521289634979919  6.0372649393204529 2.0487854911851278  6.0356757756033925 2.4546343292378414  6.0328127382235728 2.8602661243627026  6.0275280014349022 3.3037780056209036  6.0266884756407268 3.3692017288736187  6.0257868606617082 3.4343829537705739  6.02481489382322 3.4993884371805626  6.0237637213938751 3.5641363115865472  6.0226239868900526 3.628395845221537  6.0213859193804344 3.6917872022044804 
 0 8 0.12583317801134222 6 0.87014710506124648 6 1 8
7 0 0  7 26 5  6.0342721344937473 -6.0000000000000008e-07  6.0344366267346077 0.033838758107065763  6.0345959790239396 0.067689259637219543  6.0347501995820485 0.10155055721045451  6.0348992942617601 0.13542230961117419  6.0350432665484215 0.16930418178819234  6.0351821175599012 0.20319584485473305  6.0358612112828132 0.37535097791400635  6.0363212264341239 0.51372076937460387  6.0366960309404893 0.65222614955429947  6.0369849381806437 0.7908665966499574  6.0371864441846856 0.92962094249230787  6.0372982363466887 1.0684470470670251  6.0373548317410153 1.4827397728029208  6.0370262646766291 1.7525984702549182  6.0363343962362643 2.021996125037183  6.0352278915465059 2.2941839541809683  6.0336130968376818 2.5693671869182659  6.0313643173769078 2.8435955860163871  6.0275528810342118 3.176220474784607  6.0267119106043667 3.2443486125303216  6.0258081936252337 3.3122446301135637  6.0248331673084463 3.379987671898943  6.0237776525292279 3.4474949122534504  6.0226319471560732 3.5145212963778616  6.0213859193804344 3.5806592811381392 
 0 8 0.065479730155897212 6 0.33251609157125023 6 0.86233700290637727 6 1 8
7 0 0  7 26 5  1.2515963874141189 3.4896202431676784  1.2602820252939142 3.520970810807778  1.2689629877606623 3.5523175806366587  1.2776402124769357 3.5836602941472862  1.2863146362833078 3.6149986904275635  1.2949871951983503 3.6463325061603267  1.3036588244186351 3.6776614756233497  1.3476947085790147 3.8367288058443054  1.3830483710594224 3.9643487412123641  1.4184658040921039 4.0918656118832626  1.4540161685019937 4.2192787113613033  1.4897666780214587 4.3465658571929087  1.5257858497049459 4.4736830965942049  1.6342896173250259 4.8523068109228262  1.7063026622025237 5.0979729941332925  1.7801362184985581 5.3422654589049454  1.8574470278725248 5.5880115148135392  1.9396435286635689 5.8351360547209801  2.0278476769393068 6.0796570973453008  2.1480140356835289 6.3731685050252098  2.1733598062142607 6.4331140341155466  2.1994434908104536 6.4926675854690918  2.2264179339744681 6.5518756923043595  2.254418263430332 6.6106343438007764  2.2835667830848498 6.6686886843908821  2.3139778659887043 6.7256327130525619 
 0 8 0.065479730155897212 6 0.33251609157125023 6 0.86233700290637727 6 1 8
8 0.31164437007228724 0.36925991309326367
7 0 0  7 26 5  6.0342721344937473 -6.0000000000000008e-07  6.0344366267346077 0.033838758107065763  6.0345959790239396 0.067689259637219543  6.0347501995820485 0.10155055721045451  6.0348992942617601 0.13542230961117419  6.0350432665484215 0.16930418178819234  6.0351821175599012 0.20319584485473305  6.0358612112828132 0.37535097791400635  6.0363212264341239 0.51372076937460387  6.0366960309404893 0.65222614955429947  6.0369849381806437 0.7908665966499574  6.0371864441846856 0.92962094249230787  6.0372982363466887 1.0684470470670251  6.0373548317410153 1.4827397728029208  6.0370262646766291 1.7525984702549182  6.0363343962362643 2.021996125037183  6.0352278915465059 2.2941839541809683  6.0336130968376818 2.5693671869182659  6.0313643173769078 2.8435955860163871  6.0275528810342118 3.176220474784607  6.0267119106043667 3.2443486125303216  6.0258081936252337 3.3122446301135637  6.0248331673084463 3.379987671898943  6.0237776525292279 3.4474949122534504  6.0226319471560732 3.5145212963778616  6.0213859193804344 3.5806592811381392 
 0 8 0.065479730155897212 6 0.33251609157125023 6 0.86233700290637727 6 1 8
7 0 0  7 20 4  6.0354125762164736 -6.0000000000000008e-07  6.0359411720220209 0.14301342055044849  6.0363855599772203 0.28612922134585872  6.0367458294819736 0.42937095311112045  6.0370212501044112 0.57274090118246634  6.0372102806464101 0.71621917879197283  6.0373105782091132 0.8597634203520591  6.0373355876625716 1.2856694995939821  6.0369963562501576 1.5623533776360421  6.0363030888355951 1.838567162359797  6.0352056663718683 2.1176043036546393  6.0336133753824051 2.3996987217354424  6.0314046768136356 2.6809289257267066  6.0276481897748662 3.0246913756492586  6.0267985506575599 3.096774358630114  6.0258841679894362 3.1686305723924875  6.0248958561660846 3.2403607904526268  6.0238237497728511 3.3118801033779897  6.0226574080537603 3.3829176435588812  6.0213859193804344 3.4530163099801072 
 0 8 0.28623199965513424 6 0.84926610147945703 6 1 8
7 0 0  7 20 4  1.3186792832325291 3.299953800743225  1.3538010763578561 3.4329411968599004  1.388919408564427 3.5658051813879656  1.4241081103754163 3.6985700664666346  1.4594358586270999 3.8312375524070896  1.4949693810371854 3.9637864470392721  1.5307766607731483 4.096172385058682  1.6380460270970836 4.4882840274481968  1.7090708810601893 4.742117939615075  1.7818978340802634 4.9946271156087345  1.8581389044999812 5.2487091947412114  1.9391646926307236 5.5043350268390672  2.0260698858881612 5.7575483406746315  2.1451335834916647 6.0641816303821656  2.1708521791906583 6.1283100740388505  2.1973363485481161 6.1920515824628657  2.2247517451905958 6.2554724423938106  2.2532442361927516 6.3184653066603582  2.2829453736062524 6.3807488726604715  2.3139778659887043 6.4418675608416436 
 0 8 0.28623199965513424 6 0.84926610147945703 6 1 8
8 0.25572214059639686 0.32282808042494032
7 0 0  7 20 4  6.0354125762164736 -6.0000000000000008e-07  6.0359411720220209 0.14301342055044849  6.0363855599772203 0.28612922134585872  6.0367458294819736 0.42937095311112045  6.0370212501044112 0.57274090118246634  6.0372102806464101 0.71621917879197283  6.0373105782091132 0.8597634203520591  6.0373355876625716 1.2856694995939821  6.0369963562501576 1.5623533776360421  6.0363030888355951 1.838567162359797  6.0352056663718683 2.1176043036546393  6.0336133753824051 2.3996987217354424  6.0314046768136356 2.6809289257267066  6.0276481897748662 3.0246913756492586  6.0267985506575599 3.096774358630114  6.0258841679894362 3.1686305723924875  6.0248958561660846 3.2403607904526268  6.0238237497728511 3.3118801033779897  6.0226574080537603 3.3829176435588812  6.0213859193804344 3.4530163099801072 
 0 8 0.28623199965513424 6 0.84926610147945703 6 1 8
7 0 0  7 20 4  6.0363115647804637 -6.0000000000000008e-07  6.0365468681895864 0.09094942738799397  6.0367507723014686 0.18194137296635621  6.0369230917649679 0.27297112392280531  6.0370635316442378 0.36403446330360562  6.0371716874187422 0.45512707001356711  6.0372470449832552 0.54624451881604574  6.0374321871788101 0.94860955642593614  6.0371823501521478 1.2530183357123161  6.0365485417739357 1.5569358110080742  6.0354768511420112 1.8644365733428065  6.0338647199420965 2.1758705076097753  6.0315729143954089 2.4864586645270297  6.0276506300132695 2.8604328743452307  6.0268018568705291 2.9354550214621882  6.025888269933505 3.0102523502031238  6.0249003748870242 3.0849502501209609  6.0238279702165523 3.1594712727397094  6.0226602521134849 3.233535157359642  6.0213859193804344 3.3066588568624624 
 0 8 0.18940107022628855 6 0.83618872656668741 6 1 8
7 0 0  7 20 4  1.3877217592118676 3.1113392950365437  1.4091492852195897 3.1962375182694536  1.4306127773865123 3.2810978124476682  1.4521266376717301 3.3659162154184505  1.4737060785760316 3.4506883441385816  1.4953671231418986 3.5354093946743594  1.517126604953503 3.6200741422016023  1.613705253106031 3.9935879059380399  1.6880702835152812 4.2752268501064279  1.7642728617663108 4.5554844218966082  1.8441423873642779 4.8380011934877674  1.9292246834985871 5.1228386691116459  2.0207282933878812 5.4051876402798715  2.1450585707604604 5.74211857789627  2.1707538614287332 5.8095475937738765  2.1972195568160382 5.8765971657468912  2.2246293231453378 5.9433573953197554  2.2531357069434863 6.0097276250864429  2.2828759602771465 6.0754163842882685  2.3139778659887043 6.1399413343716986 
 0 8 0.18940107022628855 6 0.83618872656668741 6 1 8
8 0.18767894396487 0.26674220156244233
7 0 0  7 20 4  6.0363115647804637 -6.0000000000000008e-07  6.0365468681895864 0.09094942738799397  6.0367507723014686 0.18194137296635621  6.0369230917649679 0.27297112392280531  6.0370635316442378 0.36403446330360562  6.0371716874187422 0.45512707001356711  6.0372470449832552 0.54624451881604574  6.0374321871788101 0.94860955642593614  6.0371823501521478 1.2530183357123161  6.0365485417739357 1.5569358110080742  6.0354768511420112 1.8644365733428065  6.0338647199420965 2.1758705076097753  6.0315729143954089 2.4864586645270297  6.0276506300132695 2.8604328743452307  6.0268018568705291 2.9354550214621882  6.025888269933505 3.0102523502031238  6.0249003748870242 3.0849502501209609  6.0238279702165523 3.1594712727397094  6.0226602521134849 3.233535157359642  6.0213859193804344 3.3066588568624624 
 0 8 0.18940107022628855 6 0.83618872656668741 6 1 8
7 0 0  7 20 4  6.0369433317644114 -6.0000000000000008e-07  6.0370871292662756 0.094322084537442438  6.0371994134803222 0.18866321087651064  6.0372798329469788 0.28303059913839407  6.0373279056461495 0.37742586657358218  6.0373430189972055 0.47184442756186418  6.0373244298589928 0.56627549361232943  6.0371123255554897 0.94299250533474066  6.0366474118788966 1.2198740554344893  6.035871160412988 1.4963067549943458  6.0347367785588055 1.7753459840899044  6.0331650812610231 2.0571839853242828  6.0310524263913994 2.3382541180642362  6.0275030436944181 2.6868143481582427  6.0266704611909701 2.7627644285860109  6.0257757035348698 2.8385133397153601  6.0248097708450219 2.9141816617933536  6.0237630238054498 2.9896938466993599  6.0226252815222381 3.0647780278502736  6.0213859193804344 3.1389658301057324 
 0 8 0.20705277711187758 6 0.82604181648922781 6 1 8
7 0 0  7 20 4  1.4590523536684745 2.9238563756641582  1.4804341211870631 3.0122470699765245  1.5018842478976342 3.1005818051614082  1.5234205150131643 3.1888672492895473  1.5450605775879767 3.2771039170391676  1.5668219645177437 3.3652861696959819  1.5887220785394842 3.4534022151531909  1.6767154673614124 3.8046074760406334  1.7427943725908399 4.062023557982573  1.8106565683187099 4.3182986606215916  1.8817106113710613 4.5761697028008204  1.9571494528733773 4.8356188171593342  2.037934063805066 5.0930436851944894  2.149510768200114 5.4099532500914354  2.1745483903165517 5.4788585415096538  2.2003344503834792 5.5474189995303345  2.2270328752137369 5.6157234769848126  2.254787950698542 5.6836753797062771  2.2837294673741813 5.7509924304501592  2.3139778659887043 5.8172064328145154 
 0 8 0.20705277711187758 6 0.82604181648922781 6 1 8
8 0.10444617656038578 0.19793089012450465
7 0 0  7 20 4  6.0369433317644114 -6.0000000000000008e-07  6.0370871292662756 0.094322084537442438  6.0371994134803222 0.18866321087651064  6.0372798329469788 0.28303059913839407  6.0373279056461495 0.37742586657358218  6.0373430189972055 0.47184442756186418  6.0373244298589928 0.56627549361232943  6.0371123255554897 0.94299250533474066  6.0366474118788966 1.2198740554344893  6.035871160412988 1.4963067549943458  6.0347367785588055 1.7753459840899044  6.0331650812610231 2.0571839853242828  6.0310524263913994 2.3382541180642362  6.0275030436944181 2.6868143481582427  6.0266704611909701 2.7627644285860109  6.0257757035348698 2.8385133397153601  6.0248097708450219 2.9141816617933536  6.0237630238054498 2.9896938466993599  6.0226252815222381 3.0647780278502736  6.0213859193804344 3.1389658301057324 
 0 8 0.20705277711187758 6 0.82604181648922781 6 1 8
7 0 0  7 20 4  6.0372765597490439 -6.0000000000000008e-07  6.0372881049505951 0.023193993273778715  6.0372978522028422 0.046389633566746712  6.0373057936910905 0.069586268490691952  6.0373119211922255 0.09278384486030386  6.0373162260747035 0.11598230869317321  6.0373186992985719 0.13918160520979223  6.0373282701269755 0.49045196753506271  6.0369688655729723 0.81071922647745398  6.0362464620336329 1.1303320712198897  6.0351054888485614 1.4538785819931541  6.0334435487674467 1.7818260733756852  6.0311231685453786 2.1090652792162095  6.027235258004354 2.4990671223603562  6.0264317114221262 2.5742080703779942  6.0255709057968412 2.6491678179536078  6.0246447566485148 2.7240585953823464  6.0236446487228692 2.7988159933871839  6.0225615156129013 2.8731988466586502  6.0213859193804344 2.9467891173945731 
 0 8 0.053932194319999509 6 0.8165828155122401 6 1 8
7 0 0  7 20 4  1.5330751069191233 2.7375816455755029  1.5381516410611293 2.7594029071309771  1.5432343110591507 2.7812211841853691  1.5483233430281504 2.8030364110391655  1.5534189672547254 2.8248485201628077  1.558521418197103 2.8466574421966944  1.5636309344851431 2.8684631059511747  1.641104342649861 3.198570386873528  1.7131669159298921 3.4987303091429101  1.7871107810600086 3.797474605194898  1.8647740475202155 4.0989847663687469  1.9476981485710043 4.4034592952244775  2.0370787338854663 4.7057551448888386  2.1575157599306971 5.0633416296750919  2.1813952281741202 5.1321067368552766  2.2059729958334122 5.2005633560980806  2.2313961425496776 5.2687966143287577  2.2577946831997666 5.336723772597054  2.2852857652298026 5.4040940710599861  2.3139778659887043 5.4704885739646159 
 0 8 0.053932194319999509 6 0.8165828155122401 6 1 8
8 0.033214793237456769 0.1109239068536577
7 0 0  7 20 4  6.0372765597490439 -6.0000000000000008e-07  6.0372881049505951 0.023193993273778715  6.0372978522028422 0.046389633566746712  6.0373057936910905 0.069586268490691952  6.0373119211922255 0.09278384486030386  6.0373162260747035 0.11598230869317321  6.0373186992985719 0.13918160520979223  6.0373282701269755 0.49045196753506271  6.0369688655729723 0.81071922647745398  6.0362464620336329 1.1303320712198897  6.0351054888485614 1.4538785819931541  6.0334435487674467 1.7818260733756852  6.0311231685453786 2.1090652792162095  6.027235258004354 2.4990671223603562  6.0264317114221262 2.5742080703779942  6.0255709057968412 2.6491678179536078  6.0246447566485148 2.7240585953823464  6.0236446487228692 2.7988159933871839  6.0225615156129013 2.8731988466586502  6.0213859193804344 2.9467891173945731 
 0 8 0.053932194319999509 6 0.8165828155122401 6 1 8
1 0 0.10000000000000142 1 0 
2 -23.600000000000001 7.7999999999999998 1 0 -0 1 26.5
8 6.037311944883025 6.0547089361055795
1 0 0.10000000000000142 1 0 
8 -5.999999999062311e-07 0.10000060000000133
1 6.0547089361055795 0 0 1 
8 -5.999999999062311e-07 0.10000060000000133
1 0.68264507212742487 3.0999999999999996 0 1 
8 0 0.10000000000000142
1 6.0547089361055795 0 0 1 
1 0 0 1 0 
2 0 0 1 0 -0 1 26.5
8 6.0547089361055821 6.0933682458348706
1 0 0 1 0 
1 6.0933682458348706 0 0 1 
7 0 0  6 7 2  6.0933682227792554 4.0737632575236971  6.1149821673898623 4.0223675820423725  6.1365834773105963 3.971263663092746  6.1581496302290706 3.9233250962391932  6.1796811503073492 3.88121499610887  6.2012034237367599 3.847154280010046  6.2227712275376099 3.822614669487836 
 0 7 1 7
7 0 0  6 7 2  0.44392048014166541 -5.9999999999999997e-07  0.4859094764899069 0.56248128339821191  0.52321159260598271 1.127437322076327  0.55547352744239231 1.6938023698612921  0.58229667343930447 2.2610899333859757  0.60329147576095821 2.8294965152664706  0.61814907293108501 3.4000005999999998 
 0 7 1 7
8 1.7778349743429134e-07 0.60905321055139294
7 0 0  6 7 2  6.0933682227792554 4.0737632575236971  6.1149821673898623 4.0223675820423725  6.1365834773105963 3.971263663092746  6.1581496302290706 3.9233250962391932  6.1796811503073492 3.88121499610887  6.2012034237367599 3.847154280010046  6.2227712275376099 3.822614669487836 
 0 7 1 7
8 1.7778349743429134e-07 0.60905321055139294
7 0 0  6 7 2  6.7271057873212516 -5.9999999999999997e-07  6.7690947836694928 0.56248128339821191  6.8063968997855691 1.127437322076327  6.8386588346219783 1.6938023698612921  6.8654819806188909 2.2610899333859757  6.8864767829405444 2.8294965152664706  6.9013343801106712 3.4000005999999998 
 0 7 1 7
1 6.1722290272338114 3.9000000000000004 1 0 
8 -5.999999999062311e-07 4.3800000000000008
1 0.18981706134471577 0 0 1 
8 -5.999999999062311e-07 4.3800000000000008
1 0.90000000000000036 9.1240273593462096 1 0 
8 2.6064614876135384 3.9000000000000004
1 6.4730023685243019 0 0 1 
7 0 0  6 12 3  0.24781164221601859 2.8890903764474789  0.23463074463667882 2.8341685797318572  0.22150952364108858 2.7739812670639958  0.20844443324053952 2.7091347176924216  0.19542247096949439 2.6399987322401364  0.1824408229402748 2.5668494243118469  0.16006623616809221 2.4334361052730058  0.1507155705895164 2.3753944374233957  0.1413913285566577 2.3152899247906147  0.13203696075578619 2.2525902073041317  0.12265984617783642 2.1869383302397907  0.11345074003056776 2.1186258339808521 
 0 7 0.57712691329932564 5 1 7
7 0 0  6 12 3  0.57005192168406005 3.5000005999999999  0.63172958040728733 3.1613772119965891  0.69219881502170344 2.8229317481101464  0.75172782647538261 2.4847023970809676  0.81060863950307649 2.1464759408752156  0.86908082322825375 1.8082884156642138  0.97014307987279946 1.2238617427852523  1.0124669397563806 0.97914102447907503  1.0549102228320995 0.73469108709464026  1.097933915698625 0.48906264366376218  1.1418215623779784 0.2424718602594213  1.1864807269307436 -5.9999999999999997e-07 
 0 7 0.57712691329932564 5 1 7
8 0.010103973320832548 0.42645687244656916
7 0 0  6 12 3  6.5309969493956048 2.8890903764474789  6.5178160518162649 2.8341685797318572  6.5046948308206751 2.7739812670639958  6.4916297404201257 2.7091347176924216  6.4786077781490805 2.6399987322401364  6.465626130119861 2.5668494243118469  6.443251543347678 2.4334361052730058  6.4339008777691022 2.3753944374233957  6.4245766357362442 2.3152899247906147  6.4152222679353725 2.2525902073041317  6.405845153357423 2.1869383302397907  6.396636047210154 2.1186258339808521 
 0 7 0.57712691329932564 5 1 7
8 0.010103973320832548 0.42645687244656916
7 0 0  6 12 3  6.8532372288636463 3.5000005999999999  6.9149148875868738 3.1613772119965891  6.97538412220129 2.8229317481101464  7.0349131336549693 2.4847023970809676  7.0937939466826627 2.1464759408752156  7.1522661304078401 1.8082884156642138  7.2533283870523855 1.2238617427852523  7.2956522469359673 0.97914102447907503  7.3380955300116852 0.73469108709464026  7.381119222878211 0.48906264366376218  7.4250068695575644 0.2424718602594213  7.4696660341103298 -5.9999999999999997e-07 
 0 7 0.57712691329932564 5 1 7
7 0 0  4 5 2  0.2464812074002376 2.8999553875249831  0.24623832902927051 2.8266049006855605  0.24606222675687792 2.7532178204604523  0.24594908556508199 2.6798280998792765  0.24589651107753951 2.6064608876135384 
 0 5 1 5
7 0 0  4 5 2  4.5694144191543344 8.1000005999999996  4.5976760193635569 8.0408161470365851  4.6255665412864113 7.9813529179364622  4.65315607637082 7.9216542636748626  4.6804986994349722 7.8617498884216417 
 0 5 1 5
8 2.5344493372896458e-06 0.056774294487680572
7 0 0  4 5 2  6.5296665145798238 2.8999553875249831  6.5294236362088567 2.8266049006855605  6.5292475339364637 2.7532178204604523  6.5291343927446679 2.6798280998792765  6.5290818182571257 2.6064608876135384 
 0 5 1 5
7 0 0  5 6 2  0.23382293636087934 2.8440886112262369  0.23941822664853327 2.8681442988748622  0.24501351693618822 2.8929063788982532  0.25060880722384127 2.9183732823023831  0.25620409751149503 2.9445433479386027  0.26179938779914896 2.9714148231539603 
 3.3754155899506726 6 3.4033920413889422 6
3 -31.593652044212618 -8 -1 0 -0 -1 32.350526602178583 26.5
8 3.3880738585277816 3.3882364446003299
7 0 0  5 6 2  6.5170082435404657 2.8440886112262369  6.5226035338281196 2.8681442988748622  6.5281988241157745 2.8929063788982532  6.5337941144034275 2.9183732823023831  6.5393894046910814 2.9445433479386027  6.5449846949787354 2.9714148231539603 
 3.3754155899506726 6 3.4033920413889422 6
7 0 0  5 6 2  0.24769053385029238 3.1234806020969188  0.24709383213898051 3.0203189720160686  0.24663058898638951 2.9168932650548842  0.24628988768041205 2.8134188329547603  0.24606346765033699 2.7099653954896419  0.24594599336351042 2.6064608876135384 
 0 6 1 6
7 0 0  5 6 2  4.465792649766783 8.1000005999999996  4.5063094143202287 8.0166435584954066  4.5459234067218297 7.9325763429435368  4.5847835311583811 7.8480228256755877  4.6230308218103184 7.763073191957595  4.660827734853342 7.6776879068974466 
 0 6 1 6
8 1.439590396173008e-06 0.43125740742753926
7 0 0  5 6 2  6.5308758410298786 3.1234806020969188  6.5302791393185666 3.0203189720160686  6.5298158961659754 2.9168932650548842  6.5294751948599981 2.8134188329547603  6.5292487748299228 2.7099653954896419  6.5291313005430966 2.6064608876135384 
 0 6 1 6
7 0 0  5 6 2  0.23382293636087934 3.0643773842866295  0.23941822664853327 3.0875501799394511  0.24501351693618778 3.1114034419497827  0.25060880722384171 3.1359356589087568  0.25620409751149509 3.1611452306352961  0.26179938779914902 3.1870304688022841 
 3.3754155899506726 6 3.4033920413889422 6
3 -31.367611149490898 -8 -1 0 -0 -1 31.96477563535349 26.5
8 3.3892831831450581 3.3895709875169118
7 0 0  5 6 2  6.5170082435404657 3.0643773842866295  6.5226035338281196 3.0875501799394511  6.5281988241157745 3.1114034419497827  6.5337941144034275 3.1359356589087568  6.5393894046910814 3.1611452306352961  6.5449846949787354 3.1870304688022841 
 3.3754155899506726 6 3.4033920413889422 6
7 0 0  5 6 2  0.24956892120031071 3.3438892292518929  0.24832954033622398 3.1973750062981257  0.24739071904559193 3.0497119636275123  0.24671181507438286 2.9020269447612952  0.24626275301562073 2.7544276628196402  0.24602842235263722 2.6064608876135384 
 0 6 1 6
7 0 0  5 6 2  4.3602062698162491 8.1000005999999996  4.4197311337752447 7.9815414995972302  4.4768962632123044 7.8610207079619299  4.5321561540898063 7.7395538055178479  4.5859908451142122 7.617346076983873  4.6389445006785746 7.4940744161625261 
 0 6 1 6
8 1.0130078422410695e-06 0.29810874600134163
7 0 0  5 6 2  6.5327542283798969 3.3438892292518929  6.53151484751581 3.1973750062981257  6.5305760262251784 3.0497119636275123  6.5298971222539688 2.9020269447612952  6.5294480601952074 2.7544276628196402  6.5292137295322235 2.6064608876135384 
 0 6 1 6
7 0 0  5 6 2  0.23382293636087936 3.2790308514582023  0.23941822664853338 3.3013413028117355  0.24501351693619 3.3243068978861388  0.25060880722384038 3.3479261815175931  0.25620409751149542 3.3721976130735709  0.26179938779914946 3.3971195670557996 
 3.3754155899506726 6 3.4033920413889427 6
3 -31.153368640570541 -8 -1 0 -0 -1 31.597627260152606 26.5
8 3.3911615685125942 3.3915948166560717
7 0 0  5 6 2  6.5170082435404657 3.2790308514582023  6.5226035338281196 3.3013413028117355  6.5281988241157762 3.3243068978861388  6.5337941144034266 3.3479261815175931  6.5393894046910814 3.3721976130735709  6.5449846949787354 3.3971195670557996 
 3.3754155899506726 6 3.4033920413889427 6
7 0 0  6 7 2  0.25218684533558289 3.5615391990689673  0.25037785040894883 3.4046523884854958  0.24895455959076845 3.245356839030118  0.24786022336485539 3.085688326733623  0.24704761620621737 2.9263251793958429  0.24648359206824882 2.7669249928880038  0.24615278767782911 2.6064608876135384 
 0 7 1 7
7 0 0  6 7 2  4.2506186098631673 8.1000005999999996  4.3178406704888488 7.9732917677498429  4.3816639297878002 7.8431353015698244  4.4426468523557912 7.7114991253475385  4.5013700713054439 7.5791404477522466  4.5585034542812339 7.4458932427751003  4.6148000630000947 7.3109439391620583 
 0 7 1 7
8 7.8921091875186541e-07 0.22772389495080225
7 0 0  6 7 2  6.5353721525151691 3.5615391990689673  6.5335631575885351 3.4046523884854958  6.532139866770355 3.245356839030118  6.5310455305444419 3.085688326733623  6.5302329233858032 2.9263251793958429  6.5296688992478353 2.7669249928880038  6.5293380948574153 2.6064608876135384 
 0 7 1 7
7 0 0  5 6 2  0.23382293636087936 3.4883696101995376  0.23941822664853338 3.5098370482524937  0.24501351693619 3.5319348750421327  0.25060880722384038 3.5546616903888335  0.25620409751149542 3.5780160118737778  0.26179938779914946 3.6019962754190686 
 3.3754155899506726 6 3.4033920413889427 6
3 -30.950394167844678 -8 -1 0 -0 -1 31.24822768909555 26.5
8 3.3937794903593086 3.3943920904621727
7 0 0  5 6 2  6.5170082435404657 3.4883696101995376  6.5226035338281196 3.5098370482524937  6.5281988241157762 3.5319348750421327  6.5337941144034266 3.5546616903888335  6.5393894046910814 3.5780160118737778  6.5449846949787354 3.6019962754190686 
 3.3754155899506726 6 3.4033920413889427 6
7 0 0  6 7 2  0.25569144410024869 3.7770706016286653  0.25278328135997302 3.5878351271603757  0.25056450275618036 3.3917056436158934  0.24890404984247463 3.1949974806285564  0.24768786079184021 2.9997153802945364  0.246838265445329 2.8046451362855205  0.24632932831674914 2.6064608876135384 
 0 7 1 7
7 0 0  6 7 2  4.1338626821415119 8.1000005999999996  4.2218373598906638 7.9478328404131107  4.3032599813729311 7.7872420684180916  4.379270389927747 7.6242129056945487  4.4510545134201189 7.4608895923994449  4.5201356335523828 7.2965134508704708  4.5883316116354269 7.1283302027217061 
 0 7 1 7
8 6.5716936966621607e-07 0.18511424602263885
7 0 0  6 7 2  6.5388767512798349 3.7770706016286653  6.5359685885395589 3.5878351271603757  6.5337498099357667 3.3917056436158934  6.5320893570220608 3.1949974806285564  6.5308731679714267 2.9997153802945364  6.5300235726249154 2.8046451362855205  6.5295146354963354 2.6064608876135384 
 0 7 1 7
7 0 0  5 6 2  0.23382293636087934 3.6926935525396392  0.23941822664853335 3.7133361685969342  0.24501351693618911 3.7345849525922077  0.25060880722384127 3.7564385581435289  0.25620409751149537 3.778895559789619  0.26179938779914941 3.8019544535475553 
 3.3754155899506726 6 3.4033920413889427 6
3 -30.758196283237361 -8 -1 0 -0 -1 30.915785026206258 26.5
8 3.3972840862231131 3.3981378510267901
7 0 0  5 6 2  6.5170082435404657 3.6926935525396392  6.5226035338281196 3.7133361685969342  6.5281988241157753 3.7345849525922077  6.5337941144034275 3.7564385581435289  6.5393894046910814 3.778895559789619  6.5449846949787354 3.8019544535475553 
 3.3754155899506726 6 3.4033920413889427 6
7 0 0  6 12 3  0.26039773139158218 3.9917342199565766  0.25691245242188365 3.8245411965844234  0.2541741745604863 3.6475089798675668  0.25203412803075004 3.4691913006838737  0.25035236832293567 3.2926383451861003  0.24902316623611925 3.116300496328047  0.24768959764913392 2.8805914637307253  0.24741002072224172 2.8258177513724267  0.24715926406898792 2.7710106619062524  0.24693622914614177 2.7161779171979892  0.24673997563424965 2.6613261467324638  0.246569721437635 2.6064608876135384 
 0 7 0.76780049368249881 5 1 7
7 0 0  6 12 3  4.0040924388908365 8.1000005999999996  4.0926006344510393 7.9670969094701798  4.1732129265144078 7.8229372657352485  4.2471964451754021 7.6755867377582092  4.3159031951656601 7.5282074920590381  4.3812586504501301 7.3798337136200489  4.4651060686047392 7.1800410154695564  4.4843503010109194 7.1335134153139235  4.5033901351383676 7.0868622235291205  4.5222441879038024 7.0400981239981428  4.5409289947240596 6.9932302418369012  4.5594590095160976 6.9462661433942188 
 0 7 0.76780049368249881 5 1 7
8 5.7771184413971054e-07 0.15791401869803948
7 0 0  6 12 3  6.5435830385711684 3.9917342199565766  6.54009775960147 3.8245411965844234  6.5373594817400722 3.6475089798675668  6.5352194352103359 3.4691913006838737  6.5335376755025223 3.2926383451861003  6.5322084734157055 3.116300496328047  6.5308749048287202 2.8805914637307253  6.5305953279018283 2.8258177513724267  6.5303445712485741 2.7710106619062524  6.5301215363257281 2.7161779171979892  6.5299252828138359 2.6613261467324638  6.5297550286172212 2.6064608876135384 
 0 7 0.76780049368249881 5 1 7
7 0 0  5 6 2  0.23382293636087934 3.8922836292085883  0.23941822664853327 3.9121185452607428  0.24501351693618778 3.932535911237359  0.25060880722384171 3.9535344334374685  0.25620409751149509 3.9751127421749337  0.26179938779914902 3.9972693923143705 
 3.3754155899506726 6 3.4033920413889422 6
3 -30.576319313961054 -8 -1 0 -0 -1 30.599564267050162 26.5
8 3.4019903692469269 3.4032185398755601
7 0 0  5 6 2  6.5170082435404657 3.8922836292085883  6.5226035338281196 3.9121185452607428  6.5281988241157745 3.932535911237359  6.5337941144034275 3.9535344334374685  6.5393894046910814 3.9751127421749337  6.5449846949787354 3.9972693923143705 
 3.3754155899506726 6 3.4033920413889422 6
7 0 0  6 12 3  0.26179938779914941 4.004447851588715  0.25852942600745171 3.8570314869528897  0.25589022753960328 3.7011470215486981  0.25376139129857372 3.543803236599337  0.25202758630184235 3.3876554067918656  0.25059622922675506 3.2315432607999606  0.24884696218369121 2.9941691504062011  0.248341848563538 2.9167560518255353  0.24789667934847051 2.8392558179232998  0.24750782895710707 2.7617123384841862  0.24717221706892334 2.684127386066097  0.24688733963555798 2.6064608876135384 
 0 7 0.67460779734532028 5 1 7
7 0 0  6 12 3  3.9692074411909459 7.9392872966607797  4.0490155169690105 7.821227204827542  4.1218308101647176 7.6935041153410149  4.1887079782060805 7.5627634284105518  4.2508076413179285 7.4317499642150695  4.3097713447284685 7.2997711939376408  4.3955199428999174 7.0977064698919499  4.4228867163669063 7.0315964476559669  4.4497715578721637 6.9652173127101049  4.4762275494253654 6.8986203911837078  4.5023102511317417 6.8318180116322411  4.5280803170827895 6.7647838052241482 
 0 7 0.67460779734532028 5 1 7
8 0 0.0059912922421474632
7 0 0  6 12 3  6.5449846949787354 4.004447851588715  6.541714733187038 3.8570314869528897  6.5390755347191893 3.7011470215486981  6.5369466984781601 3.543803236599337  6.5352128934814289 3.3876554067918656  6.533781536406341 3.2315432607999606  6.5320322693632775 2.9941691504062011  6.5315271557431238 2.9167560518255353  6.5310819865280569 2.8392558179232998  6.5306931361366933 2.7617123384841862  6.5303575242485099 2.684127386066097  6.5300726468151442 2.6064608876135384 
 0 7 0.67460779734532028 5 1 7
8 -5.999999999062311e-07 67.000000600000007
1 0.26179938779914941 0 0 1 
8 -5.999999999062311e-07 67.000000600000007
1 39.75 -0.19999999999999929 0 -1 
8 4.004447851588707 17.5161263073011
1 6.5449846949787354 0 0 1 
7 0 0  8 72 11  0.26179938779914941 20.483873692698893  0.25223998368080608 20.413308544059284  0.24299561475695597 20.340800303857733  0.23387555394808768 20.265102178214271  0.22474063336909827 20.184752659419168  0.21553508945698338 20.098396508113282  0.20632115022523678 20.005124808935086  0.19729818667149765 19.904592257632444  0.1860597643714737 19.762263319976132  0.1833863288055137 19.72699210817747  0.18074354364815032 19.690565901407297  0.17812054014095149 19.652606132745518  0.17552078904026602 19.61280437512206  0.17296174192824607 19.570917290450424  0.17047447441015467 19.526761302851472  0.16667534458593622 19.452170339800393  0.16528893574139647 19.423253673917088  0.1639411194325501 19.393177500192664  0.16263673796021338 19.361706919029995  0.16138822725105156 19.328645438361608  0.16021537873084049 19.293828484818587  0.15914509697774631 19.257116617066252  0.15762115592349685 19.193922819325767  0.15707706969439916 19.168300478710709  0.15659688901818275 19.141729280445269  0.15619537388226293 19.114389839738553  0.15588413176289742 19.086441298587467  0.15567169967646599 19.058027098339252  0.15556362623074982 19.029280752253971  0.15556206579228199 18.987163227248494  0.15558371829784298 18.974002531739565  0.15562747064958765 18.960871359669461  0.15569305796801799 18.947792085837758  0.15577999103744422 18.934787631714432  0.15588755630598505 18.92188146543986  0.15601481588556756 18.909097601824786  0.15640765295568793 18.875047083214181  0.15670746222178419 18.854094394419292  0.15705534484036221 18.833607877872673  0.15744660444436093 18.813594630017775  0.1578765387787768 18.794063485909511  0.15834043966992895 18.775025003289127  0.15883359299472394 18.756491446659165  0.15995599332094335 18.717433618358641  0.16059638541574087 18.697021958638281  0.1612670419418426 18.677214019238857  0.16196340423198108 18.65797829118836  0.16268176794409242 18.639279529501216  0.16341928306131623 18.621078753178288  0.16417395389199566 18.603333245206866  0.16686873162841151 18.542713766956894  0.16890583897382416 18.501682429941091  0.17101675404155658 18.462772030311378  0.17317326328373461 18.425808687646537  0.17535849794913083 18.390568962098406  0.17756728461190749 18.356773916619904  0.17980649494893797 18.324083431628491  0.18714451573968938 18.22151764914485  0.19240046455059087 18.154830592853351  0.19775625559779111 18.091900386828641  0.20314096644460278 18.032478249807721  0.20852341297211729 17.976148166302071  0.21391232148724065 17.922319966003176  0.21935281197898251 17.870266936549797  0.22946408072727389 17.777522666265995  0.23403684672755803 17.737013588037264  0.23862891373335043 17.69764652316606  0.24323530880827332 17.659374164018651  0.24785403143986412 17.622142866163507  0.25248560791530889 17.58589562281092  0.25713264569717592 17.550575039252564  0.26179938779914941 17.516126307301107 
 0 9 0.30587844885427978 7 0.40400577286862283 7 0.46310153066402743 7 0.50043389766920865 7 0.51741565593976857 7 0.5461914113259807 7 0.57980470788365901 7 0.66372366163297913 7 0.84884183342263764 7 1 9
7 0 0  8 72 11  0.82211131895904899 14.0587046952168  0.86629643406187506 13.81401229918799  0.9096251726425123 13.576667572107354  0.95314980433520546 13.341905143386693  0.99776633751743171 13.106186289886686  1.044156218657418 12.86807521303497  1.092689792745406 12.629178555693699  1.1434996568738105 12.394729977680363  1.2136417407242615 12.102203377327232  1.2308937513709179 12.03257376451784  1.2485863737352656 11.963703471711598  1.2668993244350284 11.895311011756057  1.2859730607042852 11.827487990095607  1.305914666493355 11.760691583985176  1.3268034732637457 11.69573658818223  1.3618811224242386 11.596478802389552  1.3754348102421325 11.560246519669537  1.3894879858238725 11.525013375275314  1.4041484456313786 11.49090682761544  1.4195052097222147 11.458253090564124  1.4356326459728725 11.42757127728847  1.4525947844995786 11.399567194527652  1.4817293260523747 11.359687129969156  1.4935274796165088 11.345447245396347  1.505748272402275 11.332878531081354  1.5183096803440044 11.322367912789801  1.5311406962078256 11.314219854041927  1.5441783599223706 11.30865836557734  1.5573647889094864 11.305829014819807  1.5766847547318628 11.305788162540761  1.582721753182736 11.306355026938414  1.5887455498956093 11.307500464033888  1.5947462155142942 11.309217527442701  1.6007135451983665 11.311493388896951  1.6066370586231684 11.314309338245319  1.6125059999798073 11.317640783453093  1.6281431509359199 11.327924291492218  1.6377705907826079 11.335772274014834  1.647190264878259 11.344878193447602  1.6563997305001112 11.355118862732676  1.6653955097668613 11.366370932727897  1.6741731045659234 11.378510912458006  1.6827270114806929 11.391415189365814  1.7007737775591176 11.420781959241918  1.7102181684868456 11.437535571506892  1.7193966750824479 11.455078911756958  1.7283237615150513 11.473292394009903  1.7370155905414539 11.492078820902632  1.7454900235061213 11.511363383691195  1.7537666203411886 11.531093662250759  1.7820891469771116 11.601536034403795  1.8013501496956714 11.654768283757015  1.819708140863723 11.709907385829046  1.8372393319004821 11.766213477622225  1.8540426310146492 11.823244478030105  1.8702447023357145 11.880864367473851  1.8860051056647131 11.939251089592384  1.9357494181944284 12.130493556319697  1.9685522620152367 12.267333552283638  1.9999869219901913 12.406610568046858  2.0301536340476032 12.546465006162473  2.0592307368341318 12.686082257558674  2.0874961518841952 12.825686656721883  2.1153296930286425 12.966437503639064  2.1659398572594672 13.227637082202079  2.1884266240167451 13.345623613561676  2.2106738254716269 13.463962567409627  2.2327101024709353 13.582520012969722  2.2545690274092407 13.701239288546939  2.2762886255436547 13.820128819649714  2.2979108963086281 13.939249937112246  2.3194813346307441 14.058704695216802 
 0 9 0.30587844885427978 7 0.40400577286862283 7 0.46310153066402743 7 0.50043389766920865 7 0.51741565593976857 7 0.5461914113259807 7 0.57980470788365901 7 0.66372366163297913 7 0.84884183342263764 7 1 9
8 0.89527958534383945 1
7 0 0  8 72 11  6.5449846949787354 20.483873692698893  6.5354252908603927 20.413308544059284  6.5261809219365423 20.340800303857733  6.5170608611276739 20.265102178214271  6.5079259405486845 20.184752659419168  6.4987203966365694 20.098396508113282  6.4895064574048229 20.005124808935086  6.480483493851084 19.904592257632444  6.4692450715510601 19.762263319976132  6.4665716359851002 19.72699210817747  6.4639288508277364 19.690565901407297  6.4613058473205376 19.652606132745518  6.4587060962198519 19.61280437512206  6.4561470491078321 19.570917290450424  6.4536597815897405 19.526761302851472  6.4498606517655226 19.452170339800393  6.4484742429209829 19.423253673917088  6.4471264266121366 19.393177500192664  6.4458220451397992 19.361706919029995  6.4445735344306376 19.328645438361608  6.4434006859104267 19.293828484818587  6.4423304041573326 19.257116617066252  6.4408064631030832 19.193922819325767  6.4402623768739851 19.168300478710709  6.4397821961977693 19.141729280445269  6.4393806810618495 19.114389839738553  6.4390694389424841 19.086441298587467  6.4388570068560522 19.058027098339252  6.4387489334103361 19.029280752253971  6.4387473729718678 18.987163227248494  6.4387690254774288 18.974002531739565  6.4388127778291739 18.960871359669461  6.4388783651476045 18.947792085837758  6.4389652982170302 18.934787631714432  6.4390728634855714 18.92188146543986  6.4392001230651541 18.909097601824786  6.4395929601352737 18.875047083214181  6.4398927694013706 18.854094394419292  6.4402406520199484 18.833607877872673  6.4406319116239468 18.813594630017775  6.4410618459583633 18.794063485909511  6.4415257468495151 18.775025003289127  6.4420189001743102 18.756491446659165  6.44314130050053 18.717433618358641  6.4437816925953273 18.697021958638281  6.4444523491214287 18.677214019238857  6.4451487114115675 18.65797829118836  6.4458670751236786 18.639279529501216  6.4466045902409022 18.621078753178288  6.4473592610715817 18.603333245206866  6.4500540388079974 18.542713766956894  6.4520911461534105 18.501682429941091  6.4542020612211424 18.462772030311378  6.4563585704633208 18.425808687646537  6.4585438051287172 18.390568962098406  6.4607525917914934 18.356773916619904  6.4629918021285242 18.324083431628491  6.4703298229192754 18.22151764914485  6.4755857717301772 18.154830592853351  6.4809415627773772 18.091900386828641  6.4863262736241891 18.032478249807721  6.4917087201517036 17.976148166302071  6.4970976286668272 17.922319966003176  6.5025381191585687 17.870266936549797  6.5126493879068601 17.777522666265995  6.5172221539071442 17.737013588037264  6.5218142209129368 17.69764652316606  6.5264206159878597 17.659374164018651  6.5310393386194505 17.622142866163507  6.5356709150948955 17.58589562281092  6.5403179528767623 17.550575039252564  6.5449846949787354 17.516126307301107 
 0 9 0.30587844885427978 7 0.40400577286862283 7 0.46310153066402743 7 0.50043389766920865 7 0.51741565593976857 7 0.5461914113259807 7 0.57980470788365901 7 0.66372366163297913 7 0.84884183342263764 7 1 9
8 15.856 18.406662341986163
1 0.23615107108707445 0 0 1 
8 15.856 18.406662341986163
1 -19 1.7645104746820266 1 0 
8 17.063275242906883 17.719803610293784
1 6.5193363782666607 0 0 1 
7 0 0  5 6 2  0.18981703828909824 17.33635557225529  0.19905142473462353 17.280181760945439  0.20829773917240177 17.224533402562219  0.21756176099101354 17.169671338553282  0.22684622915515104 17.115835442166123  0.23615109437492254 17.063275111360966 
 0 6 1 6
7 0 0  5 6 2  2.2587773902451089 -5.9999999999999997e-07  2.2865308728505158 0.24031532656964866  2.3148161605089888 0.48040869734385927  2.343609418723009 0.72038452145248688  2.3729024098233227 0.96026530392317222  2.4026898981154994 1.2000005999999999 
 0 6 1 6
8 4.9934269577569076e-07 0.99999949944792221
7 0 0  5 6 2  6.473002345468684 17.33635557225529  6.4822367319142096 17.280181760945439  6.4914830463519877 17.224533402562219  6.5007470681705994 17.169671338553282  6.5100315363347372 17.115835442166123  6.5193364015545088 17.063275111360966 
 0 6 1 6
8 15.856 18.406662341986163
1 0.18981706134471577 0 0 1 
8 15.856 18.406662341986163
1 -19 2.0240273593462099 1 0 
8 17.336355432005377 18.190238770810684
1 6.4730023685243019 0 0 1 
8 0.62786102813192179 0.69834833097043703
7 0 0  8 72 11  6.5449846949787354 20.483873692698893  6.5354252908603927 20.413308544059284  6.5261809219365423 20.340800303857733  6.5170608611276739 20.265102178214271  6.5079259405486845 20.184752659419168  6.4987203966365694 20.098396508113282  6.4895064574048229 20.005124808935086  6.480483493851084 19.904592257632444  6.4692450715510601 19.762263319976132  6.4665716359851002 19.72699210817747  6.4639288508277364 19.690565901407297  6.4613058473205376 19.652606132745518  6.4587060962198519 19.61280437512206  6.4561470491078321 19.570917290450424  6.4536597815897405 19.526761302851472  6.4498606517655226 19.452170339800393  6.4484742429209829 19.423253673917088  6.4471264266121366 19.393177500192664  6.4458220451397992 19.361706919029995  6.4445735344306376 19.328645438361608  6.4434006859104267 19.293828484818587  6.4423304041573326 19.257116617066252  6.4408064631030832 19.193922819325767  6.4402623768739851 19.168300478710709  6.4397821961977693 19.141729280445269  6.4393806810618495 19.114389839738553  6.4390694389424841 19.086441298587467  6.4388570068560522 19.058027098339252  6.4387489334103361 19.029280752253971  6.4387473729718678 18.987163227248494  6.4387690254774288 18.974002531739565  6.4388127778291739 18.960871359669461  6.4388783651476045 18.947792085837758  6.4389652982170302 18.934787631714432  6.4390728634855714 18.92188146543986  6.4392001230651541 18.909097601824786  6.4395929601352737 18.875047083214181  6.4398927694013706 18.854094394419292  6.4402406520199484 18.833607877872673  6.4406319116239468 18.813594630017775  6.4410618459583633 18.794063485909511  6.4415257468495151 18.775025003289127  6.4420189001743102 18.756491446659165  6.44314130050053 18.717433618358641  6.4437816925953273 18.697021958638281  6.4444523491214287 18.677214019238857  6.4451487114115675 18.65797829118836  6.4458670751236786 18.639279529501216  6.4466045902409022 18.621078753178288  6.4473592610715817 18.603333245206866  6.4500540388079974 18.542713766956894  6.4520911461534105 18.501682429941091  6.4542020612211424 18.462772030311378  6.4563585704633208 18.425808687646537  6.4585438051287172 18.390568962098406  6.4607525917914934 18.356773916619904  6.4629918021285242 18.324083431628491  6.4703298229192754 18.22151764914485  6.4755857717301772 18.154830592853351  6.4809415627773772 18.091900386828641  6.4863262736241891 18.032478249807721  6.4917087201517036 17.976148166302071  6.4970976286668272 17.922319966003176  6.5025381191585687 17.870266936549797  6.5126493879068601 17.777522666265995  6.5172221539071442 17.737013588037264  6.5218142209129368 17.69764652316606  6.5264206159878597 17.659374164018651  6.5310393386194505 17.622142866163507  6.5356709150948955 17.58589562281092  6.5403179528767623 17.550575039252564  6.5449846949787354 17.516126307301107 
 0 9 0.30587844885427978 7 0.40400577286862283 7 0.46310153066402743 7 0.50043389766920865 7 0.51741565593976857 7 0.5461914113259807 7 0.57980470788365901 7 0.66372366163297913 7 0.84884183342263764 7 1 9
8 13.960000000000001 24.039999999999999
1 0.17446867748406594 0 0 1 
8 13.960000000000001 24.039999999999999
1 -19 2.0977010481766385 1 0 
8 15.361366971996402 18.406661721714642
1 6.4576539846636525 0 0 1 
7 0 0  5 6 2  0.10206387804072747 15.527175263468763  0.1165360080081056 15.500597988908348  0.13100604098255597 15.470134098375613  0.14548285018673501 15.436318231645668  0.15997063180299459 15.399814875270382  0.17446870047459662 15.361366911026964 
 0 6 1 6
7 0 0  5 6 2  2.5443031319644716 -5.9999999999999997e-07  2.5555547053069465 0.38151505145178183  2.5686843559725818 0.76226851062556411  2.5836240124506249 1.1423278963852126  2.6002972192749927 1.5216343395658591  2.6186258396545301 1.9000005999999998 
 0 6 1 6
8 0.42006918605775145 0.99999968284698737
7 0 0  5 6 2  6.3852491852203137 15.527175263468763  6.3997213151876915 15.500597988908348  6.4141913481621424 15.470134098375613  6.4286681573663209 15.436318231645668  6.4431559389825805 15.399814875270382  6.4576540076541828 15.361366911026964 
 0 6 1 6
8 0.42006918605775145 0.99999968284698737
7 0 0  5 6 2  8.8274884391440587 -5.9999999999999997e-07  8.8387400124865323 0.38151505145178183  8.8518696631521685 0.76226851062556411  8.8668093196302102 1.1423278963852126  8.8834825264545785 1.5216343395658591  8.9018111468341168 1.9000005999999998 
 0 6 1 6
8 5.7999999999999998 25.0000006
1 0.13246250345760799 0 0 1 
8 5.7999999999999998 25.0000006
1 -8 5.767851073127396 1 0 
8 8 15.464911385818613
1 6.4156478106371946 0 0 1 
1 6.4156478106371946 8 -1 -0 
2 -20.5 3.5 0.99123966313688283 0.13207547169811321 0.13207547169811321 -0.99123966313688283 26.500000000000004
8 5.7999999999999998 25.0000006
1 6.1507228037219779 0 0 1 
8 5.7999999999999998 25.0000006
1 -8 5.767851073127396 1 0 
8 8 15.464911385818613
1 6.1507228037219779 0 0 1 
7 0 0  5 6 2  6.1811214291388588 15.527175263468761  6.1666492991715192 15.500597988908417  6.1521792661970611 15.4701340983757  6.1377024569928293 15.436318231645622  6.1232146753765369 15.399814875270238  6.1087166067049914 15.36136691102697 
 0 6 1 6
7 0 0  5 6 2  2.544303131964472 1.9000005999999998  2.5555547053069172 1.5184849485492249  2.5686843559725441 1.13773148937515  2.5836240124506427 0.7576721036143218  2.6002972192750611 0.37836566043266412  2.618625839654527 -5.9999999999999997e-07 
 0 6 1 6
8 0.42006918605787608 0.99999968284699847
7 0 0  5 6 2  6.1811214291388588 15.527175263468761  6.1666492991715192 15.500597988908417  6.1521792661970611 15.4701340983757  6.1377024569928293 15.436318231645622  6.1232146753765369 15.399814875270238  6.1087166067049914 15.36136691102697 
 0 6 1 6
8 0.42006918605787608 0.99999968284699847
7 0 0  5 6 2  8.8274884391440587 1.9000005999999998  8.8387400124865039 1.5184849485492249  8.8518696631521294 1.13773148937515  8.866809319630228 0.7576721036143218  8.8834825264546478 0.37836566043266412  8.9018111468341132 -5.9999999999999997e-07 
 0 6 1 6
8 13.960000000000001 24.039999999999999
1 6.10871662969552 0 0 1 
8 13.960000000000001 24.039999999999999
1 -19 2.0977010481766385 1 0 
8 15.361366971996402 18.406661721714642
1 6.10871662969552 0 0 1 
7 0 0  8 72 11  6.0213859193804371 20.483873692698889  6.030945323498587 20.413308544060708  6.0401896924230298 20.340800303854198  6.0493097532311033 20.265102178219294  6.0584446738108158 20.18475265941305  6.0676502177222353 20.098396508119865  6.0768641569546826 20.00512480893018  6.085887120507933 19.904592257634416  6.097125542808115 19.76226331997611  6.0997989783740714 19.726992108177495  6.1024417635314361 19.690565901407258  6.1050647670386367 19.652606132745476  6.107664518139317 19.612804375122103  6.110223565251335 19.570917290450527  6.1127108327694319 19.526761302851458  6.1165099625936499 19.452170339800418  6.1178963714381904 19.423253673917028  6.1192441877470376 19.393177500192678  6.1205485692193697 19.361706919030084  6.1217970799285339 19.328645438361647  6.1229699284487467 19.29382848481853  6.124040210201839 19.257116617066242  6.1255641512560883 19.193922819325717  6.1261082374851856 19.168300478710719  6.1265884181614032 19.141729280445329  6.126989933297323 19.114389839738589  6.1273011754166893 19.08644129858747  6.1275136075031211 19.058027098339245  6.1276216809488364 19.029280752253989  6.1276232413873055 18.987163227207187  6.1276015888819177 18.974002531723251  6.1275578365302827 18.960871359690209  6.1274922492117767 18.947792085874994  6.1274053161421005 18.934787631736537  6.1272977508732556 18.921881465425717  6.1271704912935645 18.909097601785383  6.1267776542239005 18.875047083214238  6.126477844957801 18.854094394419299  6.1261299623392249 18.833607877872634  6.1257387027352257 18.81359463001775  6.1253087684008101 18.794063485909522  6.1248448675096574 18.775025003289155  6.1243517141848614 18.756491446659165  6.1232293138586451 18.717433618358676  6.1225889217638461 18.697021958638302  6.1219182652377437 18.677214019238857  6.121221902947604 18.657978291188343  6.120503539235493 18.639279529501202  6.1197660241182694 18.621078753178285  6.1190113532875907 18.603333245206873  6.1163165755518554 18.542713766972238  6.1142794682054387 18.501682429931854  6.1121685531373044 18.462772030298108  6.1100120438957655 18.425808687647866  6.1078268092311667 18.390568962110631  6.1056180225681738 18.356773916625095  6.1033788122298951 18.324083431617979  6.0960407914395613 18.22151764914015  6.0907848426295086 18.154830592861046  6.0854290515818503 18.091900386827724  6.0800443407345162 18.032478249802292  6.0746618942074244 17.976148166303126  6.0692729856928462 17.922319966007297  6.0638324952003364 17.870266936547338  6.0537212264523506 17.77752266626635  6.0491484604520425 17.737013588037385  6.0445563934462214 17.697646523165915  6.0399499983712861 17.659374164018423  6.0353312757397095 17.622142866163415  6.0306996992642912 17.585895622811041  6.0260526614824386 17.550575039252777  6.0213859193804362 17.516126307301111 
 0 9 0.30587844792151203 7 0.40400577163492785 7 0.46310152924910858 7 0.50043389613990996 7 0.51741565441171711 7 0.54619140988969683 7 0.57980470655452387 7 0.66372366054156173 7 0.84884183292872817 7 1 9
7 0 0  8 72 11  0.82211131895905076 0.34129530478320191  0.866296434060984 0.58598770080706708  0.90962517264442599 0.82333242790305017  0.95314980433309127 1.0580948566025803  0.997766337519576 1.293813710122615  1.0441562186549014 1.5319247869548622  1.0926897927475796 1.7708214443151515  1.1434996568728382 2.0052700223155866  1.2136417407242728 2.2977966226728226  1.2308937513709175 2.3674262354821121  1.2485863737352771 2.4362965282884166  1.2668993244350368 2.5046889882439944  1.285973060704263 2.572512009904341  1.305914666493319 2.6393084160146887  1.3268034732637533 2.7042634118177764  1.3618811224242284 2.8035211976104053  1.3754348102421536 2.8397534803305065  1.3894879858238665 2.8749866247246674  1.4041484456313444 2.9090931723844733  1.4195052097221981 2.9417469094358322  1.435632645972889 2.972428722711562  1.4525947844995817 3.0004328054723399  1.4817293260523969 3.0403128700308617  1.4935274796165041 3.0545527546036424  1.5057482724022515 3.0671214689186188  1.5183096803439868 3.0776320872101746  1.5311406962078233 3.0857801459580654  1.5441783599223737 3.0913416344226596  1.557364788909479 3.094170985180186  1.5766847547508107 3.0942118374592771  1.5827217531902134 3.0936449730661697  1.5887455498860796 3.092499535973519  1.5947462154972001 3.0907824725627684  1.6007135451882268 3.0885066111019372  1.6066370586296714 3.0856906617456255  1.6125059999979039 3.0823592165350115  1.6281431509358932 3.0720757085078083  1.6377705907826055 3.0642277259851629  1.6471902648782728 3.0551218065523731  1.6563997305001206 3.0448811372673115  1.6653955097668562 3.0336290672721087  1.6741731045659127 3.0214890875420024  1.6827270114806918 3.0085848106341802  1.7007737775591025 2.9792180407580959  1.7102181684868365 2.9624644284931057  1.7193966750824501 2.9449210882430208  1.7283237615150615 2.9267076059900692  1.7370155905414637 2.9079211790973423  1.745490023506123 2.888636616308796  1.7537666203411828 2.8689063377492476  1.7820891469699467 2.7984639656140184  1.8013501496999302 2.7452317162344753  1.8197081408700106 2.6900926141520425  1.8372393318999531 2.6337865223755133  1.8540426310088285 2.5767555219884328  1.8702447023331199 2.5191356325390579  1.8860051056698082 2.460748910388022  1.9357494181967099 2.2695064436715273  1.9685522620116422 2.1326664477298065  1.9999869219903226 1.9933894319544103  2.0301536340503561 1.8535349938253904  2.059230736833928 1.7139177424402794  2.0874961518817967 1.5743133432909717  2.1153296930299841 1.4335624963540146  2.1659398572592772 1.1723629177989088  2.1884266240166741 1.0543763864387017  2.2106738254717073 0.93603743258995664  2.2327101024710649 0.81747998702957581  2.2545690274092989 0.69876071145272078  2.2762886255435859 0.57987118035064078  2.2979108963084927 0.46075006288849923  2.3194813346307419 0.34129530478320191 
 0 9 0.30587844792151203 7 0.40400577163492785 7 0.46310152924910858 7 0.50043389613990996 7 0.51741565441171711 7 0.54619140988969683 7 0.57980470655452387 7 0.66372366054156173 7 0.84884183292872817 7 1 9
8 0.62786102693934609 0.83099049424280735
7 0 0  8 72 11  6.0213859193804371 20.483873692698889  6.030945323498587 20.413308544060708  6.0401896924230298 20.340800303854198  6.0493097532311033 20.265102178219294  6.0584446738108158 20.18475265941305  6.0676502177222353 20.098396508119865  6.0768641569546826 20.00512480893018  6.085887120507933 19.904592257634416  6.097125542808115 19.76226331997611  6.0997989783740714 19.726992108177495  6.1024417635314361 19.690565901407258  6.1050647670386367 19.652606132745476  6.107664518139317 19.612804375122103  6.110223565251335 19.570917290450527  6.1127108327694319 19.526761302851458  6.1165099625936499 19.452170339800418  6.1178963714381904 19.423253673917028  6.1192441877470376 19.393177500192678  6.1205485692193697 19.361706919030084  6.1217970799285339 19.328645438361647  6.1229699284487467 19.29382848481853  6.124040210201839 19.257116617066242  6.1255641512560883 19.193922819325717  6.1261082374851856 19.168300478710719  6.1265884181614032 19.141729280445329  6.126989933297323 19.114389839738589  6.1273011754166893 19.08644129858747  6.1275136075031211 19.058027098339245  6.1276216809488364 19.029280752253989  6.1276232413873055 18.987163227207187  6.1276015888819177 18.974002531723251  6.1275578365302827 18.960871359690209  6.1274922492117767 18.947792085874994  6.1274053161421005 18.934787631736537  6.1272977508732556 18.921881465425717  6.1271704912935645 18.909097601785383  6.1267776542239005 18.875047083214238  6.126477844957801 18.854094394419299  6.1261299623392249 18.833607877872634  6.1257387027352257 18.81359463001775  6.1253087684008101 18.794063485909522  6.1248448675096574 18.775025003289155  6.1243517141848614 18.756491446659165  6.1232293138586451 18.717433618358676  6.1225889217638461 18.697021958638302  6.1219182652377437 18.677214019238857  6.121221902947604 18.657978291188343  6.120503539235493 18.639279529501202  6.1197660241182694 18.621078753178285  6.1190113532875907 18.603333245206873  6.1163165755518554 18.542713766972238  6.1142794682054387 18.501682429931854  6.1121685531373044 18.462772030298108  6.1100120438957655 18.425808687647866  6.1078268092311667 18.390568962110631  6.1056180225681738 18.356773916625095  6.1033788122298951 18.324083431617979  6.0960407914395613 18.22151764914015  6.0907848426295086 18.154830592861046  6.0854290515818503 18.091900386827724  6.0800443407345162 18.032478249802292  6.0746618942074244 17.976148166303126  6.0692729856928462 17.922319966007297  6.0638324952003364 17.870266936547338  6.0537212264523506 17.77752266626635  6.0491484604520425 17.737013588037385  6.0445563934462214 17.697646523165915  6.0399499983712861 17.659374164018423  6.0353312757397095 17.622142866163415  6.0306996992642912 17.585895622811041  6.0260526614824386 17.550575039252777  6.0213859193804362 17.516126307301111 
 0 9 0.30587844792151203 7 0.40400577163492785 7 0.46310152924910858 7 0.50043389613990996 7 0.51741565441171711 7 0.54619140988969683 7 0.57980470655452387 7 0.66372366054156173 7 0.84884183292872817 7 1 9
8 15.16 18.406662341986213
1 6.0625311931845021 0 0 1 
8 15.16 18.406662341986213
1 -19 1.8574940781197888 1 0 
8 16.394291699028859 17.858897137366341
1 6.0625311931845021 0 0 1 
7 0 0  4 5 2  6.0625312163886083 16.3942917949677  6.0522706941459932 16.351869017035757  6.0419958253018127 16.309533089870591  6.0317022366601281 16.267759093356762  6.0213859193804362 16.227008630398597 
 0 5 1 5
7 0 0  4 5 2  2.5222906418119453 1.8000006  2.5451293551935597 1.5346892054922661  2.5688971544090196 1.2698210176178082  2.5935473338232895 1.0053624330383109  2.6190636677503365 0.74129530478317829 
 0 5 1 5
8 5.6537339399449404e-07 1
7 0 0  4 5 2  6.0625312163886083 16.3942917949677  6.0522706941459932 16.351869017035757  6.0419958253018127 16.309533089870591  6.0317022366601281 16.267759093356762  6.0213859193804362 16.227008630398597 
 0 5 1 5
8 -5.999999999062311e-07 67.000000600000007
1 6.0213859193804371 0 0 1 
8 -5.999999999062311e-07 67.000000600000007
1 26.5 -0.19999999999999929 0 -1 
8 4.004447851588707 16.227008630398601
1 6.0213859193804371 0 0 1 
8 0.9978534859496484 1
7 0 0  7 20 4  6.0255970549925442 -6.0000000000000008e-07  6.0275775850078332 0.166618618363021  6.0293449637246237 0.33445103120726311  6.0309097638908993 0.50310275867336174  6.0322806173963945 0.67236392714664273  6.0334636774857051 0.84215411724356226  6.0344620809713803 1.0124678117981447  6.0369779561273509 1.5409650514242357  6.0378078154906527 1.8880054039584795  6.0379121822874575 2.2337704305228967  6.0372296337076135 2.5868881880804846  6.0355481732107439 2.9483903828612861  6.0325272772958467 3.3094781554998116  6.0270389316027027 3.6963362299400209  6.0262475184126556 3.7484726066490728  6.0254037985144659 3.8003601924823376  6.0245020255038568 3.8520093957543784  6.0235360994859732 3.9033518385155084  6.0224996167394442 3.9542401652524322  6.0213859193804344 4.0044478515888713 
 0 8 0.29224371064787924 6 0.90399858006979628 6 1 8
7 0 0  5 6 2  6.0213859193804335 3.9972693923143847  6.0269812096680884 3.9751127421749448  6.0325764999557521 3.9535344334374827  6.0381717902433962 3.9325359112373661  6.0437670805310519 3.9121185452607454  6.0493623708187068 3.8922836292085883 
 2.8797932657906404 6 2.9077697172289136 6
3 -30.576319313961054 8 -1 0 -0 -1 30.599564267050162 26.5
8 2.8799667673040261 2.8811949379326594
7 0 0  5 6 2  6.0213859193804335 3.9972693923143847  6.0269812096680884 3.9751127421749448  6.0325764999557521 3.9535344334374827  6.0381717902433962 3.9325359112373661  6.0437670805310519 3.9121185452607454  6.0493623708187068 3.8922836292085883 
 2.8797932657906404 6 2.9077697172289136 6
8 0.94352985540955558 0.99999979518722637
7 0 0  7 20 4  6.023361669704614 -6.0000000000000008e-07  6.0258846282804281 0.18518720850181572  6.0281102062096794 0.37239287095993528  6.0300568341418126 0.56084118853385367  6.0317400063470163 0.75013945691012662  6.0331709913048766 0.94016309066088277  6.034355570025042 1.1309420180604406  6.0369893319920367 1.6693829835355221  6.0378132789534078 2.0062274586447439  6.0379089018711491 2.3419492295329727  6.0372140023059879 2.6847223592481653  6.035517426169954 3.0354275910352051  6.0324813024321804 3.3854956081530179  6.0271259150562599 3.7504524688945162  6.0264951930789863 3.7911557715966664  6.0258312169120156 3.8316970434047617  6.0251313228078658 3.8720713107369789  6.0243927134780852 3.9122464160978487  6.0236124720107558 3.9521629561784515  6.0227875757880023 3.9917342199566193 
 0 8 0.32910610111951416 6 0.92483724740073625 6 1 8
7 0 0  5 6 2  6.0213859193804335 3.8019544535475696  6.0269812096680884 3.7788955597896305  6.0325764999557521 3.756438558143536  6.0381717902433962 3.7345849525922077  6.0437670805310519 3.7133361685969368  6.0493623708187068 3.6926935525396392 
 2.8797932657906404 6 2.9077697172289136 6
3 -30.758196283237361 8 -1 0 -0 -1 30.915785026206258 26.5
8 2.8850474561527957 2.8859012209564732
7 0 0  5 6 2  6.0213859193804335 3.8019544535475696  6.0269812096680884 3.7788955597896305  6.0325764999557521 3.756438558143536  6.0381717902433962 3.7345849525922077  6.0437670805310519 3.7133361685969368  6.0493623708187068 3.6926935525396392 
 2.8797932657906404 6 2.9077697172289136 6
8 0.94129845248701449 0.99999979242849812
7 0 0  7 20 4  6.0213859193804344 0.026265195252896945  6.0243947357574728 0.22333683325364714  6.0270259467694256 0.423361121317478  6.0293065162918333 0.62508223755605485  6.0312597846078102 0.82788123132938851  6.0329030767215412 1.0315856740369345  6.0342453778168448 1.2362808031600321  6.0369031824289197 1.762477913540899  6.0377386726088744 2.0757767980192074  6.0378962485992282 2.3881922761007557  6.0373303716821471 2.7055048819170215  6.0358791534476959 3.0285821003242033  6.0332799817579916 3.3515099653490146  6.0289915847242437 3.6736326545154108  6.028755770610239 3.6909333627828866  6.0285146233796594 3.7082115433728902  6.0282680078464903 3.7254658715794924  6.0280157797252558 3.7426948964827056  6.0277577856310058 3.7598970409484758  6.0274938630793367 3.7770706016286866 
 0 8 0.37810463509690256 6 0.96655778942293447 6 1 8
7 0 0  5 6 2  6.0213859193804335 3.6019962754190846  6.0269812096680884 3.5780160118737907  6.0325764999557521 3.5546616903888193  6.0381717902433962 3.5319348750421469  6.0437670805310519 3.5098370482524963  6.0493623708187068 3.4883696101995376 
 2.8797932657906404 6 2.9077697172289136 6
3 -30.950394167844678 8 -1 0 -0 -1 31.24822768909555 26.5
8 2.8887932167174135 2.8894058168202776
7 0 0  5 6 2  6.0213859193804335 3.6019962754190846  6.0269812096680884 3.5780160118737907  6.0325764999557521 3.5546616903888193  6.0381717902433962 3.5319348750421469  6.0437670805310519 3.5098370482524963  6.0493623708187068 3.4883696101995376 
 2.8797932657906404 6 2.9077697172289136 6
7 0 0  7 14 3  6.0213859193804344 0.17561271029200753  6.024388144292713 0.36637622935182562  6.0270153790114254 0.56010709371712952  6.0292939207148732 0.75558726989751912  6.0312465247548346 0.95220527198742355  6.0328900663900242 1.149775196866198  6.0342332689985341 1.3483573162496925  6.036784407274645 1.8377024857660733  6.0376264400011301 2.1234184606580224  6.0378632706596607 2.4088600550061914  6.037462186069015 2.6973621151322229  6.0363117594440494 2.9893789900600169  6.0342315458652331 3.2811469033410705  6.0309984618440033 3.5615391990689744 
 0 8 0.40814321216449706 6 1 8
7 0 0  7 14 3  0.82761478760106755 5.1942619408923179  0.90088836343007639 5.3669503458607499  0.97189516144151555 5.5406496276387971  1.0411270624807989 5.714486464569231  1.1090463263248047 5.888069463191111  1.1761161763436212 6.0613340759852941  1.2428190851026599 6.2343869121371771  1.406594137119294 6.6581659289736095  1.5017119850904619 6.9033321538596875  1.5976938631437414 7.1462013742425121  1.696842499840113 7.389500946665283  1.801170460787417 7.6332332280720507  1.9124256361762539 7.8735431927043074  2.0325666973164243 8.1000005999999996 
 0 8 0.40814321216449706 6 1 8
8 0.93563569584738593 0.99999977598181
7 0 0  7 14 3  6.0213859193804344 0.17561271029200753  6.024388144292713 0.36637622935182562  6.0270153790114254 0.56010709371712952  6.0292939207148732 0.75558726989751912  6.0312465247548346 0.95220527198742355  6.0328900663900242 1.149775196866198  6.0342332689985341 1.3483573162496925  6.036784407274645 1.8377024857660733  6.0376264400011301 2.1234184606580224  6.0378632706596607 2.4088600550061914  6.037462186069015 2.6973621151322229  6.0363117594440494 2.9893789900600169  6.0342315458652331 3.2811469033410705  6.0309984618440033 3.5615391990689744 
 0 8 0.40814321216449706 6 1 8
7 0 0  5 6 2  6.0213859193804335 3.3971195670558174  6.0269812096680884 3.3721976130735856  6.0325764999557521 3.3479261815175718  6.0381717902433962 3.3243068978861601  6.0437670805310519 3.3013413028117382  6.0493623708187068 3.2790308514582023 
 2.8797932657906404 6 2.9077697172289136 6
3 -31.153368640570541 8 -1 0 -0 -1 31.597627260152606 26.5
8 2.8915904905235146 2.892023738666992
7 0 0  5 6 2  6.0213859193804335 3.3971195670558174  6.0269812096680884 3.3721976130735856  6.0325764999557521 3.3479261815175718  6.0381717902433962 3.3243068978861601  6.0437670805310519 3.3013413028117382  6.0493623708187068 3.2790308514582023 
 2.8797932657906404 6 2.9077697172289136 6
7 0 0  7 14 3  6.0213859193804344 0.31032821888511819  6.0243755751537771 0.49480591568325888  6.0269943306120712 0.68225418028678342  6.0292676707630539 0.8714975165500698  6.0312176489627447 1.0619342835086356  6.032860620719811 1.2533661485796859  6.0342050428392664 1.4458291380369823  6.0365617294043066 1.8827246185006714  6.0373853343701471 2.1250705172319613  6.0377424377975926 2.367766355733552  6.0376148923360491 2.6118886814175406  6.036947966979012 2.8575507362357202  6.0356535991363423 3.1030587377154326  6.0336163859792755 3.3438892292518858 
 0 8 0.44312004902772056 6 1 8
7 0 0  7 14 3  0.82761478760106755 5.5111989469006701  0.90058159568890139 5.6770828755195577  0.97132390411918901 5.8439272393615633  1.0403235538429467 6.0109062222073666  1.1080332162345461 6.1776428800546439  1.1749061037023754 6.3440644438946618  1.241413822716064 6.510257077216445  1.3917986827114961 6.8850155910468747  1.4748076315375469 7.0911529844390522  1.5584622309129808 7.295941035272822  1.6439790353212675 7.5002325583889897  1.7325206985344341 7.7039313185251412  1.8251359614019746 7.9052852829350666  1.9229790373633371 8.1000005999999996 
 0 8 0.44312004902772056 6 1 8
8 0.92804611883033516 0.99999975485972836
7 0 0  7 14 3  6.0213859193804344 0.31032821888511819  6.0243755751537771 0.49480591568325888  6.0269943306120712 0.68225418028678342  6.0292676707630539 0.8714975165500698  6.0312176489627447 1.0619342835086356  6.032860620719811 1.2533661485796859  6.0342050428392664 1.4458291380369823  6.0365617294043066 1.8827246185006714  6.0373853343701471 2.1250705172319613  6.0377424377975926 2.367766355733552  6.0376148923360491 2.6118886814175406  6.036947966979012 2.8575507362357202  6.0356535991363423 3.1030587377154326  6.0336163859792755 3.3438892292518858 
 0 8 0.44312004902772056 6 1 8
7 0 0  5 6 2  6.0213859193804335 3.1870304688023019  6.0269812096680884 3.1611452306353103  6.0325764999557521 3.1359356589087497  6.0381717902433962 3.111403441949804  6.0437670805310519 3.0875501799394542  6.0493623708187068 3.0643773842866295 
 2.8797932657906404 6 2.9077697172289136 6
3 -31.367611149490898 8 -1 0 -0 -1 31.96477563535349 26.5
8 2.8936143196626745 2.8939021240345282
7 0 0  5 6 2  6.0213859193804335 3.1870304688023019  6.0269812096680884 3.1611452306353103  6.0325764999557521 3.1359356589087497  6.0381717902433962 3.111403441949804  6.0437670805310519 3.0875501799394542  6.0493623708187068 3.0643773842866295 
 2.8797932657906404 6 2.9077697172289136 6
7 0 0  6 12 3  6.0213859193804335 0.43164594437265436  6.0248736265614262 0.64084280798894344  6.0278435591774766 0.85424260455300272  6.0303393967472152 1.069832430672282  6.0323969370264381 1.2868861510216445  6.0340362802856831 1.5053905502461808  6.0365385139725936 1.9574739501839031  6.0373454143435294 2.1895658862293619  6.037687209632888 2.4223816943606362  6.037538643459718 2.6564410785744683  6.0368388988664954 2.8910995332607525  6.0354947733292938 3.1234806020969401 
 0 7 0.48684061966905323 5 1 7
7 0 0  6 12 3  0.82761478760106755 5.8156827024111166  0.91273724979589699 6.002491301755609  0.99478044053920534 6.1905894945773419  1.0745798157779707 6.3785921914641008  1.1529024809100847 6.5661044683023899  1.230550032194129 6.7532398048719458  1.3904175066651834 7.137133218422762  1.4720709057072627 7.3324519647772881  1.5545166205685557 7.5266908271960009  1.6388651400806644 7.7202015778185551  1.7261249152752098 7.9122311901459819  1.8173926574128139 8.1000005999999996 
 0 7 0.48684061966905323 5 1 7
8 0.91824471132299956 0.99999972670768134
7 0 0  6 12 3  6.0213859193804335 0.43164594437265436  6.0248736265614262 0.64084280798894344  6.0278435591774766 0.85424260455300272  6.0303393967472152 1.069832430672282  6.0323969370264381 1.2868861510216445  6.0340362802856831 1.5053905502461808  6.0365385139725936 1.9574739501839031  6.0373454143435294 2.1895658862293619  6.037687209632888 2.4223816943606362  6.037538643459718 2.6564410785744683  6.0368388988664954 2.8910995332607525  6.0354947733292938 3.1234806020969401 
 0 7 0.48684061966905323 5 1 7
7 0 0  5 6 2  6.0213859193804335 2.9714148231539781  6.0269812096680884 2.9445433479386169  6.0325764999557521 2.9183732823023902  6.0381717902433962 2.8929063788982745  6.0437670805310519 2.8681442988748653  6.0493623708187068 2.8440886112262369 
 2.8797932657906404 6 2.9077697172289136 6
3 -31.593652044212618 8 -1 0 -0 -1 32.350526602178583 26.5
8 2.8949488625792563 2.8951114486518046
7 0 0  5 6 2  6.0213859193804335 2.9714148231539781  6.0269812096680884 2.9445433479386169  6.0325764999557521 2.9183732823023902  6.0381717902433962 2.8929063788982745  6.0437670805310519 2.8681442988748653  6.0493623708187068 2.8440886112262369 
 2.8797932657906404 6 2.9077697172289136 6
7 0 0  6 17 4  6.0213859193804335 0.54065676305428667  6.0248676429405377 0.74384613702448144  6.0278347849007066 0.95126916533455497  6.030329893530161 1.1609641602219016  6.0323878162069837 1.3721992792165012  6.0340280537820572 1.5849248168070016  6.0360643153313847 1.9427699124214148  6.036690601436832 2.0867069926206603  6.0371268125118078 2.2310331079600432  6.0373688912664081 2.3757196642373657  6.0374082528049824 2.5206433426346471  6.0371840765917808 2.7045816437305086  6.0371207287403044 2.7436619339474557  6.0370413879995581 2.7827425547395861  6.0369457435495937 2.8218205331322062  6.0368334444778862 2.8608926394915906  6.0367040997793486 2.8999553875249831 
 0 7 0.54042386376464846 5 0.902364171053327 5 1 7
7 0 0  6 17 4  0.82761478760106755 6.108839565897398  0.91259121100410578 6.2889796274952987  0.99453351623123309 6.4703497414444415  1.0742653330052927 6.6516285777804214  1.1525422082290917 6.832425222889368  1.2301525466696448 7.0128243183810079  1.3600358080515864 7.3135493299323846  1.4120999611697547 7.4337800539388867  1.4643717259863192 7.5536187857394426  1.5170830219834401 7.6730336755461224  1.5704642948988867 7.7918943877873419  1.63939526885353 7.9417381779796257  1.6541082602076755 7.973516394921174  1.6688958279224873 8.0052356071424686  1.6837642326699198 8.0368921489448137  1.698720193536885 8.0684819629299387  1.7137708880252547 8.1000005999999996 
 0 7 0.54042386376464846 5 0.902364171053327 5 1 7
8 0.90563483733935868 0.99999969022826896
7 0 0  6 17 4  6.0213859193804335 0.54065676305428667  6.0248676429405377 0.74384613702448144  6.0278347849007066 0.95126916533455497  6.030329893530161 1.1609641602219016  6.0323878162069837 1.3721992792165012  6.0340280537820572 1.5849248168070016  6.0360643153313847 1.9427699124214148  6.036690601436832 2.0867069926206603  6.0371268125118078 2.2310331079600432  6.0373688912664081 2.3757196642373657  6.0374082528049824 2.5206433426346471  6.0371840765917808 2.7045816437305086  6.0371207287403044 2.7436619339474557  6.0370413879995581 2.7827425547395861  6.0369457435495937 2.8218205331322062  6.0368334444778862 2.8608926394915906  6.0367040997793486 2.8999553875249831 
 0 7 0.54042386376464846 5 0.902364171053327 5 1 7
7 0 0  5 6 2  6.0213859193804335 2.7499362556070537  6.0269812096680884 2.722054137136694  6.0325764999557521 2.694899808444319  6.0381717902433962 2.6684750881007275  6.0437670805310519 2.6427816997306279  6.0493623708187068 2.6178212713384568 
 2.8797932657906404 6 2.9077697172289136 6
3 -31.832064055788713 8 -1 0 -0 -1 32.755801403744421 26.5
8 2.8956292114929867 2.8956789906492251
7 0 0  5 6 2  6.0213859193804335 2.7499362556070537  6.0269812096680884 2.722054137136694  6.0325764999557521 2.694899808444319  6.0381717902433962 2.6684750881007275  6.0437670805310519 2.6427816997306279  6.0493623708187068 2.6178212713384568 
 2.8797932657906404 6 2.9077697172289136 6
7 0 0  6 12 3  6.0213859193804335 0.63832805362814327  6.0248560984210329 0.83553780026184987  6.0278165159495298 1.0369986664273323  6.0303083981100247 1.2408063698450442  6.0323655017064954 1.4462257843720401  6.0340066879554728 1.6531718673743538  6.0360167658877311 1.9961151093773764  6.0366290289981661 2.1309286548389501  6.0370659490197704 2.2661152140617213  6.037324105004032 2.4016382874638893  6.0373963363820948 2.5373896588595226  6.0372716435547735 2.6731260560360539 
 0 7 0.60806223060369746 5 1 7
7 0 0  6 12 3  0.82761478760106755 6.3916730791375329  0.91230945055974755 6.5652089531927746  0.99402456559388885 6.7399115429646459  1.0735681389841689 6.9145260524576138  1.1516808907045011 7.0886667390075537  1.2291345998409291 7.262390597385858  1.356784861736039 7.5475216138136441  1.4067889288249369 7.6589174103639195  1.4569731406669284 7.7699426860977212  1.5075386926930969 7.8805610601306881  1.5586861476465261 7.9906603753053416  1.6106206440374351 8.1000005999999996 
 0 7 0.60806223060369746 5 1 7
8 0.9382575291582812 0.9999996415429373
7 0 0  6 12 3  6.0213859193804335 0.63832805362814327  6.0248560984210329 0.83553780026184987  6.0278165159495298 1.0369986664273323  6.0303083981100247 1.2408063698450442  6.0323655017064954 1.4462257843720401  6.0340066879554728 1.6531718673743538  6.0360167658877311 1.9961151093773764  6.0366290289981661 2.1309286548389501  6.0370659490197704 2.2661152140617213  6.037324105004032 2.4016382874638893  6.0373963363820948 2.5373896588595226  6.0372716435547735 2.6731260560360539 
 0 7 0.60806223060369746 5 1 7
8 0.8304446598030466 0.85211886347280952
7 0 0  6 17 4  6.0213859193804335 0.54065676305428667  6.0248676429405377 0.74384613702448144  6.0278347849007066 0.95126916533455497  6.030329893530161 1.1609641602219016  6.0323878162069837 1.3721992792165012  6.0340280537820572 1.5849248168070016  6.0360643153313847 1.9427699124214148  6.036690601436832 2.0867069926206603  6.0371268125118078 2.2310331079600432  6.0373688912664081 2.3757196642373657  6.0374082528049824 2.5206433426346471  6.0371840765917808 2.7045816437305086  6.0371207287403044 2.7436619339474557  6.0370413879995581 2.7827425547395861  6.0369457435495937 2.8218205331322062  6.0368334444778862 2.8608926394915906  6.0367040997793486 2.8999553875249831 
 0 7 0.54042386376464846 5 0.902364171053327 5 1 7
8 0.74675596512762077 0.76896124309479585
7 0 0  6 12 3  6.0213859193804335 0.43164594437265436  6.0248736265614262 0.64084280798894344  6.0278435591774766 0.85424260455300272  6.0303393967472152 1.069832430672282  6.0323969370264381 1.2868861510216445  6.0340362802856831 1.5053905502461808  6.0365385139725936 1.9574739501839031  6.0373454143435294 2.1895658862293619  6.037687209632888 2.4223816943606362  6.037538643459718 2.6564410785744683  6.0368388988664954 2.8910995332607525  6.0354947733292938 3.1234806020969401 
 0 7 0.48684061966905323 5 1 7
8 0.67968057757275913 0.70249012883176132
7 0 0  7 14 3  6.0213859193804344 0.31032821888511819  6.0243755751537771 0.49480591568325888  6.0269943306120712 0.68225418028678342  6.0292676707630539 0.8714975165500698  6.0312176489627447 1.0619342835086356  6.032860620719811 1.2533661485796859  6.0342050428392664 1.4458291380369823  6.0365617294043066 1.8827246185006714  6.0373853343701471 2.1250705172319613  6.0377424377975926 2.367766355733552  6.0376148923360491 2.6118886814175406  6.036947966979012 2.8575507362357202  6.0356535991363423 3.1030587377154326  6.0336163859792755 3.3438892292518858 
 0 8 0.44312004902772056 6 1 8
8 0.62401882465930103 0.64754840564085758
7 0 0  7 14 3  6.0213859193804344 0.17561271029200753  6.024388144292713 0.36637622935182562  6.0270153790114254 0.56010709371712952  6.0292939207148732 0.75558726989751912  6.0312465247548346 0.95220527198742355  6.0328900663900242 1.149775196866198  6.0342332689985341 1.3483573162496925  6.036784407274645 1.8377024857660733  6.0376264400011301 2.1234184606580224  6.0378632706596607 2.4088600550061914  6.037462186069015 2.6973621151322229  6.0363117594440494 2.9893789900600169  6.0342315458652331 3.2811469033410705  6.0309984618440033 3.5615391990689744 
 0 8 0.40814321216449706 6 1 8
7 0 0  5 6 2  1.5424121777906095 4.5518046653665607  1.5455620642766041 5.1110382364435889  1.5487119507625948 5.6703343234487278  1.5518618372486017 6.2296813668075472  1.5550117237345873 6.7890678043645192  1.558161610220582 7.3484820728093432 
 4.6840048313803964 6 4.6997542638103731 6
7 0 0  5 6 2  1.5991804757991965 4.3667950682024781  1.5960305893132005 4.9260286392795063  1.5928807028272054 5.4853247262846097  1.5897308163412127 6.0446717696434931  1.5865809298552118 6.6040582072004375  1.5834310433692158 7.1634724756452606 
 4.6840048313803964 6 4.6997542638103731 6
3 0.71308449173588251 -0.20000000000000018 1 0 -0 1 1.8277265252112493 1.55
7 0 0  7 8 2  0.66416662217234457 5.2124130227550092  0.87032896186546893 5.0893308697026356  1.076491301558633 4.9284305385028802  1.2826536412517271 4.7382579806339891  1.4888159809454464 4.5312895771708099  1.6949783206378584 4.3224834898144309  1.901140660331091 4.1263120136384339  2.1073030000242152 3.9546888593449898 
 0.66416662217234423 8 2.1073030000242143 8
7 0 0  5 6 2  1.5416842256274528 4.422564755696242  1.5447053356771805 4.9589240191578527  1.5477264457269122 5.495342265857694  1.5507475557766384 6.031809297028758  1.5537686658263632 6.5683149116627062  1.5567897758760909 7.1048489076700259 
 4.683276879217253 6 4.6983824294658874 6
7 0 0  5 6 2  1.5999084279623257 4.2375551585321505  1.5968873179125997 4.7739144219937613  1.5938662078628774 5.3103326686936043  1.5908450978131441 5.8467996998646612  1.5878239877634226 6.3833053144986156  1.5848028777136967 6.9198393105059353 
 4.683276879217253 6 4.6983824294658874 6
7 0 0  5 6 2  1.5431814185224997 4.6883778081285694  1.5464423862187044 5.2673453064876847  1.5497033539149072 5.8463779924047117  1.552964321611114 6.4254630394462851  1.5562252893073178 7.0045876182890208  1.5594862570035226 7.5837388984272041 
 4.6847740721122921 6 4.7010789105933162 6
7 0 0  5 6 2  1.5984112350672948 4.5033682109644833  1.59515026737109 5.0823357093235986  1.5918892996748859 5.6613683952406149  1.5886283319786791 6.2404534422822309  1.5853673642824755 6.8195780211249346  1.5821063965862707 7.3987293012631179 
 4.6847740721122921 6 4.7010789105933162 6
3 0.60991573140568889 -0.20000000000000018 1 0 -0 1 1.8481631038957185 1.55
7 0 0  7 8 2  0.66416662217234379 5.3719373317154764  0.86031188869912223 5.2502370116468677  1.0564571552254165 5.092960009533499  1.2526024217539771 4.9077549782637107  1.4487476882788997 4.7056180837225838  1.6448929548067213 4.4997175712624085  1.8410382213330148 4.303051867159132  2.0371834878597932 4.1267020715022662 
 0.66416662217234401 8 2.0371834878597936 8
7 0 0  5 6 2  1.5442330305674661 4.8750886198312244  1.5475400246979973 5.4622445975002467  1.5508470188285308 6.0494650634879719  1.5541540129590636 6.6367366401667454  1.5574610070895922 7.2240459469701426  1.5607680012201235 7.8113796022231918 
 4.6858256841572699 6 4.7023606548099206 6
7 0 0  5 6 2  1.5973596230223066 4.6900790226671383  1.5940526288917776 5.2772350003361606  1.5907456347612516 5.8644554663238893  1.5874386406307153 6.4517270430026343  1.584131646500192 7.0390363498060555  1.580824652369663 7.6263700050591048 
 4.6858256841572699 6 4.7023606548099206 6
3 30.90962644125019 -8.821953955538385 0.54588638568644565 -0.83785920889024623 0.83785920889024623 0.54588638568644565 10.709613955795694 1.55
7 0 0  8 9 2  0.7779165325481624 6.0906737010154313  0.95761022575784116 5.0562460568085053  1.137303918966154 4.3501374064690026  1.3169976121807849 4.0232450258827157  1.4966913053767712 4.1038508888996148  1.6763849985991328 4.5923602330130961  1.8560786918051235 5.4599350394864814  2.0357723850159144 6.6528831149945029  2.2154660782255933 8.1000005999999978 
 2.567303401415336 9 4.0048529470927656 9
3 0.50827593740137456 -0.20000000000000018 1 0 -0 1 1.8696378201810533 1.55
7 0 0  7 8 2  0.66416662217233968 5.5314821520949717  0.85093903350780398 5.4111181305663383  1.0377114448432394 5.2572494627920605  1.224483856179063 5.0767349937664221  1.4112562675142044 4.8792925576321977  1.5980286788497438 4.6765416883731632  1.7848010901851259 4.4801469534534819  1.9715735015205902 4.3003520422608759 
 0.66416662217234002 8 1.9715735015205902 8
7 0 0  5 6 2  1.5453676345218013 5.0765402602901091  1.5487727226395527 5.6811306370095194  1.552177810757307 6.285786464873695  1.5555828988750591 6.890493139718231  1.5589879869928072 7.4952360542175089  1.5623930751105586 8.1000005999999924 
 4.6869602881116021 6 4.7039857287003537 6
7 0 0  5 6 2  1.5962250190679759 4.8915306631260211  1.5928199309502267 5.4961210398454314  1.589414842832479 6.1007768677096124  1.586009754714734 6.7054835425541484  1.5826046665969793 7.3102264570534228  1.5791995784792301 7.9149910028359063 
 4.6869602881116021 6 4.7039857287003537 6
3 30.90962644125019 -8.6521672201766329 0.56024001110492105 -0.82833032659510797 0.82833032659510797 0.56024001110492105 10.441049777238295 1.55
7 0 0  8 9 2  0.77791653254815718 6.377889485332326  0.95435265482843634 5.3843766345261947  1.1307887771065452 4.6987723614015522  1.3072248993903486 4.3682045296973229  1.4836610216661938 4.4193533894904249  1.6600971439502246 4.8537556657647656  1.8365332662290257 5.6465013379693119  2.0129693885101112 6.7499303185785404  2.1894055107903903 8.1000005999999978 
 2.5647777336063688 9 3.9762667118486021 9
1 0 8.0999999999999996 1 0 
2 0 0 1 0 -0 1 1.55
3 30.90962644125019 -8.4851463569967969 0.57444319293081691 -0.81854445089771899 0.81854445089771899 0.57444319293081691 10.18865325326726 1.55
7 0 0  8 9 2  0.77791653254816562 6.6551744114047588  0.95093297262180287 5.7012238140885829  1.1239494126955378 5.0355528581494582  1.2969658527654246 4.7016756755037932  1.4699822928487265 4.7246970194137248  1.6429987329156575 5.1071435438680055  1.8160151729910012 5.8277304182538501  1.9890316130636261 6.844440238101507  2.1620480531372634 8.1000006000000067 
 2.5621854049926709 9 3.9463169255817694 9
3 0.026051768164925423 0 -1 0 -0 -1 1.5502361084680567 1.55
7 0 0  5 6 2  1.4636482587191628 7.9118696677230309  1.6162171758486317 7.915973800867433  1.7687860929781003 7.9201621585575026  1.9213550101075683 7.924235493159614  2.0739239272370376 7.9279872145791099  2.2264928443665064 7.9312590100367393 
 4.6052409123089557 6 5.3680854979563 6
7 0 0  5 6 2  1.5466696119551557 5.3077166089277128  1.5498143045862369 5.8660904849250866  1.5529589972173241 6.4245173267518823  1.5561036898483991 6.9829856306357385  1.5592483824794821 7.541483890623697  1.5623930751105632 8.1000005999999232 
 4.6882622655449424 6 4.7039857287003537 6
7 0 0  5 6 2  1.5949230416346512 5.1227070117636275  1.591778349003568 5.6810808877610013  1.5886336563724868 6.2395077295877996  1.5854889637414047 6.7979760334716417  1.5823442711103179 7.3564742934596135  1.5791995784792348 7.9149910028358397 
 4.6882622655449424 6 4.7039857287003537 6
3 30.90962644125019 -8.3205973006026888 0.58849136257569201 -0.80850350411968253 0.80850350411968253 0.58849136257569201 9.9511309831146768 1.55
7 0 0  8 9 2  0.7779165325481644 6.9233948037417941  0.94733366291046606 6.0078867281413952  1.1167507932718763 5.3617201290462617  1.2861679236320924 5.0249361888018029  1.4555850539918538 5.0210841278931184  1.6250021843570721 5.3535436643396679  1.7944193147213809 6.0043672972860804  1.9638364450842765 6.9368110161218688  2.1332535754465782 8.1000006000000049 
 2.5595270199363287 9 3.9148640628347424 9
3 0.026051768164925937 0 -1 0 -0 -1 1.5502361084680569 1.55
7 0 0  5 6 2  1.3491527041440532 7.9088153845459965  1.5201035665217424 7.9133273774335571  1.6910544288994345 7.9180566900083704  1.8620052912771179 7.9227283365764691  2.0329561536548111 7.9270417550786449  2.2039070160325003 7.9307704975063036 
 4.4907453577338465 6 5.3454996696222929 6
7 0 0  5 6 2  1.5478062142491327 5.5095352505795852  1.5507235864214193 6.0275598163841515  1.5536409585937072 6.5456278201895657  1.5565583307659914 7.0637300767066051  1.5594757029382789 7.5818573991073803  1.5623930751105655 8.1000005999999409 
 4.6893988678389125 6 4.7039857287003537 6
7 0 0  5 6 2  1.5937864393406871 5.3245256534154972  1.5908690671683972 5.8425502192200636  1.5879516949961001 6.3606182230254831  1.5850343228238266 6.8787204795425225  1.5821169506515267 7.3968478019432924  1.579199578479237 7.914991002835853 
 4.6893988678389125 6 4.7039857287003537 6
3 30.909626441250193 -8.1582542349451579 0.60237994420262464 -0.79820949807831953 0.79820949807831953 0.60237994420262464 9.7273264009648184 1.55
7 0 0  8 9 2  0.77791653254817295 7.1833281587869102  0.94353314012740253 6.3053768051907282  1.1091497477050325 5.6784320360229685  1.2747663552863742 5.3391889961130801  1.4403829628608946 5.3096552313254506  1.6059995704417815 5.5939303740015021  1.7716161780226685 6.1771292385074048  1.9372327856027796 7.0274292261665989  2.1028493931820091 8.1000006000000013 
 2.5568032051948242 9 3.8817360658286613 9
3 0.02605176816492628 0 -1 0 -0 -1 1.5502361084680569 1.55
7 0 0  5 6 2  1.230677718302424 7.9057374170571304  1.4203485140894818 7.9105750632069931  1.6100193098765381 7.9158186287187249  1.7996901056636041 7.9211053308776656  1.9893609014506553 7.9260117313462946  2.1790316972377131 7.9302230262047759 
 4.3722703718922169 6 5.3206243508275062 6
7 0 0  5 6 2  1.5493695224623578 5.7871296870080968  1.5519742329919981 6.2496524012996844  1.5545789435216442 6.7122073876308974  1.5571836540512791 7.1747881085166227  1.5597883645809194 7.6373880255582831  1.5623930751105597 8.1000005999998521 
 4.6909621760521505 6 4.7039857287003528 6
7 0 0  5 6 2  1.5922231311274377 5.6021200898440098  1.5896184205977972 6.0646428041355973  1.5870137100681596 6.5271977904667864  1.5844089995385175 6.9897785113525543  1.5818042890088753 7.452378428394197  1.5791995784792348 7.914991002835766 
 4.6909621760521505 6 4.7039857287003528 6
3 30.90962644125019 -7.997875896761327 0.61610435659533003 -0.78766453632511257 0.78766453632511257 0.61610435659533003 9.5162022527217953 1.55
7 0 0  8 9 2  0.77791653254815185 7.435674598242449  0.93950435127503384 6.5946374082168271  1.1010921700014933 5.9867884330387824  1.2626799887275411 5.645590534182702  1.4242678074515425 5.5915173050161684  1.5858556261837293 5.8292578492728353  1.7474434449081855 6.3467251522242805  1.909031263636324 7.1166807552239391  2.0706190823632058 8.1000005999999907 
 2.5540146102297889 9 3.846717160044844 9
3 0.026051768164923429 0 -1 0 -0 -1 1.5502361084680567 1.55
7 0 0  5 6 2  1.1064560650564603 7.9026467732343919  1.3154704735726646 7.9077029686187466  1.5244848820888706 7.9134208185303265  1.7334992906050743 7.9193403408422398  1.9425136991212772 7.9248786969219438  2.1515281076374815 7.9296065890751048 
 4.2480487186462534 6 5.293120761227275 6
7 0 0  5 6 2  1.5508835606918232 6.0559841936835195  1.5531854635755697 6.4647496522835404  1.5554873664593174 6.8735385348375928  1.5577892693430613 7.2823463289512205  1.5600911722268087 7.691168521715019  1.562393075110555 8.1000005999999818 
 4.6924762142816308 6 4.7039857287003546 6
7 0 0  5 6 2  1.5907090928979415 5.8709745965194324  1.5884071900141985 6.2797400551194533  1.586105287130458 6.6885289376735102  1.583803384246707 7.0973367317871379  1.5815014813629684 7.5061589245509319  1.5791995784792254 7.9149910028358947 
 4.6924762142816308 6 4.7039857287003546 6
3 30.909626441250193 -7.8392424298985137 0.62966001517548975 -0.77687081634542188 0.77687081634542188 0.62966001517548975 9.3168257022139596 1.55
7 0 0  8 9 2  0.77791653254817372 7.6810666075234053  0.93521269058288858 6.8765644607233867  1.0925088486155801 6.2878596180908062  1.2498050066606083 5.9452836064374424  1.4071011646719853 5.8677773828130739  1.5643973227261085 6.060490684954857  1.7216934807549933 6.5138794702797895  1.878989638791178 7.2049644140610303  2.0362857968258927 8.1000006000000013 
 2.5511619075056458 9 3.8095311717833646 9
3 0.026051768164925056 0 -1 0 -0 -1 1.5502361084680569 1.55
7 0 0  5 6 2  0.97415355418528926 7.8995615043760949  1.2035112269207044 7.9046947367847107  1.4328688996561176 7.910827403373176  1.6622265723915355 7.9173983765360276  1.8915842451269502 7.9236181540186141  2.1209419178623654 7.9289078967115518 
 4.1157462077750822 6 5.2625345714521581 6
7 0 0  5 6 2  1.55222339231777 6.2939108394733996  1.5542573288763293 6.6551009028343833  1.5562912654348935 7.0163080236287954  1.5583252019934513 7.3775290889258258  1.5603591385520061 7.7387609855018855  1.5623930751105655 8.1000005999999871 
 4.6938160459075515 6 4.7039857287003537 6
7 0 0  5 6 2  1.5893692612720463 6.1089012423093125  1.5873353247134847 6.4700913056702962  1.5853013881549209 6.8312984264647127  1.5832674515963667 7.192519491761729  1.5812335150377996 7.5537513883377994  1.5791995784792381 7.914991002835901 
 4.6938160459075515 6 4.7039857287003537 6
3 30.90962644125019 -7.6821526963073374 0.64304233416849566 -0.76583063171117194 0.76583063171117194 0.64304233416849566 9.1283556179498557 1.55
7 0 0  7 8 2  0.77791653254816118 7.920077352267235  0.95242650955959474 7.0423094737585874  1.1269364865712532 6.4295276390869276  1.3014464635824652 6.1253794110225499  1.4759564405940182 6.1538081656954091  1.6504664176051733 6.5133598645845723  1.8249763946167639 7.1773834901139271  1.9994863716281974 8.1000006000000084 
 2.5482457927760169 8 3.7698156318560523 8
3 0.026051768164924563 0 -1 0 -0 -1 1.5502361084680569 1.55
7 0 0  5 6 2  0.83028527511236094 7.8965097484313427  1.0815580280488049 7.9015277155667096  1.3328307809852493 7.9079857012124819  1.5841035339216951 7.9152281556926312  1.8353762868581367 7.9221951990759854  2.0866490397945805 7.9281088287388108 
 3.9718779287021539 6 5.2282416933843727 6
7 0 0  5 6 2  1.5535301546662899 6.5259707665637627  1.5553027387551428 6.8407567664956623  1.5570753228439962 7.1555548104480948  1.5588479069328542 7.4703628378492084  1.5606204910217021 7.7851787879688485  1.562393075110555 8.1000005999999569 
 4.6951228082560945 6 4.7039857287003537 6
7 0 0  5 6 2  1.5880624989234804 6.3409611693996766  1.5862899148346297 6.6557471693315762  1.5845173307457792 6.9705452132840122  1.5827447466569353 7.2853532406851258  1.5809721625680773 7.6001691908047624  1.5791995784792265 7.9149910028358708 
 4.6951228082560945 6 4.7039857287003537 6
3 30.90962644125019 -7.5264219674248078 0.65624672891737401 -0.75454637417805326 0.75454637417805326 0.65624672891737401 8.9500316770451711 1.55
7 0 0  6 7 2  0.78875529674464051 8.1000006000000013  0.98391759808995716 7.149345385037579  1.1790798994352798 6.5344766809880639  1.374242200780543 6.3205539558078954  1.5694045021259058 6.5344766809880639  1.7645668034712241 7.1493453850375825  1.9597291048165408 8.1000006000000049 
 2.5561057495538435 7 3.7270795576257436 7
3 0.026051768164925868 0 -1 0 -0 -1 1.5502361084680565 1.55
7 0 0  5 6 2  0.80066322203859286 7.8959262843562996  1.0494279931646524 7.9007574996519514  1.2981927642907198 7.9070451837683322  1.5469575354167695 7.9141713771344371  1.7957223065428316 7.9211156565736971  2.044487077668891 7.9271049932530859 
 3.9422558756283856 6 5.1860797312586833 6
7 0 0  5 6 2  1.5549281607448326 6.7742398966849757  1.5564211436179782 7.0393787951231337  1.5579141264911378 7.3045255459444292  1.5594071093642654 7.5696789179109345  1.5609000922374152 7.8348376797126225  1.5623930751105608 8.1000006000000759 
 4.6965208143346278 6 4.7039857287003546 6
7 0 0  5 6 2  1.5866644928449583 6.5892302995208869  1.5851715099718131 6.8543691979590449  1.5836785270986695 7.1195159487803181  1.5821855442255242 7.3846693207468519  1.5806925613523763 7.6498280825485336  1.5791995784792312 7.9149910028359871 
 4.6965208143346278 6 4.7039857287003546 6
3 30.90962644125019 -7.371879933849387 0.66926861834421147 -0.74302053571865045 0.74302053571865045 0.66926861834421147 8.7811649905483851 1.55
7 0 0  6 7 2  0.83824536790260262 8.1000006000000031  1.0179245645185615 7.3028203175702489  1.1976037611345021 6.7930136772787932  1.3772829577504808 6.6168982994205408  1.5569621543664027 6.7930136772788501  1.7366413509823981 7.3028203175702462  1.9163205475983569 8.1000005999999996 
 2.6025550637419164 7 3.6806302434376694 7
3 0.026051768164924341 0 -1 0 -0 -1 1.5502361084680567 1.55
7 0 0  5 6 2  0.85799994828867943 7.8970701549085884  1.0832690471128077 7.9016810417847312  1.3085381459369358 7.9074138873996986  1.533807244761066 7.9137838478154094  1.759076343585193 7.9200546134164416  1.9843454424093212 7.925635563825062 
 3.9995926018784727 6 5.1259380959991141 6
7 0 0  5 6 2  1.5563318353189575 7.0235212246683645  1.5575440832772793 7.2388089798974811  1.5587563312356103 7.4541014541735819  1.5599685791939244 7.6693979883803109  1.5611808271522447 7.8846979233764447  1.5623930751105666 8.1000006000000067 
 4.6979244889087415 6 4.7039857287003546 6
7 0 0  5 6 2  1.5852608182708552 6.8385116275042792  1.5840485703125318 7.0537993827333958  1.5828363223542112 7.2690918570094993  1.58162407439589 7.4843883912161999  1.5804118264375615 7.6996883262123585  1.5791995784792381 7.9149910028359205 
 4.6979244889087415 6 4.7039857287003546 6
3 30.90962644125019 -7.2183689824902313 0.68210342755794273 -0.73125571048280125 0.73125571048280125 0.68210342755794273 8.6211300081724342 1.55
7 0 0  6 7 2  0.89254187618684389 8.1000005999999942  1.0551562164812256 7.4535983750136801  1.2177705567756192 7.0449126992508013  1.3803848970699448 6.9047074295143602  1.5429992373643699 7.0449126992508582  1.7056135776587533 7.4535983750136792  1.8682279179531349 8.1000005999999924 
 2.6537496327066479 7 3.6294356744729384 7
3 0.026051768164929202 0 -1 0 -0 -1 1.5502361084680569 1.55
7 0 0  5 6 2  0.92209043681428127 7.8984174087570755  1.1210716447317384 7.9027073435950177  1.3200528526491926 7.9078060932340719  1.5190340605666552 7.9133609995591598  1.7180152684841088 7.9188795358166182  1.9169964764015661 7.9239436327509898 
 4.0636830904040746 6 5.0585891299913603 6
7 0 0  5 6 2  1.5572388230311889 7.1845976788775774  1.5582696734470625 7.3676726767980156  1.5593005238629338 7.5507508731794815  1.5603313742788103 7.7338318627191143  1.5613622246946828 7.9169152401011926  1.5623930751105564 8.1000005999999463 
 4.6988314766209864 6 4.7039857287003528 6
7 0 0  5 6 2  1.584353830558594 6.9995880817134912  1.5833229801427211 7.1826630796339295  1.5822921297268593 7.3657412760153989  1.5812612793109722 7.5488222655550317  1.5802304288951041 7.7319056429371056  1.5791995784792312 7.9149910028358592 
 4.6988314766209864 6 4.7039857287003528 6
3 30.90962644125019 -7.065742699396214 0.69474659060686572 -0.71925459667640368 0.71925459667640368 0.69474659060686572 8.4693575034635202 1.55
7 0 0  6 7 2  0.95330394159256227 8.1000006000000013  1.0967183701446839 7.6019454287246084  1.2401327986968198 7.2906654143174592  1.3835472272488687 7.1845981510998627  1.5269616558010597 7.2906654143174592  1.6703760843531708 7.6019454287246093  1.8137905129052925 8.1000006000000031 
 2.7113493679334284 7 3.5718359392461587 7
8 7.7703918849962879 9.9658782802712658
1 19.331996236997359 -7.5468265736388318 0.71925459667640368 0.69474659060686583 
8 7.7703918849962879 9.9658782802712658
1 -8.2478461571121429 2.9965111940148192 0.98252005084869787 -0.18615678789738546 
8 7.7534764042627895 9.9129312421599849
1 19.251112421547145 -7.6790445113220933 0.73125571048280125 0.68210342755794273 
8 7.7534764042627895 9.9129312421599849
1 -8.4206844794751543 3.0174454658938927 0.98192644984215938 -0.18926290471292398 
8 7.7443678349444438 9.8696303355491075
1 19.16666198073526 -7.8068262279105713 0.74302053571865034 0.66926861834421147 
8 7.7443678349444438 9.8696303355491075
1 -8.5922553044011547 3.0393028483433113 0.98133464467990739 -0.19230786554626447 
8 7.7424695431355453 9.8352682574123236
1 19.078833997301032 -7.9300763050800507 0.75454637417805326 0.65624672891737401 
8 7.7424695431355453 9.8352682574123236
1 -8.7625097887209797 3.0620344031490383 0.98074534729237239 -0.19529097205033302 
8 7.7472308381519763 9.8091928652044427
1 18.987819631463765 -8.0487068379111761 0.76583063171117194 0.64304233416849588 
8 7.7472308381519763 9.8091928652044427
1 -8.9314005273864137 3.0855906544056513 0.98015926273884157 -0.19821155280974576 
8 7.7581424905683525 9.7908017802692697
1 18.893811828286022 -8.1626374322005759 0.77687081634542188 0.62966001517548964 
8 7.7581424905683525 9.7908017802692697
1 -9.0988815389528206 3.1099216642562997 0.97957708842979807 -0.20106896285453776 
8 7.8804004933410203 9.7795376260897378
1 18.797005030272057 -8.2717951906226013 0.78766453632511257 0.61610435659532992 
8 7.8804004933410203 9.7795376260897378
1 -9.2649082481881599 3.1349771072777077 0.97899951337591262 -0.20386258315278541 
8 8.0531666794665888 9.7748838158425286
1 18.697594895582469 -8.3761146882849005 0.79820949807831953 0.60237994420262475 
8 8.0531666794665888 9.7748838158425286
1 -9.429437465963769 3.1607063434115794 0.97842721746393468 -0.206591820084393 
8 8.224510875803265 9.7763608166469318
1 18.595778022202616 -8.4755379382278164 0.80850350411968241 0.58849136257569201 
8 8.224510875803265 9.7763608166469318
1 -9.5924273665850723 3.1870584893550777 0.97786087075963546 -0.20925610489829816 
3 0.026051768164926707 0 -1 0 -0 -1 1.5502361084680565 1.55
7 0 0  5 6 2  1.5756579921341061 7.9148945860417106  1.7099353726984448 7.9185274647223283  1.8442127532627914 7.922157401238664  1.978490133827119 7.925647794525247  2.1127675143914608 7.9288628175194571  2.2470448949557995 7.9316962279632879 
 4.7172506457238992 6 5.3886375485455922 6
8 8.3943803880596484 9.7835228286721847
1 18.49175167835925 -8.570014347421008 0.81854445089771899 0.57444319293081703 
8 8.3943803880596484 9.7835228286721847
1 -9.7538374627225473 3.2139824883341248 0.97730113283785269 -0.21185489315531478 
3 0.026051768164925208 0 -1 0 -0 -1 1.5502361084680569 1.55
7 0 0  5 6 2  1.6865910935441528 7.9178889240689632  1.802423984666482 7.92100183668677  1.9182568757888063 7.9240623347815244  2.0340897669111477 7.926983333383447  2.1499226580334687 7.9296809728025313  2.2657555491557977 7.9320880577376762 
 4.828183747133945 6 5.4073482027455908 6
8 8.5627234394269376 9.7959548262782157
1 18.385713539438065 -8.659500663811361 0.82833032659510786 0.56024001110492117 
8 8.5627234394269376 9.7959548262782157
1 -9.9136285781044471 3.2414271781941526 0.97674865213960327 -0.21438766415880492 
3 0.026051768164925427 0 -1 0 -0 -1 1.5502361084680569 1.55
7 0 0  5 6 2  1.7979391665122564 7.9208557734161564  1.8949043461077881 7.9234118144501329  1.9918695257033256 7.9258962534670019  2.0888347052988543 7.9282589936143353  2.1857998848943838 7.9304528670894916  2.2827650644899156 7.9324390035902388 
 4.9395318201020491 6 5.4243577180797082 6
8 8.7294891719435252 9.8132699159282879
1 18.277861431613893 -8.743960914973897 0.83785920889024623 0.54588638568644565 
8 8.7294891719435252 9.8132699159282879
1 -10.071762818133658 3.2693413577535004 0.97620406535613824 -0.216853920375327 
3 30.90962644125019 -8.9948332423147583 0.5313868762938414 -0.84712926268821198 0.84712926268821198 0.5313868762938414 10.995796735037526 1.55
7 0 0  8 9 2  0.77791653254816806 5.7925583737617981  0.96072010124902629 4.7156250247349716  1.1435236699503548 3.9882986571869878  1.3263272386466269 3.6654178692515416  1.5091308073524488 3.7768991664415807  1.6919343760482661 4.32186905080016  1.8747379447529511 5.267241452154849  2.0575415134541761 6.5528793814690065  2.2403450821550344 8.1000005999999942 
 2.5697618261349797 9 4.0321903757418456 9
3 0.026051768164926731 0 -1 0 -0 -1 1.5502361084680569 1.55
7 0 0  5 6 2  1.9114839467191211 7.9238031993938707  1.9888202802459609 7.9257753028030402  2.0661566137728009 7.927679822193582  2.1434929472996416 7.9294921760443629  2.2208292808264809 7.931189504619903  2.2981656143533207 7.93275234425899 
 5.0530766003089136 6 5.4397582679431125 6
8 8.8946276465972822 9.8351069719810607
1 18.168393082366013 -8.8233663389125851 0.84712926268821198 0.5313868762938414 
8 8.8946276465972822 9.8351069719810607
1 -10.228203538590957 3.2976738513747854 0.9756679968397417 -0.21925318684736547 
3 30.909626441250193 -9.1711695522866901 0.51674603200067271 -0.8561387378290739 0.8561387378290739 0.51674603200067271 11.301231201054661 1.55
7 0 0  8 9 2  0.77791653254814541 5.4824563928871219  0.96369428738561003 4.3611765567316194  1.1494720422231239 3.6117728229282875  1.3352497970572585 3.293214898531005  1.5210275518938943 3.4370936788545805  1.7068053067314395 4.0411029379283718  1.8925830615726227 5.0675686980848695  2.0783608164103975 6.4494696904046123  2.2641385712478623 8.1000006000000049 
 2.5721524472328596 9 4.0583744859325765 9
3 0.026051768164923671 0 -1 0 -0 -1 1.5502361084680569 1.55
7 0 0  5 6 2  2.0296446110450006 7.9267462951772059  2.0861150080060509 7.9281160881027848  2.1425854049671003 7.9294381144688941  2.1990558019281572 7.930703272492579  2.2555261988892008 7.9319031016107049  2.3119965958502511 7.933030116039852 
 5.1712372646347937 6 5.4535892494400446 6
8 9.0580898422340024 9.861128516851057
1 18.057505878012869 -8.8976953075505154 0.8561387378290739 0.51674603200067271 
8 9.0580898422340024 9.861128516851057
1 -10.382915312586448 3.3263735717195537 0.97514105804099449 -0.22158501060019825 
3 30.90962644125019 -9.3513713267534175 0.50196838990597314 -0.86488596678128893 0.86488596678128893 0.50196838990597314 11.627761935926957 1.55
7 0 0  8 9 2  0.77791653254815751 5.1591430499359507  0.96654288473066807 3.99140888099077  1.1551692369102966 3.2189142495126362  1.3437955890994999 2.9049696273177688  1.5324219412686944 3.0828878270913265  1.7210482934706306 3.7487680103167804  1.9096746456402798 4.8599857355993663  2.0983009978257323 6.3421651614287144  2.2869273500082428 8.1000005999999942 
 2.5744747255972351 9 4.0834855430573196 9
3 0.026051768164927241 0 -1 0 -0 -1 1.5502361084680567 1.55
7 0 0  5 6 2  2.1562117970640884 7.9297123706234469  2.1898141487610046 7.9304701091570893  2.2234165004579225 7.931206748271137  2.2570188521548395 7.9319205054409423  2.2906212038517531 7.9326096977357903  2.3242235555486692 7.9332727654787085 
 5.2978044506538806 6 5.4658162091384623 6
8 9.2198276533413441 9.8910188165869464
1 17.9453966283643 -8.966933243439378 0.86488596678128893 0.50196838990597326 
8 9.2198276533413441 9.8910188165869464
1 -10.535863895919857 3.3553895806607565 0.97462384697216142 -0.22384896004490365 
3 30.90962644125019 -9.5358983848622483 0.48705847384814882 -0.8733693623277109 0.8733693623277109 0.48705847384814882 11.977480245984445 1.55
7 0 0  8 9 2  0.77791653254815185 4.8212330360564266  0.9692744642294906 3.6046465954203031  1.1606323959090332 2.807882576395059  1.3519903275901015 2.4988241249993735  1.5433482592661676 2.7125619510243268  1.7347061909576951 3.4434295431037754  1.9260641226346706 4.6434634241300046  2.1174220543175224 6.2304274591239954  2.3087799859988611 8.1000005999999996 
 2.57672814320048 9 4.1075915966511891 9
3 0.026051768164927498 0 -1 0 -0 -1 1.5502361084680569 1.55
7 0 0  5 6 2  2.2983186580343493 7.9327554368084616  2.3021335560181448 7.9328325190954638  2.3059484540019426 7.9329092740684644  2.3097633519857439 7.9329856993903576  2.313578249969531 7.9330617927438434  2.3173931479533265 7.933137551831976 
 5.439911311624142 6 5.4589858015431201 6
8 9.3797938867782662 9.9244821667939753
1 17.832261338554428 -9.031072530206206 0.87336936232771079 0.48705847384814877 
8 9.3797938867782662 9.9244821667939753
1 -10.687016191008835 3.3846711483367455 0.97411694769629731 -0.22604462437945552 
3 30.90962644125019 -9.7252708606931471 0.4720207932603952 -0.88158741525150386 0.88158741525150386 0.4720207932603952 12.352766679731481 1.55
7 0 0  8 9 2  0.77791653254815829 4.467152683689422  0.97189635261374518 3.1989965925517816  1.1658761726791909 2.3766049836908678  1.3598559927368115 2.0726906833442627  1.5538358128151231 2.3241876914398745  1.7478156328697878 3.1234821320940682  1.9417954529421877 4.4168530629867746  2.1357752730072663 6.1136575482832303  2.3297550930728534 8.100000599999996 
 2.5789122027593914 9 4.1307507632840865 9
3 24.846628329841995 -19.199999999999999 -1 -0 0 -1 3.3128837773122659 3.2000000000000002
7 0 0  6 7 2  2.5454187025248034 0.68778492939897085  2.6762013674712914 0.78057795271858899  2.8069840324178017 0.88325220842838092  2.9377666973641112 0.99295211178019827  3.0685493623107902 1.1063092146083306  3.1993320272572423 1.2197583115844866  3.3301146922037304 1.3299094340097328 
 4.1162150293197 7 4.9009110189986274 7
8 -50.100000000000001 -0.099999999999999645
1 24.432517857677961 -0.099999999999999645 0 1 
8 -50.100000000000001 -0.099999999999999645
1 -0.099999999999999645 -0.67639905862550442 -1 0 
3 18.634971247381497 -10.199999999999999 1 0 -0 1 6.315184700501506 6.0999999999999996
7 0 0  6 7 2  2.0544656935159176 0.470090565990267  1.8932425712755774 0.59263435493195582  1.7320194490352634 0.67004385667640065  1.5707963267948344 0.69658625518619033  1.4095732045545901 0.67004385667640065  1.2483500823142164 0.59263435493195571  1.0871269600738762 0.470090565990267 
 5.7995159404585657 7 6.7668546739006068 7
7 0 0  6 7 2  1.978502406955392 0.52360094137449664  1.8426003802352269 0.61167668506844719  1.7066983535150655 0.66649613795975426  1.5707963267948628 0.68513140548046181  1.4348943000747454 0.66649613795975426  1.2989922733545669 0.61167668506844708  1.1630902466344017 0.52360094137449664 
 5.875479227019091 7 6.6908913873400815 7
8 12.025198831567124 13.733404529243762
1 12.407319026110837 -8.3999999999999986 1 0 
8 12.025198831567124 13.733404529243762
1 -11.615450117671813 4.5887495373796554 0.96592582628906831 -0.25881904510252074 
8 -5.999999999062311e-07 3.4000005999999998
1 25.644554712355596 -4.9999999999999991 0 -1 
8 -5.999999999062311e-07 3.4000005999999998
1 0.78195396241688109 0 0 1 
8 12.025198831567124 13.733404529243762
1 12.407319026110837 -4.9999999999999991 1 0 
8 12.025198831567124 13.733404529243762
1 -11.615450117671813 4.5887495373796554 0.96592582628906831 -0.25881904510252074 
3 30.136885780218936 -167.88790124356004 0.03371170046685229 -0.9994315990860172 0.9994315990860172 0.03371170046685229 171.59961285524946 1.55
7 0 0  5 6 2  0.9383296418577165 3.1000006000000897  0.94904344629298842 2.4337987203339058  0.95975725072826279 1.790543856886039  0.97047105516353582 1.170395323721273  0.98118485959880386 0.57350145655511087  0.99189866403407578 -5.9999992618742226e-07 
 2.7707730569928533 6 2.8243420791692131 6
8 12.021726787791176 13.440242298555715
1 12.417624230380621 -5.3566383447015138 0.9994315990860172 0.03371170046685229 
8 12.021726787791176 13.440242298555715
1 -11.43280678467087 4.5860823542509639 0.96596523308705551 -0.25867193212072837 
3 30.136885780218932 -115.19035137001916 0.050557290160495511 -0.99872116249312926 0.99872116249312926 0.050557290160495511 114.42878955325624 1.55
7 0 0  5 6 2  0.95671093281255914 3.1000006000000226  0.9745961374381511 2.3932456919708134  0.99248134206374061 1.7294259156144935  1.0103665466893368 1.1090122760904855  1.0282517513149261 0.53241850341666774  1.046136955940518 -5.9999998924809006e-07 
 2.7889639996523017 6 2.8783900227802612 6
8 12.018773915188564 13.341378947239185
1 12.429114001358739 -5.457222728929052 0.99872116249312926 0.050557290160495497 
8 12.018773915188564 13.341378947239185
1 -11.337964890631756 4.5831085826979603 0.96601445334844804 -0.25848805760015114 
3 30.136885780218932 -88.801061839095823 0.067390563678447965 -0.99772667195334674 0.99772667195334674 0.067390563678447965 85.852105210472843 1.55
7 0 0  5 6 2  0.97703073796832707 3.1000005999999498  1.0048270744920897 2.3210282998300267  1.0326234110158499 1.6204153930295675  1.0604197475396209 0.99941587825260925  1.0882160840633779 0.4590309590222223  1.1160124205871405 -6.0000010115857094e-07 
 2.8090173658132693 6 2.9479990484320826 6
8 12.015123269874943 13.239857184890797
1 12.444708904516423 -5.5557841976293325 0.99772667195334674 0.067390563678447979 
8 12.015123269874943 13.239857184890797
1 -11.240804793040207 4.5790723247542218 0.96608329035731266 -0.25823066450828114 
3 30.136885780218936 -72.935044605729544 0.084207409764177607 -0.99644824860140535 0.99644824860140535 0.084207409764177607 68.713086874050475 1.55
7 0 0  5 6 2  0.99963799965741607 3.1000005999999414  1.0471791529685286 2.1027536188279039  1.0947203062796422 1.2903157512119616  1.1422614595907543 0.66738512129144389  1.1898026129018651 0.23690864069239811  1.2373437662129776 -6.0000004697968734e-07 
 2.8312821465003557 6 3.0689879130559179 6
8 12.010864195559272 13.135706901625813
1 12.464313265823602 -5.6521770675982683 0.99644824860140535 0.084207409764177593 
8 12.010864195559272 13.135706901625813
1 -11.141347910485941 4.5739983426808539 0.96617167279479477 -0.25789978419709492 
8 12.025198831567124 14.092680973889163
1 12.407319026110837 -0.30000000000000071 1 0 
8 12.025198831567124 14.092680973889163
1 -11.615450117671813 4.5887495373796554 0.96592582628906831 -0.25881904510252074 
8 -5.999999999062311e-07 11.6000006
1 7.3391730608699843 -1.2000000000000002 0 -1 
8 -5.999999999062311e-07 11.6000006
1 2.0143651399106703 0 0 1 
8 -1.2000000000000002 11.199999999999999
1 5 -1.2000000000000002 1 0 
8 -1.2000000000000002 11.199999999999999
1 -5 5.5999999999999996 1 0 
1 -5 5.5999999999999996 1 0 
8 -5.999999999062311e-07 1.4000005999999994
1 7.5813226755104353 -1.2000000000000002 0 1 
8 -5.999999999062311e-07 1.4000005999999994
1 1.1630902466344004 0 0 1 
1 1.1630902466344004 0 0 1 
8 -5.999999999062311e-07 3.4000005999999998
1 4.7999999999999998 -0.84999999999999964 1 0 
8 -5.999999999062311e-07 3.4000005999999998
1 1.5707963267948966 0 0 1 
8 -1.2500000000000004 -1.0763990586255048
1 4.7999999999999998 0.40000000000000036 0 1 
8 -1.2500000000000004 -1.0763990586255048
1 0 0.39999999999999947 0 -1 
3 9.9022516364019815 0.79999999999999982 1 0 -0 1 44.413247939157912 1.55
7 0 0  5 6 2  1.4545583920868992 -6.0000001766979949e-07  1.4685757443467116 0.61797783127094652  1.4825930966065251 1.2372205893395218  1.4966104488663365 1.8574747071896951  1.5106278011261487 2.4784861822862396  1.5246451533859611 3.1000006000000075 
 4.5961510456766925 6 4.6662378069757544 6
8 -1.1500000000000006 -1.0763990586255048
1 4.7513654921371629 0.40000000000000036 0 1 
8 -1.1500000000000006 -1.0763990586255048
1 0.17976333400672798 0.39999999999999947 0 -1 
3 9.8533588392125502 0.79999999999999982 1 0 -0 1 29.616350044411082 1.55
7 0 0  5 6 2  1.3941733462293462 -6.0000001056437213e-07  1.415307940057202 0.61534666599813681  1.4364425338850566 1.2335954186647236  1.4575771277129146 1.8541730386430757  1.4787117215407686 2.4765015014864655  1.4998463153686243 3.1000005999999933 
 4.5357659998191391 6 4.6414389689584175 6
8 -1.1500000000000006 -1.0763990586255048
1 4.6495860887254707 0.40000000000000036 0 1 
8 -1.1500000000000006 -1.0763990586255048
1 0.27234442296771416 0.39999999999999947 0 -1 
3 9.8044436908462007 0.79999999999999982 1 0 -0 1 22.220159890615722 1.55
7 0 0  5 6 2  1.3318814830063281 -6.0000000701165845e-07  1.3602751428250859 0.61149701962035063  1.3886688026438438 1.2282808477121847  1.4170624624626029 1.8493238296508743  1.4454561222813584 2.4735811234918716  1.4738497821001162 3.1000005999999956 
 4.4734741365961215 6 4.6154424356899098 6
8 -1.1500000000000006 -1.0763990586255048
1 4.5460782678064229 0.40000000000000036 0 1 
8 -1.1500000000000006 -1.0763990586255048
1 0.36680502956929018 0.39999999999999947 0 -1 
3 9.7554987197123424 0.79999999999999982 1 0 -0 1 17.784255530788297 1.55
7 0 0  5 6 2  1.2673147906509692 -6.0000000434712319e-07  1.3031738959866659 0.60626806971554681  1.339033001322365 1.2210468228478142  1.3748921066580611 1.8427115485743357  1.4107512119937564 2.4695924170232404  1.4466103173294531 3.1000005999999969 
 4.4089074442407625 6 4.5882029709192462 6
8 -1.1500000000000006 -1.0763990586255048
1 4.4407733046609206 0.40000000000000036 0 1 
8 -1.1500000000000006 -1.0763990586255048
1 0.463208841048662 0.39999999999999947 0 -1 
8 -2.4500000000000006 -1.0763990586255048
1 0.10000000000000142 0.40000000000000036 0 1 
8 -2.4500000000000006 -1.0763990586255048
1 0 0.39999999999999947 0 -1 
1 0.10000000000000142 -2 1 0 
8 -5.999999999062311e-07 3.4000005999999998
1 4.0850531909421131 -2 0 -1 
8 -5.999999999062311e-07 3.4000005999999998
1 5.8485797815722194 0 0 1 
8 0 2.9000000000000004
1 5.8485797815722194 0 0 1 
8 1.8999999999999995 5.2999999999999998
1 1.9000000000000004 -4.9000000000000004 1 0 
8 1.8999999999999995 5.2999999999999998
1 -1.8999999999999995 3.7999999999999998 1 0 
8 -6.6500000000000004 -2.4499999999999997
1 7.2000000000000002 -2.4500000000000002 0 1 
8 -6.6500000000000004 -2.4499999999999997
1 3.7999999999999998 -2.4499999999999997 0 -1 
8 1.8999999999999995 5.2999999999999998
1 1.9000000000000004 -9.0999999999999996 1 0 
8 1.8999999999999995 5.2999999999999998
1 -1.8999999999999995 3.7999999999999998 1 0 
8 -11 -1
1 3.9000000000000004 -1 0 1 
8 -11 -1
1 6.6999999999999993 -1 0 -1 
8 0.44999999999999929 4.3499999999999996
1 -0.44999999999999929 -12 1 0 
8 0.44999999999999929 4.3499999999999996
1 0.45000000000000107 6.6999999999999993 1 0 
8 -5.999999999062311e-07 3.5000005999999999
1 2.6324751652906127 -10 0 -1 
8 -5.999999999062311e-07 3.5000005999999999
1 5.4688453650530606 0 0 1 
8 2 3.3236009413744956
1 5.4688453650530606 0 0 1 
8 0.099999999999999645 50.100000000000001
1 41.817482142322042 -0.099999999999999645 0 -1 
8 0.099999999999999645 50.100000000000001
1 -0.099999999999999645 -13.323600941374496 1 0 
8 -5.923600941374497 -5.8500000000000005
1 4.3335994707164556 -7.4000000000000004 0 1 
8 -5.923600941374497 -5.8500000000000005
1 0.3116227536473572 -7.4000000000000004 0 -1 
3 7.3148233776385609 -14.800000000000001 1 0 -0 1 14.828496961933743 1.55
7 0 0  5 6 2  4.7032272788380887 3.1000005999999996  4.7455449402548968 2.4759570279851579  4.787862601671705 1.8516110155972818  4.830180263088522 1.2292907660130901  4.8724979245053213 0.61132665741972703  4.9148155859221294 -5.9999999901805268e-07 
 1.5616346252482955 6 1.7732229323323363 6
8 -5.923600941374497 -5.8500000000000005
1 4.4407733046609215 -7.4000000000000004 0 1 
8 -5.923600941374497 -5.8500000000000005
1 0.21320884104866122 -7.4000000000000004 0 -1 
3 6.8870704082948677 -14.800000000000001 1 0 -0 1 17.784255530788297 1.55
7 0 0  5 6 2  4.6749569697336675 3.1000006000000013  4.7100416999662231 2.4788545478186523  4.7451264301987877 1.8566883358183937  4.7802111604313424 1.2350948686272218  4.8152958906638892 0.61567227050691298  4.8503806208964448 -6.0000000168258794e-07 
 1.5333643161438748 6 1.7087879673066526 6
8 -5.923600941374497 -5.8500000000000005
1 4.5460782678064238 -7.4000000000000004 0 1 
8 -5.923600941374497 -5.8500000000000005
1 0.11680502956928991 -7.4000000000000004 0 -1 
3 6.2205469342952746 -14.800000000000001 1 0 -0 1 22.220159890615722 1.55
7 0 0  5 6 2  4.6478486156496635 3.1000006000000004  4.6758426122069494 2.48077667497245  4.7038366087642345 1.8601523320359377  4.7318306053215409 1.2391385363993415  4.7598246018788091 0.61875082790997726  4.787818598436095 -6.0000000079440952e-07 
 1.5062559620598703 6 1.6462259448463019 6
8 -5.923600941374497 -5.8500000000000005
1 4.6495860887254707 -7.4000000000000004 0 1 
8 -5.923600941374497 -5.8500000000000005
1 0.022344422967715008 -7.4000000000000004 0 -1 
3 5.0765281868881971 -14.800000000000001 1 0 -0 1 29.616350044411082 1.55
7 0 0  5 6 2  4.6218655767940531 3.1000005999999996  4.6428535127898805 2.4818079656801268  4.6638414487857105 1.8621431782654447  4.6848293847815441 1.2415735494924682  4.7058173207773644 0.62066909489668376  4.7268052567731917 -6.0000000168258794e-07 
 1.4802729232042597 6 1.5852126031833986 6
8 -5.923600941374497 -5.75
1 4.7999999999999998 -7.4000000000000004 0 1 
8 -5.923600941374497 -5.75
1 -0.25 -7.4000000000000004 0 -1 
8 -5.999999999062311e-07 3.4000005999999998
1 4.7999999999999998 -13.169049356969991 1 0 
8 -5.999999999062311e-07 3.4000005999999998
1 4.5602880386979061 0 0 1 
8 -5.999999999062311e-07 1.4000005999999994
1 7.5813226755104353 -12.800000000000001 0 -1 
8 -5.999999999062311e-07 1.4000005999999994
1 1.9785024069553929 0 0 1 
1 1.9785024069553929 0 0 1 
8 -1.2000000000000002 11.199999999999999
1 5 -12.800000000000001 1 0 
8 -1.2000000000000002 11.199999999999999
1 -5 5.5999999999999996 1 0 
1 -5 5.5999999999999996 1 0 
1 0 11.6 1 0 
2 0 0 1 0 -0 1 6.2000000000000002
2 0 0 1 0 -0 1 6.2000000000000002
8 1.5999999999999996 2.1000000000000005
1 -4.0999999999999996 1.7 -1 0 
8 1.5999999999999996 2.1000000000000005
1 4.0999999999999996 -0.79999999999999982 -1 0 
1 -4.0999999999999996 1.7 -1 0 
1 0 0 1 0 
2 0 0 1 0 -0 1 6.0999999999999996
2 0 0 1 0 -0 1 6.0999999999999996
8 1.5999999999999996 2.1000000000000005
1 -4.0999999999999996 0.69999999999999996 -1 0 
8 1.5999999999999996 2.1000000000000005
1 4.0999999999999996 -0.79999999999999982 -1 0 
1 -4.0999999999999996 0.69999999999999996 -1 0 
2 0 0 1 0 -0 1 6.2000000000000002
2 0 0 1 0 -0 1 6.2000000000000002
1 -5 5.5999999999999996 1 0 
1 0 0 1 0 
2 0 0 1 0 -0 1 6.0999999999999996
8 1.1630902466343986 1.9785024069554447
1 0 0 1 0 
2 0 0 1 0 -0 1 6.0999999999999996
2 0 0 1 0 -0 1 6.0999999999999996
2 0 0 1 0 -0 1 4.1799999999999997
1 0 11.899999999999999 1 0 
1 0 12.799999999999999 1 0 
2 0 0 1 0 -0 1 4.1799999999999997
2 0 0 1 0 -0 1 4.1799999999999997
2 0 0 1 0 -0 1 4.1799999999999997
1 6.2831853071795862 -0 0 1 
1 0 -0 0 1 
8 0.29999999999999982 11.899999999999999
1 6.2831853071795862 0.90000000000000036 0 1 
8 0.29999999999999982 11.899999999999999
1 0 0.90000000000000036 0 1 
2 0 0 1 0 -0 1 4.1799999999999997
1 0 0.29999999999999982 1 0 
1 0 1.2000000000000002 1 0 
2 0 0 -1 0 0 1 4.1799999999999997
2 0 0 -1 0 0 1 4.1799999999999997
2 0 0 1 0 -0 1 4.1799999999999997
7 0 0  7 44 8  0.82957993266133467 2.4499999999999997  0.82957993266133467 2.5714914275385681  0.82533707533224399 2.6930218041501717  0.81684638316254921 2.8124956093292623  0.80410996603407237 2.9277136426660149  0.78716983290118681 3.0361935053524061  0.76610928460154593 3.1350210647028733  0.71782814194872457 3.3000244524650935  0.69061912765407207 3.3697878435543602  0.66010364169843427 3.423224826623275  0.62738148848059727 3.4559911031928685  0.59368327056664161 3.4658651239228822  0.56030881529953458 3.4526909499670229  0.49677874812931688 3.3846286199805466  0.46737326010378949 3.3307465624999049  0.44082858645430184 3.2602931586604171  0.4175565795768566 3.1764483418860574  0.39787279925367408 3.0823509590539322  0.38195542604585919 2.9811118144596715  0.3556687865257665 2.7531451613383107  0.3463683860897136 2.6226037759966121  0.34214258982305951 2.4874764595430334  0.34314278945325261 2.3510184835728385  0.34938384368206893 2.2166000077892889  0.36071428922198756 2.0877825995392274  0.38957214033066301 1.8732409371618159  0.40557156675123668 1.7824541213248035  0.4247591983430884 1.698456778672073  0.44696102664400961 1.6238161045859238  0.4719046297870208 1.561069895049932  0.49923064925586835 1.5127445591926718  0.55799498442479889 1.4497879506157083  0.58891842786047643 1.4360765854336286  0.62024156849973366 1.4421896615770458  0.65088484091504273 1.4682057837783955  0.67981398297967566 1.5125236013215038  0.70608830278579171 1.5718261133471889  0.75741390968000522 1.7261505224569331  0.78133376187262238 1.8279480860640278  0.80060118700214589 1.9416710552495098  0.81509577553318868 2.063657906849885  0.8247555785745615 2.1908185972326755  0.82957993266133467 2.3204504865507483  0.82957993266133467 2.4499999999999997 
 0 8 0.14879282305797045 6 0.28717621228844792 6 0.42493783929103535 6 0.58532778193953816 6 0.71280296906567864 6 0.84150363440711295 6 1 8
7 0 0  7 44 8  0 4.0586204552778744  0.12149142753856851 4.0586204552778744  0.24302159043630345 4.0628632514963767  0.36542532198109634 4.0713542417563033  0.48943679192507461 4.0836296981651481  0.61585042480969632 4.0987263523577342  0.74552457410808826 4.1151669719580406  1.0043842819569788 4.1459425305374271  1.1357726340817675 4.1606767984528288  1.2708762329602186 4.1733089750682675  1.4081696559550978 4.1815224771275687  1.5465307345788395 4.183878163932941  1.6849738564421735 4.1805129452703298  1.9586574016896643 4.1647136600341925  2.0906178889486648 4.1525107715721434  2.2188728177964703 4.1374146430485457  2.3439068950832382 4.1212017639338852  2.466030649504408 4.1055828109633081  2.5853579074751289 4.0918828912747607  2.8373029090089141 4.0680980287185582  2.9714908763596637 4.0587308311631247  3.1050872031810464 4.0541800212795147  3.238678490178625 4.055242201934413  3.3727727869633677 4.0618607719400961  3.5078383004605747 4.0730223483318841  3.752663162878231 4.0983106760301276  3.8638044723901026 4.1115521466213698  3.9774967034101705 4.1261005693272095  4.0937897189805463 4.1408283488659565  4.2128727155963901 4.1543653968188154  4.3350905417785466 4.1653234230486946  4.5882436124348951 4.1799375189311734  4.7168751063216634 4.1833845805298138  4.8456723873578511 4.1819552035701992  4.9736963780203105 4.1754524855443762  5.0999307955712538 4.1648752960752979  5.2230507784640894 4.1519862078809071  5.4856031451793976 4.121817773083527  5.6250795551196155 4.1038840986966916  5.7606329946360262 4.0870032124806688  5.8932905994097435 4.0731050907143889  6.0240042827505631 4.0634446864372729  6.1536357937303343 4.0586204552778744  6.2831853071795862 4.0586204552778744 
 0 8 0.14879282305797045 6 0.28717621228844792 6 0.42493783929103535 6 0.58532778193953816 6 0.71280296906567864 6 0.84150363440711295 6 1 8
7 0 0  10 209 24  0.82957993266133445 3.3500000000000005  0.82957993266133445 3.421444977594672  0.8281825719750433 3.4929026578901223  0.82538684087283731 3.5640111203570273  0.82119261159548729 3.6343989308485902  0.81560139370506657 3.7036800848466691  0.80861707013082573 3.7714482325919256  0.80024661391001184 3.8372701860979683  0.79050078562364579 3.9006787080495071  0.77939481152725321 3.9611645825845181  0.76558778637569258 4.0244027132358902  0.76421050301193838 4.0305957963784937  0.76281721910402267 4.036746484260421  0.76140796224219365 4.0428540363894276  0.7599827608069476 4.0489177047466551  0.75854164398776691 4.0549367336244595  0.75708464180185597 4.0609103594642466  0.75561178511287874 4.0668378106942962  0.75412310564969354 4.0727183075675981  0.7518781548817326 4.0814218708217194  0.75113384859369492 4.084281114106548  0.75038572105034818 4.087128697888387  0.74963377619243365 4.0899645277117092  0.74887801801284382 4.092788508626195  0.74811845055739612 4.0956005451816742  0.74735507792561084 4.0984005414230742  0.74658790427148558 4.101188400885361  0.74581693380427383 4.1039640265884767  0.74427346061030075 4.1094690272382879  0.74350092411764446 4.1121989064522868  0.74272536107703213 4.1149141768803021  0.74194395015729242 4.1176243180903835  0.74116161900565203 4.1203124700914486  0.74037540229328447 4.1229887653345942  0.7395821383624025 4.1256638255143114  0.73878654786944153 4.1283212497079234  0.73798615258564104 4.130969490442995  0.72440982191464964 4.1754615970661373  0.71057974664977663 4.2144383266468406  0.69578088083249134 4.2497016560649055  0.68012713747855524 4.2805451410502124  0.66375089147742949 4.3063874992699658  0.6467978297564646 4.3267705585078939  0.62942262541085425 4.3413581392167826  0.61178543579934874 4.3499358714443677  0.59404922460572984 4.3524119461325395  0.57251230732924141 4.3480328002462123  0.56864980741304216 4.3469563808329985  0.56479211990661471 4.3455898848970929  0.56094095718772841 4.3439339397602001  0.55709803065605146 4.3419894592818036  0.55326504916644681 4.3397576454221234  0.54944371746226917 4.3372399898050151  0.54563573460865955 4.3344382752809114  0.5418427924258421 4.3313545774897353  0.53715202100362203 4.3271767145250557  0.5362384489991936 4.3263457619801855  0.53532588181895402 4.3254984424624325  0.53441434333920479 4.324634790659533  0.53350385740195949 4.3237548422755117  0.53259444781417675 4.3228586340324613  0.53168613834699041 4.3219462036723142  0.53077895273494025 4.3210175899586156  0.52987291467520437 4.3200728326782905  0.52537685752233831 4.315298559380043  0.52180571723511093 4.311233083895786  0.5182901270709408 4.3069563976896461  0.51474553611478768 4.3023827342549339  0.51131450166576542 4.2976657820399851  0.50783243390469579 4.2926354557857849  0.50443547705799574 4.2874386325711384  0.50104723900858517 4.2819982162254746  0.49769731523242905 4.276348792503331  0.48152430445282707 4.2477750817042166  0.46916520348637025 4.2218922980638487  0.45733653438762978 4.1930730828675369  0.44606922352669043 4.1615488531953799  0.4353909858863087 4.1275488276380283  0.42532625003181324 4.0913003260225302  0.41589608308100273 4.0530290691381694  0.40711811567404521 4.0129594784623057  0.39900646694337716 3.971314975886215  0.38994530753927625 3.9189127569685205  0.38835132913213799 3.9094425177920229  0.38678984199274208 3.8999098928145535  0.38526094499254476 3.8903172061763831  0.38376472800289213 3.8806667791781377  0.38230127175400647 3.8709609302039958  0.38087064769397416 3.86120197464489  0.37947291784773313 3.8513922248217036  0.37810813467605991 3.8415339899084713  0.37613125334101716 3.8268321252987065  0.3754939056953151 3.8220238402288587  0.37486430285725314 3.8172049826986418  0.37424244915067839 3.8123758145814421  0.3736283483598814 3.8075365975681992  0.37302200372599714 3.8026875931641468  0.37242341794340406 3.7978290626855737  0.37183259315612366 3.792961267256576  0.37124953095422009 3.788084467805811  0.3701079228265548 3.7783897189260687  0.36954913016010643 3.7735719627145334  0.36899817491275999 3.7687488280768142  0.36845366184537254 3.7639082425296997  0.36791606646971153 3.7590543248774737  0.36738612408229676 3.7541935198546219  0.36686346736653042 3.7493227530792552  0.36634749800651478 3.7444369169844833  0.36583901713293232 3.7395429879752746  0.35744160002867176 3.6573855220881564  0.35133222280918763 3.57753375553028  0.34705351741493262 3.4957511278114923  0.34464016592743851 3.4127015557837597  0.34411535815930033 3.3290525733894576  0.34548884043738198 3.2454813766055906  0.34875521724466074 3.1626788502474232  0.35389250572070974 3.0813515766315072  0.3608609430208195 3.0022218260981122  0.37001178576092786 2.9224538279849996  0.37042541996157918 2.9188885720733335  0.37084294310437466 2.9153298374426528  0.3712643490659927 2.911777699942304  0.37168963163101537 2.9082322354857784  0.37211878449181846 2.9046935200501132  0.37255180124846099 2.9011616296752907  0.37298867540857311 2.8976366404636336  0.37342940038724626 2.8941186285792067  0.37431159223410193 2.8871515706391646  0.37475293732504339 2.8837023188191826  0.37519805702162329 2.8802596010500565  0.37564659026938896 2.8768259659671456  0.37609950060232222 2.8733945319472696  0.37655561417377614 2.8699739055271491  0.37701473531076318 2.8665653963815201  0.37747900425894221 2.8631533914945209  0.37794676768435254 2.8597502225948532  0.38584923880820277 2.8028304409455869  0.39426189522656491 2.750666886251552  0.40364995707907925 2.7002579839497067  0.41399698523125056 2.6519999956752494  0.42527782199179598 2.6062881276419319  0.43745947281040526 2.5635162426452225  0.45050171827674229 2.5240769797689824  0.46435745642068593 2.488362281795641  0.47897277531381122 2.4567643303198872  0.4971581273455416 2.4245979932369641  0.50005406043414691 2.4196776704973852  0.50297415323339811 2.4149185159988815  0.50591799497099577 2.4103231272910248  0.50888516597942812 2.4058941041766793  0.51187523756853204 2.4016340490674661  0.51488777189805224 2.3975455673392494  0.51792232185020182 2.3936312676876081  0.52097843090222085 2.3898937624833203  0.5254980714817743 2.384667811398701  0.52694496290480053 2.38303958846162  0.52839689399765311 2.381450469316738  0.52985408482015084 2.3799007175688836  0.53131400031467524 2.3783931203199447  0.5327754094237207 2.3769289136520455  0.53423992108018425 2.3755064557504788  0.53570876903308495 2.3741245959948367  0.53717936012651557 2.372786084626286  0.55007233793599275 2.3614432780825765  0.56165217719209948 2.3539451355791563  0.57334426933130656 2.3490684946549303  0.58509965814511689 2.3468602400772669  0.59686894055498563 2.3473411586421578  0.60860268420901376 2.3505061147222261  0.62025184507864295 2.3563242258147397  0.63176818505534882 2.3647390380896276  0.64310468954733557 2.375668701937482  0.65838272089956473 2.3940076896101203  0.66251778812064033 2.3993478084373963  0.6666187966253061 2.405020840870276  0.67068338939525973 2.4110206182231559  0.67470924679082156 2.4173404647971712  0.67869409083370957 2.423973196423387  0.68263568948981412 2.4309111190060011  0.68653186095197238 2.4381460270655397  0.69038047792274415 2.4456692022820556  0.69750359162482156 2.4602983455750653  0.70078971879771834 2.4673389148307345  0.70403646845348733 2.4745869340598179  0.70724249013201013 2.4820359158803837  0.71040647074962737 2.4896790700131204  0.71352713747332652 2.4975093020203754  0.71660326059493096 2.5055192120451899  0.71963365640528698 2.5137010935503312  0.72261719006845326 2.5220469320573367  0.72683709843289102 2.5342677978103811  0.72811198101408081 2.5380161938592209  0.72938002238879562 2.5418009863060433  0.73062948406732175 2.5455865606782027  0.73188604637107346 2.549448789388407  0.73312155622988939 2.5533047170029022  0.73435524691740284 2.5572099382115994  0.7355784435330861 2.5611392591781623  0.73679362426747952 2.565099385228756  0.75610132564732679 2.6289304636176754  0.7723079775361017 2.695386374073423  0.78656344161276315 2.7673119717818278  0.7988270592740353 2.84369798548463  0.80907035259372839 2.9236410841688594  0.8172745949127872 3.0063213356847034  0.82342926308832154 3.0909844500794081  0.82753065209364496 3.1769267580353624  0.82957993266133445 3.2634808748006163  0.82957993266133445 3.3500000000000005 
 0 11 0.12499999999995701 9 0.13867187499995287 9 0.14540100097651673 9 0.15207755565638992 9 0.25806786119941383 9 0.28125324053695189 9 0.28686844959525848 9 0.30915381054541147 9 0.39550958422724503 9 0.41439990972014712 9 0.42354991113077106 9 0.43255694376935122 9 0.574417707826963 9 0.58106743114216619 9 0.5876132525305694 9 0.69070993939793501 9 0.71004056818556682 9 0.71910180042976835 9 0.78932635032232967 9 0.81566055653204572 9 0.8387029869655428 9 0.84878405028019799 9 1 11
8 3.5799999999999996 8.6199999999999992
1 2.6964108073155675 0 0 1 
8 3.5799999999999996 8.6199999999999992
1 2.4274146795599179 3.9999999999999996 0 -1 
1 0 8.1999999999999993 1 0 
2 6.2000000000000002 -1.7999999999999998 1 0 -0 1 4.1799999999999997
8 3.5799999999999996 8.6199999999999992
1 2.3048117741760374 0 0 1 
8 3.5799999999999996 8.6199999999999992
1 1.3036108003420788 -3.9999999999999996 0 1 
1 0 3.9999999999999996 1 0 
2 6.2000000000000002 -1.7999999999999998 1 0 -0 1 4.1799999999999997
7 0 0  7 44 8  0.82957993266133467 9.75  0.82957993266133467 9.8714914275385528  0.82533707533224687 9.9930218041503345  0.8168463831625421 10.112495609328946  0.80410996603407925 10.227713642666281  0.7871698329011827 10.33619350535232  0.76610928460154726 10.43502106470287  0.71782814194872813 10.600024452465082  0.6906191276540643 10.669787843554321  0.66010364169845204 10.723224826623404  0.62738148848056996 10.755991103192725  0.59368327056665893 10.765865123922946  0.56030881529953069 10.752690949967018  0.49677874812930328 10.684628619980533  0.46737326010383351 10.630746562499944  0.44082858645423839 10.560293158660343  0.41755657957691317 10.476448341886186  0.39787279925364277 10.382350959053786  0.38195542604586774 10.281111814459745  0.35566878652580147 10.053145161338612  0.34636838608973503 9.922603775996981  0.34214258982303442 9.7874764595434431  0.34314278945323939 9.6510184835724573  0.34938384368208203 9.5166000077889432  0.36071428922204413 9.3877825995388058  0.38957214033065668 9.1732409371618644  0.40557156675125006 9.0824541213247425  0.42475919834307913 8.9984567786720877  0.44696102664400189 8.9238161045859634  0.47190462978703601 8.8610698950498978  0.49923064925585992 8.8127445591926818  0.55799498442476692 8.7497879506157421  0.58891842786063175 8.736076585433608  0.62024156849943601 8.7421896615769068  0.65088484091532794 8.7682057837786918  0.67981398297953355 8.8125236013212458  0.70608830278582435 8.8718261133472875  0.75741390967997857 9.0261505224568541  0.78133376187265813 9.1279480860640163  0.80060118700213867 9.2416710552497889  0.81509577553318313 9.3636579068496548  0.82475557857456216 9.4908185972326642  0.82957993266133467 9.6204504865507943  0.82957993266133467 9.75 
 0 8 0.14879282305807096 6 0.28717621228861301 6 0.4249378392913401 6 0.58532778193949475 6 0.71280296906574625 6 0.84150363440711617 6 1 8
7 0 0  7 44 8  0 4.0586204552778744  0.12149142753855285 4.0586204552778744  0.2430215904364233 4.0628632514963803  0.36542532198090028 4.0713542417562962  0.48943679192521028 4.0836296981651525  0.61585042480966634 4.0987263523577342  0.74552457410808137 4.1151669719580397  1.0043842819569597 4.1459425305374253  1.135772634081782 4.1606767984528323  1.2708762329601804 4.1733089750682621  1.4081696559551911 4.1815224771275723  1.5465307345787691 4.1838781639329401  1.6849738564421901 4.1805129452703289  1.9586574016897227 4.164713660034189  2.0906178889484788 4.1525107715721532  2.2188728177967665 4.1374146430485297  2.3439068950829132 4.1212017639339047  2.466030649504638 4.1055828109632904  2.5853579074750468 4.0918828912747687  2.8373029090085784 4.0680980287185902  2.9714908763592156 4.0587308311631487  3.1050872031808794 4.054180021279489  3.2386784901787591 4.055242201934397  3.3727727869637856 4.0618607719401165  3.5078383004610547 4.0730223483319339  3.7526631628781764 4.0983106760301213  3.8638044723902332 4.1115521466213787  3.9774967034100968 4.1261005693272059  4.0937897189804584 4.1408283488659503  4.212872715596502 4.1543653968188208  4.3350905417785111 4.1653234230486929  4.5882436124347574 4.1799375189311654  4.7168751063225542 4.1833845805298262  4.8456723873559895 4.1819552035702099  4.9736963780221632 4.1754524855443336  5.099930795570347 4.1648752960753415  5.2230507784642564 4.1519862078808885  5.4856031451792617 4.121817773083543  5.6250795551196999 4.1038840986966836  5.7606329946362589 4.0870032124806404  5.8932905994094984 4.0731050907144208  6.0240042827505729 4.0634446864372631  6.1536357937303805 4.0586204552778744  6.2831853071795862 4.0586204552778744 
 0 8 0.14879282305807096 6 0.28717621228861301 6 0.4249378392913401 6 0.58532778193949475 6 0.71280296906574625 6 0.84150363440711617 6 1 8
7 0 0  10 209 24  0.82957993266133445 10.650000000000002  0.82957993266133445 10.721444977594615  0.82818257197504541 10.792902657890036  0.8253868408728412 10.864011120356832  0.82119261159549273 10.934398930848234  0.815601393705078 11.003680084846213  0.80861707013084838 11.071448232591456  0.80024661391004948 11.137270186097561  0.79050078562369885 11.200678708049157  0.7793948115273206 11.261164582584149  0.76558778637577873 11.324402713235498  0.76421050301202609 11.330595796378107  0.76281721910411249 11.336746484260038  0.76140796224228513 11.342854036389044  0.75998276080704075 11.34891770474627  0.75854164398786206 11.354936733624069  0.7570846418019529 11.360910359463853  0.75561178511297789 11.366837810693896  0.75412310564979512 11.372718307567192  0.75187815488183718 11.381421870821322  0.75113384859380106 11.384281114106146  0.75038572105045465 11.387128697887981  0.74963377619254101 11.389964527711308  0.74887801801295217 11.392788508625802  0.74811845055750559 11.395600545181289  0.74735507792572098 11.398400541422689  0.74658790427159683 11.401188400884966  0.74581693380438607 11.403964026588071  0.74427346061041466 11.409469027237884  0.74350092411748547 11.412198906485093  0.74272536108715026 11.414914176629827  0.74194395014565084 11.417624317994342  0.74116161900565203 11.420312469708733  0.74037540231001908 11.422988764964975  0.73958213836153841 11.425663825753144  0.73878654787055731 11.428321249673791  0.73798615258576317 11.430969490442591  0.72440982191478898 11.475461597065726  0.71057974664993195 11.51443832664649  0.69578088083265976 11.549701656064528  0.68012713747873532 11.580545141049779  0.66375089147762145 11.606387499269527  0.64679782975667077 11.626770558507548  0.62942262541107563 11.641358139216587  0.61178543579958422 11.649935871444296  0.59404922460597542 11.652411946132512  0.57251230732949643 11.648032800246281  0.5686498074132984 11.646956380833089  0.56479211990687239 11.645589884897209  0.56094095718798731 11.643933939760334  0.55709803065631136 11.641989459281961  0.55326504916670793 11.639757645422302  0.5494437174625314 11.637239989805208  0.54563573460892245 11.634438275281116  0.54184279242610567 11.631354577489951  0.53715202100388626 11.627176714525294  0.53623844899945816 11.626345761980437  0.5353258818192187 11.625498442462696  0.53441434333946947 11.624634790659801  0.53350385740222384 11.62375484227578  0.5325944478144411 11.622858634032728  0.53168613834725498 11.621946203672579  0.53077895273520537 11.621017589958887  0.52987291467546949 11.620072832678572  0.52537685752260477 11.615298559380346  0.52180571723738467 11.611233084651758  0.51829012704183697 11.606956392352004  0.5147455363185145 11.602382745593786  0.51131450140383095 11.59766577091068  0.50783243413025048 11.59263546555303  0.50443547691247659 11.587438628193922  0.50104723899494275 11.581998216846841  0.49769731523270755 11.576348792503806  0.48152430445311162 11.547775081704794  0.46916520348665547 11.521892298064511  0.45733653438791394 11.493073082868284  0.44606922352697226 11.46154885319622  0.43539098588658731 11.427548827638967  0.42532625003208713 11.391300326023559  0.41589608308127002 11.353029069139287  0.40711811567430384 11.312959478463503  0.39900646694362502 11.271314975887488  0.38994530753950973 11.218912756969903  0.38835132913236869 11.209442517793423  0.38678984199297023 11.199909892815976  0.3852609449927703 11.190317206177822  0.3837647280031149 11.180666779179598  0.38230127175422651 11.17096093020548  0.38087064769419143 11.161201974646394  0.37947291784794757 11.151392224823223  0.37810813467627136 11.141533989910011  0.37613125334122366 11.126832125300266  0.37549390569552049 11.122023840230426  0.37486430285745714 11.117204982700219  0.37424244915088078 11.112375814583032  0.37362834836008191 11.107536597569808  0.37302200372619598 11.10268759316576  0.37242341794360095 11.097829062687195  0.37183259315631867 11.092961267258195  0.37124953095441326 11.08808446780743  0.37010792282674387 11.078389718927699  0.36954913016042529 11.073571962720919  0.36899817491338271 11.068748828067331  0.36845366184606221 11.063908242511147  0.36791606647041897 11.059054324865022  0.36738612408311527 11.054193519851832  0.3668634673672847 11.049322753079112  0.36634749800686295 11.044436916982956  0.36583901713310446 11.039542987976931  0.35744160002880532 10.95738552208984  0.35133222280927445 10.877533755531887  0.34705351741497414 10.795751127812903  0.34464016592744251 10.712701555784864  0.34411535815927957 10.629052573390187  0.34548884043735234 10.545481376605943  0.34875521724463848 10.462678850247455  0.35389250572070863 10.381351576631335  0.36086094302084326 10.30222182609786  0.37001178576095861 10.222453827984742  0.3704254199616101 10.218888572073077  0.37084294310440602 10.2153298374424  0.37126434906602396 10.211777699942051  0.37168963163104685 10.208232235485529  0.37211878449185026 10.20469352004986  0.37255180124849285 10.201161629675035  0.37298867540860509 10.197636640463376  0.37342940038727823 10.194118628578952  0.37431159223413379 10.187151570638914  0.37475293732250314 10.183702318705045  0.37519805702767145 10.180259601391299  0.37564659025047148 10.176825965411263  0.37609950060141273 10.173394531710073  0.37655561419051081 10.169973905832739  0.37701473530239582 10.166565396084115  0.37747900426040326 10.163153391565199  0.3779467676843819 10.159750222594639  0.38584923880822691 10.102830440945448  0.39426189522658572 10.050666886251445  0.40364995707909535 10.000257983949627  0.41399698523125894 9.9519999956752017  0.42527782199179309 9.9062881276419379  0.43745947281038922 9.8635162426452929  0.4505017182767127 9.8240769797691065  0.46435745642064363 9.7883622817957843  0.47897277531375632 9.7567643303200082  0.49715812734546605 9.7245979932370936  0.50005406043406797 9.7196776704975232  0.50297415323331607 9.7149185159990274  0.5059179949709105 9.7103231272911721  0.50888516597933975 9.7058941041768207  0.51187523756844033 9.7016340490675983  0.5148877718979572 9.6975455673393771  0.51792232185010334 9.6936312676877332  0.52097843090211926 9.6898937624834467  0.52549807148166849 9.6846678113988212  0.52694496290500814 9.6830395884590921  0.52839689399761958 9.6814504693187189  0.52985408482056762 9.6799007175410221  0.53131400031548359 9.678393120275155  0.53277540942412993 9.6769289136347645  0.53423992108012386 9.6755064557614823  0.53570876903325626 9.6741245959918754  0.53717936012640699 9.6727860846263862  0.55007233793589272 9.6614432780826522  0.56165217719200977 9.6539451355791961  0.57334426933122384 9.6490684946549408  0.58509965814503617 9.6468602400772632  0.59686894055490447 9.6473411586421403  0.60860268420893293 9.6505061147222015  0.62025184507856757 9.6563242258147159  0.63176818505528431 9.6647390380895928  0.64310468954728495 9.6756687019374361  0.65838272089952499 9.6940076896100607  0.66251778812060402 9.6993478084373415  0.66661879662527235 9.7050208408702172  0.67068338939522743 9.7110206182230989  0.67470924679079025 9.7173404647971218  0.67869409083367904 9.7239731964233371  0.68263568948978404 9.730911119005949  0.68653186095194363 9.7381460270654827  0.69038047792271695 9.7456692022819968  0.69750359162479725 9.7602983455750199  0.7007897187976958 9.7673389148306988  0.7040364684534669 9.7745869340597906  0.70724249013199247 9.7820359158803623  0.71040647074961272 9.7896790700131042  0.71352713747331531 9.7975093020203659  0.71660326059492285 9.8055192120451817  0.71963365640528176 9.8137010935503248  0.72261719006845004 9.8220469320573329  0.72683709843288846 9.8342677978103747  0.72811198104500363 9.838016193913063  0.72938002203954966 9.8418009860324673  0.73062948438746389 9.8455865608993918  0.73188604541064706 9.8494487921707332  0.73312155659368727 9.8533047188539058  0.734355246546329 9.8572099374141544  0.73557844358310831 9.8611392590682954  0.73679362426747075 9.8650993852287279  0.75610132564731281 9.9289304636176219  0.77230797753618641 9.9953863740736306  0.78656344161269875 10.06731197178221  0.79882705927386688 10.143697985485627  0.80907035259364124 10.223641084170595  0.81727459491282894 10.306321335686432  0.8234292630883614 10.390984450080087  0.82753065209359189 10.476926758034988  0.82957993266133445 10.563480874800648  0.82957993266133445 10.650000000000002 
 0 11 0.1249999999996233 9 0.13867187499958983 9 0.14540100097615014 9 0.15207755565603012 9 0.25806786119925362 9 0.28125324053683781 9 0.28686844959515584 9 0.30915381054531987 9 0.39550958422718907 9 0.41439990972010121 9 0.42354991113073254 9 0.4325569437693273 9 0.57441770782718682 9 0.58106743114239001 9 0.58761325253079078 9 0.69070993939805747 9 0.71004056818566741 9 0.7191018004298485 9 0.78932635032240528 9 0.81566055653210123 9 0.83870298696558088 9 0.84878405028023118 9 1 11
1 3.4000000000000004 0 0 1 
1 0 0 1 0 
1 0 0 1 0 
1 0 0 1 0 
2 -2.2999999999999998 -0.59999999999999987 1 0 -0 1 2.8500000000000001
1 0 2.8999999999999999 1 0 
8 0.21211331047922885 0.34101254988156854
1 6.2831853071795862 2.8999999999999999 1 0 
1 0 3.6999999999999997 1 0 
2 6.2000000000000002 -1.7999999999999998 1 0 -0 1 6.2000000000000002
1 6.4952986176588148 3.3999999999999999 -1 -0 
2 0 0 0.97758819057930058 0.21052631578947364 0.21052631578947364 -0.97758819057930058 2.8500000000000001
8 -5.999999999062311e-07 3.4000005999999998
1 0.76295738510606026 0 0 1 
8 -5.999999999062311e-07 3.4000005999999998
1 5.7135639881066558 0 0 1 
8 0 3.3999999999999999
1 5.7135639881066558 0 0 1 
1 6.6241978570611542 0 -1 -0 
2 0 0 0.94241650998740234 0.33444150714760934 0.33444150714760934 -0.94241650998740234 2.8499999999999996
8 0.79999939999999992 4.2000005999999992
1 2.7869198031249733 0 0 1 
8 0.79999939999999992 4.2000005999999992
1 0.34101254988156759 -0.79999999999999982 0 1 
8 0.79999999999999982 3.6999999999999997
1 6.6241978570611542 -0.79999999999999982 0 1 
8 2.4799999999999995 3.4000005999999998
1 0.48612634315100678 2.8999999999999999 0 -1 
8 2.4799999999999995 3.4000005999999998
1 0.21211331047922877 0 0 1 
8 2.8999999999999999 3.3999999999999999
1 6.4952986176588148 0 0 1 
1 3.3199562355194363 0.79999999999999982 -1 -0 
2 8.5 -1.2 -0.98413534258689039 -0.17741935483870963 -0.17741935483870963 0.98413534258689039 6.2000000000000002
1 0 0 1 0 
1 0 0 1 0 
1 -2.4000000000000004 -2.2999999999999998 1 0 
1 0 0 1 0 
1 4.8000000000000007 0 0 1 
1 2.4000000000000004 -2.2999999999999998 0 1 
1 0 0 0 1 
1 4.8000000000000007 0 0 -1 
1 0 0 1 0 
1 0 -10 1 0 
1 -2.7000000000000011 -1.7999999999999996 1 0 
8 -5.999999999062311e-07 11.6000006
1 3.3199562355194359 0 0 1 
8 -5.999999999062311e-07 11.6000006
1 4.7983608759612801 0.79999999999999982 0 -1 
1 0 1 1 0 
1 0 0 1 0 
1 0 1 1 0 
1 0 1.7999999999999998 1 0 
2 -0.30000000000000071 0.5 1 0 -0 1 1.6000000000000001
2 -0.30000000000000071 0.5 1 0 -0 1 1.5999999999999996
1 0 1.7999999999999998 1 0 
2 -0.30000000000000071 0.5 1 0 -0 1 1.6000000000000001
2 -0.30000000000000071 0.5 1 0 -0 1 1.5999999999999996
1 0 0 1 0 
1 0 0 1 0 
1 0 0 1 0 
1 0 10.800000000000001 1 0 
2 10.9 1.0999999999999996 1 0 -0 1 6.2000000000000002
2 8.1999999999999993 -0.69999999999999996 1 0 -0 1 6.2000000000000002
1 2.2090536506409455 10 -1 0 
1 2.0999999999999996 0.4090536506409459 0 -1 
1 0 10.800000000000001 1 0 
2 8.1999999999999993 -0.69999999999999996 1 0 -0 1 6.2000000000000002
2 8.1999999999999993 -0.69999999999999996 1 0 -0 1 6.2000000000000002
1 6.2831853071795862 -0 0 1 
1 0 -0 0 1 
1 0 2.7999999999999998 1 0 
2 -0.30000000000000071 0.5 1 0 -0 1 1.6000000000000001
8 1.7000000000000002 2.8999999999999995
1 5.9653616032517052 0 0 1 
8 1.7000000000000002 2.8999999999999995
1 1.219868415357066 1.7999999999999998 0 -1 
1 0 0 1 0 
2 0 0 1 0 -0 1 1.6000000000000001
8 1.7000000000000002 2.8999999999999995
1 0.31782370392788067 0 0 1 
8 1.7000000000000002 2.8999999999999995
1 1.219868415357066 1.7999999999999998 0 -1 
1 0 2.7999999999999998 1 0 
2 -0.30000000000000071 0.5 1 0 -0 1 1.6000000000000001
1 0 3.1000000000000001 1 0 
2 0 0 1 0 -0 1 1.6000000000000001
2 0 0 1 0 -0 1 1.25
1 0 3.3000000000000007 1 0 
1 0 3.3000000000000007 1 0 
2 0 0 1 0 -0 1 1.25
1 0 0.20000000000000018 1 0 
1 0 0.20000000000000018 1 0 
1 0 3.3000000000000007 -0 -1 
1 6.2831853071795862 3.3000000000000007 -0 -1 
1 0 -1 1 0 
1 0 1 1 0 
2 8.1999999999999993 -0.69999999999999996 1 0 -0 1 6.0999999999999996
1 0 0.20000000000000018 1 0 
1 0 -1 1 0 
1 0 0 1 0 
8 -1.0590536506409465 1.1499999999999999
1 1.1499999999999999 3.3999999999999999 -1 0 
8 -1.0590536506409465 1.1499999999999999
1 2.4000000000000004 -1.1499999999999999 0 -1 
8 -5.999999999062311e-07 11.6000006
1 2.9617450662921239 0 0 1 
8 -5.999999999062311e-07 11.6000006
1 2.2090536506409464 -0.79999999999999982 0 1 
8 1.4170412103234691 1.6999999999999997
1 -1.1499999999999995 -0.5 1 0 
8 1.4170412103234691 1.6999999999999997
1 1.1500000000000004 0.59999999999999987 1 0 
1 0 4.1999999999999993 1 0 
2 8.5 -1.2 1 0 -0 1 6.2000000000000002
1 3.4000000000000004 0 0 1 
1 0 4.2000000000000002 1 0 
8 3.2799999999999998 8.3200000000000003
1 2.0393685943189706 0 0 1 
8 3.2799999999999998 8.3200000000000003
1 3.7317266743757331 -3.6999999999999997 0 1 
1 0 7.9000000000000004 1 0 
2 6.2000000000000002 -1.7999999999999998 1 0 -0 1 6.2000000000000002
1 0 0 1 0 
1 0 -4.2000000000000002 1 0 
8 3.2799999999999998 8.3200000000000003
1 2.8470287331394979 0 0 1 
8 3.2799999999999998 8.3200000000000003
1 0.26704121032346961 3.6999999999999997 0 -1 
8 -5.999999999062311e-07 1.4000005999999994
1 12.418677324489565 -12.800000000000001 0 -1 
8 -5.999999999062311e-07 1.4000005999999994
1 1.1630902466344004 0 0 1 
1 1.1630902466344004 0 0 1 
8 -5.999999999062311e-07 11.6000006
1 12.660826939130015 -1.2000000000000002 0 -1 
8 -5.999999999062311e-07 11.6000006
1 1.1272275136791228 0 0 1 
8 4 26
1 4 -10.5 1 0 
8 4 26
1 -4 3.0999999999999996 1 0 
8 -5.999999999062311e-07 1.9000005999999994
1 14.819091007926627 -9.6999999999999993 0 -1 
8 -5.999999999062311e-07 1.9000005999999994
1 3.2369753125980023 0 0 1 
8 0.79999999999999982 1.8999999999999995
1 9.5201606197775881 0 0 1 
8 5.2999999999999998 13.699999999999999
1 9.5 -11.6 1 0 
8 5.2999999999999998 13.699999999999999
1 -9.5 -0.40000000000000036 1 0 
8 -5.999999999062311e-07 14.4000006
1 16.857011432601659 0.20000000000000018 0 -1 
8 -5.999999999062311e-07 14.4000006
1 3.3261243883841227 0 0 1 
8 6.8799999999999999 7.3570114326016594
1 9.5 -12 1 0 
8 6.8799999999999999 7.3570114326016594
1 -9.5 -0.40000000000000036 1 0 
8 -5.999999999062311e-07 1.2000006000000001
1 16.410714384236456 -12 0 -1 
8 -5.999999999062311e-07 1.2000006000000001
1 3.2948638137419306 0 0 1 
8 6.8799999999999999 7.3570114326016594
1 9.5 -13.199999999999999 1 0 
8 6.8799999999999999 7.3570114326016594
1 -9.5 -0.40000000000000036 1 0 
2 0 0 1 0 -0 1 2.1800000000000002
1 0 2.1999999999999993 1 0 
1 0 11.800000000000001 1 0 
8 6.115897920836483 10.81665442639197
1 1.2532358975033744 -2.7755575615628914e-17 0 1 
8 6.115897920836483 10.81665442639197
1 -9.1732050807568886 -5.740192378864668 0.83205029433784372 0.55470019622522915 
1 0 1.8999999999999999 1 0 
2 0 0 1 0 -0 1 4.2000000000000002
8 3.2369753125980028 3.6551813850181034
1 6.2831853071795862 1.8999999999999999 1 0 
7 0 0  6 87 18  0 8.8795425750695234  0.084930509031451662 8.8795425750695234  0.16970981033163099 8.8750742948812178  0.25457040018061383 8.8661665954280124  0.33970031579209492 8.853235092439629  0.42526009607370863 8.837075516899624  0.55891484756525189 8.808528518077388  0.60672297623896532 8.7976701109895661  0.65479735033078645 8.7862779249881573  0.70319705952590672 8.7745252441062593  0.75198173105033062 8.7625975011145307  0.84903839272808412 8.7391198320315997  0.89731180975449731 8.7275623825289035  0.94605822769299763 8.7162020743153921  0.99530753490286683 8.705231691164192  1.0450964770364379 8.6948445132000796  1.1371343223836179 8.6772741133280444  1.179207428524611 8.6698457588744233  1.2216471433616931 8.6630626362964893  1.2644219076603314 8.6570336955998659  1.3075075740263447 8.6518530249888048  1.439359713676934 8.6389119452367673  1.528980623070946 8.6340759170621659  1.6189780640971168 8.6337739870795733  1.7087503026148041 8.6381745391360329  1.797682958865007 8.6467811735909681  1.9435867245694816 8.6666515611707151  2.0015044951206762 8.6761211143073638  2.0587357610667807 8.6868360269364615  2.1152922017278328 8.6985206289047436  2.1711663435024673 8.7108796499463708  2.2957757232699083 8.7396487715748918  2.3641833675673167 8.7562998498448508  2.4317271175868291 8.7730338501150786  2.4985638697938923 8.7893349938507708  2.5648447460453885 8.8047266055502078  2.6726028067906724 8.8277308907765413  2.7143245625169565 8.8361360618409055  2.7559183953077699 8.8438960730178398  2.7974106447300513 8.8509112159360317  2.838830289047491 8.8570959559253737  2.9238529238315558 8.8679567845746448  2.9674492541304169 8.8725315774766571  3.0110076277868738 8.8760217242176243  3.054540453256243 8.8783688446441555  3.098062919302953 8.8795425750695216  3.2265231626213242 8.8795425750695216  3.3113024639214488 8.8750742948812125  3.3961630537702945 8.8661665954280107  3.4812929693819128 8.8532350924396379  3.5668527496635174 8.8370755168996187  3.7005075011550832 8.8085285180773791  3.7483156298287299 8.7976701109895714  3.7963900039205822 8.7862779249881555  3.8447897131157287 8.7745252441062522  3.8935743846400768 8.7625975011145396  3.9906310463178887 8.7391198320315944  4.0389044633442523 8.7275623825289106  4.0876508812827801 8.7162020743153938  4.1369001884926861 8.7052316911641885  4.1866891306262275 8.6948445132000796  4.27872697598273 8.6772741133262627  4.3208000821108223 8.6698457588754696  4.3632397969406238 8.6630626362980401  4.4060145612474138 8.6570336955997362  4.4491002276272953 8.6518530249877106  4.580952367616157 8.6389119452024712  4.670573276452699 8.6340759171167942  4.7605707172085321 8.6337739870627725  4.8503429561288005 8.6381745390710822  4.9392756130948978 8.6467811736781446  5.0851793781592418 8.6666515611707151  5.1430971487104813 8.6761211143073638  5.2003284146565578 8.686836026936458  5.2568848553175993 8.6985206289047419  5.3127589970923053 8.7108796499463796  5.4373683768597028 8.7396487715748918  5.5057760211571001 8.7562998498448561  5.5733197711766111 8.7730338501150822  5.6401565233836832 8.7893349938507672  5.7064373996351891 8.8047266055502096  5.8582958619484184 8.8371454831443756  5.9437799156050692 8.8532798665735921  6.0288355256893151 8.8661897641013798  6.1136226516270025 8.8750820668266766  6.1983286996049598 8.8795425750695234  6.2831853071795862 8.8795425750695234 
 0 7 0.085809002207110768 5 0.13327794244902288 5 0.17938897416144511 5 0.21752882502349175 5 0.29532114988183622 5 0.34758326147175167 5 0.41338138832532723 5 0.45520041917391785 5 0.49930804039798055 5 0.58536605991275059 5 0.63297275478875326 5 0.6792176004912801 5 0.71746813302386314 5 0.79548621117681051 5 0.84789998777737163 5 0.9138890612519136 5 1 7
7 0 0  6 87 18  3.2530460501275384 10.85  3.2530460501275384 10.934930509031451  3.2575143001049218 11.019710003472667  3.266422144800877 11.103466991213786  3.2796433277988633 11.185310445405333  3.2969516778397177 11.264275707959948  3.3296851797977478 11.380836473083937  3.3425096722763534 11.421199520322126  3.3564628906196177 11.460273296051829  3.3715072169380598 11.497908782692649  3.3876052065969997 11.533943820622277  3.4213454811177297 11.601479257649151  3.438939733206368 11.633098461109249  3.4574589104156548 11.662869104324086  3.476857077683396 11.690598818102449  3.4970869410095173 11.716091037962451  3.53548134470222 11.758210242601066  3.5534019785912085 11.775611884908116  3.5718073600746068 11.791201480217582  3.5906409767831757 11.804851913985834  3.6098452158972356 11.816454304308678  3.6691689871458415 11.845216957437128  3.7102456611190884 11.855600082258539  3.7518185601497636 11.85618043393961  3.7931139998761463 11.846814550670894  3.8333628973511753 11.828025243125266  3.8976648222985091 11.782938499979283  3.9227138827438424 11.761117671672237  3.9468700169625799 11.735876957024628  3.9700328742003363 11.707514721264815  3.9921058498644917 11.676349410901638  4.0393008028230613 11.600389966557431  4.0637658298571049 11.554102173705616  4.0862959806986208 11.504377546492066  4.1067910013142521 11.451674796606746  4.1251498982063124 11.396403135850624  4.1515212037650944 11.302403346598801  4.1608679640873953 11.264979739526645  4.1692836760298695 11.226768332540539  4.1767410571284964 11.187872450833495  4.1832159531321631 11.148390672542027  4.1944586578623237 11.066255964759293  4.1991133925424533 11.023549760252079  4.2026237172628962 10.980436599135921  4.2049706759957379 10.93705217714249  4.2061444641471804 10.893529734286838  4.2061444641471812 10.765069490968468  4.2016762141698072 10.680289996527366  4.1927683694738231 10.596533008786219  4.1795471864758751 10.514689554594696  4.1622388364349989 10.435724292040039  4.1295053344769626 10.31916352691603  4.1166808419983774 10.278800479677903  4.1027276236550998 10.239726703948172  4.0876832973366506 10.20209121730732  4.0715853076777364 10.166056179377753  4.0378450331569864 10.098520742350841  4.0202507810683645 10.06690153889077  4.0017316038590698 10.03713089567592  3.9823334365913152 10.009401181897539  3.9621035732652046 9.9839089620375514  3.9237091695686126 9.9417897573946679  3.9057885356848794 9.92438811509445  3.8873831542048376 9.9087985197860231  3.8685495374929117 9.8951480860137266  3.8493452983724636 9.8835456956888894  3.7900215269716604 9.8547830424866465  3.7489448532428291 9.8443999178604589  3.7073719543583015 9.8438195660300902  3.6660765144169845 9.8531854491766389  3.6258276166414443 9.8719747570725342  3.5615256919762253 9.9170615000207061  3.5364766315308755 9.9388823283277716  3.5123204973121456 9.9641230429753591  3.4891576400743918 9.9924852787351686  3.4670846644102116 10.023650589098386  3.4198897114516562 10.099610033442572  3.3954246844176166 10.145897826294386  3.3728945335761025 10.195622453507925  3.3523995129604711 10.248325203393245  3.3340406160684064 10.30359686414938  3.2968767520971034 10.436066429347772  3.2795975468945473 10.514973097677453  3.2663989755167142 10.596750748332463  3.2575065283289204 10.680437152274807  3.2530460501275384 10.765143392425372  3.2530460501275384 10.85 
 0 7 0.085809002207110768 5 0.13327794244902288 5 0.17938897416144511 5 0.21752882502349175 5 0.29532114988183622 5 0.34758326147175167 5 0.41338138832532723 5 0.45520041917391785 5 0.49930804039798055 5 0.58536605991275059 5 0.63297275478875326 5 0.6792176004912801 5 0.71746813302386314 5 0.79548621117681051 5 0.84789998777737163 5 0.9138890612519136 5 1 7
8 6.115897920836483 10.81665442639197
1 1.8883567560864187 2.7755575615628914e-17 0 1 
8 6.115897920836483 10.81665442639197
1 -8.8267949192431114 -6.259807621135332 0.83205029433784372 0.55470019622522915 
7 0 0  5 26 7  1.8883548345429553 6.6282769164183231  1.9655762305479723 6.6337460123374319  2.0415657327823213 6.6405693912045676  2.1163349221390106 6.6483937438140464  2.1898418488653411 6.6567750882236965  2.3466741620462304 6.6753298299331876  2.4295915397610819 6.685575284133396  2.5110218273836606 6.6954471313317283  2.5911986636785169 6.7044517343520207  2.7664952633508166 6.7217280590838886  2.8611994896893038 6.7294345215963762  2.9549809331379651 6.7347703800438499  3.0482828785593283 6.7374382155177388  3.2349024250445857 6.7374382155177388  3.3282043831318844 6.7347703797200333  3.4219858082949339 6.7294345222036416  3.5166900475384861 6.7217280587182771  3.6919866435010649 6.7044517343520198  3.7721634797959425 6.6954471313317265  3.8535937674184928 6.685575284133396  3.9365111451333576 6.6753298299331876  4.0933434583142407 6.6567750882236973  4.1668503850405774 6.6483937438140517  4.2416195743972391 6.6405693912045622  4.3176090766316246 6.6337460123374328  4.394830472636631 6.6282769164183248 
 0 6 0.13880093514670916 4 0.3019001938519692 4 0.50000000375555698 4 0.6980998060678717 4 0.8611990648164416 4 1 6
7 0 0  5 26 7  3.8040086934154909 1.9000005999999998  3.8215239204627305 1.8758883677908567  3.8382324988929613 1.8450794985573074  3.8539616370051499 1.8083222228694633  3.8685685550990083 1.7664746114131897  3.8976775030016535 1.6665059326239111  3.9117370412628145 1.6067387617063951  3.9240608689816598 1.5424011233771173  3.9346086570887708 1.4745182030209476  3.9539983296252381 1.3183277890448923  3.9619961393594281 1.2287005531264608  3.9673315160993408 1.1366118099578162  3.9699994739066202 1.0433097750304652  3.9699994739066202 0.8566902285452076  3.9673315157417712 0.76338818127107144  3.9619961400347381 0.67129945543691849  3.9539983292149037 0.58167220764972616  3.9346086570887713 0.42548179697905647  3.9240608689816576 0.35759887662286688  3.9117370412628163 0.2932612382936145  3.8976775030016531 0.23349406737608788  3.8685685550990092 0.13352538858681354  3.8539616370051499 0.091677777130537222  3.8382324988929657 0.054920501442700907  3.8215239204627283 0.024111632209140112  3.8040086934154913 -5.9999999999999997e-07 
 0 6 0.13880093514670916 4 0.3019001938519692 4 0.50000000375555698 4 0.6980998060678717 4 0.8611990648164416 4 1 6
8 6.9077247393015675e-07 0.99999930922753433
7 0 0  5 26 7  3.8040086934154909 1.9000005999999998  3.8215239204627305 1.8758883677908567  3.8382324988929613 1.8450794985573074  3.8539616370051499 1.8083222228694633  3.8685685550990083 1.7664746114131897  3.8976775030016535 1.6665059326239111  3.9117370412628145 1.6067387617063951  3.9240608689816598 1.5424011233771173  3.9346086570887708 1.4745182030209476  3.9539983296252381 1.3183277890448923  3.9619961393594281 1.2287005531264608  3.9673315160993408 1.1366118099578162  3.9699994739066202 1.0433097750304652  3.9699994739066202 0.8566902285452076  3.9673315157417712 0.76338818127107144  3.9619961400347381 0.67129945543691849  3.9539983292149037 0.58167220764972616  3.9346086570887713 0.42548179697905647  3.9240608689816576 0.35759887662286688  3.9117370412628163 0.2932612382936145  3.8976775030016531 0.23349406737608788  3.8685685550990092 0.13352538858681354  3.8539616370051499 0.091677777130537222  3.8382324988929657 0.054920501442700907  3.8215239204627283 0.024111632209140112  3.8040086934154913 -5.9999999999999997e-07 
 0 6 0.13880093514670916 4 0.3019001938519692 4 0.50000000375555698 4 0.6980998060678717 4 0.8611990648164416 4 1 6
8 6.1158979208364821 10.81665442639197
1 4.3948285510931679 2.7755575615628914e-17 0 1 
8 6.1158979208364821 10.81665442639197
1 -8.8267949192431114 -6.259807621135332 0.83205029433784372 0.55470019622522915 
8 6.115897920836483 10.81665442639197
1 5.0299494096762114 -2.7755575615628914e-17 0 1 
8 6.115897920836483 10.81665442639197
1 -9.1732050807568886 -5.740192378864668 0.83205029433784372 0.55470019622522915 
7 0 0  7 14 3  5.0299474881327493 6.6282769164183239  5.0851056281363247 6.6321834135034035  5.1396771520586508 6.636734807230396  5.1936653687262728 6.6418301521119689  5.2470659397306605 6.6473555494127163  5.2998647688578027 6.6531901949405654  5.3520358915177999 6.65921242683818  5.5376682789433671 6.6811744889396607  5.6673467491533467 6.697534901331534  5.7937622358692256 6.7125565263178402  5.9177732882509764 6.7247698106026217  6.0401746475514226 6.7332172916093747  6.1617003526471805 6.7374382155177397  6.2831853071795862 6.7374382155177397 
 0 8 0.27744874356743854 6 1 8
7 0 0  7 14 3  3.6551818208592302 -6.0000000000000008e-07  3.6426709443969187 0.017222423006527841  3.6305441863236534 0.037634320786591  3.6188509156968798 0.061021313177288317  3.6076362141453586 0.08715392857062286  3.5969403457637772 0.11578659116179561  3.5867982270073591 0.14665720819749936  3.5523438254556705 0.26498374521687951  3.5313865733736778 0.36381587610578181  3.5145310358776007 0.47229864051502612  3.5018592071444075 0.58751722875542434  3.4934120256093184 0.70698912551135773  3.4891910403681017 0.82851504546759402  3.4891910403681017 0.94999999999999962 
 0 8 0.27744874356743854 6 1 8
8 1.3807828640878308e-06 1
7 0 0  7 14 3  9.9383671280388164 -6.0000000000000008e-07  9.925856251576505 0.017222423006527841  9.9137294935032401 0.037634320786591  9.9020362228764665 0.061021313177288317  9.8908215213249449 0.08715392857062286  9.880125652943363 0.11578659116179561  9.8699835341869449 0.14665720819749936  9.8355291326352567 0.26498374521687951  9.8145718805532631 0.36381587610578181  9.7977163430571874 0.47229864051502612  9.7850445143239941 0.58751722875542434  9.7765973327889046 0.70698912551135773  9.7723763475476879 0.82851504546759402  9.7723763475476879 0.94999999999999962 
 0 8 0.27744874356743854 6 1 8
1 6.2831853071795862 -0 0 1 
1 0 -0 0 1 
7 0 0  7 44 8  0.75000055811869348 9.4499999999999993  0.75000055811869348 9.5710802849842693  0.74720529392390822 9.6922777442543477  0.74160489476474001 9.8115638759772423  0.7331778938083251 9.9267794474391895  0.72191483450270599 10.035450425218505  0.70782843809465923 10.134630140337279  0.6754104153694519 10.30002387516835  0.65715409016633985 10.369757580659909  0.63662988424374412 10.423212978204182  0.61456548758190366 10.4560055421755  0.59182281394353453 10.465872200098747  0.56931596847058985 10.452678487771061  0.52649987323630687 10.38457485080191  0.50668763292924057 10.330570483758903  0.48885305480054386 10.259944086402948  0.47328042810267629 10.175948677318344  0.46015995421697881 10.081798117456943  0.44958841504400116 9.9806913873814  0.43209489046066107 9.7526702060978252  0.42593847352644193 9.6219003276706552  0.42318564434925876 9.4870139410317353  0.423862476848964 9.3512537455293678  0.42794273383333475 9.2175843130439628  0.43538718776362512 9.0888318453853607  0.45466823315533972 8.8735677979125693  0.46531106510172199 8.7828803052131992  0.47811678029186944 8.6988341049632716  0.49298815614426578 8.6240725563054372  0.50975139699118377 8.5611990644515892  0.52815986698614703 8.5127847493416446  0.56775989775544622 8.4497966112425829  0.58861032383194034 8.4360746888901179  0.60974490561124073 8.4421800543187349  0.63040827094270047 8.4682074283313788  0.64987723996207603 8.512531103317043  0.667523841440262 8.5718111547755598  0.7020321814346201 8.7265560375331024  0.71804743874140109 8.8287560332497179  0.73086509712422898 8.942714953035944  0.74045566434895038 9.0647219231172631  0.74682462670000849 9.1916851864738618  0.75000055811869348 9.3209382215281273  0.75000055811869348 9.4499999999999993 
 0 8 0.14920262923906913 6 0.28733452094529593 6 0.42511387963653036 6 0.5867910505362296 6 0.71373296375092821 6 0.84169597216635605 6 1 8
7 0 0  7 44 8  0 6.11882341631134  0.12108028498426995 6.11882341631134  0.24227748529676313 6.1216186138287592  0.36446411855003469 6.1272193525076792  0.4884005955847468 6.1353443081203958  0.61491709435890929 6.1453980501719672  0.74491128629357095 6.1564159749588301  1.0043833762854759 6.1770800003440955  1.135724825901832 6.1869689787489257  1.2708274439884408 6.1954770633209186  1.4081557109904583 6.2010326555112822  1.546564847553906 6.2026168915787707  1.6850239678323196 6.2003411257463146  1.9588736114408902 6.1896931958536623  2.0910588979526965 6.1814621335646107  2.2194859837217504 6.171295564869423  2.3446135280033809 6.1604248838702498  2.4666998847532855 6.1500040417023722  2.5858225565780981 6.1409022007127421  2.8378278217413402 6.1250735864267565  2.9721891770341706 6.1188647742876823  3.105510429611388 6.115898520836482  3.2384629476222768 6.116625344418213  3.3718587284669232 6.1209353524821264  3.5066409504117511 6.1282943100335157  3.7522901647507489 6.1451904189085038  3.8632662283743584 6.1540016348773161  3.9769391067952689 6.1637205527376837  4.0933124522960957 6.1736026392445478  4.2125388183431953 6.1827173948774989  4.3349289342864585 6.1901060195120028  4.5882087874286439 6.1999541466957444  4.7168424078557134 6.2022828420939042  4.8456639583437298 6.2013228905028583  4.9737045538690143 6.1969274207769072  5.0999339555339107 6.1898004221436498  5.2230253294219926 6.181141731951878  5.4862930486340824 6.1608582386221  5.626132496892196 6.1488223379500537  5.761810675764913 6.1375689756219343  5.8943942993449205 6.1283688241420355  6.0248709466956987 6.1219992219934225  6.1541235287077143 6.11882341631134  6.2831853071795862 6.11882341631134 
 0 8 0.14920262923906913 6 0.28733452094529593 6 0.42511387963653036 6 0.5867910505362296 6 0.71373296375092821 6 0.84169597216635605 6 1 8
7 0 0  7 14 3  0 6.7374382155177397  0.12148495453233264 6.7374382155177397  0.24301065962838669 6.7332172916093809  0.36541201892827802 6.7247698106026066  0.48942307131066487 6.7125565263178526  0.61583855802609178 6.6975349013315313  0.74551702823624433 6.6811744889396589  0.93114941566179177 6.6592124268381809  0.98332053832178501 6.6531901949405636  1.0361193674489264 6.6473555494127163  1.0895199384533147 6.6418301521119698  1.143508155120939 6.6367348072303951  1.1980796790432673 6.632183413503399  1.2532378190468396 6.6282769164183231 
 0 8 0.7225512564325236 6 1 8
7 0 0  7 14 3  3.4891910403681017 0.94999999999999962  3.4891910403681017 1.0714849545323322  3.4934120256093193 1.1930108744888157  3.5018592071444021 1.3124827712443694  3.5145310358776141 1.4277013594851424  3.5313865733736649 1.5361841238941354  3.5523438254556754 1.6350162547831362  3.58679822700736 1.7533427918025031  3.5969403457637772 1.7842134088382047  3.6076362141453586 1.812846071429377  3.6188509156968811 1.8389786868227134  3.6305441863236547 1.8623656792134111  3.6426709443969192 1.8827775769934725  3.6551818208592306 1.9000006 
 0 8 0.7225512564325236 6 1 8
8 0 0.99999861921711641
7 0 0  7 14 3  9.7723763475476879 0.94999999999999962  9.7723763475476879 1.0714849545323322  9.7765973327889064 1.1930108744888157  9.7850445143239888 1.3124827712443694  9.7977163430571999 1.4277013594851424  9.8145718805532507 1.5361841238941354  9.8355291326352621 1.6350162547831362  9.8699835341869466 1.7533427918025031  9.880125652943363 1.7842134088382047  9.8908215213249449 1.812846071429377  9.9020362228764682 1.8389786868227134  9.9137294935032401 1.8623656792134111  9.925856251576505 1.8827775769934725  9.9383671280388164 1.9000006 
 0 8 0.7225512564325236 6 1 8
1 3.8040091292566118 0 1 0 
2 0 0 -0.78850834446428608 -0.61502405701743967 0.61502405701743967 -0.78850834446428608 4.2000000000000002
2 0 0 1 0 -0 1 2.1800000000000002
1 0 0.29999999999999982 1 0 
1 0 9.9000000000000004 1 0 
1 0 9.9000000000000004 1 0 
8 3.8040091292566172 6.1878026481713766
1 0 1.8999999999999999 1 0 
1 0 11.800000000000001 1 0 
1 50 0 0 -1 
1 19.199999999999999 0 0 1 
1 50 -0.67639905862550442 -1 0 
1 24.432517857677961 -50.200000000000003 9.2497190211235084e-17 1 
8 0.011678870350604775 1.8000005999999997
1 22.174901573277509 0.59999999999999964 0 -1 
8 0.011678870350604775 1.8000005999999997
1 6.1578574760115208 0 0 1 
8 1.2763990586255041 1.7999999999999998
1 6.1578574760115208 0 0 1 
8 11.642988567398341 12.699999999999999
1 9.5 -1.2000000000000002 1 0 
8 11.642988567398341 12.699999999999999
1 -9.5 -0.40000000000000036 1 0 
8 -5.999999999062311e-07 14.4000006
1 21.142988567398341 0.20000000000000018 0 -1 
8 -5.999999999062311e-07 14.4000006
1 6.0986535723852562 0 0 1 
8 5.2999999999999998 13.699999999999999
1 9.5 -2.4000000000000004 1 0 
8 5.2999999999999998 13.699999999999999
1 -9.5 -0.40000000000000036 1 0 
8 -5.999999999062311e-07 1.9000005999999998
1 23.180908992073373 -2.4000000000000004 0 -1 
8 -5.999999999062311e-07 1.9000005999999998
1 6.1878026481713766 0 0 1 
8 0 1.0999999999999996
1 6.1878026481713766 0 0 1 
8 4 26
1 4 -3.5 1 0 
8 4 26
1 -4 3.0999999999999996 1 0 
8 -8.75 -1.75
1 30 -1.75 0 1 
8 -8.75 -1.75
1 3.0999999999999996 -1.75 0 -1 
8 -5.999999999062311e-07 1.9000005999999994
1 23.180908992073373 -9.6999999999999993 0 -1 
8 -5.999999999062311e-07 1.9000005999999994
1 6.1878026481713766 0 0 1 
8 0.79999999999999982 1.8999999999999995
1 6.1878026481713766 0 0 1 
8 11.642988567398341 12.120000000000001
1 9.5 -12 1 0 
8 11.642988567398341 12.120000000000001
1 -9.5 -0.40000000000000036 1 0 
8 -5.999999999062311e-07 1.2000006000000001
1 21.589285615763544 -12 0 -1 
8 -5.999999999062311e-07 1.2000006000000001
1 6.1299141470274492 0 0 1 
8 0 1.2000000000000002
1 6.1299141470274492 0 0 1 
8 11.642988567398341 12.120000000000001
1 9.5 -13.199999999999999 1 0 
8 11.642988567398341 12.120000000000001
1 -9.5 -0.40000000000000036 1 0 
8 13.4 13.523600941374497
1 6.0986535723852562 0 0 1 
1 50 -13.323600941374496 -1 0 
1 41.817482142322042 -50.200000000000003 -2.9729844892105511e-17 1 
8 -33.125 -5.6901812191328007
1 31.996292995825389 8.5733808690209994 0.96592582628906831 0.25881904510252074 
8 -33.125 -5.6901812191328007
1 33.125 -336.40600000000001 -1 0 
1 33.125 -388.40600000000001 -1 0 
8 0.19999940000000294 336.40600060000003
1 0.26179938779914941 0 0 1 
8 0.19999940000000294 336.40600060000003
1 42.250000000000007 0 0 -1 
8 30.200000000000003 336.40600000000001
1 6.5449846949787354 0 0 1 
1 42.250000000000007 -52 0 -1 
8 -33.125 -5.6901812191328007
1 31.996292995825389 8.5733808690209994 0.96592582628906831 0.25881904510252074 
8 -33.125 -5.6901812191328007
1 33.125 -57.200000000000003 -1 0 
1 33.125 -82.200000000000003 -1 0 
8 0.19999939999999938 57.20000060000001
1 0.26179938779914941 0 0 1 
8 0.19999939999999938 57.20000060000001
1 44.050000000000004 0 0 -1 
8 42.200000000000003 57.200000000000003
1 6.5449846949787354 0 0 1 
1 44.050000000000004 -25 0 -1 
8 -33.125 -5.6901812191328007
1 31.996292995825389 8.5733808690209994 0.96592582628906831 0.25881904510252074 
8 -33.125 -5.6901812191328007
1 33.125 -67.200000000000003 -1 0 
1 33.125 -67.200000000000003 -1 0 
8 0.19999939999999938 67.20000060000001
1 0.26179938779914941 0 0 1 
8 0.19999939999999938 67.20000060000001
1 47.450000000000003 0 0 -1 
8 50.200000000000003 67.200000000000003
1 6.5449846949787354 0 0 1 
1 47.450000000000003 0 0 -1 
1 47.450000000000003 -50.200000000000003 -1 0 
3 41.403371670158009 -19.199999999999999 -1 0 -0 -1 2.2569020732939813 2.1800000000000002
7 0 0  5 6 2  6.2831853071795862 13.630780618346945  6.2274479537720833 13.598222800489285  6.1717106003645767 13.565664981606204  6.11597324695708 13.53331788848962  6.0602358935495744 13.501392222779554  6.0044985401420714 13.470090565990265 
 1.5707963267948966 6 1.8494830938324112 6
8 1.5707963267948966 1.7553280615892246
7 0 0  5 6 2  6.2831853071795862 13.630780618346945  6.2274479537720833 13.598222800489285  6.1717106003645767 13.565664981606204  6.11597324695708 13.53331788848962  6.0602358935495744 13.501392222779554  6.0044985401420714 13.470090565990265 
 1.5707963267948966 6 1.8494830938324112 6
3 41.403371670158009 -19.199999999999999 -1 0 -0 -1 2.2569020732939808 2.1799999999999997
3 41.403371670158009 -19.199999999999999 -1 0 -0 -1 2.2569020732939813 2.1800000000000002
7 0 0  6 7 2  0.96877334962487904 14.112215070601032  0.80731112468739918 14.058803562655077  0.64584889974992166 13.990331290503605  0.48438667481241993 13.909301319469932  0.32292444987495728 13.819409749671195  0.16146222493747983 13.725095425007629  0 13.630780618346945 
 0.60202297717001763 7 1.5707963267948966 7
8 0.74868500783584913 1.5707963267948966
7 0 0  6 7 2  7.2519586568044652 14.112215070601032  7.0904964318669856 14.058803562655077  6.9290342069295079 13.990331290503605  6.7675719819920062 13.909301319469932  6.6061097570545435 13.819409749671195  6.4446475321170658 13.725095425007629  6.2831853071795862 13.630780618346945 
 0.60202297717001763 7 1.5707963267948966 7
3 41.403371670158009 -19.199999999999999 -1 0 -0 -1 2.2569020732939808 2.1799999999999997
1 6.5449846949787354 20.4838736926989 0 1 
1 39.75 -20.683873692698899 0 -1 
7 0 0  4 5 2  6.0213859193804371 21.772991369601399  6.0317022366514106 21.732240906677674  6.041995825321635 21.69046691004014  6.0522706941297217 21.648130983031521  6.0625312163886074 21.605708205032304 
 0 5 1 5
7 0 0  4 5 2  0.52252898583945928 0.74129530478320138  0.54804531974494153 1.005362432815162  0.57269549922731533 1.2698210181287934  0.59646329836001599 1.5346892050715526  0.6193020117778465 1.8000006 
 0 5 1 5
8 0 0.99999943462661789
7 0 0  4 5 2  6.0213859193804371 21.772991369601399  6.0317022366514106 21.732240906677674  6.041995825321635 21.69046691004014  6.0522706941297217 21.648130983031521  6.0625312163886074 21.605708205032304 
 0 5 1 5
8 0 0.99999943462661789
7 0 0  4 5 2  6.8057142930190455 0.74129530478320138  6.831230626924528 1.005362432815162  6.8558808064069012 1.2698210181287934  6.879648605539602 1.5346892050715526  6.9024873189574327 1.8000006 
 0 5 1 5
8 19.593337678285359 22.84
1 6.0625311931845021 0 0 1 
8 19.593337678285359 22.84
1 -19 1.8574940781197888 1 0 
8 20.141102861292786 21.605708300971141
1 6.0625311931845021 0 0 1 
8 0.16988335051707112 0.37244237958058207
7 0 0  8 72 11  6.0213859193804371 20.483873692698889  6.030945323498587 20.413308544060708  6.0401896924230298 20.340800303854198  6.0493097532311033 20.265102178219294  6.0584446738108158 20.18475265941305  6.0676502177222353 20.098396508119865  6.0768641569546826 20.00512480893018  6.085887120507933 19.904592257634416  6.097125542808115 19.76226331997611  6.0997989783740714 19.726992108177495  6.1024417635314361 19.690565901407258  6.1050647670386367 19.652606132745476  6.107664518139317 19.612804375122103  6.110223565251335 19.570917290450527  6.1127108327694319 19.526761302851458  6.1165099625936499 19.452170339800418  6.1178963714381904 19.423253673917028  6.1192441877470376 19.393177500192678  6.1205485692193697 19.361706919030084  6.1217970799285339 19.328645438361647  6.1229699284487467 19.29382848481853  6.124040210201839 19.257116617066242  6.1255641512560883 19.193922819325717  6.1261082374851856 19.168300478710719  6.1265884181614032 19.141729280445329  6.126989933297323 19.114389839738589  6.1273011754166893 19.08644129858747  6.1275136075031211 19.058027098339245  6.1276216809488364 19.029280752253989  6.1276232413873055 18.987163227207187  6.1276015888819177 18.974002531723251  6.1275578365302827 18.960871359690209  6.1274922492117767 18.947792085874994  6.1274053161421005 18.934787631736537  6.1272977508732556 18.921881465425717  6.1271704912935645 18.909097601785383  6.1267776542239005 18.875047083214238  6.126477844957801 18.854094394419299  6.1261299623392249 18.833607877872634  6.1257387027352257 18.81359463001775  6.1253087684008101 18.794063485909522  6.1248448675096574 18.775025003289155  6.1243517141848614 18.756491446659165  6.1232293138586451 18.717433618358676  6.1225889217638461 18.697021958638302  6.1219182652377437 18.677214019238857  6.121221902947604 18.657978291188343  6.120503539235493 18.639279529501202  6.1197660241182694 18.621078753178285  6.1190113532875907 18.603333245206873  6.1163165755518554 18.542713766972238  6.1142794682054387 18.501682429931854  6.1121685531373044 18.462772030298108  6.1100120438957655 18.425808687647866  6.1078268092311667 18.390568962110631  6.1056180225681738 18.356773916625095  6.1033788122298951 18.324083431617979  6.0960407914395613 18.22151764914015  6.0907848426295086 18.154830592861046  6.0854290515818503 18.091900386827724  6.0800443407345162 18.032478249802292  6.0746618942074244 17.976148166303126  6.0692729856928462 17.922319966007297  6.0638324952003364 17.870266936547338  6.0537212264523506 17.77752266626635  6.0491484604520425 17.737013588037385  6.0445563934462214 17.697646523165915  6.0399499983712861 17.659374164018423  6.0353312757397095 17.622142866163415  6.0306996992642912 17.585895622811041  6.0260526614824386 17.550575039252777  6.0213859193804362 17.516126307301111 
 0 9 0.30587844792151203 7 0.40400577163492785 7 0.46310152924910858 7 0.50043389613990996 7 0.51741565441171711 7 0.54619140988969683 7 0.57980470655452387 7 0.66372366054156173 7 0.84884183292872817 7 1 9
8 19.593338278285358 22.638633028003596
1 6.10871662969552 0 0 1 
7 0 0  5 6 2  6.1087166067049896 22.638633088973034  6.1232146900243478 22.600185085884689  6.1377024740169723 22.563681727094501  6.1521792788774965 22.529865875265173  6.1666493050723767 22.499402000254982  6.1811214291388632 22.472824736531233 
 0 6 1 6
7 0 0  5 6 2  0.52296681393526434 -5.9999999999999997e-07  0.54129545283265901 0.37836604270690477  0.55796865938778828 0.75767255008780754  0.57290830898734835 1.1377318230914124  0.58603795287058535 1.5184851041080718  0.59728952162532423 1.9000005999999998 
 0 6 1 6
8 3.1715269383466445e-07 0.57993065740505523
7 0 0  5 6 2  6.8061521211148506 -5.9999999999999997e-07  6.8244807600122455 0.37836604270690477  6.8411539665673748 0.75767255008780754  6.8560936161669348 1.1377318230914124  6.8692232600501715 1.5184851041080718  6.8804748288049105 1.9000005999999998 
 0 6 1 6
8 3.1715269383466445e-07 0.57993065740505523
7 0 0  5 6 2  6.1087166067049896 22.638633088973034  6.1232146900243478 22.600185085884689  6.1377024740169723 22.563681727094501  6.1521792788774965 22.529865875265173  6.1666493050723767 22.499402000254982  6.1811214291388632 22.472824736531233 
 0 6 1 6
1 6.1507228037219779 22.535088614181387 0 1 
1 14.535088614181387 5.767851073127396 1 -2.3796087422750467e-16 
1 6.1507228037219788 30 1 0 
2 -20.5 3.5 0.99123966313688283 -0.13207547169811321 0.13207547169811321 0.99123966313688283 26.500000000000004
1 6.4156478106371946 30 -0 -1 
1 22 5.7678510731273942 -1 2.3796087422750467e-16 
7 0 0  5 6 2  0.17446870047459662 22.638633088973037  0.15997061715527822 22.600185085884799  0.14548283316263314 22.563681727094529  0.13100602830207347 22.529865875265134  0.11653600210717951 22.499402000254928  0.10206387804072525 22.472824736531237 
 0 6 1 6
7 0 0  5 6 2  0.52296681393526345 1.9000005999999998  0.5412954528326076 1.521633957294138  0.55796865938777573 1.142327449912613  0.57290830898736667 0.76226817690830095  0.58603795287060878 0.38151489589107174  0.59728952162532245 -5.9999999999999997e-07 
 0 6 1 6
8 3.171526924903653e-07 0.57993065740499761
7 0 0  5 6 2  6.4576540076541828 22.638633088973037  6.4431559243348646 22.600185085884799  6.4286681403422197 22.563681727094529  6.41419133548166 22.529865875265134  6.3997213092867655 22.499402000254928  6.3852491852203119 22.472824736531237 
 0 6 1 6
8 3.171526924903653e-07 0.57993065740499761
7 0 0  5 6 2  6.8061521211148497 1.9000005999999998  6.8244807600121939 1.521633957294138  6.8411539665673615 1.142327449912613  6.8560936161669526 0.76226817690830095  6.8692232600501946 0.38151489589107174  6.8804748288049087 -5.9999999999999997e-07 
 0 6 1 6
8 19.593338278285358 22.638633028003596
1 6.4576539846636525 0 0 1 
8 0.30127503742949541 0.37244238071747326
7 0 0  8 72 11  6.5449846949787354 20.483873692698893  6.5354252908603927 20.413308544059284  6.5261809219365423 20.340800303857733  6.5170608611276739 20.265102178214271  6.5079259405486845 20.184752659419168  6.4987203966365694 20.098396508113282  6.4895064574048229 20.005124808935086  6.480483493851084 19.904592257632444  6.4692450715510601 19.762263319976132  6.4665716359851002 19.72699210817747  6.4639288508277364 19.690565901407297  6.4613058473205376 19.652606132745518  6.4587060962198519 19.61280437512206  6.4561470491078321 19.570917290450424  6.4536597815897405 19.526761302851472  6.4498606517655226 19.452170339800393  6.4484742429209829 19.423253673917088  6.4471264266121366 19.393177500192664  6.4458220451397992 19.361706919029995  6.4445735344306376 19.328645438361608  6.4434006859104267 19.293828484818587  6.4423304041573326 19.257116617066252  6.4408064631030832 19.193922819325767  6.4402623768739851 19.168300478710709  6.4397821961977693 19.141729280445269  6.4393806810618495 19.114389839738553  6.4390694389424841 19.086441298587467  6.4388570068560522 19.058027098339252  6.4387489334103361 19.029280752253971  6.4387473729718678 18.987163227248494  6.4387690254774288 18.974002531739565  6.4388127778291739 18.960871359669461  6.4388783651476045 18.947792085837758  6.4389652982170302 18.934787631714432  6.4390728634855714 18.92188146543986  6.4392001230651541 18.909097601824786  6.4395929601352737 18.875047083214181  6.4398927694013706 18.854094394419292  6.4402406520199484 18.833607877872673  6.4406319116239468 18.813594630017775  6.4410618459583633 18.794063485909511  6.4415257468495151 18.775025003289127  6.4420189001743102 18.756491446659165  6.44314130050053 18.717433618358641  6.4437816925953273 18.697021958638281  6.4444523491214287 18.677214019238857  6.4451487114115675 18.65797829118836  6.4458670751236786 18.639279529501216  6.4466045902409022 18.621078753178288  6.4473592610715817 18.603333245206866  6.4500540388079974 18.542713766956894  6.4520911461534105 18.501682429941091  6.4542020612211424 18.462772030311378  6.4563585704633208 18.425808687646537  6.4585438051287172 18.390568962098406  6.4607525917914934 18.356773916619904  6.4629918021285242 18.324083431628491  6.4703298229192754 18.22151764914485  6.4755857717301772 18.154830592853351  6.4809415627773772 18.091900386828641  6.4863262736241891 18.032478249807721  6.4917087201517036 17.976148166302071  6.4970976286668272 17.922319966003176  6.5025381191585687 17.870266936549797  6.5126493879068601 17.777522666265995  6.5172221539071442 17.737013588037264  6.5218142209129368 17.69764652316606  6.5264206159878597 17.659374164018651  6.5310393386194505 17.622142866163507  6.5356709150948955 17.58589562281092  6.5403179528767623 17.550575039252564  6.5449846949787354 17.516126307301107 
 0 9 0.30587844885427978 7 0.40400577286862283 7 0.46310153066402743 7 0.50043389766920865 7 0.51741565593976857 7 0.5461914113259807 7 0.57980470788365901 7 0.66372366163297913 7 0.84884183342263764 7 1 9
8 19.593337678285359 22.143999999999998
1 0.18981706134471577 0 0 1 
8 19.593337678285359 22.143999999999998
1 -19 2.0240273593462099 1 0 
8 19.809761227853759 20.663644567994623
1 6.4730023685243019 0 0 1 
7 0 0  5 6 2  0.23615109437492299 20.936724888639041  0.22684619931063518 20.88416438925136  0.21756176252959636 20.830328664977159  0.20829777816603678 20.77546682322896  0.19905146994369916 20.719818514066457  0.18981703828909824 20.663644427744714 
 0 6 1 6
7 0 0  5 6 2  0.73890275547429152 1.2000005999999999  0.76869033930715136 0.9602645349938238  0.79798322601900396 0.72038455702899862  0.82677637305503082 0.48040970666739025  0.85506164486568026 0.2403165030918743  0.88281526334468285 -5.9999999999999997e-07 
 0 6 1 6
8 5.0055047771870857e-07 0.99999950065974952
7 0 0  5 6 2  6.5193364015545097 20.936724888639041  6.510031506490221 20.88416438925136  6.5007470697091829 20.830328664977159  6.4914830853456227 20.77546682322896  6.4822367771232852 20.719818514066457  6.473002345468684 20.663644427744714 
 0 6 1 6
8 5.0055047771870857e-07 0.99999950065974952
7 0 0  5 6 2  7.0220880626538777 1.2000005999999999  7.0518756464867378 0.9602645349938238  7.0811685331985901 0.72038455702899862  7.1099616802346173 0.48040970666739025  7.1382469520452663 0.2403165030918743  7.1660005705242691 -5.9999999999999997e-07 
 0 6 1 6
8 19.593337678285359 22.143999999999998
1 0.23615107108707445 0 0 1 
8 19.593337678285359 22.143999999999998
1 -19 1.7645104746820266 1 0 
8 20.2801963865072 20.936724757093117
1 6.5193363782666607 0 0 1 
8 0 0.10525992340603714
7 0 0  8 72 11  6.5449846949787354 20.483873692698893  6.5354252908603927 20.413308544059284  6.5261809219365423 20.340800303857733  6.5170608611276739 20.265102178214271  6.5079259405486845 20.184752659419168  6.4987203966365694 20.098396508113282  6.4895064574048229 20.005124808935086  6.480483493851084 19.904592257632444  6.4692450715510601 19.762263319976132  6.4665716359851002 19.72699210817747  6.4639288508277364 19.690565901407297  6.4613058473205376 19.652606132745518  6.4587060962198519 19.61280437512206  6.4561470491078321 19.570917290450424  6.4536597815897405 19.526761302851472  6.4498606517655226 19.452170339800393  6.4484742429209829 19.423253673917088  6.4471264266121366 19.393177500192664  6.4458220451397992 19.361706919029995  6.4445735344306376 19.328645438361608  6.4434006859104267 19.293828484818587  6.4423304041573326 19.257116617066252  6.4408064631030832 19.193922819325767  6.4402623768739851 19.168300478710709  6.4397821961977693 19.141729280445269  6.4393806810618495 19.114389839738553  6.4390694389424841 19.086441298587467  6.4388570068560522 19.058027098339252  6.4387489334103361 19.029280752253971  6.4387473729718678 18.987163227248494  6.4387690254774288 18.974002531739565  6.4388127778291739 18.960871359669461  6.4388783651476045 18.947792085837758  6.4389652982170302 18.934787631714432  6.4390728634855714 18.92188146543986  6.4392001230651541 18.909097601824786  6.4395929601352737 18.875047083214181  6.4398927694013706 18.854094394419292  6.4402406520199484 18.833607877872673  6.4406319116239468 18.813594630017775  6.4410618459583633 18.794063485909511  6.4415257468495151 18.775025003289127  6.4420189001743102 18.756491446659165  6.44314130050053 18.717433618358641  6.4437816925953273 18.697021958638281  6.4444523491214287 18.677214019238857  6.4451487114115675 18.65797829118836  6.4458670751236786 18.639279529501216  6.4466045902409022 18.621078753178288  6.4473592610715817 18.603333245206866  6.4500540388079974 18.542713766956894  6.4520911461534105 18.501682429941091  6.4542020612211424 18.462772030311378  6.4563585704633208 18.425808687646537  6.4585438051287172 18.390568962098406  6.4607525917914934 18.356773916619904  6.4629918021285242 18.324083431628491  6.4703298229192754 18.22151764914485  6.4755857717301772 18.154830592853351  6.4809415627773772 18.091900386828641  6.4863262736241891 18.032478249807721  6.4917087201517036 17.976148166302071  6.4970976286668272 17.922319966003176  6.5025381191585687 17.870266936549797  6.5126493879068601 17.777522666265995  6.5172221539071442 17.737013588037264  6.5218142209129368 17.69764652316606  6.5264206159878597 17.659374164018651  6.5310393386194505 17.622142866163507  6.5356709150948955 17.58589562281092  6.5403179528767623 17.550575039252564  6.5449846949787354 17.516126307301107 
 0 9 0.30587844885427978 7 0.40400577286862283 7 0.46310153066402743 7 0.50043389766920865 7 0.51741565593976857 7 0.5461914113259807 7 0.57980470788365901 7 0.66372366163297913 7 0.84884183342263764 7 1 9
8 0 0.10525992340603714
7 0 0  8 72 11  7.1052966261386352 14.0587046952168  7.1494817412414609 13.81401229918799  7.1928104798220982 13.576667572107354  7.2363351115147916 13.341905143386693  7.2809516446970175 13.106186289886686  7.3273415258370047 12.86807521303497  7.3758750999249925 12.629178555693699  7.426684964053397 12.394729977680363  7.4968270479038477 12.102203377327232  7.5140790585505037 12.03257376451784  7.5317716809148516 11.963703471711598  7.5500846316146148 11.895311011756057  7.5691583678838716 11.827487990095607  7.5890999736729414 11.760691583985176  7.6099887804433317 11.69573658818223  7.6450664296038244 11.596478802389552  7.6586201174217186 11.560246519669537  7.6726732930034585 11.525013375275314  7.6873337528109644 11.49090682761544  7.702690516901801 11.458253090564124  7.7188179531524588 11.42757127728847  7.7357800916791648 11.399567194527652  7.7649146332319612 11.359687129969156  7.7767127867960948 11.345447245396347  7.7889335795818617 11.332878531081354  7.8014949875235908 11.322367912789801  7.8143260033874116 11.314219854041927  7.8273636671019569 11.30865836557734  7.8405500960890731 11.305829014819807  7.8598700619114492 11.305788162540761  7.8659070603623222 11.306355026938414  7.8719308570751956 11.307500464033888  7.8779315226938804 11.309217527442701  7.8838988523779525 11.311493388896951  7.8898223658027549 11.314309338245319  7.8956913071593933 11.317640783453093  7.9113284581155057 11.327924291492218  7.9209558979621946 11.335772274014834  7.9303755720578453 11.344878193447602  7.9395850376796977 11.355118862732676  7.948580816946448 11.366370932727897  7.9573584117455098 11.378510912458006  7.9659123186602789 11.391415189365814  7.9839590847387036 11.420781959241918  7.9934034756664314 11.437535571506892  8.0025819822620345 11.455078911756958  8.0115090686946377 11.473292394009903  8.0202008977210397 11.492078820902632  8.0286753306857079 11.511363383691195  8.036951927520775 11.531093662250759  8.0652744541566985 11.601536034403795  8.0845354568752583 11.654768283757015  8.102893448043309 11.709907385829046  8.1204246390800687 11.766213477622225  8.1372279381942363 11.823244478030105  8.1534300095153007 11.880864367473851  8.1691904128442996 11.939251089592384  8.2189347253740141 12.130493556319697  8.2517375691948232 12.267333552283638  8.2831722291697769 12.406610568046858  8.3133389412271903 12.546465006162473  8.3424160440137172 12.686082257558674  8.3706814590637819 12.825686656721883  8.3985150002082278 12.966437503639064  8.449125164439053 13.227637082202079  8.4716119311963318 13.345623613561676  8.4938591326512132 13.463962567409627  8.5158954096505219 13.582520012969722  8.5377543345888274 13.701239288546939  8.5594739327232414 13.820128819649714  8.5810962034882152 13.939249937112246  8.6026666418103304 14.058704695216802 
 0 9 0.30587844885427978 7 0.40400577286862283 7 0.46310153066402743 7 0.50043389766920865 7 0.51741565593976857 7 0.5461914113259807 7 0.57980470788365901 7 0.66372366163297913 7 0.84884183342263764 7 1 9
1 6.5449846949787354 388.20600000000002 -1 -0 
1 6.0213859193804371 388.20600000000002 -0 -1 
1 26.5 -388.40600000000001 6.2733838124096912e-19 1 
1 6.0213859193804371 50.200000000000003 1 0 
1 6.0213859193804371 67.200000000000003 1 0 
8 0.19999939999999938 67.20000060000001
1 6.0213859193804371 0 0 1 
8 0.19999939999999938 67.20000060000001
1 18.800000000000001 0 0 -1 
8 50.200000000000003 67.200000000000003
1 6.0213859193804371 0 0 1 
1 18.800000000000001 0 0 -1 
8 -27.4348187808672 -0
1 0 0 -0.96592582628906831 0.25881904510252074 
8 -27.4348187808672 -0
1 0 -67.200000000000003 -1 -0 
1 0 -67.200000000000003 -1 -0 
1 6.5449846949787354 42.200000000000003 -1 -0 
1 6.5449846949787354 57.200000000000003 -1 -0 
8 0.19999939999999938 57.20000060000001
1 6.0213859193804371 0 0 1 
8 0.19999939999999938 57.20000060000001
1 22.200000000000003 0 0 -1 
8 42.200000000000003 57.200000000000003
1 6.0213859193804371 0 0 1 
1 22.200000000000003 -25 0 -1 
8 -27.4348187808672 -0
1 0 0 -0.96592582628906831 0.25881904510252074 
8 -27.4348187808672 -0
1 0 -57.200000000000003 -1 -0 
1 0 -82.200000000000003 -1 -0 
1 6.0213859193804371 30.200000000000003 1 0 
1 6.0213859193804371 336.40600000000001 1 0 
8 0.19999940000000294 336.40600060000003
1 6.0213859193804371 0 0 1 
8 0.19999940000000294 336.40600060000003
1 24 0 0 -1 
8 30.200000000000003 336.40600000000001
1 6.0213859193804371 0 0 1 
1 24 -52 0 -1 
1 6.2081148161028707 330.60599999999999 1 0 
8 330.14600000000002 335.666
1 6.2081148161028699 0 0 1 
8 330.14600000000002 335.666
1 -330.60599999999999 4.7824048102149579 1 0 
8 330.60599999999999 335.20600000000002
1 6.2081148161028699 0 0 1 
1 6.3582557982563026 335.20600000000002 -1 -0 
8 330.14600000000002 335.666
1 0.075070491076716539 0 0 1 
8 330.14600000000002 335.666
1 -330.60599999999999 4.7824048102149579 1 0 
8 330.60599999999999 335.20600000000002
1 6.3582557982563026 0 0 1 
1 0 3.6000000000000001 1 0 
1 0 0 0 1 
1 0 3.6000000000000001 1 0 
1 4.6000000000000227 0 0 1 
1 0 0 1 0 
1 0 0 1 0 
1 0 0 0 1 
1 0 0 0 1 
1 0 0 1 0 
1 4.6000000000000227 0 0 1 
1 0 0 1 0 
1 0 0 0 1 
8 -27.4348187808672 -0
1 0 0 -0.96592582628906831 0.25881904510252074 
8 -27.4348187808672 -0
1 0 -336.40600000000001 -1 -0 
1 0 -388.40600000000001 -1 -0 
1 7.2263294340485489 13.4 -1 -0 
2 0 0 0.58724604891038257 0.80940847415822414 0.80940847415822414 -0.58724604891038257 2.1800000000000006
1 7.0220881372048245 1.2 -1 -0 
2 0 0 0.73920792255462542 0.67347728041298827 0.67347728041298827 -0.73920792255462542 2.6200000000000001
1 6.1299141470274483 0 1 0 
2 0 0 0.98827695258150561 -0.15267175572519162 0.15267175572519162 0.98827695258150561 2.620000000000001
1 0 12.199999999999999 1 0 
2 0 0 1 0 -0 1 2.1800000000000002
1 0 12.199999999999999 1 0 
2 0 0 1 0 -0 1 2.1800000000000002
1 6.8535802878236476 0.79999999999999982 -1 -0 
2 11 3.5 0.84168776528128353 0.53996454122080928 0.53996454122080928 -0.84168776528128353 4.2000000000000002
1 0 7 1 0 
1 22 0 0 1 
1 22 0 0 1 
1 0 0 1 0 
1 6.1878026481713766 1.0999999999999996 1 0 
2 11 3.5 0.99545452192223216 -0.095238095238095358 0.095238095238095358 0.99545452192223216 4.2000000000000002
1 0 0 1 0 
2 0 0 1 0 -0 1 4.2000000000000002
8 3.8040091292566172 6.1878026481713766
1 0 0 1 0 
8 6.1158979208364963 10.816654426391974
1 4.3948285510931679 2.7755575615628914e-17 0 1 
8 6.1158979208364963 10.816654426391974
1 -8.8267949192431114 -6.259807621135332 0.83205029433784372 0.55470019622522915 
2 0 0 1 0 -0 1 2.1800000000000002
1 0 0.29999999999999982 1 0 
1 0 2.6000000000000005 1 0 
7 0 0  6 87 18  0 8.8795425750695234  0.084930509031520385 8.8795425750695234  0.16970981033155957 8.8750742948812142  0.2545704001806155 8.8661665954280195  0.33970031579205007 8.8532350924396379  0.42526009607376475 8.8370755168996116  0.55891484756525556 8.8085285180773862  0.60672297623893312 8.7976701109895732  0.65479735033079478 8.7862779249881537  0.70319705952594591 8.7745252441062487  0.75198173105031729 8.7625975011145325  0.84903839272807657 8.739119832031605  0.89731180975450497 8.7275623825289035  0.94605822769299808 8.7162020743153921  0.99530753490285928 8.7052316911641956  1.0450964770364441 8.6948445132000796  1.137134322383587 8.6772741133280498  1.1792074285246301 8.6698457588744162  1.2216471433617206 8.6630626362964858  1.2644219076603256 8.6570336955998695  1.3075075740263182 8.6518530249888084  1.4393597136258365 8.638911945241782  1.5289806231008212 8.6340759170542061  1.6189780641678189 8.6337739870819536  1.7087503026268553 8.6381745391455667  1.797682958772882 8.6467811735784217  1.9435867245694836 8.6666515611707151  2.0015044951206762 8.6761211143073638  2.0587357610667811 8.6868360269364615  2.1152922017278324 8.6985206289047436  2.1711663435024646 8.7108796499463708  2.295775723269911 8.7396487715748918  2.3641833675673243 8.7562998498448508  2.4317271175868291 8.7730338501150804  2.4985638697938866 8.789334993850769  2.5648447460453903 8.8047266055502096  2.6726028067906822 8.8277308907765448  2.7143245625169556 8.8361360618409037  2.7559183953077731 8.8438960730178398  2.7974106447300611 8.8509112159360335  2.8388302890474919 8.8570959559253737  2.9238529238315678 8.8679567845746448  2.9674492541304347 8.8725315774766624  3.011007627786876 8.8760217242176243  3.0545404532562288 8.8783688446441555  3.0980629193029436 8.8795425750695216  3.2265231626213087 8.8795425750695216  3.3113024639213799 8.8750742948812142  3.3961630537703762 8.8661665954280142  3.4812929693818684 8.8532350924396361  3.5668527496635276 8.8370755168996169  3.7005075011550574 8.8085285180773809  3.748315629828761 8.7976701109895625  3.7963900039205734 8.7862779249881573  3.844789713115683 8.7745252441062593  3.8935743846400963 8.7625975011145325  3.9906310463178412 8.7391198320316068  4.0389044633442994 8.727562382528907  4.0876508812827765 8.7162020743153956  4.1369001884926382 8.7052316911641956  4.1866891306262781 8.6948445132000689  4.2787269759826847 8.6772741133262716  4.3208000821108818 8.6698457588754625  4.3632397969406318 8.6630626362980365  4.4060145612473613 8.6570336955997416  4.4491002276273335 8.651853024987707  4.5809523676620545 8.6389119451979663  4.6705732764153467 8.634075917124223  4.7605707171551552 8.6337739870607439  4.8503429561103149 8.638174539061712  4.939275613183673 8.6467811736902345  5.0851793781592063 8.666651561170708  5.1430971487104626 8.6761211143073602  5.2003284146565729 8.6868360269364597  5.2568848553176268 8.698520628904749  5.3127589970923168 8.7108796499463832  5.4373683768597187 8.7396487715748972  5.5057760211570814 8.756299849844849  5.5733197711766138 8.7730338501150804  5.640156523383701 8.7893349938507708  5.7064373996351572 8.8047266055502025  5.8582958619484824 8.8371454831443899  5.9437799156051385 8.8532798665736063  6.0288355256892086 8.866189764101355  6.1136226516269891 8.8750820668266837  6.19832869960499 8.8795425750695234  6.2831853071795862 8.8795425750695234 
 0 7 0.085809002279347873 5 0.13327794256125647 5 0.17938897431251183 5 0.21752882520665465 5 0.29532115008549092 5 0.34758326163400749 5 0.41338138843546235 5 0.45520041925093857 5 0.49930804044008925 5 0.58536605988670687 5 0.63297275472498982 5 0.67921760039084922 5 0.71746813289310007 5 0.79548621102472072 5 0.84789998766423802 5 0.91388906118785374 5 1 7
7 0 0  6 87 18  3.2530460501275384 3.5499999999999998  3.2530460501275384 3.6349305090315203  3.2575143001049254 3.7197100034725787  3.2664221448008726 3.8034669912138224  3.2796433277988517 3.8853104454052763  3.2969516778397314 3.9642757079599971  3.3296851797977483 4.0808364730839379  3.3425096722763432 4.1211995203220937  3.3564628906196208 4.1602732960518365  3.3715072169380722 4.1979087826926884  3.3876052065969948 4.2339438206222688  3.4213454811177271 4.3014792576491452  3.4389397332063716 4.333098461109258  3.4574589104156548 4.362869104324087  3.4768570776833916 4.3905988181024433  3.4970869410095204 4.4160910379624534  3.5354813447022067 4.4582102426010524  3.5534019785912156 4.475611884908127  3.5718073600746183 4.4912014802175939  3.5906409767831744 4.5048519139858305  3.6098452158972236 4.5164543043086711  3.669168987122851 4.5452169574259802  3.7102456611315815 4.5556000822758964  3.7518185601842413 4.5561804339353085  3.7931139998792878 4.5468145506485529  3.8333628973105744 4.528025243153734  3.8976648222985095 4.4829384999792827  3.9227138827438406 4.4611176716722349  3.946870016962579 4.4358769570246297  3.9700328742003372 4.4075147212648167  3.9921058498644904 4.3763494109016419  4.0393008028230639 4.3003899665574288  4.063765829857104 4.2541021737056068  4.0862959806986217 4.204377546492065  4.106791001314253 4.151674796606752  4.1251498982063124 4.0964031358506228  4.151521203765097 4.0024033465987925  4.1608679640873945 3.9649797395266426  4.1692836760298704 3.9267683325405383  4.1767410571284991 3.887872450833489  4.1832159531321631 3.8483906725420227  4.1944586578623246 3.766255964759281  4.1991133925424533 3.7235497602520637  4.2026237172628953 3.6804365991359194  4.2049706759957362 3.637052177142504  4.2061444641471804 3.5935297342868506  4.2061444641471812 3.4650694909684852  4.2016762141697992 3.3802899965274027  4.1927683694738409 3.2965330087861933  4.1795471864758689 3.2146895545947087  4.1622388364349963 3.1357242920400301  4.1295053344769688 3.0191635269160546  4.1166808419983658 2.9788004796778798  4.1027276236551042 2.939726703948176  4.0876832973366648 2.9020912173073534  4.0715853076777293 2.866056179377741  4.0378450331570024 2.7985207423508744  4.0202507810683503 2.7669015388907474  4.0017316038590733 2.7371308956759193  3.9823334365913312 2.7094011818975599  3.9621035732651824 2.6839089620375276  3.9237091695686321 2.6417897573946902  3.9057885356848594 2.6243881150944302  3.8873831542048349 2.6087985197860148  3.8685495374929295 2.5951480860137406  3.8493452983724468 2.5835456956888807  3.7900215269510102 2.5547830424766351  3.7489448532588057 2.5443999178766115  3.7073719543847821 2.5438195660265861  3.6660765144231426 2.5531854491546775  3.62582761660232 2.5719747570999685  3.5615256919762417 2.6170615000206952  3.5364766315308809 2.6388823283277616  3.5123204973121389 2.6641230429753642  3.489157640074382 2.6924852787351834  3.4670846644102071 2.7236505890983946  3.4198897114516509 2.7996100334425811  3.395424684417625 2.8458978262943666  3.3728945335761047 2.8956224535079294  3.3523995129604658 2.9483252033932623  3.3340406160684144 3.0035968641493547  3.2968767520970874 3.1360664293478289  3.2795975468945309 3.2149730976775746  3.2663989755167462 3.2967507483322849  3.2575065283289089 3.3804371522748276  3.2530460501275384 3.4651433924254036  3.2530460501275384 3.5499999999999998 
 0 7 0.085809002279347873 5 0.13327794256125647 5 0.17938897431251183 5 0.21752882520665465 5 0.29532115008549092 5 0.34758326163400749 5 0.41338138843546235 5 0.45520041925093857 5 0.49930804044008925 5 0.58536605988670687 5 0.63297275472498982 5 0.67921760039084922 5 0.71746813289310007 5 0.79548621102472072 5 0.84789998766423802 5 0.91388906118785374 5 1 7
8 6.1158979208364963 10.816654426391974
1 1.8883567560864174 0 0 1 
8 6.1158979208364963 10.816654426391974
1 -8.8267949192431132 -6.2598076211353311 0.83205029433784372 0.55470019622522915 
7 0 0  5 26 7  1.8883548345429553 6.6282769164183231  1.9655762305479503 6.6337460123374301  2.0415657327823391 6.6405693912045685  2.1163349221390124 6.6483937438140472  2.1898418488653477 6.6567750882236973  2.346674162046221 6.6753298299331858  2.4295915397611214 6.6855752841334004  2.511021827383614 6.6954471313317239  2.5911986636785378 6.7044517343520225  2.7664952596416015 6.7217280587183277  2.8611994988847136 6.7294345222036229  2.954980924047387 6.7347703797200218  3.0482828821348145 6.7374382155177388  3.2349024286203307 6.7374382155177388  3.3282043740416656 6.7347703800438445  3.4219858174903086 6.7294345215963727  3.5166900438285928 6.7217280590839046  3.6919866435010675 6.7044517343520198  3.7721634797959576 6.6954471313317256  3.8535937674184684 6.6855752841333986  3.936511145133363 6.6753298299331867  4.093343458314239 6.6567750882236973  4.166850385040556 6.6483937438140526  4.2416195743972684 6.6405693912045605  4.3176090766316211 6.6337460123374328  4.394830472636631 6.6282769164183248 
 0 6 0.1388009351831983 4 0.30190019393133227 4 0.49999999624420155 4 0.69809980614810352 4 0.86119906485332587 4 1 6
7 0 0  5 26 7  3.8040086934154909 1.9000005999999998  3.8215239204627252 1.8758883677908635  3.8382324988929657 1.8450794985573029  3.8539616370051499 1.8083222228694611  3.8685685550990097 1.7664746114131853  3.8976775030016517 1.6665059326239171  3.9117370412628207 1.6067387617063627  3.9240608689816536 1.5424011233771577  3.9346086570887735 1.474518203020929  3.9539983292149592 1.3183277923498271  3.9619961400347159 1.2287005445629757  3.9673315157417601 1.1366118187292544  3.9699994739066202 1.0433097714549788  3.9699994739066202 0.85669022496946257  3.967331516099339 0.76338819004213343  3.9619961393594187 0.6712994468735296  3.9539983296252572 0.58167221095526522  3.9346086570887708 0.42548179697905369  3.9240608689816554 0.35759887662285889  3.9117370412628198 0.2932612382936296  3.8976775030016522 0.23349406737608436  3.8685685550990097 0.13352538858681481  3.8539616370051526 0.091677777130541899  3.8382324988929613 0.05492050144269333  3.8215239204627292 0.024111632209141105  3.8040086934154913 -5.9999999999999997e-07 
 0 6 0.1388009351831983 4 0.30190019393133227 4 0.49999999624420155 4 0.69809980614810352 4 0.86119906485332587 4 1 6
8 6.9077246620579373e-07 0.99999930922752678
7 0 0  5 26 7  3.8040086934154909 1.9000005999999998  3.8215239204627252 1.8758883677908635  3.8382324988929657 1.8450794985573029  3.8539616370051499 1.8083222228694611  3.8685685550990097 1.7664746114131853  3.8976775030016517 1.6665059326239171  3.9117370412628207 1.6067387617063627  3.9240608689816536 1.5424011233771577  3.9346086570887735 1.474518203020929  3.9539983292149592 1.3183277923498271  3.9619961400347159 1.2287005445629757  3.9673315157417601 1.1366118187292544  3.9699994739066202 1.0433097714549788  3.9699994739066202 0.85669022496946257  3.967331516099339 0.76338819004213343  3.9619961393594187 0.6712994468735296  3.9539983296252572 0.58167221095526522  3.9346086570887708 0.42548179697905369  3.9240608689816554 0.35759887662285889  3.9117370412628198 0.2932612382936296  3.8976775030016522 0.23349406737608436  3.8685685550990097 0.13352538858681481  3.8539616370051526 0.091677777130541899  3.8382324988929613 0.05492050144269333  3.8215239204627292 0.024111632209141105  3.8040086934154913 -5.9999999999999997e-07 
 0 6 0.1388009351831983 4 0.30190019393133227 4 0.49999999624420155 4 0.69809980614810352 4 0.86119906485332587 4 1 6
8 6.1158979208364972 10.816654426391974
1 5.0299494096762114 -2.7755575615628914e-17 0 1 
8 6.1158979208364972 10.816654426391974
1 -9.1732050807568886 -5.740192378864668 0.83205029433784372 0.55470019622522915 
7 0 0  7 14 3  5.0299474881327493 6.6282769164183239  5.0851056281363212 6.6321834135034026  5.1396771520586526 6.6367348072303951  5.1936653687262746 6.6418301521119689  5.2470659397306605 6.6473555494127163  5.2998647688578018 6.6531901949405645  5.3520358915178008 6.65921242683818  5.537668278943471 6.6811744889396731  5.6673467491532525 6.6975349013315117  5.793762235869119 6.7125565263178535  5.9177732882511549 6.7247698106026199  6.0401746475513809 6.7332172916093738  6.1617003526471494 6.7374382155177397  6.2831853071795862 6.7374382155177397 
 0 8 0.27744874356728255 6 1 8
7 0 0  7 14 3  3.6551818208592302 -6.0000000000000008e-07  3.6426709443969192 0.017222423006527304  3.6305441863236529 0.037634320786591798  3.6188509156968793 0.061021313177289031  3.6076362141453591 0.087153928570622458  3.5969403457637776 0.11578659116179484  3.5867982270073591 0.14665720819749967  3.5523438254556514 0.26498374521694579  3.5313865733737133 0.36381587610569183  3.5145310358775732 0.47229864051503567  3.5018592071444186 0.58751722875544676  3.4934120256093157 0.70698912551138593  3.4891910403681017 0.82851504546756261  3.4891910403681017 0.94999999999999962 
 0 8 0.27744874356728255 6 1 8
8 1.3807828808234428e-06 1
7 0 0  7 14 3  9.9383671280388164 -6.0000000000000008e-07  9.925856251576505 0.017222423006527304  9.9137294935032401 0.037634320786591798  9.9020362228764647 0.061021313177289031  9.8908215213249449 0.087153928570622458  9.880125652943363 0.11578659116179484  9.8699835341869449 0.14665720819749967  9.8355291326352372 0.26498374521694579  9.8145718805532987 0.36381587610569183  9.797716343057159 0.47229864051503567  9.7850445143240048 0.58751722875544676  9.7765973327889029 0.70698912551138593  9.7723763475476879 0.82851504546756261  9.7723763475476879 0.94999999999999962 
 0 8 0.27744874356728255 6 1 8
1 6.2831853071795862 -0 0 1 
1 0 -0 0 1 
7 0 0  7 44 8  0.75000055811869348 2.1499999999999995  0.75000055811869348 2.2710802849842011  0.74720529392390367 2.3922777442546685  0.74160489476475555 2.5115638759766443  0.73317789380830434 2.6267794474397301  0.72191483450271943 2.7354504252182856  0.70782843809465579 2.8346301403372967  0.67541041536945223 3.000023875168349  0.65715409016631665 3.0697575806599326  0.63662988424380362 3.1232129782041507  0.61456548758184693 3.1560055421755044  0.59182281394355429 3.1658722000987591  0.56931596847058907 3.1526784877710607  0.52649987303889656 3.0845748504879071  0.5066876332977811 3.0305704849098687  0.48885305466829643 2.9599440854122605  0.47328042786656871 2.8759486766518667  0.46015995445849622 2.7817981189957997  0.4495884149848216 2.6806913866100195  0.43209489046063598 2.4526702060974994  0.42593847352644226 2.3219003276705994  0.42318564434927119 2.1870139410311094  0.42386247684895784 2.0512537455300799  0.42794273383333653 1.9175843130439478  0.43538718776360352 1.7888318453856029  0.45466823315533927 1.5735677979125768  0.46531106510171721 1.4828803052132109  0.47811678029187638 1.3988341049632533  0.49298815614426889 1.3240725563054276  0.50975139699117422 1.2611990644516133  0.52815986698615081 1.2127847493416379  0.56775989775544389 1.1497966112425868  0.58861032383193357 1.1360746888901025  0.60974490561127737 1.1421800543187746  0.63040827094266338 1.1682074283313479  0.64987723996208457 1.2125311033170394  0.66752384144026566 1.2718111547755757  0.70203218143461998 1.4265560375331015  0.71804743874139287 1.5287560332497021  0.73086509712425363 1.6427149530359864  0.74045566434892562 1.7647219231172899  0.7468246267000187 1.8916851864737685  0.75000055811869348 2.0209382215282092  0.75000055811869348 2.1499999999999995 
 0 8 0.14920262762649122 6 0.28733451783981756 6 0.42511387631409814 6 0.58679104814839678 6 0.71373296209664383 6 0.84169597125153006 6 1 8
7 0 0  7 44 8  0 6.11882341631134  0.12108028498420147 6.11882341631134  0.2422774852970388 6.1216186138287645  0.36446411854952676 6.1272193525076615  0.48840059558521776 6.1353443081204171  0.6149170943586999 6.1453980501719547  0.74491128629359804 6.1564159749588319  1.0043833762854737 6.1770800003440955  1.1357248259020938 6.1869689787489373  1.2708274439877845 6.1954770633208938  1.4081557109910792 6.2010326555113027  1.5465648475536842 6.2026168915787645  1.6850239678323242 6.2003411257463146  1.9588736127035165 6.1896931958045673  2.0910588952488816 6.1814621336992817  2.2194859850766444 6.1712955647835468  2.3446135296757062 6.1604248837857414  2.4666998824418216 6.1500040418378381  2.5858225574306153 6.1409022006591938  2.8378278217417021 6.1250735864267334  2.9721891770341591 6.1188647742876796  3.105510429612143 6.1158985208364962  3.2384629476214277 6.1166253444182086  3.3718587284670152 6.1209353524821255  3.5066409504114762 6.1282943100334961  3.7522901647507427 6.1451904189085038  3.8632662283743113 6.1540016348773134  3.9769391067953257 6.1637205527376864  4.0933124522961295 6.1736026392445496  4.2125388183431198 6.1827173948774945  4.3349289342864825 6.1901060195120037  4.5882087874286297 6.1999541466957444  4.7168424078554425 6.2022828420939042  4.8456639583445131 6.2013228905028601  4.9737045538682434 6.1969274207769036  5.0999339555341692 6.1898004221436542  5.223025329422021 6.1811417319518762  5.4862930486340815 6.1608582386221  5.6261324968920903 6.1488223379500555  5.7618106757652079 6.1375689756219272  5.8943942993446647 6.1283688241420426  6.0248709466957244 6.1219992219934198  6.154123528707796 6.11882341631134  6.2831853071795862 6.11882341631134 
 0 8 0.14920262762649122 6 0.28733451783981756 6 0.42511387631409814 6 0.58679104814839678 6 0.71373296209664383 6 0.84169597125153006 6 1 8
7 0 0  7 14 3  0 6.7374382155177397  0.12148495453233499 6.7374382155177397  0.24301065962839236 6.73321729160938  0.36541201892825892 6.7247698106026093  0.48942307131067664 6.7125565263178508  0.61583855802611065 6.6975349013315295  0.7455170282362209 6.6811744889396616  0.93114941566179676 6.6592124268381809  0.98332053832178534 6.6531901949405636  1.0361193674489262 6.6473555494127163  1.0895199384533172 6.6418301521119698  1.1435081551209412 6.6367348072303951  1.1980796790432642 6.632183413503399  1.2532378190468396 6.6282769164183231 
 0 8 0.72255125643254736 6 1 8
7 0 0  7 14 3  3.4891910403681017 0.94999999999999962  3.4891910403681017 1.0714849545323346  3.4934120256093202 1.1930108744888177  3.5018592071444004 1.3124827712443554  3.5145310358776141 1.4277013594851571  3.5313865733736693 1.5361841238941425  3.552343825455671 1.6350162547831213  3.5867982270073604 1.753342791802506  3.5969403457637772 1.7842134088382056  3.6076362141453591 1.8128460714293773  3.6188509156968816 1.8389786868227136  3.6305441863236547 1.8623656792134113  3.6426709443969192 1.8827775769934718  3.6551818208592306 1.9000006 
 0 8 0.72255125643254736 6 1 8
8 0 0.99999861921713318
7 0 0  7 14 3  9.7723763475476879 0.94999999999999962  9.7723763475476879 1.0714849545323346  9.7765973327889064 1.1930108744888177  9.785044514323987 1.3124827712443554  9.7977163430571999 1.4277013594851571  9.814571880553256 1.5361841238941425  9.8355291326352567 1.6350162547831213  9.8699835341869466 1.753342791802506  9.880125652943363 1.7842134088382056  9.8908215213249449 1.8128460714293773  9.9020362228764682 1.8389786868227136  9.9137294935032401 1.8623656792134113  9.925856251576505 1.8827775769934718  9.9383671280388164 1.9000006 
 0 8 0.72255125643254736 6 1 8
8 6.1158979208364963 10.816654426391974
1 1.2532358975033757 0 0 1 
8 6.1158979208364963 10.816654426391974
1 -9.1732050807568868 -5.7401923788646689 0.83205029433784372 0.55470019622522915 
1 0 2.6000000000000005 1 0 
8 3.2369753125980028 3.6551813850181034
1 6.2831853071795862 0 1 0 
1 9.938366692197695 1.8999999999999999 -1 -0 
2 0 0 -0.87098695434851625 -0.49130614219109447 -0.49130614219109447 0.87098695434851625 4.2000000000000002
2 0 0 1 0 -0 1 2.1800000000000002
1 0 2.1999999999999997 1 0 
1 0 4.5 1 0 
1 0 4.5 1 0 
1 6.9024872673078281 1.8 -1 -0 
2 0 0 0.81428384405348175 0.58046689941243435 0.58046689941243435 -0.81428384405348175 3.2000000000000002
1 0 1.4000000000000004 1 0 
2 0 0 1 0 -0 1 2.1800000000000002
1 0 1.4000000000000004 1 0 
2 0 0 1 0 -0 1 2.1800000000000002
3 24.846628329841995 -19.199999999999999 -1 -0 0 -1 3.3128837773122659 3.2000000000000002
7 0 0  5 6 2  6.0946632685656477 1.3299094340097337  6.1323676762884354 1.2981530629895872  6.1700720840112382 1.2661111413772144  6.2077764917340232 1.2338777215934673  6.2454808994567985 1.2015485515743829  6.2831853071795862 1.1692193816530558 
 1.3822742881809584 6 1.5707963267948963 6
8 1.4454684956268324 1.5707963267948963
7 0 0  5 6 2  6.0946632685656477 1.3299094340097337  6.1323676762884354 1.2981530629895872  6.1700720840112382 1.2661111413772144  6.2077764917340232 1.2338777215934673  6.2454808994567985 1.2015485515743829  6.2831853071795862 1.1692193816530558 
 1.3822742881809584 6 1.5707963267948963 6
3 24.846628329841995 -19.199999999999999 -1 -0 0 -1 3.3128837773122664 3.1999999999999993
3 24.846628329841995 -19.199999999999999 -1 -0 0 -1 3.3128837773122659 3.2000000000000002
7 0 0  5 6 2  0 1.1692193816530558  0.11923479021299799 1.0669830112618011  0.23846958042599375 0.96474633613740401  0.35770437063899641 0.865539334582488  0.47693916085199173 0.77238449519977259  0.59617395106498972 0.68778492939897173 
 1.5707963267948963 6 2.1669702778598863 6
8 1.5707963267948963 2.093325312634355
7 0 0  5 6 2  6.2831853071795862 1.1692193816530558  6.402420097392584 1.0669830112618011  6.52165488760558 0.96474633613740401  6.6408896778185831 0.865539334582488  6.7601244680315782 0.77238449519977259  6.8793592582445759 0.68778492939897173 
 1.5707963267948963 6 2.1669702778598863 6
3 24.846628329841995 -19.199999999999999 -1 -0 0 -1 3.3128837773122664 3.1999999999999993
1 18.800000000000001 -50.200000000000003 1 0 
1 6.2831853071795862 -0 0 1 
1 0 -0 0 1 
1 0 0 1 0 
2 0 0 1 0 -0 1 6.2000000000000002
2 0 0 1 0 -0 1 6.2000000000000002
2 2 -2.5 1 0 -0 1 6.2000000000000002
1 0 2.2999999999999998 1 0 
8 1.5999999999999996 10
1 3.3685603004484843 -2.2999999999999998 0 1 
8 1.5999999999999996 10
1 1.8992509447251926 0 0 1 
2 2 -2.5 1 0 -0 1 6.2000000000000002
1 0 9.3000000000000007 1 0 
8 10.699999999999999 11.6000006
1 3.0284481758250639 0 0 1 
8 10.699999999999999 11.6000006
1 2.0396428674954237 10.800000000000001 0 -1 
8 -5.999999999062311e-07 0.29999999999999982
1 2.1402970369827532 -0.79999999999999982 0 -1 
8 -5.999999999062311e-07 0.29999999999999982
1 3.0265851943497193 0 0 1 
8 -5.999999999062311e-07 0.29999999999999982
1 2.3416725936492764 -0.79999999999999982 0 -1 
8 -5.999999999062311e-07 0.29999999999999982
1 2.8591643929665009 0 0 1 
8 10.699999999999999 11.6000006
1 2.8638416425830018 0 0 1 
8 10.699999999999999 11.6000006
1 2.2376179256944617 10.800000000000001 0 -1 
3 47.615028752618507 -10.199999999999999 -1 0 -0 -1 6.315184700501506 6.0999999999999996
7 0 0  6 7 2  2.0544656935159193 0.47009056599026522  1.8932425712755785 0.59263435493195482  1.7320194490352492 0.67004385667640776  1.5707963267948344 0.69658625518620454  1.4095732045545759 0.67004385667640776  1.2483500823142155 0.5926343549319556  1.0871269600738747 0.47009056599026611 
 5.7995159404585639 7 6.7668546739006086 7
7 0 0  6 7 2  1.9785024069553929 0.52360094137449575  1.8426003802352275 0.61167668506844664  1.7066983535150939 0.66649613795977558  1.570796326794806 0.68513140548043339  1.4348943000747596 0.66649613795977558  1.298992273354566 0.61167668506844652  1.1630902466344006 0.52360094137449575 
 5.8754792270190901 7 6.6908913873400824 7
8 0.020000000000000462 0.68513195269107108
1 1.8703376314769138 0 0 1 
8 0.020000000000000462 0.68513195269107108
1 -0.021621151640879077 -2 0 1 
7 0 0  5 6 2  1.9785024069554447 0.36904935697000063  1.9567752697118621 0.36099409570232743  1.9350852492624415 0.35562530874602405  1.9134483570700531 0.3523408993051026  1.8918681408468947 0.35064953791148024  1.8703375285323371 0.35014166250114198 
 0 6 1 6
7 0 0  5 6 2  4.5602880386978679 2.7813226755101459  4.5925090837685527 2.9029946440742056  4.6224501560780551 3.0258860406583508  4.6501949927133275 3.1497774313824971  4.6757950397674497 3.2745120306039848  4.6992849893994819 3.4000005999999998 
 0 6 1 6
8 19.25351715393986 21.220541896719009
1 20.596940245603033 -8.3999999999999986 1 0 
8 19.25351715393986 21.220541896719009
1 20.247469465890106 4.0158813316413431 -0.96592582628906831 -0.25881904510252074 
1 0 3.3999999999999999 1 0 
2 0 0 1 0 -0 1 1.6499999999999999
8 -5.999999999062311e-07 3.4000005999999998
1 40.261611839494392 -4.9999999999999991 0 -1 
8 -5.999999999062311e-07 3.4000005999999998
1 5.5746353222192466 0 0 1 
1 0 0 1 0 
2 0 0 1 0 -0 1 1.6499999999999999
3 -0.26449222818397633 0 1 0 -0 1 1.5521271362967775 1.55
7 0 0  5 6 2  4.6247884666918742 0.14234243727355  4.8134893280912774 0.15761221963956101  5.0021901894906904 0.17319888917698134  5.1908910508900874 0.1879662868673222  5.3795919122894871 0.20074438398442446  5.5682927736888903 0.21079281050408127 
 4.624788466691875 6 5.5682927736888912 6
3 -0.17802216720898034 0 1 0 -0 1 1.5509447936631737 1.55
7 0 0  5 6 2  4.5685854976718403 0.04335999164861537  4.7685269528752494 0.054070554780090749  4.968468408078671 0.065169214065053604  5.1684098632820721 0.075761083574126697  5.3683513184854794 0.084897371704427002  5.5682927736888885 0.09199176195460268 
 4.5685854976718412 6 5.5682927736888885 6
8 19.25351715393986 21.220541896719009
1 20.596940245603033 -4.9999999999999991 1 0 
8 19.25351715393986 21.220541896719009
1 20.247469465890106 4.0158813316413431 -0.96592582628906831 -0.25881904510252074 
7 0 0  5 6 2  4.739991236500555 0.19917150972370123  4.7401005818830209 0.17975781091990956  4.7402099272654965 0.16034418537727957  4.7403192726479588 0.14093063357928548  4.7404286180304203 0.12151715600966138  4.7405379634128861 0.10210375315187292 
 1.5983985829107576 6 1.5989453098230888 6
7 0 0  5 6 2  4.6847867242688332 0.097067156571823965  4.6846773788863674 0.077653457768032272  4.6845680335039077 0.058239832225399524  4.6844586881214454 0.038826280427408433  4.684349342738968 0.019412802857784111  4.6842399973565021 -6.0000000434712319e-07 
 1.5983985829107576 6 1.5989453098230888 6
3 36.113114219781075 -160.72447415659909 -0.03371170046685229 -0.9994315990860172 0.9994315990860172 -0.03371170046685229 171.59961285524946 1.55
7 0 0  5 6 2  5.4054499699429766 -6.0000011981031776e-07  5.4137216289111469 0.59351084233156493  5.4219932878793315 1.2003531768805047  5.4302649468474939 1.820441803268471  5.4385366058156581 2.4536883199895319  5.4468082647838285 3.1000005999999041 
 3.5730065548078405 6 3.6143648496486924 6
1 0 0 1 0 
2 0 0 1 0 -0 1 1.55
7 0 0  5 6 2  4.721726127081542 0.10159548931553974  4.8515995671192975 0.10510910760617943  4.9814730071570565 0.10861741775314737  5.1113464471948191 0.11199684072495186  5.241219887232563 0.11512461692317537  5.3710933272703185 0.1179032580417525 
 4.721726127081542 6 5.3710933272703185 6
3 -0.087256958830639511 0 1 0 -0 1 1.5502361084680567 1.55
8 19.527866588790907 21.20519058606903
1 20.624344605963319 -4.236502458757089 0.9994315990860172 -0.03371170046685229 
8 19.527866588790907 21.20519058606903
1 20.413240201134329 4.0087885612612491 -0.96596523308705551 -0.25867193212072837 
3 36.113114219781075 -110.41352071769484 -0.050557290160495511 -0.99872116249312926 0.99872116249312926 -0.050557290160495511 114.42878955325624 1.55
7 0 0  5 6 2  5.3665695354377076 -6.0000001056437213e-07  5.3796980744178455 0.5748797281225636  5.3928266133979932 1.1725345723561063  5.4059551523781266 1.7927575061785372  5.4190836913582592 2.435325739825716  5.4322122303383971 3.1000006000000191 
 3.5343164685979636 6 3.5999591634986534 6
7 0 0  5 6 2  4.7763631543646277 0.10307253652288573  4.8877111331513179 0.1060789324924391  4.9990591119380099 0.10905852966811747  5.1104070907247063 0.11193362633384307  5.2217550695113877 0.11462809679001953  5.3331030482980779 0.1170787028100797 
 4.7763631543646277 6 5.3331030482980779 6
3 -0.087256958830637901 0 1 0 -0 1 1.5502361084680567 1.55
8 19.603216067282023 21.184616399064893
1 20.659957425276943 -3.7785492904991544 0.99872116249312926 -0.050557290160495497 
8 19.603216067282023 21.184616399064893
1 20.486990053106958 3.9995712853730891 -0.96601445334844804 -0.25848805760015114 
3 36.113114219781075 -85.217165082544895 -0.067390563678447965 -0.99772667195334674 0.99772667195334674 -0.067390563678447965 85.852105210472843 1.55
7 0 0  5 6 2  5.3227138829259308 -6.0000000079440952e-07  5.3414473787833634 0.55008806492135398  5.3601808746407968 1.1355603899644695  5.3789143704982436 1.7560141978371995  5.3976478663556584 2.4109955228596682  5.416381362213091 3.10000059999998 
 3.4907272550809889 6 3.5843947343681495 6
7 0 0  5 6 2  4.8300149853797159 0.10451795251410001  4.9223567458272584 0.10699902778635342  5.0146985062748186 0.10944626319836614  5.1070402667223433 0.11181556756943456  5.1993820271698867 0.11406411855788175  5.2917237876174292 0.11615479585942712 
 4.8300149853797167 6 5.2917237876174301 6
3 -0.087256958830640385 0 1 0 -0 1 1.5502361084680569 1.55
8 19.671822375248851 21.15533314987433
1 20.710242004633617 -3.3204084420310354 0.99772667195334674 -0.067390563678447979 
8 19.671822375248851 21.15533314987433
1 20.554618887605013 3.9865566785606132 -0.96608329035731266 -0.25823066450828114 
3 36.113114219781075 -70.06661629431207 -0.084207409764177607 -0.99644824860140535 0.99644824860140535 -0.084207409764177607 68.713086874050475 1.55
7 0 0  5 6 2  5.2717708036074153 -6.0000002477522685e-07  5.2972562079774903 0.514924535581747  5.3227416123475635 1.0831555049391106  5.3482270167176509 1.7039955988650703  5.3737124210877143 2.3766036005661775  5.3991978254577893 3.1000005999998983 
 3.4401266567644755 6 3.5675536786148494 6
7 0 0  5 6 2  4.8828066167673674 0.10593129700146875  4.9553074061306903 0.10786441654130619  5.0278081954940106 0.10976738865262692  5.1003089848573495 0.11161904034418813  5.1728097742206591 0.11339887533979079  5.2453105635839821 0.11508839666170623 
 4.8828066167673683 6 5.2453105635839821 6
3 -0.087256958830638831 0 1 0 -0 1 1.5502361084680569 1.55
8 19.733659604903227 21.117255498461635
1 20.775229885611555 -2.8625439178071295 0.99644824860140535 -0.084207409764177593 
8 19.733659604903227 21.117255498461635
1 20.616102910832417 3.9697365772626645 -0.96617167279479477 -0.25789978419709492 
3 36.113114219781075 -59.938936308096586 -0.10100371216488979 -0.99488604881610043 0.99488604881610043 -0.10100371216488979 57.292912722323159 1.55
7 0 0  5 6 2  5.2093143650044542 -6.0000002832794053e-07  5.2435541666134702 0.45945235115126914  5.2777939682224897 1.0004985319091659  5.3120337698315154 1.6220160372065369  5.3462735714405145 2.3224831598232152  5.3805133730495305 3.1000005999999392 
 3.3780886784616739 6 3.5492876865067515 6
8 19.788702464342538 21.070295662576168
1 20.854938943194618 -2.4054213923844863 0.99488604881610043 -0.10100371216488979 
8 19.788702464342538 21.070295662576168
1 20.671417701389032 3.9491063550929963 -0.96627950902006343 -0.25749545714040289 
1 0 4.4000000000000004 1 0 
1 0 -4.2000000000000002 1 0 
8 -5.8499999999999996 -5.25
1 1.4499999999999997 7.0999999999999996 -1 0 
8 -5.8499999999999996 -5.25
1 0.10000000000000053 -1.4499999999999997 0 -1 
1 0 4.4000000000000004 1 0 
1 0 0 1 0 
1 3.4000000000000004 0 0 -1 
1 4.4000000000000004 0 0 1 
8 1.4499999999999997 5.6500000000000004
1 7.2999999999999998 1.4500000000000002 0 1 
8 1.4499999999999997 5.6500000000000004
1 0.10000000000000053 1.4499999999999997 0 -1 
8 1.25 1.6999999999999997
1 -1.1499999999999995 -0.5 1 0 
8 1.25 1.6999999999999997
1 1.1500000000000004 -0.59999999999999964 1 0 
8 2.4799999999999995 3.4000005999999998
1 0.48612634315100678 2.8999999999999999 0 -1 
8 2.4799999999999995 3.4000005999999998
1 6.0710719967003577 0 0 1 
8 2.8999999999999999 3.3999999999999999
1 6.0710719967003577 0 0 1 
1 6.0710719967003577 3.3999999999999999 1 0 
8 -5.6500000000000021 -2.7499999999999996
1 3.9499999999999997 3.3999999999999999 -1 0 
8 -5.6500000000000021 -2.7499999999999996
1 2.4000000000000004 -3.9499999999999997 0 -1 
2 -2.2999999999999998 5 1 0 -0 1 2.8500000000000001
1 0 2.8999999999999999 1 0 
8 5.8485797815722202 6.0710719967003586
1 0 2.8999999999999999 1 0 
2 0 0 1 0 -0 1 6.2000000000000002
1 -5 5.5999999999999996 1 0 
1 0 0 1 0 
2 0 0 1 0 -0 1 6.0999999999999996
8 1.1630902466343986 1.9785024069554447
1 0 0 1 0 
2 0 0 1 0 -0 1 6.0999999999999996
2 0 0 -1 0 0 1 6.0999999999999996
7 0 0  5 6 2  1.1830544425506271 0.1072087051801951  1.2041261745921488 0.10668092356479951  1.2251979066336762 0.10614746429400013  1.2462696386751908 0.1056088155829813  1.2673413707167145 0.10506547616229289  1.2884131027582362 0.10451795251410001 
 1.1830544425506271 6 1.2884131027582357 6
3 -0.087295040841617502 0 1 0 -0 1 1.5502361084680569 1.55
7 0 0  5 6 2  1.0998402666351061 0.10925516041258287  1.1485975342343533 0.10807962429826529  1.1973548018336029 0.10686760886068991  1.2461120694328471 0.10562493570738307  1.2948693370320949 0.10435778967063339  1.3436266046313421 0.1030725365228875 
 1.0998402666351059 6 1.3436266046313416 6
3 -0.087295040841616212 0 1 0 -0 1 1.5502361084680567 1.55
7 0 0  5 6 2  1.040240396985519 0.11066946404202671  1.1120583221381455 0.10899352520986468  1.1838762472907725 0.10722932161585685  1.2556941724433983 0.1053948576695849  1.3275120975960251 0.10351005473357489  1.3993300227486516 0.10159548931554063 
 1.0402403969855183 6 1.3993300227486511 6
3 -0.087295040841614588 0 1 0 -0 1 1.5502361084680567 1.55
3 -0.1781745532836867 0 1 0 -0 1 1.5509447936631737 1.55
7 0 0  5 6 2  0.80191780253935296 0.080022922475809999  0.94781229851486071 0.074347521282631127  1.0937067944903678 0.067670857273779639  1.2396012904658793 0.060243875585112905  1.3854957864413837 0.052409794410934026  1.5313902824168915 0.044519065383429535 
 0.80191780253935296 6 1.5313902824168917 6
1 0 0 1 0 
2 0 0 1 0 -0 1 1.6499999999999999
1 0 3.3999999999999999 1 0 
2 0 0 1 0 -0 1 1.6499999999999999
7 0 0  5 6 2  1.271255125057456 0.36588157804128807  1.2497511019407652 0.36047198264777724  1.2281911788830926 0.3557458547034334  1.2065629955489252 0.35210054860649365  1.1848616161355505 0.34999999999999803  1.1630902466343986 0.35000000000000009 
 0 6 1 6
7 0 0  5 6 2  1.4319389949033112 3.4000005999999998  1.4556259126857041 3.2746670025273543  1.4813379706356034 3.1500480855838617  1.5090819510483193 3.0262031481105547  1.5388824372582566 2.9032423447168769  1.5707963267949356 2.7813226755104261 
 0 6 1 6
8 0.020000000000000462 0.68513195269106042
1 1.2712550221128796 0 0 1 
8 0.020000000000000462 0.68513195269106042
1 0.22837884835912092 2 0 -1 
8 -5.999999999062311e-07 1.4000005999999994
1 12.418677324489565 -1.2000000000000002 0 1 
8 -5.999999999062311e-07 1.4000005999999994
1 1.9785024069553929 0 0 1 
1 1.9785024069553929 0 0 1 
8 -5.999999999062311e-07 1.9000005999999998
1 14.819091007926627 -2.4000000000000004 0 -1 
8 -5.999999999062311e-07 1.9000005999999998
1 3.2369753125980023 0 0 1 
8 0 1.0999999999999996
1 9.5201606197775881 0 0 1 
8 0.011678870350604775 1.8000005999999997
1 15.825098426722491 0.59999999999999964 0 -1 
8 0.011678870350604775 1.8000005999999997
1 3.2669204847578586 0 0 1 
8 6.2999999999999998 7.3570114326016594
1 9.5 -1.2000000000000002 1 0 
8 6.2999999999999998 7.3570114326016594
1 -9.5 -0.40000000000000036 1 0 
1 0 1.8 1 0 
2 0 0 1 0 -0 1 3.2000000000000002
1 6.2831853071795862 1.4000000000000004 0 1 
1 0 1.4000000000000004 0 1 
7 0 0  6 37 8  6.1087166067049896 19.593338652178883  6.1111285530380517 19.554113335251451  6.113458447961853 19.513506272857249  6.1157389348396105 19.470537407854351  6.1179560975136198 19.424489622327272  6.1200522271371183 19.374854436695472  6.1226851979748984 19.299667254736015  6.1234093951806114 19.277325705323822  6.1240947823361767 19.254195631606208  6.1247331322023841 19.230231796630317  6.125314491645212 19.20539350335995  6.1263800429078614 19.151878157512396  6.1268568746575296 19.122861135524204  6.1272331984613908 19.092911301411572  6.1274918482272591 19.062294767386483  6.1276227596465374 19.031248027505001  6.1276227596465374 18.974765338474292  6.1275374010987385 18.949612419853722  6.1273676516141515 18.924684439729443  6.127118149872647 18.900137280852245  6.1267972056229718 18.876139513132575  6.1261614023985826 18.837251293914782  6.1258786491110184 18.821926075144237  6.1255710081833259 18.806897899764952  6.1252409016864071 18.79216851836226  6.1248907053987827 18.777740269670769  6.1231757341955033 18.711910282970884  6.121583002045992 18.663984330993308  6.1198389451298132 18.619495194557491  6.1180046924974691 18.578004967838208  6.1161057519982522 18.53891622627043  6.1132525677455947 18.484767786111188  6.1123633361478982 18.468492930271498  6.1114640668548885 18.452570198412154  6.1105561278952125 18.436975754899482  6.1096402660204276 18.421682755588133  6.1087166067049887 18.40666134782111 
 0 7 0.27243219192829948 5 0.38226454785087993 5 0.50070270173904607 5 0.59634863409813499 5 0.66056348666115428 5 0.89564106506979024 5 1 7
7 0 0  6 37 8  1.2951450405013407 0.29999939999999981  1.3138442345257171 0.36294565408942941  1.3330834608672393 0.42378267518687085  1.3533287002947541 0.48335757773296789  1.3749044575482521 0.54130590250869592  1.3980346761146885 0.59611471518955317  1.4329049507568163 0.6649832191469921  1.4432486133820372 0.68392838851923621  1.4539395460445508 0.70186086649345658  1.4649986657660758 0.71856483770976787  1.4764452621953499 0.73377921455859385  1.5010773632013859 0.76166744610082027  1.5144171433995914 0.77414889746353577  1.5281711631221 0.78400049533471561  1.5422207454397461 0.79077197410635858  1.5564623692237951 0.79419922548597022  1.5823718596048568 0.79419922548597022  1.5939097901332666 0.79196451339694696  1.6053475414683069 0.78752049065123375  1.616616099564981 0.78098879962136236  1.6276400132451154 0.77258732362006455  1.6455194114950669 0.75594515544476926  1.6525695822617337 0.74854440147615275  1.6594877450473089 0.74049267191276857  1.6662733627933928 0.73185349376249853  1.6729255228332367 0.72268917412275757  1.7033018706618823 0.67781327192153684  1.7254911661148871 0.63614512203596052  1.7461739359667485 0.5905327709763879  1.7655458099145915 0.54257969503589709  1.7838765991337762 0.49295425666405907  1.8093916093786735 0.41842275269810347  1.8170777655528283 0.39519817401528062  1.8246148714506614 0.37171573563093158  1.8320137493551842 0.34801137618661687  1.8392867221038316 0.32410478458703068  1.8464476130884595 0.29999939999999986 
 0 7 0.27243219192829948 5 0.38226454785087993 5 0.50070270173904607 5 0.59634863409813499 5 0.66056348666115428 5 0.89564106506979024 5 1 7
7 0 0  10 128 15  1.2951452187410042 2.6000000000000019  1.3054409084646461 2.6346578991245178  1.3158881789271484 2.6687237101443078  1.3265470616669923 2.7023066077113018  1.3374704009162095 2.7354543044983233  1.3487045041627108 2.7681541013204738  1.3602897927126159 2.8003339372565144  1.3722614522525753 2.831863439770252  1.3846500834121003 2.8625549748319283  1.3974823523258872 2.8921646970395964  1.4120284495277335 2.9230400593687222  1.4132794455758062 2.9256745461320333  1.4145343997731037 2.9282963249305238  1.4157934614310836 2.9309054011473088  1.4170568139366178 2.9335018432906725  1.418324489275625 2.936085418651265  1.4195963418836541 2.9386555419742941  1.4208721818234082 2.9412115371467613  1.4221520672892138 2.9437532118997103  1.4284149268916713 2.9560798133254851  1.4334672847865684 2.9656845096688107  1.4385959665563803 2.9750796464983784  1.443803044440169 2.9842475238910624  1.4490905292429985 2.9931689300577156  1.4544603730961394 3.0018231413431664  1.4599144722172668 3.0101879222262244  1.4654546696706572 3.018239525319673  1.4710827581273889 3.0259526913702777  1.478051234859511 3.0349080150468923  1.4793063504089616 3.0364979853678897  1.4805656075809013 3.0380700191491385  1.481829178311713 3.0396240009081672  1.4830972432647704 3.0411598203932102  1.4843697978143753 3.0426771611167753  1.4856466489160183 3.0441754977822342  1.4869276028629534 3.0456543026034142  1.4882128439290983 3.047113460517223  1.4945048112786978 3.0541355702809803  1.4995836227580945 3.059431587393024  1.5047333507075471 3.0644129956096853  1.5099477406112789 3.0690532820969421  1.5152208397989597 3.073328356188207  1.5205469661780331 3.0772165353700727  1.5259206769660523 3.0806985312680339  1.5313367374230082 3.0837574356322341  1.5367900895836666 3.086378706323202  1.5446758284801159 3.0895001613488775  1.5470820335427402 3.090364070329418  1.5494940247889748 3.0911408594421186  1.5519113961515498 3.0918295940621157  1.5543337463827811 3.0924294255121398  1.5567606785526569 3.0929395908378936  1.5591917995469085 3.0933594125834216  1.5616267195650919 3.0936882985664873  1.5640650516186623 3.0939257416539481  1.5687951854762949 3.0942077988026009  1.5710855283814824 3.0942635384526334  1.5733854325987977 3.0942382842478766  1.5756733796690241 3.0941309703426669  1.577960943832295 3.0939433222956723  1.5802501551312162 3.093675195227843  1.5825336617587709 3.0933261633255826  1.5848146896003203 3.0928977583229456  1.5870923558964201 3.0923898888568173  1.59362923826933 3.0907036174546882  1.5978786811435182 3.089327253644627  1.6021117045224291 3.0876783344655792  1.6063255649655706 3.0857619353410444  1.6105174527520763 3.0835841408957387  1.6146844908275919 3.0811520449555792  1.6188237337511673 3.0784737505477002  1.6229321666421472 3.0755583699004423  1.6270067041270628 3.0724160244433576  1.6345769888010482 3.0661194376255838  1.6380813935193146 3.0630158707353985  1.6415577404841315 3.0597516749694478  1.6449819855333772 3.0563578727887943  1.6484277996642049 3.0527681176899932  1.6517889488022774 3.0490891054505482  1.655160183145199 3.0452374064770993  1.6584858120131685 3.0412703394831624  1.6617868795225157 3.0371738745552621  1.6679213127832397 3.0292687890685812  1.670762240518415 3.0254873825693096  1.6735787075218469 3.0216212124579216  1.6763795972685329 3.0176604708220109  1.6791499164428387 3.013630935929541  1.6818977221191744 3.0095245768636234  1.6846329054573288 3.0053299485975002  1.6873427327545343 3.0010684280995497  1.6900338769115841 2.9967336809826963  1.7020537151777451 2.9769196291962303  1.7111586083130377 2.9606684565719865  1.7200285084763969 2.9436912001366728  1.7286728977575527 2.9260888983197129  1.7371019950508462 2.907949275126346  1.745326887758782 2.8893465469299242  1.7533596634955881 2.8703412292642314  1.7612135417907726 2.8509799436157812  1.7689030057926793 2.8312952242161278  1.7783291660168821 2.8063078499886864  1.780205114422208 2.8012913016732548  1.7820720272007997 2.7962559652781547  1.7839301577892339 2.7912020704623037  1.7857797651718226 2.7861297909779714  1.7876211140045555 2.7810392444954872  1.7894544747390373 2.7759304924279418  1.7912801237464311 2.7708035397558968  1.7930983434413981 2.7656583348520849  1.7962677316295164 2.7566220951466494  1.7976219224886354 2.7527393934559643  1.7989730437406251 2.7488438880993273  1.8003177239908836 2.7449457824375711  1.8016625593045319 2.7410260468168417  1.8030034312221688 2.7370969340932789  1.8043362884937779 2.733170609292574  1.805667734261587 2.7292281571107124  1.8069940862193601 2.7252805553148582  1.8122834231503782 2.7094582268643608  1.816213186456713 2.6975227799767905  1.8201067510040754 2.6855233354470904  1.8239652133333977 2.67346397554476  1.8277897264627174 2.6613481619012171  1.8315815004563127 2.6491787355098153  1.8353418029938335 2.6369579167258279  1.8390719599394321 2.6246873052664577  1.8427733559108987 2.6123678802108321  1.8464474348487898 2.600000000000005 
 4.3280133677599138e-07 11 0.2500002163690655 9 0.27343769607854873 9 0.36425792995278511 9 0.38412485611278169 9 0.46110919498272646 9 0.49478984323830927 9 0.52636545097791676 9 0.58556971548968328 9 0.6373734469374831 9 0.68270171195431995 9 0.84135063951323874 9 0.88101287140295481 9 0.9107595453202334 9 0.99999956707205317 11
1 0 2.6000000000000005 1 0 
8 0.52296684300014784 2.6186258105896454
1 6.2831853071795862 0 1 0 
2 11 3.5 1 0 -0 1 4.2000000000000002
1 0 1.0999999999999996 1 0 
8 2.5711976729457318 3.2369753125980028
1 6.2831853071795862 1.0999999999999996 1 0 
1 0 0 0 1 
1 0 0 1 0 
1 0 7 1 0 
1 0 0 0 1 
2 11 3.5 1 0 -0 1 4.2000000000000002
1 0 0.79999999999999982 1 0 
8 2.5711976729457318 3.2369753125980028
1 6.2831853071795862 0.79999999999999982 1 0 
8 0.52296684300014784 2.6186258105896454
1 6.2831853071795862 1.8999999999999999 1 0 
1 0 11.800000000000001 1 0 
7 0 0  6 37 8  0.17446870047459617 19.593338652178879  0.17205675414154145 19.554113335251571  0.16972685921773251 19.5135062728572  0.16744637233997675 19.470537407854469  0.16522920966596197 19.424489622327116  0.16313308004247407 19.374854436695635  0.16050010920477309 19.299667254738441  0.15977591199896327 19.277325705322781  0.15909052484333455 19.254195631603469  0.15845217497717459 19.230231796629983  0.15787081553444027 19.20539350336324  0.15680526427172439 19.151878157512371  0.15632843252205642 19.122861135524243  0.1559521087181952 19.092911301411593  0.15569345895232606 19.062294767386458  0.15556254753304888 19.031248027505015  0.15556254753304888 18.974765338481184  0.15564790608090226 18.949612419852141  0.15581765556548824 18.924684439722753  0.15606715730691309 18.900137280850185  0.15638810155651017 18.876139513138884  0.15702390478088749 18.837251293921867  0.15730665806861685 18.821926075143175  0.1576142989963919 18.806897899758692  0.15794440549320043 18.792168518360096  0.15829460178065455 18.777740269676499  0.16000957298412399 18.711910282969285  0.16160230513353926 18.663984330995888  0.16334636204973038 18.619495194557231  0.16518061468220735 18.57800496783684  0.1670795551812832 18.538916226271397  0.16993273943396803 18.484767786111604  0.17082197103168931 18.468492930271488  0.17172124032471447 18.452570198411873  0.17262917928437616 18.436975754899397  0.17354504115913835 18.421682755588439  0.17446870047459662 18.406661347821117 
 0 7 0.27243219212358544 5 0.3822645481126915 5 0.50070270205767498 5 0.59634863443643993 5 0.66056348696613798 5 0.89564106516667086 5 1 7
7 0 0  6 37 8  1.2951450405013425 2.2000005999999992  1.3138442345256593 2.1370543459107703  1.3330834608672519 2.0762173248130402  1.3533287002947199 2.0166424222671337  1.3749044575483123 1.9586940974911511  1.3980346761146132 1.9038852848106063  1.432904950755691 1.8350167808552282  1.4432486133825118 1.8160716114804492  1.4539395460458155 1.7981391335045986  1.4649986657662348 1.781435162289523  1.4764452621938358 1.7662207854431191  1.5010773632013956 1.7383325538991656  1.514417143399571 1.7258511025364747  1.5281711631220922 1.7159995046652847  1.5422207454397581 1.7092280258936228  1.5564623692237884 1.7058007745140216  1.5823718596016907 1.7058007745140216  1.5939097901339963 1.7080354866045078  1.6053475414713807 1.712479509350141  1.6166160995659242 1.7190112003779268  1.6276400132422157 1.7274126763772168  1.6455194114918104 1.7440548445521797  1.6525695822622295 1.7514555985250906  1.6594877450501935 1.7595073280906732  1.6662733627943849 1.7681465062380708  1.6729255228305899 1.7773108258733374  1.7033018706626188 1.8221867280795381  1.7254911661137224 1.8638548779626056  1.7461739359668167 1.9094672290224934  1.7655458099152588 1.9574203049664436  1.7838765991333214 2.0070457433345981  1.8093916093784752 2.0815772473012912  1.8170777655528347 2.1048018259847443  1.8246148714507966 2.1282842643694764  1.8320137493552222 2.1519886238134784  1.8392867221036819 2.1758952154124884  1.8464476130884524 2.2000005999999992 
 0 7 0.27243219212358544 5 0.3822645481126915 5 0.50070270205767498 5 0.59634863443643993 5 0.66056348696613798 5 0.89564106516667086 5 1 7
7 0 0  10 128 15  1.295145218741004 11.799999999999997  1.3054409084572327 11.765342100900433  1.3158881789121344 11.731276289904642  1.3265470616440453 11.697693392360987  1.3374704008848783 11.664545695596749  1.3487045041224486 11.631845898796723  1.3602897926627937 11.599666062881884  1.3722614521925025 11.56813656038797  1.3846500833410382 11.537445025344118  1.3974823522430657 11.507835303151499  1.4120284494311854 11.476959940834773  1.4132794454780686 11.474325454072439  1.4145343996741804 11.471703675274892  1.4157934613309724 11.469094599059039  1.4170568138353044 11.466498156916609  1.4183244891730937 11.463914581556924  1.4195963417799 11.461344458234775  1.4208721817184362 11.458788463063145  1.4221520671830228 11.456246788310997  1.428414926779267 11.443920186889182  1.433467284669683 11.434315490547469  1.4385959664351458 11.42492035371844  1.4438030443144712 11.415752476325569  1.4490905291125591 11.406831070158216  1.4544603729605947 11.398176858871635  1.4599144720762482 11.389812077986983  1.4654546695238735 11.381760474891324  1.4710827579747074 11.374047308837604  1.4780512346997743 11.36509198515559  1.4793063502479786 11.363502014833617  1.4805656074186604 11.361929981051238  1.4818291781482107 11.360375999290946  1.483097243100028 11.358840179804604  1.4843697976484302 11.357322839079735  1.4856466487489068 11.355824502412929  1.4869276026946907 11.354345697590267  1.4882128437596609 11.352886539674831  1.4945048111032551 11.345864429903393  1.4995836225779755 11.34056841278419  1.5047333505228566 11.335587004559333  1.5099477404221271 11.330946718062851  1.5152208396054576 11.326671643961356  1.5205469659802957 11.32278346476828  1.5259206767641942 11.319301468858166  1.5313367372171462 11.316242564480907  1.5367900893739184 11.313621293776027  1.5446758282649562 11.310499838729195  1.5470820333259574 11.309635929742061  1.5494940245705939 11.308859140622618  1.5519113959315916 11.308170405995732  1.554333746161269 11.30757057453868  1.5567606783296144 11.307060409205755  1.5591917993223614 11.306640587452915  1.5616267193390665 11.306311701462405  1.564065051391186 11.306074258367378  1.5687951852460549 11.305792201203841  1.5710855281593266 11.305736461504548  1.5733854323239485 11.305761715665358  1.5756733794536557 11.30586902940413  1.5779609435958264 11.30605667756754  1.5802501548649162 11.306324804783799  1.5825336615473133 11.306673836580739  1.5848146893563935 11.307102241590808  1.5870923556626937 11.307610111090952  1.5936292380359824 11.309296382472011  1.5978786809105794 11.310672746268326  1.6021117042898994 11.312321665433604  1.6063255647333556 11.314238064544375  1.6105174525200465 11.31641585897599  1.6146844905956415 11.318847954902614  1.6188237335192763 11.321526249297225  1.6229321664104401 11.324441629931625  1.6270067038958658 11.327583975376434  1.634576988571909 11.333880562172652  1.6380813932391902 11.336984129389748  1.6415577402513009 11.340248324850108  1.6449819848930929 11.343642129329965  1.6484278006537352 11.347231881460175  1.6517889483948238 11.350910895038396  1.6551601829414722 11.354762591887265  1.6584858117403201 11.358729660540121  1.6617868793198054 11.362826125191962  1.6679213125859547 11.370731210669188  1.6707622403316762 11.374512617090456  1.6735787072908805 11.37837878730279  1.6763795971419313 11.382339528435841  1.6791499163082335 11.386369063635357  1.6818977219299995 11.390475423086901  1.6846329053077169 11.39467005099068  1.6873427325724488 11.398931571654126  1.6900338767400549 11.403266318740283  1.7020537150219099 11.423080370526765  1.7111586081687093 11.439331543153903  1.7200285083430558 11.456308799594808  1.7286728976347649 11.473911101419748  1.7371019949381945 11.492050724623125  1.7453268876558297 11.510653452831187  1.7533596634018633 11.529658770509778  1.7612135417057786 11.549020056172036  1.7689030057159332 11.568704775586173  1.7783291659499423 11.59369214983243  1.7802051143572026 11.598708698151672  1.7820720271377053 11.603744034550616  1.7839301577280278 11.608797929370338  1.785779765112484 11.613870208858572  1.7876211139470637 11.618960755344991  1.7894544746833732 11.624069507416516  1.7912801236925784 11.629196460092578  1.7930983433893424 11.634341665000456  1.7962677315805873 11.643377904713105  1.7976219224657826 11.647260606338232  1.7989730435956517 11.651156111880846  1.8003177240636432 11.655054217262659  1.8016625593081699 11.658973952929955  1.8030034311217604 11.662903065909632  1.804336288554623 11.666829390649218  1.8056677341920626 11.670771842803561  1.8069940861811129 11.67471944457122  1.812283423117472 11.690541773035696  1.8162131864277697 11.702477219934016  1.8201067509790232 11.714476664474621  1.8239652133121453 11.726536024387926  1.8277897264451681 11.738651838042468  1.8315815004423714 11.750821264444882  1.8353418029834194 11.76304208323992  1.8390719599324921 11.775312694710447  1.8427733559074138 11.787632119777443  1.8464474348487889 11.799999999999997 
 4.3280133094946773e-07 11 0.2500002163691345 9 0.27343769607861407 9 0.36425792995279005 9 0.38412485611276315 9 0.46110919498275849 9 0.49478984323837311 9 0.52636545097799736 9 0.58556971548980064 9 0.63737344693764675 9 0.68270171195444695 9 0.8413506395132635 9 0.88101287140299489 9 0.91075954532028369 9 0.99999956707206572 11
1 6.2831853071795862 9.9000000000000021 0 1 
1 0 9.9000000000000021 0 1 
1 0 0 1 0 
2 0 0 1 0 -0 1 2.6200000000000001
1 0 1.2 1 0 
2 0 0 1 0 -0 1 2.6200000000000001
1 0 13.4 1 0 
2 0 0 1 0 -0 1 2.1800000000000002
3 41.403371670158009 -19.199999999999999 -1 0 -0 -1 2.2569020732939813 2.1800000000000002
7 0 0  7 8 2  3.4202794206273079 13.470090565990265  3.2420708325326801 13.570171099428201  3.0638622444374732 13.676205378891154  2.8856536563444024 13.783002327201757  2.7074450682478073 13.884906303568641  2.5292364801539406 13.976474855690412  2.3510278920595424 14.053263886057779  2.1728193039649146 14.112215070601032 
 4.4337022133471748 8 5.6811623300095686 8
8 17.005317757317567 18.557167698161219
1 26.001141004540088 7.2852485778287601 0.80850350411968241 -0.58849136257569201 
8 17.005317757317567 18.557167698161219
1 16.59632816415651 2.417171251670938 -0.97786087075963546 -0.20925610489829816 
3 35.340373558749818 -8.3205973006026888 -0.58849136257569201 -0.80850350411968253 0.80850350411968253 -0.58849136257569201 9.9511309831146768 1.55
7 0 0  6 7 2  4.1499317317330089 8.1000005999999942  4.2257392395183384 7.5795189742807745  4.3015467473036608 7.1075475729647906  4.3773542550887896 6.6894701818728208  4.4531617628743447 6.3298351042955119  4.5289692706596565 6.0321660324963915  4.604776778444986 5.7988760012559037 
 2.3683212443448456 7 2.8231662910568223 7
8 16.665805808001835 18.387522944377753
1 26.447195510924114 7.5512264520053698 0.79820949807831953 -0.60237994420262475 
8 16.665805808001835 18.387522944377753
1 16.44085291052178 2.3017238502649455 -0.97842721746393468 -0.206591820084393 
3 35.340373558749818 -8.1582542349451579 -0.60237994420262464 -0.79820949807831953 0.79820949807831953 -0.60237994420262464 9.7273264009648184 1.55
7 0 0  6 7 2  4.1803359139975758 8.1000006000000049  4.2727480081031528 7.5015185505097488  4.3651601022086197 6.9757011599602379  4.4575721963143451 6.5317476692891887  4.5499842904197862 6.1769985938180412  4.6423963845254628 5.916452104408072  4.7348084786310398 5.7526259968085007 
 2.401449241350925 7 2.9559218059843895 7
3 40.57515072582995 -1.6999999999999993 -1 0 -0 -1 1.2940952255126037 1.25
7 0 0  5 6 2  0.48065288702695819 3.8000005999999953  0.38452230962156647 3.7714511717050954  0.28839173221617598 3.7411129256461919  0.19226115481078487 3.7095352752569966  0.096130577405391687 3.6773376105214823  0 3.6451399722918421 
 1.0901434397679381 6 1.5707963267948966 6
8 1.5550086418477707 1.5707963267948966
7 0 0  5 6 2  6.763838194206544 3.8000005999999953  6.6677076168011524 3.7714511717050954  6.5715770393957627 3.7411129256461919  6.4754464619903711 3.7095352752569966  6.3793158845849778 3.6773376105214823  6.2831853071795862 3.6451399722918421 
 1.0901434397679381 6 1.5707963267948966 6
3 40.57515072582995 -1.6999999999999993 -1 0 -0 -1 1.2940952255126037 1.25
7 0 0  7 14 3  6.2831853071795862 3.6451399722918421  6.0244534828498182 3.5584812430601014  5.7657216585201851 3.4718235725658815  5.5069898341895609 3.3946336900912684  5.2482580098609546 3.3364185019750039  4.9895261855305861 3.3039841439936026  4.7307943612009788 3.2992029622969299  4.2133307125414428 3.3404559318929663  3.9545988882114429 3.3864895791848539  3.6958670638816997 3.4556693626204833  3.4371352395524113 3.5415972740433972  3.178403415221986 3.6342271888785262  2.919671590892603 3.7231608902460307  2.6609397665628349 3.8000005999999953 
 1.5707963267948966 8 3.3819190971032724 6 5.1930418674116483 8
8 1.5707963267948966 2.0189872004771741
7 0 0  7 14 3  6.2831853071795862 3.6451399722918421  6.0244534828498182 3.5584812430601014  5.7657216585201851 3.4718235725658815  5.5069898341895609 3.3946336900912684  5.2482580098609546 3.3364185019750039  4.9895261855305861 3.3039841439936026  4.7307943612009788 3.2992029622969299  4.2133307125414428 3.3404559318929663  3.9545988882114429 3.3864895791848539  3.6958670638816997 3.4556693626204833  3.4371352395524113 3.5415972740433972  3.178403415221986 3.6342271888785262  2.919671590892603 3.7231608902460307  2.6609397665628349 3.8000005999999953 
 1.5707963267948966 8 3.3819190971032724 6 5.1930418674116483 8
8 -0.65000000000000036 2.4999999999999996
1 41.135928516484242 -0.84999999999999964 0 -1 
8 -0.65000000000000036 2.4999999999999996
1 -0.84999999999999964 -0.5416697508023125 1 0 
3 40.57515072582995 -1.6999999999999993 -1 0 -0 -1 1.7082056976766369 1.6499999999999999
7 0 0  5 6 2  5.9486996874757025 3.5000005999999946  5.8130415775055999 3.443347904079928  5.6773834675355133 3.3900332076313404  5.5417253575654044 3.3422335084924981  5.4060672475952902 3.301848662197294  5.2704091376251876 3.2700905659902633 
 1.9052819464987798 6 2.5835724963492952 6
8 1.9052833832333416 2.3851362689214168
7 0 0  5 6 2  5.9486996874757025 3.5000005999999946  5.8130415775055999 3.443347904079928  5.6773834675355133 3.3900332076313404  5.5417253575654044 3.3422335084924981  5.4060672475952902 3.301848662197294  5.2704091376251876 3.2700905659902633 
 1.9052819464987798 6 2.5835724963492952 6
3 35.340373558749818 -9.7252708606931471 -0.4720207932603952 -0.88158741525150386 0.88158741525150386 -0.4720207932603952 12.352766679731481 1.55
7 0 0  5 6 2  3.9534302141067337 8.1000005999999889  4.0258127998141431 7.3588067678962563  4.0981953855215494 6.6617064053016009  4.1705779712289726 6.0167933728285874  4.2429605569363691 5.4311828291384758  4.3153431426437781 4.9105535732820318 
 2.1524345438955006 6 2.5143474724325454 6
8 19.005877960311459 19.550566240327157
1 23.150848485324488 5.0597045211790999 0.87336936232771079 -0.48705847384814877 
8 19.005877960311459 19.550566240327157
1 17.494537911761764 3.1548812397571773 -0.97411694769629731 -0.22604462437945552 
3 35.340373558749818 -9.5358983848622483 -0.48705847384814882 -0.8733693623277109 0.8733693623277109 -0.48705847384814882 11.977480245984445 1.55
7 0 0  5 6 2  3.974405321180726 8.1000005999999978  4.0473280475984668 7.3875432198842379  4.1202507740162204 6.7199739804125187  4.193173500433943 6.1051897243760322  4.2660962268516887 5.5500759009455649  4.339018953269429 5.0600571689283846 
 2.1755937105283976 6 2.5402073426171015 6
8 18.758328833043279 19.429519996288857
1 23.526184632032038 5.4141336681019752 0.86488596678128893 -0.50196838990597326 
8 18.758328833043279 19.429519996288857
1 17.386473523605581 3.0577370966738684 -0.97462384697216142 -0.22384896004490365 
3 35.340373558749818 -9.3513713267534175 -0.50196838990597314 -0.86488596678128893 0.86488596678128893 -0.50196838990597314 11.627761935926957 1.55
7 0 0  5 6 2  3.9962579571713435 8.1000005999999978  4.0695524422815073 7.416959010700646  4.1428469273916804 6.7794390546783347  4.216141412501841 6.1950891409088484  4.2894358976119999 5.6705214809773796  4.3627303827221642 5.2108761951806262 
 2.1996997641222666 6 2.5661721896730865 6
8 18.498467173737041 19.301505848354079
1 23.912745662104214 5.7570132347042495 0.8561387378290739 -0.51674603200067271 
8 18.498467173737041 19.301505848354079
1 17.271690834748437 2.9576877399967412 -0.97514105804099449 -0.22158501060019825 
3 35.340373558749818 -9.1711695522866901 -0.51674603200067271 -0.8561387378290739 0.8561387378290739 -0.51674603200067271 11.301231201054661 1.55
7 0 0  5 6 2  4.0190467359317239 8.1000006000000102  4.0925321733718798 7.4471238010192522  4.166017610812041 6.8402177939619833  4.239503048252196 6.286631556874255  4.3129884856923466 5.7926622313055836  4.3864739231325025 5.3631378726177807 
 2.2248108212470092 6 2.5922380084477892 6
8 18.226049854565986 19.166529179949745
1 24.310179824982924 6.0879641323378451 0.84712926268821198 -0.5313868762938414 
8 18.226049854565986 19.166529179949745
1 17.150169131372024 2.8548242094693528 -0.9756679968397417 -0.21925318684736547 
3 35.340373558749818 -8.9948332423147583 -0.5313868762938414 -0.84712926268821198 0.84712926268821198 -0.5313868762938414 10.995796735037526 1.55
7 0 0  5 6 2  4.0428402250245519 8.100000599999996  4.1163208291985454 7.4781122929172437  4.1898014333725584 6.9024336190865938  4.2632820375465315 6.3799639931902306  4.3367626417205267 5.9166458095744048  4.4102432458945202 5.5169707490097437 
 2.2509949314377407 6 2.6183979523077094 6
8 17.940816378561138 19.024597122545885
1 24.718121782213593 6.4066169403546454 0.83785920889024623 -0.54588638568644565 
8 17.940816378561138 19.024597122545885
1 17.02188905279198 2.7492410616416585 -0.97620406535613824 -0.216853920375327 
3 35.340373558749818 -8.821953955538385 -0.54588638568644565 -0.83785920889024623 0.83785920889024623 -0.54588638568644565 10.709613955795694 1.55
7 0 0  5 6 2  4.0677192289539938 8.1000005999999907  4.1409811080126806 7.5100046781816703  4.2142429870713798 6.9662177274500152  4.2875048661300497 6.475240879562719  4.36076674518874 6.0426247879756021  4.4340286242474267 5.6725040341130306 
 2.2783323600868215 6 2.6446417553802535 6
8 17.64248724218475 18.875718629036012
1 25.136192780731086 6.7126124253260571 0.82833032659510786 -0.56024001110492117 
8 17.64248724218475 18.875718629036012
1 16.886832729077319 2.6410363250203055 -0.97674865213960327 -0.21438766415880492 
3 35.340373558749818 -8.6521672201766329 -0.56024001110492105 -0.82833032659510797 0.82833032659510797 -0.56024001110492105 10.441049777238295 1.55
7 0 0  5 6 2  4.093779796389196 8.1000006000000013  4.166587082489551 7.5428870567829716  4.2393943685899131 7.0317095193371557  4.3122016546902699 6.5726242107128314  4.3850089407906179 6.1707563465943149  4.4578162268909729 5.8298666639206349 
 2.3069185953309841 6 2.670955025832761 6
8 17.330762107314776 18.7199045479273
1 25.564000847229035 7.0056020652432878 0.81854445089771899 -0.57444319293081703 
8 17.330762107314776 18.7199045479273
1 16.74498392130582 2.5303114497621486 -0.97730113283785269 -0.21185489315531478 
3 35.340373558749818 -8.4851463569967969 -0.57444319293081691 -0.81854445089771899 0.81854445089771899 -0.57444319293081691 10.18865325326726 1.55
7 0 0  5 6 2  4.1211372540423223 8.1000006000000067  4.1985733185015661 7.5380560063240356  4.2760093829608294 7.0284412358650741  4.3534454474200501 6.578181724504276  4.4308815118792957 6.1929715565794883  4.5083175763385386 5.8767553654000011 
 2.3368683815978173 6 2.724048703894034 6
8 7.5012756067635316 8.1000006000000013
1 -5.1866476420512129 -4.1243109923100469 0.80901699437494756 0.58778525229247314 
8 7.5012756067635316 8.1000006000000013
1 4.4577009261153249 -8.3266726846886741e-17 0 1 
3 0.026051768164925423 0 -1 0 -0 -1 1.5502361084680567 1.55
7 0 0  5 6 2  4.0578943951495381 7.9312332230428941  4.1617678285259618 7.9290036299895403  4.2656412619024024 7.926551908510362  4.3695146952788093 7.9239281317046135  4.4733881286552331 7.9211925701714074  4.5772615620316568 7.9184078565086731 
 0.9163017415597462 6 1.4356689084418643 6
3 0.026051768164926707 0 -1 0 -0 -1 1.5502361084680565 1.55
7 0 0  5 6 2  4.037396267548381 7.9316697145945865  4.1453693264450191 7.9293890619167762  4.2533423853416608 7.9268620416304572  4.3613154442383077 7.9241439879433955  4.4692885031349308 7.9213024758790285  4.5772615620315689 7.918407856508674 
 0.89580361395858799 6 1.4356689084417773 6
8 -0.82176371735452491 -0.02564785085651218
1 1.1669794060699701 0.9112147045423713 -0.58778525229247314 0.80901699437494756 
8 -0.82176371735452491 -0.02564785085651218
1 -0.05125489688216707 -1.5 1 0 
1 6.656260581528465 3.5 -1 -0 
1 5.948698250741141 3.5 1 0 
8 7.5835257538844063 8.1000005999999996
1 -5.1378658872605865 -3.8858535752929426 0.81915204428899191 0.57357643635104605 
8 7.5835257538844063 8.1000005999999996
1 4.4577009261153249 3.3306690738754696e-16 0 1 
8 -1.0487023661365649 0.11140673888815616
1 1.0188751612439155 0.80149177959561069 -0.60181502315204827 0.79863551004729294 
8 -1.0487023661365649 0.11140673888815616
1 -0.026925417442998433 -1.5 1 0 
8 7.5519281282728379 8.1000006000000013
1 -5.2312603113845384 -4.3635834501188739 0.79863551004729294 0.60181502315204827 
8 7.5519281282728379 8.1000006000000013
1 4.4577009261153258 3.0531133177191805e-16 0 1 
7 0 0  5 6 2  0 3.6761151227523863  0.070322716589370365 3.6333683299867148  0.14267541409511797 3.5929344433190487  0.21714470077125098 3.5562729715759822  0.29385985511648377 3.5248261224299138  0.37307718882888175 3.4999993999999974 
 0 6 1 6
7 0 0  5 6 2  4.1654476815488248 7.802234709591052  4.2184755350242966 7.8551362937314853  4.2744066961694882 7.9033946008842779  4.3330059772979794 7.9458127735935191  4.3941273657862201 7.9810818845795115  4.4577024625624277 8.0077511401994279 
 0 6 1 6
8 0.51924250151289886 0.99999516651091913
7 0 0  5 6 2  6.2831853071795862 3.6761151227523863  6.3535080237689563 3.6333683299867148  6.4258607212747041 3.5929344433190487  6.5003300079508373 3.5562729715759822  6.5770451622960699 3.5248261224299138  6.656262496008468 3.4999993999999974 
 0 6 1 6
8 3.4999993999999974 3.8000006000000095
1 0.18818570910250781 0 0 1 
8 3.4999993999999974 3.8000006000000095
1 -0.58012119880072566 -5 0 1 
8 3.5626554363333707 3.5734074677379519
1 6.4713710162820943 0 0 1 
7 0 0  4 5 2  0 3.6593862284175422  0.045787182814346128 3.6332133495783814  0.092339674018210194 3.6080595342118023  0.13976716252905863 3.5843781842110625  0.18818675857410838 3.5626549654925661 
 0 5 1 5
7 0 0  4 5 2  4.1865678937936099 7.9734200685657424  4.2202099400711068 8.0086568242188498  4.2551427893827691 8.0417288268682245  4.2913324041918059 8.0723183568982328  4.3287784800247042 8.1000005999999996 
 0 5 1 5
8 0.086014546928389946 0.9999945813686032
7 0 0  4 5 2  6.2831853071795862 3.6593862284175422  6.3289724899939319 3.6332133495783814  6.3755249811977963 3.6080595342118023  6.4229524697086449 3.5843781842110625  6.4713720657536946 3.5626549654925661 
 0 5 1 5
3 0.026051768164925937 0 -1 0 -0 -1 1.5502361084680569 1.55
7 0 0  5 6 2  4.1451179478701548 7.9293007722865525  4.1811059264245563 7.9284796099653203  4.2170939049789595 7.9276349122772558  4.2530818835333619 7.9267688947935682  4.2890698620877599 7.9258839004854114  4.3250578406421614 7.9249823619632584 
 1.0035252942803614 6 1.183465187052368 6
3 0.026051768164927498 0 -1 0 -0 -1 1.5502361084680569 1.55
7 0 0  5 6 2  3.9657921592263392 7.9331375518319742  3.9696070572101188 7.9330617927438416  3.9734219551938921 7.9329856993903434  3.9772368531776934 7.9329092740684786  3.9810517511614569 7.9328325190954638  3.9848666491452365 7.9327554368084616 
 0.82419950563654587 6 0.84327399555544424 6
3 0.026051768164927241 0 -1 0 -0 -1 1.5502361084680567 1.55
7 0 0  5 6 2  3.958961751630917 7.9332727654787085  3.9925641033278332 7.9326096977357903  4.0261664550247502 7.9319205054409565  4.0597688067216779 7.9312067482711228  4.0933711584185817 7.9304701091570893  4.1269735101154978 7.9297123706234469 
 0.81736909804112412 6 0.98538085652570528 6
3 0.026051768164923671 0 -1 0 -0 -1 1.5502361084680569 1.55
7 0 0  5 6 2  3.9711887113293352 7.933030116039852  4.0276591082903854 7.9319031016107049  4.0841295052514326 7.9307032724925506  4.1405999022124931 7.9294381144689225  4.1970702991735349 7.9281160881027848  4.2535406961345847 7.9267462951772059 
 0.82959605773954181 6 1.111948042544791 6
3 0.026051768164926731 0 -1 0 -0 -1 1.5502361084680569 1.55
7 0 0  5 6 2  3.9850196928262775 7.93275234425899  4.0623560263531147 7.931189504619903  4.1396923598799589 7.9294921760443486  4.217028693406796 7.927679822193582  4.2943650269336269 7.9257753028030402  4.371701360460464 7.9238031993938707 
 0.8434270392364851 6 1.230108706870672 6
3 0.026051768164925427 0 -1 0 -0 -1 1.5502361084680569 1.55
7 0 0  5 6 2  4.0004202426896605 7.9324390035902388  4.0973854222851944 7.9304528670894916  4.1943506018807355 7.9282589936143353  4.2913157814762641 7.9258962534670019  4.3882809610717972 7.9234118144501338  4.4852461406673312 7.9208557734161573 
 0.85882758909986823 6 1.3436534870775381 6
3 0.026051768164925208 0 -1 0 -0 -1 1.5502361084680569 1.55
7 0 0  5 6 2  4.0174297580237752 7.932088057737678  4.1332626491461069 7.929680972802533  4.2490955402684563 7.926983333383447  4.3649284313907657 7.9240623347815244  4.4807613225131027 7.9210018366867692  4.5965942136354343 7.9178889240689623 
 0.87583710443398299 6 1.4550015600456416 6
7 0 0  5 10 3  0.46725183898602474 3.500000600000011  0.50469719585520967 3.4840809242759834  0.54287886539289287 3.4710676541992718  0.58158252305342162 3.4612649976333243  0.62061376203087071 3.4548248686602996  0.69515885250215104 3.4489774892760381  0.73060158078924786 3.4489544314533118  0.76595816353001245 3.4516734219305434  0.80107961951395068 3.4570236761158681  0.83580230640697983 3.4647963303167311 
 0 6 0.52538341880986927 4 1 6
7 0 0  5 10 3  4.4576993896772708 8.0705411487370817  4.498465261277512 8.0793838097967825  4.5397678203445899 8.0855382011317136  4.5813892383457002 8.0887025934421271  4.6231392547950554 8.0887135705103947  4.7024885255502538 8.0826996653833305  4.7400494905922255 8.0772616539094066  4.7773662852600207 8.0692411378435693  4.8142941082703459 8.0587396227334427  4.8506730798933688 8.0459608310063242 
 0 6 0.52538341880986927 4 1 6
8 3.9602682799559468e-06 0.30095962456337977
7 0 0  5 10 3  6.750437146165611 3.500000600000011  6.7878825030347958 3.4840809242759834  6.8260641725724795 3.4710676541992718  6.8647678302330082 3.4612649976333243  6.9037990692104572 3.4548248686602996  6.978344159681737 3.4489774892760381  7.0137868879688341 3.4489544314533118  7.0491434707095983 3.4516734219305434  7.0842649266935371 3.4570236761158681  7.1189876135865662 3.4647963303167311 
 0 6 0.52538341880986927 4 1 6
2 2.4000000000000004 7.8999999999999995 1 0 -0 1 1.6499999999999999
1 0 2 1 0 
8 5.468845365053058 5.9753144387815205
1 0 2 1 0 
8 1.9999994000000001 3.0999999999999996
1 5.9753144387815329 0 0 1 
8 1.9999994000000001 3.0999999999999996
1 1.2724185193516382 2 0 -1 
8 2 3
1 5.9753144387815329 0 0 1 
1 6.5910561755776413 3 -1 -0 
8 1.9999993995776499 3.0999999999999996
1 0.30787086839805322 0 0 1 
8 1.9999993995776499 3.0999999999999996
1 1.2724185193516382 2 0 -1 
8 2 3
1 6.5910561755776396 0 0 1 
2 2.4000000000000004 7.8999999999999995 1 0 -0 1 1.6499999999999999
1 0 2 1 0 
8 0.30787086839804589 0.83580230640697983
1 6.2831853071795862 2 1 0 
1 0 -1 1 0 
1 0 1 1 0 
8 1.7000000000000002 2.8999999999999995
1 0.31782370392788067 0 0 1 
8 1.7000000000000002 2.8999999999999995
1 1.219868415357066 1.7999999999999998 0 -1 
1 0 1 1 0 
1 0 0 1 0 
1 0 2.7999999999999998 1 0 
2 -0.30000000000000071 0.5 1 0 -0 1 1.6000000000000001
8 1.7000000000000002 2.8999999999999995
1 5.9653616032517052 0 0 1 
8 1.7000000000000002 2.8999999999999995
1 1.219868415357066 1.7999999999999998 0 -1 
1 0 1.7999999999999998 1 0 
2 -0.30000000000000071 0.5 1 0 -0 1 1.6000000000000001
1 6.2831853071795862 -0 0 1 
1 0 -0 0 1 
1 0 0 1 0 
2 0 0 1 0 -0 1 1.6000000000000001
1 0 1.7999999999999998 1 0 
2 -0.30000000000000071 0.5 1 0 -0 1 1.6000000000000001
1 0 2.7999999999999998 1 0 
2 -0.30000000000000071 0.5 1 0 -0 1 1.6000000000000001
1 0 3.1000000000000001 1 0 
2 0 0 1 0 -0 1 1.6000000000000001
8 1.1799999999999997 3.1000006000000004
1 2.6362321433056342 0 0 1 
8 1.1799999999999997 3.1000006000000004
1 1.7245966692414862 -4.5999999999999996 0 1 
7 0 0  5 22 6  2.6362313687095096 2.3310216863054221  2.6916598554648092 2.2720398427663548  2.7486803952904117 2.2143367981928419  2.8074619344121663 2.1585741218637069  2.8681777195894855 2.1054805188643524  2.9577367838822739 2.0347401322973595  2.9847812082171337 2.0143016498832846  3.0121901523315602 1.994568447472632  3.0399534383037681 1.9756110715671316  3.1197974442830088 1.9241410257252998  3.172784918627821 1.8935740562231596  3.2266979483917351 1.8663712661574452  3.2812676030505674 1.842815525874407  3.3776616814245961 1.8079124095651495  3.4192614618324102 1.7950092410971823  3.4608821659256419 1.7842086455077233  3.5023852951727661 1.7754169156350665  3.5644314463884883 1.764964376958789  3.5851892808355772 1.761926755898104  3.6058691357673163 1.7593374203851027  3.6264600242649814 1.7571718155716731  3.6469539384700802 1.7554026555618738 
 0 6 0.32362233517538075 4 0.46083763998825328 4 0.71335949071000904 4 0.90380732739419256 4 1 6
7 0 0  5 22 6  5.3623081033170861 3.2000006000000001  5.3281077551991824 3.1570658186696945  5.2927251899203558 3.1182739151239689  5.2561955273314771 3.0843895980893694  5.2185613776231428 3.0563532993636393  5.1634827628959528 3.0264089534648817  5.1469034208283855 3.0187573824463336  5.1301686775025264 3.0124667419856119  5.1133022958329377 3.0076273234073048  5.0650885802787418 2.9982424987903911  5.0334361942456862 2.9973526988880743  5.0016910197710365 3.0022432142767324  4.9701457793729755 3.0132038773742242  4.915657402300786 3.043031987583968  4.8925399139999888 3.059274821830738  4.8698601841737315 3.0788993015006101  4.8477424894185495 3.101754021640116  4.8154775399316554 3.1405974217608095  4.8048197457964106 3.1543907866665699  4.7943436676364612 3.1689112561107655  4.7840588490462439 3.184126060092705  4.7739725471494605 3.2000006000000001 
 0 6 0.32362233517538075 4 0.46083763998825328 4 0.71335949071000904 4 0.90380732739419256 4 1 6
8 1.1799999999999997 3.1000006000000004
1 3.6469531638739521 0 0 1 
8 1.1799999999999997 3.1000006000000004
1 0.17540333075851411 -4.5999999999999996 0 1 
1 0 3.2000000000000002 1 0 
2 0 0 1 0 -0 1 2.8500000000000001
8 -1.1249999999999996 2.0750000000000006
1 -1.3999999999999986 -0.47500000000000053 0 1 
8 -1.1249999999999996 2.0750000000000006
1 0.47499999999999964 -1.4999999999999991 1 0 
2 0 0 1 0 -0 1 1.25
1 0 3.3000000000000007 1 0 
1 0 3.3000000000000007 1 0 
2 0 0 1 0 -0 1 1.25
1 0 0.20000000000000018 1 0 
1 0 0.20000000000000018 1 0 
1 0 3.3000000000000007 -0 -1 
1 6.2831853071795862 3.3000000000000007 -0 -1 
1 0 -1 1 0 
1 0 0 1 0 
1 0 0 1 0 
1 0 0 1 0 
8 -5.999999999062311e-07 3.4000005999999998
1 9.4370426148939384 0 0 1 
8 -5.999999999062311e-07 3.4000005999999998
1 0.56962131907293001 0 0 1 
8 2.0656881042978243 3.3999999999999999
1 6.8528066262525158 0 0 1 
1 6.7271058321109516 0 -1 -0 
8 -18.050000000000001 -15.150000000000002
1 8.4499999999999993 -5 -1 0 
8 -18.050000000000001 -15.150000000000002
1 0.90000000000000036 -8.4500000000000011 0 -1 
1 -1.5 -16.350000000000001 0 -1 
8 2.7099999999999991 3.200000600000001
1 -2.1999999999999993 7.231507290636733 1 0 
8 2.7099999999999991 3.200000600000001
1 1.3832042222912619 0 0 1 
8 3.3499999999999996 5.7740273593462099
1 1.0000000000000018 3.3499999999999996 0 1 
8 3.3499999999999996 5.7740273593462099
1 -3.3499999999999996 2.7999999999999998 1 0 
2 23.600000000000001 -7.7999999999999998 1 0 -0 1 2.8500000000000001
1 0 3.0999999999999996 1 0 
1 0 3.2000000000000002 1 0 
2 0 0 1 0 -0 1 2.8500000000000001
3 2.0769790690092673 -0.20000000000000018 1 0 -0 1 1.6494755473376639 1.55
7 0 0  5 6 2  1.3535758805816303 2.944308846106038  1.4862598124227755 2.8712137465361001  1.6189437442639196 2.7954429161850172  1.7516276761050698 2.7196778350806809  1.884311607946211 2.6467950491057777  2.0169955397873562 2.579269581596896 
 1.3535758805816303 6 2.0169955397873567 6
3 1.9538829857018909 -0.20000000000000018 1 0 -0 1 1.6602747401373947 1.55
7 0 0  5 6 2  1.2783908768522789 3.1361327967995587  1.430464438420918 3.0494913334500322  1.5825379999895617 2.9578917252419785  1.7346115615581965 2.8655088971771256  1.8866851231268356 2.7769966684602112  2.0387586846954746 2.6962423350402016 
 1.2783908768522787 6 2.0387586846954742 6
3 1.8326086366143333 -0.20000000000000018 1 0 -0 1 1.6717288511502544 1.55
7 0 0  5 6 2  1.2037868853904439 3.3298952430913475  1.3769757099621307 3.2286601562891359  1.5501645345338169 3.1189998440761855  1.7233533591055092 3.0072399576758713  1.8965421836771907 2.9007700120318316  2.0697310082488776 2.805533926161405 
 1.2037868853904441 6 2.069731008248878 6
3 1.7131193200210539 -0.20000000000000018 1 0 -0 1 1.6838585849782091 1.55
7 0 0  5 6 2  1.1293999354330035 3.5255371630632357  1.3250217996523923 3.4091662637497722  1.5206436638717769 3.279350451095759  1.7162655280911778 3.1453634515251636  1.9118873923105586 3.0186632679535106  2.1075092565299474 2.9080535306704984 
 1.1293999354330033 6 2.1075092565299478 6
3 1.59538056760959 -0.20000000000000018 1 0 -0 1 1.6966862316843723 1.55
7 0 0  6 7 2  1.054841081932816 3.7229989622911681  1.2373960127066832 3.6134170920795379  1.4199509434805577 3.4902206146744845  1.6025058742544047 3.3599722262966907  1.7850608050282801 3.2306457929550163  1.9676157358021518 3.1101147671898506  2.150170666576019 3.0046923771098157 
 1.0548410819328149 7 2.1501706665760185 7
3 1.4793601252679291 -0.20000000000000018 1 0 -0 1 1.7102357743918621 1.55
7 0 0  7 8 2  0.97967060812618567 3.9222204919982655  1.1534721525955911 3.8179166854936137  1.3272736970647543 3.6994175847477209  1.5010752415353181 3.5718693850931231  1.6748767860028693 3.441468484982579  1.8486783304734331 3.3148287938367957  2.0224798749426185 3.1980780250929324  2.1962814194120237 3.096240718019696 
 0.97967060812618612 8 2.1962814194120237 8
3 1.3650279422349758 -0.20000000000000018 1 0 -0 1 1.7245330077365428 1.55
7 0 0  7 8 2  0.90336152344684006 4.1231410673766522  1.0949976381305022 4.0093551847876547  1.2866337528140548 3.8755205572564364  1.4782698674976018 3.7284625820266228  1.6699059821814899 3.5768094748318617  1.8615420968650369 3.4299746731796859  2.0531782115488135 3.296565802347037  2.244814326232476 3.1833727174933681 
 0.90336152344683951 8 2.2448143262324756 8
3 1.2523561689293796 -0.20000000000000018 1 0 -0 1 1.7396056683332592 1.55
7 0 0  7 8 2  0.84654254808106622 4.3132195423271043  1.0534721991421603 4.1908146778362267  1.2604018502032659 4.0422685538609358  1.46733150126488 3.8761424047206674  1.6742611523250162 3.703737619401636  1.8811908033865166 3.5376114702607993  2.0881204544476324 3.3890653462853262  2.2950501055087265 3.2666604817944487 
 0.84654254808106599 8 2.2950501055087251 8
3 1.1413191638551776 -0.20000000000000018 1 0 -0 1 1.7554835785680107 1.55
7 0 0  7 8 2  0.79509985086497514 4.5007571487890061  1.0167274154163812 4.3703541398040775  1.2383549799678804 4.2068813235206335  1.4599825445191073 4.0208012490797955  1.6816101090707889 3.8265516985029535  1.9032376736219589 3.6404716240599555  2.1248652381734123 3.4769988077762979  2.3464928027248186 3.3465957987913697 
 0.79509985086497525 8 2.3464928027248191 8
3 1.0318935100747808 -0.20000000000000018 1 0 -0 1 1.7721988052036459 1.55
7 0 0  7 8 2  0.74278659146506132 4.689330544677194  0.97326125429836441 4.5554017620183149  1.2037359171318371 4.3822534785450671  1.4342105799653382 4.1815066339981968  1.6646852427979866 3.9698784267384326  1.8951599056316013 3.7667027572545067  2.1256345684648803 3.5890236681303165  2.3561092312981833 3.4489911549191055 
 0.74278659146506121 8 2.3561092312981828 8
3 0.92405804184277063 -0.20000000000000018 1 0 -0 1 1.7897858344878399 1.55
7 0 0  7 8 2  0.6898246820700763 4.8786599759326279  0.91486361597793819 4.7504976913163235  1.1399025498855622 4.5815512965219796  1.3649414837941549 4.3824236517857571  1.5899804177013266 4.1687677091126716  1.8150193516095783 3.9591427659361216  2.0400582855172482 3.7705469753753769  2.26509721942511 3.6157817838642679 
 0.68982468207007586 8 2.2650972194251091 8
3 0.81779388210965376 -0.20000000000000018 1 0 -0 1 1.8082817656837622 1.55
7 0 0  7 8 2  0.66416662217234868 5.0528129323311397  0.88111944672171538 4.9282652714047153  1.0980722712710076 4.7634461511698873  1.3150250958212837 4.567932399014353  1.5319779203698545 4.3559350414147957  1.7489307449190505 4.1445039717127656  1.9658835694685499 3.9497427355165455  2.1828363940179165 3.7843648026797716 
 0.66416662217234879 8 2.1828363940179156 8
7 0 0  5 6 2  1.5333490998472916 2.9429670150535188  1.5339928424893821 3.0572235381556498  1.5346365851314729 3.1714835057564841  1.5352803277735632 3.2857468192131023  1.5359240704156538 3.4000133798781706  1.5365678130577443 3.5142830890965477 
 4.6749417534370856 6 4.6781604666475376 6
7 0 0  5 6 2  1.6082435537424995 2.7579574178894388  1.6075998111004091 2.8722139409915699  1.6069560684583273 2.9864739085924157  1.6063123258162229 3.1007372220490197  1.6056685831741395 3.2150037827140898  1.6050248405320491 3.3292734919324669 
 4.6749417534370856 6 4.6781604666475376 6
7 0 0  5 6 2  1.5341374045230103 3.0828836000437523  1.5351083755021062 3.2552242263036248  1.536079346481209 3.4275725240270347  1.5370503174602952 3.5999281547137016  1.5380212884393945 3.7722907798340035  1.5389922594184904 3.9446600608305911 
 4.675730058112789 6 4.6805849130082704 6
7 0 0  5 6 2  1.6074552490668115 2.8978740028796626  1.6064842780877149 3.0702146291395351  1.6055133071086161 3.2425629268629521  1.6045423361295299 3.4149185575495977  1.6035713651504258 3.5872811826699156  1.6026003941713292 3.7596504636665031 
 4.675730058112789 6 4.6805849130082704 6
7 0 0  5 6 2  1.5349186424766679 3.2215499003235832  1.5361856263126259 3.4464371339272013  1.5374526101485877 3.6713371512343116  1.5387195939845384 3.8962492001619751  1.5399865778205 4.121172528542461  1.5412535616564578 4.3461063841361005 
 4.6765112960664696 6 4.6828462152462578 6
7 0 0  5 6 2  1.6066740111131081 3.0365403031594962  1.6054070272771508 3.2614275367631143  1.6041400434411983 3.4863275540702361  1.6028730596052334 3.7112396029978854  1.6016060757692803 3.9361629313783744  1.6003390919333229 4.1610967869720135 
 4.6765112960664696 6 4.6828462152462578 6
7 0 0  5 6 2  1.5356931378616601 3.3590232627668843  1.5372289112302091 3.6316276259947706  1.5387646845987604 3.9042503670837547  1.5403004579673123 4.1768901465230215  1.541836231335856 4.4495456246235507  1.5433720047044048 4.722215461553656 
 4.6772857914514532 6 4.6849646582941977 6
7 0 0  5 6 2  1.6058995157281333 3.1740136656027964  1.6043637423595845 3.4466180288306827  1.6028279689910363 3.7192407699196579  1.6012921956224879 3.991880549358946  1.5997564222539371 4.2645360274594646  1.5982206488853883 4.5372058643895699 
 4.6772857914514532 6 4.6849646582941977 6
7 0 0  5 6 2  1.5364612106754121 3.4953603081904756  1.5382419079305114 3.8114478256708715  1.5400226051856087 4.1275595098141693  1.5418033024407158 4.443693272543193  1.5435839996958087 4.759847025464591  1.5453646969509081 5.076018679945383 
 4.6780538642651983 6 4.6869573505406965 6
7 0 0  5 6 2  1.6051314429143948 3.3103507110263921  1.6033507456592948 3.626438228506788  1.6015700484041915 3.9425499126500796  1.5997893511490986 4.2586836753791246  1.5980086538939944 4.5748374283005067  1.5962279566388944 4.8910090827812986 
 4.6780538642651983 6 4.6869573505406965 6
7 0 0  5 6 2  1.5372231774578271 3.6306170546482104  1.5392277786575479 3.9864584615294358  1.5412323798572771 4.3423298151668916  1.5432369810569888 4.6982281365538796  1.5452415822567109 5.0541504461861608  1.5472461834564317 5.4100937642047029 
 4.6788158310476158 6 4.6888388370462213 6
7 0 0  5 6 2  1.6043694761319764 3.445607457484126  1.602364874932255 3.8014488643653515  1.6003602737325302 4.1573202180028161  1.598355672532815 4.5132185393897828  1.5963510713330908 4.8691408490220764  1.5943464701333694 5.2250841670406185 
 4.6788158310476158 6 4.6888388370462213 6
7 0 0  5 6 2  1.5379793520024521 3.764849043065011  1.5401892618104172 4.1571451076502779  1.5423991716183849 4.5494767478982752  1.5446090814263478 4.941839972441386  1.5468189912343122 5.334230789186134  1.5490289010422773 5.7266452055607697 
 4.6795720055922621 6 4.6906215546320817 6
7 0 0  5 6 2  1.6036133015873069 3.5798394459009186  1.601403391779344 3.9721355104861855  1.5991934819713798 4.3644671507341855  1.5969835721634205 4.7568303752772891  1.5947736623554558 5.1492211920220425  1.5925637525474929 5.5416356083966782 
 4.6795720055922621 6 4.6906215546320817 6
7 0 0  5 6 2  1.5387300460853295 3.8981114660376797  1.5411287470856756 4.3239315082747254  1.5435274480860279 4.7497925057742592  1.5459261490863732 5.1756893542238132  1.5483248500867155 5.6016169483330769  1.5507235510870616 6.0275701821938563 
 4.6803226996751111 6 4.692316204676847 6
7 0 0  5 6 2  1.6028626075044889 3.7131018688735971  1.6004639065041408 4.1389219111106428  1.5980652055037936 4.5647829086101694  1.5956665045034448 4.9906797570597377  1.5932678035030969 5.4166073511689934  1.5908691025027488 5.8425605850297728 
 4.6803226996751111 6 4.692316204676847 6
7 0 0  5 6 2  1.5394755702162326 4.0304593007128497  1.5420483352118886 4.4871901702726102  1.5446211002075465 4.9439670596386165  1.5471938652032016 5.4007836705688703  1.5497666301988564 5.8576337035513601  1.5523393951945124 6.3145108583268641 
 4.6810682238060313 6 4.6939320487843084 6
7 0 0  5 6 2  1.6021170833735479 3.8454497035487645  1.599544318377893 4.302180573108525  1.5969715533822431 4.758957462474541  1.594398788386588 5.2157740734047735  1.5918260233909287 5.672624106387274  1.5892532583952739 6.1295012611627779 
 4.6810682238060313 6 4.6939320487843084 6
7 0 0  5 6 2  1.5402162344144643 4.1619474459673436  1.542949885789195 4.6472508461894311  1.5456835371639244 5.1326049735858916  1.5484171885386644 5.6180022727419399  1.5511508399133862 6.1034351866614998  1.5538844912881169 6.5888961574766842 
 4.6818088880042721 6 4.6954771448779189 6
7 0 0  5 6 2  1.6013764191753002 3.9769378488032547  1.5986427678005721 4.4622412490253422  1.5959091164258439 4.9475953764218019  1.5931754650511216 5.4329926755778502  1.5904418136763872 5.9184255894974136  1.5877081623016591 6.4038865603125981 
 4.6818088880042721 6 4.6954771448779189 6
7 0 0  5 6 2  1.5409523490442956 4.2926308703032898  1.5438350568480632 4.8044075491391887  1.5467177646518309 5.3162392804438596  1.5496004724556052 5.8281172040786799  1.5524831802593662 6.3400324580001914  1.5553658880631338 6.8519761791770204 
 4.68254500263407 6 4.6969585416529176 6
7 0 0  5 6 2  1.6006403045455366 4.1076212731392081  1.5977575967417652 4.6193979519751061  1.5948748889379942 5.1312296832797628  1.591992181134227 5.6431076069146258  1.5891094733304514 6.1550228608361071  1.58622676552668 6.666966582012936 
 4.68254500263407 6 4.6969585416529176 6
Curves 519
7 0 0  7 20 4  7.5970343966602893 -6.8587046952168871 -9.9737348047470977  7.6176709796725381 -6.7816879189205617 -9.7766631667463475  7.6354473026251792 -6.7142642776995913 -9.5766388786825285  7.6506702829362299 -6.655777455146068 -9.374917762443939  7.6635843249651971 -6.6056525086738613 -9.1721187686706056  7.6743682851982973 -6.5634615656332178 -8.9684143259630709  7.6831286713659699 -6.5289861971566534 -8.763719196839963  7.7004104517562206 -6.4607074914881153 -8.2375220864590979  7.7057647211030229 -6.4392240665662905 -7.924223201980702  7.7067679944996801 -6.4351705017838947 -7.6118077238994397  7.7031369905029567 -6.4497204743582408 -7.2944951180828177  7.6938233303659853 -6.4870319464065842 -6.9714178996758394  7.6770110120830823 -6.5538285371675 -6.648490034650985  7.6484592470394688 -6.6638258979619849 -6.326367345484587  7.6468876256156699 -6.6698741154492751 -6.3090666372171071  7.6452787770823889 -6.676058680439299 -6.291788456627101  7.643631662229728 -6.6823830236673887 -6.2745341284204992  7.6419451697249015 -6.6888508061280305 -6.2573051035172949  7.6402181161122362 -6.6954659190748576 -6.2401029590515309  7.6384492458131712 -6.7022324840206613 -6.2229293983713188 
 0 8 0.37810463509690256 6 0.96655778942293447 6 1 8
7 0 0  7 20 4  7.6105355157299153 -6.8081179923335995 -10.000000600000009  7.6277121154038285 -6.7435036721230031 -9.8148127914981949  7.6426739126689425 -6.6864548703029829 -9.6276071290400438  7.6556269694428734 -6.6365216972302408 -9.4391588114661609  7.6667347438798519 -6.5933227324187476 -9.249860543089893  7.6761168173420753 -6.5565805114858682 -9.0598369093391042  7.6838453568295391 -6.5261554184410864 -8.8690579819395623  7.7009702825284343 -6.4584942333444504 -8.3306170164644815  7.7062415697211923 -6.437305370631254 -7.9937725413553071  7.7068491744543843 -6.4348450870973011 -7.6580507704668657  7.7023893732017319 -6.4527124745225599 -7.3152776407520461  7.6915014380994311 -6.4963318750114274 -6.9645724089646937  7.6718472426815403 -6.5743547008043128 -6.6145043918469852  7.6359860518503435 -6.7116668530191514 -6.2495475311054856  7.6317517924343345 -6.7278357551969128 -6.2088442284033372  7.627282096516284 -6.744853953155725 -6.1683029565952401  7.6225567290937386 -6.7627891056846847 -6.1279286892630216  7.617554035216914 -6.7817121511470999 -6.0877535839021544  7.6122509146300308 -6.8016969158217195 -6.0478370438215565  7.6066227964126218 -6.8228197222439571 -6.0082657800433887 
 0 8 0.32910610111951416 6 0.92483724740073625 6 1 8
7 0 0  7 20 4  7.6256902826313091 -6.7508516158078393 -10.000000600000009  7.6390605468851742 -6.7000991670406034 -9.8333813816369879  7.6508746678711619 -6.6547780019196781 -9.6655489687927343  7.6612490723128204 -6.6146293736563688 -9.4968972413266357  7.6702767187341996 -6.579441272787534 -9.3276360728533607  7.678025647696785 -6.5490628877965236 -9.1578458827564457  7.6845375320364182 -6.5234190657341378 -8.9875321882018593  7.7008970725634835 -6.4587866701681902 -8.4590349485757699  7.706206572824712 -6.4374458590817296 -8.1119945960413364  7.7068703676312591 -6.4347607767732082 -7.7662295694775709  7.7024896245970478 -6.4523105609406706 -7.4131118119190695  7.6916991096592326 -6.4955414168959207 -7.0516096171388813  7.6721480692169379 -6.5731740682612552 -6.6905218445001955  7.6354046408572724 -6.7138973845492744 -6.3036637700599858  7.6300897103797594 -6.7341852004640748 -6.2515273933509352  7.6244042342137783 -6.7558088437251209 -6.1996398075176655  7.6183049505107681 -6.7789143773431428 -6.1479906042456207  7.6117448153042124 -6.8036565391779593 -6.0966481614844934  7.604672917965579 -6.8301973456108458 -6.0457598347475736  7.5970343966602893 -6.8587046952168871 -5.9955521484111349 
 0 8 0.29224371064787924 6 0.90399858006979628 6 1 8
7 0 0  7 20 4  7.6396970823694739 -6.697457243188218 -10.000000600000007  7.6497447110628114 -6.6589921740225533 -9.8540805590988789  7.6587516133672713 -6.6242360957718605 -9.7074712471824487  7.6667773835641713 -6.5930564165857009 -9.5603527054228117  7.6738696568674021 -6.5653474412728583 -9.4128271960948133  7.6800635795200973 -6.5410357694860597 -9.2649423013059931  7.6853812788912768 -6.5200856939066716 -9.116714021726553  7.7008172949850096 -6.4591017078275046 -8.6013858473192464  7.7061287887309229 -6.4377585333117135 -8.2454798159527076  7.7068561070368116 -6.434818430963583 -7.8909487187379188  7.702616874242195 -6.451800862138021 -7.5290204399930172  7.6920799969579061 -6.4940150205943779 -7.1585431384464382  7.6729528062948296 -6.5699819037796727 -6.7882543414454952  7.6367652914704758 -6.7087013322858073 -6.3880438487474152  7.6313127426575411 -6.7295317177126197 -6.3320136921364281  7.6254626339480369 -6.7517979155292114 -6.2762347503477116  7.6191657809605307 -6.7756667498437366 -6.2206857356504885  7.6123684725926823 -6.8013155690805487 -6.165442873576751  7.605012368514279 -6.8289304989164332 -6.1106801511371467  7.597034396660292 -6.8587046952168649 -6.0566695650368567 
 0 8 0.25815088263640584 6 0.8954544302095051 6 1 8
7 0 0  7 20 4  7.6525175375654593 -6.6481835101700151 -10.000000600000005  7.6597079844945481 -6.6204386283283556 -9.876949116878933  7.6662494748594554 -6.5950536810532538 -9.7535410119857016  7.6721689487970099 -6.5719688544075625 -9.6298372099481533  7.6774875761688497 -6.5511393649579182 -9.5058832155718793  7.6822209354984414 -6.5325357900611367 -9.381709451609936  7.6863791929081176 -6.5161443981505895 -9.2573315965325911  7.7008568094224543 -6.4589417905151398 -8.7546596575226125  7.7061101875708182 -6.4378326092048734 -8.3880390698105849  7.7068188753321332 -6.434968237576844 -8.0229191002172389  7.7026008731874223 -6.4518647243887477 -7.6501103629398681  7.6921256500783848 -6.4938288859021158 -7.2683390896636091  7.6731017325652147 -6.5693893747374448 -6.8865763385688687  7.6370444985356132 -6.7076344928644076 -6.4732861386843243  7.631570239589534 -6.728551392720509 -6.4150172177762572  7.6256919956027494 -6.750928202513184 -6.3569934736792177  7.6193581681998177 -6.7749405514665737 -6.2991834794212425  7.6125123499789158 -6.8007753240860911 -6.2416638917826219  7.6050932128978843 -6.8286287835693074 -6.1846196915286678  7.5970343966602911 -6.8587046952168649 -6.1283444236424813 
 0 8 0.2204170147534866 6 0.88936304829606705 6 1 8
7 0 0  7 20 4  7.6641013107409028 -6.6033252162851408 -10.000000600000016  7.6688264372245287 -6.5849608133805573 -9.9032649657957315  7.6731980453983732 -6.5679068530773836 -9.8063651419299074  7.6772253368382071 -6.5521439090907441 -9.7093204835729363  7.6809156662468459 -6.5376576250595111 -9.612146591785649  7.6842745810042103 -6.5244387774273962 -9.514855388528618  7.6873058607173776 -6.5124833383240164 -9.4174551916714311  7.7008045506439711 -6.459147047114338 -8.9310067293486473  7.7060689326064189 -6.4379998320983551 -8.5529429084868571  7.7068214415359018 -6.4349576015933936 -8.1758134312976551  7.7026643427111896 -6.4516097478125296 -7.7906825124712045  7.6922839236020826 -6.4931976587006082 -7.3965889100646622  7.6734390932616741 -6.568045949957229 -7.0028913142347067  7.6376832110327255 -6.7051934291363793 -6.5753254294187808  7.632150280561369 -6.7263427586970153 -6.5139640628737761  7.6262001576876255 -6.7490011579449476 -6.4528462868787466  7.6197772084689195 -6.7733587760520209 -6.3919249338574788  7.6128204728764803 -6.7996183575973044 -6.3312776361742902  7.6052635355680005 -6.8279931307107544 -6.2711070552044861  7.597034396660292 -6.8587046952168649 -6.2117411104048221 
 0 8 0.17659499815669294 6 0.88103063899047318 6 1 8
7 0 0  7 20 4  7.6743848816330367 -6.5632279367528445 -10.000000599999993  7.6770815108068016 -6.5526791190129314 -9.9325488501994581  7.679625550272716 -6.5427061500980344 -9.8650382331054196  7.6820190530164023 -6.5333051162904594 -9.7974723284538872  7.6842637003218144 -6.5244732121182833 -9.7298545634329177  7.6863608017712464 -6.5162087403553643 -9.6621882126825831  7.6883112952453292 -6.5085111120213339 -9.594476398294999  7.7007892317354179 -6.4592047199967029 -9.1259496050306961  7.7060148295168558 -6.4382169377074367 -8.7364009258196482  7.7067861573926946 -6.4350994732636462 -8.3478710365017896  7.7027160509751367 -6.4514026740911561 -7.9512145088151138  7.692517266596548 -6.492260576634834 -7.5453656707620436  7.6739944680828795 -6.5658378616844022 -7.1397338756372957  7.6386859351464667 -6.7013592863608427 -6.6962219943790942  7.6330584520697178 -6.7228832300434487 -6.6307982711263795  7.6269930478436763 -6.7459933437421311 -6.5656170462294252  7.620428447138484 -6.7708999033767823 -6.5006115628194339  7.6132972814890048 -6.7978277561075577 -6.4358636884134484  7.6055259361015048 -6.8270138385877832 -6.3716041547784581  7.597034396660292 -6.8587046952168649 -6.3082127977955142 
 0 8 0.12583317801134222 6 0.87014710506124648 6 1 8
7 0 0  7 26 5  7.6832894722459821 -6.52829548081416 -10.000000600000005  7.6843633261986186 -6.5240707789762178 -9.9661612418929355  7.6854028143398381 -6.5199778819406697 -9.9323107403627802  7.6864080813342639 -6.5160166019027974 -9.8984494427895413  7.687379252087938 -6.5121868107254173 -9.8645776903888223  7.688316431748321 -6.5084884399388852 -9.8306958182118045  7.6892197057043044 -6.5049214807410891 -9.7968041551452636  7.6936348240256303 -6.4874755024653696 -9.6246490220859897  7.6966167065899782 -6.4756554202461976 -9.4862792306253905  7.6990406577275596 -6.4660234176063218 -9.3477738504456944  7.700906112441773 -6.4585981189506372 -9.2091334033500392  7.7022060775866867 -6.4534188608381964 -9.0703790575076901  7.702927139162604 -6.4505454599978336 -8.9315529529329734  7.7032921827374805 -6.44909078577773 -8.5172602271970757  7.7011728653196387 -6.4575359568337554 -8.2474015297450851  7.6967116516936391 -6.47531940096545 -7.9780038749627975  7.6895573933281929 -6.5037557010978659 -7.7058160458190459  7.6790644799115286 -6.5452412707102416 -7.4306328130817221  7.6643152168921507 -6.6029805392103702 -7.1564044139836112  7.6388526756397672 -6.7007214096014405 -6.8237795252153921  7.6332160512442346 -6.722282533021315 -6.7556513874696762  7.6271370634182292 -6.7454466711498364 -6.6877553698864327  7.6205523572693084 -6.7704317768212006 -6.6200123281010539  7.6133922419047133 -6.7974710025862608 -6.5525050877465461  7.6055805332154369 -6.826810079384642 -6.4854787036221353  7.5970343966602929 -6.8587046952168649 -6.419340718861859 
 0 8 0.065479730155897212 6 0.33251609157125023 6 0.86233700290637727 6 1 8
7 0 0  7 20 4  7.6907179092413553 -6.4990009468983612 -10.000000600000002  7.6941532538821304 -6.485420941170041 -9.8569865794495524  7.6970329714374959 -6.474002180929185 -9.7138707786541296  7.6993623885365041 -6.4647435755878826 -9.57062904688887  7.7011404728786985 -6.4576648285299569 -9.4272590988175331  7.7023598375335665 -6.452806194432112 -9.2837808212080297  7.7030067452400379 -6.4502282365850734 -9.140236579647933  7.7031680565045608 -6.4495854170744291 -8.7143305004060085  7.7009800034409146 -6.4583047064601091 -8.4376466223640367  7.6965090173637307 -6.4761239230968082 -8.1614328376400245  7.6894121583723747 -6.5043264791520512 -7.8823956963455029  7.6790637407960007 -6.5452334792802986 -7.6003012782645101  7.6645769147844325 -6.6019434932694585 -7.319071074273289  7.6394913427216835 -6.6982778104853722 -6.9753086243507374  7.6337987017561852 -6.7200617304488901 -6.9032256413698727  7.627650010444472 -6.7434997878516025 -6.8313694276075054  7.6209775092217598 -6.768825843718921 -6.7596392095473758  7.6137064980591305 -6.7962905379373382 -6.688119896622017  7.6057551619939554 -6.8261583559107679 -6.6170823564411103  7.5970343966602973 -6.8587046952168649 -6.5469836900198848 
 0 8 0.28623199965513424 6 0.84926610147945703 6 1 8
7 0 0  7 20 4  7.6965500546158818 -6.4759026622256064 -10.000000599999987  7.6980738565894384 -6.4698561763951057 -9.9090505726119922  7.6993926570351237 -6.4646161253000889 -9.8180586270336399  7.7005060586838754 -6.4601874743948144 -9.7270288760771972  7.701412798472477 -6.4565779655723379 -9.6359655366963999  7.7021107475435571 -6.4537981171645074 -9.5448729299864379  7.7025969112455837 -6.4518612239419566 -9.4537554811839559  7.70379122343937 -6.447102538634069 -9.0513904435740642  7.7021789689170603 -6.4535239207210129 -8.7469816642876381  7.6980952062401418 -6.4698157794472566 -8.4430641889920306  7.6911733566029419 -6.4973592424650803 -8.135563426657086  7.6807116080343443 -6.538779837382231 -7.8241294923902824  7.6657002509358207 -6.597629038681081 -7.5135413354729614  7.6395076747135544 -6.6982152405237736 -7.1395671256547599  7.6338208883579641 -6.7199769715298174 -7.0645449785378096  7.6276776339659147 -6.743394654656333 -6.9897476497968816  7.6210080845107981 -6.7687100665915532 -6.9150497498790484  7.6137352300573067 -6.7961824495947587 -6.8405287272602946  7.6057746685597349 -6.8260855564161735 -6.766464842640354  7.597034396660292 -6.8587046952168649 -6.6933411431375323 
 0 8 0.18940107022628855 6 0.83618872656668741 6 1 8
7 0 0  7 20 4  7.7006361877112663 -6.4596671390177827 -10.000000599999995  7.7015650717087381 -6.4559714517376392 -9.9056779154625527  7.7022897632481602 -6.4530855184492895 -9.8113367891234855  7.702808496989336 -6.45101849876351 -9.7169694008616041  7.7031184960232819 -6.4497828655160259 -9.622574133426415  7.7032159718722237 -6.44939440476751 -9.5281555724381288  7.7030961244895781 -6.4498722158035919 -9.4337245063876605  7.7017277889960178 -6.4553238803569535 -9.0570074946652497  7.6987277615359933 -6.4672732549192737 -8.7801259445655155  7.6937132089905296 -6.4872233374434058 -8.5036932450056568  7.6863617694072843 -6.5163717683163274 -8.2246540159100796  7.6761227761006561 -6.5567435743662461 -7.9428160146757119  7.6622356347694485 -6.6109797528737451 -7.6617458819357633  7.6385185490619705 -6.7019991347697028 -7.3131856518417573  7.6329370871522624 -6.7233449286558846 -7.2372355714139784  7.6269174563764324 -6.746279181682957 -7.1614866602846323  7.6203934718895976 -6.7710310799042253 -7.0858183382066473  7.6132924041963248 -6.7978455875898707 -7.0103061533006414  7.6055348156013549 -6.8269806998431957 -6.9352219721497184  7.597034396660292 -6.8587046952168649 -6.8610341698942596 
 0 8 0.20705277711187758 6 0.82604181648922781 6 1 8
7 0 0  7 20 4  7.7027873026228164 -6.4511026093320885 -10.000000600000021  7.7028617819026781 -6.4508058654722094 -9.9768060067262407  7.7029246584234974 -6.4505553329160739 -9.9536103664332654  7.7029758840282421 -6.4503512130894318 -9.9304137315093062  7.7030154073991701 -6.4501937177835931 -9.9072161551396878  7.703043174057826 -6.4500830691554274 -9.8840176913068181  7.7030591263650425 -6.4500194997273592 -9.8608183947902042  7.7031208582393678 -6.4497735001200178 -9.5095480324649344  7.7008026975884958 -6.4590113049120559 -9.1892807735226736  7.6961435110110745 -6.4775793327463767 -8.8696679287798119  7.6887635144526403 -6.5069007362461608 -8.546121418007143  7.6779591543178789 -6.5495962047957912 -8.218173926624182  7.6627307609107165 -6.6091715076183979 -7.8909347207837994  7.6367224409833829 -6.7088643951074598 -7.5009328776396513  7.6313301059795302 -6.7294643186310665 -7.425791929622001  7.6255336567099192 -6.7515269440705676 -7.3508321820463873  7.6192736374514451 -6.7752581435852646 -7.2759414046176571  7.6124850987314119 -6.8008768693477188 -7.2011840066128219  7.605097464059595 -6.8286129180178161 -7.1268011533413471  7.597034396660292 -6.8587046952168649 -7.0532108826054252 
 0 8 0.053932194319999509 6 0.8165828155122401 6 1 8
2 -18 0 -9.8999999999999986 0 0 1 1 0 -0 -0 1 0 26.5
1 7.811334373395777 -6.0020844599820116 -10 0 0 1 
2 -18 0 -10 0 0 1 1 0 -0 -0 1 0 26.5
8 0 4.0737632026998813
1 8.0240273593462064 -5.0000000000000036 -10 4.3604813314209629e-16 8.7209626628419258e-16 1 
7 0 0  6 7 2  8.024027244068126 -5.0000005999999813 -5.9262367424763029  8.1320969800895266 -4.4375187166017689 -5.9776324179576275  8.2255145541890222 -3.8725626779237534 -6.0287363369072562  8.3041087757420371 -3.3061976301386262 -6.0766749037608019  8.3679445946477653 -2.738910066614042 -6.1187850038911318  8.4171455757085081 -2.1705034847335378 -6.152845719989954  8.4516540488491856 -1.5999994000000086 -6.1773853305121644 
 0 7 1 7
8 0 0.30077334129049177
2 -18 0 -6.0999999999999996 0 0 1 0.99385066471297989 -0.11072875078121419 0 0.11072875078121419 0.99385066471297989 -0 26.5
1 8.0240273593462099 5 -10 0 0 1 
7 0 0  6 12 3  7.6904650055229604 6.500000599999991 -7.1109096235525211  7.7761408476972074 6.1613772119965802 -7.1658314202681428  7.8560727740920822 5.8229317481101432 -7.2260187329359997  7.9303478769334763 5.4847023970810058 -7.2908652823075846  7.9991088793261422 5.1464759408751881 -7.360001267759861  8.0623763144495157 4.8082884156642134 -7.4331505756881535  8.1624130931138392 4.2238617427852523 -7.5665638947269942  8.2014147857431023 3.9791410244790271 -7.6246055625766029  8.2376038926733699 3.7346910870947476 -7.6847100752093871  8.2712023691118404 3.4890626436636758 -7.7474097926958674  8.3020138468108335 3.2424718602594389 -7.8130616697602093  8.329641159727176 2.9999994000000174 -7.8813741660191479 
 0 7 0.57712691329932564 5 1 7
7 0 0  4 5 2  7.6990900932848341 6.465815368322021 -7.1000446124750196  7.7006604999884658 6.4595736151848273 -7.1733950993144422  7.7017971361006898 6.4550474417578139 -7.2467821795395526  7.7025270917887649 6.4521394154913825 -7.3201719001207213  7.7028662386673927 6.4507881004705112 -7.3935391123864598 
 0 5 1 5
3 -18 0 10.894651263508738 0.57357643635104605 0 0.81915204428899191 -0.81915204428899191 0 0.57357643635104605 0 -1 0 32.350526602178583 26.5
7 0 0  5 6 2  7.6912520215668643 6.4968892221074999 -6.8765193979030803  7.6951287264838992 6.481559208060486 -6.9796810279839301  7.6981269431576624 6.4696550231614074 -7.0831067349451242  7.7003277485223132 6.4608987807846967 -7.1865811670452402  7.701789056320564 6.4550793175294485 -7.2900346045103603  7.7025470074593034 6.4520599291501206 -7.3935391123864633 
 0 6 1 6
3 -18 0 10.452448175258208 0.55919290347074679 0 0.82903757255504174 -0.82903757255504174 0 0.55919290347074679 0 -1 0 31.96477563535349 26.5
7 0 0  5 6 2  7.6790030305036545 6.5451358549218845 -6.6561107707481115  7.6871149466350923 6.5133097899570531 -6.8026249937018788  7.6932104631374596 6.4891892595436973 -6.9502880363724735  7.6976026863380094 6.4717426990248264 -7.0979730552387039  7.7005026714268894 6.4602013124306481 -7.2455723371803602  7.7020150833636958 6.4541785421961517 -7.3935391123864616 
 0 6 1 6
3 -18 0 10.020028067584864 0.54463903501502708 0 0.83867056794542405 -0.83867056794542405 0 0.54463903501502708 0 -1 0 31.597627260152606 26.5
7 0 0  6 7 2  7.6617803851353727 6.612339031317247 -6.4384608009310327  7.6737420728962098 6.5659170007921395 -6.5953476115145042  7.6830525879025329 6.529366862201476 -6.7546431609698656  7.6901676371211982 6.5012533271637905 -6.9143116732664049  7.6954305824228593 6.4803722571545146 -7.0736748206041371  7.6990760806113938 6.4658770055770178 -7.2330750071119976  7.701212208589399 6.4573749317393077 -7.3935391123864624 
 0 7 1 7
3 -18 0 9.5967985696609581 0.5299192642332049 0 0.84804809615642607 -0.84804809615642607 0 0.5299192642332049 0 -1 0 31.24822768909555 26.5
7 0 0  6 7 2  7.6384492458131819 6.7022324840206489 -6.222929398371333  7.6579404285998756 6.6276717012055268 -6.4121648728396226  7.6725510144370741 6.5707176607103372 -6.6082943563841132  7.6833902953414128 6.5280716747869869 -6.805002519371417  7.6912850854972303 6.4968244920217986 -7.0002846197054822  7.6967831119800456 6.4749918602687107 -7.1953548637144733  7.7000718189894641 6.461912139512858 -7.3935391123864553 
 0 7 1 7
3 -18 0 9.1822043863946234 0.51503807491005416 0 0.85716730070211233 -0.85716730070211233 0 0.51503807491005416 0 -1 0 30.915785026206258 26.5
7 0 0  6 12 3  7.6066227964126387 6.8228197222439277 -6.0082657800434163  7.6304022265046196 6.7335734983265878 -6.1754588034155695  7.6487117329650554 6.6633560180700764 -6.3524910201324545  7.6628659572446534 6.6084395333905794 -6.5308086993161183  7.6739061549950822 6.5652618423188027 -6.7073616548139059  7.6825847116365908 6.5311238519351642 -6.8836995036719539  7.6912593355970751 6.4968654816568447 -7.1194085362692769  7.6930749880095624 6.4896826158248473 -7.1741822486275781  7.694701268010351 6.4832396406973816 -7.2289893380937551  7.6961461687015493 6.4775085504759708 -7.2838220828020157  7.6974164577104416 6.4724653536929893 -7.3386738532675366  7.6985176771894883 6.4680900732116706 -7.3935391123864607 
 0 7 0.76780049368249881 5 1 7
3 -18 0 8.7757240916823136 0.50000000000000011 0 0.86602540378443871 -0.86602540378443871 0 0.50000000000000011 0 -1 0 30.599564267050162 26.5
7 0 0  6 12 3  7.5970343966603089 6.8587046952167974 -5.9955521484112912  7.6194620989542052 6.775003370758947 -6.1429685130471166  7.6372351290943081 6.7073597234733331 -6.2988529784512917  7.6514165477276501 6.6527570349157887 -6.4561967634006852  7.6628777579617386 6.6082635122650446 -6.61234459320813  7.6722834894911713 6.5715172040227205 -6.768456739200043  7.6837258178561809 6.5265960218552328 -7.0058308495938029  7.6870198931110556 6.5136221606633695 -7.0832439481744602  7.6899160751881617 6.5021862072481822 -7.1607441820767077  7.6924410534478724 6.4921958142126108 -7.2382876615158276  7.6946170597950641 6.4835724058341455 -7.3158726139338981  7.6964619978607969 6.4762520636936243 -7.3935391123864571 
 0 7 0.67460779734532028 5 1 7
1 7.5970343966603089 6.8587046952167992 -10 0 0 1 
7 0 0  8 72 11  7.5970343966603071 6.8587046952167992 10.483873692698893  7.6625995265702631 6.6140122991879888 10.413308544059285  7.7233305175672919 6.3766675721071113 10.340800303857733  7.7808357933727326 6.141905143387433 10.265102178214271  7.8360549810943079 5.9061862898856994 10.184752659419168  7.8892264222510491 5.6680752130356424 10.098396508113282  7.9398084682699892 5.4291785556934986 10.005124808935088  7.9868355661823918 5.1947299776803613 9.9045922576324443  8.0427270945829203 4.90220337732723 9.7622633199761264  8.0558010856921118 4.8325737645178393 9.7269921081774697  8.0685169069176563 4.7637034717115974 9.6905659014072896  8.0809322916639541 4.695311011756055 9.6526061327455199  8.0930328664247959 4.627487990095605 9.612804375122062  8.1047437651517011 4.5606915839851752 9.5709172904504261  8.1159395925935023 4.4957365881822282 9.5267613028514706  8.1327841251224573 4.3964788023895496 9.4521703398003929  8.1388702440032556 4.3602465196695386 9.4232536739170882  8.1447306715549317 4.3250133752753142 9.3931775001926656  8.1503489301477128 4.2909068276154407 9.3617069190299951  8.1556771910578032 4.2582530905641249 9.3286454383616082  8.1606395972453551 4.2275712772884733 9.2938284848185866  8.1651342040692789 4.1995671945276536 9.2571166170662504  8.1714968511871788 4.1596871299691571 9.1939228193257581  8.1737579928043349 4.1454472453963493 9.1683004787107087  8.1757448850054892 4.1328785310813512 9.1417292804452721  8.1774001080001266 4.1223679127897999 9.1143898397385481  8.1786796684362137 4.1142198540419264 9.086441298587463  8.1795517678443606 4.1086583655773401 9.0580270983392506  8.1799955710819727 4.1058290148198058 9.0292807522539764  8.1800019779316955 4.1057881625407573 8.9871632272484945  8.1799130887922793 4.1063550269384121 8.9740025317395702  8.1797334537542472 4.1075004640338912 8.960871359669456  8.1794640847693891 4.1092175274427039 8.9477920858377527  8.179106859346188 4.1114933888969487 8.9347876317144319  8.1786645205498232 4.1143093382453175 8.9218814654398599  8.1781406770021619 4.1176407834530941 8.9090976018247865  8.1765216158112093 4.1279242914922145 8.8750470832141826  8.1752841460458896 4.1357722740148324 8.8540943944192918  8.1738453373851137 4.1448781934476058 8.8336078778726659  8.1722229851019339 4.1551188627326754 8.8135946300177732  8.1704348701451295 4.1663709327278955 8.7940634859095095  8.1684988933411624 4.1785109124580062 8.7750250032891302  8.1664332095961498 4.1914151893658138 8.7564914466591688  8.1617135610647811 4.2207819592419229 8.7174336183586512  8.159009716696481 4.237535571506899 8.6970219586382864  8.1561654909908388 4.2550789117569607 8.6772140192388587  8.1531981964183498 4.2732923940098999 8.6579782911883605  8.1501217959220718 4.2920788209026313 8.6392795295012181  8.1469469029176373 4.3113633836911962 8.6210787531782866  8.143680781293245 4.3310936622507601 8.6033332452068603  8.1319551576257805 4.4015360344037928 8.5427137669569024  8.1229806674803733 4.4547682837570184 8.5016824299410931  8.11355152515819 4.509907385829047 8.4627720303113847  8.1037790974001922 4.5662134776222221 8.4258086876465388  8.0937328663249151 4.6232444780301023 8.3905689620984081  8.0834333711813517 4.6808643674738493 8.356773916619904  8.0728436930333238 4.7392510895923845 8.3240834316284857  8.0376292351582528 4.9304935563196963 8.2215176491448467  8.0116472289346632 5.0673335522836833 8.1548305928533509  7.9843182321415336 5.2066105680467913 8.0919003868286339  7.9559608955402368 5.3464650061624726 8.0324782498077187  7.9267505839593637 5.4860822575587402 7.9761481663020719  7.8966600372893172 5.6256866567218404 7.9223199660031733  7.8654200815298392 5.7664375036390636 7.870266936549795  7.8056601944905344 6.0276370822020784 7.7775226662659991  7.7780240615069483 6.1456236135616784 7.737013588037267  7.7496522064357389 6.263962567409628 7.6976465231660605  7.720567702541989 6.3825200129697244 7.6593741640186472  7.690778558494122 6.5012392885469401 7.6221428661635082  7.6602775751972425 6.6201288196497128 7.5858956228109209  7.6290422026264775 6.7392499371122421 7.5505750392525641  7.5970343966603062 6.8587046952168 7.5161263073011071 
 0 9 0.30587844885427978 7 0.40400577286862283 7 0.46310153066402743 7 0.50043389766920865 7 0.51741565593976857 7 0.5461914113259807 7 0.57980470788365901 7 0.66372366163297913 7 0.84884183342263764 7 1 9
1 7.7645104746820266 6.2000000000000002 -10 0 0 1 
7 0 0  5 6 2  8.0240274746242868 4.9999993999999885 7.3363555722552896  7.9778555479372919 5.2403153265696369 7.2801817609454389  7.9288500261389405 5.4804086973438961 7.2245334025622157  7.8769758346775518 5.72038452145246 7.1696713385532842  7.8222005002428654 5.9602653039231752 7.1158354421661221  7.7645103302973633 6.2000006000000027 7.0632751113609649 
 0 6 1 6
1 8.0240273593462099 5 -10 0 0 1 
1 8.0977010481766385 4.5999999999999996 -10 0 0 1 
7 0 0  5 6 2  8.3620940602221445 2.6999993999999976 5.527175263468763  8.3230193179935021 3.0815150514517793 5.5005979889083489  8.2770485510252705 3.4622685106255675 5.4701340983756133  8.2241788913830192 3.8423278963852141 5.436318231645668  8.1643920670084 4.2216343395658571 5.3998148752703816  8.0977009424201896 4.6000005999999978 5.3613669110269644 
 0 6 1 6
1 8.267851073127396 3.5 -10 0 0 1 
8 0 0.26492500691521587
2 -18 0 -2 0 0 -1 0.99123966313688283 0.13207547169811321 0 0.13207547169811321 -0.99123966313688283 0 26.5
1 8.267851073127396 -3.5 -10 0 0 1 
7 0 0  5 6 2  8.3620940602221445 -2.6999994000000012 5.5271752634687612  8.3230193179936052 -3.0815150514507761 5.5005979889084173  8.2770485510253948 -3.4622685106248108 5.4701340983756994  8.2241788913829694 -3.8423278963857368 5.4363182316456218  8.1643920670081478 -4.2216343395673128 5.3998148752702377  8.0977009424201984 -4.6000005999999773 5.3613669110269697 
 0 6 1 6
1 8.0977010481766385 -4.5999999999999996 -10 0 0 1 
7 0 0  8 72 11  7.5970343966603089 -6.8587046952167983 10.483873692698889  7.6625995265689397 -6.6140122991929333 10.413308544060708  7.7233305175700533 -6.3766675720969523 10.340800303854198  7.7808357933700014 -6.1419051433974117 10.265102178219296  7.836054981096356 -5.9061862898773976 10.18475265941305  7.8892264222490871 -5.6680752130451282 10.098396508119865  7.939808468271667 -5.4291785556848522 10.00512480893018  7.9868355661816173 -5.194729977684414 9.9045922576344161  8.0427270945829274 -4.9022033773271767 9.7622633199761051  8.0558010856921047 -4.8325737645178872 9.7269921081774946  8.0685169069176599 -4.7637034717115849 9.6905659014072594  8.0809322916639577 -4.6953110117560062 9.6526061327454755  8.0930328664247853 -4.6274879900956583 9.6128043751221046  8.1047437651516852 -4.5606915839853102 9.5709172904505255  8.1159395925935005 -4.4957365881822229 9.5267613028514546  8.1327841251224466 -4.396478802389594 9.4521703398004178  8.1388702440032681 -4.3602465196694924 9.4232536739170278  8.1447306715549299 -4.3250133752753319 9.3931775001926816  8.150348930147695 -4.2909068276155278 9.3617069190300874  8.1556771910577961 -4.2582530905641693 9.3286454383616491  8.1606395972453658 -4.2275712772884386 9.2938284848185315  8.1651342040692789 -4.1995671945276598 9.2571166170662433  8.1714968511871824 -4.1596871299691385 9.1939228193257136  8.1737579928043349 -4.1454472453963573 9.1683004787107176  8.1757448850054875 -4.1328785310813823 9.1417292804453236  8.1774001080001231 -4.1223679127898256 9.1143898397385925  8.178679668436212 -4.1142198540419344 9.0864412985874701  8.1795517678443606 -4.1086583655773401 9.0580270983392417  8.1799955710819727 -4.1058290148198138 9.0292807522539889  8.180001977931699 -4.1057881625407227 8.9871632272071889  8.1799130887929987 -4.10635502693383 8.9740025317232544  8.1797334537554143 -4.1075004640264812 8.9608713596902074  8.1794640847702507 -4.1092175274372327 8.9477920858749993  8.1791068593460139 -4.1114933888980625 8.934787631736544  8.1786645205483968 -4.1143093382543743 8.9218814654257219  8.1781406770002896 -4.1176407834649895 8.9090976017853816  8.1765216158112111 -4.1279242914921932 8.8750470832142394  8.1752841460458949 -4.1357722740148368 8.8540943944193007  8.1738453373851137 -4.1448781934476271 8.8336078778726339  8.1722229851019339 -4.1551188627326896 8.8135946300177501  8.1704348701451295 -4.1663709327278919 8.7940634859095201  8.1684988933411642 -4.1785109124579982 8.7750250032891515  8.1664332095961498 -4.1914151893658209 8.7564914466591688  8.1617135610647882 -4.220781959241906 8.7174336183586778  8.1590097166964828 -4.2375355715068945 8.6970219586383006  8.1561654909908388 -4.2550789117569803 8.6772140192388516  8.1531981964183462 -4.273292394009931 8.6579782911883374  8.1501217959220682 -4.292078820902657 8.639279529501195  8.1469469029176373 -4.3113633836912042 8.6210787531782795  8.1436807812932486 -4.331093662250753 8.6033332452068727  8.1319551576287452 -4.4015360343859813 8.5427137669722359  8.122980667479057 -4.4547682837655245 8.5016824299318596  8.1135515251548966 -4.5099073858479573 8.4627720302981064  8.1037790973996557 -4.5662134776244869 8.4258086876478675  8.0937328663281942 -4.6232444780115669 8.3905689621106347  8.0834333711837925 -4.6808643674609414 8.3567739166250981  8.0728436930297178 -4.7392510896119777 8.3240834316179804  8.0376292351566381 -4.9304935563284742 8.2215176491401447  8.0116472289370151 -5.0673335522701928 8.1548305928610532  7.9843182321421562 -5.2066105680455914 8.091900386827712  7.9559608955377463 -5.3464650061746104 8.0324782498022902  7.926750583958782 -5.4860822575597208 7.9761481663031395  7.8966600372923637 -5.6256866567090276 7.92231996600729  7.8654200815282547 -5.7664375036459852 7.8702669365473366  7.8056601944907591 -6.0276370822010934 7.7775226662663473  7.7780240615070406 -6.1456236135612992 7.7370135880373887  7.7496522064356475 -6.2639625674100445 7.6976465231659121  7.7205677025418211 -6.382520012970426 7.6593741640184234  7.6907785584940331 -6.5012392885472812 7.6221428661634159  7.6602775751973304 -6.6201288196493602 7.5858956228110417  7.6290422026266818 -6.7392499371115013 7.5505750392527808  7.5970343966603116 -6.8587046952168 7.516126307301108 
 0 9 0.30587844792151203 7 0.40400577163492785 7 0.46310152924910858 7 0.50043389613990996 7 0.51741565441171711 7 0.54619140988969683 7 0.57980470655452387 7 0.66372366054156173 7 0.84884183292872817 7 1 9
1 7.8574940781197888 -5.7999999999999998 -10 0 0 1 
7 0 0  4 5 2  7.8574942127035952 -5.7999993999999866 6.3942917949676996  7.7979831898527419 -6.0653107945077203 6.3518690170357548  7.7347593498925766 -6.3301789823822077 6.3095330898705919  7.6677909704238738 -6.5946375669616888 6.2677590933567613  7.5970343966603053 -6.8587046952168214 6.227008630398597 
 0 5 1 5
1 7.5970343966603089 -6.8587046952167992 -10 0 0 1 
3 -18 0 8.7757240916823136 0.50000000000000011 0 0.86602540378443871 -0.86602540378443871 0 0.50000000000000011 0 -1 0 30.599564267050162 26.5
3 -18 0 9.1822043863946234 0.51503807491005416 0 0.85716730070211233 -0.85716730070211233 0 0.51503807491005416 0 -1 0 30.915785026206258 26.5
3 -18 0 9.5967985696609581 0.5299192642332049 0 0.84804809615642607 -0.84804809615642607 0 0.5299192642332049 0 -1 0 31.24822768909555 26.5
7 0 0  7 14 3  7.5970343966602893 -6.8587046952168871 -9.8243872897079907  7.617625770762233 -6.7818566408707772 -9.6336237706481729  7.6353760050359991 -6.7145350979459835 -9.4398929062828607  7.6505863327752097 -6.6561005105293516 -9.2444127301024857  7.6634967452497547 -6.6059928064775351 -9.047794728012585  7.6742829433157258 -6.563795610769124 -8.8502248031337913  7.6830496521175133 -6.5292971993798838 -8.6516426837503051  7.6996385517066646 -6.4637589155090129 -8.1622975142339254  7.7050456703588655 -6.4421099965129329 -7.8765815393419416  7.7065572586045645 -6.4360187041652148 -7.5911399449939267  7.7039831864864254 -6.446331254249448 -7.3026378848676474  7.6966007913060599 -6.4759097468425502 -7.0106210099400315  7.6831586328004713 -6.529372339197776 -6.7188530966589308  7.6617803851353683 -6.612339031317255 -6.4384608009310274 
 0 8 0.40814321216449706 6 1 8
3 -18 0 10.020028067584864 0.54463903501502708 0 0.83867056794542405 -0.83867056794542405 0 0.54463903501502708 0 -1 0 31.597627260152606 26.5
7 0 0  7 14 3  7.5970343966602893 -6.8587046952168871 -9.68967178111488  7.6175395627500047 -6.7821783735524237 -9.505194084316738  7.6352338899778518 -6.7150744771508704 -9.3177458197132346  7.6504112203021766 -6.6567737373238902 -9.1285024834499122  7.6633059008023583 -6.6067338368261579 -8.9380657164913462  7.6740897272644251 -6.5645516225388798 -8.7466338514203343  7.6828654270175658 -6.5300221514155794 -8.5541708619630139  7.6981914182897997 -6.4694796826549039 -8.1172753814993257  7.7034958872662056 -6.4483084983604506 -7.874929482768299  7.7057839974409692 -6.4391260494210174 -7.6322336442658347  7.704963846144647 -6.44240503884477 -7.3881113185830243  7.7006843605535531 -6.4595524941920415 -7.1424492637640622  7.6923368673820915 -6.4928222520877812 -6.8969412622845683  7.6790030305036527 -6.5451358549218899 -6.6561107707481151 
 0 8 0.44312004902772056 6 1 8
3 -18 0 10.452448175258208 0.55919290347074679 0 0.82903757255504174 -0.82903757255504174 0 0.55919290347074679 0 -1 0 31.96477563535349 26.5
7 0 0  6 12 3  7.5970343966602876 -6.858704695216888 -9.5683540556273456  7.6209555502781026 -6.7694297345395444 -9.3591571920110574  7.640951768801532 -6.6933081479825436 -9.1457573954469993  7.6575303604032614 -6.6292795821777091 -8.9301675693277325  7.6710616254799051 -6.5764602873651716 -8.7131138489783471  7.6817680915431934 -6.534357644043097 -8.4946094497538223  7.6980402742149341 -6.4700760361911049 -8.0425260498161002  7.7032367119159177 -6.4493341305383272 -7.8104341137706754  7.7054288176915158 -6.4405458856537763 -7.5776183056393114  7.7044751698594789 -6.4443655713673564 -7.3435589214255561  7.6999846562826626 -6.4623569541826313 -7.1089004667392528  7.6912520215668563 -6.4968892221075087 -6.8765193979030652 
 0 7 0.48684061966905323 5 1 7
3 -18 0 10.894651263508738 0.57357643635104605 0 0.81915204428899191 -0.81915204428899191 0 0.57357643635104605 0 -1 0 32.350526602178583 26.5
7 0 0  6 17 4  7.5970343966602867 -6.858704695216888 -9.4593432369457116  7.6209145103894222 -6.7695828974892329 -9.2561538629755162  7.6408928699420908 -6.69353308658998 -9.0487308346654789  7.6574673872937513 -6.6295234176072046 -8.8390358397780542  7.6710017047219372 -6.5766944444252795 -8.627800720783517  7.6817143771967809 -6.5345689254705794 -8.4150751831930037  7.6949566749249811 -6.4822580888166259 -8.0572300875785903  7.6990090912464737 -6.4661638400951942 -7.9132930073793437  7.7018224902526784 -6.45495183468147 -7.7689668920399582  7.7033821802857494 -6.4487292419153386 -7.6242803357626343  7.7036370457351309 -6.4477177753300099 -7.4793566573653543  7.7021906035160015 -6.4534796639783183 -7.2954183562694936  7.7017817954370607 -6.4551078440212466 -7.2563380660525461  7.7012696436573762 -6.4571470427559197 -7.2172574452604152  7.7006520030741861 -6.4596052139415328 -7.1781794668677952  7.6999264122244488 -6.4624913272612154 -7.1391073605084108  7.6990900932848314 -6.4658153683220272 -7.1000446124750178 
 0 7 0.54042386376464846 5 0.902364171053327 5 1 7
3 -18 0 11.347270335596793 0.58778525229247314 0 0.80901699437494756 -0.80901699437494756 0 0.58778525229247314 0 -1 0 32.755801403744421 26.5
7 0 0  6 12 3  7.5970343966602876 -6.858704695216888 -9.3616719463718585  7.6208353299392915 -6.7698784029520906 -9.1644621997381517  7.640770034487967 -6.6940013780544119 -8.9630013335726755  7.6573247435513867 -6.6300748995963827 -8.7591936301549591  7.6708550068440822 -6.5772672949916222 -8.5537742156279624  7.6815748408064257 -6.5351176567915052 -8.3468281326256477  7.6946478219867664 -6.4834797114547795 -8.0038848906226274  7.6986107441437852 -6.4677461382881836 -7.8690713451610312  7.7014298892398996 -6.4565162055329752 -7.7338847859382902  7.7030935997820045 -6.44988045884421 -7.5983617125361436  7.7035600094183989 -6.4480240198856231 -7.4626103411404694  7.7027555874385376 -6.4512289691497733 -7.326873943963939 
 0 7 0.60806223060369746 5 1 7
3 8.9402897444555229 -8 -5.6955927191947389 0.84339144581288472 0 -0.53729960834682555 0.53729960834682555 0 0.84339144581288472 0 -1 0 177.61917089420135 1.55
3 6.3130844917358822 -8 -9.8999999999999986 0 0 1 1 0 -0 -0 1 0 1.8277265252112493 1.55
3 9.0383298940606718 -8 -5.5386956825492657 0.85264016435409351 0 -0.52249856471594669 0.52249856471594669 0 0.85264016435409351 0 -1 0 177.61917089420248 1.55
3 8.8395262959875023 -8 -5.85075482312378 0.83388582206716821 0 -0.55193698531205837 0.55193698531205837 0 0.83388582206716821 0 -1 0 177.61917089420248 1.55
3 6.2099157314056885 -8 -9.8999999999999986 0 0 1 1 0 -0 -0 1 0 1.8481631038957185 1.55
3 8.7360702421793786 -8 -6.0041347304560571 0.82412618862201747 0 -0.56640623692483016 0.56640623692483016 0 0.82412618862201747 0 -1 0 177.61917089420248 1.55
3 11.856406460551019 -8 -1.3780460444616143 0.25881904510252079 0.96592582628906842 0 0.52728575815413303 -0.14128579307783221 0.83785920889024623 0.80930984866121614 -0.216853920375327 -0.54588638568644565 10.709613955795694 1.55
3 6.1082759374013742 -8 -9.8999999999999986 0 0 1 1 0 -0 -0 1 0 1.8696378201810533 1.55
3 8.6299530967472755 -8 -6.155685720186078 0.81411551835632079 0 -0.58070295571093755 0.58070295571093755 0 0.81411551835632079 0 -1 0 177.61917089420135 1.55
3 11.856406460551021 -8 -1.5478327798233664 0.25881904510252074 0.96592582628906842 0 0.54115029564671768 -0.14500078470240127 0.82833032659510797 0.80010565515667331 -0.21438766415880492 -0.56024001110492094 10.441049777238295 1.55
2 0 0 8.0499999999999989 0 0 1 1 0 -0 -0 1 0 1.55
3 11.856406460551021 -8 -1.7148536430032024 0.25881904510252074 0.96592582628906842 -1.3877787807814457e-17 0.55486951578783006 -0.14867683865999712 0.81854445089771899 0.79065322508771096 -0.21185489315531481 -0.57444319293081691 10.18865325326726 1.55
3 7.6438012412444651 -8 -7.5130073049392472 0.60181502315204827 0 0.79863551004729294 -0.79863551004729294 0 0.60181502315204827 0 -1 0 1.5502361084680567 1.55
3 8.5212071840016179 -8 -6.305361628414337 0.80385686061721573 0 -0.59482278675134348 0.59482278675134348 0 0.80385686061721573 0 -1 0 177.61917089420191 1.55
3 11.856406460551023 -8 -1.8794026993973105 0.25881904510252074 0.96592582628906842 -1.3877787807814457e-17 0.56843900565990502 -0.15231277251292191 0.80850350411968253 0.78095441527441145 -0.20925610489829818 -0.58849136257569201 9.9511309831146768 1.55
3 7.5115169962397621 -8 -7.6452657635246473 0.61566147532565818 0 0.78801075360672201 -0.78801075360672201 0 0.61566147532565818 0 -1 0 1.5502361084680569 1.55
3 8.4098656290009739 -8 -6.4531168624091055 0.79335334029123228 0 -0.60876142900872432 0.60876142900872432 0 0.79335334029123228 0 -1 0 177.61917089420248 1.55
3 11.856406460551025 -8 -2.0417457650548414 0.25881904510252079 0.96592582628906831 0 0.58185434534388303 -0.15590740194743302 0.79820949807831953 0.77101116898308331 -0.20659182008439303 -0.60237994420262464 9.7273264009648184 1.55
3 7.3769446703923016 -8 -7.7751954000971288 0.62932039104983739 0 0.7771459614569709 -0.7771459614569709 0 0.62932039104983739 0 -1 0 1.5502361084680569 1.55
3 8.2959623474615629 -8 -6.5989064144948069 0.78260815685241369 0 -0.62251463663761974 0.62251463663761974 0 0.78260815685241369 0 -1 0 177.61917089420135 1.55
3 11.856406460551021 -8 -2.2021241032386722 0.25881904510252074 0.96592582628906842 -1.3877787807814457e-17 0.59511110972463888 -0.15945954125750622 0.78766453632511257 0.76082551808843024 -0.20386258315278541 -0.61610435659533003 9.5162022527217953 1.55
3 7.2401252557361744 -8 -7.9027566368307278 0.64278760968653936 0 0.76604444311897812 -0.76604444311897812 0 0.64278760968653936 0 -1 0 1.5502361084680567 1.55
3 8.1795320354261705 -8 -6.7426858757618024 0.77162458338772422 0 -0.63607822027775895 0.63607822027775895 0 0.77162458338772422 0 -1 0 177.61917089420135 1.55
3 11.856406460551025 -8 -2.3607575701014856 0.25881904510252079 0.96592582628906842 -1.3877787807814457e-17 0.60820487043957228 -0.16296800386695898 0.77687081634542188 0.75039958519831462 -0.20106896285453785 -0.62966001517548975 9.3168257022139596 1.55
3 7.1011004287904846 -8 -8.0279106173370245 0.65605902899050728 0 0.75470958022277201 -0.75470958022277201 0 0.65605902899050728 0 -1 0 1.5502361084680569 1.55
3 8.0606101586961021 -8 -6.8844114495929052 0.76040596560002782 0 -0.64944804833018743 0.64944804833018743 0 0.76040596560002782 0 -1 0 177.61917089420135 1.55
3 11.856406460551023 -8 -2.5178473036926619 0.25881904510252079 0.96592582628906831 0 0.62113119797055538 -0.1664316028899861 0.76583063171117194 0.73973558573309295 -0.19821155280974576 -0.64304233416849566 9.1283556179498557 1.55
3 6.9599125378642785 -8 -8.1506192185011646 0.66913060635885824 0 0.74314482547739436 -0.74314482547739436 0 0.66913060635885824 0 -1 0 1.5502361084680569 1.55
3 7.9392329420266972 -8 -7.0240399650058096 0.74895572078900596 0 -0.66262004821573328 0.66262004821573328 0 0.74895572078900596 0 -1 0 177.61917089420305 1.55
3 11.856406460551021 -8 -2.6735780325751914 0.25881904510252074 0.96592582628906842 1.3877787807814457e-17 0.63388566387901268 -0.16984915173004753 0.75454637417805326 0.72883582995135665 -0.19529097205033305 -0.65624672891737401 8.9500316770451711 1.55
3 6.8166045901568513 -8 -8.27084506209453 0.68199836006249859 0 0.73135370161917057 -0.73135370161917057 0 0.68199836006249859 0 -1 0 1.5502361084680565 1.55
3 7.8154373580940426 -8 -7.1615288898020024 0.73727733681012475 0 -0.67559020761565947 0.67559020761565947 0 0.73727733681012475 0 -1 0 177.61917089420078 1.55
3 11.856406460551021 -8 -2.8281200661506123 0.25881904510252074 0.96592582628906842 -1.3877787807814457e-17 0.64646384318347561 -0.1732194647169322 0.74302053571865045 0.71770272491378362 -0.1923078655462645 -0.66926861834421147 8.7811649905483851 1.55
3 6.671220238657332 -8 -8.3885515261605068 0.69465837045899725 0 0.71933980033865119 -0.71933980033865119 0 0.69465837045899725 0 -1 0 1.5502361084680567 1.55
3 7.6892611162322781 -8 -7.296836343523065 0.72537437101228341 0 -0.68835457569375846 0.68835457569375846 0 0.72537437101228341 0 -1 0 177.61917089420305 1.55
3 11.856406460551019 -8 -2.981631017509768 0.25881904510252074 0.96592582628906831 0 0.65886131687851146 -0.17654135778170316 0.73125571048280125 0.70633877637669951 -0.18926290471292398 -0.68210342755794273 8.6211300081724342 1.55
3 6.5238037688475563 -8 -8.5037027561698917 0.70710678118654757 0 0.70710678118654757 -0.70710678118654757 0 0.70710678118654757 0 -1 0 1.5502361084680569 1.55
3 7.5607426509471667 -8 -7.4299211102076397 0.71325044915418379 0 -0.70090926429984879 0.70090926429984879 0 0.71325044915418379 0 -1 0 177.61917089420135 1.55
3 11.856406460551021 -8 -3.1342573006037853 0.25881904510252074 0.96592582628906831 1.3877787807814457e-17 0.6710736745934498 -0.17981364916910089 0.71925459667640368 0.69474659060686583 -0.18615678789738549 -0.69474659060686572 8.4693575034635202 1.55
1 0.67327443903883388 -5.0034888059851808 -2.6531734263611675 0.69474659060686583 -0.18615678789738549 -0.69474659060686583 
1 0.5951466727666701 -4.9825545341061073 -2.520955488677906 0.70633877637669951 -0.18926290471292398 -0.68210342755794273 
1 0.51357381094497478 -4.9606971516566887 -2.3931737720894279 0.71770272491378351 -0.19230786554626447 -0.66926861834421147 
1 0.42873849347496673 -4.9379655968509617 -2.2699236949199486 0.72883582995135654 -0.19529097205033302 -0.65624672891737401 
1 0.34082536694942789 -4.9144093455943487 -2.1512931620888232 0.73973558573309284 -0.19821155280974576 -0.64304233416849588 
1 0.25002080198735133 -4.8900783357437003 -2.0373625677994234 0.75039958519831462 -0.20106896285453782 -0.62966001517548964 
1 0.15651261562530872 -4.8650228927222923 -1.9282048093773989 0.76082551808843024 -0.20386258315278541 -0.61610435659532992 
1 0.060489799133761402 -4.8392936565884206 -1.8238853117150997 0.77101116898308319 -0.206591820084393 -0.60237994420262464 
1 -0.03785774841584244 -4.8129415106449223 -1.7244620617721824 0.78095441527441145 -0.20925610489829816 -0.58849136257569201 
3 7.7737571103439205 -8 -7.3784603115486274 0.58778525229247314 0 0.80901699437494756 -0.80901699437494756 0 0.58778525229247314 0 -1 0 1.5502361084680565 1.55
1 -0.13833948054857714 -4.7860175116658752 -1.6299856525789918 0.79065322508771085 -0.21185489315531478 -0.57444319293081691 
3 7.901345017721491 -8 -7.2416657676703569 0.57357643635104605 0 0.81915204428899191 -0.81915204428899191 0 0.57357643635104605 0 -1 0 1.5502361084680569 1.55
1 -0.24076445750417719 -4.7585728218058474 -1.5404993361886383 0.80010565515667331 -0.21438766415880492 -0.56024001110492117 
3 8.0265260988646112 -8 -7.1026653422476667 0.55919290347074679 0 0.82903757255504174 -0.82903757255504174 0 0.55919290347074679 0 -1 0 1.5502361084680569 1.55
1 -0.34494159387125833 -4.7306586422464996 -1.4560390850261027 0.80930984866121614 -0.21685392037532697 -0.54588638568644554 
3 11.856406460551021 -8 -1.205166757685241 0.25881904510252079 0.96592582628906831 0 0.51328030756329568 -0.13753304390238336 0.84712926268821198 0.81826403303576034 -0.21925318684736547 -0.5313868762938414 10.995796735037526 1.55
3 8.1492622224033155 -8 -6.9615013761566633 0.54463903501502708 0 0.83867056794542405 -0.83867056794542405 0 0.54463903501502708 0 -1 0 1.5502361084680569 1.55
1 -0.45067989957101773 -4.7023261486252146 -1.376633661087415 0.81826403303576034 -0.21925318684736547 -0.5313868762938414 
3 11.856406460551025 -8 -1.0288304477133092 0.25881904510252074 0.96592582628906831 0 0.49913833794184714 -0.13374371456293074 0.8561387378290739 0.82696651775562824 -0.22158501060019825 -0.51674603200067271 11.301231201054661 1.55
3 8.2695160017253997 -8 -6.8182168693089009 0.5299192642332049 0 0.84804809615642607 -0.84804809615642607 0 0.5299192642332049 0 -1 0 1.5502361084680569 1.55
1 -0.5577887140607114 -4.6736264282804463 -1.3023046924494834 0.82696651775562824 -0.22158501060019825 -0.51674603200067271 
3 11.856406460551021 -8 -0.84862867324658176 0.25881904510252079 0.96592582628906831 0 0.48486423179092031 -0.12991897934711377 0.86488596678128893 0.83541569210903621 -0.22384896004490368 -0.50196838990597314 11.627761935926957 1.55
3 8.3872508063647615 -8 -6.6728554675531955 0.51503807491005416 0 0.85716730070211233 -0.85716730070211233 0 0.51503807491005416 0 -1 0 1.5502361084680567 1.55
1 -0.66607793366215162 -4.6446104193392435 -1.2330667565606221 0.83541569210903621 -0.22384896004490365 -0.50196838990597326 
3 11.856406460551021 -8 -0.66410161513775101 0.25881904510252074 0.96592582628906831 1.3877787807814457e-17 0.47046235880286569 -0.12606000911046894 0.8733693623277109 0.84361002296195065 -0.22604462437945552 -0.48705847384814871 11.977480245984445 1.55
3 8.5024307731593787 -8 -6.5254614493806775 0.50000000000000011 0 0.86602540378443871 -0.86602540378443871 0 0.50000000000000011 0 -1 0 1.5502361084680569 1.55
1 -0.77535823195420939 -4.6153288516632545 -1.1689274697937933 0.84361002296195076 -0.22604462437945558 -0.48705847384814877 
3 11.856406460551021 -8 -0.47472913930685223 0.25881904510252074 0.96592582628906831 0 0.45593707475566869 -0.12216797098018983 0.88158741525150386 0.85154805252285282 -0.22817161298979366 -0.4720207932603952 12.352766679731481 1.55
3 6 -6.4307806183469438 9 0.25881904510252074 0.96592582628906831 -0 -0.96592582628906831 0.25881904510252074 0 0 0 1 3.3128837773122659 3.2000000000000002
1 5.6000000000000023 -6.3236009413744956 -10.1 0 -0 -1 
3 0 -4.8230854637602087 0 0.25881904510252074 0.96592582628906831 0 0.96592582628906831 -0.25881904510252074 0 0 -0 -1 6.315184700501506 6.0999999999999996
1 -6.0154501176718123 -3.2112504626203444 -1.8000000000000005 0.96592582628906831 -0.25881904510252074 0 
1 6.7707377003473015 -6.6372991627312246 -5.2000000000000002 0 0 1 
1 -6.0154501176718123 -3.2112504626203444 -5.2000000000000002 0.96592582628906831 -0.25881904510252074 0 
3 11.109996299037245 -7.7999999999999998 157.68790124356005 0.25881904510252079 0.96592582628906842 0 0.032563002129053865 -0.0087252301236129121 0.9994315990860172 0.96537679316656599 -0.25867193212072831 -0.03371170046685229 171.59961285524946 1.55
1 -6.0054960547224443 -3.2139176457490359 -4.8433616552984855 0.96537679316656588 -0.25867193212072831 -0.033711700466852283 
3 11.109996299037242 -7.7999999999999998 104.99035137001916 0.25881904510252068 0.96592582628906831 0 0.048834592273212803 -0.013085189562310513 0.99872116249312926 0.96469056411355469 -0.25848805760015114 -0.050557290160495511 114.42878955325624 1.55
1 -5.994397788196534 -3.2168914173020391 -4.7427772710709473 0.96469056411355469 -0.25848805760015114 -0.05055729016049549 
3 11.109996299037244 -7.7999999999999998 78.60106183909582 0.25881904510252074 0.96592582628906842 6.9388939039072284e-18 0.065094285905190924 -0.017441961340176521 0.99772667195334674 0.9637299600171787 -0.25823066450828114 -0.067390563678447965 85.852105210472843 1.55
1 -5.9793342684780493 -3.2209276752457776 -4.6442158023706668 0.96372996001717859 -0.25823066450828114 -0.067390563678447979 
3 11.109996299037245 -7.7999999999999998 62.735044605729549 0.25881904510252074 0.96592582628906842 0 0.081338111856125411 -0.02179448138572113 0.99644824860140535 0.96249509788460741 -0.25789978419709492 -0.084207409764177607 68.713086874050475 1.55
1 -5.9603979095835422 -3.2260016573191463 -4.547822932401731 0.9624950978846073 -0.25789978419709492 -0.084207409764177593 
1 -6.0154501176718123 -3.2112504626203444 -9.8999999999999986 0.96592582628906831 -0.25881904510252074 0 
1 5.5999999999999996 -5.7999999999999998 -2.6608269391300157 0 1 0 
1 5.5999999999999996 -5.7999999999999998 -5 0 0 1 
1 5.5999999999999996 -5.7999999999999998 -2.4186773244895643 0 -1 0 
1 5.5999999999999996 -6.1500000000000004 -5.2000000000000002 0 0 1 
1 5.5999999999999996 -7.4000000000000004 -5.2000000000000002 0 -1 0 
3 5.5999999999999996 -7.7999999999999998 -0.097748363598019417 1 0 0 -0 0 1 0 -1 0 44.413247939157912 1.55
1 5.5999999999999996 -7.4000000000000004 -5.2486345078628371 0 -1 0 
3 5.5999999999999996 -7.7999999999999998 -0.14664116078745071 1 0 0 -0 0 1 0 -1 0 29.616350044411082 1.55
1 5.5999999999999996 -7.4000000000000004 -5.3504139112745293 0 -1 0 
3 5.5999999999999996 -7.7999999999999998 -0.19555630915379929 1 0 0 -0 0 1 0 -1 0 22.220159890615722 1.55
1 5.5999999999999996 -7.4000000000000004 -5.4539217321935771 0 -1 0 
3 5.5999999999999996 -7.7999999999999998 -0.24450128028765761 1 0 0 -0 0 1 0 -1 0 17.784255530788297 1.55
1 5.5999999999999996 -7.4000000000000004 -5.5592266953390794 0 -1 0 
1 5.5999999999999996 -7.4000000000000004 -9.8999999999999986 0 -1 0 
8 0 3.9850531909421116
1 5.5999999999999996 -5 -9.8999999999999986 0 0 1 
1 5.5999999999999996 -5 -5.9149468090578869 0 1 0 
1 5.5999999999999996 -2.0999999999999996 -8.0999999999999996 0 0 1 
1 5.5999999999999996 -4.5499999999999998 -2.7999999999999998 0 -1 0 
1 5.5999999999999996 2.0999999999999996 -8.0999999999999996 0 0 1 
1 5.5999999999999996 -6 -6.0999999999999996 0 -1 0 
1 5.5999999999999996 5 -10.449999999999999 0 0 1 
1 5.5999999999999996 3 -7.3675248347093873 0 1 0 
1 5.6000000000000005 6.3236009413744956 -10.1 -0 0 1 
1 5.5999999999999996 0.39999999999999991 -5.6664005292835444 0 -1 0 
3 5.5999999999999996 7.7999999999999998 -2.6851766223614391 1 0 0 -0 0 1 0 -1 0 14.828496961933743 1.55
1 5.5999999999999996 0.39999999999999991 -5.5592266953390785 0 -1 0 
3 5.5999999999999996 7.7999999999999998 -3.1129295917051327 1 0 0 -0 0 1 0 -1 0 17.784255530788297 1.55
1 5.5999999999999996 0.39999999999999991 -5.4539217321935762 0 -1 0 
3 5.5999999999999996 7.7999999999999998 -3.7794530657047254 1 0 0 -0 0 1 0 -1 0 22.220159890615722 1.55
1 5.5999999999999996 0.39999999999999991 -5.3504139112745293 0 -1 0 
3 5.5999999999999996 7.7999999999999998 -4.9234718131118029 1 0 0 -0 0 1 0 -1 0 29.616350044411082 1.55
1 5.5999999999999996 0.39999999999999991 -5.2000000000000002 0 -1 0 
1 5.5999999999999996 6.1690493569699907 -5.2000000000000002 0 0 1 
1 5.5999999999999996 5.7999999999999998 -2.4186773244895643 0 1 0 
1 5.5999999999999996 5.8000000000000007 -5 0 0 1 
2 0 5.7999999999999998 0 0 1 0 0 -0 1 1 0 -0 6.2000000000000002
1 1.7 5.7999999999999998 -4.0999999999999996 0 0 -1 
2 0 5.7999999999999998 0 0 1 0 0 -0 1 1 0 -0 6.0999999999999996
1 0.69999999999999996 5.7999999999999998 -4.0999999999999996 0 0 -1 
2 0 5.7999999999999998 0 0 1 0 0 -0 1 1 0 -0 6.0999999999999996
2 0 5.7999999999999989 0 0 1 0 0 -0 1 1 0 -0 4.1799999999999997
1 -1.0238047240871873e-15 -6.0999999999999996 4.1799999999999997 0 1 0 
2 0 -5.7999999999999998 0 0 1 0 0 -0 1 1 0 -0 4.1799999999999997
7 0 0  7 44 8  3.0833678572842107 -3.6500000000000004 2.8222761481943195  3.0833678572842107 -3.5285085724614316 2.8222761481943195  3.0713933538649938 -3.4069781958498075 2.8353583569128409  3.0474301976283922 -3.2875043906707853 2.8615386946578005  3.0111351325516851 -3.1722863573339404 2.9004886672128687  2.9619232360029137 -3.0638064946476096 2.9514405185051538  2.8990387286726964 -2.9649789352971263 3.0131226890484015  2.7501534846185622 -2.7999755475349062 3.1493671365808331  2.6644657402750158 -2.7302121564456394 3.2242006856349876  2.5657817320163128 -2.6767751733767176 3.3051720113100629  2.4565581297614658 -2.6440088968071516 3.3878591470885286  2.3405200100669035 -2.6341348760771037 3.4680490767401992  2.2225393060433469 -2.6473090500329772 3.5426583899421535  1.9932111596616306 -2.7153713800194534 3.6765554431851069  1.8845944725040713 -2.7692534375001223 3.7343005212706242  1.7846650115683005 -2.8397068413395177 3.7827768734100662  1.6958185880127759 -2.9235516581140057 3.8225223667903241  1.6199243062783597 -3.0176490409460439 3.8543469093449891  1.5581478017396968 -3.1188881855403281 3.8790659914018661  1.4556978323202161 -3.3468548386616899 3.918780123839436  1.4190976943295135 -3.4773962240033445 3.9319222454687397  1.4023762159777629 -3.6125235404570826 3.9376005049098071  1.4063286430269475 -3.7489815164270377 3.9362421358153799  1.4309934751673226 -3.8833999922107632 3.9277534455637078  1.4754963617118089 -4.0122174004607718 3.9114993998659133  1.587660204476159 -4.226759062838183 3.8671162920852642  1.6495538201864803 -4.3175458786751975 3.8417681486714801  1.7232647719547205 -4.4015432213279277 3.8101125421736559  1.8077183107149313 -4.476183895414076 3.7715107711004086  1.9013185633892291 -4.538930104950067 3.7253801094883654  2.0020619285260288 -4.5872554408073283 3.671387774547064  2.2141869373275669 -4.650212049384292 3.5475350593623136  2.32366951404844 -4.6639234145663711 3.4786895273296001  2.4319365523402574 -4.6578103384229568 3.4047936044950848  2.5349127673850229 -4.6317942162215999 3.3283275000412638  2.6293487763573133 -4.5874763986784979 3.252657961066038  2.7129746706372311 -4.5281738866528114 3.1814166087531452  2.8729754766413409 -4.3738494775430663 3.0384914585629241  2.9449358936896184 -4.2720519139359689 2.9689642530109919  3.0011301551622509 -4.1583289447505001 2.9112131117535598  3.0424894544163368 -4.0363420931501022 2.8669367820304559  3.0697522163232169 -3.9091814027673291 2.8371512464382964  3.0833678572842107 -3.7795495134492518 2.8222761481943195  3.0833678572842107 -3.6500000000000004 2.8222761481943195 
 0 8 0.14879282305797045 6 0.28717621228844792 6 0.42493783929103535 6 0.58532778193953816 6 0.71280296906567864 6 0.84150363440711295 6 1 8
1 1.7999999999999998 -6.0999999999999996 -3.7725853204400823 0 1 0 
2 0 2.0999999999999996 0 0 1 0 0 -0 1 1 0 -0 4.1799999999999997
1 3.1036108003420786 -6.0999999999999996 -2.7999999999999998 0 1 0 
2 0 -2.1000000000000001 0 0 1 0 0 -0 1 1 0 -0 4.1799999999999997
7 0 0  7 44 8  3.0833678572842107 3.6499999999999999 2.8222761481943195  3.0833678572842107 3.7714914275385527 2.8222761481943195  3.0713933538650036 3.8930218041503459 2.8353583569128538  3.0474301976283602 4.012495609328921 2.8615386946577743  3.0111351325517237 4.1277136426663033 2.9004886672128878  2.9619232360028906 4.2361935053523112 2.9514405185051524  2.8990387286727008 4.3350210647028691 3.0131226890483975  2.7501534846185729 4.5000244524650812 3.1493671365808229  2.6644657402749918 4.5697878435543222 3.2242006856350245  2.5657817320163612 4.6232248266234057 3.3051720113099727  2.4565581297613921 4.6559911031927257 3.3878591470886441  2.3405200100669536 4.6658651239229458 3.4680490767401384  2.2225393060433332 4.6526909499670195 3.5426583899421615  1.9932111596615816 4.5846286199805331 3.6765554431851353  1.884594472504217 4.5307465624999441 3.7343005212705038  1.784665011568106 4.4602931586603436 3.7827768734102643  1.695818588012947 4.3764483418861859 3.8225223667901473  1.6199243062782562 4.2823509590537867 3.8543469093450708  1.5581478017397301 4.1811118144597454 3.8790659914018528  1.4556978323203527 3.9531451613386137 3.9187801238393831  1.4190976943295999 3.8226037759969627 3.9319222454687059  1.4023762159776616 3.6874764595434883 3.9376005049098559  1.4063286430268971 3.5510184835724155 3.9362421358153852  1.4309934751673754 3.4166000077889591 3.9277534455636989  1.4754963617120287 3.2877825995388061 3.9114993998658263  1.5876602044761345 3.0732409371618625 3.867116292085274  1.6495538201865299 2.9824541213247402 3.8417681486714566  1.7232647719546874 2.8984567786720876 3.8101125421736741  1.8077183107149029 2.8238161045859633 3.771510771100421  1.9013185633892848 2.7610698950498973 3.7253801094883348  2.0020619285259982 2.7127445591926809 3.6713877745470818  2.2141869373274514 2.6497879506157429 3.5475350593623807  2.3236695140489991 2.6360765854336079 3.4786895273292258  2.431936552339204 2.6421896615769094 3.4047936044958442  2.5349127673860066 2.6682057837786881 3.3283275000405101  2.6293487763568395 2.7125236013212493 3.2526579610664244  2.7129746706373332 2.7718261133472875 3.1814166087530542  2.8729754766412574 2.9261505224568536 3.0384914585629983  2.9449358936897307 3.0279480860640113 2.9689642530109253  3.001130155162218 3.1416710552498048 2.9112131117534981  3.0424894544163421 3.2636579068496374 2.866936782030546  3.0697522163232058 3.3908185972326725 2.8371512464382684  3.0833678572842107 3.5204504865507942 2.8222761481943195  3.0833678572842107 3.6499999999999999 2.8222761481943195 
 0 8 0.14879282305807096 6 0.28717621228861301 6 0.4249378392913401 6 0.58532778193949475 6 0.71280296906574625 6 0.84150363440711617 6 1 8
1 1.7999999999999998 -2.1000000000000001 -2.7999999999999998 1 0 0 
1 1.7999999999999998 -2.1000000000000001 -6.2000000000000002 0 0 1 
2 1.2 -2.1000000000000001 -8.5 0 1 0 0 -0 1 1 0 -0 2.8500000000000001
2 0 -2.1000000000000001 0 0 1 0 0 -0 1 1 0 -0 6.2000000000000002
8 0 0.78173462955215955
2 1.2 -1.6000000000000001 -8.5 0 -1 0 0.21052631578947364 0 0.97758819057930058 -0.97758819057930058 0 0.21052631578947364 2.8500000000000001
1 -0.33704261489393939 -5 -6.0999999999999996 0 1 0 
8 0 0.91063386895454446
2 1.2 -5 -8.5 0 -1 0 0.33444150714760934 0 0.94241650998740234 -0.94241650998740234 0 0.33444150714760934 2.8500000000000001
1 2.1531582953706869 -5.7999999999999998 -5.8141129465359027 0 1 0 
1 1.7999999999999998 -5 -5.7138736568489934 0 1 0 
8 0 0.53303643239446274
2 0 -5 0 0 -1 0 -0.17741935483870963 -0 -0.98413534258689039 0.98413534258689039 0 -0.17741935483870963 6.2000000000000002
1 -1.0999999999999996 -5 -10.9 0 0 1 
1 -1.0999999999999996 -5 -6.0999999999999996 1 0 0 
1 -1.0999999999999996 -5 -6.0999999999999996 0 1 0 
1 -1.0999999999999996 5 -10.9 0 0 1 
1 -1.0999999999999996 -5.7999999999999998 -6.1016391240387202 0 1 0 
1 1.7 5 -8.1999999999999993 0 0 1 
2 1.2 5 -8.5 0 1 0 0 -0 1 1 0 -0 1.6000000000000001
2 1.2 5 -8.5 0 1 0 0 -0 1 1 0 -0 1.6000000000000001
1 0.69999999999999996 5 -8.1999999999999993 0 0 1 
2 0 5.0000000000000009 0 0 1 0 0 -0 1 1 0 -0 6.2000000000000002
8 0 2.2090536506409455
1 1.1090536506409459 5 -6.0999999999999996 -1 0 0 
2 0 5.0000000000000009 0 0 1 0 0 -0 1 1 0 -0 6.2000000000000002
1 1.1999999999999997 3.2000000000000002 -6.9000000000000004 0 1 0 
2 1.2 6 -8.5 0 1 0 0 -0 1 1 0 -0 1.6000000000000001
1 0.69999999999999996 3.2000000000000002 -6.9801315846429333 0 1 0 
2 1.2 3.2000000000000002 -8.5 0 1 0 0 -0 1 1 0 -0 1.6000000000000001
1 1.7 3.2000000000000002 -6.9801315846429333 0 1 0 
2 1.2 6 -8.5 0 1 0 0 -0 1 1 0 -0 1.6000000000000001
2 1.2 6.3000000000000007 -8.5 0 1 0 0 -0 1 1 0 -0 1.6000000000000001
2 1.2 6.3000000000000007 -8.5 0 1 0 0 -0 1 1 0 -0 1.25
2 1.2 3.2000000000000002 -8.5 0 1 0 0 -0 1 1 0 -0 1.25
8 0 3.1000000000000005
1 1.1999999999999997 6.3000000000000007 -7.25 0 -1 0 
1 1.7 6 -8.1999999999999993 0 0 1 
2 0 6 0 0 1 0 0 -0 1 1 0 -0 6.0999999999999996
1 0.69999999999999996 6 -8.1999999999999993 0 0 1 
1 0.050000000000000155 -1.6000000000000001 -6.0999999999999996 -1 0 0 
1 1.1090536506409467 -5.7999999999999998 -6.0999999999999996 0 1 0 
1 1.7999999999999998 -1.6000000000000001 -7.3499999999999996 0 0 1 
2 0 -1.6000000000000005 0 0 1 0 0 -0 1 1 0 -0 6.2000000000000002
1 1.7999999999999998 2.1000000000000001 -2.7999999999999998 1 0 0 
1 5.531726674375733 -5.7999999999999998 -2.7999999999999998 0 1 0 
2 0 2.1000000000000005 0 0 1 0 0 -0 1 1 0 -0 6.2000000000000002
1 1.7999999999999998 2.1000000000000001 -6.2000000000000002 0 0 1 
1 1.7999999999999998 -5.7999999999999998 -5.9329587896765306 0 1 0 
1 5.5999999999999996 5.7999999999999998 2.4186773244895643 0 1 0 
1 5.5999999999999996 -5.7999999999999998 2.6608269391300157 0 1 0 
1 5.5999999999999996 3.5 -6 0 0 1 
1 5.5999999999999996 2.7000000000000002 4.8190910079266258 0 1 0 
1 5.5999999999999996 4.5999999999999996 -0.5 0 0 1 
1 5.5999999999999996 -7.2000000000000002 6.8570114326016576 0 1 0 
1 5.5999999999999996 5 -0.5 0 0 1 
1 5.5999999999999996 5 6.4107143842364547 0 1 0 
1 5.5999999999999996 6.1999999999999993 -0.5 0 0 1 
2 6 4.5999999999999996 9 0 1 0 0 -0 1 1 0 -0 2.1800000000000002
1 0.25980762113533223 4.5999999999999996 -0.17320508075688817 0.55470019622522915 0 0.83205029433784372 
2 6 4.5999999999999996 9 0 1 0 0 -0 1 1 0 -0 4.2000000000000002
7 0 0  6 87 18  5.7575343031191863 3.6499999999999995 6.833525816946783  5.7575343031191863 3.7349305090314511 6.833525816946783  5.7478537989984 3.819710003472665 6.8346092819166211  5.7285559187736919 3.9034669912137936 6.8367688130247579  5.6999470553518687 3.9853104454053296 6.8402996562748477  5.6625964924605121 4.064275707959947 6.8457786388026705  5.5923452461303897 4.1808364730839349 6.8583035803513566  5.5648842859310443 4.22119952032212 6.8635607059759218  5.5350928067195708 4.260273296051829 6.869729988527669  5.5030898109812858 4.2979087826926579 6.8769403545052405  5.4690047502278931 4.3339438206222782 6.8853283653550932  5.397982582524949 4.4014792576491493 6.904459830588098  5.361135370513761 4.4330984611092497 6.9151343129970373  5.3225876659044085 4.4628691043240858 6.9271793914803057  5.2825056748891868 4.490598818102451 6.940715959169407  5.2410689152604739 4.5160910379624513 6.9558566313362276  5.1632319258896802 4.5582102426010671 6.9866309650270786  5.1271919995956541 4.5756118849081142 7.001729811598139  5.0905128499514376 4.5912014802175838 7.0180302792734564  5.0533635078435095 4.604851913985839 7.0355506224059434  5.0159135728135347 4.6164543043086761 7.0542908545827645  4.9016696562577877 4.6452169574371265 7.1149002234179815  4.8245085901862845 4.6556000822585419 7.1605287516146099  4.74878325071509 4.6561804339396087 7.210649436584136  4.676265734294681 4.6468145506708947 7.2642832528910404  4.6083147109507516 4.6280252431252658 7.3199278223991424  4.5038792508926297 4.5829384999792842 7.4134326961985986  4.4643609442466961 4.5611176716722346 7.4511592204258585  4.4273753898770858 4.5358769570246285 7.4886939789710398  4.3929590172867234 4.5075147212648163 7.5256813712079582  4.3611086458694022 4.4763494109016397 7.5617686468462137  4.2948762310582422 4.4003899665574302 7.6404997711142189  4.2619273905394097 4.3541021737056154 7.6824777702914764  4.2327623710197342 4.3043775464920646 7.7220328819772419  4.2071770410123248 4.2516747966067445 7.7586813051780892  4.1849700313735179 4.1964031358506242 7.7919843933354125  4.1538929162129756 4.102403346598801 7.8403501800887563  4.1431094158133952 4.0649797395266427 7.8576409387723487  4.1335802512333482 4.0267683325405423 7.8733200878912504  4.1252683565615706 3.9878724508334966 7.8872925035045141  4.1181416240325648 3.9483906725420241 7.8994767909095147  4.1058848977869555 3.8662559647592931 7.9207010332695793  4.100885864048049 3.8235497602520803 7.929531939223132  4.0971552562863431 3.7804365991359208 7.9362136454087482  4.0946745759194121 3.7370521771424898 7.940688320002554  4.0934337144434982 3.6935297342868396 7.9429262093972399  4.0934337144434974 3.5650694909684688 7.9429262093972399  4.0981571067698184 3.4802899965273713 7.9344070767356669  4.1075727817252616 3.3965330087862093 7.9174242377237141  4.1218354306568319 3.3146895545947008 7.8923740727382103  4.1412585541022731 3.2357242920400382 7.86000393104149  4.1798397487357297 3.1191635269160316 7.7999739119477853  4.1952543878504365 3.078800479677902 7.7766473046963327  4.2124073714410954 3.0397267039481721 7.7515202787133193  4.2313719383966655 3.002091217307322 7.7247522695616482  4.2522243563939499 2.966056179377754 7.6965152945777318  4.2972003888024988 2.8985207423508412 7.6383146264030559  4.3212257617996501 2.8669015388907684 7.6084073854731189  4.3471703360185829 2.8371308956759211 7.5774576114041929  4.3750817796605475 2.8094011818975382 7.5456652226551606  4.4049949999794071 2.7839089620375503 7.5132392415236025  4.4633393808425632 2.7417897573946681 7.4532259950563473  4.4911382877827775 2.7243881150944493 7.4257656194746495  4.5202922385711917 2.7087985197860216 7.3981773535288156  4.5507530715092326 2.6951480860137256 7.3706242466286342  4.582455568541187 2.6835456956888883 7.3432628574296812  4.6823426463975535 2.6547830424866463 7.2611182299502524  4.7541386205253549 2.6443999178604569 7.2074420647875534  4.8295289984408933 2.6438195660300927 7.1568189380800735  4.9069284894161616 2.6531854491766365 7.1105080827319913  4.9844277170191882 2.6719747570725345 7.0691858184582905  5.1109073923015158 2.7170615000207055 7.0087472685926713  5.1609312249136101 2.738882328327771 6.9867790333145807  5.2098039075589941 2.7641230429753585 6.9670749671830974  5.2571831821585908 2.7924852787351688 6.9495319279600452  5.3027446563698497 2.8236505890983867 6.9340113065125948  5.4008935460061132 2.899610033442571 6.9031548944823067  5.4523150992923606 2.9458978262943858 6.8888859644561764  5.5000448252790894 2.9956224535079259 6.8771779124710042  5.5437146505442625 3.0483252033932455 6.8676562321567971  5.5829971202428821 3.1035968641493814 6.859966334089175  5.6627581800534221 3.2360664293477721 6.8457549360350658  5.7000461201523382 3.3149730976774552 6.8402874248864558  5.7286061106719464 3.3967507483324608 6.8367631970392218  5.747870637405426 3.4804371522748094 6.8346073970278738  5.7575343031191863 3.5651433924253726 6.833525816946783  5.7575343031191863 3.6499999999999995 6.833525816946783 
 0 7 0.085809002207110768 5 0.13327794244902288 5 0.17938897416144511 5 0.21752882502349175 5 0.29532114988183622 5 0.34758326147175167 5 0.41338138832532723 5 0.45520041917391785 5 0.49930804039798055 5 0.58536605991275059 5 0.63297275478875326 5 0.6792176004912801 5 0.71746813302386314 5 0.79548621117681051 5 0.84789998777737163 5 0.9138890612519136 5 1 7
1 -0.25980762113533223 4.5999999999999996 0.17320508075688817 0.55470019622522915 0 0.83205029433784372 
7 0 0  5 26 7  3.416900403917313 4.6000005999999996 5.6882638274286599  3.35889459293417 4.5758883677908564 5.7335074033396811  3.3045506337838386 4.5450794985573131 5.7779373902323572  3.2542961660802039 4.5083222228694577 5.8208440702117157  3.2083724723017322 4.4664746114131901 5.8615329884061325  3.1181186901967339 4.3665059326239115 5.9440022006883177  3.0754023677521185 4.3067387617063897 5.9847932524711478  3.0385963867295676 4.2424011233771228 6.021195056905233  3.0074987281639163 4.1745182030209476 6.0527490152506171  2.9508648578901955 4.0183277890448919 6.1112684869905367  2.9279316447140116 3.928700553126462 6.1358193110217343  2.912783781171655 3.836611809957815 6.1523307904602937  2.9052080058652039 3.7433097750304651 6.1605876465298017  2.9052080058652039 3.5566902285452078 6.1605876465298017  2.9127837822121676 3.4633881812710712 6.1523307893774417  2.9279316427456816 3.3712994554369193 6.1358193130637932  2.9508648590887105 3.2816722076497262 6.1112684857521167  3.0074987281639149 3.1254817969790567 6.052749015250618  3.038596386729572 3.0575988766228663 6.0211950569052251  3.0754023677521158 2.9932612382936155 5.9847932524711513  3.1181186901967344 2.9334940673760879 5.9440022006883169  3.2083724723017291 2.8335253885868137 5.8615329884061351  3.2542961660802057 2.7916777771305381 5.8208440702117157  3.3045506337838191 2.7549205014427001 5.7779373902323679  3.3588945929341776 2.7241116322091403 5.7335074033396767  3.4169004039173125 2.6999994000000003 5.6882638274286617 
 0 6 0.13880093514670916 4 0.3019001938519692 4 0.50000000375555698 4 0.6980998060678717 4 0.8611990648164416 4 1 6
1 -0.25980762113533223 2.7000000000000002 0.17320508075688817 0.55470019622522915 0 0.83205029433784372 
1 0.25980762113533223 2.7000000000000002 -0.17320508075688817 0.55470019622522915 0 0.83205029433784372 
7 0 0  7 14 3  3.9365126084274915 2.6999993999999998 5.3418556910885417  3.9822791999575911 2.7172224230065281 5.3160396552510409  4.0270175011073359 2.737634320786591 5.2916842156370452  4.0704933401666112 2.7610213131772881 5.2688241653430925  4.1124847975347452 2.7871539285706235 5.2474705615260557  4.1527868616039916 2.8157865911617956 5.2276148900214929  4.1912160846430044 2.8466572081974997 5.2092332299620123  4.322408439559811 2.9649837452168799 5.148166773691413  4.4034892053937034 3.0638158761057763 5.1137756983910174  4.4694070025668449 3.172298640515038 5.0878842466519432  4.5192840479640415 3.2875172287554135 5.0693114239639403  4.5526407933673418 3.406989125511362 5.0572262023345784  4.5693085945408907 3.5285150454675938 5.051187254079343  4.5693085945408907 3.6499999999999995 5.051187254079343 
 0 8 0.27744874356743854 6 1 8
1 0.83205029433784372 3.6499999999999999 -0.55470019622522915 0.55470019622522915 0 0.83205029433784372 
7 0 0  7 44 8  4.2261628440332721 3.6499999999999995 4.5364686283179108  4.2261628440332721 3.7710802849842695 4.5364686283179108  4.2134821964005393 3.8922777442543914 4.5482818027311014  4.1880762588448333 4.0115638759771368 4.5719503445973437  4.1496391649849746 4.1267794474392936 4.6073400551947632  4.09770876604024 4.2354504252184659 4.6540434153169858  4.0317131335386183 4.3346301403372784 4.711282401240819  3.8768264183119632 4.5000238751683499 4.8393752790866102  3.7884811802728242 4.5697575806599158 4.910157177346238  3.6875233391743087 4.6232129782041707 4.9876878498053063  3.5767937525403779 4.6560055421755111 5.0681845650639596  3.4602839493294497 4.6658722000987467 5.1477617819958006  3.3428980088289864 4.6526784877710616 5.2232839455294933  3.1162934599528427 4.5845748508019097 5.3615564257117523  3.0097140916109142 4.5305704837589111 5.4227168322281383  2.9124211732931093 4.4599440864029463 5.4753600828646638  2.8265447648393773 4.3759486773183394 5.5195460892532413  2.7536324897033686 4.2817981174569466 5.555629979087314  2.6945746036164793 4.1806913873814011 5.5840628516821624  2.5965166170906611 3.9526702060978272 5.6304112158901543  2.561731755700781 3.8219003276706305 5.6461390599743719  2.5461030840647951 3.6870139410317946 5.652993181426865  2.5499448292498932 3.5512537455293112 5.6513055512009336  2.573075111647491 3.4175843130439856 5.6410653479598389  2.6150761724354536 3.2888318453853618 5.6219090070297151  2.7229152857050258 3.0735677979125708 5.5703228604848647  2.7822165336009723 2.9828803052131998 5.5413784588791541  2.8531776339688997 2.8988341049632722 5.5057517441963819  2.9349544697491683 2.824072556305437 5.4631106435458943  3.0261864936234106 2.7611990644515894 5.4132438672290535  3.1250789910191714 2.7127847493416439 5.3561955572901594  3.3346624913093459 2.649796611242583 5.2283091996061337  3.4435242703014293 2.6360746888901185 5.1585334238323934  3.5520733379589826 2.6421800543187346 5.0850136604996052  3.6562345944167527 2.6682074283313808 5.0102901257020935  3.7525738353511118 2.7125311033170445 4.9374983787418083  3.8385305071707334 2.7718111547755595 4.8697874803737742  4.0044960265495062 2.9265560375331021 4.7347660757059096  4.079857958766226 3.028756033249727 4.6700594352216482  4.1390866209766655 3.1427149530359237 4.6170488021160851  4.1828628622696939 3.2647219231172846 4.5768074352866552  4.211755298515655 3.391685186473854 4.5498905020721727  4.2261628440332721 3.5209382215281275 4.5364686283179108  4.2261628440332721 3.6499999999999995 4.5364686283179108 
 0 8 0.14920262923906913 6 0.28733452094529593 6 0.42511387963653036 6 0.5867910505362296 6 0.71373296375092821 6 0.84169597216635605 6 1 8
7 0 0  7 14 3  4.5693085945408907 3.6499999999999995 5.051187254079343  4.5693085945408907 3.7714849545323319 5.051187254079343  4.5526407933673401 3.8930108744888168 5.0572262023345855  4.519284047964053 4.0124827712443656 5.0693114239639225  4.4694070025668049 4.1277013594851493 5.087884246651976  4.4034892053937469 4.2361841238941311 5.1137756983909899  4.3224084395597941 4.3350162547831372 5.1481667736914218  4.1912160846430009 4.4533427918025055 5.2092332299620168  4.1527868616039898 4.4842134088382037 5.2276148900214929  4.1124847975347452 4.5128460714293777 5.2474705615260548  4.0704933401666095 4.5389786868227144 5.2688241653430934  4.0270175011073333 4.5623656792134115 5.2916842156370469  3.9822791999575875 4.5827775769934709 5.3160396552510418  3.9365126084274884 4.6000006000000004 5.3418556910885444 
 0 8 0.7225512564325236 6 1 8
8 0 6.1343575629410836
2 6 2.7000000000000002 9 0 1 0 -0.61502405701743967 0 -0.78850834446428608 -0.78850834446428608 0 0.61502405701743967 4.2000000000000002
2 6 2.7000000000000002 9 0 1 0 0 -0 1 1 0 -0 2.1800000000000002
1 5.5999999999999996 -7 40 0 1 0 
8 0 27.825098426722477
1 5.5999999999999996 -6.3236009413744956 40 9.576013778055238e-17 0 -1 
1 5.5999999999999996 -7.5999999999999996 12.174901573277509 0 1 0 
1 5.5999999999999996 -5.7999999999999998 -0.5 0 0 1 
1 5.5999999999999996 -7.2000000000000002 11.142988567398342 0 1 0 
1 5.5999999999999996 -4.5999999999999996 -0.5 0 0 1 
1 5.5999999999999996 -4.5999999999999996 13.180908992073373 0 1 0 
1 5.5999999999999996 -3.5 -6 0 0 1 
1 5.5999999999999996 -5.25 20 0 -1 0 
1 5.5999999999999996 2.7000000000000002 13.180908992073373 0 1 0 
1 5.5999999999999996 5 -0.5 0 0 1 
1 5.5999999999999996 5 11.589285615763545 0 1 0 
1 5.5999999999999996 6.1999999999999993 -0.5 0 0 1 
8 0 28.857011432601645
1 5.5999999999999996 6.3236009413744956 40 3.0778600264083209e-17 0 -1 
1 13.996292995825389 8.5733808690209994 378.20600000000002 0.96592582628906831 0.25881904510252074 -0 
1 5.1822198309376404 6.2116570824604977 41.799999999999997 0 0 1 
1 13.996292995825389 8.5733808690209994 72 0.96592582628906831 0.25881904510252074 -0 
1 3.4435533436173174 5.7457828012759604 14.800000000000001 0 0 1 
1 13.996292995825389 8.5733808690209994 57 0.96592582628906831 0.25881904510252074 -0 
1 0.15940553423448378 4.8657980479273899 -10.199999999999999 0 0 1 
8 0 5.6325178576779598
1 0.15940553423448378 4.8657980479273899 40 0.96592582628906831 0.25881904510252079 0 
3 6 6.4307806183469447 9 0.25881904510252074 -0.96592582628906831 0 0.96592582628906831 0.25881904510252074 0 -0 0 1 2.2569020732939813 2.1800000000000002
3 6 6.4307806183469447 9 0.25881904510252074 -0.96592582628906831 0 0.96592582628906831 0.25881904510252074 0 -0 0 1 2.2569020732939813 2.1800000000000002
8 0 367.7221263073011
1 7.5970343966603089 6.8587046952167992 10.4838736926989 0 0 1 
7 0 0  4 5 2  7.5970343966603098 -6.8587046952167983 11.772991369601399  7.6677909703640799 -6.5946375671848374 11.732240906677674  7.7347593500160698 -6.3301789818712075 11.69046691004014  7.7979831897583685 -6.065310794928445 11.648130983031519  7.8574942127035907 -5.7999993999999981 11.605708205032304 
 0 5 1 5
1 7.8574940781197888 -5.7999999999999998 -10 0 0 1 
7 0 0  5 6 2  8.0977009424201896 -4.6000006000000004 12.638633088973034  8.1643921343880876 -4.2216339572930952 12.600185085884689  8.2241789558876448 -3.8423274499121174 12.563681727094503  8.2770485908942319 -3.4622681769087258 12.529865875265171  8.3230193339259166 -3.0815148958918703 12.499402000254983  8.3620940602221552 -2.6999993999999425 12.472824736531233 
 0 6 1 6
8 0 7.4649113858186134
1 8.267851073127396 -3.5 12.535088614181387 -2.3796087422750467e-16 0 1 
8 0 0.26492500691521587
2 -18 0 20 0 0 1 0.99123966313688283 -0.13207547169811321 0 0.13207547169811321 0.99123966313688283 -0 26.5
8 0 7.4649113858186134
1 8.2678510731273942 3.5 20 2.3796087422750467e-16 0 -1 
7 0 0  5 6 2  8.0977009424201896 4.6000005999999978 12.638633088973037  8.1643921343879047 4.2216339572941362 12.600185085884799  8.2241789558875933 3.8423274499125881 12.563681727094531  8.2770485908943048 3.4622681769083634 12.529865875265134  8.3230193339259966 3.0815148958910399 12.499402000254927  8.3620940602221481 2.6999993999999683 12.472824736531237 
 0 6 1 6
1 8.0240273593462099 5 -10 0 0 1 
7 0 0  5 6 2  7.7645103302973606 6.2000006000000081 10.936724888639041  7.8222006852788821 5.9602645349938319 10.884164389251362  7.8769758070914193 5.7203845570289635 10.830328664977159  7.928849804317367 5.4804097066674293 10.77546682322896  7.9778553218919415 5.2403165030918633 10.719818514066455  8.0240274746242868 4.9999993999999885 10.663644427744714 
 0 6 1 6
1 7.7645104746820266 6.2000000000000002 -10 0 0 1 
8 0 0.5235987755982987
2 -18 0 378.20600000000002 0 0 -1 0.96592582628906831 0.25881904510252074 0 0.25881904510252074 -0.96592582628906831 0 26.5
8 0 366.4330086303986
1 7.5970343966603089 -6.8587046952167983 378.20600000000002 0 -2.4238493770521185e-18 -1 
8 0 0.5235987755982987
2 -18 0 40 0 0 1 0.96592582628906831 -0.25881904510252079 0 0.25881904510252079 0.96592582628906831 -0 18.800000000000001
8 0 0.5235987755982987
2 -18 0 57 0 0 1 0.96592582628906831 -0.25881904510252074 0 0.25881904510252074 0.96592582628906831 -0 18.800000000000001
1 0.15940553423448378 -4.8657980479273899 -10.199999999999999 0 0 1 
1 -18 0 57 -0.96592582628906831 0.25881904510252074 0 
8 0 0.5235987755982987
2 -18 0 57 0 0 -1 0.96592582628906831 0.25881904510252074 0 0.25881904510252074 -0.96592582628906831 0 22.199999999999999
8 0 0.52359877559829882
2 -18 0 72 0 0 -1 0.96592582628906842 0.25881904510252068 0 0.25881904510252068 -0.96592582628906842 0 22.199999999999999
1 3.4435533436173174 -5.7457828012759604 14.800000000000001 0 0 1 
1 -18 0 72 -0.96592582628906831 0.25881904510252074 0 
8 0 0.52359877559829859
2 -18 0 72 0 0 1 0.96592582628906831 -0.25881904510252074 0 0.25881904510252074 0.96592582628906831 -0 24
8 0 0.52359877559829859
2 -18 0 378.20600000000002 0 0 1 0.96592582628906831 -0.25881904510252068 0 0.25881904510252068 0.96592582628906831 -0 24
1 5.1822198309376404 -6.2116570824604977 41.799999999999997 0 0 1 
8 0 0.15014098215343313
2 -18 0 372.40600000000001 0 0 1 0.99718353375895663 -0.075000000000000011 0 0.075000000000000011 0.99718353375895663 -0 24
1 5.9324048102149582 -1.8 41.799999999999997 0 0 1 
8 0 0.15014098215343313
2 -18 0 377.00600000000003 0 0 -1 0.99718353375895663 0.075000000000000011 0 0.075000000000000011 -0.99718353375895663 0 24
1 5.9324048102149582 1.8 41.799999999999997 0 0 1 
1 1.1499999999999999 1.8 372.40600000000001 1 0 0 
1 1.1499999999999999 1.8 377.00600000000003 1 0 0 
1 1.1499999999999999 1.8 372.40600000000001 0 0 1 
1 1.1499999999999999 -1.8 372.40600000000001 0 0 1 
1 1.1499999999999999 -1.8 377.00600000000003 0 1 0 
1 1.1499999999999999 -1.8 372.40600000000001 0 1 0 
1 1.1499999999999999 -1.8 377.00600000000003 1 0 0 
1 1.1499999999999999 -1.8 372.40600000000001 1 0 0 
1 -18 0 378.20600000000002 -0.96592582628906831 0.25881904510252074 0 
8 0 1.1276758616632923
2 6 6.2000000000000002 9 -5.033568420462998e-16 -1 0 0.80940847415822414 -4.0742129347779776e-16 0.58724604891038257 -0.58724604891038257 2.9559431668369709e-16 0.80940847415822414 2.1800000000000002
8 0 0.89217399017737675
2 6 6.2000000000000002 9 0 -1 0 0.67347728041298827 0 0.73920792255462542 -0.73920792255462542 0 0.67347728041298827 2.6200000000000001
8 0 1.0360863542043257
2 6 5 9 0 1 0 -0.15267175572519162 0 0.98827695258150561 0.98827695258150561 -0 0.15267175572519162 2.6200000000000001
2 6 4.9999999999999991 9 0 1 0 0 -0 1 1 0 -0 2.1800000000000002
2 6 4.9999999999999991 9 0 1 0 0 -0 1 1 0 -0 2.1800000000000002
8 0 0.66577763965227099
2 6 3.5 9 0 -1 0 0.53996454122080928 0 0.84168776528128353 -0.84168776528128353 0 0.53996454122080928 4.2000000000000002
1 2.5 3.5 20 1 0 0 
1 2.5 -3.5 20 1 0 0 
8 0 0.66577763965227099
2 6 -3.5 9 0 1 0 -0.095238095238095358 0 0.99545452192223216 0.99545452192223216 -0 0.095238095238095358 4.2000000000000002
2 6 -4.5999999999999996 9 0 1 0 0 -0 1 1 0 -0 4.2000000000000002
1 -0.25980762113533223 -4.5999999999999996 0.17320508075688817 0.55470019622522915 0 0.83205029433784372 
2 6 -4.5999999999999996 9 0 1 0 0 -0 1 1 0 -0 2.1800000000000002
7 0 0  6 87 18  5.7575343031191863 -3.6500000000000004 6.833525816946783  5.7575343031191863 -3.5650694909684799 6.833525816946783  5.7478537989983796 -3.4802899965274054 6.834609281916622  5.7285559187737221 -3.3965330087862058 6.8367688130247579  5.6999470553518838 -3.3146895545947084 6.8402996562748424  5.6625964924604819 -3.2357242920400031 6.8457786388026758  5.592345246130388 -3.1191635269160614 6.8583035803513575  5.5648842859310639 -3.0788004796779038 6.8635607059759174  5.5350928067195646 -3.039726703948165 6.8697299885276699  5.5030898109812609 -3.0020912173073135 6.8769403545052468  5.4690047502279029 -2.9660561793777309 6.8853283653550896  5.3979825825249534 -2.8985207423508554 6.9044598305880953  5.3611353705137512 -2.8669015388907408 6.9151343129970408  5.3225876659044093 -2.8371308956759123 6.9271793914803039  5.2825056748891965 -2.8094011818975573 6.9407159591694052  5.2410689152604695 -2.7839089620375455 6.9558566313362276  5.163231925889705 -2.7417897573989474 6.9866309650270679  5.1271919995956408 -2.7243881150918745 7.0017298115981434  5.0905128499514154 -2.7087985197824067 7.018030279273467  5.0533635078435095 -2.6951480860141683 7.0355506224059434  5.0159135728135569 -2.6835456956913291 7.054290854582753  4.9016696563020616 -2.6547830425740195 7.1149002233944936  4.8245085901597546 -2.6443999177241064 7.1605287516227323  4.7487832506529717 -2.6438195660646882 7.2106494366284073  4.6762657342953222 -2.6531854493514477 7.2642832529020707  4.6083147110166927 -2.6719747568462662 7.3199278223401025  4.5038792508926271 -2.717061500020717 7.4134326961985986  4.4643609442466969 -2.7388823283277639 7.4511592204258577  4.4273753898770858 -2.7641230429753705 7.4886939789710398  4.3929590172867217 -2.7924852787351839 7.5256813712079591  4.3611086458694031 -2.8236505890983579 7.561768646846212  4.2948762310582396 -2.8996100334425718 7.6404997711142224  4.2619273905394062 -2.9458978262943916 7.6824777702914799  4.2327623710197351 -2.9956224535079357 7.722032881977241  4.2071770410123266 -3.0483252033932495 7.7586813051780901  4.184970031373517 -3.103596864149377 7.7919843933354143  4.153892916212973 -3.1975966534012077 7.8403501800887616  4.1431094158133952 -3.2350202604733558 7.8576409387723478  4.1335802512333464 -3.2732316674594624 7.8733200878912522  4.1252683565615689 -3.312127549166513 7.8872925035045176  4.1181416240325648 -3.3516093274579775 7.8994767909095165  4.1058848977869529 -3.4337440352407191 7.9207010332695829  4.1008858640480481 -3.4764502397479355 7.9295319392231329  4.0971552562863449 -3.5195634008640808 7.9362136454087464  4.094674575919413 -3.5629478228574976 7.9406883200025531  4.0934337144434982 -3.6064702657131495 7.9429262093972399  4.0934337144434974 -3.734930509031515 7.9429262093972399  4.0981571067698139 -3.8197100034725899 7.9344070767356794  4.1075727817252661 -3.9034669912138202 7.9174242377236999  4.1218354306568283 -3.9853104454052835 7.892374072738221  4.1412585541022766 -4.0642757079599701 7.8600039310414855  4.1798397487357226 -4.1808364730839465 7.7999739119477951  4.195254387850448 -4.2211995203221191 7.7766473046963158  4.2124073714410892 -4.2602732960518246 7.7515202787133246  4.2313719383966495 -4.2979087826926481 7.7247522695616695  4.2522243563939588 -4.3339438206222587 7.6965152945777193  4.2972003888024766 -4.4014792576491253 7.6383146264030843  4.3212257617996697 -4.4330984611092532 7.6084073854730967  4.3471703360185776 -4.4628691043240813 7.5774576114041956  4.3750817796605252 -4.4905988181024403 7.5456652226551855  4.40499499997944 -4.5160910379624726 7.5132392415235678  4.4633393808425348 -4.5582102426053099 7.4532259950563793  4.4911382877828094 -4.5756118849055705 7.4257656194746184  4.5202922385711952 -4.5912014802139867 7.3981773535288085  4.5507530715092033 -4.60485191398626 7.3706242466286609  4.5824555685412154 -4.6164543043111195 7.3432628574296572  4.6823426464323239 -4.6452169575233651 7.2611182299216592  4.7541386205010054 -4.6556000821233905 7.2074420648127058  4.8295289983908756 -4.6561804339734127 7.1568189381109937  4.9069284894008076 -4.646814550845324 7.1105080827309584  4.9844277170961444 -4.6280252429000317 7.0691858184215164  5.1109073923014838 -4.5829384999793046 7.0087472685926855  5.1609312249135995 -4.5611176716722381 6.9867790333145861  5.2098039075590066 -4.5358769570246364 6.9670749671830912  5.2571831821586095 -4.5075147212648172 6.9495319279600407  5.3027446563698577 -4.476349410901606 6.9340113065125921  5.4008935460061247 -4.4003899665574195 6.9031548944823014  5.4523150992923419 -4.3541021737056322 6.8888859644561817  5.5000448252790859 -4.3043775464920708 6.8771779124710051  5.5437146505442767 -4.2516747966067383 6.8676562321567944  5.5829971202428652 -4.1964031358506455 6.8599663340891794  5.662758180053455 -4.0639335706521713 6.8457549360350596  5.70004612015238 -3.9850269023224216 6.8402874248864522  5.7286061106718673 -3.9032492516677215 6.8367631970392306  5.7478706374054562 -3.8195628477251695 6.8346073970278702  5.7575343031191863 -3.7348566075745966 6.833525816946783  5.7575343031191863 -3.6500000000000004 6.833525816946783 
 0 7 0.085809002279347873 5 0.13327794256125647 5 0.17938897431251183 5 0.21752882520665465 5 0.29532115008549092 5 0.34758326163400749 5 0.41338138843546235 5 0.45520041925093857 5 0.49930804044008925 5 0.58536605988670687 5 0.63297275472498982 5 0.67921760039084922 5 0.71746813289310007 5 0.79548621102472072 5 0.84789998766423802 5 0.91388906118785374 5 1 7
1 -0.25980762113533118 -2.6999999999999997 0.17320508075688745 0.55470019622522915 0 0.83205029433784372 
7 0 0  5 26 7  3.416900403917313 -2.6999993999999998 5.6882638274286599  3.3588945929341865 -2.7241116322091363 5.7335074033396678  3.304550633783824 -2.7549205014426965 5.7779373902323679  3.2542961660802034 -2.7916777771305386 5.8208440702117166  3.2083724723017282 -2.833525388586815 5.861532988406136  3.1181186901967393 -2.933494067376083 5.9440022006883124  3.0754023677521012 -2.9932612382936332 5.9847932524711647  3.0385963867295849 -3.0575988766228459 6.0211950569052153  3.0074987281639096 -3.1254817969790709 6.0527490152506243  2.950864859088548 -3.2816722076501725 6.1112684857522854  2.9279316427457456 -3.3712994554370237 6.1358193130637311  2.9127837822121991 -3.4633881812707452 6.1523307893774053  2.9052080058652039 -3.5566902285450208 6.1605876465298017  2.9052080058652039 -3.7433097750305371 6.1605876465298017  2.9127837811716608 -3.8366118099578657 6.1523307904602849  2.9279316447140391 -3.9287005531264705 6.1358193110217085  2.9508648578901382 -4.0183277890447346 6.1112684869905953  3.0074987281639158 -4.1745182030209458 6.0527490152506171  3.0385963867295791 -4.2424011233771406 6.0211950569052197  3.0754023677521038 -4.3067387617063693 5.984793252471162  3.1181186901967375 -4.366505932623916 5.9440022006883142  3.2083724723017277 -4.4664746114131857 5.861532988406136  3.2542961660801968 -4.5083222228694568 5.8208440702117219  3.3045506337838342 -4.5450794985573078 5.7779373902323572  3.3588945929341749 -4.5758883677908582 5.7335074033396785  3.4169004039173125 -4.6000005999999996 5.6882638274286617 
 0 6 0.1388009351831983 4 0.30190019393133227 4 0.49999999624420155 4 0.69809980614810352 4 0.86119906485332587 4 1 6
1 0.25980762113533223 -4.5999999999999996 -0.17320508075688817 0.55470019622522915 0 0.83205029433784372 
7 0 0  7 14 3  3.9365126084274915 -4.6000006000000004 5.3418556910885417  3.9822791999575888 -4.5827775769934727 5.3160396552510409  4.0270175011073377 -4.5623656792134089 5.2916842156370434  4.0704933401666121 -4.5389786868227109 5.2688241653430907  4.1124847975347434 -4.5128460714293768 5.2474705615260548  4.1527868616039898 -4.4842134088382037 5.2276148900214938  4.1912160846430044 -4.4533427918024993 5.2092332299620123  4.3224084395598847 -4.3350162547830537 5.1481667736913792  4.4034892053935897 -4.236184123894323 5.1137756983910814  4.4694070025668911 -4.1277013594849272 5.0878842466518917  4.5192840479640619 -4.0124827712445921 5.0693114239639616  4.5526407933673259 -3.8930108744885974 5.057226202334574  4.5693085945408907 -3.7714849545324372 5.051187254079343  4.5693085945408907 -3.6500000000000004 5.051187254079343 
 0 8 0.27744874356728255 6 1 8
1 0.83205029433784372 -3.6499999999999999 -0.55470019622522915 0.55470019622522915 0 0.83205029433784372 
7 0 0  7 44 8  4.2261628440332721 -3.6500000000000004 4.5364686283179108  4.2261628440332721 -3.5289197150157987 4.5364686283179108  4.2134821964004807 -3.4077222557453224 4.5482818027311307  4.1880762588449993 -3.2884361240233781 4.5719503445972505  4.1496391649847864 -3.1732205525602484 4.6073400551948804  4.0977087660403377 -3.0645495747817222 4.6540434153169192  4.0317131335386023 -2.9653698596627032 4.7112824012408323  3.8768264183119645 -2.7999761248316508 4.8393752790866085  3.7884811802727141 -2.7302424193400752 4.9101571773463348  3.6875233391745881 -2.6767870217958238 4.9876878498050656  3.5767937525401168 -2.6439944578245278 5.0681845650641835  3.4602839493295372 -2.634127799901226 5.1477617819957242  3.3428980088289828 -2.6473215122289391 5.223283945529495  3.1162934589080469 -2.7154251495120922 5.3615564263492796  3.0097140935823652 -2.7694295150901289 5.4227168310756833  2.9124211725676505 -2.8400559145877411 5.4753600832450982  2.8265447635771244 -2.9240513233481353 5.5195460899931845  2.7536324910178522 -3.0182018810041984 5.5556299783737932  2.6945746032847553 -3.1193086133899794 5.5840628518389552  2.5965166170905203 -3.3473297939025004 5.63041121589022  2.5617317557007824 -3.4780996723294293 5.6461390599743444  2.5461030840648649 -3.6129860589688176 5.6529931814268926  2.5499448292498599 -3.7487462544699932 5.6513055512008972  2.5730751116474995 -3.8824156869560227 5.6410653479598505  2.6150761724353329 -4.0111681546143974 5.6219090070297728  2.7229152857050241 -4.2264322020874241 5.5703228604848647  2.7822165336009461 -4.3171196947867898 5.5413784588791559  2.8531776339689374 -4.4011658950367467 5.505751744196373  2.9349544697491861 -4.4759274436945722 5.463110643545896  3.0261864936233587 -4.5388009355483865 5.4132438672290704  3.1250789910191918 -4.5872152506583612 5.356195557290147  3.3346624913093335 -4.6502033887574132 5.2283091996061417  3.4435242703014053 -4.6639253111098968 5.1585334238324299  3.5520733379591376 -4.6578199456812301 5.0850136604994454  3.656234594416603 -4.6317925716686448 5.0102901257022552  3.7525738353511375 -4.5874688966829646 4.9374983787417657  3.8385305071707507 -4.5281888452244239 4.86978748037376  4.0044960265495053 -4.3734439624668981 4.7347660757059096  4.0798579587661514 -4.2712439667503181 4.6700594352216571  4.1390866209768848 -4.1572850469639642 4.6170488021160532  4.182862862269463 -4.0352780768827579 4.5768074352866845  4.2117552985157509 -3.9083148135262125 4.5498905020721612  4.2261628440332721 -3.7790617784717906 4.5364686283179108  4.2261628440332721 -3.6500000000000004 4.5364686283179108 
 0 8 0.14920262762649122 6 0.28733451783981756 6 0.42511387631409814 6 0.58679104814839678 6 0.71373296209664383 6 0.84169597125153006 6 1 8
7 0 0  7 14 3  4.5693085945408907 -3.6500000000000004 5.051187254079343  4.5693085945408907 -3.5285150454676653 5.051187254079343  4.5526407933672974 -3.4069891255111542 5.0572262023345864  4.5192840479641569 -3.2875172287557151 5.0693114239639199  4.4694070025667125 -3.1722986405147697 5.0878842466519751  4.4034892053937655 -3.0638158761058865 5.1137756983909979  4.322408439559811 -2.9649837452168786 5.1481667736914147  4.1912160846429973 -2.8466572081974939 5.2092332299620168  4.1527868616039898 -2.8157865911617952 5.2276148900214929  4.1124847975347434 -2.7871539285706226 5.2474705615260548  4.0704933401666068 -2.7610213131772858 5.2688241653430952  4.0270175011073306 -2.7376343207865879 5.2916842156370487  3.9822791999575888 -2.7172224230065281 5.3160396552510409  3.9365126084274884 -2.6999993999999994 5.3418556910885444 
 0 8 0.72255125643254736 6 1 8
1 0.25980762113533118 -2.6999999999999997 -0.17320508075688745 0.55470019622522915 0 0.83205029433784372 
8 0 6.1343575629410836
2 6 -2.6999999999999997 9 0 -1 -0 -0.49130614219109447 0 -0.87098695434851625 0.87098695434851625 0 -0.49130614219109447 4.2000000000000002
2 6 -2.6999999999999997 9 0 1 0 0 -0 1 1 0 -0 2.1800000000000002
8 0 0.74462979129630757
2 6 -5.7999999999999998 9 0 -1 0 0.58046689941243435 0 0.81428384405348175 -0.81428384405348175 0 0.58046689941243435 3.2000000000000002
2 6 -5.7999999999999998 9 0 1 0 0 -0 1 1 0 -0 2.1800000000000002
2 6 -5.7999999999999998 9 0 1 0 0 -0 1 1 0 -0 2.1800000000000002
3 6 -6.4307806183469438 9 0.25881904510252074 0.96592582628906831 -0 -0.96592582628906831 0.25881904510252074 0 0 0 1 3.3128837773122659 3.2000000000000002
3 6 -6.4307806183469438 9 0.25881904510252074 0.96592582628906831 -0 -0.96592582628906831 0.25881904510252074 0 0 0 1 3.3128837773122659 3.2000000000000002
8 0 5.6325178576779598
1 0.15940553423448378 -4.8657980479273899 40 0.96592582628906831 -0.25881904510252079 0 
1 -1.518562030942718e-15 -5.7999999999999998 6.2000000000000002 0 1 0 
2 0 -5.7999999999999998 0 0 1 0 0 -0 1 1 0 -0 6.2000000000000002
2 0 -3.5 0 0 1 0 0 -0 1 1 0 -0 6.2000000000000002
1 5.8685603004484843 -5.7999999999999998 -2 0 1 0 
2 0 3.5000000000000009 0 0 1 0 0 -0 1 1 0 -0 6.2000000000000002
1 0.69999999999999996 -5.7999999999999998 -6.1603571325045756 0 1 0 
1 0.69999999999999996 5.7999999999999998 -6.0597029630172461 0 1 0 
1 1.7 5.7999999999999998 -5.8583274063507229 0 1 0 
1 1.7 -5.7999999999999998 -5.9623820743055376 0 1 0 
3 0 4.8230854637602087 0 0.25881904510252074 -0.96592582628906831 0 0.96592582628906831 0.25881904510252074 0 -0 0 1 6.315184700501506 6.0999999999999996
1 5.8283788483591206 5.7999999999999998 -1.8000000000000003 0 1 0 
7 0 0  5 6 2  5.5999999999999055 6.1690493569700005 -2.4186773244898543  5.6525509341770377 6.1609940957023275 -2.2970053559257946  5.701707605070129 6.1556253087460231 -2.1741139593416454  5.7474022476886892 6.152340899305103 -2.0502225686175093  5.789623944411491 6.1506495379114794 -1.9254879693960141  5.8283790336593277 6.1501416625011416 -1.799999399999999 
 0 6 1 6
1 26.097469465890104 11.815881331641343 -1.8000000000000005 -0.96592582628906831 -0.25881904510252074 0 
2 5.8499999999999996 7.7999999999999998 -1.8000000000000003 0 0 1 1 0 -0 -0 1 0 1.6499999999999999
1 7.1028553078574239 6.7262898074557187 -5.2000000000000002 0 0 1 
2 5.8499999999999996 7.7999999999999998 -5.2000000000000002 0 0 1 1 0 -0 -0 1 0 1.6499999999999999
3 5.5855077718160233 7.7999999999999998 -5.2000000000000002 0 0 1 1 0 -0 -0 1 0 1.5521271362967775 1.55
3 5.6719778327910193 7.7999999999999998 -5.2000000000000002 0 0 1 1 0 -0 -0 1 0 1.5509447936631737 1.55
1 26.097469465890104 11.815881331641343 -5.2000000000000002 -0.96592582628906831 -0.25881904510252074 0 
3 5.8446546427936452 7.7999999999999998 -0.2551831326789058 0.9990482215818578 0 -0.043619387365334335 0.043619387365334335 0 0.9990482215818578 0 -1 0 177.6191708942041 1.55
3 11.109996299037245 7.7999999999999998 150.5244741565991 0.25881904510252079 -0.96592582628906842 0 0.032563002129053865 0.0087252301236129121 0.9994315990860172 -0.96537679316656599 -0.25867193212072831 0.03371170046685229 171.59961285524946 1.55
2 0 0 4.9500000000000002 0 0 1 1 0 -0 -0 1 0 1.55
3 5.5829900754651565 7.7999999999999998 -5.2480405082090833 0.034899496702500983 0 0.99939082701909576 0.99939082701909576 0 -0.034899496702500983 -0 1 0 1.5502361084680567 1.55
1 26.070998886465169 11.808788561261249 -5.9634975412429103 -0.96537679316656588 -0.25867193212072831 0.033711700466852283 
3 11.109996299037245 7.7999999999999998 100.21352071769483 0.25881904510252068 -0.96592582628906831 0 0.048834592273212803 0.013085189562310513 0.99872116249312926 -0.96469056411355469 -0.25848805760015114 0.050557290160495511 114.42878955325624 1.55
3 5.490548823086252 7.7999999999999998 -5.3446778181525652 0.052335956242943633 0 0.99862953475457394 0.99862953475457394 0 -0.052335956242943633 -0 1 0 1.5502361084680567 1.55
1 26.036599544543176 11.799571285373089 -6.4214507095008448 -0.96469056411355469 -0.25848805760015114 0.05055729016049549 
3 11.109996299037244 7.7999999999999998 75.017165082544892 0.25881904510252074 -0.96592582628906842 6.9388939039072284e-18 0.065094285905190924 0.017441961340176521 0.99772667195334674 -0.9637299600171787 -0.25823066450828114 0.067390563678447965 85.852105210472843 1.55
3 5.3964350963476919 7.7999999999999998 -5.4396870874575827 0.069756473744125219 0 0.99756405025982431 0.99756405025982431 0 -0.069756473744125219 -0 1 0 1.5502361084680569 1.55
1 25.988028370678482 11.786556678560613 -6.8795915579689639 -0.96372996001717859 -0.25823066450828114 0.067390563678447979 
3 11.109996299037245 7.7999999999999998 59.866616294312074 0.25881904510252074 -0.96592582628906842 0 0.081338111856125411 0.02179448138572113 0.99644824860140535 -0.96249509788460741 -0.25789978419709492 0.084207409764177607 68.713086874050475 1.55
3 5.3006775632023455 7.7999999999999998 -5.5330393753803291 0.087155742747658069 0 0.99619469809174555 0.99619469809174555 0 -0.087155742747658069 -0 1 0 1.5502361084680569 1.55
1 25.925254898046092 11.769736577262664 -7.3374560821928698 -0.9624950978846073 -0.25789978419709492 0.084207409764177593 
3 11.109996299037242 7.7999999999999998 49.738936308096584 0.25881904510252074 -0.96592582628906842 0 0.097562094131134397 0.026141684334326634 0.99488604881610043 -0.96098612876615819 -0.25749545714040295 0.10100371216488979 57.292912722323159 1.55
1 25.848261860737448 11.749106355092996 -7.794578607615513 -0.96098612876615819 -0.25749545714040295 0.10100371216488979 
1 6.2000000000000002 2.1000000000000001 -6.2000000000000002 0 0 1 
1 0.35000000000000009 2.0999999999999996 -6.0999999999999996 -1 0 0 
1 6.2000000000000002 -2.1000000000000001 -6.2000000000000002 0 0 1 
1 6.2000000000000002 -2.1000000000000001 -2.7999999999999998 0 1 0 
1 6.2000000000000002 -3.5499999999999998 -6.0999999999999996 0 1 0 
1 6.2000000000000002 -1.6000000000000001 -7.3499999999999996 0 0 1 
1 6.2000000000000002 -5 -5.7138736568489934 0 1 0 
8 0 0.781734629552159
2 6.7999999999999998 -1.6000000000000001 -8.5 0 1 0 -0.21052631578947356 0 0.97758819057930058 0.97758819057930058 -0 0.21052631578947356 2.8500000000000001
1 2.8500000000000001 -1.6000000000000001 -6.0999999999999996 -1 0 0 
2 6.7999999999999998 -2.1000000000000001 -8.5 0 1 0 0 -0 1 1 0 -0 2.8500000000000001
2 0 -5.7999999999999998 0 0 -1 0 0 -0 -1 1 0 0 6.0999999999999996
3 5.1470060945376233 -7.7999999999999998 -5.4222453125547529 0.069756473744125219 0 0.99756405025982431 0.99756405025982431 0 -0.069756473744125219 -0 1 0 1.5502361084680569 1.55
3 5.2408534095767036 -7.7999999999999998 -5.3315918360333683 0.052335956242943633 0 0.99862953475457394 0.99862953475457394 0 -0.052335956242943633 -0 1 0 1.5502361084680567 1.55
3 5.3331043098979389 -7.7999999999999998 -5.2393143049904412 0.034899496702500983 0 0.99939082701909576 0.99939082701909576 0 -0.034899496702500983 -0 1 0 1.5502361084680567 1.55
3 5.4218254467163129 -7.7999999999999998 -5.2000000000000002 0 0 1 1 0 -0 -0 1 0 1.5509447936631737 1.55
2 5.5999999999999996 -7.7999999999999998 -5.2000000000000002 0 0 1 1 0 -0 -0 1 0 1.6499999999999999
2 5.5999999999999996 -7.7999999999999998 -1.8000000000000003 0 0 1 1 0 -0 -0 1 0 1.6499999999999999
7 0 0  5 6 2  5.8283790336593277 -6.1658815780412883 -1.7999994000000001  5.7896718049516984 -6.1604719826477776 -1.9253329974726459  5.7474949812965566 -6.1557458547034329 -2.0499519144161384  5.7018286015243884 -6.1521005486064926 -2.1737968518894433  5.6526579177354863 -6.1499999999999986 -2.2967576552831233  5.5999999999999659 -6.1500000000000004 -2.4186773244895741 
 0 6 1 6
1 5.8283788483591206 -5.7999999999999998 -1.8000000000000003 0 -1 0 
1 5.5999999999999996 -5.7999999999999998 2.4186773244895643 0 -1 0 
1 5.5999999999999996 -4.5999999999999996 4.8190910079266258 0 1 0 
1 5.5999999999999996 -7.5999999999999996 5.8250984267224908 0 1 0 
1 5.5999999999999996 -5.7999999999999998 -0.5 0 0 1 
2 6 -5.7999999999999998 9 0 1 0 0 -0 1 1 0 -0 3.2000000000000002
8 0 3.1000000000000001
1 5.9999999999999991 -5.7999999999999998 11.18 0 1 0 
7 0 0  6 37 8  8.0977009424201896 -4.6000006000000004 9.5933386521788826  8.1087958969994443 -4.5370543459105708 9.5541133352514507  8.1193311664334491 -4.4762173248131258 9.5135062728572475  8.1294804171029877 -4.4166424222670351 9.4705374078543514  8.1391839666641541 -4.358694097491302 9.4244896223272701  8.1482130204369287 -4.3038852848104465 9.3748544366954718  8.1594157955487798 -4.2350167808530061 9.2996672547360131  8.1624791362738573 -4.2160716114807624 9.2773257053238201  8.1653622635571139 -4.198139133506543 9.2541956316062102  8.1680339308375025 -4.1814351622902315 9.2302317966303189  8.1704564147072016 -4.1662207854414053 9.2053935033599501  8.1748814385084412 -4.1383325538991791 9.1518781575123977  8.1768519745467554 -4.1258511025364628 9.122861135524202  8.1784006572600862 -4.1159995046652842 9.0929113014115739  8.179462442875959 -4.1092280258936418 9.0622947673864829  8.1799999999999997 -4.1058007745140292 9.0312480275050007  8.1799999999999997 -4.1058007745140292 8.9747653384742865  8.1796496993720229 -4.1080354866030531 8.9496124198537235  8.1789526195833648 -4.1124795093487654 8.9246844397294414  8.1779265229426326 -4.1190112003786368 8.9001372808522436  8.1766034125997393 -4.1274126763799348 8.8761395131325802  8.1739728595320766 -4.1440548445552299 8.8372512939147825  8.1728009695900692 -4.1514555985238459 8.8219260751442352  8.1715232104392275 -4.1595073280872308 8.8068978997649534  8.170148796657049 -4.1681465062375009 8.79216851836226  8.1686868096792065 -4.1773108258772425 8.7777402696707707  8.1615063295216359 -4.2221867280784622 8.7119102829708837  8.1547807658294751 -4.2638548779640351 8.6639843309933102  8.1473251759424965 -4.3094672290236193 8.6194951945574889  8.1393735325085608 -4.3574203049640978 8.5780049678382078  8.131029251603934 -4.4070457433359405 8.5389162262704303  8.1183078653527421 -4.4815772473018951 8.4847677861111848  8.1143189198220398 -4.5048018259847122 8.4684929302714966  8.1102599443777326 -4.5282842643690611 8.4525701984121557  8.1061360646726701 -4.5519886238133838 8.4369757548994802  8.1019497758254051 -4.5758952154129817 8.4216827555881277  8.0977009424201878 -4.600000600000012 8.4066613478211067 
 0 7 0.27243219192829948 5 0.38226454785087993 5 0.50070270173904607 5 0.59634863409813499 5 0.66056348666115428 5 0.89564106506979024 5 1 7
2 6 -3.5 9 0 1 0 0 -0 1 1 0 -0 4.2000000000000002
1 2.5 -3.5 -2 1 0 0 
1 2.5 3.5 -2 1 0 0 
2 6 3.5 9 0 1 0 0 -0 1 1 0 -0 4.2000000000000002
7 0 0  6 37 8  8.0977009424201913 4.6000005999999907 9.593338652178879  8.1087958969994105 4.5370543459107617 9.5541133352515715  8.1193311664334598 4.4762173248130708 9.5135062728571995  8.12948041710297 4.4166424222671052 9.4705374078544686  8.1391839666641772 4.3586940974911625 9.4244896223271155  8.1482130204369021 4.3038852848106064 9.3748544366956352  8.1594157955484174 4.2350167808552293 9.2996672547384431  8.1624791362739035 4.2160716114804506 9.2773257053227862  8.1653622635574266 4.1981391335045997 9.2541956316034746  8.168033930837618 4.1814351622895236 9.2302317966299814  8.1704564147069298 4.1662207854431204 9.2053935033632399  8.1748814385084412 4.1383325538991658 9.1518781575123729  8.1768519745467518 4.1258511025364752 9.1228611355242446  8.1784006572600827 4.1159995046652851 9.0929113014115917  8.1794624428759626 4.109228025893624 9.0622947673864598  8.1799999999999997 4.1058007745140221 9.0312480275050149  8.1799999999999997 4.1058007745140221 8.9747653384811894  8.179649699371792 4.108035486604507 8.949612419852139  8.1789526195831481 4.1124795093501403 8.9246844397227481  8.1779265229427445 4.1190112003779271 8.9001372808501866  8.1766034126001674 4.127412676377217 8.8761395131388863  8.1739728595325598 4.1440548445521808 8.8372512939218684  8.1728009695898702 4.1514555985250903 8.8219260751431747  8.1715232104386786 4.1595073280906734 8.80689789975869  8.1701487966569601 4.1681465062380711 8.7921685183600946  8.16868680967983 4.1773108258733371 8.777740269676503  8.1615063295214618 4.2221867280795387 8.7119102829692849  8.1547807658297007 4.263854877962606 8.6639843309958895  8.1473251759426901 4.309467229022494 8.6194951945572331  8.1393735325081629 4.3574203049664444 8.57800496783684  8.1310292516041613 4.4070457433345984 8.5389162262713949  8.1183078653528415 4.4815772473012911 8.4847677861116022  8.1143189198220309 4.5048018259847451 8.4684929302714878  8.1102599443776597 4.5282842643694776 8.4525701984118751  8.1061360646726541 4.5519886238134779 8.4369757548994002  8.1019497758254939 4.575895215412487 8.4216827555884421  8.0977009424201896 4.6000005999999978 8.406661347821121 
 0 7 0.27243219212358544 5 0.3822645481126915 5 0.50070270205767498 5 0.59634863443643993 5 0.66056348696613798 5 0.89564106516667086 5 1 7
8 0 2.2999999999999989
1 5.9999999999999991 2.7000000000000002 11.18 0 1 0 
2 6 5 9 0 1 0 0 -0 1 1 0 -0 2.6200000000000001
2 6 6.2000000000000002 9 0 1 0 0 -0 1 1 0 -0 2.6200000000000001
2 6 6.2000000000000002 9 0 1 0 0 -0 1 1 0 -0 2.1800000000000002
3 6 6.4307806183469447 9 0.25881904510252074 -0.96592582628906831 0 0.96592582628906831 0.25881904510252074 0 -0 0 1 2.2569020732939813 2.1800000000000002
1 20.87741238238182 10.417171251670938 -17.485248577828759 -0.78095441527441145 -0.20925610489829816 0.58849136257569201 
3 11.856406460551023 8 -1.8794026993973105 0.25881904510252074 -0.96592582628906842 -1.3877787807814457e-17 0.56843900565990502 0.15231277251292191 0.80850350411968253 -0.78095441527441145 -0.20925610489829818 0.58849136257569201 9.9511309831146768 1.55
1 20.446556814732865 10.301723850264946 -17.751226452005369 -0.77101116898308319 -0.206591820084393 0.60237994420262464 
3 11.856406460551025 8 -2.0417457650548414 0.25881904510252079 -0.96592582628906831 0 0.58185434534388303 0.15590740194743302 0.79820949807831953 -0.77101116898308331 -0.20659182008439303 0.60237994420262464 9.7273264009648184 1.55
3 6.7999999999999998 6.6451399722918421 -8.5 0.25881904510252074 -0.96592582628906831 0 0.96592582628906831 0.25881904510252074 0 -0 0 1 1.2940952255126037 1.25
3 6.7999999999999998 6.6451399722918421 -8.5 0.25881904510252074 -0.96592582628906831 0 0.96592582628906831 0.25881904510252074 0 -0 0 1 1.2940952255126037 1.25
1 6.2583302491976873 6.4999999999999947 -9.3499999999999996 -0 0 1 
3 6.7999999999999998 6.6451399722918421 -8.5 0.25881904510252074 -0.96592582628906831 0 0.96592582628906831 0.25881904510252074 0 -0 0 1 1.7082056976766369 1.6499999999999999
3 11.856406460551021 8 -0.47472913930685223 0.25881904510252074 -0.96592582628906831 0 0.45593707475566869 0.12216797098018983 0.88158741525150386 -0.85154805252285282 -0.22817161298979366 0.4720207932603952 12.352766679731481 1.55
1 23.630583539170697 11.154881239757177 -15.259704521179099 -0.84361002296195076 -0.22604462437945558 0.48705847384814877 
3 11.856406460551021 8 -0.66410161513775101 0.25881904510252074 -0.96592582628906831 1.3877787807814457e-17 0.47046235880286569 0.12606000911046894 0.8733693623277109 -0.84361002296195065 -0.22604462437945552 0.48705847384814871 11.977480245984445 1.55
1 23.26803666152605 11.057737096673868 -15.614133668101974 -0.83541569210903621 -0.22384896004490365 0.50196838990597326 
3 11.856406460551021 8 -0.84862867324658176 0.25881904510252079 -0.96592582628906831 0 0.48486423179092031 0.12991897934711377 0.86488596678128893 -0.83541569210903621 -0.22384896004490368 0.50196838990597314 11.627761935926957 1.55
1 22.89464737914243 10.957687739996741 -15.957013234704249 -0.82696651775562824 -0.22158501060019825 0.51674603200067271 
3 11.856406460551025 8 -1.0288304477133092 0.25881904510252074 -0.96592582628906831 0 0.49913833794184714 0.13374371456293074 0.8561387378290739 -0.82696651775562824 -0.22158501060019825 0.51674603200067271 11.301231201054661 1.55
1 22.510755456968308 10.854824209469353 -16.287964132337844 -0.81826403303576034 -0.21925318684736547 0.5313868762938414 
3 11.856406460551021 8 -1.205166757685241 0.25881904510252079 -0.96592582628906831 0 0.51328030756329568 0.13753304390238336 0.84712926268821198 -0.81826403303576034 -0.21925318684736547 0.5313868762938414 10.995796735037526 1.55
1 22.116713784852294 10.749241061641658 -16.606616940354645 -0.80930984866121614 -0.21685392037532697 0.54588638568644554 
3 11.856406460551019 8 -1.3780460444616143 0.25881904510252079 -0.96592582628906842 0 0.52728575815413303 0.14128579307783221 0.83785920889024623 -0.80930984866121614 -0.216853920375327 0.54588638568644565 10.709613955795694 1.55
1 21.71288821016179 10.641036325020305 -16.912612425326056 -0.80010565515667331 -0.21438766415880492 0.56024001110492117 
3 11.856406460551021 8 -1.5478327798233664 0.25881904510252074 -0.96592582628906842 0 0.54115029564671768 0.14500078470240127 0.82833032659510797 -0.80010565515667331 -0.21438766415880492 0.56024001110492094 10.441049777238295 1.55
1 21.299657350036632 10.530311449762149 -17.205602065243287 -0.79065322508771085 -0.21185489315531478 0.57444319293081691 
3 11.856406460551021 8 -1.7148536430032024 0.25881904510252074 -0.96592582628906842 -1.3877787807814457e-17 0.55486951578783006 0.14867683865999712 0.81854445089771899 -0.79065322508771096 -0.21185489315531481 0.57444319293081691 10.18865325326726 1.55
1 2.6756890076899529 6.5 -13.686647642051213 0.58778525229247314 0 0.80901699437494756 
3 7.6438012412444651 8 -7.5130073049392472 0.60181502315204827 0 0.79863551004729294 -0.79863551004729294 0 0.60181502315204827 0 -1 0 1.5502361084680567 1.55
3 7.7737571103439205 8 -7.3784603115486274 0.58778525229247314 0 0.80901699437494756 -0.80901699437494756 0 0.58778525229247314 0 -1 0 1.5502361084680565 1.55
1 7.7112147045423711 6.5 -7.3330205939300299 0.80901699437494756 0 -0.58778525229247314 
8 0 0.82126614803115561
2 6.7999999999999998 6.5 -8.5 0 -1 0 0.36448087986269695 0 0.93121087204484165 -0.93121087204484165 0 0.36448087986269695 1.25
8 0 0.80174030671475771
2 6.7999999999999998 6.5 -8.5 0 1 -0 -0.32828469745594702 0 0.94457882541175853 0.94457882541175853 0 0.32828469745594702 1.6499999999999999
1 2.9141464247070572 6.5 -13.637865887260586 0.57357643635104605 0 0.81915204428899191 
1 7.6014917795956105 6.5 -7.4811248387560845 0.79863551004729294 0 -0.60181502315204827 
1 2.4364165498811263 6.5 -13.731260311384538 0.60181502315204827 0 0.79863551004729294 
7 0 0  5 6 2  6.8000000000000007 6.6761151227523863 -7.25  6.8879033957367133 6.6333683299867143 -7.25  6.9783449717924517 6.5929344433190478 -7.2577266687462139  7.0705229851066989 6.556272971575984 -7.2740744774065247  7.163393344395673 6.5248261224299124 -7.2998956012862015  7.2556033283082773 6.4999993999999965 -7.3359872821852772 
 0 6 1 6
1 7.0338461797251357 3 -7.2720684203800436 0 1 0 
7 0 0  4 5 2  6.8000000000000007 6.6593862284175422 -7.25  6.8572339785179333 6.6332133495783818 -7.25  6.9154237341543379 6.6080595342118027 -7.2534938459176717  6.9743915292310925 6.5843781842110625 -7.2607458658393504  7.0338474684043266 6.5626549654925661 -7.2720686657956453 
 0 5 1 5
3 7.5115169962397621 8 -7.6452657635246473 0.61566147532565818 0 0.78801075360672201 -0.78801075360672201 0 0.61566147532565818 0 -1 0 1.5502361084680569 1.55
3 8.5024307731593787 8 -6.5254614493806775 0.50000000000000011 0 0.86602540378443871 -0.86602540378443871 0 0.50000000000000011 0 -1 0 1.5502361084680569 1.55
3 8.3872508063647615 8 -6.6728554675531955 0.51503807491005416 0 0.85716730070211233 -0.85716730070211233 0 0.51503807491005416 0 -1 0 1.5502361084680567 1.55
3 8.2695160017253997 8 -6.8182168693089009 0.5299192642332049 0 0.84804809615642607 -0.84804809615642607 0 0.5299192642332049 0 -1 0 1.5502361084680569 1.55
3 8.1492622224033155 8 -6.9615013761566633 0.54463903501502708 0 0.83867056794542405 -0.83867056794542405 0 0.54463903501502708 0 -1 0 1.5502361084680569 1.55
3 8.0265260988646112 8 -7.1026653422476667 0.55919290347074679 0 0.82903757255504174 -0.82903757255504174 0 0.55919290347074679 0 -1 0 1.5502361084680569 1.55
3 7.901345017721491 8 -7.2416657676703569 0.57357643635104605 0 0.81915204428899191 -0.81915204428899191 0 0.57357643635104605 0 -1 0 1.5502361084680569 1.55
7 0 0  5 10 3  7.5432167683599678 6.5000006000000106 -7.0268642848574459  7.5983788609302225 6.4840809242759825 -7.0546943019798469  7.6533229952780291 6.4710676541992731 -7.0856534744796082  7.7074699539560445 6.4612649976333234 -7.1197045733956639  7.760294550518986 6.4548248686602996 -7.1566793535859201  7.857479820778515 6.4489774892760376 -7.232070834982931  7.9021044271435965 6.4489544314533118 -7.2699559069701616  7.9449027994919454 6.4516734219305434 -7.3097148921135098  7.9856080435526042 6.4570236761158686 -7.3510369936393856  8.0240273593462046 6.4647963303167311 -7.3935385123864652 
 0 6 0.52538341880986927 4 1 6
2 6.7999999999999998 5 -8.5 0 1 0 0 -0 1 1 0 -0 1.6499999999999999
1 6.2999999999999998 3 -6.9275814806483611 0 1 0 
8 0 0.61574173679610888
2 6.7999999999999998 6 -8.5 0 -1 0 0.30303030303030504 0 0.9529809208191744 -0.9529809208191744 0 0.30303030303030504 1.6499999999999999
1 7.2999999999999998 3 -6.9275814806483611 0 1 0 
2 6.7999999999999998 5 -8.5 0 1 0 0 -0 1 1 0 -0 1.6499999999999999
1 7.2999999999999998 6 -8.1999999999999993 0 0 1 
1 7.2999999999999998 3.2000000000000002 -6.9801315846429333 0 1 0 
1 7.2999999999999998 5 -8.1999999999999993 0 0 1 
2 6.7999999999999998 6 -8.5 0 1 0 0 -0 1 1 0 -0 1.6000000000000001
1 6.2999999999999998 3.2000000000000002 -6.9801315846429333 0 1 0 
2 6.7999999999999998 5 -8.5 0 1 0 0 -0 1 1 0 -0 1.6000000000000001
1 6.7999999999999998 3.2000000000000002 -6.9000000000000004 0 1 0 
2 6.7999999999999998 3.2000000000000002 -8.5 0 1 0 0 -0 1 1 0 -0 1.6000000000000001
2 6.7999999999999998 5 -8.5 0 1 0 0 -0 1 1 0 -0 1.6000000000000001
2 6.7999999999999998 6 -8.5 0 1 0 0 -0 1 1 0 -0 1.6000000000000001
2 6.7999999999999998 6.3000000000000007 -8.5 0 1 0 0 -0 1 1 0 -0 1.6000000000000001
1 7.5745966692414859 3.2000000000000002 -9.8999999999999986 0 1 0 
7 0 0  5 22 6  7.5745977536758282 5.5310216863054222 -9.8999993999999987  7.4969979054755003 5.472039842766355 -9.9429341813303047  7.414194146197973 5.4143367981928421 -9.9817260848760334  7.3261065417097733 5.3585741218637066 -10.01561040191063  7.2327596509268606 5.3054805188643526 -10.04364670063636  7.0926288167003602 5.234740132297361 -10.073591046535117  7.0500158412581184 5.2143016498832839 -10.081242617553666  7.0065804062052734 5.1945684474726317 -10.087533258014389  6.9623952376845875 5.1756110715671326 -10.092372676592696  6.8349900093327234 5.1241410257253008 -10.10175750120961  6.7500460247536989 5.093574056223158 -10.102647301111924  6.6636534702645962 5.0663712661574474 -10.097756785723266  6.5768223517857711 5.0428155258744063 -10.086796122625776  6.4255036853695087 5.007912409565149 -10.056968012416032  6.3608650681577075 4.9950092410971827 -10.040725178169259  6.2971005089798657 4.9842086455077244 -10.02110069849939  6.2346597813161413 4.9754169156350665 -9.9982459783598827  6.1433006768896217 4.9649643769587897 -9.9594025782391888  6.1130753415144472 4.9619267558981033 -9.9456092133334302  6.0833275908897564 4.9593374203851024 -9.9310887438892337  6.0540937139149564 4.957171815571674 -9.9158739399072946  6.0254022463241661 4.9554026555618744 -9.8999993999999987 
 0 6 0.32362233517538075 4 0.46083763998825328 4 0.71335949071000904 4 0.90380732739419256 4 1 6
1 6.0254033307585138 3.2000000000000002 -9.8999999999999986 0 1 0 
2 5.8499999999999996 7.7999999999999998 -9.8999999999999986 0 0 1 1 0 -0 -0 1 0 2.8500000000000001
1 6.3249999999999993 6.3000000000000007 -9.8999999999999986 1 0 0 
2 6.7999999999999998 6.3000000000000007 -8.5 0 1 0 0 -0 1 1 0 -0 1.25
2 6.7999999999999998 3.2000000000000002 -8.5 0 1 0 0 -0 1 1 0 -0 1.25
8 0 3.1000000000000005
1 6.7999999999999998 6.3000000000000007 -7.25 0 -1 0 
1 6.2999999999999998 6 -8.1999999999999993 0 0 1 
1 6.2999999999999998 5 -8.1999999999999993 0 0 1 
8 0 2.4240273593462085
1 5.5999999999999996 5 -6.0999999999999996 1 0 0 
1 8.3370426148939387 -5 -6.0999999999999996 0 1 0 
8 0 0.87852605053873278
2 6.7999999999999998 -5 -8.5 0 -1 0 0.42948328398112567 0 0.9030748079648705 -0.9030748079648705 0 0.42948328398112567 2.8500000000000001
1 -9.5500000000000007 -5 -10 -1 0 0 
1 6.1315072906367334 -5 -13.1 0 0 1 
1 2.25 -5 -9.8999999999999986 1 0 0 
2 5.5999999999999996 -7.7999999999999998 -10 0 0 1 1 0 -0 -0 1 0 2.8500000000000001
2 5.5999999999999996 -7.7999999999999998 -9.8999999999999986 0 0 1 1 0 -0 -0 1 0 2.8500000000000001
3 7.676979069009267 -8 -9.8999999999999986 0 0 1 1 0 -0 -0 1 0 1.6494755473376639 1.55
3 7.5538829857018905 -8 -9.8999999999999986 0 0 1 1 0 -0 -0 1 0 1.6602747401373947 1.55
3 7.4326086366143329 -8 -9.8999999999999986 0 0 1 1 0 -0 -0 1 0 1.6717288511502544 1.55
3 7.3131193200210536 -8 -9.8999999999999986 0 0 1 1 0 -0 -0 1 0 1.6838585849782091 1.55
3 7.1953805676095897 -8 -9.8999999999999986 0 0 1 1 0 -0 -0 1 0 1.6966862316843723 1.55
3 7.0793601252679288 -8 -9.8999999999999986 0 0 1 1 0 -0 -0 1 0 1.7102357743918621 1.55
3 6.9650279422349755 -8 -9.8999999999999986 0 0 1 1 0 -0 -0 1 0 1.7245330077365428 1.55
3 6.8523561689293793 -8 -9.8999999999999986 0 0 1 1 0 -0 -0 1 0 1.7396056683332592 1.55
3 6.7413191638551773 -8 -9.8999999999999986 0 0 1 1 0 -0 -0 1 0 1.7554835785680107 1.55
3 6.6318935100747805 -8 -9.8999999999999986 0 0 1 1 0 -0 -0 1 0 1.7721988052036459 1.55
3 6.5240580418427703 -8 -9.8999999999999986 0 0 1 1 0 -0 -0 1 0 1.7897858344878399 1.55
3 6.4177938821096534 -8 -9.8999999999999986 0 0 1 1 0 -0 -0 1 0 1.8082817656837622 1.55
3 9.9291032758613476 -8 -3.7123395958667569 0.93667218924839779 0 -0.35020738125946732 0.35020738125946732 0 0.93667218924839779 0 -1 0 177.61917089420362 1.55
3 9.862801765879345 -8 -3.8850609344935574 0.93041756798202335 0 -0.36650122672430058 0.36650122672430052 0 0.93041756798202324 0 -1 0 177.61917089420078 1.55
3 9.7934959509365136 -8 -4.0565988459238618 0.92387953251128763 0 -0.38268343236508789 0.38268343236508789 0 0.92387953251128763 0 -1 0 177.61917089420191 1.55
3 9.7212069422552023 -8 -4.2269010780487815 0.91706007438512416 0 -0.39874906892524603 0.39874906892524603 0 0.91706007438512416 0 -1 0 177.61917089420248 1.55
3 9.6459567597679161 -8 -4.395915755158228 0.90996127087654277 0 -0.41469324265624002 0.41469324265624002 0 0.90996127087654277 0 -1 0 177.61917089420248 1.55
3 9.5677683254090873 -8 -4.5635913937445469 0.90258528434986018 0 -0.43051109680829619 0.43051109680829619 0 0.90258528434986018 0 -1 0 177.61917089420191 1.55
3 9.4866654561332595 -8 -4.7298769181838818 0.89493436160202711 0 -0.44619781310980478 0.44619781310980478 0 0.89493436160202711 0 -1 0 177.61917089419967 1.55
3 9.4026728566601125 -8 -4.894721676294564 0.88701083317822016 0 -0.46174861323503702 0.46174861323503702 0 0.88701083317822016 0 -1 0 177.61917089420305 1.55
3 9.3158161119491218 -8 -5.0580754547663531 0.87881711266196627 0 -0.47715876025960691 0.47715876025960691 0 0.87881711266196627 0 -1 0 177.61917089420135 1.55
3 9.2261216794060985 -8 -5.2198884944559403 0.87035569593990181 0 -0.49242356010346339 0.49242356010346339 0 0.87035569593990181 0 -1 0 177.61917089420078 1.55
3 9.133616880824075 -8 -5.3801115055439297 0.86162916044152293 0 -0.50753836296070898 0.50753836296070898 0 0.86162916044152293 0 -1 0 177.61917089420362 1.55
Polygon3D 0
PolygonOnTriangulations 0
Surfaces 125
10 3.1415926535897918 9.4247779607693776 -2e+100 2e+100
2 -18 0 -10 0 0 1 1 0 -0 -0 1 0 26.5
2 -18 0 -10 0 0 1 1 0 -0 -0 1 0 26.5
2 0 0 -0.050000000000000003 0 0 1 1 0 -0 -0 1 0 1.55
1 5.5999999999999996 -7.7999999999999998 -9.8999999999999986 0 0 1 1 0 -0 -0 1 0 
2 5.5999999999999996 -7.7999999999999998 -13.1 0 0 1 1 0 -0 -0 1 0 2.8500000000000001
1 -18 0 -10 0 0 1 1 0 -0 -0 1 0 
2 6.7999999999999998 -5 -8.5 0 1 0 0 -0 1 1 0 -0 2.8500000000000001
10 3.2091005503225749 9.4922858575021607 -2e+100 2e+100
2 6.7999999999999998 -5 -8.5 0 1 0 0 -0 1 1 0 -0 2.8500000000000001
1 -1.0999999999999996 5 -10.9 0 1 0 0 0 1 1 0 0 
2 6.7999999999999998 3 -8.5 0 1 0 0 -0 1 1 0 -0 1.6499999999999999
10 3.152323835730019 9.4355091429096056 -2e+100 2e+100
2 6.7999999999999998 3 -8.5 0 1 0 0 -0 1 1 0 -0 1.6499999999999999
1 0 0 8.0499999999999989 0 0 1 1 0 -0 -0 1 0 
1 45.992585991650778 17.146761738041999 -10.199999999999999 0.25881904510252074 -0.96592582628906831 0 -0.96592582628906831 -0.25881904510252074 0 0 -0 -1 
2 6 -7.2000000000000002 9 0 1 0 0 -0 1 1 0 -0 2.1800000000000002
1 6 6.2000000000000002 9 0 1 0 0 -0 1 1 0 -0 
2 6 5 9 0 1 0 0 -0 1 1 0 -0 2.6200000000000001
1 6 5 9 0 1 0 0 -0 1 1 0 -0 
1 6 4.5999999999999996 9 0 1 0 0 -0 1 1 0 -0 
2 6 2.7000000000000002 9 0 1 0 0 -0 1 1 0 -0 4.2000000000000002
10 3.7295952571373605 10.012780564316946 -2e+100 2e+100
2 6 2.7000000000000002 9 0 1 0 0 -0 1 1 0 -0 4.2000000000000002
1 2.5 3.5 -2 0 1 0 0 0 1 1 0 0 
1 2.5 -3.5 -2 0 0 1 1 0 0 0 1 0 
1 2.5 -3.5 -2 0 1 0 0 0 1 1 0 0 
2 6 -4.5999999999999996 9 0 1 0 0 -0 1 1 0 -0 4.2000000000000002
10 3.7295952571373605 10.012780564316946 -2e+100 2e+100
2 6 -4.5999999999999996 9 0 1 0 0 -0 1 1 0 -0 4.2000000000000002
1 6 -4.5999999999999996 9 0 1 0 0 -0 1 1 0 -0 
1 6 -5.7999999999999998 9 0 1 0 0 -0 1 1 0 -0 
2 6 -7.5999999999999996 9 0 1 0 0 -0 1 1 0 -0 3.2000000000000002
1 -18 0 -10.199999999999999 0.25881904510252074 0.96592582628906831 -0 0.96592582628906831 -0.25881904510252074 0 0 -0 -1 
1 5.5999999999999996 -7 -10 1 0 0 0 0 1 0 -1 0 
2 0 -5.7999999999999998 0 0 -1 0 0 -0 -1 1 0 0 6.0999999999999996
2 0 -5.7999999999999998 0 0 -1 0 0 -0 -1 1 0 0 6.0999999999999996
1 5.5999999999999996 -7.7999999999999998 -1.8000000000000003 0 0 1 1 0 -0 -0 1 0 
2 5.5999999999999996 -7.7999999999999998 -5.2000000000000002 0 0 1 1 0 -0 -0 1 0 1.6499999999999999
1 5.5999999999999996 -7.7999999999999998 -5.2000000000000002 0 0 1 1 0 -0 -0 1 0 
2 0 0 4.9500000000000002 0 0 1 1 0 -0 -0 1 0 1.55
1 0 0 4.9500000000000002 0 0 1 1 0 -0 -0 1 0 
2 0 -5.7999999999999998 0 0 1 0 0 -0 1 1 0 -0 6.2000000000000002
1 0 -5.7999999999999998 0 0 1 0 0 -0 1 1 0 -0 
1 0 -5.7999999999999998 0 0 1 0 0 -0 1 1 0 -0 
1 1.7999999999999998 -2.1000000000000001 -6.2000000000000002 0 1 0 0 0 1 1 0 0 
1 1.7999999999999998 -2.1000000000000001 -2.7999999999999998 0 0 1 1 0 0 0 1 0 
1 1.7999999999999998 2.1000000000000001 -6.2000000000000002 0 1 0 0 0 1 1 0 0 
1 -1.0999999999999996 -5 -6.0999999999999996 0 0 1 1 0 0 0 1 0 
1 5.8499999999999996 7.7999999999999998 -5.2000000000000002 0 0 1 1 0 -0 -0 1 0 
2 5.8499999999999996 7.7999999999999998 -5.2000000000000002 0 0 1 1 0 -0 -0 1 0 1.6499999999999999
2 0 5.7999999999999998 0 0 1 0 0 -0 1 1 0 -0 6.0999999999999996
2 0 5.7999999999999998 0 0 1 0 0 -0 1 1 0 -0 6.0999999999999996
1 0 5.7999999999999998 0 0 1 0 0 -0 1 1 0 -0 
1 0 5.7999999999999998 0 0 1 0 0 -0 1 1 0 -0 
1 1.7 5 -8.1999999999999993 1 0 0 0 0 1 0 -1 0 
1 0 5.7999999999999998 0 0 1 0 0 -0 1 1 0 -0 
1 0.69999999999999996 5 -8.1999999999999993 1 0 0 0 0 1 0 -1 0 
1 0 5.7999999999999998 0 0 1 0 0 -0 1 1 0 -0 
2 0 -6.0999999999999996 0 0 1 0 0 -0 1 1 0 -0 4.1799999999999997
2 0 -7 0 0 1 0 0 -0 1 1 0 -0 4.1799999999999997
1 0 -5.7999999999999998 0 0 -1 0 0 -0 -1 1 0 0 
1 0 -5.7999999999999998 0 0 -1 0 0 -0 -1 1 0 0 
2 0 -3.6499999999999999 0 0.55470019622522915 0 0.83205029433784372 0.83205029433784372 0 -0.55470019622522915 -0 1 0 1
1 1.7999999999999998 -2.1000000000000001 -6.2000000000000002 1 0 0 0 0 1 0 -1 0 
2 0 3.6499999999999999 0 0.55470019622522915 0 0.83205029433784372 0.83205029433784372 0 -0.55470019622522915 -0 1 0 1
2 1.2 -5 -8.5 0 1 0 0 -0 1 1 0 -0 2.8500000000000001
10 3.0272882689940892 9.3104735761736759 -2e+100 2e+100
2 1.2 -5 -8.5 0 1 0 0 -0 1 1 0 -0 2.8500000000000001
1 1.2 -1.6000000000000001 -8.5 0 1 0 0 -0 1 1 0 -0 
1 1.2 -5 -8.5 0 1 0 0 -0 1 1 0 -0 
1 -1.0999999999999996 -5 -10.9 0 1 0 0 0 1 1 0 0 
1 -1.0999999999999996 -5 -10.9 1 0 0 0 0 1 0 -1 0 
1 0.69999999999999996 5 -8.1999999999999993 0 1 0 0 0 1 1 0 0 
1 0.69999999999999996 5 -8.1999999999999993 0 1 0 0 0 1 1 0 0 
2 1.2 3.2000000000000002 -8.5 0 1 0 0 -0 1 1 0 -0 1.6000000000000001
1 0.69999999999999996 6 -8.1999999999999993 0 1 0 0 0 1 1 0 0 
1 1.2 3.2000000000000002 -8.5 0 1 0 0 -0 1 1 0 -0 
1 1.2 6.3000000000000007 -8.5 0 1 0 0 -0 1 1 0 -0 
2 1.2 3 -8.5 0 1 0 0 -0 1 1 0 -0 1.25
2 1.2 3 -8.5 0 1 0 0 -0 1 1 0 -0 1.25
2 6 2.4000000000000004 9 0 1 0 0 -0 1 1 0 -0 2.1800000000000002
1 6 2.7000000000000002 9 0 1 0 0 -0 1 1 0 -0 
1 -13.6 -7 40 0 0 1 1 0 0 0 1 0 
1 -18 0 -10.199999999999999 0.25881904510252074 0.96592582628906831 -0 0.96592582628906831 -0.25881904510252074 0 0 -0 -1 
10 3.3885797180698818 9.6717650252494671 -2e+100 2e+100
2 6 -7.5999999999999996 9 0 1 0 0 -0 1 1 0 -0 3.2000000000000002
1 2.5 -3.5 20 0 0 1 1 0 0 0 1 0 
10 3.5063646705398179 9.7895499777194033 -2e+100 2e+100
2 6 5 9 0 1 0 0 -0 1 1 0 -0 2.6200000000000001
10 3.5208988498295852 9.8040841570091715 -2e+100 2e+100
2 6 -7.2000000000000002 9 0 1 0 0 -0 1 1 0 -0 2.1800000000000002
1 45.992585991650778 17.146761738041999 -10.199999999999999 0.25881904510252074 -0.96592582628906831 0 -0.96592582628906831 -0.25881904510252074 0 0 -0 -1 
1 -18 0 378.20600000000002 0 0 1 1 0 -0 -0 1 0 
1 45.992585991650778 17.146761738041999 41.799999999999997 0.25881904510252074 -0.96592582628906831 0 -0.96592582628906831 -0.25881904510252074 0 0 -0 -1 
2 -18 0 41.799999999999997 0 0 1 1 0 -0 -0 1 0 24
10 3.1415926535897931 9.4247779607693793 -2e+100 2e+100
2 -18 0 41.799999999999997 0 0 1 1 0 -0 -0 1 0 24
1 -18 0 72 0 0 1 1 0 -0 -0 1 0 
1 45.992585991650778 17.146761738041999 14.800000000000001 0.25881904510252074 -0.96592582628906831 0 -0.96592582628906831 -0.25881904510252074 0 0 -0 -1 
2 -18 0 14.800000000000001 0 0 1 1 0 -0 -0 1 0 22.199999999999999
10 3.1415926535897931 9.4247779607693793 -2e+100 2e+100
2 -18 0 14.800000000000001 0 0 1 1 0 -0 -0 1 0 22.199999999999999
1 -18 0 57 0 0 1 1 0 -0 -0 1 0 
2 -18 0 -10.199999999999999 0 0 1 1 0 -0 -0 1 0 18.800000000000001
10 3.1415926535897931 9.4247779607693793 -2e+100 2e+100
2 -18 0 -10.199999999999999 0 0 1 1 0 -0 -0 1 0 18.800000000000001
10 3.1415926535897931 9.4247779607693793 -2e+100 2e+100
2 -18 0 -10 0 0 1 1 0 -0 -0 1 0 26.5
1 -18 0 14.800000000000001 0.25881904510252074 0.96592582628906831 -0 0.96592582628906831 -0.25881904510252074 0 0 -0 -1 
1 -18 0 41.799999999999997 0.25881904510252074 0.96592582628906831 -0 0.96592582628906831 -0.25881904510252074 0 0 -0 -1 
1 1.1499999999999999 -1.8 372.40600000000001 0 1 0 0 0 1 1 0 0 
1 1.1499999999999999 1.8 372.40600000000001 0 1 0 0 0 1 1 0 0 
1 1.1499999999999999 -1.8 372.40600000000001 0 0 1 1 0 0 0 1 0 
1 1.1499999999999999 -1.8 377.00600000000003 0 0 1 1 0 0 0 1 0 
1 1.1499999999999999 -1.8 372.40600000000001 1 0 0 0 0 1 0 -1 0 
2 6 -4.8999999999999995 9 0 1 0 0 -0 1 1 0 -0 2.1800000000000002
1 6 -2.6999999999999997 9 0 1 0 0 -0 1 1 0 -0 
1 5.8499999999999996 7.7999999999999998 -1.8000000000000003 0 0 1 1 0 -0 -0 1 0 
1 6.2000000000000002 -2.1000000000000001 -6.2000000000000002 1 0 0 0 0 1 0 -1 0 
1 6.7999999999999998 -1.6000000000000001 -8.5 0 1 0 0 -0 1 1 0 -0 
2 6.7999999999999998 3 -8.5 0 1 0 0 -0 1 1 0 -0 1.25
10 3.1040348539230656 9.3872201611026522 -2e+100 2e+100
2 6.7999999999999998 3 -8.5 0 1 0 0 -0 1 1 0 -0 1.25
1 6.7999999999999998 6.5 -8.5 0 1 0 0 -0 1 1 0 -0 
1 6.2999999999999998 5 -8.1999999999999993 1 0 0 0 0 1 0 -1 0 
1 7.2999999999999998 5 -8.1999999999999993 1 0 0 0 0 1 0 -1 0 
1 6.2999999999999998 6 -8.1999999999999993 0 1 0 0 0 1 1 0 0 
2 6.7999999999999998 3.2000000000000002 -8.5 0 1 0 0 -0 1 1 0 -0 1.6000000000000001
1 6.2999999999999998 5 -8.1999999999999993 0 1 0 0 0 1 1 0 0 
1 6.7999999999999998 3.2000000000000002 -8.5 0 1 0 0 -0 1 1 0 -0 
1 6.7999999999999998 6.3000000000000007 -8.5 0 1 0 0 -0 1 1 0 -0 
1 5.8499999999999996 7.7999999999999998 -9.8999999999999986 0 0 1 1 0 -0 -0 1 0 
2 5.8499999999999996 7.7999999999999998 -13.1 0 0 1 1 0 -0 -0 1 0 2.8500000000000001
2 6.7999999999999998 3 -8.5 0 1 0 0 -0 1 1 0 -0 1.25
2 6.7999999999999998 3 -8.5 0 1 0 0 -0 1 1 0 -0 1.25
1 -1.0999999999999996 5 -10.9 0 1 0 0 0 1 1 0 0 
1 6.7999999999999998 -5 -8.5 0 1 0 0 -0 1 1 0 -0 
1 6.7999999999999998 -5 -8.5 0 1 0 0 -0 1 1 0 -0 
Triangulations 0

TShapes 1429
Ve
1.90015369294999e-07
7.70301503588171 -6.45019518482618 -7.80879167347686
0 0

0101101
*
Ve
1.46277582440078e-07
7.70302375426372 -6.45016044796597 -7.71771734817097
0 0

0101101
*
Ed
 1e-07 1 1 0
1  1 0 0.577077714358296 0.60133019835318
2  1 2 0 0.577077714358296 0.60133019835318
2  2 3 10 0.577077714358296 0.60133019835318
2  3 1 0 0.577077714358296 0.60133019835318
0

0101000
+1429 0 -1428 0 *
Ve
1.09416157428431e-07
7.7030050342993 -6.45023504084389 -7.91198806984134
0 0

0101101
*
Ed
 1e-07 1 1 0
1  2 0 0.519879398854133 0.545702554227885
2  4 2 0 0.519879398854133 0.545702554227885
2  5 3 15 0.519879398854133 0.545702554227885
2  6 1 0 0.519879398854133 0.545702554227885
0

0101000
+1426 0 -1429 0 *
Ve
1.03725639612238e-07
7.70299358107834 -6.4502806782285 -8.02852503521021
0 0

0101101
*
Ed
 1e-07 1 1 0
1  3 0 0.487966933641757 0.517030574545735
2  7 2 0 0.487966933641757 0.517030574545735
2  8 3 20 0.487966933641757 0.517030574545735
2  9 1 0 0.487966933641757 0.517030574545735
0

0101000
+1424 0 -1426 0 *
Ve
1.03937586179421e-07
7.70298047851053 -6.45033288798677 -8.15980035570756
0 0

0101101
*
Ed
 1e-07 1 1 0
1  4 0 0.462084860238357 0.495347561854694
2  10 2 0 0.462084860238357 0.495347561854694
2  11 3 25 0.462084860238357 0.495347561854694
2  12 1 0 0.462084860238357 0.495347561854694
0

0101000
+1422 0 -1424 0 *
Ve
1.06168991027307e-07
7.70296548935552 -6.45039261400158 -8.30742558255512
0 0

0101101
*
Ed
 1e-07 1 1 0
1  5 0 0.432513197338717 0.470627630888801
2  13 2 0 0.432513197338717 0.470627630888801
2  14 3 30 0.432513197338717 0.470627630888801
2  15 1 0 0.432513197338717 0.470627630888801
0

0101000
+1420 0 -1422 0 *
Ve
1.22336327310892e-07
7.70294833142045 -6.45046099079102 -8.47326776372521
0 0

0101101
*
Ed
 1e-07 1 1 0
1  6 0 0.398920921663455 0.442606517676837
2  16 2 0 0.398920921663455 0.442606517676837
2  17 3 35 0.398920921663455 0.442606517676837
2  18 1 0 0.398920921663455 0.442606517676837
0

0101000
+1418 0 -1420 0 *
Ve
1.27456715634414e-07
7.70292865597059 -6.4505393892909 -8.65950174602627
0 0

0101101
*
Ed
 1e-07 1 1 0
1  7 0 0.359354674374049 0.409668291378958
2  19 2 0 0.359354674374049 0.409668291378958
2  20 3 40 0.359354674374049 0.409668291378958
2  21 1 0 0.359354674374049 0.409668291378958
0

0101000
+1416 0 -1418 0 *
Ve
3.02302435633463e-07
7.70290605103712 -6.45062947263909 -8.86867609861363
0 0

0101101
*
Ed
 1e-07 1 1 0
1  8 0 0.311644370072287 0.369259913093264
2  22 2 0 0.311644370072287 0.369259913093264
2  23 3 45 0.311644370072287 0.369259913093264
2  24 1 0 0.311644370072287 0.369259913093264
0

0101000
+1414 0 -1416 0 *
Ve
4.08025040029086e-07
7.70287999180329 -6.45073330846501 -9.10379331389075
0 0

0101101
*
Ed
 1e-07 1 1 0
1  9 0 0.255722140596397 0.32282808042494
2  25 2 0 0.255722140596397 0.32282808042494
2  26 3 50 0.255722140596397 0.32282808042494
2  27 1 0 0.255722140596397 0.32282808042494
0

0101000
+1412 0 -1414 0 *
Ve
1.04288254558328e-07
7.70284983708565 -6.45085345149154 -9.36841836495575
0 0

0101101
*
Ed
 1.01740520445926e-07 1 1 0
1  10 0 0.18767894396487 0.266742201562442
2  28 2 0 0.18767894396487 0.266742201562442
2  29 3 55 0.18767894396487 0.266742201562442
2  30 1 0 0.18767894396487 0.266742201562442
0

0101000
+1410 0 -1412 0 *
Ve
1.36724888640725e-07
7.70281479899844 -6.45099305640773 -9.66681852150542
0 0

0101101
*
Ed
 1e-07 1 1 0
1  11 0 0.104446176560386 0.197930890124505
2  31 2 0 0.104446176560386 0.197930890124505
2  32 3 60 0.104446176560386 0.197930890124505
2  33 1 0 0.104446176560386 0.197930890124505
0

0101000
+1408 0 -1410 0 *
Ve
1.00051380951958e-07
7.7030155596616 -6.45019310872113 -9.9
0 0

0101101
*
Ed
 1e-07 1 1 0
1  12 0 0.0332147932374568 0.110923906853658
2  34 2 0 0.0332147932374568 0.110923906853658
2  35 3 65 0.0332147932374568 0.110923906853658
2  36 1 0 0.0332147932374568 0.110923906853658
0

0101000
+1406 0 -1408 0 *
Ve
1.00000040507168e-07
7.81133437339578 -6.00208445998198 -9.9
0 0

0101101
*
Ed
 1e-07 1 1 0
1  13 0 6.03731194488303 6.05470893610558
2  37 2 0 6.03731194488303 6.05470893610558
2  38 4 0 6.03731194488303 6.05470893610558
2  39 1 0 6.03731194488303 6.05470893610558
0

0101000
+1406 0 -1404 0 *
Ve
1.00000058592855e-07
7.81133437339579 -6.00208445998195 -10
0 0

0101101
*
Ed
 1e-07 1 1 0
1  14 0 0 0.100000000000001
2  40 2 0 0 0.100000000000001
2  41 5 0 0 0.100000000000001
2  42 1 0 0 0.100000000000001
0

0101000
+1402 0 -1404 0 *
Ve
1.50000003552714e-07
8.02402735934621 -5 -10
0 0

0101101
*
Ed
 1e-07 1 1 0
1  15 0 6.05470893610558 6.09336824583487
2  43 2 0 6.05470893610558 6.09336824583487
2  44 6 0 6.05470893610558 6.09336824583487
2  45 1 0 6.05470893610558 6.09336824583487
0

0101000
+1402 0 -1400 0 *
Ve
1.00000004782987e-07
8.02402735934621 -5 -5.92623679730012
0 0

0101101
*
Ed
 1e-07 1 1 0
1  16 0 0 4.07376320269988
2  46 1 0 0 4.07376320269988
0

0101000
+1400 0 -1398 0 *
Ve
1.29367157789412e-07
8.33704261489396 -2.93431189570218 -6.1
0 0

0101101
*
Ed
 1e-07 1 1 0
1  17 0 1.77783497434291e-07 0.609053210551393
2  47 2 0 1.77783497434291e-07 0.609053210551393
2  48 7 0 1.77783497434291e-07 0.609053210551393
2  49 1 0 1.77783497434291e-07 0.609053210551393
2  50 8 0 1.77783497434291e-07 0.609053210551393
0

0101000
+1398 0 -1396 0 *
Ve
1.00000001776357e-07
8.02402735934621 5 -6.1
0 0

0101101
*
Ed
 1e-07 1 1 0
1  18 0 0 0.300773341290492
2  51 1 0 0 0.300773341290492
0

0101000
+1396 0 -1394 0 *
Ve
1.02258015102344e-07
8.02402735934621 5 -7.39353851238646
0 0

0101101
*
Ed
 1e-07 1 1 0
1  19 0 2.60646148761354 3.9
2  52 2 0 2.60646148761354 3.9
2  53 9 66 2.60646148761354 3.9
2  54 1 0 2.60646148761354 3.9
0

0101000
+1392 0 -1394 0 *
Ve
1.04095758983379e-07
7.69943835765545 6.46443099593754 -7.11670298432946
0 0

0101101
*
Ed
 1e-07 1 1 0
1  20 0 0.0101039733208325 0.426456872446569
2  55 2 0 0.0101039733208325 0.426456872446569
2  56 10 0 0.0101039733208325 0.426456872446569
2  57 1 0 0.0101039733208325 0.426456872446569
2  58 11 0 0.0101039733208325 0.426456872446569
0

0101000
+1390 0 -1392 0 *
Ve
1.00000005178926e-07
7.69909010920528 6.46581530504446 -7.10004535608739
0 0

0101101
*
Ed
 1e-07 1 1 0
1  21 0 2.53444933728965e-06 0.0567742944876806
2  59 2 0 2.53444933728965e-06 0.0567742944876806
2  60 3 71 2.53444933728965e-06 0.0567742944876806
2  61 1 0 2.53444933728965e-06 0.0567742944876806
0

0101000
+1388 0 -1390 0 *
Ve
1.0830871957085e-07
7.6980385180258 6.46999353369555 -7.0993090240164
0 0

0101101
*
Ed
 1e-07 1 1 0
1  22 0 3.38807385852778 3.38823644460033
2  62 2 0 3.38807385852778 3.38823644460033
2  63 12 71 3.38807385852778 3.38823644460033
2  64 1 0 3.38807385852778 3.38823644460033
0

0101000
+1388 0 -1386 0 *
Ve
1.00000009101121e-07
7.69125204947118 6.49688911176287 -6.87652014045555
0 0

0101101
*
Ed
 1e-07 1 1 0
1  23 0 1.43959039617301e-06 0.431257407427539
2  65 2 0 1.43959039617301e-06 0.431257407427539
2  66 3 76 1.43959039617301e-06 0.431257407427539
2  67 1 0 1.43959039617301e-06 0.431257407427539
0

0101000
+1384 0 -1386 0 *
Ve
1.04765465014e-07
7.68938115238656 6.50428289724597 -6.87525820443783
0 0

0101101
*
Ed
 1e-07 1 1 0
1  24 0 3.38928318314506 3.38957098751691
2  68 2 0 3.38928318314506 3.38957098751691
2  69 12 76 3.38928318314506 3.38957098751691
2  70 1 0 3.38928318314506 3.38957098751691
0

0101000
+1384 0 -1382 0 *
Ve
1.000000067056e-07
7.67900307159081 6.5451356937217 -6.65611151284841
0 0

0101101
*
Ed
 1e-07 1 1 0
1  25 0 1.01300784224107e-06 0.298108746001342
2  71 2 0 1.01300784224107e-06 0.298108746001342
2  72 3 81 1.01300784224107e-06 0.298108746001342
2  73 1 0 1.01300784224107e-06 0.298108746001342
0

0101000
+1380 0 -1382 0 *
Ve
1.00435366286371e-07
7.67616499376624 6.55626045950686 -6.65426844355904
0 0

0101101
*
Ed
 1e-07 1 1 0
1  26 0 3.39116156851259 3.39159481665607
2  74 2 0 3.39116156851259 3.39159481665607
2  75 12 81 3.39116156851259 3.39159481665607
2  76 1 0 3.39116156851259 3.39159481665607
0

0101000
+1380 0 -1378 0 *
Ve
1.00000010731901e-07
7.66178044177711 6.61233881149671 -6.43846154383176
0 0

0101101
*
Ed
 1e-07 1 1 0
1  27 0 7.89210918751865e-07 0.227723894950802
2  77 2 0 7.89210918751865e-07 0.227723894950802
2  78 3 86 7.89210918751865e-07 0.227723894950802
2  79 1 0 7.89210918751865e-07 0.227723894950802
0

0101000
+1376 0 -1378 0 *
Ve
1.12562877645689e-07
7.65772490743233 6.62805797911623 -6.43592736471409
0 0

0101101
*
Ed
 1e-07 1 1 0
1  28 0 3.39377949035931 3.39439209046217
2  80 2 0 3.39377949035931 3.39439209046217
2  81 12 86 3.39377949035931 3.39439209046217
2  82 1 0 3.39377949035931 3.39439209046217
0

0101000
+1376 0 -1374 0 *
Ve
1.00000011883017e-07
7.6384493226672 6.70223219002639 -6.22293014452992
0 0

0101101
*
Ed
 1e-07 1 1 0
1  29 0 6.57169369666216e-07 0.185114246022639
2  83 2 0 6.57169369666216e-07 0.185114246022639
2  84 3 88 6.57169369666216e-07 0.185114246022639
2  85 1 0 6.57169369666216e-07 0.185114246022639
0

0101000
+1372 0 -1374 0 *
Ve
1.15956974409788e-07
7.63271784929632 6.72411895034329 -6.21948632789236
0 0

0101101
*
Ed
 1e-07 1 1 0
1  30 0 3.39728408622311 3.39813785102679
2  86 2 0 3.39728408622311 3.39813785102679
2  87 12 88 3.39728408622311 3.39813785102679
2  88 1 0 3.39728408622311 3.39813785102679
0

0101000
+1372 0 -1370 0 *
Ve
1.01075856787367e-07
7.60662290376593 6.82281931933786 -6.00826653484419
0 0

0101101
*
Ed
 1.0107585110025e-07 1 1 0
1  31 0 5.77711844139711e-07 0.157914018698039
2  89 2 0 5.77711844139711e-07 0.157914018698039
2  90 3 90 5.77711844139711e-07 0.157914018698039
2  91 1 0 5.77711844139711e-07 0.157914018698039
0

0101000
+1368 0 -1370 0 *
Ve
1.00188869298871e-07
7.59822400702792 6.85426346780014 -6.0034174295516
0 0

0101101
*
Ed
 1e-07 1 1 0
1  32 0 3.40199036924693 3.40321853987556
2  92 2 0 3.40199036924693 3.40321853987556
2  93 12 90 3.40199036924693 3.40321853987556
2  94 1 0 3.40199036924693 3.40321853987556
0

0101000
+1368 0 -1366 0 *
Ve
1.00000003768222e-07
7.59703439666031 6.8587046952168 -5.99555214841129
0 0

0101101
*
Ed
 1e-07 1 1 0
1  33 0 0 0.00599129224214746
2  95 2 0 0 0.00599129224214746
2  96 3 92 0 0.00599129224214746
2  97 1 0 0 0.00599129224214746
0

0101000
+1364 0 -1366 0 *
Ve
1.000000076404e-07
7.59703439666031 6.8587046952168 7.5161263073011
0 0

0101101
*
Ed
 1e-07 1 1 0
1  34 0 4.00444785158871 17.5161263073011
2  98 2 0 4.00444785158871 17.5161263073011
2  99 13 0 4.00444785158871 17.5161263073011
2  100 1 0 4.00444785158871 17.5161263073011
0

0101000
+1364 0 -1362 0 *
Ve
1.13791378705719e-07
7.76451046089065 6.2 7.71980361029378
0 0

0101101
*
Ed
 1e-07 1 1 0
1  35 0 0.895279585343839 1
2  101 2 0 0.895279585343839 1
2  102 14 0 0.895279585343839 1
2  103 1 0 0.895279585343839 1
0

0101000
+1360 0 -1362 0 *
Ve
1.00000003202373e-07
7.76451047468203 6.2 7.06327524290688
0 0

0101101
*
Ed
 1e-07 1 1 0
1  36 0 17.0632752429069 17.7198036102938
2  104 2 0 17.0632752429069 17.7198036102938
2  105 15 0 17.0632752429069 17.7198036102938
2  106 1 0 17.0632752429069 17.7198036102938
0

0101000
+1358 0 -1360 0 *
Ve
1.00000002808667e-07
8.02402735934621 5 7.33635543200538
0 0

0101101
*
Ed
 1e-07 1 1 0
1  37 0 4.99342695775691e-07 0.999999499447922
2  107 2 0 4.99342695775691e-07 0.999999499447922
2  108 16 0 4.99342695775691e-07 0.999999499447922
2  109 1 0 4.99342695775691e-07 0.999999499447922
0

0101000
+1356 0 -1358 0 *
Ve
1.01115600056779e-07
8.02402736046181 5 8.19023877081068
0 0

0101101
*
Ed
 1e-07 1 1 0
1  38 0 17.3363554320054 18.1902387708107
2  110 2 0 17.3363554320054 18.1902387708107
2  111 17 0 17.3363554320054 18.1902387708107
2  112 1 0 17.3363554320054 18.1902387708107
0

0101000
+1356 0 -1354 0 *
Ve
2.10667026214702e-07
8.09770104817664 4.6 8.40666172171464
0 0

0101101
*
Ed
 1e-07 1 1 0
1  35 0 0.627861028131922 0.698348330970437
2  101 2 0 0.627861028131922 0.698348330970437
2  102 14 0 0.627861028131922 0.698348330970437
2  113 1 0 0.627861028131922 0.698348330970437
0

0101000
+1352 0 -1354 0 *
Ve
1.00000000888178e-07
8.09770104817664 4.6 5.3613669719964
0 0

0101101
*
Ed
 1e-07 1 1 0
1  39 0 15.3613669719964 18.4066617217146
2  114 2 0 15.3613669719964 18.4066617217146
2  115 18 0 15.3613669719964 18.4066617217146
2  116 1 0 15.3613669719964 18.4066617217146
0

0101000
+1350 0 -1352 0 *
Ve
1.00291839838405e-07
8.2678510731274 3.5 5.46491138581861
0 0

0101101
*
Ed
 1e-07 1 1 0
1  40 0 0.420069186057751 0.999999682846987
2  117 2 0 0.420069186057751 0.999999682846987
2  118 19 0 0.420069186057751 0.999999682846987
2  119 1 0 0.420069186057751 0.999999682846987
2  120 20 0 0.420069186057751 0.999999682846987
0

0101000
+1348 0 -1350 0 *
Ve
1.00000001986027e-07
8.26785107312739 3.5 -2
0 0

0101101
*
Ed
 1e-07 1 1 0
1  41 0 8 15.4649113858186
2  121 2 0 8 15.4649113858186
2  122 21 93 8 15.4649113858186
2  123 1 0 8 15.4649113858186
0

0101000
+1346 0 -1348 0 *
Ve
1.00000007755685e-07
8.26785107312739 -3.5 -2
0 0

0101101
*
Ed
 1e-07 1 1 0
1  42 0 0 0.264925006915216
2  124 1 0 0 0.264925006915216
2  125 22 93 0 0.264925006915216
0

0101000
+1346 0 -1344 0 *
Ve
1.002918391546e-07
8.2678510731274 -3.5 5.46491138581861
0 0

0101101
*
Ed
 1e-07 1 1 0
1  43 0 8 15.4649113858186
2  126 2 0 8 15.4649113858186
2  127 23 93 8 15.4649113858186
2  128 1 0 8 15.4649113858186
0

0101000
+1344 0 -1342 0 *
Ve
1.00000006466036e-07
8.09770104817664 -4.6 5.3613669719964
0 0

0101101
*
Ed
 1e-07 1 1 0
1  44 0 0.420069186057876 0.999999682846998
2  129 2 0 0.420069186057876 0.999999682846998
2  130 24 0 0.420069186057876 0.999999682846998
2  131 1 0 0.420069186057876 0.999999682846998
2  132 25 0 0.420069186057876 0.999999682846998
0

0101000
+1342 0 -1340 0 *
Ve
2.10672210019446e-07
8.09770104817664 -4.6 8.40666172171464
0 0

0101101
*
Ed
 1e-07 1 1 0
1  45 0 15.3613669719964 18.4066617217146
2  133 2 0 15.3613669719964 18.4066617217146
2  134 26 0 15.3613669719964 18.4066617217146
2  135 1 0 15.3613669719964 18.4066617217146
0

0101000
+1340 0 -1338 0 *
Ve
1.07907386745387e-07
7.85749408602718 -5.8 7.85889713736634
0 0

0101101
*
Ed
 1e-07 1 1 0
1  46 0 0.627861026939346 0.830990494242807
2  136 2 0 0.627861026939346 0.830990494242807
2  137 14 0 0.627861026939346 0.830990494242807
2  138 1 0 0.627861026939346 0.830990494242807
0

0101000
+1338 0 -1336 0 *
Ve
1.00000003323259e-07
7.85749407811979 -5.8 6.39429169902886
0 0

0101101
*
Ed
 1e-07 1 1 0
1  47 0 16.3942916990289 17.8588971373663
2  139 2 0 16.3942916990289 17.8588971373663
2  140 27 0 16.3942916990289 17.8588971373663
2  141 1 0 16.3942916990289 17.8588971373663
0

0101000
+1334 0 -1336 0 *
Ve
1.00000022765799e-07
7.59703439666031 -6.8587046952168 6.2270086303986
0 0

0101101
*
Ed
 1e-07 1 1 0
1  48 0 5.65373393994494e-07 1
2  142 2 0 5.65373393994494e-07 1
2  143 28 0 5.65373393994494e-07 1
2  144 1 0 5.65373393994494e-07 1
0

0101000
+1334 0 -1332 0 *
Ve
1.00000181955223e-07
7.59703439666031 -6.8587046952168 -5.99555214841129
0 0

0101101
*
Ed
 1e-07 1 1 0
1  49 0 4.00444785158871 16.2270086303986
2  145 2 0 4.00444785158871 16.2270086303986
2  146 29 0 4.00444785158871 16.2270086303986
2  147 1 0 4.00444785158871 16.2270086303986
0

0101000
+1330 0 -1332 0 *
Ve
1.01365822437131e-07
7.59822400702792 -6.85426346780014 -6.0034174295516
0 0

0101101
*
Ed
 1e-07 1 1 0
1  3 0 0.997853485949648 1
2  7 2 0 0.997853485949648 1
2  8 3 20 0.997853485949648 1
2  148 1 0 0.997853485949648 1
0

0101000
+1328 0 -1330 0 *
Ve
1.00000017449937e-07
7.60662290376593 -6.82281931933786 -6.00826653484419
0 0

0101101
*
Ed
 1e-07 1 1 0
1  50 0 2.87996676730403 2.88119493793266
2  149 2 0 2.87996676730403 2.88119493793266
2  150 12 15 2.87996676730403 2.88119493793266
2  151 1 0 2.87996676730403 2.88119493793266
0

0101000
+1328 0 -1326 0 *
Ve
1.04082278286939e-07
7.63271784929632 -6.72411895034329 -6.21948632789236
0 0

0101101
*
Ed
 1e-07 1 1 0
1  2 0 0.943529855409556 0.999999795187226
2  4 2 0 0.943529855409556 0.999999795187226
2  5 3 15 0.943529855409556 0.999999795187226
2  152 1 0 0.943529855409556 0.999999795187226
0

0101000
+1324 0 -1326 0 *
Ve
1.00000007793734e-07
7.6384493226672 -6.70223219002639 -6.22293014452992
0 0

0101101
*
Ed
 1e-07 1 1 0
1  51 0 2.8850474561528 2.88590122095647
2  153 2 0 2.8850474561528 2.88590122095647
2  154 12 10 2.8850474561528 2.88590122095647
2  155 1 0 2.8850474561528 2.88590122095647
0

0101000
+1324 0 -1322 0 *
Ve
1.02247781345002e-07
7.65772490743233 -6.62805797911623 -6.43592736471409
0 0

0101101
*
Ed
 1e-07 1 1 0
1  1 0 0.941298452487014 0.999999792428498
2  1 2 0 0.941298452487014 0.999999792428498
2  2 3 10 0.941298452487014 0.999999792428498
2  156 1 0 0.941298452487014 0.999999792428498
0

0101000
+1320 0 -1322 0 *
Ve
1.00000006404746e-07
7.66178044177711 -6.61233881149671 -6.43846154383176
0 0

0101101
*
Ed
 1e-07 1 1 0
1  52 0 2.88879321671741 2.88940581682028
2  157 2 0 2.88879321671741 2.88940581682028
2  158 12 95 2.88879321671741 2.88940581682028
2  159 1 0 2.88879321671741 2.88940581682028
0

0101000
+1320 0 -1318 0 *
Ve
1.0196387537611e-07
7.67616499376624 -6.55626045950686 -6.65426844355904
0 0

0101101
*
Ed
 1e-07 1 1 0
1  53 0 0.935635695847386 0.99999977598181
2  160 2 0 0.935635695847386 0.99999977598181
2  161 3 95 0.935635695847386 0.99999977598181
2  162 1 0 0.935635695847386 0.99999977598181
0

0101000
+1316 0 -1318 0 *
Ve
1.00000006466036e-07
7.67900307159081 -6.5451356937217 -6.65611151284841
0 0

0101101
*
Ed
 1e-07 1 1 0
1  54 0 2.89159049052351 2.89202373866699
2  163 2 0 2.89159049052351 2.89202373866699
2  164 12 97 2.89159049052351 2.89202373866699
2  165 1 0 2.89159049052351 2.89202373866699
0

0101000
+1316 0 -1314 0 *
Ve
1.18542209100494e-07
7.68938115238656 -6.50428289724596 -6.87525820443783
0 0

0101101
*
Ed
 1e-07 1 1 0
1  55 0 0.928046118830335 0.999999754859728
2  166 2 0 0.928046118830335 0.999999754859728
2  167 3 97 0.928046118830335 0.999999754859728
2  168 1 0 0.928046118830335 0.999999754859728
0

0101000
+1312 0 -1314 0 *
Ve
1.03270370743331e-07
7.69125204947118 -6.49688911176287 -6.87652014045555
0 0

0101101
*
Ed
 1e-07 1 1 0
1  56 0 2.89361431966267 2.89390212403453
2  169 2 0 2.89361431966267 2.89390212403453
2  170 12 99 2.89361431966267 2.89390212403453
2  171 1 0 2.89361431966267 2.89390212403453
0

0101000
+1312 0 -1310 0 *
Ve
1.25645024027584e-07
7.6980385180258 -6.46999353369555 -7.0993090240164
0 0

0101101
*
Ed
 1.03270367420072e-07 1 1 0
1  57 0 0.918244711323 0.999999726707681
2  172 2 0 0.918244711323 0.999999726707681
2  173 3 99 0.918244711323 0.999999726707681
2  174 1 0 0.918244711323 0.999999726707681
0

0101000
+1308 0 -1310 0 *
Ve
1.00000004528839e-07
7.69909010920528 -6.46581530504446 -7.10004535608739
0 0

0101101
*
Ed
 1e-07 1 1 0
1  58 0 2.89494886257926 2.8951114486518
2  175 2 0 2.89494886257926 2.8951114486518
2  176 12 101 2.89494886257926 2.8951114486518
2  177 1 0 2.89494886257926 2.8951114486518
0

0101000
+1308 0 -1306 0 *
Ve
1.0048931608083e-07
7.70243442327372 -6.45250840505568 -7.3266413461805
0 0

0101101
*
Ed
 1e-07 1 1 0
1  59 0 0.905634837339359 0.999999690228269
2  178 2 0 0.905634837339359 0.999999690228269
2  179 3 101 0.905634837339359 0.999999690228269
2  180 1 0 0.905634837339359 0.999999690228269
0

0101000
+1304 0 -1306 0 *
Ve
1.00000009769963e-07
7.70275559185275 -6.4512289515628 -7.32687468881183
0 0

0101101
*
Ed
 1e-07 1 1 0
1  60 0 2.89562921149299 2.89567899064923
2  181 2 0 2.89562921149299 2.89567899064923
2  182 12 106 2.89562921149299 2.89567899064923
2  183 1 0 2.89562921149299 2.89567899064923
0

0101000
+1304 0 -1302 0 *
Ve
2.00001e-07
7.7030483182385 -6.45006258924854 -7.45515810416028
0 0

0101101
*
Ed
 1e-07 1 1 0
1  61 0 0.938257529158281 0.999999641542937
2  184 2 0 0.938257529158281 0.999999641542937
2  185 3 106 0.938257529158281 0.999999641542937
2  186 1 0 0.938257529158281 0.999999641542937
0

0101000
+1300 0 -1302 0 *
Ve
2.19735880513195e-07
7.70304351919236 -6.45008171604376 -7.50719771644212
0 0

0101101
*
Ed
 1e-07 1 1 0
1  59 0 0.830444659803047 0.85211886347281
2  178 2 0 0.830444659803047 0.85211886347281
2  179 3 101 0.830444659803047 0.85211886347281
2  187 1 0 0.830444659803047 0.85211886347281
0

0101000
+1298 0 -1300 0 *
Ve
8.32955172137033e-07
7.70303788642188 -6.45010414727567 -7.56780301847678
0 0

0101101
*
Ed
 1.03270367420072e-07 1 1 0
1  57 0 0.746755965127621 0.768961243094796
2  172 2 0 0.746755965127621 0.768961243094796
2  173 3 99 0.746755965127621 0.768961243094796
2  188 1 0 0.746755965127621 0.768961243094796
0

0101000
+1296 0 -1298 0 *
Ve
1.34397138224211e-07
7.70303133020682 -6.45013026553448 -7.63769934319501
0 0

0101101
*
Ed
 1e-07 1 1 0
1  55 0 0.679680577572759 0.702490128831761
2  166 2 0 0.679680577572759 0.702490128831761
2  167 3 97 0.679680577572759 0.702490128831761
2  189 1 0 0.679680577572759 0.702490128831761
0

0101000
+1294 0 -1296 0 *
Ed
 1e-07 1 1 0
1  53 0 0.624018824659301 0.647548405640858
2  160 2 0 0.624018824659301 0.647548405640858
2  161 3 95 0.624018824659301 0.647548405640858
2  190 1 0 0.624018824659301 0.647548405640858
0

0101000
+1428 0 -1294 0 *
Wi

0101100
-1427 0 -1425 0 -1423 0 -1421 0 -1419 0 -1417 0 -1415 0 -1413 0 -1411 0 -1409 0 
-1407 0 -1405 0 +1403 0 -1401 0 +1399 0 +1397 0 +1395 0 +1393 0 -1391 0 -1389 0 
-1387 0 +1385 0 -1383 0 +1381 0 -1379 0 +1377 0 -1375 0 +1373 0 -1371 0 +1369 0 
-1367 0 +1365 0 -1363 0 +1361 0 -1359 0 -1357 0 -1355 0 +1353 0 -1351 0 -1349 0 
-1347 0 -1345 0 +1343 0 +1341 0 +1339 0 +1337 0 +1335 0 -1333 0 +1331 0 -1329 0 
-1327 0 +1325 0 -1323 0 +1321 0 -1319 0 +1317 0 -1315 0 +1313 0 -1311 0 +1309 0 
-1307 0 +1305 0 -1303 0 +1301 0 -1299 0 -1297 0 -1295 0 -1293 0 -1292 0 *
Fa
0  0 1 0

0101000
+1291 0 *
Ve
1.00000047796874e-07
6.261786901532 -6.45061060274401 -9.9
0 0

0101101
*
Ed
 1e-07 1 1 0
1  62 0 4.68431895646786 4.69942416879192
2  191 3 97 4.68431895646786 4.69942416879192
2  192 3 95 4.68431895646786 4.69942416879192
0

0101000
+1289 0 -1294 0 *
Ve
1.00000080157795e-07
6.36571917100877 -6.45064285541312 -9.9
0 0

0101101
*
Ed
 1e-07 1 1 0
1  63 0 1.54199444838565 1.59886635071173
2  193 4 0 1.54199444838565 1.59886635071173
2  194 3 95 1.54199444838565 1.59886635071173
0

0101000
+1287 0 -1289 0 *
Ed
 1e-07 1 1 0
1  64 0 4.68358710197545 4.69800030203897
2  195 3 95 4.68358710197545 4.69800030203897
2  196 3 10 4.68358710197545 4.69800030203897
0

0101000
+1287 0 -1428 0 *
Wi

0101100
-1292 0 +1288 0 +1286 0 -1285 0 *
Fa
0  1e-07 3 95

0101000
+1284 0 *
Ve
1.00000048566389e-07
6.15938937967183 -6.45057934620158 -9.9
0 0

0101101
*
Ed
 1e-07 1 1 0
1  65 0 4.68504688721327 4.70079598484425
2  197 3 99 4.68504688721327 4.70079598484425
2  198 3 97 4.68504688721327 4.70079598484425
0

0101000
+1282 0 -1296 0 *
Ed
 1e-07 1 1 0
1  66 0 1.54272630287806 1.59813841996632
2  199 4 0 1.54272630287806 1.59813841996632
2  200 3 97 1.54272630287806 1.59813841996632
0

0101000
+1289 0 -1282 0 *
Wi

0101100
-1293 0 +1281 0 +1280 0 -1288 0 *
Fa
0  1e-07 3 97

0101000
+1279 0 *
Ve
1.00000035360211e-07
6.07375356680637 -6.45054282701163 -9.87782953030898
0 0

0101101
*
Ed
 1e-07 1 1 0
1  67 0 4.68592272192454 4.7021206158246
2  201 3 101 4.68592272192454 4.7021206158246
2  202 3 99 4.68592272192454 4.7021206158246
0

0101000
+1277 0 -1298 0 *
Ve
1.5e-07
6.0727708761411 -6.45027951584146 -9.9
0 0

0101101
*
Ed
 1e-07 1 1 0
1  68 0 3.37917467907849 3.38664945412222
2  203 29 0 3.37917467907849 3.38664945412222
2  204 3 99 3.37917467907849 3.38664945412222
0

0101000
+1275 0 -1277 0 *
Ed
 1e-07 1 1 0
1  69 0 1.54345423362348 1.58978781021128
2  205 4 0 1.54345423362348 1.58978781021128
2  206 3 99 1.54345423362348 1.58978781021128
0

0101000
+1282 0 -1275 0 *
Wi

0101100
-1295 0 +1276 0 +1274 0 +1273 0 -1281 0 *
Fa
0  1e-07 3 99

0101000
+1272 0 *
Ve
1.00000088216284e-07
6.0735047694713 -6.45047616196662 -9.73969409252751
0 0

0101101
*
Ed
 1e-07 1 1 0
1  70 0 4.68760120118435 4.70340234648357
2  207 3 106 4.68760120118435 4.70340234648357
2  208 3 101 4.68760120118435 4.70340234648357
0

0101000
+1270 0 -1300 0 *
Ed
 1e-07 1 1 0
1  71 0 3.33119126939296 3.38244530705345
2  209 29 0 3.33119126939296 3.38244530705345
2  210 3 101 3.33119126939296 3.38244530705345
0

0101000
+1277 0 -1270 0 *
Wi

0101100
-1297 0 +1269 0 +1268 0 -1276 0 *
Fa
0  1e-07 3 101

0101000
+1267 0 *
Ve
1.50000002664535e-07
7.05371358644194 -6.71312232288776 -6.855318069419
0 0

0101101
*
Ed
 1e-07 1 1 0
1  72 0 1.61062035904903 2.16204797045715
2  211 3 0 1.61062035904903 2.16204797045715
2  212 12 0 1.61062035904903 2.16204797045715
0

0101000
+1302 107 -1265 107 *
Ve
1.5e-07
6.9783517339568 -6.69292917537426 -7.01155513358371
0 0

0101101
*
Ed
 1e-07 1 1 0
1  73 0 3.92252040571823 3.94631684290166
2  213 29 0 3.92252040571823 3.94631684290166
2  214 3 106 3.92252040571823 3.94631684290166
0

0101000
+1263 0 -1265 0 *
Ve
1.00000674693557e-07
7.63339751539807 -6.45005472606709 -7.50516753519153
0 0

0101101
*
Ed
 1e-07 1 1 0
1  74 0 4.72079223544685 5.27984418686352
2  215 12 112 4.72079223544685 5.27984418686352
2  216 3 106 4.72079223544685 5.27984418686352
0

0101000
+1261 0 -1263 0 *
Ve
1.00000018820163e-07
6.07328063010606 -6.45041610400471 -9.61354449979213
0 0

0101101
*
Ed
 1e-07 1 1 0
1  75 0 4.68921717817941 4.70398572532209
2  217 3 112 4.68921717817941 4.70398572532209
2  218 3 106 4.68921717817941 4.70398572532209
0

0101000
+1259 0 -1261 0 *
Ed
 1e-07 1 1 0
1  73 0 3.33027742003907 3.37823700144469
2  213 29 0 3.33027742003907 3.37823700144469
2  214 3 106 3.33027742003907 3.37823700144469
0

0101000
+1270 0 -1259 0 *
Wi

0101100
-1264 106 +1262 0 +1260 0 +1258 0 +1257 0 -1269 0 -1299 0 *
Fa
0  1e-07 3 106

0101000
+1256 0 *
Ve
1.50000003323259e-07
6.96287283192225 -6.68878161607438 -6.99989094426444
0 0

0101101
*
Ed
 1e-07 1 1 0
1  72 0 1.56239307173187 2.13325348805731
2  211 3 0 1.56239307173187 2.13325348805731
2  212 12 0 1.56239307173187 2.13325348805731
0

0101000
+1261 113 -1254 113 *
Ve
1.5000000153837e-07
6.88642150244564 -6.66829654408084 -7.15688763902918
0 0

0101101
*
Ed
 1e-07 1 1 0
1  76 0 3.88957042314479 3.91486397544548
2  219 29 0 3.88957042314479 3.91486397544548
2  220 3 112 3.88957042314479 3.91486397544548
0

0101000
+1252 0 -1254 0 *
Ve
1.00000675881018e-07
7.50125167777921 -6.45005472606709 -7.63724561775991
0 0

0101101
*
Ed
 1e-07 1 1 0
1  77 0 4.72079223544686 5.24955258934642
2  221 12 118 4.72079223544686 5.24955258934642
2  222 3 112 4.72079223544686 5.24955258934642
0

0101000
+1250 0 -1252 0 *
Ve
1.0000013886862e-07
6.07307873651344 -6.45036200677961 -9.4984768316216
0 0

0101101
*
Ed
 1e-07 1 1 0
1  78 0 4.69077593558521 4.70398572532209
2  223 3 118 4.69077593558521 4.70398572532209
2  224 3 112 4.69077593558521 4.70398572532209
0

0101000
+1248 0 -1250 0 *
Ed
 1e-07 1 1 0
1  76 0 3.32923501197779 3.37401985898254
2  219 29 0 3.32923501197779 3.37401985898254
2  220 3 112 3.32923501197779 3.37401985898254
0

0101000
+1259 0 -1248 0 *
Wi

0101100
-1253 112 +1251 0 +1249 0 +1247 0 +1246 0 -1258 0 *
Fa
0  1e-07 3 112

0101000
+1245 0 *
Ve
1.50000001986027e-07
6.87135885620187 -6.66426052018394 -7.14511941002177
0 0

0101101
*
Ed
 1e-07 1 1 0
1  72 0 1.56239307173187 2.10284930053552
2  211 3 0 1.56239307173187 2.10284930053552
2  212 12 0 1.56239307173187 2.10284930053552
0

0101000
+1250 119 -1243 119 *
Ve
1.5e-07
6.79399915751463 -6.64353205139398 -7.30313543154611
0 0

0101101
*
Ed
 1e-07 1 1 0
1  79 0 3.85475298653999 3.88173597318217
2  225 29 0 3.85475298653999 3.88173597318217
2  226 3 118 3.85475298653999 3.88173597318217
0

0101000
+1241 0 -1243 0 *
Ve
1.00000671360079e-07
7.36682088623305 -6.45005472606709 -7.76699732132945
0 0

0101101
*
Ed
 1e-07 1 1 0
1  80 0 4.72079223544686 5.21745896748312
2  227 12 124 4.72079223544686 5.21745896748312
2  228 3 118 4.72079223544686 5.21745896748312
0

0101000
+1239 0 -1241 0 *
Ve
1.00000086678205e-07
6.07289698955927 -6.45031330783001 -9.39368260113593
0 0

0101101
*
Ed
 1e-07 1 1 0
1  81 0 4.69228222062868 4.70398572532209
2  229 3 124 4.69228222062868 4.70398572532209
2  230 3 118 4.69228222062868 4.70398572532209
0

0101000
+1237 0 -1239 0 *
Ed
 1e-07 1 1 0
1  79 0 3.32806995464208 3.36978975919755
2  225 29 0 3.32806995464208 3.36978975919755
2  226 3 118 3.32806995464208 3.36978975919755
0

0101000
+1248 0 -1237 0 *
Wi

0101100
-1242 118 +1240 0 +1238 0 +1236 0 +1235 0 -1247 0 *
Fa
0  1e-07 3 118

0101000
+1234 0 *
Ve
1.5000000153837e-07
6.77938151227325 -6.63961526515631 -7.29129829582673
0 0

0101101
*
Ed
 1e-07 1 1 0
1  72 0 1.56239307173187 2.07061898376589
2  211 3 0 1.56239307173187 2.07061898376589
2  212 12 0 1.56239307173187 2.07061898376589
0

0101000
+1239 125 -1232 125 *
Ve
1.50000001256074e-07
6.70134259100957 -6.61870479922551 -7.45066430157392
0 0

0101101
*
Ed
 1e-07 1 1 0
1  82 0 3.81779911134124 3.84671706144753
2  231 29 0 3.81779911134124 3.84671706144753
2  232 3 124 3.81779911134124 3.84671706144753
0

0101000
+1230 0 -1232 0 *
Ve
1.00000432710645e-07
7.23014608968011 -6.45005472606708 -7.89438312227363
0 0

0101101
*
Ed
 1e-07 1 1 0
1  83 0 4.72079223544756 5.18329368724939
2  233 12 130 4.72079223544756 5.18329368724939
2  234 3 124 4.72079223544756 5.18329368724939
0

0101000
+1228 0 -1230 0 *
Ve
1.00000116419153e-07
6.07273355662801 -6.45026951610806 -9.29843679861929
0 0

0101101
*
Ed
 1e-07 1 1 0
1  84 0 4.69374031290439 4.70398572532209
2  235 3 130 4.69374031290439 4.70398572532209
2  236 3 124 4.69374031290439 4.70398572532209
0

0101000
+1226 0 -1228 0 *
Ed
 1e-07 1 1 0
1  82 0 3.32678764472052 3.36554307195688
2  231 29 0 3.32678764472052 3.36554307195688
2  232 3 124 3.32678764472052 3.36554307195688
0

0101000
+1237 0 -1226 0 *
Wi

0101100
-1231 124 +1229 0 +1227 0 +1225 0 +1224 0 -1236 0 *
Fa
0  1e-07 3 124

0101000
+1223 0 *
Ve
1.50000002664535e-07
6.68720586405471 -6.61491687465434 -7.43880217920004
0 0

0101101
*
Ed
 1e-07 1 1 0
1  72 0 1.56239307173257 2.03628569138021
2  211 3 0 1.56239307173257 2.03628569138021
2  212 12 0 1.56239307173257 2.03628569138021
0

0101000
+1228 131 -1221 131 *
Ve
1.5000000153837e-07
6.60878629196564 -6.59390441364228 -7.59994846735574
0 0

0101101
*
Ed
 1e-07 1 1 0
1  85 0 3.77835682729559 3.80953106633768
2  237 29 0 3.77835682729559 3.80953106633768
2  238 3 130 3.77835682729559 3.80953106633768
0

0101000
+1219 0 -1221 0 *
Ve
1.00000425647867e-07
7.0912689205891 -6.45005472606708 -8.01936421764483
0 0

0101101
*
Ed
 1e-07 1 1 0
1  86 0 4.72079223544756 5.14670410592792
2  239 12 136 4.72079223544756 5.14670410592792
2  240 3 130 4.72079223544756 5.14670410592792
0

0101000
+1217 0 -1219 0 *
Ve
1.12508494351784e-07
6.07258683300187 -6.45023020163093 -9.2120876979036
0 0

0101101
*
Ed
 1e-07 1 1 0
1  87 0 4.69515408220607 4.70398572532209
2  241 3 136 4.69515408220607 4.70398572532209
2  242 3 130 4.69515408220607 4.70398572532209
0

0101000
+1215 0 -1217 0 *
Ed
 1e-07 1 1 0
1  85 0 3.32539303427211 3.36127659993099
2  237 29 0 3.32539303427211 3.36127659993099
2  238 3 130 3.32539303427211 3.36127659993099
0

0101000
+1226 0 -1215 0 *
Wi

0101100
-1220 130 +1218 0 +1216 0 +1214 0 +1213 0 -1225 0 *
Fa
0  1e-07 3 130

0101000
+1212 0 *
Ve
1.50000001986027e-07
6.59517693245181 -6.59025779675104 -7.5881180316202
0 0

0101101
*
Ed
 1e-07 1 1 0
1  72 0 1.56239307173257 1.99948625814017
2  211 3 0 1.56239307173257 1.99948625814017
2  212 12 0 1.56239307173257 1.99948625814017
0

0101000
+1217 137 -1210 137 *
Ve
1.5e-07
6.51677973128678 -6.56925133001001 -7.75162064729773
0 0

0101101
*
Ed
 1.12508494351784e-07 1 1 0
1  88 0 3.73595119434429 3.76981551836802
2  243 29 0 3.73595119434429 3.76981551836802
2  244 3 136 3.73595119434429 3.76981551836802
0

0101000
+1208 0 -1210 0 *
Ve
1.00000673436651e-07
6.95023168229103 -6.45005472606709 -8.14190253699075
0 0

0101101
*
Ed
 1e-07 1 1 0
1  89 0 4.72079223544685 5.10721458770622
2  245 12 142 4.72079223544685 5.10721458770622
2  246 3 136 4.72079223544685 5.10721458770622
0

0101000
+1206 0 -1208 0 *
Ve
1.12508499216537e-07
6.07245540966166 -6.45019498685305 -9.13404813042422
0 0

0101101
*
Ed
 1e-07 1 1 0
1  90 0 4.69652703804957 4.70398572532209
2  247 3 142 4.69652703804957 4.70398572532209
2  248 3 136 4.69652703804957 4.70398572532209
0

0101000
+1204 0 -1206 0 *
Ed
 1.12508494351784e-07 1 1 0
1  88 0 3.32389068884414 3.35698752935789
2  243 29 0 3.32389068884414 3.35698752935789
2  244 3 136 3.32389068884414 3.35698752935789
0

0101000
+1215 0 -1204 0 *
Wi

0101100
-1209 136 +1207 0 +1205 0 +1203 0 +1202 0 -1214 0 *
Fa
0  1e-07 3 136

0101000
+1201 0 *
Ve
1.50000001256074e-07
6.50376034487819 -6.56576279593588 -7.73989793912116
0 0

0101101
*
Ed
 1e-07 1 1 0
1  72 0 1.56239307173187 1.95972898164108
2  211 3 0 1.56239307173187 1.95972898164108
2  212 12 0 1.56239307173187 1.95972898164108
0

0101000
+1206 143 -1199 143 *
Ve
1.5e-07
6.42595390778041 -6.54491462394959 -7.90655740736852
0 0

0101101
*
Ed
 1e-07 1 1 0
1  91 0 3.68991548468318 3.72707943445028
2  249 29 0 3.68991548468318 3.72707943445028
2  250 3 142 3.68991548468318 3.72707943445028
0

0101000
+1197 0 -1199 0 *
Ve
1.00000669057794e-07
6.8070773360933 -6.45005472606709 -8.2619607539508
0 0

0101101
*
Ed
 1e-07 1 1 0
1  92 0 4.72079223544685 5.06415768546377
2  251 12 148 4.72079223544685 5.06415768546377
2  252 3 142 4.72079223544685 5.06415768546377
0

0101000
+1195 0 -1197 0 *
Ve
1.00000055757518e-07
6.07233804632071 -6.45016353944062 -9.06378798694832
0 0

0101101
*
Ed
 1e-07 1 1 0
1  93 0 4.69786237224976 4.70398572532209
2  253 3 148 4.69786237224976 4.70398572532209
2  254 3 142 4.69786237224976 4.70398572532209
0

0101000
+1193 0 -1195 0 *
Ed
 1e-07 1 1 0
1  91 0 3.32228483726899 3.35267338773899
2  249 29 0 3.32228483726899 3.35267338773899
2  250 3 142 3.32228483726899 3.35267338773899
0

0101000
+1204 0 -1193 0 *
Wi

0101100
-1198 142 +1196 0 +1194 0 +1192 0 +1191 0 -1203 0 *
Fa
0  1e-07 3 142

0101000
+1190 0 *
Ve
1.50000002512148e-07
6.41361333323609 -6.5416079769663 -7.89504963543434
0 0

0101101
*
Ed
 1e-07 1 1 0
1  72 0 1.56239307173187 1.91632041236228
2  211 3 0 1.56239307173187 1.91632041236228
2  212 12 0 1.56239307173187 1.91632041236228
0

0101000
+1195 149 -1188 149 *
Ve
1.50000001776357e-07
6.33724603234779 -6.52114542036514 -8.06603638405228
0 0

0101101
*
Ed
 1e-07 1 1 0
1  94 0 3.63926312935794 3.6806301082016
2  255 29 0 3.63926312935794 3.6806301082016
2  256 3 148 3.63926312935794 3.6806301082016
0

0101000
+1186 0 -1188 0 *
Ve
1.00000686128033e-07
6.66184948819736 -6.45005472606709 -8.37950229762979
0 0

0101101
*
Ed
 1e-07 1 1 0
1  95 0 4.72079223544685 5.01654608710843
2  257 12 154 4.72079223544685 5.01654608710843
2  258 3 148 4.72079223544685 5.01654608710843
0

0101000
+1184 0 -1186 0 *
Ve
1.00000028601552e-07
6.07223364874477 -6.45013556619446 -9.00082775079483
0 0

0101101
*
Ed
 1e-07 1 1 0
1  96 0 4.69916299566475 4.70398572532209
2  259 3 154 4.69916299566475 4.70398572532209
2  260 3 148 4.69916299566475 4.70398572532209
0

0101000
+1182 0 -1184 0 *
Ed
 1e-07 1 1 0
1  94 0 3.32057941449924 3.34833200735414
2  255 29 0 3.32057941449924 3.34833200735414
2  256 3 148 3.32057941449924 3.34833200735414
0

0101000
+1193 0 -1182 0 *
Wi

0101100
-1187 148 +1185 0 +1183 0 +1181 0 +1180 0 -1192 0 *
Fa
0  1e-07 3 148

0101000
+1179 0 *
Ve
1.5e-07
6.32571908002255 -6.5180567827984 -8.05490493558406
0 0

0101101
*
Ed
 1e-07 1 1 0
1  72 0 1.56239307173187 1.86822776701211
2  211 3 0 1.56239307173187 1.86822776701211
2  212 12 0 1.56239307173187 1.86822776701211
0

0101000
+1184 155 -1177 155 *
Ve
1.50000002175584e-07
6.25215915204867 -6.4983464595025 -8.232058139371
0 0

0101101
*
Ed
 1e-07 1 1 0
1  97 0 3.58242283553716 3.62943552353191
2  261 29 0 3.58242283553716 3.62943552353191
2  262 3 154 3.58242283553716 3.62943552353191
0

0101000
+1175 0 -1177 0 *
Ve
1.00001521950674e-07
6.51459237641098 -6.45005472606707 -8.49449136373332
0 0

0101101
*
Ed
 1e-07 1 1 0
1  98 0 4.72079223544827 4.96280773260716
2  263 12 160 4.72079223544827 4.96280773260716
2  264 3 154 4.72079223544827 4.96280773260716
0

0101000
+1173 0 -1175 0 *
Ve
1.00000094163669e-07
6.07214124959996 -6.45011080791823 -8.94473290140721
0 0

0101101
*
Ed
 1e-07 1 1 0
1  99 0 4.70043157002156 4.70398572532209
2  265 3 160 4.70043157002156 4.70398572532209
2  266 3 154 4.70043157002156 4.70398572532209
0

0101000
+1171 0 -1173 0 *
Ed
 1e-07 1 1 0
1  97 0 3.31877809859475 3.34396149367783
2  261 29 0 3.31877809859475 3.34396149367783
2  262 3 154 3.31877809859475 3.34396149367783
0

0101000
+1182 0 -1171 0 *
Wi

0101100
-1176 154 +1174 0 +1172 0 +1170 0 +1169 0 -1181 0 *
Fa
0  1e-07 3 154

0101000
+1168 0 *
Ve
1.50000004440892e-07
6.2416703627836 -6.49553599688935 -8.22156935010593
0 0

0101101
*
Ed
 1e-07 1 1 0
1  72 0 1.56239307173328 1.81379034013593
2  211 3 0 1.56239307173328 1.81379034013593
2  212 12 0 1.56239307173328 1.81379034013593
0

0101000
+1173 161 -1166 161 *
Ed
 1e-07 1 1 0
1  100 0 3.31688434277264 3.5718357664768
2  267 29 0 3.31688434277264 3.5718357664768
2  268 3 160 3.31688434277264 3.5718357664768
0

0101000
+1171 0 -1166 0 *
Wi

0101100
-1165 160 +1164 0 -1170 0 *
Fa
0  1e-07 3 160

0101000
+1163 0 *
Ed
 1.5e-07 1 1 0
1  101 0 8.01500287879173 8.0301001666473
2  269 29 0 8.01500287879173 8.0301001666473
2  270 12 160 8.01500287879173 8.0301001666473
0

0101000
+1166 0 -1175 0 *
Wi

0101100
+1165 160 -1172 0 +1161 0 *
Fa
0  1e-07 12 160

0101000
+1160 0 *
Ed
 1.5e-07 1 1 0
1  102 0 8.113065003527 8.1293843005991
2  271 29 0 8.113065003527 8.1293843005991
2  272 12 154 8.113065003527 8.1293843005991
0

0101000
+1177 0 -1186 0 *
Wi

0101100
+1176 154 -1183 0 +1158 0 *
Fa
0  1e-07 12 154

0101000
+1157 0 *
Ed
 1.5e-07 1 1 0
1  103 0 8.22072888604384 8.23792343486738
2  273 29 0 8.22072888604384 8.23792343486738
2  274 12 148 8.22072888604384 8.23792343486738
0

0101000
+1188 0 -1197 0 *
Wi

0101100
+1187 148 -1194 0 +1155 0 *
Fa
0  1e-07 12 148

0101000
+1154 0 *
Ed
 1.5e-07 1 1 0
1  104 0 8.33524039536953 8.35310365877339
2  275 29 0 8.33524039536953 8.35310365877339
2  276 12 142 8.33524039536953 8.35310365877339
0

0101000
+1199 0 -1208 0 *
Wi

0101100
+1152 0 +1198 142 -1205 0 *
Fa
0  1e-07 12 142

0101000
+1151 0 *
Ed
 1.5e-07 1 1 0
1  105 0 8.45484749703395 8.47324509717149
2  277 29 0 8.45484749703395 8.47324509717149
2  278 12 136 8.45484749703395 8.47324509717149
0

0101000
+1210 0 -1219 0 *
Wi

0101100
+1149 0 +1209 136 -1216 0 *
Fa
0  1e-07 12 136

0101000
+1148 0 *
Ed
 1.5e-07 1 1 0
1  106 0 8.57834304421443 8.59718197647627
2  279 29 0 8.57834304421443 8.59718197647627
2  280 12 130 8.57834304421443 8.59718197647627
0

0101000
+1221 0 -1230 0 *
Wi

0101100
+1146 0 +1220 130 -1227 0 *
Fa
0  1e-07 12 130

0101000
+1145 0 *
Ed
 1.5e-07 1 1 0
1  107 0 8.70484590644102 8.72405878100141
2  281 29 0 8.70484590644102 8.72405878100141
2  282 12 124 8.70484590644102 8.72405878100141
0

0101000
+1232 0 -1241 0 *
Wi

0101100
+1143 0 +1231 124 -1238 0 *
Fa
0  1e-07 12 124

0101000
+1142 0 *
Ed
 1.5e-07 1 1 0
1  108 0 8.83368403865177 8.85322026179577
2  283 29 0 8.83368403865177 8.85322026179577
2  284 12 118 8.83368403865177 8.85322026179577
0

0101000
+1243 0 -1252 0 *
Wi

0101100
+1140 0 +1242 118 -1249 0 *
Fa
0  1e-07 12 118

0101000
+1139 0 *
Ed
 1.5e-07 1 1 0
1  109 0 8.96432678196483 8.98414727562208
2  285 29 0 8.96432678196483 8.98414727562208
2  286 12 112 8.96432678196483 8.98414727562208
0

0101000
+1254 0 -1263 0 *
Wi

0101100
+1137 0 +1253 112 -1260 0 *
Fa
0  1e-07 12 112

0101000
+1136 0 *
Ve
1.5e-07
7.06958505420267 -6.71737506985695 -6.86684936572903
0 0

0101101
*
Ed
 1e-07 1 1 0
1  110 0 4.76928823393451 5.3085450562405
2  287 12 106 4.76928823393451 5.3085450562405
2  288 3 101 4.76928823393451 5.3085450562405
0

0101000
+1304 0 -1134 0 *
Ed
 1.5e-07 1 1 0
1  111 0 9.096343173953 9.11641704105063
2  289 29 0 9.096343173953 9.11641704105063
2  290 12 106 9.096343173953 9.11641704105063
0

0101000
+1265 0 -1134 0 *
Wi

0101100
-1133 0 +1132 0 +1264 106 +1301 0 *
Fa
0  1e-07 12 106

0101000
+1131 0 *
Ve
1.50000002808667e-07
7.14371066369931 -6.73723696706004 -6.71116448177738
0 0

0101101
*
Ed
 1e-07 1 1 0
1  72 0 1.71377060151489 2.18940543237842
2  211 3 0 1.71377060151489 2.18940543237842
2  212 12 0 1.71377060151489 2.18940543237842
0

0101000
+1306 162 -1129 162 *
Ed
 1e-07 1 1 0
1  71 0 3.95381360370891 3.97626663343663
2  209 29 0 3.95381360370891 3.97626663343663
2  210 3 101 3.95381360370891 3.97626663343663
0

0101000
+1134 0 -1129 0 *
Wi

0101100
-1128 101 +1127 0 +1133 0 -1303 0 *
Fa
0  1e-07 3 101

0101000
+1126 0 *
Ve
1.50000002175584e-07
7.15995466958138 -6.74158953531799 -6.72253865714673
0 0

0101101
*
Ed
 1e-07 1 1 0
1  112 0 4.87318002935315 5.33582412443157
2  291 12 101 4.87318002935315 5.33582412443157
2  292 3 99 4.87318002935315 5.33582412443157
0

0101000
+1308 0 -1124 0 *
Ed
 1.5e-07 1 1 0
1  113 0 9.22937498767896 9.24967731372475
2  293 29 0 9.22937498767896 9.24967731372475
2  294 12 101 9.22937498767896 9.24967731372475
0

0101000
+1129 0 -1124 0 *
Wi

0101100
-1123 0 +1122 0 +1128 101 +1305 0 *
Fa
0  1e-07 12 101

0101000
+1121 0 *
Ve
1.50000001986027e-07
7.23272249270318 -6.76108761475844 -6.56723804919155
0 0

0101101
*
Ed
 1e-07 1 1 0
1  72 0 1.8173923657751 2.21546600372147
2  211 3 0 1.8173923657751 2.21546600372147
2  212 12 0 1.8173923657751 2.21546600372147
0

0101000
+1310 163 -1119 163 *
Ed
 1e-07 1 1 0
1  68 0 3.98361833970896 4.00485287258864
2  203 29 0 3.98361833970896 4.00485287258864
2  204 3 99 3.98361833970896 4.00485287258864
0

0101000
+1124 0 -1119 0 *
Wi

0101100
-1118 99 +1117 0 +1123 0 -1307 0 *
Fa
0  1e-07 3 99

0101000
+1116 0 *
Ve
1.50000001256074e-07
7.24932172201427 -6.76553536484733 -6.5784343707349
0 0

0101101
*
Ed
 1e-07 1 1 0
1  114 0 4.97782284849522 5.36181869692896
2  295 12 99 4.97782284849522 5.36181869692896
2  296 3 97 4.97782284849522 5.36181869692896
0

0101000
+1312 0 -1114 0 *
Ed
 1.5e-07 1 1 0
1  115 0 9.36311858691653 9.38362893822209
2  297 29 0 9.36311858691653 9.38362893822209
2  298 12 99 9.36311858691653 9.38362893822209
0

0101000
+1119 0 -1114 0 *
Wi

0101100
-1113 0 +1112 0 +1118 99 +1309 0 *
Fa
0  1e-07 12 99

0101000
+1111 0 *
Ve
1.50000002808667e-07
7.32062916894178 -6.78464213766588 -6.4233807792643
0 0

0101101
*
Ed
 1e-07 1 1 0
1  72 0 1.92297873586759 2.24034501126069
2  211 3 0 1.92297873586759 2.24034501126069
2  212 12 0 1.92297873586759 2.24034501126069
0

0101000
+1314 164 -1109 164 *
Ed
 1e-07 1 1 0
1  116 0 4.01207133692599 4.0321903048475
2  299 29 0 4.01207133692599 4.0321903048475
2  300 3 97 4.01207133692599 4.0321903048475
0

0101000
+1114 0 -1109 0 *
Wi

0101100
-1108 97 +1107 0 +1113 0 -1311 0 *
Fa
0  1e-07 3 97

0101000
+1106 0 *
Ve
1.5e-07
7.3375683527238 -6.78918097828071 -6.43438121383491
0 0

0101101
*
Ed
 1e-07 1 1 0
1  117 0 5.08482173812087 5.38664193099344
2  301 12 97 5.08482173812087 5.38664193099344
2  302 3 95 5.08482173812087 5.38664193099344
0

0101000
+1316 0 -1104 0 *
Ed
 1.5e-07 1 1 0
1  118 0 9.49731230356202 9.51801367023356
2  303 29 0 9.49731230356202 9.51801367023356
2  304 12 97 9.49731230356202 9.51801367023356
0

0101000
+1109 0 -1104 0 *
Wi

0101100
-1103 0 +1102 0 +1108 97 +1313 0 *
Fa
0  1e-07 12 97

0101000
+1101 0 *
Ve
1.50000002175584e-07
7.40732736017746 -6.80787284799272 -6.27946161164126
0 0

0101101
*
Ed
 1e-07 1 1 0
1  72 0 2.03256637900215 2.26413850371404
2  211 3 0 2.03256637900215 2.26413850371404
2  212 12 0 2.03256637900215 2.26413850371404
0

0101000
+1318 165 -1099 165 *
Ed
 1e-07 1 1 0
1  119 0 4.03928519208835 4.05837441839876
2  305 29 0 4.03928519208835 4.05837441839876
2  306 3 95 4.03928519208835 4.05837441839876
0

0101000
+1104 0 -1099 0 *
Wi

0101100
-1098 95 +1097 0 +1103 0 -1315 0 *
Fa
0  1e-07 3 95

0101000
+1096 0 *
Ve
1.5e-07
7.42459279422999 -6.81249910710407 -6.29025025222809
0 0

0101101
*
Ed
 1e-07 1 1 0
1  120 0 5.19642514884492 5.41038817718766
2  307 12 95 5.19642514884492 5.41038817718766
2  308 3 10 5.19642514884492 5.41038817718766
0

0101000
+1320 0 -1094 0 *
Ed
 1.5e-07 1 1 0
1  121 0 9.63172740760454 9.65260544036866
2  309 29 0 9.63172740760454 9.65260544036866
2  310 12 95 9.63172740760454 9.65260544036866
0

0101000
+1099 0 -1094 0 *
Wi

0101100
-1093 0 +1092 0 +1098 95 +1317 0 *
Fa
0  1e-07 12 95

0101000
+1091 0 *
Ve
1.50000002664535e-07
7.49272662732401 -6.83075551265885 -6.13537111559965
0 0

0101101
*
Ed
 1e-07 1 1 0
1  72 0 2.14932227815254 2.28692728562462
2  211 3 0 2.14932227815254 2.28692728562462
2  212 12 0 2.14932227815254 2.28692728562462
0

0101000
+1322 166 -1089 166 *
Ed
 1e-07 1 1 0
1  122 0 4.06535371664694 4.0834854786737
2  311 29 0 4.06535371664694 4.0834854786737
2  312 3 10 4.06535371664694 4.0834854786737
0

0101000
+1094 0 -1089 0 *
Wi

0101100
-1088 10 +1087 0 +1093 0 -1319 0 *
Fa
0  1e-07 3 10

0101000
+1086 0 *
Ve
1.5e-07
7.51030581767801 -6.83546584251779 -6.14593375879776
0 0

0101101
*
Ed
 1e-07 1 1 0
1  123 0 5.31625054337133 5.43313688866088
2  313 12 10 5.31625054337133 5.43313688866088
2  314 3 15 5.31625054337133 5.43313688866088
0

0101000
+1324 0 -1084 0 *
Ed
 1.5e-07 1 1 0
1  124 0 9.76616149068133 9.78720393759734
2  315 29 0 9.76616149068133 9.78720393759734
2  316 12 10 9.76616149068133 9.78720393759734
0

0101000
+1089 0 -1084 0 *
Wi

0101100
-1083 0 +1082 0 +1088 10 +1321 0 *
Fa
0  1e-07 12 10

0101000
+1081 0 *
Ve
1.50000003768222e-07
7.57674671432579 -6.85326862711896 -5.99101750882856
0 0

0101101
*
Ed
 1e-07 1 1 0
1  72 0 2.27909246871445 2.30877992458657
2  211 3 0 2.27909246871445 2.30877992458657
2  212 12 0 2.27909246871445 2.30877992458657
0

0101000
+1326 167 -1079 167 *
Ed
 1e-07 1 1 0
1  125 0 4.09035584572342 4.1075915352389
2  317 29 0 4.09035584572342 4.1075915352389
2  318 3 15 4.09035584572342 4.1075915352389
0

0101000
+1084 0 -1079 0 *
Wi

0101100
-1078 15 +1077 0 +1083 0 -1323 0 *
Fa
0  1e-07 3 15

0101000
+1076 0 *
Ve
1.5e-07
7.59462811081326 -6.85805993286732 -6.00134133790408
0 0

0101101
*
Ed
 1e-07 1 1 0
1  126 0 5.45132605453085 5.45495554161935
2  319 12 15 5.45132605453085 5.45495554161935
2  320 3 20 5.45132605453085 5.45495554161935
0

0101000
+1328 0 -1074 0 *
Ed
 1.5e-07 1 1 0
1  127 0 9.90043351660925 9.92162979925261
2  321 29 0 9.90043351660925 9.92162979925261
2  322 12 15 9.90043351660925 9.92162979925261
0

0101000
+1079 0 -1074 0 *
Wi

0101100
-1073 0 +1072 0 +1078 15 +1325 0 *
Fa
0  1e-07 12 15

0101000
+1071 0 *
Ed
 1e-07 1 1 0
1  128 0 4.11435855824079 4.11497353619988
2  323 29 0 4.11435855824079 4.11497353619988
2  324 3 20 4.11435855824079 4.11497353619988
0

0101000
+1074 0 -1330 0 *
Wi

0101100
-1327 0 +1069 0 +1073 0 *
Fa
0  1e-07 3 20

0101000
+1068 0 *
Ve
1.5e-07
5.6 -6.3236009413745 5.82509842672248
0 0

0101101
*
Ed
 1e-07 1 1 0
1  129 0 4.18985999454523 4.83771681155275
2  325 29 0 4.18985999454523 4.83771681155275
2  326 28 0 4.18985999454523 4.83771681155275
0

0101000
+1332 0 -1066 0 *
Ve
1.5e-07
5.6 -6.3236009413745 2.41867732448956
0 0

0101101
*
Ed
 1.5e-07 1 1 0
1  130 0 -15.9250984267225 -12.5186773244896
2  327 29 0 -15.9250984267225 -12.5186773244896
2  328 30 168 -15.9250984267225 -12.5186773244896
0

0101000
+1066 0 -1064 0 *
Ve
1.50000002945755e-07
5.82837884835912 -6.38479486936067 -1.8
0 0

0101101
*
Ed
 1.00000001047382e-07 1 1 0
1  131 0 5.87547922701909 6.5827266118616
2  329 29 0 5.87547922701909 6.5827266118616
2  330 31 0 5.87547922701909 6.5827266118616
2  331 32 0 5.87547922701909 6.5827266118616
0

0101000
+1064 0 -1062 0 *
Ve
1.50000000222045e-07
6.7707377003473 -6.63729916273122 -1.8
0 0

0101101
*
Ed
 1.5e-07 1 1 0
1  132 0 12.2616340133828 13.2372356862448
2  332 29 0 12.2616340133828 13.2372356862448
2  333 33 0 12.2616340133828 13.2372356862448
0

0101000
+1062 0 -1060 0 *
Ve
1.5e-07
6.7707377003473 -6.63729916273122 -5.2
0 0

0101101
*
Ed
 1e-07 1 1 0
1  133 0 0 3.4
2  334 29 0 0 3.4
2  335 34 0 0 3.4
0

0101000
+1058 0 -1060 0 *
Ve
1.5e-07
6.272093095827 -6.50368774363987 -5.2
0 0

0101101
*
Ed
 1.5e-07 1 1 0
1  134 0 12.7210008046949 13.2372356862448
2  336 29 0 12.7210008046949 13.2372356862448
2  337 35 0 12.7210008046949 13.2372356862448
0

0101000
+1056 0 -1058 0 *
Ve
1.50000000888178e-07
6.26783699143809 -6.50254732390596 -5.27195588949891
0 0

0101101
*
Ed
 1e-07 1 1 0
1  135 0 2.82299862540476 2.82434206796039
2  338 29 0 2.82299862540476 2.82434206796039
2  339 36 173 2.82299862540476 2.82434206796039
0

0101000
+1056 0 -1054 0 *
Ve
1.50000002808667e-07
6.11411631097361 -6.46135799171554 -5.2665878450503
0 0

0101101
*
Ed
 1.5e-07 1 1 0
1  136 0 12.5542818632941 12.7135157308913
2  340 29 0 12.5542818632941 12.7135157308913
2  341 37 173 12.5542818632941 12.7135157308913
0

0101000
+1052 0 -1054 0 *
Ve
1.50000002664535e-07
6.10338802415384 -6.45848335592602 -5.37679535973811
0 0

0101101
*
Ed
 1e-07 1 1 0
1  137 0 2.87469935334853 2.87839000262486
2  342 29 0 2.87469935334853 2.87839000262486
2  343 36 178 2.87469935334853 2.87839000262486
0

0101000
+1052 0 -1050 0 *
Ve
1.50000005475099e-07
5.92990705731782 -6.41199927096013 -5.36770360751837
0 0

0101101
*
Ed
 1.5e-07 1 1 0
1  138 0 12.360756173117 12.5405868600642
2  344 29 0 12.360756173117 12.5405868600642
2  345 37 178 12.360756173117 12.5405868600642
0

0101000
+1048 0 -1050 0 *
Ve
1.50000001256074e-07
5.9132956870029 -6.40754826769908 -5.47582950078134
0 0

0101101
*
Ed
 1e-07 1 1 0
1  139 0 2.94150482224228 2.9479990120995
2  346 29 0 2.94150482224228 2.9479990120995
2  347 36 183 2.94150482224228 2.9479990120995
0

0101000
+1048 0 -1046 0 *
Ve
1.5000001158043e-07
5.68067718065527 -6.3452183267787 -5.45956323023338
0 0

0101101
*
Ed
 1.5e-07 1 1 0
1  140 0 12.0988367414929 12.3402098605184
2  348 29 0 12.0988367414929 12.3402098605184
2  349 37 183 12.0988367414929 12.3402098605184
0

0101000
+1044 0 -1046 0 *
Ve
1.50000001256074e-07
5.64394986055443 -6.33537727101751 -5.56307180990114
0 0

0101101
*
Ed
 1e-07 1 1 0
1  141 0 3.05010354682287 3.06898779265256
2  350 29 0 3.05010354682287 3.06898779265256
2  351 36 188 3.05010354682287 3.06898779265256
0

0101000
+1044 0 -1042 0 *
Ve
1.50000002808667e-07
5.6 -6.3236009413745 -5.55922669533908
0 0

0101101
*
Ed
 1.5e-07 1 1 0
1  142 0 12.0108641955593 12.0565266209067
2  352 29 0 12.0108641955593 12.0565266209067
2  353 37 188 12.0108641955593 12.0565266209067
0

0101000
+1040 0 -1042 0 *
Ve
1.50000002664535e-07
5.6 -6.3236009413745 -9.9
0 0

0101101
*
Ed
 1.5e-07 1 1 0
1  130 0 -4.54077330466092 -0.200000000000001
2  327 29 0 -4.54077330466092 -0.200000000000001
2  328 30 168 -4.54077330466092 -0.200000000000001
0

0101000
+1040 0 -1038 0 *
Ed
 1.5e-07 1 1 0
1  143 0 12.0251988315671 12.5146472584276
2  354 29 0 12.0251988315671 12.5146472584276
2  355 4 0 12.0251988315671 12.5146472584276
0

0101000
+1038 0 -1275 0 *
Wi

0101100
-1246 0 -1235 0 -1224 0 -1213 0 -1202 0 -1191 0 -1180 0 -1169 0 -1164 0 -1161 0 
-1174 0 -1158 0 -1185 0 -1155 0 -1196 0 -1152 0 -1207 0 -1149 0 -1218 0 -1146 0 
-1229 0 -1143 0 -1240 0 -1140 0 -1251 0 -1137 0 -1262 0 -1132 0 -1127 0 -1122 0 
-1117 0 -1112 0 -1107 0 -1102 0 -1097 0 -1092 0 -1087 0 -1082 0 -1077 0 -1072 0 
-1069 0 -1329 0 -1065 0 -1063 0 -1061 0 -1059 0 +1057 0 +1055 0 -1053 0 +1051 0 
-1049 0 +1047 0 -1045 0 +1043 0 -1041 0 +1039 0 -1037 0 -1036 0 -1274 0 -1268 0 
-1257 0 *
Fa
0  1e-07 29 0

0101000
+1035 0 *
Ve
1.5e-07
5.6 -5.8 -2.66082693913002
0 0

0101101
*
Ve
1.50000000888178e-07
5.6 5.8 -2.66082693913002
0 0

0101101
*
Ed
 1e-07 1 1 0
1  144 0 0 11.6
2  356 30 168 0 11.6
2  357 38 0 0 11.6
0

0101000
+1033 0 -1032 0 *
Ve
1.50001e-07
5.6 -5.8 -2.41867732448958
0 0

0101101
*
Ed
 1.5e-07 1 1 0
1  145 0 2.33917306086998 2.58132267551042
2  358 30 168 2.33917306086998 2.58132267551042
2  359 39 0 2.33917306086998 2.58132267551042
2  360 40 0 2.33917306086998 2.58132267551042
0

0101000
+1033 0 -1030 0 *
Ve
1.00000035147634e-07
5.6 -6.15 -2.41867732448956
0 0

0101101
*
Ed
 1.00000000444089e-07 1 1 0
1  146 0 -0 0.350000000000001
2  361 30 168 -0 0.350000000000001
2  362 31 0 -0 0.350000000000001
2  363 32 0 -0 0.350000000000001
0

0101000
+1030 0 -1028 0 *
Ve
1.5e-07
5.6 -6.15 -5.2
0 0

0101101
*
Ed
 1e-07 1 1 0
1  147 0 0 2.78132267551044
2  364 30 168 0 2.78132267551044
2  365 34 0 0 2.78132267551044
0

0101000
+1026 0 -1028 0 *
Ve
1.5e-07
5.6 -6.26026219939848 -5.2
0 0

0101101
*
Ed
 1.5e-07 1 1 0
1  148 0 -1.25 -1.13973780060152
2  366 30 168 -1.25 -1.13973780060152
2  367 35 0 -1.25 -1.13973780060152
0

0101000
+1026 0 -1024 0 *
Ve
1.50000000888178e-07
5.6 -6.26045943744675 -5.24863450786284
0 0

0101101
*
Ed
 1e-07 1 1 0
1  149 0 4.59615105928625 4.59725347321231
2  368 30 168 4.59615105928625 4.59725347321231
2  369 36 173 4.59615105928625 4.59725347321231
0

0101000
+1022 0 -1024 0 *
Ve
1.50000005329071e-07
5.6 -6.27317271848275 -5.24863450786283
0 0

0101101
*
Ed
 1.5e-07 1 1 0
1  150 0 -1.13954056255325 -1.12682728151725
2  370 30 168 -1.13954056255325 -1.12682728151725
2  371 37 173 -1.13954056255325 -1.12682728151725
0

0101000
+1022 0 -1020 0 *
Ve
1.50000000888178e-07
5.6 -6.27411385900573 -5.35041391127453
0 0

0101101
*
Ed
 1e-07 1 1 0
1  151 0 4.53576602042662 4.53925584489424
2  372 30 168 4.53576602042662 4.53925584489424
2  373 36 178 4.53576602042662 4.53925584489424
0

0101000
+1018 0 -1020 0 *
Ve
1.50000007993606e-07
5.6 -6.29228688025431 -5.35041391127452
0 0

0101101
*
Ed
 1.5e-07 1 1 0
1  152 0 -1.12588614099427 -1.10771311974569
2  374 30 168 -1.12588614099427 -1.10771311974569
2  375 37 178 -1.12588614099427 -1.10771311974569
0

0101000
+1018 0 -1016 0 *
Ve
1.5e-07
5.6 -6.29402720134703 -5.45392173219358
0 0

0101101
*
Ed
 1e-07 1 1 0
1  153 0 4.47347416445591 4.47826585607385
2  376 30 168 4.47347416445591 4.47826585607385
2  377 36 183 4.47347416445591 4.47826585607385
0

0101000
+1014 0 -1016 0 *
Ve
1.50000005329071e-07
5.6 -6.31798922612524 -5.45392173219358
0 0

0101101
*
Ed
 1.5e-07 1 1 0
1  154 0 -1.10597279865298 -1.08201077387476
2  378 30 168 -1.10597279865298 -1.08201077387476
2  379 37 183 -1.10597279865298 -1.08201077387476
0

0101000
+1014 0 -1012 0 *
Ve
1.5e-07
5.6 -6.32083213610681 -5.55922669533908
0 0

0101101
*
Ed
 1e-07 1 1 0
1  155 0 4.40890747972909 4.41510629716761
2  380 30 168 4.40890747972909 4.41510629716761
2  381 36 188 4.40890747972909 4.41510629716761
0

0101000
+1010 0 -1012 0 *
Ed
 1.5e-07 1 1 0
1  156 0 -1.0791678638932 -1.0763990586255
2  382 30 168 -1.0791678638932 -1.0763990586255
2  383 37 188 -1.0791678638932 -1.0763990586255
0

0101000
+1010 0 -1040 0 *
Ve
1.5e-07
5.6 -5 -9.9
0 0

0101101
*
Ed
 1.5e-07 1 1 0
1  157 0 -2.4 -1.0763990586255
2  384 30 168 -2.4 -1.0763990586255
2  385 4 0 -2.4 -1.0763990586255
0

0101000
+1007 0 -1038 0 *
Ve
1.5e-07
5.6 -5 -5.91494680905789
0 0

0101101
*
Ed
 1e-07 1 1 0
1  158 0 0 3.98505319094211
2  386 30 168 0 3.98505319094211
0

0101000
+1007 0 -1005 0 *
Ve
1.5e-07
5.6 -2.1 -5.91494680905789
0 0

0101101
*
Ed
 1e-07 1 1 0
1  159 0 0 2.9
2  387 30 168 0 2.9
2  388 7 0 0 2.9
2  389 8 0 0 2.9
0

0101000
+1005 0 -1003 0 *
Ve
1.50000000444089e-07
5.6 -2.1 -2.8
0 0

0101101
*
Ed
 1.5e-07 1 1 0
1  160 0 2.18505319094211 5.3
2  390 30 168 2.18505319094211 5.3
2  391 41 189 2.18505319094211 5.3
0

0101000
+1003 0 -1001 0 *
Ve
1.50000000444089e-07
5.6 2.1 -2.8
0 0

0101101
*
Ed
 1.5e-07 1 1 0
1  161 0 -6.65 -2.45
2  392 30 168 -6.65 -2.45
2  393 42 189 -6.65 -2.45
0

0101000
+999 0 -1001 0 *
Ve
1.5e-07
5.6 2.1 -6.1
0 0

0101101
*
Ed
 1.5e-07 1 1 0
1  162 0 2 5.3
2  394 30 168 2 5.3
2  395 43 189 2 5.3
0

0101000
+997 0 -999 0 *
Ve
1.5e-07
5.6 5 -6.1
0 0

0101101
*
Ed
 1.5e-07 1 1 0
1  163 0 -11 -8.1
2  396 30 168 -11 -8.1
2  397 44 66 -11 -8.1
0

0101000
+995 0 -997 0 *
Ve
1.5e-07
5.6 5 -7.36752483470939
0 0

0101101
*
Ed
 1.5e-07 1 1 0
1  164 0 3.08247516529061 4.35
2  398 30 168 3.08247516529061 4.35
2  399 9 66 3.08247516529061 4.35
0

0101000
+993 0 -995 0 *
Ve
1.5e-07
5.6 6.3236009413745 -7.36752483470938
0 0

0101101
*
Ed
 1e-07 1 1 0
1  165 0 2 3.3236009413745
2  400 30 168 2 3.3236009413745
2  401 10 0 2 3.3236009413745
2  402 11 0 2 3.3236009413745
0

0101000
+993 0 -991 0 *
Ve
1.50000002175584e-07
5.6 6.3236009413745 -5.66640052928354
0 0

0101101
*
Ed
 1.5e-07 1 1 0
1  166 0 2.73247516529062 4.43359947071646
2  403 13 0 2.73247516529062 4.43359947071646
2  404 30 168 2.73247516529062 4.43359947071646
0

0101000
+991 0 -989 0 *
Ve
1.50000000888178e-07
5.6 6.28164850597457 -5.66640052928354
0 0

0101101
*
Ed
 1.5e-07 1 1 0
1  167 0 -5.9236009413745 -5.88164850597457
2  405 30 168 -5.9236009413745 -5.88164850597457
2  406 37 194 -5.9236009413745 -5.88164850597457
0

0101000
+989 0 -987 0 *
Ve
1.50000001776357e-07
5.6 6.27939229218088 -5.55922669533908
0 0

0101101
*
Ed
 1e-07 1 1 0
1  168 0 1.76585019200594 1.77322289079878
2  407 30 168 1.76585019200594 1.77322289079878
2  408 36 194 1.76585019200594 1.77322289079878
0

0101000
+985 0 -987 0 *
Ve
1.5e-07
5.6 6.26473390251114 -5.55922669533908
0 0

0101101
*
Ed
 1.5e-07 1 1 0
1  169 0 -5.87939229218088 -5.86473390251114
2  409 30 168 -5.87939229218088 -5.86473390251114
2  410 37 196 -5.87939229218088 -5.86473390251114
0

0101000
+985 0 -983 0 *
Ve
1.50000001776357e-07
5.6 6.26348726387765 -5.45392173219358
0 0

0101101
*
Ed
 1e-07 1 1 0
1  170 0 1.70281230435758 1.70878793311506
2  411 30 168 1.70281230435758 1.70878793311506
2  412 36 196 1.70281230435758 1.70878793311506
0

0101000
+981 0 -983 0 *
Ve
1.50000000888178e-07
5.6 6.25440736768471 -5.45392173219358
0 0

0101101
*
Ed
 1.5e-07 1 1 0
1  171 0 -5.86348726387765 -5.85440736768471
2  413 30 168 -5.86348726387765 -5.85440736768471
2  414 37 198 -5.86348726387765 -5.85440736768471
0

0101000
+981 0 -979 0 *
Ve
1.50000002664535e-07
5.6 6.2538786606667 -5.35041391127453
0 0

0101101
*
Ed
 1e-07 1 1 0
1  172 0 1.64155515738333 1.64622591770067
2  415 30 168 1.64155515738333 1.64622591770067
2  416 36 198 1.64155515738333 1.64622591770067
0

0101000
+977 0 -979 0 *
Ve
1.50000001256074e-07
5.6 6.25016106425144 -5.35041391127453
0 0

0101101
*
Ed
 1.5e-07 1 1 0
1  173 0 -5.8538786606667 -5.85016106425144
2  417 30 168 -5.8538786606667 -5.85016106425144
2  418 37 200 -5.8538786606667 -5.85016106425144
0

0101000
+977 0 -975 0 *
Ve
1.5e-07
5.6 6.25006756579815 -5.2
0 0

0101101
*
Ed
 1e-07 1 1 0
1  174 0 1.58013347349175 1.58521258289441
2  419 30 168 1.58013347349175 1.58521258289441
2  420 36 200 1.58013347349175 1.58521258289441
0

0101000
+973 0 -975 0 *
Ve
1.50000000888178e-07
5.6 6.16904935696999 -5.2
0 0

0101101
*
Ed
 1.5e-07 1 1 0
1  175 0 -5.85006756579815 -5.76904935696999
2  421 30 168 -5.85006756579815 -5.76904935696999
2  422 45 0 -5.85006756579815 -5.76904935696999
0

0101000
+973 0 -971 0 *
Ve
1.00000305019466e-07
5.6 6.16904935696999 -2.41867732448956
0 0

0101101
*
Ed
 1e-07 1 1 0
1  176 0 0 2.78132267551044
2  423 30 168 0 2.78132267551044
2  424 46 0 0 2.78132267551044
0

0101000
+971 0 -969 0 *
Ve
1.50001e-07
5.59999999999993 5.8 -2.41867732448988
0 0

0101101
*
Ed
 1e-07 1 1 0
1  177 0 8.88178419700125e-16 0.369049356969992
2  425 30 168 8.88178419700125e-16 0.369049356969992
2  426 47 0 8.88178419700125e-16 0.369049356969992
2  427 48 0 8.88178419700125e-16 0.369049356969992
0

0101000
+967 0 -969 0 *
Ed
 1.5e-07 1 1 0
1  178 0 2.33917306086998 2.58132267551012
2  428 30 168 2.33917306086998 2.58132267551012
2  429 49 0 2.33917306086998 2.58132267551012
2  430 50 0 2.33917306086998 2.58132267551012
0

0101000
+1032 0 -967 0 *
Wi

0101100
-1031 0 +1029 0 +1027 0 -1025 0 +1023 0 -1021 0 +1019 0 -1017 0 +1015 0 -1013 0 
+1011 0 -1009 0 +1008 0 +1037 0 -1006 0 +1004 0 +1002 0 +1000 0 -998 0 -996 0 
-994 0 -992 0 +990 0 +988 0 +986 0 -984 0 +982 0 -980 0 +978 0 -976 0 
+974 0 -972 0 +970 0 +968 0 -966 0 -965 0 *
Fa
0  1e-07 30 168

0101000
+964 0 *
Ve
1.50000000666134e-07
1.7 5.8 -5.96238207430554
0 0

0101101
*
Ed
 1e-07 1 1 0
1  179 0 2.01436513991067 2.863841642583
2  431 38 0 2.01436513991067 2.863841642583
2  432 49 0 2.01436513991067 2.863841642583
2  433 50 0 2.01436513991067 2.863841642583
0

0101000
+1032 0 -962 0 *
Ve
1.50001e-07
1.7 5.8 -5.85832740635072
0 0

0101101
*
Ed
 1.5e-07 1 1 0
1  180 0 1.75832740635072 1.86238207430554
2  434 49 0 1.75832740635072 1.86238207430554
2  435 51 201 1.75832740635072 1.86238207430554
2  436 50 0 1.75832740635072 1.86238207430554
0

0101000
+960 0 -962 0 *
Ve
1.50001e-07
0.700000000000001 5.8 -6.05970296301725
0 0

0101101
*
Ed
 1e-07 1 1 0
1  181 0 2.8591643929665 3.02658519434972
2  437 48 0 2.8591643929665 3.02658519434972
2  438 52 0 2.8591643929665 3.02658519434972
2  439 50 0 2.8591643929665 3.02658519434972
0

0101000
+960 0 -958 0 *
Ve
1.50000000555112e-07
0.700000000000001 5.8 -6.16035713250458
0 0

0101101
*
Ed
 1.5e-07 1 1 0
1  182 0 1.95970296301725 2.06035713250458
2  440 49 0 1.95970296301725 2.06035713250458
2  441 53 201 1.95970296301725 2.06035713250458
2  442 50 0 1.95970296301725 2.06035713250458
0

0101000
+958 0 -956 0 *
Ve
1e-07
-1.51856203094272e-15 5.8 6.2
0 0

0101101
*
Ed
 1e-07 1 1 0
1  179 0 3.02844817582506 6.28318530717959
2  431 38 0 3.02844817582506 6.28318530717959
2  432 49 0 3.02844817582506 6.28318530717959
2  443 50 0 3.02844817582506 6.28318530717959
0

0101000
+956 0 -954 0 *
Ve
1.50000000993014e-07
5.6 5.8 2.66082693913002
0 0

0101101
*
Ed
 1e-07 1 1 0
1  179 0 0 1.12722751367912
2  431 38 0 0 1.12722751367912
2  432 49 0 0 1.12722751367912
2  444 50 0 0 1.12722751367912
0

0101000
+954 0 -952 0 *
Ve
1.50001e-07
5.6 5.8 2.41867732448958
0 0

0101101
*
Ed
 1.5e-07 1 1 0
1  178 0 7.41867732448958 7.66082693913002
2  428 30 168 7.41867732448958 7.66082693913002
2  429 49 0 7.41867732448958 7.66082693913002
2  445 50 0 7.41867732448958 7.66082693913002
0

0101000
+950 0 -952 0 *
Ed
 1e-07 1 1 0
1  183 0 1.1630902466344 1.97850240695544
2  446 47 0 1.1630902466344 1.97850240695544
2  447 54 0 1.1630902466344 1.97850240695544
2  448 48 0 1.1630902466344 1.97850240695544
2  449 52 0 1.1630902466344 1.97850240695544
2  450 50 0 1.1630902466344 1.97850240695544
0

0101000
+950 0 -967 0 *
Wi

0101100
-965 0 +961 0 -959 0 +957 0 +955 0 +953 0 +951 0 -949 0 +948 0 *
Ve
1.00000001023805e-07
-1.02380472408719e-15 5.8 4.18
0 0

0101101
*
Ed
 1.00000000888178e-07 1 1 0
1  184 0 0 6.28318530717959
2  451 49 0 0 6.28318530717959
2  452 55 0 0 6.28318530717959
2  453 56 0 0 6.28318530717959
2  454 54 0 0 6.28318530717959
2  455 52 0 0 6.28318530717959
2  456 50 0 0 6.28318530717959
0

0101100
+946 0 -946 0 *
Wi

0101100
-945 0 *
Fa
0  0 50 0

0101000
+947 0 +944 0 *
Ve
1.00000001023805e-07
-1.02380472408719e-15 -5.8 4.18
0 0

0101101
*
Ed
 1.00000000444089e-07 1 1 0
1  185 0 0.3 11.9
3  457 458CN 55 0 0.3 11.9
3  459 460C0 56 0 0.3 11.9
0

0101000
+942 0 -946 0 *
Ed
 1.00000000444089e-07 1 1 0
1  186 0 0 6.28318530717959
2  461 39 0 0 6.28318530717959
2  462 55 0 0 6.28318530717959
2  463 56 0 0 6.28318530717959
2  464 57 0 0 6.28318530717959
2  465 58 0 0 6.28318530717959
2  466 40 0 0 6.28318530717959
0

0101100
+942 0 -942 0 *
Wi

0101100
-941 0 -945 0 +941 0 +940 0 *
Ve
3.14086385726611e-07
3.08336785728421 -3.65 2.82227614819432
0 0

0101101
*
Ed
 3.14086385726611e-07 1 1 0
1  187 0 0 1
2  467 55 0 0 1
2  468 59 0 0 1
2  469 56 0 0 1
0

0101100
+938 0 -938 0 *
Wi

0101100
-937 0 *
Ve
1.00000001110223e-07
1.8 -2.1 -3.77258532044008
0 0

0101101
*
Ve
1.00000001195747e-07
1.8 2.1 -3.77258532044008
0 0

0101101
*
Ed
 1e-07 1 1 0
1  188 0 4 8.2
2  470 55 0 4 8.2
2  471 60 189 4 8.2
0

0101000
+935 0 -934 0 *
Ve
1.00000000444089e-07
3.10361080034208 2.1 -2.8
0 0

0101101
*
Ed
 1e-07 1 1 0
1  189 0 2.30481177417604 2.69641080731557
2  472 55 0 2.30481177417604 2.69641080731557
2  473 43 189 2.30481177417604 2.69641080731557
0

0101000
+932 0 -934 0 *
Ve
1e-07
3.10361080034208 -2.1 -2.8
0 0

0101101
*
Ed
 1e-07 1 1 0
1  190 0 4 8.2
2  474 55 0 4 8.2
2  475 42 189 4 8.2
0

0101000
+930 0 -932 0 *
Ed
 1e-07 1 1 0
1  191 0 2.30481177417604 2.69641080731557
2  476 55 0 2.30481177417604 2.69641080731557
2  477 41 189 2.30481177417604 2.69641080731557
0

0101000
+930 0 -935 0 *
Wi

0101100
-933 0 +931 0 +929 0 -928 0 *
Ve
3.14081516757019e-07
3.08336785728421 3.65 2.82227614819432
0 0

0101101
*
Ed
 3.14081516757019e-07 1 1 0
1  192 0 0 1
2  478 55 0 0 1
2  479 61 0 0 1
2  480 56 0 0 1
0

0101100
+926 0 -926 0 *
Wi

0101100
-925 0 *
Fa
0  1e-07 55 0

0101000
+939 0 +936 0 +927 0 +924 0 *
Wi

0101100
+925 0 *
Fa
0  1e-07 56 0

0101000
+922 0 *
Ve
1.00000001601186e-07
5.53172667437573 -2.1 -2.8
0 0

0101101
*
Ed
 1e-07 1 1 0
1  193 0 1.30361080034208 3.73172667437573
2  481 41 0 1.30361080034208 3.73172667437573
2  482 42 0 1.30361080034208 3.73172667437573
0

0101000
+930 202 -920 202 *
Ve
1.00000000915513e-07
1.8 -2.1 -5.71387365684899
0 0

0101101
*
Ed
 1e-07 1 1 0
1  194 0 0.486126343151006 2.42741467955992
2  483 41 0 0.486126343151006 2.42741467955992
2  484 60 0 0.486126343151006 2.42741467955992
0

0101000
+918 202 -935 202 *
Ve
1.00000003233018e-07
2.15315829537069 -2.1 -5.8141129465359
0 0

0101101
*
Ed
 1e-07 1 1 0
1  195 0 0.212113310479229 0.341012549881569
2  485 41 189 0.212113310479229 0.341012549881569
2  486 62 0 0.212113310479229 0.341012549881569
2  487 63 0 0.212113310479229 0.341012549881569
0

0101000
+918 0 -916 0 *
Ed
 1e-07 1 1 0
1  196 0 2.03936859431897 2.78691980312497
2  488 38 0 2.03936859431897 2.78691980312497
2  489 41 189 2.03936859431897 2.78691980312497
0

0101000
+920 0 -916 0 *
Wi

0101100
+919 189 -928 0 +917 189 -915 0 +914 0 *
Fa
0  1e-07 41 189

0101000
+913 0 *
Ve
1.5e-07
1.8 -1.6 -5.71387365684899
0 0

0101101
*
Ve
1.50000000888178e-07
-0.33704261489394 -1.6 -6.1
0 0

0101101
*
Ed
 1e-07 1 1 0
1  197 0 0 0.78173462955216
2  490 63 0 0 0.78173462955216
2  491 64 0 0 0.78173462955216
0

0101000
+911 0 -910 0 *
Ve
1.0000013770794e-07
-0.337042614894071 -5 -6.10000000000004
0 0

0101101
*
Ed
 1e-07 1 1 0
1  198 0 0 3.4
2  492 44 66 0 3.4
2  493 62 0 0 3.4
2  494 63 0 0 3.4
0

0101000
+908 0 -910 0 *
Ve
1.00000001601186e-07
2.15315829537069 -5 -5.8141129465359
0 0

0101101
*
Ed
 1e-07 1 1 0
1  199 0 0 0.910633868954544
2  495 63 0 0 0.910633868954544
2  496 65 0 0 0.910633868954544
0

0101000
+906 0 -908 0 *
Ed
 1e-07 1 1 0
1  200 0 0.8 3.7
2  497 38 0 0.8 3.7
2  498 62 0 0.8 3.7
2  499 63 0 0.8 3.7
0

0101000
+906 0 -916 0 *
Ed
 1e-07 1 1 0
1  201 0 2.9 3.4
2  500 60 189 2.9 3.4
2  501 62 0 2.9 3.4
2  502 63 0 2.9 3.4
0

0101000
+918 0 -911 0 *
Wi

0101100
+909 0 -907 0 -905 0 +904 0 -915 0 +903 0 *
Fa
0  0 63 0

0101000
+902 0 *
Ve
1.00000000915513e-07
-1.1 -5 -6.10163912403872
0 0

0101101
*
Ed
 1e-07 1 1 0
1  202 0 0 0.533036432394463
2  503 38 0 0 0.533036432394463
2  504 65 0 0 0.533036432394463
0

0101000
+900 0 -906 0 *
Ve
1e-07
-1.1 -5 -6.1
0 0

0101101
*
Ed
 1e-07 1 1 0
1  203 0 4.79836087596128 4.8
2  505 66 0 4.79836087596128 4.8
2  506 67 0 4.79836087596128 4.8
2  507 65 203 4.79836087596128 4.8
0

0101000
+900 203 -898 203 *
Ed
 1e-07 1 1 0
1  204 0 0 0.762957385105929
2  508 44 0 0 0.762957385105929
2  509 66 0 0 0.762957385105929
2  510 65 203 0 0.762957385105929
0

0101000
+898 203 -908 203 *
Wi

0101100
-899 0 +897 66 +896 66 -905 0 *
Fa
0  0 65 0

0101000
+895 0 *
Ve
1e-07
-1.1 5 -6.1
0 0

0101101
*
Ed
 1e-07 1 1 0
1  205 0 0 10
2  511 44 0 0 10
2  512 67 0 0 10
0

0101000
-893 203 +898 203 *
Ve
1.00000001275549e-07
-1.1 5 -6.10163912403872
0 0

0101101
*
Ed
 1e-07 1 1 0
1  206 0 4.79836087596128 4.8
2  513 9 0 4.79836087596128 4.8
2  514 67 0 4.79836087596128 4.8
2  515 68 203 4.79836087596128 4.8
0

0101000
+891 203 -893 203 *
Ed
 1e-07 1 1 0
1  207 0 0.8 10.8
2  516 38 0 0.8 10.8
2  517 67 66 0.8 10.8
0

0101000
+900 0 -891 0 *
Wi

0101100
-897 66 -892 66 +890 66 +889 0 *
Fa
0  1e-07 67 66

0101000
+888 0 *
Ve
1.00000000915513e-07
1.7 5 -6.98013158464293
0 0

0101101
*
Ve
1.00000001110223e-07
1.7 5 -5.96238207430554
0 0

0101101
*
Ed
 1e-07 1 1 0
1  208 0 1.21986841535707 2.23761792569446
2  518 69 0 1.21986841535707 2.23761792569446
2  519 51 0 1.21986841535707 2.23761792569446
2  520 68 204 1.21986841535707 2.23761792569446
0

0101000
+886 204 -885 204 *
Ve
1.00000000222045e-07
1.2 5 -6.9
0 0

0101101
*
Ed
 1e-07 1 1 0
1  209 0 0 0.317823703927881
2  521 70 0 0 0.317823703927881
2  522 69 201 0 0.317823703927881
2  523 68 0 0 0.317823703927881
0

0101000
+883 0 -886 0 *
Ve
1.00000000888178e-07
0.7 5 -6.98013158464293
0 0

0101101
*
Ed
 1e-07 1 1 0
1  210 0 5.96536160325171 6.28318530717959
2  524 70 0 5.96536160325171 6.28318530717959
2  525 69 201 5.96536160325171 6.28318530717959
2  526 68 0 5.96536160325171 6.28318530717959
0

0101000
+881 0 -883 0 *
Ve
1.00000024148818e-07
0.700000000000023 5 -6.16035713250457
0 0

0101101
*
Ed
 1e-07 1 1 0
1  211 0 1.21986841535707 2.03964286749543
2  527 69 0 1.21986841535707 2.03964286749543
2  528 53 0 1.21986841535707 2.03964286749543
2  529 68 204 1.21986841535707 2.03964286749543
0

0101000
+881 204 -879 204 *
Ed
 1e-07 1 1 0
1  212 0 3.02844817582506 3.31995623551944
2  530 38 0 3.02844817582506 3.31995623551944
2  531 9 66 3.02844817582506 3.31995623551944
2  532 68 0 3.02844817582506 3.31995623551944
0

0101000
+879 0 -891 0 *
Ve
1.00000001998401e-07
1.10905365064095 5 -6.1
0 0

0101101
*
Ed
 1e-07 1 1 0
1  213 0 0 2.20905365064095
2  533 44 66 0 2.20905365064095
2  534 68 0 0 2.20905365064095
0

0101000
+876 0 -893 0 *
Ed
 1e-07 1 1 0
1  214 0 2.863841642583 2.96174506629212
2  535 38 0 2.863841642583 2.96174506629212
2  536 69 201 2.863841642583 2.96174506629212
2  537 68 0 2.863841642583 2.96174506629212
0

0101000
+885 0 -876 0 *
Wi

0101100
-884 201 -882 0 -880 0 +878 201 +877 0 +890 66 -875 0 -874 0 *
Fa
0  0 68 0

0101000
+873 0 *
Ve
1.00000000222045e-07
1.2 6 -6.9
0 0

0101101
*
Ve
1e-07
1.2 6.3 -6.9
0 0

0101101
*
Ed
 1e-07 1 1 0
1  215 0 2.8 3.1
3  538 539CN 70 0 2.8 3.1
0

0101000
+871 0 -870 0 *
Ve
1.00000000888178e-07
0.7 6 -6.98013158464293
0 0

0101101
*
Ed
 1e-07 1 1 0
1  216 0 5.96536160325171 6.28318530717959
2  540 70 0 5.96536160325171 6.28318530717959
2  541 71 201 5.96536160325171 6.28318530717959
0

0101000
+868 0 -871 0 *
Ed
 1e-07 1 1 0
1  217 0 1.8 2.8
2  542 70 0 1.8 2.8
2  543 53 201 1.8 2.8
0

0101000
+881 0 -868 0 *
Ve
1e-07
1.2 3.2 -6.9
0 0

0101101
*
Ed
 1e-07 1 1 0
1  215 0 0 1.8
3  538 539CN 70 0 0 1.8
0

0101000
+865 0 -883 0 *
Ed
 1e-07 1 1 0
1  218 0 0 6.28318530717959
2  544 70 0 0 6.28318530717959
2  545 72 0 0 6.28318530717959
0

0101000
+865 0 -865 0 *
Ve
1.00000000915513e-07
1.7 6 -6.98013158464293
0 0

0101101
*
Ed
 1e-07 1 1 0
1  219 0 1.8 2.8
2  546 70 0 1.8 2.8
2  547 51 201 1.8 2.8
0

0101000
+886 0 -862 0 *
Ed
 1e-07 1 1 0
1  220 0 0 0.317823703927881
2  548 70 0 0 0.317823703927881
2  549 71 201 0 0.317823703927881
0

0101000
+871 0 -862 0 *
Ed
 1e-07 1 1 0
1  221 0 0 6.28318530717959
2  550 70 0 0 6.28318530717959
2  551 73 0 0 6.28318530717959
0

0101000
+870 0 -870 0 *
Wi

0101100
+869 0 +867 0 +866 0 -880 0 +864 0 +863 0 -864 0 -882 0 -861 0 +860 0 
-869 0 -859 0 *
Fa
0  1e-07 70 0

0101000
+858 0 *
Wi

0101100
+859 0 *
Ve
1.00000001110223e-07
1.2 6.3 -7.25
0 0

0101101
*
Ed
 1.00000001110223e-07 1 1 0
1  222 0 0 6.28318530717959
2  552 73 0 0 6.28318530717959
2  553 74 0 0 6.28318530717959
2  554 75 0 0 6.28318530717959
0

0101000
+855 0 -855 0 *
Wi

0101100
-854 0 *
Fa
0  1e-07 73 0

0101000
+856 0 +853 0 *
Ve
1.00000001110223e-07
1.2 3.2 -7.25
0 0

0101101
*
Ed
 1.00000001110223e-07 1 1 0
1  223 0 0 6.28318530717959
2  555 72 0 0 6.28318530717959
2  556 74 0 0 6.28318530717959
2  557 75 0 0 6.28318530717959
0

0101000
+851 0 -851 0 *
Ed
 1e-07 1 1 0
1  224 0 0 3.1
3  558 559C0 74 0 0 3.1
0

0101000
+855 0 -851 0 *
Wi

0101100
+850 0 -849 0 -854 0 +849 0 *
Fa
0  0 74 0

0101000
+848 0 *
Wi

0101100
+863 0 *
Wi

0101100
-850 0 *
Fa
0  1e-07 72 0

0101000
+846 0 +845 0 *
Ve
1.00000001790181e-07
1.7 6 -5.85832740635072
0 0

0101101
*
Ed
 1e-07 1 1 0
1  225 0 1.21986841535707 2.34167259364928
2  560 51 0 1.21986841535707 2.34167259364928
2  561 71 0 1.21986841535707 2.34167259364928
0

0101000
+862 204 -843 204 *
Ve
1.00000000999201e-07
0.7 6 -6.05970296301725
0 0

0101101
*
Ed
 1e-07 1 1 0
1  226 0 2.8591643929665 3.02658519434972
2  562 71 201 2.8591643929665 3.02658519434972
2  563 48 0 2.8591643929665 3.02658519434972
0

0101000
+843 0 -841 0 *
Ed
 1e-07 1 1 0
1  227 0 1.21986841535707 2.14029703698275
2  564 53 0 1.21986841535707 2.14029703698275
2  565 71 0 1.21986841535707 2.14029703698275
0

0101000
+868 204 -841 204 *
Wi

0101100
-842 201 -840 0 +839 201 -867 0 -860 0 *
Fa
0  1e-07 71 201

0101000
+838 0 *
Ve
1.50000000444089e-07
1.10905365064095 -1.6 -6.1
0 0

0101101
*
Ed
 1.5e-07 1 1 0
1  228 0 -1.05905365064095 0.387042614893941
2  566 44 66 -1.05905365064095 0.387042614893941
2  567 64 0 -1.05905365064095 0.387042614893941
0

0101000
+836 0 -910 0 *
Ed
 1e-07 1 1 0
1  229 0 4.2 10.8
2  568 38 0 4.2 10.8
2  569 44 66 4.2 10.8
0

0101000
+836 0 -876 0 *
Wi

0101100
+875 0 -892 66 +896 66 +907 0 -835 0 +834 0 *
Fa
0  1e-07 44 66

0101000
+833 0 *
Ve
1.50000000444089e-07
1.8 -1.6 -5.93295878967653
0 0

0101101
*
Ed
 1.5e-07 1 1 0
1  230 0 1.41704121032347 1.63612634315101
2  570 60 189 1.41704121032347 1.63612634315101
2  571 64 0 1.41704121032347 1.63612634315101
0

0101000
+831 0 -911 0 *
Ed
 1e-07 1 1 0
1  231 0 2.8470287331395 2.96174506629212
2  572 38 0 2.8470287331395 2.96174506629212
2  573 64 0 2.8470287331395 2.96174506629212
0

0101000
+831 0 -836 0 *
Wi

0101100
+835 0 -909 0 -830 0 +829 0 *
Fa
0  1e-07 64 0

0101000
+828 0 *
Ve
1.0000000166163e-07
5.53172667437573 2.1 -2.8
0 0

0101101
*
Ed
 1e-07 1 1 0
1  232 0 1.30361080034208 3.73172667437573
2  574 43 0 1.30361080034208 3.73172667437573
2  575 42 0 1.30361080034208 3.73172667437573
0

0101000
+932 202 -826 202 *
Ed
 1e-07 1 1 0
1  233 0 3.7 7.9
2  576 38 0 3.7 7.9
2  577 42 189 3.7 7.9
0

0101000
+920 0 -826 0 *
Wi

0101100
-825 189 +824 0 +919 189 -929 0 *
Fa
0  1e-07 42 189

0101000
+823 0 *
Ve
1.00000001195747e-07
1.8 2.1 -5.93295878967653
0 0

0101101
*
Ed
 1e-07 1 1 0
1  234 0 2.03936859431897 2.8470287331395
2  578 38 0 2.03936859431897 2.8470287331395
2  579 43 189 2.03936859431897 2.8470287331395
0

0101000
+826 0 -821 0 *
Ed
 1e-07 1 1 0
1  235 0 0.26704121032347 2.42741467955992
2  580 43 0 0.26704121032347 2.42741467955992
2  581 60 0 0.26704121032347 2.42741467955992
0

0101000
+821 202 -934 202 *
Wi

0101100
+820 0 +825 189 -931 0 +819 189 *
Fa
0  1e-07 43 189

0101000
+818 0 *
Ed
 1e-07 1 1 0
1  236 0 4.2 7.9
2  582 38 0 4.2 7.9
2  583 60 189 4.2 7.9
0

0101000
+831 0 -821 0 *
Wi

0101100
-917 189 -933 0 +819 189 +816 0 -830 0 +903 0 *
Fa
0  1e-07 60 189

0101000
+815 0 *
Wi

0101100
+937 0 *
Fa
0  1e-07 56 0

0101000
+813 0 *
Ve
1.5e-07
5.6 6.3236009413745 2.41867732448956
0 0

0101101
*
Ed
 1.00000000444089e-07 1 1 0
1  237 0 8.88178419700125e-16 0.523600941374496
2  584 30 168 8.88178419700125e-16 0.523600941374496
2  585 47 0 8.88178419700125e-16 0.523600941374496
2  586 48 0 8.88178419700125e-16 0.523600941374496
0

0101000
+950 0 -811 0 *
Ve
1.5e-07
5.6 3.5 2.66082693913001
0 0

0101101
*
Ed
 1e-07 1 1 0
1  238 0 9.3 11.6
2  587 30 168 9.3 11.6
2  588 38 0 9.3 11.6
0

0101000
+809 0 -952 0 *
Ve
1.5e-07
5.6 3.5 4.81909100792663
0 0

0101101
*
Ed
 1.5e-07 1 1 0
1  239 0 8.66082693913001 10.8190910079266
2  589 30 168 8.66082693913001 10.8190910079266
2  590 21 93 8.66082693913001 10.8190910079266
0

0101000
+809 0 -807 0 *
Ve
1.5e-07
5.6 4.6 4.81909100792662
0 0

0101101
*
Ed
 1e-07 1 1 0
1  240 0 0.8 1.9
2  591 30 168 0.8 1.9
2  592 19 0 0.8 1.9
2  593 20 0 0.8 1.9
0

0101000
+807 0 -805 0 *
Ve
1.50001e-07
5.6 4.6 6.85701143260166
0 0

0101101
*
Ed
 1.5e-07 1 1 0
1  241 0 5.31909100792662 7.35701143260166
2  594 30 168 5.31909100792662 7.35701143260166
2  595 18 0 5.31909100792662 7.35701143260166
0

0101000
+805 0 -803 0 *
Ve
1.50000001986027e-07
5.6 5 6.85701143260166
0 0

0101101
*
Ed
 1e-07 1 1 0
1  242 0 11.8 12.2
2  596 30 168 11.8 12.2
2  597 14 0 11.8 12.2
0

0101000
+803 0 -801 0 *
Ve
1.5e-07
5.6 5 6.41071438423645
0 0

0101101
*
Ed
 1.5e-07 1 1 0
1  243 0 6.91071438423645 7.35701143260166
2  598 30 168 6.91071438423645 7.35701143260166
2  599 17 0 6.91071438423645 7.35701143260166
0

0101000
+799 0 -801 0 *
Ve
1.50000000888178e-07
5.6 6.2 6.41071438423645
0 0

0101101
*
Ed
 1e-07 1 1 0
1  244 0 0 1.2
2  600 30 168 0 1.2
2  601 16 0 0 1.2
0

0101000
+799 0 -797 0 *
Ve
1.50000001986027e-07
5.6 6.2 6.85701143260166
0 0

0101101
*
Ed
 1.5e-07 1 1 0
1  245 0 6.91071438423645 7.35701143260166
2  602 30 168 6.91071438423645 7.35701143260166
2  603 15 0 6.91071438423645 7.35701143260166
0

0101000
+797 0 -795 0 *
Ve
1.5e-07
5.6 6.3236009413745 6.85701143260165
0 0

0101101
*
Ed
 1e-07 1 1 0
1  242 0 13.4 13.5236009413745
2  596 30 168 13.4 13.5236009413745
2  597 14 0 13.4 13.5236009413745
0

0101000
+795 0 -793 0 *
Ed
 1.5e-07 1 1 0
1  166 0 12.5186773244896 16.9570114326016
2  403 13 0 12.5186773244896 16.9570114326016
2  404 30 168 12.5186773244896 16.9570114326016
0

0101000
+811 0 -793 0 *
Wi

0101100
+810 0 -949 0 +808 0 -806 0 -804 0 -802 0 -800 0 +798 0 -796 0 -794 0 
-792 0 +791 0 *
Fa
0  1e-07 30 168

0101000
+790 0 *
Ve
1.66845645193227e-07
5.06302989612668 4.6 7.0316283317301
0 0

0101101
*
Ed
 1.00000001256074e-07 1 1 0
1  246 0 3.32612438838412 3.58586701726261
2  604 18 0 3.32612438838412 3.58586701726261
2  605 76 0 3.32612438838412 3.58586701726261
2  606 14 0 3.32612438838412 3.58586701726261
0

0101000
+803 0 -788 0 *
Ve
1.00000016521074e-07
3.93651420279742 4.6 5.34185479173622
0 0

0101101
*
Ed
 1e-07 1 1 0
1  247 0 6.62827705250928 8.65913209996602
2  607 61 0 6.62827705250928 8.65913209996602
2  608 18 0 6.62827705250928 8.65913209996602
0

0101000
+786 0 -788 0 *
Ed
 1e-07 1 1 0
1  248 0 3.236975312598 3.6551813850181
2  609 19 0 3.236975312598 3.6551813850181
2  610 18 0 3.236975312598 3.6551813850181
2  611 20 0 3.236975312598 3.6551813850181
0

0101000
+805 0 -786 0 *
Wi

0101100
-802 0 -787 0 +785 0 +784 0 *
Fa
0  1e-07 18 0

0101000
+783 0 *
Ve
2.22776037453338e-07
4.54341465385599 4.6 7.3780384932439
0 0

0101101
*
Ed
 1e-07 1 1 0
1  249 0 0.203124329910307 0.295826581879536
2  612 61 0 0.203124329910307 0.295826581879536
2  613 14 0 0.203124329910307 0.295826581879536
0

0101000
+788 0 -781 0 *
Ve
1.00000011957468e-07
3.41689896052674 4.6 5.68826495325001
0 0

0101101
*
Ed
 1e-07 1 1 0
1  250 0 6.62827705250927 8.65913209996602
2  614 61 0 6.62827705250927 8.65913209996602
2  615 18 0 6.62827705250927 8.65913209996602
0

0101000
+779 0 -781 0 *
Ve
1.00000010480882e-07
3.41689896052675 2.7 5.68826495325
0 0

0101101
*
Ed
 1e-07 1 1 0
1  251 0 6.90772473930157e-07 0.999999309227534
2  616 61 0 6.90772473930157e-07 0.999999309227534
2  617 19 0 6.90772473930157e-07 0.999999309227534
2  618 20 0 6.90772473930157e-07 0.999999309227534
0

0101000
+779 0 -777 0 *
Ve
2.22776037453338e-07
4.54341465385601 2.7 7.37803849324388
0 0

0101101
*
Ed
 1e-07 1 1 0
1  252 0 6.62827705250927 8.65913209996602
2  619 61 0 6.62827705250927 8.65913209996602
2  620 77 0 6.62827705250927 8.65913209996602
0

0101000
+777 0 -775 0 *
Ve
1.58939955996988e-07
5.06302989612666 2.7 7.03162833173011
0 0

0101101
*
Ed
 1e-07 1 1 0
1  249 0 0.703021836132807 0.795993109941674
2  612 61 0 0.703021836132807 0.795993109941674
2  613 14 0 0.703021836132807 0.795993109941674
0

0101000
+775 0 -773 0 *
Ve
1.00000007944109e-07
3.9365142027974 2.7 5.34185479173623
0 0

0101101
*
Ed
 1e-07 1 1 0
1  253 0 6.62827705250927 8.65913209996602
2  621 61 0 6.62827705250927 8.65913209996602
2  622 77 0 6.62827705250927 8.65913209996602
0

0101000
+771 0 -773 0 *
Ve
1.00000002035072e-07
4.56930859454089 3.65 5.05118725407934
0 0

0101101
*
Ed
 1e-07 1 1 0
1  254 0 1.38078286408783e-06 1
2  623 61 0 1.38078286408783e-06 1
2  624 19 0 1.38078286408783e-06 1
2  625 20 0 1.38078286408783e-06 1
0

0101000
+771 0 -769 0 *
Ve
1.23527708873426e-07
4.22616284403327 3.65 4.53646862831791
0 0

0101101
*
Ed
 1e-07 1 1 0
1  255 0 6.11882341631134 6.73743821551774
3  626 627CN 61 0 6.11882341631134 6.73743821551774
0

0101000
+767 0 -769 0 *
Ed
 1.23527706172137e-07 1 1 0
1  256 0 0 1
2  628 38 0 0 1
2  629 61 0 0 1
0

0101100
+767 0 -767 0 *
Ed
 1e-07 1 1 0
1  257 0 0 0.999998619217116
2  630 61 0 0 0.999998619217116
2  631 19 0 0 0.999998619217116
2  632 20 0 0 0.999998619217116
0

0101000
+769 0 -786 0 *
Wi

0101100
-780 0 +778 0 -776 0 -774 0 -772 0 +770 0 -768 0 +766 0 +765 0 -766 0 
-764 0 -785 0 *
Fa
0  1e-07 61 0

0101000
+763 0 *
Ed
 1e-07 1 1 0
1  258 0 0 6.13435756294108
2  633 20 0 0 6.13435756294108
2  634 77 0 0 6.13435756294108
0

0101000
+777 0 -771 0 *
Ve
1.00000001986027e-07
6 2.7 11.18
0 0

0101101
*
Ed
 1.00000000888178e-07 1 1 0
1  259 0 0 3.58586701726262
2  635 77 0 0 3.58586701726262
2  636 76 0 0 3.58586701726262
2  637 14 0 0 3.58586701726262
0

0101000
+760 0 -773 0 *
Ed
 1.00000001986027e-07 1 1 0
1  259 0 3.8733234970121 6.28318530717959
2  635 77 0 3.8733234970121 6.28318530717959
2  636 76 0 3.8733234970121 6.28318530717959
2  638 14 0 3.8733234970121 6.28318530717959
0

0101000
+775 0 -760 0 *
Wi

0101100
+761 0 +770 0 -759 0 -758 0 -774 0 *
Fa
0  1e-07 77 0

0101000
+757 0 *
Ve
1.50000001776357e-07
5.6 4.6 13.1809089920734
0 0

0101101
*
Ed
 1e-07 1 1 0
1  248 0 3.80400912925662 6.18780264817138
2  609 19 0 3.80400912925662 6.18780264817138
2  610 18 0 3.80400912925662 6.18780264817138
2  639 20 0 3.80400912925662 6.18780264817138
0

0101000
+779 0 -755 0 *
Ve
1.50001e-07
5.6 4.6 11.1429885673983
0 0

0101101
*
Ed
 1.00000002175584e-07 1 1 0
1  246 0 3.87332349701211 6.09865357238526
2  604 18 0 3.87332349701211 6.09865357238526
2  605 76 0 3.87332349701211 6.09865357238526
2  640 14 0 3.87332349701211 6.09865357238526
0

0101000
+781 0 -753 0 *
Ed
 1.5e-07 1 1 0
1  241 0 11.6429885673983 13.6809089920734
2  594 30 168 11.6429885673983 13.6809089920734
2  595 18 0 11.6429885673983 13.6809089920734
0

0101000
+753 0 -755 0 *
Wi

0101100
+754 0 -778 0 -752 0 -751 0 *
Fa
0  1e-07 18 0

0101000
+750 0 *
Ve
1.50000002664535e-07
5.6 -6.3236009413745 40
0 0

0101101
*
Ve
1.50000002512148e-07
5.6 6.3236009413745 40
0 0

0101101
*
Ed
 1e-07 1 1 0
1  260 0 0.676399058625504 13.3236009413745
2  641 30 0 0.676399058625504 13.3236009413745
2  642 78 0 0.676399058625504 13.3236009413745
0

0101000
+748 205 -747 205 *
Ve
1.5e-07
5.6 -6.3236009413745 12.1749015732775
0 0

0101101
*
Ed
 1e-07 1 1 0
1  261 0 0 27.8250984267225
2  643 30 168 0 27.8250984267225
2  644 79 0 0 27.8250984267225
0

0101000
+748 0 -745 0 *
Ve
1.50000000888178e-07
5.6 -5.8 12.1749015732775
0 0

0101101
*
Ed
 1e-07 1 1 0
1  262 0 1.2763990586255 1.8
2  645 30 168 1.2763990586255 1.8
2  646 28 0 1.2763990586255 1.8
2  647 80 0 1.2763990586255 1.8
0

0101000
+745 0 -743 0 *
Ve
1.50000001776357e-07
5.6 -5.8 11.1429885673983
0 0

0101101
*
Ed
 1.5e-07 1 1 0
1  263 0 11.6429885673983 12.6749015732775
2  648 30 168 11.6429885673983 12.6749015732775
2  649 27 0 11.6429885673983 12.6749015732775
0

0101000
+741 0 -743 0 *
Ve
1.50001e-07
5.6 -4.6 11.1429885673983
0 0

0101101
*
Ed
 1e-07 1 1 0
1  264 0 1.4 2.6
2  650 30 168 1.4 2.6
2  651 14 0 1.4 2.6
0

0101000
+741 0 -739 0 *
Ve
1.50000001776357e-07
5.6 -4.6 13.1809089920734
0 0

0101101
*
Ed
 1.5e-07 1 1 0
1  265 0 11.6429885673983 13.6809089920734
2  652 30 168 11.6429885673983 13.6809089920734
2  653 26 0 11.6429885673983 13.6809089920734
0

0101000
+739 0 -737 0 *
Ve
1.5e-07
5.6 -3.5 13.1809089920734
0 0

0101101
*
Ed
 1e-07 1 1 0
1  266 0 0 1.1
2  654 30 168 0 1.1
2  655 24 0 0 1.1
2  656 25 0 0 1.1
0

0101000
+737 0 -735 0 *
Ve
1.5e-07
5.6 -3.5 20
0 0

0101101
*
Ed
 1.5e-07 1 1 0
1  267 0 19.1809089920734 26
2  657 30 168 19.1809089920734 26
2  658 23 93 19.1809089920734 26
0

0101000
+735 0 -733 0 *
Ve
1.5e-07
5.6 3.5 20
0 0

0101101
*
Ed
 1.5e-07 1 1 0
1  268 0 -8.75 -1.75
2  659 30 168 -8.75 -1.75
2  660 81 93 -8.75 -1.75
0

0101000
+731 0 -733 0 *
Ve
1.5e-07
5.6 3.5 13.1809089920734
0 0

0101101
*
Ed
 1.5e-07 1 1 0
1  239 0 19.1809089920734 26
2  589 30 168 19.1809089920734 26
2  590 21 93 19.1809089920734 26
0

0101000
+729 0 -731 0 *
Ed
 1e-07 1 1 0
1  269 0 0.8 1.9
2  661 30 168 0.8 1.9
2  662 19 0 0.8 1.9
2  663 20 0 0.8 1.9
0

0101000
+729 0 -755 0 *
Ve
1.50000001986027e-07
5.6 5 11.1429885673983
0 0

0101101
*
Ed
 1e-07 1 1 0
1  264 0 11.8 12.2
2  650 30 168 11.8 12.2
2  651 14 0 11.8 12.2
0

0101000
+753 0 -726 0 *
Ve
1.50000001776357e-07
5.6 5 11.5892856157635
0 0

0101101
*
Ed
 1.5e-07 1 1 0
1  270 0 11.6429885673983 12.0892856157635
2  664 30 168 11.6429885673983 12.0892856157635
2  665 17 0 11.6429885673983 12.0892856157635
0

0101000
+726 0 -724 0 *
Ve
1.50000001986027e-07
5.6 6.2 11.5892856157635
0 0

0101101
*
Ed
 1e-07 1 1 0
1  271 0 0 1.2
2  666 30 168 0 1.2
2  667 16 0 0 1.2
2  668 82 0 0 1.2
0

0101000
+724 0 -722 0 *
Ve
1.50000001986027e-07
5.6 6.2 11.1429885673983
0 0

0101101
*
Ed
 1.5e-07 1 1 0
1  272 0 11.6429885673983 12.0892856157635
2  669 30 168 11.6429885673983 12.0892856157635
2  670 15 0 11.6429885673983 12.0892856157635
0

0101000
+720 0 -722 0 *
Ve
1.5e-07
5.6 6.3236009413745 11.1429885673984
0 0

0101101
*
Ed
 1e-07 1 1 0
1  264 0 13.4 13.5236009413745
2  650 30 168 13.4 13.5236009413745
2  651 14 0 13.4 13.5236009413745
2  671 83 0 13.4 13.5236009413745
0

0101000
+720 0 -718 0 *
Ed
 1e-07 1 1 0
1  273 0 0 28.8570114326016
2  672 30 168 0 28.8570114326016
2  673 84 0 0 28.8570114326016
0

0101000
+747 0 -718 0 *
Wi

0101100
-746 168 +744 0 +742 0 -740 0 +738 0 +736 0 +734 0 +732 0 -730 0 -728 0 
+727 0 -751 0 +725 0 +723 0 +721 0 -719 0 +717 0 -716 0 *
Fa
0  1e-07 30 168

0101000
+715 0 *
Ve
1.50000002512148e-07
5.18221983093764 6.2116570824605 378.206
0 0

0101101
*
Ve
1.50000000888178e-07
7.59703439666031 6.8587046952168 378.206
0 0

0101101
*
Ed
 1.5e-07 1 1 0
1  274 0 -9.125 -6.625
2  674 85 0 -9.125 -6.625
2  675 86 0 -9.125 -6.625
2  676 84 0 -9.125 -6.625
0

0101000
+713 0 -712 0 *
Ve
1.50001e-07
5.18221983093764 6.2116570824605 72
0 0

0101101
*
Ed
 1e-07 1 1 0
1  275 0 30.2 336.406
2  677 87 0 30.2 336.406
2  678 86 0 30.2 336.406
2  679 88 0 30.2 336.406
2  680 84 0 30.2 336.406
0

0101000
+710 0 -713 0 *
Ve
1.50000000888178e-07
3.44355334361732 5.74578280127596 72
0 0

0101101
*
Ed
 1.5e-07 1 1 0
1  276 0 -10.925 -9.125
2  681 89 0 -10.925 -9.125
2  682 90 0 -10.925 -9.125
2  683 84 0 -10.925 -9.125
0

0101000
+708 0 -710 0 *
Ve
1.50001e-07
3.44355334361732 5.74578280127596 57
0 0

0101101
*
Ed
 1e-07 1 1 0
1  277 0 42.2 57.2
2  684 91 0 42.2 57.2
2  685 90 0 42.2 57.2
2  686 92 0 42.2 57.2
2  687 84 0 42.2 57.2
0

0101000
+706 0 -708 0 *
Ve
1.50000001986027e-07
0.159405534234484 4.86579804792739 57
0 0

0101101
*
Ed
 1.5e-07 1 1 0
1  278 0 -14.325 -10.925
2  688 93 0 -14.325 -10.925
2  689 13 0 -14.325 -10.925
2  690 84 0 -14.325 -10.925
0

0101000
+704 0 -706 0 *
Ve
1.50000001986027e-07
0.159405534234484 4.86579804792739 40
0 0

0101101
*
Ed
 1e-07 1 1 0
1  279 0 50.2 67.2
2  691 94 0 50.2 67.2
2  692 13 0 50.2 67.2
2  693 95 0 50.2 67.2
2  694 84 0 50.2 67.2
0

0101000
+702 0 -704 0 *
Ed
 1e-07 1 1 0
1  280 0 0 5.63251785767796
2  695 84 0 0 5.63251785767796
0

0101000
+702 0 -747 0 *
Ve
1.00000000888178e-07
6 6.43078061834694 11.18
0 0

0101101
*
Ed
 1e-07 1 1 0
1  281 0 1.5707963267949 1.75532806158922
2  696 13 0 1.5707963267949 1.75532806158922
2  697 14 0 1.5707963267949 1.75532806158922
2  698 83 0 1.5707963267949 1.75532806158922
2  699 84 0 1.5707963267949 1.75532806158922
0

0101000
+699 0 -718 0 *
Ve
1.00000007324107e-07
7.59703439666031 6.8587046952168 10.4838736926989
0 0

0101101
*
Ed
 1e-07 1 1 0
1  282 0 0.748685007835849 1.5707963267949
2  700 13 0 0.748685007835849 1.5707963267949
2  701 14 0 0.748685007835849 1.5707963267949
2  702 83 0 0.748685007835849 1.5707963267949
2  703 84 0 0.748685007835849 1.5707963267949
0

0101000
+697 0 -699 0 *
Ed
 1e-07 1 1 0
1  283 0 0 367.722126307301
2  704 96 0 0 367.722126307301
2  705 84 0 0 367.722126307301
0

0101000
+697 0 -712 0 *
Wi

0101100
-711 0 -709 0 -707 0 -705 0 -703 0 -701 0 +700 0 +716 0 -698 0 -696 0 
+695 0 *
Fa
0  0 84 0

0101000
+694 0 *
Ve
1.00000001256074e-07
7.59703439666031 -6.8587046952168 11.7729913696014
0 0

0101101
*
Ve
1.00000001256074e-07
7.85749407811979 -5.8 11.6057083009711
0 0

0101101
*
Ed
 1e-07 1 1 0
1  284 0 0 0.999999434626618
2  706 2 0 0 0.999999434626618
2  707 28 0 0 0.999999434626618
2  708 96 0 0 0.999999434626618
2  709 80 0 0 0.999999434626618
0

0101000
+692 0 -691 0 *
Ve
1.02274198607214e-07
7.85749408039399 -5.8 10.1411028612928
0 0

0101101
*
Ed
 1e-07 1 1 0
1  285 0 20.1411028612928 21.6057083009711
2  710 2 0 20.1411028612928 21.6057083009711
2  711 27 0 20.1411028612928 21.6057083009711
2  712 96 0 20.1411028612928 21.6057083009711
0

0101000
+689 0 -691 0 *
Ve
2.10672210019446e-07
8.09770104817664 -4.6 9.59333827828536
0 0

0101101
*
Ed
 1e-07 1 1 0
1  46 0 0.169883350517071 0.372442379580582
2  136 2 0 0.169883350517071 0.372442379580582
2  137 14 0 0.169883350517071 0.372442379580582
2  713 96 0 0.169883350517071 0.372442379580582
0

0101000
+689 0 -687 0 *
Ve
1.00000002512148e-07
8.09770104817664 -4.6 12.6386330280036
0 0

0101101
*
Ed
 1e-07 1 1 0
1  45 0 19.5933382782854 22.6386330280036
2  133 2 0 19.5933382782854 22.6386330280036
2  134 26 0 19.5933382782854 22.6386330280036
2  714 96 0 19.5933382782854 22.6386330280036
0

0101000
+687 0 -685 0 *
Ve
1.00305271768483e-07
8.2678510731274 -3.5 12.5350886141814
0 0

0101101
*
Ed
 1e-07 1 1 0
1  286 0 3.17152693834664e-07 0.579930657405055
2  715 2 0 3.17152693834664e-07 0.579930657405055
2  716 24 0 3.17152693834664e-07 0.579930657405055
2  717 25 0 3.17152693834664e-07 0.579930657405055
2  718 96 0 3.17152693834664e-07 0.579930657405055
0

0101000
+685 0 -683 0 *
Ve
1.00000007755685e-07
8.26785107312739 -3.5 20
0 0

0101101
*
Ed
 1e-07 1 1 0
1  287 0 0 7.46491138581861
2  719 96 0 0 7.46491138581861
2  720 23 93 0 7.46491138581861
0

0101000
+683 0 -681 0 *
Ve
1.00000001986027e-07
8.26785107312739 3.5 20
0 0

0101101
*
Ed
 1e-07 1 1 0
1  288 0 0 0.264925006915216
2  721 96 0 0 0.264925006915216
2  722 81 93 0 0.264925006915216
0

0101000
+681 0 -679 0 *
Ve
1.00305272471575e-07
8.2678510731274 3.5 12.5350886141814
0 0

0101101
*
Ed
 1e-07 1 1 0
1  289 0 0 7.46491138581861
2  723 96 0 0 7.46491138581861
2  724 21 93 0 7.46491138581861
0

0101000
+679 0 -677 0 *
Ve
1.00000004351168e-07
8.09770104817664 4.6 12.6386330280036
0 0

0101101
*
Ed
 1e-07 1 1 0
1  290 0 3.17152692490365e-07 0.579930657404998
2  725 2 0 3.17152692490365e-07 0.579930657404998
2  726 19 0 3.17152692490365e-07 0.579930657404998
2  727 96 0 3.17152692490365e-07 0.579930657404998
2  728 20 0 3.17152692490365e-07 0.579930657404998
0

0101000
+675 0 -677 0 *
Ve
2.10667026214702e-07
8.09770104817664 4.6 9.59333827828536
0 0

0101101
*
Ed
 1e-07 1 1 0
1  39 0 19.5933382782854 22.6386330280036
2  114 2 0 19.5933382782854 22.6386330280036
2  115 18 0 19.5933382782854 22.6386330280036
2  729 96 0 19.5933382782854 22.6386330280036
0

0101000
+673 0 -675 0 *
Ve
1.0044517456388e-07
8.02402735979138 5 9.80976122785376
0 0

0101101
*
Ed
 1e-07 1 1 0
1  35 0 0.301275037429495 0.372442380717473
2  101 2 0 0.301275037429495 0.372442380717473
2  102 14 0 0.301275037429495 0.372442380717473
2  730 96 0 0.301275037429495 0.372442380717473
0

0101000
+671 0 -673 0 *
Ve
1.00000001776357e-07
8.02402735934621 5 10.6636445679946
0 0

0101101
*
Ed
 1e-07 1 1 0
1  291 0 19.8097612278538 20.6636445679946
2  731 2 0 19.8097612278538 20.6636445679946
2  732 17 0 19.8097612278538 20.6636445679946
2  733 96 0 19.8097612278538 20.6636445679946
0

0101000
+671 0 -669 0 *
Ve
1.00000004782987e-07
7.76451047468203 6.2 10.9367247570931
0 0

0101101
*
Ed
 1e-07 1 1 0
1  292 0 5.00550477718709e-07 0.99999950065975
2  734 2 0 5.00550477718709e-07 0.99999950065975
2  735 16 0 5.00550477718709e-07 0.99999950065975
2  736 96 0 5.00550477718709e-07 0.99999950065975
2  737 82 0 5.00550477718709e-07 0.99999950065975
0

0101000
+667 0 -669 0 *
Ve
1.01178959152526e-07
7.76451047350307 6.2 10.2801963865072
0 0

0101101
*
Ed
 1e-07 1 1 0
1  293 0 20.2801963865072 20.9367247570931
2  738 2 0 20.2801963865072 20.9367247570931
2  739 15 0 20.2801963865072 20.9367247570931
2  740 96 0 20.2801963865072 20.9367247570931
0

0101000
+665 0 -667 0 *
Ed
 1e-07 1 1 0
1  35 0 0 0.105259923406037
2  101 2 0 0 0.105259923406037
2  102 14 0 0 0.105259923406037
2  741 96 0 0 0.105259923406037
2  742 83 0 0 0.105259923406037
0

0101000
+697 0 -665 0 *
Ve
1.50000000888178e-07
7.59703439666031 -6.8587046952168 378.206
0 0

0101101
*
Ed
 1e-07 1 1 0
1  294 0 0 0.523598775598299
2  743 96 0 0 0.523598775598299
0

0101000
+712 0 -662 0 *
Ed
 1e-07 1 1 0
1  295 0 0 366.433008630399
2  744 96 0 0 366.433008630399
2  745 79 0 0 366.433008630399
0

0101000
+662 0 -692 0 *
Wi

0101100
+690 0 -688 0 +686 0 +684 0 +682 0 +680 0 +678 0 +676 0 -674 0 -672 0 
-670 0 +668 0 -666 0 -664 0 -663 0 +695 0 +661 0 +660 0 *
Fa
0  0 96 0

0101000
+659 0 *
Ve
1.50000001776357e-07
0.159405534234484 -4.86579804792739 40
0 0

0101101
*
Ed
 1e-07 1 1 0
1  296 0 0 0.523598775598299
2  746 95 0 0 0.523598775598299
0

0101000
+657 0 -702 0 *
Ve
1.50000000888178e-07
0.159405534234484 -4.86579804792739 57
0 0

0101101
*
Ed
 1e-07 1 1 0
1  297 0 0 0.523598775598299
2  747 95 0 0 0.523598775598299
0

0101000
+655 0 -704 0 *
Ed
 1e-07 1 1 0
1  298 0 50.2 67.2
2  748 94 0 50.2 67.2
2  749 29 0 50.2 67.2
2  750 95 0 50.2 67.2
2  751 79 0 50.2 67.2
0

0101000
+657 0 -655 0 *
Wi

0101100
+656 0 +701 0 -654 0 -653 0 *
Fa
0  0 95 0

0101000
+652 0 *
Ve
1.50001e-07
3.44355334361732 -5.74578280127596 57
0 0

0101101
*
Ed
 1.5e-07 1 1 0
1  299 0 -22.2 -18.8
2  752 93 0 -22.2 -18.8
2  753 29 0 -22.2 -18.8
2  754 79 0 -22.2 -18.8
0

0101000
+650 0 -655 0 *
Ed
 1e-07 1 1 0
1  300 0 0 0.523598775598299
2  755 92 0 0 0.523598775598299
0

0101000
+706 0 -650 0 *
Wi

0101100
-649 0 -648 0 -703 0 -654 0 *
Fa
0  1e-07 93 0

0101000
+647 0 *
Ve
1.50000004440892e-07
3.44355334361732 -5.74578280127596 72
0 0

0101101
*
Ed
 1e-07 1 1 0
1  301 0 0 0.523598775598299
2  756 92 0 0 0.523598775598299
0

0101000
+708 0 -645 0 *
Ed
 1e-07 1 1 0
1  302 0 42.2 57.2
2  757 91 0 42.2 57.2
2  758 97 0 42.2 57.2
2  759 92 0 42.2 57.2
2  760 79 0 42.2 57.2
0

0101000
+650 0 -645 0 *
Wi

0101100
-648 0 +705 0 +644 0 -643 0 *
Fa
0  0 92 0

0101000
+642 0 *
Ve
1.50001e-07
5.18221983093764 -6.2116570824605 72
0 0

0101101
*
Ed
 1.5e-07 1 1 0
1  303 0 -24 -22.2
2  761 89 0 -24 -22.2
2  762 97 0 -24 -22.2
2  763 79 0 -24 -22.2
0

0101000
+640 0 -645 0 *
Ed
 1e-07 1 1 0
1  304 0 0 0.523598775598299
2  764 88 0 0 0.523598775598299
0

0101000
+640 0 -710 0 *
Wi

0101100
-639 0 +638 0 -707 0 +644 0 *
Fa
0  1e-07 89 0

0101000
+637 0 *
Ve
1.50000001776357e-07
5.18221983093764 -6.2116570824605 378.206
0 0

0101101
*
Ed
 1e-07 1 1 0
1  305 0 0 0.523598775598299
2  765 88 0 0 0.523598775598299
0

0101000
+635 0 -713 0 *
Ed
 1e-07 1 1 0
1  306 0 30.2 336.406
2  766 87 0 30.2 336.406
2  767 98 0 30.2 336.406
2  768 88 0 30.2 336.406
2  769 79 0 30.2 336.406
0

0101000
+640 0 -635 0 *
Wi

0101100
-634 0 -633 0 +638 0 +709 0 *
Ve
1.0000001939938e-07
5.93240481021496 -1.8 372.406
0 0

0101101
*
Ve
1.00000001790181e-07
5.93240481021496 1.8 372.406
0 0

0101101
*
Ed
 1e-07 1 1 0
1  307 0 0 0.150140982153433
2  770 88 0 0 0.150140982153433
0

0101000
+631 0 -630 0 *
Ve
1.0000001939938e-07
5.93240481021496 -1.8 377.006
0 0

0101101
*
Ed
 1e-07 1 1 0
1  308 0 330.606 335.206
2  771 87 0 330.606 335.206
2  772 99 206 330.606 335.206
2  773 88 0 330.606 335.206
0

0101000
+631 0 -628 0 *
Ve
1.00000001790181e-07
5.93240481021496 1.8 377.006
0 0

0101101
*
Ed
 1e-07 1 1 0
1  309 0 0 0.150140982153433
2  774 88 0 0 0.150140982153433
0

0101000
+626 0 -628 0 *
Ed
 1e-07 1 1 0
1  310 0 330.606 335.206
2  775 87 0 330.606 335.206
2  776 100 206 330.606 335.206
2  777 88 0 330.606 335.206
0

0101000
+630 0 -626 0 *
Wi

0101100
-629 0 +627 0 -625 0 -624 0 *
Fa
0  0 88 0

0101000
+632 0 +623 0 *
Ve
1e-07
1.15 1.8 372.406
0 0

0101101
*
Ed
 1e-07 1 1 0
1  311 0 0 4.78240481021496
2  778 101 0 0 4.78240481021496
2  779 100 0 0 4.78240481021496
0

0101000
+621 207 -630 207 *
Ve
1e-07
1.15 1.8 377.006
0 0

0101101
*
Ed
 1e-07 1 1 0
1  312 0 0 4.78240481021496
2  780 102 0 0 4.78240481021496
2  781 100 0 0 4.78240481021496
0

0101000
+619 207 -626 207 *
Ed
 1e-07 1 1 0
1  313 0 0 4.6
2  782 100 0 0 4.6
0

0101000
-619 207 +621 207 *
Wi

0101100
-620 206 -624 0 +618 206 +617 206 *
Fa
0  1e-07 100 206

0101000
+616 0 *
Ve
1e-07
1.15 -1.8 377.006
0 0

0101101
*
Ve
1e-07
1.15 -1.8 372.406
0 0

0101101
*
Ed
 1e-07 1 1 0
1  314 0 0 4.6
2  783 99 0 0 4.6
0

0101000
-614 207 +613 207 *
Ed
 1e-07 1 1 0
1  315 0 0 3.6
2  784 102 0 0 3.6
0

0101000
-619 207 +614 207 *
Ed
 1e-07 1 1 0
1  316 0 0 3.6
2  785 101 0 0 3.6
0

0101000
-621 207 +613 207 *
Wi

0101100
-612 0 -611 0 +617 0 +610 0 *
Fa
0  1e-07 103 0

0101000
+609 0 *
Ed
 1e-07 1 1 0
1  317 0 0 4.78240481021496
2  786 102 0 0 4.78240481021496
2  787 99 0 0 4.78240481021496
0

0101000
+614 207 -628 207 *
Wi

0101100
-618 206 -611 206 +607 206 -625 0 *
Fa
0  1e-07 102 206

0101000
+606 0 *
Ed
 1e-07 1 1 0
1  318 0 0 4.78240481021496
2  788 101 0 0 4.78240481021496
2  789 99 0 0 4.78240481021496
0

0101000
+613 207 -631 207 *
Wi

0101100
-604 206 -627 0 +607 206 +612 206 *
Fa
0  1e-07 99 206

0101000
+603 0 *
Wi

0101100
-620 206 -610 206 +604 206 +629 0 *
Fa
0  1e-07 101 206

0101000
+601 0 *
Ed
 1.5e-07 1 1 0
1  319 0 -26.5 -24
2  790 85 0 -26.5 -24
2  791 98 0 -26.5 -24
2  792 79 0 -26.5 -24
0

0101000
+662 0 -635 0 *
Wi

0101100
-599 0 -661 0 -711 0 -634 0 *
Fa
0  1e-07 85 0

0101000
+598 0 *
Ed
 1e-07 1 1 0
1  320 0 0 1.12767586166329
2  793 83 0 0 1.12767586166329
2  794 15 0 0 1.12767586166329
0

0101000
+665 0 -720 0 *
Wi

0101100
-596 0 -663 0 +696 0 +698 0 -717 0 *
Fa
0  0 83 0

0101000
+595 0 *
Ed
 1e-07 1 1 0
1  321 0 0 0.892173990177377
2  795 82 0 0 0.892173990177377
2  796 15 0 0 0.892173990177377
0

0101000
+667 0 -722 0 *
Wi

0101100
+719 0 -593 0 -664 0 +596 0 *
Fa
0  1e-07 15 0

0101000
+592 0 *
Ed
 1e-07 1 1 0
1  322 0 0 1.03608635420433
2  797 82 0 0 1.03608635420433
2  798 17 0 0 1.03608635420433
0

0101000
+724 0 -669 0 *
Wi

0101100
+590 0 -666 0 +593 0 -721 0 *
Fa
0  0 82 0

0101000
+589 0 *
Ve
1.00000000888178e-07
6 5 11.18
0 0

0101101
*
Ed
 1e-07 1 1 0
1  323 0 0 1.19022594274087
2  799 14 0 0 1.19022594274087
2  800 17 0 0 1.19022594274087
0

0101000
+587 0 -671 0 *
Ed
 1e-07 1 1 0
1  324 0 6.09865357238526 6.28318530717959
2  801 14 0 6.09865357238526 6.28318530717959
2  802 17 0 6.09865357238526 6.28318530717959
0

0101000
+726 0 -587 0 *
Wi

0101100
+590 0 -668 0 -586 0 -585 0 +723 0 *
Fa
0  1e-07 17 0

0101000
+584 0 *
Ed
 1e-07 1 1 0
1  325 0 0 0.665777639652271
2  803 20 0 0 0.665777639652271
2  804 21 93 0 0.665777639652271
0

0101000
+677 0 -729 0 *
Ed
 1e-07 1 1 0
1  326 0 3.1 5.76785107312739
2  805 81 0 3.1 5.76785107312739
2  806 21 0 3.1 5.76785107312739
0

0101000
+731 208 -679 208 *
Wi

0101100
+676 0 +582 0 +728 0 +581 93 *
Fa
0  1e-07 21 93

0101000
+580 0 *
Ed
 1e-07 1 1 0
1  327 0 3.1 5.76785107312739
2  807 23 0 3.1 5.76785107312739
2  808 81 0 3.1 5.76785107312739
0

0101000
+733 208 -681 208 *
Wi

0101100
-581 93 +730 0 +578 93 +678 0 *
Fa
0  1e-07 81 93

0101000
+577 0 *
Ed
 1e-07 1 1 0
1  328 0 0 0.665777639652271
2  809 25 0 0 0.665777639652271
2  810 23 93 0 0.665777639652271
0

0101000
+735 0 -683 0 *
Wi

0101100
-680 0 -575 0 +732 0 +578 93 *
Fa
0  1e-07 23 93

0101000
+574 0 *
Ve
1.00000011957468e-07
3.41689896052674 -4.6 5.68826495325001
0 0

0101101
*
Ed
 1e-07 1 1 0
1  329 0 3.80400912925662 6.18780264817138
2  811 24 0 3.80400912925662 6.18780264817138
2  812 26 0 3.80400912925662 6.18780264817138
2  813 25 0 3.80400912925662 6.18780264817138
0

0101000
+572 0 -737 0 *
Ve
2.2332947028131e-07
4.54341465385599 -4.6 7.3780384932439
0 0

0101101
*
Ed
 1e-07 1 1 0
1  330 0 6.62827705250927 8.65913209996602
2  814 59 0 6.62827705250927 8.65913209996602
2  815 26 0 6.62827705250927 8.65913209996602
0

0101000
+572 0 -570 0 *
Ed
 1.00000001986027e-07 1 1 0
1  331 0 3.87332349701211 6.09865357238526
2  816 26 0 3.87332349701211 6.09865357238526
2  817 104 0 3.87332349701211 6.09865357238526
2  818 14 0 3.87332349701211 6.09865357238526
0

0101000
+570 0 -739 0 *
Wi

0101100
+571 0 -569 0 -568 0 -736 0 *
Fa
0  1e-07 26 0

0101000
+567 0 *
Ve
1.63581958611967e-07
5.06302989612666 -2.7 7.03162833173011
0 0

0101101
*
Ve
2.2332947028131e-07
4.54341465385601 -2.7 7.37803849324388
0 0

0101101
*
Ed
 1e-07 1 1 0
1  332 0 0.203124330081351 0.295826582082787
2  819 59 0 0.203124330081351 0.295826582082787
2  820 14 0 0.203124330081351 0.295826582082787
0

0101000
+565 0 -564 0 *
Ve
1.00000008881784e-07
3.41689896052675 -2.7 5.68826495325
0 0

0101101
*
Ed
 1e-07 1 1 0
1  333 0 6.62827705250927 8.65913209996602
2  821 59 0 6.62827705250927 8.65913209996602
2  822 105 0 6.62827705250927 8.65913209996602
0

0101000
+562 0 -564 0 *
Ed
 1e-07 1 1 0
1  334 0 6.90772466205794e-07 0.999999309227527
2  823 59 0 6.90772466205794e-07 0.999999309227527
2  824 24 0 6.90772466205794e-07 0.999999309227527
2  825 25 0 6.90772466205794e-07 0.999999309227527
0

0101000
+562 0 -572 0 *
Ve
1.1536491453428e-07
5.06302989612668 -4.6 7.0316283317301
0 0

0101101
*
Ed
 1e-07 1 1 0
1  332 0 0.703021836013496 0.795993109789964
2  819 59 0 0.703021836013496 0.795993109789964
2  820 14 0 0.703021836013496 0.795993109789964
0

0101000
+570 0 -559 0 *
Ve
1.00000016521074e-07
3.93651420279742 -4.6 5.34185479173622
0 0

0101101
*
Ed
 1e-07 1 1 0
1  335 0 6.62827705250928 8.65913209996602
2  826 59 0 6.62827705250928 8.65913209996602
2  827 26 0 6.62827705250928 8.65913209996602
0

0101000
+557 0 -559 0 *
Ve
1.00000002035072e-07
4.56930859454089 -3.65 5.05118725407934
0 0

0101101
*
Ed
 1e-07 1 1 0
1  336 0 1.38078288082344e-06 1
2  828 59 0 1.38078288082344e-06 1
2  829 24 0 1.38078288082344e-06 1
2  830 25 0 1.38078288082344e-06 1
0

0101000
+557 0 -555 0 *
Ve
1.23516077729478e-07
4.22616284403327 -3.65 4.53646862831791
0 0

0101101
*
Ed
 1e-07 1 1 0
1  337 0 6.11882341631134 6.73743821551774
3  831 832CN 59 0 6.11882341631134 6.73743821551774
0

0101000
+553 0 -555 0 *
Ed
 1.23516075028189e-07 1 1 0
1  338 0 0 1
2  833 38 0 0 1
2  834 59 0 0 1
0

0101100
+553 0 -553 0 *
Ve
1.0000000635839e-07
3.9365142027974 -2.7 5.34185479173623
0 0

0101101
*
Ed
 1e-07 1 1 0
1  339 0 0 0.999998619217133
2  835 59 0 0 0.999998619217133
2  836 24 0 0 0.999998619217133
2  837 25 0 0 0.999998619217133
0

0101000
+555 0 -550 0 *
Ed
 1e-07 1 1 0
1  340 0 6.62827705250927 8.65913209996602
2  838 59 0 6.62827705250927 8.65913209996602
2  839 105 0 6.62827705250927 8.65913209996602
0

0101000
+550 0 -565 0 *
Wi

0101100
-563 0 +561 0 -560 0 -569 0 -558 0 +556 0 -554 0 +552 0 +551 0 -552 0 
-549 0 -548 0 *
Fa
0  1e-07 59 0

0101000
+547 0 *
Ve
1.5e-07
5.6 -4.6 4.81909100792662
0 0

0101101
*
Ve
1.50001e-07
5.6 -4.6 6.85701143260166
0 0

0101101
*
Ed
 1.5e-07 1 1 0
1  265 0 5.31909100792662 7.35701143260166
2  652 30 168 5.31909100792662 7.35701143260166
2  653 26 0 5.31909100792662 7.35701143260166
0

0101000
+545 0 -544 0 *
Ed
 1.00000000888178e-07 1 1 0
1  331 0 3.32612438838412 3.58586701726261
2  816 26 0 3.32612438838412 3.58586701726261
2  817 104 0 3.32612438838412 3.58586701726261
2  840 14 0 3.32612438838412 3.58586701726261
0

0101000
+544 0 -559 0 *
Ed
 1e-07 1 1 0
1  329 0 3.236975312598 3.6551813850181
2  811 24 0 3.236975312598 3.6551813850181
2  812 26 0 3.236975312598 3.6551813850181
2  841 25 0 3.236975312598 3.6551813850181
0

0101000
+545 0 -557 0 *
Wi

0101100
-543 0 -542 0 +556 0 +541 0 *
Fa
0  1e-07 26 0

0101000
+540 0 *
Ed
 1e-07 1 1 0
1  341 0 0 6.13435756294108
2  842 25 0 0 6.13435756294108
2  843 105 0 0 6.13435756294108
0

0101000
+550 0 -562 0 *
Ve
1.00000002035072e-07
6 -2.7 11.18
0 0

0101101
*
Ed
 1.00000000993014e-07 1 1 0
1  342 0 0 3.58586701726262
2  844 105 0 0 3.58586701726262
2  845 104 0 0 3.58586701726262
2  846 14 0 0 3.58586701726262
0

0101000
+537 0 -565 0 *
Ed
 1.00000002035072e-07 1 1 0
1  342 0 3.8733234970121 6.28318530717959
2  844 105 0 3.8733234970121 6.28318530717959
2  845 104 0 3.8733234970121 6.28318530717959
2  847 14 0 3.8733234970121 6.28318530717959
0

0101000
+564 0 -537 0 *
Wi

0101100
-561 0 -538 0 +548 0 -536 0 -535 0 *
Fa
0  1e-07 105 0

0101000
+534 0 *
Ed
 1e-07 1 1 0
1  343 0 0 0.744629791296308
2  848 80 0 0 0.744629791296308
2  849 27 0 0 0.744629791296308
0

0101000
+691 0 -743 0 *
Ve
1.00000000888178e-07
6 -5.8 11.18
0 0

0101101
*
Ed
 1e-07 1 1 0
1  344 0 0 1.01991112584976
2  850 14 0 0 1.01991112584976
2  851 27 0 0 1.01991112584976
0

0101000
+531 0 -689 0 *
Ed
 1e-07 1 1 0
1  345 0 6.09865357238526 6.28318530717959
2  852 14 0 6.09865357238526 6.28318530717959
2  853 27 0 6.09865357238526 6.28318530717959
0

0101000
+741 0 -531 0 *
Wi

0101100
+740 0 -532 0 -688 0 -530 0 -529 0 *
Fa
0  1e-07 27 0

0101000
+528 0 *
Ve
1e-07
6 -6.43078061834694 12.2
0 0

0101101
*
Ed
 1e-07 1 1 0
1  346 0 1.44546849562683 1.5707963267949
2  854 29 0 1.44546849562683 1.5707963267949
2  855 28 0 1.44546849562683 1.5707963267949
2  856 80 0 1.44546849562683 1.5707963267949
2  857 79 0 1.44546849562683 1.5707963267949
0

0101000
+745 0 -526 0 *
Ed
 1e-07 1 1 0
1  347 0 1.5707963267949 2.09332531263435
2  858 29 0 1.5707963267949 2.09332531263435
2  859 28 0 1.5707963267949 2.09332531263435
2  860 80 0 1.5707963267949 2.09332531263435
2  861 79 0 1.5707963267949 2.09332531263435
0

0101000
+526 0 -692 0 *
Wi

0101100
+532 0 -742 0 +525 0 +524 0 +690 0 *
Fa
0  0 80 0

0101000
+523 0 *
Ed
 1e-07 1 1 0
1  348 0 0 5.63251785767796
2  862 79 0 0 5.63251785767796
0

0101000
+657 0 -748 0 *
Wi

0101100
-524 0 -525 0 -744 0 -521 0 +653 0 -649 0 +643 0 -639 0 +633 0 -599 0 
+660 0 *
Fa
0  0 79 0

0101000
+520 0 *
Wi

0101100
+746 168 -700 0 -656 0 +521 0 *
Fa
0  1e-07 78 168

0101000
+518 0 *
Ve
1e-07
-1.51856203094272e-15 -5.8 6.2
0 0

0101101
*
Ed
 1e-07 1 1 0
1  349 0 0 11.6
3  863 864CN 38 0 0 11.6
0

0101000
-954 0 +516 0 *
Ve
1.50000000444089e-07
5.6 -5.8 2.66082693913002
0 0

0101101
*
Ed
 1e-07 1 1 0
1  350 0 0 1.12722751367912
2  865 38 0 0 1.12722751367912
2  866 39 0 0 1.12722751367912
2  867 40 0 0 1.12722751367912
0

0101000
+516 0 -514 0 *
Ve
1.5e-07
5.6 -3.5 2.66082693913001
0 0

0101101
*
Ed
 1e-07 1 1 0
1  238 0 0 2.3
2  587 30 168 0 2.3
2  588 38 0 0 2.3
0

0101000
+514 0 -512 0 *
Ve
1.00000000666134e-07
5.86856030044848 -3.5 -2
0 0

0101101
*
Ed
 1e-07 1 1 0
1  351 0 1.12722751367912 1.89925094472519
2  868 23 93 1.12722751367912 1.89925094472519
2  869 38 0 1.12722751367912 1.89925094472519
0

0101000
+512 0 -510 0 *
Ve
1.00000001110223e-07
5.86856030044848 3.5 -2
0 0

0101101
*
Ed
 1e-07 1 1 0
1  352 0 2.3 9.3
2  870 22 93 2.3 9.3
2  871 38 0 2.3 9.3
0

0101000
+510 0 -508 0 *
Ed
 1e-07 1 1 0
1  353 0 1.12722751367912 1.89925094472519
2  872 21 93 1.12722751367912 1.89925094472519
2  873 38 0 1.12722751367912 1.89925094472519
0

0101000
+809 0 -508 0 *
Wi

0101100
-951 0 -515 0 +513 0 +511 0 +509 0 +507 0 -506 0 +808 0 *
Wi

0101100
-551 0 *
Wi

0101100
-765 0 *
Fa
0  0 38 0

0101000
+505 0 +504 0 +503 0 *
Ed
 1e-07 1 1 0
1  354 0 10.8 11.6
2  874 38 0 10.8 11.6
2  875 53 201 10.8 11.6
0

0101000
+879 0 -956 0 *
Ed
 1e-07 1 1 0
1  355 0 0 0.2
2  876 53 201 0 0.2
2  877 48 0 0 0.2
0

0101000
+958 0 -841 0 *
Wi

0101100
-501 0 +955 0 -500 0 +839 201 +866 0 -878 201 *
Fa
0  1e-07 53 201

0101000
+499 0 *
Ed
 1e-07 1 1 0
1  356 0 0 0.2
2  878 51 201 0 0.2
2  879 48 0 0 0.2
0

0101000
+960 0 -843 0 *
Wi

0101100
+957 0 -497 0 -840 0 +500 0 *
Fa
0  1e-07 48 0

0101000
+496 0 *
Ed
 1e-07 1 1 0
1  357 0 10.8 11.6
2  880 38 0 10.8 11.6
2  881 51 201 10.8 11.6
0

0101000
+885 0 -962 0 *
Wi

0101100
-884 201 -494 0 +959 0 -497 0 +842 201 +861 0 *
Fa
0  1e-07 51 201

0101000
+493 0 *
Ve
1.50000002035072e-07
5.82837884835912 6.38479486936067 -1.8
0 0

0101101
*
Ed
 1.00000001256074e-07 1 1 0
1  358 0 5.98364400249757 6.69089138734008
2  882 13 0 5.98364400249757 6.69089138734008
2  883 47 0 5.98364400249757 6.69089138734008
2  884 48 0 5.98364400249757 6.69089138734008
0

0101000
+491 0 -811 0 *
Ve
1.0000000189715e-07
5.82837884835912 6.15014166492946 -1.8
0 0

0101101
*
Ed
 1e-07 1 1 0
1  359 0 0.350141664929464 0.584794869360672
2  885 47 0 0.350141664929464 0.584794869360672
2  886 106 0 0.350141664929464 0.584794869360672
0

0101000
+489 0 -491 0 *
Ed
 1e-07 1 1 0
1  360 0 0 0.999999043737591
2  887 47 0 0 0.999999043737591
2  888 46 0 0 0.999999043737591
0

0101000
+969 0 -489 0 *
Wi

0101100
-810 0 +490 0 +488 0 +487 0 +966 0 +948 0 *
Fa
0  1e-07 47 0

0101000
+486 0 *
Ve
1.50000000915513e-07
7.10285530785742 6.72628980745572 -1.8
0 0

0101101
*
Ed
 1.5e-07 1 1 0
1  361 0 19.6646715938914 20.9841067149033
2  889 13 0 19.6646715938914 20.9841067149033
2  890 106 0 19.6646715938914 20.9841067149033
0

0101000
+484 0 -491 0 *
Ed
 1e-07 1 1 0
1  362 0 4.69928487708668 5.57463532221924
2  891 46 0 4.69928487708668 5.57463532221924
2  892 106 0 4.69928487708668 5.57463532221924
0

0101000
+489 0 -484 0 *
Wi

0101100
-488 0 +483 0 +482 0 *
Fa
0  1e-07 106 0

0101000
+481 0 *
Ve
1.50000000888178e-07
7.10285530785742 6.72628980745572 -5.2
0 0

0101101
*
Ed
 1e-07 1 1 0
1  363 0 0 3.4
2  893 13 0 0 3.4
2  894 46 0 0 3.4
0

0101000
+479 0 -484 0 *
Ed
 1e-07 1 1 0
1  364 0 4.56028803869791 5.57463532221924
2  895 46 0 4.56028803869791 5.57463532221924
2  896 45 0 4.56028803869791 5.57463532221924
0

0101000
+971 0 -479 0 *
Wi

0101100
-482 0 +478 0 +477 0 -968 0 -487 0 *
Fa
0  1e-07 46 0

0101000
+476 0 *
Ve
1.00000002808667e-07
5.6287592758565 6.25060191321819 -5.2
0 0

0101101
*
Ed
 1e-07 1 1 0
1  365 0 4.72172612708154 4.74025854244152
2  897 45 0 4.72172612708154 4.74025854244152
2  898 36 200 4.72172612708154 4.74025854244152
0

0101000
+973 0 -474 0 *
Ve
1.50000000888178e-07
6.66429198218825 6.60877711851275 -5.2
0 0

0101101
*
Ed
 1e-07 1 1 0
1  366 0 4.68451941832787 5.40664348723077
2  899 45 0 4.68451941832787 5.40664348723077
2  900 36 210 4.68451941832787 5.40664348723077
0

0101000
+474 0 -472 0 *
Ed
 1.5e-07 1 1 0
1  367 0 19.6646715938914 20.1187057585581
2  901 13 0 19.6646715938914 20.1187057585581
2  902 45 0 19.6646715938914 20.1187057585581
0

0101000
+479 0 -472 0 *
Wi

0101100
-473 0 -471 0 +470 0 +477 0 +970 0 *
Fa
0  1e-07 45 0

0101000
+469 0 *
Ve
1.00000068946906e-07
5.62659529823288 6.25061404237075 -5.24956323614199
0 0

0101101
*
Ed
 1e-07 1 1 0
1  368 0 1.59866588885172 1.59894530644361
2  903 36 200 1.59866588885172 1.59894530644361
2  904 36 210 1.59866588885172 1.59894530644361
0

0101000
+474 0 -467 0 *
Ve
1.50000002808667e-07
6.65987784079578 6.60759435289136 -5.28564625763068
0 0

0101101
*
Ed
 1e-07 1 1 0
1  369 0 3.57300656316993 3.57420007209571
2  905 13 0 3.57300656316993 3.57420007209571
2  906 36 210 3.57300656316993 3.57420007209571
0

0101000
+465 0 -472 0 *
Ed
 1e-07 1 1 0
1  370 0 4.68424000073594 5.40544997830506
2  907 36 0 4.68424000073594 5.40544997830506
2  908 37 0 4.68424000073594 5.40544997830506
0

0101000
+467 211 -465 211 *
Wi

0101100
+466 0 -471 0 +464 0 +463 210 *
Fa
0  1e-07 36 210

0101000
+462 0 *
Ve
1.50000009729507e-07
6.52904348453836 6.57253739278995 -5.2810774212342
0 0

0101101
*
Ed
 1e-07 1 1 0
1  371 0 4.74053796003336 5.36925251974832
2  909 36 200 4.74053796003336 5.36925251974832
2  910 37 210 4.74053796003336 5.36925251974832
0

0101000
+467 0 -460 0 *
Ed
 1.5e-07 1 1 0
1  372 0 20.1073002614847 20.2428269876123
2  911 13 0 20.1073002614847 20.2428269876123
2  912 37 210 20.1073002614847 20.2428269876123
0

0101000
+465 0 -460 0 *
Wi

0101100
-459 0 +458 0 +463 210 *
Fa
0  1e-07 37 210

0101000
+457 0 *
Ve
1.50000001776357e-07
6.51958283669226 6.57000241983971 -5.39860720561237
0 0

0101101
*
Ed
 1e-07 1 1 0
1  373 0 3.53431648230016 3.53699945290858
2  913 13 0 3.53431648230016 3.53699945290858
2  914 36 200 3.53431648230016 3.53699945290858
0

0101000
+455 0 -460 0 *
Ed
 1e-07 1 1 0
1  370 0 4.7268052364842 5.36656954913991
2  907 36 0 4.7268052364842 5.36656954913991
2  908 37 0 4.7268052364842 5.36656954913991
0

0101000
+975 212 -455 212 *
Wi

0101100
-473 0 -466 0 -459 0 +454 0 +453 200 +972 0 *
Fa
0  1e-07 36 200

0101000
+452 0 *
Ve
1.50000011682163e-07
6.38284158067722 6.53336271071846 -5.39144090004824
0 0

0101101
*
Ed
 1e-07 1 1 0
1  374 0 4.78314781097313 5.32667470128388
2  915 36 198 4.78314781097313 5.32667470128388
2  916 37 200 4.78314781097313 5.32667470128388
0

0101000
+977 0 -450 0 *
Ed
 1.5e-07 1 1 0
1  375 0 20.2313751516632 20.3731213872975
2  917 13 0 20.2313751516632 20.3731213872975
2  918 37 200 20.2313751516632 20.3731213872975
0

0101000
+455 0 -450 0 *
Wi

0101100
+974 0 -449 0 +448 0 +453 200 *
Fa
0  1e-07 37 200

0101000
+447 0 *
Ve
1.50000001776357e-07
6.36967282394651 6.52983415298714 -5.50774249901171
0 0

0101101
*
Ed
 1e-07 1 1 0
1  376 0 3.49072727551424 3.49468807343894
2  919 13 0 3.49072727551424 3.49468807343894
2  920 36 198 3.49072727551424 3.49468807343894
0

0101000
+445 0 -450 0 *
Ed
 1e-07 1 1 0
1  370 0 4.78781857129046 5.32271390335918
2  907 36 0 4.78781857129046 5.32271390335918
2  908 37 0 4.78781857129046 5.32271390335918
0

0101000
+979 213 -445 213 *
Wi

0101100
-449 0 +444 0 +443 198 +976 0 *
Fa
0  1e-07 36 198

0101000
+442 0 *
Ve
1.50000008426e-07
6.22451548905668 6.49093936232796 -5.49759210935266
0 0

0101101
*
Ed
 1e-07 1 1 0
1  377 0 4.84440495794737 5.27745126594499
2  921 36 196 4.84440495794737 5.27745126594499
2  922 37 198 4.84440495794737 5.27745126594499
0

0101000
+981 0 -440 0 *
Ed
 1.5e-07 1 1 0
1  378 0 20.3566936389342 20.5073139796022
2  923 13 0 20.3566936389342 20.5073139796022
2  924 37 198 20.3566936389342 20.5073139796022
0

0101000
+445 0 -440 0 *
Wi

0101100
+978 0 -439 0 +438 0 +443 198 *
Fa
0  1e-07 37 198

0101000
+437 0 *
Ve
1.50000002175584e-07
6.20699919135466 6.48624588450432 -5.61233224335202
0 0

0101101
*
Ed
 1e-07 1 1 0
1  379 0 3.44012668646053 3.44580711910205
2  925 13 0 3.44012668646053 3.44580711910205
2  926 36 196 3.44012668646053 3.44580711910205
0

0101000
+435 0 -440 0 *
Ed
 1e-07 1 1 0
1  370 0 4.85038058670485 5.27177083330346
2  907 36 0 4.85038058670485 5.27177083330346
2  908 37 0 4.85038058670485 5.27177083330346
0

0101000
+983 214 -435 214 *
Wi

0101100
-439 0 +434 0 +433 196 +980 0 *
Fa
0  1e-07 36 196

0101000
+432 0 *
Ve
1.50000007793734e-07
6.04825571692462 6.44371069872708 -5.59844398893068
0 0

0101101
*
Ed
 1e-07 1 1 0
1  380 0 4.90744284559573 5.2176971137637
2  927 36 194 4.90744284559573 5.2176971137637
2  928 37 196 4.90744284559573 5.2176971137637
0

0101000
+985 0 -430 0 *
Ed
 1.5e-07 1 1 0
1  381 0 20.4866037759866 20.6515329011104
2  929 13 0 20.4866037759866 20.6515329011104
2  930 37 196 20.4866037759866 20.6515329011104
0

0101000
+435 0 -430 0 *
Wi

0101100
+982 0 -429 0 +428 0 +433 196 *
Fa
0  1e-07 37 196

0101000
+427 0 *
Ve
1.50000003972055e-07
6.02496033128765 6.43746871895829 -5.71106565992178
0 0

0101101
*
Ed
 1e-07 1 1 0
1  382 0 3.37808872317546 3.38647142722092
2  931 13 0 3.37808872317546 3.38647142722092
2  932 36 194 3.37808872317546 3.38647142722092
0

0101000
+425 0 -430 0 *
Ed
 1e-07 1 1 0
1  370 0 4.91481554438857 5.20931440971824
2  907 36 0 4.91481554438857 5.20931440971824
2  908 37 0 4.91481554438857 5.20931440971824
0

0101000
+987 215 -425 215 *
Wi

0101100
-429 0 +424 0 +423 194 +984 0 *
Fa
0  1e-07 36 194

0101000
+422 0 *
Ed
 1.5e-07 1 1 0
1  383 0 20.6280828994916 21.0702956625762
2  933 13 0 20.6280828994916 21.0702956625762
2  934 37 194 20.6280828994916 21.0702956625762
0

0101000
+425 0 -989 0 *
Wi

0101100
+986 0 +420 0 +423 194 *
Fa
0  1e-07 37 194

0101000
+419 0 *
Ve
1.50000000993014e-07
6.2 2.1 -6.1
0 0

0101101
*
Ve
1e-07
6.2 2.1 -2.8
0 0

0101101
*
Ed
 1e-07 1 1 0
1  384 0 0.100000000000001 3.4
2  935 43 0 0.100000000000001 3.4
2  936 107 0 0.100000000000001 3.4
0

0101000
+417 202 -416 202 *
Ed
 1e-07 1 1 0
1  232 0 3.8 4.4
2  574 43 0 3.8 4.4
2  575 42 0 3.8 4.4
0

0101000
+999 202 -416 202 *
Ed
 1.5e-07 1 1 0
1  385 0 -5.85 -5.25
2  937 44 66 -5.85 -5.25
2  938 43 189 -5.85 -5.25
0

0101000
+417 0 -997 0 *
Wi

0101100
-415 189 +414 189 +996 0 +413 0 *
Fa
0  1e-07 43 189

0101000
+412 0 *
Ve
1.00000003202373e-07
6.2 -2.1 -5.71387365684899
0 0

0101101
*
Ve
1e-07
6.2 -2.1 -2.8
0 0

0101101
*
Ed
 1e-07 1 1 0
1  386 0 0.486126343151006 3.4
2  939 41 0 0.486126343151006 3.4
2  940 107 0 0.486126343151006 3.4
0

0101000
+410 202 -409 202 *
Ed
 1e-07 1 1 0
1  387 0 0 4.2
2  941 107 0 0 4.2
2  942 42 0 0 4.2
0

0101000
-416 202 +409 202 *
Ve
1.5e-07
6.2 -1.6 -6.1
0 0

0101101
*
Ed
 1.5e-07 1 1 0
1  388 0 1.95 5.65
2  943 44 66 1.95 5.65
2  944 107 189 1.95 5.65
0

0101000
+406 0 -417 0 *
Ve
1.5e-07
6.2 -1.6 -5.71387365684899
0 0

0101101
*
Ed
 1.5e-07 1 1 0
1  389 0 1.25 1.63612634315101
2  945 107 189 1.25 1.63612634315101
2  946 108 0 1.25 1.63612634315101
0

0101000
+406 0 -404 0 *
Ed
 1e-07 1 1 0
1  390 0 2.9 3.4
2  947 107 189 2.9 3.4
2  948 7 0 2.9 3.4
2  949 8 0 2.9 3.4
0

0101000
+410 0 -404 0 *
Wi

0101100
-408 189 -407 189 +415 189 +405 0 -403 0 +402 0 *
Fa
0  1e-07 107 189

0101000
+401 0 *
Ve
1.5e-07
8.33704261489394 -1.6 -6.1
0 0

0101101
*
Ed
 1e-07 1 1 0
1  391 0 0 0.781734629552159
2  950 8 0 0 0.781734629552159
0

0101000
+404 0 -399 0 *
Ed
 1.5e-07 1 1 0
1  392 0 -5.48704261489394 -3.35
2  951 44 66 -5.48704261489394 -3.35
2  952 108 0 -5.48704261489394 -3.35
0

0101000
+399 0 -406 0 *
Wi

0101100
+398 0 +397 0 +403 0 *
Fa
0  1e-07 108 0

0101000
+396 0 *
Ed
 1e-07 1 1 0
1  193 0 3.8 4.4
2  481 41 0 3.8 4.4
2  482 42 0 3.8 4.4
0

0101000
+1001 202 -409 202 *
Wi

0101100
-414 189 +407 189 +394 189 +998 0 *
Fa
0  1e-07 42 189

0101000
+393 0 *
Ed
 1e-07 1 1 0
1  393 0 5.84857978157222 6.07107199670036
2  953 41 189 5.84857978157222 6.07107199670036
2  954 7 0 5.84857978157222 6.07107199670036
2  955 8 0 5.84857978157222 6.07107199670036
0

0101000
+1003 0 -410 0 *
Wi

0101100
-408 189 +394 189 +1000 0 -391 0 *
Fa
0  1e-07 41 189

0101000
+390 0 *
Ed
 1e-07 1 1 0
1  350 0 2.01436513991067 6.28318530717959
2  865 38 0 2.01436513991067 6.28318530717959
2  866 39 0 2.01436513991067 6.28318530717959
2  956 40 0 2.01436513991067 6.28318530717959
0

0101000
+1033 0 -516 0 *
Ve
1.50001e-07
5.59999999999993 -5.8 2.41867732448988
0 0

0101101
*
Ed
 1.5e-07 1 1 0
1  145 0 7.41867732448988 7.66082693913002
2  358 30 168 7.41867732448988 7.66082693913002
2  359 39 0 7.41867732448988 7.66082693913002
2  957 40 0 7.41867732448988 7.66082693913002
0

0101000
+387 0 -514 0 *
Ed
 1e-07 1 1 0
1  394 0 1.1630902466344 1.97850240695544
2  958 31 0 1.1630902466344 1.97850240695544
2  959 57 0 1.1630902466344 1.97850240695544
2  960 32 0 1.1630902466344 1.97850240695544
2  961 58 0 1.1630902466344 1.97850240695544
2  962 40 0 1.1630902466344 1.97850240695544
0

0101000
+1030 0 -387 0 *
Wi

0101100
-1029 0 +388 0 +513 0 -386 0 -385 0 *
Wi

0101100
-940 0 *
Fa
0  0 40 0

0101000
+384 0 +383 0 *
Wi

0101100
-953 0 -501 0 +877 0 -889 0 +899 0 +904 0 -914 0 +824 0 +820 0 -816 0 
+829 0 +834 0 -874 0 +494 0 -961 0 -1031 0 +388 0 +515 0 *
Fa
0  0 38 0

0101000
+381 0 *
Ed
 1e-07 1 1 0
1  370 0 1.23734364580961 1.2673148261393
2  907 36 0 1.23734364580961 1.2673148261393
2  908 37 0 1.23734364580961 1.2673148261393
0

0101000
+1042 216 -1010 216 *
Wi

0101100
+1039 0 +1008 0 +379 188 *
Fa
0  1e-07 37 188

0101000
+378 0 *
Ed
 1e-07 1 1 0
1  395 0 1.21845939997993 1.27351364357782
2  963 36 188 1.21845939997993 1.27351364357782
2  964 37 183 1.21845939997993 1.27351364357782
0

0101000
+1044 0 -1012 0 *
Wi

0101100
-376 0 +1009 0 +379 188 +1041 0 *
Fa
0  1e-07 36 188

0101000
+375 0 *
Ed
 1e-07 1 1 0
1  370 0 1.11601238425456 1.33188151086612
2  907 36 0 1.11601238425456 1.33188151086612
2  908 37 0 1.11601238425456 1.33188151086612
0

0101000
+1046 217 -1014 217 *
Wi

0101100
+1043 0 -376 0 +1011 0 +373 183 *
Fa
0  1e-07 37 183

0101000
+372 0 *
Ed
 1e-07 1 1 0
1  396 0 1.10951819439734 1.33667320248406
2  965 36 183 1.10951819439734 1.33667320248406
2  966 37 178 1.10951819439734 1.33667320248406
0

0101000
+1048 0 -1016 0 *
Wi

0101100
-370 0 +1013 0 +373 183 +1045 0 *
Fa
0  1e-07 36 183

0101000
+369 0 *
Ed
 1e-07 1 1 0
1  370 0 1.04613693578511 1.39417336683683
2  907 36 0 1.04613693578511 1.39417336683683
2  908 37 0 1.04613693578511 1.39417336683683
0

0101000
+1050 218 -1018 218 *
Wi

0101100
+1047 0 -370 0 +1015 0 +367 178 *
Fa
0  1e-07 37 178

0101000
+366 0 *
Ed
 1e-07 1 1 0
1  397 0 1.04244628650879 1.39766319130445
2  967 36 178 1.04244628650879 1.39766319130445
2  968 37 173 1.04244628650879 1.39766319130445
0

0101000
+1052 0 -1020 0 *
Wi

0101100
-364 0 +1017 0 +367 178 +1049 0 *
Fa
0  1e-07 36 178

0101000
+363 0 *
Ed
 1e-07 1 1 0
1  370 0 0.991898652825256 1.45455840569645
2  907 36 0 0.991898652825256 1.45455840569645
2  908 37 0 0.991898652825256 1.45455840569645
0

0101000
+1054 219 -1022 219 *
Wi

0101100
+1051 0 -364 0 +1019 0 +361 173 *
Fa
0  1e-07 37 173

0101000
+360 0 *
Ed
 1e-07 1 1 0
1  398 0 0.990555210269634 1.45566081962252
2  969 35 0 0.990555210269634 1.45566081962252
2  970 36 173 0.990555210269634 1.45566081962252
0

0101000
+1056 0 -1024 0 *
Wi

0101100
+1053 0 -358 0 +1021 0 +361 173 *
Fa
0  1e-07 36 173

0101000
+357 0 *
Ed
 1e-07 1 1 0
1  399 0 0.781953962416881 1.5707963267949
2  971 34 0 0.781953962416881 1.5707963267949
2  972 35 0 0.781953962416881 1.5707963267949
0

0101000
+1058 0 -1026 0 *
Wi

0101100
-358 0 +1023 0 +355 0 +1055 0 *
Fa
0  1e-07 35 0

0101000
+354 0 *
Ve
1.00000001998401e-07
5.82837884835912 -6.16588155214435 -1.8
0 0

0101101
*
Ed
 1e-07 1 1 0
1  400 0 0.781953962416881 1.43193910829791
2  973 34 0 0.781953962416881 1.43193910829791
2  974 33 0 0.781953962416881 1.43193910829791
0

0101000
+1060 0 -352 0 *
Ed
 1e-07 1 1 0
1  401 0 9.57444801713264e-07 1
2  975 31 0 9.57444801713264e-07 1
2  976 34 0 9.57444801713264e-07 1
0

0101000
+352 0 -1028 0 *
Wi

0101100
-351 0 -350 0 +1025 0 +355 0 -1057 0 *
Fa
0  1e-07 34 0

0101000
+349 0 *
Ed
 1e-07 1 1 0
1  402 0 0.365881552144349 0.584794869360673
2  977 31 0 0.365881552144349 0.584794869360673
2  978 33 0 0.365881552144349 0.584794869360673
0

0101000
+352 0 -1062 0 *
Wi

0101100
+1059 0 +347 0 +351 0 *
Fa
0  1e-07 33 0

0101000
+346 0 *
Ed
 1e-07 1 1 0
1  403 0 0 0.523600941374496
2  979 30 168 0 0.523600941374496
2  980 31 0 0 0.523600941374496
2  981 32 0 0 0.523600941374496
0

0101000
+387 0 -1064 0 *
Wi

0101100
-1027 0 +350 0 -347 0 +1061 0 +344 0 +385 0 *
Fa
0  1e-07 31 0

0101000
+343 0 *
Ve
1.50000001776357e-07
5.6 -5.8 6.85701143260166
0 0

0101101
*
Ed
 1e-07 1 1 0
1  242 0 1.4 2.6
2  596 30 168 1.4 2.6
2  597 14 0 1.4 2.6
0

0101000
+341 0 -544 0 *
Ve
1.5e-07
5.6 -3.5 4.81909100792663
0 0

0101101
*
Ed
 1e-07 1 1 0
1  404 0 0 1.1
2  982 30 168 0 1.1
2  983 24 0 0 1.1
2  984 25 0 0 1.1
0

0101000
+545 0 -339 0 *
Ed
 1.5e-07 1 1 0
1  267 0 8.66082693913001 10.8190910079266
2  657 30 168 8.66082693913001 10.8190910079266
2  658 23 93 8.66082693913001 10.8190910079266
0

0101000
+512 0 -339 0 *
Ve
1.50000000888178e-07
5.6 -5.8 5.82509842672249
0 0

0101101
*
Ed
 1e-07 1 1 0
1  405 0 1.2763990586255 1.8
2  985 30 168 1.2763990586255 1.8
2  986 28 0 1.2763990586255 1.8
0

0101000
+1066 0 -336 0 *
Ed
 1.5e-07 1 1 0
1  406 0 6.32509842672249 7.35701143260166
2  987 30 168 6.32509842672249 7.35701143260166
2  988 27 0 6.32509842672249 7.35701143260166
0

0101000
+336 0 -341 0 *
Wi

0101100
-340 0 +543 0 -338 0 +337 0 +511 0 +386 0 -344 0 +1063 0 -335 0 -334 0 
*
Fa
0  1e-07 30 168

0101000
+333 0 *
Ed
 1e-07 1 1 0
1  407 0 2.52229069346155 3.26692048475786
2  989 28 0 2.52229069346155 3.26692048475786
2  990 27 0 2.52229069346155 3.26692048475786
0

0101000
+1334 0 -336 0 *
Wi

0101100
-331 0 +335 0 +1065 0 +1331 0 *
Fa
0  1e-07 28 0

0101000
+330 0 *
Ed
 1e-07 1 1 0
1  344 0 2.12168152691153 3.32612438838412
2  850 14 0 2.12168152691153 3.32612438838412
2  851 27 0 2.12168152691153 3.32612438838412
0

0101000
+1336 0 -341 0 *
Wi

0101100
-1333 0 -328 0 +334 0 +331 0 *
Fa
0  1e-07 27 0

0101000
+327 0 *
Ed
 1e-07 1 1 0
1  408 0 0 3.1
3  991 992C0 14 0 0 3.1
0

0101000
+531 0 -537 0 *
Ed
 2.10672210019446e-07 1 1 0
1  409 0 4.32801336775991e-07 0.999999567072053
2  993 2 0 4.32801336775991e-07 0.999999567072053
2  994 104 0 4.32801336775991e-07 0.999999567072053
2  995 14 0 4.32801336775991e-07 0.999999567072053
0

0101000
+687 0 -1338 0 *
Wi

0101100
-563 0 -536 0 -325 0 +530 0 +686 0 +324 0 +1335 0 +328 0 +340 0 +542 0 
-558 0 +568 0 -738 0 +529 0 +325 0 -535 0 *
Fa
0  0 14 0

0101000
+323 0 *
Ed
 1e-07 1 1 0
1  331 0 1.29514521874101 1.84644743484879
2  816 26 0 1.29514521874101 1.84644743484879
2  817 104 0 1.29514521874101 1.84644743484879
2  996 14 0 1.29514521874101 1.84644743484879
0

0101000
+687 0 -1338 0 *
Wi

0101100
-324 0 +321 0 *
Fa
0  1e-07 104 0

0101000
+320 0 *
Ed
 1e-07 1 1 0
1  329 0 0.522966843000148 2.61862581058965
2  811 24 0 0.522966843000148 2.61862581058965
2  812 26 0 0.522966843000148 2.61862581058965
2  997 25 0 0.522966843000148 2.61862581058965
0

0101000
+685 0 -1340 0 *
Wi

0101100
+684 0 -321 0 +1337 0 +318 0 *
Fa
0  1e-07 26 0

0101000
+317 0 *
Ed
 1e-07 1 1 0
1  410 0 2.57119767294573 3.236975312598
2  998 23 93 2.57119767294573 3.236975312598
2  999 24 0 2.57119767294573 3.236975312598
2  1000 25 0 2.57119767294573 3.236975312598
0

0101000
+1342 0 -339 0 *
Wi

0101100
+538 0 +560 0 +571 0 +734 0 +575 0 -682 0 +318 0 -1339 0 +315 0 -338 0 
+541 0 +554 0 +549 0 *
Fa
0  0 25 0

0101000
+314 0 *
Ed
 1e-07 1 1 0
1  411 0 3.36856030044848 5.76785107312739
2  1001 23 0 3.36856030044848 5.76785107312739
2  1002 22 0 3.36856030044848 5.76785107312739
0

0101000
+510 208 -1344 208 *
Wi

0101100
-312 93 -1341 0 -315 0 +337 0 -509 0 *
Fa
0  1e-07 23 93

0101000
+311 0 *
Ed
 1e-07 1 1 0
1  412 0 3.36856030044848 5.76785107312739
2  1003 22 0 3.36856030044848 5.76785107312739
2  1004 21 0 3.36856030044848 5.76785107312739
0

0101000
+508 208 -1346 208 *
Wi

0101100
-309 93 -507 0 +312 93 -1343 0 *
Fa
0  1e-07 22 93

0101000
+308 0 *
Ed
 1e-07 1 1 0
1  413 0 2.57119767294573 3.236975312598
2  1005 21 93 2.57119767294573 3.236975312598
2  1006 19 0 2.57119767294573 3.236975312598
2  1007 20 0 2.57119767294573 3.236975312598
0

0101000
+1348 0 -807 0 *
Wi

0101100
-309 93 -1345 0 -306 0 +806 0 -506 0 *
Fa
0  1e-07 21 93

0101000
+305 0 *
Ed
 1e-07 1 1 0
1  248 0 0.522966843000148 2.61862581058965
2  609 19 0 0.522966843000148 2.61862581058965
2  610 18 0 0.522966843000148 2.61862581058965
2  1008 20 0 0.522966843000148 2.61862581058965
0

0101000
+675 0 -1350 0 *
Wi

0101100
-303 0 +674 0 +582 0 +727 0 -754 0 +776 0 +761 0 +768 0 +764 0 -784 0 
-804 0 -306 0 +1347 0 *
Fa
0  0 20 0

0101000
+302 0 *
Ed
 1.00000000888178e-07 1 1 0
1  246 0 1.29514521874101 1.84644743484879
2  604 18 0 1.29514521874101 1.84644743484879
2  605 76 0 1.29514521874101 1.84644743484879
2  1009 14 0 1.29514521874101 1.84644743484879
0

0101000
+673 0 -1352 0 *
Wi

0101100
+672 0 -300 0 +1349 0 +303 0 *
Fa
0  1e-07 18 0

0101000
+299 0 *
Ed
 2.10667026214702e-07 1 1 0
1  414 0 4.32801330949468e-07 0.999999567072066
2  1010 2 0 4.32801330949468e-07 0.999999567072066
2  1011 76 0 4.32801330949468e-07 0.999999567072066
2  1012 14 0 4.32801330949468e-07 0.999999567072066
0

0101000
+673 0 -1352 0 *
Wi

0101100
-300 0 +297 0 *
Fa
0  1e-07 76 0

0101000
+296 0 *
Ed
 1e-07 1 1 0
1  415 0 0 2.3
3  1013 1014C0 14 0 0 2.3
0

0101000
+760 0 -587 0 *
Ed
 1e-07 1 1 0
1  323 0 1.95136671130349 3.32612438838412
2  799 14 0 1.95136671130349 3.32612438838412
2  800 17 0 1.95136671130349 3.32612438838412
0

0101000
+1354 0 -801 0 *
Wi

0101100
-670 0 -586 0 -294 0 +759 0 -772 0 +758 0 +294 0 -585 0 -725 0 -752 0 
-780 0 -787 0 +800 0 -293 0 -1351 0 -297 0 *
Fa
0  0 14 0

0101000
+292 0 *
Ed
 1e-07 1 1 0
1  416 0 2.25877745953761 3.29486381374193
2  1015 16 0 2.25877745953761 3.29486381374193
2  1016 17 0 2.25877745953761 3.29486381374193
0

0101000
+1356 0 -799 0 *
Wi

0101100
-1353 0 -293 0 +798 0 +290 0 *
Fa
0  1e-07 17 0

0101000
+289 0 *
Ed
 1e-07 1 1 0
1  417 0 2.40268982356455 3.29486381374193
2  1017 16 0 2.40268982356455 3.29486381374193
2  1018 15 0 2.40268982356455 3.29486381374193
0

0101000
+1358 0 -797 0 *
Wi

0101100
-287 0 +796 0 +290 0 -1355 0 *
Fa
0  1e-07 16 0

0101000
+286 0 *
Ed
 1e-07 1 1 0
1  418 0 2.19844853130611 3.32612438838412
2  1019 14 0 2.19844853130611 3.32612438838412
2  1020 15 0 2.19844853130611 3.32612438838412
0

0101000
+1360 0 -795 0 *
Wi

0101100
-1357 0 -284 0 +794 0 +287 0 *
Fa
0  1e-07 15 0

0101000
+283 0 *
Ed
 1e-07 1 1 0
1  419 0 4.52785724559036 5.53450029934374
2  1021 13 0 4.52785724559036 5.53450029934374
2  1022 14 0 4.52785724559036 5.53450029934374
0

0101000
+793 0 -1362 0 *
Wi

0101100
-1359 0 +281 0 +792 0 +284 0 *
Fa
0  1e-07 14 0

0101000
+280 0 *
Ve
1.5e-07
6.97835173395682 6.69292917537426 -7.01155513358374
0 0

0101101
*
Ve
1.50000003662053e-07
6.96287283192225 6.68878161607438 -6.99989094426444
0 0

0101101
*
Ed
 1.5e-07 1 1 0
1  420 0 17.7975312983424 17.8173517919997
2  1023 13 0 17.7975312983424 17.8173517919997
2  1024 12 221 17.7975312983424 17.8173517919997
0

0101000
+278 0 -277 0 *
Ve
1.50000002664535e-07
6.88642150244565 6.66829654408084 -7.15688763902919
0 0

0101101
*
Ed
 1e-07 1 1 0
1  421 0 2.36832133173411 2.3936148840348
2  1025 13 0 2.36832133173411 2.3936148840348
2  1026 3 221 2.36832133173411 2.3936148840348
0

0101000
+277 0 -275 0 *
Ve
1.50000004528839e-07
6.87135885620187 6.66426052018394 -7.14511941002177
0 0

0101101
*
Ed
 1.5e-07 1 1 0
1  422 0 17.5874693620486 17.6070055851926
2  1027 13 0 17.5874693620486 17.6070055851926
2  1028 12 223 17.5874693620486 17.6070055851926
0

0101000
+275 0 -273 0 *
Ve
1.11271391373881e-07
6.81973378638242 6.65042762441662 -7.25015577863679
0 0

0101101
*
Ed
 1e-07 1 1 0
1  423 0 2.40144933399741 2.41931325366054
2  1029 13 0 2.40144933399741 2.41931325366054
2  1030 3 223 2.40144933399741 2.41931325366054
0

0101000
+273 0 -271 0 *
Ve
1e-07
6.8 6.64513997229184 -7.25
0 0

0101101
*
Ed
 1e-07 1 1 0
1  424 0 1.55500864184777 1.5707963267949
2  1031 13 0 1.55500864184777 1.5707963267949
2  1032 109 0 1.55500864184777 1.5707963267949
2  1033 110 0 1.55500864184777 1.5707963267949
0

0101000
+271 0 -269 0 *
Ve
2.56780169737969e-07
6.25833024919771 6.5 -7.37345933004362
0 0

0101101
*
Ed
 1e-07 1 1 0
1  425 0 1.5707963267949 2.01898720047717
2  1034 13 0 1.5707963267949 2.01898720047717
2  1035 109 0 1.5707963267949 2.01898720047717
2  1036 110 0 1.5707963267949 2.01898720047717
0

0101000
+269 0 -267 0 *
Ve
1.50000005329071e-07
6.25833024919769 6.5 -6.9414449380706
0 0

0101101
*
Ed
 1.5e-07 1 1 0
1  426 0 1.97654066995638 2.4085550619294
2  1037 13 0 1.97654066995638 2.4085550619294
2  1038 111 0 1.97654066995638 2.4085550619294
0

0101000
+267 0 -265 0 *
Ed
 1e-07 1 1 0
1  427 0 1.90528338323334 2.38513626892142
2  1039 13 0 1.90528338323334 2.38513626892142
2  1040 10 0 1.90528338323334 2.38513626892142
2  1041 11 0 1.90528338323334 2.38513626892142
0

0101000
+265 0 -991 0 *
Ve
1.5e-07
7.5946281108133 6.85805993286733 -6.00134133790411
0 0

0101101
*
Ed
 1e-07 1 1 0
1  428 0 2.16821177097971 2.1688267489388
2  1042 13 0 2.16821177097971 2.1688267489388
2  1043 3 92 2.16821177097971 2.1688267489388
0

0101000
+1364 0 -262 0 *
Ve
1.50000003323259e-07
7.57674671432579 6.85326862711896 -5.99101750882856
0 0

0101101
*
Ed
 1.5e-07 1 1 0
1  429 0 19.0087303278528 19.0299266104962
2  1044 13 0 19.0087303278528 19.0299266104962
2  1045 12 90 19.0087303278528 19.0299266104962
0

0101000
+262 0 -260 0 *
Ve
1.5e-07
7.51030581767808 6.83546584251781 -6.1459337587978
0 0

0101101
*
Ed
 1e-07 1 1 0
1  430 0 2.17559377194068 2.19282946145617
2  1046 13 0 2.17559377194068 2.19282946145617
2  1047 3 90 2.17559377194068 2.19282946145617
0

0101000
+260 0 -258 0 *
Ve
1.50000000888178e-07
7.49272662732401 6.83075551265885 -6.13537111559965
0 0

0101101
*
Ed
 1.5e-07 1 1 0
1  431 0 18.8621437120328 18.8831861589489
2  1048 13 0 18.8621437120328 18.8831861589489
2  1049 12 88 18.8621437120328 18.8831861589489
0

0101000
+258 0 -256 0 *
Ve
1.5e-07
7.42459279422998 6.81249910710406 -6.29025025222809
0 0

0101101
*
Ed
 1e-07 1 1 0
1  432 0 2.19969982850589 2.21783159053264
2  1050 13 0 2.19969982850589 2.21783159053264
2  1051 3 88 2.19969982850589 2.21783159053264
0

0101000
+256 0 -254 0 *
Ve
1.50000000888178e-07
7.40732736017746 6.80787284799272 -6.27946161164126
0 0

0101101
*
Ed
 1.5e-07 1 1 0
1  433 0 18.7069902502194 18.7278682829835
2  1052 13 0 18.7069902502194 18.7278682829835
2  1053 12 86 18.7069902502194 18.7278682829835
0

0101000
+254 0 -252 0 *
Ve
1.5e-07
7.33756835272384 6.78918097828072 -6.43438121383494
0 0

0101101
*
Ed
 1e-07 1 1 0
1  434 0 2.22481088878083 2.24390011509123
2  1054 13 0 2.22481088878083 2.24390011509123
2  1055 3 86 2.22481088878083 2.24390011509123
0

0101000
+252 0 -250 0 *
Ve
1.50000001776357e-07
7.32062916894179 6.78464213766588 -6.42338077926431
0 0

0101101
*
Ed
 1.5e-07 1 1 0
1  435 0 18.5431431563134 18.563844522985
2  1056 13 0 18.5431431563134 18.563844522985
2  1057 12 81 18.5431431563134 18.563844522985
0

0101000
+250 0 -248 0 *
Ve
1.5e-07
7.24932172201425 6.76553536484732 -6.57843437073489
0 0

0101101
*
Ed
 1e-07 1 1 0
1  436 0 2.25099500233209 2.27111397025359
2  1058 13 0 2.25099500233209 2.27111397025359
2  1059 3 81 2.25099500233209 2.27111397025359
0

0101000
+248 0 -246 0 *
Ve
1.50000005024296e-07
7.23272249270318 6.76108761475844 -6.56723804919155
0 0

0101101
*
Ed
 1.5e-07 1 1 0
1  437 0 18.3704573562673 18.3909677075729
2  1060 13 0 18.3704573562673 18.3909677075729
2  1061 12 76 18.3704573562673 18.3909677075729
0

0101000
+246 0 -244 0 *
Ve
1.50000004070145e-07
7.15995466958142 6.741589535318 -6.72253865714676
0 0

0101101
*
Ed
 1e-07 1 1 0
1  438 0 2.27833243459094 2.29956696747063
2  1062 13 0 2.27833243459094 2.29956696747063
2  1063 3 76 2.27833243459094 2.29956696747063
0

0101000
+244 0 -242 0 *
Ve
1.50000002808667e-07
7.14371066369931 6.73723696706004 -6.71116448177738
0 0

0101101
*
Ed
 1.5e-07 1 1 0
1  439 0 18.1887647547382 18.209067080784
2  1064 13 0 18.1887647547382 18.209067080784
2  1065 12 71 18.1887647547382 18.209067080784
0

0101000
+242 0 -240 0 *
Ve
1.5e-07
7.06958505420264 6.71737506985694 -6.86684936572901
0 0

0101101
*
Ed
 1e-07 1 1 0
1  440 0 2.30691867374296 2.32937170347067
2  1066 13 0 2.30691867374296 2.32937170347067
2  1067 3 71 2.30691867374296 2.32937170347067
0

0101000
+240 0 -238 0 *
Ve
1.50000003972055e-07
7.05371358644195 6.71312232288776 -6.855318069419
0 0

0101101
*
Ed
 1.5e-07 1 1 0
1  441 0 17.9978678949363 18.0179417620339
2  1068 13 0 17.9978678949363 18.0179417620339
2  1069 12 225 17.9978678949363 18.0179417620339
0

0101000
+238 0 -236 0 *
Ed
 1e-07 1 1 0
1  442 0 2.33686846427793 2.36066490146136
2  1070 13 0 2.33686846427793 2.36066490146136
2  1071 3 225 2.33686846427793 2.36066490146136
0

0101000
+236 0 -278 0 *
Wi

0101100
-276 0 -274 0 -272 0 -270 0 -268 0 -266 0 -264 0 -263 0 -988 0 +420 0 
-424 0 +428 0 -434 0 +438 0 -444 0 +448 0 -454 0 +458 0 -464 0 +470 0 
-478 0 -483 0 -490 0 -791 0 -281 0 +1361 0 -261 0 -259 0 -257 0 -255 0 
-253 0 -251 0 -249 0 -247 0 -245 0 -243 0 -241 0 -239 0 -237 0 -235 0 
-234 0 *
Fa
0  1e-07 13 0

0101000
+233 0 *
Ve
1.50000001256074e-07
7.43674955125898 6.5 -7.13360998761414
0 0

0101101
*
Ed
 1e-07 1 1 0
1  72 0 4.12113733672243 4.45770092611532
2  211 3 0 4.12113733672243 4.45770092611532
2  212 12 0 4.12113733672243 4.45770092611532
0

0101000
+236 226 -231 226 *
Ve
1.5e-07
7.33187659693457 6.5 -7.27795522589266
0 0

0101101
*
Ed
 1e-07 1 1 0
1  443 0 7.92157947325935 8.1
2  1072 111 0 7.92157947325935 8.1
2  1073 3 225 7.92157947325935 8.1
0

0101000
+229 0 -231 0 *
Ed
 1e-07 1 1 0
1  444 0 1.00334112031609 1.31610827252553
2  1074 12 221 1.00334112031609 1.31610827252553
2  1075 3 225 1.00334112031609 1.31610827252553
0

0101000
+278 0 -229 0 *
Wi

0101100
-230 225 +228 0 +227 0 +234 0 *
Fa
0  1e-07 3 225

0101000
+226 0 *
Ve
1.5e-07
7.45777774925074 6.5 -7.14888786774247
0 0

0101101
*
Ed
 1e-07 1 1 0
1  445 0 0.974640250939072 1.31610827252553
2  1076 12 225 0.974640250939072 1.31610827252553
2  1077 3 71 0.974640250939072 1.31610827252553
0

0101000
+238 0 -224 0 *
Ed
 1.5e-07 1 1 0
1  446 0 -0.339257586913166 -0.313265304751027
2  1078 111 0 -0.339257586913166 -0.313265304751027
2  1079 12 225 -0.339257586913166 -0.313265304751027
0

0101000
+231 0 -224 0 *
Wi

0101100
-223 0 +222 0 +230 225 +235 0 *
Fa
0  1e-07 12 225

0101000
+221 0 *
Ve
1.00000006764165e-07
7.25560109982837 6.5 -7.33598640994395
0 0

0101101
*
Ed
 1e-07 1 1 0
1  447 0 0 0.821266148031156
2  1080 110 0 0 0.821266148031156
0

0101000
+219 0 -267 0 *
Ve
1.00000072483195e-07
7.54321884738136 6.5 -7.02686533375352
0 0

0101101
*
Ed
 1e-07 1 1 0
1  448 0 0 0.801740306714758
2  1081 11 0 0 0.801740306714758
0

0101000
+265 0 -217 0 *
Ed
 1e-07 1 1 0
1  449 0 7.92157947325935 8.0705414820094
2  1082 111 0 7.92157947325935 8.0705414820094
2  1083 3 71 7.92157947325935 8.0705414820094
0

0101000
+224 0 -217 0 *
Ve
1.50000001256074e-07
7.31111823741272 6.5 -7.26231268000147
0 0

0101101
*
Ed
 1.5e-07 1 1 0
1  450 0 -0.363587066352334 -0.337594784190187
2  1084 111 0 -0.363587066352334 -0.337594784190187
2  1085 12 221 -0.363587066352334 -0.337594784190187
0

0101000
+214 0 -229 0 *
Ed
 1e-07 1 1 0
1  451 0 8.00775049566964 8.1
2  1086 111 0 8.00775049566964 8.1
2  1087 3 221 8.00775049566964 8.1
0

0101000
+219 0 -214 0 *
Wi

0101100
+218 0 +264 0 +216 0 -215 0 -222 0 -228 0 -213 0 -212 0 *
Fa
0  1e-07 111 0

0101000
+211 0 *
Ve
1.26435514833716e-07
7.03384617972514 6.57340746773795 -7.27206842038004
0 0

0101101
*
Ed
 1e-07 1 1 0
1  452 0 0.519242501512899 0.999995166510919
2  1088 109 0 0.519242501512899 0.999995166510919
2  1089 3 221 0.519242501512899 0.999995166510919
2  1090 110 0 0.519242501512899 0.999995166510919
0

0101000
+209 0 -219 0 *
Ve
1.02362497269806e-07
7.03384617972514 6.56265543633337 -7.27206842038005
0 0

0101101
*
Ed
 1e-07 1 1 0
1  453 0 3.56265543633337 3.57340746773795
2  1091 109 0 3.56265543633337 3.57340746773795
2  1092 12 223 3.56265543633337 3.57340746773795
2  1093 110 0 3.56265543633337 3.57340746773795
0

0101000
+207 0 -209 0 *
Ed
 1.02362497269806e-07 1 1 0
1  454 0 0.0860145469283899 0.999994581368603
2  1094 109 0 0.0860145469283899 0.999994581368603
2  1095 3 223 0.0860145469283899 0.999994581368603
2  1096 110 0 0.0860145469283899 0.999994581368603
0

0101000
+271 0 -207 0 *
Wi

0101100
-208 0 -206 0 -205 0 +268 0 +266 0 -218 0 *
Fa
0  0 110 0

0101000
+204 0 *
Ed
 1e-07 1 1 0
1  72 0 4.18033600664407 4.328777668399
2  211 3 0 4.18033600664407 4.328777668399
2  212 12 0 4.18033600664407 4.328777668399
0

0101000
+273 227 -207 227 *
Wi

0101100
-202 223 +205 0 +270 0 *
Fa
0  1e-07 3 223

0101000
+201 0 *
Ed
 1e-07 1 1 0
1  455 0 1.03363271783317 1.16905700898836
2  1097 12 223 1.03363271783317 1.16905700898836
2  1098 3 221 1.03363271783317 1.16905700898836
0

0101000
+275 0 -209 0 *
Wi

0101100
-199 0 +206 0 +202 223 +272 0 *
Fa
0  1e-07 12 223

0101000
+198 0 *
Ed
 1e-07 1 1 0
1  72 0 4.14993181912227 4.45770092611533
2  211 3 0 4.14993181912227 4.45770092611533
2  212 12 0 4.14993181912227 4.45770092611533
0

0101000
+277 228 -214 228 *
Wi

0101100
-196 221 +212 0 +208 0 +199 0 +274 0 *
Fa
0  1e-07 3 221

0101000
+195 0 *
Wi

0101100
-227 0 +213 0 +196 221 +276 0 *
Fa
0  1e-07 12 221

0101000
+193 0 *
Ed
 1e-07 1 1 0
1  456 0 0.828229765560256 0.831859252648732
2  1099 12 90 0.828229765560256 0.831859252648732
2  1100 3 92 0.828229765560256 0.831859252648732
0

0101000
+262 0 -1366 0 *
Wi

0101100
-1363 0 +191 0 +261 0 *
Fa
0  1e-07 3 92

0101000
+190 0 *
Ed
 1e-07 1 1 0
1  72 0 3.97440538259301 4.00409283846514
2  211 3 0 3.97440538259301 4.00409283846514
2  212 12 0 3.97440538259301 4.00409283846514
0

0101000
+260 229 -1368 229 *
Wi

0101100
-191 0 +1365 0 +188 90 +259 0 *
Fa
0  1e-07 12 90

0101000
+187 0 *
Ed
 1e-07 1 1 0
1  457 0 0.850048418518732 0.966934763808254
2  1101 12 88 0.850048418518732 0.966934763808254
2  1102 3 90 0.850048418518732 0.966934763808254
0

0101000
+258 0 -1370 0 *
Wi

0101100
-188 90 -1367 0 +185 0 +257 0 *
Fa
0  1e-07 3 90

0101000
+184 0 *
Ed
 1e-07 1 1 0
1  72 0 3.99625802155497 4.13386302902705
2  211 3 0 3.99625802155497 4.13386302902705
2  212 12 0 3.99625802155497 4.13386302902705
0

0101000
+256 230 -1372 230 *
Wi

0101100
-185 0 +1369 0 +182 88 +255 0 *
Fa
0  1e-07 12 88

0101000
+181 0 *
Ed
 1e-07 1 1 0
1  458 0 0.872797129991921 1.08676015833467
2  1103 12 86 0.872797129991921 1.08676015833467
2  1104 3 88 0.872797129991921 1.08676015833467
0

0101000
+254 0 -1374 0 *
Wi

0101100
-182 88 -1371 0 +179 0 +253 0 *
Fa
0  1e-07 3 88

0101000
+178 0 *
Ed
 1e-07 1 1 0
1  72 0 4.01904680346554 4.25061892817744
2  211 3 0 4.01904680346554 4.25061892817744
2  212 12 0 4.01904680346554 4.25061892817744
0

0101000
+252 231 -1376 231 *
Wi

0101100
-179 0 +1373 0 +176 86 +251 0 *
Fa
0  1e-07 12 86

0101000
+175 0 *
Ed
 1e-07 1 1 0
1  459 0 0.896543376186167 1.19836356905871
2  1105 12 81 0.896543376186167 1.19836356905871
2  1106 3 86 0.896543376186167 1.19836356905871
0

0101000
+250 0 -1378 0 *
Wi

0101100
-176 86 -1375 0 +173 0 +249 0 *
Fa
0  1e-07 3 86

0101000
+172 0 *
Ed
 1e-07 1 1 0
1  72 0 4.0428402959189 4.360206571312
2  211 3 0 4.0428402959189 4.360206571312
2  212 12 0 4.0428402959189 4.360206571312
0

0101000
+248 232 -1380 232 *
Wi

0101100
-173 0 +1377 0 +170 81 +247 0 *
Fa
0  1e-07 12 81

0101000
+169 0 *
Ed
 1e-07 1 1 0
1  460 0 0.921366610250623 1.30536245868436
2  1107 12 76 0.921366610250623 1.30536245868436
2  1108 3 81 0.921366610250623 1.30536245868436
0

0101000
+246 0 -1382 0 *
Wi

0101100
-170 81 -1379 0 +167 0 +245 0 *
Fa
0  1e-07 3 81

0101000
+166 0 *
Ed
 1e-07 1 1 0
1  72 0 4.06771930345812 4.46579294140449
2  211 3 0 4.06771930345812 4.46579294140449
2  212 12 0 4.06771930345812 4.46579294140449
0

0101000
+244 233 -1384 233 *
Wi

0101100
-167 0 +1381 0 +164 76 +243 0 *
Fa
0  1e-07 12 76

0101000
+163 0 *
Ed
 1e-07 1 1 0
1  461 0 0.947361182748036 1.41000527782644
2  1109 12 71 0.947361182748036 1.41000527782644
2  1110 3 76 0.947361182748036 1.41000527782644
0

0101000
+242 0 -1386 0 *
Wi

0101100
-164 76 -1383 0 +161 0 +241 0 *
Fa
0  1e-07 3 76

0101000
+160 0 *
Ed
 1e-07 1 1 0
1  72 0 4.09377987480117 4.56941470566469
2  211 3 0 4.09377987480117 4.56941470566469
2  212 12 0 4.09377987480117 4.56941470566469
0

0101000
+240 234 -1388 234 *
Wi

0101100
-161 0 +1385 0 +158 71 +239 0 *
Fa
0  1e-07 12 71

0101000
+157 0 *
Ed
 1e-07 1 1 0
1  462 0 3.96026827995595e-06 0.30095962456338
2  1111 10 0 3.96026827995595e-06 0.30095962456338
2  1112 3 71 3.96026827995595e-06 0.30095962456338
2  1113 11 0 3.96026827995595e-06 0.30095962456338
0

0101000
+217 0 -1390 0 *
Wi

0101100
-158 71 -1387 0 +155 0 +215 0 +223 0 +237 0 *
Fa
0  1e-07 3 71

0101000
+154 0 *
Ve
1.0000002118636e-07
6.29999999999998 5 -6.92758148064837
0 0

0101101
*
Ed
 1e-07 1 1 0
1  463 0 5.46884536505306 5.97531443878152
2  1114 9 66 5.46884536505306 5.97531443878152
2  1115 10 0 5.46884536505306 5.97531443878152
2  1116 11 0 5.46884536505306 5.97531443878152
0

0101000
+993 0 -152 0 *
Ve
1.00000002808667e-07
6.3 6 -6.92758148064836
0 0

0101101
*
Ed
 1e-07 1 1 0
1  464 0 2 3
2  1117 10 0 2 3
2  1118 112 235 2 3
2  1119 11 0 2 3
0

0101000
+152 0 -150 0 *
Ve
1.00000011546319e-07
7.3 6 -6.92758148064837
0 0

0101101
*
Ed
 1e-07 1 1 0
1  465 0 0 0.615741736796109
2  1120 11 0 0 0.615741736796109
0

0101000
+148 0 -150 0 *
Ve
1.00000012338969e-07
7.29999999999999 5 -6.92758148064835
0 0

0101101
*
Ed
 1e-07 1 1 0
1  466 0 2 3
2  1121 10 0 2 3
2  1122 113 235 2 3
2  1123 11 0 2 3
0

0101000
+146 0 -148 0 *
Ed
 1e-07 1 1 0
1  467 0 0.307870868398046 0.83580230640698
2  1124 9 66 0.307870868398046 0.83580230640698
2  1125 10 0 0.307870868398046 0.83580230640698
2  1126 11 0 0.307870868398046 0.83580230640698
0

0101000
+146 0 -1392 0 *
Wi

0101100
-216 0 +263 0 -990 0 +151 0 +149 0 -147 0 -145 0 +144 0 -1389 0 -155 0 
*
Fa
0  0 11 0

0101000
+143 0 *
Ve
1.00000000888178e-07
7.3 6 -6.98013158464293
0 0

0101101
*
Ed
 1e-07 1 1 0
1  468 0 1.21986841535707 1.27241851935163
2  1127 113 0 1.21986841535707 1.27241851935163
2  1128 114 0 1.21986841535707 1.27241851935163
0

0101000
+141 236 -148 236 *
Ve
1.00000000888178e-07
7.3 5 -6.98013158464293
0 0

0101101
*
Ed
 1e-07 1 1 0
1  469 0 1.8 2.8
2  1129 115 0 1.8 2.8
2  1130 113 235 1.8 2.8
0

0101000
+139 0 -141 0 *
Ed
 1e-07 1 1 0
1  470 0 1.21986841535707 1.27241851935164
2  1131 116 0 1.21986841535707 1.27241851935164
2  1132 113 0 1.21986841535707 1.27241851935164
0

0101000
+139 236 -146 236 *
Wi

0101100
-145 0 +140 235 +138 0 -137 235 *
Fa
0  1e-07 113 235

0101000
+136 0 *
Ve
1.00000009769963e-07
6.3 6 -6.98013158464294
0 0

0101101
*
Ve
1e-07
6.8 6 -6.9
0 0

0101101
*
Ed
 1e-07 1 1 0
1  471 0 5.9653616032517 6.28318530717959
2  1133 115 0 5.9653616032517 6.28318530717959
2  1134 114 235 5.9653616032517 6.28318530717959
0

0101000
+134 0 -133 0 *
Ve
1.00000009769963e-07
6.3 5 -6.98013158464294
0 0

0101101
*
Ed
 1e-07 1 1 0
1  472 0 1.8 2.8
2  1135 115 0 1.8 2.8
2  1136 112 235 1.8 2.8
0

0101000
+131 0 -134 0 *
Ve
1e-07
6.8 5 -6.9
0 0

0101101
*
Ed
 1e-07 1 1 0
1  473 0 5.9653616032517 6.28318530717959
2  1137 115 0 5.9653616032517 6.28318530717959
2  1138 116 235 5.9653616032517 6.28318530717959
0

0101000
+131 0 -129 0 *
Ve
1e-07
6.8 3.2 -6.9
0 0

0101101
*
Ed
 1e-07 1 1 0
1  474 0 0 1.8
3  1139 1140CN 115 0 0 1.8
0

0101000
+127 0 -129 0 *
Ed
 1e-07 1 1 0
1  475 0 0 6.28318530717959
2  1141 115 0 0 6.28318530717959
2  1142 117 0 0 6.28318530717959
0

0101000
+127 0 -127 0 *
Ed
 1e-07 1 1 0
1  476 0 0 0.317823703927881
2  1143 115 0 0 0.317823703927881
2  1144 116 235 0 0.317823703927881
0

0101000
+129 0 -139 0 *
Ed
 1e-07 1 1 0
1  477 0 0 0.317823703927881
2  1145 115 0 0 0.317823703927881
2  1146 114 235 0 0.317823703927881
0

0101000
+133 0 -141 0 *
Ve
1e-07
6.8 6.3 -6.9
0 0

0101101
*
Ed
 1e-07 1 1 0
1  474 0 2.8 3.1
3  1139 1140CN 115 0 2.8 3.1
0

0101000
+133 0 -122 0 *
Ve
1.5e-07
7.57459666924149 6.3 -9.9
0 0

0101101
*
Ed
 1e-07 1 1 0
1  478 0 0 2.63623214330563
2  1147 115 0 0 2.63623214330563
2  1148 118 0 0 2.63623214330563
0

0101000
+122 0 -120 0 *
Ve
1.00000009769963e-07
7.57459666924148 5.53102086205245 -9.9
0 0

0101101
*
Ed
 1e-07 1 1 0
1  479 0 2.33102086205245 3.1
2  1149 115 0 2.33102086205245 3.1
2  1150 119 0 2.33102086205245 3.1
0

0101000
+118 0 -120 0 *
Ve
1.00000007993606e-07
6.02540333075852 4.95540272242997 -9.9
0 0

0101101
*
Ed
 1e-07 1 1 0
1  480 0 9.04504463227337e-07 0.999999272852749
2  1151 115 0 9.04504463227337e-07 0.999999272852749
2  1152 120 0 9.04504463227337e-07 0.999999272852749
0

0101000
+118 0 -116 0 *
Ve
1.5e-07
6.02540333075851 6.3 -9.9
0 0

0101101
*
Ed
 1e-07 1 1 0
1  481 0 1.75540272242997 3.1
2  1153 115 0 1.75540272242997 3.1
2  1154 119 0 1.75540272242997 3.1
0

0101000
+116 0 -114 0 *
Ed
 1e-07 1 1 0
1  478 0 3.64695316387395 6.28318530717959
2  1147 115 0 3.64695316387395 6.28318530717959
2  1148 118 0 3.64695316387395 6.28318530717959
0

0101000
+114 0 -122 0 *
Wi

0101100
+132 0 +130 0 -128 0 +126 0 +125 0 -126 0 -124 0 -138 0 +123 0 -121 0 
-119 0 +117 0 -115 0 -113 0 -112 0 +121 0 *
Fa
0  1e-07 115 0

0101000
+111 0 *
Ed
 1e-07 1 1 0
1  482 0 4.77397292837543 5.36230762537768
2  1155 120 0 4.77397292837543 5.36230762537768
2  1156 119 0 4.77397292837543 5.36230762537768
0

0101000
+116 0 -118 0 *
Wi

0101100
-109 0 -115 0 *
Fa
0  1e-07 120 0

0101000
+108 0 *
Ed
 1.5e-07 1 1 0
1  483 0 -0.299596669241486 1.24959666924149
2  1157 118 0 -0.299596669241486 1.24959666924149
2  1158 119 0 -0.299596669241486 1.24959666924149
0

0101000
+114 0 -120 0 *
Wi

0101100
-113 0 -106 0 +117 0 +109 0 *
Fa
0  1e-07 119 0

0101000
+105 0 *
Wi

0101100
+112 0 -106 0 +119 0 *
Ve
1.00000000888178e-07
6.8 6.3 -7.25
0 0

0101101
*
Ed
 1.00000000888178e-07 1 1 0
1  484 0 0 6.28318530717959
2  1159 118 0 0 6.28318530717959
2  1160 121 0 0 6.28318530717959
2  1161 122 0 0 6.28318530717959
0

0101000
+102 0 -102 0 *
Wi

0101100
-101 0 *
Fa
0  1e-07 118 0

0101000
+103 0 +100 0 *
Ve
1.00000000888178e-07
6.8 3.2 -7.25
0 0

0101101
*
Ed
 1.00000000888178e-07 1 1 0
1  485 0 0 6.28318530717959
2  1162 117 0 0 6.28318530717959
2  1163 121 0 0 6.28318530717959
2  1164 122 0 0 6.28318530717959
0

0101000
+98 0 -98 0 *
Ed
 1e-07 1 1 0
1  486 0 0 3.1
3  1165 1166C0 121 0 0 3.1
0

0101000
+102 0 -98 0 *
Wi

0101100
+97 0 -96 0 -101 0 +96 0 *
Fa
0  0 121 0

0101000
+95 0 *
Wi

0101100
+125 0 *
Wi

0101100
-97 0 *
Fa
0  1e-07 117 0

0101000
+93 0 +92 0 *
Ed
 1e-07 1 1 0
1  487 0 1.21986841535706 1.27241851935164
2  1167 112 0 1.21986841535706 1.27241851935164
2  1168 114 0 1.21986841535706 1.27241851935164
0

0101000
+134 236 -150 236 *
Wi

0101100
-140 235 -123 0 -132 0 +90 235 -147 0 *
Fa
0  1e-07 114 235

0101000
+89 0 *
Ed
 1e-07 1 1 0
1  488 0 1.21986841535706 1.27241851935163
2  1169 116 0 1.21986841535706 1.27241851935163
2  1170 112 0 1.21986841535706 1.27241851935163
0

0101000
+131 236 -152 236 *
Wi

0101100
-149 0 +90 235 +130 0 -87 235 *
Fa
0  1e-07 112 235

0101000
+86 0 *
Ed
 1e-07 1 1 0
1  489 0 0 2.42402735934621
0

0101000
+995 0 -1394 0 *
Wi

0101100
-144 0 -137 235 -124 0 -128 0 +87 235 -151 0 +992 0 +84 0 -1391 0 *
Fa
0  0 123 0

0101000
+83 0 *
Ed
 1e-07 1 1 0
1  490 0 2.06568810429782 3.4
2  1171 44 66 2.06568810429782 3.4
2  1172 7 0 2.06568810429782 3.4
2  1173 8 0 2.06568810429782 3.4
0

0101000
+1396 0 -399 0 *
Wi

0101100
-84 0 +994 0 -413 0 -405 0 -397 0 -81 0 +1393 0 *
Fa
0  1e-07 44 66

0101000
+80 0 *
Ed
 1e-07 1 1 0
1  491 0 0 0.878526050538733
2  1174 8 0 0 0.878526050538733
0

0101000
+1398 0 -1005 0 *
Wi

0101100
-398 0 -402 0 -391 0 -1002 0 -78 0 +1395 0 +81 0 *
Fa
0  0 8 0

0101000
+77 0 *
Ve
1.5e-07
6.13150729063673 -5 -10
0 0

0101101
*
Ed
 1.5e-07 1 1 0
1  492 0 -17.5740273593462 -15.6815072906367
2  1175 6 0 -17.5740273593462 -15.6815072906367
2  1176 66 66 -17.5740273593462 -15.6815072906367
2  1177 125 0 -17.5740273593462 -15.6815072906367
0

0101000
+1400 0 -75 0 *
Ve
1.5e-07
6.13150729063673 -5 -9.9
0 0

0101101
*
Ed
 1e-07 1 1 0
1  493 0 3.1 3.2
2  1178 66 66 3.1 3.2
2  1179 5 0 3.1 3.2
0

0101000
+75 0 -73 0 *
Ed
 1.5e-07 1 1 0
1  494 0 3.35 3.88150729063673
2  1180 66 66 3.35 3.88150729063673
2  1181 4 0 3.35 3.88150729063673
0

0101000
+1007 0 -73 0 *
Wi

0101100
-78 0 -1397 0 +74 0 +72 0 -71 0 +1004 0 *
Fa
0  0 124 0

0101000
+70 0 *
Ed
 1e-07 1 1 0
1  495 0 0.682645072127437 1.38320422229126
2  1182 6 0 0.682645072127437 1.38320422229126
2  1183 5 0 0.682645072127437 1.38320422229126
0

0101000
+1402 0 -75 0 *
Wi

0101100
-68 0 +74 0 +1399 0 *
Fa
0  1e-07 6 0

0101000
+67 0 *
Ed
 1e-07 1 1 0
1  496 0 0.682645072127431 1.38320422229126
2  1184 5 0 0.682645072127431 1.38320422229126
2  1185 4 0 0.682645072127431 1.38320422229126
0

0101000
+1404 0 -73 0 *
Wi

0101100
-65 0 +72 0 +68 0 -1401 0 *
Fa
0  1e-07 5 0

0101000
+64 0 *
Ve
1.00000114143886e-07
7.61563184890118 -6.45107238313724 -9.9
0 0

0101101
*
Ed
 1e-07 1 1 0
1  497 0 1.55501096276731 1.60799686124438
2  1186 4 0 1.55501096276731 1.60799686124438
2  1187 3 65 1.55501096276731 1.60799686124438
0

0101000
+1406 0 -62 0 *
Ve
1.00000081731721e-07
7.49345425779081 -6.4510270050701 -9.9
0 0

0101101
*
Ed
 1e-07 1 1 0
1  498 0 1.53359579234541 1.60720119181865
2  1188 4 0 1.53359579234541 1.60720119181865
2  1189 3 60 1.53359579234541 1.60720119181865
0

0101000
+62 0 -60 0 *
Ve
1.00000014321447e-07
7.37307994253159 -6.45098301574746 -9.9
0 0

0101101
*
Ed
 1e-07 1 1 0
1  499 0 1.53439146177114 1.60641291717353
2  1190 4 0 1.53439146177114 1.60641291717353
2  1191 3 55 1.53439146177114 1.60641291717353
0

0101000
+60 0 -58 0 *
Ve
1.07640273160903e-07
7.25447332661328 -6.45094037034974 -9.9
0 0

0101101
*
Ed
 1e-07 1 1 0
1  500 0 1.53517973641626 1.60563170834054
2  1192 4 0 1.53517973641626 1.60563170834054
2  1193 3 50 1.53517973641626 1.60563170834054
0

0101000
+58 0 -56 0 *
Ve
1.07640274049081e-07
7.13760105673029 -6.45089902614276 -9.9
0 0

0101101
*
Ed
 1.07640273160903e-07 1 1 0
1  501 0 1.53596094524926 1.60485724119544
2  1194 4 0 1.53596094524926 1.60485724119544
2  1195 3 45 1.53596094524926 1.60485724119544
0

0101000
+56 0 -54 0 *
Ve
1.00000021316282e-07
7.02243198774535 -6.45085894237836 -9.9
0 0

0101101
*
Ed
 1e-07 1 1 0
1  502 0 1.53673541239435 1.60408919576851
2  1196 4 0 1.53673541239435 1.60408919576851
2  1197 3 40 1.53673541239435 1.60408919576851
0

0101000
+54 0 -52 0 *
Ve
1.00000148365679e-07
6.90893717616722 -6.45082008020178 -9.9
0 0

0101101
*
Ed
 1e-07 1 1 0
1  503 0 1.53750345782128 1.60332725554627
2  1198 4 0 1.53750345782128 1.60332725554627
2  1199 3 35 1.53750345782128 1.60332725554627
0

0101000
+52 0 -50 0 *
Ve
1.00000121735537e-07
6.79708988249817 -6.45078240256559 -9.9
0 0

0101101
*
Ed
 1e-07 1 1 0
1  504 0 1.53826539804352 1.60257110676042
2  1200 4 0 1.53826539804352 1.60257110676042
2  1201 3 30 1.53826539804352 1.60257110676042
0

0101000
+50 0 -48 0 *
Ve
1.00000031022738e-07
6.68686558289525 -6.45074587414963 -9.9
0 0

0101101
*
Ed
 1e-07 1 1 0
1  505 0 1.53902154682939 1.601820437659
2  1202 4 0 1.53902154682939 1.601820437659
2  1203 3 25 1.53902154682939 1.601820437659
0

0101000
+48 0 -46 0 *
Ve
1.00000105334366e-07
6.57824199068591 -6.45071046128691 -9.9
0 0

0101101
*
Ed
 1e-07 1 1 0
1  506 0 1.53977221593081 1.60107493775506
2  1204 4 0 1.53977221593081 1.60107493775506
2  1205 3 20 1.53977221593081 1.60107493775506
0

0101000
+46 0 -44 0 *
Ve
1.00000069095486e-07
6.47119908838813 -6.45067613189503 -9.9
0 0

0101101
*
Ed
 1e-07 1 1 0
1  507 0 1.54051771583471 1.60033429704698
2  1206 4 0 1.54051771583471 1.60033429704698
2  1207 3 15 1.54051771583471 1.60033429704698
0

0101000
+44 0 -42 0 *
Ed
 1e-07 1 1 0
1  508 0 1.54125835654283 1.59959820520414
2  1208 4 0 1.54125835654283 1.59959820520414
2  1209 3 10 1.54125835654283 1.59959820520414
0

0101000
+42 0 -1287 0 *
Wi

0101100
-1273 0 +1036 0 +1006 0 -71 0 +65 0 +1403 0 -61 0 -59 0 -57 0 -55 0 
-53 0 -51 0 -49 0 -47 0 -45 0 -43 0 -41 0 -40 0 -1286 0 -1280 0 
*
Fa
0  1e-07 4 0

0101000
+39 0 *
Ed
 1e-07 1 1 0
1  509 0 4.67518844593521 4.67659095588355
2  1210 3 60 4.67518844593521 4.67659095588355
2  1211 3 65 4.67518844593521 4.67659095588355
0

0101000
+62 0 -1408 0 *
Wi

0101100
-1405 0 +37 0 +61 0 *
Fa
0  1e-07 3 65

0101000
+36 0 *
Ed
 1e-07 1 1 0
1  510 0 4.67598411536093 4.67920270328078
2  1212 3 55 4.67598411536093 4.67920270328078
2  1213 3 60 4.67598411536093 4.67920270328078
0

0101000
+60 0 -1410 0 *
Wi

0101100
-1407 0 +34 0 +59 0 -37 0 *
Fa
0  1e-07 3 60

0101000
+33 0 *
Ed
 1e-07 1 1 0
1  511 0 4.67677239000605 4.68162706750707
2  1214 3 50 4.67677239000605 4.68162706750707
2  1215 3 55 4.67677239000605 4.68162706750707
0

0101000
+58 0 -1412 0 *
Wi

0101100
-1409 0 +31 0 +57 0 -34 0 *
Fa
0  1e-07 3 55

0101000
+30 0 *
Ed
 1e-07 1 1 0
1  512 0 4.67755359883905 4.68388829866918
2  1216 3 45 4.67755359883905 4.68388829866918
2  1217 3 50 4.67755359883905 4.68388829866918
0

0101000
+56 0 -1414 0 *
Wi

0101100
-1411 0 +28 0 +55 0 -31 0 *
Fa
0  1e-07 3 50

0101000
+27 0 *
Ed
 1e-07 1 1 0
1  513 0 4.67832806598415 4.68600667995186
2  1218 3 40 4.67832806598415 4.68600667995186
2  1219 3 45 4.67832806598415 4.68600667995186
0

0101000
+54 0 -1416 0 *
Wi

0101100
-1413 0 +25 0 +53 0 -28 0 *
Fa
0  1e-07 3 45

0101000
+24 0 *
Ed
 1e-07 1 1 0
1  514 0 4.67909611141108 4.68799931840542
2  1220 3 35 4.67909611141108 4.68799931840542
2  1221 3 40 4.67909611141108 4.68799931840542
0

0101000
+52 0 -1418 0 *
Wi

0101100
-1415 0 +22 0 +51 0 -25 0 *
Fa
0  1e-07 3 40

0101000
+21 0 *
Ed
 1e-07 1 1 0
1  515 0 4.67985805163331 4.6898807579079
2  1222 3 30 4.67985805163331 4.6898807579079
2  1223 3 35 4.67985805163331 4.6898807579079
0

0101000
+50 0 -1420 0 *
Wi

0101100
-1417 0 +19 0 +49 0 -22 0 *
Fa
0  1e-07 3 35

0101000
+18 0 *
Ed
 1e-07 1 1 0
1  516 0 4.68061420041917 4.69166343437395
2  1224 3 25 4.68061420041917 4.69166343437395
2  1225 3 30 4.68061420041917 4.69166343437395
0

0101000
+48 0 -1422 0 *
Wi

0101100
-1419 0 +16 0 +47 0 -19 0 *
Fa
0  1e-07 3 30

0101000
+15 0 *
Ed
 1e-07 1 1 0
1  517 0 4.68136486952059 4.69335804839774
2  1226 3 20 4.68136486952059 4.69335804839774
2  1227 3 25 4.68136486952059 4.69335804839774
0

0101000
+46 0 -1424 0 *
Wi

0101100
-1421 0 +13 0 +45 0 -16 0 *
Fa
0  1e-07 3 25

0101000
+12 0 *
Ed
 1e-07 1 1 0
1  518 0 4.68211036942451 4.69497386094914
2  1228 3 15 4.68211036942451 4.69497386094914
2  1229 3 20 4.68211036942451 4.69497386094914
0

0101000
+44 0 -1426 0 *
Wi

0101100
-1423 0 +10 0 +43 0 -13 0 *
Fa
0  1e-07 3 20

0101000
+9 0 *
Ed
 1e-07 1 1 0
1  519 0 4.68285101013261 4.69651892941542
2  1230 3 10 4.68285101013261 4.69651892941542
2  1231 3 15 4.68285101013261 4.69651892941542
0

0101000
+42 0 -1429 0 *
Wi

0101100
-1425 0 +7 0 +41 0 -10 0 *
Fa
0  1e-07 3 15

0101000
+6 0 *
Wi

0101100
-1427 0 +1285 0 +40 0 -7 0 *
Fa
0  1e-07 3 10

0101000
+4 0 *
Sh

0101100
+1290 0 -1283 0 -1278 0 -1271 0 -1266 0 -1255 0 -1244 0 -1233 0 -1222 0 -1211 0 
-1200 0 -1189 0 -1178 0 -1167 0 -1162 0 -1159 0 -1156 0 -1153 0 -1150 0 -1147 0 
-1144 0 -1141 0 -1138 0 -1135 0 -1130 0 -1125 0 -1120 0 -1115 0 -1110 0 -1105 0 
-1100 0 -1095 0 -1090 0 -1085 0 -1080 0 -1075 0 -1070 0 -1067 0 -1034 0 -963 0 
+943 0 -923 0 -921 0 +912 0 -901 0 +894 0 +887 0 -872 0 +857 0 +852 0 
-847 0 -844 0 +837 0 -832 0 -827 0 -822 0 -817 0 +814 0 -812 0 -789 0 
+782 0 +762 0 -756 0 +749 0 -714 0 -693 0 +658 0 -651 0 +646 0 -641 0 
+636 0 -622 0 +615 0 -608 206 +605 0 -602 0 -600 0 +597 0 -594 0 -591 0 
-588 0 +583 0 -579 0 -576 0 +573 0 -566 0 +546 0 -539 0 +533 0 -527 0 
-522 0 -519 0 -517 0 +502 0 -498 0 -495 0 +492 0 -485 0 -480 0 -475 0 
+468 0 -461 0 +456 0 -451 0 +446 0 -441 0 +436 0 -431 0 +426 0 -421 0 
+418 0 -411 0 -400 0 -395 0 -392 0 +389 0 -382 0 +380 0 +377 0 -374 0 
+371 0 -368 0 +365 0 -362 0 +359 0 -356 0 +353 0 -348 0 -345 0 -342 0 
-332 0 -329 0 -326 0 -322 0 -319 0 -316 0 +313 0 +310 0 +307 0 -304 0 
+301 0 +298 0 -295 0 -291 0 +288 0 -285 0 -282 0 -279 0 -232 0 -225 0 
-220 0 -210 0 -203 0 -200 0 -197 0 -194 0 -192 0 -189 0 -186 0 -183 0 
-180 0 -177 0 -174 0 -171 0 -168 0 -165 0 -162 0 -159 0 -156 0 -153 0 
-142 0 +135 0 +110 0 -107 0 -104 0 +99 0 -94 0 -91 0 +88 0 -85 0 
-82 0 -79 0 -76 0 +69 0 -66 0 -63 0 -38 0 -35 0 -32 0 -29 0 
-26 0 -23 0 -20 0 -17 0 -14 0 -11 0 -8 0 -5 0 -3 0 *
So

0100000
+2 0 *

+1 0 