DBRep_DrawableShape

CASCADE Topology V3, (c) Open Cascade
Locations 43
1
              1              -0               0              -0 
              0               1               0               0 
             -0               0               1              -0 
1
              1              -0               0              -0 
              0               1               0               0 
             -0               0               1              -0 
2  2 -1 0
1
              1              -0               0              -0 
              0               1               0               0 
             -0               0               1              -0 
1
              1              -0               0              -0 
              0               1               0               0 
             -0               0               1              -0 
2  5 -1 0
1
              1              -0               0              -0 
              0               1               0               0 
             -0               0               1              -0 
2  7 -1 0
2  4 -1 0
1
              1              -0               0              -0 
              0               1               0               0 
             -0               0               1              -0 
2  10 -1 0
1
              1              -0               0              -0 
              0               1               0               0 
             -0               0               1              -0 
2  12 -1 0
1
              1              -0               0              -0 
              0               1               0               0 
             -0               0               1              -0 
2  14 -1 0
1
              1              -0               0              -0 
              0               1               0               0 
             -0               0               1              -0 
2  16 -1 0
1
              1              -0               0              -0 
              0               1               0               0 
             -0               0               1              -0 
2  18 -1 0
1
              1              -0               0              -0 
              0               1               0               0 
             -0               0               1              -0 
2  20 -1 0
1
              1              -0               0              -0 
              0               1               0               0 
             -0               0               1              -0 
2  22 -1 0
1
              1              -0               0              -0 
              0               1               0               0 
             -0               0               1              -0 
2  24 -1 0
1
              1              -0               0              -0 
              0               1               0               0 
             -0               0               1              -0 
1
              1              -0               0              -0 
              0               1               0               0 
             -0               0               1              -0 
2  27 -1 0
1
              1              -0               0              -0 
              0               1               0               0 
             -0               0               1              -0 
2  29 -1 0
2  26 -1 0
2  1 -1 0
1
              1              -0               0              -0 
              0               1               0               0 
             -0               0               1              -0 
2  33 -1 0
1
              1              -0               0              -0 
              0               1               0               0 
             -0               0               1              -0 
2  35 -1 0
1
              1               0               0               0 
              0               1               0               0 
              0               0               1 512.776363288868 
1
              1               0               0              12 
              0               1               0               0 
              0               0               1               0 
1
            0.5 0.866025403784439               0               0 
-0.866025403784439             0.5               0               0 
              0               0               1               0 
1
              1               0               0               0 
              0               1               0               0 
              0               0               1            -125 
1
              1               0               0               0 
              0               1               0               0 
              0               0               1            -125 
1
              1               0               0               0 
              0               1               0               0 
              0               0               1 508.026363288868 
2  37 1 38 1 39 1 40 1 41 -1 42 -1 10 -1 0
Curve2ds 749
1 0 2.5 1 0 
2 0 0 1 0 -0 1 7
8 -5.999999999062311e-07 2.5000005999999999
1 0.8018874613492778 0 0 1 
8 -5.999999999062311e-07 2.5000005999999999
1 1 0.2904344485459841 1 0 
1 0 0 1 0 
2 0 0 1 0 -0 1 7
8 -5.999999999062311e-07 2.5000005999999999
1 0.75558458164246722 0 0 1 
8 -5.999999999062311e-07 2.5000005999999999
1 0.050000000000000044 0.09509568114279876 1 0 
1 0 -9.5999999999999996 1 0 
1 0 0 1 0 
8 -4.5 -2.5
1 2.5 4.7999999999999998 -1 0 
8 -4.5 -2.5
1 2.5499999999999998 -2.5 0 -1 
8 -4.5 -2.5
1 2.5 4.7999999999999998 -1 0 
8 -4.5 -2.5
1 0.050000000000000044 -2.5 0 -1 
1 0 0 0 1 
1 0 9.5999999999999996 1 0 
8 -2.6500000000000004 -0.050000000000000044
1 -0.050000000000000044 0.68615612366938805 -1 0 
8 -2.6500000000000004 -0.050000000000000044
1 0.049999999999999822 -1.2256443470178602 -1 0 
1 2.6000000000000001 0 0 1 
1 0 9.5999999999999996 1 0 
1 2.6000000000000001 0 0 -1 
1 0 0 0 1 
1 2.5999999999999703 9.0062548904568089 3.3283559070310528e-15 -1 
8 -5.999999999062311e-07 1.9000005999999998
1 7.5062548904568285 0 0 1 
8 -5.999999999062311e-07 1.9000005999999998
1 5.0270811888958082 0 0 1 
8 0 1.8999999999999995
1 5.0270811888958082 0 0 1 
1 0 1.8999999999999995 1 0 
1 2.6000000000000001 0 0 1 
1 2.6000000000000001 0 0 1 
1 5 0 0 1 
1 2.6000000000000001 0 0 -1 
1 0 0 1 0 
1 2.6000000000000001 0 0 1 
1 2.6000000000000001 0 0 1 
8 -5.999999999062311e-07 1.9000006000000003
1 7.5062548904568285 0 0 1 
8 -5.999999999062311e-07 1.9000006000000003
1 5.0270811888958082 0 0 1 
8 0 1.9000000000000004
1 5.0270811888958082 0 0 1 
1 2.5999999999999703 9.0062548904568089 4.3413016234428819e-15 -1 
8 -5.0360870627641567 -4.3284609690826521
1 -0.41663522034968103 5.2386206679760834 -0.50000000000000011 -0.8660254037844386 
8 -5.0360870627641567 -4.3284609690826521
1 2.7000000000000002 -4.3284609690826521 0 -1 
1 2.7000000000000002 -4.3284609690826521 0 -1 
1 2.7999999999999998 0 0 1 
1 0 0 1 0 
1 2.7999999999999998 0 0 1 
1 10.679212347564494 0 -1 -0 
2 1.3999999999999999 6.5 -0.31111111111113998 -0.95037354579301714 -0.95037354579301714 0.31111111111113998 4.5
1 0 0 0 1 
1 0 0 1 0 
1 0 0 0 1 
1 0 0 1 0 
1 0 0 1 0 
1 0 0 1 0 
8 -5.0360870627641567 -4.3284609690826521
1 -0.41663522034968103 5.2386206679760834 -0.50000000000000011 -0.8660254037844386 
8 -5.0360870627641567 -4.3284609690826521
1 0.099999999999999867 -4.3284609690826521 0 -1 
1 0.099999999999999867 -4.3284609690826521 0 -1 
8 0.050000000000000044 2.6500000000000004
1 -0.050000000000000044 2.1014083110323973 1 0 
8 0.050000000000000044 2.6500000000000004
1 0.049999999999999822 0.70762609368150486 1 0 
1 0.049999999999999822 0.70762609368150486 1 0 
1 -0.050000000000000044 2.1014083110323973 1 0 
1 0 0 1 0 
1 0 1.2499999999999996 1 0 
2 1.3999999999999999 6.5 1 0 -0 1 2.1800000000000002
1 6.2831853071795862 -0 0 1 
1 0 -0 0 1 
8 0.29999999999999982 1.7999999999999998
1 6.2831853071795862 0.94999999999999973 0 1 
8 0.29999999999999982 1.7999999999999998
1 0 0.94999999999999973 0 1 
1 6.2831853071795862 2.7499999999999996 -1 -0 
2 1.3999999999999981 6.4999999999999991 1 -2.9825308688381887e-16 -2.9825308688381887e-16 -1 2.1800000000000024
1 0 0 0 1 
1 9.9920072216264089e-16 1.4999999999999996 1 0 
1 0 0 0 1 
1 0 -1.5 1 0 
1 0 0 1 0 
1 0 0 1 0 
1 2.7999999999999998 0 0 1 
1 9.9920072216264089e-16 1.4999999999999996 1 0 
1 2.7999999999999998 0 0 1 
1 5.0287509203844376 1.5 1 0 
2 1.3999999999999999 6.4999999999999991 0.31111111111110828 -0.95037354579302757 0.95037354579302757 0.31111111111110828 4.5
8 -6.0000000040430352e-07 1.5000005999999999
1 2.2233190439313808 -1.1102230246251565e-15 0 1 
8 -6.0000000040430352e-07 1.5000005999999999
1 4.3960270403849382 -2.2204460492503131e-16 0 1 
8 -9.3363331745958818e-17 1.5
1 10.679212347564524 -2.2204460492503131e-16 0 1 
1 0 0 0 -1 
1 0 0 0 1 
8 -6.0000000007920772e-07 1.5000006000000004
1 2.2233190439313808 -1.1102230246251565e-15 0 1 
8 -6.0000000007920772e-07 1.5000006000000004
1 5.0287509203844412 -2.2204460492503131e-16 0 1 
8 4.1220503911332562e-16 1.5000000000000004
1 5.0287509203844412 -2.2204460492503131e-16 0 1 
1 2.7999999999999998 0 0 -1 
1 0 0 0 1 
1 5.0270811888957994 1.8999999999999999 1 0 
2 1.3 13 0.30952380952380171 -0.95089169274837682 0.95089169274837682 0.30952380952380171 4.2000000000000002
1 0 2.1014083110323973 -2.2188874964263525e-15 1 
1 6.2831853071795862 11.300000000000001 -1 -0 
2 1.3000000000000038 13 1 0 0 -1 2.1799999999999979
1 6.2831853071795862 -0 0 1 
1 0 -0 0 1 
8 0.29999999999999982 2.2000000000000002
1 6.2831853071795862 9.1000000000000014 0 1 
8 0.29999999999999982 2.2000000000000002
1 0 9.1000000000000014 0 1 
1 0 9.4000000000000004 1 0 
2 1.3 11.5 1 0 -0 1 2.1800000000000002
1 10.680882079053154 0 -1 -0 
2 1.3 11.5 -0.30952380952381348 -0.95089169274837293 -0.95089169274837293 0.30952380952381348 4.2000000000000002
8 -5.999999999062311e-07 1.9000006000000003
1 7.5062548904568285 0 0 1 
8 -5.999999999062311e-07 1.9000006000000003
1 4.3976967718735711 0 0 1 
8 0 1.9000000000000004
1 10.680882079053157 0 0 1 
1 0 0 1 0 
1 0 0 0 1 
1 0 0 0 1 
8 0 2.6000000000000001
1 0 -7.7000000000000002 1 0 
8 0 2.6000000000000001
1 0 3.5 1 0 
1 0 3.5 1 0 
1 5 0 0 1 
1 0 0 0 -1 
8 0 2.6000000000000001
1 0 -1.8999999999999995 1 0 
8 0 2.6000000000000001
1 0 3.5 1 0 
1 0 3.5 1 0 
1 0 1.8999999999999995 1 0 
1 0 0 0 1 
1 0 0 0 1 
1 5.0270811888957994 1.8999999999999999 1 0 
2 1.3 11.5 0.30952380952380171 -0.95089169274837682 0.95089169274837682 0.30952380952380171 4.2000000000000002
1 6.2831853071795862 3.6000000000000001 -1 -0 
2 1.3000000000000038 11.5 1 0 0 -1 2.1799999999999979
1 6.2831853071795862 -0 0 1 
1 0 -0 0 1 
8 0.29999999999999982 2.1999999999999997
1 6.2831853071795862 1.4000000000000004 0 1 
8 0.29999999999999982 2.1999999999999997
1 0 1.4000000000000004 0 1 
1 0 1.7000000000000002 1 0 
2 1.3 13 1 0 -0 1 2.1800000000000002
1 10.680882079053154 0 -1 -0 
2 1.3 13 -0.30952380952381348 -0.95089169274837293 -0.95089169274837293 0.30952380952381348 4.2000000000000002
8 -5.999999999062311e-07 1.9000005999999998
1 7.5062548904568285 0 0 1 
8 -5.999999999062311e-07 1.9000005999999998
1 4.3976967718735711 0 0 1 
8 0 1.8999999999999995
1 10.680882079053157 0 0 1 
1 0 0 -1.7011596858158661e-15 1 
1 0 0 1 0 
1 0 0 1 0 
1 0 0 1 0 
8 -4.5 -2.5
1 2.5 -4.7999999999999998 -1 0 
8 -4.5 -2.5
1 0.050000000000000044 -2.5 0 -1 
1 0.050000000000000044 -2.5 0 -1 
8 -5.999999999062311e-07 2.5000005999999999
1 5.5276007255371189 0 0 1 
8 -5.999999999062311e-07 2.5000005999999999
1 0.050000000000000044 0.09509568114279876 1 0 
1 0.050000000000000044 0.09509568114279876 1 0 
8 -4.5 -2.5
1 2.5 -4.7999999999999998 -1 0 
8 -4.5 -2.5
1 2.5499999999999998 -2.5 0 -1 
1 2.5499999999999998 -2.5 0 -1 
1 0 0 1 0 
8 -5.999999999062311e-07 2.5000005999999999
1 5.4812978458303085 0 0 1 
8 -5.999999999062311e-07 2.5000005999999999
1 1 0.2904344485459841 1 0 
1 4.5 0 0 1 
1 -6.6613381477509392e-16 3.4000000000000004 1 0 
1 0 0 1 0 
1 0 -3.4000000000000004 1 0 
8 -3.9957049894185044 -3.25
1 3.0972431864335461 -1.9645825622994249 -0.50000000000000011 0.8660254037844386 
8 -3.9957049894185044 -3.25
1 3.5 -3.25 0 -1 
8 -3.9957049894185044 -3.25
1 3.0972431864335461 -1.9645825622994249 -0.50000000000000011 0.8660254037844386 
8 -3.9957049894185044 -3.25
1 1 -3.25 0 -1 
1 0 0 0 1 
1 -6.6613381477509392e-16 3.4000000000000004 1 0 
8 1.2999999999999998 6.7000000000000002
1 -1.75 3.4671448649743901 1 0 
8 1.2999999999999998 6.7000000000000002
1 1.3979307758698847 0 0 1 
2 5.5000000000000009 1.7000000000000002 0.50000000000000011 0.8660254037844386 -0.8660254037844386 0.50000000000000011 2.6499999999999999
1 0 6.25 1 0 
8 1.2999999999999998 6.7000000000000002
1 -1.75 3.4671448649743883 1 0 
8 1.2999999999999998 6.7000000000000002
1 2.7908594289165061 0 0 1 
2 5.5000000000000009 1.7000000000000002 0.50000000000000011 0.8660254037844386 -0.8660254037844386 0.50000000000000011 2.6499999999999999
1 0 1.75 1 0 
1 4.5 0 0 1 
1 0 0 1 0 
1 0 0 1 0 
1 0 0 1 0 
8 -3.6348815156306387 -3.25
1 0.15275681356645476 -3.6645825622994259 -0.50000000000000011 0.8660254037844386 
8 -3.6348815156306387 -3.25
1 3.5 -3.25 0 -1 
8 -5.999999999062311e-07 2.5000005999999999
1 4.9906776661356691 0 0 1 
8 -5.999999999062311e-07 2.5000005999999999
1 1 0.2904344485459841 1 0 
8 -3.6348815156306387 -3.25
1 0.15275681356645476 -3.6645825622994259 -0.50000000000000011 0.8660254037844386 
8 -3.6348815156306387 -3.25
1 1 -3.25 0 -1 
1 0 0 0 1 
1 0 0 1 0 
8 -5.999999999062311e-07 2.5000005999999999
1 4.9443747864288579 0 0 1 
8 -5.999999999062311e-07 2.5000005999999999
1 0.050000000000000044 0.095095681142798039 1 0 
1 0.050000000000000044 0.095095681142797844 1 0 
1 2.6000000000000001 0 -4.4871168524418669e-15 1 
1 8.8817841970012523e-16 9.6000000000000014 1 -5.5511151231257827e-17 
1 5.0270811888957967 1.8999999999999999 1 0 
2 1.3 13.000000000000002 0.30952380952379899 -0.9508916927483777 0.9508916927483777 0.30952380952379899 4.2000000000000002
1 -1.8873791418627661e-14 9.0062548904568409 2.0956314970195441e-15 -1 
1 9.0062548904568409 9.6000000000000014 -1 5.5511151231257827e-17 
1 0 -9.6000000000000014 1 0 
1 0 0 1 0 
1 0 0 1 0 
8 -2.8116224765445557 -2.5000000000000009
1 2.9069219381653033 -4.5650635094610985 0.50000000000000044 0.86602540378443849 
8 -2.8116224765445557 -2.5000000000000009
1 0.050000000000000044 -2.5000000000000009 0 -1 
1 0.050000000000000044 -2.5000000000000009 0 -1 
8 -2.8116224765445557 -2.5000000000000009
1 2.9069219381653033 -4.5650635094610985 0.50000000000000044 0.86602540378443849 
8 -2.8116224765445557 -2.5000000000000009
1 2.5499999999999998 -2.5000000000000009 0 -1 
1 2.5499999999999998 -2.5000000000000009 0 -1 
1 0 0 1 0 
1 6.2831853071795862 11.300000000000001 -1 -0 
2 1.3000000000000014 13.000000000000002 1 -2.0371064672021244e-16 -2.0371064672021244e-16 -1 2.1799999999999993
1 6.2831853071795862 -0 0 1 
1 0 -0 0 1 
8 0.29999999999999982 2.2000000000000002
1 6.2831853071795862 9.1000000000000014 0 1 
8 0.29999999999999982 2.2000000000000002
1 0 9.1000000000000014 0 1 
1 0 9.4000000000000021 1 0 
2 1.3 11.500000000000004 1 0 -0 1 2.1800000000000002
1 0 0 0 1 
1 0 0 1 0 
1 0 0 0 1 
1 1.5000000000000009 7.7000000000000011 1 0 
8 0 2.6000000000000001
1 0 -7.7000000000000011 1 0 
8 0 2.6000000000000001
1 0 3.5000000000000018 1 0 
1 0 3.5000000000000022 1 0 
1 2.6000000000000001 0 0 1 
1 0 0 1 0 
1 2.6000000000000001 0 0 1 
1 1.5000000000000009 7.7000000000000011 1 0 
1 10.680882079053152 0 -1 -0 
2 1.3 11.500000000000004 -0.30952380952381447 -0.9508916927483726 -0.9508916927483726 0.30952380952381447 4.2000000000000011
1 2.6000000000000001 0 0 -1 
1 5.0000000000000009 4.4408920985006262e-16 0 1 
1 5.0000000000000009 4.4408920985006262e-16 0 1 
1 0 0 0 -1 
1 5.0000000000000009 4.4408920985006262e-16 0 1 
1 5.0000000000000009 4.4408920985006262e-16 0 1 
8 0 2.6000000000000001
1 0 -1.8999999999999986 1 0 
8 0 2.6000000000000001
1 0 3.5000000000000018 1 0 
1 0 3.5000000000000018 1 0 
1 0 0 0 1 
1 -3.3306690738754696e-16 1.8999999999999995 1 0 
1 0 0 0 1 
1 1.4999999999999996 1.8999999999999988 1 0 
1 2.6000000000000001 0 0 1 
1 -3.3306690738754696e-16 1.8999999999999995 1 0 
1 2.6000000000000001 0 0 1 
1 1.4999999999999996 1.8999999999999988 1 0 
1 5.0270811888957967 1.8999999999999999 1 0 
2 1.3 11.500000000000004 0.30952380952379899 -0.9508916927483777 0.9508916927483777 0.30952380952379899 4.1999999999999993
1 6.2831853071795862 3.5999999999999992 -1 -0 
2 1.2999999999999987 11.500000000000005 1 -7.0567438032424312e-16 -7.0567438032424312e-16 -1 2.1800000000000019
1 6.2831853071795862 -0 0 1 
1 0 -0 0 1 
8 0.29999999999999982 2.1999999999999997
1 6.2831853071795862 1.4000000000000004 0 1 
8 0.29999999999999982 2.1999999999999997
1 0 1.4000000000000004 0 1 
1 0 1.7000000000000002 1 0 
2 1.3 13.000000000000002 1 0 -0 1 2.1800000000000002
8 0.099999999999999867 2.7000000000000002
1 -0.099999999999999867 2.3900834456272135 1 0 
8 0.099999999999999867 2.7000000000000002
1 0.10000000000000009 2.148036339021087 1 0 
1 -0.099999999999999867 2.3900834456272135 1 0 
1 2.6000000000000001 2.390083445627214 -6.1080820582327844e-15 1 
1 2.390083445627214 -2.2204460492503131e-16 1 -5.5511151231257827e-17 
1 10.680882079053152 0 -1 -0 
2 1.3 13.000000000000002 -0.30952380952381447 -0.95089169274837271 -0.95089169274837271 0.30952380952381447 4.1999999999999984
1 -1.8873791418627661e-14 9.0062548904568409 2.8526756865372734e-15 -1 
1 9.0062548904568409 0 -1 0 
1 0 0 1 0 
1 0 5 1 0 
1 0 0 0 1 
1 0 0 1 0 
1 0 0 1 0 
1 0 0 1 0 
1 3 0 0 1 
1 0 0 1 0 
1 0.96410161513775561 2.4698729810778088 0.50000000000000044 -0.86602540378443849 
1 2.390083445627214 -2.2204460492503131e-16 -0.50000000000000044 0.86602540378443849 
1 3 0 0 -1 
1 5 0 0 1 
1 0 -2 1 0 
1 0 5 1 0 
8 -2 0
1 -5 -2 0 1 
8 -2 0
1 2.75 -2 0 -1 
8 2.6499999999999995 2.7000000000000002
1 -0.099999999999999867 -1.9132486540518725 1 0 
8 2.6499999999999995 2.7000000000000002
1 0.10000000000000009 -1.1132486540518722 1 0 
8 -1.0349364905389047 0.078312163512967853
1 0.067820323027550922 1.9524047358083563 -0.86602540378443849 -0.50000000000000044 
8 -1.0349364905389047 0.078312163512967853
1 2.7999999999999998 -1.0349364905389047 0 -1 
1 0.067820323027550922 1.9524047358083563 -0.86602540378443849 -0.50000000000000044 
8 0 1.7904344485459847
1 -5 -2 -1 0 
8 0 1.7904344485459847
1 0.25 5 0 -1 
8 -0.14999999999999991 -0.099999999999999867
1 -0.099999999999999867 -0.13974596215561891 -1 0 
8 -0.14999999999999991 -0.099999999999999867
1 0.10000000000000009 3.4641016151377588 -1 0 
8 -1.7925625842204107 -1.6311978464829906
1 0.89628129211020613 -1.412658773652739 0.50000000000000044 -0.86602540378443849 
8 -1.7925625842204107 -1.6311978464829906
1 0.19999999999999996 1.6715390309173479 0 -1 
8 0.099999999999999867 2.7000000000000002
1 -0.099999999999999867 0.080682368868709178 1 0 
8 0.099999999999999867 2.7000000000000002
1 0.10000000000000009 3.3027368774003403 1 0 
8 -5.999999999062311e-07 2.5000005999999999
1 3.4313443550258405 0 0 1 
8 -5.999999999062311e-07 2.5000005999999999
1 0.25 3.2917960675006306 1 0 
8 0 1.7904344485459847
1 -5 -2 -1 0 
8 0 1.7904344485459847
1 2.75 5 0 -1 
8 -1.7925625842204107 -1.6311978464829906
1 0.89628129211020613 -1.412658773652739 0.50000000000000044 -0.86602540378443849 
8 -1.7925625842204107 -1.6311978464829906
1 2.7999999999999998 1.6715390309173479 0 -1 
8 -2.7000000000000002 -2.6499999999999995
1 -0.099999999999999867 -0.13974596215561891 -1 0 
8 -2.7000000000000002 -2.6499999999999995
1 0.10000000000000009 3.4641016151377588 -1 0 
1 3 0 0 1 
1 0 2 1 0 
1 0 0 1 0 
1 0 -2 1 0 
1 0 0 0 1 
1 0 2 1 0 
1 0 0 1 0 
1 0 0 1 0 
1 2.6000000000000001 0 0 -1 
1 0 0 0 1 
8 -2.4000000000000004 7.2000000000000011
1 -4.5784609690826539 -3.1301270189221917 0.86602540378443849 -0.50000000000000044 
8 -2.4000000000000004 7.2000000000000011
1 2.5499999999999998 -2.4000000000000004 0 -1 
1 2.6000000000000001 0 0 1 
1 0 0 1 0 
8 -3.1861561236693863 -2.5000000000000004
1 -5.4069219381653051 0.23493649053890575 0.50000000000000044 0.86602540378443849 
8 -3.1861561236693863 -2.5000000000000004
1 2.5499999999999998 -2.5000000000000004 0 -1 
8 -5.999999999062311e-07 2.5000005999999999
1 3.3869027434371128 0 0 1 
8 -5.999999999062311e-07 2.5000005999999999
1 1 0.29043444854598377 1 0 
1 4.5 0 0 1 
1 -4.1637991171010006e-16 3.3999999999999999 1 0 
1 0 0 1 0 
1 0 -3.3999999999999999 1 0 
8 -3.75 -3.25
1 -3.25 -1.6999999999999995 1 -1.2246467991473532e-16 
8 -3.75 -3.25
1 3.5 -3.25 0 -1 
8 -3.75 -3.25
1 -3.25 -1.6999999999999995 1 -1.2246467991473532e-16 
8 -3.75 -3.25
1 1 -3.25 0 -1 
1 0 0 0 1 
1 -4.1637991171010006e-16 3.3999999999999999 1 0 
2 2.25 8 1 0 -0 1 5.2000000000000002
1 0 3.9000000000000004 1 0 
8 0.16000000000000014 4.2400000000000002
1 3.3119833618042698 -0.50000000000000022 0 1 
8 0.16000000000000014 4.2400000000000002
1 5.1598659621960783 -1.30027247181531e-16 0 1 
2 2.25 8 1 0 -0 1 5.2000000000000002
1 0 0.50000000000000022 1 0 
8 0.16000000000000014 4.2400000000000002
1 3.3119833618042698 -0.50000000000000022 0 1 
8 0.16000000000000014 4.2400000000000002
1 4.2649119985733011 -1.30027247181531e-16 0 1 
1 4.5 0 0 1 
1 0 0 1 0 
1 0 0 1 0 
1 0 0 1 0 
8 -3.75 -3.25
1 -3.25 1.7000000000000004 1 -1.2246467991473532e-16 
8 -3.75 -3.25
1 3.5 -3.25 0 -1 
8 -5.999999999062311e-07 2.5000005999999999
1 2.8962825637424734 0 0 1 
8 -5.999999999062311e-07 2.5000005999999999
1 1 0.29043444854598377 1 0 
8 -3.75 -3.25
1 -3.25 1.7000000000000004 1 -1.2246467991473532e-16 
8 -3.75 -3.25
1 1 -3.25 0 -1 
1 0 0 0 1 
1 0 0 1 0 
8 -5.999999999062311e-07 2.5000005999999999
1 2.8518409521537458 0 0 1 
8 -5.999999999062311e-07 2.5000005999999999
1 0.25 3.2917960675006306 1 0 
1 0 5 1 0 
1 0 0 1 0 
8 0 1.7904344485459847
1 -5 2 -1 0 
8 0 1.7904344485459847
1 0.25 5 0 -1 
8 -0.14999999999999991 -0.099999999999999867
1 -0.099999999999999867 -9.4602540378443933 -1 0 
8 -0.14999999999999991 -0.099999999999999867
1 0.10000000000000009 3.4641016151377499 -1 0 
8 2.3643593539449004 2.5257240916823136
1 -1.1821796769724506 7.4126587736527414 0.49999999999999983 0.86602540378443882 
8 2.3643593539449004 2.5257240916823136
1 0.19999999999999996 5.8284609690826539 0 -1 
8 -2.7000000000000002 -0.099999999999999867
1 -0.099999999999999867 0.080682368868705279 -1 0 
8 -2.7000000000000002 -0.099999999999999867
1 0.10000000000000009 3.3027368774003421 -1 0 
8 0 1.7904344485459847
1 -5 2 -1 0 
8 0 1.7904344485459847
1 2.75 5 0 -1 
8 2.3643593539449004 2.5257240916823136
1 -1.1821796769724506 7.4126587736527414 0.49999999999999983 0.86602540378443882 
8 2.3643593539449004 2.5257240916823136
1 2.7999999999999998 5.8284609690826539 0 -1 
8 -2.7000000000000002 -2.6499999999999995
1 -0.099999999999999867 -9.4602540378443933 -1 0 
8 -2.7000000000000002 -2.6499999999999995
1 0.10000000000000009 3.4641016151377499 -1 0 
1 3 0 0 1 
1 0 0 1 0 
1 0 0 1 0 
1 0 0 1 0 
1 0 0 0 1 
1 0 0 1 0 
1 0 0 0 -1 
1 0 0 0 1 
1 0 0 0 1 
1 0 2 1 0 
1 0 0 0 -1 
1 5 0 0 1 
1 0 -2 1 0 
1 0 5 1 0 
1 0 0 1 0 
1 0 -2 1 0 
1 3 0 0 1 
1 0 2 1 0 
1 0.96410161513775394 7.1301270189221952 0.49999999999999983 0.86602540378443882 
8 -2.7000000000000002 -0.099999999999999867
1 -0.099999999999999867 2.3900834456272078 -1 0 
8 -2.7000000000000002 -0.099999999999999867
1 0.10000000000000009 2.1480363390210924 -1 0 
1 -0.099999999999999867 2.3900834456272078 -1 0 
1 2.3900834456272069 9.5999999999999996 -0.49999999999999983 -0.86602540378443882 
8 -1.4783121635129675 -0.36506350946109656
1 1.2802558883257644 6.9475952641916461 0.86602540378443882 -0.49999999999999983 
8 -1.4783121635129675 -0.36506350946109656
1 0.19999999999999996 -2.3650635094610966 0 -1 
1 1.2802558883257644 6.9475952641916461 0.86602540378443882 -0.49999999999999983 
1 0 0 0 -1 
1 0 0 0 1 
1 0 0 0 1 
1 0 0 0 1 
1 0 0 1 0 
1 0 0 1 0 
1 1.7475952641916457 0.61282217350892965 -0.86602540378443882 -0.49999999999999989 
8 -0.87916512459885143 -0.17153903091734743
1 1.661825748732972 0.76137933202391661 -0.50000000000000011 0.8660254037844386 
8 -0.87916512459885143 -0.17153903091734743
1 0.099999999999999867 -0.17153903091734743 0 -1 
1 0.099999999999999867 -0.17153903091734748 0 -1 
1 1.661825748732972 0.76137933202391661 -0.50000000000000011 0.8660254037844386 
1 9.0062548904568391 0 -1 0 
1 -1.8873791418627661e-14 9.0062548904568391 2.7334121332788392e-15 -1 
8 -6.0000000058279358e-07 1.9000005999999992
1 7.5062548904568267 8.8817841970012523e-16 0 1 
8 -6.0000000058279358e-07 1.9000005999999992
1 4.3976967718735711 0 0 1 
8 -1.2175459533036069e-15 1.8999999999999984
1 10.680882079053157 0 0 1 
1 9.0062548904568267 8.8817841970012523e-16 0 1 
1 0 0 0 1 
1 -5.5511151231257827e-16 1.9000000000000001 1 0 
1 1.4999999999999991 1.8999999999999999 1 0 
1 0 0 0 1 
1 0 0 0 -1 
1 5 8.8817841970012523e-16 0 1 
1 5 8.8817841970012523e-16 0 1 
1 0 0 0 1 
1 0 0 1 0 
1 1.4999999999999996 7.7000000000000002 1 0 
1 0 0 0 1 
8 -6.0000000019820102e-07 1.9000005999999996
1 7.5062548904568276 1.3322676295501878e-15 0 1 
8 -6.0000000019820102e-07 1.9000005999999996
1 4.3976967718735711 4.4408920985006262e-16 0 1 
8 -1.6021384905803199e-15 1.8999999999999981
1 10.680882079053157 4.4408920985006262e-16 0 1 
1 9.0062548904568267 7.7000000000000028 0 1 
1 2.3900834456272069 9.5999999999999996 1 -5.5511151231257827e-17 
1 0 2.3900834456272078 -2.8526756865372706e-15 1 
1 5.0270811888957967 1.8999999999999999 1 0 
2 1.3 13.000000000000002 0.30952380952379899 -0.95089169274837759 0.95089169274837759 0.30952380952379899 4.2000000000000011
8 -5.999999993100226e-07 1.9000006000000005
1 7.5062548904568276 1.3322676295501878e-15 0 1 
8 -5.999999993100226e-07 1.9000006000000005
1 5.0270811888958082 4.4408920985006262e-16 0 1 
8 -7.6064173675318672e-16 1.8999999999999988
1 5.0270811888958082 4.4408920985006262e-16 0 1 
1 9.0062548904568267 7.7000000000000028 0 1 
1 10.680882079053152 0 -1 -0 
2 1.3 11.5 -0.30952380952381453 -0.95089169274837271 -0.95089169274837271 0.30952380952381453 4.1999999999999993
8 0 2.6000000000000001
1 0 -7.7000000000000011 1 0 
8 0 2.6000000000000001
1 0 3.5000000000000009 1 0 
1 0 3.5000000000000013 1 0 
1 2.6000000000000001 0 0 1 
1 0 0 1 0 
1 1.4999999999999996 7.7000000000000002 1 0 
1 2.6000000000000001 0 0 1 
1 0 9.4000000000000021 1 0 
2 1.3 11.5 1 0 -0 1 2.1800000000000002
1 6.2831853071795862 -0 0 1 
1 0 -0 0 1 
8 0.29999999999999982 2.2000000000000002
1 6.2831853071795862 9.1000000000000014 0 1 
8 0.29999999999999982 2.2000000000000002
1 0 9.1000000000000014 0 1 
1 6.2831853071795862 11.300000000000001 -1 -0 
2 1.3000000000000029 13.000000000000002 1 2.9825308688381986e-16 2.9825308688381986e-16 -1 2.1799999999999971
1 2.6000000000000001 0 0 -1 
1 5 8.8817841970012523e-16 0 1 
1 5 8.8817841970012523e-16 0 1 
8 0 2.6000000000000001
1 0 -1.8999999999999992 1 0 
8 0 2.6000000000000001
1 0 3.5000000000000018 1 0 
1 0 3.5000000000000022 1 0 
1 2.6000000000000001 0 0 1 
1 -5.5511151231257827e-16 1.9000000000000001 1 0 
1 1.4999999999999991 1.8999999999999999 1 0 
1 2.6000000000000001 0 0 1 
1 5.0270811888957967 1.8999999999999999 1 0 
2 1.3 11.5 0.30952380952379899 -0.9508916927483777 0.9508916927483777 0.30952380952379899 4.2000000000000002
1 6.2831853071795862 3.6000000000000005 -1 -0 
2 1.2999999999999992 11.500000000000002 1 -1.2076381139282751e-15 -1.2076381139282751e-15 -1 2.1800000000000019
1 6.2831853071795862 -0 0 1 
1 0 -0 0 1 
8 0.29999999999999982 2.1999999999999997
1 6.2831853071795862 1.4000000000000008 0 1 
8 0.29999999999999982 2.1999999999999997
1 0 1.4000000000000008 0 1 
1 0 1.7000000000000006 1 0 
2 1.3 13 1 0 -0 1 2.1800000000000002
1 10.680882079053152 0 -1 -0 
2 1.3 13 -0.30952380952381453 -0.95089169274837271 -0.95089169274837271 0.30952380952381453 4.1999999999999993
8 -5.9999999969461516e-07 1.9000006
1 7.5062548904568267 8.8817841970012523e-16 0 1 
8 -5.9999999969461516e-07 1.9000006
1 5.0270811888958082 0 0 1 
8 8.5433378002394028e-18 1.8999999999999992
1 5.0270811888958082 0 0 1 
1 9.0062548904568267 8.8817841970012523e-16 0 1 
8 -2.6500000000000004 -0.050000000000000044
1 -0.050000000000000044 2.1014083110323973 -1 0 
8 -2.6500000000000004 -0.050000000000000044
1 0.049999999999999822 0.70762609368150409 -1 0 
1 0.049999999999999822 0.70762609368150398 -1 0 
1 -0.050000000000000044 2.1014083110323978 -1 0 
1 2.1014083110323978 3.3306690738754696e-16 1 1.6653345369377348e-16 
1 2.6000000000000001 2.1014083110323973 -5.8527177441970774e-15 1 
1 2.7999999999999998 0 0 1 
1 6.6613381477509392e-16 1.5000000000000004 1 0 
1 2.7999999999999998 0 0 1 
1 5.0287509203844376 1.5 1 0 
2 1.3999999999999999 6.4999999999999982 0.31111111111110828 -0.95037354579302757 0.95037354579302757 0.31111111111110828 4.4999999999999982
1 0 0 0 1 
1 6.6613381477509392e-16 1.5000000000000004 1 0 
1 0 0 0 1 
1 0 0 1 0 
1 0 -1.5 1 0 
1 0 0 1 0 
8 -0.87916512459885143 -0.17153903091734743
1 1.661825748732972 0.76137933202391661 -0.50000000000000011 0.8660254037844386 
8 -0.87916512459885143 -0.17153903091734743
1 2.7000000000000002 -0.17153903091734743 0 -1 
1 2.7000000000000002 -0.17153903091734748 0 -1 
1 1.661825748732972 0.76137933202391661 -0.50000000000000011 0.8660254037844386 
1 0 0 1 0 
1 6.2831853071795862 8.75 -1 -0 
2 1.3999999999999977 6.5 1 -7.0567438032424282e-16 -7.0567438032424282e-16 -1 2.1800000000000028
1 6.2831853071795862 -0 0 1 
1 0 -0 0 1 
8 0.30000000000000004 1.8
1 6.2831853071795862 6.9500000000000002 0 1 
8 0.30000000000000004 1.8
1 0 6.9500000000000002 0 1 
1 0 7.25 1 0 
2 1.3999999999999999 6.4999999999999982 1 0 -0 1 2.1800000000000002
1 0 0 0 1 
1 0 0 1 0 
1 0 0 0 1 
1 0 0 1 0 
1 0 0 1 0 
1 0 0 1 0 
1 2.7999999999999998 0 0 1 
1 0 0 1 0 
1 2.7999999999999998 0 0 1 
1 10.679212347564494 0 -1 -0 
2 1.3999999999999999 6.4999999999999982 -0.31111111111113998 -0.95037354579301703 -0.95037354579301714 0.31111111111114004 4.5
8 -5.9999999957562185e-07 1.5000006000000004
1 2.2233190439313795 -5.5511151231257827e-16 0 1 
8 -5.9999999957562185e-07 1.5000006000000004
1 4.3960270403849382 -2.2204460492503131e-16 0 1 
8 -9.3363331745958818e-17 1.5
1 10.679212347564524 -2.2204460492503131e-16 0 1 
1 0 0 0 -1 
1 0 0 0 1 
8 -6.0000000007920772e-07 1.5000006000000004
1 2.2233190439313795 -5.5511151231257827e-16 0 1 
8 -6.0000000007920772e-07 1.5000006000000004
1 5.0287509203844412 -2.2204460492503131e-16 0 1 
8 4.1220503911332562e-16 1.5000000000000004
1 5.0287509203844412 -2.2204460492503131e-16 0 1 
1 2.7999999999999998 0 0 -1 
1 0 0 0 1 
8 -2.6500000000000004 -0.050000000000000044
1 -0.050000000000000044 0.68615612366938827 -1 0 
8 -2.6500000000000004 -0.050000000000000044
1 0.049999999999999822 -0.27435565298214037 -1 -0 
1 0.68615612366938894 -5.5511151231257827e-17 0.86602540378443882 0.49999999999999989 
1 0 0 1 0 
1 0 0 1 0 
8 -2.8116224765445579 -2.5000000000000004
1 2.9069219381653064 4.5650635094610958 0.49999999999999983 -0.86602540378443882 
8 -2.8116224765445579 -2.5000000000000004
1 2.5499999999999998 -2.5000000000000004 0 -1 
8 -5.999999999062311e-07 2.5000005999999999
1 1.3388105207507282 0 0 1 
8 -5.999999999062311e-07 2.5000005999999999
1 0.050000000000000044 0.095095681142798705 1 0 
8 -2.8116224765445579 -2.5000000000000004
1 2.9069219381653064 4.5650635094610958 0.49999999999999983 -0.86602540378443882 
8 -2.8116224765445579 -2.5000000000000004
1 0.050000000000000044 -2.5000000000000004 0 -1 
1 2.6000000000000001 0 0 1 
1 0 0 1 0 
1 0 0 1 0 
8 -5.999999999062311e-07 2.5000005999999999
1 1.2925076410439174 0 0 1 
8 -5.999999999062311e-07 2.5000005999999999
1 1 0.2904344485459841 1 0 
1 4.5 0 0 1 
1 6.6613381477509392e-16 3.4000000000000004 1 0 
1 0 -3.4000000000000004 1 0 
1 0 0 1 0 
8 -3.6348815156306387 -3.25
1 0.15275681356645476 3.6645825622994259 -0.50000000000000011 -0.8660254037844386 
8 -3.6348815156306387 -3.25
1 3.5 -3.25 0 -1 
8 -3.6348815156306387 -3.25
1 0.15275681356645476 3.6645825622994259 -0.50000000000000011 -0.8660254037844386 
8 -3.6348815156306387 -3.25
1 1 -3.25 0 -1 
1 0 0 0 1 
1 6.6613381477509392e-16 3.4000000000000004 1 0 
2 2.25 7 1 0 -0 1 5.2000000000000002
1 0 3.9000000000000012 1 0 
8 0.16000000000000009 4.2400000000000011
1 2.3119833618042693 -0.50000000000000044 0 1 
8 0.16000000000000009 4.2400000000000011
1 4.2649119985733011 0 0 1 
8 0.16000000000000009 4.2400000000000011
1 2.3119833618042693 -0.50000000000000044 0 1 
8 0.16000000000000009 4.2400000000000011
1 5.1598659621960783 0 0 1 
2 2.25 7 1 0 -0 1 5.2000000000000002
1 0 0.500000000000001 1 0 
1 0 0 0 1 
1 0 0 1 0 
1 0 0 0 -1 
1 0 0 0 1 
1 0 0 1 0 
1 0 0 1 0 
8 -0.84999999999999987 2.5500000000000007
1 3.9861215932167737 5.2041651245988501 -0.8660254037844386 0.50000000000000011 
8 -0.84999999999999987 2.5500000000000007
1 1 -0.84999999999999987 0 -1 
1 4.5 0 0 -1 
1 0 0 0 1 
8 -0.84999999999999987 2.5500000000000007
1 3.9861215932167737 5.2041651245988501 -0.8660254037844386 0.50000000000000011 
8 -0.84999999999999987 2.5500000000000007
1 3.5 -0.84999999999999987 0 -1 
1 4.5 0 0 1 
1 0 0 1 0 
1 2.6000000000000001 0 0 -1 
1 0 0 0 1 
1 0 0 0 1 
8 -2.7000000000000002 -2.6499999999999995
1 -0.099999999999999867 -7.6867513459481298 -1 0 
8 -2.7000000000000002 -2.6499999999999995
1 0.10000000000000009 -0.88675134594812999 -1 0 
8 -2.3999999999999999 7.1999999999999993
1 -0.42153903091734635 5.5301270189221938 -0.86602540378443882 -0.49999999999999983 
8 -2.3999999999999999 7.1999999999999993
1 2.5499999999999998 -2.3999999999999999 0 -1 
8 -2.3999999999999999 7.1999999999999993
1 -0.42153903091734635 5.5301270189221938 -0.86602540378443882 -0.49999999999999983 
8 -2.3999999999999999 7.1999999999999993
1 0.050000000000000044 -2.3999999999999999 0 -1 
8 -0.14999999999999991 -0.099999999999999867
1 -0.099999999999999867 -7.6867513459481298 -1 0 
8 -0.14999999999999991 -0.099999999999999867
1 0.10000000000000009 -0.88675134594812999 -1 0 
1 9.0062548904568001 9.5999999999999996 -1 0 
1 2.5999999999999597 9.0062548904568001 6.108082058232782e-15 -1 
8 -1.4783121635129675 -0.36506350946109656
1 1.2802558883257644 6.9475952641916461 0.86602540378443882 -0.49999999999999983 
8 -1.4783121635129675 -0.36506350946109656
1 2.7999999999999998 -2.3650635094610966 0 -1 
1 1.2802558883257644 6.9475952641916461 0.86602540378443882 -0.49999999999999983 
1 3 0 0 -1 
1 0 0 0 1 
1 0 2.0000000000000009 1 0 
1 0.10000000000000009 -1.7500000000000013 1 0 
8 -0.62499999999999933 0.87500000000000089
1 2.0000000000000009 0.87500000000000067 1.2246467991473532e-16 -1 
8 -0.62499999999999933 0.87500000000000089
1 0.10000000000000009 -0.87500000000000044 0 -1 
1 2.7999999999999998 2 -1 0 
1 2.8999999999999999 -0.25000000000000133 -1 0 
8 -0.62499999999999933 0.87500000000000089
1 2.0000000000000009 0.87500000000000067 1.2246467991473532e-16 -1 
8 -0.62499999999999933 0.87500000000000089
1 2.8999999999999999 -0.87500000000000044 0 -1 
1 2.7999999999999998 0 0 1 
1 7.0448139982802231e-16 1.5 1 0 
1 2.7999999999999998 0 0 1 
8 -5.999999999062311e-07 1.5000005999999999
1 2.2233190439313804 -1.7181115478667078e-16 0 1 
8 -5.999999999062311e-07 1.5000005999999999
1 5.0287509203844412 -7.9653154532325239e-17 0 1 
8 -4.3508194350300514e-31 1.5
1 5.0287509203844412 -7.9653154532325239e-17 0 1 
1 2.7999999999999998 0 0 1 
1 0 0 1 0 
1 2.7999999999999998 0 0 1 
1 10.679212347564494 0 -1 -0 
2 1.3999999999999999 6.5000000000000009 -0.31111111111113898 -0.95037354579301736 -0.95037354579301736 0.31111111111113898 4.5
8 -5.999999999062311e-07 1.5000005999999999
1 2.2233190439313804 -1.7181115478667078e-16 0 1 
8 -5.999999999062311e-07 1.5000005999999999
1 4.3960270403849382 -7.9653154532325239e-17 0 1 
8 9.3542617853146099e-30 1.5
1 10.679212347564524 -7.9653154532325239e-17 0 1 
1 5.0287509203844394 1.5 1 0 
2 1.3999999999999999 6.5 0.31111111111110928 -0.95037354579302713 0.95037354579302713 0.31111111111110928 4.5
1 0 0 0 1 
1 7.0448139982802231e-16 1.5 1 0 
1 0 0 0 1 
1 6.2831853071795862 2.75 -1 -0 
2 1.3999999999999995 6.5 1 0 0 -1 2.1800000000000006
1 6.2831853071795862 -0 0 1 
1 0 -0 0 1 
8 0.29999999999999982 1.7999999999999998
1 6.2831853071795862 0.95000000000000018 0 1 
8 0.29999999999999982 1.7999999999999998
1 0 0.95000000000000018 0 1 
1 0 1.25 1 0 
2 1.3999999999999999 6.5000000000000009 1 0 -0 1 2.1800000000000002
1 0 0 0 1 
1 0 0 1 0 
1 0 0 0 1 
1 3 0 0 -1 
1 5 0 0 1 
8 1 3
1 -5 1 0 1 
8 1 3
1 2.75 1 0 -1 
1 0 -9.5999999999999996 1 0 
1 0 0 1 0 
1 2.6000000000000001 0 0 1 
1 -8.8817841970012523e-16 9.6000000000000014 1 0 
8 -3.1861561236693872 -2.5
1 -5.406921938165306 -0.23493649053890242 0.49999999999999983 -0.86602540378443882 
8 -3.1861561236693872 -2.5
1 2.5499999999999998 -2.5 0 -1 
8 -3.1861561236693872 -2.5
1 -5.406921938165306 -0.23493649053890242 0.49999999999999983 -0.86602540378443882 
8 -3.1861561236693872 -2.5
1 0.050000000000000044 -2.5 0 -1 
1 0 0 0 1 
1 -8.8817841970012523e-16 9.6000000000000014 1 0 
8 1 3
1 -5 1 0 1 
8 1 3
1 0.25 1 0 -1 
1 0 0 0 -1 
1 0 0 0 1 
8 -0.84999999999999998 2.5499999999999998
1 -6.5 0.85000000000000087 -1.2246467991473532e-16 -1 
8 -0.84999999999999998 2.5499999999999998
1 1 -0.84999999999999998 0 -1 
1 4.5 0 0 -1 
1 0 0 0 1 
8 -0.84999999999999998 2.5499999999999998
1 -6.5 0.85000000000000087 -1.2246467991473532e-16 -1 
8 -0.84999999999999998 2.5499999999999998
1 3.5 -0.84999999999999998 0 -1 
8 -3.1861561236693863 -2.5000000000000004
1 -5.4069219381653051 0.23493649053890575 0.50000000000000044 0.86602540378443849 
8 -3.1861561236693863 -2.5000000000000004
1 0.050000000000000044 -2.5000000000000004 0 -1 
1 0 0 0 1 
1 0 0 1 0 
1 0 0 0 -1 
1 0 0 0 1 
8 -2.4000000000000004 7.2000000000000011
1 -4.5784609690826539 -3.1301270189221917 0.86602540378443849 -0.50000000000000044 
8 -2.4000000000000004 7.2000000000000011
1 0.050000000000000044 -2.4000000000000004 0 -1 
1 3 0 0 -1 
1 0 0 0 1 
1 0 0 0 -1 
1 0 0 0 1 
1 0 2 1 0 
1 0.10000000000000009 -1.7500000000000013 1 0 
8 -0.62499999999999933 0.87500000000000089
1 2 0.87500000000000067 1.2246467991473532e-16 -1 
8 -0.62499999999999933 0.87500000000000089
1 0.10000000000000009 -0.87500000000000044 0 -1 
1 2.7999999999999998 2 -1 0 
1 2.8999999999999999 -0.25000000000000133 -1 0 
8 -0.62499999999999933 0.87500000000000089
1 2 0.87500000000000067 1.2246467991473532e-16 -1 
8 -0.62499999999999933 0.87500000000000089
1 2.8999999999999999 -0.87500000000000044 0 -1 
1 2.7999999999999998 0 0 1 
1 -1.8369701987210297e-16 1.5 1 0 
1 2.7999999999999998 0 0 1 
8 -5.999999999062311e-07 1.5000005999999999
1 2.2233190439313795 -1.7181115478667087e-16 0 1 
8 -5.999999999062311e-07 1.5000005999999999
1 5.0287509203844412 -7.9653154532325239e-17 0 1 
8 -4.3508194350300514e-31 1.5
1 5.0287509203844412 -7.9653154532325239e-17 0 1 
1 2.7999999999999998 0 0 1 
1 0 0 1 0 
1 2.7999999999999998 0 0 1 
1 10.679212347564494 0 -1 -0 
2 1.3999999999999999 6.5 -0.31111111111113898 -0.95037354579301736 -0.95037354579301736 0.31111111111113898 4.5
8 -5.999999999062311e-07 1.5000005999999999
1 2.2233190439313795 -1.7181115478667087e-16 0 1 
8 -5.999999999062311e-07 1.5000005999999999
1 4.3960270403849382 -7.9653154532325239e-17 0 1 
8 9.3542617853146099e-30 1.5
1 10.679212347564524 -7.9653154532325239e-17 0 1 
1 5.0287509203844394 1.5 1 0 
2 1.3999999999999999 6.5 0.31111111111110928 -0.95037354579302713 0.95037354579302713 0.31111111111110928 4.5
1 0 0 0 1 
1 -1.8369701987210297e-16 1.5 1 0 
1 0 0 0 1 
1 6.2831853071795862 8.75 -1 -0 
2 1.3999999999999995 6.5 1 0 0 -1 2.1800000000000006
1 6.2831853071795862 -0 0 1 
1 0 -0 0 1 
8 0.30000000000000004 1.8
1 6.2831853071795862 6.9500000000000002 0 1 
8 0.30000000000000004 1.8
1 0 6.9500000000000002 0 1 
1 0 7.25 1 0 
2 1.3999999999999999 6.5 1 0 -0 1 2.1800000000000002
1 0 0 0 1 
1 0 0 1 0 
1 0 0 0 1 
1 0 0 0 -1 
1 5 0 0 1 
8 -1.0349364905389047 0.078312163512967853
1 0.067820323027550922 1.9524047358083563 -0.86602540378443849 -0.50000000000000044 
8 -1.0349364905389047 0.078312163512967853
1 0.19999999999999996 -1.0349364905389047 0 -1 
1 0.067820323027550922 1.9524047358083563 -0.86602540378443849 -0.50000000000000044 
8 0.099999999999999867 0.14999999999999991
1 -0.099999999999999867 -1.9132486540518725 1 0 
8 0.099999999999999867 0.14999999999999991
1 0.10000000000000009 -1.1132486540518722 1 0 
8 -2 0
1 -5 -2 0 1 
8 -2 0
1 0.25 -2 0 -1 
8 -6.0000000084839283e-07 1.9000005999999985
1 7.5062548904568285 1.3322676295501878e-15 0 1 
8 -6.0000000084839283e-07 1.9000005999999985
1 4.3976967718735711 6.6613381477509392e-16 0 1 
8 -8.244100782266473e-16 1.8999999999999992
1 10.680882079053157 6.6613381477509392e-16 0 1 
1 9.0062548904568285 8.8817841970012523e-16 0 1 
8 -6.0000000084839283e-07 1.9000006
1 7.5062548904568285 1.3322676295501878e-15 0 1 
8 -6.0000000084839283e-07 1.9000006
1 5.0270811888958082 6.6613381477509392e-16 0 1 
8 -1.4279201417604067e-15 1.8999999999999968
1 5.0270811888958082 6.6613381477509392e-16 0 1 
1 9.0062548904568285 8.8817841970012523e-16 0 1 
1 0 0 0 1 
1 0 0 0 1 
8 -6.0000000007920772e-07 1.9000006
1 7.5062548904568303 1.3322676295501878e-15 0 1 
8 -6.0000000007920772e-07 1.9000006
1 4.3976967718735711 0 0 1 
8 -8.244100782266473e-16 1.899999999999999
1 10.680882079053157 0 0 1 
1 9.0062548904568303 7.700000000000002 0 1 
8 -6.0000000007920772e-07 1.9000006000000003
1 7.5062548904568303 1.3322676295501878e-15 0 1 
8 -6.0000000007920772e-07 1.9000006000000003
1 5.0270811888958082 0 0 1 
8 1.1045000734644393e-16 1.899999999999999
1 5.0270811888958082 0 0 1 
1 9.0062548904568303 7.700000000000002 0 1 
1 0 0 0 -1 
1 0 0 0 1 
8 -0.84999999999999987 2.5500000000000007
1 2.513878406783228 -6.0541651245988515 0.8660254037844386 0.50000000000000011 
8 -0.84999999999999987 2.5500000000000007
1 1 -0.84999999999999987 0 -1 
1 4.5 0 0 -1 
1 0 0 0 1 
1 -5.5 -1.7000000000000002 0 1 
8 -0.84999999999999987 2.5500000000000007
1 2.513878406783228 -6.0541651245988515 0.8660254037844386 0.50000000000000011 
8 -0.84999999999999987 2.5500000000000007
1 3.5 -0.84999999999999987 0 -1 
1 0 0 0 -1 
1 0 0 0 1 
8 -2.3999999999999999 7.1999999999999993
1 5 -2.3999999999999999 0 1 
8 -2.3999999999999999 7.1999999999999993
1 0.050000000000000044 -2.3999999999999999 0 -1 
8 -2.3999999999999999 7.1999999999999993
1 5 -2.3999999999999999 0 1 
8 -2.3999999999999999 7.1999999999999993
1 2.5499999999999998 -2.3999999999999999 0 -1 
8 -3.9957049894185044 -3.25
1 3.0972431864335461 1.9645825622994249 -0.50000000000000011 -0.8660254037844386 
8 -3.9957049894185044 -3.25
1 1 -3.25 0 -1 
2 0 0 1 0 -0 1 3.5499999999999998
1 0 0.19999999999999996 1 0 
2 0 0 1 0 -0 1 3.5499999999999998
1 0 2.7000000000000002 1 0 
1 6.2831853071795862 -0 0 1 
1 0 -0 0 1 
8 -3.9957049894185044 -3.25
1 3.0972431864335461 1.9645825622994249 -0.50000000000000011 -0.8660254037844386 
8 -3.9957049894185044 -3.25
1 3.5 -3.25 0 -1 
Curves 315
2 0 0 1.25 0 0 1 1 0 -0 -0 1 0 7
1 4.8674604107065385 5.030688735173797 -1.25 0 0 1 
2 0 0 -1.25 0 0 1 1 0 -0 -0 1 0 7
1 5.0950956811427988 4.7999999999999998 -1.25 0 0 1 
1 5 4.7999999999999998 -1.3 0 0 1 
1 2.5 4.7999999999999998 1.25 -1 0 0 
1 2.5 4.7999999999999998 -1.25 -1 0 0 
1 5 4.7999999999999998 -1.3 1 0 0 
1 5.6861561236693881 4.7999999999999998 -1.3500000000000001 0 0 -1 
1 5 4.7999999999999998 1.3 1 0 0 
1 5 -4.7999999999999998 1.3 0 1 0 
8 0 9.0062548904568089
1 14.006254890456809 -4.7999999999999998 1.2999999999999701 -1 0 3.3283559070310528e-15 
1 14.006254890456828 -4.7999999999999998 1.3 0 1 0 
1 6.5 -2.9000000000000004 1.3 1 0 0 
1 10 -4.7999999999999998 1.3 0 1 0 
1 6.5 2.9000000000000004 1.3 1 0 0 
1 14.006254890456828 2.9000000000000004 1.3 0 1 0 
8 0 6.9048465794244116
1 14.006254890456809 4.8000000000000007 1.2999999999999701 -1 -1.2863115921312241e-16 4.3413016234428819e-15 
1 4.583364779650319 0.43862066797608334 1.3000000000000003 -0.50000000000000011 -0.8660254037844386 0 
8 0 1.2256443470178604
1 5.6861561236693881 4.7999999999999998 1.3 0.86602540378443849 -0.50000000000000011 1.8116560931014976e-16 
1 6.747595264191645 4.1871778264910695 1.3999999999999999 0.50000000000000011 0.8660254037844386 0 
8 0 5.6504614271800566
2 9.9975952641916468 9.8163429510899203 0 0.86602540378443871 -0.5 -1.3712147577270728e-16 -0.47518677289650862 -0.8230476337414464 -0.31111111111113998 0.15555555555556985 0.26943012562185037 -0.95037354579301703 4.5
1 6.747595264191645 4.1871778264910695 -1.3999999999999999 0.50000000000000011 0.8660254037844386 0 
1 6.747595264191645 4.1871778264910695 -1.3999999999999999 0 0 1 
1 4.583364779650319 0.43862066797608334 -1.3 -0.50000000000000011 -0.8660254037844386 0 
1 7.1014083110323973 4.7999999999999998 -1.3500000000000001 0 -0 1 
2 9.9975952641916468 9.8163429510899203 0 -0.8660254037844386 0.50000000000000011 0 0 0 1 0.50000000000000011 0.8660254037844386 0 2.1800000000000002
1 10.257402885326979 9.6663429510899199 2.1800000000000002 -0.8660254037844386 0.50000000000000011 0 
2 8.698557158514987 10.566342951089922 -1.8873791418627661e-15 0.86602540378443871 -0.5 -6.947822844672141e-16 4.5257256500608439e-16 -6.0568589223212171e-16 1 -0.5 -0.86602540378443871 -2.9825308688381907e-16 2.1800000000000024
1 5.4485571585149879 4.9371778264910704 -1.3999999999999999 0.50000000000000011 0.8660254037844386 0 
1 5.4485571585149879 4.9371778264910704 -1.3999999999999999 0 0 1 
1 5.4485571585149879 4.9371778264910704 1.3999999999999999 0.50000000000000011 0.8660254037844386 0 
8 0 5.6504614271800566
2 8.6985571585149888 10.56634295108992 0 -0.8660254037844386 0.50000000000000022 1.9737298215558345e-16 -0.47518677289651384 -0.82304763374145518 0.31111111111110828 0.15555555555555436 0.26943012562182278 0.95037354579302746 4.5
1 7.8592547861573365 6.1126285992533749 -1.3999999999999999 -0.8660254037844386 0.50000000000000011 0 
1 6.747595264191645 4.1871778264910695 -1.3999999999999999 -0.8660254037844386 0.50000000000000011 0 
1 7.8592547861573365 6.1126285992533749 1.3999999999999999 -0.8660254037844386 0.50000000000000011 0 
1 6.747595264191645 4.1871778264910695 1.3999999999999999 -0.8660254037844386 0.50000000000000011 0 
8 0 5.6538008901573535
2 18 4.8000000000000007 0 0 1 -0 -0.95089169274837682 0 0.30952380952380171 0.30952380952380171 0 0.95089169274837682 4.2000000000000002
8 0 6.90484657942444
1 7.1014083110323973 4.7999999999999998 -1.3 1 1.2863115921312189e-16 -2.2188874964263525e-15 
2 18 4.8000000000000007 3.7747582837255322e-15 0 -1 0 0 0 1 -1 0 0 2.1799999999999975
1 18 2.6000000000000005 2.1800000000000002 0 1 0 
2 18 2.9000000000000004 0 0 1 0 0 0 1 1 0 0 2.1800000000000002
8 0 5.6538008901573535
2 18 2.9000000000000004 0 0 -1 -0 -0.95089169274837293 0 -0.30952380952381348 0.30952380952381348 0 -0.95089169274837293 4.2000000000000002
1 14.006254890456828 2.9000000000000004 -1.3 0 1 0 
1 6.5 2.9000000000000004 -1.3 1 0 0 
1 10 2.9000000000000004 -1.3 0 0 1 
1 10 -4.7999999999999998 -1.3 0 1 0 
1 10 -2.9000000000000004 -1.3 0 0 1 
1 6.5 -2.9000000000000004 -1.3 1 0 0 
8 0 5.6538008901573535
2 18 -2.8999999999999999 0 -1.1119618244762196e-16 1 0 -0.95089169274837682 -1.057355261547766e-16 0.30952380952380171 0.30952380952380171 3.4417865995691646e-17 0.95089169274837682 4.2000000000000002
2 18 -2.8999999999999999 3.7747582837255322e-15 0 -1 0 0 0 1 -1 0 0 2.1799999999999975
1 18 -5.0999999999999996 2.1800000000000002 0 1 0 
2 18 -4.7999999999999998 0 0 1 0 0 0 1 1 0 0 2.1800000000000002
8 0 5.6538008901573535
2 18 -4.7999999999999998 0 0 -1 -0 -0.95089169274837293 0 -0.30952380952381348 0.30952380952381348 0 -0.95089169274837293 4.2000000000000002
1 14.006254890456828 -4.7999999999999998 -1.3 0 1 0 
8 0 9.0062548904568374
1 5 -4.7999999999999998 -1.3 1 0 -1.7011596858158661e-15 
1 5 -4.7999999999999998 -1.3 0 0 1 
1 2.5 -4.7999999999999998 -1.25 -1 0 0 
1 5.0950956811427988 -4.7999999999999998 -1.25 0 0 1 
1 2.5 -4.7999999999999998 1.25 -1 0 0 
1 4.8674604107065385 -5.030688735173797 -1.25 0 0 1 
1 4.7222431864335466 -4.7791651245988502 2.25 0.50000000000000011 -0.8660254037844386 0 
1 4.7222431864335466 -4.7791651245988502 -2.25 0 0 1 
1 3.0972431864335461 -1.9645825622994249 1.25 -0.50000000000000011 0.8660254037844386 0 
1 3.0972431864335461 -1.9645825622994249 -1.25 -0.50000000000000011 0.8660254037844386 0 
1 4.7222431864335466 -4.7791651245988502 -2.25 0.50000000000000011 -0.8660254037844386 0 
1 6.4558156189207416 -7.7818006562674391 -4 0 0 1 
2 6.0000000000000018 -10.392304845413264 2.25 0 0 1 1 0 -0 -0 1 0 2.6499999999999999
1 3.5113292460536498 -9.4818006562674384 -4 0 0 1 
2 6.0000000000000018 -10.392304845413264 -2.25 0 0 1 1 0 -0 -0 1 0 2.6499999999999999
1 1.7777568135664552 -6.4791651245988513 2.25 0.50000000000000011 -0.8660254037844386 0 
1 1.7777568135664552 -6.4791651245988513 -2.25 0 0 1 
1 0.15275681356645476 -3.6645825622994259 1.25 -0.50000000000000011 0.8660254037844386 0 
1 1.9229740378394471 -6.7306887351737981 -1.25 0 0 1 
1 0.15275681356645476 -3.6645825622994259 -1.25 -0.50000000000000011 0.8660254037844386 0 
1 1.7777568135664552 -6.4791651245988513 -2.25 0.50000000000000011 -0.8660254037844386 0 
1 1.6093740975939039 -6.8124822945820434 -1.25 0 0 1 
8 0 9.0062548904568018
1 1.656921938165302 -6.7301270189221949 1.3 -0.50000000000000044 -0.86602540378443837 -4.4871168524418669e-15 
8 0 5.6538008901573553
2 -4.843078061834702 -17.988457268119895 0 0.86602540378443849 -0.50000000000000022 -1.8313930346510129e-16 0.47544584637418907 0.82349636216768196 0.30952380952379899 -0.15476190476189941 -0.26805548212374575 0.95089169274837759 4.2000000000000002
8 0 9.0062548904568409
1 -2.8462055070631216 -14.529772547015654 -1.3000000000000189 0.50000000000000044 0.86602540378443837 2.0956314970195441e-15 
1 1.656921938165302 -6.7301270189221949 -1.3 0 0 1 
1 2.9069219381653033 -4.5650635094610985 -1.25 0.50000000000000044 0.86602540378443849 -0 
1 2.9069219381653033 -4.5650635094610985 1.25 0.50000000000000044 0.86602540378443849 -0 
2 -4.8430780618347029 -17.988457268119895 1.3322676295501878e-15 -0.86602540378443815 0.50000000000000089 6.1376744872257622e-16 6.3339352596982006e-16 -1.3046512928022743e-16 1 0.50000000000000089 0.86602540378443815 -2.0371064672021269e-16 2.1799999999999993
1 -6.7483339501604664 -16.888457268119893 2.1800000000000002 0.86602540378443849 -0.50000000000000044 0 
2 -6.4885263290251354 -17.038457268119895 0 0.86602540378443849 -0.50000000000000044 0 0 0 1 -0.50000000000000044 -0.86602540378443849 0 2.1800000000000002
1 -0.73852632902513093 -7.0791651245988518 -1.3 -0.50000000000000044 -0.86602540378443849 0 
1 -2.4885263290251323 -10.110254037844388 -1.3 0 0 1 
1 -0.73852632902513093 -7.0791651245988518 1.3 -0.50000000000000044 -0.86602540378443849 0 
8 0 5.6538008901573553
2 -6.4885263290251354 -17.038457268119895 0 -0.8660254037844386 0.50000000000000022 -6.8602277264831337e-17 0.47544584637418652 0.82349636216767774 -0.30952380952381453 -0.15476190476190724 -0.26805548212375913 -0.9508916927483726 4.2000000000000002
1 -9.1569219381653078 -6.2602540378443834 1.3 0.86602540378443849 -0.50000000000000044 0 
1 -9.1569219381653078 -6.2602540378443834 -1.3 0.86602540378443849 -0.50000000000000044 0 
1 -7.5114736709748762 -7.2102540378443836 -1.3 0 0 1 
1 -5.7614736709748744 -4.1791651245988479 -1.3 -0.50000000000000044 -0.86602540378443849 0 
1 -5.7614736709748744 -4.1791651245988479 1.3 -0.50000000000000044 -0.86602540378443849 0 
8 0 5.6538008901573553
2 -11.51147367097488 -14.138457268119891 0 0.8660254037844386 -0.50000000000000022 2.1147105230955369e-16 0.47544584637418896 0.82349636216768207 0.30952380952379899 -0.15476190476189972 -0.26805548212374558 0.9508916927483777 4.2000000000000002
2 -11.51147367097488 -14.138457268119893 -1.3322676295501878e-15 -0.86602540378443871 0.49999999999999983 -3.6826046923354487e-16 3.3914268596293966e-17 7.9526217477740873e-16 1 0.49999999999999983 0.86602540378443871 -7.0567438032424332e-16 2.1800000000000019
1 -13.416729559300643 -13.03845726811989 2.1800000000000002 0.86602540378443849 -0.50000000000000044 0 
2 -13.156921938165311 -13.18845726811989 0 0.86602540378443849 -0.50000000000000044 0 0 0 1 -0.50000000000000044 -0.86602540378443849 0 2.1800000000000002
1 -7.851963660978913 -4 -1.3999999999999999 -0 0 1 
8 0 6.6161714448295905
1 -7.8519636609789139 -4 1.3 -0.50000000000000044 -0.86602540378443837 -6.1080820582327844e-15 
8 0 5.6538008901573553
2 -13.156921938165311 -13.18845726811989 0 -0.86602540378443849 0.50000000000000044 0 0.47544584637418669 0.82349636216767752 -0.30952380952381447 -0.15476190476190738 -0.26805548212375907 -0.95089169274837271 4.2000000000000002
8 0 6.6161714448296269
1 -11.16004938339373 -9.7297725470156493 -1.3000000000000189 0.50000000000000044 0.86602540378443849 2.8526756865372734e-15 
1 -5 -4 -1.5 0 0 1 
1 -10 -4 -1.5 1 0 0 
1 -10 -4 -1.5 0 0 1 
1 -10 -4 1.5 1 0 0 
8 0 2.8519636609789139
1 -5 -4 1.2999999999999998 -1 0 7.7856744096387348e-17 
8 0 2.8519636609789139
1 -7.8519636609789139 -4 -1.3 1 0 0 
1 -5 -4 1.5 0 1 0 
1 -5 -2 -1.5 0 0 1 
1 -5 -2 1.25 0 1 0 
1 -5 -2.8867513459481278 -1.3999999999999999 -0 0 1 
1 -5 -2.9650635094610953 1.2999999999999998 0 1 0 
1 -5 -2 -1.25 -1 0 0 
1 -6.5358983848622412 -2 -1.3999999999999999 -0 0 -1 
1 -8.3284609690826521 -2 -1.3 -1 0 0 
1 -6.6972631225996597 -2 -1.3999999999999999 -0 0 1 
1 -6.7082039324993694 -2 -1.25 0 0 1 
1 -5 -2 1.25 -1 0 0 
1 -8.3284609690826521 -2 1.2999999999999998 -1 0 0 
1 -6.5358983848622412 -2 -1.3999999999999999 -0 0 -1 
1 -10 -2 1.5 1 0 0 
1 -10 -2 -1.5 0 0 1 
1 -10 -2 -1.5 1 0 0 
1 -6.656921938165306 -1.9301270189221906 -1.3 0 0 1 
1 -6.656921938165306 -1.9301270189221906 1.3 0.86602540378443849 -0.50000000000000044 0 
1 -4.5784609690826539 -3.1301270189221917 1.25 0.86602540378443849 -0.50000000000000044 0 
1 -6.656921938165306 -1.9301270189221906 1.3 -0.50000000000000044 -0.86602540378443849 0 
1 -5.4069219381653051 0.23493649053890575 1.25 0.50000000000000044 0.86602540378443849 -0 
1 -6.7904344485459838 -1.6999999999999991 -1.25 0 0 1 
1 -6.5 -1.6999999999999991 2.25 -1 1.2246467991473532e-16 0 
1 -6.5 -1.6999999999999991 -2.25 0 0 1 
1 -3.25 -1.6999999999999995 1.25 1 -1.2246467991473532e-16 0 
1 -3.25 -1.6999999999999995 -1.25 1 -1.2246467991473532e-16 0 
1 -6.5 -1.6999999999999991 -2.25 -1 1.2246467991473532e-16 0 
2 -14.5 -1.6999999999999984 0 -1.2246467991473532e-16 -1 0 0 0 1 -1 1.2246467991473532e-16 0 5.2000000000000002
1 -9.8119833618042698 2.2000000000000015 2.25 -1.2246467991473532e-16 -1 0 
2 -14.5 1.7000000000000017 0 -1.2246467991473532e-16 -1 0 0 0 1 -1 1.2246467991473532e-16 0 5.2000000000000002
1 -9.8119833618042698 2.2000000000000015 -2.25 -1.2246467991473532e-16 -1 0 
1 -6.5 1.7000000000000008 2.25 -1 1.2246467991473532e-16 0 
1 -6.5 1.7000000000000008 -2.25 0 0 1 
1 -3.25 1.7000000000000004 1.25 1 -1.2246467991473532e-16 0 
1 -6.7904344485459838 1.7000000000000008 -1.25 0 0 1 
1 -3.25 1.7000000000000004 -1.25 1 -1.2246467991473532e-16 0 
1 -6.5 1.7000000000000008 -2.25 -1 1.2246467991473532e-16 0 
1 -6.7082039324993694 2 -1.25 0 0 1 
1 -5 2 -1.5 0 0 1 
1 -5 2 -1.25 -1 0 0 
1 -6.5358983848622501 1.9999999999999987 -1.3999999999999999 0 0 -1 
1 -4.1715390309173461 2 -1.3 -1 0 0 
1 -6.6972631225996579 2 -1.3999999999999999 -0 0 -1 
1 -5 2 1.25 -1 0 0 
1 -4.1715390309173461 2 1.2999999999999998 -1 0 0 
1 -6.5358983848622501 1.9999999999999987 -1.3999999999999999 0 0 -1 
1 -10 2 1.5 1 0 0 
1 -10 2 -1.5 0 0 1 
1 -10 2 -1.5 1 0 0 
1 -10 2 -1.5 0 1 0 
1 -10 4 -1.5 1 0 0 
1 -5 2 -1.5 0 1 0 
1 -5 4 -1.5 0 0 1 
1 -10 4 -1.5 0 0 1 
1 -10 4 1.5 1 0 0 
8 0 2.8519636609789085
1 -5 4 1.2999999999999998 -1 0 7.7856744096387496e-17 
1 -7.8519636609789076 4 -1.3999999999999999 -0 0 -1 
8 0 2.8519636609789085
1 -7.8519636609789085 4 -1.3 1 0 0 
1 -5 4.3650635094610966 -1.3 0 1 0 
1 1.6569219381653069 6.7301270189221931 -1.3 -0.86602540378443882 -0.49999999999999983 0 
1 1.6569219381653069 6.7301270189221931 -1.3 -0.49999999999999983 0.86602540378443882 0 
8 0 1.2256443470178597
1 0.25240473580835632 7.9371778264910713 -1.3 0.86602540378443837 -0.50000000000000033 0 
1 0.1666352203496827 7.7886206679760841 -1.3 -0.50000000000000011 -0.8660254037844386 0 
8 0 6.9048465794244409
1 -2.8462055070631109 14.529772547015654 -1.3000000000000189 0.49999999999999983 -0.86602540378443882 2.73341213327884e-15 
1 -2.8462055070631052 14.529772547015641 -1.3 -0.86602540378443882 -0.49999999999999983 0 
1 -0.73852632902512605 7.0791651245988509 -1.3 -0.49999999999999983 0.86602540378443882 0 
1 -0.84307806183469225 11.060254037844386 -1.3 -0.86602540378443882 -0.49999999999999983 0 
1 -5.7614736709748708 4.1791651245988524 -1.3 -0.49999999999999983 0.86602540378443882 0 
1 -9.5146011162032842 10.679772547015643 -1.3 -0.86602540378443882 -0.49999999999999983 0 
8 0 6.6161714448296323
1 -7.8519636609789085 4 -1.3 -0.49999999999999972 0.86602540378443882 -2.8526756865372714e-15 
8 0 5.6538008901573553
2 -13.156921938165302 13.188457268119897 0 -0.86602540378443871 -0.49999999999999989 -2.1147105230955357e-16 0.47544584637418874 -0.82349636216768229 0.30952380952379899 -0.15476190476189963 0.26805548212374558 0.9508916927483777 4.2000000000000002
1 -9.5146011162032842 10.679772547015643 1.3 -0.86602540378443882 -0.49999999999999983 0 
8 0 5.6538008901573553
2 -11.511473670974869 14.138457268119897 0 0.8660254037844386 0.50000000000000011 1.3720455452966262e-16 0.47544584637418646 -0.82349636216767763 -0.30952380952381447 -0.15476190476190715 0.26805548212375913 -0.9508916927483726 4.2000000000000002
1 -7.5114736709748717 7.210254037844388 -1.3 0 0 1 
1 -5.7614736709748708 4.1791651245988524 1.3 -0.49999999999999983 0.86602540378443882 0 
2 -11.511473670974869 14.138457268119897 0 -0.86602540378443882 -0.49999999999999983 0 0 0 1 -0.49999999999999983 0.86602540378443882 0 2.1800000000000002
1 -11.251666049839537 14.288457268119897 2.1800000000000002 -0.86602540378443882 -0.49999999999999983 0 
2 -13.156921938165304 13.188457268119896 2.886579864025407e-15 0.8660254037844386 0.50000000000000011 -9.8202791795612183e-16 7.0133458073363222e-16 7.4930870897657602e-16 1 0.50000000000000011 -0.8660254037844386 2.9825308688381947e-16 2.1799999999999971
1 -0.84307806183469225 11.060254037844386 1.3 -0.86602540378443882 -0.49999999999999983 0 
1 -2.488526329025126 10.110254037844388 -1.3 0 0 1 
1 -0.73852632902512605 7.0791651245988509 1.3 -0.49999999999999983 0.86602540378443882 0 
8 0 5.6538008901573553
2 -6.4885263290251238 17.038457268119895 0 -0.86602540378443882 -0.49999999999999983 1.8313930346510134e-16 0.47544584637418869 -0.82349636216768218 0.30952380952379893 -0.15476190476189927 0.2680554821237458 0.9508916927483777 4.2000000000000002
2 -6.4885263290251229 17.038457268119899 -8.8817841970012523e-16 0.86602540378443882 0.49999999999999978 7.3652093846709152e-16 -3.4026786167519533e-17 -1.4141057544737582e-15 1 0.49999999999999978 -0.86602540378443882 -1.2076381139282752e-15 2.1800000000000019
1 -4.5832704406993594 18.138457268119893 2.1800000000000002 -0.86602540378443882 -0.49999999999999983 0 
2 -4.8430780618346905 17.988457268119895 0 -0.86602540378443882 -0.49999999999999983 0 0 0 1 -0.49999999999999983 0.86602540378443882 0 2.1800000000000002
8 0 5.6538008901573553
2 -4.8430780618346905 17.988457268119895 0 0.8660254037844386 0.49999999999999994 3.4301138632415655e-16 0.47544584637418641 -0.82349636216767774 -0.30952380952381447 -0.15476190476190693 0.26805548212375924 -0.9508916927483726 4.2000000000000002
1 -2.8462055070631052 14.529772547015641 1.3 -0.86602540378443882 -0.49999999999999983 0 
1 0.60621778264910853 8.5500000000000007 -1.3500000000000001 -0 0 -1 
8 0 6.9048465794244009
1 0.60621778264910819 8.5500000000000007 1.3 -0.49999999999999994 0.86602540378443871 -5.852717744197079e-15 
1 0.25240473580835632 7.9371778264910713 1.3999999999999999 0.50000000000000011 0.8660254037844386 0 
8 0 5.6504614271800566
2 3.5024047358083572 13.56634295108992 0 -0.86602540378443849 0.50000000000000022 1.1190797387186954e-16 -0.4751867728965139 -0.82304763374145518 0.31111111111110828 0.15555555555555431 0.26943012562182284 0.95037354579302746 4.5
1 0.25240473580835632 7.9371778264910713 -1.3999999999999999 0.50000000000000011 0.8660254037844386 0 
1 0.25240473580835632 7.9371778264910713 -1.3999999999999999 0 0 1 
1 0.1666352203496827 7.7886206679760841 1.3000000000000003 -0.50000000000000011 -0.8660254037844386 0 
2 3.5024047358083568 13.566342951089922 -2.2204460492503131e-15 0.86602540378443882 -0.49999999999999956 -4.1686937068032846e-16 8.1822749066751448e-18 -8.195666255008004e-16 1 -0.49999999999999961 -0.86602540378443893 -7.0567438032424322e-16 2.1800000000000028
1 5.0612504626203467 12.66634295108992 2.1800000000000002 -0.8660254037844386 0.50000000000000011 0 
2 4.8014428414850148 12.81634295108992 0 -0.8660254037844386 0.50000000000000011 0 0 0 1 0.50000000000000011 0.8660254037844386 0 2.1800000000000002
1 1.5514428414850141 7.1871778264910704 -1.3999999999999999 0.50000000000000011 0.8660254037844386 0 
1 1.5514428414850141 7.1871778264910704 -1.3999999999999999 0 0 1 
1 1.5514428414850141 7.1871778264910704 1.3999999999999999 0.50000000000000011 0.8660254037844386 0 
8 0 5.6504614271800566
2 4.8014428414850148 12.81634295108992 0 0.8660254037844386 -0.50000000000000011 6.8560737886353628e-17 -0.47518677289650868 -0.82304763374144629 -0.31111111111114004 0.1555555555555701 0.26943012562185031 -0.95037354579301714 4.5
1 2.6631023634507045 9.1126285992533749 -1.3999999999999999 -0.8660254037844386 0.50000000000000011 0 
1 1.5514428414850141 7.1871778264910704 -1.3999999999999999 -0.8660254037844386 0.50000000000000011 0 
1 2.6631023634507045 9.1126285992533749 1.3999999999999999 -0.8660254037844386 0.50000000000000011 0 
1 1.5514428414850141 7.1871778264910704 1.3999999999999999 -0.8660254037844386 0.50000000000000011 0 
1 1.3138438763306124 7.3243556529821401 -1.3500000000000001 -0 0 -1 
8 0 1.2256443470178597
1 1.3138438763306126 7.324355652982141 1.3 -0.86602540378443837 0.50000000000000033 1.8116560931014986e-16 
1 1.6569219381653069 6.7301270189221931 -1.3 0 0 1 
1 2.9069219381653064 4.5650635094610958 1.25 0.49999999999999983 -0.86602540378443882 0 
1 1.6093740975939075 6.8124822945820416 -1.25 0 0 1 
1 2.9069219381653064 4.5650635094610958 -1.25 0.49999999999999983 -0.86602540378443882 0 
1 1.6569219381653069 6.7301270189221931 1.3 -0.49999999999999983 0.86602540378443882 0 
1 1.9229740378394471 6.7306887351737981 -1.25 0 0 1 
1 1.7777568135664552 6.4791651245988513 2.25 0.50000000000000011 0.8660254037844386 0 
1 1.7777568135664552 6.4791651245988513 -2.25 0 0 1 
1 0.15275681356645476 3.6645825622994259 1.25 -0.50000000000000011 -0.8660254037844386 0 
1 0.15275681356645476 3.6645825622994259 -1.25 -0.50000000000000011 -0.8660254037844386 0 
1 1.7777568135664552 6.4791651245988513 -2.25 0.50000000000000011 0.8660254037844386 0 
2 5.2777568135664552 12.541342951089922 0 -0.8660254037844386 0.50000000000000011 0 0 0 1 0.50000000000000011 0.8660254037844386 -0 5.2000000000000002
1 6.3112475692279011 6.5314014490482961 -2.25 -0.8660254037844386 0.50000000000000011 0 
1 6.3112475692279011 6.5314014490482961 2.25 -0.8660254037844386 0.50000000000000011 0 
2 8.2222431864335466 10.841342951089921 0 -0.8660254037844386 0.50000000000000011 0 0 0 1 0.50000000000000011 0.8660254037844386 -0 5.2000000000000002
1 4.7222431864335466 4.7791651245988502 -2.25 0.50000000000000011 0.8660254037844386 0 
1 4.7222431864335466 4.7791651245988502 -2.25 -0.8660254037844386 0.50000000000000011 0 
1 4.7222431864335466 4.7791651245988502 -2.25 0 0 1 
1 3.9861215932167737 5.2041651245988501 -1.25 -0.8660254037844386 0.50000000000000011 0 
1 4.7222431864335466 4.7791651245988502 2.25 -0.8660254037844386 0.50000000000000011 0 
1 3.9861215932167737 5.2041651245988501 1.25 -0.8660254037844386 0.50000000000000011 0 
1 4.7222431864335466 4.7791651245988502 2.25 0.50000000000000011 0.8660254037844386 0 
1 1.6569219381653069 6.7301270189221931 1.3 -0.86602540378443882 -0.49999999999999983 0 
1 -5 2.88675134594813 -1.3999999999999999 0 0 -1 
1 -0.42153903091734635 5.5301270189221938 1.25 -0.86602540378443882 -0.49999999999999983 0 
1 -0.42153903091734635 5.5301270189221938 -1.25 -0.86602540378443882 -0.49999999999999983 0 
1 -5 2.88675134594813 -1.3999999999999999 0 0 -1 
8 0 6.6161714448295923
1 -11.160049383393703 9.7297725470156209 1.2999999999999596 0.49999999999999978 -0.86602540378443871 6.1080820582327828e-15 
1 -5 4.3650635094610966 1.2999999999999998 0 1 0 
1 -10 2 1.5 0 1 0 
8 0 2.7999999999999998
1 -10 3.7500000000000013 -1.3999999999999999 0 0 1 
1 -10 2.8750000000000004 -1.3999999999999999 0 1 0 
8 0 2.7999999999999998
1 -10 2.2500000000000013 1.3999999999999999 0 0 -1 
1 -10 2.8750000000000004 1.3999999999999999 0 1 0 
1 -8 2.2500000000000009 1.3999999999999999 -1 1.2246467991473532e-16 0 
1 -10.223319043931379 3.7500000000000013 1.3999999999999999 -1.2246467991473532e-16 -1 0 
1 -7.9999999999999991 3.7500000000000009 1.3999999999999999 -1 1.2246467991473532e-16 0 
8 0 5.6504614271800566
2 -14.5 3.7500000000000018 0 1.0945401932669105e-16 1 1.7150507263966734e-17 0.95037354579301736 -9.8686491077792476e-17 -0.31111111111113898 -0.31111111111113898 5.0351749968911904e-17 -0.95037354579301736 4.5
1 -10.223319043931379 3.7500000000000013 -1.3999999999999999 -1.2246467991473532e-16 -1 0 
8 0 5.6504614271800566
2 -14.5 2.2500000000000018 0 -1.0383968652604274e-16 -1 4.0990297191492007e-32 0.95037354579302713 -9.868649107779165e-17 0.31111111111110928 -0.31111111111110928 3.2305680252546475e-17 0.95037354579302713 4.5
1 -8 2.2500000000000009 -1.3999999999999999 -1 1.2246467991473532e-16 0 
2 -14.5 2.2500000000000018 -5.5511151231257827e-16 0 1 0 0 -0 1 1 0 -0 2.1800000000000006
1 -14.5 4.0500000000000016 2.1800000000000002 -1.2246467991473532e-16 -1 0 
2 -14.5 3.7500000000000018 0 -1.2246467991473532e-16 -1 0 0 0 1 -1 1.2246467991473532e-16 0 2.1800000000000002
1 -7.9999999999999991 3.7500000000000009 -1.3999999999999999 -1 1.2246467991473532e-16 0 
1 -5 2 1.5 0 1 0 
1 -5 1 1.25 0 1 0 
1 -6.6569219381653051 1.9301270189221946 -1.3 0 0 1 
1 -6.6569219381653051 1.9301270189221946 1.3 -0.49999999999999983 0.86602540378443882 0 
1 -5.406921938165306 -0.23493649053890242 1.25 0.49999999999999983 -0.86602540378443882 0 
1 -5.406921938165306 -0.23493649053890242 -1.25 0.49999999999999983 -0.86602540378443882 0 
1 -6.6569219381653051 1.9301270189221946 -1.3 -0.49999999999999983 0.86602540378443882 0 
1 -5 1 -1.25 0 1 0 
1 -6.5 1.7000000000000008 -2.25 -1.2246467991473532e-16 -1 0 
1 -6.5 0.85000000000000087 -1.25 -1.2246467991473532e-16 -1 0 
1 -6.5 1.7000000000000008 2.25 -1.2246467991473532e-16 -1 0 
1 -6.5 0.85000000000000087 1.25 -1.2246467991473532e-16 -1 0 
1 -5.4069219381653051 0.23493649053890575 -1.25 0.50000000000000044 0.86602540378443849 -0 
1 -6.656921938165306 -1.9301270189221906 -1.3 -0.50000000000000044 -0.86602540378443849 0 
1 -6.656921938165306 -1.9301270189221906 -1.3 0.86602540378443849 -0.50000000000000044 0 
1 -4.5784609690826539 -3.1301270189221917 -1.25 0.86602540378443849 -0.50000000000000044 0 
1 -10 -4 1.5 0 1 0 
1 -10 -4 -1.5 0 1 0 
8 0 2.7999999999999998
1 -10 -2.2499999999999987 -1.3999999999999999 0 0 1 
1 -10 -3.1249999999999996 -1.3999999999999999 0 1 0 
8 0 2.7999999999999998
1 -10 -3.7499999999999987 1.3999999999999999 0 0 -1 
1 -10 -3.1249999999999996 1.3999999999999999 0 1 0 
1 -8 -3.7499999999999991 1.3999999999999999 -1 1.2246467991473532e-16 0 
1 -10.223319043931379 -2.2499999999999987 1.3999999999999999 -1.2246467991473532e-16 -1 0 
1 -8 -2.2499999999999991 1.3999999999999999 -1 1.2246467991473532e-16 0 
8 0 5.6504614271800566
2 -14.5 -2.2499999999999982 0 1.0945401932669105e-16 1 1.7150507263966734e-17 0.95037354579301736 -9.8686491077792476e-17 -0.31111111111113898 -0.31111111111113898 5.0351749968911904e-17 -0.95037354579301736 4.5
1 -10.223319043931379 -2.2499999999999987 -1.3999999999999999 -1.2246467991473532e-16 -1 0 
8 0 5.6504614271800566
2 -14.5 -3.7499999999999982 0 -1.0383968652604274e-16 -1 4.0990297191492007e-32 0.95037354579302713 -9.868649107779165e-17 0.31111111111110928 -0.31111111111110928 3.2305680252546475e-17 0.95037354579302713 4.5
1 -8 -3.7499999999999991 -1.3999999999999999 -1 1.2246467991473532e-16 0 
2 -14.5 -3.7499999999999982 -5.5511151231257827e-16 0 1 0 0 -0 1 1 0 -0 2.1800000000000006
1 -14.5 -1.9499999999999982 2.1800000000000002 -1.2246467991473532e-16 -1 0 
2 -14.5 -2.2499999999999982 0 -1.2246467991473532e-16 -1 0 0 0 1 -1 1.2246467991473532e-16 0 2.1800000000000002
1 -8 -2.2499999999999991 -1.3999999999999999 -1 1.2246467991473532e-16 0 
1 -5 -4 -1.5 0 1 0 
1 -5 -2.9650635094610953 -1.3 0 1 0 
1 -5 -2.8867513459481278 -1.3999999999999999 -0 0 1 
1 -5 -2 -1.25 0 1 0 
1 -11.160049383393723 -9.7297725470156387 -1.3 0.86602540378443849 -0.50000000000000044 0 
1 -11.160049383393723 -9.7297725470156387 1.3 0.86602540378443849 -0.50000000000000044 0 
1 -4.4916537742535478 -13.579772547015644 -1.3 0.86602540378443849 -0.50000000000000044 0 
1 -4.4916537742535478 -13.579772547015644 1.3 0.86602540378443849 -0.50000000000000044 0 
1 1.7777568135664552 -6.4791651245988513 -2.25 0.8660254037844386 0.50000000000000011 0 
1 2.513878406783228 -6.0541651245988515 -1.25 0.8660254037844386 0.50000000000000011 -0 
1 1.7777568135664552 -6.4791651245988513 2.25 0.8660254037844386 0.50000000000000011 0 
1 2.513878406783228 -6.0541651245988515 1.25 0.8660254037844386 0.50000000000000011 -0 
8 0 1.2256443470178604
1 5.6861561236693881 4.7999999999999998 -1.3 0.86602540378443849 -0.50000000000000011 0 
1 5 -4.7999999999999998 -1.3 0 1 0 
1 5 -2.3999999999999999 -1.25 0 1 0 
1 5 -2.3999999999999999 1.25 0 1 0 
1 3.0972431864335461 1.9645825622994249 -1.25 -0.50000000000000011 -0.8660254037844386 0 
2 0 0 -1.25 0 0 1 1 0 -0 -0 1 0 3.5499999999999998
2 0 0 1.2500000000000002 0 0 1 1 0 -0 -0 1 0 3.5499999999999998
1 3.5499999999999998 -8.6949922739462077e-16 -1.45 0 0 1 
1 3.0972431864335461 1.9645825622994249 1.25 -0.50000000000000011 -0.8660254037844386 0 
Polygon3D 0
PolygonOnTriangulations 0
Surfaces 150
2 0 0 -1.25 0 0 1 1 0 -0 -0 1 0 7
1 0 0 1.25 0 0 1 1 0 -0 -0 1 0 
1 4.7222431864335466 4.7791651245988502 -2.25 -0.8660254037844386 0.50000000000000011 0 0 0 1 0.50000000000000011 0.8660254037844386 0 
1 0 0 -1.25 0 0 1 1 0 -0 -0 1 0 
1 5 4.7999999999999998 -1.3 0 1 0 0 0 1 1 0 0 
1 5 -4.7999999999999998 -1.3 1 0 0 0 0 1 0 -1 0 
1 5 -4.7999999999999998 -1.3 0 0 1 1 0 0 0 1 0 
1 6.747595264191645 4.1871778264910695 -1.3999999999999999 0.50000000000000011 0.8660254037844386 0 0 0 1 0.8660254037844386 -0.50000000000000011 0 
1 5 -4.7999999999999998 1.3 0 0 1 1 0 0 0 1 0 
1 5 -4.7999999999999998 1.3 0 0 1 1 0 0 0 1 0 
1 5 -4.7999999999999998 -1.3 0 1 0 0 0 1 1 0 0 
1 6.5 -4.7999999999999998 1.3 0 0 1 1 0 0 0 1 0 
2 18 -4.7999999999999998 0 0 1 0 0 0 1 1 0 0 4.2000000000000002
10 4.7123889803846852 10.995574287564271 -2e+100 2e+100
2 18 -4.7999999999999998 0 0 1 0 0 0 1 1 0 0 4.2000000000000002
1 6.5 -2.9000000000000004 -1.3 0 1 0 0 0 1 1 0 0 
1 6.5 -2.9000000000000004 -1.3 0 1 0 0 0 1 1 0 0 
1 10 -4.7999999999999998 -1.3 1 0 0 0 0 1 0 -1 0 
1 6.5 2.9000000000000004 1.3 0 0 1 1 0 0 0 1 0 
1 6.5 2.9000000000000004 -1.3 0 1 0 0 0 1 1 0 0 
1 6.5 2.9000000000000004 -1.3 0 1 0 0 0 1 1 0 0 
2 18 2.9000000000000004 0 0 1 0 0 0 1 1 0 0 4.2000000000000002
10 4.7123889803846852 10.995574287564271 -2e+100 2e+100
2 18 2.9000000000000004 0 0 1 0 0 0 1 1 0 0 4.2000000000000002
1 5 4.7999999999999998 -1.3 0 1 0 0 0 1 1 0 0 
1 6.747595264191645 4.1871778264910695 -1.3999999999999999 -0.8660254037844386 0.50000000000000011 0 0 0 1 0.50000000000000011 0.8660254037844386 0 
1 6.747595264191645 4.1871778264910695 -1.3999999999999999 -0.8660254037844386 0.50000000000000011 0 0 0 1 0.50000000000000011 0.8660254037844386 0 
1 6.747595264191645 4.1871778264910695 1.3999999999999999 0 0 1 0.50000000000000011 0.8660254037844386 0 -0.8660254037844386 0.50000000000000011 0 
10 4.7123889803846879 10.995574287564274 -2e+100 2e+100
2 9.9975952641916468 9.8163429510899203 0 -0.8660254037844386 0.50000000000000011 0 0 0 1 0.50000000000000011 0.8660254037844386 0 4.5
1 6.747595264191645 4.1871778264910695 -1.3999999999999999 0 0 1 0.50000000000000011 0.8660254037844386 0 -0.8660254037844386 0.50000000000000011 0 
2 11.080127018922195 9.1913429510899203 0 -0.8660254037844386 0.50000000000000011 0 0 0 1 0.50000000000000011 0.8660254037844386 0 2.1800000000000002
2 10.257402885326979 9.6663429510899199 0 -0.8660254037844386 0.50000000000000011 0 0 0 1 0.50000000000000011 0.8660254037844386 0 2.1800000000000002
1 5.4485571585149879 4.9371778264910704 -1.3999999999999999 -0.8660254037844386 0.50000000000000011 0 0 0 1 0.50000000000000011 0.8660254037844386 0 
1 5.4485571585149879 4.9371778264910704 -1.3999999999999999 -0.8660254037844386 0.50000000000000011 0 0 0 1 0.50000000000000011 0.8660254037844386 0 
2 9.9975952641916468 9.8163429510899203 0 -0.8660254037844386 0.50000000000000011 0 0 0 1 0.50000000000000011 0.8660254037844386 0 4.5
2 18 -6.5 0 0 1 0 0 0 1 1 0 0 2.1800000000000002
2 18 2.6000000000000005 0 0 1 0 0 0 1 1 0 0 2.1800000000000002
1 6.5 2.9000000000000004 -1.3 0 0 1 1 0 0 0 1 0 
1 6.5 -4.7999999999999998 -1.3 0 0 1 1 0 0 0 1 0 
2 18 -5.0999999999999996 0 0 1 0 0 0 1 1 0 0 2.1800000000000002
1 5 -4.7999999999999998 -1.3 0 1 0 0 0 1 1 0 0 
1 4.7222431864335466 -4.7791651245988502 -2.25 0.8660254037844386 0.50000000000000011 0 0 0 1 0.50000000000000011 -0.8660254037844386 0 
1 1.7777568135664552 -6.4791651245988513 2.25 0 0 1 0.50000000000000011 -0.8660254037844386 0 0.8660254037844386 0.50000000000000011 0 
1 1.7777568135664552 -6.4791651245988513 -2.25 0.50000000000000011 -0.8660254037844386 0 0 0 1 -0.8660254037844386 -0.50000000000000011 0 
1 1.7777568135664552 -6.4791651245988513 -2.25 0 0 1 0.50000000000000011 -0.8660254037844386 0 0.8660254037844386 0.50000000000000011 0 
2 6.0000000000000018 -10.392304845413264 -4 0 0 1 1 0 -0 -0 1 0 2.6499999999999999
1 1.7777568135664552 -6.4791651245988513 -2.25 0.8660254037844386 0.50000000000000011 0 0 0 1 0.50000000000000011 -0.8660254037844386 0 
1 1.656921938165302 -6.7301270189221949 -1.3 0.86602540378443849 -0.50000000000000044 0 0 0 1 -0.50000000000000044 -0.86602540378443849 0 
1 1.656921938165302 -6.7301270189221949 -1.3 0.86602540378443849 -0.50000000000000044 0 0 0 1 -0.50000000000000044 -0.86602540378443849 0 
1 -6.656921938165306 -1.9301270189221906 1.3 0 0 1 -0.50000000000000044 -0.86602540378443849 0 0.86602540378443849 -0.50000000000000044 0 
10 4.7123889803846843 10.995574287564271 -2e+100 2e+100
2 -6.4885263290251354 -17.038457268119895 0 0.86602540378443849 -0.50000000000000044 0 0 0 1 -0.50000000000000044 -0.86602540378443849 0 4.2000000000000002
1 -6.656921938165306 -1.9301270189221906 -1.3 0 0 1 -0.50000000000000044 -0.86602540378443849 0 0.86602540378443849 -0.50000000000000044 0 
1 -6.656921938165306 -1.9301270189221906 -1.3 -0.50000000000000044 -0.86602540378443849 0 0 0 1 -0.86602540378443849 0.50000000000000044 0 
2 -14.629165124598856 -12.338457268119889 0 0.86602540378443849 -0.50000000000000044 0 0 0 1 -0.50000000000000044 -0.86602540378443849 0 2.1800000000000002
2 -6.7483339501604664 -16.888457268119893 0 0.86602540378443849 -0.50000000000000044 0 0 0 1 -0.50000000000000044 -0.86602540378443849 0 2.1800000000000002
1 -0.73852632902513093 -7.0791651245988518 -1.3 0.86602540378443849 -0.50000000000000044 0 0 0 1 -0.50000000000000044 -0.86602540378443849 0 
1 -0.73852632902513093 -7.0791651245988518 -1.3 0.86602540378443849 -0.50000000000000044 0 0 0 1 -0.50000000000000044 -0.86602540378443849 0 
1 -0.73852632902513093 -7.0791651245988518 -1.3 0 0 1 -0.50000000000000044 -0.86602540378443849 0 0.86602540378443849 -0.50000000000000044 0 
1 -9.1569219381653078 -6.2602540378443834 -1.3 -0.50000000000000044 -0.86602540378443849 0 0 0 1 -0.86602540378443849 0.50000000000000044 0 
1 -0.73852632902513093 -7.0791651245988518 1.3 0 0 1 -0.50000000000000044 -0.86602540378443849 0 0.86602540378443849 -0.50000000000000044 0 
1 -6.656921938165306 -1.9301270189221906 1.3 0 0 1 -0.50000000000000044 -0.86602540378443849 0 0.86602540378443849 -0.50000000000000044 0 
1 -6.656921938165306 -1.9301270189221906 -1.3 0 0 1 -0.50000000000000044 -0.86602540378443849 0 0.86602540378443849 -0.50000000000000044 0 
1 -5.7614736709748744 -4.1791651245988479 -1.3 0.86602540378443849 -0.50000000000000044 0 0 0 1 -0.50000000000000044 -0.86602540378443849 0 
1 -5.7614736709748744 -4.1791651245988479 -1.3 0.86602540378443849 -0.50000000000000044 0 0 0 1 -0.50000000000000044 -0.86602540378443849 0 
1 -7.4069219381653069 -3.2291651245988477 -1.3 0 0 1 -0.50000000000000044 -0.86602540378443849 0 0.86602540378443849 -0.50000000000000044 0 
1 -7.4069219381653069 -3.2291651245988477 1.3 0 0 1 -0.50000000000000044 -0.86602540378443849 0 0.86602540378443849 -0.50000000000000044 0 
10 4.7123889803846843 10.995574287564271 -2e+100 2e+100
2 -13.156921938165311 -13.18845726811989 0 0.86602540378443849 -0.50000000000000044 0 0 0 1 -0.50000000000000044 -0.86602540378443849 0 4.2000000000000002
2 -13.416729559300643 -13.03845726811989 0 0.86602540378443849 -0.50000000000000044 0 0 0 1 -0.50000000000000044 -0.86602540378443849 0 2.1800000000000002
1 -6.656921938165306 -1.9301270189221906 -1.3 0.86602540378443849 -0.50000000000000044 0 0 0 1 -0.50000000000000044 -0.86602540378443849 0 
1 -6.656921938165306 -1.9301270189221906 -1.3 0.86602540378443849 -0.50000000000000044 0 0 0 1 -0.50000000000000044 -0.86602540378443849 0 
1 -10 -4 -1.5 0 1 0 0 0 1 1 0 0 
1 -5 -4 -1.5 1 0 0 0 0 1 0 -1 0 
1 -10 -4 -1.5 0 0 1 1 0 0 0 1 0 
1 -10 -4 -1.5 1 0 0 0 0 1 0 -1 0 
1 -10 -4 1.5 0 0 1 1 0 0 0 1 0 
1 -10 -2 -1.5 0 1 0 0 0 1 1 0 0 
1 -6.5 -1.6999999999999991 -2.25 -1.2246467991473532e-16 -1 0 0 0 1 -1 1.2246467991473532e-16 0 
1 -6.5 1.7000000000000008 2.25 0 0 1 -1 1.2246467991473532e-16 0 -1.2246467991473532e-16 -1 0 
1 -6.5 1.7000000000000008 -2.25 -1 1.2246467991473532e-16 0 0 0 1 1.2246467991473532e-16 1 0 
1 -6.5 1.7000000000000008 -2.25 0 0 1 -1 1.2246467991473532e-16 0 -1.2246467991473532e-16 -1 0 
2 -14.5 2.200000000000002 0 -1.2246467991473532e-16 -1 0 0 0 1 -1 1.2246467991473532e-16 0 5.2000000000000002
1 -6.5 1.7000000000000008 -2.25 -1.2246467991473532e-16 -1 0 0 0 1 -1 1.2246467991473532e-16 0 
1 -10 2 -1.5 0 1 0 0 0 1 1 0 0 
1 -5 2 -1.5 1 0 0 0 0 1 0 -1 0 
1 1.6569219381653069 6.7301270189221931 -1.3 -0.49999999999999983 0.86602540378443882 0 0 0 1 0.86602540378443882 0.49999999999999983 0 
1 1.6569219381653069 6.7301270189221931 -1.3 0 0 1 -0.49999999999999983 0.86602540378443882 0 -0.86602540378443882 -0.49999999999999983 0 
1 -6.6569219381653051 1.9301270189221946 -1.3 -0.86602540378443882 -0.49999999999999983 0 0 0 1 -0.49999999999999983 0.86602540378443882 0 
1 1.6569219381653069 6.7301270189221931 1.3 0 0 1 -0.49999999999999983 0.86602540378443882 0 -0.86602540378443882 -0.49999999999999983 0 
1 -10 2 1.5 0 0 1 1 0 0 0 1 0 
1 -10 2 -1.5 1 0 0 0 0 1 0 -1 0 
1 -10 2 -1.5 0 0 1 1 0 0 0 1 0 
1 -10 4 -1.5 0 1 0 0 0 1 1 0 0 
1 1.6569219381653069 6.7301270189221931 1.3 0 0 1 -0.49999999999999983 0.86602540378443882 0 -0.86602540378443882 -0.49999999999999983 0 
1 -6.6569219381653051 1.9301270189221946 -1.3 -0.86602540378443882 -0.49999999999999983 0 0 0 1 -0.49999999999999983 0.86602540378443882 0 
1 1.6569219381653069 6.7301270189221931 -1.3 0 0 1 -0.49999999999999983 0.86602540378443882 0 -0.86602540378443882 -0.49999999999999983 0 
1 1.6569219381653069 6.7301270189221931 -1.3 -0.86602540378443882 -0.49999999999999983 0 0 0 1 -0.49999999999999983 0.86602540378443882 0 
1 0.25240473580835632 7.9371778264910713 -1.3999999999999999 -0.8660254037844386 0.50000000000000011 0 0 0 1 0.50000000000000011 0.8660254037844386 0 
1 0.25240473580835632 7.9371778264910713 -1.3999999999999999 -0.8660254037844386 0.50000000000000011 0 0 0 1 0.50000000000000011 0.8660254037844386 0 
1 1.6569219381653069 6.7301270189221931 -1.3 -0.86602540378443882 -0.49999999999999983 0 0 0 1 -0.49999999999999983 0.86602540378443882 0 
1 0.90692193816530731 8.0291651245988511 -1.3 0 0 1 -0.49999999999999983 0.86602540378443882 0 -0.86602540378443882 -0.49999999999999983 0 
2 -4.8430780618346905 17.988457268119895 0 -0.86602540378443882 -0.49999999999999983 0 0 0 1 -0.49999999999999983 0.86602540378443882 0 4.2000000000000002
10 4.7123889803846843 10.995574287564271 -2e+100 2e+100
2 -4.8430780618346905 17.988457268119895 0 -0.86602540378443882 -0.49999999999999983 0 0 0 1 -0.49999999999999983 0.86602540378443882 0 4.2000000000000002
1 -0.73852632902512605 7.0791651245988509 -1.3 -0.86602540378443882 -0.49999999999999983 0 0 0 1 -0.49999999999999983 0.86602540378443882 0 
1 -0.73852632902512605 7.0791651245988509 -1.3 -0.86602540378443882 -0.49999999999999983 0 0 0 1 -0.49999999999999983 0.86602540378443882 0 
1 -0.84307806183469225 11.060254037844386 -1.3 -0.49999999999999983 0.86602540378443882 0 0 0 1 0.86602540378443882 0.49999999999999983 0 
1 -5.7614736709748708 4.1791651245988524 -1.3 -0.86602540378443882 -0.49999999999999983 0 0 0 1 -0.49999999999999983 0.86602540378443882 0 
1 -5.7614736709748708 4.1791651245988524 -1.3 0 0 1 -0.49999999999999983 0.86602540378443882 0 -0.86602540378443882 -0.49999999999999983 0 
1 -5.7614736709748708 4.1791651245988524 -1.3 -0.86602540378443882 -0.49999999999999983 0 0 0 1 -0.49999999999999983 0.86602540378443882 0 
2 -11.511473670974869 14.138457268119897 0 -0.86602540378443882 -0.49999999999999983 0 0 0 1 -0.49999999999999983 0.86602540378443882 0 4.2000000000000002
10 4.7123889803846843 10.995574287564271 -2e+100 2e+100
2 -11.511473670974869 14.138457268119897 0 -0.86602540378443882 -0.49999999999999983 0 0 0 1 -0.49999999999999983 0.86602540378443882 0 4.2000000000000002
1 -5.7614736709748708 4.1791651245988524 1.3 0 0 1 -0.49999999999999983 0.86602540378443882 0 -0.86602540378443882 -0.49999999999999983 0 
2 -3.3708348754011448 18.838457268119896 0 -0.86602540378443882 -0.49999999999999983 0 0 0 1 -0.49999999999999983 0.86602540378443882 0 2.1800000000000002
2 -11.251666049839537 14.288457268119897 0 -0.86602540378443882 -0.49999999999999983 0 0 0 1 -0.49999999999999983 0.86602540378443882 0 2.1800000000000002
1 0.90692193816530731 8.0291651245988511 1.3 0 0 1 -0.49999999999999983 0.86602540378443882 0 -0.86602540378443882 -0.49999999999999983 0 
2 -4.5832704406993594 18.138457268119893 0 -0.86602540378443882 -0.49999999999999983 0 0 0 1 -0.49999999999999983 0.86602540378443882 0 2.1800000000000002
1 1.5514428414850141 7.1871778264910704 1.3999999999999999 0 0 1 0.50000000000000011 0.8660254037844386 0 -0.8660254037844386 0.50000000000000011 0 
10 4.7123889803846879 10.995574287564274 -2e+100 2e+100
2 4.8014428414850148 12.81634295108992 0 -0.8660254037844386 0.50000000000000011 0 0 0 1 0.50000000000000011 0.8660254037844386 0 4.5
1 1.5514428414850141 7.1871778264910704 -1.3999999999999999 0 0 1 0.50000000000000011 0.8660254037844386 0 -0.8660254037844386 0.50000000000000011 0 
1 1.5514428414850141 7.1871778264910704 -1.3999999999999999 0.50000000000000011 0.8660254037844386 0 0 0 1 0.8660254037844386 -0.50000000000000011 0 
2 5.0612504626203467 12.66634295108992 0 -0.8660254037844386 0.50000000000000011 0 0 0 1 0.50000000000000011 0.8660254037844386 0 2.1800000000000002
1 1.5514428414850141 7.1871778264910704 -1.3999999999999999 -0.8660254037844386 0.50000000000000011 0 0 0 1 0.50000000000000011 0.8660254037844386 0 
1 1.5514428414850141 7.1871778264910704 -1.3999999999999999 -0.8660254037844386 0.50000000000000011 0 0 0 1 0.50000000000000011 0.8660254037844386 0 
2 4.8014428414850148 12.81634295108992 0 -0.8660254037844386 0.50000000000000011 0 0 0 1 0.50000000000000011 0.8660254037844386 0 4.5
1 1.7777568135664552 6.4791651245988513 -2.25 -0.8660254037844386 0.50000000000000011 0 0 0 1 0.50000000000000011 0.8660254037844386 0 
1 4.7222431864335466 4.7791651245988502 2.25 0 0 1 0.50000000000000011 0.8660254037844386 0 -0.8660254037844386 0.50000000000000011 0 
1 4.7222431864335466 4.7791651245988502 -2.25 0.50000000000000011 0.8660254037844386 0 0 0 1 0.8660254037844386 -0.50000000000000011 0 
1 4.7222431864335466 4.7791651245988502 -2.25 0 0 1 0.50000000000000011 0.8660254037844386 0 -0.8660254037844386 0.50000000000000011 0 
2 8.6552558883257671 10.591342951089921 0 -0.8660254037844386 0.50000000000000011 0 0 0 1 0.50000000000000011 0.8660254037844386 0 5.2000000000000002
1 -7.9999999999999991 3.7500000000000009 -1.3999999999999999 -1.2246467991473532e-16 -1 0 0 0 1 -1 1.2246467991473532e-16 0 
1 -7.9999999999999991 3.7500000000000009 -1.3999999999999999 0 0 1 -1 1.2246467991473532e-16 0 -1.2246467991473532e-16 -1 0 
1 -8 2.2500000000000009 -1.3999999999999999 -1.2246467991473532e-16 -1 0 0 0 1 -1 1.2246467991473532e-16 0 
1 -7.9999999999999991 3.7500000000000009 1.3999999999999999 0 0 1 -1 1.2246467991473532e-16 0 -1.2246467991473532e-16 -1 0 
1 -8 2.2500000000000009 -1.3999999999999999 -1.2246467991473532e-16 -1 0 0 0 1 -1 1.2246467991473532e-16 0 
2 -14.5 3.7500000000000018 0 -1.2246467991473532e-16 -1 0 0 0 1 -1 1.2246467991473532e-16 0 4.5
10 4.7123889803846888 10.995574287564274 -2e+100 2e+100
2 -14.5 3.7500000000000018 0 -1.2246467991473532e-16 -1 0 0 0 1 -1 1.2246467991473532e-16 0 4.5
1 -7.9999999999999991 3.7500000000000009 -1.3999999999999999 -1.2246467991473532e-16 -1 0 0 0 1 -1 1.2246467991473532e-16 0 
2 -14.5 5.0000000000000018 0 -1.2246467991473532e-16 -1 0 0 0 1 -1 1.2246467991473532e-16 0 2.1800000000000002
2 -14.5 4.0500000000000016 0 -1.2246467991473532e-16 -1 0 0 0 1 -1 1.2246467991473532e-16 0 2.1800000000000002
1 -8 -2.2499999999999991 -1.3999999999999999 -1.2246467991473532e-16 -1 0 0 0 1 -1 1.2246467991473532e-16 0 
1 -8 -2.2499999999999991 -1.3999999999999999 0 0 1 -1 1.2246467991473532e-16 0 -1.2246467991473532e-16 -1 0 
1 -8 -3.7499999999999991 -1.3999999999999999 -1.2246467991473532e-16 -1 0 0 0 1 -1 1.2246467991473532e-16 0 
1 -8 -2.2499999999999991 1.3999999999999999 0 0 1 -1 1.2246467991473532e-16 0 -1.2246467991473532e-16 -1 0 
1 -8 -3.7499999999999991 -1.3999999999999999 -1.2246467991473532e-16 -1 0 0 0 1 -1 1.2246467991473532e-16 0 
2 -14.5 -2.2499999999999982 0 -1.2246467991473532e-16 -1 0 0 0 1 -1 1.2246467991473532e-16 0 4.5
10 4.7123889803846888 10.995574287564274 -2e+100 2e+100
2 -14.5 -2.2499999999999982 0 -1.2246467991473532e-16 -1 0 0 0 1 -1 1.2246467991473532e-16 0 4.5
1 -8 -2.2499999999999991 -1.3999999999999999 -1.2246467991473532e-16 -1 0 0 0 1 -1 1.2246467991473532e-16 0 
2 -14.5 -1.9499999999999982 0 -1.2246467991473532e-16 -1 0 0 0 1 -1 1.2246467991473532e-16 0 2.1800000000000002
2 -13.156921938165311 -13.18845726811989 0 0.86602540378443849 -0.50000000000000044 0 0 0 1 -0.50000000000000044 -0.86602540378443849 0 4.2000000000000002
2 -6.4885263290251354 -17.038457268119895 0 0.86602540378443849 -0.50000000000000044 0 0 0 1 -0.50000000000000044 -0.86602540378443849 0 4.2000000000000002
1 0 0 -2.5 0 0 1 1 0 -0 -0 1 0 
1 5 -4.7999999999999998 -1.3 0 0 1 1 0 0 0 1 0 
2 0 0 -1.45 0 0 1 1 0 -0 -0 1 0 3.5499999999999998
Triangulations 0

TShapes 867
Ve
1.5e-07
5.0950956811428 4.8 1.25
0 0

0101101
*
Ve
1.5e-07
4.86746041070654 5.0306887351738 1.25
0 0

0101101
*
Ed
 1e-07 1 1 0
1  1 0 0.755584581642467 0.801887461349278
2  1 1 0 0.755584581642467 0.801887461349278
2  2 2 0 0.755584581642467 0.801887461349278
0

0101000
+867 0 -866 0 *
Ve
1.5e-07
4.86746041070654 5.0306887351738 -1.25
0 0

0101101
*
Ed
 1e-07 1 1 0
1  2 0 0 2.5
2  3 1 0 0 2.5
2  4 3 1 0 2.5
0

0101000
+864 0 -866 0 *
Ve
1.5e-07
5.0950956811428 4.8 -1.25
0 0

0101101
*
Ed
 1e-07 1 1 0
1  3 0 0.755584581642467 0.801887461349278
2  5 1 0 0.755584581642467 0.801887461349278
2  6 4 0 0.755584581642467 0.801887461349278
0

0101000
+862 0 -864 0 *
Ed
 1e-07 1 1 0
1  4 0 0 2.5
2  7 1 0 0 2.5
2  8 5 2 0 2.5
0

0101000
+862 0 -867 0 *
Wi

0101100
-865 0 +863 0 +861 0 -860 0 *
Fa
0  1e-07 1 0

0101000
+859 0 *
Ve
1.50000000915513e-07
5 4.8 1.25
0 0

0101101
*
Ve
1e-07
5 4.8 1.3
0 0

0101101
*
Ed
 1e-07 1 1 0
1  5 0 2.55 2.6
2  9 6 0 2.55 2.6
2  10 5 0 2.55 2.6
0

0101000
+857 3 -856 3 *
Ed
 1.5e-07 1 1 0
1  6 0 -2.5950956811428 -2.5
2  11 2 0 -2.5950956811428 -2.5
2  12 5 2 -2.5950956811428 -2.5
0

0101000
+867 0 -857 0 *
Ve
1.50000000888178e-07
5 4.8 -1.25
0 0

0101101
*
Ed
 1.5e-07 1 1 0
1  7 0 -2.5950956811428 -2.5
2  13 4 0 -2.5950956811428 -2.5
2  14 5 2 -2.5950956811428 -2.5
0

0101000
+862 0 -853 0 *
Ve
1e-07
5 4.8 -1.3
0 0

0101101
*
Ed
 1e-07 1 1 0
1  5 0 0 0.05
2  9 6 0 0 0.05
2  10 5 0 0 0.05
0

0101000
+851 3 -853 3 *
Ve
1.5e-07
5.68615612366939 4.8 -1.3
0 0

0101101
*
Ed
 1e-07 1 1 0
1  8 0 0 0.686156123669388
2  15 5 0 0 0.686156123669388
2  16 7 0 0 0.686156123669388
0

0101000
+851 3 -849 3 *
Ve
1.50000000222045e-07
5.68615612366939 4.8 1.3
0 0

0101101
*
Ed
 1.5e-07 1 1 0
1  9 0 -2.65 -0.0499999999999998
2  17 5 2 -2.65 -0.0499999999999998
2  18 8 4 -2.65 -0.0499999999999998
0

0101000
+847 0 -849 0 *
Ed
 1e-07 1 1 0
1  10 0 0 0.686156123669388
2  19 5 0 0 0.686156123669388
2  20 9 0 0 0.686156123669388
0

0101000
+856 3 -847 3 *
Wi

0101100
+855 2 +854 0 +860 0 -852 0 +850 2 -848 2 +846 0 +845 2 *
Fa
0  1e-07 5 2

0101000
+844 0 *
Ve
1e-07
5 -4.8 1.3
0 0

0101101
*
Ed
 1e-07 1 1 0
1  11 0 0 9.6
2  21 6 0 0 9.6
2  22 9 0 0 9.6
0

0101000
-856 3 +842 3 *
Ve
1.00000035782266e-07
14.0062548904568 -4.8 1.29999999999997
0 0

0101101
*
Ed
 1e-07 1 1 0
1  12 0 0 9.00625489045681
2  23 11 0 0 9.00625489045681
0

0101000
+840 0 -842 0 *
Ve
1.00000035782266e-07
14.0062548904568 -2.9 1.29999999999997
0 0

0101101
*
Ed
 1e-07 1 1 0
1  13 0 0 1.9
2  24 12 5 0 1.9
2  25 13 0 0 1.9
2  26 14 0 0 1.9
0

0101000
+840 0 -838 0 *
Ve
1.5e-07
10 -2.9 1.3
0 0

0101101
*
Ed
 1e-07 1 1 0
1  14 0 3.5 7.50625489045681
2  27 12 0 3.5 7.50625489045681
2  28 15 0 3.5 7.50625489045681
2  29 16 6 3.5 7.50625489045681
0

0101000
+836 6 -838 6 *
Ve
1.5e-07
10 2.9 1.3
0 0

0101101
*
Ed
 1e-07 1 1 0
1  15 0 1.9 7.7
2  30 9 0 1.9 7.7
2  31 17 0 1.9 7.7
0

0101000
+836 3 -834 3 *
Ve
1.00000035782266e-07
14.0062548904568 2.9 1.29999999999997
0 0

0101101
*
Ed
 1e-07 1 1 0
1  16 0 3.5 7.50625489045681
2  32 18 0 3.5 7.50625489045681
2  33 19 0 3.5 7.50625489045681
2  34 20 8 3.5 7.50625489045681
0

0101000
+834 8 -832 8 *
Ve
1.00000035782266e-07
14.0062548904568 4.8 1.29999999999997
0 0

0101101
*
Ed
 1e-07 1 1 0
1  17 0 0 1.9
2  35 18 7 0 1.9
2  36 21 0 0 1.9
2  37 22 0 0 1.9
0

0101000
+832 0 -830 0 *
Ve
1.50000000222045e-07
7.1014083110324 4.8 1.3
0 0

0101101
*
Ed
 1e-07 1 1 0
1  18 0 0 6.90484657942441
2  38 23 0 0 6.90484657942441
0

0101000
+830 0 -828 0 *
Ve
1.5e-07
6.74759526419165 4.18717782649107 1.3
0 0

0101101
*
Ed
 1.5e-07 1 1 0
1  19 0 -5.03608706276416 -4.32846096908265
2  39 9 2 -5.03608706276416 -4.32846096908265
2  40 24 4 -5.03608706276416 -4.32846096908265
2  41 25 0 -5.03608706276416 -4.32846096908265
0

0101000
+828 0 -826 0 *
Ed
 1e-07 1 1 0
1  20 0 0 1.22564434701786
0

0101000
+847 0 -826 0 *
Wi

0101100
-845 2 -841 2 -839 0 +837 0 -835 5 +833 2 +831 7 +829 0 +827 0 +825 0 
-824 0 *
Fa
0  0 10 0

0101000
+823 0 *
Ve
1e-07
6.74759526419165 4.18717782649107 1.4
0 0

0101101
*
Ve
1.00000013566457e-07
7.85925478615733 6.11262859925337 1.39999999999999
0 0

0101101
*
Ed
 1e-07 1 1 0
1  21 0 0 2.22331904393137
2  42 24 0 0 2.22331904393137
2  43 26 0 0 2.22331904393137
2  44 25 9 0 2.22331904393137
0

0101000
+821 9 -820 9 *
Ve
1.00000141925937e-07
7.85925478615738 6.11262859925344 -1.40000000000012
0 0

0101101
*
Ed
 1e-07 1 1 0
1  22 0 0 5.65046142718006
2  45 27 0 0 5.65046142718006
2  46 25 0 0 5.65046142718006
0

0101000
+818 0 -820 0 *
Ve
1e-07
6.74759526419165 4.18717782649107 -1.4
0 0

0101101
*
Ed
 1e-07 1 1 0
1  23 0 0 2.22331904393146
2  47 24 0 0 2.22331904393146
2  48 28 0 0 2.22331904393146
2  49 25 9 0 2.22331904393146
0

0101000
+816 9 -818 9 *
Ve
1.5e-07
6.74759526419165 4.18717782649107 -1.3
0 0

0101101
*
Ed
 1e-07 1 1 0
1  24 0 0 0.0999999999999999
2  50 8 0 0 0.0999999999999999
2  51 24 0 0 0.0999999999999999
2  52 25 9 0 0.0999999999999999
0

0101000
+816 9 -814 9 *
Ve
1.5e-07
7.1014083110324 4.8 -1.3
0 0

0101101
*
Ed
 1.5e-07 1 1 0
1  25 0 -5.03608706276416 -4.32846096908265
2  53 7 2 -5.03608706276416 -4.32846096908265
2  54 24 4 -5.03608706276416 -4.32846096908265
2  55 25 0 -5.03608706276416 -4.32846096908265
0

0101000
+812 0 -814 0 *
Ed
 1.5e-07 1 1 0
1  26 0 0.05 2.65
2  56 5 2 0.05 2.65
2  57 24 4 0.05 2.65
2  58 25 0 0.05 2.65
2  59 23 0 0.05 2.65
0

0101000
+812 0 -828 0 *
Ed
 1e-07 1 1 0
1  24 0 2.7 2.8
2  50 8 0 2.7 2.8
2  51 24 0 2.7 2.8
2  60 25 9 2.7 2.8
0

0101000
+826 9 -821 9 *
Wi

0101100
+819 4 -817 0 -815 4 +813 4 -811 0 +810 0 +825 0 +809 4 *
Ve
1.00000002220446e-07
9.99759526419165 9.81634295108992 2.18
0 0

0101101
*
Ed
 1e-07 1 1 0
1  27 0 0 6.28318530717959
2  61 29 0 0 6.28318530717959
2  62 25 0 0 6.28318530717959
0

0101000
+807 0 -807 0 *
Wi

0101100
-806 0 *
Fa
0  0 25 0

0101000
+808 0 +805 0 *
Ve
1.00000002220446e-07
8.69855715851499 10.5663429510899 2.18
0 0

0101101
*
Ed
 1e-07 1 1 0
1  28 0 0.3 1.8
3  63 64CN 30 0 0.3 1.8
3  65 66C0 29 0 0.3 1.8
0

0101000
+807 0 -803 0 *
Ed
 1e-07 1 1 0
1  29 0 0 6.28318530717959
2  67 29 0 0 6.28318530717959
2  68 31 0 0 6.28318530717959
0

0101000
+803 0 -803 0 *
Wi

0101100
+802 0 +801 0 -802 0 +806 0 *
Fa
0  0 29 0

0101000
+800 0 *
Ve
1e-07
5.44855715851499 4.93717782649107 -1.4
0 0

0101101
*
Ve
1.00000141925937e-07
6.56021668048072 6.86262859925344 -1.40000000000012
0 0

0101101
*
Ed
 1e-07 1 1 0
1  30 0 0 2.22331904393146
2  69 32 0 0 2.22331904393146
2  70 28 0 0 2.22331904393146
2  71 31 9 0 2.22331904393146
0

0101000
+798 9 -797 9 *
Ve
1e-07
5.44855715851499 4.93717782649107 1.4
0 0

0101101
*
Ed
 1e-07 1 1 0
1  31 0 0 2.8
2  72 8 0 0 2.8
2  73 32 0 0 2.8
2  74 31 9 0 2.8
0

0101000
-795 9 +798 9 *
Ve
1.00000013203721e-07
6.56021668048067 6.86262859925337 1.39999999999999
0 0

0101101
*
Ed
 1e-07 1 1 0
1  32 0 0 2.22331904393137
2  75 32 0 0 2.22331904393137
2  76 26 0 0 2.22331904393137
2  77 31 9 0 2.22331904393137
0

0101000
+795 9 -793 9 *
Ed
 1e-07 1 1 0
1  33 0 0 5.65046142718006
2  78 27 0 0 5.65046142718006
2  79 31 0 0 5.65046142718006
0

0101000
+793 0 -797 0 *
Wi

0101100
-796 4 +794 4 +792 4 +791 0 *
Wi

0101100
+801 0 *
Fa
0  0 31 0

0101000
+790 0 +789 0 *
Ed
 1e-07 1 1 0
1  34 0 -9.33633317459588e-17 1.5
2  80 28 4 -9.33633317459588e-17 1.5
2  81 33 0 -9.33633317459588e-17 1.5
2  82 27 0 -9.33633317459588e-17 1.5
0

0101000
+818 0 -797 0 *
Ed
 1e-07 1 1 0
1  35 0 0 1.5
2  83 8 0 0 1.5
2  84 28 0 0 1.5
0

0101000
-798 9 +816 9 *
Wi

0101100
-796 4 +787 0 +815 4 -786 4 *
Fa
0  1e-07 28 4

0101000
+785 0 *
Ed
 1e-07 1 1 0
1  36 0 4.12205039113326e-16 1.5
2  85 26 4 4.12205039113326e-16 1.5
2  86 33 0 4.12205039113326e-16 1.5
2  87 27 0 4.12205039113326e-16 1.5
0

0101000
+820 0 -793 0 *
Wi

0101100
-817 0 +787 0 -791 0 -783 0 *
Fa
0  0 27 0

0101000
+782 0 *
Ed
 1e-07 1 1 0
1  37 0 0 1.5
2  88 8 0 0 1.5
2  89 26 0 0 1.5
0

0101000
-795 9 +821 9 *
Wi

0101100
-792 4 +783 0 +819 4 -780 4 *
Fa
0  1e-07 26 4

0101000
+779 0 *
Ve
1.00000017709362e-07
14.0062548904568 4.8 -1.30000000000002
0 0

0101101
*
Ed
 1e-07 1 1 0
1  38 0 0 5.65380089015735
2  90 22 0 0 5.65380089015735
2  91 23 0 0 5.65380089015735
0

0101000
+830 0 -777 0 *
Ed
 1e-07 1 1 0
1  39 0 0 6.90484657942444
2  92 23 0 0 6.90484657942444
0

0101000
+812 0 -777 0 *
Wi

0101100
+810 0 -827 0 +776 0 -775 0 *
Ve
1.00000001110223e-07
18 4.8 2.18
0 0

0101101
*
Ed
 1e-07 1 1 0
1  40 0 0 6.28318530717959
2  93 34 0 0 6.28318530717959
2  94 23 0 0 6.28318530717959
0

0101000
+773 0 -773 0 *
Wi

0101100
+772 0 *
Fa
0  0 23 0

0101000
+774 0 +771 0 *
Ve
1.00000001110223e-07
18 2.9 2.18
0 0

0101101
*
Ed
 1.00000000888178e-07 1 1 0
1  41 0 0.3 2.2
3  95 96CN 35 0 0.3 2.2
3  97 98C0 34 0 0.3 2.2
0

0101000
+769 0 -773 0 *
Ed
 1e-07 1 1 0
1  42 0 0 6.28318530717959
2  99 34 0 0 6.28318530717959
2  100 20 0 0 6.28318530717959
0

0101000
+769 0 -769 0 *
Wi

0101100
+768 0 +772 0 -768 0 +767 0 *
Fa
0  0 34 0

0101000
+766 0 *
Ve
1.00000017709362e-07
14.0062548904568 2.9 -1.30000000000002
0 0

0101101
*
Ed
 1e-07 1 1 0
1  43 0 0 5.65380089015735
2  101 22 0 0 5.65380089015735
2  102 20 0 0 5.65380089015735
0

0101000
+764 0 -832 0 *
Ed
 1e-07 1 1 0
1  44 0 0 1.9
2  103 36 7 0 1.9
2  104 21 0 0 1.9
2  105 22 0 0 1.9
0

0101000
+764 0 -777 0 *
Wi

0101100
-776 0 -829 0 -763 0 +762 0 *
Fa
0  0 22 0

0101000
+761 0 *
Ve
1.5e-07
10 2.9 -1.3
0 0

0101101
*
Ed
 1e-07 1 1 0
1  45 0 3.5 7.50625489045684
2  106 36 0 3.5 7.50625489045684
2  107 19 0 3.5 7.50625489045684
2  108 20 8 3.5 7.50625489045684
0

0101000
+759 8 -764 8 *
Ed
 1.5e-07 1 1 0
1  46 0 0 2.6
2  109 17 2 0 2.6
2  110 19 7 0 2.6
2  111 20 0 0 2.6
0

0101000
+759 0 -834 0 *
Wi

0101100
-758 7 +757 0 +831 7 -763 0 *
Wi

0101100
-767 0 *
Fa
0  0 20 0

0101000
+756 0 +755 0 *
Ve
1.5e-07
10 -2.9 -1.3
0 0

0101101
*
Ed
 1e-07 1 1 0
1  47 0 1.9 7.7
2  112 7 0 1.9 7.7
2  113 17 0 1.9 7.7
0

0101000
+753 3 -759 3 *
Ed
 1.5e-07 1 1 0
1  48 0 0 2.6
2  114 17 2 0 2.6
2  115 15 5 0 2.6
2  116 16 0 0 2.6
0

0101000
+753 0 -836 0 *
Wi

0101100
-833 2 +757 0 +752 2 -751 0 *
Fa
0  1e-07 17 2

0101000
+750 0 *
Ve
1.00000017709362e-07
14.0062548904568 -2.9 -1.30000000000002
0 0

0101101
*
Ed
 1e-07 1 1 0
1  49 0 3.5 7.50625489045684
2  117 37 0 3.5 7.50625489045684
2  118 15 0 3.5 7.50625489045684
2  119 16 6 3.5 7.50625489045684
0

0101000
+753 6 -748 6 *
Ed
 1e-07 1 1 0
1  50 0 0 5.65380089015735
2  120 14 0 0 5.65380089015735
2  121 16 0 0 5.65380089015735
0

0101000
+838 0 -748 0 *
Wi

0101100
-747 5 +751 0 +835 5 +746 0 *
Ve
1.00000001110223e-07
18 -2.9 2.18
0 0

0101101
*
Ed
 1e-07 1 1 0
1  51 0 0 6.28318530717959
2  122 34 0 0 6.28318530717959
2  123 16 0 0 6.28318530717959
0

0101000
+744 0 -744 0 *
Wi

0101100
+743 0 *
Fa
0  0 16 0

0101000
+745 0 +742 0 *
Ve
1.00000001110223e-07
18 -4.8 2.18
0 0

0101101
*
Ed
 1e-07 1 1 0
1  52 0 0.3 2.2
3  124 125CN 38 0 0.3 2.2
3  126 127C0 34 0 0.3 2.2
0

0101000
+740 0 -744 0 *
Ed
 1e-07 1 1 0
1  53 0 0 6.28318530717959
2  128 34 0 0 6.28318530717959
2  129 11 0 0 6.28318530717959
0

0101000
+740 0 -740 0 *
Wi

0101100
+739 0 +743 0 -739 0 +738 0 *
Fa
0  0 34 0

0101000
+737 0 *
Ve
1.00000017709362e-07
14.0062548904568 -4.8 -1.30000000000002
0 0

0101101
*
Ed
 1e-07 1 1 0
1  54 0 0 5.65380089015735
2  130 14 0 0 5.65380089015735
2  131 11 0 0 5.65380089015735
0

0101000
+735 0 -840 0 *
Ed
 1e-07 1 1 0
1  55 0 0 1.9
2  132 37 5 0 1.9
2  133 13 0 0 1.9
2  134 14 0 0 1.9
0

0101000
+735 0 -748 0 *
Wi

0101100
-746 0 -837 0 -734 0 +733 0 *
Fa
0  0 14 0

0101000
+732 0 *
Ve
1e-07
5 -4.8 -1.3
0 0

0101101
*
Ed
 1e-07 1 1 0
1  56 0 0 9.00625489045684
2  135 11 0 0 9.00625489045684
0

0101000
+730 0 -735 0 *
Ve
1.5e-07
5 -4.8 -1.25
0 0

0101101
*
Ed
 1e-07 1 1 0
1  57 0 0 0.05
2  136 6 0 0 0.05
2  137 39 0 0 0.05
2  138 11 3 0 0.05
0

0101000
+730 3 -728 3 *
Ve
1.50000001776357e-07
5.0950956811428 -4.8 -1.25
0 0

0101101
*
Ed
 1.5e-07 1 1 0
1  58 0 -2.5950956811428 -2.5
2  139 4 0 -2.5950956811428 -2.5
2  140 39 2 -2.5950956811428 -2.5
2  141 11 0 -2.5950956811428 -2.5
0

0101000
+726 0 -728 0 *
Ve
1.50000001776357e-07
5.0950956811428 -4.8 1.25
0 0

0101101
*
Ed
 1e-07 1 1 0
1  59 0 0 2.5
2  142 1 0 0 2.5
2  143 39 2 0 2.5
2  144 11 0 0 2.5
0

0101000
+726 0 -724 0 *
Ve
1.50000000222045e-07
5 -4.8 1.25
0 0

0101101
*
Ed
 1.5e-07 1 1 0
1  60 0 -2.5950956811428 -2.5
2  145 2 0 -2.5950956811428 -2.5
2  146 39 2 -2.5950956811428 -2.5
2  147 11 0 -2.5950956811428 -2.5
0

0101000
+724 0 -722 0 *
Ed
 1e-07 1 1 0
1  57 0 2.55 2.6
2  136 6 0 2.55 2.6
2  137 39 0 2.55 2.6
2  148 11 3 2.55 2.6
0

0101000
+722 3 -842 3 *
Wi

0101100
-839 0 -734 0 -729 0 +727 2 -725 0 +723 0 +721 0 +720 2 *
Wi

0101100
-738 0 *
Fa
0  0 11 0

0101000
+719 0 +718 0 *
Ve
1.50000001256074e-07
4.86746041070654 -5.0306887351738 1.25
0 0

0101101
*
Ed
 1e-07 1 1 0
1  1 0 5.48129784583031 5.52760072553712
2  1 1 0 5.48129784583031 5.52760072553712
2  2 2 0 5.48129784583031 5.52760072553712
0

0101000
+716 0 -724 0 *
Ve
1.50000001256074e-07
4.86746041070654 -5.0306887351738 -1.25
0 0

0101101
*
Ed
 1e-07 1 1 0
1  3 0 5.48129784583031 5.52760072553712
2  5 1 0 5.48129784583031 5.52760072553712
2  6 4 0 5.48129784583031 5.52760072553712
0

0101000
+714 0 -726 0 *
Ed
 1e-07 1 1 0
1  61 0 0 2.5
2  149 1 0 0 2.5
2  150 40 10 0 2.5
0

0101000
+714 0 -716 0 *
Wi

0101100
-715 0 +723 0 +713 0 -712 0 *
Fa
0  1e-07 1 0

0101000
+711 0 *
Ve
1e-07
4.72224318643355 -4.77916512459885 2.25
0 0

0101101
*
Ve
1.00000004440892e-07
6.45581561892074 -7.78180065626744 2.25
0 0

0101101
*
Ed
 1e-07 1 1 0
1  62 0 0 3.46714486497439
2  151 40 0 0 3.46714486497439
2  152 41 0 0 3.46714486497439
0

0101000
+709 11 -708 11 *
Ve
1.50000000888178e-07
4.72224318643355 -4.77916512459885 1.25
0 0

0101101
*
Ed
 1e-07 1 1 0
1  63 0 3.5 4.5
2  153 40 0 3.5 4.5
2  154 42 0 3.5 4.5
0

0101000
+706 11 -709 11 *
Ed
 1.5e-07 1 1 0
1  64 0 -3.54043444854598 -3.25
2  155 2 0 -3.54043444854598 -3.25
2  156 40 10 -3.54043444854598 -3.25
0

0101000
+716 0 -706 0 *
Ve
1.50000000888178e-07
4.72224318643355 -4.77916512459885 -1.25
0 0

0101101
*
Ed
 1.5e-07 1 1 0
1  65 0 -3.54043444854598 -3.25
2  157 4 0 -3.54043444854598 -3.25
2  158 40 10 -3.54043444854598 -3.25
0

0101000
+714 0 -703 0 *
Ve
1e-07
4.72224318643355 -4.77916512459885 -2.25
0 0

0101101
*
Ed
 1e-07 1 1 0
1  63 0 0 1
2  153 40 0 0 1
2  154 42 0 0 1
0

0101000
+701 11 -703 11 *
Ve
1.00000004440892e-07
6.45581561892074 -7.78180065626744 -2.25
0 0

0101101
*
Ed
 1e-07 1 1 0
1  66 0 0 3.46714486497439
2  159 40 0 0 3.46714486497439
2  160 43 0 0 3.46714486497439
0

0101000
+701 11 -699 11 *
Ed
 1e-07 1 1 0
1  67 0 1.75 6.25
2  161 40 10 1.75 6.25
2  162 44 0 1.75 6.25
0

0101000
+699 0 -708 0 *
Wi

0101100
+707 10 +705 10 +704 0 +712 0 -702 0 +700 10 -698 10 -697 0 *
Fa
0  1e-07 40 10

0101000
+696 0 *
Ve
1e-07
3.51132924605365 -9.48180065626744 2.25
0 0

0101101
*
Ed
 1e-07 1 1 0
1  68 0 1.39793077586988 2.79085942891651
2  163 41 10 1.39793077586988 2.79085942891651
2  164 44 0 1.39793077586988 2.79085942891651
0

0101000
+708 0 -694 0 *
Ve
1e-07
3.51132924605365 -9.48180065626744 -2.25
0 0

0101101
*
Ed
 1e-07 1 1 0
1  69 0 1.75 6.25
2  165 45 10 1.75 6.25
2  166 44 0 1.75 6.25
0

0101000
+692 0 -694 0 *
Ed
 1e-07 1 1 0
1  70 0 1.39793077586988 2.79085942891651
2  167 43 10 1.39793077586988 2.79085942891651
2  168 44 0 1.39793077586988 2.79085942891651
0

0101000
+699 0 -692 0 *
Wi

0101100
-697 0 -693 0 +691 0 +690 0 *
Fa
0  1e-07 44 0

0101000
+689 0 *
Ve
1e-07
1.77775681356646 -6.47916512459885 2.25
0 0

0101101
*
Ed
 1e-07 1 1 0
1  71 0 0 3.46714486497439
2  169 45 0 0 3.46714486497439
2  170 41 0 0 3.46714486497439
0

0101000
+687 11 -694 11 *
Ve
1.5e-07
1.77775681356646 -6.47916512459885 1.25
0 0

0101101
*
Ed
 1e-07 1 1 0
1  72 0 3.5 4.5
2  171 42 0 3.5 4.5
2  172 45 0 3.5 4.5
0

0101000
+685 11 -687 11 *
Ve
1.50000000993014e-07
1.92297403783945 -6.7306887351738 1.25
0 0

0101101
*
Ed
 1.5e-07 1 1 0
1  73 0 -3.54043444854598 -3.25
2  173 2 0 -3.54043444854598 -3.25
2  174 45 10 -3.54043444854598 -3.25
0

0101000
+683 0 -685 0 *
Ve
1.50000000993014e-07
1.92297403783945 -6.7306887351738 -1.25
0 0

0101101
*
Ed
 1e-07 1 1 0
1  74 0 0 2.5
2  175 1 0 0 2.5
2  176 45 10 0 2.5
0

0101000
+681 0 -683 0 *
Ve
1.5e-07
1.77775681356646 -6.47916512459885 -1.25
0 0

0101101
*
Ed
 1.5e-07 1 1 0
1  75 0 -3.54043444854598 -3.25
2  177 4 0 -3.54043444854598 -3.25
2  178 45 10 -3.54043444854598 -3.25
0

0101000
+681 0 -679 0 *
Ve
1e-07
1.77775681356646 -6.47916512459885 -2.25
0 0

0101101
*
Ed
 1e-07 1 1 0
1  72 0 0 1
2  171 42 0 0 1
2  172 45 0 0 1
0

0101000
+677 11 -679 11 *
Ed
 1e-07 1 1 0
1  76 0 0 3.46714486497439
2  179 45 0 0 3.46714486497439
2  180 43 0 0 3.46714486497439
0

0101000
+677 11 -692 11 *
Wi

0101100
+686 10 +684 10 +682 0 +680 0 -678 0 +676 10 -675 10 -691 0 *
Fa
0  1e-07 45 10

0101000
+674 0 *
Ve
1.50000000222045e-07
1.6093740975939 -6.81248229458204 1.25
0 0

0101101
*
Ed
 1e-07 1 1 0
1  1 0 4.94437478642886 4.99067766613567
2  1 1 0 4.94437478642886 4.99067766613567
2  2 2 0 4.94437478642886 4.99067766613567
0

0101000
+672 0 -683 0 *
Ve
1.50000000222045e-07
1.6093740975939 -6.81248229458204 -1.25
0 0

0101101
*
Ed
 1e-07 1 1 0
1  3 0 4.94437478642886 4.99067766613567
2  5 1 0 4.94437478642886 4.99067766613567
2  6 4 0 4.94437478642886 4.99067766613567
0

0101000
+670 0 -681 0 *
Ed
 1e-07 1 1 0
1  77 0 0 2.5
2  181 1 0 0 2.5
2  182 46 12 0 2.5
2  183 47 0 0 2.5
0

0101000
+670 0 -672 0 *
Wi

0101100
-671 0 +680 0 +669 0 -668 0 *
Fa
0  1e-07 1 0

0101000
+667 0 *
Ve
1e-07
1.6569219381653 -6.73012701892219 1.3
0 0

0101101
*
Ve
1.000000492859e-07
-2.8462055070631 -14.5297725470156 1.29999999999996
0 0

0101101
*
Ed
 1e-07 1 1 0
1  78 0 0 9.0062548904568
2  184 47 0 0 9.0062548904568
2  185 48 0 0 9.0062548904568
0

0101000
+665 0 -664 0 *
Ve
1.00000021766035e-07
-2.84620550706312 -14.5297725470157 -1.30000000000002
0 0

0101101
*
Ed
 1e-07 1 1 0
1  79 0 0 5.65380089015736
2  186 49 0 0 5.65380089015736
2  187 47 0 0 5.65380089015736
0

0101000
+664 0 -662 0 *
Ve
1e-07
1.6569219381653 -6.73012701892219 -1.3
0 0

0101101
*
Ed
 1e-07 1 1 0
1  80 0 0 9.00625489045684
2  188 47 0 0 9.00625489045684
2  189 50 0 0 9.00625489045684
0

0101000
+662 0 -660 0 *
Ve
1.50000002220446e-07
1.6569219381653 -6.73012701892219 -1.25
0 0

0101101
*
Ed
 1e-07 1 1 0
1  81 0 0 0.05
2  190 51 0 0 0.05
2  191 46 0 0 0.05
2  192 47 13 0 0.05
0

0101000
+660 13 -658 13 *
Ed
 1.5e-07 1 1 0
1  82 0 -2.5950956811428 -2.5
2  193 4 0 -2.5950956811428 -2.5
2  194 46 12 -2.5950956811428 -2.5
2  195 47 0 -2.5950956811428 -2.5
0

0101000
+670 0 -658 0 *
Ve
1.50000002231521e-07
1.6569219381653 -6.73012701892219 1.25
0 0

0101101
*
Ed
 1.5e-07 1 1 0
1  83 0 -2.5950956811428 -2.5
2  196 2 0 -2.5950956811428 -2.5
2  197 46 12 -2.5950956811428 -2.5
2  198 47 0 -2.5950956811428 -2.5
0

0101000
+672 0 -655 0 *
Ed
 1e-07 1 1 0
1  81 0 2.55 2.6
2  190 51 0 2.55 2.6
2  191 46 0 2.55 2.6
2  199 47 13 2.55 2.6
0

0101000
+655 13 -665 13 *
Wi

0101100
+663 0 +661 0 +659 0 +657 12 -656 0 +668 0 +654 0 +653 12 *
Ve
1.00000005043884e-07
-4.8430780618347 -17.9884572681199 2.18
0 0

0101101
*
Ed
 1e-07 1 1 0
1  84 0 0 6.28318530717959
2  200 52 0 0 6.28318530717959
2  201 47 0 0 6.28318530717959
0

0101000
+651 0 -651 0 *
Wi

0101100
+650 0 *
Fa
0  0 47 0

0101000
+652 0 +649 0 *
Ve
1.0000000288658e-07
-6.48852632902514 -17.0384572681199 2.18
0 0

0101101
*
Ed
 1.00000002664535e-07 1 1 0
1  85 0 0.3 2.2
3  202 203CN 53 0 0.3 2.2
3  204 205C0 52 0 0.3 2.2
0

0101000
+647 0 -651 0 *
Ed
 1e-07 1 1 0
1  86 0 0 6.28318530717959
2  206 52 0 0 6.28318530717959
2  207 54 0 0 6.28318530717959
0

0101000
+647 0 -647 0 *
Wi

0101100
+646 0 +650 0 -646 0 +645 0 *
Fa
0  0 52 0

0101000
+644 0 *
Ve
1.50000001831027e-07
-2.48852632902513 -10.1102540378444 -1.3
0 0

0101101
*
Ve
1.00000022549283e-07
-4.49165377425355 -13.5797725470157 -1.30000000000002
0 0

0101101
*
Ed
 1e-07 1 1 0
1  87 0 3.5 7.50625489045684
2  208 55 0 3.5 7.50625489045684
2  209 56 0 3.5 7.50625489045684
2  210 54 15 3.5 7.50625489045684
2  211 50 15 3.5 7.50625489045684
0

0101000
+642 15 -641 15 *
Ve
1.50000001831027e-07
-2.48852632902513 -10.1102540378444 1.3
0 0

0101101
*
Ed
 1.5e-07 1 1 0
1  88 0 0 2.6
2  212 57 12 0 2.6
2  213 55 14 0 2.6
2  214 54 0 0 2.6
0

0101000
+642 0 -639 0 *
Ve
1.0000004735124e-07
-4.49165377425354 -13.5797725470156 1.29999999999996
0 0

0101101
*
Ed
 1e-07 1 1 0
1  89 0 3.5 7.50625489045681
2  215 55 0 3.5 7.50625489045681
2  216 58 0 3.5 7.50625489045681
2  217 54 15 3.5 7.50625489045681
2  218 48 15 3.5 7.50625489045681
0

0101000
+639 15 -637 15 *
Ed
 1e-07 1 1 0
1  90 0 0 5.65380089015736
2  219 49 0 0 5.65380089015736
2  220 54 0 0 5.65380089015736
0

0101000
+641 0 -637 0 *
Wi

0101100
-640 14 +638 0 +636 14 -635 0 *
Wi

0101100
-645 0 *
Fa
0  0 54 0

0101000
+634 0 +633 0 *
Ve
1.50000000888178e-07
-7.51147367097488 -7.21025403784438 1.3
0 0

0101101
*
Ed
 1e-07 1 1 0
1  91 0 1.9 7.7
2  221 57 0 1.9 7.7
2  222 59 0 1.9 7.7
2  223 48 13 1.9 7.7
0

0101000
+631 13 -639 13 *
Ve
1.50000000888178e-07
-7.51147367097488 -7.21025403784438 -1.3
0 0

0101101
*
Ed
 1e-07 1 1 0
1  92 0 1.9 7.7
2  224 57 0 1.9 7.7
2  225 60 0 1.9 7.7
2  226 50 13 1.9 7.7
0

0101000
+629 13 -642 13 *
Ed
 1.5e-07 1 1 0
1  93 0 0 2.6
2  227 57 12 0 2.6
2  228 61 16 0 2.6
2  229 62 0 0 2.6
0

0101000
+629 0 -631 0 *
Wi

0101100
-630 12 +638 0 +628 12 -627 0 *
Fa
0  1e-07 57 12

0101000
+626 0 *
Ve
1.00000023692274e-07
-9.5146011162033 -10.6797725470157 -1.30000000000002
0 0

0101101
*
Ed
 1e-07 1 1 0
1  94 0 3.5 7.50625489045684
2  230 61 0 3.5 7.50625489045684
2  231 63 0 3.5 7.50625489045684
2  232 62 17 3.5 7.50625489045684
2  233 50 17 3.5 7.50625489045684
0

0101000
+629 17 -624 17 *
Ve
1.0000004735124e-07
-9.51460111620328 -10.6797725470156 1.29999999999996
0 0

0101101
*
Ed
 1e-07 1 1 0
1  95 0 3.5 7.5062548904568
2  234 61 0 3.5 7.5062548904568
2  235 64 0 3.5 7.5062548904568
2  236 62 17 3.5 7.5062548904568
2  237 48 17 3.5 7.5062548904568
0

0101000
+631 17 -622 17 *
Ed
 1e-07 1 1 0
1  96 0 0 5.65380089015736
2  238 65 0 0 5.65380089015736
2  239 62 0 0 5.65380089015736
0

0101000
+622 0 -624 0 *
Wi

0101100
-623 16 +627 0 +621 16 +620 0 *
Ve
1.00000004003351e-07
-11.5114736709749 -14.1384572681199 2.18
0 0

0101101
*
Ed
 1e-07 1 1 0
1  97 0 0 6.28318530717959
2  240 52 0 0 6.28318530717959
2  241 62 0 0 6.28318530717959
0

0101000
+618 0 -618 0 *
Wi

0101100
+617 0 *
Fa
0  0 62 0

0101000
+619 0 +616 0 *
Ve
1.00000002843558e-07
-13.1569219381653 -13.1884572681199 2.18
0 0

0101101
*
Ed
 1.00000002512148e-07 1 1 0
1  98 0 0.3 2.2
3  242 243CN 66 0 0.3 2.2
3  244 245C0 52 0 0.3 2.2
0

0101000
+614 0 -618 0 *
Ed
 1e-07 1 1 0
1  99 0 0 6.28318530717959
2  246 52 0 0 6.28318530717959
2  247 67 0 0 6.28318530717959
0

0101000
+614 0 -614 0 *
Wi

0101100
+613 0 +617 0 -613 0 +612 0 *
Fa
0  0 52 0

0101000
+611 0 *
Ve
1.50000000888178e-07
-7.85196366097891 -4 -1.3
0 0

0101101
*
Ve
1.50000000915513e-07
-7.85196366097891 -4 1.3
0 0

0101101
*
Ed
 1.5e-07 1 1 0
1  100 0 0.0999999999999999 2.7
2  248 68 12 0.0999999999999999 2.7
2  249 69 18 0.0999999999999999 2.7
2  250 67 0 0.0999999999999999 2.7
0

0101000
+609 0 -608 0 *
Ve
1.0000004735124e-07
-11.1600493833937 -9.72977254701562 1.29999999999996
0 0

0101101
*
Ed
 1e-07 1 1 0
1  101 0 0 6.61617144482959
2  251 67 0 0 6.61617144482959
2  252 48 0 0 6.61617144482959
0

0101000
+608 0 -606 0 *
Ve
1.00000022810153e-07
-11.1600493833937 -9.72977254701565 -1.30000000000002
0 0

0101101
*
Ed
 1e-07 1 1 0
1  102 0 0 5.65380089015736
2  253 65 0 0 5.65380089015736
2  254 67 0 0 5.65380089015736
0

0101000
+604 0 -606 0 *
Ed
 1e-07 1 1 0
1  103 0 0 6.61617144482963
2  255 67 0 0 6.61617144482963
2  256 50 0 0 6.61617144482963
0

0101000
+604 0 -609 0 *
Wi

0101100
+607 0 +605 0 -603 0 +602 0 *
Wi

0101100
-612 0 *
Fa
0  0 67 0

0101000
+601 0 +600 0 *
Ve
1e-07
-5 -4 -1.5
0 0

0101101
*
Ve
1.5e-07
-5 -4 -1.3
0 0

0101101
*
Ed
 1e-07 1 1 0
1  104 0 0 0.2
2  257 70 0 0 0.2
2  258 69 0 0 0.2
0

0101000
+598 19 -597 19 *
Ve
1e-07
-10 -4 -1.5
0 0

0101101
*
Ed
 1e-07 1 1 0
1  105 0 0 5
2  259 69 0 0 5
2  260 71 0 0 5
0

0101000
-598 19 +595 19 *
Ve
1e-07
-10 -4 1.5
0 0

0101101
*
Ed
 1e-07 1 1 0
1  106 0 0 3
2  261 69 0 0 3
2  262 72 0 0 3
0

0101000
-593 19 +595 19 *
Ve
1e-07
-5 -4 1.5
0 0

0101101
*
Ed
 1e-07 1 1 0
1  107 0 0 5
2  263 69 0 0 5
2  264 73 0 0 5
0

0101000
-591 19 +593 19 *
Ve
1.5e-07
-5 -4 1.3
0 0

0101101
*
Ed
 1e-07 1 1 0
1  104 0 2.8 3
2  257 70 0 2.8 3
2  258 69 0 2.8 3
0

0101000
+589 19 -591 19 *
Ed
 1e-07 1 1 0
1  108 0 0 2.85196366097891
2  265 48 0 0 2.85196366097891
0

0101000
+589 0 -608 0 *
Ed
 1e-07 1 1 0
1  109 0 0 2.85196366097891
2  266 50 0 0 2.85196366097891
0

0101000
+609 0 -597 0 *
Wi

0101100
-596 18 -594 18 +592 18 +590 18 -588 18 +587 0 -607 0 +586 0 *
Fa
0  1e-07 69 18

0101000
+585 0 *
Ve
1e-07
-5 -2 1.5
0 0

0101101
*
Ed
 1e-07 1 1 0
1  110 0 0 2
2  267 70 0 0 2
2  268 73 0 0 2
0

0101000
-583 19 +591 19 *
Ve
1.5e-07
-5 -2 1.25
0 0

0101101
*
Ed
 1e-07 1 1 0
1  111 0 2.75 3
2  269 70 0 2.75 3
2  270 74 0 2.75 3
0

0101000
+581 19 -583 19 *
Ve
1.50000000444089e-07
-5 -2.88675134594813 1.25
0 0

0101101
*
Ed
 1.5e-07 1 1 0
1  112 0 -0.886751345948128 0
2  271 2 0 -0.886751345948128 0
2  272 70 18 -0.886751345948128 0
0

0101000
+579 0 -581 0 *
Ve
1.50000000496507e-07
-5 -2.88675134594813 1.3
0 0

0101101
*
Ed
 1.5e-07 1 1 0
1  113 0 2.65 2.7
2  273 51 12 2.65 2.7
2  274 70 18 2.65 2.7
0

0101000
+579 0 -577 0 *
Ed
 1.5e-07 1 1 0
1  114 0 -1.0349364905389 0.0783121635129678
2  275 59 12 -1.0349364905389 0.0783121635129678
2  276 70 18 -1.0349364905389 0.0783121635129678
2  277 48 0 -1.0349364905389 0.0783121635129678
0

0101000
+589 0 -577 0 *
Wi

0101100
-588 18 -582 18 +580 18 +578 0 -576 0 +575 0 *
Fa
0  1e-07 70 18

0101000
+574 0 *
Ve
1e-07
-5 -2 -1.5
0 0

0101101
*
Ve
1.5e-07
-5 -2 -1.25
0 0

0101101
*
Ed
 1e-07 1 1 0
1  111 0 0 0.25
2  269 70 0 0 0.25
2  270 74 0 0 0.25
0

0101000
+572 19 -571 19 *
Ve
1.5e-07
-6.53589838486224 -2 -1.25
0 0

0101101
*
Ed
 1.5e-07 1 1 0
1  115 0 0 1.53589838486224
2  278 4 0 0 1.53589838486224
2  279 74 18 0 1.53589838486224
0

0101000
+571 0 -569 0 *
Ve
1.5e-07
-6.53589838486224 -2 -1.3
0 0

0101101
*
Ed
 1.5e-07 1 1 0
1  116 0 -0.15 -0.0999999999999999
2  280 51 12 -0.15 -0.0999999999999999
2  281 74 18 -0.15 -0.0999999999999999
0

0101000
+569 0 -567 0 *
Ve
1.50000000888178e-07
-6.69726312259966 -2 -1.3
0 0

0101101
*
Ed
 1.5e-07 1 1 0
1  117 0 -1.79256258422041 -1.63119784648299
2  282 60 12 -1.79256258422041 -1.63119784648299
2  283 74 18 -1.79256258422041 -1.63119784648299
0

0101000
+567 0 -565 0 *
Ve
1.50000001776357e-07
-6.69726312259966 -2 -1.25
0 0

0101101
*
Ed
 1.5e-07 1 1 0
1  118 0 0.0999999999999999 0.15
2  284 68 12 0.0999999999999999 0.15
2  285 74 18 0.0999999999999999 0.15
0

0101000
+565 0 -563 0 *
Ve
1.50000001776357e-07
-6.70820393249937 -2 -1.25
0 0

0101101
*
Ed
 1.5e-07 1 1 0
1  115 0 1.69726312259966 1.70820393249937
2  278 4 0 1.69726312259966 1.70820393249937
2  279 74 18 1.69726312259966 1.70820393249937
0

0101000
+563 0 -561 0 *
Ve
1.50000001776357e-07
-6.70820393249937 -2 1.25
0 0

0101101
*
Ed
 1e-07 1 1 0
1  119 0 0 2.5
2  286 1 0 0 2.5
2  287 74 18 0 2.5
0

0101000
+561 0 -559 0 *
Ve
1.50000001776357e-07
-6.69726312259966 -2 1.25
0 0

0101101
*
Ed
 1.5e-07 1 1 0
1  120 0 1.69726312259966 1.70820393249937
2  288 2 0 1.69726312259966 1.70820393249937
2  289 74 18 1.69726312259966 1.70820393249937
0

0101000
+557 0 -559 0 *
Ve
1.50000000915513e-07
-6.69726312259966 -2 1.3
0 0

0101101
*
Ed
 1.5e-07 1 1 0
1  118 0 2.65 2.7
2  284 68 12 2.65 2.7
2  285 74 18 2.65 2.7
0

0101000
+557 0 -555 0 *
Ve
1.50000000222045e-07
-6.53589838486224 -2 1.3
0 0

0101101
*
Ed
 1.5e-07 1 1 0
1  121 0 -1.79256258422041 -1.63119784648299
2  290 59 12 -1.79256258422041 -1.63119784648299
2  291 74 18 -1.79256258422041 -1.63119784648299
0

0101000
+553 0 -555 0 *
Ve
1.50000000444089e-07
-6.53589838486224 -2 1.25
0 0

0101101
*
Ed
 1.5e-07 1 1 0
1  122 0 -2.7 -2.65
2  292 51 12 -2.7 -2.65
2  293 74 18 -2.7 -2.65
0

0101000
+553 0 -551 0 *
Ed
 1.5e-07 1 1 0
1  120 0 0 1.53589838486224
2  288 2 0 0 1.53589838486224
2  289 74 18 0 1.53589838486224
0

0101000
+581 0 -551 0 *
Ve
1e-07
-10 -2 1.5
0 0

0101101
*
Ed
 1e-07 1 1 0
1  123 0 0 5
2  294 74 0 0 5
2  295 73 0 0 5
0

0101000
-583 19 +548 19 *
Ve
1e-07
-10 -2 -1.5
0 0

0101101
*
Ed
 1e-07 1 1 0
1  124 0 0 3
2  296 74 0 0 3
2  297 72 0 0 3
0

0101000
-548 19 +546 19 *
Ed
 1e-07 1 1 0
1  125 0 0 5
2  298 74 0 0 5
2  299 71 0 0 5
0

0101000
-572 19 +546 19 *
Wi

0101100
-570 18 -568 0 -566 0 -564 0 -562 0 -560 0 -558 0 +556 0 -554 0 +552 0 
-550 0 +549 0 -580 18 +547 18 +545 18 -544 18 *
Fa
0  1e-07 74 18

0101000
+543 0 *
Ve
1.50000000314018e-07
-6.65692193816531 -1.93012701892219 1.25
0 0

0101101
*
Ve
1e-07
-6.65692193816531 -1.93012701892219 1.3
0 0

0101101
*
Ed
 1e-07 1 1 0
1  126 0 2.55 2.6
2  300 51 0 2.55 2.6
2  301 68 0 2.55 2.6
0

0101000
+541 13 -540 13 *
Ed
 1e-07 1 1 0
1  127 0 0 0.139745962155619
2  302 51 0 0 0.139745962155619
2  303 59 0 0 0.139745962155619
0

0101000
+540 13 -553 13 *
Ed
 1.5e-07 1 1 0
1  128 0 -2.4 -2.26025403784438
2  304 2 0 -2.4 -2.26025403784438
2  305 51 12 -2.4 -2.26025403784438
0

0101000
+541 0 -551 0 *
Wi

0101100
-539 12 -538 12 -550 0 +537 0 *
Fa
0  1e-07 51 12

0101000
+536 0 *
Ed
 1e-07 1 1 0
1  129 0 0 0.0806823688687096
2  306 68 0 0 0.0806823688687096
2  307 59 0 0 0.0806823688687096
0

0101000
+540 13 -555 13 *
Wi

0101100
-552 0 +534 12 -538 12 *
Fa
0  1e-07 59 12

0101000
+533 0 *
Ed
 1.5e-07 1 1 0
1  130 0 -2.58068236886871 -2.5
2  308 2 0 -2.58068236886871 -2.5
2  309 68 12 -2.58068236886871 -2.5
0

0101000
+557 0 -541 0 *
Wi

0101100
+539 12 +531 0 -554 0 +534 12 *
Fa
0  1e-07 68 12

0101000
+530 0 *
Ve
1.50000000666134e-07
-6.79043444854598 -1.7 1.25
0 0

0101101
*
Ed
 1e-07 1 1 0
1  1 0 3.38690274343711 3.43134435502584
2  1 1 0 3.38690274343711 3.43134435502584
2  2 2 0 3.38690274343711 3.43134435502584
0

0101000
+528 0 -559 0 *
Ve
1.50000000666134e-07
-6.79043444854598 -1.7 -1.25
0 0

0101101
*
Ed
 1e-07 1 1 0
1  3 0 3.38690274343711 3.43134435502584
2  5 1 0 3.38690274343711 3.43134435502584
2  6 4 0 3.38690274343711 3.43134435502584
0

0101000
+526 0 -561 0 *
Ed
 1e-07 1 1 0
1  131 0 0 2.5
2  310 1 0 0 2.5
2  311 75 20 0 2.5
0

0101000
+526 0 -528 0 *
Wi

0101100
-527 0 +558 0 +525 0 -524 0 *
Fa
0  1e-07 1 0

0101000
+523 0 *
Ve
1e-07
-6.5 -1.7 2.25
0 0

0101101
*
Ve
1.00000000993014e-07
-9.81198336180427 -1.7 2.25
0 0

0101101
*
Ed
 1e-07 1 1 0
1  132 0 0 3.31198336180427
2  312 75 0 0 3.31198336180427
2  313 76 0 0 3.31198336180427
0

0101000
+521 21 -520 21 *
Ve
1.50000000222045e-07
-6.5 -1.7 1.25
0 0

0101101
*
Ed
 1e-07 1 1 0
1  133 0 3.5 4.5
2  314 75 0 3.5 4.5
2  315 77 0 3.5 4.5
0

0101000
+518 21 -521 21 *
Ed
 1.5e-07 1 1 0
1  134 0 -3.54043444854598 -3.25
2  316 2 0 -3.54043444854598 -3.25
2  317 75 20 -3.54043444854598 -3.25
0

0101000
+528 0 -518 0 *
Ve
1.50000000222045e-07
-6.5 -1.7 -1.25
0 0

0101101
*
Ed
 1.5e-07 1 1 0
1  135 0 -3.54043444854598 -3.25
2  318 4 0 -3.54043444854598 -3.25
2  319 75 20 -3.54043444854598 -3.25
0

0101000
+526 0 -515 0 *
Ve
1e-07
-6.5 -1.7 -2.25
0 0

0101101
*
Ed
 1e-07 1 1 0
1  133 0 0 1
2  314 75 0 0 1
2  315 77 0 0 1
0

0101000
+513 21 -515 21 *
Ve
1.00000000993014e-07
-9.81198336180427 -1.7 -2.25
0 0

0101101
*
Ed
 1e-07 1 1 0
1  136 0 0 3.31198336180427
2  320 75 0 0 3.31198336180427
2  321 78 0 0 3.31198336180427
0

0101000
+513 21 -511 21 *
Ed
 1e-07 1 1 0
1  137 0 4.2649119985733 5.15986596219608
2  322 75 20 4.2649119985733 5.15986596219608
2  323 79 0 4.2649119985733 5.15986596219608
0

0101000
+511 0 -520 0 *
Wi

0101100
+519 20 +517 20 +516 0 +524 0 -514 0 +512 20 -510 20 -509 0 *
Fa
0  1e-07 75 20

0101000
+508 0 *
Ve
1.00000000915513e-07
-9.81198336180427 1.7 2.25
0 0

0101101
*
Ed
 1e-07 1 1 0
1  138 0 0.5 3.9
2  324 76 20 0.5 3.9
2  325 79 0 0.5 3.9
0

0101000
+506 0 -520 0 *
Ve
1.00000000915513e-07
-9.81198336180427 1.7 -2.25
0 0

0101101
*
Ed
 1e-07 1 1 0
1  139 0 4.2649119985733 5.15986596219608
2  326 80 20 4.2649119985733 5.15986596219608
2  327 79 0 4.2649119985733 5.15986596219608
0

0101000
+504 0 -506 0 *
Ed
 1e-07 1 1 0
1  140 0 0.5 3.9
2  328 78 20 0.5 3.9
2  329 79 0 0.5 3.9
0

0101000
+504 0 -511 0 *
Wi

0101100
-509 0 +505 0 +503 0 -502 0 *
Fa
0  1e-07 79 0

0101000
+501 0 *
Ve
1e-07
-6.5 1.7 2.25
0 0

0101101
*
Ed
 1e-07 1 1 0
1  141 0 0 3.31198336180427
2  330 80 0 0 3.31198336180427
2  331 76 0 0 3.31198336180427
0

0101000
+499 21 -506 21 *
Ve
1.5e-07
-6.5 1.7 1.25
0 0

0101101
*
Ed
 1e-07 1 1 0
1  142 0 3.5 4.5
2  332 80 0 3.5 4.5
2  333 77 0 3.5 4.5
0

0101000
+497 21 -499 21 *
Ve
1.50000000666134e-07
-6.79043444854598 1.7 1.25
0 0

0101101
*
Ed
 1.5e-07 1 1 0
1  143 0 -3.54043444854598 -3.25
2  334 2 0 -3.54043444854598 -3.25
2  335 80 20 -3.54043444854598 -3.25
0

0101000
+495 0 -497 0 *
Ve
1.50000000666134e-07
-6.79043444854598 1.7 -1.25
0 0

0101101
*
Ed
 1e-07 1 1 0
1  144 0 0 2.5
2  336 1 0 0 2.5
2  337 80 20 0 2.5
0

0101000
+493 0 -495 0 *
Ve
1.5e-07
-6.5 1.7 -1.25
0 0

0101101
*
Ed
 1.5e-07 1 1 0
1  145 0 -3.54043444854598 -3.25
2  338 4 0 -3.54043444854598 -3.25
2  339 80 20 -3.54043444854598 -3.25
0

0101000
+493 0 -491 0 *
Ve
1e-07
-6.5 1.7 -2.25
0 0

0101101
*
Ed
 1e-07 1 1 0
1  142 0 0 1
2  332 80 0 0 1
2  333 77 0 0 1
0

0101000
+489 21 -491 21 *
Ed
 1e-07 1 1 0
1  146 0 0 3.31198336180427
2  340 80 0 0 3.31198336180427
2  341 78 0 0 3.31198336180427
0

0101000
+489 21 -504 21 *
Wi

0101100
+498 20 +496 20 +494 0 +492 0 -490 0 +488 20 -487 20 -503 0 *
Fa
0  1e-07 80 20

0101000
+486 0 *
Ve
1.5e-07
-6.70820393249937 2 1.25
0 0

0101101
*
Ed
 1e-07 1 1 0
1  1 0 2.85184095215375 2.89628256374247
2  1 1 0 2.85184095215375 2.89628256374247
2  2 2 0 2.85184095215375 2.89628256374247
0

0101000
+484 0 -495 0 *
Ve
1.5e-07
-6.70820393249937 2 -1.25
0 0

0101101
*
Ed
 1e-07 1 1 0
1  3 0 2.85184095215375 2.89628256374247
2  5 1 0 2.85184095215375 2.89628256374247
2  6 4 0 2.85184095215375 2.89628256374247
0

0101000
+482 0 -493 0 *
Ed
 1e-07 1 1 0
1  147 0 0 2.5
2  342 1 0 0 2.5
2  343 81 22 0 2.5
0

0101000
+482 0 -484 0 *
Wi

0101100
-483 0 +492 0 +481 0 -480 0 *
Fa
0  1e-07 1 0

0101000
+479 0 *
Ve
1e-07
-5 2 -1.5
0 0

0101101
*
Ve
1.5e-07
-5 2 -1.25
0 0

0101101
*
Ed
 1e-07 1 1 0
1  148 0 0 0.25
2  344 81 0 0 0.25
2  345 82 0 0 0.25
0

0101000
+477 23 -476 23 *
Ve
1.50000001601186e-07
-6.53589838486225 2 -1.25
0 0

0101101
*
Ed
 1.5e-07 1 1 0
1  149 0 0 1.53589838486225
2  346 4 0 0 1.53589838486225
2  347 81 22 0 1.53589838486225
0

0101000
+476 0 -474 0 *
Ve
1.50000002664535e-07
-6.53589838486225 2 -1.3
0 0

0101101
*
Ed
 1.5e-07 1 1 0
1  150 0 -0.15 -0.0999999999999999
2  348 83 24 -0.15 -0.0999999999999999
2  349 81 22 -0.15 -0.0999999999999999
0

0101000
+474 0 -472 0 *
Ve
1.50000001776357e-07
-6.69726312259966 2 -1.3
0 0

0101101
*
Ed
 1.5e-07 1 1 0
1  151 0 2.3643593539449 2.52572409168231
2  350 84 24 2.3643593539449 2.52572409168231
2  351 81 22 2.3643593539449 2.52572409168231
0

0101000
+472 0 -470 0 *
Ve
1.50000000222045e-07
-6.69726312259966 2 -1.25
0 0

0101101
*
Ed
 1.5e-07 1 1 0
1  152 0 -0.15 -0.0999999999999999
2  352 85 24 -0.15 -0.0999999999999999
2  353 81 22 -0.15 -0.0999999999999999
0

0101000
+468 0 -470 0 *
Ed
 1.5e-07 1 1 0
1  149 0 1.69726312259966 1.70820393249937
2  346 4 0 1.69726312259966 1.70820393249937
2  347 81 22 1.69726312259966 1.70820393249937
0

0101000
+468 0 -482 0 *
Ve
1.50000000222045e-07
-6.69726312259966 2 1.25
0 0

0101101
*
Ed
 1.5e-07 1 1 0
1  153 0 1.69726312259966 1.70820393249937
2  354 2 0 1.69726312259966 1.70820393249937
2  355 81 22 1.69726312259966 1.70820393249937
0

0101000
+465 0 -484 0 *
Ve
1.50000001790181e-07
-6.69726312259966 2 1.3
0 0

0101101
*
Ed
 1.5e-07 1 1 0
1  152 0 -2.7 -2.65
2  352 85 24 -2.7 -2.65
2  353 81 22 -2.7 -2.65
0

0101000
+463 0 -465 0 *
Ve
1.50000002673771e-07
-6.53589838486225 2 1.3
0 0

0101101
*
Ed
 1.5e-07 1 1 0
1  154 0 2.3643593539449 2.52572409168231
2  356 86 24 2.3643593539449 2.52572409168231
2  357 81 22 2.3643593539449 2.52572409168231
0

0101000
+461 0 -463 0 *
Ve
1.5000000166163e-07
-6.53589838486225 2 1.25
0 0

0101101
*
Ed
 1.5e-07 1 1 0
1  155 0 -2.7 -2.65
2  358 83 24 -2.7 -2.65
2  359 81 22 -2.7 -2.65
0

0101000
+461 0 -459 0 *
Ve
1.5e-07
-5 2 1.25
0 0

0101101
*
Ed
 1.5e-07 1 1 0
1  153 0 0 1.53589838486225
2  354 2 0 0 1.53589838486225
2  355 81 22 0 1.53589838486225
0

0101000
+457 0 -459 0 *
Ve
1e-07
-5 2 1.5
0 0

0101101
*
Ed
 1e-07 1 1 0
1  148 0 2.75 3
2  344 81 0 2.75 3
2  345 82 0 2.75 3
0

0101000
+457 23 -455 23 *
Ve
1e-07
-10 2 1.5
0 0

0101101
*
Ed
 1e-07 1 1 0
1  156 0 0 5
2  360 81 0 0 5
2  361 87 0 0 5
0

0101000
-455 23 +453 23 *
Ve
1e-07
-10 2 -1.5
0 0

0101101
*
Ed
 1e-07 1 1 0
1  157 0 0 3
2  362 81 0 0 3
2  363 88 0 0 3
0

0101000
-453 23 +451 23 *
Ed
 1e-07 1 1 0
1  158 0 0 5
2  364 81 0 0 5
2  365 89 0 0 5
0

0101000
-477 23 +451 23 *
Wi

0101100
-475 22 -473 0 -471 0 -469 0 +467 0 -466 0 -480 0 +464 0 +462 0 +460 0 
-458 0 +456 0 -454 22 +452 22 +450 22 -449 22 *
Fa
0  1e-07 81 22

0101000
+448 0 *
Ve
1e-07
-10 4 -1.5
0 0

0101101
*
Ed
 1e-07 1 1 0
1  159 0 0 2
2  366 88 0 0 2
2  367 89 0 0 2
0

0101000
-446 23 +451 23 *
Ve
1e-07
-5 4 -1.5
0 0

0101101
*
Ed
 1e-07 1 1 0
1  160 0 0 5
2  368 90 0 0 5
2  369 89 0 0 5
0

0101000
-444 23 +446 23 *
Ed
 1e-07 1 1 0
1  161 0 0 2
2  370 82 0 0 2
2  371 89 0 0 2
0

0101000
-444 23 +477 23 *
Wi

0101100
-445 0 -443 0 +442 0 +449 0 *
Fa
0  1e-07 89 0

0101000
+441 0 *
Ve
1.5e-07
-5 4 -1.3
0 0

0101101
*
Ed
 1e-07 1 1 0
1  162 0 0 0.2
2  372 82 0 0 0.2
2  373 90 0 0 0.2
0

0101000
+444 23 -439 23 *
Ve
1e-07
-10 4 1.5
0 0

0101101
*
Ed
 1e-07 1 1 0
1  163 0 0 3
2  374 90 0 0 3
2  375 88 0 0 3
0

0101000
-437 23 +446 23 *
Ve
1e-07
-5 4 1.5
0 0

0101101
*
Ed
 1e-07 1 1 0
1  164 0 0 5
2  376 90 0 0 5
2  377 87 0 0 5
0

0101000
-435 23 +437 23 *
Ve
1.5e-07
-5 4 1.3
0 0

0101101
*
Ed
 1e-07 1 1 0
1  162 0 2.8 3
2  372 82 0 2.8 3
2  373 90 0 2.8 3
0

0101000
+433 23 -435 23 *
Ve
1.50000001790181e-07
-7.85196366097891 4 1.3
0 0

0101101
*
Ed
 1e-07 1 1 0
1  165 0 0 2.85196366097891
2  378 91 0 0 2.85196366097891
0

0101000
+433 0 -431 0 *
Ve
1.50000001776357e-07
-7.85196366097891 4 -1.3
0 0

0101101
*
Ed
 1.5e-07 1 1 0
1  166 0 -2.7 -0.0999999999999996
2  379 85 24 -2.7 -0.0999999999999996
2  380 90 22 -2.7 -0.0999999999999996
2  381 92 0 -2.7 -0.0999999999999996
0

0101000
+431 0 -429 0 *
Ed
 1e-07 1 1 0
1  167 0 0 2.85196366097891
2  382 93 0 0 2.85196366097891
0

0101000
+429 0 -439 0 *
Wi

0101100
-438 22 -443 22 +436 22 +434 22 -432 22 +430 0 +428 0 +427 0 *
Fa
0  1e-07 90 22

0101000
+426 0 *
Ve
1.50000000888178e-07
-5 2.88675134594813 -1.3
0 0

0101101
*
Ed
 1.5e-07 1 1 0
1  168 0 -1.47831216351297 -0.365063509461097
2  383 84 24 -1.47831216351297 -0.365063509461097
2  384 82 22 -1.47831216351297 -0.365063509461097
2  385 93 0 -1.47831216351297 -0.365063509461097
0

0101000
+424 0 -439 0 *
Ve
1e-07
1.65692193816531 6.73012701892219 -1.3
0 0

0101101
*
Ed
 1e-07 1 1 0
1  169 0 0 7.68675134594813
2  386 83 0 0 7.68675134594813
2  387 84 0 0 7.68675134594813
2  388 93 25 0 7.68675134594813
0

0101000
+422 25 -424 25 *
Ve
1.50000000915513e-07
1.31384387633061 7.32435565298214 -1.3
0 0

0101101
*
Ed
 1e-07 1 1 0
1  170 0 0 0.686156123669389
2  389 94 0 0 0.686156123669389
2  390 84 0 0 0.686156123669389
2  391 93 25 0 0.686156123669389
0

0101000
+422 25 -420 25 *
Ve
1.50000000915513e-07
0.252404735808356 7.93717782649107 -1.3
0 0

0101101
*
Ed
 1e-07 1 1 0
1  171 0 0 1.22564434701786
2  392 93 0 0 1.22564434701786
0

0101000
+418 0 -420 0 *
Ve
1.50000000333067e-07
0.606217782649108 8.55 -1.3
0 0

0101101
*
Ed
 1.5e-07 1 1 0
1  172 0 -0.879165124598851 -0.171539030917347
2  393 84 24 -0.879165124598851 -0.171539030917347
2  394 95 26 -0.879165124598851 -0.171539030917347
2  395 96 0 -0.879165124598851 -0.171539030917347
2  396 93 0 -0.879165124598851 -0.171539030917347
0

0101000
+416 0 -418 0 *
Ve
1.00000023562898e-07
-2.84620550706311 14.5297725470157 -1.30000000000002
0 0

0101101
*
Ed
 1e-07 1 1 0
1  173 0 0 6.90484657942444
2  397 93 0 0 6.90484657942444
2  398 97 0 0 6.90484657942444
0

0101000
+414 0 -416 0 *
Ve
1.00000023692274e-07
-4.49165377425354 13.5797725470157 -1.30000000000002
0 0

0101101
*
Ed
 1e-07 1 1 0
1  174 0 -1.21754595330361e-15 1.9
2  399 98 27 -1.21754595330361e-15 1.9
2  400 99 0 -1.21754595330361e-15 1.9
2  401 100 0 -1.21754595330361e-15 1.9
2  402 93 0 -1.21754595330361e-15 1.9
0

0101000
+414 0 -412 0 *
Ve
1.50000002220446e-07
-2.48852632902512 10.1102540378444 -1.3
0 0

0101101
*
Ed
 1e-07 1 1 0
1  175 0 3.5 7.50625489045684
2  403 101 0 3.5 7.50625489045684
2  404 98 0 3.5 7.50625489045684
2  405 93 28 3.5 7.50625489045684
2  406 102 28 3.5 7.50625489045684
0

0101000
+410 28 -412 28 *
Ve
1.50000001776357e-07
-7.51147367097487 7.21025403784439 -1.3
0 0

0101101
*
Ed
 1e-07 1 1 0
1  176 0 1.9 7.7
2  407 103 0 1.9 7.7
2  408 84 0 1.9 7.7
2  409 93 25 1.9 7.7
0

0101000
+410 25 -408 25 *
Ve
1.00000023692274e-07
-9.51460111620329 10.6797725470157 -1.30000000000002
0 0

0101101
*
Ed
 1e-07 1 1 0
1  177 0 3.5 7.50625489045684
2  410 104 0 3.5 7.50625489045684
2  411 105 0 3.5 7.50625489045684
2  412 93 30 3.5 7.50625489045684
2  413 106 30 3.5 7.50625489045684
0

0101000
+408 30 -406 30 *
Ve
1.00000023692274e-07
-11.1600493833937 9.72977254701566 -1.30000000000002
0 0

0101101
*
Ed
 1e-07 1 1 0
1  178 0 -1.60213849058032e-15 1.9
2  414 105 29 -1.60213849058032e-15 1.9
2  415 107 0 -1.60213849058032e-15 1.9
2  416 108 0 -1.60213849058032e-15 1.9
2  417 93 0 -1.60213849058032e-15 1.9
0

0101000
+406 0 -404 0 *
Ed
 1e-07 1 1 0
1  179 0 0 6.61617144482963
2  418 93 0 0 6.61617144482963
2  419 92 0 0 6.61617144482963
0

0101000
+429 0 -404 0 *
Wi

0101100
-423 0 -421 24 +419 24 -417 0 -415 0 -413 0 +411 0 -409 27 +407 24 +405 29 
+403 0 -402 0 +427 0 *
Fa
0  0 93 0

0101000
+401 0 *
Ve
1.00000048665775e-07
-11.1600493833937 9.72977254701562 1.29999999999996
0 0

0101101
*
Ed
 1e-07 1 1 0
1  180 0 0 5.65380089015736
2  420 108 0 0 5.65380089015736
2  421 92 0 0 5.65380089015736
0

0101000
+399 0 -404 0 *
Ve
1.00000048665775e-07
-9.51460111620327 10.6797725470156 1.29999999999996
0 0

0101101
*
Ed
 1e-07 1 1 0
1  181 0 -7.60641736753187e-16 1.9
2  422 109 29 -7.60641736753187e-16 1.9
2  423 107 0 -7.60641736753187e-16 1.9
2  424 108 0 -7.60641736753187e-16 1.9
2  425 91 0 -7.60641736753187e-16 1.9
0

0101000
+397 0 -399 0 *
Ed
 1e-07 1 1 0
1  182 0 0 5.65380089015736
2  426 108 0 0 5.65380089015736
2  427 106 0 0 5.65380089015736
0

0101000
+406 0 -397 0 *
Wi

0101100
-398 0 -396 0 -395 0 +403 0 *
Fa
0  0 108 0

0101000
+394 0 *
Ve
1.50000001776357e-07
-7.51147367097487 7.21025403784439 1.3
0 0

0101101
*
Ed
 1.5e-07 1 1 0
1  183 0 0 2.6
2  428 103 24 0 2.6
2  429 104 29 0 2.6
2  430 106 0 0 2.6
0

0101000
+408 0 -392 0 *
Ed
 1e-07 1 1 0
1  184 0 3.5 7.5062548904568
2  431 104 0 3.5 7.5062548904568
2  432 109 0 3.5 7.5062548904568
2  433 91 30 3.5 7.5062548904568
2  434 106 30 3.5 7.5062548904568
0

0101000
+392 30 -397 30 *
Wi

0101100
-405 29 +391 0 +390 29 -395 0 *
Ve
1.00000003996803e-07
-11.5114736709749 14.1384572681199 2.18
0 0

0101101
*
Ed
 1e-07 1 1 0
1  185 0 0 6.28318530717959
2  435 110 0 0 6.28318530717959
2  436 106 0 0 6.28318530717959
0

0101000
+388 0 -388 0 *
Wi

0101100
-387 0 *
Fa
0  0 106 0

0101000
+389 0 +386 0 *
Ve
1.00000003972055e-07
-13.1569219381653 13.1884572681199 2.18
0 0

0101101
*
Ed
 1.00000003972055e-07 1 1 0
1  186 0 0.3 2.2
3  437 438CN 111 0 0.3 2.2
3  439 440C0 110 0 0.3 2.2
0

0101000
+388 0 -384 0 *
Ed
 1e-07 1 1 0
1  187 0 0 6.28318530717959
2  441 110 0 0 6.28318530717959
2  442 92 0 0 6.28318530717959
0

0101000
+384 0 -384 0 *
Wi

0101100
+383 0 +382 0 -383 0 +387 0 *
Fa
0  0 110 0

0101000
+381 0 *
Ve
1.50000002220446e-07
-2.48852632902512 10.1102540378444 1.3
0 0

0101101
*
Ed
 1e-07 1 1 0
1  188 0 1.9 7.7
2  443 103 0 1.9 7.7
2  444 86 0 1.9 7.7
2  445 91 25 1.9 7.7
0

0101000
+379 25 -392 25 *
Ed
 1.5e-07 1 1 0
1  189 0 0 2.6
2  446 103 24 0 2.6
2  447 101 27 0 2.6
2  448 102 0 0 2.6
0

0101000
+410 0 -379 0 *
Wi

0101100
-378 24 +391 0 +407 24 -377 0 *
Fa
0  1e-07 103 24

0101000
+376 0 *
Ve
1.00000048413872e-07
-4.49165377425352 13.5797725470156 1.29999999999996
0 0

0101101
*
Ed
 1e-07 1 1 0
1  190 0 3.5 7.5062548904568
2  449 101 0 3.5 7.5062548904568
2  450 112 0 3.5 7.5062548904568
2  451 91 28 3.5 7.5062548904568
2  452 102 28 3.5 7.5062548904568
0

0101000
+379 28 -374 28 *
Ed
 1e-07 1 1 0
1  191 0 0 5.65380089015736
2  453 100 0 0 5.65380089015736
2  454 102 0 0 5.65380089015736
0

0101000
+374 0 -412 0 *
Wi

0101100
-409 27 +377 0 +373 27 +372 0 *
Ve
1.00000004440892e-07
-6.48852632902512 17.0384572681199 2.18
0 0

0101101
*
Ed
 1e-07 1 1 0
1  192 0 0 6.28318530717959
2  455 110 0 0 6.28318530717959
2  456 102 0 0 6.28318530717959
0

0101000
+370 0 -370 0 *
Wi

0101100
+369 0 *
Fa
0  0 102 0

0101000
+371 0 +368 0 *
Ve
1.00000004440892e-07
-4.84307806183469 17.9884572681199 2.18
0 0

0101101
*
Ed
 1.00000004440892e-07 1 1 0
1  193 0 0.3 2.2
3  457 458CN 113 0 0.3 2.2
3  459 460C0 110 0 0.3 2.2
0

0101000
+366 0 -370 0 *
Ed
 1e-07 1 1 0
1  194 0 0 6.28318530717959
2  461 110 0 0 6.28318530717959
2  462 97 0 0 6.28318530717959
0

0101000
+366 0 -366 0 *
Wi

0101100
+365 0 +369 0 -365 0 +364 0 *
Fa
0  0 110 0

0101000
+363 0 *
Ve
1.00000048413872e-07
-2.84620550706309 14.5297725470156 1.29999999999996
0 0

0101101
*
Ed
 1e-07 1 1 0
1  195 0 0 5.65380089015736
2  463 100 0 0 5.65380089015736
2  464 97 0 0 5.65380089015736
0

0101000
+414 0 -361 0 *
Ed
 1e-07 1 1 0
1  196 0 8.5433378002394e-18 1.9
2  465 112 27 8.5433378002394e-18 1.9
2  466 99 0 8.5433378002394e-18 1.9
2  467 100 0 8.5433378002394e-18 1.9
2  468 91 0 8.5433378002394e-18 1.9
0

0101000
+361 0 -374 0 *
Wi

0101100
-360 0 +411 0 -372 0 -359 0 *
Fa
0  0 100 0

0101000
+358 0 *
Ve
1.50000000400297e-07
0.606217782649108 8.55 1.3
0 0

0101101
*
Ed
 1.5e-07 1 1 0
1  197 0 -2.65 -0.0499999999999998
2  469 94 24 -2.65 -0.0499999999999998
2  470 95 26 -2.65 -0.0499999999999998
2  471 96 0 -2.65 -0.0499999999999998
2  472 97 0 -2.65 -0.0499999999999998
0

0101000
+356 0 -416 0 *
Ed
 1e-07 1 1 0
1  198 0 0 6.9048465794244
2  473 91 0 0 6.9048465794244
2  474 97 0 0 6.9048465794244
0

0101000
+356 0 -361 0 *
Wi

0101100
-355 0 +354 0 -360 0 +413 0 *
Wi

0101100
-364 0 *
Fa
0  0 97 0

0101000
+353 0 +352 0 *
Ve
1e-07
0.252404735808356 7.93717782649107 1.4
0 0

0101101
*
Ve
1.00000013145716e-07
1.36406425777404 9.86262859925337 1.39999999999999
0 0

0101101
*
Ed
 1e-07 1 1 0
1  199 0 0 2.22331904393137
2  475 95 0 0 2.22331904393137
2  476 114 0 0 2.22331904393137
2  477 96 31 0 2.22331904393137
0

0101000
+350 31 -349 31 *
Ve
1.00000141925937e-07
1.36406425777409 9.86262859925344 -1.40000000000012
0 0

0101101
*
Ed
 1e-07 1 1 0
1  200 0 0 5.65046142718006
2  478 115 0 0 5.65046142718006
2  479 96 0 0 5.65046142718006
0

0101000
+349 0 -347 0 *
Ve
1e-07
0.252404735808356 7.93717782649107 -1.4
0 0

0101101
*
Ed
 1e-07 1 1 0
1  201 0 0 2.22331904393146
2  480 95 0 0 2.22331904393146
2  481 116 0 0 2.22331904393146
2  482 96 31 0 2.22331904393146
0

0101000
+345 31 -347 31 *
Ed
 1e-07 1 1 0
1  202 0 0 0.0999999999999999
2  483 95 0 0 0.0999999999999999
2  484 117 0 0 0.0999999999999999
2  485 96 31 0 0.0999999999999999
0

0101000
+345 31 -418 31 *
Ve
1.50000000915513e-07
0.252404735808356 7.93717782649107 1.3
0 0

0101101
*
Ed
 1.5e-07 1 1 0
1  203 0 -0.879165124598851 -0.171539030917347
2  486 86 24 -0.879165124598851 -0.171539030917347
2  487 95 26 -0.879165124598851 -0.171539030917347
2  488 96 0 -0.879165124598851 -0.171539030917347
2  489 91 0 -0.879165124598851 -0.171539030917347
0

0101000
+356 0 -342 0 *
Ed
 1e-07 1 1 0
1  202 0 2.7 2.8
2  483 95 0 2.7 2.8
2  484 117 0 2.7 2.8
2  490 96 31 2.7 2.8
0

0101000
+342 31 -350 31 *
Wi

0101100
+348 26 +346 0 -344 26 +343 26 -415 0 -355 0 +341 0 +340 26 *
Ve
1.00000002391494e-07
3.50240473580836 13.5663429510899 2.18
0 0

0101101
*
Ed
 1e-07 1 1 0
1  204 0 0 6.28318530717959
2  491 29 0 0 6.28318530717959
2  492 96 0 0 6.28318530717959
0

0101000
+338 0 -338 0 *
Wi

0101100
+337 0 *
Fa
0  0 96 0

0101000
+339 0 +336 0 *
Ve
1.0000000227528e-07
4.80144284148501 12.8163429510899 2.18
0 0

0101101
*
Ed
 1.00000001986027e-07 1 1 0
1  205 0 0.3 1.8
3  493 494CN 118 0 0.3 1.8
3  495 496C0 29 0 0.3 1.8
0

0101000
+334 0 -338 0 *
Ed
 1e-07 1 1 0
1  206 0 0 6.28318530717959
2  497 29 0 0 6.28318530717959
2  498 119 0 0 6.28318530717959
0

0101000
+334 0 -334 0 *
Wi

0101100
+333 0 +337 0 -333 0 +332 0 *
Fa
0  0 29 0

0101000
+331 0 *
Ve
1e-07
1.55144284148501 7.18717782649107 -1.4
0 0

0101101
*
Ve
1.00000141925937e-07
2.66310236345074 9.11262859925344 -1.40000000000012
0 0

0101101
*
Ed
 1e-07 1 1 0
1  207 0 0 2.22331904393146
2  499 120 0 0 2.22331904393146
2  500 116 0 0 2.22331904393146
2  501 119 31 0 2.22331904393146
0

0101000
+329 31 -328 31 *
Ve
1e-07
1.55144284148501 7.18717782649107 1.4
0 0

0101101
*
Ed
 1e-07 1 1 0
1  208 0 0 2.8
2  502 117 0 0 2.8
2  503 120 0 0 2.8
2  504 119 31 0 2.8
0

0101000
-326 31 +329 31 *
Ve
1.0000001309122e-07
2.6631023634507 9.11262859925337 1.39999999999999
0 0

0101101
*
Ed
 1e-07 1 1 0
1  209 0 0 2.22331904393137
2  505 120 0 0 2.22331904393137
2  506 114 0 0 2.22331904393137
2  507 119 31 0 2.22331904393137
0

0101000
+326 31 -324 31 *
Ed
 1e-07 1 1 0
1  210 0 0 5.65046142718006
2  508 115 0 0 5.65046142718006
2  509 119 0 0 5.65046142718006
0

0101000
+328 0 -324 0 *
Wi

0101100
-327 26 +325 26 +323 26 -322 0 *
Wi

0101100
-332 0 *
Fa
0  0 119 0

0101000
+321 0 +320 0 *
Ed
 1e-07 1 1 0
1  211 0 -9.33633317459588e-17 1.5
2  510 116 26 -9.33633317459588e-17 1.5
2  511 121 0 -9.33633317459588e-17 1.5
2  512 115 0 -9.33633317459588e-17 1.5
0

0101000
+328 0 -347 0 *
Ed
 1e-07 1 1 0
1  212 0 0 1.5
2  513 117 0 0 1.5
2  514 116 0 0 1.5
0

0101000
-345 31 +329 31 *
Wi

0101100
-344 26 +318 0 +327 26 -317 26 *
Fa
0  1e-07 116 26

0101000
+316 0 *
Ed
 1e-07 1 1 0
1  213 0 4.12205039113326e-16 1.5
2  515 114 26 4.12205039113326e-16 1.5
2  516 121 0 4.12205039113326e-16 1.5
2  517 115 0 4.12205039113326e-16 1.5
0

0101000
+324 0 -349 0 *
Wi

0101100
-322 0 +318 0 -346 0 -314 0 *
Fa
0  0 115 0

0101000
+313 0 *
Ed
 1e-07 1 1 0
1  214 0 0 1.5
2  518 117 0 0 1.5
2  519 114 0 0 1.5
0

0101000
-350 31 +326 31 *
Wi

0101100
-348 26 +314 0 +323 26 -311 26 *
Fa
0  1e-07 114 26

0101000
+310 0 *
Ve
1.50000000942055e-07
1.31384387633061 7.32435565298214 1.3
0 0

0101101
*
Ed
 1.5e-07 1 1 0
1  215 0 -2.65 -0.0499999999999998
2  520 94 24 -2.65 -0.0499999999999998
2  521 117 26 -2.65 -0.0499999999999998
0

0101000
+308 0 -420 0 *
Ed
 1e-07 1 1 0
1  216 0 0 1.22564434701786
2  522 91 0 0 1.22564434701786
0

0101000
+308 0 -342 0 *
Wi

0101100
-311 26 -325 26 +317 26 +343 26 +417 0 -307 0 +306 0 +340 26 *
Fa
0  1e-07 117 26

0101000
+305 0 *
Ve
1.50000000314018e-07
1.65692193816531 6.73012701892219 1.25
0 0

0101101
*
Ve
1e-07
1.65692193816531 6.73012701892219 1.3
0 0

0101101
*
Ed
 1e-07 1 1 0
1  217 0 2.55 2.6
2  523 83 0 2.55 2.6
2  524 94 0 2.55 2.6
0

0101000
+303 25 -302 25 *
Ve
1.5e-07
1.60937409759391 6.81248229458204 1.25
0 0

0101101
*
Ed
 1.5e-07 1 1 0
1  218 0 -2.5950956811428 -2.5
2  525 2 0 -2.5950956811428 -2.5
2  526 94 24 -2.5950956811428 -2.5
0

0101000
+300 0 -303 0 *
Ve
1.5e-07
1.60937409759391 6.81248229458204 -1.25
0 0

0101101
*
Ed
 1e-07 1 1 0
1  219 0 0 2.5
2  527 1 0 0 2.5
2  528 94 24 0 2.5
0

0101000
+298 0 -300 0 *
Ve
1.50000000222045e-07
1.65692193816531 6.73012701892219 -1.25
0 0

0101101
*
Ed
 1.5e-07 1 1 0
1  220 0 -2.5950956811428 -2.5
2  529 4 0 -2.5950956811428 -2.5
2  530 94 24 -2.5950956811428 -2.5
0

0101000
+298 0 -296 0 *
Ed
 1e-07 1 1 0
1  217 0 0 0.05
2  523 83 0 0 0.05
2  524 94 0 0 0.05
0

0101000
+422 25 -296 25 *
Ed
 1e-07 1 1 0
1  221 0 0 0.686156123669389
2  531 94 0 0 0.686156123669389
2  532 86 0 0 0.686156123669389
2  533 91 25 0 0.686156123669389
0

0101000
+302 25 -308 25 *
Wi

0101100
+301 24 +299 0 +297 0 -295 0 +294 24 -419 24 +307 0 +293 24 *
Fa
0  1e-07 94 24

0101000
+292 0 *
Ve
1.50000001110223e-07
1.92297403783945 6.7306887351738 1.25
0 0

0101101
*
Ed
 1e-07 1 1 0
1  1 0 1.29250764104392 1.33881052075073
2  1 1 0 1.29250764104392 1.33881052075073
2  2 2 0 1.29250764104392 1.33881052075073
0

0101000
+290 0 -300 0 *
Ve
1.50000001110223e-07
1.92297403783945 6.7306887351738 -1.25
0 0

0101101
*
Ed
 1e-07 1 1 0
1  3 0 1.29250764104392 1.33881052075073
2  5 1 0 1.29250764104392 1.33881052075073
2  6 4 0 1.29250764104392 1.33881052075073
0

0101000
+288 0 -298 0 *
Ed
 1e-07 1 1 0
1  222 0 0 2.5
2  534 1 0 0 2.5
2  535 122 1 0 2.5
0

0101000
+288 0 -290 0 *
Wi

0101100
-289 0 +297 0 +287 0 -286 0 *
Fa
0  1e-07 1 0

0101000
+285 0 *
Ve
1e-07
1.77775681356646 6.47916512459885 2.25
0 0

0101101
*
Ve
1.00000008260537e-07
2.93374849446859 8.4814014490483 2.25
0 0

0101101
*
Ed
 1e-07 1 1 0
1  223 0 0 2.31198336180427
2  536 122 0 0 2.31198336180427
2  537 123 0 0 2.31198336180427
0

0101000
+283 32 -282 32 *
Ve
1.50000000993014e-07
1.77775681356646 6.47916512459885 1.25
0 0

0101101
*
Ed
 1e-07 1 1 0
1  224 0 3.5 4.5
2  538 124 0 3.5 4.5
2  539 122 0 3.5 4.5
0

0101000
+280 32 -283 32 *
Ed
 1.5e-07 1 1 0
1  225 0 -3.54043444854598 -3.25
2  540 2 0 -3.54043444854598 -3.25
2  541 122 1 -3.54043444854598 -3.25
0

0101000
+290 0 -280 0 *
Ve
1.50000000993014e-07
1.77775681356646 6.47916512459885 -1.25
0 0

0101101
*
Ed
 1.5e-07 1 1 0
1  226 0 -3.54043444854598 -3.25
2  542 4 0 -3.54043444854598 -3.25
2  543 122 1 -3.54043444854598 -3.25
0

0101000
+288 0 -277 0 *
Ve
1e-07
1.77775681356646 6.47916512459885 -2.25
0 0

0101101
*
Ed
 1e-07 1 1 0
1  224 0 0 1
2  538 124 0 0 1
2  539 122 0 0 1
0

0101000
+275 32 -277 32 *
Ve
1.0000000536595e-07
2.93374849446859 8.4814014490483 -2.25
0 0

0101101
*
Ed
 1e-07 1 1 0
1  227 0 0 2.31198336180427
2  544 122 0 0 2.31198336180427
2  545 125 0 0 2.31198336180427
0

0101000
+275 32 -273 32 *
Ed
 1e-07 1 1 0
1  228 0 4.2649119985733 5.15986596219608
2  546 122 1 4.2649119985733 5.15986596219608
2  547 126 0 4.2649119985733 5.15986596219608
0

0101000
+273 0 -282 0 *
Wi

0101100
+281 1 +279 1 +278 0 +286 0 -276 0 +274 1 -272 1 -271 0 *
Fa
0  1e-07 122 1

0101000
+270 0 *
Ve
1.00000000888178e-07
5.87823486733568 6.7814014490483 -2.25
0 0

0101101
*
Ed
 1e-07 1 1 0
1  229 0 0.500000000000001 3.9
2  548 125 1 0.500000000000001 3.9
2  549 126 0 0.500000000000001 3.9
0

0101000
+268 0 -273 0 *
Ve
1.0000000153837e-07
5.87823486733568 6.7814014490483 2.25
0 0

0101101
*
Ed
 1e-07 1 1 0
1  230 0 0.500000000000001 3.9
2  550 123 1 0.500000000000001 3.9
2  551 126 0 0.500000000000001 3.9
0

0101000
+266 0 -282 0 *
Ed
 1e-07 1 1 0
1  231 0 4.2649119985733 5.15986596219608
2  552 3 1 4.2649119985733 5.15986596219608
2  553 126 0 4.2649119985733 5.15986596219608
0

0101000
+268 0 -266 0 *
Wi

0101100
-267 0 -271 0 +265 0 +264 0 *
Fa
0  1e-07 126 0

0101000
+263 0 *
Ve
1e-07
4.72224318643355 4.77916512459885 -2.25
0 0

0101101
*
Ed
 1e-07 1 1 0
1  232 0 0 2.31198336180427
2  554 3 0 0 2.31198336180427
2  555 125 0 0 2.31198336180427
0

0101000
+261 32 -268 32 *
Ed
 1e-07 1 1 0
1  233 0 0 3.4
2  556 124 0 0 3.4
2  557 125 0 0 3.4
0

0101000
-275 32 +261 32 *
Wi

0101100
-272 1 +267 0 +260 1 -259 1 *
Fa
0  1e-07 125 1

0101000
+258 0 *
Ve
1.5e-07
4.72224318643355 4.77916512459885 -1.25
0 0

0101101
*
Ed
 1e-07 1 1 0
1  234 0 0 1
2  558 3 0 0 1
2  559 124 0 0 1
0

0101000
+261 32 -256 32 *
Ed
 1.5e-07 1 1 0
1  235 0 -0.85 2.55
2  560 4 0 -0.85 2.55
2  561 124 1 -0.85 2.55
0

0101000
+256 0 -277 0 *
Wi

0101100
-255 1 -254 0 +274 1 +259 1 *
Fa
0  1e-07 124 1

0101000
+253 0 *
Ve
1.5e-07
4.72224318643355 4.77916512459885 1.25
0 0

0101101
*
Ve
1e-07
4.72224318643355 4.77916512459885 2.25
0 0

0101101
*
Ed
 1e-07 1 1 0
1  234 0 3.5 4.5
2  558 3 0 3.5 4.5
2  559 124 0 3.5 4.5
0

0101000
+251 32 -250 32 *
Ed
 1e-07 1 1 0
1  236 0 0 3.4
2  562 124 0 0 3.4
2  563 123 0 0 3.4
0

0101000
-283 32 +250 32 *
Ed
 1.5e-07 1 1 0
1  237 0 -0.85 2.55
2  564 2 0 -0.85 2.55
2  565 124 1 -0.85 2.55
0

0101000
+251 0 -280 0 *
Wi

0101100
-249 1 -248 1 +279 1 +247 0 *
Fa
0  1e-07 124 1

0101000
+246 0 *
Ed
 1e-07 1 1 0
1  238 0 0 2.31198336180427
2  566 3 0 0 2.31198336180427
2  567 123 0 0 2.31198336180427
0

0101000
+250 32 -266 32 *
Wi

0101100
-281 1 +265 0 +244 1 -248 1 *
Fa
0  1e-07 123 1

0101000
+243 0 *
Ve
1.50000000915513e-07
-5 2.88675134594813 1.3
0 0

0101101
*
Ed
 1e-07 1 1 0
1  239 0 0 7.68675134594813
2  568 83 0 0 7.68675134594813
2  569 86 0 0 7.68675134594813
2  570 91 25 0 7.68675134594813
0

0101000
+302 25 -241 25 *
Ve
1.50000000628037e-07
-5 2.88675134594813 1.25
0 0

0101101
*
Ed
 1.5e-07 1 1 0
1  240 0 -2.7 -2.65
2  571 83 24 -2.7 -2.65
2  572 82 22 -2.7 -2.65
0

0101000
+241 0 -239 0 *
Ed
 1.5e-07 1 1 0
1  241 0 -2.4 5.28675134594813
2  573 2 0 -2.4 5.28675134594813
2  574 83 24 -2.4 5.28675134594813
0

0101000
+303 0 -239 0 *
Wi

0101100
-301 24 -240 24 -238 0 +237 0 *
Fa
0  1e-07 83 24

0101000
+236 0 *
Ve
1.50000000444089e-07
-5 2.88675134594813 -1.25
0 0

0101101
*
Ed
 1.5e-07 1 1 0
1  242 0 -2.4 5.28675134594813
2  575 4 0 -2.4 5.28675134594813
2  576 83 24 -2.4 5.28675134594813
0

0101000
+296 0 -234 0 *
Ed
 1.5e-07 1 1 0
1  243 0 -0.15 -0.0999999999999999
2  577 83 24 -0.15 -0.0999999999999999
2  578 82 22 -0.15 -0.0999999999999999
0

0101000
+234 0 -424 0 *
Wi

0101100
-294 24 -233 0 -232 0 +421 24 *
Fa
0  1e-07 83 24

0101000
+231 0 *
Ed
 1e-07 1 1 0
1  244 0 0 6.61617144482959
2  579 91 0 0 6.61617144482959
2  580 92 0 0 6.61617144482959
0

0101000
+399 0 -431 0 *
Wi

0101100
-428 0 -229 0 +398 0 -402 0 *
Wi

0101100
+382 0 *
Fa
0  0 92 0

0101000
+228 0 +227 0 *
Ed
 1.5e-07 1 1 0
1  245 0 -1.47831216351297 -0.365063509461097
2  581 86 24 -1.47831216351297 -0.365063509461097
2  582 82 22 -1.47831216351297 -0.365063509461097
2  583 91 0 -1.47831216351297 -0.365063509461097
0

0101000
+241 0 -433 0 *
Wi

0101100
-225 0 -240 24 +293 24 +306 0 -341 0 +354 0 +359 0 -373 27 +378 24 +390 29 
+396 0 +229 0 -430 0 *
Fa
0  0 91 0

0101000
+224 0 *
Ed
 1e-07 1 1 0
1  246 0 0 2
2  584 88 0 0 2
2  585 87 0 0 2
0

0101000
-437 23 +453 23 *
Wi

0101100
-450 22 +445 22 +436 22 -222 22 *
Ve
1.50000127009514e-07
-10 3.75 -1.4
0 0

0101101
*
Ve
1.50000000222045e-07
-10 3.75 1.4
0 0

0101101
*
Ed
 1e-07 1 1 0
1  247 0 0 2.8
2  586 127 0 0 2.8
2  587 88 22 0 2.8
0

0101000
+220 0 -219 0 *
Ve
1.50000127009514e-07
-10 2.25 -1.4
0 0

0101101
*
Ed
 1.5e-07 1 1 0
1  248 0 -0.624999999999999 0.875000000000001
2  588 128 33 -0.624999999999999 0.875000000000001
2  589 88 22 -0.624999999999999 0.875000000000001
0

0101000
+217 0 -220 0 *
Ve
1.50000000444089e-07
-10 2.25 1.4
0 0

0101101
*
Ed
 1e-07 1 1 0
1  249 0 0 2.8
2  590 129 0 0 2.8
2  591 88 22 0 2.8
0

0101000
+215 0 -217 0 *
Ed
 1.5e-07 1 1 0
1  250 0 -0.624999999999999 0.875000000000001
2  592 130 33 -0.624999999999999 0.875000000000001
2  593 88 22 -0.624999999999999 0.875000000000001
0

0101000
+215 0 -219 0 *
Wi

0101100
-218 0 -216 0 -214 0 +213 0 *
Fa
0  1e-07 88 22

0101000
+221 0 +212 0 *
Ve
1.00000008343679e-07
-10.2233190439314 2.25 1.39999999999999
0 0

0101101
*
Ed
 1e-07 1 1 0
1  251 0 2 2.22331904393138
2  594 131 0 2 2.22331904393138
2  595 130 0 2 2.22331904393138
2  596 129 34 2 2.22331904393138
0

0101000
+215 34 -210 34 *
Ve
1.00000008343679e-07
-10.2233190439314 3.75 1.39999999999999
0 0

0101101
*
Ed
 1e-07 1 1 0
1  252 0 -4.35081943503005e-31 1.5
2  597 130 33 -4.35081943503005e-31 1.5
2  598 132 0 -4.35081943503005e-31 1.5
2  599 133 0 -4.35081943503005e-31 1.5
0

0101000
+208 0 -210 0 *
Ed
 1e-07 1 1 0
1  253 0 2 2.22331904393138
2  600 134 0 2 2.22331904393138
2  601 130 0 2 2.22331904393138
2  602 127 34 2 2.22331904393138
0

0101000
+219 34 -208 34 *
Wi

0101100
-209 33 +207 0 +206 33 +213 0 *
Fa
0  1e-07 130 33

0101000
+205 0 *
Ve
1.00000137702032e-07
-10.2233190439315 3.75 -1.40000000000011
0 0

0101101
*
Ed
 1e-07 1 1 0
1  254 0 0 5.65046142718006
2  603 133 0 0 5.65046142718006
2  604 127 0 0 5.65046142718006
0

0101000
+203 0 -208 0 *
Ve
1.00000137702032e-07
-10.2233190439315 2.25 -1.40000000000011
0 0

0101101
*
Ed
 1e-07 1 1 0
1  255 0 9.35426178531461e-30 1.5
2  605 128 33 9.35426178531461e-30 1.5
2  606 132 0 9.35426178531461e-30 1.5
2  607 133 0 9.35426178531461e-30 1.5
0

0101000
+203 0 -201 0 *
Ed
 1e-07 1 1 0
1  256 0 0 5.65046142718006
2  608 133 0 0 5.65046142718006
2  609 129 0 0 5.65046142718006
0

0101000
+210 0 -201 0 *
Wi

0101100
-202 0 +200 0 -199 0 -207 0 *
Fa
0  0 133 0

0101000
+198 0 *
Ed
 1e-07 1 1 0
1  257 0 2 2.22331904393146
2  610 131 0 2 2.22331904393146
2  611 128 0 2 2.22331904393146
2  612 129 34 2 2.22331904393146
0

0101000
+217 34 -201 34 *
Wi

0101100
+209 33 +199 0 -196 33 -214 0 *
Ve
1.00000001831027e-07
-14.5 2.25 2.18
0 0

0101101
*
Ed
 1e-07 1 1 0
1  258 0 0 6.28318530717959
2  613 135 0 0 6.28318530717959
2  614 129 0 0 6.28318530717959
0

0101000
+194 0 -194 0 *
Wi

0101100
+193 0 *
Fa
0  0 129 0

0101000
+195 0 +192 0 *
Ve
1.00000001831027e-07
-14.5 3.75 2.18
0 0

0101101
*
Ed
 1e-07 1 1 0
1  259 0 0.3 1.8
3  615 616CN 136 0 0.3 1.8
3  617 618C0 135 0 0.3 1.8
0

0101000
+190 0 -194 0 *
Ed
 1e-07 1 1 0
1  260 0 0 6.28318530717959
2  619 135 0 0 6.28318530717959
2  620 127 0 0 6.28318530717959
0

0101000
+190 0 -190 0 *
Wi

0101100
+189 0 +193 0 -189 0 +188 0 *
Fa
0  0 135 0

0101000
+187 0 *
Ed
 1e-07 1 1 0
1  261 0 2 2.22331904393146
2  621 134 0 2 2.22331904393146
2  622 128 0 2 2.22331904393146
2  623 127 34 2 2.22331904393146
0

0101000
+220 34 -203 34 *
Wi

0101100
-196 33 +200 0 +185 33 +216 0 *
Fa
0  1e-07 128 33

0101000
+184 0 *
Wi

0101100
-185 33 +218 0 +206 33 -202 0 *
Wi

0101100
-188 0 *
Fa
0  0 127 0

0101000
+182 0 +181 0 *
Ed
 1e-07 1 1 0
1  262 0 0 2
2  624 82 0 0 2
2  625 87 0 0 2
0

0101000
-435 23 +455 23 *
Wi

0101100
-222 0 -434 0 +179 0 +452 0 *
Fa
0  1e-07 87 0

0101000
+178 0 *
Ed
 1.5e-07 1 1 0
1  263 0 1 1.88675134594813
2  626 2 0 1 1.88675134594813
2  627 82 22 1 1.88675134594813
0

0101000
+457 0 -239 0 *
Wi

0101100
-454 22 -179 22 +432 22 +225 0 -238 0 +176 0 *
Fa
0  1e-07 82 22

0101000
+175 0 *
Ve
1e-07
-6.65692193816531 1.93012701892219 1.3
0 0

0101101
*
Ed
 1e-07 1 1 0
1  239 0 9.46025403784439 9.6
2  568 83 0 9.46025403784439 9.6
2  569 86 0 9.46025403784439 9.6
0

0101000
+461 25 -173 25 *
Ve
1.50000000942055e-07
-6.65692193816531 1.93012701892219 1.25
0 0

0101101
*
Ed
 1e-07 1 1 0
1  264 0 2.55 2.6
2  628 83 0 2.55 2.6
2  629 85 0 2.55 2.6
0

0101000
+171 25 -173 25 *
Ed
 1.5e-07 1 1 0
1  241 0 7.06025403784439 7.2
2  573 2 0 7.06025403784439 7.2
2  574 83 24 7.06025403784439 7.2
0

0101000
+459 0 -171 0 *
Wi

0101100
+458 0 -172 24 +170 24 +169 0 *
Fa
0  1e-07 83 24

0101000
+168 0 *
Ed
 1e-07 1 1 0
1  265 0 0 0.0806823688687053
2  630 85 0 0 0.0806823688687053
2  631 86 0 0 0.0806823688687053
0

0101000
+173 25 -463 25 *
Wi

0101100
-166 24 +460 0 -172 24 *
Fa
0  1e-07 86 24

0101000
+165 0 *
Ed
 1.5e-07 1 1 0
1  266 0 -2.58068236886871 -2.5
2  632 2 0 -2.58068236886871 -2.5
2  633 85 24 -2.58068236886871 -2.5
0

0101000
+465 0 -171 0 *
Wi

0101100
+170 24 +163 0 +462 0 +166 24 *
Fa
0  1e-07 85 24

0101000
+162 0 *
Ve
1.50000000915513e-07
-6.65692193816531 1.93012701892219 -1.25
0 0

0101101
*
Ed
 1.5e-07 1 1 0
1  267 0 -2.58068236886871 -2.5
2  634 4 0 -2.58068236886871 -2.5
2  635 85 24 -2.58068236886871 -2.5
0

0101000
+468 0 -160 0 *
Ve
1e-07
-6.65692193816531 1.93012701892219 -1.3
0 0

0101101
*
Ed
 1e-07 1 1 0
1  264 0 0 0.05
2  628 83 0 0 0.05
2  629 85 0 0 0.05
0

0101000
+158 25 -160 25 *
Ed
 1e-07 1 1 0
1  268 0 0 0.0806823688687053
2  636 85 0 0 0.0806823688687053
2  637 84 0 0 0.0806823688687053
0

0101000
+158 25 -470 25 *
Wi

0101100
+467 0 -159 0 +157 24 -156 24 *
Fa
0  1e-07 85 24

0101000
+155 0 *
Ed
 1e-07 1 1 0
1  169 0 9.46025403784439 9.6
2  386 83 0 9.46025403784439 9.6
2  387 84 0 9.46025403784439 9.6
0

0101000
+472 25 -158 25 *
Wi

0101100
-156 24 +469 0 -153 24 *
Fa
0  1e-07 84 24

0101000
+152 0 *
Ed
 1.5e-07 1 1 0
1  242 0 7.06025403784439 7.2
2  575 4 0 7.06025403784439 7.2
2  576 83 24 7.06025403784439 7.2
0

0101000
+474 0 -160 0 *
Wi

0101100
+471 0 -150 0 +157 24 +153 24 *
Fa
0  1e-07 83 24

0101000
+149 0 *
Ed
 1.5e-07 1 1 0
1  269 0 1 1.88675134594813
2  638 4 0 1 1.88675134594813
2  639 82 22 1 1.88675134594813
0

0101000
+476 0 -234 0 *
Wi

0101100
-475 22 -147 0 -232 0 -423 0 +438 22 +442 22 *
Fa
0  1e-07 82 22

0101000
+146 0 *
Ed
 1e-07 1 1 0
1  270 0 0 3.4
2  640 77 0 0 3.4
2  641 78 0 0 3.4
0

0101000
-513 21 +489 21 *
Wi

0101100
-510 20 +502 0 +487 20 -144 20 *
Fa
0  1e-07 78 20

0101000
+143 0 *
Ed
 1.5e-07 1 1 0
1  271 0 -0.85 2.55
2  642 4 0 -0.85 2.55
2  643 77 20 -0.85 2.55
0

0101000
+491 0 -515 0 *
Wi

0101100
-488 20 -141 0 +512 20 +144 20 *
Fa
0  1e-07 77 20

0101000
+140 0 *
Ed
 1e-07 1 1 0
1  272 0 0 3.4
2  644 77 0 0 3.4
2  645 76 0 0 3.4
0

0101000
-521 21 +499 21 *
Ed
 1.5e-07 1 1 0
1  273 0 -0.85 2.55
2  646 2 0 -0.85 2.55
2  647 77 20 -0.85 2.55
0

0101000
+497 0 -518 0 *
Wi

0101100
-496 20 -138 20 +517 20 +137 0 *
Fa
0  1e-07 77 20

0101000
+136 0 *
Wi

0101100
-519 20 +505 0 +498 20 -138 20 *
Fa
0  1e-07 76 20

0101000
+134 0 *
Ve
1.50000000222045e-07
-6.65692193816531 -1.93012701892219 -1.25
0 0

0101101
*
Ed
 1.5e-07 1 1 0
1  274 0 -2.58068236886871 -2.5
2  648 4 0 -2.58068236886871 -2.5
2  649 68 12 -2.58068236886871 -2.5
0

0101000
+563 0 -132 0 *
Ve
1e-07
-6.65692193816531 -1.93012701892219 -1.3
0 0

0101101
*
Ed
 1e-07 1 1 0
1  126 0 0 0.05
2  300 51 0 0 0.05
2  301 68 0 0 0.05
0

0101000
+130 13 -132 13 *
Ed
 1e-07 1 1 0
1  275 0 0 0.0806823688687096
2  650 68 0 0 0.0806823688687096
2  651 60 0 0 0.0806823688687096
0

0101000
+130 13 -565 13 *
Wi

0101100
-562 0 -131 0 +129 12 -128 12 *
Fa
0  1e-07 68 12

0101000
+127 0 *
Ed
 1e-07 1 1 0
1  276 0 0 0.139745962155619
2  652 51 0 0 0.139745962155619
2  653 60 0 0 0.139745962155619
0

0101000
+130 13 -567 13 *
Wi

0101100
-564 0 +128 12 -125 12 *
Fa
0  1e-07 60 12

0101000
+124 0 *
Ed
 1.5e-07 1 1 0
1  277 0 -2.4 -2.26025403784438
2  654 4 0 -2.4 -2.26025403784438
2  655 51 12 -2.4 -2.26025403784438
0

0101000
+132 0 -569 0 *
Wi

0101100
-129 12 -122 0 -566 0 +125 12 *
Fa
0  1e-07 51 12

0101000
+121 0 *
Ed
 1e-07 1 1 0
1  278 0 0 2
2  656 72 0 0 2
2  657 73 0 0 2
0

0101000
-548 19 +593 19 *
Wi

0101100
-119 0 -547 0 +582 0 +590 0 *
Fa
0  1e-07 73 0

0101000
+118 0 *
Ed
 1e-07 1 1 0
1  279 0 0 2
2  658 72 0 0 2
2  659 71 0 0 2
0

0101000
-546 19 +595 19 *
Wi

0101100
-592 18 +116 18 +545 18 -119 18 *
Ve
1.5000012701029e-07
-10 -2.25 -1.4
0 0

0101101
*
Ve
1.50000000496507e-07
-10 -2.25 1.4
0 0

0101101
*
Ed
 1e-07 1 1 0
1  280 0 0 2.8
2  660 137 0 0 2.8
2  661 72 18 0 2.8
0

0101000
+114 0 -113 0 *
Ve
1.5000012701029e-07
-10 -3.75 -1.4
0 0

0101101
*
Ed
 1.5e-07 1 1 0
1  281 0 -0.624999999999999 0.875000000000001
2  662 138 35 -0.624999999999999 0.875000000000001
2  663 72 18 -0.624999999999999 0.875000000000001
0

0101000
+111 0 -114 0 *
Ve
1.50000000496507e-07
-10 -3.75 1.4
0 0

0101101
*
Ed
 1e-07 1 1 0
1  282 0 0 2.8
2  664 139 0 0 2.8
2  665 72 18 0 2.8
0

0101000
+109 0 -111 0 *
Ed
 1.5e-07 1 1 0
1  283 0 -0.624999999999999 0.875000000000001
2  666 140 35 -0.624999999999999 0.875000000000001
2  667 72 18 -0.624999999999999 0.875000000000001
0

0101000
+109 0 -113 0 *
Wi

0101100
-112 0 -110 0 -108 0 +107 0 *
Fa
0  1e-07 72 18

0101000
+115 0 +106 0 *
Ve
1.00000008343679e-07
-10.2233190439314 -3.75 1.39999999999999
0 0

0101101
*
Ed
 1e-07 1 1 0
1  284 0 2 2.22331904393138
2  668 141 0 2 2.22331904393138
2  669 140 0 2 2.22331904393138
2  670 139 36 2 2.22331904393138
0

0101000
+109 36 -104 36 *
Ve
1.00000008343679e-07
-10.2233190439314 -2.25 1.39999999999999
0 0

0101101
*
Ed
 1e-07 1 1 0
1  285 0 -4.35081943503005e-31 1.5
2  671 140 35 -4.35081943503005e-31 1.5
2  672 142 0 -4.35081943503005e-31 1.5
2  673 143 0 -4.35081943503005e-31 1.5
0

0101000
+102 0 -104 0 *
Ed
 1e-07 1 1 0
1  286 0 2 2.22331904393138
2  674 144 0 2 2.22331904393138
2  675 140 0 2 2.22331904393138
2  676 137 36 2 2.22331904393138
0

0101000
+113 36 -102 36 *
Wi

0101100
-103 35 +101 0 +100 35 +107 0 *
Fa
0  1e-07 140 35

0101000
+99 0 *
Ve
1.00000137702032e-07
-10.2233190439315 -2.25 -1.40000000000011
0 0

0101101
*
Ed
 1e-07 1 1 0
1  287 0 0 5.65046142718006
2  677 143 0 0 5.65046142718006
2  678 137 0 0 5.65046142718006
0

0101000
+97 0 -102 0 *
Ve
1.00000137702032e-07
-10.2233190439315 -3.75 -1.40000000000011
0 0

0101101
*
Ed
 1e-07 1 1 0
1  288 0 9.35426178531461e-30 1.5
2  679 138 35 9.35426178531461e-30 1.5
2  680 142 0 9.35426178531461e-30 1.5
2  681 143 0 9.35426178531461e-30 1.5
0

0101000
+97 0 -95 0 *
Ed
 1e-07 1 1 0
1  289 0 0 5.65046142718006
2  682 143 0 0 5.65046142718006
2  683 139 0 0 5.65046142718006
0

0101000
+104 0 -95 0 *
Wi

0101100
-96 0 +94 0 -93 0 -101 0 *
Fa
0  0 143 0

0101000
+92 0 *
Ed
 1e-07 1 1 0
1  290 0 2 2.22331904393146
2  684 141 0 2 2.22331904393146
2  685 138 0 2 2.22331904393146
2  686 139 36 2 2.22331904393146
0

0101000
+111 36 -95 36 *
Wi

0101100
+103 35 +93 0 -90 35 -108 0 *
Ve
1.00000001831027e-07
-14.5 -3.75 2.18
0 0

0101101
*
Ed
 1e-07 1 1 0
1  291 0 0 6.28318530717959
2  687 135 0 0 6.28318530717959
2  688 139 0 0 6.28318530717959
0

0101000
+88 0 -88 0 *
Wi

0101100
+87 0 *
Fa
0  0 139 0

0101000
+89 0 +86 0 *
Ve
1.00000001776357e-07
-14.5 -2.25 2.18
0 0

0101101
*
Ed
 1.00000001776357e-07 1 1 0
1  292 0 0.3 1.8
3  689 690CN 145 0 0.3 1.8
3  691 692C0 135 0 0.3 1.8
0

0101000
+84 0 -88 0 *
Ed
 1e-07 1 1 0
1  293 0 0 6.28318530717959
2  693 135 0 0 6.28318530717959
2  694 137 0 0 6.28318530717959
0

0101000
+84 0 -84 0 *
Wi

0101100
+83 0 +87 0 -83 0 +82 0 *
Fa
0  0 135 0

0101000
+81 0 *
Ed
 1e-07 1 1 0
1  294 0 2 2.22331904393146
2  695 144 0 2 2.22331904393146
2  696 138 0 2 2.22331904393146
2  697 137 36 2 2.22331904393146
0

0101000
+114 36 -97 36 *
Wi

0101100
-90 35 +94 0 +79 35 +110 0 *
Fa
0  1e-07 138 35

0101000
+78 0 *
Wi

0101100
-79 35 +112 0 +100 35 -96 0 *
Wi

0101100
-82 0 *
Fa
0  0 137 0

0101000
+76 0 +75 0 *
Ed
 1e-07 1 1 0
1  295 0 0 2
2  698 70 0 0 2
2  699 71 0 0 2
0

0101000
-572 19 +598 19 *
Wi

0101100
-116 0 -544 0 +73 0 +594 0 *
Fa
0  1e-07 71 0

0101000
+72 0 *
Ve
1.50000000444089e-07
-5 -2.88675134594813 -1.3
0 0

0101101
*
Ed
 1.5e-07 1 1 0
1  296 0 -1.0349364905389 0.0783121635129678
2  700 60 12 -1.0349364905389 0.0783121635129678
2  701 70 18 -1.0349364905389 0.0783121635129678
2  702 50 0 -1.0349364905389 0.0783121635129678
0

0101000
+597 0 -70 0 *
Ve
1.5e-07
-5 -2.88675134594813 -1.25
0 0

0101101
*
Ed
 1.5e-07 1 1 0
1  297 0 0.0999999999999999 0.15
2  703 51 12 0.0999999999999999 0.15
2  704 70 18 0.0999999999999999 0.15
0

0101000
+70 0 -68 0 *
Ed
 1.5e-07 1 1 0
1  298 0 -0.886751345948128 0
2  705 4 0 -0.886751345948128 0
2  706 70 18 -0.886751345948128 0
0

0101000
+68 0 -571 0 *
Wi

0101100
-596 18 -69 0 -67 0 -66 0 +570 18 +73 18 *
Fa
0  1e-07 70 18

0101000
+65 0 *
Ed
 1e-07 1 1 0
1  299 0 -8.24410078226647e-16 1.9
2  707 63 16 -8.24410078226647e-16 1.9
2  708 146 0 -8.24410078226647e-16 1.9
2  709 65 0 -8.24410078226647e-16 1.9
2  710 50 0 -8.24410078226647e-16 1.9
0

0101000
+604 0 -624 0 *
Ed
 1e-07 1 1 0
1  300 0 -1.42792014176041e-15 1.9
2  711 64 16 -1.42792014176041e-15 1.9
2  712 146 0 -1.42792014176041e-15 1.9
2  713 65 0 -1.42792014176041e-15 1.9
2  714 48 0 -1.42792014176041e-15 1.9
0

0101000
+606 0 -622 0 *
Wi

0101100
-603 0 +63 0 -620 0 -62 0 *
Fa
0  0 65 0

0101000
+61 0 *
Ed
 1e-07 1 1 0
1  127 0 1.91324865405187 9.6
2  302 51 0 1.91324865405187 9.6
2  303 59 0 1.91324865405187 9.6
2  715 48 13 1.91324865405187 9.6
0

0101000
+577 13 -665 13 *
Ed
 1.5e-07 1 1 0
1  128 0 -0.486751345948128 7.2
2  304 2 0 -0.486751345948128 7.2
2  305 51 12 -0.486751345948128 7.2
0

0101000
+579 0 -655 0 *
Wi

0101100
-576 0 -59 12 +653 12 +58 0 *
Fa
0  1e-07 51 12

0101000
+57 0 *
Ed
 1.5e-07 1 1 0
1  277 0 -0.486751345948128 7.2
2  654 4 0 -0.486751345948128 7.2
2  655 51 12 -0.486751345948128 7.2
0

0101000
+68 0 -658 0 *
Ed
 1e-07 1 1 0
1  276 0 1.91324865405187 9.6
2  652 51 0 1.91324865405187 9.6
2  653 60 0 1.91324865405187 9.6
2  716 50 13 1.91324865405187 9.6
0

0101000
+70 13 -660 13 *
Wi

0101100
-67 0 -55 0 +657 12 +54 12 *
Fa
0  1e-07 51 12

0101000
+53 0 *
Ed
 1e-07 1 1 0
1  301 0 -8.24410078226647e-16 1.9
2  717 56 14 -8.24410078226647e-16 1.9
2  718 147 0 -8.24410078226647e-16 1.9
2  719 49 0 -8.24410078226647e-16 1.9
2  720 50 0 -8.24410078226647e-16 1.9
0

0101000
+641 0 -662 0 *
Wi

0101100
-54 12 -69 0 -586 0 -602 0 +63 0 -623 16 +628 12 +640 14 +51 0 +659 0 
*
Fa
0  0 50 0

0101000
+50 0 *
Ed
 1e-07 1 1 0
1  302 0 1.10450007346444e-16 1.9
2  721 58 14 1.10450007346444e-16 1.9
2  722 147 0 1.10450007346444e-16 1.9
2  723 49 0 1.10450007346444e-16 1.9
2  724 48 0 1.10450007346444e-16 1.9
0

0101000
+637 0 -664 0 *
Wi

0101100
-635 0 +51 0 -661 0 -48 0 *
Fa
0  0 49 0

0101000
+47 0 *
Wi

0101100
-663 0 -59 12 -575 0 +587 0 +605 0 +62 0 -621 16 +630 12 +636 14 +48 0 
*
Fa
0  0 48 0

0101000
+45 0 *
Ed
 1e-07 1 1 0
1  303 0 0 3.4
2  725 42 0 0 3.4
2  726 43 0 0 3.4
0

0101000
-701 11 +677 11 *
Wi

0101100
-698 10 -690 0 +675 10 -43 10 *
Fa
0  1e-07 43 10

0101000
+42 0 *
Ed
 1.5e-07 1 1 0
1  304 0 -0.85 2.55
2  727 4 0 -0.85 2.55
2  728 42 10 -0.85 2.55
0

0101000
+679 0 -703 0 *
Wi

0101100
-676 10 -40 0 +700 10 +43 10 *
Fa
0  1e-07 42 10

0101000
+39 0 *
Ed
 1e-07 1 1 0
1  305 0 0 3.4
2  729 42 0 0 3.4
2  730 41 0 0 3.4
2  731 148 43 0 3.4
0

0101000
-709 11 +687 11 *
Ed
 1.5e-07 1 1 0
1  306 0 -0.85 2.55
2  732 2 0 -0.85 2.55
2  733 42 10 -0.85 2.55
0

0101000
+685 0 -706 0 *
Wi

0101100
-684 10 -37 10 +705 10 +36 0 *
Fa
0  1e-07 42 10

0101000
+35 0 *
Wi

0101100
-707 10 -693 0 +686 10 -37 10 *
Fa
0  1e-07 41 10

0101000
+33 0 *
Ed
 1e-07 1 1 0
1  307 0 0 1.22564434701786
0

0101000
+849 0 -814 0 *
Wi

0101100
-813 4 +786 4 +794 4 -780 4 -809 4 -824 0 +846 0 +31 0 *
Fa
0  1e-07 8 4

0101000
+30 0 *
Ed
 1e-07 1 1 0
1  308 0 0 9.6
2  734 6 0 0 9.6
2  735 7 0 0 9.6
0

0101000
-851 3 +730 3 *
Wi

0101100
-848 2 -28 2 +729 0 +733 0 -747 5 +752 2 +758 7 +762 0 -775 0 +811 0 
-31 0 *
Fa
0  0 149 0

0101000
+27 0 *
Ed
 1.5e-07 1 1 0
1  309 0 -2.4 7.2
2  736 4 0 -2.4 7.2
2  737 6 2 -2.4 7.2
0

0101000
+728 0 -853 0 *
Wi

0101100
-727 2 -25 0 +850 2 +28 2 *
Fa
0  1e-07 6 2

0101000
+24 0 *
Ed
 1.5e-07 1 1 0
1  310 0 -2.4 7.2
2  738 2 0 -2.4 7.2
2  739 6 2 -2.4 7.2
0

0101000
+722 0 -857 0 *
Wi

0101100
-720 2 -841 2 +855 2 +22 0 *
Fa
0  1e-07 6 2

0101000
+21 0 *
Ed
 1.5e-07 1 1 0
1  311 0 -3.54043444854598 -3.25
2  740 4 0 -3.54043444854598 -3.25
2  741 3 1 -3.54043444854598 -3.25
0

0101000
+864 0 -256 0 *
Wi

0101100
-852 0 +25 0 +725 0 +713 0 -702 0 +40 0 +678 0 +669 0 -656 0 +55 0 
-66 0 -568 0 +122 0 +131 0 -560 0 +525 0 -514 0 +141 0 +490 0 +481 0 
+466 0 -159 0 +150 0 +473 0 -147 0 +233 0 +295 0 +287 0 -276 0 +254 0 
+19 0 +861 0 *
Ve
1.00000000869499e-07
3.55 -8.69499227394621e-16 -1.25
0 0

0101101
*
Ed
 1e-07 1 1 0
1  312 0 0 6.28318530717959
2  742 4 0 0 6.28318530717959
2  743 150 0 0 6.28318530717959
0

0101100
+17 0 -17 0 *
Wi

0101100
-16 0 *
Fa
0  1e-07 4 0

0101000
+18 0 +15 0 *
Ve
1.00000000869499e-07
3.55 -8.69499227394621e-16 1.25
0 0

0101101
*
Ed
 1e-07 1 1 0
1  313 0 0 6.28318530717959
2  744 2 0 0 6.28318530717959
2  745 150 0 0 6.28318530717959
0

0101100
+13 0 -13 0 *
Ed
 1e-07 1 1 0
1  314 0 0.2 2.7
3  746 747CN 150 0 0.2 2.7
0

0101000
+17 0 -13 0 *
Wi

0101100
-12 0 +11 0 +16 0 -11 0 *
Fa
0  1e-07 150 0

0101000
+10 0 *
Ed
 1.5e-07 1 1 0
1  315 0 -3.54043444854598 -3.25
2  748 2 0 -3.54043444854598 -3.25
2  749 3 1 -3.54043444854598 -3.25
0

0101000
+866 0 -251 0 *
Wi

0101100
+244 1 +249 1 +8 0 +863 0 -19 0 +255 1 -260 1 -264 0 *
Fa
0  1e-07 3 1

0101000
+7 0 *
Wi

0101100
-854 0 +22 0 +721 0 +715 0 -704 0 +36 0 +682 0 +671 0 -654 0 +58 0 
-578 0 -549 0 +537 0 +531 0 -556 0 +527 0 -516 0 +137 0 +494 0 +483 0 
+464 0 -163 0 +169 0 +456 0 -176 0 +237 0 +299 0 +289 0 -278 0 +247 0 
+8 0 +865 0 *
Wi

0101100
-12 0 *
Fa
0  1e-07 2 0

0101000
+5 0 +4 0 *
Sh

0101100
+858 0 +843 0 +822 0 -804 0 -799 0 +788 0 -784 0 +781 0 +778 0 +770 0 
-765 0 +760 0 -754 0 +749 0 +741 0 -736 0 +731 0 -717 0 +710 0 +695 0 
-688 0 -673 0 +666 0 +648 0 -643 0 -632 0 +625 0 +615 0 -610 0 -599 0 
-584 0 +573 0 +542 0 -535 0 +532 0 -529 0 +522 0 +507 0 -500 0 -485 0 
+478 0 -447 0 -440 22 +425 0 -400 0 +393 0 -385 0 -380 0 +375 0 +367 0 
-362 0 +357 0 -351 0 +335 0 -330 0 -319 0 -315 0 +312 0 +309 0 -304 0 
-291 0 +284 0 +269 0 -262 0 -257 0 -252 0 -245 0 +242 0 -235 0 -230 0 
+226 0 +223 0 -211 0 +204 0 +197 0 +191 0 -186 0 -183 0 -180 0 +177 22 
+174 0 -167 0 +164 0 +161 0 +154 0 -151 0 -148 0 +145 0 -142 0 -139 0 
-135 0 +133 0 -126 0 -123 0 -120 0 +117 18 -105 0 +98 0 +91 0 +85 0 
-80 0 -77 0 -74 0 -71 18 +64 0 +60 0 -56 0 -52 0 -49 0 +46 0 
+44 0 -41 0 -38 0 -34 0 +32 0 -29 0 -26 0 -23 0 -20 0 -14 0 
-9 0 -6 0 +3 0 *
So

0100000
+2 0 *

+1 0 