ISO-10303-21;
HEADER;
FILE_DESCRIPTION(('Open CASCADE Model'),'2;1');
FILE_NAME('LEE_LHL_625D_12_CATALOG_DERIVED','2026-08-18T00:00:00',('STINGRAY DF8 WP02'),(
    'Open CASCADE'),'Open CASCADE STEP processor 7.9','Open CASCADE 7.9'
  ,'Unknown');
FILE_SCHEMA((
'AP242_MANAGED_MODEL_BASED_3D_ENGINEERING_MIM_LF {1 0 10303 442 1 1 4 }'
    ));
ENDSEC;
DATA;
#1 = APPLICATION_PROTOCOL_DEFINITION('international standard',
  'ap242_managed_model_based_3d_engineering',2013,#2);
#2 = APPLICATION_CONTEXT('Managed model based 3d engineering');
#3 = SHAPE_DEFINITION_REPRESENTATION(#4,#10);
#4 = PRODUCT_DEFINITION_SHAPE('','',#5);
#5 = PRODUCT_DEFINITION('design','',#6,#9);
#6 = PRODUCT_DEFINITION_FORMATION('','',#7);
#7 = PRODUCT('Open CASCADE STEP translator 7.9 3',
  'Open CASCADE STEP translator 7.9 3','',(#8));
#8 = PRODUCT_CONTEXT('',#2,'mechanical');
#9 = PRODUCT_DEFINITION_CONTEXT('part definition',#2,'design');
#10 = ADVANCED_BREP_SHAPE_REPRESENTATION('',(#11,#15),#4735);
#11 = AXIS2_PLACEMENT_3D('',#12,#13,#14);
#12 = CARTESIAN_POINT('',(0.,0.,0.));
#13 = DIRECTION('',(0.,0.,1.));
#14 = DIRECTION('',(1.,0.,-0.));
#15 = MANIFOLD_SOLID_BREP('',#16);
#16 = CLOSED_SHELL('',(#17,#4727,#4731));
#17 = ADVANCED_FACE('',(#18),#606,.F.);
#18 = FACE_BOUND('',#19,.F.);
#19 = EDGE_LOOP('',(#20,#4658,#4692,#4693));
#20 = ORIENTED_EDGE('',*,*,#21,.T.);
#21 = EDGE_CURVE('',#22,#24,#26,.T.);
#22 = VERTEX_POINT('',#23);
#23 = CARTESIAN_POINT('',(7.62,-9.436895709314E-16,1.525));
#24 = VERTEX_POINT('',#25);
#25 = CARTESIAN_POINT('',(2.503492718646,-7.197008003863,201.67500210129
    ));
#26 = SEAM_CURVE('',#27,(#605,#4651),.PCURVE_S1.);
#27 = ( BOUNDED_CURVE() B_SPLINE_CURVE(9,(#28,#29,#30,#31,#32,#33,#34,
    #35,#36,#37,#38,#39,#40,#41,#42,#43,#44,#45,#46,#47,#48,#49,#50,#51,
    #52,#53,#54,#55,#56,#57,#58,#59,#60,#61,#62,#63,#64,#65,#66,#67,#68,
    #69,#70,#71,#72,#73,#74,#75,#76,#77,#78,#79,#80,#81,#82,#83,#84,#85,
    #86,#87,#88,#89,#90,#91,#92,#93,#94,#95,#96,#97,#98,#99,#100,#101,
    #102,#103,#104,#105,#106,#107,#108,#109,#110,#111,#112,#113,#114,
    #115,#116,#117,#118,#119,#120,#121,#122,#123,#124,#125,#126,#127,
    #128,#129,#130,#131,#132,#133,#134,#135,#136,#137,#138,#139,#140,
    #141,#142,#143,#144,#145,#146,#147,#148,#149,#150,#151,#152,#153,
    #154,#155,#156,#157,#158,#159,#160,#161,#162,#163,#164,#165,#166,
    #167,#168,#169,#170,#171,#172,#173,#174,#175,#176,#177,#178,#179,
    #180,#181,#182,#183,#184,#185,#186,#187,#188,#189,#190,#191,#192,
    #193,#194,#195,#196,#197,#198,#199,#200,#201,#202,#203,#204,#205,
    #206,#207,#208,#209,#210,#211,#212,#213,#214,#215,#216,#217,#218,
    #219,#220,#221,#222,#223,#224,#225,#226,#227,#228,#229,#230,#231,
    #232,#233,#234,#235,#236,#237,#238,#239,#240,#241,#242,#243,#244,
    #245,#246,#247,#248,#249,#250,#251,#252,#253,#254,#255,#256,#257,
    #258,#259,#260,#261,#262,#263,#264,#265,#266,#267,#268,#269,#270,
    #271,#272,#273,#274,#275,#276,#277,#278,#279,#280,#281,#282,#283,
    #284,#285,#286,#287,#288,#289,#290,#291,#292,#293,#294,#295,#296,
    #297,#298,#299,#300,#301,#302,#303,#304,#305,#306,#307,#308,#309,
    #310,#311,#312,#313,#314,#315,#316,#317,#318,#319,#320,#321,#322,
    #323,#324,#325,#326,#327,#328,#329,#330,#331,#332,#333,#334,#335,
    #336,#337,#338,#339,#340,#341,#342,#343,#344,#345,#346,#347,#348,
    #349,#350,#351,#352,#353,#354,#355,#356,#357,#358,#359,#360,#361,
    #362,#363,#364,#365,#366,#367,#368,#369,#370,#371,#372,#373,#374,
    #375,#376,#377,#378,#379,#380,#381,#382,#383,#384,#385,#386,#387,
    #388,#389,#390,#391,#392,#393,#394,#395,#396,#397,#398,#399,#400,
    #401,#402,#403,#404,#405,#406,#407,#408,#409,#410,#411,#412,#413,
    #414,#415,#416,#417,#418,#419,#420,#421,#422,#423,#424,#425,#426,
    #427,#428,#429,#430,#431,#432,#433,#434,#435,#436,#437,#438,#439,
    #440,#441,#442,#443,#444,#445,#446,#447,#448,#449,#450,#451,#452,
    #453,#454,#455,#456,#457,#458,#459,#460,#461,#462,#463,#464,#465,
    #466,#467,#468,#469,#470,#471,#472,#473,#474,#475,#476,#477,#478,
    #479,#480,#481,#482,#483,#484,#485,#486,#487,#488,#489,#490,#491,
    #492,#493,#494,#495,#496,#497,#498,#499,#500,#501,#502,#503,#504,
    #505,#506,#507,#508,#509,#510,#511,#512,#513,#514,#515,#516,#517,
    #518,#519,#520,#521,#522,#523,#524,#525,#526,#527,#528,#529,#530,
    #531,#532,#533,#534,#535,#536,#537,#538,#539,#540,#541,#542,#543,
    #544,#545,#546,#547,#548,#549,#550,#551,#552,#553,#554,#555,#556,
    #557,#558,#559,#560,#561,#562,#563,#564,#565,#566,#567,#568,#569,
    #570,#571,#572,#573,#574,#575,#576,#577,#578,#579,#580,#581,#582,
    #583,#584,#585,#586,#587,#588,#589,#590,#591,#592,#593,#594,#595,
    #596,#597,#598,#599,#600,#601,#602,#603,#604),.UNSPECIFIED.,.F.,.F.)
 B_SPLINE_CURVE_WITH_KNOTS((10,9,9,9,9,9,9,9,9,9,9,9,9,9,9,9,9,9,9,9,9,9
    ,9,9,9,9,9,9,9,9,9,9,9,9,9,9,9,9,9,9,9,9,9,9,9,9,9,9,9,9,9,9,9,9,9,9
    ,9,9,9,9,9,9,9,9,10),(0.,5.396993153997,10.793986307995,
    16.190979461992,21.587972615989,26.984965769987,32.381958923984,
    37.778952077982,43.175945231979,48.572938385976,53.969931539974,
    59.366924693971,64.763917847968,70.160911001966,75.557904155963,
    80.95489730996,86.351890463958,91.748883617955,97.145876771953,
    102.54286992595,107.93986307994,113.33685623394,118.73384938794,
    124.13084254193,129.52783569593,134.92482884993,140.32182200393,
    145.71881515792,151.11580831192,156.51280146592,161.90979461992,
    167.30678777391,172.70378092791,178.10077408191,183.49776723591,
    188.8947603899,194.2917535439,199.6887466979,205.0857398519,
    210.48273300589,215.87972615989,221.27671931389,226.67371246788,
    232.07070562188,237.46769877588,242.86469192988,248.26168508387,
    253.65867823787,259.05567139187,264.45266454587,269.84965769986,
    275.24665085386,280.64364400786,286.04063716186,291.43763031585,
    296.83462346985,302.23161662385,307.62860977785,313.02560293184,
    318.42259608584,323.81958923984,329.21658239383,334.61357554783,
340.01056870183,345.40756185583),.PIECEWISE_BEZIER_KNOTS.) CURVE() 
GEOMETRIC_REPRESENTATION_ITEM() RATIONAL_B_SPLINE_CURVE((1.669078461068,
    1.669078461068,1.669078461068,1.669078461068,1.669078461068,
    1.669078461068,1.669078461068,1.669078461068,1.669078461068,
    1.669078461068,1.669078461068,1.669078461068,1.669078461068,
    1.669078461068,1.669078461068,1.669078461068,1.669078461068,
    1.669078461068,1.669078461068,1.669078461068,1.669078461068,
    1.669078461068,1.669078461068,1.669078461068,1.669078461068,
    1.669078461068,1.669078461068,1.669078461068,1.669078461068,
    1.669078461068,1.669078461068,1.669078461068,1.669078461068,
    1.669078461068,1.669078461068,1.669078461068,1.669078461068,
    1.669078461068,1.669078461068,1.669078461068,1.669078461068,
    1.669078461068,1.669078461068,1.669078461068,1.669078461068,
    1.669078461068,1.669078461068,1.669078461068,1.669078461068,
    1.669078461069,1.669078461068,1.669078461068,1.669078461068,
    1.669078461068,1.669078461068,1.669078461068,1.669078461068,
    1.669078461068,1.669078461069,1.669078461068,1.669078461069,
    1.669078461068,1.669078461068,1.669078461068,1.669078461068,
    1.669078461068,1.669078461068,1.669078461068,1.669078461068,
    1.669078461068,1.669078461068,1.669078461068,1.669078461068,
    1.669078461068,1.669078461068,1.669078461068,1.669078461069,
    1.669078461068,1.669078461068,1.669078461068,1.669078461068,
    1.669078461068,1.669078461068,1.669078461068,1.669078461068,
    1.669078461069,1.669078461068,1.669078461069,1.669078461068,
    1.669078461068,1.669078461068,1.669078461068,1.669078461068,
    1.669078461068,1.669078461068,1.669078461068,1.669078461068,
    1.669078461068,1.669078461068,1.669078461068,1.669078461068,
    1.669078461068,1.669078461068,1.669078461068,1.669078461068,
    1.669078461068,1.669078461068,1.669078461068,1.669078461068,
    1.669078461068,1.669078461068,1.669078461068,1.669078461069,
    1.669078461068,1.669078461069,1.669078461068,1.669078461068,
    1.669078461068,1.669078461068,1.669078461068,1.669078461068,
    1.669078461069,1.669078461068,1.669078461069,1.669078461068,
    1.669078461068,1.669078461068,1.669078461068,1.669078461068,
    1.669078461068,1.669078461069,1.669078461068,1.669078461069,
    1.669078461068,1.669078461068,1.669078461068,1.669078461068,
    1.669078461068,1.669078461068,1.669078461068,1.669078461068,
    1.669078461068,1.669078461068,1.669078461068,1.669078461068,
    1.669078461068,1.669078461068,1.669078461068,1.669078461068,
    1.669078461068,1.669078461068,1.669078461068,1.669078461068,
    1.669078461068,1.669078461068,1.669078461068,1.669078461068,
    1.669078461069,1.669078461068,1.669078461068,1.669078461068,
    1.669078461068,1.669078461068,1.669078461068,1.669078461068,
    1.669078461068,1.669078461068,1.669078461068,1.669078461068,
    1.669078461068,1.669078461068,1.669078461068,1.669078461068,
    1.669078461068,1.669078461068,1.669078461069,1.669078461068,
    1.669078461069,1.669078461068,1.669078461068,1.669078461068,
    1.669078461068,1.669078461068,1.669078461068,1.669078461068,
    1.669078461068,1.669078461068,1.669078461068,1.669078461068,
    1.669078461068,1.669078461068,1.669078461068,1.669078461068,
    1.669078461068,1.669078461068,1.669078461068,1.669078461068,
    1.669078461068,1.669078461068,1.669078461068,1.669078461068,
    1.669078461068,1.669078461068,1.669078461068,1.669078461068,
    1.669078461068,1.669078461068,1.669078461068,1.669078461068,
    1.669078461068,1.669078461068,1.669078461068,1.669078461068,
    1.669078461068,1.669078461068,1.669078461068,1.669078461068,
    1.669078461068,1.669078461068,1.669078461068,1.669078461069,
    1.669078461068,1.669078461069,1.669078461068,1.669078461068,
    1.669078461068,1.669078461068,1.669078461069,1.669078461068,
    1.669078461069,1.669078461068,1.669078461069,1.669078461068,
    1.669078461068,1.669078461068,1.669078461068,1.669078461068,
    1.669078461068,1.669078461068,1.669078461068,1.669078461068,
    1.669078461068,1.669078461068,1.669078461068,1.669078461068,
    1.669078461068,1.669078461068,1.669078461068,1.669078461068,
    1.669078461068,1.669078461068,1.669078461068,1.669078461068,
    1.669078461068,1.669078461068,1.669078461068,1.669078461069,
    1.669078461068,1.669078461069,1.669078461068,1.669078461068,
    1.669078461068,1.669078461068,1.669078461069,1.669078461068,
    1.669078461069,1.669078461068,1.669078461069,1.669078461068,
    1.669078461068,1.669078461068,1.669078461068,1.669078461068,
    1.669078461068,1.669078461068,1.669078461068,1.669078461068,
    1.669078461068,1.669078461068,1.669078461068,1.669078461068,
    1.669078461068,1.669078461068,1.669078461068,1.669078461068,
    1.669078461068,1.669078461068,1.669078461068,1.669078461068,
    1.669078461068,1.669078461068,1.669078461068,1.669078461068,
    1.669078461068,1.669078461068,1.669078461068,1.669078461068,
    1.669078461068,1.669078461068,1.669078461068,1.669078461068,
    1.669078461068,1.669078461068,1.669078461068,1.669078461068,
    1.669078461068,1.669078461068,1.669078461068,1.669078461068,
    1.669078461068,1.669078461068,1.669078461068,1.669078461068,
    1.669078461068,1.669078461068,1.669078461068,1.669078461068,
    1.669078461068,1.669078461068,1.669078461069,1.669078461068,
    1.669078461069,1.669078461068,1.669078461068,1.669078461068,
    1.669078461068,1.669078461069,1.669078461068,1.669078461069,
    1.669078461068,1.669078461069,1.669078461068,1.669078461068,
    1.669078461068,1.669078461068,1.669078461068,1.669078461068,
    1.669078461068,1.669078461068,1.669078461068,1.669078461068,
    1.669078461068,1.669078461068,1.669078461068,1.669078461068,
    1.669078461069,1.669078461068,1.669078461069,1.669078461068,
    1.669078461068,1.669078461068,1.669078461068,1.669078461068,
    1.669078461068,1.669078461068,1.669078461069,1.669078461068,
    1.669078461068,1.669078461068,1.669078461068,1.669078461068,
    1.669078461068,1.669078461069,1.669078461068,1.669078461069,
    1.669078461068,1.669078461069,1.669078461068,1.669078461068,
    1.669078461068,1.669078461068,1.669078461068,1.669078461068,
    1.669078461068,1.669078461068,1.669078461068,1.669078461068,
    1.669078461068,1.669078461068,1.669078461068,1.669078461068,
    1.669078461068,1.669078461068,1.669078461068,1.669078461068,
    1.669078461068,1.669078461068,1.669078461068,1.669078461068,
    1.669078461068,1.669078461068,1.669078461068,1.669078461068,
    1.669078461068,1.669078461068,1.669078461068,1.669078461068,
    1.669078461068,1.669078461068,1.669078461068,1.669078461068,
    1.669078461068,1.669078461068,1.669078461068,1.669078461068,
    1.669078461068,1.669078461068,1.669078461068,1.669078461069,
    1.669078461068,1.669078461069,1.669078461068,1.669078461068,
    1.669078461068,1.669078461068,1.669078461068,1.669078461068,
    1.669078461068,1.669078461068,1.669078461068,1.669078461068,
    1.669078461068,1.669078461068,1.669078461068,1.669078461068,
    1.669078461068,1.669078461068,1.669078461068,1.669078461068,
    1.669078461068,1.669078461068,1.669078461068,1.669078461068,
    1.669078461068,1.669078461068,1.669078461068,1.669078461068,
    1.669078461068,1.669078461068,1.669078461068,1.669078461068,
    1.669078461068,1.669078461068,1.669078461068,1.669078461068,
    1.669078461068,1.669078461068,1.669078461068,1.669078461068,
    1.669078461068,1.669078461068,1.669078461068,1.669078461068,
    1.669078461068,1.669078461068,1.669078461068,1.669078461068,
    1.669078461068,1.669078461068,1.669078461068,1.669078461068,
    1.669078461068,1.669078461068,1.669078461068,1.669078461068,
    1.669078461068,1.669078461068,1.669078461068,1.669078461068,
    1.669078461068,1.669078461068,1.669078461068,1.669078461068,
    1.669078461068,1.669078461068,1.669078461068,1.669078461068,
    1.669078461068,1.669078461068,1.669078461068,1.669078461068,
    1.669078461068,1.669078461068,1.669078461068,1.669078461068,
    1.669078461068,1.669078461068,1.669078461068,1.669078461068,
    1.669078461068,1.669078461068,1.669078461068,1.669078461068,
    1.669078461068,1.669078461068,1.669078461068,1.669078461068,
    1.669078461068,1.669078461068,1.669078461068,1.669078461068,
    1.669078461068,1.669078461068,1.669078461068,1.669078461068,
    1.669078461068,1.669078461068,1.669078461068,1.669078461068,
    1.669078461068,1.669078461068,1.669078461068,1.669078461068,
    1.669078461068,1.669078461068,1.669078461068,1.669078461068,
    1.669078461068,1.669078461068,1.669078461068,1.669078461068,
    1.669078461068,1.669078461068,1.669078461068,1.669078461068,
    1.669078461068,1.669078461068,1.669078461068,1.669078461068,
    1.669078461068,1.669078461068,1.669078461068,1.669078461068,
    1.669078461068,1.669078461068,1.669078461068,1.669078461068,
    1.669078461068,1.669078461068,1.669078461068,1.669078461068,
    1.669078461068,1.669078461068,1.669078461068,1.669078461068,
    1.669078461068,1.669078461068,1.669078461068,1.669078461068,
    1.669078461068,1.669078461068,1.669078461068,1.669078461068,
    1.669078461068,1.669078461068,1.669078461068,1.669078461068,
    1.669078461068,1.669078461068,1.669078461068,1.669078461068,
    1.669078461068,1.669078461068,1.669078461068,1.669078461068,
    1.669078461068,1.669078461068,1.669078461068,1.669078461068,
    1.669078461068,1.669078461068,1.669078461068,1.669078461068,
    1.669078461068,1.669078461068,1.669078461068,1.669078461068)) 
REPRESENTATION_ITEM('') );
#28 = CARTESIAN_POINT('',(7.62,-9.436895709314E-16,1.525));
#29 = CARTESIAN_POINT('',(7.620000025906,3.724103363451,1.872492149989)
  );
#30 = CARTESIAN_POINT('',(5.572065051095,7.448893924714,2.21993610868));
#31 = CARTESIAN_POINT('',(1.47900772069,9.881877792448,2.567514141264));
#32 = CARTESIAN_POINT('',(-3.726550337122,9.76150339517,2.914838147574)
  );
#33 = CARTESIAN_POINT('',(-8.134284525015,6.558012028792,3.262506145823)
  );
#34 = CARTESIAN_POINT('',(-9.855793079055,1.643876719341,3.609835620116)
  );
#35 = CARTESIAN_POINT('',(-8.805216078608,-3.000348408647,3.957405212095
    ));
#36 = CARTESIAN_POINT('',(-5.894580308534,-6.098136785112,4.304857311198
    ));
#37 = CARTESIAN_POINT('',(-2.352376661965,-7.247808223197,4.65234375));
#38 = CARTESIAN_POINT('',(1.189826346004,-8.397479355309,4.999835899992)
  );
#39 = CARTESIAN_POINT('',(5.36490273702,-7.599457102815,5.347279858672)
  );
#40 = CARTESIAN_POINT('',(8.942620981595,-4.457409844564,5.694857891279)
  );
#41 = CARTESIAN_POINT('',(10.435138401696,0.531048478361,6.042181897551)
  );
#42 = CARTESIAN_POINT('',(8.748833935507,5.712443546558,6.38984989585));
#43 = CARTESIAN_POINT('',(4.606173337096,8.866913503254,6.737179370093)
  );
#44 = CARTESIAN_POINT('',(-0.135533472673,9.301373631997,7.084748962112)
  );
#45 = CARTESIAN_POINT('',(-3.980558108589,7.489226021949,7.432201061189)
  );
#46 = CARTESIAN_POINT('',(-6.167591611612,4.474954045839,7.779687500003)
  );
#47 = CARTESIAN_POINT('',(-8.354624610436,1.46068256066,8.127179883463)
  );
#48 = CARTESIAN_POINT('',(-8.884472464115,-2.756824140587,8.474622647871
    ));
#49 = CARTESIAN_POINT('',(-7.00037577274,-7.129776468169,8.822203994696)
  );
#50 = CARTESIAN_POINT('',(-2.716330800083,-10.08938385356,9.16952147195)
  );
#51 = CARTESIAN_POINT('',(2.732565031697,-10.08499915264,9.517199379409)
  );
#52 = CARTESIAN_POINT('',(7.011841294929,-7.11850090259,9.864516856655)
  );
#53 = CARTESIAN_POINT('',(8.888897762193,-2.74252199273,10.212098203489)
  );
#54 = CARTESIAN_POINT('',(8.352262983312,1.474126514962,10.559540967891)
  );
#55 = CARTESIAN_POINT('',(6.160381679646,4.484874308279,10.907033351353)
  );
#56 = CARTESIAN_POINT('',(3.968499896892,7.495622600167,11.254519556679)
  );
#57 = CARTESIAN_POINT('',(0.120563656612,9.301579677486,11.601972850085)
  );
#58 = CARTESIAN_POINT('',(-4.620437429246,8.859488977681,11.949539127785
    ));
#59 = CARTESIAN_POINT('',(-8.758016615416,5.698355715057,12.29687513118)
  );
#60 = CARTESIAN_POINT('',(-10.43597891559,0.514253794918,12.644533220179
    ));
#61 = CARTESIAN_POINT('',(-8.935436385797,-4.471796459865,
    12.991869223565));
#62 = CARTESIAN_POINT('',(-5.352664692897,-7.608081280914,
    13.339435501277));
#63 = CARTESIAN_POINT('',(-1.176310415343,-8.399383513249,
    13.686888794674));
#64 = CARTESIAN_POINT('',(2.364038395702,-7.244012870202,14.034375000004
    ));
#65 = CARTESIAN_POINT('',(5.904386526419,-6.088642377668,14.381867149976
    ));
#66 = CARTESIAN_POINT('',(8.810034013581,-2.986173189002,14.729311108706
    ));
#67 = CARTESIAN_POINT('',(9.853133982885,1.659735900153,15.076889141226)
  );
#68 = CARTESIAN_POINT('',(8.123720229207,6.571095463198,15.424213147617)
  );
#69 = CARTESIAN_POINT('',(3.710834986991,9.767487404801,15.771881145785)
  );
#70 = CARTESIAN_POINT('',(-1.494909336889,9.879485510904,16.119210620145
    ));
#71 = CARTESIAN_POINT('',(-5.584046112809,7.439915978974,16.466780212079
    ));
#72 = CARTESIAN_POINT('',(-7.625983665555,3.711835448453,16.814232311204
    ));
#73 = CARTESIAN_POINT('',(-7.619990131185,-1.226379389635E-02,
    17.161718749999));
#74 = CARTESIAN_POINT('',(-7.613996478141,-3.736362342595,17.50921113348
    ));
#75 = CARTESIAN_POINT('',(-5.56006952921,-7.457852045872,17.856653897833
    ));
#76 = CARTESIAN_POINT('',(-1.463101434681,-9.884245425795,
    18.204235244756));
#77 = CARTESIAN_POINT('',(3.742255423335,-9.755493011969,18.551552721881
    ));
#78 = CARTESIAN_POINT('',(8.144829233968,-6.544912246236,18.899230629469
    ));
#79 = CARTESIAN_POINT('',(9.858425310284,-1.628012237922,19.246548106614
    ));
#80 = CARTESIAN_POINT('',(8.800376458355,3.014515632514,19.59412945351)
  );
#81 = CARTESIAN_POINT('',(5.884757773586,6.107615890894,19.941572217883)
  );
#82 = CARTESIAN_POINT('',(2.340709068283,7.251584727329,20.289064601356)
  );
#83 = CARTESIAN_POINT('',(-1.203340317786,8.39555368486,20.636550806677)
  );
#84 = CARTESIAN_POINT('',(-5.377125910927,7.590812672564,20.984004100085
    ));
#85 = CARTESIAN_POINT('',(-8.949783947595,4.443011847224,21.331570377784
    ));
#86 = CARTESIAN_POINT('',(-10.43426956945,-0.547842534971,
    21.678906381185));
#87 = CARTESIAN_POINT('',(-8.739629337256,-5.72651656244,22.026564470172
    ));
#88 = CARTESIAN_POINT('',(-4.59189650665,-8.87431537952,22.373900473568)
  );
#89 = CARTESIAN_POINT('',(0.150503023702,-9.30114342065,22.721466751279)
  );
#90 = CARTESIAN_POINT('',(3.992606302617,-7.482809933987,23.06892004467)
  );
#91 = CARTESIAN_POINT('',(6.174785712306,-4.465021994022,23.416406250008
    ));
#92 = CARTESIAN_POINT('',(8.356964660575,-1.447234576155,23.763898399968
    ));
#93 = CARTESIAN_POINT('',(8.880023998747,2.771119524082,24.111342358712)
  );
#94 = CARTESIAN_POINT('',(6.988892050886,7.141033569742,24.458920391229)
  );
#95 = CARTESIAN_POINT('',(2.70008892075,10.093742901856,24.806244397598)
  );
#96 = CARTESIAN_POINT('',(-2.748792115372,10.080587701625,
    25.153912395817));
#97 = CARTESIAN_POINT('',(-7.023289315063,7.107207263237,25.501241870108
    ));
#98 = CARTESIAN_POINT('',(-8.893299746754,2.728211937984,25.84881146211)
  );
#99 = CARTESIAN_POINT('',(-8.349879939273,-1.487566557649,
    26.196263561183));
#100 = CARTESIAN_POINT('',(-6.153155502269,-4.494783350162,
    26.543750000009));
#101 = CARTESIAN_POINT('',(-3.956431403458,-7.501999520544,
    26.891242149963));
#102 = CARTESIAN_POINT('',(-0.105592957773,-9.301762185864,
    27.238686108727));
#103 = CARTESIAN_POINT('',(4.634689668684,-8.852040680996,
    27.586264141199));
#104 = CARTESIAN_POINT('',(8.767176725006,-5.684253532469,
    27.933588147644));
#105 = CARTESIAN_POINT('',(10.43679276368,-0.497456843899,
    28.281256145759));
#106 = CARTESIAN_POINT('',(8.928227968698,4.48617133252,28.628585620166)
  );
#107 = CARTESIAN_POINT('',(5.340413082787,7.616686213132,28.976155212063
    ));
#108 = CARTESIAN_POINT('',(1.162790757257,8.401265792639,29.323607311214
    ));
#109 = CARTESIAN_POINT('',(-2.375694006014,7.240198753473,
    29.671093749994));
#110 = CARTESIAN_POINT('',(-5.914178073125,6.079131843926,
    30.018585900008));
#111 = CARTESIAN_POINT('',(-8.814828615682,2.971990261001,
    30.366029858645));
#112 = CARTESIAN_POINT('',(-9.850450006785,-1.675591598944,
    30.713607891307));
#113 = CARTESIAN_POINT('',(-8.113134043934,-6.584161445032,
    31.060931897536));
#114 = CARTESIAN_POINT('',(-3.69511017412,-9.773447053362,
    31.408599895846));
#115 = CARTESIAN_POINT('',(1.510807659862,-9.877066776142,31.75592937011
    ));
#116 = CARTESIAN_POINT('',(5.596012843555,-7.430919258008,
    32.103498962089));
#117 = CARTESIAN_POINT('',(7.631947697772,-3.699557217042,
    32.450951061209));
#118 = CARTESIAN_POINT('',(7.619960524766,2.452755602763E-02,
    32.798437499989));
#119 = CARTESIAN_POINT('',(7.607973234202,3.748611635252,33.14592988351)
  );
#120 = CARTESIAN_POINT('',(5.548059498807,7.466790884016,33.493372647763
    ));
#121 = CARTESIAN_POINT('',(1.447191619999,9.8865873718,33.840953994878)
  );
#122 = CARTESIAN_POINT('',(-3.757951279489,9.749457510098,
    34.188271471718));
#123 = CARTESIAN_POINT('',(-8.155352209719,6.531795304285,
    34.535949379641));
#124 = CARTESIAN_POINT('',(-9.861032700758,1.612143765132,
    34.883266856468));
#125 = CARTESIAN_POINT('',(-8.795513433737,-3.028675245822,
    35.230848203611));
#126 = CARTESIAN_POINT('',(-5.874920422127,-6.117079038078,
    35.578290967829));
#127 = CARTESIAN_POINT('',(-2.32903517845,-7.25534252379,35.925783351377
    ));
#128 = CARTESIAN_POINT('',(1.216850762121,-8.393606107406,
    36.273269790174));
#129 = CARTESIAN_POINT('',(5.389335700557,-7.582148868985,36.62072188915
    ));
#130 = CARTESIAN_POINT('',(8.956923197041,-4.428601893102,
    36.968291481487));
#131 = CARTESIAN_POINT('',(10.433374061348,0.564634570838,
    37.315620955169));
#132 = CARTESIAN_POINT('',(8.730402028996,5.740575438311,37.66328895418)
  );
#133 = CARTESIAN_POINT('',(4.577607616029,8.881693591619,38.010612959759
    ));
#134 = CARTESIAN_POINT('',(-0.165471916966,9.300889671429,
    38.358190992891));
#135 = CARTESIAN_POINT('',(-4.004644391057,7.476374091612,
    38.705634951265));
#136 = CARTESIAN_POINT('',(-6.181963675505,4.455078575593,
    39.053127101388));
#137 = CARTESIAN_POINT('',(-8.35928331026,1.433782457223,39.40061330662)
  );
#138 = CARTESIAN_POINT('',(-8.875552223436,-2.785407119407,
    39.748066600167));
#139 = CARTESIAN_POINT('',(-6.977390491708,-7.152272989033,
    40.095632877686));
#140 = CARTESIAN_POINT('',(-2.683839943202,-10.09807486852,
    40.442968881281));
#141 = CARTESIAN_POINT('',(2.765012187895,-10.07615107535,
    40.790626970093));
#142 = CARTESIAN_POINT('',(7.034718873666,-7.095894401093,
    41.137962973624));
#143 = CARTESIAN_POINT('',(8.897679007023,-2.713895425323,
    41.485529251245));
#144 = CARTESIAN_POINT('',(8.347475019096,1.501003131728,41.832982544687
    ));
#145 = CARTESIAN_POINT('',(6.145913531013,4.504680551305,42.180468750001
    ));
#146 = CARTESIAN_POINT('',(3.944352398051,7.508357371388,42.527960899986
    ));
#147 = CARTESIAN_POINT('',(9.062236244185E-02,9.301920082577,
    42.875404858689));
#148 = CARTESIAN_POINT('',(-4.648930333194,8.844570046075,43.22298289124
    ));
#149 = CARTESIAN_POINT('',(-8.776313731847,5.670136085598,
    43.570306897618));
#150 = CARTESIAN_POINT('',(-10.43757986465,0.480658998126,
    43.917974895763));
#151 = CARTESIAN_POINT('',(-8.92099626376,-4.500534806853,44.26530437018
    ));
#152 = CARTESIAN_POINT('',(-5.328147705693,-7.625271325694,
    44.612873962043));
#153 = CARTESIAN_POINT('',(-1.149268071233,-8.403126332751,
    44.960326061231));
#154 = CARTESIAN_POINT('',(2.387343462707,-7.236365882891,
    45.307812499983));
#155 = CARTESIAN_POINT('',(5.923954300689,-6.069605563772,
    45.655304650045));
#156 = CARTESIAN_POINT('',(8.819600385261,-2.957799634832,
    46.002748608563));
#157 = CARTESIAN_POINT('',(9.847740515652,1.69144295755,46.350326641438)
  );
#158 = CARTESIAN_POINT('',(8.1025268437,6.597210372309,46.697650647377)
  );
#159 = CARTESIAN_POINT('',(3.67937579002,9.779381386346,47.045318645994)
  );
#160 = CARTESIAN_POINT('',(-1.526702069476,9.874622457404,
    47.392648120007));
#161 = CARTESIAN_POINT('',(-5.607965079285,7.42190328918,47.740217712138
    ));
#162 = CARTESIAN_POINT('',(-7.637891961411,3.687269402889,
    48.087669811199));
#163 = CARTESIAN_POINT('',(-7.61991118082,-3.679125462613E-02,
    48.435156249984));
#164 = CARTESIAN_POINT('',(-7.601930309732,-3.760851209823,
    48.782648400037));
#165 = CARTESIAN_POINT('',(-5.53603499082,-7.475710415459,
    49.130092358577));
#166 = CARTESIAN_POINT('',(-1.431278318286,-9.88890362569,
    49.477670391431));
#167 = CARTESIAN_POINT('',(3.773637865693,-9.743396902913,
    49.824994397362));
#168 = CARTESIAN_POINT('',(8.165853423964,-6.518661240021,50.17266239603
    ));
#169 = CARTESIAN_POINT('',(9.863615244857,-1.596271338704,
    50.519991869965));
#170 = CARTESIAN_POINT('',(8.790627016364,3.042827208948,50.867561462174
    ));
#171 = CARTESIAN_POINT('',(5.865068280319,6.12652620421,51.215013561176)
  );
#172 = CARTESIAN_POINT('',(2.317355022335,7.259081601722,51.562499999994
    ));
#173 = CARTESIAN_POINT('',(-1.230357611467,8.391636674225,
    51.909992383483));
#174 = CARTESIAN_POINT('',(-5.401532206417,7.573465529787,
    52.257435147837));
#175 = CARTESIAN_POINT('',(-8.964038389028,4.41418046816,52.605016494738
    ));
#176 = CARTESIAN_POINT('',(-10.43245245085,-0.581425335574,
    52.952333971909));
#177 = CARTESIAN_POINT('',(-8.721151250962,-5.75461905075,
    53.300011879444));
#178 = CARTESIAN_POINT('',(-4.563307557989,-8.889049306674,
    53.647329356626));
#179 = CARTESIAN_POINT('',(0.180440863775,-9.300611345613,
    53.994910703511));
#180 = CARTESIAN_POINT('',(4.016671817841,-7.469919238669,
    54.342353467876));
#181 = CARTESIAN_POINT('',(6.189125769574,-4.445123418801,
    54.689845851363));
#182 = CARTESIAN_POINT('',(8.361580044679,-1.420326987761,
    55.037332056704));
#183 = CARTESIAN_POINT('',(8.87105783369,2.799688018969,55.384785349999)
  );
#184 = CARTESIAN_POINT('',(6.965870431252,7.163493290117,55.732351627925
    ));
#185 = CARTESIAN_POINT('',(2.667584405816,10.102381220762,
    56.079687631031));
#186 = CARTESIAN_POINT('',(-2.781225383828,10.071687954702,
    56.427345720286));
#187 = CARTESIAN_POINT('',(-7.046130049766,7.084563381356,
    56.774681723525));
#188 = CARTESIAN_POINT('',(-8.902035285854,2.699571792192,
    57.122248001257));
#189 = CARTESIAN_POINT('',(-8.345048460995,-1.514435795775,
    57.469701294723));
#190 = CARTESIAN_POINT('',(-6.138655640363,-4.514566084248,
    57.817187499959));
#191 = CARTESIAN_POINT('',(-3.932263149977,-7.514695765198,
    58.164679883598));
#192 = CARTESIAN_POINT('',(-7.565163875619E-02,-9.302053920396,
    58.512122647601));
#193 = CARTESIAN_POINT('',(4.663159216437,-8.837076415118,
    58.859703995094));
#194 = CARTESIAN_POINT('',(8.785427543583,-5.656004105117,
    59.207021471495));
#195 = CARTESIAN_POINT('',(10.438340564651,-0.463859696719,
    59.554699379827));
#196 = CARTESIAN_POINT('',(8.913740757771,4.514886393667,59.902016856342
    ));
#197 = CARTESIAN_POINT('',(5.315869135455,7.633836888657,60.249598203677
    ));
#198 = CARTESIAN_POINT('',(1.135741982781,8.404964965598,60.597040967805
    ));
#199 = CARTESIAN_POINT('',(-2.39898650294,7.232514345557,60.94453335138)
  );
#200 = CARTESIAN_POINT('',(-5.933715609336,6.060063420733,
    61.292019556664));
#201 = CARTESIAN_POINT('',(-8.824348701922,2.94360154893,61.639472850044
    ));
#202 = CARTESIAN_POINT('',(-9.845006210038,-1.707290164944,
    61.987039127917));
#203 = CARTESIAN_POINT('',(-8.091898021108,-6.610242000656,
    62.334375130962));
#204 = CARTESIAN_POINT('',(-3.663632337819,-9.785290541738,
    62.682033220433));
#205 = CARTESIAN_POINT('',(1.542592785164,-9.872152474589,
    63.029369223343));
#206 = CARTESIAN_POINT('',(5.619902682647,-7.412868131132,
    63.376935501422));
#207 = CARTESIAN_POINT('',(7.64381646693,-3.674972029241,63.724388794609
    ));
#208 = CARTESIAN_POINT('',(7.619842099474,4.905485792217E-02,
    64.071875000019));
#209 = CARTESIAN_POINT('',(7.595867642545,3.773081059468,64.419367383392
    ));
#210 = CARTESIAN_POINT('',(5.523996356714,7.484610514812,64.766810148043
    ));
#211 = CARTESIAN_POINT('',(1.415360786177,9.891194431974,65.114391494401
    ));
#212 = CARTESIAN_POINT('',(-3.78931374926,9.73731076167,65.461708972328)
  );
#213 = CARTESIAN_POINT('',(-8.176334760949,6.505510697706,
    65.809386879036));
#214 = CARTESIAN_POINT('',(-9.866170847791,1.580394333122,
    66.156704356941));
#215 = CARTESIAN_POINT('',(-8.785719049614,-3.056970900789,
    66.504285703319));
#216 = CARTESIAN_POINT('',(-5.855200092395,-6.13595777386,
    66.851728467966));
#217 = CARTESIAN_POINT('',(-2.305669330748,-7.262801727793,
    67.199220851331));
#218 = CARTESIAN_POINT('',(1.243862128076,-8.389645777381,
    67.546707290191));
#219 = CARTESIAN_POINT('',(5.413713500537,-7.56476218387,67.894159389234
    ));
#220 = CARTESIAN_POINT('',(8.971131754066,-4.399748053826,
    68.241728981245));
#221 = CARTESIAN_POINT('',(10.431502543494,0.598215001065,
    68.589058455559));
#222 = CARTESIAN_POINT('',(8.711878811102,5.768647461105,68.936726453728
    ));
#223 = CARTESIAN_POINT('',(4.548995156816,8.896382163911,69.284050460157
    ));
#224 = CARTESIAN_POINT('',(-0.195409129642,9.300308860823,
    69.631628492622));
#225 = CARTESIAN_POINT('',(-4.028688892377,7.463445053402,69.9790724514)
  );
#226 = CARTESIAN_POINT('',(-6.19627183232,4.435156748072,70.326564601341
    ));
#227 = CARTESIAN_POINT('',(-8.36385510444,1.40686781738,70.674051040135)
  );
#228 = CARTESIAN_POINT('',(-8.866540532273,-2.813961576444,
    71.021503139384));
#229 = CARTESIAN_POINT('',(-6.954332164618,-7.174695256985,
    71.369072730971));
#230 = CARTESIAN_POINT('',(-2.651322247807,-10.10666101343,
    71.716402205928));
#231 = CARTESIAN_POINT('',(2.79743177269,-10.06719928413,72.064070203346
    ));
#232 = CARTESIAN_POINT('',(7.05752254098,-7.073213423004,72.411394210466
    ));
#233 = CARTESIAN_POINT('',(8.906368886577,-2.685241681948,72.75897224243
    ));
#234 = CARTESIAN_POINT('',(8.342600021027,1.527864897813,73.106416201487
    ));
#235 = CARTESIAN_POINT('',(6.131381994669,4.524439726135,73.45390835132)
  );
#236 = CARTESIAN_POINT('',(3.920163476057,7.521015063442,73.801394790251
    ));
#237 = CARTESIAN_POINT('',(6.068099303026E-02,9.302163113053,
    74.148846889078));
#238 = CARTESIAN_POINT('',(-4.67737619408,8.829560568021,74.496416481524
    ));
#239 = CARTESIAN_POINT('',(-8.794518664433,5.641856783343,
    74.843745955185));
#240 = CARTESIAN_POINT('',(-10.43907388084,0.447059795374,
    75.191413954118));
#241 = CARTESIAN_POINT('',(-8.906462693954,-4.529226735705,
    75.538737959838));
#242 = CARTESIAN_POINT('',(-5.303576254023,-7.642382387248,
    75.886315992824));
#243 = CARTESIAN_POINT('',(-1.122213362088,-8.40678198995,
    76.233759951304));
#244 = CARTESIAN_POINT('',(2.410623562013,-7.228643997476,
    76.581252101373));
#245 = CARTESIAN_POINT('',(5.943461122467,-6.050505721137,
    76.928738306642));
#246 = CARTESIAN_POINT('',(8.829074769743,-2.929395637696,
    77.276191600143));
#247 = CARTESIAN_POINT('',(9.84224570963,1.723132721128,77.623757877711)
  );
#248 = CARTESIAN_POINT('',(8.081248873711,6.623256716455,77.97109388124)
  );
#249 = CARTESIAN_POINT('',(3.647878933368,9.79117419824,78.318751970166)
  );
#250 = CARTESIAN_POINT('',(-1.558479244461,9.869657006571,
    78.666087973526));
#251 = CARTESIAN_POINT('',(-5.631825835548,7.403813736839,
    79.013654251339));
#252 = CARTESIAN_POINT('',(-7.649721147264,3.662665145076,
    79.361107544623));
#253 = CARTESIAN_POINT('',(-7.619753280907,-6.131833415666E-02,
    79.708593750033));
#254 = CARTESIAN_POINT('',(-7.589785352157,-3.785301119434,
    80.056085899873));
#255 = CARTESIAN_POINT('',(-5.511943200475,-7.493491295078,
    80.403529858944));
#256 = CARTESIAN_POINT('',(-1.399440111268,-9.893459451515,
    80.751107890819));
#257 = CARTESIAN_POINT('',(3.8049807461,-9.731199693266,81.098431898153)
  );
#258 = CARTESIAN_POINT('',(8.186793644331,-6.492342899772,
    81.446099895232));
#259 = CARTESIAN_POINT('',(9.868702287733,-1.564513676122,
    81.793429370589));
#260 = CARTESIAN_POINT('',(8.780787104654,3.071107062009,82.140998961804
    ));
#261 = CARTESIAN_POINT('',(5.845317592716,6.145373178589,82.488451061327
    ));
#262 = CARTESIAN_POINT('',(2.293977199653,7.266503189807,82.835937499967
    ));
#263 = CARTESIAN_POINT('',(-1.257362568149,8.387632878016,
    83.183429883601));
#264 = CARTESIAN_POINT('',(-5.425881992976,7.5560396311,83.530872647575)
  );
#265 = CARTESIAN_POINT('',(-8.978200488887,4.385303800846,
    83.878453995151));
#266 = CARTESIAN_POINT('',(-10.43052689104,-0.615002712163,
    84.225771471409));
#267 = CARTESIAN_POINT('',(-8.702582876848,-5.782661224175,
    84.573449379925));
#268 = CARTESIAN_POINT('',(-4.534671495971,-8.903691811149,
    84.920766856258));
#269 = CARTESIAN_POINT('',(0.210377102991,-9.299982353881,
    85.268348203729));
#270 = CARTESIAN_POINT('',(4.040695479734,-7.456951519518,
    85.615790967786));
#271 = CARTESIAN_POINT('',(6.203401845231,-4.425178589228,
    85.963283351379));
#272 = CARTESIAN_POINT('',(8.36610853215,-1.393405046704,86.310769556572
    ));
#273 = CARTESIAN_POINT('',(8.862000131312,2.828228025461,86.658222850333
    ));
#274 = CARTESIAN_POINT('',(6.942776210549,7.185878197858,87.005789127373
    ));
#275 = CARTESIAN_POINT('',(2.635052643897,10.110915411302,
    87.353125131699));
#276 = CARTESIAN_POINT('',(-2.813630121382,10.062683460786,
    87.70078321967));
#277 = CARTESIAN_POINT('',(-7.068897619091,7.061846319117,
    88.048119223956));
#278 = CARTESIAN_POINT('',(-8.910678657006,2.670903585426,
    88.395685501048));
#279 = CARTESIAN_POINT('',(-8.340130504104,-1.541289320832,
    88.743138794768));
#280 = CARTESIAN_POINT('',(-6.124092176135,-4.534302043116,
    89.090624999986));
#281 = CARTESIAN_POINT('',(-3.90805420619,-7.527314167609,89.43811715005
    ));
#282 = CARTESIAN_POINT('',(-4.570932316215E-02,-9.302249206151,
    89.785561108544));
#283 = CARTESIAN_POINT('',(4.691579928259,-8.822020761651,
    90.133139141468));
#284 = CARTESIAN_POINT('',(8.803588261434,-5.627695769358,
    90.480463147341));
#285 = CARTESIAN_POINT('',(10.439778944765,-0.430258164737,
    90.828131146033));
#286 = CARTESIAN_POINT('',(8.899162579016,4.543555136393,91.175460619967
    ));
#287 = CARTESIAN_POINT('',(5.291268894601,7.650908066985,91.523030212175
    ));
#288 = CARTESIAN_POINT('',(1.108682292014,8.4085773374,91.870482311171)
  );
#289 = CARTESIAN_POINT('',(-2.422254609407,7.224754847551,
    92.217968749999));
#290 = CARTESIAN_POINT('',(-5.953190815526,6.040932491795,
    92.565460899977));
#291 = CARTESIAN_POINT('',(-8.833778575507,2.91518193499,92.912904858729
    ));
#292 = CARTESIAN_POINT('',(-9.839459022673,-1.738970581716,
    93.260482891148));
#293 = CARTESIAN_POINT('',(-8.070579428113,-6.636254489051,
    93.607806897757));
#294 = CARTESIAN_POINT('',(-3.632115618174,-9.797032338398,
    93.955474895609));
#295 = CARTESIAN_POINT('',(1.574361406604,-9.867136061056,
    94.302804370313));
#296 = CARTESIAN_POINT('',(5.643734506948,-7.394740129245,
    94.650373961948));
#297 = CARTESIAN_POINT('',(7.655605987156,-3.650348782403,
    94.997826061288));
#298 = CARTESIAN_POINT('',(7.61964472535,7.358165157188E-02,
    95.345312499955));
#299 = CARTESIAN_POINT('',(7.583683350452,3.797511390926,95.692804883619
    ));
#300 = CARTESIAN_POINT('',(5.499875980775,7.502352597992,96.040247647551
    ));
#301 = CARTESIAN_POINT('',(1.383515287798,9.895699009809,96.387828995181
    ));
#302 = CARTESIAN_POINT('',(-3.820636957999,9.725063125549,
    96.735146471373));
#303 = CARTESIAN_POINT('',(-8.197232597715,6.479158687741,
    97.082824379959));
#304 = CARTESIAN_POINT('',(-9.871206771738,1.548628526757,
    97.430141856236));
#305 = CARTESIAN_POINT('',(-8.775833637155,-3.085234882624,
    97.777723203734));
#306 = CARTESIAN_POINT('',(-5.835419097168,-6.154772935275,
    98.125165967792));
#307 = CARTESIAN_POINT('',(-2.282279594122,-7.270185682239,
    98.472658351372));
#308 = CARTESIAN_POINT('',(1.270860590672,-8.385598544827,
    98.820144556554));
#309 = CARTESIAN_POINT('',(5.438035274195,-7.54729702925,99.167597850377
    ));
#310 = CARTESIAN_POINT('',(8.985247202573,-4.370848852716,
    99.515164127335));
#311 = CARTESIAN_POINT('',(10.429523227527,0.631789630199,
    99.862500131685));
#312 = CARTESIAN_POINT('',(8.693264942324,5.796659170119,100.21015821975
    ));
#313 = CARTESIAN_POINT('',(4.520335989001,8.91097915666,100.55749422381)
  );
#314 = CARTESIAN_POINT('',(-0.225344688841,9.299631168088,100.9050605012
    ));
#315 = CARTESIAN_POINT('',(-4.052691392879,7.450439052163,
    101.25251379465));
#316 = CARTESIAN_POINT('',(-6.210515931875,4.415188768323,
    101.60000000004));
#317 = CARTESIAN_POINT('',(-8.368340013683,1.379939010263,
    101.94749214984));
#318 = CARTESIAN_POINT('',(-8.857437213364,-2.842487580605,
    102.29493610896));
#319 = CARTESIAN_POINT('',(-6.931201686652,-7.197042150969,
    102.64251414083));
#320 = CARTESIAN_POINT('',(-2.618776891341,-10.11514377267,
    102.98983814809));
#321 = CARTESIAN_POINT('',(2.829821861475,-10.05814171382,103.3375061453
    ));
#322 = CARTESIAN_POINT('',(7.080253794152,-7.050460559217,
    103.68483562055));
#323 = CARTESIAN_POINT('',(8.91496579193,-2.656558994701,104.0324052118)
  );
#324 = CARTESIAN_POINT('',(8.337639102267,1.554710090081,104.37985731134
    ));
#325 = CARTESIAN_POINT('',(6.116786640272,4.544152417931,104.72734374994
    ));
#326 = CARTESIAN_POINT('',(3.895934495688,7.533594117643,105.07483613367
    ));
#327 = CARTESIAN_POINT('',(3.073812777201E-02,9.302310760035,
    105.42227889743));
#328 = CARTESIAN_POINT('',(-4.705772464534,8.814458517451,
    105.76986024537));
#329 = CARTESIAN_POINT('',(-8.812633734222,5.613519949856,
    106.11717772113));
#330 = CARTESIAN_POINT('',(-10.44045852469,0.41345538629,106.46485563018
    ));
#331 = CARTESIAN_POINT('',(-8.891837864562,-4.557871524536,
    106.81217310606));
#332 = CARTESIAN_POINT('',(-5.278949110817,-7.659414246116,
    107.15975445383));
#333 = CARTESIAN_POINT('',(-1.095147483847,-8.410350641499,
    107.50719721774));
#334 = CARTESIAN_POINT('',(2.433878917749,-7.220847139617,
    107.85468960138));
#335 = CARTESIAN_POINT('',(5.962905938565,-6.031343329952,
    108.20217580653));
#336 = CARTESIAN_POINT('',(8.838458284898,-2.900961088529,
    108.54962910041));
#337 = CARTESIAN_POINT('',(9.836648234739,1.754804402477,108.89719537725
    ));
#338 = CARTESIAN_POINT('',(8.059887809384,6.649234646934,109.2445313818)
  );
#339 = CARTESIAN_POINT('',(3.616343818684,9.802865411565,109.59218946962
    ));
#340 = CARTESIAN_POINT('',(-1.590240011426,9.864589382743,
    109.93952547391));
#341 = CARTESIAN_POINT('',(-5.655628347155,7.385647438777,
    110.28709175114));
#342 = CARTESIAN_POINT('',(-7.661471048845,3.638022947106,
    110.63454504466));
#343 = CARTESIAN_POINT('',(-7.619516433083,-8.584477837242E-02,
    110.98203125006));
#344 = CARTESIAN_POINT('',(-7.577561757167,-3.809711809706,
    111.3295233998));
#345 = CARTESIAN_POINT('',(-5.487794301147,-7.511194535004,
    111.67696735907));
#346 = CARTESIAN_POINT('',(-1.367587404695,-9.897912771627,
    112.02454539063));
#347 = CARTESIAN_POINT('',(3.836284203238,-9.718901659151,
    112.37186939837));
#348 = CARTESIAN_POINT('',(8.207649041758,-6.465957292625,
    112.71953739502));
#349 = CARTESIAN_POINT('',(9.873687081392,-1.532739803702,
    113.06686687074));
#350 = CARTESIAN_POINT('',(8.770856215646,3.099355095476,113.4144364617)
  );
#351 = CARTESIAN_POINT('',(5.825506342036,6.164156481042,113.76188856137
    ));
#352 = CARTESIAN_POINT('',(2.270575609179,7.273849489988,114.10937499994
    ));
#353 = CARTESIAN_POINT('',(-1.284354481617,8.383542200158,
    114.45686715017));
#354 = CARTESIAN_POINT('',(-5.450175627007,7.538535353164,114.8043111083
    ));
#355 = CARTESIAN_POINT('',(-8.992269407323,4.35638192165,115.15188914179
    ));
#356 = CARTESIAN_POINT('',(-10.42849354262,-0.648574114249,
    115.49921314701));
#357 = CARTESIAN_POINT('',(-8.683923948986,-5.810642937904,
    115.84688114624));
#358 = CARTESIAN_POINT('',(-4.505988872866,-8.918242661123,
    116.1942106199));
#359 = CARTESIAN_POINT('',(0.240311532863,-9.299256482733,
    116.54178021212));
#360 = CARTESIAN_POINT('',(4.064677016965,-7.443906905077,
    116.88923231126));
#361 = CARTESIAN_POINT('',(6.217613789447,-4.405187710562,
    117.23671874992));
#362 = CARTESIAN_POINT('',(8.370550063256,-1.366469012663,
    117.58421113368));
#363 = CARTESIAN_POINT('',(8.852851047586,2.856739161718,117.93165389741
    ));
#364 = CARTESIAN_POINT('',(6.919609469372,7.208188276892,118.27923524539
    ));
#365 = CARTESIAN_POINT('',(2.602494258402,10.11934499837,118.6265527211)
  );
#366 = CARTESIAN_POINT('',(-2.846006388674,10.053574846689,
    118.97423063022));
#367 = CARTESIAN_POINT('',(-7.091591352301,7.039055727552,
    119.32154810601));
#368 = CARTESIAN_POINT('',(-8.919230152766,2.642208127757,
    119.66912945388));
#369 = CARTESIAN_POINT('',(-8.335125851792,-1.568127213924,
    120.0165722177));
#370 = CARTESIAN_POINT('',(-6.10946540697,-4.55399082575,120.36406460141
    ));
#371 = CARTESIAN_POINT('',(-3.883804451644,-7.539854922011,
    120.71155104011));
#372 = CARTESIAN_POINT('',(-1.576712936268E-02,-9.3023476694,
    121.05900313921));
#373 = CARTESIAN_POINT('',(4.71995298812,-8.806874114873,121.40657273142
    ));
#374 = CARTESIAN_POINT('',(8.821656442284,-5.599328898778,121.7539022052
    ));
#375 = CARTESIAN_POINT('',(10.441110718262,-0.396652140145,
    122.10157020417));
#376 = CARTESIAN_POINT('',(8.884490646829,4.572176559126,122.44889420974
    ));
#377 = CARTESIAN_POINT('',(5.266615112885,7.66790029201,122.7964722429)
  );
#378 = CARTESIAN_POINT('',(1.081610247797,8.412102325128,123.14391620126
    ));
#379 = CARTESIAN_POINT('',(-2.445497154176,7.216920650034,
    123.49140835138));
#380 = CARTESIAN_POINT('',(-5.972605191141,6.021738688005,123.8388945566
    ));
#381 = CARTESIAN_POINT('',(-8.843115708,2.886732524245,124.18634785019)
  );
#382 = CARTESIAN_POINT('',(-9.833811274624,-1.770633445625,
    124.53391412767));
#383 = CARTESIAN_POINT('',(-8.049175947944,-6.662197794261,
    124.88125013126));
#384 = CARTESIAN_POINT('',(-3.600562189994,-9.808672938199,
    125.22890822014));
#385 = CARTESIAN_POINT('',(1.606114236742,-9.862017239974,
    125.57624422356));
#386 = CARTESIAN_POINT('',(5.667507644238,-7.37653558211,125.9238105013)
  );
#387 = CARTESIAN_POINT('',(7.667316239651,-3.62568769712,126.27126379464
    ));
#388 = CARTESIAN_POINT('',(7.619368404439,9.810768283072E-02,
    126.61875000002));
#389 = CARTESIAN_POINT('',(7.571420510185,3.821902368525,126.96624214991
    ));
#390 = CARTESIAN_POINT('',(5.475698513792,7.52001698275,127.31368610884)
  );
#391 = CARTESIAN_POINT('',(1.351655717177,9.900100977558,127.66126414101
    ));
#392 = CARTESIAN_POINT('',(-3.851921046669,9.712714872717,
    128.00858814787));
#393 = CARTESIAN_POINT('',(-8.218044864358,6.452739349357,
    128.35625614554));
#394 = CARTESIAN_POINT('',(-9.876141118544,1.516846891676,
    128.70358562032));
#395 = CARTESIAN_POINT('',(-8.765856686798,-3.113467088381,
    129.05115521198));
#396 = CARTESIAN_POINT('',(-5.815578069649,-6.173524194458,
    129.39860731123));
#397 = CARTESIAN_POINT('',(-2.258865976787,-7.277494383297,
    129.74609374999));
#398 = CARTESIAN_POINT('',(1.29784548929,-8.381464252158,130.09358613349
    ));
#399 = CARTESIAN_POINT('',(5.462301186602,-7.529754050083,
    130.44102889779));
#400 = CARTESIAN_POINT('',(8.999269175578,-4.341903701231,130.7886102448
    ));
#401 = CARTESIAN_POINT('',(10.427435926155,0.665356720966,131.1359277218
    ));
#402 = CARTESIAN_POINT('',(8.674561312847,5.824612055,131.48360562956));
#403 = CARTESIAN_POINT('',(4.491629401702,8.925482550694,131.83092310652
    ));
#404 = CARTESIAN_POINT('',(-0.255277277965,9.298858199744,
    132.17850445357));
#405 = CARTESIAN_POINT('',(-4.076652397161,7.4373551184,132.52594721785)
  );
#406 = CARTESIAN_POINT('',(-6.224695400504,4.395175442565,
    132.87343960135));
#407 = CARTESIAN_POINT('',(-8.372738722305,1.35299515296,133.22092580656
    ));
#408 = CARTESIAN_POINT('',(-8.848241447176,-2.870982999524,
    133.56837910041));
#409 = CARTESIAN_POINT('',(-6.908000078539,-7.219315888625,
    133.91594537718));
#410 = CARTESIAN_POINT('',(-2.586203915947,-10.12352024719,
    134.26328138197));
#411 = CARTESIAN_POINT('',(2.862182463205,-10.04898126373,
    134.61093946939));
#412 = CARTESIAN_POINT('',(7.102911573505,-7.027633610511,
    134.95827547415));
#413 = CARTESIAN_POINT('',(8.92347058018,-2.627849481115,135.30584175095
    ));
#414 = CARTESIAN_POINT('',(8.332591562978,1.58153957922,135.65329504477)
  );
#415 = CARTESIAN_POINT('',(6.102128055683,4.563817830726,136.00078125001
    ));
#416 = CARTESIAN_POINT('',(3.871664883508,7.546095477406,136.34827363347
    ));
#417 = CARTESIAN_POINT('',(7.953244098812E-04,9.302361510674,
    136.69571639783));
#418 = CARTESIAN_POINT('',(-4.734120412526,8.799265728749,
    137.04329774472));
#419 = CARTESIAN_POINT('',(-8.830657099642,5.585124416585,
    137.39061522196));
#420 = CARTESIAN_POINT('',(-10.44173528455,0.379847085522,
    137.73829312934));
#421 = CARTESIAN_POINT('',(-8.877120744346,-4.586469310482,
    138.08561060675));
#422 = CARTESIAN_POINT('',(-5.254267339141,-7.676366655912,
    138.43319195339));
#423 = CARTESIAN_POINT('',(-1.068070242693,-8.413832175724,
    138.78063471795));
#424 = CARTESIAN_POINT('',(2.457109056186,-7.212975466892,
    139.12812710132));
#425 = CARTESIAN_POINT('',(5.982288972845,-6.012118421076,
    139.47561354014));
#426 = CARTESIAN_POINT('',(8.847750226894,-2.872496594695,
    139.82306563936));
#427 = CARTESIAN_POINT('',(9.830948838686,1.786458176884,140.17063523101
    ));
#428 = CARTESIAN_POINT('',(8.038443244146,6.675143197925,140.51796470586
    ));
#429 = CARTESIAN_POINT('',(3.5847712254,9.814455726673,140.86563270341)
  );
#430 = CARTESIAN_POINT('',(-1.621984291317,9.859418821745,
    141.21295671041));
#431 = CARTESIAN_POINT('',(-5.679372270369,7.367405258898,
    141.56053474245));
#432 = CARTESIAN_POINT('',(-7.673141563781,3.613342607471,
    141.90797870146));
#433 = CARTESIAN_POINT('',(-7.619200643351,-0.110370088066,
    142.25547085133));
#434 = CARTESIAN_POINT('',(-7.565259618887,-3.834083484001,
    142.60295729028));
#435 = CARTESIAN_POINT('',(-5.463588659448,-7.528819278314,
    142.95040938895));
#436 = CARTESIAN_POINT('',(-1.335720255606,-9.902264351319,
    143.29797898174));
#437 = CARTESIAN_POINT('',(3.867547437526,-9.706502115669,143.6453084549
    ));
#438 = CARTESIAN_POINT('',(8.22842004645,-6.439505376197,143.99297645437
    ));
#439 = CARTESIAN_POINT('',(9.878568871952,-1.500949560684,
    144.34030045964));
#440 = CARTESIAN_POINT('',(8.760835066012,3.127570715677,144.68787849292
    ));
#441 = CARTESIAN_POINT('',(5.805634304729,6.182876076414,145.03532245125
    ));
#442 = CARTESIAN_POINT('',(2.247150727614,7.281120353858,145.38281460138
    ));
#443 = CARTESIAN_POINT('',(-1.311333532184,8.379364770859,
    145.73030080667));
#444 = CARTESIAN_POINT('',(-5.474412114785,7.520952871131,146.0777541));
#445 = CARTESIAN_POINT('',(-9.006246014929,4.327414898177,
    146.42532037796));
#446 = CARTESIAN_POINT('',(-10.42635122303,-0.682138597212,
    146.77265638094));
#447 = CARTESIAN_POINT('',(-8.665175901306,-5.838564848663,
    147.12031447036));
#448 = CARTESIAN_POINT('',(-4.477258876734,-8.932700595745,
    147.46765047349));
#449 = CARTESIAN_POINT('',(0.270242993744,-9.298434750869,
    147.81521675124));
#450 = CARTESIAN_POINT('',(4.088616726665,-7.430784807699,
    148.16267004475));
#451 = CARTESIAN_POINT('',(6.231761170893,-4.385151389514,
    148.51015624993));
#452 = CARTESIAN_POINT('',(8.374905144076,-1.33951847758,148.8576486337)
  );
#453 = CARTESIAN_POINT('',(8.843609801101,2.885220267971,149.20509139735
    ));
#454 = CARTESIAN_POINT('',(6.89637162226,7.230424046441,149.55267274552)
  );
#455 = CARTESIAN_POINT('',(2.569908230117,10.127669586337,
    149.89999022091));
#456 = CARTESIAN_POINT('',(-2.878352487554,10.044361926946,
    150.2476681304));
#457 = CARTESIAN_POINT('',(-7.114212204218,7.016192568427,
    150.59498560591));
#458 = CARTESIAN_POINT('',(-8.927688790445,2.613484870657,
    150.94256695389));
#459 = CARTESIAN_POINT('',(-8.330035122253,-1.594948521549,
    151.29000971774));
#460 = CARTESIAN_POINT('',(-6.094775192045,-4.573632621714,
    151.63750210136));
#461 = CARTESIAN_POINT('',(-3.859514775547,-7.552317213508,
    151.98498830643));
#462 = CARTESIAN_POINT('',(1.41758212747E-02,-9.302350194233,
    152.33244160072));
#463 = CARTESIAN_POINT('',(4.748276189954,-8.791635809712,
    152.68000787675));
#464 = CARTESIAN_POINT('',(8.83963454309,-5.570904238399,153.02734388234
    ));
#465 = CARTESIAN_POINT('',(10.442332754995,-0.363042043948,
    153.3750019692));
#466 = CARTESIAN_POINT('',(8.869728210342,4.600750858241,153.72233797414
    ));
#467 = CARTESIAN_POINT('',(5.241905483841,7.684812749129,154.06990425108
    ));
#468 = CARTESIAN_POINT('',(1.054527862527,8.415540421336,154.41735754464
    ));
#469 = CARTESIAN_POINT('',(-2.468714825579,7.209011521004,
    154.76484375009));
#470 = CARTESIAN_POINT('',(-5.991956835662,6.002482781015,
    155.11233589969));
#471 = CARTESIAN_POINT('',(-8.852362430724,2.85825279304,155.45977985928
    ));
#472 = CARTESIAN_POINT('',(-9.828060255003,-1.802277495099,
    155.80735789032));
#473 = CARTESIAN_POINT('',(-8.027690337446,-6.688072502105,
    156.15468189867));
#474 = CARTESIAN_POINT('',(-3.568970533979,-9.820211598045,
    156.50234989481));
#475 = CARTESIAN_POINT('',(1.63784990603,-9.856796415308,156.84967937082
    ));
#476 = CARTESIAN_POINT('',(5.691222273032,-7.358254535018,
    157.19724896173));
#477 = CARTESIAN_POINT('',(7.67894699985,-3.600989063768,157.54470106129
    ));
#478 = CARTESIAN_POINT('',(7.619013139605,0.122632697608,157.89218750002
    ));
#479 = CARTESIAN_POINT('',(7.559079196791,3.846253755693,158.23967964996
    ));
#480 = CARTESIAN_POINT('',(5.451464420312,7.537603419467,158.58712360868
    ));
#481 = CARTESIAN_POINT('',(1.319781880113,9.904400452924,158.93470164129
    ));
#482 = CARTESIAN_POINT('',(-3.883164760909,9.700265841133,
    159.28202564751));
#483 = CARTESIAN_POINT('',(-8.238772622483,6.426253354673,
    159.62969364584));
#484 = CARTESIAN_POINT('',(-9.880972441901,1.485049321814,
    159.97702312015));
#485 = CARTESIAN_POINT('',(-8.755789525035,-3.14166684379,
    160.32459271202));
#486 = CARTESIAN_POINT('',(-5.795676359434,-6.192211624327,
    160.67204481126));
#487 = CARTESIAN_POINT('',(-2.235429189318,-7.284727609152,
    161.01953124995));
#488 = CARTESIAN_POINT('',(1.324817337322,-8.377243298311,
    161.36702340009));
#489 = CARTESIAN_POINT('',(5.486510022474,-7.512132680479,
    161.71446735854));
#490 = CARTESIAN_POINT('',(9.01319828798,-4.312914230903,162.06204539131
    ));
#491 = CARTESIAN_POINT('',(10.425240510402,0.698917914226,
    162.40936939773));
#492 = CARTESIAN_POINT('',(8.655767499758,5.852503352615,162.75703739543
    ));
#493 = CARTESIAN_POINT('',(4.462876857844,8.939894744257,163.10436687063
    ));
#494 = CARTESIAN_POINT('',(-0.285207854264,9.297987806156,
    163.45193646159));
#495 = CARTESIAN_POINT('',(-4.100570672203,7.424194867204,
    163.79938856156));
#496 = CARTESIAN_POINT('',(-6.238810658138,4.375116178103,164.1468749998
    ));
#497 = CARTESIAN_POINT('',(-8.377050164117,1.326038009874,
    164.49436715061));
#498 = CARTESIAN_POINT('',(-8.838954743924,-2.899449719031,
    164.84181110743));
#499 = CARTESIAN_POINT('',(-6.884726053722,-7.241513633393,
    165.18938914304));
#500 = CARTESIAN_POINT('',(-2.553604917083,-10.13179292524,
    165.53671314565));
#501 = CARTESIAN_POINT('',(2.894513972394,-10.03971590077,
    165.88438114738));
#502 = CARTESIAN_POINT('',(7.125495442898,-7.004734297331,166.2317106192
    ));
#503 = CARTESIAN_POINT('',(8.931883042191,-2.599112557409,166.5792802124
    ));
#504 = CARTESIAN_POINT('',(8.327457658656,1.608352637599,166.92673231124
    ));
#505 = CARTESIAN_POINT('',(6.087406247211,4.583435958035,167.27421874985
    ));
#506 = CARTESIAN_POINT('',(3.847355157222,7.558518652356,167.62171113389
    ));
#507 = CARTESIAN_POINT('',(-2.914748723951E-02,9.302315880132,
    167.96915389698));
#508 = CARTESIAN_POINT('',(-4.7624193105,8.78398177099,168.31673524605)
  );
#509 = CARTESIAN_POINT('',(-8.848588970967,5.556671016445,
    168.66405272032));
#510 = CARTESIAN_POINT('',(-10.44290385823,0.346234848852,
    169.01173063094));
#511 = CARTESIAN_POINT('',(-8.862311648522,-4.615019576014,
    169.35904810549));
#512 = CARTESIAN_POINT('',(-5.22953112837,-7.693239531331,
    169.70662945417));
#513 = CARTESIAN_POINT('',(-1.040981935249,-8.41722653459,
    170.05407221758));
#514 = CARTESIAN_POINT('',(2.480313736608,-7.205029060869,
    170.40156460145));
#515 = CARTESIAN_POINT('',(6.001610025226,-5.992831248137,
    170.74905104011));
#516 = CARTESIAN_POINT('',(8.856950496514,-2.844002227028,
    171.09650313911));
#517 = CARTESIAN_POINT('',(9.825147587661,1.818093167468,171.44407273165
    ));
#518 = CARTESIAN_POINT('',(8.01691538756,6.700983074963,171.79140220488)
  );
#519 = CARTESIAN_POINT('',(3.553161497943,9.82594368606,172.13907020449)
  );
#520 = CARTESIAN_POINT('',(-1.653711774111,9.854146838201,
    172.48639420951));
#521 = CARTESIAN_POINT('',(-5.703057342657,7.349086105236,
    172.83397224304));
#522 = CARTESIAN_POINT('',(-7.684732582701,3.588625278412,
    173.18141620119));
#523 = CARTESIAN_POINT('',(-7.618805908673,-0.134894499313,
    173.52890835141));
#524 = CARTESIAN_POINT('',(-7.552879154405,-3.858414969231,
    173.87639455658));
#525 = CARTESIAN_POINT('',(-5.439326188316,-7.546366722393,
    174.22384785019));
#526 = CARTESIAN_POINT('',(-1.303839800157,-9.906512441778,
    174.57141412768));
#527 = CARTESIAN_POINT('',(3.898771538905,-9.69400295946,174.9187501312)
  );
#528 = CARTESIAN_POINT('',(8.249104512991,-6.412985858926,
    175.26640822025));
#529 = CARTESIAN_POINT('',(9.883349710681,-1.469144471809,
    175.61374422342));
#530 = CARTESIAN_POINT('',(8.750721920227,3.155754421157,175.96131050142
    ));
#531 = CARTESIAN_POINT('',(5.785702972634,6.201531319623,176.30876379456
    ));
#532 = CARTESIAN_POINT('',(2.223702094969,7.288315922957,176.65625000006
    ));
#533 = CARTESIAN_POINT('',(-1.338298139313,8.375100258923,
    177.00374214979));
#534 = CARTESIAN_POINT('',(-5.498593106576,7.503292842648,
    177.35118610901));
#535 = CARTESIAN_POINT('',(-9.020127913007,4.298402607682,
    177.69876414088));
#536 = CARTESIAN_POINT('',(-10.42410215459,-0.715695618175,
    178.04608814787));
#537 = CARTESIAN_POINT('',(-8.646337143336,-5.86642655352,
    178.39375614567));
#538 = CARTESIAN_POINT('',(-4.448483016543,-8.947065817207,
    178.74108562011));
#539 = CARTESIAN_POINT('',(0.30017186882,-9.297516744444,179.0886552122)
  );
#540 = CARTESIAN_POINT('',(4.112514022361,-7.417585704227,
    179.43610731106));
#541 = CARTESIAN_POINT('',(6.245843985338,-4.365069634131,179.7835937501
    ));
#542 = CARTESIAN_POINT('',(8.379173469355,-1.312554085487,
    180.13108589965));
#543 = CARTESIAN_POINT('',(8.834276858702,2.913671569916,180.47852985939
    ));
#544 = CARTESIAN_POINT('',(6.873062487865,7.252584682977,180.82610789017
    ));
#545 = CARTESIAN_POINT('',(2.537295281235,10.135889630551,
    181.17343189882));
#546 = CARTESIAN_POINT('',(-2.910668360526,10.035044404383,
    181.52109989472));
#547 = CARTESIAN_POINT('',(-7.136759786709,6.993257297879,
    181.86842937084));
#548 = CARTESIAN_POINT('',(-8.936054542545,2.584734024198,
    182.21599896177));
#549 = CARTESIAN_POINT('',(-8.324858355863,-1.621752946248,
    182.56345106125));
#550 = CARTESIAN_POINT('',(-6.080021681685,-4.593227226062,
    182.91093750005));
#551 = CARTESIAN_POINT('',(-3.835185355667,-7.564700889283,
    183.25842964986));
#552 = CARTESIAN_POINT('',(4.411890507099E-02,-9.302256885127,
    183.60587360887));
#553 = CARTESIAN_POINT('',(4.776550014664,-8.776305743361,
    183.95345164104));
#554 = CARTESIAN_POINT('',(8.857520998655,-5.542422548598,
    184.30077564778));
#555 = CARTESIAN_POINT('',(10.443446939154,-0.329427582566,
    184.64844364562));
#556 = CARTESIAN_POINT('',(8.854873348379,4.629277035398,184.99577312031
    ));
#557 = CARTESIAN_POINT('',(5.217142082855,7.701645879364,185.34334271192
    ));
#558 = CARTESIAN_POINT('',(1.027434143144,8.418891158895,185.69079481131
    ));
#559 = CARTESIAN_POINT('',(-2.491906686604,7.201027778398,
    186.03828124993));
#560 = CARTESIAN_POINT('',(-6.011246822323,5.983164538721,
    186.38577340015));
#561 = CARTESIAN_POINT('',(-8.861516828028,2.82974365317,186.73321735844
    ));
#562 = CARTESIAN_POINT('',(-9.822208098993,-1.833903105761,
    187.08079539142));
#563 = CARTESIAN_POINT('',(-8.006120919316,-6.713877700399,
    187.42811939764));
#564 = CARTESIAN_POINT('',(-3.537342361066,-9.831648667594,
    187.77578739547));
#565 = CARTESIAN_POINT('',(1.669568865471,-9.85147337661,188.12311687064
    ));
#566 = CARTESIAN_POINT('',(5.714877829247,-7.339897285405,
    188.47068646157));
#567 = CARTESIAN_POINT('',(7.690498224617,-3.576253112006,
    188.81813856157));
#568 = CARTESIAN_POINT('',(7.618578934528,0.147156441819,189.16562499979
    ));
#569 = CARTESIAN_POINT('',(7.546659564118,3.870565291923,189.51311715064
    ));
#570 = CARTESIAN_POINT('',(5.427173844508,7.555111759592,189.86056110738
    ));
#571 = CARTESIAN_POINT('',(1.28789436873,9.908597309016,190.2081391431)
  );
#572 = CARTESIAN_POINT('',(-3.914368241675,9.687716305784,190.5554631456
    ));
#573 = CARTESIAN_POINT('',(-8.259415019256,6.399700777705,190.9031311474
    ));
#574 = CARTESIAN_POINT('',(-9.885701388827,1.453236365506,
    191.25046061922));
#575 = CARTESIAN_POINT('',(-8.745631644997,-3.169834048558,
    191.59803021235));
#576 = CARTESIAN_POINT('',(-5.775714600476,-6.210834896973,
    191.94548231127));
#577 = CARTESIAN_POINT('',(-2.211969240662,-7.291885358284,
    192.29296874984));
#578 = CARTESIAN_POINT('',(1.35177549024,-8.372935503618,192.64046113393
    ));
#579 = CARTESIAN_POINT('',(5.510661884187,-7.494433661599,
    192.98790389691));
#580 = CARTESIAN_POINT('',(9.027034330299,-4.283879625012,
    193.33548524614));
#581 = CARTESIAN_POINT('',(10.422936519817,0.732471068236,
    193.68280272025));
#582 = CARTESIAN_POINT('',(8.636884772824,5.880335108137,194.03048063097
    ));
#583 = CARTESIAN_POINT('',(4.434077235157,8.954213115361,194.37779810552
    ));
#584 = CARTESIAN_POINT('',(-0.315134739816,9.297022125634,194.7253794541
    ));
#585 = CARTESIAN_POINT('',(-4.12444697632,7.410956960053,195.07282221765
    ));
#586 = CARTESIAN_POINT('',(-6.252860994229,4.355011984694,195.4203146014
    ));
#587 = CARTESIAN_POINT('',(-8.381275326664,1.299066393483,
    195.76780080644));
#588 = CARTESIAN_POINT('',(-8.829575724698,-2.927885348225,
    196.11525410064));
#589 = CARTESIAN_POINT('',(-6.861381536309,-7.26363754597,
    196.46282037684));
#590 = CARTESIAN_POINT('',(-2.520978691438,-10.13995953277,
    196.81015638232));
#591 = CARTESIAN_POINT('',(2.926814931406,-10.03034731448,
    197.15781446913));
#592 = CARTESIAN_POINT('',(7.148005801204,-6.981761958903,
    197.50515047425));
#593 = CARTESIAN_POINT('',(8.940202832434,-2.570348887908,
    197.85271675098));
#594 = CARTESIAN_POINT('',(8.322237505238,1.635149076517,198.20017004468
    ));
#595 = CARTESIAN_POINT('',(6.072621367432,4.603006596542,198.54765625008
    ));
#596 = CARTESIAN_POINT('',(3.823005568606,7.57086351396,198.89514863323)
  );
#597 = CARTESIAN_POINT('',(-5.908999680913E-02,9.302173868453,
    199.24259139828));
#598 = CARTESIAN_POINT('',(-4.790668865301,8.768606803271,
    199.59017274413));
#599 = CARTESIAN_POINT('',(-8.866429162557,5.528160043308,
    199.93749022257));
#600 = CARTESIAN_POINT('',(-10.44396423325,0.312619025392,
    200.28516812882));
#601 = CARTESIAN_POINT('',(-8.847410730938,-4.643522025887,
    200.63248560713));
#602 = CARTESIAN_POINT('',(-5.204740734489,-7.710032697291,
    200.98006695317));
#603 = CARTESIAN_POINT('',(-1.013882842334,-8.420533683011,
    201.32750971804));
#604 = CARTESIAN_POINT('',(2.503492718646,-7.197008003863,
    201.67500210129));
#605 = PCURVE('',#606,#4646);
#606 = ( BOUNDED_SURFACE() B_SPLINE_SURFACE(6,9,(
    (#607,#608,#609,#610,#611,#612,#613,#614,#615,#616,#617,#618,#619
      ,#620,#621,#622,#623,#624,#625,#626,#627,#628,#629,#630,#631,#632
      ,#633,#634,#635,#636,#637,#638,#639,#640,#641,#642,#643,#644,#645
      ,#646,#647,#648,#649,#650,#651,#652,#653,#654,#655,#656,#657,#658
      ,#659,#660,#661,#662,#663,#664,#665,#666,#667,#668,#669,#670,#671
      ,#672,#673,#674,#675,#676,#677,#678,#679,#680,#681,#682,#683,#684
      ,#685,#686,#687,#688,#689,#690,#691,#692,#693,#694,#695,#696,#697
      ,#698,#699,#700,#701,#702,#703,#704,#705,#706,#707,#708,#709,#710
      ,#711,#712,#713,#714,#715,#716,#717,#718,#719,#720,#721,#722,#723
      ,#724,#725,#726,#727,#728,#729,#730,#731,#732,#733,#734,#735,#736
      ,#737,#738,#739,#740,#741,#742,#743,#744,#745,#746,#747,#748,#749
      ,#750,#751,#752,#753,#754,#755,#756,#757,#758,#759,#760,#761,#762
      ,#763,#764,#765,#766,#767,#768,#769,#770,#771,#772,#773,#774,#775
      ,#776,#777,#778,#779,#780,#781,#782,#783,#784,#785,#786,#787,#788
      ,#789,#790,#791,#792,#793,#794,#795,#796,#797,#798,#799,#800,#801
      ,#802,#803,#804,#805,#806,#807,#808,#809,#810,#811,#812,#813,#814
      ,#815,#816,#817,#818,#819,#820,#821,#822,#823,#824,#825,#826,#827
      ,#828,#829,#830,#831,#832,#833,#834,#835,#836,#837,#838,#839,#840
      ,#841,#842,#843,#844,#845,#846,#847,#848,#849,#850,#851,#852,#853
      ,#854,#855,#856,#857,#858,#859,#860,#861,#862,#863,#864,#865,#866
      ,#867,#868,#869,#870,#871,#872,#873,#874,#875,#876,#877,#878,#879
      ,#880,#881,#882,#883,#884,#885,#886,#887,#888,#889,#890,#891,#892
      ,#893,#894,#895,#896,#897,#898,#899,#900,#901,#902,#903,#904,#905
      ,#906,#907,#908,#909,#910,#911,#912,#913,#914,#915,#916,#917,#918
      ,#919,#920,#921,#922,#923,#924,#925,#926,#927,#928,#929,#930,#931
      ,#932,#933,#934,#935,#936,#937,#938,#939,#940,#941,#942,#943,#944
      ,#945,#946,#947,#948,#949,#950,#951,#952,#953,#954,#955,#956,#957
      ,#958,#959,#960,#961,#962,#963,#964,#965,#966,#967,#968,#969,#970
      ,#971,#972,#973,#974,#975,#976,#977,#978,#979,#980,#981,#982,#983
      ,#984,#985,#986,#987,#988,#989,#990,#991,#992,#993,#994,#995,#996
      ,#997,#998,#999,#1000,#1001,#1002,#1003,#1004,#1005,#1006,#1007
      ,#1008,#1009,#1010,#1011,#1012,#1013,#1014,#1015,#1016,#1017,#1018
      ,#1019,#1020,#1021,#1022,#1023,#1024,#1025,#1026,#1027,#1028,#1029
      ,#1030,#1031,#1032,#1033,#1034,#1035,#1036,#1037,#1038,#1039,#1040
      ,#1041,#1042,#1043,#1044,#1045,#1046,#1047,#1048,#1049,#1050,#1051
      ,#1052,#1053,#1054,#1055,#1056,#1057,#1058,#1059,#1060,#1061,#1062
      ,#1063,#1064,#1065,#1066,#1067,#1068,#1069,#1070,#1071,#1072,#1073
      ,#1074,#1075,#1076,#1077,#1078,#1079,#1080,#1081,#1082,#1083,#1084
      ,#1085,#1086,#1087,#1088,#1089,#1090,#1091,#1092,#1093,#1094,#1095
      ,#1096,#1097,#1098,#1099,#1100,#1101,#1102,#1103,#1104,#1105,#1106
      ,#1107,#1108,#1109,#1110,#1111,#1112,#1113,#1114,#1115,#1116,#1117
      ,#1118,#1119,#1120,#1121,#1122,#1123,#1124,#1125,#1126,#1127,#1128
      ,#1129,#1130,#1131,#1132,#1133,#1134,#1135,#1136,#1137,#1138,#1139
      ,#1140,#1141,#1142,#1143,#1144,#1145,#1146,#1147,#1148,#1149,#1150
      ,#1151,#1152,#1153,#1154,#1155,#1156,#1157,#1158,#1159,#1160,#1161
      ,#1162,#1163,#1164,#1165,#1166,#1167,#1168,#1169,#1170,#1171,#1172
      ,#1173,#1174,#1175,#1176,#1177,#1178,#1179,#1180,#1181,#1182,#1183
      )
    ,(#1184,#1185,#1186,#1187,#1188,#1189,#1190,#1191,#1192,#1193,#1194
      ,#1195,#1196,#1197,#1198,#1199,#1200,#1201,#1202,#1203,#1204,#1205
      ,#1206,#1207,#1208,#1209,#1210,#1211,#1212,#1213,#1214,#1215,#1216
      ,#1217,#1218,#1219,#1220,#1221,#1222,#1223,#1224,#1225,#1226,#1227
      ,#1228,#1229,#1230,#1231,#1232,#1233,#1234,#1235,#1236,#1237,#1238
      ,#1239,#1240,#1241,#1242,#1243,#1244,#1245,#1246,#1247,#1248,#1249
      ,#1250,#1251,#1252,#1253,#1254,#1255,#1256,#1257,#1258,#1259,#1260
      ,#1261,#1262,#1263,#1264,#1265,#1266,#1267,#1268,#1269,#1270,#1271
      ,#1272,#1273,#1274,#1275,#1276,#1277,#1278,#1279,#1280,#1281,#1282
      ,#1283,#1284,#1285,#1286,#1287,#1288,#1289,#1290,#1291,#1292,#1293
      ,#1294,#1295,#1296,#1297,#1298,#1299,#1300,#1301,#1302,#1303,#1304
      ,#1305,#1306,#1307,#1308,#1309,#1310,#1311,#1312,#1313,#1314,#1315
      ,#1316,#1317,#1318,#1319,#1320,#1321,#1322,#1323,#1324,#1325,#1326
      ,#1327,#1328,#1329,#1330,#1331,#1332,#1333,#1334,#1335,#1336,#1337
      ,#1338,#1339,#1340,#1341,#1342,#1343,#1344,#1345,#1346,#1347,#1348
      ,#1349,#1350,#1351,#1352,#1353,#1354,#1355,#1356,#1357,#1358,#1359
      ,#1360,#1361,#1362,#1363,#1364,#1365,#1366,#1367,#1368,#1369,#1370
      ,#1371,#1372,#1373,#1374,#1375,#1376,#1377,#1378,#1379,#1380,#1381
      ,#1382,#1383,#1384,#1385,#1386,#1387,#1388,#1389,#1390,#1391,#1392
      ,#1393,#1394,#1395,#1396,#1397,#1398,#1399,#1400,#1401,#1402,#1403
      ,#1404,#1405,#1406,#1407,#1408,#1409,#1410,#1411,#1412,#1413,#1414
      ,#1415,#1416,#1417,#1418,#1419,#1420,#1421,#1422,#1423,#1424,#1425
      ,#1426,#1427,#1428,#1429,#1430,#1431,#1432,#1433,#1434,#1435,#1436
      ,#1437,#1438,#1439,#1440,#1441,#1442,#1443,#1444,#1445,#1446,#1447
      ,#1448,#1449,#1450,#1451,#1452,#1453,#1454,#1455,#1456,#1457,#1458
      ,#1459,#1460,#1461,#1462,#1463,#1464,#1465,#1466,#1467,#1468,#1469
      ,#1470,#1471,#1472,#1473,#1474,#1475,#1476,#1477,#1478,#1479,#1480
      ,#1481,#1482,#1483,#1484,#1485,#1486,#1487,#1488,#1489,#1490,#1491
      ,#1492,#1493,#1494,#1495,#1496,#1497,#1498,#1499,#1500,#1501,#1502
      ,#1503,#1504,#1505,#1506,#1507,#1508,#1509,#1510,#1511,#1512,#1513
      ,#1514,#1515,#1516,#1517,#1518,#1519,#1520,#1521,#1522,#1523,#1524
      ,#1525,#1526,#1527,#1528,#1529,#1530,#1531,#1532,#1533,#1534,#1535
      ,#1536,#1537,#1538,#1539,#1540,#1541,#1542,#1543,#1544,#1545,#1546
      ,#1547,#1548,#1549,#1550,#1551,#1552,#1553,#1554,#1555,#1556,#1557
      ,#1558,#1559,#1560,#1561,#1562,#1563,#1564,#1565,#1566,#1567,#1568
      ,#1569,#1570,#1571,#1572,#1573,#1574,#1575,#1576,#1577,#1578,#1579
      ,#1580,#1581,#1582,#1583,#1584,#1585,#1586,#1587,#1588,#1589,#1590
      ,#1591,#1592,#1593,#1594,#1595,#1596,#1597,#1598,#1599,#1600,#1601
      ,#1602,#1603,#1604,#1605,#1606,#1607,#1608,#1609,#1610,#1611,#1612
      ,#1613,#1614,#1615,#1616,#1617,#1618,#1619,#1620,#1621,#1622,#1623
      ,#1624,#1625,#1626,#1627,#1628,#1629,#1630,#1631,#1632,#1633,#1634
      ,#1635,#1636,#1637,#1638,#1639,#1640,#1641,#1642,#1643,#1644,#1645
      ,#1646,#1647,#1648,#1649,#1650,#1651,#1652,#1653,#1654,#1655,#1656
      ,#1657,#1658,#1659,#1660,#1661,#1662,#1663,#1664,#1665,#1666,#1667
      ,#1668,#1669,#1670,#1671,#1672,#1673,#1674,#1675,#1676,#1677,#1678
      ,#1679,#1680,#1681,#1682,#1683,#1684,#1685,#1686,#1687,#1688,#1689
      ,#1690,#1691,#1692,#1693,#1694,#1695,#1696,#1697,#1698,#1699,#1700
      ,#1701,#1702,#1703,#1704,#1705,#1706,#1707,#1708,#1709,#1710,#1711
      ,#1712,#1713,#1714,#1715,#1716,#1717,#1718,#1719,#1720,#1721,#1722
      ,#1723,#1724,#1725,#1726,#1727,#1728,#1729,#1730,#1731,#1732,#1733
      ,#1734,#1735,#1736,#1737,#1738,#1739,#1740,#1741,#1742,#1743,#1744
      ,#1745,#1746,#1747,#1748,#1749,#1750,#1751,#1752,#1753,#1754,#1755
      ,#1756,#1757,#1758,#1759,#1760)
    ,(#1761,#1762,#1763,#1764,#1765,#1766,#1767,#1768,#1769,#1770,#1771
      ,#1772,#1773,#1774,#1775,#1776,#1777,#1778,#1779,#1780,#1781,#1782
      ,#1783,#1784,#1785,#1786,#1787,#1788,#1789,#1790,#1791,#1792,#1793
      ,#1794,#1795,#1796,#1797,#1798,#1799,#1800,#1801,#1802,#1803,#1804
      ,#1805,#1806,#1807,#1808,#1809,#1810,#1811,#1812,#1813,#1814,#1815
      ,#1816,#1817,#1818,#1819,#1820,#1821,#1822,#1823,#1824,#1825,#1826
      ,#1827,#1828,#1829,#1830,#1831,#1832,#1833,#1834,#1835,#1836,#1837
      ,#1838,#1839,#1840,#1841,#1842,#1843,#1844,#1845,#1846,#1847,#1848
      ,#1849,#1850,#1851,#1852,#1853,#1854,#1855,#1856,#1857,#1858,#1859
      ,#1860,#1861,#1862,#1863,#1864,#1865,#1866,#1867,#1868,#1869,#1870
      ,#1871,#1872,#1873,#1874,#1875,#1876,#1877,#1878,#1879,#1880,#1881
      ,#1882,#1883,#1884,#1885,#1886,#1887,#1888,#1889,#1890,#1891,#1892
      ,#1893,#1894,#1895,#1896,#1897,#1898,#1899,#1900,#1901,#1902,#1903
      ,#1904,#1905,#1906,#1907,#1908,#1909,#1910,#1911,#1912,#1913,#1914
      ,#1915,#1916,#1917,#1918,#1919,#1920,#1921,#1922,#1923,#1924,#1925
      ,#1926,#1927,#1928,#1929,#1930,#1931,#1932,#1933,#1934,#1935,#1936
      ,#1937,#1938,#1939,#1940,#1941,#1942,#1943,#1944,#1945,#1946,#1947
      ,#1948,#1949,#1950,#1951,#1952,#1953,#1954,#1955,#1956,#1957,#1958
      ,#1959,#1960,#1961,#1962,#1963,#1964,#1965,#1966,#1967,#1968,#1969
      ,#1970,#1971,#1972,#1973,#1974,#1975,#1976,#1977,#1978,#1979,#1980
      ,#1981,#1982,#1983,#1984,#1985,#1986,#1987,#1988,#1989,#1990,#1991
      ,#1992,#1993,#1994,#1995,#1996,#1997,#1998,#1999,#2000,#2001,#2002
      ,#2003,#2004,#2005,#2006,#2007,#2008,#2009,#2010,#2011,#2012,#2013
      ,#2014,#2015,#2016,#2017,#2018,#2019,#2020,#2021,#2022,#2023,#2024
      ,#2025,#2026,#2027,#2028,#2029,#2030,#2031,#2032,#2033,#2034,#2035
      ,#2036,#2037,#2038,#2039,#2040,#2041,#2042,#2043,#2044,#2045,#2046
      ,#2047,#2048,#2049,#2050,#2051,#2052,#2053,#2054,#2055,#2056,#2057
      ,#2058,#2059,#2060,#2061,#2062,#2063,#2064,#2065,#2066,#2067,#2068
      ,#2069,#2070,#2071,#2072,#2073,#2074,#2075,#2076,#2077,#2078,#2079
      ,#2080,#2081,#2082,#2083,#2084,#2085,#2086,#2087,#2088,#2089,#2090
      ,#2091,#2092,#2093,#2094,#2095,#2096,#2097,#2098,#2099,#2100,#2101
      ,#2102,#2103,#2104,#2105,#2106,#2107,#2108,#2109,#2110,#2111,#2112
      ,#2113,#2114,#2115,#2116,#2117,#2118,#2119,#2120,#2121,#2122,#2123
      ,#2124,#2125,#2126,#2127,#2128,#2129,#2130,#2131,#2132,#2133,#2134
      ,#2135,#2136,#2137,#2138,#2139,#2140,#2141,#2142,#2143,#2144,#2145
      ,#2146,#2147,#2148,#2149,#2150,#2151,#2152,#2153,#2154,#2155,#2156
      ,#2157,#2158,#2159,#2160,#2161,#2162,#2163,#2164,#2165,#2166,#2167
      ,#2168,#2169,#2170,#2171,#2172,#2173,#2174,#2175,#2176,#2177,#2178
      ,#2179,#2180,#2181,#2182,#2183,#2184,#2185,#2186,#2187,#2188,#2189
      ,#2190,#2191,#2192,#2193,#2194,#2195,#2196,#2197,#2198,#2199,#2200
      ,#2201,#2202,#2203,#2204,#2205,#2206,#2207,#2208,#2209,#2210,#2211
      ,#2212,#2213,#2214,#2215,#2216,#2217,#2218,#2219,#2220,#2221,#2222
      ,#2223,#2224,#2225,#2226,#2227,#2228,#2229,#2230,#2231,#2232,#2233
      ,#2234,#2235,#2236,#2237,#2238,#2239,#2240,#2241,#2242,#2243,#2244
      ,#2245,#2246,#2247,#2248,#2249,#2250,#2251,#2252,#2253,#2254,#2255
      ,#2256,#2257,#2258,#2259,#2260,#2261,#2262,#2263,#2264,#2265,#2266
      ,#2267,#2268,#2269,#2270,#2271,#2272,#2273,#2274,#2275,#2276,#2277
      ,#2278,#2279,#2280,#2281,#2282,#2283,#2284,#2285,#2286,#2287,#2288
      ,#2289,#2290,#2291,#2292,#2293,#2294,#2295,#2296,#2297,#2298,#2299
      ,#2300,#2301,#2302,#2303,#2304,#2305,#2306,#2307,#2308,#2309,#2310
      ,#2311,#2312,#2313,#2314,#2315,#2316,#2317,#2318,#2319,#2320,#2321
      ,#2322,#2323,#2324,#2325,#2326,#2327,#2328,#2329,#2330,#2331,#2332
      ,#2333,#2334,#2335,#2336,#2337)
    ,(#2338,#2339,#2340,#2341,#2342,#2343,#2344,#2345,#2346,#2347,#2348
      ,#2349,#2350,#2351,#2352,#2353,#2354,#2355,#2356,#2357,#2358,#2359
      ,#2360,#2361,#2362,#2363,#2364,#2365,#2366,#2367,#2368,#2369,#2370
      ,#2371,#2372,#2373,#2374,#2375,#2376,#2377,#2378,#2379,#2380,#2381
      ,#2382,#2383,#2384,#2385,#2386,#2387,#2388,#2389,#2390,#2391,#2392
      ,#2393,#2394,#2395,#2396,#2397,#2398,#2399,#2400,#2401,#2402,#2403
      ,#2404,#2405,#2406,#2407,#2408,#2409,#2410,#2411,#2412,#2413,#2414
      ,#2415,#2416,#2417,#2418,#2419,#2420,#2421,#2422,#2423,#2424,#2425
      ,#2426,#2427,#2428,#2429,#2430,#2431,#2432,#2433,#2434,#2435,#2436
      ,#2437,#2438,#2439,#2440,#2441,#2442,#2443,#2444,#2445,#2446,#2447
      ,#2448,#2449,#2450,#2451,#2452,#2453,#2454,#2455,#2456,#2457,#2458
      ,#2459,#2460,#2461,#2462,#2463,#2464,#2465,#2466,#2467,#2468,#2469
      ,#2470,#2471,#2472,#2473,#2474,#2475,#2476,#2477,#2478,#2479,#2480
      ,#2481,#2482,#2483,#2484,#2485,#2486,#2487,#2488,#2489,#2490,#2491
      ,#2492,#2493,#2494,#2495,#2496,#2497,#2498,#2499,#2500,#2501,#2502
      ,#2503,#2504,#2505,#2506,#2507,#2508,#2509,#2510,#2511,#2512,#2513
      ,#2514,#2515,#2516,#2517,#2518,#2519,#2520,#2521,#2522,#2523,#2524
      ,#2525,#2526,#2527,#2528,#2529,#2530,#2531,#2532,#2533,#2534,#2535
      ,#2536,#2537,#2538,#2539,#2540,#2541,#2542,#2543,#2544,#2545,#2546
      ,#2547,#2548,#2549,#2550,#2551,#2552,#2553,#2554,#2555,#2556,#2557
      ,#2558,#2559,#2560,#2561,#2562,#2563,#2564,#2565,#2566,#2567,#2568
      ,#2569,#2570,#2571,#2572,#2573,#2574,#2575,#2576,#2577,#2578,#2579
      ,#2580,#2581,#2582,#2583,#2584,#2585,#2586,#2587,#2588,#2589,#2590
      ,#2591,#2592,#2593,#2594,#2595,#2596,#2597,#2598,#2599,#2600,#2601
      ,#2602,#2603,#2604,#2605,#2606,#2607,#2608,#2609,#2610,#2611,#2612
      ,#2613,#2614,#2615,#2616,#2617,#2618,#2619,#2620,#2621,#2622,#2623
      ,#2624,#2625,#2626,#2627,#2628,#2629,#2630,#2631,#2632,#2633,#2634
      ,#2635,#2636,#2637,#2638,#2639,#2640,#2641,#2642,#2643,#2644,#2645
      ,#2646,#2647,#2648,#2649,#2650,#2651,#2652,#2653,#2654,#2655,#2656
      ,#2657,#2658,#2659,#2660,#2661,#2662,#2663,#2664,#2665,#2666,#2667
      ,#2668,#2669,#2670,#2671,#2672,#2673,#2674,#2675,#2676,#2677,#2678
      ,#2679,#2680,#2681,#2682,#2683,#2684,#2685,#2686,#2687,#2688,#2689
      ,#2690,#2691,#2692,#2693,#2694,#2695,#2696,#2697,#2698,#2699,#2700
      ,#2701,#2702,#2703,#2704,#2705,#2706,#2707,#2708,#2709,#2710,#2711
      ,#2712,#2713,#2714,#2715,#2716,#2717,#2718,#2719,#2720,#2721,#2722
      ,#2723,#2724,#2725,#2726,#2727,#2728,#2729,#2730,#2731,#2732,#2733
      ,#2734,#2735,#2736,#2737,#2738,#2739,#2740,#2741,#2742,#2743,#2744
      ,#2745,#2746,#2747,#2748,#2749,#2750,#2751,#2752,#2753,#2754,#2755
      ,#2756,#2757,#2758,#2759,#2760,#2761,#2762,#2763,#2764,#2765,#2766
      ,#2767,#2768,#2769,#2770,#2771,#2772,#2773,#2774,#2775,#2776,#2777
      ,#2778,#2779,#2780,#2781,#2782,#2783,#2784,#2785,#2786,#2787,#2788
      ,#2789,#2790,#2791,#2792,#2793,#2794,#2795,#2796,#2797,#2798,#2799
      ,#2800,#2801,#2802,#2803,#2804,#2805,#2806,#2807,#2808,#2809,#2810
      ,#2811,#2812,#2813,#2814,#2815,#2816,#2817,#2818,#2819,#2820,#2821
      ,#2822,#2823,#2824,#2825,#2826,#2827,#2828,#2829,#2830,#2831,#2832
      ,#2833,#2834,#2835,#2836,#2837,#2838,#2839,#2840,#2841,#2842,#2843
      ,#2844,#2845,#2846,#2847,#2848,#2849,#2850,#2851,#2852,#2853,#2854
      ,#2855,#2856,#2857,#2858,#2859,#2860,#2861,#2862,#2863,#2864,#2865
      ,#2866,#2867,#2868,#2869,#2870,#2871,#2872,#2873,#2874,#2875,#2876
      ,#2877,#2878,#2879,#2880,#2881,#2882,#2883,#2884,#2885,#2886,#2887
      ,#2888,#2889,#2890,#2891,#2892,#2893,#2894,#2895,#2896,#2897,#2898
      ,#2899,#2900,#2901,#2902,#2903,#2904,#2905,#2906,#2907,#2908,#2909
      ,#2910,#2911,#2912,#2913,#2914)
    ,(#2915,#2916,#2917,#2918,#2919,#2920,#2921,#2922,#2923,#2924,#2925
      ,#2926,#2927,#2928,#2929,#2930,#2931,#2932,#2933,#2934,#2935,#2936
      ,#2937,#2938,#2939,#2940,#2941,#2942,#2943,#2944,#2945,#2946,#2947
      ,#2948,#2949,#2950,#2951,#2952,#2953,#2954,#2955,#2956,#2957,#2958
      ,#2959,#2960,#2961,#2962,#2963,#2964,#2965,#2966,#2967,#2968,#2969
      ,#2970,#2971,#2972,#2973,#2974,#2975,#2976,#2977,#2978,#2979,#2980
      ,#2981,#2982,#2983,#2984,#2985,#2986,#2987,#2988,#2989,#2990,#2991
      ,#2992,#2993,#2994,#2995,#2996,#2997,#2998,#2999,#3000,#3001,#3002
      ,#3003,#3004,#3005,#3006,#3007,#3008,#3009,#3010,#3011,#3012,#3013
      ,#3014,#3015,#3016,#3017,#3018,#3019,#3020,#3021,#3022,#3023,#3024
      ,#3025,#3026,#3027,#3028,#3029,#3030,#3031,#3032,#3033,#3034,#3035
      ,#3036,#3037,#3038,#3039,#3040,#3041,#3042,#3043,#3044,#3045,#3046
      ,#3047,#3048,#3049,#3050,#3051,#3052,#3053,#3054,#3055,#3056,#3057
      ,#3058,#3059,#3060,#3061,#3062,#3063,#3064,#3065,#3066,#3067,#3068
      ,#3069,#3070,#3071,#3072,#3073,#3074,#3075,#3076,#3077,#3078,#3079
      ,#3080,#3081,#3082,#3083,#3084,#3085,#3086,#3087,#3088,#3089,#3090
      ,#3091,#3092,#3093,#3094,#3095,#3096,#3097,#3098,#3099,#3100,#3101
      ,#3102,#3103,#3104,#3105,#3106,#3107,#3108,#3109,#3110,#3111,#3112
      ,#3113,#3114,#3115,#3116,#3117,#3118,#3119,#3120,#3121,#3122,#3123
      ,#3124,#3125,#3126,#3127,#3128,#3129,#3130,#3131,#3132,#3133,#3134
      ,#3135,#3136,#3137,#3138,#3139,#3140,#3141,#3142,#3143,#3144,#3145
      ,#3146,#3147,#3148,#3149,#3150,#3151,#3152,#3153,#3154,#3155,#3156
      ,#3157,#3158,#3159,#3160,#3161,#3162,#3163,#3164,#3165,#3166,#3167
      ,#3168,#3169,#3170,#3171,#3172,#3173,#3174,#3175,#3176,#3177,#3178
      ,#3179,#3180,#3181,#3182,#3183,#3184,#3185,#3186,#3187,#3188,#3189
      ,#3190,#3191,#3192,#3193,#3194,#3195,#3196,#3197,#3198,#3199,#3200
      ,#3201,#3202,#3203,#3204,#3205,#3206,#3207,#3208,#3209,#3210,#3211
      ,#3212,#3213,#3214,#3215,#3216,#3217,#3218,#3219,#3220,#3221,#3222
      ,#3223,#3224,#3225,#3226,#3227,#3228,#3229,#3230,#3231,#3232,#3233
      ,#3234,#3235,#3236,#3237,#3238,#3239,#3240,#3241,#3242,#3243,#3244
      ,#3245,#3246,#3247,#3248,#3249,#3250,#3251,#3252,#3253,#3254,#3255
      ,#3256,#3257,#3258,#3259,#3260,#3261,#3262,#3263,#3264,#3265,#3266
      ,#3267,#3268,#3269,#3270,#3271,#3272,#3273,#3274,#3275,#3276,#3277
      ,#3278,#3279,#3280,#3281,#3282,#3283,#3284,#3285,#3286,#3287,#3288
      ,#3289,#3290,#3291,#3292,#3293,#3294,#3295,#3296,#3297,#3298,#3299
      ,#3300,#3301,#3302,#3303,#3304,#3305,#3306,#3307,#3308,#3309,#3310
      ,#3311,#3312,#3313,#3314,#3315,#3316,#3317,#3318,#3319,#3320,#3321
      ,#3322,#3323,#3324,#3325,#3326,#3327,#3328,#3329,#3330,#3331,#3332
      ,#3333,#3334,#3335,#3336,#3337,#3338,#3339,#3340,#3341,#3342,#3343
      ,#3344,#3345,#3346,#3347,#3348,#3349,#3350,#3351,#3352,#3353,#3354
      ,#3355,#3356,#3357,#3358,#3359,#3360,#3361,#3362,#3363,#3364,#3365
      ,#3366,#3367,#3368,#3369,#3370,#3371,#3372,#3373,#3374,#3375,#3376
      ,#3377,#3378,#3379,#3380,#3381,#3382,#3383,#3384,#3385,#3386,#3387
      ,#3388,#3389,#3390,#3391,#3392,#3393,#3394,#3395,#3396,#3397,#3398
      ,#3399,#3400,#3401,#3402,#3403,#3404,#3405,#3406,#3407,#3408,#3409
      ,#3410,#3411,#3412,#3413,#3414,#3415,#3416,#3417,#3418,#3419,#3420
      ,#3421,#3422,#3423,#3424,#3425,#3426,#3427,#3428,#3429,#3430,#3431
      ,#3432,#3433,#3434,#3435,#3436,#3437,#3438,#3439,#3440,#3441,#3442
      ,#3443,#3444,#3445,#3446,#3447,#3448,#3449,#3450,#3451,#3452,#3453
      ,#3454,#3455,#3456,#3457,#3458,#3459,#3460,#3461,#3462,#3463,#3464
      ,#3465,#3466,#3467,#3468,#3469,#3470,#3471,#3472,#3473,#3474,#3475
      ,#3476,#3477,#3478,#3479,#3480,#3481,#3482,#3483,#3484,#3485,#3486
      ,#3487,#3488,#3489,#3490,#3491)
    ,(#3492,#3493,#3494,#3495,#3496,#3497,#3498,#3499,#3500,#3501,#3502
      ,#3503,#3504,#3505,#3506,#3507,#3508,#3509,#3510,#3511,#3512,#3513
      ,#3514,#3515,#3516,#3517,#3518,#3519,#3520,#3521,#3522,#3523,#3524
      ,#3525,#3526,#3527,#3528,#3529,#3530,#3531,#3532,#3533,#3534,#3535
      ,#3536,#3537,#3538,#3539,#3540,#3541,#3542,#3543,#3544,#3545,#3546
      ,#3547,#3548,#3549,#3550,#3551,#3552,#3553,#3554,#3555,#3556,#3557
      ,#3558,#3559,#3560,#3561,#3562,#3563,#3564,#3565,#3566,#3567,#3568
      ,#3569,#3570,#3571,#3572,#3573,#3574,#3575,#3576,#3577,#3578,#3579
      ,#3580,#3581,#3582,#3583,#3584,#3585,#3586,#3587,#3588,#3589,#3590
      ,#3591,#3592,#3593,#3594,#3595,#3596,#3597,#3598,#3599,#3600,#3601
      ,#3602,#3603,#3604,#3605,#3606,#3607,#3608,#3609,#3610,#3611,#3612
      ,#3613,#3614,#3615,#3616,#3617,#3618,#3619,#3620,#3621,#3622,#3623
      ,#3624,#3625,#3626,#3627,#3628,#3629,#3630,#3631,#3632,#3633,#3634
      ,#3635,#3636,#3637,#3638,#3639,#3640,#3641,#3642,#3643,#3644,#3645
      ,#3646,#3647,#3648,#3649,#3650,#3651,#3652,#3653,#3654,#3655,#3656
      ,#3657,#3658,#3659,#3660,#3661,#3662,#3663,#3664,#3665,#3666,#3667
      ,#3668,#3669,#3670,#3671,#3672,#3673,#3674,#3675,#3676,#3677,#3678
      ,#3679,#3680,#3681,#3682,#3683,#3684,#3685,#3686,#3687,#3688,#3689
      ,#3690,#3691,#3692,#3693,#3694,#3695,#3696,#3697,#3698,#3699,#3700
      ,#3701,#3702,#3703,#3704,#3705,#3706,#3707,#3708,#3709,#3710,#3711
      ,#3712,#3713,#3714,#3715,#3716,#3717,#3718,#3719,#3720,#3721,#3722
      ,#3723,#3724,#3725,#3726,#3727,#3728,#3729,#3730,#3731,#3732,#3733
      ,#3734,#3735,#3736,#3737,#3738,#3739,#3740,#3741,#3742,#3743,#3744
      ,#3745,#3746,#3747,#3748,#3749,#3750,#3751,#3752,#3753,#3754,#3755
      ,#3756,#3757,#3758,#3759,#3760,#3761,#3762,#3763,#3764,#3765,#3766
      ,#3767,#3768,#3769,#3770,#3771,#3772,#3773,#3774,#3775,#3776,#3777
      ,#3778,#3779,#3780,#3781,#3782,#3783,#3784,#3785,#3786,#3787,#3788
      ,#3789,#3790,#3791,#3792,#3793,#3794,#3795,#3796,#3797,#3798,#3799
      ,#3800,#3801,#3802,#3803,#3804,#3805,#3806,#3807,#3808,#3809,#3810
      ,#3811,#3812,#3813,#3814,#3815,#3816,#3817,#3818,#3819,#3820,#3821
      ,#3822,#3823,#3824,#3825,#3826,#3827,#3828,#3829,#3830,#3831,#3832
      ,#3833,#3834,#3835,#3836,#3837,#3838,#3839,#3840,#3841,#3842,#3843
      ,#3844,#3845,#3846,#3847,#3848,#3849,#3850,#3851,#3852,#3853,#3854
      ,#3855,#3856,#3857,#3858,#3859,#3860,#3861,#3862,#3863,#3864,#3865
      ,#3866,#3867,#3868,#3869,#3870,#3871,#3872,#3873,#3874,#3875,#3876
      ,#3877,#3878,#3879,#3880,#3881,#3882,#3883,#3884,#3885,#3886,#3887
      ,#3888,#3889,#3890,#3891,#3892,#3893,#3894,#3895,#3896,#3897,#3898
      ,#3899,#3900,#3901,#3902,#3903,#3904,#3905,#3906,#3907,#3908,#3909
      ,#3910,#3911,#3912,#3913,#3914,#3915,#3916,#3917,#3918,#3919,#3920
      ,#3921,#3922,#3923,#3924,#3925,#3926,#3927,#3928,#3929,#3930,#3931
      ,#3932,#3933,#3934,#3935,#3936,#3937,#3938,#3939,#3940,#3941,#3942
      ,#3943,#3944,#3945,#3946,#3947,#3948,#3949,#3950,#3951,#3952,#3953
      ,#3954,#3955,#3956,#3957,#3958,#3959,#3960,#3961,#3962,#3963,#3964
      ,#3965,#3966,#3967,#3968,#3969,#3970,#3971,#3972,#3973,#3974,#3975
      ,#3976,#3977,#3978,#3979,#3980,#3981,#3982,#3983,#3984,#3985,#3986
      ,#3987,#3988,#3989,#3990,#3991,#3992,#3993,#3994,#3995,#3996,#3997
      ,#3998,#3999,#4000,#4001,#4002,#4003,#4004,#4005,#4006,#4007,#4008
      ,#4009,#4010,#4011,#4012,#4013,#4014,#4015,#4016,#4017,#4018,#4019
      ,#4020,#4021,#4022,#4023,#4024,#4025,#4026,#4027,#4028,#4029,#4030
      ,#4031,#4032,#4033,#4034,#4035,#4036,#4037,#4038,#4039,#4040,#4041
      ,#4042,#4043,#4044,#4045,#4046,#4047,#4048,#4049,#4050,#4051,#4052
      ,#4053,#4054,#4055,#4056,#4057,#4058,#4059,#4060,#4061,#4062,#4063
      ,#4064,#4065,#4066,#4067,#4068)
    ,(#4069,#4070,#4071,#4072,#4073,#4074,#4075,#4076,#4077,#4078,#4079
      ,#4080,#4081,#4082,#4083,#4084,#4085,#4086,#4087,#4088,#4089,#4090
      ,#4091,#4092,#4093,#4094,#4095,#4096,#4097,#4098,#4099,#4100,#4101
      ,#4102,#4103,#4104,#4105,#4106,#4107,#4108,#4109,#4110,#4111,#4112
      ,#4113,#4114,#4115,#4116,#4117,#4118,#4119,#4120,#4121,#4122,#4123
      ,#4124,#4125,#4126,#4127,#4128,#4129,#4130,#4131,#4132,#4133,#4134
      ,#4135,#4136,#4137,#4138,#4139,#4140,#4141,#4142,#4143,#4144,#4145
      ,#4146,#4147,#4148,#4149,#4150,#4151,#4152,#4153,#4154,#4155,#4156
      ,#4157,#4158,#4159,#4160,#4161,#4162,#4163,#4164,#4165,#4166,#4167
      ,#4168,#4169,#4170,#4171,#4172,#4173,#4174,#4175,#4176,#4177,#4178
      ,#4179,#4180,#4181,#4182,#4183,#4184,#4185,#4186,#4187,#4188,#4189
      ,#4190,#4191,#4192,#4193,#4194,#4195,#4196,#4197,#4198,#4199,#4200
      ,#4201,#4202,#4203,#4204,#4205,#4206,#4207,#4208,#4209,#4210,#4211
      ,#4212,#4213,#4214,#4215,#4216,#4217,#4218,#4219,#4220,#4221,#4222
      ,#4223,#4224,#4225,#4226,#4227,#4228,#4229,#4230,#4231,#4232,#4233
      ,#4234,#4235,#4236,#4237,#4238,#4239,#4240,#4241,#4242,#4243,#4244
      ,#4245,#4246,#4247,#4248,#4249,#4250,#4251,#4252,#4253,#4254,#4255
      ,#4256,#4257,#4258,#4259,#4260,#4261,#4262,#4263,#4264,#4265,#4266
      ,#4267,#4268,#4269,#4270,#4271,#4272,#4273,#4274,#4275,#4276,#4277
      ,#4278,#4279,#4280,#4281,#4282,#4283,#4284,#4285,#4286,#4287,#4288
      ,#4289,#4290,#4291,#4292,#4293,#4294,#4295,#4296,#4297,#4298,#4299
      ,#4300,#4301,#4302,#4303,#4304,#4305,#4306,#4307,#4308,#4309,#4310
      ,#4311,#4312,#4313,#4314,#4315,#4316,#4317,#4318,#4319,#4320,#4321
      ,#4322,#4323,#4324,#4325,#4326,#4327,#4328,#4329,#4330,#4331,#4332
      ,#4333,#4334,#4335,#4336,#4337,#4338,#4339,#4340,#4341,#4342,#4343
      ,#4344,#4345,#4346,#4347,#4348,#4349,#4350,#4351,#4352,#4353,#4354
      ,#4355,#4356,#4357,#4358,#4359,#4360,#4361,#4362,#4363,#4364,#4365
      ,#4366,#4367,#4368,#4369,#4370,#4371,#4372,#4373,#4374,#4375,#4376
      ,#4377,#4378,#4379,#4380,#4381,#4382,#4383,#4384,#4385,#4386,#4387
      ,#4388,#4389,#4390,#4391,#4392,#4393,#4394,#4395,#4396,#4397,#4398
      ,#4399,#4400,#4401,#4402,#4403,#4404,#4405,#4406,#4407,#4408,#4409
      ,#4410,#4411,#4412,#4413,#4414,#4415,#4416,#4417,#4418,#4419,#4420
      ,#4421,#4422,#4423,#4424,#4425,#4426,#4427,#4428,#4429,#4430,#4431
      ,#4432,#4433,#4434,#4435,#4436,#4437,#4438,#4439,#4440,#4441,#4442
      ,#4443,#4444,#4445,#4446,#4447,#4448,#4449,#4450,#4451,#4452,#4453
      ,#4454,#4455,#4456,#4457,#4458,#4459,#4460,#4461,#4462,#4463,#4464
      ,#4465,#4466,#4467,#4468,#4469,#4470,#4471,#4472,#4473,#4474,#4475
      ,#4476,#4477,#4478,#4479,#4480,#4481,#4482,#4483,#4484,#4485,#4486
      ,#4487,#4488,#4489,#4490,#4491,#4492,#4493,#4494,#4495,#4496,#4497
      ,#4498,#4499,#4500,#4501,#4502,#4503,#4504,#4505,#4506,#4507,#4508
      ,#4509,#4510,#4511,#4512,#4513,#4514,#4515,#4516,#4517,#4518,#4519
      ,#4520,#4521,#4522,#4523,#4524,#4525,#4526,#4527,#4528,#4529,#4530
      ,#4531,#4532,#4533,#4534,#4535,#4536,#4537,#4538,#4539,#4540,#4541
      ,#4542,#4543,#4544,#4545,#4546,#4547,#4548,#4549,#4550,#4551,#4552
      ,#4553,#4554,#4555,#4556,#4557,#4558,#4559,#4560,#4561,#4562,#4563
      ,#4564,#4565,#4566,#4567,#4568,#4569,#4570,#4571,#4572,#4573,#4574
      ,#4575,#4576,#4577,#4578,#4579,#4580,#4581,#4582,#4583,#4584,#4585
      ,#4586,#4587,#4588,#4589,#4590,#4591,#4592,#4593,#4594,#4595,#4596
      ,#4597,#4598,#4599,#4600,#4601,#4602,#4603,#4604,#4605,#4606,#4607
      ,#4608,#4609,#4610,#4611,#4612,#4613,#4614,#4615,#4616,#4617,#4618
      ,#4619,#4620,#4621,#4622,#4623,#4624,#4625,#4626,#4627,#4628,#4629
      ,#4630,#4631,#4632,#4633,#4634,#4635,#4636,#4637,#4638,#4639,#4640
      ,#4641,#4642,#4643,#4644,#4645
)),.UNSPECIFIED.,.T.,.F.,.F.) B_SPLINE_SURFACE_WITH_KNOTS((1,6,6,1),(10,
    9,9,9,9,9,9,9,9,9,9,9,9,9,9,9,9,9,9,9,9,9,9,9,9,9,9,9,9,9,9,9,9,9,9,
    9,9,9,9,9,9,9,9,9,9,9,9,9,9,9,9,9,9,9,9,9,9,9,9,9,9,9,9,9,10),(
    -6.28318530718,0.,6.28318530718,12.566370614359),(0.,5.396993153997,
    10.793986307995,16.190979461992,21.587972615989,26.984965769987,
    32.381958923984,37.778952077982,43.175945231979,48.572938385976,
    53.969931539974,59.366924693971,64.763917847968,70.160911001966,
    75.557904155963,80.95489730996,86.351890463958,91.748883617955,
    97.145876771953,102.54286992595,107.93986307994,113.33685623394,
    118.73384938794,124.13084254193,129.52783569593,134.92482884993,
    140.32182200393,145.71881515792,151.11580831192,156.51280146592,
    161.90979461992,167.30678777391,172.70378092791,178.10077408191,
    183.49776723591,188.8947603899,194.2917535439,199.6887466979,
    205.0857398519,210.48273300589,215.87972615989,221.27671931389,
    226.67371246788,232.07070562188,237.46769877588,242.86469192988,
    248.26168508387,253.65867823787,259.05567139187,264.45266454587,
    269.84965769986,275.24665085386,280.64364400786,286.04063716186,
    291.43763031585,296.83462346985,302.23161662385,307.62860977785,
    313.02560293184,318.42259608584,323.81958923984,329.21658239383,
    334.61357554783,340.01056870183,345.40756185583),.UNSPECIFIED.) 
GEOMETRIC_REPRESENTATION_ITEM() RATIONAL_B_SPLINE_SURFACE((
    (1.669078461068,1.669078461068,1.669078461068,1.669078461068
      ,1.669078461068,1.669078461068,1.669078461068,1.669078461068
      ,1.669078461068,1.669078461068,1.669078461068,1.669078461068
      ,1.669078461068,1.669078461068,1.669078461068,1.669078461068
      ,1.669078461068,1.669078461068,1.669078461068,1.669078461068
      ,1.669078461068,1.669078461068,1.669078461068,1.669078461068
      ,1.669078461068,1.669078461068,1.669078461068,1.669078461068
      ,1.669078461068,1.669078461068,1.669078461068,1.669078461068
      ,1.669078461068,1.669078461068,1.669078461068,1.669078461068
      ,1.669078461068,1.669078461068,1.669078461068,1.669078461068
      ,1.669078461068,1.669078461068,1.669078461068,1.669078461068
      ,1.669078461068,1.669078461068,1.669078461068,1.669078461068
      ,1.669078461068,1.669078461069,1.669078461068,1.669078461068
      ,1.669078461068,1.669078461068,1.669078461068,1.669078461068
      ,1.669078461068,1.669078461068,1.669078461069,1.669078461068
      ,1.669078461069,1.669078461068,1.669078461068,1.669078461068
      ,1.669078461068,1.669078461068,1.669078461068,1.669078461068
      ,1.669078461068,1.669078461068,1.669078461068,1.669078461068
      ,1.669078461068,1.669078461068,1.669078461068,1.669078461068
      ,1.669078461069,1.669078461068,1.669078461068,1.669078461068
      ,1.669078461068,1.669078461068,1.669078461068,1.669078461068
      ,1.669078461068,1.669078461069,1.669078461068,1.669078461069
      ,1.669078461068,1.669078461068,1.669078461068,1.669078461068
      ,1.669078461068,1.669078461068,1.669078461068,1.669078461068
      ,1.669078461068,1.669078461068,1.669078461068,1.669078461068
      ,1.669078461068,1.669078461068,1.669078461068,1.669078461068
      ,1.669078461068,1.669078461068,1.669078461068,1.669078461068
      ,1.669078461068,1.669078461068,1.669078461068,1.669078461068
      ,1.669078461069,1.669078461068,1.669078461069,1.669078461068
      ,1.669078461068,1.669078461068,1.669078461068,1.669078461068
      ,1.669078461068,1.669078461069,1.669078461068,1.669078461069
      ,1.669078461068,1.669078461068,1.669078461068,1.669078461068
      ,1.669078461068,1.669078461068,1.669078461069,1.669078461068
      ,1.669078461069,1.669078461068,1.669078461068,1.669078461068
      ,1.669078461068,1.669078461068,1.669078461068,1.669078461068
      ,1.669078461068,1.669078461068,1.669078461068,1.669078461068
      ,1.669078461068,1.669078461068,1.669078461068,1.669078461068
      ,1.669078461068,1.669078461068,1.669078461068,1.669078461068
      ,1.669078461068,1.669078461068,1.669078461068,1.669078461068
      ,1.669078461068,1.669078461069,1.669078461068,1.669078461068
      ,1.669078461068,1.669078461068,1.669078461068,1.669078461068
      ,1.669078461068,1.669078461068,1.669078461068,1.669078461068
      ,1.669078461068,1.669078461068,1.669078461068,1.669078461068
      ,1.669078461068,1.669078461068,1.669078461068,1.669078461069
      ,1.669078461068,1.669078461069,1.669078461068,1.669078461068
      ,1.669078461068,1.669078461068,1.669078461068,1.669078461068
      ,1.669078461068,1.669078461068,1.669078461068,1.669078461068
      ,1.669078461068,1.669078461068,1.669078461068,1.669078461068
      ,1.669078461068,1.669078461068,1.669078461068,1.669078461068
      ,1.669078461068,1.669078461068,1.669078461068,1.669078461068
      ,1.669078461068,1.669078461068,1.669078461068,1.669078461068
      ,1.669078461068,1.669078461068,1.669078461068,1.669078461068
      ,1.669078461068,1.669078461068,1.669078461068,1.669078461068
      ,1.669078461068,1.669078461068,1.669078461068,1.669078461068
      ,1.669078461068,1.669078461068,1.669078461068,1.669078461068
      ,1.669078461069,1.669078461068,1.669078461069,1.669078461068
      ,1.669078461068,1.669078461068,1.669078461068,1.669078461069
      ,1.669078461068,1.669078461069,1.669078461068,1.669078461069
      ,1.669078461068,1.669078461068,1.669078461068,1.669078461068
      ,1.669078461068,1.669078461068,1.669078461068,1.669078461068
      ,1.669078461068,1.669078461068,1.669078461068,1.669078461068
      ,1.669078461068,1.669078461068,1.669078461068,1.669078461068
      ,1.669078461068,1.669078461068,1.669078461068,1.669078461068
      ,1.669078461068,1.669078461068,1.669078461068,1.669078461068
      ,1.669078461069,1.669078461068,1.669078461069,1.669078461068
      ,1.669078461068,1.669078461068,1.669078461068,1.669078461069
      ,1.669078461068,1.669078461069,1.669078461068,1.669078461069
      ,1.669078461068,1.669078461068,1.669078461068,1.669078461068
      ,1.669078461068,1.669078461068,1.669078461068,1.669078461068
      ,1.669078461068,1.669078461068,1.669078461068,1.669078461068
      ,1.669078461068,1.669078461068,1.669078461068,1.669078461068
      ,1.669078461068,1.669078461068,1.669078461068,1.669078461068
      ,1.669078461068,1.669078461068,1.669078461068,1.669078461068
      ,1.669078461068,1.669078461068,1.669078461068,1.669078461068
      ,1.669078461068,1.669078461068,1.669078461068,1.669078461068
      ,1.669078461068,1.669078461068,1.669078461068,1.669078461068
      ,1.669078461068,1.669078461068,1.669078461068,1.669078461068
      ,1.669078461068,1.669078461068,1.669078461068,1.669078461068
      ,1.669078461068,1.669078461068,1.669078461068,1.669078461068
      ,1.669078461068,1.669078461068,1.669078461068,1.669078461069
      ,1.669078461068,1.669078461069,1.669078461068,1.669078461068
      ,1.669078461068,1.669078461068,1.669078461069,1.669078461068
      ,1.669078461069,1.669078461068,1.669078461069,1.669078461068
      ,1.669078461068,1.669078461068,1.669078461068,1.669078461068
      ,1.669078461068,1.669078461068,1.669078461068,1.669078461068
      ,1.669078461068,1.669078461068,1.669078461068,1.669078461068
      ,1.669078461068,1.669078461069,1.669078461068,1.669078461069
      ,1.669078461068,1.669078461068,1.669078461068,1.669078461068
      ,1.669078461068,1.669078461068,1.669078461068,1.669078461069
      ,1.669078461068,1.669078461068,1.669078461068,1.669078461068
      ,1.669078461068,1.669078461068,1.669078461069,1.669078461068
      ,1.669078461069,1.669078461068,1.669078461069,1.669078461068
      ,1.669078461068,1.669078461068,1.669078461068,1.669078461068
      ,1.669078461068,1.669078461068,1.669078461068,1.669078461068
      ,1.669078461068,1.669078461068,1.669078461068,1.669078461068
      ,1.669078461068,1.669078461068,1.669078461068,1.669078461068
      ,1.669078461068,1.669078461068,1.669078461068,1.669078461068
      ,1.669078461068,1.669078461068,1.669078461068,1.669078461068
      ,1.669078461068,1.669078461068,1.669078461068,1.669078461068
      ,1.669078461068,1.669078461068,1.669078461068,1.669078461068
      ,1.669078461068,1.669078461068,1.669078461068,1.669078461068
      ,1.669078461068,1.669078461068,1.669078461068,1.669078461068
      ,1.669078461069,1.669078461068,1.669078461069,1.669078461068
      ,1.669078461068,1.669078461068,1.669078461068,1.669078461068
      ,1.669078461068,1.669078461068,1.669078461068,1.669078461068
      ,1.669078461068,1.669078461068,1.669078461068,1.669078461068
      ,1.669078461068,1.669078461068,1.669078461068,1.669078461068
      ,1.669078461068,1.669078461068,1.669078461068,1.669078461068
      ,1.669078461068,1.669078461068,1.669078461068,1.669078461068
      ,1.669078461068,1.669078461068,1.669078461068,1.669078461068
      ,1.669078461068,1.669078461068,1.669078461068,1.669078461068
      ,1.669078461068,1.669078461068,1.669078461068,1.669078461068
      ,1.669078461068,1.669078461068,1.669078461068,1.669078461068
      ,1.669078461068,1.669078461068,1.669078461068,1.669078461068
      ,1.669078461068,1.669078461068,1.669078461068,1.669078461068
      ,1.669078461068,1.669078461068,1.669078461068,1.669078461068
      ,1.669078461068,1.669078461068,1.669078461068,1.669078461068
      ,1.669078461068,1.669078461068,1.669078461068,1.669078461068
      ,1.669078461068,1.669078461068,1.669078461068,1.669078461068
      ,1.669078461068,1.669078461068,1.669078461068,1.669078461068
      ,1.669078461068,1.669078461068,1.669078461068,1.669078461068
      ,1.669078461068,1.669078461068,1.669078461068,1.669078461068
      ,1.669078461068,1.669078461068,1.669078461068,1.669078461068
      ,1.669078461068,1.669078461068,1.669078461068,1.669078461068
      ,1.669078461068,1.669078461068,1.669078461068,1.669078461068
      ,1.669078461068,1.669078461068,1.669078461068,1.669078461068
      ,1.669078461068,1.669078461068,1.669078461068,1.669078461068
      ,1.669078461068,1.669078461068,1.669078461068,1.669078461068
      ,1.669078461068,1.669078461068,1.669078461068,1.669078461068
      ,1.669078461068,1.669078461068,1.669078461068,1.669078461068
      ,1.669078461068,1.669078461068,1.669078461068,1.669078461068
      ,1.669078461068,1.669078461068,1.669078461068,1.669078461068
      ,1.669078461068,1.669078461068,1.669078461068,1.669078461068
      ,1.669078461068,1.669078461068,1.669078461068,1.669078461068
      ,1.669078461068,1.669078461068,1.669078461068,1.669078461068
      ,1.669078461068,1.669078461068,1.669078461068,1.669078461068
      ,1.669078461068,1.669078461068,1.669078461068,1.669078461068
      ,1.669078461068,1.669078461068,1.669078461068,1.669078461068
      ,1.669078461068,1.669078461068,1.669078461068,1.669078461068
      ,1.669078461068,1.669078461068,1.669078461068,1.669078461068
      ,1.669078461068,1.669078461068,1.669078461068,1.669078461068
      ,1.669078461068,1.669078461068,1.669078461068,1.669078461068
      ,1.669078461068,1.669078461068,1.669078461068,1.669078461068
      ,1.669078461068,1.669078461068,1.669078461068,1.669078461068
      ,1.669078461068)
    ,(1.03672962321,1.03672962321,1.03672962321,1.036729623209
      ,1.03672962321,1.036729623209,1.03672962321,1.03672962321
      ,1.03672962321,1.03672962321,1.03672962321,1.03672962321
      ,1.03672962321,1.03672962321,1.036729623209,1.03672962321
      ,1.03672962321,1.03672962321,1.03672962321,1.03672962321
      ,1.03672962321,1.03672962321,1.03672962321,1.03672962321
      ,1.03672962321,1.03672962321,1.03672962321,1.03672962321
      ,1.03672962321,1.03672962321,1.03672962321,1.03672962321
      ,1.03672962321,1.03672962321,1.03672962321,1.03672962321
      ,1.03672962321,1.03672962321,1.03672962321,1.03672962321
      ,1.03672962321,1.03672962321,1.03672962321,1.03672962321
      ,1.03672962321,1.03672962321,1.03672962321,1.03672962321
      ,1.03672962321,1.03672962321,1.03672962321,1.03672962321
      ,1.03672962321,1.03672962321,1.03672962321,1.03672962321
      ,1.03672962321,1.036729623209,1.03672962321,1.036729623209
      ,1.03672962321,1.03672962321,1.03672962321,1.03672962321
      ,1.03672962321,1.03672962321,1.03672962321,1.03672962321
      ,1.03672962321,1.03672962321,1.03672962321,1.03672962321
      ,1.03672962321,1.03672962321,1.03672962321,1.036729623209
      ,1.03672962321,1.036729623209,1.03672962321,1.03672962321
      ,1.03672962321,1.03672962321,1.03672962321,1.03672962321
      ,1.036729623209,1.03672962321,1.036729623209,1.03672962321
      ,1.03672962321,1.03672962321,1.03672962321,1.03672962321
      ,1.03672962321,1.036729623209,1.03672962321,1.036729623209
      ,1.03672962321,1.03672962321,1.03672962321,1.03672962321
      ,1.03672962321,1.03672962321,1.03672962321,1.03672962321
      ,1.03672962321,1.03672962321,1.03672962321,1.03672962321
      ,1.03672962321,1.03672962321,1.03672962321,1.036729623209
      ,1.03672962321,1.036729623209,1.03672962321,1.03672962321
      ,1.03672962321,1.03672962321,1.03672962321,1.03672962321
      ,1.036729623209,1.03672962321,1.036729623209,1.03672962321
      ,1.03672962321,1.03672962321,1.03672962321,1.03672962321
      ,1.03672962321,1.036729623209,1.03672962321,1.036729623209
      ,1.03672962321,1.03672962321,1.03672962321,1.03672962321
      ,1.03672962321,1.03672962321,1.03672962321,1.03672962321
      ,1.03672962321,1.03672962321,1.03672962321,1.03672962321
      ,1.03672962321,1.03672962321,1.03672962321,1.03672962321
      ,1.03672962321,1.03672962321,1.03672962321,1.03672962321
      ,1.03672962321,1.03672962321,1.03672962321,1.03672962321
      ,1.036729623209,1.03672962321,1.036729623209,1.03672962321
      ,1.03672962321,1.03672962321,1.03672962321,1.03672962321
      ,1.03672962321,1.03672962321,1.03672962321,1.03672962321
      ,1.03672962321,1.03672962321,1.03672962321,1.03672962321
      ,1.03672962321,1.03672962321,1.036729623209,1.03672962321
      ,1.036729623209,1.03672962321,1.03672962321,1.03672962321
      ,1.03672962321,1.03672962321,1.03672962321,1.03672962321
      ,1.03672962321,1.03672962321,1.03672962321,1.03672962321
      ,1.03672962321,1.03672962321,1.03672962321,1.03672962321
      ,1.03672962321,1.03672962321,1.03672962321,1.03672962321
      ,1.03672962321,1.03672962321,1.03672962321,1.03672962321
      ,1.03672962321,1.03672962321,1.03672962321,1.03672962321
      ,1.03672962321,1.03672962321,1.03672962321,1.03672962321
      ,1.03672962321,1.03672962321,1.03672962321,1.036729623209
      ,1.03672962321,1.03672962321,1.03672962321,1.03672962321
      ,1.03672962321,1.03672962321,1.03672962321,1.036729623209
      ,1.03672962321,1.036729623209,1.03672962321,1.03672962321
      ,1.03672962321,1.03672962321,1.03672962321,1.03672962321
      ,1.036729623209,1.03672962321,1.036729623209,1.03672962321
      ,1.036729623209,1.03672962321,1.03672962321,1.03672962321
      ,1.03672962321,1.03672962321,1.036729623209,1.03672962321
      ,1.036729623209,1.03672962321,1.03672962321,1.03672962321
      ,1.03672962321,1.03672962321,1.03672962321,1.03672962321
      ,1.03672962321,1.03672962321,1.03672962321,1.03672962321
      ,1.03672962321,1.03672962321,1.03672962321,1.036729623209
      ,1.03672962321,1.036729623209,1.03672962321,1.03672962321
      ,1.03672962321,1.03672962321,1.03672962321,1.03672962321
      ,1.036729623209,1.03672962321,1.036729623209,1.03672962321
      ,1.036729623209,1.03672962321,1.03672962321,1.03672962321
      ,1.03672962321,1.03672962321,1.036729623209,1.03672962321
      ,1.036729623209,1.03672962321,1.03672962321,1.03672962321
      ,1.03672962321,1.03672962321,1.03672962321,1.03672962321
      ,1.03672962321,1.03672962321,1.03672962321,1.03672962321
      ,1.03672962321,1.03672962321,1.03672962321,1.03672962321
      ,1.03672962321,1.03672962321,1.03672962321,1.03672962321
      ,1.03672962321,1.03672962321,1.03672962321,1.03672962321
      ,1.03672962321,1.036729623209,1.03672962321,1.036729623209
      ,1.03672962321,1.03672962321,1.03672962321,1.03672962321
      ,1.03672962321,1.03672962321,1.03672962321,1.03672962321
      ,1.03672962321,1.03672962321,1.03672962321,1.03672962321
      ,1.03672962321,1.03672962321,1.036729623209,1.03672962321
      ,1.036729623209,1.03672962321,1.03672962321,1.03672962321
      ,1.03672962321,1.03672962321,1.03672962321,1.036729623209
      ,1.03672962321,1.036729623209,1.03672962321,1.036729623209
      ,1.03672962321,1.03672962321,1.03672962321,1.03672962321
      ,1.03672962321,1.036729623209,1.03672962321,1.036729623209
      ,1.03672962321,1.03672962321,1.03672962321,1.03672962321
      ,1.036729623209,1.03672962321,1.036729623209,1.03672962321
      ,1.036729623209,1.03672962321,1.03672962321,1.03672962321
      ,1.03672962321,1.03672962321,1.03672962321,1.03672962321
      ,1.036729623209,1.03672962321,1.03672962321,1.03672962321
      ,1.03672962321,1.03672962321,1.03672962321,1.036729623209
      ,1.03672962321,1.036729623209,1.03672962321,1.036729623209
      ,1.03672962321,1.03672962321,1.03672962321,1.03672962321
      ,1.03672962321,1.036729623209,1.03672962321,1.036729623209
      ,1.03672962321,1.03672962321,1.03672962321,1.03672962321
      ,1.03672962321,1.03672962321,1.03672962321,1.03672962321
      ,1.03672962321,1.03672962321,1.03672962321,1.03672962321
      ,1.03672962321,1.03672962321,1.03672962321,1.03672962321
      ,1.03672962321,1.03672962321,1.03672962321,1.03672962321
      ,1.03672962321,1.03672962321,1.03672962321,1.03672962321
      ,1.03672962321,1.03672962321,1.03672962321,1.03672962321
      ,1.03672962321,1.03672962321,1.03672962321,1.036729623209
      ,1.03672962321,1.036729623209,1.03672962321,1.036729623209
      ,1.03672962321,1.03672962321,1.03672962321,1.03672962321
      ,1.03672962321,1.03672962321,1.03672962321,1.03672962321
      ,1.03672962321,1.03672962321,1.03672962321,1.03672962321
      ,1.03672962321,1.03672962321,1.036729623209,1.03672962321
      ,1.03672962321,1.03672962321,1.03672962321,1.03672962321
      ,1.03672962321,1.03672962321,1.03672962321,1.03672962321
      ,1.03672962321,1.03672962321,1.03672962321,1.03672962321
      ,1.03672962321,1.03672962321,1.03672962321,1.03672962321
      ,1.03672962321,1.03672962321,1.03672962321,1.03672962321
      ,1.03672962321,1.03672962321,1.03672962321,1.03672962321
      ,1.03672962321,1.03672962321,1.03672962321,1.03672962321
      ,1.03672962321,1.03672962321,1.03672962321,1.03672962321
      ,1.03672962321,1.03672962321,1.03672962321,1.036729623209
      ,1.03672962321,1.036729623209,1.03672962321,1.03672962321
      ,1.03672962321,1.03672962321,1.03672962321,1.03672962321
      ,1.036729623209,1.03672962321,1.036729623209,1.03672962321
      ,1.03672962321,1.03672962321,1.03672962321,1.03672962321
      ,1.03672962321,1.036729623209,1.03672962321,1.036729623209
      ,1.03672962321,1.03672962321,1.03672962321,1.03672962321
      ,1.03672962321,1.03672962321,1.03672962321,1.03672962321
      ,1.03672962321,1.03672962321,1.03672962321,1.03672962321
      ,1.03672962321,1.03672962321,1.03672962321,1.03672962321
      ,1.03672962321,1.03672962321,1.03672962321,1.03672962321
      ,1.03672962321,1.03672962321,1.03672962321,1.03672962321
      ,1.03672962321,1.03672962321,1.03672962321,1.03672962321
      ,1.03672962321,1.03672962321,1.03672962321,1.03672962321
      ,1.03672962321,1.03672962321,1.03672962321,1.03672962321
      ,1.03672962321,1.03672962321,1.03672962321,1.03672962321
      ,1.03672962321,1.03672962321,1.03672962321,1.03672962321
      ,1.03672962321,1.03672962321,1.03672962321,1.03672962321
      ,1.03672962321,1.03672962321,1.03672962321,1.036729623209
      ,1.03672962321,1.036729623209,1.03672962321,1.03672962321
      ,1.03672962321,1.03672962321,1.03672962321,1.03672962321
      ,1.036729623209,1.03672962321,1.036729623209,1.03672962321
      ,1.03672962321,1.03672962321,1.03672962321,1.03672962321
      ,1.03672962321,1.036729623209,1.03672962321,1.036729623209
      ,1.03672962321,1.03672962321,1.03672962321,1.03672962321
      ,1.03672962321,1.03672962321,1.03672962321,1.03672962321
      ,1.03672962321,1.03672962321,1.03672962321,1.03672962321
      ,1.03672962321,1.03672962321,1.03672962321,1.03672962321
      ,1.03672962321,1.03672962321,1.03672962321,1.03672962321
      ,1.03672962321)
    ,(1.038346699848,1.038346699847,1.038346699848,1.038346699847
      ,1.038346699848,1.038346699847,1.038346699848,1.038346699847
      ,1.038346699848,1.038346699848,1.038346699848,1.038346699848
      ,1.038346699847,1.038346699848,1.038346699847,1.038346699848
      ,1.038346699848,1.038346699848,1.038346699848,1.038346699848
      ,1.038346699848,1.038346699847,1.038346699848,1.038346699848
      ,1.038346699847,1.038346699848,1.038346699848,1.038346699848
      ,1.038346699847,1.038346699848,1.038346699847,1.038346699848
      ,1.038346699847,1.038346699848,1.038346699847,1.038346699848
      ,1.038346699848,1.038346699847,1.038346699848,1.038346699847
      ,1.038346699848,1.038346699847,1.038346699848,1.038346699847
      ,1.038346699848,1.038346699848,1.038346699847,1.038346699848
      ,1.038346699847,1.038346699848,1.038346699847,1.038346699848
      ,1.038346699847,1.038346699848,1.038346699848,1.038346699847
      ,1.038346699848,1.038346699847,1.038346699848,1.038346699847
      ,1.038346699848,1.038346699847,1.038346699848,1.038346699848
      ,1.038346699848,1.038346699848,1.038346699847,1.038346699848
      ,1.038346699848,1.038346699847,1.038346699848,1.038346699848
      ,1.038346699848,1.038346699847,1.038346699848,1.038346699847
      ,1.038346699848,1.038346699847,1.038346699848,1.038346699847
      ,1.038346699848,1.038346699848,1.038346699847,1.038346699848
      ,1.038346699847,1.038346699848,1.038346699847,1.038346699848
      ,1.038346699847,1.038346699848,1.038346699848,1.038346699847
      ,1.038346699848,1.038346699847,1.038346699848,1.038346699847
      ,1.038346699848,1.038346699847,1.038346699848,1.038346699848
      ,1.038346699848,1.038346699847,1.038346699848,1.038346699847
      ,1.038346699847,1.038346699848,1.038346699847,1.038346699848
      ,1.038346699848,1.038346699847,1.038346699848,1.038346699847
      ,1.038346699848,1.038346699847,1.038346699848,1.038346699847
      ,1.038346699848,1.038346699848,1.038346699847,1.038346699848
      ,1.038346699847,1.038346699848,1.038346699847,1.038346699848
      ,1.038346699847,1.038346699848,1.038346699848,1.038346699847
      ,1.038346699848,1.038346699847,1.038346699848,1.038346699847
      ,1.038346699848,1.038346699847,1.038346699848,1.038346699848
      ,1.038346699847,1.038346699848,1.038346699847,1.038346699848
      ,1.038346699847,1.038346699848,1.038346699847,1.038346699848
      ,1.038346699848,1.038346699848,1.038346699848,1.038346699847
      ,1.038346699848,1.038346699847,1.038346699848,1.038346699847
      ,1.038346699848,1.038346699848,1.038346699847,1.038346699848
      ,1.038346699847,1.038346699848,1.038346699847,1.038346699848
      ,1.038346699847,1.038346699848,1.038346699848,1.038346699847
      ,1.038346699848,1.038346699847,1.038346699848,1.038346699847
      ,1.038346699848,1.038346699847,1.038346699848,1.038346699848
      ,1.038346699847,1.038346699848,1.038346699847,1.038346699848
      ,1.038346699847,1.038346699848,1.038346699847,1.038346699848
      ,1.038346699848,1.038346699847,1.038346699848,1.038346699847
      ,1.038346699848,1.038346699847,1.038346699848,1.038346699847
      ,1.038346699848,1.038346699848,1.038346699847,1.038346699848
      ,1.038346699847,1.038346699848,1.038346699847,1.038346699848
      ,1.038346699847,1.038346699848,1.038346699848,1.038346699847
      ,1.038346699848,1.038346699847,1.038346699848,1.038346699847
      ,1.038346699848,1.038346699847,1.038346699848,1.038346699848
      ,1.038346699848,1.038346699847,1.038346699848,1.038346699847
      ,1.038346699848,1.038346699847,1.038346699848,1.038346699848
      ,1.038346699848,1.038346699847,1.038346699848,1.038346699847
      ,1.038346699848,1.038346699847,1.038346699848,1.038346699847
      ,1.038346699848,1.038346699848,1.038346699847,1.038346699848
      ,1.038346699847,1.038346699848,1.038346699847,1.038346699848
      ,1.038346699847,1.038346699848,1.038346699848,1.038346699848
      ,1.038346699847,1.038346699848,1.038346699848,1.038346699847
      ,1.038346699848,1.038346699847,1.038346699848,1.038346699848
      ,1.038346699848,1.038346699848,1.038346699848,1.038346699848
      ,1.038346699848,1.038346699848,1.038346699848,1.038346699848
      ,1.038346699848,1.038346699847,1.038346699848,1.038346699847
      ,1.038346699848,1.038346699847,1.038346699848,1.038346699847
      ,1.038346699848,1.038346699848,1.038346699847,1.038346699848
      ,1.038346699847,1.038346699848,1.038346699847,1.038346699848
      ,1.038346699847,1.038346699848,1.038346699848,1.038346699848
      ,1.038346699847,1.038346699848,1.038346699848,1.038346699847
      ,1.038346699848,1.038346699847,1.038346699848,1.038346699848
      ,1.038346699847,1.038346699848,1.038346699847,1.038346699848
      ,1.038346699847,1.038346699848,1.038346699847,1.038346699848
      ,1.038346699848,1.038346699847,1.038346699848,1.038346699847
      ,1.038346699848,1.038346699847,1.038346699848,1.038346699847
      ,1.038346699848,1.038346699848,1.038346699848,1.038346699847
      ,1.038346699848,1.038346699847,1.038346699848,1.038346699848
      ,1.038346699847,1.038346699848,1.038346699848,1.038346699848
      ,1.038346699848,1.038346699847,1.038346699848,1.038346699847
      ,1.038346699848,1.038346699847,1.038346699848,1.038346699848
      ,1.038346699847,1.038346699848,1.038346699847,1.038346699848
      ,1.038346699847,1.038346699848,1.038346699847,1.038346699848
      ,1.038346699848,1.038346699847,1.038346699848,1.038346699847
      ,1.038346699848,1.038346699847,1.038346699848,1.038346699847
      ,1.038346699848,1.038346699848,1.038346699848,1.038346699847
      ,1.038346699848,1.038346699847,1.038346699848,1.038346699848
      ,1.038346699847,1.038346699848,1.038346699848,1.038346699848
      ,1.038346699847,1.038346699848,1.038346699847,1.038346699848
      ,1.038346699847,1.038346699848,1.038346699847,1.038346699848
      ,1.038346699847,1.038346699848,1.038346699847,1.038346699848
      ,1.038346699847,1.038346699848,1.038346699847,1.038346699848
      ,1.038346699848,1.038346699847,1.038346699848,1.038346699847
      ,1.038346699848,1.038346699847,1.038346699848,1.038346699847
      ,1.038346699848,1.038346699848,1.038346699848,1.038346699847
      ,1.038346699848,1.038346699847,1.038346699848,1.038346699848
      ,1.038346699847,1.038346699848,1.038346699848,1.038346699848
      ,1.038346699848,1.038346699847,1.038346699848,1.038346699847
      ,1.038346699848,1.038346699847,1.038346699848,1.038346699848
      ,1.038346699848,1.038346699848,1.038346699848,1.038346699848
      ,1.038346699847,1.038346699848,1.038346699847,1.038346699848
      ,1.038346699848,1.038346699848,1.038346699848,1.038346699847
      ,1.038346699848,1.038346699848,1.038346699847,1.038346699848
      ,1.038346699848,1.038346699848,1.038346699848,1.038346699847
      ,1.038346699848,1.038346699847,1.038346699848,1.038346699847
      ,1.038346699848,1.038346699847,1.038346699848,1.038346699848
      ,1.038346699848,1.038346699847,1.038346699848,1.038346699847
      ,1.038346699848,1.038346699847,1.038346699848,1.038346699848
      ,1.038346699847,1.038346699848,1.038346699847,1.038346699848
      ,1.038346699847,1.038346699848,1.038346699847,1.038346699848
      ,1.038346699848,1.038346699848,1.038346699848,1.038346699847
      ,1.038346699848,1.038346699848,1.038346699848,1.038346699847
      ,1.038346699848,1.038346699848,1.038346699848,1.038346699848
      ,1.038346699847,1.038346699848,1.038346699847,1.038346699848
      ,1.038346699847,1.038346699848,1.038346699848,1.038346699848
      ,1.038346699848,1.038346699848,1.038346699847,1.038346699848
      ,1.038346699847,1.038346699848,1.038346699848,1.038346699848
      ,1.038346699848,1.038346699848,1.038346699848,1.038346699847
      ,1.038346699848,1.038346699847,1.038346699848,1.038346699848
      ,1.038346699848,1.038346699848,1.038346699847,1.038346699848
      ,1.038346699847,1.038346699848,1.038346699848,1.038346699847
      ,1.038346699848,1.038346699848,1.038346699848,1.038346699847
      ,1.038346699848,1.038346699847,1.038346699848,1.038346699848
      ,1.038346699847,1.038346699848,1.038346699848,1.038346699848
      ,1.038346699847,1.038346699848,1.038346699847,1.038346699848
      ,1.038346699848,1.038346699848,1.038346699848,1.038346699848
      ,1.038346699847,1.038346699848,1.038346699847,1.038346699848
      ,1.038346699847,1.038346699848,1.038346699847,1.038346699848
      ,1.038346699848,1.038346699848,1.038346699848,1.038346699847
      ,1.038346699848,1.038346699847,1.038346699848,1.038346699847
      ,1.038346699848,1.038346699848,1.038346699848,1.038346699848
      ,1.038346699847,1.038346699848,1.038346699847,1.038346699848
      ,1.038346699847,1.038346699848,1.038346699848,1.038346699848
      ,1.038346699848,1.038346699848,1.038346699847,1.038346699848
      ,1.038346699847,1.038346699848,1.038346699848,1.038346699848
      ,1.038346699848,1.038346699848,1.038346699848,1.038346699847
      ,1.038346699848,1.038346699847,1.038346699848,1.038346699848
      ,1.038346699848,1.038346699848,1.038346699847,1.038346699848
      ,1.038346699847,1.038346699848,1.038346699848,1.038346699847
      ,1.038346699848,1.038346699848,1.038346699848,1.038346699847
      ,1.038346699848,1.038346699847,1.038346699848,1.038346699848
      ,1.038346699847,1.038346699848,1.038346699848,1.038346699848
      ,1.038346699847,1.038346699848,1.038346699847,1.038346699848
      ,1.038346699847,1.038346699848,1.038346699848,1.038346699848
      ,1.038346699848,1.038346699848,1.038346699847,1.038346699848
      ,1.038346699847,1.038346699848,1.038346699847,1.038346699848
      ,1.038346699848)
    ,(0.853534330196,0.853534330196,0.853534330196,0.853534330196
      ,0.853534330196,0.853534330196,0.853534330196,0.853534330196
      ,0.853534330196,0.853534330196,0.853534330196,0.853534330196
      ,0.853534330196,0.853534330196,0.853534330196,0.853534330196
      ,0.853534330196,0.853534330196,0.853534330196,0.853534330196
      ,0.853534330196,0.853534330196,0.853534330196,0.853534330196
      ,0.853534330196,0.853534330196,0.853534330196,0.853534330196
      ,0.853534330196,0.853534330196,0.853534330196,0.853534330196
      ,0.853534330196,0.853534330196,0.853534330196,0.853534330196
      ,0.853534330196,0.853534330196,0.853534330196,0.853534330196
      ,0.853534330196,0.853534330196,0.853534330196,0.853534330196
      ,0.853534330196,0.853534330196,0.853534330196,0.853534330196
      ,0.853534330196,0.853534330196,0.853534330196,0.853534330196
      ,0.853534330196,0.853534330196,0.853534330196,0.853534330196
      ,0.853534330196,0.853534330196,0.853534330196,0.853534330196
      ,0.853534330196,0.853534330196,0.853534330196,0.853534330196
      ,0.853534330196,0.853534330196,0.853534330196,0.853534330196
      ,0.853534330196,0.853534330196,0.853534330196,0.853534330196
      ,0.853534330196,0.853534330196,0.853534330196,0.853534330196
      ,0.853534330196,0.853534330196,0.853534330196,0.853534330196
      ,0.853534330196,0.853534330196,0.853534330196,0.853534330196
      ,0.853534330196,0.853534330197,0.853534330196,0.853534330196
      ,0.853534330196,0.853534330196,0.853534330196,0.853534330196
      ,0.853534330196,0.853534330196,0.853534330196,0.853534330196
      ,0.853534330196,0.853534330196,0.853534330196,0.853534330196
      ,0.853534330196,0.853534330196,0.853534330196,0.853534330196
      ,0.853534330196,0.853534330196,0.853534330196,0.853534330196
      ,0.853534330196,0.853534330196,0.853534330196,0.853534330196
      ,0.853534330196,0.853534330196,0.853534330196,0.853534330196
      ,0.853534330196,0.853534330196,0.853534330196,0.853534330196
      ,0.853534330196,0.853534330196,0.853534330196,0.853534330196
      ,0.853534330196,0.853534330196,0.853534330196,0.853534330196
      ,0.853534330196,0.853534330196,0.853534330196,0.853534330196
      ,0.853534330196,0.853534330196,0.853534330196,0.853534330196
      ,0.853534330196,0.853534330196,0.853534330196,0.853534330196
      ,0.853534330196,0.853534330196,0.853534330196,0.853534330196
      ,0.853534330196,0.853534330196,0.853534330196,0.853534330196
      ,0.853534330196,0.853534330196,0.853534330196,0.853534330196
      ,0.853534330196,0.853534330196,0.853534330196,0.853534330196
      ,0.853534330196,0.853534330196,0.853534330196,0.853534330196
      ,0.853534330196,0.853534330196,0.853534330196,0.853534330196
      ,0.853534330196,0.853534330196,0.853534330196,0.853534330196
      ,0.853534330196,0.853534330196,0.853534330196,0.853534330196
      ,0.853534330196,0.853534330196,0.853534330196,0.853534330196
      ,0.853534330196,0.853534330196,0.853534330196,0.853534330196
      ,0.853534330196,0.853534330196,0.853534330196,0.853534330196
      ,0.853534330196,0.853534330196,0.853534330196,0.853534330196
      ,0.853534330196,0.853534330196,0.853534330196,0.853534330196
      ,0.853534330196,0.853534330196,0.853534330196,0.853534330196
      ,0.853534330196,0.853534330196,0.853534330196,0.853534330196
      ,0.853534330196,0.853534330196,0.853534330196,0.853534330196
      ,0.853534330196,0.853534330196,0.853534330196,0.853534330196
      ,0.853534330196,0.853534330196,0.853534330196,0.853534330196
      ,0.853534330196,0.853534330196,0.853534330196,0.853534330196
      ,0.853534330196,0.853534330196,0.853534330196,0.853534330196
      ,0.853534330196,0.853534330196,0.853534330196,0.853534330196
      ,0.853534330196,0.853534330196,0.853534330196,0.853534330196
      ,0.853534330196,0.853534330197,0.853534330196,0.853534330196
      ,0.853534330196,0.853534330196,0.853534330196,0.853534330196
      ,0.853534330196,0.853534330196,0.853534330196,0.853534330196
      ,0.853534330196,0.853534330196,0.853534330196,0.853534330196
      ,0.853534330196,0.853534330196,0.853534330196,0.853534330196
      ,0.853534330196,0.853534330196,0.853534330196,0.853534330196
      ,0.853534330196,0.853534330196,0.853534330196,0.853534330196
      ,0.853534330196,0.853534330196,0.853534330196,0.853534330196
      ,0.853534330196,0.853534330196,0.853534330196,0.853534330196
      ,0.853534330196,0.853534330197,0.853534330196,0.853534330196
      ,0.853534330196,0.853534330196,0.853534330196,0.853534330196
      ,0.853534330196,0.853534330196,0.853534330196,0.853534330196
      ,0.853534330196,0.853534330196,0.853534330196,0.853534330196
      ,0.853534330196,0.853534330196,0.853534330196,0.853534330196
      ,0.853534330196,0.853534330196,0.853534330196,0.853534330196
      ,0.853534330196,0.853534330196,0.853534330196,0.853534330196
      ,0.853534330196,0.853534330196,0.853534330196,0.853534330196
      ,0.853534330196,0.853534330196,0.853534330196,0.853534330196
      ,0.853534330196,0.853534330196,0.853534330196,0.853534330196
      ,0.853534330196,0.853534330196,0.853534330196,0.853534330196
      ,0.853534330196,0.853534330196,0.853534330196,0.853534330196
      ,0.853534330196,0.853534330196,0.853534330196,0.853534330196
      ,0.853534330196,0.853534330196,0.853534330196,0.853534330196
      ,0.853534330196,0.853534330196,0.853534330196,0.853534330196
      ,0.853534330196,0.853534330196,0.853534330196,0.853534330196
      ,0.853534330197,0.853534330196,0.853534330196,0.853534330196
      ,0.853534330196,0.853534330196,0.853534330196,0.853534330196
      ,0.853534330196,0.853534330196,0.853534330196,0.853534330196
      ,0.853534330196,0.853534330196,0.853534330196,0.853534330196
      ,0.853534330196,0.853534330196,0.853534330196,0.853534330196
      ,0.853534330196,0.853534330196,0.853534330196,0.853534330196
      ,0.853534330196,0.853534330196,0.853534330196,0.853534330196
      ,0.853534330196,0.853534330196,0.853534330196,0.853534330196
      ,0.853534330196,0.853534330196,0.853534330196,0.853534330196
      ,0.853534330197,0.853534330196,0.853534330196,0.853534330196
      ,0.853534330196,0.853534330196,0.853534330196,0.853534330196
      ,0.853534330196,0.853534330196,0.853534330196,0.853534330196
      ,0.853534330196,0.853534330196,0.853534330196,0.853534330196
      ,0.853534330196,0.853534330196,0.853534330196,0.853534330196
      ,0.853534330196,0.853534330196,0.853534330196,0.853534330196
      ,0.853534330196,0.853534330196,0.853534330196,0.853534330196
      ,0.853534330196,0.853534330196,0.853534330196,0.853534330196
      ,0.853534330196,0.853534330196,0.853534330196,0.853534330196
      ,0.853534330196,0.853534330196,0.853534330196,0.853534330196
      ,0.853534330196,0.853534330196,0.853534330196,0.853534330196
      ,0.853534330196,0.853534330196,0.853534330196,0.853534330196
      ,0.853534330196,0.853534330196,0.853534330196,0.853534330196
      ,0.853534330196,0.853534330196,0.853534330196,0.853534330196
      ,0.853534330196,0.853534330196,0.853534330196,0.853534330196
      ,0.853534330196,0.853534330196,0.853534330196,0.853534330196
      ,0.853534330196,0.853534330196,0.853534330196,0.853534330196
      ,0.853534330196,0.853534330196,0.853534330196,0.853534330196
      ,0.853534330196,0.853534330196,0.853534330196,0.853534330196
      ,0.853534330196,0.853534330196,0.853534330196,0.853534330196
      ,0.853534330196,0.853534330196,0.853534330196,0.853534330196
      ,0.853534330196,0.853534330196,0.853534330196,0.853534330196
      ,0.853534330196,0.853534330196,0.853534330196,0.853534330196
      ,0.853534330196,0.853534330196,0.853534330196,0.853534330196
      ,0.853534330196,0.853534330196,0.853534330196,0.853534330196
      ,0.853534330196,0.853534330196,0.853534330196,0.853534330196
      ,0.853534330196,0.853534330196,0.853534330196,0.853534330196
      ,0.853534330196,0.853534330196,0.853534330196,0.853534330196
      ,0.853534330196,0.853534330196,0.853534330196,0.853534330196
      ,0.853534330196,0.853534330196,0.853534330196,0.853534330196
      ,0.853534330196,0.853534330196,0.853534330196,0.853534330196
      ,0.853534330196,0.853534330196,0.853534330196,0.853534330196
      ,0.853534330196,0.853534330196,0.853534330196,0.853534330196
      ,0.853534330196,0.853534330196,0.853534330196,0.853534330196
      ,0.853534330196,0.853534330196,0.853534330196,0.853534330196
      ,0.853534330196,0.853534330196,0.853534330196,0.853534330196
      ,0.853534330196,0.853534330196,0.853534330196,0.853534330196
      ,0.853534330196,0.853534330196,0.853534330196,0.853534330196
      ,0.853534330196,0.853534330196,0.853534330196,0.853534330196
      ,0.853534330196,0.853534330196,0.853534330196,0.853534330196
      ,0.853534330196,0.853534330196,0.853534330196,0.853534330196
      ,0.853534330196,0.853534330196,0.853534330196,0.853534330196
      ,0.853534330196,0.853534330196,0.853534330196,0.853534330196
      ,0.853534330196,0.853534330196,0.853534330196,0.853534330196
      ,0.853534330196,0.853534330196,0.853534330196,0.853534330196
      ,0.853534330196,0.853534330196,0.853534330196,0.853534330196
      ,0.853534330196,0.853534330196,0.853534330196,0.853534330196
      ,0.853534330196,0.853534330196,0.853534330196,0.853534330196
      ,0.853534330196,0.853534330196,0.853534330196,0.853534330196
      ,0.853534330196,0.853534330196,0.853534330196,0.853534330196
      ,0.853534330196,0.853534330196,0.853534330196,0.853534330196
      ,0.853534330196,0.853534330196,0.853534330196,0.853534330196
      ,0.853534330196,0.853534330196,0.853534330196,0.853534330196
      ,0.853534330196)
    ,(1.038346699848,1.038346699847,1.038346699848,1.038346699847
      ,1.038346699848,1.038346699847,1.038346699848,1.038346699847
      ,1.038346699848,1.038346699848,1.038346699847,1.038346699848
      ,1.038346699847,1.038346699848,1.038346699847,1.038346699848
      ,1.038346699848,1.038346699848,1.038346699848,1.038346699847
      ,1.038346699848,1.038346699847,1.038346699848,1.038346699847
      ,1.038346699848,1.038346699847,1.038346699848,1.038346699848
      ,1.038346699848,1.038346699848,1.038346699847,1.038346699848
      ,1.038346699847,1.038346699848,1.038346699847,1.038346699848
      ,1.038346699848,1.038346699847,1.038346699848,1.038346699847
      ,1.038346699848,1.038346699847,1.038346699848,1.038346699847
      ,1.038346699848,1.038346699848,1.038346699847,1.038346699848
      ,1.038346699847,1.038346699848,1.038346699847,1.038346699848
      ,1.038346699847,1.038346699848,1.038346699848,1.038346699847
      ,1.038346699848,1.038346699847,1.038346699848,1.038346699847
      ,1.038346699848,1.038346699847,1.038346699848,1.038346699848
      ,1.038346699847,1.038346699848,1.038346699847,1.038346699848
      ,1.038346699847,1.038346699848,1.038346699847,1.038346699848
      ,1.038346699848,1.038346699847,1.038346699848,1.038346699847
      ,1.038346699848,1.038346699847,1.038346699848,1.038346699847
      ,1.038346699848,1.038346699848,1.038346699847,1.038346699848
      ,1.038346699847,1.038346699848,1.038346699847,1.038346699848
      ,1.038346699847,1.038346699848,1.038346699848,1.038346699847
      ,1.038346699848,1.038346699847,1.038346699848,1.038346699847
      ,1.038346699848,1.038346699847,1.038346699848,1.038346699848
      ,1.038346699848,1.038346699847,1.038346699848,1.038346699848
      ,1.038346699847,1.038346699848,1.038346699847,1.038346699848
      ,1.038346699848,1.038346699847,1.038346699848,1.038346699847
      ,1.038346699848,1.038346699847,1.038346699848,1.038346699847
      ,1.038346699848,1.038346699848,1.038346699847,1.038346699848
      ,1.038346699847,1.038346699848,1.038346699847,1.038346699848
      ,1.038346699847,1.038346699848,1.038346699848,1.038346699847
      ,1.038346699848,1.038346699847,1.038346699848,1.038346699847
      ,1.038346699848,1.038346699847,1.038346699848,1.038346699848
      ,1.038346699847,1.038346699848,1.038346699847,1.038346699848
      ,1.038346699847,1.038346699848,1.038346699847,1.038346699848
      ,1.038346699848,1.038346699848,1.038346699847,1.038346699848
      ,1.038346699848,1.038346699847,1.038346699848,1.038346699847
      ,1.038346699848,1.038346699848,1.038346699847,1.038346699848
      ,1.038346699847,1.038346699848,1.038346699847,1.038346699848
      ,1.038346699847,1.038346699848,1.038346699848,1.038346699848
      ,1.038346699847,1.038346699848,1.038346699847,1.038346699848
      ,1.038346699847,1.038346699848,1.038346699848,1.038346699848
      ,1.038346699847,1.038346699848,1.038346699847,1.038346699848
      ,1.038346699847,1.038346699848,1.038346699847,1.038346699848
      ,1.038346699848,1.038346699848,1.038346699847,1.038346699848
      ,1.038346699847,1.038346699848,1.038346699847,1.038346699848
      ,1.038346699848,1.038346699848,1.038346699847,1.038346699848
      ,1.038346699847,1.038346699848,1.038346699847,1.038346699848
      ,1.038346699847,1.038346699848,1.038346699848,1.038346699848
      ,1.038346699848,1.038346699847,1.038346699848,1.038346699847
      ,1.038346699848,1.038346699847,1.038346699848,1.038346699848
      ,1.038346699848,1.038346699847,1.038346699848,1.038346699847
      ,1.038346699848,1.038346699847,1.038346699848,1.038346699848
      ,1.038346699848,1.038346699847,1.038346699848,1.038346699847
      ,1.038346699848,1.038346699847,1.038346699848,1.038346699847
      ,1.038346699848,1.038346699848,1.038346699847,1.038346699848
      ,1.038346699847,1.038346699848,1.038346699847,1.038346699848
      ,1.038346699847,1.038346699848,1.038346699848,1.038346699848
      ,1.038346699848,1.038346699848,1.038346699847,1.038346699848
      ,1.038346699848,1.038346699848,1.038346699848,1.038346699848
      ,1.038346699848,1.038346699848,1.038346699847,1.038346699848
      ,1.038346699847,1.038346699848,1.038346699847,1.038346699848
      ,1.038346699848,1.038346699847,1.038346699848,1.038346699847
      ,1.038346699848,1.038346699847,1.038346699848,1.038346699847
      ,1.038346699848,1.038346699848,1.038346699847,1.038346699848
      ,1.038346699847,1.038346699848,1.038346699847,1.038346699848
      ,1.038346699847,1.038346699848,1.038346699848,1.038346699848
      ,1.038346699848,1.038346699848,1.038346699847,1.038346699848
      ,1.038346699848,1.038346699848,1.038346699848,1.038346699848
      ,1.038346699847,1.038346699848,1.038346699847,1.038346699848
      ,1.038346699847,1.038346699848,1.038346699847,1.038346699848
      ,1.038346699848,1.038346699847,1.038346699848,1.038346699847
      ,1.038346699848,1.038346699847,1.038346699848,1.038346699847
      ,1.038346699848,1.038346699848,1.038346699848,1.038346699848
      ,1.038346699848,1.038346699848,1.038346699847,1.038346699848
      ,1.038346699847,1.038346699848,1.038346699848,1.038346699848
      ,1.038346699848,1.038346699847,1.038346699848,1.038346699847
      ,1.038346699848,1.038346699847,1.038346699848,1.038346699848
      ,1.038346699847,1.038346699848,1.038346699847,1.038346699848
      ,1.038346699847,1.038346699848,1.038346699847,1.038346699848
      ,1.038346699848,1.038346699847,1.038346699848,1.038346699847
      ,1.038346699848,1.038346699847,1.038346699848,1.038346699847
      ,1.038346699848,1.038346699848,1.038346699848,1.038346699848
      ,1.038346699848,1.038346699848,1.038346699847,1.038346699848
      ,1.038346699847,1.038346699848,1.038346699848,1.038346699848
      ,1.038346699847,1.038346699848,1.038346699847,1.038346699848
      ,1.038346699847,1.038346699848,1.038346699847,1.038346699848
      ,1.038346699847,1.038346699848,1.038346699847,1.038346699848
      ,1.038346699847,1.038346699848,1.038346699847,1.038346699848
      ,1.038346699848,1.038346699847,1.038346699848,1.038346699847
      ,1.038346699848,1.038346699847,1.038346699848,1.038346699847
      ,1.038346699848,1.038346699848,1.038346699848,1.038346699848
      ,1.038346699848,1.038346699848,1.038346699847,1.038346699848
      ,1.038346699847,1.038346699848,1.038346699848,1.038346699848
      ,1.038346699848,1.038346699847,1.038346699848,1.038346699847
      ,1.038346699848,1.038346699847,1.038346699848,1.038346699848
      ,1.038346699848,1.038346699848,1.038346699847,1.038346699848
      ,1.038346699847,1.038346699848,1.038346699847,1.038346699848
      ,1.038346699848,1.038346699847,1.038346699848,1.038346699847
      ,1.038346699848,1.038346699847,1.038346699848,1.038346699847
      ,1.038346699848,1.038346699848,1.038346699848,1.038346699847
      ,1.038346699848,1.038346699847,1.038346699848,1.038346699847
      ,1.038346699848,1.038346699847,1.038346699848,1.038346699848
      ,1.038346699848,1.038346699847,1.038346699848,1.038346699847
      ,1.038346699848,1.038346699847,1.038346699848,1.038346699848
      ,1.038346699847,1.038346699848,1.038346699847,1.038346699848
      ,1.038346699847,1.038346699848,1.038346699848,1.038346699848
      ,1.038346699848,1.038346699848,1.038346699848,1.038346699847
      ,1.038346699848,1.038346699848,1.038346699848,1.038346699848
      ,1.038346699848,1.038346699848,1.038346699848,1.038346699848
      ,1.038346699848,1.038346699848,1.038346699847,1.038346699848
      ,1.038346699847,1.038346699848,1.038346699848,1.038346699848
      ,1.038346699848,1.038346699847,1.038346699848,1.038346699847
      ,1.038346699848,1.038346699848,1.038346699848,1.038346699848
      ,1.038346699848,1.038346699848,1.038346699847,1.038346699848
      ,1.038346699847,1.038346699848,1.038346699848,1.038346699848
      ,1.038346699848,1.038346699848,1.038346699848,1.038346699848
      ,1.038346699848,1.038346699847,1.038346699848,1.038346699847
      ,1.038346699848,1.038346699848,1.038346699848,1.038346699848
      ,1.038346699848,1.038346699848,1.038346699847,1.038346699848
      ,1.038346699847,1.038346699848,1.038346699848,1.038346699848
      ,1.038346699847,1.038346699848,1.038346699847,1.038346699848
      ,1.038346699847,1.038346699848,1.038346699847,1.038346699848
      ,1.038346699847,1.038346699848,1.038346699847,1.038346699848
      ,1.038346699847,1.038346699848,1.038346699847,1.038346699848
      ,1.038346699848,1.038346699848,1.038346699848,1.038346699848
      ,1.038346699848,1.038346699848,1.038346699848,1.038346699848
      ,1.038346699848,1.038346699848,1.038346699848,1.038346699848
      ,1.038346699848,1.038346699848,1.038346699847,1.038346699848
      ,1.038346699847,1.038346699848,1.038346699848,1.038346699848
      ,1.038346699848,1.038346699847,1.038346699848,1.038346699847
      ,1.038346699848,1.038346699848,1.038346699848,1.038346699848
      ,1.038346699848,1.038346699848,1.038346699847,1.038346699848
      ,1.038346699847,1.038346699848,1.038346699848,1.038346699848
      ,1.038346699848,1.038346699848,1.038346699848,1.038346699848
      ,1.038346699848,1.038346699847,1.038346699848,1.038346699847
      ,1.038346699848,1.038346699848,1.038346699848,1.038346699848
      ,1.038346699848,1.038346699848,1.038346699847,1.038346699848
      ,1.038346699847,1.038346699848,1.038346699848,1.038346699848
      ,1.038346699847,1.038346699848,1.038346699847,1.038346699847
      ,1.038346699848,1.038346699847,1.038346699848,1.038346699848
      ,1.038346699848,1.038346699848,1.038346699848,1.038346699848
      ,1.038346699848,1.038346699848,1.038346699848,1.038346699848
      ,1.038346699848)
    ,(1.03672962321,1.03672962321,1.03672962321,1.03672962321
      ,1.03672962321,1.03672962321,1.03672962321,1.03672962321
      ,1.03672962321,1.03672962321,1.03672962321,1.03672962321
      ,1.03672962321,1.03672962321,1.03672962321,1.03672962321
      ,1.03672962321,1.03672962321,1.03672962321,1.03672962321
      ,1.03672962321,1.03672962321,1.03672962321,1.03672962321
      ,1.03672962321,1.03672962321,1.03672962321,1.03672962321
      ,1.03672962321,1.03672962321,1.03672962321,1.03672962321
      ,1.03672962321,1.03672962321,1.03672962321,1.03672962321
      ,1.03672962321,1.03672962321,1.03672962321,1.03672962321
      ,1.03672962321,1.03672962321,1.03672962321,1.03672962321
      ,1.03672962321,1.03672962321,1.03672962321,1.03672962321
      ,1.03672962321,1.03672962321,1.03672962321,1.03672962321
      ,1.03672962321,1.03672962321,1.03672962321,1.03672962321
      ,1.03672962321,1.036729623209,1.03672962321,1.036729623209
      ,1.03672962321,1.03672962321,1.03672962321,1.03672962321
      ,1.03672962321,1.03672962321,1.03672962321,1.03672962321
      ,1.03672962321,1.03672962321,1.03672962321,1.03672962321
      ,1.03672962321,1.03672962321,1.03672962321,1.036729623209
      ,1.03672962321,1.036729623209,1.03672962321,1.03672962321
      ,1.03672962321,1.03672962321,1.03672962321,1.03672962321
      ,1.036729623209,1.03672962321,1.036729623209,1.03672962321
      ,1.03672962321,1.03672962321,1.03672962321,1.03672962321
      ,1.03672962321,1.036729623209,1.03672962321,1.036729623209
      ,1.03672962321,1.03672962321,1.03672962321,1.03672962321
      ,1.03672962321,1.03672962321,1.03672962321,1.03672962321
      ,1.03672962321,1.03672962321,1.03672962321,1.03672962321
      ,1.03672962321,1.03672962321,1.03672962321,1.036729623209
      ,1.03672962321,1.036729623209,1.03672962321,1.03672962321
      ,1.03672962321,1.03672962321,1.03672962321,1.03672962321
      ,1.036729623209,1.03672962321,1.036729623209,1.03672962321
      ,1.03672962321,1.03672962321,1.03672962321,1.03672962321
      ,1.03672962321,1.036729623209,1.03672962321,1.036729623209
      ,1.03672962321,1.03672962321,1.03672962321,1.03672962321
      ,1.03672962321,1.03672962321,1.03672962321,1.03672962321
      ,1.036729623209,1.03672962321,1.03672962321,1.03672962321
      ,1.03672962321,1.03672962321,1.03672962321,1.03672962321
      ,1.03672962321,1.03672962321,1.03672962321,1.03672962321
      ,1.03672962321,1.03672962321,1.03672962321,1.03672962321
      ,1.036729623209,1.03672962321,1.036729623209,1.03672962321
      ,1.03672962321,1.03672962321,1.03672962321,1.03672962321
      ,1.03672962321,1.03672962321,1.03672962321,1.03672962321
      ,1.03672962321,1.03672962321,1.03672962321,1.03672962321
      ,1.03672962321,1.03672962321,1.036729623209,1.03672962321
      ,1.036729623209,1.03672962321,1.03672962321,1.03672962321
      ,1.03672962321,1.03672962321,1.03672962321,1.03672962321
      ,1.03672962321,1.03672962321,1.03672962321,1.03672962321
      ,1.03672962321,1.03672962321,1.03672962321,1.03672962321
      ,1.03672962321,1.03672962321,1.03672962321,1.03672962321
      ,1.03672962321,1.03672962321,1.03672962321,1.03672962321
      ,1.03672962321,1.03672962321,1.03672962321,1.03672962321
      ,1.03672962321,1.03672962321,1.03672962321,1.03672962321
      ,1.03672962321,1.03672962321,1.03672962321,1.036729623209
      ,1.03672962321,1.03672962321,1.03672962321,1.03672962321
      ,1.03672962321,1.03672962321,1.03672962321,1.036729623209
      ,1.03672962321,1.036729623209,1.03672962321,1.03672962321
      ,1.03672962321,1.03672962321,1.03672962321,1.03672962321
      ,1.036729623209,1.03672962321,1.036729623209,1.03672962321
      ,1.036729623209,1.03672962321,1.03672962321,1.03672962321
      ,1.03672962321,1.03672962321,1.03672962321,1.03672962321
      ,1.03672962321,1.03672962321,1.03672962321,1.03672962321
      ,1.03672962321,1.03672962321,1.03672962321,1.03672962321
      ,1.03672962321,1.03672962321,1.03672962321,1.03672962321
      ,1.03672962321,1.03672962321,1.03672962321,1.036729623209
      ,1.03672962321,1.036729623209,1.03672962321,1.03672962321
      ,1.03672962321,1.03672962321,1.03672962321,1.03672962321
      ,1.036729623209,1.03672962321,1.036729623209,1.03672962321
      ,1.036729623209,1.03672962321,1.03672962321,1.03672962321
      ,1.03672962321,1.03672962321,1.03672962321,1.03672962321
      ,1.03672962321,1.03672962321,1.03672962321,1.03672962321
      ,1.03672962321,1.03672962321,1.03672962321,1.03672962321
      ,1.03672962321,1.03672962321,1.03672962321,1.03672962321
      ,1.03672962321,1.03672962321,1.03672962321,1.03672962321
      ,1.03672962321,1.03672962321,1.03672962321,1.03672962321
      ,1.03672962321,1.03672962321,1.03672962321,1.03672962321
      ,1.03672962321,1.03672962321,1.03672962321,1.03672962321
      ,1.03672962321,1.03672962321,1.03672962321,1.03672962321
      ,1.03672962321,1.03672962321,1.03672962321,1.03672962321
      ,1.03672962321,1.03672962321,1.03672962321,1.03672962321
      ,1.03672962321,1.03672962321,1.036729623209,1.03672962321
      ,1.036729623209,1.03672962321,1.03672962321,1.03672962321
      ,1.03672962321,1.03672962321,1.03672962321,1.036729623209
      ,1.03672962321,1.036729623209,1.03672962321,1.036729623209
      ,1.03672962321,1.03672962321,1.03672962321,1.03672962321
      ,1.03672962321,1.03672962321,1.03672962321,1.03672962321
      ,1.03672962321,1.03672962321,1.03672962321,1.03672962321
      ,1.036729623209,1.03672962321,1.036729623209,1.03672962321
      ,1.036729623209,1.03672962321,1.03672962321,1.03672962321
      ,1.03672962321,1.03672962321,1.036729623209,1.03672962321
      ,1.036729623209,1.03672962321,1.03672962321,1.03672962321
      ,1.03672962321,1.03672962321,1.03672962321,1.036729623209
      ,1.03672962321,1.036729623209,1.03672962321,1.036729623209
      ,1.03672962321,1.03672962321,1.03672962321,1.03672962321
      ,1.03672962321,1.03672962321,1.03672962321,1.03672962321
      ,1.03672962321,1.03672962321,1.03672962321,1.03672962321
      ,1.03672962321,1.03672962321,1.03672962321,1.03672962321
      ,1.03672962321,1.03672962321,1.03672962321,1.03672962321
      ,1.03672962321,1.03672962321,1.03672962321,1.036729623209
      ,1.03672962321,1.03672962321,1.03672962321,1.03672962321
      ,1.03672962321,1.03672962321,1.03672962321,1.03672962321
      ,1.03672962321,1.03672962321,1.03672962321,1.03672962321
      ,1.03672962321,1.03672962321,1.03672962321,1.036729623209
      ,1.03672962321,1.036729623209,1.03672962321,1.036729623209
      ,1.03672962321,1.03672962321,1.03672962321,1.03672962321
      ,1.03672962321,1.03672962321,1.03672962321,1.03672962321
      ,1.03672962321,1.03672962321,1.03672962321,1.03672962321
      ,1.03672962321,1.03672962321,1.03672962321,1.03672962321
      ,1.03672962321,1.03672962321,1.03672962321,1.03672962321
      ,1.03672962321,1.03672962321,1.03672962321,1.03672962321
      ,1.03672962321,1.03672962321,1.03672962321,1.03672962321
      ,1.03672962321,1.03672962321,1.03672962321,1.03672962321
      ,1.03672962321,1.03672962321,1.03672962321,1.03672962321
      ,1.03672962321,1.03672962321,1.03672962321,1.03672962321
      ,1.03672962321,1.03672962321,1.03672962321,1.03672962321
      ,1.03672962321,1.03672962321,1.03672962321,1.03672962321
      ,1.03672962321,1.03672962321,1.03672962321,1.03672962321
      ,1.03672962321,1.03672962321,1.03672962321,1.03672962321
      ,1.03672962321,1.03672962321,1.03672962321,1.03672962321
      ,1.03672962321,1.03672962321,1.03672962321,1.03672962321
      ,1.03672962321,1.03672962321,1.03672962321,1.03672962321
      ,1.03672962321,1.03672962321,1.03672962321,1.03672962321
      ,1.03672962321,1.03672962321,1.03672962321,1.03672962321
      ,1.03672962321,1.03672962321,1.03672962321,1.03672962321
      ,1.03672962321,1.03672962321,1.03672962321,1.03672962321
      ,1.03672962321,1.03672962321,1.03672962321,1.03672962321
      ,1.03672962321,1.03672962321,1.03672962321,1.03672962321
      ,1.03672962321,1.03672962321,1.03672962321,1.03672962321
      ,1.03672962321,1.03672962321,1.03672962321,1.03672962321
      ,1.03672962321,1.03672962321,1.03672962321,1.03672962321
      ,1.03672962321,1.03672962321,1.03672962321,1.03672962321
      ,1.03672962321,1.03672962321,1.03672962321,1.03672962321
      ,1.03672962321,1.03672962321,1.03672962321,1.03672962321
      ,1.03672962321,1.03672962321,1.03672962321,1.03672962321
      ,1.03672962321,1.03672962321,1.03672962321,1.03672962321
      ,1.03672962321,1.03672962321,1.03672962321,1.03672962321
      ,1.03672962321,1.03672962321,1.03672962321,1.03672962321
      ,1.03672962321,1.03672962321,1.03672962321,1.03672962321
      ,1.03672962321,1.03672962321,1.03672962321,1.03672962321
      ,1.03672962321,1.03672962321,1.03672962321,1.03672962321
      ,1.03672962321,1.03672962321,1.03672962321,1.03672962321
      ,1.03672962321,1.03672962321,1.03672962321,1.03672962321
      ,1.03672962321,1.03672962321,1.03672962321,1.03672962321
      ,1.03672962321,1.03672962321,1.03672962321,1.03672962321
      ,1.03672962321,1.03672962321,1.03672962321,1.03672962321
      ,1.03672962321)
    ,(1.669078461068,1.669078461068,1.669078461068,1.669078461068
      ,1.669078461068,1.669078461068,1.669078461068,1.669078461068
      ,1.669078461068,1.669078461068,1.669078461068,1.669078461068
      ,1.669078461068,1.669078461068,1.669078461068,1.669078461068
      ,1.669078461068,1.669078461068,1.669078461068,1.669078461068
      ,1.669078461068,1.669078461068,1.669078461068,1.669078461068
      ,1.669078461068,1.669078461068,1.669078461068,1.669078461068
      ,1.669078461068,1.669078461068,1.669078461068,1.669078461068
      ,1.669078461068,1.669078461068,1.669078461068,1.669078461068
      ,1.669078461068,1.669078461068,1.669078461068,1.669078461068
      ,1.669078461068,1.669078461068,1.669078461068,1.669078461068
      ,1.669078461068,1.669078461068,1.669078461068,1.669078461068
      ,1.669078461068,1.669078461069,1.669078461068,1.669078461068
      ,1.669078461068,1.669078461068,1.669078461068,1.669078461068
      ,1.669078461068,1.669078461068,1.669078461069,1.669078461068
      ,1.669078461069,1.669078461068,1.669078461068,1.669078461068
      ,1.669078461068,1.669078461068,1.669078461068,1.669078461068
      ,1.669078461068,1.669078461068,1.669078461068,1.669078461068
      ,1.669078461068,1.669078461068,1.669078461068,1.669078461068
      ,1.669078461069,1.669078461068,1.669078461068,1.669078461068
      ,1.669078461068,1.669078461068,1.669078461068,1.669078461068
      ,1.669078461068,1.669078461069,1.669078461068,1.669078461069
      ,1.669078461068,1.669078461068,1.669078461068,1.669078461068
      ,1.669078461068,1.669078461068,1.669078461068,1.669078461068
      ,1.669078461068,1.669078461068,1.669078461068,1.669078461068
      ,1.669078461068,1.669078461068,1.669078461068,1.669078461068
      ,1.669078461068,1.669078461068,1.669078461068,1.669078461068
      ,1.669078461068,1.669078461068,1.669078461068,1.669078461068
      ,1.669078461069,1.669078461068,1.669078461069,1.669078461068
      ,1.669078461068,1.669078461068,1.669078461068,1.669078461068
      ,1.669078461068,1.669078461069,1.669078461068,1.669078461069
      ,1.669078461068,1.669078461068,1.669078461068,1.669078461068
      ,1.669078461068,1.669078461068,1.669078461069,1.669078461068
      ,1.669078461069,1.669078461068,1.669078461068,1.669078461068
      ,1.669078461068,1.669078461068,1.669078461068,1.669078461068
      ,1.669078461068,1.669078461068,1.669078461068,1.669078461068
      ,1.669078461068,1.669078461068,1.669078461068,1.669078461068
      ,1.669078461068,1.669078461068,1.669078461068,1.669078461068
      ,1.669078461068,1.669078461068,1.669078461068,1.669078461068
      ,1.669078461068,1.669078461069,1.669078461068,1.669078461068
      ,1.669078461068,1.669078461068,1.669078461068,1.669078461068
      ,1.669078461068,1.669078461068,1.669078461068,1.669078461068
      ,1.669078461068,1.669078461068,1.669078461068,1.669078461068
      ,1.669078461068,1.669078461068,1.669078461068,1.669078461069
      ,1.669078461068,1.669078461069,1.669078461068,1.669078461068
      ,1.669078461068,1.669078461068,1.669078461068,1.669078461068
      ,1.669078461068,1.669078461068,1.669078461068,1.669078461068
      ,1.669078461068,1.669078461068,1.669078461068,1.669078461068
      ,1.669078461068,1.669078461068,1.669078461068,1.669078461068
      ,1.669078461068,1.669078461068,1.669078461068,1.669078461068
      ,1.669078461068,1.669078461068,1.669078461068,1.669078461068
      ,1.669078461068,1.669078461068,1.669078461068,1.669078461068
      ,1.669078461068,1.669078461068,1.669078461068,1.669078461068
      ,1.669078461068,1.669078461068,1.669078461068,1.669078461068
      ,1.669078461068,1.669078461068,1.669078461068,1.669078461068
      ,1.669078461069,1.669078461068,1.669078461069,1.669078461068
      ,1.669078461068,1.669078461068,1.669078461068,1.669078461069
      ,1.669078461068,1.669078461069,1.669078461068,1.669078461069
      ,1.669078461068,1.669078461068,1.669078461068,1.669078461068
      ,1.669078461068,1.669078461068,1.669078461068,1.669078461068
      ,1.669078461068,1.669078461068,1.669078461068,1.669078461068
      ,1.669078461068,1.669078461068,1.669078461068,1.669078461068
      ,1.669078461068,1.669078461068,1.669078461068,1.669078461068
      ,1.669078461068,1.669078461068,1.669078461068,1.669078461068
      ,1.669078461069,1.669078461068,1.669078461069,1.669078461068
      ,1.669078461068,1.669078461068,1.669078461068,1.669078461069
      ,1.669078461068,1.669078461069,1.669078461068,1.669078461069
      ,1.669078461068,1.669078461068,1.669078461068,1.669078461068
      ,1.669078461068,1.669078461068,1.669078461068,1.669078461068
      ,1.669078461068,1.669078461068,1.669078461068,1.669078461068
      ,1.669078461068,1.669078461068,1.669078461068,1.669078461068
      ,1.669078461068,1.669078461068,1.669078461068,1.669078461068
      ,1.669078461068,1.669078461068,1.669078461068,1.669078461068
      ,1.669078461068,1.669078461068,1.669078461068,1.669078461068
      ,1.669078461068,1.669078461068,1.669078461068,1.669078461068
      ,1.669078461068,1.669078461068,1.669078461068,1.669078461068
      ,1.669078461068,1.669078461068,1.669078461068,1.669078461068
      ,1.669078461068,1.669078461068,1.669078461068,1.669078461068
      ,1.669078461068,1.669078461068,1.669078461068,1.669078461068
      ,1.669078461068,1.669078461068,1.669078461068,1.669078461069
      ,1.669078461068,1.669078461069,1.669078461068,1.669078461068
      ,1.669078461068,1.669078461068,1.669078461069,1.669078461068
      ,1.669078461069,1.669078461068,1.669078461069,1.669078461068
      ,1.669078461068,1.669078461068,1.669078461068,1.669078461068
      ,1.669078461068,1.669078461068,1.669078461068,1.669078461068
      ,1.669078461068,1.669078461068,1.669078461068,1.669078461068
      ,1.669078461068,1.669078461069,1.669078461068,1.669078461069
      ,1.669078461068,1.669078461068,1.669078461068,1.669078461068
      ,1.669078461068,1.669078461068,1.669078461068,1.669078461069
      ,1.669078461068,1.669078461068,1.669078461068,1.669078461068
      ,1.669078461068,1.669078461068,1.669078461069,1.669078461068
      ,1.669078461069,1.669078461068,1.669078461069,1.669078461068
      ,1.669078461068,1.669078461068,1.669078461068,1.669078461068
      ,1.669078461068,1.669078461068,1.669078461068,1.669078461068
      ,1.669078461068,1.669078461068,1.669078461068,1.669078461068
      ,1.669078461068,1.669078461068,1.669078461068,1.669078461068
      ,1.669078461068,1.669078461068,1.669078461068,1.669078461068
      ,1.669078461068,1.669078461068,1.669078461068,1.669078461068
      ,1.669078461068,1.669078461068,1.669078461068,1.669078461068
      ,1.669078461068,1.669078461068,1.669078461068,1.669078461068
      ,1.669078461068,1.669078461068,1.669078461068,1.669078461068
      ,1.669078461068,1.669078461068,1.669078461068,1.669078461068
      ,1.669078461069,1.669078461068,1.669078461069,1.669078461068
      ,1.669078461068,1.669078461068,1.669078461068,1.669078461068
      ,1.669078461068,1.669078461068,1.669078461068,1.669078461068
      ,1.669078461068,1.669078461068,1.669078461068,1.669078461068
      ,1.669078461068,1.669078461068,1.669078461068,1.669078461068
      ,1.669078461068,1.669078461068,1.669078461068,1.669078461068
      ,1.669078461068,1.669078461068,1.669078461068,1.669078461068
      ,1.669078461068,1.669078461068,1.669078461068,1.669078461068
      ,1.669078461068,1.669078461068,1.669078461068,1.669078461068
      ,1.669078461068,1.669078461068,1.669078461068,1.669078461068
      ,1.669078461068,1.669078461068,1.669078461068,1.669078461068
      ,1.669078461068,1.669078461068,1.669078461068,1.669078461068
      ,1.669078461068,1.669078461068,1.669078461068,1.669078461068
      ,1.669078461068,1.669078461068,1.669078461068,1.669078461068
      ,1.669078461068,1.669078461068,1.669078461068,1.669078461068
      ,1.669078461068,1.669078461068,1.669078461068,1.669078461068
      ,1.669078461068,1.669078461068,1.669078461068,1.669078461068
      ,1.669078461068,1.669078461068,1.669078461068,1.669078461068
      ,1.669078461068,1.669078461068,1.669078461068,1.669078461068
      ,1.669078461068,1.669078461068,1.669078461068,1.669078461068
      ,1.669078461068,1.669078461068,1.669078461068,1.669078461068
      ,1.669078461068,1.669078461068,1.669078461068,1.669078461068
      ,1.669078461068,1.669078461068,1.669078461068,1.669078461068
      ,1.669078461068,1.669078461068,1.669078461068,1.669078461068
      ,1.669078461068,1.669078461068,1.669078461068,1.669078461068
      ,1.669078461068,1.669078461068,1.669078461068,1.669078461068
      ,1.669078461068,1.669078461068,1.669078461068,1.669078461068
      ,1.669078461068,1.669078461068,1.669078461068,1.669078461068
      ,1.669078461068,1.669078461068,1.669078461068,1.669078461068
      ,1.669078461068,1.669078461068,1.669078461068,1.669078461068
      ,1.669078461068,1.669078461068,1.669078461068,1.669078461068
      ,1.669078461068,1.669078461068,1.669078461068,1.669078461068
      ,1.669078461068,1.669078461068,1.669078461068,1.669078461068
      ,1.669078461068,1.669078461068,1.669078461068,1.669078461068
      ,1.669078461068,1.669078461068,1.669078461068,1.669078461068
      ,1.669078461068,1.669078461068,1.669078461068,1.669078461068
      ,1.669078461068,1.669078461068,1.669078461068,1.669078461068
      ,1.669078461068,1.669078461068,1.669078461068,1.669078461068
      ,1.669078461068,1.669078461068,1.669078461068,1.669078461068
      ,1.669078461068,1.669078461068,1.669078461068,1.669078461068
      ,1.669078461068,1.669078461068,1.669078461068,1.669078461068
      ,1.669078461068,1.669078461068,1.669078461068,1.669078461068
,1.669078461068))) REPRESENTATION_ITEM('') SURFACE() );
#607 = CARTESIAN_POINT('',(7.62,-9.436895709314E-16,1.525));
#608 = CARTESIAN_POINT('',(7.620000025906,3.724103363451,1.872492149989)
  );
#609 = CARTESIAN_POINT('',(5.572065051095,7.448893924714,2.21993610868)
  );
#610 = CARTESIAN_POINT('',(1.47900772069,9.881877792448,2.567514141264)
  );
#611 = CARTESIAN_POINT('',(-3.726550337122,9.76150339517,2.914838147574)
  );
#612 = CARTESIAN_POINT('',(-8.134284525015,6.558012028792,3.262506145823
    ));
#613 = CARTESIAN_POINT('',(-9.855793079055,1.643876719341,3.609835620116
    ));
#614 = CARTESIAN_POINT('',(-8.805216078608,-3.000348408647,
    3.957405212095));
#615 = CARTESIAN_POINT('',(-5.894580308534,-6.098136785112,
    4.304857311198));
#616 = CARTESIAN_POINT('',(-2.352376661965,-7.247808223197,4.65234375));
#617 = CARTESIAN_POINT('',(1.189826346004,-8.397479355309,4.999835899992
    ));
#618 = CARTESIAN_POINT('',(5.36490273702,-7.599457102815,5.347279858672)
  );
#619 = CARTESIAN_POINT('',(8.942620981595,-4.457409844564,5.694857891279
    ));
#620 = CARTESIAN_POINT('',(10.435138401696,0.531048478361,6.042181897551
    ));
#621 = CARTESIAN_POINT('',(8.748833935507,5.712443546558,6.38984989585)
  );
#622 = CARTESIAN_POINT('',(4.606173337096,8.866913503254,6.737179370093)
  );
#623 = CARTESIAN_POINT('',(-0.135533472673,9.301373631997,7.084748962112
    ));
#624 = CARTESIAN_POINT('',(-3.980558108589,7.489226021949,7.432201061189
    ));
#625 = CARTESIAN_POINT('',(-6.167591611612,4.474954045839,7.779687500003
    ));
#626 = CARTESIAN_POINT('',(-8.354624610436,1.46068256066,8.127179883463)
  );
#627 = CARTESIAN_POINT('',(-8.884472464115,-2.756824140587,
    8.474622647871));
#628 = CARTESIAN_POINT('',(-7.00037577274,-7.129776468169,8.822203994696
    ));
#629 = CARTESIAN_POINT('',(-2.716330800083,-10.08938385356,9.16952147195
    ));
#630 = CARTESIAN_POINT('',(2.732565031697,-10.08499915264,9.517199379409
    ));
#631 = CARTESIAN_POINT('',(7.011841294929,-7.11850090259,9.864516856655)
  );
#632 = CARTESIAN_POINT('',(8.888897762193,-2.74252199273,10.212098203489
    ));
#633 = CARTESIAN_POINT('',(8.352262983312,1.474126514962,10.559540967891
    ));
#634 = CARTESIAN_POINT('',(6.160381679646,4.484874308279,10.907033351353
    ));
#635 = CARTESIAN_POINT('',(3.968499896892,7.495622600167,11.254519556679
    ));
#636 = CARTESIAN_POINT('',(0.120563656612,9.301579677486,11.601972850085
    ));
#637 = CARTESIAN_POINT('',(-4.620437429246,8.859488977681,
    11.949539127785));
#638 = CARTESIAN_POINT('',(-8.758016615416,5.698355715057,12.29687513118
    ));
#639 = CARTESIAN_POINT('',(-10.43597891559,0.514253794918,
    12.644533220179));
#640 = CARTESIAN_POINT('',(-8.935436385797,-4.471796459865,
    12.991869223565));
#641 = CARTESIAN_POINT('',(-5.352664692897,-7.608081280914,
    13.339435501277));
#642 = CARTESIAN_POINT('',(-1.176310415343,-8.399383513249,
    13.686888794674));
#643 = CARTESIAN_POINT('',(2.364038395702,-7.244012870202,
    14.034375000004));
#644 = CARTESIAN_POINT('',(5.904386526419,-6.088642377668,
    14.381867149976));
#645 = CARTESIAN_POINT('',(8.810034013581,-2.986173189002,
    14.729311108706));
#646 = CARTESIAN_POINT('',(9.853133982885,1.659735900153,15.076889141226
    ));
#647 = CARTESIAN_POINT('',(8.123720229207,6.571095463198,15.424213147617
    ));
#648 = CARTESIAN_POINT('',(3.710834986991,9.767487404801,15.771881145785
    ));
#649 = CARTESIAN_POINT('',(-1.494909336889,9.879485510904,
    16.119210620145));
#650 = CARTESIAN_POINT('',(-5.584046112809,7.439915978974,
    16.466780212079));
#651 = CARTESIAN_POINT('',(-7.625983665555,3.711835448453,
    16.814232311204));
#652 = CARTESIAN_POINT('',(-7.619990131185,-1.226379389635E-02,
    17.161718749999));
#653 = CARTESIAN_POINT('',(-7.613996478141,-3.736362342595,
    17.50921113348));
#654 = CARTESIAN_POINT('',(-5.56006952921,-7.457852045872,
    17.856653897833));
#655 = CARTESIAN_POINT('',(-1.463101434681,-9.884245425795,
    18.204235244756));
#656 = CARTESIAN_POINT('',(3.742255423335,-9.755493011969,
    18.551552721881));
#657 = CARTESIAN_POINT('',(8.144829233968,-6.544912246236,
    18.899230629469));
#658 = CARTESIAN_POINT('',(9.858425310284,-1.628012237922,
    19.246548106614));
#659 = CARTESIAN_POINT('',(8.800376458355,3.014515632514,19.59412945351)
  );
#660 = CARTESIAN_POINT('',(5.884757773586,6.107615890894,19.941572217883
    ));
#661 = CARTESIAN_POINT('',(2.340709068283,7.251584727329,20.289064601356
    ));
#662 = CARTESIAN_POINT('',(-1.203340317786,8.39555368486,20.636550806677
    ));
#663 = CARTESIAN_POINT('',(-5.377125910927,7.590812672564,
    20.984004100085));
#664 = CARTESIAN_POINT('',(-8.949783947595,4.443011847224,
    21.331570377784));
#665 = CARTESIAN_POINT('',(-10.43426956945,-0.547842534971,
    21.678906381185));
#666 = CARTESIAN_POINT('',(-8.739629337256,-5.72651656244,
    22.026564470172));
#667 = CARTESIAN_POINT('',(-4.59189650665,-8.87431537952,22.373900473568
    ));
#668 = CARTESIAN_POINT('',(0.150503023702,-9.30114342065,22.721466751279
    ));
#669 = CARTESIAN_POINT('',(3.992606302617,-7.482809933987,23.06892004467
    ));
#670 = CARTESIAN_POINT('',(6.174785712306,-4.465021994022,
    23.416406250008));
#671 = CARTESIAN_POINT('',(8.356964660575,-1.447234576155,
    23.763898399968));
#672 = CARTESIAN_POINT('',(8.880023998747,2.771119524082,24.111342358712
    ));
#673 = CARTESIAN_POINT('',(6.988892050886,7.141033569742,24.458920391229
    ));
#674 = CARTESIAN_POINT('',(2.70008892075,10.093742901856,24.806244397598
    ));
#675 = CARTESIAN_POINT('',(-2.748792115372,10.080587701625,
    25.153912395817));
#676 = CARTESIAN_POINT('',(-7.023289315063,7.107207263237,
    25.501241870108));
#677 = CARTESIAN_POINT('',(-8.893299746754,2.728211937984,25.84881146211
    ));
#678 = CARTESIAN_POINT('',(-8.349879939273,-1.487566557649,
    26.196263561183));
#679 = CARTESIAN_POINT('',(-6.153155502269,-4.494783350162,
    26.543750000009));
#680 = CARTESIAN_POINT('',(-3.956431403458,-7.501999520544,
    26.891242149963));
#681 = CARTESIAN_POINT('',(-0.105592957773,-9.301762185864,
    27.238686108727));
#682 = CARTESIAN_POINT('',(4.634689668684,-8.852040680996,
    27.586264141199));
#683 = CARTESIAN_POINT('',(8.767176725006,-5.684253532469,
    27.933588147644));
#684 = CARTESIAN_POINT('',(10.43679276368,-0.497456843899,
    28.281256145759));
#685 = CARTESIAN_POINT('',(8.928227968698,4.48617133252,28.628585620166)
  );
#686 = CARTESIAN_POINT('',(5.340413082787,7.616686213132,28.976155212063
    ));
#687 = CARTESIAN_POINT('',(1.162790757257,8.401265792639,29.323607311214
    ));
#688 = CARTESIAN_POINT('',(-2.375694006014,7.240198753473,
    29.671093749994));
#689 = CARTESIAN_POINT('',(-5.914178073125,6.079131843926,
    30.018585900008));
#690 = CARTESIAN_POINT('',(-8.814828615682,2.971990261001,
    30.366029858645));
#691 = CARTESIAN_POINT('',(-9.850450006785,-1.675591598944,
    30.713607891307));
#692 = CARTESIAN_POINT('',(-8.113134043934,-6.584161445032,
    31.060931897536));
#693 = CARTESIAN_POINT('',(-3.69511017412,-9.773447053362,
    31.408599895846));
#694 = CARTESIAN_POINT('',(1.510807659862,-9.877066776142,31.75592937011
    ));
#695 = CARTESIAN_POINT('',(5.596012843555,-7.430919258008,
    32.103498962089));
#696 = CARTESIAN_POINT('',(7.631947697772,-3.699557217042,
    32.450951061209));
#697 = CARTESIAN_POINT('',(7.619960524766,2.452755602763E-02,
    32.798437499989));
#698 = CARTESIAN_POINT('',(7.607973234202,3.748611635252,33.14592988351)
  );
#699 = CARTESIAN_POINT('',(5.548059498807,7.466790884016,33.493372647763
    ));
#700 = CARTESIAN_POINT('',(1.447191619999,9.8865873718,33.840953994878)
  );
#701 = CARTESIAN_POINT('',(-3.757951279489,9.749457510098,
    34.188271471718));
#702 = CARTESIAN_POINT('',(-8.155352209719,6.531795304285,
    34.535949379641));
#703 = CARTESIAN_POINT('',(-9.861032700758,1.612143765132,
    34.883266856468));
#704 = CARTESIAN_POINT('',(-8.795513433737,-3.028675245822,
    35.230848203611));
#705 = CARTESIAN_POINT('',(-5.874920422127,-6.117079038078,
    35.578290967829));
#706 = CARTESIAN_POINT('',(-2.32903517845,-7.25534252379,35.925783351377
    ));
#707 = CARTESIAN_POINT('',(1.216850762121,-8.393606107406,
    36.273269790174));
#708 = CARTESIAN_POINT('',(5.389335700557,-7.582148868985,36.62072188915
    ));
#709 = CARTESIAN_POINT('',(8.956923197041,-4.428601893102,
    36.968291481487));
#710 = CARTESIAN_POINT('',(10.433374061348,0.564634570838,
    37.315620955169));
#711 = CARTESIAN_POINT('',(8.730402028996,5.740575438311,37.66328895418)
  );
#712 = CARTESIAN_POINT('',(4.577607616029,8.881693591619,38.010612959759
    ));
#713 = CARTESIAN_POINT('',(-0.165471916966,9.300889671429,
    38.358190992891));
#714 = CARTESIAN_POINT('',(-4.004644391057,7.476374091612,
    38.705634951265));
#715 = CARTESIAN_POINT('',(-6.181963675505,4.455078575593,
    39.053127101388));
#716 = CARTESIAN_POINT('',(-8.35928331026,1.433782457223,39.40061330662)
  );
#717 = CARTESIAN_POINT('',(-8.875552223436,-2.785407119407,
    39.748066600167));
#718 = CARTESIAN_POINT('',(-6.977390491708,-7.152272989033,
    40.095632877686));
#719 = CARTESIAN_POINT('',(-2.683839943202,-10.09807486852,
    40.442968881281));
#720 = CARTESIAN_POINT('',(2.765012187895,-10.07615107535,
    40.790626970093));
#721 = CARTESIAN_POINT('',(7.034718873666,-7.095894401093,
    41.137962973624));
#722 = CARTESIAN_POINT('',(8.897679007023,-2.713895425323,
    41.485529251245));
#723 = CARTESIAN_POINT('',(8.347475019096,1.501003131728,41.832982544687
    ));
#724 = CARTESIAN_POINT('',(6.145913531013,4.504680551305,42.180468750001
    ));
#725 = CARTESIAN_POINT('',(3.944352398051,7.508357371388,42.527960899986
    ));
#726 = CARTESIAN_POINT('',(9.062236244185E-02,9.301920082577,
    42.875404858689));
#727 = CARTESIAN_POINT('',(-4.648930333194,8.844570046075,43.22298289124
    ));
#728 = CARTESIAN_POINT('',(-8.776313731847,5.670136085598,
    43.570306897618));
#729 = CARTESIAN_POINT('',(-10.43757986465,0.480658998126,
    43.917974895763));
#730 = CARTESIAN_POINT('',(-8.92099626376,-4.500534806853,44.26530437018
    ));
#731 = CARTESIAN_POINT('',(-5.328147705693,-7.625271325694,
    44.612873962043));
#732 = CARTESIAN_POINT('',(-1.149268071233,-8.403126332751,
    44.960326061231));
#733 = CARTESIAN_POINT('',(2.387343462707,-7.236365882891,
    45.307812499983));
#734 = CARTESIAN_POINT('',(5.923954300689,-6.069605563772,
    45.655304650045));
#735 = CARTESIAN_POINT('',(8.819600385261,-2.957799634832,
    46.002748608563));
#736 = CARTESIAN_POINT('',(9.847740515652,1.69144295755,46.350326641438)
  );
#737 = CARTESIAN_POINT('',(8.1025268437,6.597210372309,46.697650647377)
  );
#738 = CARTESIAN_POINT('',(3.67937579002,9.779381386346,47.045318645994)
  );
#739 = CARTESIAN_POINT('',(-1.526702069476,9.874622457404,
    47.392648120007));
#740 = CARTESIAN_POINT('',(-5.607965079285,7.42190328918,47.740217712138
    ));
#741 = CARTESIAN_POINT('',(-7.637891961411,3.687269402889,
    48.087669811199));
#742 = CARTESIAN_POINT('',(-7.61991118082,-3.679125462613E-02,
    48.435156249984));
#743 = CARTESIAN_POINT('',(-7.601930309732,-3.760851209823,
    48.782648400037));
#744 = CARTESIAN_POINT('',(-5.53603499082,-7.475710415459,
    49.130092358577));
#745 = CARTESIAN_POINT('',(-1.431278318286,-9.88890362569,
    49.477670391431));
#746 = CARTESIAN_POINT('',(3.773637865693,-9.743396902913,
    49.824994397362));
#747 = CARTESIAN_POINT('',(8.165853423964,-6.518661240021,50.17266239603
    ));
#748 = CARTESIAN_POINT('',(9.863615244857,-1.596271338704,
    50.519991869965));
#749 = CARTESIAN_POINT('',(8.790627016364,3.042827208948,50.867561462174
    ));
#750 = CARTESIAN_POINT('',(5.865068280319,6.12652620421,51.215013561176)
  );
#751 = CARTESIAN_POINT('',(2.317355022335,7.259081601722,51.562499999994
    ));
#752 = CARTESIAN_POINT('',(-1.230357611467,8.391636674225,
    51.909992383483));
#753 = CARTESIAN_POINT('',(-5.401532206417,7.573465529787,
    52.257435147837));
#754 = CARTESIAN_POINT('',(-8.964038389028,4.41418046816,52.605016494738
    ));
#755 = CARTESIAN_POINT('',(-10.43245245085,-0.581425335574,
    52.952333971909));
#756 = CARTESIAN_POINT('',(-8.721151250962,-5.75461905075,
    53.300011879444));
#757 = CARTESIAN_POINT('',(-4.563307557989,-8.889049306674,
    53.647329356626));
#758 = CARTESIAN_POINT('',(0.180440863775,-9.300611345613,
    53.994910703511));
#759 = CARTESIAN_POINT('',(4.016671817841,-7.469919238669,
    54.342353467876));
#760 = CARTESIAN_POINT('',(6.189125769574,-4.445123418801,
    54.689845851363));
#761 = CARTESIAN_POINT('',(8.361580044679,-1.420326987761,
    55.037332056704));
#762 = CARTESIAN_POINT('',(8.87105783369,2.799688018969,55.384785349999)
  );
#763 = CARTESIAN_POINT('',(6.965870431252,7.163493290117,55.732351627925
    ));
#764 = CARTESIAN_POINT('',(2.667584405816,10.102381220762,
    56.079687631031));
#765 = CARTESIAN_POINT('',(-2.781225383828,10.071687954702,
    56.427345720286));
#766 = CARTESIAN_POINT('',(-7.046130049766,7.084563381356,
    56.774681723525));
#767 = CARTESIAN_POINT('',(-8.902035285854,2.699571792192,
    57.122248001257));
#768 = CARTESIAN_POINT('',(-8.345048460995,-1.514435795775,
    57.469701294723));
#769 = CARTESIAN_POINT('',(-6.138655640363,-4.514566084248,
    57.817187499959));
#770 = CARTESIAN_POINT('',(-3.932263149977,-7.514695765198,
    58.164679883598));
#771 = CARTESIAN_POINT('',(-7.565163875619E-02,-9.302053920396,
    58.512122647601));
#772 = CARTESIAN_POINT('',(4.663159216437,-8.837076415118,
    58.859703995094));
#773 = CARTESIAN_POINT('',(8.785427543583,-5.656004105117,
    59.207021471495));
#774 = CARTESIAN_POINT('',(10.438340564651,-0.463859696719,
    59.554699379827));
#775 = CARTESIAN_POINT('',(8.913740757771,4.514886393667,59.902016856342
    ));
#776 = CARTESIAN_POINT('',(5.315869135455,7.633836888657,60.249598203677
    ));
#777 = CARTESIAN_POINT('',(1.135741982781,8.404964965598,60.597040967805
    ));
#778 = CARTESIAN_POINT('',(-2.39898650294,7.232514345557,60.94453335138)
  );
#779 = CARTESIAN_POINT('',(-5.933715609336,6.060063420733,
    61.292019556664));
#780 = CARTESIAN_POINT('',(-8.824348701922,2.94360154893,61.639472850044
    ));
#781 = CARTESIAN_POINT('',(-9.845006210038,-1.707290164944,
    61.987039127917));
#782 = CARTESIAN_POINT('',(-8.091898021108,-6.610242000656,
    62.334375130962));
#783 = CARTESIAN_POINT('',(-3.663632337819,-9.785290541738,
    62.682033220433));
#784 = CARTESIAN_POINT('',(1.542592785164,-9.872152474589,
    63.029369223343));
#785 = CARTESIAN_POINT('',(5.619902682647,-7.412868131132,
    63.376935501422));
#786 = CARTESIAN_POINT('',(7.64381646693,-3.674972029241,63.724388794609
    ));
#787 = CARTESIAN_POINT('',(7.619842099474,4.905485792217E-02,
    64.071875000019));
#788 = CARTESIAN_POINT('',(7.595867642545,3.773081059468,64.419367383392
    ));
#789 = CARTESIAN_POINT('',(5.523996356714,7.484610514812,64.766810148043
    ));
#790 = CARTESIAN_POINT('',(1.415360786177,9.891194431974,65.114391494401
    ));
#791 = CARTESIAN_POINT('',(-3.78931374926,9.73731076167,65.461708972328)
  );
#792 = CARTESIAN_POINT('',(-8.176334760949,6.505510697706,
    65.809386879036));
#793 = CARTESIAN_POINT('',(-9.866170847791,1.580394333122,
    66.156704356941));
#794 = CARTESIAN_POINT('',(-8.785719049614,-3.056970900789,
    66.504285703319));
#795 = CARTESIAN_POINT('',(-5.855200092395,-6.13595777386,
    66.851728467966));
#796 = CARTESIAN_POINT('',(-2.305669330748,-7.262801727793,
    67.199220851331));
#797 = CARTESIAN_POINT('',(1.243862128076,-8.389645777381,
    67.546707290191));
#798 = CARTESIAN_POINT('',(5.413713500537,-7.56476218387,67.894159389234
    ));
#799 = CARTESIAN_POINT('',(8.971131754066,-4.399748053826,
    68.241728981245));
#800 = CARTESIAN_POINT('',(10.431502543494,0.598215001065,
    68.589058455559));
#801 = CARTESIAN_POINT('',(8.711878811102,5.768647461105,68.936726453728
    ));
#802 = CARTESIAN_POINT('',(4.548995156816,8.896382163911,69.284050460157
    ));
#803 = CARTESIAN_POINT('',(-0.195409129642,9.300308860823,
    69.631628492622));
#804 = CARTESIAN_POINT('',(-4.028688892377,7.463445053402,69.9790724514)
  );
#805 = CARTESIAN_POINT('',(-6.19627183232,4.435156748072,70.326564601341
    ));
#806 = CARTESIAN_POINT('',(-8.36385510444,1.40686781738,70.674051040135)
  );
#807 = CARTESIAN_POINT('',(-8.866540532273,-2.813961576444,
    71.021503139384));
#808 = CARTESIAN_POINT('',(-6.954332164618,-7.174695256985,
    71.369072730971));
#809 = CARTESIAN_POINT('',(-2.651322247807,-10.10666101343,
    71.716402205928));
#810 = CARTESIAN_POINT('',(2.79743177269,-10.06719928413,72.064070203346
    ));
#811 = CARTESIAN_POINT('',(7.05752254098,-7.073213423004,72.411394210466
    ));
#812 = CARTESIAN_POINT('',(8.906368886577,-2.685241681948,72.75897224243
    ));
#813 = CARTESIAN_POINT('',(8.342600021027,1.527864897813,73.106416201487
    ));
#814 = CARTESIAN_POINT('',(6.131381994669,4.524439726135,73.45390835132)
  );
#815 = CARTESIAN_POINT('',(3.920163476057,7.521015063442,73.801394790251
    ));
#816 = CARTESIAN_POINT('',(6.068099303026E-02,9.302163113053,
    74.148846889078));
#817 = CARTESIAN_POINT('',(-4.67737619408,8.829560568021,74.496416481524
    ));
#818 = CARTESIAN_POINT('',(-8.794518664433,5.641856783343,
    74.843745955185));
#819 = CARTESIAN_POINT('',(-10.43907388084,0.447059795374,
    75.191413954118));
#820 = CARTESIAN_POINT('',(-8.906462693954,-4.529226735705,
    75.538737959838));
#821 = CARTESIAN_POINT('',(-5.303576254023,-7.642382387248,
    75.886315992824));
#822 = CARTESIAN_POINT('',(-1.122213362088,-8.40678198995,
    76.233759951304));
#823 = CARTESIAN_POINT('',(2.410623562013,-7.228643997476,
    76.581252101373));
#824 = CARTESIAN_POINT('',(5.943461122467,-6.050505721137,
    76.928738306642));
#825 = CARTESIAN_POINT('',(8.829074769743,-2.929395637696,
    77.276191600143));
#826 = CARTESIAN_POINT('',(9.84224570963,1.723132721128,77.623757877711)
  );
#827 = CARTESIAN_POINT('',(8.081248873711,6.623256716455,77.97109388124)
  );
#828 = CARTESIAN_POINT('',(3.647878933368,9.79117419824,78.318751970166)
  );
#829 = CARTESIAN_POINT('',(-1.558479244461,9.869657006571,
    78.666087973526));
#830 = CARTESIAN_POINT('',(-5.631825835548,7.403813736839,
    79.013654251339));
#831 = CARTESIAN_POINT('',(-7.649721147264,3.662665145076,
    79.361107544623));
#832 = CARTESIAN_POINT('',(-7.619753280907,-6.131833415666E-02,
    79.708593750033));
#833 = CARTESIAN_POINT('',(-7.589785352157,-3.785301119434,
    80.056085899873));
#834 = CARTESIAN_POINT('',(-5.511943200475,-7.493491295078,
    80.403529858944));
#835 = CARTESIAN_POINT('',(-1.399440111268,-9.893459451515,
    80.751107890819));
#836 = CARTESIAN_POINT('',(3.8049807461,-9.731199693266,81.098431898153)
  );
#837 = CARTESIAN_POINT('',(8.186793644331,-6.492342899772,
    81.446099895232));
#838 = CARTESIAN_POINT('',(9.868702287733,-1.564513676122,
    81.793429370589));
#839 = CARTESIAN_POINT('',(8.780787104654,3.071107062009,82.140998961804
    ));
#840 = CARTESIAN_POINT('',(5.845317592716,6.145373178589,82.488451061327
    ));
#841 = CARTESIAN_POINT('',(2.293977199653,7.266503189807,82.835937499967
    ));
#842 = CARTESIAN_POINT('',(-1.257362568149,8.387632878016,
    83.183429883601));
#843 = CARTESIAN_POINT('',(-5.425881992976,7.5560396311,83.530872647575)
  );
#844 = CARTESIAN_POINT('',(-8.978200488887,4.385303800846,
    83.878453995151));
#845 = CARTESIAN_POINT('',(-10.43052689104,-0.615002712163,
    84.225771471409));
#846 = CARTESIAN_POINT('',(-8.702582876848,-5.782661224175,
    84.573449379925));
#847 = CARTESIAN_POINT('',(-4.534671495971,-8.903691811149,
    84.920766856258));
#848 = CARTESIAN_POINT('',(0.210377102991,-9.299982353881,
    85.268348203729));
#849 = CARTESIAN_POINT('',(4.040695479734,-7.456951519518,
    85.615790967786));
#850 = CARTESIAN_POINT('',(6.203401845231,-4.425178589228,
    85.963283351379));
#851 = CARTESIAN_POINT('',(8.36610853215,-1.393405046704,86.310769556572
    ));
#852 = CARTESIAN_POINT('',(8.862000131312,2.828228025461,86.658222850333
    ));
#853 = CARTESIAN_POINT('',(6.942776210549,7.185878197858,87.005789127373
    ));
#854 = CARTESIAN_POINT('',(2.635052643897,10.110915411302,
    87.353125131699));
#855 = CARTESIAN_POINT('',(-2.813630121382,10.062683460786,
    87.70078321967));
#856 = CARTESIAN_POINT('',(-7.068897619091,7.061846319117,
    88.048119223956));
#857 = CARTESIAN_POINT('',(-8.910678657006,2.670903585426,
    88.395685501048));
#858 = CARTESIAN_POINT('',(-8.340130504104,-1.541289320832,
    88.743138794768));
#859 = CARTESIAN_POINT('',(-6.124092176135,-4.534302043116,
    89.090624999986));
#860 = CARTESIAN_POINT('',(-3.90805420619,-7.527314167609,89.43811715005
    ));
#861 = CARTESIAN_POINT('',(-4.570932316215E-02,-9.302249206151,
    89.785561108544));
#862 = CARTESIAN_POINT('',(4.691579928259,-8.822020761651,
    90.133139141468));
#863 = CARTESIAN_POINT('',(8.803588261434,-5.627695769358,
    90.480463147341));
#864 = CARTESIAN_POINT('',(10.439778944765,-0.430258164737,
    90.828131146033));
#865 = CARTESIAN_POINT('',(8.899162579016,4.543555136393,91.175460619967
    ));
#866 = CARTESIAN_POINT('',(5.291268894601,7.650908066985,91.523030212175
    ));
#867 = CARTESIAN_POINT('',(1.108682292014,8.4085773374,91.870482311171)
  );
#868 = CARTESIAN_POINT('',(-2.422254609407,7.224754847551,
    92.217968749999));
#869 = CARTESIAN_POINT('',(-5.953190815526,6.040932491795,
    92.565460899977));
#870 = CARTESIAN_POINT('',(-8.833778575507,2.91518193499,92.912904858729
    ));
#871 = CARTESIAN_POINT('',(-9.839459022673,-1.738970581716,
    93.260482891148));
#872 = CARTESIAN_POINT('',(-8.070579428113,-6.636254489051,
    93.607806897757));
#873 = CARTESIAN_POINT('',(-3.632115618174,-9.797032338398,
    93.955474895609));
#874 = CARTESIAN_POINT('',(1.574361406604,-9.867136061056,
    94.302804370313));
#875 = CARTESIAN_POINT('',(5.643734506948,-7.394740129245,
    94.650373961948));
#876 = CARTESIAN_POINT('',(7.655605987156,-3.650348782403,
    94.997826061288));
#877 = CARTESIAN_POINT('',(7.61964472535,7.358165157188E-02,
    95.345312499955));
#878 = CARTESIAN_POINT('',(7.583683350452,3.797511390926,95.692804883619
    ));
#879 = CARTESIAN_POINT('',(5.499875980775,7.502352597992,96.040247647551
    ));
#880 = CARTESIAN_POINT('',(1.383515287798,9.895699009809,96.387828995181
    ));
#881 = CARTESIAN_POINT('',(-3.820636957999,9.725063125549,
    96.735146471373));
#882 = CARTESIAN_POINT('',(-8.197232597715,6.479158687741,
    97.082824379959));
#883 = CARTESIAN_POINT('',(-9.871206771738,1.548628526757,
    97.430141856236));
#884 = CARTESIAN_POINT('',(-8.775833637155,-3.085234882624,
    97.777723203734));
#885 = CARTESIAN_POINT('',(-5.835419097168,-6.154772935275,
    98.125165967792));
#886 = CARTESIAN_POINT('',(-2.282279594122,-7.270185682239,
    98.472658351372));
#887 = CARTESIAN_POINT('',(1.270860590672,-8.385598544827,
    98.820144556554));
#888 = CARTESIAN_POINT('',(5.438035274195,-7.54729702925,99.167597850377
    ));
#889 = CARTESIAN_POINT('',(8.985247202573,-4.370848852716,
    99.515164127335));
#890 = CARTESIAN_POINT('',(10.429523227527,0.631789630199,
    99.862500131685));
#891 = CARTESIAN_POINT('',(8.693264942324,5.796659170119,100.21015821975
    ));
#892 = CARTESIAN_POINT('',(4.520335989001,8.91097915666,100.55749422381)
  );
#893 = CARTESIAN_POINT('',(-0.225344688841,9.299631168088,100.9050605012
    ));
#894 = CARTESIAN_POINT('',(-4.052691392879,7.450439052163,
    101.25251379465));
#895 = CARTESIAN_POINT('',(-6.210515931875,4.415188768323,
    101.60000000004));
#896 = CARTESIAN_POINT('',(-8.368340013683,1.379939010263,
    101.94749214984));
#897 = CARTESIAN_POINT('',(-8.857437213364,-2.842487580605,
    102.29493610896));
#898 = CARTESIAN_POINT('',(-6.931201686652,-7.197042150969,
    102.64251414083));
#899 = CARTESIAN_POINT('',(-2.618776891341,-10.11514377267,
    102.98983814809));
#900 = CARTESIAN_POINT('',(2.829821861475,-10.05814171382,103.3375061453
    ));
#901 = CARTESIAN_POINT('',(7.080253794152,-7.050460559217,
    103.68483562055));
#902 = CARTESIAN_POINT('',(8.91496579193,-2.656558994701,104.0324052118)
  );
#903 = CARTESIAN_POINT('',(8.337639102267,1.554710090081,104.37985731134
    ));
#904 = CARTESIAN_POINT('',(6.116786640272,4.544152417931,104.72734374994
    ));
#905 = CARTESIAN_POINT('',(3.895934495688,7.533594117643,105.07483613367
    ));
#906 = CARTESIAN_POINT('',(3.073812777201E-02,9.302310760035,
    105.42227889743));
#907 = CARTESIAN_POINT('',(-4.705772464534,8.814458517451,
    105.76986024537));
#908 = CARTESIAN_POINT('',(-8.812633734222,5.613519949856,
    106.11717772113));
#909 = CARTESIAN_POINT('',(-10.44045852469,0.41345538629,106.46485563018
    ));
#910 = CARTESIAN_POINT('',(-8.891837864562,-4.557871524536,
    106.81217310606));
#911 = CARTESIAN_POINT('',(-5.278949110817,-7.659414246116,
    107.15975445383));
#912 = CARTESIAN_POINT('',(-1.095147483847,-8.410350641499,
    107.50719721774));
#913 = CARTESIAN_POINT('',(2.433878917749,-7.220847139617,
    107.85468960138));
#914 = CARTESIAN_POINT('',(5.962905938565,-6.031343329952,
    108.20217580653));
#915 = CARTESIAN_POINT('',(8.838458284898,-2.900961088529,
    108.54962910041));
#916 = CARTESIAN_POINT('',(9.836648234739,1.754804402477,108.89719537725
    ));
#917 = CARTESIAN_POINT('',(8.059887809384,6.649234646934,109.2445313818)
  );
#918 = CARTESIAN_POINT('',(3.616343818684,9.802865411565,109.59218946962
    ));
#919 = CARTESIAN_POINT('',(-1.590240011426,9.864589382743,
    109.93952547391));
#920 = CARTESIAN_POINT('',(-5.655628347155,7.385647438777,
    110.28709175114));
#921 = CARTESIAN_POINT('',(-7.661471048845,3.638022947106,
    110.63454504466));
#922 = CARTESIAN_POINT('',(-7.619516433083,-8.584477837242E-02,
    110.98203125006));
#923 = CARTESIAN_POINT('',(-7.577561757167,-3.809711809706,
    111.3295233998));
#924 = CARTESIAN_POINT('',(-5.487794301147,-7.511194535004,
    111.67696735907));
#925 = CARTESIAN_POINT('',(-1.367587404695,-9.897912771627,
    112.02454539063));
#926 = CARTESIAN_POINT('',(3.836284203238,-9.718901659151,
    112.37186939837));
#927 = CARTESIAN_POINT('',(8.207649041758,-6.465957292625,
    112.71953739502));
#928 = CARTESIAN_POINT('',(9.873687081392,-1.532739803702,
    113.06686687074));
#929 = CARTESIAN_POINT('',(8.770856215646,3.099355095476,113.4144364617)
  );
#930 = CARTESIAN_POINT('',(5.825506342036,6.164156481042,113.76188856137
    ));
#931 = CARTESIAN_POINT('',(2.270575609179,7.273849489988,114.10937499994
    ));
#932 = CARTESIAN_POINT('',(-1.284354481617,8.383542200158,
    114.45686715017));
#933 = CARTESIAN_POINT('',(-5.450175627007,7.538535353164,114.8043111083
    ));
#934 = CARTESIAN_POINT('',(-8.992269407323,4.35638192165,115.15188914179
    ));
#935 = CARTESIAN_POINT('',(-10.42849354262,-0.648574114249,
    115.49921314701));
#936 = CARTESIAN_POINT('',(-8.683923948986,-5.810642937904,
    115.84688114624));
#937 = CARTESIAN_POINT('',(-4.505988872866,-8.918242661123,
    116.1942106199));
#938 = CARTESIAN_POINT('',(0.240311532863,-9.299256482733,
    116.54178021212));
#939 = CARTESIAN_POINT('',(4.064677016965,-7.443906905077,
    116.88923231126));
#940 = CARTESIAN_POINT('',(6.217613789447,-4.405187710562,
    117.23671874992));
#941 = CARTESIAN_POINT('',(8.370550063256,-1.366469012663,
    117.58421113368));
#942 = CARTESIAN_POINT('',(8.852851047586,2.856739161718,117.93165389741
    ));
#943 = CARTESIAN_POINT('',(6.919609469372,7.208188276892,118.27923524539
    ));
#944 = CARTESIAN_POINT('',(2.602494258402,10.11934499837,118.6265527211)
  );
#945 = CARTESIAN_POINT('',(-2.846006388674,10.053574846689,
    118.97423063022));
#946 = CARTESIAN_POINT('',(-7.091591352301,7.039055727552,
    119.32154810601));
#947 = CARTESIAN_POINT('',(-8.919230152766,2.642208127757,
    119.66912945388));
#948 = CARTESIAN_POINT('',(-8.335125851792,-1.568127213924,
    120.0165722177));
#949 = CARTESIAN_POINT('',(-6.10946540697,-4.55399082575,120.36406460141
    ));
#950 = CARTESIAN_POINT('',(-3.883804451644,-7.539854922011,
    120.71155104011));
#951 = CARTESIAN_POINT('',(-1.576712936268E-02,-9.3023476694,
    121.05900313921));
#952 = CARTESIAN_POINT('',(4.71995298812,-8.806874114873,121.40657273142
    ));
#953 = CARTESIAN_POINT('',(8.821656442284,-5.599328898778,121.7539022052
    ));
#954 = CARTESIAN_POINT('',(10.441110718262,-0.396652140145,
    122.10157020417));
#955 = CARTESIAN_POINT('',(8.884490646829,4.572176559126,122.44889420974
    ));
#956 = CARTESIAN_POINT('',(5.266615112885,7.66790029201,122.7964722429)
  );
#957 = CARTESIAN_POINT('',(1.081610247797,8.412102325128,123.14391620126
    ));
#958 = CARTESIAN_POINT('',(-2.445497154176,7.216920650034,
    123.49140835138));
#959 = CARTESIAN_POINT('',(-5.972605191141,6.021738688005,123.8388945566
    ));
#960 = CARTESIAN_POINT('',(-8.843115708,2.886732524245,124.18634785019)
  );
#961 = CARTESIAN_POINT('',(-9.833811274624,-1.770633445625,
    124.53391412767));
#962 = CARTESIAN_POINT('',(-8.049175947944,-6.662197794261,
    124.88125013126));
#963 = CARTESIAN_POINT('',(-3.600562189994,-9.808672938199,
    125.22890822014));
#964 = CARTESIAN_POINT('',(1.606114236742,-9.862017239974,
    125.57624422356));
#965 = CARTESIAN_POINT('',(5.667507644238,-7.37653558211,125.9238105013)
  );
#966 = CARTESIAN_POINT('',(7.667316239651,-3.62568769712,126.27126379464
    ));
#967 = CARTESIAN_POINT('',(7.619368404439,9.810768283072E-02,
    126.61875000002));
#968 = CARTESIAN_POINT('',(7.571420510185,3.821902368525,126.96624214991
    ));
#969 = CARTESIAN_POINT('',(5.475698513792,7.52001698275,127.31368610884)
  );
#970 = CARTESIAN_POINT('',(1.351655717177,9.900100977558,127.66126414101
    ));
#971 = CARTESIAN_POINT('',(-3.851921046669,9.712714872717,
    128.00858814787));
#972 = CARTESIAN_POINT('',(-8.218044864358,6.452739349357,
    128.35625614554));
#973 = CARTESIAN_POINT('',(-9.876141118544,1.516846891676,
    128.70358562032));
#974 = CARTESIAN_POINT('',(-8.765856686798,-3.113467088381,
    129.05115521198));
#975 = CARTESIAN_POINT('',(-5.815578069649,-6.173524194458,
    129.39860731123));
#976 = CARTESIAN_POINT('',(-2.258865976787,-7.277494383297,
    129.74609374999));
#977 = CARTESIAN_POINT('',(1.29784548929,-8.381464252158,130.09358613349
    ));
#978 = CARTESIAN_POINT('',(5.462301186602,-7.529754050083,
    130.44102889779));
#979 = CARTESIAN_POINT('',(8.999269175578,-4.341903701231,130.7886102448
    ));
#980 = CARTESIAN_POINT('',(10.427435926155,0.665356720966,131.1359277218
    ));
#981 = CARTESIAN_POINT('',(8.674561312847,5.824612055,131.48360562956));
#982 = CARTESIAN_POINT('',(4.491629401702,8.925482550694,131.83092310652
    ));
#983 = CARTESIAN_POINT('',(-0.255277277965,9.298858199744,
    132.17850445357));
#984 = CARTESIAN_POINT('',(-4.076652397161,7.4373551184,132.52594721785)
  );
#985 = CARTESIAN_POINT('',(-6.224695400504,4.395175442565,
    132.87343960135));
#986 = CARTESIAN_POINT('',(-8.372738722305,1.35299515296,133.22092580656
    ));
#987 = CARTESIAN_POINT('',(-8.848241447176,-2.870982999524,
    133.56837910041));
#988 = CARTESIAN_POINT('',(-6.908000078539,-7.219315888625,
    133.91594537718));
#989 = CARTESIAN_POINT('',(-2.586203915947,-10.12352024719,
    134.26328138197));
#990 = CARTESIAN_POINT('',(2.862182463205,-10.04898126373,
    134.61093946939));
#991 = CARTESIAN_POINT('',(7.102911573505,-7.027633610511,
    134.95827547415));
#992 = CARTESIAN_POINT('',(8.92347058018,-2.627849481115,135.30584175095
    ));
#993 = CARTESIAN_POINT('',(8.332591562978,1.58153957922,135.65329504477)
  );
#994 = CARTESIAN_POINT('',(6.102128055683,4.563817830726,136.00078125001
    ));
#995 = CARTESIAN_POINT('',(3.871664883508,7.546095477406,136.34827363347
    ));
#996 = CARTESIAN_POINT('',(7.953244098812E-04,9.302361510674,
    136.69571639783));
#997 = CARTESIAN_POINT('',(-4.734120412526,8.799265728749,
    137.04329774472));
#998 = CARTESIAN_POINT('',(-8.830657099642,5.585124416585,
    137.39061522196));
#999 = CARTESIAN_POINT('',(-10.44173528455,0.379847085522,
    137.73829312934));
#1000 = CARTESIAN_POINT('',(-8.877120744346,-4.586469310482,
    138.08561060675));
#1001 = CARTESIAN_POINT('',(-5.254267339141,-7.676366655912,
    138.43319195339));
#1002 = CARTESIAN_POINT('',(-1.068070242693,-8.413832175724,
    138.78063471795));
#1003 = CARTESIAN_POINT('',(2.457109056186,-7.212975466892,
    139.12812710132));
#1004 = CARTESIAN_POINT('',(5.982288972845,-6.012118421076,
    139.47561354014));
#1005 = CARTESIAN_POINT('',(8.847750226894,-2.872496594695,
    139.82306563936));
#1006 = CARTESIAN_POINT('',(9.830948838686,1.786458176884,
    140.17063523101));
#1007 = CARTESIAN_POINT('',(8.038443244146,6.675143197925,
    140.51796470586));
#1008 = CARTESIAN_POINT('',(3.5847712254,9.814455726673,140.86563270341)
  );
#1009 = CARTESIAN_POINT('',(-1.621984291317,9.859418821745,
    141.21295671041));
#1010 = CARTESIAN_POINT('',(-5.679372270369,7.367405258898,
    141.56053474245));
#1011 = CARTESIAN_POINT('',(-7.673141563781,3.613342607471,
    141.90797870146));
#1012 = CARTESIAN_POINT('',(-7.619200643351,-0.110370088066,
    142.25547085133));
#1013 = CARTESIAN_POINT('',(-7.565259618887,-3.834083484001,
    142.60295729028));
#1014 = CARTESIAN_POINT('',(-5.463588659448,-7.528819278314,
    142.95040938895));
#1015 = CARTESIAN_POINT('',(-1.335720255606,-9.902264351319,
    143.29797898174));
#1016 = CARTESIAN_POINT('',(3.867547437526,-9.706502115669,
    143.6453084549));
#1017 = CARTESIAN_POINT('',(8.22842004645,-6.439505376197,
    143.99297645437));
#1018 = CARTESIAN_POINT('',(9.878568871952,-1.500949560684,
    144.34030045964));
#1019 = CARTESIAN_POINT('',(8.760835066012,3.127570715677,
    144.68787849292));
#1020 = CARTESIAN_POINT('',(5.805634304729,6.182876076414,
    145.03532245125));
#1021 = CARTESIAN_POINT('',(2.247150727614,7.281120353858,
    145.38281460138));
#1022 = CARTESIAN_POINT('',(-1.311333532184,8.379364770859,
    145.73030080667));
#1023 = CARTESIAN_POINT('',(-5.474412114785,7.520952871131,146.0777541)
  );
#1024 = CARTESIAN_POINT('',(-9.006246014929,4.327414898177,
    146.42532037796));
#1025 = CARTESIAN_POINT('',(-10.42635122303,-0.682138597212,
    146.77265638094));
#1026 = CARTESIAN_POINT('',(-8.665175901306,-5.838564848663,
    147.12031447036));
#1027 = CARTESIAN_POINT('',(-4.477258876734,-8.932700595745,
    147.46765047349));
#1028 = CARTESIAN_POINT('',(0.270242993744,-9.298434750869,
    147.81521675124));
#1029 = CARTESIAN_POINT('',(4.088616726665,-7.430784807699,
    148.16267004475));
#1030 = CARTESIAN_POINT('',(6.231761170893,-4.385151389514,
    148.51015624993));
#1031 = CARTESIAN_POINT('',(8.374905144076,-1.33951847758,148.8576486337
    ));
#1032 = CARTESIAN_POINT('',(8.843609801101,2.885220267971,
    149.20509139735));
#1033 = CARTESIAN_POINT('',(6.89637162226,7.230424046441,149.55267274552
    ));
#1034 = CARTESIAN_POINT('',(2.569908230117,10.127669586337,
    149.89999022091));
#1035 = CARTESIAN_POINT('',(-2.878352487554,10.044361926946,
    150.2476681304));
#1036 = CARTESIAN_POINT('',(-7.114212204218,7.016192568427,
    150.59498560591));
#1037 = CARTESIAN_POINT('',(-8.927688790445,2.613484870657,
    150.94256695389));
#1038 = CARTESIAN_POINT('',(-8.330035122253,-1.594948521549,
    151.29000971774));
#1039 = CARTESIAN_POINT('',(-6.094775192045,-4.573632621714,
    151.63750210136));
#1040 = CARTESIAN_POINT('',(-3.859514775547,-7.552317213508,
    151.98498830643));
#1041 = CARTESIAN_POINT('',(1.41758212747E-02,-9.302350194233,
    152.33244160072));
#1042 = CARTESIAN_POINT('',(4.748276189954,-8.791635809712,
    152.68000787675));
#1043 = CARTESIAN_POINT('',(8.83963454309,-5.570904238399,
    153.02734388234));
#1044 = CARTESIAN_POINT('',(10.442332754995,-0.363042043948,
    153.3750019692));
#1045 = CARTESIAN_POINT('',(8.869728210342,4.600750858241,
    153.72233797414));
#1046 = CARTESIAN_POINT('',(5.241905483841,7.684812749129,
    154.06990425108));
#1047 = CARTESIAN_POINT('',(1.054527862527,8.415540421336,
    154.41735754464));
#1048 = CARTESIAN_POINT('',(-2.468714825579,7.209011521004,
    154.76484375009));
#1049 = CARTESIAN_POINT('',(-5.991956835662,6.002482781015,
    155.11233589969));
#1050 = CARTESIAN_POINT('',(-8.852362430724,2.85825279304,
    155.45977985928));
#1051 = CARTESIAN_POINT('',(-9.828060255003,-1.802277495099,
    155.80735789032));
#1052 = CARTESIAN_POINT('',(-8.027690337446,-6.688072502105,
    156.15468189867));
#1053 = CARTESIAN_POINT('',(-3.568970533979,-9.820211598045,
    156.50234989481));
#1054 = CARTESIAN_POINT('',(1.63784990603,-9.856796415308,
    156.84967937082));
#1055 = CARTESIAN_POINT('',(5.691222273032,-7.358254535018,
    157.19724896173));
#1056 = CARTESIAN_POINT('',(7.67894699985,-3.600989063768,
    157.54470106129));
#1057 = CARTESIAN_POINT('',(7.619013139605,0.122632697608,
    157.89218750002));
#1058 = CARTESIAN_POINT('',(7.559079196791,3.846253755693,
    158.23967964996));
#1059 = CARTESIAN_POINT('',(5.451464420312,7.537603419467,
    158.58712360868));
#1060 = CARTESIAN_POINT('',(1.319781880113,9.904400452924,
    158.93470164129));
#1061 = CARTESIAN_POINT('',(-3.883164760909,9.700265841133,
    159.28202564751));
#1062 = CARTESIAN_POINT('',(-8.238772622483,6.426253354673,
    159.62969364584));
#1063 = CARTESIAN_POINT('',(-9.880972441901,1.485049321814,
    159.97702312015));
#1064 = CARTESIAN_POINT('',(-8.755789525035,-3.14166684379,
    160.32459271202));
#1065 = CARTESIAN_POINT('',(-5.795676359434,-6.192211624327,
    160.67204481126));
#1066 = CARTESIAN_POINT('',(-2.235429189318,-7.284727609152,
    161.01953124995));
#1067 = CARTESIAN_POINT('',(1.324817337322,-8.377243298311,
    161.36702340009));
#1068 = CARTESIAN_POINT('',(5.486510022474,-7.512132680479,
    161.71446735854));
#1069 = CARTESIAN_POINT('',(9.01319828798,-4.312914230903,
    162.06204539131));
#1070 = CARTESIAN_POINT('',(10.425240510402,0.698917914226,
    162.40936939773));
#1071 = CARTESIAN_POINT('',(8.655767499758,5.852503352615,
    162.75703739543));
#1072 = CARTESIAN_POINT('',(4.462876857844,8.939894744257,
    163.10436687063));
#1073 = CARTESIAN_POINT('',(-0.285207854264,9.297987806156,
    163.45193646159));
#1074 = CARTESIAN_POINT('',(-4.100570672203,7.424194867204,
    163.79938856156));
#1075 = CARTESIAN_POINT('',(-6.238810658138,4.375116178103,
    164.1468749998));
#1076 = CARTESIAN_POINT('',(-8.377050164117,1.326038009874,
    164.49436715061));
#1077 = CARTESIAN_POINT('',(-8.838954743924,-2.899449719031,
    164.84181110743));
#1078 = CARTESIAN_POINT('',(-6.884726053722,-7.241513633393,
    165.18938914304));
#1079 = CARTESIAN_POINT('',(-2.553604917083,-10.13179292524,
    165.53671314565));
#1080 = CARTESIAN_POINT('',(2.894513972394,-10.03971590077,
    165.88438114738));
#1081 = CARTESIAN_POINT('',(7.125495442898,-7.004734297331,
    166.2317106192));
#1082 = CARTESIAN_POINT('',(8.931883042191,-2.599112557409,
    166.5792802124));
#1083 = CARTESIAN_POINT('',(8.327457658656,1.608352637599,
    166.92673231124));
#1084 = CARTESIAN_POINT('',(6.087406247211,4.583435958035,
    167.27421874985));
#1085 = CARTESIAN_POINT('',(3.847355157222,7.558518652356,
    167.62171113389));
#1086 = CARTESIAN_POINT('',(-2.914748723951E-02,9.302315880132,
    167.96915389698));
#1087 = CARTESIAN_POINT('',(-4.7624193105,8.78398177099,168.31673524605)
  );
#1088 = CARTESIAN_POINT('',(-8.848588970967,5.556671016445,
    168.66405272032));
#1089 = CARTESIAN_POINT('',(-10.44290385823,0.346234848852,
    169.01173063094));
#1090 = CARTESIAN_POINT('',(-8.862311648522,-4.615019576014,
    169.35904810549));
#1091 = CARTESIAN_POINT('',(-5.22953112837,-7.693239531331,
    169.70662945417));
#1092 = CARTESIAN_POINT('',(-1.040981935249,-8.41722653459,
    170.05407221758));
#1093 = CARTESIAN_POINT('',(2.480313736608,-7.205029060869,
    170.40156460145));
#1094 = CARTESIAN_POINT('',(6.001610025226,-5.992831248137,
    170.74905104011));
#1095 = CARTESIAN_POINT('',(8.856950496514,-2.844002227028,
    171.09650313911));
#1096 = CARTESIAN_POINT('',(9.825147587661,1.818093167468,
    171.44407273165));
#1097 = CARTESIAN_POINT('',(8.01691538756,6.700983074963,171.79140220488
    ));
#1098 = CARTESIAN_POINT('',(3.553161497943,9.82594368606,172.13907020449
    ));
#1099 = CARTESIAN_POINT('',(-1.653711774111,9.854146838201,
    172.48639420951));
#1100 = CARTESIAN_POINT('',(-5.703057342657,7.349086105236,
    172.83397224304));
#1101 = CARTESIAN_POINT('',(-7.684732582701,3.588625278412,
    173.18141620119));
#1102 = CARTESIAN_POINT('',(-7.618805908673,-0.134894499313,
    173.52890835141));
#1103 = CARTESIAN_POINT('',(-7.552879154405,-3.858414969231,
    173.87639455658));
#1104 = CARTESIAN_POINT('',(-5.439326188316,-7.546366722393,
    174.22384785019));
#1105 = CARTESIAN_POINT('',(-1.303839800157,-9.906512441778,
    174.57141412768));
#1106 = CARTESIAN_POINT('',(3.898771538905,-9.69400295946,174.9187501312
    ));
#1107 = CARTESIAN_POINT('',(8.249104512991,-6.412985858926,
    175.26640822025));
#1108 = CARTESIAN_POINT('',(9.883349710681,-1.469144471809,
    175.61374422342));
#1109 = CARTESIAN_POINT('',(8.750721920227,3.155754421157,
    175.96131050142));
#1110 = CARTESIAN_POINT('',(5.785702972634,6.201531319623,
    176.30876379456));
#1111 = CARTESIAN_POINT('',(2.223702094969,7.288315922957,
    176.65625000006));
#1112 = CARTESIAN_POINT('',(-1.338298139313,8.375100258923,
    177.00374214979));
#1113 = CARTESIAN_POINT('',(-5.498593106576,7.503292842648,
    177.35118610901));
#1114 = CARTESIAN_POINT('',(-9.020127913007,4.298402607682,
    177.69876414088));
#1115 = CARTESIAN_POINT('',(-10.42410215459,-0.715695618175,
    178.04608814787));
#1116 = CARTESIAN_POINT('',(-8.646337143336,-5.86642655352,
    178.39375614567));
#1117 = CARTESIAN_POINT('',(-4.448483016543,-8.947065817207,
    178.74108562011));
#1118 = CARTESIAN_POINT('',(0.30017186882,-9.297516744444,179.0886552122
    ));
#1119 = CARTESIAN_POINT('',(4.112514022361,-7.417585704227,
    179.43610731106));
#1120 = CARTESIAN_POINT('',(6.245843985338,-4.365069634131,
    179.7835937501));
#1121 = CARTESIAN_POINT('',(8.379173469355,-1.312554085487,
    180.13108589965));
#1122 = CARTESIAN_POINT('',(8.834276858702,2.913671569916,
    180.47852985939));
#1123 = CARTESIAN_POINT('',(6.873062487865,7.252584682977,
    180.82610789017));
#1124 = CARTESIAN_POINT('',(2.537295281235,10.135889630551,
    181.17343189882));
#1125 = CARTESIAN_POINT('',(-2.910668360526,10.035044404383,
    181.52109989472));
#1126 = CARTESIAN_POINT('',(-7.136759786709,6.993257297879,
    181.86842937084));
#1127 = CARTESIAN_POINT('',(-8.936054542545,2.584734024198,
    182.21599896177));
#1128 = CARTESIAN_POINT('',(-8.324858355863,-1.621752946248,
    182.56345106125));
#1129 = CARTESIAN_POINT('',(-6.080021681685,-4.593227226062,
    182.91093750005));
#1130 = CARTESIAN_POINT('',(-3.835185355667,-7.564700889283,
    183.25842964986));
#1131 = CARTESIAN_POINT('',(4.411890507099E-02,-9.302256885127,
    183.60587360887));
#1132 = CARTESIAN_POINT('',(4.776550014664,-8.776305743361,
    183.95345164104));
#1133 = CARTESIAN_POINT('',(8.857520998655,-5.542422548598,
    184.30077564778));
#1134 = CARTESIAN_POINT('',(10.443446939154,-0.329427582566,
    184.64844364562));
#1135 = CARTESIAN_POINT('',(8.854873348379,4.629277035398,
    184.99577312031));
#1136 = CARTESIAN_POINT('',(5.217142082855,7.701645879364,
    185.34334271192));
#1137 = CARTESIAN_POINT('',(1.027434143144,8.418891158895,
    185.69079481131));
#1138 = CARTESIAN_POINT('',(-2.491906686604,7.201027778398,
    186.03828124993));
#1139 = CARTESIAN_POINT('',(-6.011246822323,5.983164538721,
    186.38577340015));
#1140 = CARTESIAN_POINT('',(-8.861516828028,2.82974365317,
    186.73321735844));
#1141 = CARTESIAN_POINT('',(-9.822208098993,-1.833903105761,
    187.08079539142));
#1142 = CARTESIAN_POINT('',(-8.006120919316,-6.713877700399,
    187.42811939764));
#1143 = CARTESIAN_POINT('',(-3.537342361066,-9.831648667594,
    187.77578739547));
#1144 = CARTESIAN_POINT('',(1.669568865471,-9.85147337661,
    188.12311687064));
#1145 = CARTESIAN_POINT('',(5.714877829247,-7.339897285405,
    188.47068646157));
#1146 = CARTESIAN_POINT('',(7.690498224617,-3.576253112006,
    188.81813856157));
#1147 = CARTESIAN_POINT('',(7.618578934528,0.147156441819,
    189.16562499979));
#1148 = CARTESIAN_POINT('',(7.546659564118,3.870565291923,
    189.51311715064));
#1149 = CARTESIAN_POINT('',(5.427173844508,7.555111759592,
    189.86056110738));
#1150 = CARTESIAN_POINT('',(1.28789436873,9.908597309016,190.2081391431)
  );
#1151 = CARTESIAN_POINT('',(-3.914368241675,9.687716305784,
    190.5554631456));
#1152 = CARTESIAN_POINT('',(-8.259415019256,6.399700777705,
    190.9031311474));
#1153 = CARTESIAN_POINT('',(-9.885701388827,1.453236365506,
    191.25046061922));
#1154 = CARTESIAN_POINT('',(-8.745631644997,-3.169834048558,
    191.59803021235));
#1155 = CARTESIAN_POINT('',(-5.775714600476,-6.210834896973,
    191.94548231127));
#1156 = CARTESIAN_POINT('',(-2.211969240662,-7.291885358284,
    192.29296874984));
#1157 = CARTESIAN_POINT('',(1.35177549024,-8.372935503618,
    192.64046113393));
#1158 = CARTESIAN_POINT('',(5.510661884187,-7.494433661599,
    192.98790389691));
#1159 = CARTESIAN_POINT('',(9.027034330299,-4.283879625012,
    193.33548524614));
#1160 = CARTESIAN_POINT('',(10.422936519817,0.732471068236,
    193.68280272025));
#1161 = CARTESIAN_POINT('',(8.636884772824,5.880335108137,
    194.03048063097));
#1162 = CARTESIAN_POINT('',(4.434077235157,8.954213115361,
    194.37779810552));
#1163 = CARTESIAN_POINT('',(-0.315134739816,9.297022125634,
    194.7253794541));
#1164 = CARTESIAN_POINT('',(-4.12444697632,7.410956960053,
    195.07282221765));
#1165 = CARTESIAN_POINT('',(-6.252860994229,4.355011984694,
    195.4203146014));
#1166 = CARTESIAN_POINT('',(-8.381275326664,1.299066393483,
    195.76780080644));
#1167 = CARTESIAN_POINT('',(-8.829575724698,-2.927885348225,
    196.11525410064));
#1168 = CARTESIAN_POINT('',(-6.861381536309,-7.26363754597,
    196.46282037684));
#1169 = CARTESIAN_POINT('',(-2.520978691438,-10.13995953277,
    196.81015638232));
#1170 = CARTESIAN_POINT('',(2.926814931406,-10.03034731448,
    197.15781446913));
#1171 = CARTESIAN_POINT('',(7.148005801204,-6.981761958903,
    197.50515047425));
#1172 = CARTESIAN_POINT('',(8.940202832434,-2.570348887908,
    197.85271675098));
#1173 = CARTESIAN_POINT('',(8.322237505238,1.635149076517,
    198.20017004468));
#1174 = CARTESIAN_POINT('',(6.072621367432,4.603006596542,
    198.54765625008));
#1175 = CARTESIAN_POINT('',(3.823005568606,7.57086351396,198.89514863323
    ));
#1176 = CARTESIAN_POINT('',(-5.908999680913E-02,9.302173868453,
    199.24259139828));
#1177 = CARTESIAN_POINT('',(-4.790668865301,8.768606803271,
    199.59017274413));
#1178 = CARTESIAN_POINT('',(-8.866429162557,5.528160043308,
    199.93749022257));
#1179 = CARTESIAN_POINT('',(-10.44396423325,0.312619025392,
    200.28516812882));
#1180 = CARTESIAN_POINT('',(-8.847410730938,-4.643522025887,
    200.63248560713));
#1181 = CARTESIAN_POINT('',(-5.204740734489,-7.710032697291,
    200.98006695317));
#1182 = CARTESIAN_POINT('',(-1.013882842334,-8.420533683011,
    201.32750971804));
#1183 = CARTESIAN_POINT('',(2.503492718646,-7.197008003863,
    201.67500210129));
#1184 = CARTESIAN_POINT('',(7.62,-2.053912595557E-15,4.058853190246));
#1185 = CARTESIAN_POINT('',(7.619983715097,3.724102141263,4.406345340235
    ));
#1186 = CARTESIAN_POINT('',(5.572106777985,7.448889446526,4.753789298929
    ));
#1187 = CARTESIAN_POINT('',(1.478937417203,9.881893920466,5.101367331476
    ));
#1188 = CARTESIAN_POINT('',(-3.726482435248,9.761453831033,
    5.448691337905));
#1189 = CARTESIAN_POINT('',(-8.134316858027,6.558079848846,
    5.796359335944));
#1190 = CARTESIAN_POINT('',(-9.855787803199,1.643814016371,
    6.143688810472));
#1191 = CARTESIAN_POINT('',(-8.805207835139,-3.000314641194,
    6.491258402281));
#1192 = CARTESIAN_POINT('',(-5.89458144613,-6.098143053834,
    6.838710501459));
#1193 = CARTESIAN_POINT('',(-2.352376661966,-7.247808223198,
    7.186196940245));
#1194 = CARTESIAN_POINT('',(1.189830218838,-8.39746346388,7.533689090237
    ));
#1195 = CARTESIAN_POINT('',(5.364885596015,-7.599495409137,
    7.881133048923));
#1196 = CARTESIAN_POINT('',(8.942658025318,-4.457347953868,
    8.228711081487));
#1197 = CARTESIAN_POINT('',(10.435070296403,0.530999194074,8.57603508789
    ));
#1198 = CARTESIAN_POINT('',(8.748908424536,5.712453363498,8.923703085962
    ));
#1199 = CARTESIAN_POINT('',(4.606112068051,8.866927842197,9.271032560456
    ));
#1200 = CARTESIAN_POINT('',(-0.135503899387,9.301355366779,
    9.618602152294));
#1201 = CARTESIAN_POINT('',(-3.980563719943,7.489229039212,
    9.966054251451));
#1202 = CARTESIAN_POINT('',(-6.167591611608,4.474954045837,
    10.313540690249));
#1203 = CARTESIAN_POINT('',(-8.354611004444,1.460673742816,
    10.661033073709));
#1204 = CARTESIAN_POINT('',(-8.8845023171,-2.756795071656,
    11.008475838119));
#1205 = CARTESIAN_POINT('',(-7.000331502209,-7.129833110302,
    11.356057184911));
#1206 = CARTESIAN_POINT('',(-2.716351043227,-10.08929977681,
    11.70337466228));
#1207 = CARTESIAN_POINT('',(2.73254367178,-10.08507864089,
    12.051052569527));
#1208 = CARTESIAN_POINT('',(7.011882261444,-7.118440927594,
    12.398370047016));
#1209 = CARTESIAN_POINT('',(8.888863883107,-2.742549853029,
    12.74595139367));
#1210 = CARTESIAN_POINT('',(8.352272748082,1.474134679241,
    13.093394158157));
#1211 = CARTESIAN_POINT('',(6.160378856956,4.484872253306,
    13.440886541597));
#1212 = CARTESIAN_POINT('',(3.968492592389,7.495615770583,13.78837274693
    ));
#1213 = CARTESIAN_POINT('',(0.120592649919,9.301595245931,
    14.135826040325));
#1214 = CARTESIAN_POINT('',(-4.620495344851,8.859466763344,
    14.483392318008));
#1215 = CARTESIAN_POINT('',(-8.757940250272,5.698350002664,14.8307283215
    ));
#1216 = CARTESIAN_POINT('',(-10.43603936271,0.514293677348,
    15.178386410307));
#1217 = CARTESIAN_POINT('',(-8.935398377039,-4.471846348348,
    15.525722413917));
#1218 = CARTESIAN_POINT('',(-5.3526766122,-7.608048190194,
    15.873288691465));
#1219 = CARTESIAN_POINT('',(-1.176307959103,-8.399389479082,
    16.220741984935));
#1220 = CARTESIAN_POINT('',(2.3640383957,-7.244012870195,16.56822819025)
  );
#1221 = CARTESIAN_POINT('',(5.904380304258,-6.088627250865,
    16.915720340222));
#1222 = CARTESIAN_POINT('',(8.810042701753,-2.986214246268,
    17.263164298955));
#1223 = CARTESIAN_POINT('',(9.853127504061,1.659807738219,
    17.610742331439));
#1224 = CARTESIAN_POINT('',(8.123694176667,6.571015534987,
    17.958066337947));
#1225 = CARTESIAN_POINT('',(3.710889429574,9.767539182952,
    18.305734335906));
#1226 = CARTESIAN_POINT('',(-1.494967309125,9.879461042351,18.6530638105
    ));
#1227 = CARTESIAN_POINT('',(-5.58401145408,7.439918618306,
    19.000633402265));
#1228 = CARTESIAN_POINT('',(-7.625989977883,3.711834585102,
    19.348085501465));
#1229 = CARTESIAN_POINT('',(-7.619990131187,-1.226379389633E-02,
    19.695571940244));
#1230 = CARTESIAN_POINT('',(-7.613980288477,-3.736361463346,
    20.043064323726));
#1231 = CARTESIAN_POINT('',(-5.56011077288,-7.457846115573,
    20.390507088083));
#1232 = CARTESIAN_POINT('',(-1.463032306479,-9.884265161966,
    20.738088434965));
#1233 = CARTESIAN_POINT('',(3.742189572969,-9.755436954578,
    21.085405912219));
#1234 = CARTESIAN_POINT('',(8.144858749712,-6.544989080229,
    21.43308381958));
#1235 = CARTESIAN_POINT('',(9.858423130351,-1.627939639628,
    21.78040129698));
#1236 = CARTESIAN_POINT('',(8.80036546647,3.014473168761,22.127982643688
    ));
#1237 = CARTESIAN_POINT('',(5.884760862691,6.107628238526,
    22.475425408149));
#1238 = CARTESIAN_POINT('',(2.340707995767,7.251581404644,
    22.822917791599));
#1239 = CARTESIAN_POINT('',(-1.203342203442,8.39554386431,
    23.170403996927));
#1240 = CARTESIAN_POINT('',(-5.37711163437,7.590842323334,23.51785729033
    ));
#1241 = CARTESIAN_POINT('',(-8.949817694815,4.442959800911,
    23.865423567998));
#1242 = CARTESIAN_POINT('',(-10.43420446999,-0.547802207228,
    24.212759571517));
#1243 = CARTESIAN_POINT('',(-8.739701679121,-5.726519896635,
    24.56041766029));
#1244 = CARTESIAN_POINT('',(-4.591836415834,-8.87433334116,
    24.907753663927));
#1245 = CARTESIAN_POINT('',(0.150473911474,-9.30112368378,
    25.255319941463));
#1246 = CARTESIAN_POINT('',(3.992611799653,-7.482813311404,
    25.602773234932));
#1247 = CARTESIAN_POINT('',(6.174785712295,-4.465021994015,
    25.950259440254));
#1248 = CARTESIAN_POINT('',(8.356950727164,-1.447226009067,
    26.297751590214));
#1249 = CARTESIAN_POINT('',(8.880055187585,2.771091444956,
    26.645195548961));
#1250 = CARTESIAN_POINT('',(6.988844531664,7.141087833918,
    26.992773581442));
#1251 = CARTESIAN_POINT('',(2.7001149016,10.093662950342,27.340097587929
    ));
#1252 = CARTESIAN_POINT('',(-2.748778576139,10.080661604685,
    27.687765585936));
#1253 = CARTESIAN_POINT('',(-7.023321781347,7.107153361143,
    28.035095060466));
#1254 = CARTESIAN_POINT('',(-8.893273280318,2.728234470729,
    28.382664652295));
#1255 = CARTESIAN_POINT('',(-8.349884534355,-1.487570970865,
    28.730116751445));
#1256 = CARTESIAN_POINT('',(-6.153155502258,-4.494783350153,
    29.077603190255));
#1257 = CARTESIAN_POINT('',(-3.956418953432,-7.50198891245,
    29.425095340209));
#1258 = CARTESIAN_POINT('',(-0.105629293722,-9.301783182992,
    29.772539298977));
#1259 = CARTESIAN_POINT('',(4.63475595206,-8.852012234716,
    30.120117331411));
#1260 = CARTESIAN_POINT('',(8.767092658098,-5.684253562465,
    30.467441337976));
#1261 = CARTESIAN_POINT('',(10.43685887729,-0.497492536422,
    30.81510933588));
#1262 = CARTESIAN_POINT('',(8.928186722111,4.486218853101,
    31.162438810522));
#1263 = CARTESIAN_POINT('',(5.340426344449,7.616654083388,31.51000840225
    ));
#1264 = CARTESIAN_POINT('',(1.162787978165,8.401271525643,
    31.857460501474));
#1265 = CARTESIAN_POINT('',(-2.375694006017,7.240198753482,
    32.20494694024));
#1266 = CARTESIAN_POINT('',(-5.914171826605,6.079116727099,
    32.552439090255));
#1267 = CARTESIAN_POINT('',(-8.814837369951,2.972031304357,
    32.899883048892));
#1268 = CARTESIAN_POINT('',(-9.850443412344,-1.675663426685,
    33.247461081525));
#1269 = CARTESIAN_POINT('',(-8.113108120026,-6.584081474779,
    33.594785087857));
#1270 = CARTESIAN_POINT('',(-3.695164533372,-9.773498919233,
    33.942453085979));
#1271 = CARTESIAN_POINT('',(1.510865592707,-9.877042214234,
    34.289782560456));
#1272 = CARTESIAN_POINT('',(5.595978189091,-7.430921953141,
    34.63735215228));
#1273 = CARTESIAN_POINT('',(7.631954008697,-3.699556343533,
    34.984804251469));
#1274 = CARTESIAN_POINT('',(7.619960524784,2.45275560287E-02,
    35.332290690235));
#1275 = CARTESIAN_POINT('',(7.607957045919,3.748610729948,
    35.679783073756));
#1276 = CARTESIAN_POINT('',(5.548100752094,7.466785020079,
    36.027225838012));
#1277 = CARTESIAN_POINT('',(1.447122459926,9.886606996784,
    36.374807185089));
#1278 = CARTESIAN_POINT('',(-3.757885338778,9.749401558554,
    36.722124662054));
#1279 = CARTESIAN_POINT('',(-8.155381849226,6.531872090964,
    37.069802569754));
#1280 = CARTESIAN_POINT('',(-9.86103040394,1.612071170161,
    37.417120046832));
#1281 = CARTESIAN_POINT('',(-8.795502510191,-3.028632764241,
    37.76470139379));
#1282 = CARTESIAN_POINT('',(-5.874923491382,-6.117091390761,
    38.112144158094));
#1283 = CARTESIAN_POINT('',(-2.329034111269,-7.255339199351,
    38.45963654162));
#1284 = CARTESIAN_POINT('',(1.216852946712,-8.393596510614,
    38.807122980425));
#1285 = CARTESIAN_POINT('',(5.389320176428,-7.582177609489,
    39.154575079391));
#1286 = CARTESIAN_POINT('',(8.956960033254,-4.42855207849,
    39.502144671711));
#1287 = CARTESIAN_POINT('',(10.433303397519,0.564598194534,
    39.84947414549));
#1288 = CARTESIAN_POINT('',(8.730482094966,5.740573319099,
    40.197142144306));
#1289 = CARTESIAN_POINT('',(4.577539052704,8.881717541264,
    40.544466150114));
#1290 = CARTESIAN_POINT('',(-0.165435370345,9.300864646709,
    40.892044183074));
#1291 = CARTESIAN_POINT('',(-4.004655074367,7.4763811938,41.23948814153)
  );
#1292 = CARTESIAN_POINT('',(-6.181960842882,4.455076534238,
    41.586980291631));
#1293 = CARTESIAN_POINT('',(-8.359274543825,1.433777646113,
    41.93446649687));
#1294 = CARTESIAN_POINT('',(-8.875576055066,-2.785384425041,
    42.281919790412));
#1295 = CARTESIAN_POINT('',(-6.977351328336,-7.152321092152,
    42.629486067903));
#1296 = CARTESIAN_POINT('',(-2.683858323812,-10.09800052868,
    42.97682207161));
#1297 = CARTESIAN_POINT('',(2.764993138847,-10.07622094377,
    43.324480160214));
#1298 = CARTESIAN_POINT('',(7.03475442561,-7.095842733056,43.67181616398
    ));
#1299 = CARTESIAN_POINT('',(8.897651281708,-2.713917067229,
    44.019382441431));
#1300 = CARTESIAN_POINT('',(8.347479921789,1.501007325502,
    44.366835734948));
#1301 = CARTESIAN_POINT('',(6.145913531012,4.504680551304,
    44.714321940247));
#1302 = CARTESIAN_POINT('',(3.94433996508,7.508346743243,45.061814090232
    ));
#1303 = CARTESIAN_POINT('',(9.065866462379E-02,9.301941138204,
    45.409258048936));
#1304 = CARTESIAN_POINT('',(-4.648996570813,8.844541493101,
    45.756836081457));
#1305 = CARTESIAN_POINT('',(-8.776229664977,5.670136250935,
    46.104160087943));
#1306 = CARTESIAN_POINT('',(-10.43764603571,0.480694584167,
    46.451828085889));
#1307 = CARTESIAN_POINT('',(-8.920954940708,-4.50058226096,
    46.799157560532));
#1308 = CARTESIAN_POINT('',(-5.328161019052,-7.625239217366,
    47.146727152231));
#1309 = CARTESIAN_POINT('',(-1.149265282926,-8.403132061248,
    47.494179251491));
#1310 = CARTESIAN_POINT('',(2.387343462717,-7.236365882916,
    47.841665690229));
#1311 = CARTESIAN_POINT('',(5.923948029825,-6.069590456954,
    48.189157840292));
#1312 = CARTESIAN_POINT('',(8.819609205611,-2.957840664197,
    48.536601798809));
#1313 = CARTESIAN_POINT('',(9.84773380561,1.691514774826,48.884179831658
    ));
#1314 = CARTESIAN_POINT('',(8.102501048464,6.597130360167,
    49.231503837699));
#1315 = CARTESIAN_POINT('',(3.679430065867,9.779433339846,
    49.579171836122));
#1316 = CARTESIAN_POINT('',(-1.526759962857,9.874597802184,
    49.926501310359));
#1317 = CARTESIAN_POINT('',(-5.607930429122,7.421906040112,
    50.274070902326));
#1318 = CARTESIAN_POINT('',(-7.637898270941,3.687268519222,
    50.621523001459));
#1319 = CARTESIAN_POINT('',(-7.619911180846,-3.679125462828E-02,
    50.96900944023));
#1320 = CARTESIAN_POINT('',(-7.601914004924,-3.760849908894,
    51.316501590283));
#1321 = CARTESIAN_POINT('',(-5.536076739043,-7.475706138768,
    51.663945548825));
#1322 = CARTESIAN_POINT('',(-1.43120793745,-9.888919414178,
    52.011523581645));
#1323 = CARTESIAN_POINT('',(3.773569724996,-9.743347666982,
    52.358847587692));
#1324 = CARTESIAN_POINT('',(8.165886084255,-6.518728903465,
    52.706515586152));
#1325 = CARTESIAN_POINT('',(9.863609666244,-1.59620866168,53.05384506032
    ));
#1326 = CARTESIAN_POINT('',(8.790618936028,3.042793401945,53.40141465236
    ));
#1327 = CARTESIAN_POINT('',(5.865069387646,6.126532478389,
    53.748866751437));
#1328 = CARTESIAN_POINT('',(2.317355022337,7.259081601732,54.09635319024
    ));
#1329 = CARTESIAN_POINT('',(-1.23036172263,8.391620990575,
    54.443845573729));
#1330 = CARTESIAN_POINT('',(-5.401513953874,7.573502987148,
    54.791288338087));
#1331 = CARTESIAN_POINT('',(-8.964078309607,4.414120680427,
    55.138869684948));
#1332 = CARTESIAN_POINT('',(-10.43237894906,-0.581379770305,
    55.486187162245));
#1333 = CARTESIAN_POINT('',(-8.721233429484,-5.754623669891,
    55.833865069557));
#1334 = CARTESIAN_POINT('',(-4.563237767594,-8.889069420548,
    56.18118254699));
#1335 = CARTESIAN_POINT('',(0.180403791763,-9.300587900803,
    56.52876389369));
#1336 = CARTESIAN_POINT('',(4.016682630411,-7.469925953975,
    56.876206658141));
#1337 = CARTESIAN_POINT('',(6.1891229337,-4.445121382031,57.223699041606
    ));
#1338 = CARTESIAN_POINT('',(8.361571270374,-1.420322190684,
    57.571185246954));
#1339 = CARTESIAN_POINT('',(8.871081702113,2.799665362776,
    57.918638540244));
#1340 = CARTESIAN_POINT('',(6.965831190104,7.163541330541,
    58.266204818139));
#1341 = CARTESIAN_POINT('',(2.667602906407,10.102306910071,
    58.613540821363));
#1342 = CARTESIAN_POINT('',(-2.78120644745,10.07175785419,
    58.961198910404));
#1343 = CARTESIAN_POINT('',(-7.046165518453,7.084511655857,
    59.308534913883));
#1344 = CARTESIAN_POINT('',(-8.902007595425,2.699593478786,
    59.656101191442));
#1345 = CARTESIAN_POINT('',(-8.345053356889,-1.51443999741,
    60.003554484984));
#1346 = CARTESIAN_POINT('',(-6.138655640414,-4.514566084291,
    60.351040690205));
#1347 = CARTESIAN_POINT('',(-3.932250611811,-7.514685485151,
    60.698533073843));
#1348 = CARTESIAN_POINT('',(-7.56884100257E-02,-9.302073519322,
    61.045975837852));
#1349 = CARTESIAN_POINT('',(4.66322663978,-8.837051467007,61.3935571853)
  );
#1350 = CARTESIAN_POINT('',(8.78534129202,-5.6559978204,61.740874661836)
  );
#1351 = CARTESIAN_POINT('',(10.438409792808,-0.463904218787,
    62.088552569936));
#1352 = CARTESIAN_POINT('',(8.913696081568,4.514943659484,
    62.435870046709));
#1353 = CARTESIAN_POINT('',(5.315885373205,7.633796141223,
    62.783451393855));
#1354 = CARTESIAN_POINT('',(1.135737174761,8.404976750884,
    63.130894158071));
#1355 = CARTESIAN_POINT('',(-2.398985403711,7.232511031571,
    63.478386541624));
#1356 = CARTESIAN_POINT('',(-5.933711324647,6.06005438524,
    63.825872746915));
#1357 = CARTESIAN_POINT('',(-8.824354715651,2.943633903675,
    64.173326040286));
#1358 = CARTESIAN_POINT('',(-9.845002661009,-1.707352093358,
    64.520892318139));
#1359 = CARTESIAN_POINT('',(-8.091869355174,-6.610170989419,
    64.868228321284));
#1360 = CARTESIAN_POINT('',(-3.663688714579,-9.785335997212,
    65.21588641056));
#1361 = CARTESIAN_POINT('',(1.54265187019,-9.872131437816,
    65.563222413695));
#1362 = CARTESIAN_POINT('',(5.619867534117,-7.412869422518,
    65.910788691609));
#1363 = CARTESIAN_POINT('',(7.643822897298,-3.674971503647,
    66.258241984869));
#1364 = CARTESIAN_POINT('',(7.619842099443,4.905485792187E-02,
    66.605728190265));
#1365 = CARTESIAN_POINT('',(7.595851457464,3.773080102062,
    66.953220573638));
#1366 = CARTESIAN_POINT('',(5.524037628192,7.484604783764,
    67.300663338293));
#1367 = CARTESIAN_POINT('',(1.415291564,9.891213833951,67.648244684613)
  );
#1368 = CARTESIAN_POINT('',(-3.789247629501,9.737255023286,
    67.995562162662));
#1369 = CARTESIAN_POINT('',(-8.176364647022,6.505587387741,
    68.343240069151));
#1370 = CARTESIAN_POINT('',(-9.866168317437,1.580321746707,
    68.690557547304));
#1371 = CARTESIAN_POINT('',(-8.785708262919,-3.056928384781,
    69.038138893499));
#1372 = CARTESIAN_POINT('',(-5.855203121805,-6.135970136124,
    69.385581658232));
#1373 = CARTESIAN_POINT('',(-2.305668274302,-7.262798400007,
    69.733074041574));
#1374 = CARTESIAN_POINT('',(1.243864281764,-8.389636173593,
    70.080560480441));
#1375 = CARTESIAN_POINT('',(5.413698069166,-7.564790974069,
    70.428012579478));
#1376 = CARTESIAN_POINT('',(8.971168429243,-4.399698121125,
    70.775582171462));
#1377 = CARTESIAN_POINT('',(10.431431997978,0.598178397614,
    71.12291164589));
#1378 = CARTESIAN_POINT('',(8.711958882481,5.76864559976,71.470579643844
    ));
#1379 = CARTESIAN_POINT('',(4.548926517577,8.896405892418,71.81790365052
    ));
#1380 = CARTESIAN_POINT('',(-0.195372503146,9.300283954169,
    72.165481682802));
#1381 = CARTESIAN_POINT('',(-4.028699598287,7.463452121004,
    72.512925641665));
#1382 = CARTESIAN_POINT('',(-6.1962689932,4.435154715895,72.860417791585
    ));
#1383 = CARTESIAN_POINT('',(-8.363846634684,1.40686280415,
    73.207904230385));
#1384 = CARTESIAN_POINT('',(-8.866563152236,-2.813938011131,
    73.555356329629));
#1385 = CARTESIAN_POINT('',(-6.954295993067,-7.174745555203,
    73.902925921187));
#1386 = CARTESIAN_POINT('',(-2.651335285141,-10.10658261429,
    74.250255396259));
#1387 = CARTESIAN_POINT('',(2.79740528348,-10.06727486932,
    74.597923393462));
#1388 = CARTESIAN_POINT('',(7.057566299908,-7.073155462065,
    74.945247400828));
#1389 = CARTESIAN_POINT('',(8.906333889701,-2.685268830269,
    75.292825432609));
#1390 = CARTESIAN_POINT('',(8.34261004833,1.527872898871,75.640269391752
    ));
#1391 = CARTESIAN_POINT('',(6.13137918531,4.524437653063,75.987761541563
    ));
#1392 = CARTESIAN_POINT('',(3.920156092828,7.521008554905,
    76.335247980502));
#1393 = CARTESIAN_POINT('',(6.071039079982E-02,9.302177353524,
    76.68270007932));
#1394 = CARTESIAN_POINT('',(-4.677435202924,8.829541690671,
    77.030269671744));
#1395 = CARTESIAN_POINT('',(-8.794440068756,5.641844981044,
    77.37759914551));
#1396 = CARTESIAN_POINT('',(-10.43913759767,0.447108325317,
    77.72526714424));
#1397 = CARTESIAN_POINT('',(-8.906421072225,-4.529286251225,
    78.072591150197));
#1398 = CARTESIAN_POINT('',(-5.303591272718,-7.642340718171,
    78.420169183005));
#1399 = CARTESIAN_POINT('',(-1.12220884727,-8.406793997793,
    78.767613141569));
#1400 = CARTESIAN_POINT('',(2.410622457455,-7.228640685275,
    79.115105291617));
#1401 = CARTESIAN_POINT('',(5.943456823263,-6.050496692599,
    79.462591496893));
#1402 = CARTESIAN_POINT('',(8.82908083549,-2.929427982527,
    79.810044790385));
#1403 = CARTESIAN_POINT('',(9.842242060936,1.72319464338,80.157611067932
    ));
#1404 = CARTESIAN_POINT('',(8.081220322249,6.62318565962,80.504947071563
    ));
#1405 = CARTESIAN_POINT('',(3.647935236608,9.791219744035,
    80.852605160292));
#1406 = CARTESIAN_POINT('',(-1.558538295257,9.86963587491,81.19994116388
    ));
#1407 = CARTESIAN_POINT('',(-5.631790689312,7.403815084747,
    81.547507441525));
#1408 = CARTESIAN_POINT('',(-7.64972757674,3.662664609131,
    81.894960734884));
#1409 = CARTESIAN_POINT('',(-7.619753280854,-6.131833415381E-02,
    82.242446940279));
#1410 = CARTESIAN_POINT('',(-7.589769051911,-3.785299766031,
    82.589939090119));
#1411 = CARTESIAN_POINT('',(-5.511984961608,-7.493487152893,
    82.937383049193));
#1412 = CARTESIAN_POINT('',(-1.399369680923,-9.89347501297,
    83.284961081031));
#1413 = CARTESIAN_POINT('',(3.804912448212,-9.731150677769,
    83.632285088485));
#1414 = CARTESIAN_POINT('',(8.186826521673,-6.49241045661,
    83.979953085352));
#1415 = CARTESIAN_POINT('',(9.868696507548,-1.564451018402,
    84.327282560946));
#1416 = CARTESIAN_POINT('',(8.780779133254,3.071073229802,
    84.674852151989));
#1417 = CARTESIAN_POINT('',(5.845318679766,6.145379456055,
    85.022304251588));
#1418 = CARTESIAN_POINT('',(2.293977199668,7.266503189856,
    85.369790690213));
#1419 = CARTESIAN_POINT('',(-1.257366628866,8.387617181025,
    85.717283073847));
#1420 = CARTESIAN_POINT('',(-5.425863860899,7.556077147424,
    86.064725837824));
#1421 = CARTESIAN_POINT('',(-8.978240217261,4.385243884392,
    86.412307185365));
#1422 = CARTESIAN_POINT('',(-10.43045353561,-0.61495691012,
    86.75962466174));
#1423 = CARTESIAN_POINT('',(-8.702665040835,-5.78266610794,
    87.107302570042));
#1424 = CARTESIAN_POINT('',(-4.534601640603,-8.903711700389,
    87.454620046619));
#1425 = CARTESIAN_POINT('',(0.210339955383,-9.299959028357,
    87.802201393909));
#1426 = CARTESIAN_POINT('',(4.040706313981,-7.456958200073,
    88.149644158052));
#1427 = CARTESIAN_POINT('',(6.203399002796,-4.425176561586,
    88.497136541622));
#1428 = CARTESIAN_POINT('',(8.366099742661,-1.393400278029,
    88.844622746823));
#1429 = CARTESIAN_POINT('',(8.862024072039,2.828205446667,
    89.192076040576));
#1430 = CARTESIAN_POINT('',(6.94273681561,7.185926110791,89.539642317592
    ));
#1431 = CARTESIAN_POINT('',(2.635071383163,10.110841161848,
    89.886978322024));
#1432 = CARTESIAN_POINT('',(-2.813611410105,10.062753419596,
    90.234636409794));
#1433 = CARTESIAN_POINT('',(-7.068932920807,7.061794480565,
    90.58197241431));
#1434 = CARTESIAN_POINT('',(-8.910651036786,2.670925360684,
    90.929538691234));
#1435 = CARTESIAN_POINT('',(-8.340135386367,-1.541293538146,
    91.276991985029));
#1436 = CARTESIAN_POINT('',(-6.124092176151,-4.534302043127,
    91.624478190232));
#1437 = CARTESIAN_POINT('',(-3.908041824594,-7.527303479496,
    91.971970340297));
#1438 = CARTESIAN_POINT('',(-4.574552347586E-02,-9.302270436919,
    92.319414298793));
#1439 = CARTESIAN_POINT('',(4.691646027616,-8.821991889117,
    92.666992331682));
#1440 = CARTESIAN_POINT('',(8.803504195892,-5.627696340539,
    93.014316337671));
#1441 = CARTESIAN_POINT('',(10.439845287256,-0.430293431073,
    93.361984336154));
#1442 = CARTESIAN_POINT('',(8.899121027087,4.543602390684,
    93.709313810323));
#1443 = CARTESIAN_POINT('',(5.291282362933,7.650876023116,
    94.056883402361));
#1444 = CARTESIAN_POINT('',(1.10867947605,8.408583052462,94.404335501432
    ));
#1445 = CARTESIAN_POINT('',(-2.422254609409,7.224754847552,
    94.751821940245));
#1446 = CARTESIAN_POINT('',(-5.953184471827,6.040917415537,
    95.099314090223));
#1447 = CARTESIAN_POINT('',(-8.833787593822,2.915222921035,
    95.446758048978));
#1448 = CARTESIAN_POINT('',(-9.8394519659,-1.739042365357,
    95.794336081361));
#1449 = CARTESIAN_POINT('',(-8.07055401974,-6.636174353726,
    96.141660088089));
#1450 = CARTESIAN_POINT('',(-3.632169642131,-9.797084553037,
    96.489328085728));
#1451 = CARTESIAN_POINT('',(1.574419179838,-9.867111126742,
    96.836657560671));
#1452 = CARTESIAN_POINT('',(5.643699870775,-7.394743047412,
    97.184227152132));
#1453 = CARTESIAN_POINT('',(7.655612292199,-3.650347868282,
    97.53167925155));
#1454 = CARTESIAN_POINT('',(7.619644725422,7.358165157602E-02,
    97.879165690201));
#1455 = CARTESIAN_POINT('',(7.583667168146,3.797510381427,
    98.226658073865));
#1456 = CARTESIAN_POINT('',(5.499917271329,7.502346999681,
    98.574100837801));
#1457 = CARTESIAN_POINT('',(1.383446002326,9.895718189388,
    98.921682185392));
#1458 = CARTESIAN_POINT('',(-3.820570658029,9.725007599266,
    99.268999661709));
#1459 = CARTESIAN_POINT('',(-8.197262731152,6.479235282476,
    99.616677570073));
#1460 = CARTESIAN_POINT('',(-9.871204007604,1.548555947725,99.9639950466
    ));
#1461 = CARTESIAN_POINT('',(-8.775822987272,-3.085192331424,
    100.31157639391));
#1462 = CARTESIAN_POINT('',(-5.835422086858,-6.154785307506,
    100.65901915805));
#1463 = CARTESIAN_POINT('',(-2.282278548374,-7.270182351009,
    101.00651154161));
#1464 = CARTESIAN_POINT('',(1.270862397182,-8.385588709647,
    101.3539977468));
#1465 = CARTESIAN_POINT('',(5.438021236946,-7.547326793395,
    101.70145104061));
#1466 = CARTESIAN_POINT('',(8.985280529313,-4.370796537302,
    102.04901731755));
#1467 = CARTESIAN_POINT('',(10.429458455541,0.631748780603,
    102.39635332201));
#1468 = CARTESIAN_POINT('',(8.693337254171,5.796663085979,
    102.74401140988));
#1469 = CARTESIAN_POINT('',(4.520275756146,8.910996634227,
    103.09134741416));
#1470 = CARTESIAN_POINT('',(-0.225315418935,9.299611666158,
    103.43891369138));
#1471 = CARTESIAN_POINT('',(-4.052696916922,7.450442385237,
    103.78636698491));
#1472 = CARTESIAN_POINT('',(-6.210515931807,4.415188768282,
    104.13385319029));
#1473 = CARTESIAN_POINT('',(-8.368326011938,1.379930555703,
    104.48134534009));
#1474 = CARTESIAN_POINT('',(-8.8574686269,-2.842459753692,
    104.82878929921));
#1475 = CARTESIAN_POINT('',(-6.931153732512,-7.197096030403,
    105.17636733104));
#1476 = CARTESIAN_POINT('',(-2.618803514735,-10.1150640336,
    105.52369133842));
#1477 = CARTESIAN_POINT('',(2.829808917677,-10.05821572266,
    105.87135933542));
#1478 = CARTESIAN_POINT('',(7.08028582519,-7.050406398188,106.2186888109
    ));
#1479 = CARTESIAN_POINT('',(8.914939508056,-2.656581739358,
    106.56625840198));
#1480 = CARTESIAN_POINT('',(8.337643661468,1.554714539972,
    106.91371050161));
#1481 = CARTESIAN_POINT('',(6.116786640341,4.544152417986,
    107.26119694019));
#1482 = CARTESIAN_POINT('',(3.895922007208,7.533583777105,
    107.60868932391));
#1483 = CARTESIAN_POINT('',(3.077480423336E-02,9.30233053641,
    107.95613208768));
#1484 = CARTESIAN_POINT('',(-4.705839767063,8.814433243987,
    108.30371343558));
#1485 = CARTESIAN_POINT('',(-8.812547452811,5.613514081596,
    108.65103091147));
#1486 = CARTESIAN_POINT('',(-10.44052796743,0.413499573845,
    108.99870882029));
#1487 = CARTESIAN_POINT('',(-8.891792912137,-4.557928574297,
    109.34602629643));
#1488 = CARTESIAN_POINT('',(-5.278965545213,-7.659373577333,
    109.69360764401));
#1489 = CARTESIAN_POINT('',(-1.095142618956,-8.410362403519,
    110.04105040801));
#1490 = CARTESIAN_POINT('',(2.433877802528,-7.220843830975,
    110.38854279162));
#1491 = CARTESIAN_POINT('',(5.962901610403,-6.031334315496,
    110.73602899678));
#1492 = CARTESIAN_POINT('',(8.838464454609,-2.900993413098,
    111.08348229066));
#1493 = CARTESIAN_POINT('',(9.836644386706,1.754866311668,
    111.43104856747));
#1494 = CARTESIAN_POINT('',(8.059859487194,6.649163499734,
    111.77838457213));
#1495 = CARTESIAN_POINT('',(3.616399974317,9.802911137422,
    112.12604265975));
#1496 = CARTESIAN_POINT('',(-1.590298993206,9.864568061596,
    112.47337866426));
#1497 = CARTESIAN_POINT('',(-5.655593205832,7.38564889968,
    112.82094494133));
#1498 = CARTESIAN_POINT('',(-7.661477476474,3.638022390467,
    113.16839823492));
#1499 = CARTESIAN_POINT('',(-7.619516432979,-8.584477836313E-02,
    113.5158844403));
#1500 = CARTESIAN_POINT('',(-7.577545461485,-3.809710403834,
    113.86337659004));
#1501 = CARTESIAN_POINT('',(-5.487836075182,-7.51119052733,
    114.21082054932));
#1502 = CARTESIAN_POINT('',(-1.367516924889,-9.897928106126,
    114.55839858084));
#1503 = CARTESIAN_POINT('',(3.836215748145,-9.71885286402,114.9057225887
    ));
#1504 = CARTESIAN_POINT('',(8.207682136291,-6.46602474299,
    115.25339058514));
#1505 = CARTESIAN_POINT('',(9.873681099545,-1.532677165151,
    115.6007200611));
#1506 = CARTESIAN_POINT('',(8.770848353225,3.099321237932,
    115.94828965189));
#1507 = CARTESIAN_POINT('',(5.82550740885,6.164162761901,116.29574175163
    ));
#1508 = CARTESIAN_POINT('',(2.270575609202,7.273849490068,
    116.64322819019));
#1509 = CARTESIAN_POINT('',(-1.284358175258,8.383526265779,
    116.99072034041));
#1510 = CARTESIAN_POINT('',(-5.450158918388,7.538573850874,
    117.33816429855));
#1511 = CARTESIAN_POINT('',(-8.992305751992,4.356319616554,117.685742332
    ));
#1512 = CARTESIAN_POINT('',(-10.42842599609,-0.648524064879,
    118.03306633735));
#1513 = CARTESIAN_POINT('',(-8.683998323462,-5.810653594,118.38073433636
    ));
#1514 = CARTESIAN_POINT('',(-4.505927445702,-8.918256308666,
    118.72806381026));
#1515 = CARTESIAN_POINT('',(0.24028175557,-9.299238551925,119.0756334023
    ));
#1516 = CARTESIAN_POINT('',(4.064682661874,-7.443909858866,
    119.42308550152));
#1517 = CARTESIAN_POINT('',(6.217613789546,-4.405187710623,
    119.77057194017));
#1518 = CARTESIAN_POINT('',(8.37053635847,-1.366460348425,
    120.11806432393));
#1519 = CARTESIAN_POINT('',(8.85288122673,2.85671043034,120.46550708766)
  );
#1520 = CARTESIAN_POINT('',(6.919564562917,7.208244417811,120.8130884356
    ));
#1521 = CARTESIAN_POINT('',(2.602515447751,10.119261153518,
    121.16040591145));
#1522 = CARTESIAN_POINT('',(-2.845985925413,10.053654571986,
    121.50808382033));
#1523 = CARTESIAN_POINT('',(-7.091631641057,7.038995293804,
    121.85540129638));
#1524 = CARTESIAN_POINT('',(-8.919196589225,2.642236368501,
    122.20298264406));
#1525 = CARTESIAN_POINT('',(-8.335135524227,-1.568135487896,
    122.55042540796));
#1526 = CARTESIAN_POINT('',(-6.109462607523,-4.553988739053,
    122.89791779165));
#1527 = CARTESIAN_POINT('',(-3.883797100083,-7.539848378031,
    123.24540423036));
#1528 = CARTESIAN_POINT('',(-1.579645795516E-02,-9.302362051441,
    123.59285632946));
#1529 = CARTESIAN_POINT('',(4.72001190522,-8.806854953178,
    123.94042592164));
#1530 = CARTESIAN_POINT('',(8.821577790326,-5.599317475584,
    124.28775539553));
#1531 = CARTESIAN_POINT('',(10.441174668863,-0.396700362471,
    124.63542339429));
#1532 = CARTESIAN_POINT('',(8.884448738123,4.572235873489,124.9827474001
    ));
#1533 = CARTESIAN_POINT('',(5.266630332625,7.66785869564,125.33032543308
    ));
#1534 = CARTESIAN_POINT('',(1.081605675046,8.412114311142,
    125.67776939152));
#1535 = CARTESIAN_POINT('',(-2.445496033633,7.216917343188,
    126.02526154162));
#1536 = CARTESIAN_POINT('',(-5.972600848412,6.021729680387,
    126.37274774685));
#1537 = CARTESIAN_POINT('',(-8.843121929854,2.886764839306,
    126.72020104043));
#1538 = CARTESIAN_POINT('',(-9.833807326921,-1.770695349395,
    127.06776731789));
#1539 = CARTESIAN_POINT('',(-8.049147740031,-6.66212660054,
    127.41510332158));
#1540 = CARTESIAN_POINT('',(-3.600618272526,-9.808718755218,
    127.76276141026));
#1541 = CARTESIAN_POINT('',(1.606173184711,-9.861995823483,
    128.11009741391));
#1542 = CARTESIAN_POINT('',(5.667472504989,-7.376537099693,
    128.45766369149));
#1543 = CARTESIAN_POINT('',(7.667322666429,-3.625687130137,
    128.8051169849));
#1544 = CARTESIAN_POINT('',(7.619368404402,9.810768282847E-02,
    129.15260319026));
#1545 = CARTESIAN_POINT('',(7.571404216601,3.821900936438,
    129.50009534015));
#1546 = CARTESIAN_POINT('',(5.475740294588,7.52001304221,129.84753929909
    ));
#1547 = CARTESIAN_POINT('',(1.351585212284,9.900116198917,
    130.19511733122));
#1548 = CARTESIAN_POINT('',(-3.851852512683,9.712666187243,
    130.5424413382));
#1549 = CARTESIAN_POINT('',(-8.218078067631,6.452806747111,
    130.89010933566));
#1550 = CARTESIAN_POINT('',(-9.876135035892,1.516784262157,
    131.23743881067));
#1551 = CARTESIAN_POINT('',(-8.765848878786,-3.113433217777,
    131.58500840217));
#1552 = CARTESIAN_POINT('',(-5.815579126422,-6.173530477244,
    131.93246050149));
#1553 = CARTESIAN_POINT('',(-2.258865976789,-7.277494383303,
    132.27994694024));
#1554 = CARTESIAN_POINT('',(1.297849474118,-8.381448535914,
    132.62743932374));
#1555 = CARTESIAN_POINT('',(5.462283236046,-7.529791653164,
    132.97488208804));
#1556 = CARTESIAN_POINT('',(8.999308613828,-4.341843594121,
    133.32246343501));
#1557 = CARTESIAN_POINT('',(10.427362793277,0.665310565663,
    133.66978091214));
#1558 = CARTESIAN_POINT('',(8.674643451709,5.824617335256,
    134.01745881966));
#1559 = CARTESIAN_POINT('',(4.491559451571,8.925502102385,
    134.36477629689));
#1560 = CARTESIAN_POINT('',(-0.255240018421,9.298835053951,
    134.71235764375));
#1561 = CARTESIAN_POINT('',(-4.076663263433,7.437361746498,
    135.05980040812));
#1562 = CARTESIAN_POINT('',(-6.224692548342,4.395173428695,
    135.40729279159));
#1563 = CARTESIAN_POINT('',(-8.37272990993,1.352990426793,
    135.75477899681));
#1564 = CARTESIAN_POINT('',(-8.848265496479,-2.870960536748,
    136.10223229066));
#1565 = CARTESIAN_POINT('',(-6.907960452956,-7.21936361037,
    136.44979856739));
#1566 = CARTESIAN_POINT('',(-2.586223013357,-10.12344608973,
    136.79713457229));
#1567 = CARTESIAN_POINT('',(2.862164090004,-10.0490513114,
    137.14479265951));
#1568 = CARTESIAN_POINT('',(7.102946624319,-7.027581602577,
    137.49212866451));
#1569 = CARTESIAN_POINT('',(8.923443065573,-2.627871389287,
    137.83969494114));
#1570 = CARTESIAN_POINT('',(8.332596424784,1.581543820038,
    138.18714823503));
#1571 = CARTESIAN_POINT('',(6.102128055668,4.563817830708,
    138.53463444025));
#1572 = CARTESIAN_POINT('',(3.871652428662,7.546085096926,
    138.88212682371));
#1573 = CARTESIAN_POINT('',(8.319363510629E-04,9.302381404698,
    139.22956958808));
#1574 = CARTESIAN_POINT('',(-4.734187632209,8.799240238962,
    139.57715093493));
#1575 = CARTESIAN_POINT('',(-8.830570801205,5.585118826318,
    139.92446841229));
#1576 = CARTESIAN_POINT('',(-10.44180486789,0.37989104861,
    140.27214631945));
#1577 = CARTESIAN_POINT('',(-8.877075609344,-4.58652621437,
    140.61946379712));
#1578 = CARTESIAN_POINT('',(-5.254283903985,-7.676326040913,
    140.96704514357));
#1579 = CARTESIAN_POINT('',(-1.068065340084,-8.413843921694,
    141.31448790821));
#1580 = CARTESIAN_POINT('',(2.457107930347,-7.212972161947,
    141.66198029157));
#1581 = CARTESIAN_POINT('',(5.982285003489,-6.012109414763,
    142.00946673039));
#1582 = CARTESIAN_POINT('',(8.847754904571,-2.872528922775,
    142.35691882961));
#1583 = CARTESIAN_POINT('',(9.830948701,1.78652013063,142.70448842122));
#1584 = CARTESIAN_POINT('',(8.038408214175,6.675071858721,
    143.05181789619));
#1585 = CARTESIAN_POINT('',(3.584836758934,9.814501771644,
    143.39948589352));
#1586 = CARTESIAN_POINT('',(-1.622053609916,9.85939715975,
    143.74680990078));
#1587 = CARTESIAN_POINT('',(-5.67932801088,7.367406965203,
    144.09438793263));
#1588 = CARTESIAN_POINT('',(-7.673154374549,3.613341937634,
    144.44183189173));
#1589 = CARTESIAN_POINT('',(-7.619197152259,-0.110370037496,
    144.78932404157));
#1590 = CARTESIAN_POINT('',(-7.565249826839,-3.834082488874,
    145.13681048053));
#1591 = CARTESIAN_POINT('',(-5.463620853294,-7.528813747274,
    145.48426257919));
#1592 = CARTESIAN_POINT('',(-1.335661284255,-9.9022833469,
    145.83183217196));
#1593 = CARTESIAN_POINT('',(3.867490395826,-9.706446772109,
    146.17916164523));
#1594 = CARTESIAN_POINT('',(8.228443612086,-6.439581925123,
    146.5268296445));
#1595 = CARTESIAN_POINT('',(9.878569667374,-1.500876939116,146.87415365)
  );
#1596 = CARTESIAN_POINT('',(8.76082302541,3.127528090361,147.22173168311
    ));
#1597 = CARTESIAN_POINT('',(5.805637622562,6.1828884686,147.56917564152)
  );
#1598 = CARTESIAN_POINT('',(2.247149697946,7.281117017587,
    147.91666779163));
#1599 = CARTESIAN_POINT('',(-1.311335291237,8.379354926799,
    148.26415399692));
#1600 = CARTESIAN_POINT('',(-5.474398221065,7.520982703529,
    148.61160729024));
#1601 = CARTESIAN_POINT('',(-9.006279089583,4.327362421185,
    148.95917356818));
#1602 = CARTESIAN_POINT('',(-10.42628664762,-0.682097434145,
    149.30650957127));
#1603 = CARTESIAN_POINT('',(-8.665248194845,-5.83856911429,
    149.65416766048));
#1604 = CARTESIAN_POINT('',(-4.477198559262,-8.932717782128,
    150.00150366384));
#1605 = CARTESIAN_POINT('',(0.270213629735,-9.298415390488,
    150.34906994142));
#1606 = CARTESIAN_POINT('',(4.088622266637,-7.430788114004,
    150.69652323502));
#1607 = CARTESIAN_POINT('',(6.231761170992,-4.385151389574,
    151.04400944017));
#1608 = CARTESIAN_POINT('',(8.374891411458,-1.33950985749,
    151.39150182394));
#1609 = CARTESIAN_POINT('',(8.843640072618,2.885191633858,151.7389445876
    ));
#1610 = CARTESIAN_POINT('',(6.896326535269,7.230480042545,
    152.08652593574));
#1611 = CARTESIAN_POINT('',(2.569929689249,10.127585810143,
    152.43384341124));
#1612 = CARTESIAN_POINT('',(-2.878332280959,10.044441717622,
    152.78152132052));
#1613 = CARTESIAN_POINT('',(-7.114252298304,7.016132005416,
    153.12883879627));
#1614 = CARTESIAN_POINT('',(-8.927655317985,2.613513219189,
    153.47642014407));
#1615 = CARTESIAN_POINT('',(-8.330044767938,-1.594956826542,
    153.823862908));
#1616 = CARTESIAN_POINT('',(-6.094772399406,-4.573630526056,
    154.17135529161));
#1617 = CARTESIAN_POINT('',(-3.859507571106,-7.552310279155,
    154.51884149668));
#1618 = CARTESIAN_POINT('',(1.414705767724E-02,-9.30236618032,
    154.86629479097));
#1619 = CARTESIAN_POINT('',(4.748333775596,-8.791612759511,
    155.21386106697));
#1620 = CARTESIAN_POINT('',(8.839558105801,-5.57089963258,
    155.56119707267));
#1621 = CARTESIAN_POINT('',(10.442393771292,-0.363081046117,
    155.90885515932));
#1622 = CARTESIAN_POINT('',(8.869689484143,4.600800190237,156.2561911645
    ));
#1623 = CARTESIAN_POINT('',(5.241917880837,7.684779834919,
    156.60375744126));
#1624 = CARTESIAN_POINT('',(1.054525320125,8.415546350959,156.9512107349
    ));
#1625 = CARTESIAN_POINT('',(-2.468714825514,7.209011520852,
    157.29869694034));
#1626 = CARTESIAN_POINT('',(-5.991950395229,6.002467746413,
    157.64618908994));
#1627 = CARTESIAN_POINT('',(-8.852371712437,2.858293719055,
    157.99363304953));
#1628 = CARTESIAN_POINT('',(-9.828052736346,-1.802349230055,
    158.34121108054));
#1629 = CARTESIAN_POINT('',(-8.027665445861,-6.687992206857,
    158.688535089));
#1630 = CARTESIAN_POINT('',(-3.569024219889,-9.82026415782,
    159.03620308493));
#1631 = CARTESIAN_POINT('',(1.637907516771,-9.856771110411,
    159.38353256117));
#1632 = CARTESIAN_POINT('',(5.691187656772,-7.358257675858,
    159.73110215192));
#1633 = CARTESIAN_POINT('',(7.678953298838,-3.600988109087,
    160.07855425155));
#1634 = CARTESIAN_POINT('',(7.619013139567,0.122632697601,
    160.42604069026));
#1635 = CARTESIAN_POINT('',(7.559062907802,3.846252271148,
    160.77353284021));
#1636 = CARTESIAN_POINT('',(5.451506213875,7.537599613472,
    161.12097679893));
#1637 = CARTESIAN_POINT('',(1.319711326082,9.904415447269,161.4685548315
    ));
#1638 = CARTESIAN_POINT('',(-3.883096070011,9.700217376373,
    161.81587883785));
#1639 = CARTESIAN_POINT('',(-8.238806042933,6.42632064545,
    162.16354683596));
#1640 = CARTESIAN_POINT('',(-9.880966157496,1.484986711981,
    162.51087631051));
#1641 = CARTESIAN_POINT('',(-8.755781826141,-3.141632948151,
    162.8584459022));
#1642 = CARTESIAN_POINT('',(-5.795677395962,-6.192217910443,
    163.20589800152));
#1643 = CARTESIAN_POINT('',(-2.235429189335,-7.284727609224,
    163.5533844402));
#1644 = CARTESIAN_POINT('',(1.324820953938,-8.377227346362,
    163.90087659034));
#1645 = CARTESIAN_POINT('',(5.486493500106,-7.51217125823,
    164.24832054879));
#1646 = CARTESIAN_POINT('',(9.013234330963,-4.312851751248,
    164.59589858151));
#1647 = CARTESIAN_POINT('',(10.425173207059,0.698867539305,
    164.94322258807));
#1648 = CARTESIAN_POINT('',(8.655841820956,5.852514368009,
    165.29089058554));
#1649 = CARTESIAN_POINT('',(4.462815366424,8.939908094534,165.638220061)
  );
#1650 = CARTESIAN_POINT('',(-0.285177991421,9.297970019803,
    165.98578965177));
#1651 = CARTESIAN_POINT('',(-4.100576330917,7.424197793419,
    166.33324175182));
#1652 = CARTESIAN_POINT('',(-6.238810658413,4.375116178277,
    166.68072819004));
#1653 = CARTESIAN_POINT('',(-8.377036107072,1.32602964484,
    167.02822034086));
#1654 = CARTESIAN_POINT('',(-8.838986338159,-2.899422092934,
    167.37566429768));
#1655 = CARTESIAN_POINT('',(-6.884677751073,-7.241567206556,
    167.72324233324));
#1656 = CARTESIAN_POINT('',(-2.553632055129,-10.13171335469,
    168.070566336));
#1657 = CARTESIAN_POINT('',(2.894501505724,-10.03978999551,
    168.41823433748));
#1658 = CARTESIAN_POINT('',(7.125527125156,-7.004679928647,
    168.76556380957));
#1659 = CARTESIAN_POINT('',(8.931856904707,-2.599135471809,
    169.11313340258));
#1660 = CARTESIAN_POINT('',(8.327462189277,1.608357116888,169.4605855015
    ));
#1661 = CARTESIAN_POINT('',(6.087406247389,4.583435958191,169.8080719401
    ));
#1662 = CARTESIAN_POINT('',(3.847342735236,7.558508231404,
    170.15556432414));
#1663 = CARTESIAN_POINT('',(-2.911093811223E-02,9.302335892544,
    170.50300708724));
#1664 = CARTESIAN_POINT('',(-4.762486450126,8.783956064542,
    170.85058843624));
#1665 = CARTESIAN_POINT('',(-8.848502652155,5.556665703634,
    171.19790591068));
#1666 = CARTESIAN_POINT('',(-10.44297358521,0.346278588964,
    171.54558382103));
#1667 = CARTESIAN_POINT('',(-8.862266328995,-4.615076335872,
    171.89290129587));
#1668 = CARTESIAN_POINT('',(-5.229547824584,-7.693198968667,
    172.24048264434));
#1669 = CARTESIAN_POINT('',(-1.040976994629,-8.417238265329,
    172.58792540785));
#1670 = CARTESIAN_POINT('',(2.480312600085,-7.205025759362,
    172.93541779169));
#1671 = CARTESIAN_POINT('',(6.001606026919,-5.992822254646,
    173.28290423036));
#1672 = CARTESIAN_POINT('',(8.856955278068,-2.844034540482,
    173.63035632936));
#1673 = CARTESIAN_POINT('',(9.825147251284,1.818155121767,
    173.97792592186));
#1674 = CARTESIAN_POINT('',(8.0168805858,6.700911621791,174.32525539523)
  );
#1675 = CARTESIAN_POINT('',(3.553226885105,9.825989942897,
    174.67292339459));
#1676 = CARTESIAN_POINT('',(-1.653781024623,9.854124952713,
    175.02024739988));
#1677 = CARTESIAN_POINT('',(-5.703013087627,7.349087954048,
    175.36782543321));
#1678 = CARTESIAN_POINT('',(-7.68474539178,3.588624567381,
    175.71526939146));
#1679 = CARTESIAN_POINT('',(-7.618802417638,-0.134894437508,
    176.06276154165));
#1680 = CARTESIAN_POINT('',(-7.552869252776,-3.858413571559,
    176.41024774683));
#1681 = CARTESIAN_POINT('',(-5.439358864917,-7.546362821954,
    176.75770104043));
#1682 = CARTESIAN_POINT('',(-1.303779627932,-9.90652750718,
    177.10526731791));
#1683 = CARTESIAN_POINT('',(3.898712295811,-9.693954436145,
    177.45260332151));
#1684 = CARTESIAN_POINT('',(8.249131104186,-6.413053219166,
    177.80026141039));
#1685 = CARTESIAN_POINT('',(9.883347235714,-1.469081802496,
    178.14759741376));
#1686 = CARTESIAN_POINT('',(8.750712679438,3.155720484527,
    178.49516369161));
#1687 = CARTESIAN_POINT('',(5.785704387041,6.201537614561,
    178.84261698482));
#1688 = CARTESIAN_POINT('',(2.223702094943,7.28831592285,179.19010319031
    ));
#1689 = CARTESIAN_POINT('',(-1.338301730132,8.375084301799,
    179.53759534004));
#1690 = CARTESIAN_POINT('',(-5.498576646649,7.503331445645,
    179.88503929925));
#1691 = CARTESIAN_POINT('',(-9.020163854717,4.298340071983,
    180.23261733109));
#1692 = CARTESIAN_POINT('',(-10.42403493326,-0.715645137039,
    180.5799413382));
#1693 = CARTESIAN_POINT('',(-8.646411446131,-5.866437686803,
    180.9276093358));
#1694 = CARTESIAN_POINT('',(-4.448421503683,-8.947079069682,
    181.27493881046));
#1695 = CARTESIAN_POINT('',(0.300141976866,-9.29749900543,
    181.62250840238));
#1696 = CARTESIAN_POINT('',(4.112519686397,-7.417588621796,
    181.96996050132));
#1697 = CARTESIAN_POINT('',(6.245843985187,-4.365069634039,
    182.31744694035));
#1698 = CARTESIAN_POINT('',(8.379159400363,-1.31254574407,
    182.66493908989));
#1699 = CARTESIAN_POINT('',(8.834308494408,2.913643997208,
    183.01238304963));
#1700 = CARTESIAN_POINT('',(6.873014102738,7.252638173817,183.3599610804
    ));
#1701 = CARTESIAN_POINT('',(2.537322544512,10.135810109586,
    183.70728508914));
#1702 = CARTESIAN_POINT('',(-2.910656012214,10.035118513793,
    184.05495308486));
#1703 = CARTESIAN_POINT('',(-7.136791381001,6.993202881574,
    184.40228256118));
#1704 = CARTESIAN_POINT('',(-8.936028442498,2.584756979418,
    184.74985215196));
#1705 = CARTESIAN_POINT('',(-8.324862879226,-1.621757432757,
    185.09730425151));
#1706 = CARTESIAN_POINT('',(-6.08002168162,-4.593227226002,
    185.44479069029));
#1707 = CARTESIAN_POINT('',(-3.835173078113,-7.564690082275,
    185.79228284011));
#1708 = CARTESIAN_POINT('',(4.408291199983E-02,-9.302278464275,
    186.13972679911));
#1709 = CARTESIAN_POINT('',(4.77661583131,-8.776276233927,
    186.48730483126));
#1710 = CARTESIAN_POINT('',(8.857436943455,-5.542423931775,
    186.83462883809));
#1711 = CARTESIAN_POINT('',(10.443513618385,-0.329462206154,
    187.18229683575));
#1712 = CARTESIAN_POINT('',(8.854831342482,4.629323885735,
    187.52962631065));
#1713 = CARTESIAN_POINT('',(5.217155859815,7.701613967435,
    187.87719590211));
#1714 = CARTESIAN_POINT('',(1.027431272198,8.418896846273,
    188.22464800157));
#1715 = CARTESIAN_POINT('',(-2.491906686642,7.201027778493,
    188.57213444018));
#1716 = CARTESIAN_POINT('',(-6.01124033319,5.983149524094,188.9196265904
    ));
#1717 = CARTESIAN_POINT('',(-8.861526241963,2.829784550912,
    189.26707054869));
#1718 = CARTESIAN_POINT('',(-9.822200349066,-1.833974818921,
    189.61464858162));
#1719 = CARTESIAN_POINT('',(-8.006096286276,-6.713797322411,
    189.96197258799));
#1720 = CARTESIAN_POINT('',(-3.537395877883,-9.831701402238,
    190.30964058556));
#1721 = CARTESIAN_POINT('',(1.669626394689,-9.851447885202,
    190.65697006101));
#1722 = CARTESIAN_POINT('',(5.714843223452,-7.339900538006,
    191.00453965174));
#1723 = CARTESIAN_POINT('',(7.690504520078,-3.576252137041,
    191.35199175184));
#1724 = CARTESIAN_POINT('',(7.618578934861,0.147156441841,
    191.69947819004));
#1725 = CARTESIAN_POINT('',(7.546643278747,3.870563754909,
    192.04697034088));
#1726 = CARTESIAN_POINT('',(5.427215652681,7.555108087888,
    192.39441429763));
#1727 = CARTESIAN_POINT('',(1.287823763157,9.908612077253,
    192.74199233331));
#1728 = CARTESIAN_POINT('',(-3.914299391553,9.687668060361,
    193.08931633593));
#1729 = CARTESIAN_POINT('',(-8.259448658498,6.399767962878,
    193.43698433751));
#1730 = CARTESIAN_POINT('',(-9.885694901966,1.453173774527,
    193.78431380958));
#1731 = CARTESIAN_POINT('',(-8.745624055423,-3.169800127608,
    194.13188340254));
#1732 = CARTESIAN_POINT('',(-5.775715616757,-6.210841186415,
    194.47933550154));
#1733 = CARTESIAN_POINT('',(-2.21196924072,-7.291885358536,
    194.82682194009));
#1734 = CARTESIAN_POINT('',(1.351779374053,-8.372919761306,
    195.17431432418));
#1735 = CARTESIAN_POINT('',(5.51064417534,-7.494471380865,
    195.52175708716));
#1736 = CARTESIAN_POINT('',(9.027073382284,-4.283819263501,
    195.86933843634));
#1737 = CARTESIAN_POINT('',(10.422863683463,0.732424441709,
    196.21665591059));
#1738 = CARTESIAN_POINT('',(8.636966878136,5.88034091756,196.56433382107
    ));
#1739 = CARTESIAN_POINT('',(4.43400715905,8.954232216534,196.91165129589
    ));
#1740 = CARTESIAN_POINT('',(-0.315097331233,9.296999219826,
    197.25923264428));
#1741 = CARTESIAN_POINT('',(-4.124457885323,7.410963518258,
    197.60667540791));
#1742 = CARTESIAN_POINT('',(-6.252858129101,4.355009989183,
    197.95416779164));
#1743 = CARTESIAN_POINT('',(-8.381266484247,1.299061724256,
    198.30165399669));
#1744 = CARTESIAN_POINT('',(-8.829599917687,-2.927863040974,
    198.64910729088));
#1745 = CARTESIAN_POINT('',(-6.861341604939,-7.263685011221,
    198.99667356708));
#1746 = CARTESIAN_POINT('',(-2.520998265251,-10.13988550032,
    199.34400957263));
#1747 = CARTESIAN_POINT('',(2.926797009115,-10.03041747848,
    199.69166765927));
#1748 = CARTESIAN_POINT('',(7.148040516702,-6.981709726693,
    200.0390036646));
#1749 = CARTESIAN_POINT('',(8.940175459298,-2.570370972704,
    200.38656994117));
#1750 = CARTESIAN_POINT('',(8.322242339764,1.635153348621,
    200.73402323494));
#1751 = CARTESIAN_POINT('',(6.072621367322,4.603006596442,
    201.08150944033));
#1752 = CARTESIAN_POINT('',(3.822993181172,7.570853053755,
    201.42900182348));
#1753 = CARTESIAN_POINT('',(-5.905351443238E-02,9.302193997397,
    201.77644458852));
#1754 = CARTESIAN_POINT('',(-4.790735918333,8.76858088154,
    202.12402593434));
#1755 = CARTESIAN_POINT('',(-8.866342831244,5.528155008777,
    202.4713434129));
#1756 = CARTESIAN_POINT('',(-10.4440340971,0.31266253924,202.81902131893
    ));
#1757 = CARTESIAN_POINT('',(-8.847365231138,-4.643578637568,
    203.16633879749));
#1758 = CARTESIAN_POINT('',(-5.204757560232,-7.70999219011,
    203.51392014335));
#1759 = CARTESIAN_POINT('',(-1.013877864267,-8.420545397019,
    203.86136290831));
#1760 = CARTESIAN_POINT('',(2.503491571567,-7.197004706276,
    204.20885529154));
#1761 = CARTESIAN_POINT('',(4.486814009414,-1.887379141863E-15,
    4.42267138445));
#1762 = CARTESIAN_POINT('',(4.486795329331,2.192833896849,4.770143993425
    ));
#1763 = CARTESIAN_POINT('',(3.280993147914,4.386038426952,5.117667422454
    ));
#1764 = CARTESIAN_POINT('',(0.87079921384,5.818706519062,5.465049464043)
  );
#1765 = CARTESIAN_POINT('',(-2.194216900448,5.747687337718,
    5.812699388781));
#1766 = CARTESIAN_POINT('',(-4.789636171705,3.861585229134,
    6.159986557034));
#1767 = CARTESIAN_POINT('',(-5.80332296861,0.967877251264,6.507630715654
    ));
#1768 = CARTESIAN_POINT('',(-5.184665910718,-1.766632850167,
    6.855021658115));
#1769 = CARTESIAN_POINT('',(-3.47085709815,-3.590715247506,
    7.202536502771));
#1770 = CARTESIAN_POINT('',(-1.385128157785,-4.267659773411,
    7.55001513445));
#1771 = CARTESIAN_POINT('',(0.700604583985,-4.944593617613,
    7.897487743421));
#1772 = CARTESIAN_POINT('',(3.158928302998,-4.474753746957,
    8.245011172465));
#1773 = CARTESIAN_POINT('',(5.265672074733,-2.624563664176,
    8.592393214019));
#1774 = CARTESIAN_POINT('',(6.144325482726,0.312668994886,8.940043138816
    ));
#1775 = CARTESIAN_POINT('',(5.151582352779,3.363577619434,9.287330306997
    ));
#1776 = CARTESIAN_POINT('',(2.712150946681,5.221070876169,9.634974465685
    ));
#1777 = CARTESIAN_POINT('',(-7.978070999661E-02,5.476804476257,
    9.982365408096));
#1778 = CARTESIAN_POINT('',(-2.343838879714,4.409819076849,
    10.32988025278));
#1779 = CARTESIAN_POINT('',(-3.631605832978,2.634945735476,
    10.677358884447));
#1780 = CARTESIAN_POINT('',(-4.919364175423,0.860065242954,
    11.024831247216));
#1781 = CARTESIAN_POINT('',(-5.231382472901,-1.623227400135,
    11.372355935667));
#1782 = CARTESIAN_POINT('',(-4.121943182756,-4.198246367994,
    11.719734482246));
#1783 = CARTESIAN_POINT('',(-1.599416243471,-5.940731704364,
    12.067391292165));
#1784 = CARTESIAN_POINT('',(1.608928235341,-5.938336869615,
    12.414668010702));
#1785 = CARTESIAN_POINT('',(4.12879220621,-4.191473305064,
    12.762324820773));
#1786 = CARTESIAN_POINT('',(5.233915418854,-1.614870653655,
    13.109703367174));
#1787 = CARTESIAN_POINT('',(4.918000256665,0.868001189701,
    13.457228055726));
#1788 = CARTESIAN_POINT('',(3.627357010461,2.640784967353,
    13.804700418469));
#1789 = CARTESIAN_POINT('',(2.336723538961,4.413574445635,
    14.152179296388));
#1790 = CARTESIAN_POINT('',(7.103285720045E-02,5.476964570701,
    14.499692881487));
#1791 = CARTESIAN_POINT('',(-2.720687186028,5.216656958473,
    14.847087319209));
#1792 = CARTESIAN_POINT('',(-5.156816268748,3.355264434704,
    15.194724592386));
#1793 = CARTESIAN_POINT('',(-6.144968530228,0.302881049967,
    15.542022210481));
#1794 = CARTESIAN_POINT('',(-5.261354398409,-2.63316277685,
    15.88965948381));
#1795 = CARTESIAN_POINT('',(-3.151756133142,-4.479750773953,
    16.237053921353));
#1796 = CARTESIAN_POINT('',(-0.692637738543,-4.9457396637,
    16.584567506557));
#1797 = CARTESIAN_POINT('',(1.391994828427,-4.265424990858,
    16.932046384445));
#1798 = CARTESIAN_POINT('',(3.476623806199,-3.585099682977,
    17.27951899344));
#1799 = CARTESIAN_POINT('',(5.187521337493,-1.758371829892,
    17.627042422421));
#1800 = CARTESIAN_POINT('',(5.801756914489,0.977370723276,
    17.974424464095));
#1801 = CARTESIAN_POINT('',(4.783347512788,3.869119294008,18.32207438872
    ));
#1802 = CARTESIAN_POINT('',(2.185103581028,5.751328322957,
    18.669361557089));
#1803 = CARTESIAN_POINT('',(-0.88031011222,5.817250033994,
    19.017005715616));
#1804 = CARTESIAN_POINT('',(-3.287960680527,4.380760983728,
    19.364396658135));
#1805 = CARTESIAN_POINT('',(-4.490344739119,2.185609550719,
    19.711911502764));
#1806 = CARTESIAN_POINT('',(-4.486808198454,-7.221176149917E-03,
    20.059390134451));
#1807 = CARTESIAN_POINT('',(-4.483260487378,-2.200052616325,
    20.406862497197));
#1808 = CARTESIAN_POINT('',(-3.273929239635,-4.391311547201,
    20.754387185714));
#1809 = CARTESIAN_POINT('',(-0.861434982231,-5.820104633061,
    21.101765732169));
#1810 = CARTESIAN_POINT('',(2.203467437838,-5.744141080489,
    21.449422542256));
#1811 = CARTESIAN_POINT('',(4.795840870114,-3.853881834322,
    21.796699260621));
#1812 = CARTESIAN_POINT('',(5.804877564421,-0.958524914174,
    22.144356070826));
#1813 = CARTESIAN_POINT('',(5.181812090514,1.774965154052,
    22.491734617147));
#1814 = CARTESIAN_POINT('',(3.465076320857,3.596303474498,
    22.839259305737));
#1815 = CARTESIAN_POINT('',(1.378256426816,4.269879781333,
    23.186731668466));
#1816 = CARTESIAN_POINT('',(-0.708558920061,4.943466449926,
    23.534210546388));
#1817 = CARTESIAN_POINT('',(-3.166129825974,4.469654181307,
    23.881724131491));
#1818 = CARTESIAN_POINT('',(-5.269884895854,2.61609666704,
    24.229118569203));
#1819 = CARTESIAN_POINT('',(-6.143818326618,-0.322567552298,
    24.576755842387));
#1820 = CARTESIAN_POINT('',(-5.146159339706,-3.371856939154,
    24.924053460485));
#1821 = CARTESIAN_POINT('',(-2.703746178194,-5.225433275736,
    25.271690733805));
#1822 = CARTESIAN_POINT('',(8.859576834359E-02,-5.476667281226,
    25.619085171354));
#1823 = CARTESIAN_POINT('',(2.35093293938,-4.406041553657,25.96659875656
    ));
#1824 = CARTESIAN_POINT('',(3.635841868637,-2.629097537408,
    26.314077634441));
#1825 = CARTESIAN_POINT('',(4.920741636817,-0.852147035777,
    26.66155024345));
#1826 = CARTESIAN_POINT('',(5.22876478404,1.631645780205,27.009073672404
    ));
#1827 = CARTESIAN_POINT('',(4.1151773135,4.2048724718,27.356455714111));
#1828 = CARTESIAN_POINT('',(1.589859738918,5.943302411118,
    27.704105638713));
#1829 = CARTESIAN_POINT('',(-1.618492653538,5.935733877838,
    28.05139280708));
#1830 = CARTESIAN_POINT('',(-4.13552264256,4.184829306545,
    28.399036965637));
#1831 = CARTESIAN_POINT('',(-5.236516472408,1.606439375448,
    28.746427908111));
#1832 = CARTESIAN_POINT('',(-4.916590731451,-0.87591127638,
    29.093942752783));
#1833 = CARTESIAN_POINT('',(-3.623105552439,-2.646621641039,
    29.441421384441));
#1834 = CARTESIAN_POINT('',(-2.329611034031,-4.41732557743,
    29.788893993455));
#1835 = CARTESIAN_POINT('',(-6.222684326774E-02,-5.477077408524,
    30.136417422392));
#1836 = CARTESIAN_POINT('',(2.729089528398,-5.212265071081,
    30.483799464134));
#1837 = CARTESIAN_POINT('',(5.162200412425,-3.346966453657,
    30.83144938868));
#1838 = CARTESIAN_POINT('',(6.145454744911,-0.292986546153,
    31.178736557122));
#1839 = CARTESIAN_POINT('',(5.25710593308,2.641624700817,31.526380715593
    ));
#1840 = CARTESIAN_POINT('',(3.144543786754,4.484818458603,31.87377165815
    ));
#1841 = CARTESIAN_POINT('',(0.684676685229,4.946847766092,
    32.221286502755));
#1842 = CARTESIAN_POINT('',(-1.398857893476,4.263179159857,
    32.568765134456));
#1843 = CARTESIAN_POINT('',(-3.482389241015,3.579499685733,
    32.916237743403));
#1844 = CARTESIAN_POINT('',(-5.190344580959,1.750020642955,33.2637611725
    ));
#1845 = CARTESIAN_POINT('',(-5.800176398802,-0.986706931574,
    33.611143213972));
#1846 = CARTESIAN_POINT('',(-4.777114272891,-3.87681270642,
    33.958793138861));
#1847 = CARTESIAN_POINT('',(-2.175844438138,-5.754837627755,
    34.306080306967));
#1848 = CARTESIAN_POINT('',(0.889671381047,-5.815825709606,
    34.653724465692));
#1849 = CARTESIAN_POINT('',(3.295006914291,-4.375463594639,
    35.001115408107));
#1850 = CARTESIAN_POINT('',(4.493856491172,-2.178379861508,
    35.348630252762));
#1851 = CARTESIAN_POINT('',(4.486790765598,1.444233359555E-02,
    35.696108884461));
#1852 = CARTESIAN_POINT('',(4.479713868377,2.207265224032,
    36.043581247161));
#1853 = CARTESIAN_POINT('',(3.266857527238,4.396574992882,
    36.391105935803));
#1854 = CARTESIAN_POINT('',(0.852066863243,5.821483507669,
    36.738484482004));
#1855 = CARTESIAN_POINT('',(-2.212709329568,5.740587332412,
    37.086141292488));
#1856 = CARTESIAN_POINT('',(-4.802037180398,3.846158312724,
    37.433418010372));
#1857 = CARTESIAN_POINT('',(-5.806412717238,0.949181176107,
    37.781074821033));
#1858 = CARTESIAN_POINT('',(-5.178948711852,-1.783302576227,
    38.128453367014));
#1859 = CARTESIAN_POINT('',(-3.459283864097,-3.601875586231,
    38.475978055802));
#1860 = CARTESIAN_POINT('',(-1.371382604309,-4.272092447188,
    38.823450418443));
#1861 = CARTESIAN_POINT('',(0.716514468064,-4.942319960037,
    39.170929050144));
#1862 = CARTESIAN_POINT('',(3.17331787201,-4.464551591194,39.51844389489
    ));
#1863 = CARTESIAN_POINT('',(5.274091932751,-2.607614660483,
    39.865834837002));
#1864 = CARTESIAN_POINT('',(6.143285085081,0.332460184858,
    40.213478996357));
#1865 = CARTESIAN_POINT('',(5.140734361856,3.38012797122,40.560766163534
    ));
#1866 = CARTESIAN_POINT('',(2.695323544895,5.229785559695,
    40.908416089412));
#1867 = CARTESIAN_POINT('',(-9.740185056266E-02,5.476510951545,
    41.255798130127));
#1868 = CARTESIAN_POINT('',(-2.35802672214,4.40225685793,41.603321559631
    ));
#1869 = CARTESIAN_POINT('',(-3.640065398409,2.623239985184,
    41.950794168433));
#1870 = CARTESIAN_POINT('',(-4.92211237605,0.844231036603,
    42.298273046443));
#1871 = CARTESIAN_POINT('',(-5.226123935662,-1.640065603431,
    42.645786631418));
#1872 = CARTESIAN_POINT('',(-4.108413775479,-4.211482498698,
    42.993181069283));
#1873 = CARTESIAN_POINT('',(-1.58028397332,-5.945860410421,
    43.340818342312));
#1874 = CARTESIAN_POINT('',(1.628037520082,-5.93311629753,
    43.688115960549));
#1875 = CARTESIAN_POINT('',(4.14225590065,-4.178170935901,
    44.035753233757));
#1876 = CARTESIAN_POINT('',(5.23909371696,-1.598008367981,
    44.383147671385));
#1877 = CARTESIAN_POINT('',(4.91517499631,0.883822727431,44.730661256543
    ));
#1878 = CARTESIAN_POINT('',(3.618841329604,2.65244931831,45.078140134448
    ));
#1879 = CARTESIAN_POINT('',(2.322498676912,4.421069183151,
    45.425612743429));
#1880 = CARTESIAN_POINT('',(5.341183513638E-02,5.477170464338,
    45.773136172442));
#1881 = CARTESIAN_POINT('',(-2.737474726908,5.207866064415,
    46.120518214069));
#1882 = CARTESIAN_POINT('',(-5.167580407301,3.338653961246,
    46.468168138735));
#1883 = CARTESIAN_POINT('',(-6.14591832483,0.283095538008,
    46.815455307094));
#1884 = CARTESIAN_POINT('',(-5.252847636151,-2.650082180305,
    47.163099465592));
#1885 = CARTESIAN_POINT('',(-3.137321749729,-4.489873547491,
    47.510490408166));
#1886 = CARTESIAN_POINT('',(-0.676714234004,-4.947943292863,
    47.858005252738));
#1887 = CARTESIAN_POINT('',(1.405717335147,-4.260922286198,
    48.205483884466));
#1888 = CARTESIAN_POINT('',(3.488145655605,-3.573890416717,
    48.552956493362));
#1889 = CARTESIAN_POINT('',(5.193154380193,-1.741664923072,
    48.900479922597));
#1890 = CARTESIAN_POINT('',(5.798580859268,0.996040584113,49.24786196381
    ));
#1891 = CARTESIAN_POINT('',(4.770868659083,3.884496076902,
    49.595511889064));
#1892 = CARTESIAN_POINT('',(2.166579659366,5.758332026178,
    49.942799056778));
#1893 = CARTESIAN_POINT('',(-0.899030345501,5.814386320819,
    50.290443215821));
#1894 = CARTESIAN_POINT('',(-3.302044613133,4.37015487205,
    50.637834158048));
#1895 = CARTESIAN_POINT('',(-4.497356603086,2.171144529772,
    50.985349002775));
#1896 = CARTESIAN_POINT('',(-4.48676171087,-2.166345363242E-02,
    51.332827634467));
#1897 = CARTESIAN_POINT('',(-4.476155483596,-2.214471700487,
    51.680300243371));
#1898 = CARTESIAN_POINT('',(-3.259778020619,-4.401828753682,
    52.027823672577));
#1899 = CARTESIAN_POINT('',(-0.842694901593,-5.822843131128,
    52.375205713831));
#1900 = CARTESIAN_POINT('',(2.221942587751,-5.737026117284,
    52.722855639059));
#1901 = CARTESIAN_POINT('',(4.808225037257,-3.838414664302,
    53.070142806759));
#1902 = CARTESIAN_POINT('',(5.807928476678,-0.939846083097,
    53.417786965855));
#1903 = CARTESIAN_POINT('',(5.176075735277,1.791645114143,
    53.765177908014));
#1904 = CARTESIAN_POINT('',(3.45347977564,3.607431555015,54.112692752797
    ));
#1905 = CARTESIAN_POINT('',(1.36450669016,4.274297772463,54.460171384456
    ));
#1906 = CARTESIAN_POINT('',(-0.724470488689,4.941153572117,
    54.807643747192));
#1907 = CARTESIAN_POINT('',(-3.1804952921,4.459448336686,55.155168435714
    ));
#1908 = CARTESIAN_POINT('',(-5.278286206943,2.599111941847,
    55.502546982179));
#1909 = CARTESIAN_POINT('',(-6.142738075728,-0.342336727142,
    55.85020379224));
#1910 = CARTESIAN_POINT('',(-5.135290553891,-3.388404605708,
    56.197480510633));
#1911 = CARTESIAN_POINT('',(-2.686901488291,-5.234112526579,
    56.545137320826));
#1912 = CARTESIAN_POINT('',(0.106215072932,-5.476348801692,
    56.892515867138));
#1913 = CARTESIAN_POINT('',(2.365108918375,-4.398455682899,
    57.240040555748));
#1914 = CARTESIAN_POINT('',(3.644282583665,-2.617378187301,
    57.587512918457));
#1915 = CARTESIAN_POINT('',(4.923464724982,-0.836308188301,
    57.934991796352));
#1916 = CARTESIAN_POINT('',(5.22347761024,1.648474516728,58.282505381622
    ));
#1917 = CARTESIAN_POINT('',(4.101630402536,4.218089215381,
    58.629899818958));
#1918 = CARTESIAN_POINT('',(1.570712529835,5.948396052609,
    58.977537092694));
#1919 = CARTESIAN_POINT('',(-1.637584298295,5.930488414999,
    59.324834710217));
#1920 = CARTESIAN_POINT('',(-4.148974975167,4.171498887475,
    59.672471983954));
#1921 = CARTESIAN_POINT('',(-5.241658801174,1.589574386992,
    60.019866421328));
#1922 = CARTESIAN_POINT('',(-4.913746186979,-0.891732172399,
    60.367380006517));
#1923 = CARTESIAN_POINT('',(-3.614567733154,-2.658270125139,
    60.714858884492));
#1924 = CARTESIAN_POINT('',(-2.315380191378,-4.424801767272,
    61.062331247062));
#1925 = CARTESIAN_POINT('',(-4.459715163814E-02,-5.477247563031,
    61.409855936003));
#1926 = CARTESIAN_POINT('',(2.7458539684,-5.203457903704,61.757234481718
    ));
#1927 = CARTESIAN_POINT('',(5.172945005811,-3.3303251282,62.104891292793
    ));
#1928 = CARTESIAN_POINT('',(6.146368746397,-0.273214359647,
    62.452168010122));
#1929 = CARTESIAN_POINT('',(5.248572717169,2.658544334716,62.79982482119
    ));
#1930 = CARTESIAN_POINT('',(3.130094230284,4.49490688972,63.14720336694)
  );
#1931 = CARTESIAN_POINT('',(0.66874817951,4.949033083733,63.494728055825
    ));
#1932 = CARTESIAN_POINT('',(-1.412572123956,4.258650504479,
    63.84220041844));
#1933 = CARTESIAN_POINT('',(-3.493894885479,3.568278970888,
    64.189679296395));
#1934 = CARTESIAN_POINT('',(-5.195948083963,1.733294575155,
    64.537192881563));
#1935 = CARTESIAN_POINT('',(-5.796973315722,-1.005360117534,
    64.884587318996));
#1936 = CARTESIAN_POINT('',(-4.764607926966,-3.89217994861,
    65.232224592724));
#1937 = CARTESIAN_POINT('',(-2.15731127917,-5.761803816333,
    65.579522210106));
#1938 = CARTESIAN_POINT('',(0.908388114495,-5.812936207156,
    65.927159484115));
#1939 = CARTESIAN_POINT('',(3.309073296133,-4.364833059576,
    66.274553921172));
#1940 = CARTESIAN_POINT('',(4.500845178305,-2.163904004397,
    66.622067506629));
#1941 = CARTESIAN_POINT('',(4.486721034275,2.888451755628E-02,
    66.969546384431));
#1942 = CARTESIAN_POINT('',(4.472585829343,2.221673268715,
    67.317018747293));
#1943 = CARTESIAN_POINT('',(3.252688734135,4.407067706276,
    67.664543435468));
#1944 = CARTESIAN_POINT('',(0.83332402958,5.824196015597,68.011921982603
    ));
#1945 = CARTESIAN_POINT('',(-2.231175895963,5.733435238277,
    68.359578791693));
#1946 = CARTESIAN_POINT('',(-4.814392468934,3.83068140044,
    68.706855511172));
#1947 = CARTESIAN_POINT('',(-5.80943789907,0.930486349939,
    69.054512320417));
#1948 = CARTESIAN_POINT('',(-5.173181717981,-1.799963542487,
    69.401890867376));
#1949 = CARTESIAN_POINT('',(-3.447672084305,-3.612991805638,
    69.749415555642));
#1950 = CARTESIAN_POINT('',(-1.357624320555,-4.276484576115,
    70.096887918492));
#1951 = CARTESIAN_POINT('',(0.732419290262,-4.939988011463,
    70.444366550141));
#1952 = CARTESIAN_POINT('',(3.187672107349,-4.454314062052,
    70.791881394738));
#1953 = CARTESIAN_POINT('',(5.282458102607,-2.590624697223,
    71.139272337396));
#1954 = CARTESIAN_POINT('',(6.142183124975,0.352232710519,
    71.486916495747));
#1955 = CARTESIAN_POINT('',(5.129827640281,3.396657658975,
    71.834203664205));
#1956 = CARTESIAN_POINT('',(2.67847574307,5.238434280016,72.181853588861
    ));
#1957 = CARTESIAN_POINT('',(-0.115029355589,5.476169060084,
    72.529235630468));
#1958 = CARTESIAN_POINT('',(-2.37218466392,4.39464394268,72.876759059476
    ));
#1959 = CARTESIAN_POINT('',(-3.648490329349,2.611509609783,
    73.224231668482));
#1960 = CARTESIAN_POINT('',(-4.92480469525,0.828382933633,
    73.571710300203));
#1961 = CARTESIAN_POINT('',(-5.220816214903,-1.656878171845,
    73.919225144563));
#1962 = CARTESIAN_POINT('',(-4.09484017634,-4.224687427017,
    74.266616087732));
#1963 = CARTESIAN_POINT('',(-1.561130328148,-5.950911991347,
    74.614260245281));
#1964 = CARTESIAN_POINT('',(1.647117649953,-5.927851070288,
    74.961547414692));
#1965 = CARTESIAN_POINT('',(4.155693336115,-4.164809588642,
    75.309197338475));
#1966 = CARTESIAN_POINT('',(5.24420151168,-1.581141939979,
    75.656579380696));
#1967 = CARTESIAN_POINT('',(4.912310806557,0.899643263124,
    76.004102809382));
#1968 = CARTESIAN_POINT('',(3.610281407763,2.664081883585,
    76.351575418501));
#1969 = CARTESIAN_POINT('',(2.308261977263,4.428526415576,
    76.699054050075));
#1970 = CARTESIAN_POINT('',(3.577309522825E-02,5.477306593053,
    77.046568894924));
#1971 = CARTESIAN_POINT('',(-2.754214936486,5.199038373911,
    77.393959837045));
#1972 = CARTESIAN_POINT('',(-5.17830738934,3.321989463711,
    77.741603996235));
#1973 = CARTESIAN_POINT('',(-6.146793813777,0.263326203601,
    78.088891163692));
#1974 = CARTESIAN_POINT('',(-5.244290970763,-2.66699048085,
    78.436541089272));
#1975 = CARTESIAN_POINT('',(-3.122854436194,-4.499937721264,
    78.78392313022));
#1976 = CARTESIAN_POINT('',(-0.660782605844,-4.950103212287,
    79.131446559586));
#1977 = CARTESIAN_POINT('',(1.419424259345,-4.2563715647,79.478919168448
    ));
#1978 = CARTESIAN_POINT('',(3.499633226351,-3.562651199096,
    79.826398046422));
#1979 = CARTESIAN_POINT('',(5.198730956567,-1.724929858145,
    80.173911631439));
#1980 = CARTESIAN_POINT('',(5.795347759469,1.014688590123,
    80.521306069262));
#1981 = CARTESIAN_POINT('',(4.758337597267,3.899843171982,80.86894334235
    ));
#1982 = CARTESIAN_POINT('',(2.148035312339,5.765268377474,
    81.216240960475));
#1983 = CARTESIAN_POINT('',(-0.917742403759,5.811466699273,
    81.563878233857));
#1984 = CARTESIAN_POINT('',(-3.316093868039,4.359501711952,
    81.911272671289));
#1985 = CARTESIAN_POINT('',(-4.504321983343,2.156657443658,
    82.258786256608));
#1986 = CARTESIAN_POINT('',(-4.486668736035,-3.610550666011E-02,
    82.606265134417));
#1987 = CARTESIAN_POINT('',(-4.469004266603,-2.228868253963,
    82.953737743555));
#1988 = CARTESIAN_POINT('',(-3.245592352989,-4.412298652111,
    83.301261172135));
#1989 = CARTESIAN_POINT('',(-0.823947740336,-5.825525465024,
    83.648643214605));
#1990 = CARTESIAN_POINT('',(2.240397643581,-5.729844321499,
    83.996293138032));
#1991 = CARTESIAN_POINT('',(4.820555368046,-3.822917874078,
    84.343580307796));
#1992 = CARTESIAN_POINT('',(5.810923602501,-0.921146426577,
    84.691224465062));
#1993 = CARTESIAN_POINT('',(5.170281903034,1.808296789667,
    85.038615408459));
#1994 = CARTESIAN_POINT('',(3.441850142134,3.618529063199,
    85.386130252631));
#1995 = CARTESIAN_POINT('',(1.350741343419,4.278667757466,85.73360888448
    ));
#1996 = CARTESIAN_POINT('',(-0.740371515335,4.938796020241,
    86.081081247065));
#1997 = CARTESIAN_POINT('',(-3.194833063252,4.449187731585,
    86.428605936026));
#1998 = CARTESIAN_POINT('',(-5.286624987312,2.582108521181,
    86.775984481654));
#1999 = CARTESIAN_POINT('',(-6.141604325649,-0.362107440449,
    87.123641292898));
#2000 = CARTESIAN_POINT('',(-5.124357221362,-3.404916727654,
    87.470918010003));
#2001 = CARTESIAN_POINT('',(-2.670039800703,-5.242734115872,
    87.818574821288));
#2002 = CARTESIAN_POINT('',(0.123842009474,-5.475978542117,
    88.165953366885));
#2003 = CARTESIAN_POINT('',(2.379254588446,-4.390819991202,
    88.51347805584));
#2004 = CARTESIAN_POINT('',(3.652688624486,-2.605634267751,
    88.860950418445));
#2005 = CARTESIAN_POINT('',(4.926131161042,-0.82045601388,
    89.208429296502));
#2006 = CARTESIAN_POINT('',(5.218144374922,1.665279512785,
    89.555942881197));
#2007 = CARTESIAN_POINT('',(4.088031803141,4.231269852013,
    89.903337319718));
#2008 = CARTESIAN_POINT('',(1.551557460996,5.953421109912,
    90.250974591722));
#2009 = CARTESIAN_POINT('',(-1.656665104563,5.925186569991,
    90.598272211137));
#2010 = CARTESIAN_POINT('',(-4.162380865953,4.158122394051,
    90.945909483317));
#2011 = CARTESIAN_POINT('',(-5.246748231838,1.572694094121,
    91.293303921627));
#2012 = CARTESIAN_POINT('',(-4.910850388703,-0.907544112438,
    91.640817506454));
#2013 = CARTESIAN_POINT('',(-3.605992463383,-2.669891066936,
    91.988296384461));
#2014 = CARTESIAN_POINT('',(-2.301125584361,-4.432231251911,
    92.33576899336));
#2015 = CARTESIAN_POINT('',(-2.696607198102E-02,-5.477364507835,
    92.683292422613));
#2016 = CARTESIAN_POINT('',(2.762587691395,-5.194588152534,
    93.030674463781));
#2017 = CARTESIAN_POINT('',(5.183640024611,-3.313664682525,93.3783243891
    ));
#2018 = CARTESIAN_POINT('',(6.147213543705,-0.253418216717,
    93.72561155674));
#2019 = CARTESIAN_POINT('',(5.239991152713,2.675413345553,
    94.073255715859));
#2020 = CARTESIAN_POINT('',(3.115606955176,4.504968982486,
    94.420646658013));
#2021 = CARTESIAN_POINT('',(0.652816445687,4.951152964026,
    94.768161502801));
#2022 = CARTESIAN_POINT('',(-1.42627374224,4.254085467793,
    95.115640134451));
#2023 = CARTESIAN_POINT('',(-3.505360629136,3.557007124844,
    95.463112743437));
#2024 = CARTESIAN_POINT('',(-5.201503039744,1.716570781268,
    95.810636172402));
#2025 = CARTESIAN_POINT('',(-5.793704138979,-1.024025963902,
    96.158018214159));
#2026 = CARTESIAN_POINT('',(-4.752057736952,-3.907485739541,
    96.505668138602));
#2027 = CARTESIAN_POINT('',(-2.138751746336,-5.768725691697,
    96.852955307242));
#2028 = CARTESIAN_POINT('',(0.927093168688,-5.809977806055,
    97.200599465463));
#2029 = CARTESIAN_POINT('',(3.323106318962,-4.354160840847,
    97.54799040826));
#2030 = CARTESIAN_POINT('',(4.507787007077,-2.149404866871,
    97.895505252681));
#2031 = CARTESIAN_POINT('',(4.486604816416,4.33264022416E-02,
    98.242983884494));
#2032 = CARTESIAN_POINT('',(4.46541144938,2.236058294784,98.59045624704)
  );
#2033 = CARTESIAN_POINT('',(3.238486241542,4.417514757914,
    98.937980936062));
#2034 = CARTESIAN_POINT('',(0.814572559802,5.826848180357,
    99.285359481608));
#2035 = CARTESIAN_POINT('',(-2.249619343307,5.726223738279,
    99.633016292945));
#2036 = CARTESIAN_POINT('',(-4.826697876836,3.815164801181,
    99.980293009968));
#2037 = CARTESIAN_POINT('',(-5.812402889445,0.911781880811,
    100.3279498213));
#2038 = CARTESIAN_POINT('',(-5.167361124743,-1.816605858029,
    100.67532836688));
#2039 = CARTESIAN_POINT('',(-3.436024583563,-3.624070591586,
    101.02285305583));
#2040 = CARTESIAN_POINT('',(-1.343851970453,-4.280832396435,
    101.37032541845));
#2041 = CARTESIAN_POINT('',(0.748316178859,-4.937604599759,
    101.71780429652));
#2042 = CARTESIAN_POINT('',(3.201994734953,-4.444031535602,
    102.06531788111));
#2043 = CARTESIAN_POINT('',(5.290766064228,-2.573605066299,
    102.41271231983));
#2044 = CARTESIAN_POINT('',(6.141023694802,0.371996571608,
    102.76034959164));
#2045 = CARTESIAN_POINT('',(5.118859298507,3.413159040715,
    103.10764721112));
#2046 = CARTESIAN_POINT('',(2.661609442681,5.247021201941,
    103.45528448342));
#2047 = CARTESIAN_POINT('',(-0.132663781198,5.475777026254,
    103.80267892148));
#2048 = CARTESIAN_POINT('',(-2.386312349919,4.386980878312,
    104.15019250656));
#2049 = CARTESIAN_POINT('',(-3.656880562766,2.599754700723,
    104.4976713844));
#2050 = CARTESIAN_POINT('',(-4.927439562938,0.812522111924,
    104.84514399358));
#2051 = CARTESIAN_POINT('',(-5.215465592543,-1.673668954883,
    105.19266742209));
#2052 = CARTESIAN_POINT('',(-4.081207357237,-4.237851263148,
    105.54004946461));
#2053 = CARTESIAN_POINT('',(-1.541982356849,-5.955903622583,
    105.88769938807));
#2054 = CARTESIAN_POINT('',(1.66620525242,-5.922517639151,
    106.23498655772));
#2055 = CARTESIAN_POINT('',(4.169064170798,-4.151415155383,
    106.58263071511));
#2056 = CARTESIAN_POINT('',(5.249273984404,-1.564248980586,
    106.93002165844));
#2057 = CARTESIAN_POINT('',(4.90938306227,0.915446846997,107.27753650261
    ));
#2058 = CARTESIAN_POINT('',(3.601690812443,2.675691171929,107.6250151345
    ));
#2059 = CARTESIAN_POINT('',(2.293989159944,4.435929422696,
    107.97248749698));
#2060 = CARTESIAN_POINT('',(1.815111901494E-02,5.477399046172,
    108.3200121862));
#2061 = CARTESIAN_POINT('',(-2.770945551592,5.19013958612,
    108.66739073136));
#2062 = CARTESIAN_POINT('',(-5.188964346841,3.305310044928,
    109.01504754324));
#2063 = CARTESIAN_POINT('',(-6.147616251284,0.24353497885,
    109.36232425967));
#2064 = CARTESIAN_POINT('',(-5.23567542616,-2.683854761031,
    109.70998107151));
#2065 = CARTESIAN_POINT('',(-3.108355217743,-4.509967369752,
    110.05735961676));
#2066 = CARTESIAN_POINT('',(-0.64484522227,-4.952204280091,
    110.40488430587));
#2067 = CARTESIAN_POINT('',(1.433117482425,-4.251780615955,
    110.75235666844));
#2068 = CARTESIAN_POINT('',(3.511082698613,-3.55136798587,
    111.09983554654));
#2069 = CARTESIAN_POINT('',(5.204256296716,-1.708187041638,
    111.44734913107));
#2070 = CARTESIAN_POINT('',(5.792051617091,1.033337625986,
    111.79474356991));
#2071 = CARTESIAN_POINT('',(4.745759978618,3.915139294631,
    112.14238084149));
#2072 = CARTESIAN_POINT('',(2.12946671074,5.772152690277,112.4896784613)
  );
#2073 = CARTESIAN_POINT('',(-0.936443826405,5.808482528207,
    112.83731573326));
#2074 = CARTESIAN_POINT('',(-3.330109225318,4.348805154031,
    113.18471017156));
#2075 = CARTESIAN_POINT('',(-4.511240582597,2.142147582184,
    113.53222375655));
#2076 = CARTESIAN_POINT('',(-4.486529275067,-5.054718559669E-02,
    113.87970263438));
#2077 = CARTESIAN_POINT('',(-4.461806746274,-2.243241714239,
    114.22717524364));
#2078 = CARTESIAN_POINT('',(-3.231373058406,-4.422722834845,
    114.57469867196));
#2079 = CARTESIAN_POINT('',(-0.805192041439,-5.828147441245,
    114.92208071485));
#2080 = CARTESIAN_POINT('',(2.258829485977,-5.722603158338,
    115.26973063774));
#2081 = CARTESIAN_POINT('',(4.832835753766,-3.807381475785,
    115.61701780804));
#2082 = CARTESIAN_POINT('',(5.813858521502,-0.902437225176,
    115.96466196488));
#2083 = CARTESIAN_POINT('',(5.164434501659,1.824929728952,
    116.31205290856));
#2084 = CARTESIAN_POINT('',(3.430184847853,3.629589080166,
    116.65956775258));
#2085 = CARTESIAN_POINT('',(1.336962001702,4.282993411381,117.0070463845
    ));
#2086 = CARTESIAN_POINT('',(-0.756264525582,4.936387017885,
    117.35451899322));
#2087 = CARTESIAN_POINT('',(-3.20913915443,4.438882180425,117.7020424229
    ));
#2088 = CARTESIAN_POINT('',(-5.294905511289,2.565075526025,
    118.04942446333));
#2089 = CARTESIAN_POINT('',(-6.140413120449,-0.381869395844,
    118.39707438958));
#2090 = CARTESIAN_POINT('',(-5.113362313019,-3.421400445576,
    118.74436155637));
#2091 = CARTESIAN_POINT('',(-2.653159715312,-5.251293875905,
    119.09200571601));
#2092 = CARTESIAN_POINT('',(0.141475786912,-5.475558130041,
    119.43939665802));
#2093 = CARTESIAN_POINT('',(2.393369921415,-4.383134198579,
    119.78691150271));
#2094 = CARTESIAN_POINT('',(3.661059928664,-2.593865870664,
    120.13439013452));
#2095 = CARTESIAN_POINT('',(4.928741244423,-0.804590488531,
    120.48186249695));
#2096 = CARTESIAN_POINT('',(5.212763665115,1.682059673684,
    120.82938718624));
#2097 = CARTESIAN_POINT('',(4.074385339046,4.244416601043,
    121.17676573131));
#2098 = CARTESIAN_POINT('',(1.53238813065,5.958373276377,121.52442254332
    ));
#2099 = CARTESIAN_POINT('',(-1.675725766229,5.919834289735,
    121.87169925958));
#2100 = CARTESIAN_POINT('',(-4.175750153029,4.144693499501,
    122.21935607161));
#2101 = CARTESIAN_POINT('',(-5.251775951732,1.555804354074,
    122.56673461667));
#2102 = CARTESIAN_POINT('',(-4.907909502129,-0.923350915038,
    122.91425930594));
#2103 = CARTESIAN_POINT('',(-3.597376476222,-2.681482167089,
    123.2617316684));
#2104 = CARTESIAN_POINT('',(-2.286853045578,-4.439619659291,
    123.60921030019));
#2105 = CARTESIAN_POINT('',(-9.326880044831E-03,-5.477415470403,
    123.95672514484));
#2106 = CARTESIAN_POINT('',(2.779285083205,-5.185679739496,
    124.30411608702));
#2107 = CARTESIAN_POINT('',(5.194286421588,-3.296948586186,
    124.65176024636));
#2108 = CARTESIAN_POINT('',(6.147993570939,-0.233644886094,
    124.99904741351));
#2109 = CARTESIAN_POINT('',(5.231352949752,2.69228013557,125.34669733943
    ));
#2110 = CARTESIAN_POINT('',(3.101091217852,4.514963187057,
    125.69407938011));
#2111 = CARTESIAN_POINT('',(0.636874574626,4.95323593643,126.04160280963
    ));
#2112 = CARTESIAN_POINT('',(-1.439958534656,4.249468618908,
    126.38907541843));
#2113 = CARTESIAN_POINT('',(-3.51679380023,3.545712573325,
    126.73655429646));
#2114 = CARTESIAN_POINT('',(-5.206998750103,1.699808986474,
    127.08406788136));
#2115 = CARTESIAN_POINT('',(-5.790381039643,-1.042658142622,
    127.43146231934));
#2116 = CARTESIAN_POINT('',(-4.739452721478,-3.922772152346,
    127.77909959226));
#2117 = CARTESIAN_POINT('',(-2.120174125345,-5.775572425638,
    128.12639721054));
#2118 = CARTESIAN_POINT('',(0.945790912547,-5.806967871985,
    128.4740344838));
#2119 = CARTESIAN_POINT('',(3.337103973732,-4.343439971634,
    128.82142892133));
#2120 = CARTESIAN_POINT('',(4.514682359018,-2.134884319042,
    129.16894250658));
#2121 = CARTESIAN_POINT('',(4.486442112808,5.776783802771E-02,
    129.51642138442));
#2122 = CARTESIAN_POINT('',(4.458190645437,2.250419737911,
    129.86389399351));
#2123 = CARTESIAN_POINT('',(3.224250847375,4.427917748899,
    130.21141742225));
#2124 = CARTESIAN_POINT('',(0.795811050707,5.82943578708,130.55879946437
    ));
#2125 = CARTESIAN_POINT('',(-2.268036642178,5.718960336844,
    130.90644938837));
#2126 = CARTESIAN_POINT('',(-4.838957177491,3.799598474545,
    131.2537365574));
#2127 = CARTESIAN_POINT('',(-5.815303394035,0.893079105162,
    131.60138071539));
#2128 = CARTESIAN_POINT('',(-5.161490731315,-1.833239118264,
    131.94877165824));
#2129 = CARTESIAN_POINT('',(-3.424338865762,-3.63510499383,
    132.29628650272));
#2130 = CARTESIAN_POINT('',(-1.330067127305,-4.285139600061,
    132.64376513445));
#2131 = CARTESIAN_POINT('',(0.764208620607,-4.935163755764,
    132.99123749718));
#2132 = CARTESIAN_POINT('',(3.216277608916,-4.433710422812,
    133.33876218575));
#2133 = CARTESIAN_POINT('',(5.299030427579,-2.556553284567,
    133.68614073209));
#2134 = CARTESIAN_POINT('',(6.139784394654,0.391756412819,
    134.03379754236));
#2135 = CARTESIAN_POINT('',(5.107857706291,3.42961871038,134.38107426049
    ));
#2136 = CARTESIAN_POINT('',(2.644695455227,5.255564622201,
    134.72873107093));
#2137 = CARTESIAN_POINT('',(-0.150279952191,5.475316773902,
    135.07610961707));
#2138 = CARTESIAN_POINT('',(-2.400426826241,4.379281178726,
    135.42363430576));
#2139 = CARTESIAN_POINT('',(-3.665226698665,2.587967807474,
    135.77110666847));
#2140 = CARTESIAN_POINT('',(-4.93003510743,0.796661864542,
    136.11858554651));
#2141 = CARTESIAN_POINT('',(-5.210043168208,-1.690454600854,
    136.46609913106));
#2142 = CARTESIAN_POINT('',(-4.067554530119,-4.25095856557,
    136.81349357002));
#2143 = CARTESIAN_POINT('',(-1.522794778492,-5.960843022426,
    137.16113084128));
#2144 = CARTESIAN_POINT('',(1.685254068516,-5.917118713861,
    137.50842846158));
#2145 = CARTESIAN_POINT('',(4.182408797504,-4.137976917493,
    137.85606573299));
#2146 = CARTESIAN_POINT('',(5.254280433737,-1.547343157488,
    138.20346017177));
#2147 = CARTESIAN_POINT('',(4.906411298864,0.93124434073,138.55097375643
    ));
#2148 = CARTESIAN_POINT('',(3.593059533771,2.687270574695,
    138.89845263443));
#2149 = CARTESIAN_POINT('',(2.27969873204,4.443290425307,139.24592499721
    ));
#2150 = CARTESIAN_POINT('',(5.201564869305E-04,5.477429095877,
    139.59344968568));
#2151 = CARTESIAN_POINT('',(-2.78763742112,5.181193470189,
    139.94082823223));
#2152 = CARTESIAN_POINT('',(-5.199576729233,3.288590479496,
    140.28848504211));
#2153 = CARTESIAN_POINT('',(-6.148368302281,0.223745527048,
    140.63576176082));
#2154 = CARTESIAN_POINT('',(-5.227009406363,-2.700693654504,
    140.98341857061));
#2155 = CARTESIAN_POINT('',(-3.093822254059,-4.51994930294,
    141.3307971173));
#2156 = CARTESIAN_POINT('',(-0.628901531651,-4.954254278114,
    141.67832180565));
#2157 = CARTESIAN_POINT('',(1.446795857071,-4.24714561483,
    142.02579416849));
#2158 = CARTESIAN_POINT('',(3.522496236547,-3.540047998895,
    142.37327280019));
#2159 = CARTESIAN_POINT('',(5.209725888934,-1.691426436089,
    142.72078764455));
#2160 = CARTESIAN_POINT('',(5.788699938865,1.051975732639,
    143.06817858774));
#2161 = CARTESIAN_POINT('',(4.733125248338,3.930395249258,
    143.41582274529));
#2162 = CARTESIAN_POINT('',(2.110886950065,5.778976652347,
    143.76310991465));
#2163 = CARTESIAN_POINT('',(-0.955147458475,5.805438772834,
    144.11075983852));
#2164 = CARTESIAN_POINT('',(-3.34407963626,4.338063014309,
    144.45814188065));
#2165 = CARTESIAN_POINT('',(-4.518119749786,2.127615892954,
    144.8056653094));
#2166 = CARTESIAN_POINT('',(-4.486339333458,-6.498854146122E-02,
    145.15313791848));
#2167 = CARTESIAN_POINT('',(-4.454570463703,-2.257591980938,
    145.50061655002));
#2168 = CARTESIAN_POINT('',(-3.217109190954,-4.433100008205,
    145.8481313951));
#2169 = CARTESIAN_POINT('',(-0.786441504484,-5.830712623098,
    146.1955223367));
#2170 = CARTESIAN_POINT('',(2.27725165709,-5.715295818918,
    146.54316649665));
#2171 = CARTESIAN_POINT('',(4.845054240034,-3.79181543535,146.8904536633
    ));
#2172 = CARTESIAN_POINT('',(5.816741924901,-0.883707751289,
    147.23810358953));
#2173 = CARTESIAN_POINT('',(5.158528041703,1.841534079535,
    147.58548563008));
#2174 = CARTESIAN_POINT('',(3.418487063183,3.640618307976,
    147.93300905963));
#2175 = CARTESIAN_POINT('',(1.323167383223,4.287270950207,
    148.28048166842));
#2176 = CARTESIAN_POINT('',(-0.772147439202,4.933933989867,
    148.62796054637));
#2177 = CARTESIAN_POINT('',(-3.223414301074,4.428519709885,
    148.97547413163));
#2178 = CARTESIAN_POINT('',(-5.303130401007,2.548029932791,
    149.32286856887));
#2179 = CARTESIAN_POINT('',(-6.139156021019,-0.401642623641,
    149.67050584283));
#2180 = CARTESIAN_POINT('',(-5.102320053993,-3.437834382797,
    150.01780346007));
#2181 = CARTESIAN_POINT('',(-2.636244494733,-5.259810954417,
    150.36544073402));
#2182 = CARTESIAN_POINT('',(0.159100647497,-5.475072666514,
    150.71283517132));
#2183 = CARTESIAN_POINT('',(2.407465969266,-4.375408033972,
    151.06034875648));
#2184 = CARTESIAN_POINT('',(3.669390200222,-2.582068069355,
    151.40782763452));
#2185 = CARTESIAN_POINT('',(4.931305558721,-0.788721493978,
    151.75529999694));
#2186 = CARTESIAN_POINT('',(5.207322380662,1.698830008715,
    152.10282468628));
#2187 = CARTESIAN_POINT('',(4.060702136443,4.257509404913,152.4502032312
    ));
#2188 = CARTESIAN_POINT('',(1.513201145657,5.96327492045,152.79786004346
    ));
#2189 = CARTESIAN_POINT('',(-1.694772080801,5.914409729988,
    153.14513675947));
#2190 = CARTESIAN_POINT('',(-4.189069623348,4.131230959145,
    153.49279357164));
#2191 = CARTESIAN_POINT('',(-5.256756629353,1.53889167093,
    153.84017211672));
#2192 = CARTESIAN_POINT('',(-4.904911958453,-0.93914390391,
    154.18769680587));
#2193 = CARTESIAN_POINT('',(-3.588726579808,-2.693047652815,
    154.53516916846));
#2194 = CARTESIAN_POINT('',(-2.272550892975,-4.446957243833,
    154.88264804667));
#2195 = CARTESIAN_POINT('',(8.304570050906E-03,-5.477418881399,
    155.23016163064));
#2196 = CARTESIAN_POINT('',(2.795961377481,-5.176702478859,
    155.57755607066));
#2197 = CARTESIAN_POINT('',(5.204873948803,-3.280219606128,
    155.92519334062));
#2198 = CARTESIAN_POINT('',(6.148710921445,-0.213843734832,
    156.27249096201));
#2199 = CARTESIAN_POINT('',(5.222662960008,2.709093562296,
    156.62012823287));
#2200 = CARTESIAN_POINT('',(3.086539469544,4.524931803321,
    156.96752267168));
#2201 = CARTESIAN_POINT('',(0.620929523117,4.955253211,157.31503625656)
  );
#2202 = CARTESIAN_POINT('',(-1.453630480869,4.244815470485,
    157.66251513434));
#2203 = CARTESIAN_POINT('',(-3.528186742289,3.53436714893,
    158.00998774376));
#2204 = CARTESIAN_POINT('',(-5.212445928731,1.683049777347,
    158.35751117169));
#2205 = CARTESIAN_POINT('',(-5.7869917666,-1.061302554963,
    158.70489321528));
#2206 = CARTESIAN_POINT('',(-4.726804258549,-3.937996834028,
    159.05254313723));
#2207 = CARTESIAN_POINT('',(-2.10157041597,-5.782374676621,
    159.39983030848));
#2208 = CARTESIAN_POINT('',(0.964476533493,-5.803889116355,
    159.74747446464));
#2209 = CARTESIAN_POINT('',(3.351068002034,-4.332677634218,
    160.0948654086));
#2210 = CARTESIAN_POINT('',(4.521530703669,-2.120340792951,
    160.44238025264));
#2211 = CARTESIAN_POINT('',(4.486232925506,7.22086752772E-02,
    160.78985888442));
#2212 = CARTESIAN_POINT('',(4.450923810109,2.264758279232,
    161.13733149346));
#2213 = CARTESIAN_POINT('',(3.209981388573,4.438273155775,
    161.48485492242));
#2214 = CARTESIAN_POINT('',(0.777042910001,5.831967175811,
    161.83223696404));
#2215 = CARTESIAN_POINT('',(-2.286433306732,5.71163026406,
    162.17988688881));
#2216 = CARTESIAN_POINT('',(-4.851162407023,3.78400296524,
    162.52717405701));
#2217 = CARTESIAN_POINT('',(-5.818147945963,0.874355950782,
    162.87481821563));
#2218 = CARTESIAN_POINT('',(-5.155563090139,-1.849843630705,
    163.22220915817));
#2219 = CARTESIAN_POINT('',(-3.412620306951,-3.646108558982,
    163.5697240027));
#2220 = CARTESIAN_POINT('',(-1.316267060879,-4.289398673505,
    163.91720263449));
#2221 = CARTESIAN_POINT('',(0.780089814355,-4.93267804598,164.2646752433
    ));
#2222 = CARTESIAN_POINT('',(3.230533775578,-4.423335918604,
    164.61219867265));
#2223 = CARTESIAN_POINT('',(5.30722861544,-2.539480507196,
    164.95958071386));
#2224 = CARTESIAN_POINT('',(6.138497787913,0.411512385952,165.3072306388
    ));
#2225 = CARTESIAN_POINT('',(5.096783338224,3.446049150618,
    165.65451780725));
#2226 = CARTESIAN_POINT('',(2.62777423844,5.26404278061,166.00216196524)
  );
#2227 = CARTESIAN_POINT('',(-0.167911494691,5.474811226927,
    166.34955290857));
#2228 = CARTESIAN_POINT('',(-2.414504885451,4.371527323083,
    166.69706775241));
#2229 = CARTESIAN_POINT('',(-3.673541084678,2.576159128933,
    167.04454638465));
#2230 = CARTESIAN_POINT('',(-4.932568185227,0.780784165361,
    167.39201899271));
#2231 = CARTESIAN_POINT('',(-5.204583033537,-1.707209589012,
    167.739542424));
#2232 = CARTESIAN_POINT('',(-4.053841000658,-4.264036816993,
    168.08692446164));
#2233 = CARTESIAN_POINT('',(-1.503608410331,-5.96570693555,
    168.43457439152));
#2234 = CARTESIAN_POINT('',(1.704297794103,-5.911668479753,
    168.78186155469));
#2235 = CARTESIAN_POINT('',(4.195703119582,-4.124490170687,
    169.12950571706));
#2236 = CARTESIAN_POINT('',(5.259235289211,-1.530423603067,
    169.4768966576));
#2237 = CARTESIAN_POINT('',(4.903388008773,0.947032744666,
    169.82441150276));
#2238 = CARTESIAN_POINT('',(3.584391027907,2.698822135034,
    170.17189013459));
#2239 = CARTESIAN_POINT('',(2.265384683215,4.45060539053,170.51936249671
    ));
#2240 = CARTESIAN_POINT('',(-1.7110809013E-02,5.477402395113,
    170.86688718676));
#2241 = CARTESIAN_POINT('',(-2.804300412034,5.172193671734,
    171.21426573047));
#2242 = CARTESIAN_POINT('',(-5.210135234304,3.27183684011,
    171.56192254433));
#2243 = CARTESIAN_POINT('',(-6.149056654446,0.203953759565,
    171.90919925864));
#2244 = CARTESIAN_POINT('',(-5.218289227193,-2.717504569209,
    172.25685607227));
#2245 = CARTESIAN_POINT('',(-3.079257236538,-4.529884402901,
    172.60423461633));
#2246 = CARTESIAN_POINT('',(-0.612951324687,-4.956252946448,
    172.95175930608));
#2247 = CARTESIAN_POINT('',(1.460459241463,-4.242466608883,
    173.29923166836));
#2248 = CARTESIAN_POINT('',(3.53387283424,-3.528691310188,
    173.64671030018));
#2249 = CARTESIAN_POINT('',(5.215143329854,-1.674648403526,
    173.99422514499));
#2250 = CARTESIAN_POINT('',(5.785283810662,1.070603179602,
    174.34161608667));
#2251 = CARTESIAN_POINT('',(4.720449415557,3.945610056195,
    174.68926024683));
#2252 = CARTESIAN_POINT('',(2.092274419666,5.785741321661,
    175.03654741305));
#2253 = CARTESIAN_POINT('',(-0.973829287596,5.802334231258,
    175.38419733975));
#2254 = CARTESIAN_POINT('',(-3.358025838909,4.327276485835,
    175.73157937994));
#2255 = CARTESIAN_POINT('',(-4.524944798189,2.113061769227,
    176.0791028097));
#2256 = CARTESIAN_POINT('',(-4.486106904263,-7.942901048942E-02,
    176.42657541841));
#2257 = CARTESIAN_POINT('',(-4.447280404439,-2.271918416384,
    176.77405429647));
#2258 = CARTESIAN_POINT('',(-3.202823732898,-4.443434112122,
    177.12156788139));
#2259 = CARTESIAN_POINT('',(-0.76766772232,-5.8332096532,177.46896231927
    ));
#2260 = CARTESIAN_POINT('',(2.295633673611,-5.707943543085,
    177.81659959238));
#2261 = CARTESIAN_POINT('',(4.857238238169,-3.776190125501,
    178.16389721041));
#2262 = CARTESIAN_POINT('',(5.819552095074,-0.86499117425,
    178.51153448393));
#2263 = CARTESIAN_POINT('',(5.152577406643,1.858138795863,
    178.85892892121));
#2264 = CARTESIAN_POINT('',(3.40674820494,3.651596161714,179.20644250666
    ));
#2265 = CARTESIAN_POINT('',(1.309361904481,4.291511546884,
    179.55392138438));
#2266 = CARTESIAN_POINT('',(-0.788027563302,4.931416164739,
    179.90139399364));
#2267 = CARTESIAN_POINT('',(-3.237648605242,4.41813089702,
    180.24891742202));
#2268 = CARTESIAN_POINT('',(-5.311308836273,2.530935651064,
    180.59629946464));
#2269 = CARTESIAN_POINT('',(-6.137827541933,-0.42139128721,
    180.94394938815));
#2270 = CARTESIAN_POINT('',(-5.091230589974,-3.454247559757,
    181.29123655748));
#2271 = CARTESIAN_POINT('',(-2.619298770153,-5.268265161443,
    181.63888071545));
#2272 = CARTESIAN_POINT('',(0.176722557068,-5.474533895092,
    181.98627165809));
#2273 = CARTESIAN_POINT('',(2.421537390293,-4.367635705275,
    182.33378650289));
#2274 = CARTESIAN_POINT('',(3.677682453123,-2.570243515164,
    182.68126513433));
#2275 = CARTESIAN_POINT('',(4.933818409621,-0.772844572751,
    183.0287377438));
#2276 = CARTESIAN_POINT('',(5.201828669545,1.715583750269,
    183.37626117158));
#2277 = CARTESIAN_POINT('',(4.04697312057,4.270555629119,183.72364321546
    ));
#2278 = CARTESIAN_POINT('',(1.494005121672,5.968119156188,
    184.07129313705));
#2279 = CARTESIAN_POINT('',(-1.713809954222,5.908917883316,
    184.4185803086));
#2280 = CARTESIAN_POINT('',(-4.202335729136,4.117732176798,
    184.76622446461));
#2281 = CARTESIAN_POINT('',(-5.261691575653,1.521957291837,
    185.11361540857));
#2282 = CARTESIAN_POINT('',(-4.901857483114,-0.95492313748,
    185.46113025269));
#2283 = CARTESIAN_POINT('',(-3.580042842298,-2.704587436464,
    185.80860888439));
#2284 = CARTESIAN_POINT('',(-2.258218966917,-4.454245157798,
    186.15608149357));
#2285 = CARTESIAN_POINT('',(2.592672484726E-02,-5.477369525948,
    186.50360492219));
#2286 = CARTESIAN_POINT('',(2.812619829333,-5.167669350605,
    186.85098696436));
#2287 = CARTESIAN_POINT('',(5.215396364722,-3.263454964377,
    187.19863688846));
#2288 = CARTESIAN_POINT('',(6.149374039261,-0.194046541797,
    187.5459240573));
#2289 = CARTESIAN_POINT('',(5.213912023369,2.725887977034,
    187.89356821543));
#2290 = CARTESIAN_POINT('',(3.071959979407,4.534844442807,
    188.24095915828));
#2291 = CARTESIAN_POINT('',(0.604975771029,4.957225968108,
    188.58847400265));
#2292 = CARTESIAN_POINT('',(-1.46728632964,4.24011447758,188.93595263451
    ));
#2293 = CARTESIAN_POINT('',(-3.539545024413,3.522992171851,
    189.28342524323));
#2294 = CARTESIAN_POINT('',(-5.217836393142,1.666263034248,
    189.63094867277));
#2295 = CARTESIAN_POINT('',(-5.783545624522,-1.079924457026,
    189.9783307137));
#2296 = CARTESIAN_POINT('',(-4.714103991894,-3.953191253565,
    190.32598063892));
#2297 = CARTESIAN_POINT('',(-2.082946994171,-5.789109341373,
    190.6732678072));
#2298 = CARTESIAN_POINT('',(0.983153324226,-5.800754553059,
    191.02091196522));
#2299 = CARTESIAN_POINT('',(3.364996835424,-4.321868639665,
    191.3683029086));
#2300 = CARTESIAN_POINT('',(4.528332315941,-2.10577572747,
    191.71581775239));
#2301 = CARTESIAN_POINT('',(4.485977256979,8.664876438714E-02,
    192.06329638465));
#2302 = CARTESIAN_POINT('',(4.443610857666,2.279073355554,
    192.41076899268));
#2303 = CARTESIAN_POINT('',(3.195678673846,4.448582577406,
    192.75829242405));
#2304 = CARTESIAN_POINT('',(0.758266714949,5.834438141246,
    193.10567446157));
#2305 = CARTESIAN_POINT('',(-2.304806278424,5.704241010962,
    193.45332439158));
#2306 = CARTESIAN_POINT('',(-4.863317375902,3.768368252578,
    193.80061155468));
#2307 = CARTESIAN_POINT('',(-5.820932215606,0.85562373548,
    194.14825571702));
#2308 = CARTESIAN_POINT('',(-5.149582032485,-1.866428976267,
    194.49564665765));
#2309 = CARTESIAN_POINT('',(-3.400866390156,-3.657074347043,
    194.84316150272));
#2310 = CARTESIAN_POINT('',(-1.302453356708,-4.293613304819,
    195.19064013461));
#2311 = CARTESIAN_POINT('',(0.795963619351,-4.930141785091,
    195.53811249666));
#2312 = CARTESIAN_POINT('',(3.244753616243,-4.412913294903,
    195.88563718685));
#2313 = CARTESIAN_POINT('',(5.315378807149,-2.522387027327,
    196.23301573036));
#2314 = CARTESIAN_POINT('',(6.137135175569,0.431274048249,196.5806725444
    ));
#2315 = CARTESIAN_POINT('',(5.085673195381,3.462430219365,
    196.92794925866));
#2316 = CARTESIAN_POINT('',(2.61080718907,5.272481329038,197.27560607217
    ));
#2317 = CARTESIAN_POINT('',(-0.185524985039,5.47423586567,
    197.62298461645));
#2318 = CARTESIAN_POINT('',(-2.428569344583,4.363737335442,
    197.97050930598));
#2319 = CARTESIAN_POINT('',(-3.68181116735,2.564318750144,
    198.31798166842));
#2320 = CARTESIAN_POINT('',(-4.935061574768,0.764907538558,
    198.66546054664));
#2321 = CARTESIAN_POINT('',(-5.199052658716,-1.723959982226,
    199.01297413081));
#2322 = CARTESIAN_POINT('',(-4.040104079655,-4.277055951004,
    199.36036857041));
#2323 = CARTESIAN_POINT('',(-1.484389429092,-5.970522716174,
    199.70800584082));
#2324 = CARTESIAN_POINT('',(1.723311458566,-5.906147031478,
    200.05530346196));
#2325 = CARTESIAN_POINT('',(4.20896095851,-4.110966306557,
    200.40294073279));
#2326 = CARTESIAN_POINT('',(5.264132801717,-1.513485899346,
    200.75033517178));
#2327 = CARTESIAN_POINT('',(4.900314608225,0.96281077981,201.09784875651
    ));
#2328 = CARTESIAN_POINT('',(3.575685383756,2.710345732549,
    201.44532763435));
#2329 = CARTESIAN_POINT('',(2.251047164693,4.457874244388,
    201.79279999748));
#2330 = CARTESIAN_POINT('',(-3.47416013525E-02,5.477318941622,
    202.14032468513));
#2331 = CARTESIAN_POINT('',(-2.820934341074,5.163140285245,
    202.48770323304));
#2332 = CARTESIAN_POINT('',(-5.220639765195,3.255049302798,
    202.83536004121));
#2333 = CARTESIAN_POINT('',(-6.149681289903,0.184159875193,
    203.18263676159));
#2334 = CARTESIAN_POINT('',(-5.209514985584,-2.734287323576,
    203.53029357009));
#2335 = CARTESIAN_POINT('',(-3.064660313283,-4.539772572214,
    203.87767211757));
#2336 = CARTESIAN_POINT('',(-0.596994767449,-4.958200261646,
    204.22519680554));
#2337 = CARTESIAN_POINT('',(1.474107494207,-4.237743647459,
    204.57266916852));
#2338 = CARTESIAN_POINT('',(1.902596695462,-5.551115123126E-16,1.525));
#2339 = CARTESIAN_POINT('',(1.902596624243,0.929862247943,1.872456491762
    ));
#2340 = CARTESIAN_POINT('',(1.391255187425,1.859838274333,2.220045467042
    ));
#2341 = CARTESIAN_POINT('',(0.369302241888,2.467413925515,2.5672658575)
  );
#2342 = CARTESIAN_POINT('',(-0.930506847751,2.437239469187,
    2.915184595909));
#2343 = CARTESIAN_POINT('',(-2.030939556371,1.637460561152,
    3.262157660229));
#2344 = CARTESIAN_POINT('',(-2.460901242004,0.410451180014,
    3.610061366512));
#2345 = CARTESIAN_POINT('',(-2.198493190834,-0.749148304496,
    3.957304961182));
#2346 = CARTESIAN_POINT('',(-1.471794501388,-1.522608484208,
    4.304871557518));
#2347 = CARTESIAN_POINT('',(-0.587352239309,-1.809666138425,
    4.652343750001));
#2348 = CARTESIAN_POINT('',(0.297091778355,-2.096724633795,
    4.999800241754));
#2349 = CARTESIAN_POINT('',(1.339500643676,-1.897452879207,
    5.347389217068));
#2350 = CARTESIAN_POINT('',(2.232887790592,-1.112981464488,
    5.694609607447));
#2351 = CARTESIAN_POINT('',(2.605452343723,0.132654847238,6.042528345987
    ));
#2352 = CARTESIAN_POINT('',(2.184453403477,1.426238373821,6.389501410144
    ));
#2353 = CARTESIAN_POINT('',(1.150109985151,2.213990089444,6.737405116583
    ));
#2354 = CARTESIAN_POINT('',(-3.385815854777E-02,2.322380054461,
    7.084648711137));
#2355 = CARTESIAN_POINT('',(-0.99387916749,1.86995183118,7.432215307542)
  );
#2356 = CARTESIAN_POINT('',(-1.539952679687,1.117327136477,
    7.779687499992));
#2357 = CARTESIAN_POINT('',(-2.086027577988,0.364701092148,
    8.127143349918));
#2358 = CARTESIAN_POINT('',(-2.218291765358,-0.688309948572,
    8.474735608404));
#2359 = CARTESIAN_POINT('',(-1.747936052854,-1.780234411891,
    8.821946887669));
#2360 = CARTESIAN_POINT('',(-0.678155169175,-2.519144532511,
    9.169883575144));
#2361 = CARTESIAN_POINT('',(0.682209548872,-2.518049590427,
    9.516829397978));
#2362 = CARTESIAN_POINT('',(1.750799566508,-1.777418319934,
    9.864766085466));
#2363 = CARTESIAN_POINT('',(2.219396916043,-0.684738103915,
    10.211977364715));
#2364 = CARTESIAN_POINT('',(2.085437788057,0.368058656643,
    10.559569623212));
#2365 = CARTESIAN_POINT('',(1.538152038023,1.119804667576,
    10.907025473135));
#2366 = CARTESIAN_POINT('',(0.990867605059,1.871549307878,
    11.254498307474));
#2367 = CARTESIAN_POINT('',(3.011989593041E-02,2.322431644979,
    11.602061620516));
#2368 = CARTESIAN_POINT('',(-1.153673240315,2.212135567281,
    11.94931432656));
#2369 = CARTESIAN_POINT('',(-2.186745224548,1.422720460752,
    12.297200083522));
#2370 = CARTESIAN_POINT('',(-2.605664260256,0.128459910227,
    12.644200389597));
#2371 = CARTESIAN_POINT('',(-2.231091337232,-1.116573848181,
    12.992086146584));
#2372 = CARTESIAN_POINT('',(-1.336446108167,-1.89960726308,
    13.339338852594));
#2373 = CARTESIAN_POINT('',(-0.293714964814,-2.097199785888,
    13.686902165662));
#2374 = CARTESIAN_POINT('',(0.590263994701,-1.808718497208,
    14.034374999988));
#2375 = CARTESIAN_POINT('',(1.474244824518,-1.520236794747,
    14.381831491801));
#2376 = CARTESIAN_POINT('',(2.199694629542,-0.745609106711,
    14.729420466958));
#2377 = CARTESIAN_POINT('',(2.460239227285,0.41441352557,15.076640857629
    ));
#2378 = CARTESIAN_POINT('',(2.028299234526,1.640725887856,
    15.424559595757));
#2379 = CARTESIAN_POINT('',(0.926583502461,2.438736472853,
    15.771532660368));
#2380 = CARTESIAN_POINT('',(-0.373274461087,2.466813991908,
    16.119436366413));
#2381 = CARTESIAN_POINT('',(-1.394247017755,1.857598112025,
    16.466679961235));
#2382 = CARTESIAN_POINT('',(-1.90409109813,0.926797033074,16.8142465575)
  );
#2383 = CARTESIAN_POINT('',(-1.902594231371,-3.062080543416E-03,
    17.161718750004));
#2384 = CARTESIAN_POINT('',(-1.901097690862,-0.932923101087,
    17.509174599869));
#2385 = CARTESIAN_POINT('',(-1.388259828142,-1.862075076661,
    17.85676685852));
#2386 = CARTESIAN_POINT('',(-0.365331372149,-2.468004861141,
    18.20397813748));
#2387 = CARTESIAN_POINT('',(0.934429463243,-2.435739146042,
    18.55191482537));
#2388 = CARTESIAN_POINT('',(2.033570540927,-1.634189237278,
    18.898860647777));
#2389 = CARTESIAN_POINT('',(2.461560555424,-0.40649063742,
    19.246797335603));
#2390 = CARTESIAN_POINT('',(2.197282972039,0.75268617803,19.594008614645
    ));
#2391 = CARTESIAN_POINT('',(1.469343248913,1.524974871752,
    19.941600873239));
#2392 = CARTESIAN_POINT('',(0.584438321234,1.810609299178,
    20.289056723127));
#2393 = CARTESIAN_POINT('',(-0.300464734942,2.0962433937,20.636529557477
    ));
#2394 = CARTESIAN_POINT('',(-1.342554386722,1.895295141243,
    20.98409287052));
#2395 = CARTESIAN_POINT('',(-2.234674243827,1.109385747796,
    21.331345576558));
#2396 = CARTESIAN_POINT('',(-2.605237221547,-0.136847382325,
    21.679231333511));
#2397 = CARTESIAN_POINT('',(-2.182153880925,-1.429752644901,
    22.026231639619));
#2398 = CARTESIAN_POINT('',(-1.146545970002,-2.215838002253,
    22.374117396566));
#2399 = CARTESIAN_POINT('',(3.759609694556E-02,-2.322322649302,
    22.721370102597));
#2400 = CARTESIAN_POINT('',(0.996887350229,-1.868349815596,
    23.06893341567));
#2401 = CARTESIAN_POINT('',(1.541748935884,-1.114847256033,
    23.416406249979));
#2402 = CARTESIAN_POINT('',(2.086611790038,-0.36134326116,
    23.763862741823));
#2403 = CARTESIAN_POINT('',(2.21718129315,0.69187897539,24.111451716934)
  );
#2404 = CARTESIAN_POINT('',(1.745068195846,1.783045882034,
    24.458672107632));
#2405 = CARTESIAN_POINT('',(0.674100714714,2.520231626323,
    24.806590845796));
#2406 = CARTESIAN_POINT('',(-0.686262353745,2.516949851083,
    25.15356391029));
#2407 = CARTESIAN_POINT('',(-1.753656729944,1.774596621071,
    25.501467616508));
#2408 = CARTESIAN_POINT('',(-2.22049711283,0.681166693411,
    25.848711211153));
#2409 = CARTESIAN_POINT('',(-2.084841998543,-0.371415524191,
    26.196277807554));
#2410 = CARTESIAN_POINT('',(-1.536348205416,-1.122278208511,
    26.543749999977));
#2411 = CARTESIAN_POINT('',(-0.987853482557,-1.873142603144,
    26.891206491836));
#2412 = CARTESIAN_POINT('',(-2.638312363802E-02,-2.322475690734,
    27.238795466898));
#2413 = CARTESIAN_POINT('',(1.157233190136,-2.210277577435,
    27.586015857703));
#2414 = CARTESIAN_POINT('',(2.189031065132,-1.419197738036,
    27.933934595689));
#2415 = CARTESIAN_POINT('',(2.605868421684,-0.124267212374,
    28.280907660421));
#2416 = CARTESIAN_POINT('',(2.229290964234,1.120163778495,
    28.628811366373));
#2417 = CARTESIAN_POINT('',(1.333387289789,1.901755459513,
    28.976054961266));
#2418 = CARTESIAN_POINT('',(0.29033926125,2.097669841481,29.323621557478
    ));
#2419 = CARTESIAN_POINT('',(-0.593174221162,1.807766170978,
    29.671093750016));
#2420 = CARTESIAN_POINT('',(-1.4766896174,1.517862144139,30.018550241707
    ));
#2421 = CARTESIAN_POINT('',(-2.200891780178,0.742067904632,
    30.366139217153));
#2422 = CARTESIAN_POINT('',(-2.459569074869,-0.418372551422,
    30.713359607343));
#2423 = CARTESIAN_POINT('',(-2.025655987625,-1.643988151884,
    31.061278346075));
#2424 = CARTESIAN_POINT('',(-0.922657346888,-2.440224578034,
    31.408251410101));
#2425 = CARTESIAN_POINT('',(0.377244121817,-2.466210041063,
    31.756155116575));
#2426 = CARTESIAN_POINT('',(1.397234870874,-1.855351774699,
    32.103398711178));
#2427 = CARTESIAN_POINT('',(1.905580239427,-0.923731347094,
    32.450965307492));
#2428 = CARTESIAN_POINT('',(1.902586839104,6.124153152597E-03,
    32.798437500029));
#2429 = CARTESIAN_POINT('',(1.899593761964,0.935981560863,
    33.145893349777));
#2430 = CARTESIAN_POINT('',(1.385261166004,1.864306960614,
    33.493485608747));
#2431 = CARTESIAN_POINT('',(0.361358838267,2.468589637089,
    33.840696887064));
#2432 = CARTESIAN_POINT('',(-0.938348384695,2.43423210029,
    34.188633575947));
#2433 = CARTESIAN_POINT('',(-2.036198006894,1.630914248151,
    34.535579397159));
#2434 = CARTESIAN_POINT('',(-2.462211582338,0.402528421792,
    34.883516086117));
#2435 = CARTESIAN_POINT('',(-2.196068736737,-0.756221558258,
    35.230727364312));
#2436 = CARTESIAN_POINT('',(-1.466887018196,-1.527337689738,
    35.578319623404));
#2437 = CARTESIAN_POINT('',(-0.581523530285,-1.811547561982,
    35.925775473067));
#2438 = CARTESIAN_POINT('',(0.303838041782,-2.095757165078,
    36.273247665547));
#2439 = CARTESIAN_POINT('',(1.345603157352,-1.893131700335,
    36.62081426233));
#2440 = CARTESIAN_POINT('',(2.23645637799,-1.105788390024,
    36.968057855754));
#2441 = CARTESIAN_POINT('',(2.605014385203,0.141041217136,
    37.315961564159));
#2442 = CARTESIAN_POINT('',(2.179848904694,1.433261307266,
    37.662934625869));
#2443 = CARTESIAN_POINT('',(1.142979441577,2.217682038239,
    38.010853366713));
#2444 = CARTESIAN_POINT('',(-4.133467453212E-02,2.32225770486,
    38.358073755423));
#2445 = CARTESIAN_POINT('',(-0.99989230139,1.866743983596,
    38.705662731659));
#2446 = CARTESIAN_POINT('',(-1.543541592577,1.112363941156,
    39.053119223042));
#2447 = CARTESIAN_POINT('',(-2.087189920732,0.357985554654,
    39.400592057625));
#2448 = CARTESIAN_POINT('',(-2.216065926156,-0.695447887878,
    39.748155370319));
#2449 = CARTESIAN_POINT('',(-1.742195088551,-1.78585049393,
    40.095408076783));
#2450 = CARTESIAN_POINT('',(-0.670044801035,-2.521314766433,
    40.443293833295));
#2451 = CARTESIAN_POINT('',(0.690313081747,-2.515841019348,
    40.790294139801));
#2452 = CARTESIAN_POINT('',(1.756510091924,-1.771772561752,
    41.138179896431));
#2453 = CARTESIAN_POINT('',(2.221590701679,-0.677591844839,
    41.485432602682));
#2454 = CARTESIAN_POINT('',(2.084241490412,0.374770372521,
    41.832995915626));
#2455 = CARTESIAN_POINT('',(1.53453999668,1.124749387274,42.180468749996
    ));
#2456 = CARTESIAN_POINT('',(0.984837526679,1.874730050107,
    42.527925241771));
#2457 = CARTESIAN_POINT('',(2.264524653213E-02,2.322515144411,
    42.875514217018));
#2458 = CARTESIAN_POINT('',(-1.160788960232,2.208412238586,
    43.222734607558));
#2459 = CARTESIAN_POINT('',(-2.191312317819,1.415672825732,
    43.570653345803));
#2460 = CARTESIAN_POINT('',(-2.60606504512,0.120073110077,
    43.917626410376));
#2461 = CARTESIAN_POINT('',(-2.227485261066,-1.123750197168,
    44.265530116354));
#2462 = CARTESIAN_POINT('',(-1.330324836255,-1.903898979043,
    44.612773711315));
#2463 = CARTESIAN_POINT('',(-0.28696284971,-2.098134403075,
    44.960340307432));
#2464 = CARTESIAN_POINT('',(0.59608291116,-1.806809162199,
    45.307812500045));
#2465 = CARTESIAN_POINT('',(1.479130585302,-1.515483561903,
    45.655268991602));
#2466 = CARTESIAN_POINT('',(2.202083229971,-0.738524780419,
    46.002857967399));
#2467 = CARTESIAN_POINT('',(2.458892551587,0.422330493586,
    46.350078356931));
#2468 = CARTESIAN_POINT('',(2.023007493776,1.647246157599,
    46.697997096586));
#2469 = CARTESIAN_POINT('',(0.918728801423,2.441706362429,
    47.044970159624));
#2470 = CARTESIAN_POINT('',(-0.381212805402,2.46559970216,
    47.392873866903));
#2471 = CARTESIAN_POINT('',(-1.400219104815,1.853100631554,
    47.740117461026));
#2472 = CARTESIAN_POINT('',(-1.907064444814,0.920663268432,
    48.087684057524));
#2473 = CARTESIAN_POINT('',(-1.90257451868,-9.18620989985E-03,
    48.435156250044));
#2474 = CARTESIAN_POINT('',(-1.898084841332,-0.939037618986,
    48.782612741623));
#2475 = CARTESIAN_POINT('',(-1.382259209246,-1.866533921878,
    49.130201717356));
#2476 = CARTESIAN_POINT('',(-0.357384649376,-2.469168248289,
    49.477422106965));
#2477 = CARTESIAN_POINT('',(0.942263599895,-2.432718342092,
    49.825340846605));
#2478 = CARTESIAN_POINT('',(2.038821950296,-1.627635593719,
    50.172313909543));
#2479 = CARTESIAN_POINT('',(2.462854317979,-0.398564552668,
    50.520217617012));
#2480 = CARTESIAN_POINT('',(2.194850490764,0.759754444122,50.86746121093
    ));
#2481 = CARTESIAN_POINT('',(1.464425813727,1.529696926391,
    51.215027807585));
#2482 = CARTESIAN_POINT('',(0.578607875029,1.812480927496,
    51.562500000017));
#2483 = CARTESIAN_POINT('',(-0.307211779618,2.095265822089,
    51.909955849856));
#2484 = CARTESIAN_POINT('',(-1.348646584398,1.890963069953,
    52.257548108517));
#2485 = CARTESIAN_POINT('',(-2.238235074891,1.102188167081,
    52.604759387511));
#2486 = CARTESIAN_POINT('',(-2.604782264979,-0.145234160364,
    52.952696075319));
#2487 = CARTESIAN_POINT('',(-2.177540635266,-1.436767340247,
    53.299641897818));
#2488 = CARTESIAN_POINT('',(-1.139408056498,-2.219518931451,
    53.647578585592));
#2489 = CARTESIAN_POINT('',(4.507181953295E-02,-2.322188078708,
    53.994789864629));
#2490 = CARTESIAN_POINT('',(1.002895456168,-1.865132340239,
    54.342382123265));
#2491 = CARTESIAN_POINT('',(1.545329856245,-1.109878291073,
    54.689837973105));
#2492 = CARTESIAN_POINT('',(2.087763367334,-0.354625922095,
    55.037310807389));
#2493 = CARTESIAN_POINT('',(2.214943787064,0.699013571884,
    55.384874120832));
#2494 = CARTESIAN_POINT('',(1.73931864563,1.788652107818,55.732126825991
    ));
#2495 = CARTESIAN_POINT('',(0.66598607424,2.522389885648,56.080012584203
    ));
#2496 = CARTESIAN_POINT('',(-0.694361236893,2.514726756175,
    56.427012889032));
#2497 = CARTESIAN_POINT('',(-1.759359346447,1.768943301489,
    56.774898646875));
#2498 = CARTESIAN_POINT('',(-2.22267835549,0.674015490846,
    57.122151352568));
#2499 = CARTESIAN_POINT('',(-2.083635627471,-0.378124310792,
    57.469714665548));
#2500 = CARTESIAN_POINT('',(-1.532727813123,-1.127217652657,
    57.817187500111));
#2501 = CARTESIAN_POINT('',(-0.981819090889,-1.876312664672,
    58.164643349526));
#2502 = CARTESIAN_POINT('',(-1.890701832309E-02,-2.322548485138,
    58.512235609238));
#2503 = CARTESIAN_POINT('',(1.164341007238,-2.206541417148,
    58.859446886378));
#2504 = CARTESIAN_POINT('',(2.193589165541,-1.41214382477,
    59.207383576668));
#2505 = CARTESIAN_POINT('',(2.606253172905,-0.115879275765,
    59.554329396571));
#2506 = CARTESIAN_POINT('',(2.225675694781,1.127334337512,
    59.902266086491));
#2507 = CARTESIAN_POINT('',(1.32725726529,1.906037012559,60.249477364131
    ));
#2508 = CARTESIAN_POINT('',(0.283586864749,2.098593918034,
    60.597069623464));
#2509 = CARTESIAN_POINT('',(-0.598990696793,1.805847261192,
    60.94452547306));
#2510 = CARTESIAN_POINT('',(-1.481566552025,1.513101442236,
    61.291998307498));
#2511 = CARTESIAN_POINT('',(-2.203270647395,0.734979188813,
    61.63956162069));
#2512 = CARTESIAN_POINT('',(-2.458207752598,-0.426286709426,
    61.98681432606));
#2513 = CARTESIAN_POINT('',(-2.020355505161,-1.650500475434,
    62.334700084322));
#2514 = CARTESIAN_POINT('',(-0.914796605155,-2.443181400633,
    62.681700388701));
#2515 = CARTESIAN_POINT('',(0.385179785156,-2.464983214379,
    63.029586147325));
#2516 = CARTESIAN_POINT('',(1.403200004331,-1.850844591412,
    63.376838852144));
#2517 = CARTESIAN_POINT('',(1.908543639375,-0.917592828621,
    63.724402165849));
#2518 = CARTESIAN_POINT('',(1.902557270131,1.224824286451E-02,
    64.071874999951));
#2519 = CARTESIAN_POINT('',(1.896571146857,0.942091199193,
    64.419330850116));
#2520 = CARTESIAN_POINT('',(1.379253085069,1.868756235879,
    64.766923107899));
#2521 = CARTESIAN_POINT('',(0.353410972655,2.46974000455,65.114134388561
    ));
#2522 = CARTESIAN_POINT('',(-0.946178925587,2.431199097215,
    65.462071073979));
#2523 = CARTESIAN_POINT('',(-2.041437109596,1.624351604821,
    65.809016899134));
#2524 = CARTESIAN_POINT('',(-2.463494501079,0.394600872959,
    66.15695358459));
#2525 = CARTESIAN_POINT('',(-2.19362320443,-0.763286433191,
    66.50416486522));
#2526 = CARTESIAN_POINT('',(-1.461963164283,-1.532051451098,
    66.851757122997));
#2527 = CARTESIAN_POINT('',(-0.57568943711,-1.813410008134,
    67.199212973195));
#2528 = CARTESIAN_POINT('',(0.310582373445,-2.094768302198,
    67.546685165528));
#2529 = CARTESIAN_POINT('',(1.35168987335,-1.888790612637,
    67.894251761981));
#2530 = CARTESIAN_POINT('',(2.240004147275,-1.098583867529,
    68.241495356678));
#2531 = CARTESIAN_POINT('',(2.604546900955,0.14942560912,68.589399062717
    ));
#2532 = CARTESIAN_POINT('',(2.175224174154,1.440270466028,
    68.936372127473));
#2533 = CARTESIAN_POINT('',(1.13583515807,2.221349616613,69.284290865376
    ));
#2534 = CARTESIAN_POINT('',(-4.880943487979E-02,2.322112624897,
    69.631511256266));
#2535 = CARTESIAN_POINT('',(-1.005895870534,1.863515820216,
    69.979100231265));
#2536 = CARTESIAN_POINT('',(-1.547114117138,1.10738976614,
    70.326556723168));
#2537 = CARTESIAN_POINT('',(-2.08833145055,0.351265431257,
    70.674028915688));
#2538 = CARTESIAN_POINT('',(-2.213815727918,-0.702577693304,
    71.021595511536));
#2539 = CARTESIAN_POINT('',(-1.73643814529,-1.791448481258,
    71.368839107515));
#2540 = CARTESIAN_POINT('',(-0.661924827709,-2.523459548838,
    71.716742811563));
#2541 = CARTESIAN_POINT('',(0.698406502157,-2.513604499747,
    72.063715878675));
#2542 = CARTESIAN_POINT('',(1.762205236151,-1.766111075424,
    72.411634614418));
#2543 = CARTESIAN_POINT('',(2.223759206537,-0.670435974024,
    72.758855006842));
#2544 = CARTESIAN_POINT('',(2.083025099198,0.381476277902,
    73.106443981022));
#2545 = CARTESIAN_POINT('',(1.530911259303,1.129683540527,
    73.453900473221));
#2546 = CARTESIAN_POINT('',(0.978798772675,1.87788940389,73.801372665358
    ));
#2547 = CARTESIAN_POINT('',(1.516798811853E-02,2.322577323583,
    74.148939262452));
#2548 = CARTESIAN_POINT('',(-1.167889562459,2.204663027332,74.4961828558
    ));
#2549 = CARTESIAN_POINT('',(-2.195860151296,1.408613065309,
    74.844086563926));
#2550 = CARTESIAN_POINT('',(-2.60643550108,0.111683487533,
    75.191059626204));
#2551 = CARTESIAN_POINT('',(-2.223858903927,-1.130914321074,
    75.538978366396));
#2552 = CARTESIAN_POINT('',(-1.324187745934,-1.908170908696,
    75.886198755643));
#2553 = CARTESIAN_POINT('',(-0.280209019179,-2.099047550726,
    76.233787731546));
#2554 = CARTESIAN_POINT('',(0.601896290923,-1.804880893736,
    76.581244223081));
#2555 = CARTESIAN_POINT('',(1.483999851619,-1.510715017123,
    76.928717057568));
#2556 = CARTESIAN_POINT('',(2.204450685422,-0.731432245186,
    77.276280370378));
#2557 = CARTESIAN_POINT('',(2.45751849377,0.430242450435,77.62353307672)
  );
#2558 = CARTESIAN_POINT('',(2.017696537219,1.653749941916,
    77.971418833405));
#2559 = CARTESIAN_POINT('',(0.910863310989,2.44465053007,78.318419139601
    ));
#2560 = CARTESIAN_POINT('',(-0.389146483915,2.464360105129,
    78.666304896699));
#2561 = CARTESIAN_POINT('',(-1.406176976615,1.848583853746,
    79.013557602429));
#2562 = CARTESIAN_POINT('',(-1.910017961454,0.914519988536,
    79.361120915798));
#2563 = CARTESIAN_POINT('',(-1.902535093503,-1.531024409752E-02,
    79.708593749913));
#2564 = CARTESIAN_POINT('',(-1.895052397079,-0.945142384496,
    80.056050242095));
#2565 = CARTESIAN_POINT('',(-1.376243975643,-1.870973522817,
    80.403639216245));
#2566 = CARTESIAN_POINT('',(-0.349434941867,-2.470305820438,
    80.750859608889));
#2567 = CARTESIAN_POINT('',(0.95008924791,-2.429672744449,
    81.098778344071));
#2568 = CARTESIAN_POINT('',(2.044050486002,-1.621064521294,
    81.445751412102));
#2569 = CARTESIAN_POINT('',(2.464124474285,-0.390634955519,
    81.793655115045));
#2570 = CARTESIAN_POINT('',(2.192393592999,0.766815379416,
    82.140898712049));
#2571 = CARTESIAN_POINT('',(1.459494378558,1.534402753308,
    82.488465307157));
#2572 = CARTESIAN_POINT('',(0.572770792599,1.814333983788,
    82.835937500083));
#2573 = CARTESIAN_POINT('',(-0.313954512277,2.094266102257,
    83.183393349526));
#2574 = CARTESIAN_POINT('',(-1.35472630407,1.88661219708,83.530985609307
    ));
#2575 = CARTESIAN_POINT('',(-2.241771246541,1.094977938158,
    83.878196886203));
#2576 = CARTESIAN_POINT('',(-2.604301285443,-0.153617783883,
    84.226133576945));
#2577 = CARTESIAN_POINT('',(-2.172904631315,-1.443769050442,
    84.573079396257));
#2578 = CARTESIAN_POINT('',(-1.132257878908,-2.223175004949,
    84.921016086751));
#2579 = CARTESIAN_POINT('',(5.254633648835E-02,-2.322030969641,
    85.268227363982));
#2580 = CARTESIAN_POINT('',(1.008893822088,-1.861894518609,
    85.615819623509));
#2581 = CARTESIAN_POINT('',(1.548894370645,-1.104898372785,
    85.96327547307));
#2582 = CARTESIAN_POINT('',(2.088894035575,-0.347903910067,
    86.310748307771));
#2583 = CARTESIAN_POINT('',(2.212682300293,0.706139499001,
    86.658311619781));
#2584 = CARTESIAN_POINT('',(1.733552251089,1.794241429012,
    87.005564327831));
#2585 = CARTESIAN_POINT('',(0.657863456534,2.524520520694,87.35345008188
    ));
#2586 = CARTESIAN_POINT('',(-0.702452141568,2.512478691436,
    87.700450391219));
#2587 = CARTESIAN_POINT('',(-1.765044176265,1.763271042317,
    88.048336145357));
#2588 = CARTESIAN_POINT('',(-2.224836388652,0.666857554567,
    88.395588853286));
#2589 = CARTESIAN_POINT('',(-2.082407711805,-0.384829240338,
    88.743152165396));
#2590 = CARTESIAN_POINT('',(-1.529091540294,-1.132145417773,
    89.090625000032));
#2591 = CARTESIAN_POINT('',(-0.97577438453,-1.879463238606,
    89.438081491592));
#2592 = CARTESIAN_POINT('',(-1.143130201E-02,-2.322597409865,
    89.785670467447));
#2593 = CARTESIAN_POINT('',(1.171438193394,-2.202781919572,
    90.132890856848));
#2594 = CARTESIAN_POINT('',(2.198121996167,-1.405076123738,
    90.48080959669));
#2595 = CARTESIAN_POINT('',(2.606614411448,-0.107488980592,
    90.827782659513));
#2596 = CARTESIAN_POINT('',(2.22203355206,1.13449195141,91.175686367013)
  );
#2597 = CARTESIAN_POINT('',(1.321116832215,1.910299926133,
    91.522929960927));
#2598 = CARTESIAN_POINT('',(0.276829190298,2.09949547509,91.870496557596
    ));
#2599 = CARTESIAN_POINT('',(-0.604799687064,1.803910065417,
    92.217968750004));
#2600 = CARTESIAN_POINT('',(-1.486430475892,1.508324287103,
    92.565425241793));
#2601 = CARTESIAN_POINT('',(-2.205623343663,0.727883966779,
    92.91301421691));
#2602 = CARTESIAN_POINT('',(-2.456824773892,-0.434197715529,
    93.260234607801));
#2603 = CARTESIAN_POINT('',(-2.015030599532,-1.656994540287,
    93.608153345439));
#2604 = CARTESIAN_POINT('',(-0.906928927189,-2.446113752961,
    93.955126410778));
#2605 = CARTESIAN_POINT('',(0.393112890337,-2.463730372655,
    94.303030116004));
#2606 = CARTESIAN_POINT('',(1.409150014388,-1.846318425792,
    94.650273711567));
#2607 = CARTESIAN_POINT('',(1.911487407127,-0.911444755782,
    94.99784030728));
#2608 = CARTESIAN_POINT('',(1.902507988851,1.837220564451E-02,
    95.345312500119));
#2609 = CARTESIAN_POINT('',(1.893528881478,0.948191076665,
    95.692768349466));
#2610 = CARTESIAN_POINT('',(1.373230713672,1.873186148813,
    96.040360609393));
#2611 = CARTESIAN_POINT('',(0.345459445607,2.470864783493,
    96.387571886096));
#2612 = CARTESIAN_POINT('',(-0.953999663581,2.428140904245,
    96.73550857706));
#2613 = CARTESIAN_POINT('',(-2.046655060559,1.617772131901,
    97.082454396164));
#2614 = CARTESIAN_POINT('',(-2.464751896095,0.386669235593,
    97.430391086796));
#2615 = CARTESIAN_POINT('',(-2.191154943837,-0.770343399749,
    97.777602363983));
#2616 = CARTESIAN_POINT('',(-1.457024163143,-1.536749338925,
    98.125194623487));
#2617 = CARTESIAN_POINT('',(-0.569849379218,-1.815253665636,
    98.472650473092));
#2618 = CARTESIAN_POINT('',(0.317323530505,-2.093757674483,
    98.820123307833));
#2619 = CARTESIAN_POINT('',(1.357762406114,-1.884430206404,
    99.167686619597));
#2620 = CARTESIAN_POINT('',(2.243529145152,-1.09136734756,
    99.514939328068));
#2621 = CARTESIAN_POINT('',(2.604051655374,0.157807361604,
    99.862825081749));
#2622 = CARTESIAN_POINT('',(2.17057797146,1.447266200683,100.20982539111
    ));
#2623 = CARTESIAN_POINT('',(1.128677942495,2.224992542731,
    100.55771114567));
#2624 = CARTESIAN_POINT('',(-5.628266920492E-02,2.321944920822,
    100.9049638529));
#2625 = CARTESIAN_POINT('',(-1.011889731743,1.860267344567,
    101.25252716569));
#2626 = CARTESIAN_POINT('',(-1.550670221676,1.102404666713,
    101.59999999987));
#2627 = CARTESIAN_POINT('',(-2.089451968471,0.344540543431,
    101.94745649217));
#2628 = CARTESIAN_POINT('',(-2.211541937949,-0.709698288242,
    102.29504546616));
#2629 = CARTESIAN_POINT('',(-1.730663478544,-1.79703075909,
    102.64226585888));
#2630 = CARTESIAN_POINT('',(-0.653798520852,-2.525574532287,
    102.9901845942));
#2631 = CARTESIAN_POINT('',(0.706494093811,-2.51134598712,103.3371576619
    ));
#2632 = CARTESIAN_POINT('',(1.76788017444,-1.760427443,103.68506136518)
  );
#2633 = CARTESIAN_POINT('',(2.225906583753,-0.663276241935,
    104.03230496202));
#2634 = CARTESIAN_POINT('',(2.081785705657,0.388180275288,104.3798715571
    ));
#2635 = CARTESIAN_POINT('',(1.527267460461,1.134604904714,
    104.72734375014));
#2636 = CARTESIAN_POINT('',(0.972748342665,1.881031260968,
    105.07479959932));
#2637 = CARTESIAN_POINT('',(7.692956401252E-03,2.322612701102,
    105.42239185974));
#2638 = CARTESIAN_POINT('',(-1.174981166214,2.200893969786,
    105.76960313549));
#2639 = CARTESIAN_POINT('',(-2.200381778453,1.40153617071,
    106.11753982781));
#2640 = CARTESIAN_POINT('',(-2.606782288162,0.103294286845,
    106.46448564544));
#2641 = CARTESIAN_POINT('',(-2.220206701752,-1.138067312944,
    106.81242233733));
#2642 = CARTESIAN_POINT('',(-1.318038974046,-1.912423123734,
    107.15963361368));
#2643 = CARTESIAN_POINT('',(-0.273451026032,-2.099938684596,
    107.50722587361));
#2644 = CARTESIAN_POINT('',(0.607702794502,-1.802934136111,
    107.85468172305));
#2645 = CARTESIAN_POINT('',(1.48885491273,-1.505930433754,
    108.20215455788));
#2646 = CARTESIAN_POINT('',(2.206793628348,-0.724332683354,
    108.54971786949));
#2647 = CARTESIAN_POINT('',(2.456120881096,0.438150578912,
    108.89697057829));
#2648 = CARTESIAN_POINT('',(2.012362929428,1.660236015632,
    109.24485633137));
#2649 = CARTESIAN_POINT('',(0.902989654672,2.447569788484,
    109.59185664156));
#2650 = CARTESIAN_POINT('',(-0.397076847152,2.463094738387,
    109.9397423953));
#2651 = CARTESIAN_POINT('',(-1.412119986491,1.844048019466,
    110.28699510309));
#2652 = CARTESIAN_POINT('',(-1.912951759588,0.908367209849,
    110.63455841566));
#2653 = CARTESIAN_POINT('',(-1.902475956247,-2.143411966149E-02,
    110.98203124982));
#2654 = CARTESIAN_POINT('',(-1.892000318278,-0.951237357456,
    111.3294877423));
#2655 = CARTESIAN_POINT('',(-1.370214482822,-1.875393738613,
    111.67707671583));
#2656 = CARTESIAN_POINT('',(-0.34148161394,-2.471417797989,
    112.02429710949));
#2657 = CARTESIAN_POINT('',(0.957905052218,-2.426601972928,
    112.37221584337));
#2658 = CARTESIAN_POINT('',(2.049257843228,-1.614476653219,
    112.71918891272));
#2659 = CARTESIAN_POINT('',(2.465369100064,-0.382701310954,
    113.06709261459));
#2660 = CARTESIAN_POINT('',(2.189913979852,0.773868369757,
    113.41433621231));
#2661 = CARTESIAN_POINT('',(1.454547821668,1.539092682347,
    113.76190280702));
#2662 = CARTESIAN_POINT('',(0.566927775715,1.816168241851,
    114.10937500013));
#2663 = CARTESIAN_POINT('',(-0.320694035341,2.093244622724,
    114.45683149124));
#2664 = CARTESIAN_POINT('',(-1.360791809381,1.882242028565,
    114.80442046818));
#2665 = CARTESIAN_POINT('',(-2.245284627598,1.087755748295,
    115.15164085576));
#2666 = CARTESIAN_POINT('',(-2.603792548706,-0.161998722978,
    115.49955959784));
#2667 = CARTESIAN_POINT('',(-2.168247177043,-1.45075730231,
    115.84653265865));
#2668 = CARTESIAN_POINT('',(-1.125094808739,-2.226806405106,
    116.19443636736));
#2669 = CARTESIAN_POINT('',(6.001929085134E-02,-2.321851239167,
    116.54167996099));
#2670 = CARTESIAN_POINT('',(1.014882447488,-1.858636400235,
    116.88924655737));
#2671 = CARTESIAN_POINT('',(1.552442447422,-1.099907556582,
    117.23671875019));
#2672 = CARTESIAN_POINT('',(2.090003818263,-0.341177347672,
    117.58417459925));
#2673 = CARTESIAN_POINT('',(2.2103966855,0.713256919762,117.93176685983)
  );
#2674 = CARTESIAN_POINT('',(1.727769508145,1.799813194181,
    118.27897813538));
#2675 = CARTESIAN_POINT('',(0.649732158656,2.526624572588,
    118.62691482797));
#2676 = CARTESIAN_POINT('',(-0.71053389433,2.510204213293,
    118.97386064524));
#2677 = CARTESIAN_POINT('',(-1.770712355876,1.757581508847,
    119.32179733755));
#2678 = CARTESIAN_POINT('',(-2.226970139509,0.659691548291,
    119.66900861347));
#2679 = CARTESIAN_POINT('',(-2.081159000373,-0.391529255508,
    120.01660087376));
#2680 = CARTESIAN_POINT('',(-1.525439021875,-1.137061993095,
    120.36405672296));
#2681 = CARTESIAN_POINT('',(-0.96972044681,-1.882593398914,
    120.71152891569));
#2682 = CARTESIAN_POINT('',(-3.953830466397E-03,-2.322623486302,
    121.05909551217));
#2683 = CARTESIAN_POINT('',(1.178520610639,-2.198998468497,
    121.40633910585));
#2684 = CARTESIAN_POINT('',(2.202635690455,-1.397994487573,
    121.75424281413));
#2685 = CARTESIAN_POINT('',(2.606944355825,-9.909766715323E-02,
    122.10121587583));
#2686 = CARTESIAN_POINT('',(2.218372647067,1.141638482834,
    122.44913461676));
#2687 = CARTESIAN_POINT('',(1.314959187471,1.914542174606,
    122.79635500539));
#2688 = CARTESIAN_POINT('',(0.270071029589,2.10037600292,123.14394398166
    ));
#2689 = CARTESIAN_POINT('',(-0.610603688905,1.801953750987,
    123.49140047305));
#2690 = CARTESIAN_POINT('',(-1.491276661736,1.503532287877,
    123.83887330767));
#2691 = CARTESIAN_POINT('',(-2.207956526983,0.720780083551,
    124.1864366202));
#2692 = CARTESIAN_POINT('',(-2.455412531222,-0.442102945845,
    124.5336893269));
#2693 = CARTESIAN_POINT('',(-2.009688302956,-1.663472606231,
    124.88157508324));
#2694 = CARTESIAN_POINT('',(-0.899049313297,-2.449019909653,
    125.22857538974));
#2695 = CARTESIAN_POINT('',(0.401040491315,-2.462452484392,
    125.57646114657));
#2696 = CARTESIAN_POINT('',(1.415086008607,-1.841772934483,
    125.92371385252));
#2697 = CARTESIAN_POINT('',(1.914411228059,-0.905287287207,
    126.27127716573));
#2698 = CARTESIAN_POINT('',(1.902438995774,2.449597811239E-02,
    126.61874999993));
#2699 = CARTESIAN_POINT('',(1.890466925805,0.954281152024,
    126.96620649198));
#2700 = CARTESIAN_POINT('',(1.367194408684,1.877596562717,
    127.31379546654));
#2701 = CARTESIAN_POINT('',(0.337503618155,2.471964185223,
    127.66101585829));
#2702 = CARTESIAN_POINT('',(-0.961809237805,2.425057156878,
    128.00893459494));
#2703 = CARTESIAN_POINT('',(-2.051853562896,1.611176442124,
    128.35590766112));
#2704 = CARTESIAN_POINT('',(-2.465981835086,0.378732996605,
    128.70381136587));
#2705 = CARTESIAN_POINT('',(-2.188665662953,-0.777391862754,
    129.05105496151));
#2706 = CARTESIAN_POINT('',(-1.452068888627,-1.541431669956,
    129.3986215574));
#2707 = CARTESIAN_POINT('',(-0.564004060753,-1.817078315604,
    129.74609375001));
#2708 = CARTESIAN_POINT('',(0.324062490228,-2.092725840903,
    130.09354959982));
#2709 = CARTESIAN_POINT('',(1.363819546143,-1.880049251227,
    130.44114185863));
#2710 = CARTESIAN_POINT('',(2.247031941956,-1.084141345968,
    130.78835313728));
#2711 = CARTESIAN_POINT('',(2.603529224792,0.166190207312,
    131.13628982564));
#2712 = CARTESIAN_POINT('',(2.165908427797,1.454243545738,
    131.48323564745));
#2713 = CARTESIAN_POINT('',(1.121510639565,2.228615913956,
    131.83117233589));
#2714 = CARTESIAN_POINT('',(-6.375706686318E-02,2.321750197181,
    132.17838361446));
#2715 = CARTESIAN_POINT('',(-1.017871752045,1.85700162601,132.5259758733
    ));
#2716 = CARTESIAN_POINT('',(-1.554211040698,1.097407046893,
    132.87343172313));
#2717 = CARTESIAN_POINT('',(-2.090549453874,0.337814155098,
    133.2209045578));
#2718 = CARTESIAN_POINT('',(-2.209247092102,-0.716814648522,
    133.56846786946));
#2719 = CARTESIAN_POINT('',(-1.72486900086,-1.802590536485,
    133.91572057855));
#2720 = CARTESIAN_POINT('',(-0.645666775827,-2.527667423096,
    134.26360633083));
#2721 = CARTESIAN_POINT('',(0.714574825723,-2.509057792237,
    134.61060664228));
#2722 = CARTESIAN_POINT('',(1.773537113703,-1.754728417364,
    134.95849239459));
#2723 = CARTESIAN_POINT('',(2.228030209952,-0.656107718387,
    135.30574510363));
#2724 = CARTESIAN_POINT('',(2.080525387872,0.394879136947,
    135.65330841535));
#2725 = CARTESIAN_POINT('',(1.523607437534,1.139515055572,
    136.00078124996));
#2726 = CARTESIAN_POINT('',(0.96668856591,1.884152636936,136.3482370999)
  );
#2727 = CARTESIAN_POINT('',(2.167993013272E-04,2.322625431392,
    136.69582935847));
#2728 = CARTESIAN_POINT('',(-1.182059403422,2.197100492218,
    137.0430406376));
#2729 = CARTESIAN_POINT('',(-2.20488169915,1.394446234896,
    137.39097732507));
#2730 = CARTESIAN_POINT('',(-2.607101271667,9.49029379646E-02,
    137.73792314823));
#2731 = CARTESIAN_POINT('',(-2.216531943968,-1.145207905758,
    138.08585983511));
#2732 = CARTESIAN_POINT('',(-1.311876363256,-1.916655772313,
    138.43307111501));
#2733 = CARTESIAN_POINT('',(-0.266690244042,-2.100808000811,
    138.78066337303));
#2734 = CARTESIAN_POINT('',(0.61350300168,-1.800968698376,
    139.12811922321));
#2735 = CARTESIAN_POINT('',(1.493694549051,-1.50113032235,
    139.47559141567));
#2736 = CARTESIAN_POINT('',(2.209113702119,-0.717225308697,
    139.82315801152));
#2737 = CARTESIAN_POINT('',(2.454697831945,0.446053413105,140.1704016075
    ));
#2738 = CARTESIAN_POINT('',(2.007008451822,1.666706226716,
    140.51830531163));
#2739 = CARTESIAN_POINT('',(0.895106669518,2.450461849109,
    140.86527837855));
#2740 = CARTESIAN_POINT('',(-0.405003125606,2.461805860165,
    141.21319711454));
#2741 = CARTESIAN_POINT('',(-1.41804833987,1.839491318196,
    141.56041750674));
#2742 = CARTESIAN_POINT('',(-1.915865755581,0.902206251974,
    141.90800648108));
#2743 = CARTESIAN_POINT('',(-1.90239709777,-2.755844692438E-02,
    142.25546297318));
#2744 = CARTESIAN_POINT('',(-1.888928725961,-0.957321220347,
    142.60293516524));
#2745 = CARTESIAN_POINT('',(-1.364170473242,-1.879796375019,
    142.95050176288));
#2746 = CARTESIAN_POINT('',(-0.333525498466,-2.472501938632,
    143.29774535501));
#2747 = CARTESIAN_POINT('',(0.96571223834,-2.423508292606,
    143.64564906491));
#2748 = CARTESIAN_POINT('',(2.054442191328,-1.607870176614,
    143.99262212529));
#2749 = CARTESIAN_POINT('',(2.466590112939,-0.374765048205,
    144.34054086702));
#2750 = CARTESIAN_POINT('',(2.187409989665,0.780914169544,
    144.68776125531));
#2751 = CARTESIAN_POINT('',(1.449587373169,1.543766226546,
    145.03535023168));
#2752 = CARTESIAN_POINT('',(0.561078240973,1.817983881421,
    145.38280672303));
#2753 = CARTESIAN_POINT('',(-0.32742901445,2.092201152636,
    145.73027955746));
#2754 = CARTESIAN_POINT('',(-1.366845077389,1.877852626775,
    146.07784287085));
#2755 = CARTESIAN_POINT('',(-2.248772387578,1.080522310226,
    146.42509557579));
#2756 = CARTESIAN_POINT('',(-2.60325936898,-0.170378531418,
    146.77298133453));
#2757 = CARTESIAN_POINT('',(-2.163564910164,-1.457729421033,
    147.1199816387));
#2758 = CARTESIAN_POINT('',(-1.117921969275,-2.230416146057,
    147.46786739704));
#2759 = CARTESIAN_POINT('',(6.74929405477E-02,-2.32164610929,
    147.81512010257));
#2760 = CARTESIAN_POINT('',(1.02085977039,-1.855360005948,
    148.16268341545));
#2761 = CARTESIAN_POINT('',(1.55597483078,-1.094904795661,
    148.51015625019));
#2762 = CARTESIAN_POINT('',(2.091091186126,-0.334448193629,
    148.85761209922));
#2763 = CARTESIAN_POINT('',(2.208089375134,0.720368136632,
    149.20520435997));
#2764 = CARTESIAN_POINT('',(1.721967247898,1.80536528281,149.55241563506
    ));
#2765 = CARTESIAN_POINT('',(0.641595994089,2.528702866937,149.9003523284
    ));
#2766 = CARTESIAN_POINT('',(-0.718610157606,2.507904114736,
    150.24729814486));
#2767 = CARTESIAN_POINT('',(-1.776360555278,1.75187276511,150.5952348377
    ));
#2768 = CARTESIAN_POINT('',(-2.229082043896,0.6525198716,150.94244611353
    ));
#2769 = CARTESIAN_POINT('',(-2.079887949177,-0.398226143743,
    151.2900383736));
#2770 = CARTESIAN_POINT('',(-1.521771099469,-1.141966245744,
    151.63749422311));
#2771 = CARTESIAN_POINT('',(-0.96365558663,-1.885704996202,
    151.9849670582));
#2772 = CARTESIAN_POINT('',(3.522050481349E-03,-2.322624280877,
    152.33253036845));
#2773 = CARTESIAN_POINT('',(1.185593442257,-2.195193362984,
    152.67978308007));
#2774 = CARTESIAN_POINT('',(2.207122932362,-1.39089774941,
    153.02766882933));
#2775 = CARTESIAN_POINT('',(2.60725156999,-9.0705222259E-02,
    153.3746691432));
#2776 = CARTESIAN_POINT('',(2.214684503299,1.148772502659,
    153.72255489439));
#2777 = CARTESIAN_POINT('',(1.308791437866,1.918765469464,
    154.06980760337));
#2778 = CARTESIAN_POINT('',(0.263307691435,2.101234037906,154.4173709157
    ));
#2779 = CARTESIAN_POINT('',(-0.616400087852,1.799979199124,
    154.76484374972));
#2780 = CARTESIAN_POINT('',(-1.4961097311,1.498723919541,155.11230024262
    ));
#2781 = CARTESIAN_POINT('',(-2.210263498161,0.71366986269,
    155.45988921516));
#2782 = CARTESIAN_POINT('',(-2.453978652616,-0.450004884883,
    155.80710961053));
#2783 = CARTESIAN_POINT('',(-2.004321701551,-1.669932256619,
    156.1550283422));
#2784 = CARTESIAN_POINT('',(-0.891162920602,-2.451901551976,
    156.50200141367));
#2785 = CARTESIAN_POINT('',(0.408965366569,-2.461148598039,
    156.8499051141));
#2786 = CARTESIAN_POINT('',(1.421006757589,-1.837208558629,
    157.19714871236));
#2787 = CARTESIAN_POINT('',(1.917315355685,-0.899120390842,
    157.5447153072));
#2788 = CARTESIAN_POINT('',(1.902350291613,3.061949675716E-02,
    157.89218749993));
#2789 = CARTESIAN_POINT('',(1.887385454536,0.960361317785,
    158.23964399185));
#2790 = CARTESIAN_POINT('',(1.361143644226,1.881987615013,
    158.58723296697));
#2791 = CARTESIAN_POINT('',(0.329545014077,2.473037749295,
    158.93445335747));
#2792 = CARTESIAN_POINT('',(-0.969610124648,2.421948684374,
    159.28237209601));
#2793 = CARTESIAN_POINT('',(-2.057029051459,1.604563508514,
    159.62934516016));
#2794 = CARTESIAN_POINT('',(-2.467188140829,0.370793435108,
    159.97724886644));
#2795 = CARTESIAN_POINT('',(-2.186152025078,-0.784432798681,
    160.32449246135));
#2796 = CARTESIAN_POINT('',(-1.447099745258,-1.546097661126,
    160.67205905734));
#2797 = CARTESIAN_POINT('',(-0.558152255728,-1.818884340745,
    161.01953125012));
#2798 = CARTESIAN_POINT('',(0.330797002795,-2.091671833188,
    161.36698774144));
#2799 = CARTESIAN_POINT('',(1.369863880464,-1.875649847884,
    161.71457671751));
#2800 = CARTESIAN_POINT('',(2.250510411579,-1.076902276787,
    162.06179710713));
#2801 = CARTESIAN_POINT('',(2.602980028656,0.174568592348,
    162.40971584581));
#2802 = CARTESIAN_POINT('',(2.161217286891,1.461209228905,
    162.75668891094));
#2803 = CARTESIAN_POINT('',(1.114330119484,2.232212686589,
    163.10459261533));
#2804 = CARTESIAN_POINT('',(-7.1229066258E-02,2.32153438761,
    163.45183621242));
#2805 = CARTESIAN_POINT('',(-1.023844576682,1.853714630985,
    163.79940280657));
#2806 = CARTESIAN_POINT('',(-1.557734979198,1.092399157893,
    164.14687500053));
#2807 = CARTESIAN_POINT('',(-2.091626701173,0.331082252864,
    164.49433148994));
#2808 = CARTESIAN_POINT('',(-2.206927324329,-0.723920704396,
    164.84192047089));
#2809 = CARTESIAN_POINT('',(-1.719058970004,-1.808134919464,
    165.18914085165));
#2810 = CARTESIAN_POINT('',(-0.637526218639,-2.529731120465,
    165.5370596025));
#2811 = CARTESIAN_POINT('',(0.722646607934,-2.506745788981,
    165.88403265467));
#2812 = CARTESIAN_POINT('',(1.779176548914,-1.749009978095,
    166.23193636984));
#2813 = CARTESIAN_POINT('',(2.230130395837,-0.648932900268,
    166.57917995999));
#2814 = CARTESIAN_POINT('',(2.079243600281,0.40157402962,166.92674655746
    ));
#2815 = CARTESIAN_POINT('',(1.519931628622,1.144413399911,
    167.27421875038));
#2816 = CARTESIAN_POINT('',(0.960618773246,1.887254491468,
    167.62167459865));
#2817 = CARTESIAN_POINT('',(-7.259359947938E-03,2.32261409665,
    167.96926686113));
#2818 = CARTESIAN_POINT('',(-1.189125393343,2.193284251303,
    168.31647813331));
#2819 = CARTESIAN_POINT('',(-2.209358775429,1.387341850395,
    168.66441483044));
#2820 = CARTESIAN_POINT('',(-2.60739324265,8.65106066337E-02,
    169.01136064296));
#2821 = CARTESIAN_POINT('',(-2.212834221296,-1.152336633695,
    169.35929733916));
#2822 = CARTESIAN_POINT('',(-1.305700159816,-1.920868562235,
    169.70650861261));
#2823 = CARTESIAN_POINT('',(-0.259926699065,-2.101655550742,
    170.05410087411));
#2824 = CARTESIAN_POINT('',(0.619296852437,-1.798984600868,
    170.40155672286));
#2825 = CARTESIAN_POINT('',(1.49851870839,-1.496314582978,
    170.74902891567));
#2826 = CARTESIAN_POINT('',(2.2114108908,-0.710110810871,171.09659551253
    ));
#2827 = CARTESIAN_POINT('',(2.453249341417,0.453952380125,
    171.44383910504));
#2828 = CARTESIAN_POINT('',(2.0016331946,1.673157830628,171.79174281524)
  );
#2829 = CARTESIAN_POINT('',(0.887214389628,2.453330358645,
    172.13871587476));
#2830 = CARTESIAN_POINT('',(-0.412925185273,2.460489467246,
    172.48663461753));
#2831 = CARTESIAN_POINT('',(-1.423962020743,1.834917318673,
    172.83385500496));
#2832 = CARTESIAN_POINT('',(-1.918759887493,0.89603471409,
    173.18144398185));
#2833 = CARTESIAN_POINT('',(-1.902298536231,-3.368181486478E-02,
    173.52890047298));
#2834 = CARTESIAN_POINT('',(-1.885837405557,-0.963396440901,
    173.8763733077));
#2835 = CARTESIAN_POINT('',(-1.358112938328,-1.884177592643,
    174.22393662026));
#2836 = CARTESIAN_POINT('',(-0.325564462125,-2.473562914916,
    174.57118932673));
#2837 = CARTESIAN_POINT('',(0.9735068385,-2.420386874576,174.91907508352
    ));
#2838 = CARTESIAN_POINT('',(2.059608782971,-1.601249464048,
    175.26607538937));
#2839 = CARTESIAN_POINT('',(2.46778172202,-0.366822963303,
    175.61396114694));
#2840 = CARTESIAN_POINT('',(2.184886704987,0.787950531555,
    175.96121385221));
#2841 = CARTESIAN_POINT('',(1.444609549238,1.548424577686,
    176.30877716595));
#2842 = CARTESIAN_POINT('',(0.555224180762,1.819780287474,
    176.65624999981));
#2843 = CARTESIAN_POINT('',(-0.334162956445,2.091136732286,
    177.00370649232));
#2844 = CARTESIAN_POINT('',(-1.372880818255,1.873442730043,
    177.35129546598));
#2845 = CARTESIAN_POINT('',(-2.252240686538,1.073278861419,
    177.69851585891));
#2846 = CARTESIAN_POINT('',(-2.602695703358,-0.178757658738,
    178.04643459452));
#2847 = CARTESIAN_POINT('',(-2.15886278558,-1.464685646807,
    178.39340766117));
#2848 = CARTESIAN_POINT('',(-1.110736104849,-2.234003222714,
    178.74131136615));
#2849 = CARTESIAN_POINT('',(7.496530216262E-02,-2.32141674326,
    179.08855496105));
#2850 = CARTESIAN_POINT('',(1.026826659261,-1.85206443256,
    179.43612155784));
#2851 = CARTESIAN_POINT('',(1.559491092787,-1.089890690437,
    179.7835937497));
#2852 = CARTESIAN_POINT('',(2.092156843029,-0.327715514784,
    180.13105024274));
#2853 = CARTESIAN_POINT('',(2.20575937293,0.727471644209,180.47863921487
    ));
#2854 = CARTESIAN_POINT('',(1.71614669086,1.81089926804,180.82585961098)
  );
#2855 = CARTESIAN_POINT('',(0.633453989985,2.530753893201,
    181.17377834173));
#2856 = CARTESIAN_POINT('',(-0.72668008452,2.505579499081,
    181.52075141399));
#2857 = CARTESIAN_POINT('',(-1.781989138605,1.746144267417,
    181.86865511401));
#2858 = CARTESIAN_POINT('',(-2.231171914606,0.645342839463,
    182.21589871228));
#2859 = CARTESIAN_POINT('',(-2.078594605384,-0.40491988944,
    182.56346530732));
#2860 = CARTESIAN_POINT('',(-1.51808781625,-1.146858128862,
    182.91093749985));
#2861 = CARTESIAN_POINT('',(-0.957580069982,-1.88879806337,
    183.25839399212));
#2862 = CARTESIAN_POINT('',(1.099712511947E-02,-2.322599506328,
    183.60598296642));
#2863 = CARTESIAN_POINT('',(1.192654486004,-2.191367359065,
    183.95320335826));
#2864 = CARTESIAN_POINT('',(2.211587466486,-1.383784702085,
    184.30112209517));
#2865 = CARTESIAN_POINT('',(2.607530835853,-8.231349726458E-02,
    184.64809516086));
#2866 = CARTESIAN_POINT('',(2.210974861138,1.155895867619,
    184.99599886596));
#2867 = CARTESIAN_POINT('',(1.302608645587,1.922968072806,
    185.34324246162));
#2868 = CARTESIAN_POINT('',(0.256542747346,2.102070757423,185.6908090572
    ));
#2869 = CARTESIAN_POINT('',(-0.622190738474,1.797985781518,
    186.03828125016));
#2870 = CARTESIAN_POINT('',(-1.500926132264,1.493900418483,
    186.38573774127));
#2871 = CARTESIAN_POINT('',(-2.212549236237,0.706551682408,
    186.73332671782));
#2872 = CARTESIAN_POINT('',(-2.452517446955,-0.457901516727,
    187.08054710675));
#2873 = CARTESIAN_POINT('',(-1.998936073874,-1.676375195306,
    187.42846584611));
#2874 = CARTESIAN_POINT('',(-0.883266027221,-2.454757360099,
    187.77543891082));
#2875 = CARTESIAN_POINT('',(0.416885290247,-2.459819454375,
    188.1233426153));
#2876 = CARTESIAN_POINT('',(1.426913075229,-1.832625048534,
    188.4705862125));
#2877 = CARTESIAN_POINT('',(1.920199547214,-0.892944202731,
    188.81815280651));
#2878 = CARTESIAN_POINT('',(1.902241877291,3.674269808242E-02,
    189.16562500054));
#2879 = CARTESIAN_POINT('',(1.884284428179,0.966431533509,
    189.51308148987));
#2880 = CARTESIAN_POINT('',(1.35507877688,1.88635916768,189.86067047104)
  );
#2881 = CARTESIAN_POINT('',(0.321582995958,2.474085690952,
    190.20789085145));
#2882 = CARTESIAN_POINT('',(-0.977400965965,2.418815117564,
    190.55580960269));
#2883 = CARTESIAN_POINT('',(-2.062183226664,1.597933950514,
    190.9027826546));
#2884 = CARTESIAN_POINT('',(-2.468368884543,0.362850031648,
    191.25068636978));
#2885 = CARTESIAN_POINT('',(-2.183615736419,-0.791465607086,
    191.5979299601));
#2886 = CARTESIAN_POINT('',(-1.442115608578,-1.550747633257,
    191.94549655737));
#2887 = CARTESIAN_POINT('',(-0.552294667735,-1.820671520504,
    192.29296875042));
#2888 = CARTESIAN_POINT('',(0.33752800206,-2.09059627641,192.64042459852
    ));
#2889 = CARTESIAN_POINT('',(1.375894375446,-1.871230506312,
    192.98801686136));
#2890 = CARTESIAN_POINT('',(2.253964697118,-1.069653286071,
    193.33522813304));
#2891 = CARTESIAN_POINT('',(2.602405401,0.18294736196,193.68316483064));
#2892 = CARTESIAN_POINT('',(2.156501641969,1.46815676106,194.03011064296
    ));
#2893 = CARTESIAN_POINT('',(1.107140360836,2.235789621046,
    194.37804733897));
#2894 = CARTESIAN_POINT('',(-7.870235022491E-02,2.321291640654,
    194.72525861288));
#2895 = CARTESIAN_POINT('',(-1.029805377792,1.850410448155,
    195.07285087388));
#2896 = CARTESIAN_POINT('',(-1.561243551997,1.08737884702,
    195.42030672301));
#2897 = CARTESIAN_POINT('',(-2.092680861529,0.324348938934,
    195.76777955813));
#2898 = CARTESIAN_POINT('',(-2.204586713945,-0.731022144253,
    196.11534286881));
#2899 = CARTESIAN_POINT('',(-1.713228819593,-1.813657278323,
    196.46259557952));
#2900 = CARTESIAN_POINT('',(-0.629381170018,-2.531771619025,
    196.81048132973));
#2901 = CARTESIAN_POINT('',(0.730712442902,-2.504405620466,
    197.15748164316));
#2902 = CARTESIAN_POINT('',(1.784796681954,-1.743274653164,
    197.50536739417));
#2903 = CARTESIAN_POINT('',(2.232207829895,-0.641750854157,
    197.85262010362));
#2904 = CARTESIAN_POINT('',(2.07794018368,0.408264638978,198.20018341557
    ));
#2905 = CARTESIAN_POINT('',(1.516240071696,1.149299887134,
    198.54765624975));
#2906 = CARTESIAN_POINT('',(0.954539027819,1.890336791927,
    198.89511210058));
#2907 = CARTESIAN_POINT('',(-1.473544415267E-02,2.322578698128,
    199.2427043571));
#2908 = CARTESIAN_POINT('',(-1.196179062831,2.189445284678,
    199.58991563957));
#2909 = CARTESIAN_POINT('',(-2.213812960214,1.38022309318,
    199.93785232293));
#2910 = CARTESIAN_POINT('',(-2.6076581993,7.811737763253E-02,
    200.28479815005));
#2911 = CARTESIAN_POINT('',(-2.209113570779,-1.159453421436,
    200.63273483386));
#2912 = CARTESIAN_POINT('',(-1.299510428619,-1.925061450546,
    200.97994611569));
#2913 = CARTESIAN_POINT('',(-0.253160460736,-2.10248132538,
    201.32753837275));
#2914 = CARTESIAN_POINT('',(0.625084286603,-1.796981864194,
    201.67499422328));
#2915 = CARTESIAN_POINT('',(4.486814009414,6.106226635438E-16,
    -1.37267138445));
#2916 = CARTESIAN_POINT('',(4.486832634858,2.192836692194,
    -1.025198775475));
#2917 = CARTESIAN_POINT('',(3.280897711592,4.38604866931,-0.677675346451
    ));
#2918 = CARTESIAN_POINT('',(0.870960009583,5.818669631611,
    -0.330293304784));
#2919 = CARTESIAN_POINT('',(-2.194372203302,5.747800699123,
    1.735661969157E-02));
#2920 = CARTESIAN_POINT('',(-4.789562220745,3.861430113417,
    0.364643788417));
#2921 = CARTESIAN_POINT('',(-5.803335035365,0.968020663362,
    0.712287946505));
#2922 = CARTESIAN_POINT('',(-5.1846847649,-1.766710081935,1.059678889353
    ));
#2923 = CARTESIAN_POINT('',(-3.470854496278,-3.590700909899,
    1.407193733837));
#2924 = CARTESIAN_POINT('',(-1.385128157785,-4.267659773409,
    1.754672365551));
#2925 = CARTESIAN_POINT('',(0.700595726169,-4.944629963948,
    2.102144974522));
#2926 = CARTESIAN_POINT('',(3.158967507322,-4.474666134041,
    2.449668403556));
#2927 = CARTESIAN_POINT('',(5.265587349588,-2.624705218467,
    2.797050445203));
#2928 = CARTESIAN_POINT('',(6.144481250834,0.312781716229,3.14470036971)
  );
#2929 = CARTESIAN_POINT('',(5.151411984007,3.363555166465,3.491987538397
    ));
#2930 = CARTESIAN_POINT('',(2.712291079156,5.221038080628,3.839631696523
    ));
#2931 = CARTESIAN_POINT('',(-7.984834900909E-02,5.476846251843,
    4.18702263934));
#2932 = CARTESIAN_POINT('',(-2.343826045615,4.409812175868,
    4.534537483845));
#2933 = CARTESIAN_POINT('',(-3.631605832987,2.634945735482,
    4.882016115547));
#2934 = CARTESIAN_POINT('',(-4.919395294583,0.860085410826,
    5.229488478316));
#2935 = CARTESIAN_POINT('',(-5.23131419417,-1.623293885605,
    5.577013166763));
#2936 = CARTESIAN_POINT('',(-4.122044436806,-4.198116818033,
    5.924391713419));
#2937 = CARTESIAN_POINT('',(-1.599369944042,-5.940924001837,
    6.272048523071));
#2938 = CARTESIAN_POINT('',(1.608977089015,-5.9381550668,6.619325242094)
  );
#2939 = CARTESIAN_POINT('',(4.128698508994,-4.191610477836,
    6.966982051611));
#2940 = CARTESIAN_POINT('',(5.233992905945,-1.614806932527,
    7.314360598424));
#2941 = CARTESIAN_POINT('',(4.917977923015,0.867982516639,7.661885286783
    ));
#2942 = CARTESIAN_POINT('',(3.627363466423,2.640789667416,8.009357649575
    ));
#2943 = CARTESIAN_POINT('',(2.336740245571,4.413590066027,8.356836527478
    ));
#2944 = CARTESIAN_POINT('',(7.096654469394E-02,5.476928963081,
    8.704350112596));
#2945 = CARTESIAN_POINT('',(-2.720554723429,5.216707766349,
    9.051744550369));
#2946 = CARTESIAN_POINT('',(-5.156990928503,3.355277499894,
    9.399381823306));
#2947 = CARTESIAN_POINT('',(-6.14483027765,0.30278983223,9.746679441858)
  );
#2948 = CARTESIAN_POINT('',(-5.261441330746,-2.63304867361,
    10.094316714664));
#2949 = CARTESIAN_POINT('',(-3.151728871719,-4.479826457922,
    10.441711152589));
#2950 = CARTESIAN_POINT('',(-0.692643356372,-4.945726018849,
    10.789224737623));
#2951 = CARTESIAN_POINT('',(1.391994828433,-4.265424990873,
    11.136703615546));
#2952 = CARTESIAN_POINT('',(3.476638037314,-3.585134280486,
    11.48417622454));
#2953 = CARTESIAN_POINT('',(5.187501466202,-1.758277925111,
    11.831699653513));
#2954 = CARTESIAN_POINT('',(5.801771732634,0.977206417698,
    12.179081695273));
#2955 = CARTESIAN_POINT('',(4.783407099272,3.869302103093,
    12.526731619622));
#2956 = CARTESIAN_POINT('',(2.184979061806,5.751209897732,
    12.874018788482));
#2957 = CARTESIAN_POINT('',(-0.880177520096,5.817305997638,
    13.221662946459));
#2958 = CARTESIAN_POINT('',(-3.288039950792,4.380754947138,
    13.569053889376));
#2959 = CARTESIAN_POINT('',(-4.490330301778,2.185611525346,
    13.916568733829));
#2960 = CARTESIAN_POINT('',(-4.486808198449,-7.221176149983E-03,
    14.264047365552));
#2961 = CARTESIAN_POINT('',(-4.483297515826,-2.200054627315,
    14.611519728298));
#2962 = CARTESIAN_POINT('',(-3.273834908517,-4.39132511078,
    14.959044416805));
#2963 = CARTESIAN_POINT('',(-0.861593089901,-5.820059493162,
    15.306422963352));
#2964 = CARTESIAN_POINT('',(2.203618048552,-5.744269293048,
    15.654079773151));
#2965 = CARTESIAN_POINT('',(4.795773362711,-3.853706102227,
    16.001356492023));
#2966 = CARTESIAN_POINT('',(5.80488255029,-0.958690958522,
    16.349013301659));
#2967 = CARTESIAN_POINT('',(5.181837230781,1.7750622757,16.6963918484));
#2968 = CARTESIAN_POINT('',(3.465069255562,3.596275233415,
    17.043916536793));
#2969 = CARTESIAN_POINT('',(1.378258879837,4.269887380864,
    17.391388899572));
#2970 = CARTESIAN_POINT('',(-0.708554607252,4.943488911154,
    17.738867777478));
#2971 = CARTESIAN_POINT('',(-3.16616247883,4.469586365076,18.0863813626)
  );
#2972 = CARTESIAN_POINT('',(-5.269807710359,2.616215705595,
    18.433775800361));
#2973 = CARTESIAN_POINT('',(-6.143967219891,-0.322659788539,
    18.781413073311));
#2974 = CARTESIAN_POINT('',(-5.145993881854,-3.371849313297,
    19.128710691859));
#2975 = CARTESIAN_POINT('',(-2.703883615864,-5.225392194484,
    19.476347964661));
#2976 = CARTESIAN_POINT('',(8.866235283909E-02,-5.476712422723,
    19.823742402589));
#2977 = CARTESIAN_POINT('',(2.350920366745,-4.406033828945,
    20.171255987626));
#2978 = CARTESIAN_POINT('',(3.635841868663,-2.629097537424,
    20.518734865542));
#2979 = CARTESIAN_POINT('',(4.920773504839,-0.852166630128,
    20.866207474549));
#2980 = CARTESIAN_POINT('',(5.228693449992,1.631710001827,
    21.213730903504));
#2981 = CARTESIAN_POINT('',(4.115285997846,4.204748360622,
    21.561112945276));
#2982 = CARTESIAN_POINT('',(1.589800316404,5.943485273499,
    21.908762869635));
#2983 = CARTESIAN_POINT('',(-1.618523620013,5.935564849272,
    22.256050038454));
#2984 = CARTESIAN_POINT('',(-4.135448386778,4.184952589581,
    22.603694196495));
#2985 = CARTESIAN_POINT('',(-5.23657700554,1.606387839321,
    22.951085139345));
#2986 = CARTESIAN_POINT('',(-4.916580221734,-0.875901182622,
    23.29859998385));
#2987 = CARTESIAN_POINT('',(-3.623105552464,-2.64662164106,
    23.646078615542));
#2988 = CARTESIAN_POINT('',(-2.329639509308,-4.417349839902,
    23.993551224554));
#2989 = CARTESIAN_POINT('',(-6.214373692044E-02,-5.477029384609,
    24.34107465349));
#2990 = CARTESIAN_POINT('',(2.728937927317,-5.212330132447,
    24.688456695301));
#2991 = CARTESIAN_POINT('',(5.162392687397,-3.346966385049,
    25.036106619598));
#2992 = CARTESIAN_POINT('',(6.145303532111,-0.292904911431,25.3833937885
    ));
#2993 = CARTESIAN_POINT('',(5.257200270872,2.641516013363,
    25.731037946447));
#2994 = CARTESIAN_POINT('',(3.144513455129,4.48489194466,26.078428889387
    ));
#2995 = CARTESIAN_POINT('',(0.684683041473,4.94683465376,26.425943733821
    ));
#2996 = CARTESIAN_POINT('',(-1.398857893468,4.263179159835,
    26.773422365556));
#2997 = CARTESIAN_POINT('',(-3.482403527842,3.579534260424,
    27.120894974503));
#2998 = CARTESIAN_POINT('',(-5.190324558495,1.749926769988,
    27.468418403592));
#2999 = CARTESIAN_POINT('',(-5.800191481383,-0.986542649609,
    27.815800445154));
#3000 = CARTESIAN_POINT('',(-4.777173565171,-3.876995611661,
    28.163450369756));
#3001 = CARTESIAN_POINT('',(-2.175720109504,-5.754719001898,
    28.510737538368));
#3002 = CARTESIAN_POINT('',(0.889538879015,-5.815881886768,
    28.858381696529));
#3003 = CARTESIAN_POINT('',(3.295086174801,-4.375457430423,
    29.205772639352));
#3004 = CARTESIAN_POINT('',(4.493842057039,-2.17838185937,
    29.553287483827));
#3005 = CARTESIAN_POINT('',(4.486790765558,1.444233359311E-02,
    29.900766115561));
#3006 = CARTESIAN_POINT('',(4.479750893666,2.207267294612,
    30.248238478262));
#3007 = CARTESIAN_POINT('',(3.266763174122,4.39658840468,30.595763166897
    ));
#3008 = CARTESIAN_POINT('',(0.85222504381,5.821438622074,30.943141713182
    ));
#3009 = CARTESIAN_POINT('',(-2.212860146916,5.740715302877,
    31.290798523389));
#3010 = CARTESIAN_POINT('',(-4.801969389927,3.845982688847,
    31.63807524177));
#3011 = CARTESIAN_POINT('',(-5.806417970441,0.949347212856,
    31.985732051868));
#3012 = CARTESIAN_POINT('',(-5.178973695814,-1.783399738654,
    32.333110598266));
#3013 = CARTESIAN_POINT('',(-3.459276844201,-3.601847333595,
    32.680635286858));
#3014 = CARTESIAN_POINT('',(-1.371385045129,-4.272100050734,
    33.028107649549));
#3015 = CARTESIAN_POINT('',(0.716509471541,-4.942341909493,
    33.375586281234));
#3016 = CARTESIAN_POINT('',(3.17335337827,-4.464485856893,
    33.723101125996));
#3017 = CARTESIAN_POINT('',(5.274007682217,-2.607728594766,
    34.070492068168));
#3018 = CARTESIAN_POINT('',(6.143446704992,0.332543383503,
    34.418136227267));
#3019 = CARTESIAN_POINT('',(5.140551237692,3.380132818208,
    34.765423394927));
#3020 = CARTESIAN_POINT('',(2.6954803606,5.229730782883,35.113073320248)
  );
#3021 = CARTESIAN_POINT('',(-9.748543875074E-02,5.476568187234,
    35.460455361379));
#3022 = CARTESIAN_POINT('',(-2.358002287638,4.402240614047,
    35.807978790687));
#3023 = CARTESIAN_POINT('',(-3.640071877089,2.623244654101,
    36.15545139954));
#3024 = CARTESIAN_POINT('',(-4.92213242634,0.84424204041,36.502930277534
    ));
#3025 = CARTESIAN_POINT('',(-5.226069428769,-1.640117509212,
    36.850443862524));
#3026 = CARTESIAN_POINT('',(-4.108503348611,-4.211372478883,
    37.197838300448));
#3027 = CARTESIAN_POINT('',(-1.580241933816,-5.946030437955,
    37.545475573224));
#3028 = CARTESIAN_POINT('',(1.628081088415,-5.932956496871,
    37.892773191935));
#3029 = CARTESIAN_POINT('',(4.142174587454,-4.178289109275,
    38.240410464604));
#3030 = CARTESIAN_POINT('',(5.239157129356,-1.597958869351,
    38.587804902625));
#3031 = CARTESIAN_POINT('',(4.915163783038,0.883813135573,
    38.935318487609));
#3032 = CARTESIAN_POINT('',(3.618841329607,2.652449318313,
    39.282797365549));
#3033 = CARTESIAN_POINT('',(2.322527113179,4.421093491482,39.63026997453
    ));
#3034 = CARTESIAN_POINT('',(5.332880602098E-02,5.477122306623,
    39.977793403534));
#3035 = CARTESIAN_POINT('',(-2.737323230479,5.207931369805,
    40.325175445249));
#3036 = CARTESIAN_POINT('',(-5.167772682188,3.338653583091,
    40.672825369635));
#3037 = CARTESIAN_POINT('',(-6.145766980643,0.283014146828,
    41.020112538489));
#3038 = CARTESIAN_POINT('',(-5.252942148831,-2.64997364489,
    41.367756696434));
#3039 = CARTESIAN_POINT('',(-3.137291299867,-4.489946984565,
    41.715147639408));
#3040 = CARTESIAN_POINT('',(-0.676720611326,-4.947930190838,
    42.062662483803));
#3041 = CARTESIAN_POINT('',(1.405717335125,-4.26092228614,
    42.410141115567));
#3042 = CARTESIAN_POINT('',(3.488159998112,-3.573924968515,
    42.757613724463));
#3043 = CARTESIAN_POINT('',(5.193134206591,-1.741571082106,
    43.105137153688));
#3044 = CARTESIAN_POINT('',(5.798596206247,0.995876326084,
    43.452519194992));
#3045 = CARTESIAN_POINT('',(4.77092765707,3.88467907795,43.800169119961)
  );
#3046 = CARTESIAN_POINT('',(2.166455521496,5.7582131999,44.147456288175)
  );
#3047 = CARTESIAN_POINT('',(-0.898897933732,5.814442711402,
    44.495100446662));
#3048 = CARTESIAN_POINT('',(-3.302123863805,4.370148580211,
    44.84249138929));
#3049 = CARTESIAN_POINT('',(-4.497342172144,2.171146550865,
    45.190006233839));
#3050 = CARTESIAN_POINT('',(-4.486761710809,-2.16634536275E-02,
    45.537484865567));
#3051 = CARTESIAN_POINT('',(-4.476192775396,-2.214474675926,
    45.88495747447));
#3052 = CARTESIAN_POINT('',(-3.259682535504,-4.401838535182,
    46.232480903672));
#3053 = CARTESIAN_POINT('',(-0.842855874246,-5.822807020235,
    46.579862945004));
#3054 = CARTESIAN_POINT('',(2.222098436836,-5.737138728028,
    46.92751286997));
#3055 = CARTESIAN_POINT('',(4.80815033775,-3.838259906775,
    47.274800038142));
#3056 = CARTESIAN_POINT('',(5.807941235892,-0.93998943585,
    47.622444196706));
#3057 = CARTESIAN_POINT('',(5.176094216346,1.79172243637,47.969835139252
    ));
#3058 = CARTESIAN_POINT('',(3.453477242999,3.607417204925,
    48.317349983863));
#3059 = CARTESIAN_POINT('',(1.364506690157,4.274297772441,
    48.664828615557));
#3060 = CARTESIAN_POINT('',(-0.724461085776,4.941189443227,
    49.012300978293));
#3061 = CARTESIAN_POINT('',(-3.180537038695,4.459362665486,
    49.359825666805));
#3062 = CARTESIAN_POINT('',(-5.278194901951,2.599248686316,
    49.707204213363));
#3063 = CARTESIAN_POINT('',(-6.142906186503,-0.342440942475,
    50.054861023133));
#3064 = CARTESIAN_POINT('',(-5.13510259797,-3.388394040964,
    50.402137742039));
#3065 = CARTESIAN_POINT('',(-2.687061110509,-5.234066522813,
    50.749794551655));
#3066 = CARTESIAN_POINT('',(0.106299862776,-5.476402423863,
    51.097173098393));
#3067 = CARTESIAN_POINT('',(2.365084188235,-4.398440323879,
    51.444697786803));
#3068 = CARTESIAN_POINT('',(3.644289069779,-2.617382845733,
    51.792170149563));
#3069 = CARTESIAN_POINT('',(4.923484793273,-0.836319160012,
    52.139649027443));
#3070 = CARTESIAN_POINT('',(5.223423019194,1.6485263352,52.48716261273)
  );
#3071 = CARTESIAN_POINT('',(4.101720153555,4.21797933896,52.83455705012)
  );
#3072 = CARTESIAN_POINT('',(1.57067021591,5.94856601349,53.182194323612)
  );
#3073 = CARTESIAN_POINT('',(-1.637627608936,5.93032854327,
    53.529491941598));
#3074 = CARTESIAN_POINT('',(-4.148893852392,4.171617192276,
    53.877129214805));
#3075 = CARTESIAN_POINT('',(-5.24172213378,1.589524786153,
    54.224523652566));
#3076 = CARTESIAN_POINT('',(-4.913734989258,-0.891722562563,
    54.572037237583));
#3077 = CARTESIAN_POINT('',(-3.614567733036,-2.65827012504,
    54.919516115593));
#3078 = CARTESIAN_POINT('',(-2.315408868243,-4.424825279446,
    55.266988478163));
#3079 = CARTESIAN_POINT('',(-4.451304964317E-02,-5.477202737034,
    55.614513167092));
#3080 = CARTESIAN_POINT('',(2.745699760026,-5.203514964174,
    55.961891712905));
#3081 = CARTESIAN_POINT('',(5.173142277448,-3.330339502394,
    56.309548523681));
#3082 = CARTESIAN_POINT('',(6.146210410114,-0.273112530287,
    56.656825241534));
#3083 = CARTESIAN_POINT('',(5.248674899057,2.65841335829,57.004482052015
    ));
#3084 = CARTESIAN_POINT('',(3.130057091856,4.495000085862,
    57.351860598197));
#3085 = CARTESIAN_POINT('',(0.66875917625,4.949006128828,57.69938528688)
  );
#3086 = CARTESIAN_POINT('',(-1.412574638074,4.258658084116,
    58.046857649546));
#3087 = CARTESIAN_POINT('',(-3.493904685274,3.568299636559,
    58.394336527485));
#3088 = CARTESIAN_POINT('',(-5.195934329569,1.733220574482,
    58.741850112671));
#3089 = CARTESIAN_POINT('',(-5.79698143294,-1.005218476974,
    59.089244550157));
#3090 = CARTESIAN_POINT('',(-4.764673490713,-3.892342363095,
    59.436881823641));
#3091 = CARTESIAN_POINT('',(-2.157182336161,-5.761699852119,
    59.784179441488));
#3092 = CARTESIAN_POINT('',(0.908252977234,-5.812984321749,
    60.131816714965));
#3093 = CARTESIAN_POINT('',(3.309153686653,-4.364830105962,
    60.479211152411));
#3094 = CARTESIAN_POINT('',(4.500830470987,-2.163905206519,
    60.826724737695));
#3095 = CARTESIAN_POINT('',(4.486721034345,2.8884517557E-02,
    61.174203615532));
#3096 = CARTESIAN_POINT('',(4.472622847309,2.221675458461,
    61.521675978394));
#3097 = CARTESIAN_POINT('',(3.252594339416,4.407080814134,
    61.869200666557));
#3098 = CARTESIAN_POINT('',(0.833482352187,5.824151640056,
    62.216579213791));
#3099 = CARTESIAN_POINT('',(-2.231327122826,5.733562721213,
    62.56423602258));
#3100 = CARTESIAN_POINT('',(-4.814324114524,3.830505997602,
    62.911512742584));
#3101 = CARTESIAN_POINT('',(-5.809443686412,0.930652367119,
    63.259169551242));
#3102 = CARTESIAN_POINT('',(-5.173206388942,-1.800060783652,
    63.606548098633));
#3103 = CARTESIAN_POINT('',(-3.447665155543,-3.61296353109,
    63.954072786696));
#3104 = CARTESIAN_POINT('',(-1.357626736822,-4.276492187314,
    64.301545149598));
#3105 = CARTESIAN_POINT('',(0.732414364421,-4.94000997692,
    64.649023781231));
#3106 = CARTESIAN_POINT('',(3.187707401456,-4.454248214091,
    64.996538625845));
#3107 = CARTESIAN_POINT('',(5.282374220391,-2.590738901597,
    65.343929568561));
#3108 = CARTESIAN_POINT('',(6.142344474277,0.352316428686,
    65.691573726658));
#3109 = CARTESIAN_POINT('',(5.129644503749,3.396661916181,
    66.038860895596));
#3110 = CARTESIAN_POINT('',(2.678632732399,5.238380008983,
    66.386510819699));
#3111 = CARTESIAN_POINT('',(-0.115113126463,5.476226025734,
    66.733892861719));
#3112 = CARTESIAN_POINT('',(-2.372160177728,4.394627777902,
    67.081416290532));
#3113 = CARTESIAN_POINT('',(-3.648496822889,2.611514257711,
    67.428888899588));
#3114 = CARTESIAN_POINT('',(-4.924824066986,0.828394399723,
    67.776367531293));
#3115 = CARTESIAN_POINT('',(-5.220764479297,-1.656932069626,
    68.123882375669));
#3116 = CARTESIAN_POINT('',(-4.094922906679,-4.224572386646,
    68.471273318897));
#3117 = CARTESIAN_POINT('',(-1.561100509605,-5.951091303185,
    68.818917476191));
#3118 = CARTESIAN_POINT('',(1.647178235175,-5.927678194425,
    69.166204646085));
#3119 = CARTESIAN_POINT('',(4.155593252183,-4.16494215493,
    69.513854569311));
#3120 = CARTESIAN_POINT('',(5.244281555342,-1.581079847264,
    69.861236611948));
#3121 = CARTESIAN_POINT('',(4.912287872451,0.899624963377,
    70.208760040438));
#3122 = CARTESIAN_POINT('',(3.610287833233,2.664086625043,
    70.556232649608));
#3123 = CARTESIAN_POINT('',(2.308278863933,4.42854130168,70.903711281166
    ));
#3124 = CARTESIAN_POINT('',(3.570585764979E-02,5.477274022733,
    71.251226126029));
#3125 = CARTESIAN_POINT('',(-2.754079973463,5.199081549542,
    71.598617068213));
#3126 = CARTESIAN_POINT('',(-5.178487150702,3.32201645753,
    71.946261227143));
#3127 = CARTESIAN_POINT('',(-6.146648082811,0.263215207568,
    72.293548395087));
#3128 = CARTESIAN_POINT('',(-5.244386166568,-2.666854358979,
    72.641198320106));
#3129 = CARTESIAN_POINT('',(-3.122820085946,-4.500033025357,
    72.988580361472));
#3130 = CARTESIAN_POINT('',(-0.660792931983,-4.950075748359,
    73.336103790642));
#3131 = CARTESIAN_POINT('',(1.419426785653,-4.256379140252,
    73.683576399555));
#3132 = CARTESIAN_POINT('',(3.499643059344,-3.562671848861,
    74.031055277513));
#3133 = CARTESIAN_POINT('',(5.198717083196,-1.724855880147,
    74.378568862547));
#3134 = CARTESIAN_POINT('',(5.795356104637,1.014546963657,
    74.725963300423));
#3135 = CARTESIAN_POINT('',(4.758402899201,3.900005690756,75.07360057327
    ));
#3136 = CARTESIAN_POINT('',(2.147906537484,5.765164206683,
    75.420898191854));
#3137 = CARTESIAN_POINT('',(-0.917607344786,5.811515030887,
    75.76853546471));
#3138 = CARTESIAN_POINT('',(-3.316174253314,4.359498629063,
    76.115929902527));
#3139 = CARTESIAN_POINT('',(-4.504307278062,2.156658669452,
    76.463443487674));
#3140 = CARTESIAN_POINT('',(-4.486668736157,-3.610550666662E-02,
    76.810922365517));
#3141 = CARTESIAN_POINT('',(-4.469041547971,-2.228871349419,
    77.158394974655));
#3142 = CARTESIAN_POINT('',(-3.245496838347,-4.412308125975,
    77.505918403228));
#3143 = CARTESIAN_POINT('',(-0.824108826224,-5.825489873395,
    77.853300445784));
#3144 = CARTESIAN_POINT('',(2.240553852185,-5.729956428073,
    78.200950368935));
#3145 = CARTESIAN_POINT('',(4.820480172109,-3.822763360379,
    78.548237539188));
#3146 = CARTESIAN_POINT('',(5.810936822743,-0.921289735179,
    78.895881695907));
#3147 = CARTESIAN_POINT('',(5.17030013495,1.80837416954,79.2432726397));
#3148 = CARTESIAN_POINT('',(3.441847655872,3.618514705593,
    79.590787483696));
#3149 = CARTESIAN_POINT('',(1.350741343384,4.278667757354,
    79.938266115581));
#3150 = CARTESIAN_POINT('',(-0.740362227801,4.938831921863,
    80.285738478166));
#3151 = CARTESIAN_POINT('',(-3.194874534322,4.449101925528,
    80.633263167117));
#3152 = CARTESIAN_POINT('',(-5.286534121923,2.582245560052,
    80.980641712837));
#3153 = CARTESIAN_POINT('',(-6.141772101694,-0.362212197322,
    81.328298523791));
#3154 = CARTESIAN_POINT('',(-5.124169298681,-3.404905557672,
    81.675575241409));
#3155 = CARTESIAN_POINT('',(-2.670199571525,-5.242688625882,
    82.023232052117));
#3156 = CARTESIAN_POINT('',(0.123926972221,-5.47603189146,82.37061059814
    ));
#3157 = CARTESIAN_POINT('',(2.379229808727,-4.390804711665,
    82.718135286896));
#3158 = CARTESIAN_POINT('',(3.652695125607,-2.605638905306,
    83.065607649551));
#3159 = CARTESIAN_POINT('',(4.926151264061,-0.82046692063,
    83.413086527592));
#3160 = CARTESIAN_POINT('',(5.218089618505,1.665331154234,
    83.760600112306));
#3161 = CARTESIAN_POINT('',(4.088121905906,4.231160267185,
    84.107994550878));
#3162 = CARTESIAN_POINT('',(1.551514601184,5.953590930732,
    84.455631822642));
#3163 = CARTESIAN_POINT('',(-1.656707900357,5.925026562585,
    84.802929442517));
#3164 = CARTESIAN_POINT('',(-4.162300125069,4.158240957422,
    85.150566714168));
#3165 = CARTESIAN_POINT('',(-5.246811403864,1.572644290493,
    85.497961152865));
#3166 = CARTESIAN_POINT('',(-4.910839222159,-0.907534466741,
    85.84547473752));
#3167 = CARTESIAN_POINT('',(-3.605992463345,-2.66989106691,
    86.192953615562));
#3168 = CARTESIAN_POINT('',(-2.301153903126,-4.432255697401,
    86.54042622446));
#3169 = CARTESIAN_POINT('',(-2.688327585649E-02,-5.477315949545,
    86.887949653707));
#3170 = CARTESIAN_POINT('',(2.762436511197,-5.194654188811,
    87.235331694958));
#3171 = CARTESIAN_POINT('',(5.183832296457,-3.313663376139,
    87.582981620004));
#3172 = CARTESIAN_POINT('',(6.147061807417,-0.253337556754,
    87.93026878813));
#3173 = CARTESIAN_POINT('',(5.240086188871,2.675305267147,
    88.277912946705));
#3174 = CARTESIAN_POINT('',(3.115576150863,4.505042272131,
    88.625303889253));
#3175 = CARTESIAN_POINT('',(0.652822886266,4.951139892731,
    88.972818733867));
#3176 = CARTESIAN_POINT('',(-1.426273742237,4.25408546779,
    89.320297365552));
#3177 = CARTESIAN_POINT('',(-3.505375138229,3.557041606748,
    89.667769974537));
#3178 = CARTESIAN_POINT('',(-5.20148241336,1.71647703938,90.015293403497
    ));
#3179 = CARTESIAN_POINT('',(-5.793720278993,-1.023861782801,
    90.362675445334));
#3180 = CARTESIAN_POINT('',(-4.752115850118,-3.907669022332,
    90.710325369508));
#3181 = CARTESIAN_POINT('',(-2.138628184579,-5.76860626815,
    91.05761253863));
#3182 = CARTESIAN_POINT('',(0.926961031715,-5.81003483497,91.40525669631
    ));
#3183 = CARTESIAN_POINT('',(3.323185537636,-4.354154166514,91.7526476395
    ));
#3184 = CARTESIAN_POINT('',(4.507772586397,-2.149406957617,
    92.100162483747));
#3185 = CARTESIAN_POINT('',(4.48660481625,4.332640223213E-02,
    92.447641115595));
#3186 = CARTESIAN_POINT('',(4.465448460999,2.236060603675,
    92.795113478141));
#3187 = CARTESIAN_POINT('',(3.238391803192,4.417527562182,
    93.142638167154));
#3188 = CARTESIAN_POINT('',(0.814731027174,5.826804313474,
    93.490016712791));
#3189 = CARTESIAN_POINT('',(-2.249770982345,5.72635073611,
    93.837673523838));
#3190 = CARTESIAN_POINT('',(-4.826628956661,3.814989616306,
    94.184950241373));
#3191 = CARTESIAN_POINT('',(-5.812409211483,0.911947881103,
    94.532607052133));
#3192 = CARTESIAN_POINT('',(-5.167385482789,-1.816703179686,
    94.879985598142));
#3193 = CARTESIAN_POINT('',(-3.436017745646,-3.624042294239,
    95.227510286886));
#3194 = CARTESIAN_POINT('',(-1.343854362252,-4.280840015512,
    95.57498264956));
#3195 = CARTESIAN_POINT('',(0.74831204707,-4.937627094447,
    95.922461527618));
#3196 = CARTESIAN_POINT('',(3.202026840473,-4.443963460064,
    96.269975112224));
#3197 = CARTESIAN_POINT('',(5.290689840441,-2.573724720331,
    96.617369550991));
#3198 = CARTESIAN_POINT('',(6.141171839087,0.372090001412,
    96.965006822564));
#3199 = CARTESIAN_POINT('',(5.118693909311,3.413150084491,
    97.312304442502));
#3200 = CARTESIAN_POINT('',(2.661747205217,5.246981227847,
    97.659941714275));
#3201 = CARTESIAN_POINT('',(-0.132730726331,5.475821630402,
    98.007336152725));
#3202 = CARTESIAN_POINT('',(-2.386299715516,4.386973255019,
    98.354849737632));
#3203 = CARTESIAN_POINT('',(-3.656880562921,2.599754700817,98.7023286155
    ));
#3204 = CARTESIAN_POINT('',(-4.927471587252,0.812541448906,
    99.049801224689));
#3205 = CARTESIAN_POINT('',(-5.215393744571,-1.67373259965,
    99.397324653191));
#3206 = CARTESIAN_POINT('',(-4.081317036315,-4.237728031942,
    99.74470669579));
#3207 = CARTESIAN_POINT('',(-1.541921464729,-5.956085999057,
    100.09235661898));
#3208 = CARTESIAN_POINT('',(1.666234857035,-5.922348368648,
    100.43964378911));
#3209 = CARTESIAN_POINT('',(4.168990910498,-4.151539030646,
    100.78728794596));
#3210 = CARTESIAN_POINT('',(5.249334099985,-1.564196959781,
    101.13467888968));
#3211 = CARTESIAN_POINT('',(4.909372634621,0.915436669357,
    101.48219373367));
#3212 = CARTESIAN_POINT('',(3.601690812285,2.675691171804,101.8296723656
    ));
#3213 = CARTESIAN_POINT('',(2.294017723171,4.435953073222,
    102.17714472808));
#3214 = CARTESIAN_POINT('',(1.806723386127E-02,5.477353814323,
    102.52466941729));
#3215 = CARTESIAN_POINT('',(-2.770791619539,5.190197390721,
    102.87204796255));
#3216 = CARTESIAN_POINT('',(-5.18916168675,3.305323466618,
    103.21970477414));
#3217 = CARTESIAN_POINT('',(-6.147457424205,0.243433914578,
    103.56698149108));
#3218 = CARTESIAN_POINT('',(-5.235778239818,-2.68372427876,
    103.91463830234));
#3219 = CARTESIAN_POINT('',(-3.10831762955,-4.510060386007,
    104.26201684802));
#3220 = CARTESIAN_POINT('',(-0.644856349083,-4.952177378401,
    104.60954153693));
#3221 = CARTESIAN_POINT('',(1.433120033121,-4.251788183368,
    104.95701389954));
#3222 = CARTESIAN_POINT('',(3.511092597838,-3.551388603428,
    105.30449277763));
#3223 = CARTESIAN_POINT('',(5.204242185563,-1.708113109984,
    105.65200636218));
#3224 = CARTESIAN_POINT('',(5.792060418182,1.033196029391,
    105.99940080107));
#3225 = CARTESIAN_POINT('',(4.745824756167,3.915302020087,
    106.34703807241));
#3226 = CARTESIAN_POINT('',(2.129338273489,5.772048107654,
    106.69433569268));
#3227 = CARTESIAN_POINT('',(-0.936308925285,5.808531293208,
    107.04197296412));
#3228 = CARTESIAN_POINT('',(-3.330189599354,4.348801812705,
    107.3893674028));
#3229 = CARTESIAN_POINT('',(-4.511225881542,2.142148855308,
    107.73688098761));
#3230 = CARTESIAN_POINT('',(-4.486529275305,-5.054718561793E-02,
    108.08435986548));
#3231 = CARTESIAN_POINT('',(-4.461844017204,-2.243244929701,
    108.43183247474));
#3232 = CARTESIAN_POINT('',(-3.231277514257,-4.422732001061,
    108.77935590306));
#3233 = CARTESIAN_POINT('',(-0.805353240452,-5.828112368702,
    109.12673794603));
#3234 = CARTESIAN_POINT('',(2.258986054137,-5.722714760904,
    109.47438786865));
#3235 = CARTESIAN_POINT('',(4.832760061076,-3.807227205606,
    109.82167503943));
#3236 = CARTESIAN_POINT('',(5.813872202981,-0.902580489938,
    110.16931919573));
#3237 = CARTESIAN_POINT('',(5.164452484319,1.825007166775,110.5167101398
    ));
#3238 = CARTESIAN_POINT('',(3.430182407873,3.6295747148,110.86422498364)
  );
#3239 = CARTESIAN_POINT('',(1.336962001649,4.282993411199,111.2117036156
    ));
#3240 = CARTESIAN_POINT('',(-0.756256077611,4.936423462455,
    111.55917622432));
#3241 = CARTESIAN_POINT('',(-3.209177369816,4.438794129775,111.906699654
    ));
#3242 = CARTESIAN_POINT('',(-5.294822384999,2.565218028117,
    112.25408169451));
#3243 = CARTESIAN_POINT('',(-6.140567610584,-0.381983867059,
    112.60173162049));
#3244 = CARTESIAN_POINT('',(-5.113192206251,-3.421376073317,
    112.94901878776));
#3245 = CARTESIAN_POINT('',(-2.653300209428,-5.251262661708,
    113.29666294686));
#3246 = CARTESIAN_POINT('',(0.141543892524,-5.475599140776,
    113.64405388926));
#3247 = CARTESIAN_POINT('',(2.39335701057,-4.383127442774,
    113.99156873378));
#3248 = CARTESIAN_POINT('',(3.661059928437,-2.593865870525,
    114.33904736562));
#3249 = CARTESIAN_POINT('',(4.928772589542,-0.804610305081,
    114.68651972805));
#3250 = CARTESIAN_POINT('',(5.212694640406,1.682125387114,
    115.03404441733));
#3251 = CARTESIAN_POINT('',(4.074488047559,4.244288197441,
    115.38142296249));
#3252 = CARTESIAN_POINT('',(1.532339667091,5.958565043473,
    115.72907977421));
#3253 = CARTESIAN_POINT('',(-1.6757725691,5.919651944746,116.07635649098
    ));
#3254 = CARTESIAN_POINT('',(-4.175658005961,4.144831721516,
    116.42401330244));
#3255 = CARTESIAN_POINT('',(-5.25185271712,1.555739762804,
    116.77139184793));
#3256 = CARTESIAN_POINT('',(-4.907887379664,-0.92333199109,
    117.11891653699));
#3257 = CARTESIAN_POINT('',(-3.597382879022,-2.681486939711,
    117.46638889951));
#3258 = CARTESIAN_POINT('',(-2.286869859817,-4.43963462646,
    117.81386753128));
#3259 = CARTESIAN_POINT('',(-9.259800686384E-03,-5.477382576289,
    118.16138237594));
#3260 = CARTESIAN_POINT('',(2.779150330017,-5.185723565473,
    118.50877331819));
#3261 = CARTESIAN_POINT('',(5.194466311672,-3.296974712928,
    118.85641747727));
#3262 = CARTESIAN_POINT('',(6.147847305297,-0.233534593633,
    119.2037046449));
#3263 = CARTESIAN_POINT('',(5.23144880192,2.692144473781,119.55135457027
    ));
#3264 = CARTESIAN_POINT('',(3.101056407781,4.515058324857,
    119.89873661136));
#3265 = CARTESIAN_POINT('',(0.636885033267,4.953208522426,
    120.24626004068));
#3266 = CARTESIAN_POINT('',(-1.439961097526,4.249476182214,
    120.59373264954));
#3267 = CARTESIAN_POINT('',(-3.516803732771,3.545733175242,
    120.94121152755));
#3268 = CARTESIAN_POINT('',(-5.206984519691,1.699735076569,
    121.28872511247));
#3269 = CARTESIAN_POINT('',(-5.790390068694,-1.042516558429,
    121.6361195505));
#3270 = CARTESIAN_POINT('',(-4.739517237658,-3.922934984202,
    121.98375682319));
#3271 = CARTESIAN_POINT('',(-2.120045855286,-5.775467634514,
    122.33105444192));
#3272 = CARTESIAN_POINT('',(0.945656088761,-5.807016855054,
    122.67869171465));
#3273 = CARTESIAN_POINT('',(3.337184343026,-4.343436500671,
    123.02608615256));
#3274 = CARTESIAN_POINT('',(4.514667659911,-2.134885615825,
    123.37359973765));
#3275 = CARTESIAN_POINT('',(4.486442112894,5.776783803284E-02,
    123.72107861552));
#3276 = CARTESIAN_POINT('',(4.458227911567,2.250423013331,
    124.06855122461));
#3277 = CARTESIAN_POINT('',(3.224155287763,4.427926761568,
    124.41607465334));
#3278 = CARTESIAN_POINT('',(0.795972307096,5.829400973307,
    124.76345669554));
#3279 = CARTESIAN_POINT('',(-2.268193390777,5.719071688603,
    125.11110661928));
#3280 = CARTESIAN_POINT('',(-4.838881236096,3.799444324698,
    125.45839378879));
#3281 = CARTESIAN_POINT('',(-5.815317306069,0.893222349264,
    125.80603794623));
#3282 = CARTESIAN_POINT('',(-5.161508589536,-1.833316585957,
    126.15342888948));
#3283 = CARTESIAN_POINT('',(-3.424336448746,-3.635090624057,
    126.50094373379));
#3284 = CARTESIAN_POINT('',(-1.330067127299,-4.285139600046,
    126.84842236555));
#3285 = CARTESIAN_POINT('',(0.764199506645,-4.935199701422,
    127.19589472828));
#3286 = CARTESIAN_POINT('',(3.216318664817,-4.433624418325,
    127.54341941684));
#3287 = CARTESIAN_POINT('',(5.298940225754,-2.556690759503,
    127.89079796327));
#3288 = CARTESIAN_POINT('',(6.139951661688,0.391861977656,
    128.23845477325));
#3289 = CARTESIAN_POINT('',(5.107669841079,3.429606633555,128.5857314919
    ));
#3290 = CARTESIAN_POINT('',(2.644855442786,5.255519904243,
    128.93338830176));
#3291 = CARTESIAN_POINT('',(-0.150365170951,5.475369712169,
    129.28076684833));
#3292 = CARTESIAN_POINT('',(-2.400401973272,4.379266019166,
    129.62829153681));
#3293 = CARTESIAN_POINT('',(-3.665233222033,2.587972413529,
    129.97576389957));
#3294 = CARTESIAN_POINT('',(-4.930055262794,0.79667267407,130.3232427776
    ));
#3295 = CARTESIAN_POINT('',(-5.20998816346,-1.690505976952,
    130.67075636217));
#3296 = CARTESIAN_POINT('',(-4.067645160403,-4.250849418016,
    131.01815080118));
#3297 = CARTESIAN_POINT('',(-1.522751099546,-5.961012632848,
    131.36578807219));
#3298 = CARTESIAN_POINT('',(1.685296091078,-5.916958503215,
    131.71308569297));
#3299 = CARTESIAN_POINT('',(4.182328630475,-4.138095868271,
    132.06072296383));
#3300 = CARTESIAN_POINT('',(5.254343364211,-1.547293049862,
    132.40811740301));
#3301 = CARTESIAN_POINT('',(4.906400179105,0.931234641276,
    132.75563098749));
#3302 = CARTESIAN_POINT('',(3.593059533805,2.687270574736,
    133.10310986553));
#3303 = CARTESIAN_POINT('',(2.27972721834,4.443314167186,133.45058222831
    ));
#3304 = CARTESIAN_POINT('',(4.3641890149E-04,5.477383594942,
    133.79810691677));
#3305 = CARTESIAN_POINT('',(-2.78748367855,5.181251769564,
    134.14548546341));
#3306 = CARTESIAN_POINT('',(-5.199774108077,3.28860326536,134.493142273)
  );
#3307 = CARTESIAN_POINT('',(-6.148209153636,0.22364497617,
    134.84041899223));
#3308 = CARTESIAN_POINT('',(-5.227112637602,-2.700563505868,
    135.18807580144));
#3309 = CARTESIAN_POINT('',(-3.093784367511,-4.520042196183,
    135.53545434855));
#3310 = CARTESIAN_POINT('',(-0.628912744732,-4.954227413132,
    135.8829790367));
#3311 = CARTESIAN_POINT('',(1.446798432051,-4.247153173788,
    136.2304513996));
#3312 = CARTESIAN_POINT('',(3.522505315122,-3.540068597826,
    136.57793003129));
#3313 = CARTESIAN_POINT('',(5.20971519031,-1.691352496406,
    136.92544487565));
#3314 = CARTESIAN_POINT('',(5.788700253775,1.051834034139,
    137.27283581891));
#3315 = CARTESIAN_POINT('',(4.733205367696,3.930558413857,
    137.62047997619));
#3316 = CARTESIAN_POINT('',(2.110737063994,5.778871339853,
    137.96776714605));
#3317 = CARTESIAN_POINT('',(-0.954988915336,5.805488317415,
    138.31541706935));
#3318 = CARTESIAN_POINT('',(-3.344180865056,4.338059111705,
    138.66279911191));
#3319 = CARTESIAN_POINT('',(-4.518090449432,2.127617424981,
    139.01032254046));
#3320 = CARTESIAN_POINT('',(-4.486347318164,-6.498865712235E-02,
    139.35779514959));
#3321 = CARTESIAN_POINT('',(-4.454592859741,-2.257594256958,
    139.70527378111));
#3322 = CARTESIAN_POINT('',(-3.217035558286,-4.433112658613,
    140.05278862621));
#3323 = CARTESIAN_POINT('',(-0.786576381751,-5.830669177052,
    140.40017956787));
#3324 = CARTESIAN_POINT('',(2.277382120924,-5.715422398826,
    140.74782372756));
#3325 = CARTESIAN_POINT('',(4.845000341512,-3.791640355252,
    141.0951108947));
#3326 = CARTESIAN_POINT('',(5.816740105638,-0.883873848866,
    141.44276082036));
#3327 = CARTESIAN_POINT('',(5.158555580557,1.841631570707,
    141.79014286133));
#3328 = CARTESIAN_POINT('',(3.418479474751,3.64058996499,142.13766629069
    ));
#3329 = CARTESIAN_POINT('',(1.323169738245,4.287278580812,
    142.48513889953));
#3330 = CARTESIAN_POINT('',(-0.772143415955,4.933956504866,
    142.83261777746));
#3331 = CARTESIAN_POINT('',(-3.223446078317,4.428451478239,
    143.18013136274));
#3332 = CARTESIAN_POINT('',(-5.303054753782,2.548149956382,
    143.52752580003));
#3333 = CARTESIAN_POINT('',(-6.139303715693,-0.401736770407,
    143.87516307375));
#3334 = CARTESIAN_POINT('',(-5.10215470667,-3.437824626596,
    144.22246069145));
#3335 = CARTESIAN_POINT('',(-2.636382450803,-5.259771646309,
    144.57009796488));
#3336 = CARTESIAN_POINT('',(0.15916780786,-5.475116946918,
    144.91749240256));
#3337 = CARTESIAN_POINT('',(2.407453298429,-4.375400471904,
    145.26500598755));
#3338 = CARTESIAN_POINT('',(3.669390199995,-2.582068069216,
    145.61248486562));
#3339 = CARTESIAN_POINT('',(4.931336967497,-0.788741209553,
    145.95995722804));
#3340 = CARTESIAN_POINT('',(5.207253144678,1.698895499683,
    146.30748191738));
#3341 = CARTESIAN_POINT('',(4.060805257876,4.257381332531,
    146.65486046238));
#3342 = CARTESIAN_POINT('',(1.513152065062,5.963466530508,
    147.00251727436));
#3343 = CARTESIAN_POINT('',(-1.694818296639,5.914227235468,
    147.34979399086));
#3344 = CARTESIAN_POINT('',(-4.188977921517,4.131369476802,
    147.69745080248));
#3345 = CARTESIAN_POINT('',(-5.256833186426,1.538826833131,
    148.04482934797));
#3346 = CARTESIAN_POINT('',(-4.904889897171,-0.939124909013,
    148.39235403692));
#3347 = CARTESIAN_POINT('',(-3.588732967038,-2.693052445933,
    148.73982639956));
#3348 = CARTESIAN_POINT('',(-2.272567370727,-4.446973103849,
    149.08730527776));
#3349 = CARTESIAN_POINT('',(8.370357172156E-03,-5.477382318567,
    149.43481886175));
#3350 = CARTESIAN_POINT('',(2.795829669559,-5.176755198494,
    149.78221330182));
#3351 = CARTESIAN_POINT('',(5.20504877357,-3.2802301404,150.12985057154)
  );
#3352 = CARTESIAN_POINT('',(6.148571367047,-0.213754530398,
    150.47714819339));
#3353 = CARTESIAN_POINT('',(5.222751533254,2.708980731835,
    150.82478546372));
#3354 = CARTESIAN_POINT('',(3.086511115556,4.525007083581,
    151.17217990292));
#3355 = CARTESIAN_POINT('',(0.620935338012,4.955239648968,
    151.51969348763));
#3356 = CARTESIAN_POINT('',(-1.453630481018,4.244815470833,
    151.86717236544));
#3357 = CARTESIAN_POINT('',(-3.528201472628,3.53440153556,
    152.21464497486));
#3358 = CARTESIAN_POINT('',(-5.212424699914,1.682956172758,
    152.56216840279));
#3359 = CARTESIAN_POINT('',(-5.787008963016,-1.061138485212,
    152.90955044646));
#3360 = CARTESIAN_POINT('',(-4.726861189733,-3.938180482587,
    153.25720036814));
#3361 = CARTESIAN_POINT('',(-2.101447627383,-5.782254463692,
    153.60448753986));
#3362 = CARTESIAN_POINT('',(0.964344768167,-5.803946992854,
    153.95213169549));
#3363 = CARTESIAN_POINT('',(3.351147175167,-4.332670450595,
    154.29952263984));
#3364 = CARTESIAN_POINT('',(4.52151629684,-2.120342976464,
    154.64703748371));
#3365 = CARTESIAN_POINT('',(4.486232925594,7.220867529399E-02,
    154.99451611552));
#3366 = CARTESIAN_POINT('',(4.45096106573,2.264761674633,155.34198872456
    ));
#3367 = CARTESIAN_POINT('',(3.209885799757,4.438281860718,
    155.68951215351));
#3368 = CARTESIAN_POINT('',(0.777204278779,5.831932881257,
    156.03689419522));
#3369 = CARTESIAN_POINT('',(-2.286590414218,5.711741111009,
    156.38454411971));
#3370 = CARTESIAN_POINT('',(-4.851085968907,3.783849060066,
    156.73183128839));
#3371 = CARTESIAN_POINT('',(-5.818162319442,0.874499149861,
    157.07947544648));
#3372 = CARTESIAN_POINT('',(-5.155580698786,-1.849921155656,
    157.42686638941));
#3373 = CARTESIAN_POINT('',(-3.412617936239,-3.646094181591,
    157.77438123377));
#3374 = CARTESIAN_POINT('',(-1.316267060839,-4.289398673343,
    158.12185986559));
#3375 = CARTESIAN_POINT('',(0.780081542553,-4.932714530733,
    158.4693324744));
#3376 = CARTESIAN_POINT('',(3.230571564976,-4.423247684886,
    158.81685590374));
#3377 = CARTESIAN_POINT('',(5.307146179154,-2.539623408536,
    159.16423794504));
#3378 = CARTESIAN_POINT('',(6.138651721829,0.411627601758,159.5118878697
    ));
#3379 = CARTESIAN_POINT('',(5.096613353308,3.446023956581,
    159.85917503865));
#3380 = CARTESIAN_POINT('',(2.627914879523,5.264012246314,
    160.20681919608));
#3381 = CARTESIAN_POINT('',(-0.167979795967,5.474851907266,
    160.55421013981));
#3382 = CARTESIAN_POINT('',(-2.414491943033,4.371520630344,
    160.90172498348));
#3383 = CARTESIAN_POINT('',(-3.67354108405,2.576159128536,
    161.24920361575));
#3384 = CARTESIAN_POINT('',(-4.932600336022,0.780803297583,
    161.59667622381));
#3385 = CARTESIAN_POINT('',(-5.204510772281,-1.707272774481,
    161.94419965509));
#3386 = CARTESIAN_POINT('',(-4.05395147683,-4.263914286276,
    162.29158169282));
#3387 = CARTESIAN_POINT('',(-1.503546341117,-5.965888926622,
    162.63923162243));
#3388 = CARTESIAN_POINT('',(1.704326307445,-5.911499012768,
    162.98651878609));
#3389 = CARTESIAN_POINT('',(4.195630657002,-4.124614520893,
    163.3341629479));
#3390 = CARTESIAN_POINT('',(5.259295069974,-1.530371194029,
    163.68155388884));
#3391 = CARTESIAN_POINT('',(4.903377646491,0.947022499788,
    164.02906873382));
#3392 = CARTESIAN_POINT('',(3.584391027501,2.698822134679,164.3765473657
    ));
#3393 = CARTESIAN_POINT('',(2.265413094358,4.450629224977,
    164.72401972781));
#3394 = CARTESIAN_POINT('',(-1.71944029331E-02,5.477356623407,
    165.07154441785));
#3395 = CARTESIAN_POINT('',(-2.804146852563,5.172252466644,
    165.41892296166));
#3396 = CARTESIAN_POINT('',(-5.210332659757,3.271848991392,
    165.76657977522));
#3397 = CARTESIAN_POINT('',(-6.14889717725,0.20385371867,166.11385649006
    ));
#3398 = CARTESIAN_POINT('',(-5.218392880477,-2.717374749995,
    166.46151330309));
#3399 = CARTESIAN_POINT('',(-3.079219049525,-4.529977176442,
    166.80889184759));
#3400 = CARTESIAN_POINT('',(-0.612962624706,-4.956226116301,
    167.15641653713));
#3401 = CARTESIAN_POINT('',(1.460461840881,-4.242474159978,
    167.50388889947));
#3402 = CARTESIAN_POINT('',(3.533881979033,-3.528711879792,
    167.85136753127));
#3403 = CARTESIAN_POINT('',(5.215132393647,-1.674574497294,
    168.1988823761));
#3404 = CARTESIAN_POINT('',(5.78528458001,1.070461479835,168.54627331784
    ));
#3405 = CARTESIAN_POINT('',(4.720529012959,3.945773481461,
    168.89391747774));
#3406 = CARTESIAN_POINT('',(2.092124868376,5.785635524592,
    169.24120464444));
#3407 = CARTESIAN_POINT('',(-0.973670900184,5.802384287003,
    169.58885457059));
#3408 = CARTESIAN_POINT('',(-3.358127057507,4.327272257294,
    169.93623661119));
#3409 = CARTESIAN_POINT('',(-4.524915501701,2.113063395473,
    170.28376004076));
#3410 = CARTESIAN_POINT('',(-4.486114888839,-7.942915184922E-02,
    170.63123264951));
#3411 = CARTESIAN_POINT('',(-4.447303051107,-2.271921613092,
    170.97871152756));
#3412 = CARTESIAN_POINT('',(-3.202748996089,-4.443443033075,
    171.3262251125));
#3413 = CARTESIAN_POINT('',(-0.767805346184,-5.833175196126,
    171.67361955042));
#3414 = CARTESIAN_POINT('',(2.295769172395,-5.708054523959,
    172.02125682331));
#3415 = CARTESIAN_POINT('',(4.857177419696,-3.776036061453,
    172.36855444177));
#3416 = CARTESIAN_POINT('',(5.819557755732,-0.865134509368,
    172.71619171479));
#3417 = CARTESIAN_POINT('',(5.152598541862,1.858216414568,
    173.06358615245));
#3418 = CARTESIAN_POINT('',(3.406744969957,3.651581764147,
    173.41109973773));
#3419 = CARTESIAN_POINT('',(1.309361904542,4.291511547129,
    173.75857861548));
#3420 = CARTESIAN_POINT('',(-0.788019350504,4.931452661329,
    174.10605122474));
#3421 = CARTESIAN_POINT('',(-3.237686251825,4.418042605559,
    174.45357465311));
#3422 = CARTESIAN_POINT('',(-5.311226631618,2.531078680587,
    174.80095669582));
#3423 = CARTESIAN_POINT('',(-6.137981288264,-0.421506745946,
    175.14860661906));
#3424 = CARTESIAN_POINT('',(-5.091060647151,-3.454222096092,
    175.49589378887));
#3425 = CARTESIAN_POINT('',(-2.619439460272,-5.268234850832,
    175.8435379463));
#3426 = CARTESIAN_POINT('',(0.176790924928,-5.474574467162,
    176.19092888933));
#3427 = CARTESIAN_POINT('',(2.421524435703,-4.367629032311,
    176.53844373395));
#3428 = CARTESIAN_POINT('',(3.677682453469,-2.570243515377,
    176.88592236543));
#3429 = CARTESIAN_POINT('',(4.933850587741,-0.772863650954,
    177.23339497491));
#3430 = CARTESIAN_POINT('',(5.201756313436,1.71564681363,177.58091840267
    ));
#3431 = CARTESIAN_POINT('',(4.047083785383,4.270433286692,
    177.92830044664));
#3432 = CARTESIAN_POINT('',(1.493942766034,5.968301033829,
    178.27595036795));
#3433 = CARTESIAN_POINT('',(-1.713838196862,5.908748382798,
    178.62323753999));
#3434 = CARTESIAN_POINT('',(-4.202263467745,4.117856635916,
    178.97088169545));
#3435 = CARTESIAN_POINT('',(-5.261751270794,1.52190478944,
    179.31827263981));
#3436 = CARTESIAN_POINT('',(-4.901847137434,-0.954912876089,
    179.66578748375));
#3437 = CARTESIAN_POINT('',(-3.580042842447,-2.704587436602,
    180.01326611549));
#3438 = CARTESIAN_POINT('',(-2.258247047722,-4.454269875219,
    180.36073872467));
#3439 = CARTESIAN_POINT('',(2.600904697432E-02,-5.477320170854,
    180.70826215329));
#3440 = CARTESIAN_POINT('',(2.812469295741,-5.167736843577,
    181.05564419554));
#3441 = CARTESIAN_POINT('',(5.215588612916,-3.263451800823,
    181.40329411936));
#3442 = CARTESIAN_POINT('',(6.149221532792,-0.193967351905,
    181.75058128869));
#3443 = CARTESIAN_POINT('',(5.214008097826,2.725780822537,
    182.09822544628));
#3444 = CARTESIAN_POINT('',(3.071928469214,4.534917430686,
    182.44561638952));
#3445 = CARTESIAN_POINT('',(0.604982337361,4.957212960129,
    182.79313123371));
#3446 = CARTESIAN_POINT('',(-1.467286329552,4.240114477361,
    183.14060986561));
#3447 = CARTESIAN_POINT('',(-3.539559866137,3.523026512793,
    183.48808247433));
#3448 = CARTESIAN_POINT('',(-5.217814861911,1.666169494327,
    183.83560590386));
#3449 = CARTESIAN_POINT('',(-5.783563349888,-1.079760437127,
    184.18298794489));
#3450 = CARTESIAN_POINT('',(-4.71416033175,-3.953375091365,
    184.53063786981));
#3451 = CARTESIAN_POINT('',(-2.082824592325,-5.788988728487,
    184.8779250386));
#3452 = CARTESIAN_POINT('',(0.983021745358,-5.800812856141,
    185.22556919606));
#3453 = CARTESIAN_POINT('',(3.365075984621,-4.321861200427,
    185.57296013984));
#3454 = CARTESIAN_POINT('',(4.528317917176,-2.105777957377,
    185.92047498346));
#3455 = CARTESIAN_POINT('',(4.485977256216,8.664876433693E-02,
    186.26795361575));
#3456 = CARTESIAN_POINT('',(4.443648105011,2.279076870958,
    186.61542622378));
#3457 = CARTESIAN_POINT('',(3.195583051618,4.448590975204,
    186.96294965515));
#3458 = CARTESIAN_POINT('',(0.758428201611,5.834404363834,
    187.31033169274));
#3459 = CARTESIAN_POINT('',(-2.304963750082,5.704351356258,
    187.6579816225));
#3460 = CARTESIAN_POINT('',(-4.863240437367,3.768214588932,
    188.00526878606));
#3461 = CARTESIAN_POINT('',(-5.820947052138,0.855766891439,
    188.35291294788));
#3462 = CARTESIAN_POINT('',(-5.149599391099,-1.866506559109,
    188.70030388889));
#3463 = CARTESIAN_POINT('',(-3.400864065753,-3.657059962046,
    189.04781873379));
#3464 = CARTESIAN_POINT('',(-1.302453356576,-4.293613304243,
    189.39529736571));
#3465 = CARTESIAN_POINT('',(0.795954736426,-4.930177790371,
    189.74276972777));
#3466 = CARTESIAN_POINT('',(3.244794119317,-4.412827024685,
    190.09029441794));
#3467 = CARTESIAN_POINT('',(5.315289488775,-2.522525084119,
    190.43767296155));
#3468 = CARTESIAN_POINT('',(6.137301764404,0.431380690854,
    190.78532977529));
#3469 = CARTESIAN_POINT('',(5.0854854069,3.462416932248,191.13260649008)
  );
#3470 = CARTESIAN_POINT('',(2.610967464759,5.27243764149,191.480263303)
  );
#3471 = CARTESIAN_POINT('',(-0.185610544676,5.474288255053,
    191.82764184771));
#3472 = CARTESIAN_POINT('',(-2.428544393884,4.363722335739,
    192.17516653703));
#3473 = CARTESIAN_POINT('',(-3.681817720373,2.564323314208,
    192.52263889953));
#3474 = CARTESIAN_POINT('',(-4.935081798843,0.764918217855,
    192.87011777773));
#3475 = CARTESIAN_POINT('',(-5.198997325334,-1.724011002611,
    193.21763136191));
#3476 = CARTESIAN_POINT('',(-4.040195409326,-4.276947390102,
    193.56502580158));
#3477 = CARTESIAN_POINT('',(-1.484344660532,-5.970692040659,
    193.91266307173));
#3478 = CARTESIAN_POINT('',(1.72335244982,-5.905986554775,
    194.25996069335));
#3479 = CARTESIAN_POINT('',(4.208881558405,-4.11108577029,
    194.60759796364));
#3480 = CARTESIAN_POINT('',(5.264195408621,-1.513435387754,
    194.95499240302));
#3481 = CARTESIAN_POINT('',(4.900303550862,0.962801008799,
    195.30250598757));
#3482 = CARTESIAN_POINT('',(3.575685384009,2.710345732777,
    195.64998486545));
#3483 = CARTESIAN_POINT('',(2.25107549681,4.457898168612,195.99745722858
    ));
#3484 = CARTESIAN_POINT('',(-3.482504260326E-02,5.477272903386,
    196.34498191623));
#3485 = CARTESIAN_POINT('',(-2.820780979661,5.163199572546,
    196.69236046422));
#3486 = CARTESIAN_POINT('',(-5.220837219237,3.255060817604,
    197.04001727211));
#3487 = CARTESIAN_POINT('',(-6.149521499677,0.184060351802,
    197.38729399299));
#3488 = CARTESIAN_POINT('',(-5.20961905118,-2.734157843266,
    197.73495080093));
#3489 = CARTESIAN_POINT('',(-3.064621830015,-4.539865218859,
    198.08232934883));
#3490 = CARTESIAN_POINT('',(-0.597006153115,-4.958173469766,
    198.42985403659));
#3491 = CARTESIAN_POINT('',(1.474110117767,-4.237751189588,
    198.77732639963));
#3492 = CARTESIAN_POINT('',(7.62,7.216449660064E-16,-1.008853190246));
#3493 = CARTESIAN_POINT('',(7.620016336715,3.724104585638,
    -0.661361040258));
#3494 = CARTESIAN_POINT('',(5.572023324205,7.448898402901,
    -0.313917081568));
#3495 = CARTESIAN_POINT('',(1.479078024177,9.881861664432,
    3.366095104847E-02));
#3496 = CARTESIAN_POINT('',(-3.726618238995,9.761552959305,
    0.380984957246));
#3497 = CARTESIAN_POINT('',(-8.134252192007,6.557944208739,
    0.728652955701));
#3498 = CARTESIAN_POINT('',(-9.855798354909,1.643939422311,1.07598242976
    ));
#3499 = CARTESIAN_POINT('',(-8.805224322077,-3.0003821761,1.42355202191)
  );
#3500 = CARTESIAN_POINT('',(-5.894579170937,-6.098130516391,
    1.771004120936));
#3501 = CARTESIAN_POINT('',(-2.352376661965,-7.247808223196,
    2.118490559754));
#3502 = CARTESIAN_POINT('',(1.189822473169,-8.397495246738,
    2.465982709747));
#3503 = CARTESIAN_POINT('',(5.364919878026,-7.599418796492,
    2.813426668419));
#3504 = CARTESIAN_POINT('',(8.94258393787,-4.457471735259,3.161004701076
    ));
#3505 = CARTESIAN_POINT('',(10.43520650699,0.531097762648,3.508328707206
    ));
#3506 = CARTESIAN_POINT('',(8.748759446477,5.712433729618,3.855996705744
    ));
#3507 = CARTESIAN_POINT('',(4.606234606142,8.866899164312,4.203326179725
    ));
#3508 = CARTESIAN_POINT('',(-0.135563045958,9.301391897215,
    4.550895771932));
#3509 = CARTESIAN_POINT('',(-3.980552497234,7.489223004687,
    4.898347870926));
#3510 = CARTESIAN_POINT('',(-6.167591611616,4.474954045842,
    5.245834309757));
#3511 = CARTESIAN_POINT('',(-8.354638216426,1.460691378503,
    5.593326693217));
#3512 = CARTESIAN_POINT('',(-8.88444261113,-2.756853209518,
    5.940769457622));
#3513 = CARTESIAN_POINT('',(-7.000420043269,-7.129719826034,
    6.288350804484));
#3514 = CARTESIAN_POINT('',(-2.71631055694,-10.0894679303,6.635668281618
    ));
#3515 = CARTESIAN_POINT('',(2.732586391613,-10.08491966439,6.98334618929
    ));
#3516 = CARTESIAN_POINT('',(7.011800328417,-7.118560877587,
    7.330663666296));
#3517 = CARTESIAN_POINT('',(8.888931641278,-2.742494132431,
    7.678245013308));
#3518 = CARTESIAN_POINT('',(8.352253218542,1.474118350682,8.025687777626
    ));
#3519 = CARTESIAN_POINT('',(6.160384502337,4.484876363251,8.37318016111)
  );
#3520 = CARTESIAN_POINT('',(3.968507201395,7.495629429751,8.720666366428
    ));
#3521 = CARTESIAN_POINT('',(0.120534663304,9.301564109039,9.068119659844
    ));
#3522 = CARTESIAN_POINT('',(-4.620379513642,8.859511192019,
    9.415685937561));
#3523 = CARTESIAN_POINT('',(-8.758092980558,5.698361427449,
    9.763021940862));
#3524 = CARTESIAN_POINT('',(-10.43591846848,0.514213912488,
    10.110680030048));
#3525 = CARTESIAN_POINT('',(-8.935474394554,-4.471746571382,
    10.458016033215));
#3526 = CARTESIAN_POINT('',(-5.352652773595,-7.608114371635,
    10.805582311089));
#3527 = CARTESIAN_POINT('',(-1.176312871583,-8.399377547416,
    11.153035604413));
#3528 = CARTESIAN_POINT('',(2.364038395705,-7.244012870208,
    11.500521809759));
#3529 = CARTESIAN_POINT('',(5.90439274858,-6.088657504471,11.84801395973
    ));
#3530 = CARTESIAN_POINT('',(8.810025325409,-2.986132131736,
    12.195457918456));
#3531 = CARTESIAN_POINT('',(9.853140461708,1.659664062088,
    12.543035951015));
#3532 = CARTESIAN_POINT('',(8.123746281748,6.571175391409,
    12.890359957283));
#3533 = CARTESIAN_POINT('',(3.710780544408,9.76743562665,13.238027955667
    ));
#3534 = CARTESIAN_POINT('',(-1.494851364654,9.879509979458,
    13.585357429786));
#3535 = CARTESIAN_POINT('',(-5.584080771537,7.439913339642,
    13.932927021894));
#3536 = CARTESIAN_POINT('',(-7.625977353228,3.711836311804,
    14.280379120942));
#3537 = CARTESIAN_POINT('',(-7.619990131183,-1.226379389638E-02,
    14.627865559753));
#3538 = CARTESIAN_POINT('',(-7.614012667804,-3.736363221845,
    14.975357943235));
#3539 = CARTESIAN_POINT('',(-5.56002828554,-7.457857976172,
    15.322800707581));
#3540 = CARTESIAN_POINT('',(-1.463170562882,-9.884225689623,
    15.670382054551));
#3541 = CARTESIAN_POINT('',(3.742321273699,-9.755549069363,
    16.017699531536));
#3542 = CARTESIAN_POINT('',(8.144799718226,-6.544835412241,
    16.365377439365));
#3543 = CARTESIAN_POINT('',(9.858427490217,-1.628084836216,
    16.712694916243));
#3544 = CARTESIAN_POINT('',(8.800387450241,3.014558096266,
    17.060276263335));
#3545 = CARTESIAN_POINT('',(5.884754684482,6.107603543262,
    17.407719027616));
#3546 = CARTESIAN_POINT('',(2.340710140799,7.251588050014,
    17.755211411112));
#3547 = CARTESIAN_POINT('',(-1.20333843213,8.39556350541,18.102697616426
    ));
#3548 = CARTESIAN_POINT('',(-5.377140187485,7.590783021795,
    18.450150909843));
#3549 = CARTESIAN_POINT('',(-8.949750200373,4.443063893537,
    18.797717187563));
#3550 = CARTESIAN_POINT('',(-10.43433466891,-0.547882862714,
    19.14505319086));
#3551 = CARTESIAN_POINT('',(-8.73955699539,-5.726513228244,
    19.492711280049));
#3552 = CARTESIAN_POINT('',(-4.591956597467,-8.874297417881,
    19.840047283213));
#3553 = CARTESIAN_POINT('',(0.150532135929,-9.30116315752,
    20.187613561093));
#3554 = CARTESIAN_POINT('',(3.99260080558,-7.482806556571,
    20.535066854409));
#3555 = CARTESIAN_POINT('',(6.174785712317,-4.465021994029,
    20.882553059762));
#3556 = CARTESIAN_POINT('',(8.356978593985,-1.447243143242,
    21.230045209723));
#3557 = CARTESIAN_POINT('',(8.87999280991,2.771147603209,21.577489168461
    ));
#3558 = CARTESIAN_POINT('',(6.988939570107,7.140979305565,
    21.925067201021));
#3559 = CARTESIAN_POINT('',(2.700062939901,10.093822853371,
    22.27239120726));
#3560 = CARTESIAN_POINT('',(-2.748805654606,10.080513798562,
    22.620059205704));
#3561 = CARTESIAN_POINT('',(-7.023256848779,7.107261165333,
    22.967388679746));
#3562 = CARTESIAN_POINT('',(-8.893326213189,2.728189405239,
    23.314958271927));
#3563 = CARTESIAN_POINT('',(-8.34987534419,-1.487562144432,
    23.662410370922));
#3564 = CARTESIAN_POINT('',(-6.15315550228,-4.494783350171,
    24.009896809763));
#3565 = CARTESIAN_POINT('',(-3.956443853485,-7.502010128638,
    24.357388959717));
#3566 = CARTESIAN_POINT('',(-0.105556621823,-9.301741188737,
    24.704832918477));
#3567 = CARTESIAN_POINT('',(4.634623385308,-8.852069127277,
    25.052410950988));
#3568 = CARTESIAN_POINT('',(8.767260791915,-5.684253502473,
    25.39973495731));
#3569 = CARTESIAN_POINT('',(10.436726650069,-0.497421151376,
    25.747402955642));
#3570 = CARTESIAN_POINT('',(8.928269215287,4.486123811939,
    26.094732429806));
#3571 = CARTESIAN_POINT('',(5.340399821123,7.616718342876,26.44230202188
    ));
#3572 = CARTESIAN_POINT('',(1.162793536349,8.401260059635,
    26.789754120951));
#3573 = CARTESIAN_POINT('',(-2.37569400601,7.240198753464,
    27.137240559748));
#3574 = CARTESIAN_POINT('',(-5.914184319644,6.079146960752,
    27.484732709762));
#3575 = CARTESIAN_POINT('',(-8.814819861415,2.971949217646,
    27.832176668395));
#3576 = CARTESIAN_POINT('',(-9.850456601225,-1.675519771204,
    28.179754701097));
#3577 = CARTESIAN_POINT('',(-8.113159967844,-6.584241415285,
    28.527078707198));
#3578 = CARTESIAN_POINT('',(-3.695055814865,-9.773395187489,
    28.874746705736));
#3579 = CARTESIAN_POINT('',(1.510749727015,-9.877091338051,
    29.222076179744));
#3580 = CARTESIAN_POINT('',(5.596047498019,-7.430916562875,
    29.569645771909));
#3581 = CARTESIAN_POINT('',(7.631941386847,-3.699558090552,
    29.917097870946));
#3582 = CARTESIAN_POINT('',(7.619960524749,2.452755602657E-02,
    30.264584309744));
#3583 = CARTESIAN_POINT('',(7.607989422484,3.748612540555,
    30.612076693265));
#3584 = CARTESIAN_POINT('',(5.548018245519,7.466796747954,
    30.959519457511));
#3585 = CARTESIAN_POINT('',(1.447260780074,9.886567746816,
    31.307100804671));
#3586 = CARTESIAN_POINT('',(-3.758017220199,9.749513461642,
    31.654418281376));
#3587 = CARTESIAN_POINT('',(-8.155322570212,6.531718517606,
    32.002096189533));
#3588 = CARTESIAN_POINT('',(-9.861034997576,1.612216360105,32.3494136661
    ));
#3589 = CARTESIAN_POINT('',(-8.795524357282,-3.028717727403,
    32.696995013433));
#3590 = CARTESIAN_POINT('',(-5.874917352872,-6.117066685395,
    33.044437777563));
#3591 = CARTESIAN_POINT('',(-2.329036245631,-7.25534584823,
    33.391930161133));
#3592 = CARTESIAN_POINT('',(1.216848577529,-8.393615704198,
    33.739416599924));
#3593 = CARTESIAN_POINT('',(5.389351224687,-7.582120128482,
    34.086868698905));
#3594 = CARTESIAN_POINT('',(8.956886360827,-4.428651707713,
    34.434438291273));
#3595 = CARTESIAN_POINT('',(10.433444725181,0.564670947142,
    34.781767764835));
#3596 = CARTESIAN_POINT('',(8.730321963024,5.740577557523,
    35.129435764067));
#3597 = CARTESIAN_POINT('',(4.577676179355,8.881669641974,
    35.476759769393));
#3598 = CARTESIAN_POINT('',(-0.165508463588,9.30091469615,
    35.824337802713));
#3599 = CARTESIAN_POINT('',(-4.004633707748,7.476366989423,
    36.171781760999));
#3600 = CARTESIAN_POINT('',(-6.181966508129,4.455080616948,
    36.519273911144));
#3601 = CARTESIAN_POINT('',(-8.359292076694,1.433787268333,
    36.866760116369));
#3602 = CARTESIAN_POINT('',(-8.875528391805,-2.785429813772,
    37.214213409927));
#3603 = CARTESIAN_POINT('',(-6.977429655081,-7.152224885915,
    37.561779687462));
#3604 = CARTESIAN_POINT('',(-2.683821562592,-10.09814920835,
    37.909115690961));
#3605 = CARTESIAN_POINT('',(2.765031236942,-10.07608120694,
    38.256773779964));
#3606 = CARTESIAN_POINT('',(7.034683321721,-7.095946069129,
    38.604109783272));
#3607 = CARTESIAN_POINT('',(8.897706732338,-2.713873783418,
    38.951676061058));
#3608 = CARTESIAN_POINT('',(8.347470116404,1.500998937954,
    39.299129354426));
#3609 = CARTESIAN_POINT('',(6.145913531015,4.504680551307,
    39.646615559755));
#3610 = CARTESIAN_POINT('',(3.944364831022,7.508367999533,
    39.994107709741));
#3611 = CARTESIAN_POINT('',(9.058606025958E-02,9.301899026949,
    40.341551668435));
#3612 = CARTESIAN_POINT('',(-4.648864095574,8.844598599048,
    40.689129701037));
#3613 = CARTESIAN_POINT('',(-8.77639779872,5.670135920261,
    41.036453707273));
#3614 = CARTESIAN_POINT('',(-10.43751369359,0.480623412086,
    41.384121705657));
#3615 = CARTESIAN_POINT('',(-8.921037586813,-4.500487352748,
    41.731451179813));
#3616 = CARTESIAN_POINT('',(-5.328134392334,-7.625303434021,
    42.079020771863));
#3617 = CARTESIAN_POINT('',(-1.149270859541,-8.403120604253,
    42.426472870968));
#3618 = CARTESIAN_POINT('',(2.387343462698,-7.236365882866,
    42.773959309737));
#3619 = CARTESIAN_POINT('',(5.923960571553,-6.069620670589,
    43.121451459799));
#3620 = CARTESIAN_POINT('',(8.819591564913,-2.957758605468,
    43.468895418313));
#3621 = CARTESIAN_POINT('',(9.847747225694,1.691371140274,
    43.816473451227));
#3622 = CARTESIAN_POINT('',(8.102552638937,6.597290384452,
    44.163797457044));
#3623 = CARTESIAN_POINT('',(3.679321514172,9.779329432844,
    44.511465455876));
#3624 = CARTESIAN_POINT('',(-1.526644176096,9.874647112626,
    44.85879492965));
#3625 = CARTESIAN_POINT('',(-5.607999729447,7.421900538248,
    45.206364521953));
#3626 = CARTESIAN_POINT('',(-7.637885651881,3.687270286556,
    45.553816620937));
#3627 = CARTESIAN_POINT('',(-7.619911180793,-3.679125462398E-02,
    45.901303059738));
#3628 = CARTESIAN_POINT('',(-7.601946614539,-3.760852510751,
    46.248795209791));
#3629 = CARTESIAN_POINT('',(-5.535993242597,-7.475714692149,
    46.596239168327));
#3630 = CARTESIAN_POINT('',(-1.431348699123,-9.888887837202,
    46.94381720122));
#3631 = CARTESIAN_POINT('',(3.773706006391,-9.743446138844,
    47.291141207028));
#3632 = CARTESIAN_POINT('',(8.165820763673,-6.518593576576,
    47.638809205912));
#3633 = CARTESIAN_POINT('',(9.863620823471,-1.596334015727,
    47.986138679606));
#3634 = CARTESIAN_POINT('',(8.7906350967,3.042861015951,48.333708271989)
  );
#3635 = CARTESIAN_POINT('',(5.865067172992,6.126519930031,
    48.681160370915));
#3636 = CARTESIAN_POINT('',(2.317355022334,7.259081601712,
    49.028646809749));
#3637 = CARTESIAN_POINT('',(-1.230353500303,8.391652357875,
    49.376139193237));
#3638 = CARTESIAN_POINT('',(-5.401550458959,7.573428072425,
    49.723581957587));
#3639 = CARTESIAN_POINT('',(-8.963998468448,4.414240255894,
    50.07116330453));
#3640 = CARTESIAN_POINT('',(-10.43252595263,-0.581470900844,
    50.41848078157));
#3641 = CARTESIAN_POINT('',(-8.721069072439,-5.754614431607,
    50.766158689333));
#3642 = CARTESIAN_POINT('',(-4.563377348384,-8.889029192801,
    51.11347616626));
#3643 = CARTESIAN_POINT('',(0.180477935786,-9.300634790422,
    51.461057513334));
#3644 = CARTESIAN_POINT('',(4.016661005272,-7.469912523362,
    51.80850027761));
#3645 = CARTESIAN_POINT('',(6.189128605448,-4.445125455572,
    52.155992661119));
#3646 = CARTESIAN_POINT('',(8.361588818984,-1.420331784838,
    52.503478866452));
#3647 = CARTESIAN_POINT('',(8.871033965266,2.799710675162,
    52.850932159759));
#3648 = CARTESIAN_POINT('',(6.9659096724,7.163445249694,53.198498437698)
  );
#3649 = CARTESIAN_POINT('',(2.667565905224,10.102455531451,
    53.545834440715));
#3650 = CARTESIAN_POINT('',(-2.781244320208,10.071618055215,
    53.893492530152));
#3651 = CARTESIAN_POINT('',(-7.046094581077,7.084615106855,
    54.240828533177));
#3652 = CARTESIAN_POINT('',(-8.902062976282,2.699550105598,
    54.588394811068));
#3653 = CARTESIAN_POINT('',(-8.345043565102,-1.514431594141,
    54.935848104463));
#3654 = CARTESIAN_POINT('',(-6.138655640312,-4.514566084204,
    55.283334309714));
#3655 = CARTESIAN_POINT('',(-3.932275688142,-7.514706045245,
    55.630826693351));
#3656 = CARTESIAN_POINT('',(-7.561486748742E-02,-9.302034321469,
    55.978269457352));
#3657 = CARTESIAN_POINT('',(4.663091793095,-8.83710136323,56.32585080488
    ));
#3658 = CARTESIAN_POINT('',(8.785513795145,-5.656010389835,
    56.673168281164));
#3659 = CARTESIAN_POINT('',(10.438271336495,-0.463815174651,
    57.02084618971));
#3660 = CARTESIAN_POINT('',(8.913785433972,4.514829127851,
    57.368163665979));
#3661 = CARTESIAN_POINT('',(5.315852897705,7.633877636089,
    57.715745013498));
#3662 = CARTESIAN_POINT('',(1.135746790801,8.404953180312,
    58.063187777539));
#3663 = CARTESIAN_POINT('',(-2.398987602168,7.232517659544,
    58.410680161137));
#3664 = CARTESIAN_POINT('',(-5.933719894025,6.060072456225,
    58.758166366414));
#3665 = CARTESIAN_POINT('',(-8.824342688194,2.943569194185,59.1056196598
    ));
#3666 = CARTESIAN_POINT('',(-9.845009759067,-1.707228236531,
    59.453185937699));
#3667 = CARTESIAN_POINT('',(-8.091926687041,-6.610313011893,
    59.800521940633));
#3668 = CARTESIAN_POINT('',(-3.663575961058,-9.785245086263,
    60.148180030312));
#3669 = CARTESIAN_POINT('',(1.542533700138,-9.872173511363,
    60.495516032985));
#3670 = CARTESIAN_POINT('',(5.619937831176,-7.412866839746,
    60.843082311238));
#3671 = CARTESIAN_POINT('',(7.643810036563,-3.674972554835,
    61.190535604347));
#3672 = CARTESIAN_POINT('',(7.619842099504,4.905485792249E-02,
    61.538021809774));
#3673 = CARTESIAN_POINT('',(7.595883827626,3.773082016874,
    61.885514193146));
#3674 = CARTESIAN_POINT('',(5.523955085236,7.48461624586,62.232956957792
    ));
#3675 = CARTESIAN_POINT('',(1.415430008354,9.891175029997,
    62.580538304194));
#3676 = CARTESIAN_POINT('',(-3.789379869019,9.737366500056,
    62.927855781987));
#3677 = CARTESIAN_POINT('',(-8.176304874876,6.50543400767,
    63.275533688927));
#3678 = CARTESIAN_POINT('',(-9.866173378146,1.580466919539,
    63.622851166573));
#3679 = CARTESIAN_POINT('',(-8.785729836309,-3.057013416796,
    63.970432513142));
#3680 = CARTESIAN_POINT('',(-5.855197062986,-6.135945411597,
    64.3178752777));
#3681 = CARTESIAN_POINT('',(-2.305670387194,-7.262805055579,
    64.665367661087));
#3682 = CARTESIAN_POINT('',(1.243859974388,-8.389655381169,
    65.012854099941));
#3683 = CARTESIAN_POINT('',(5.413728931909,-7.564733393672,
    65.360306198989));
#3684 = CARTESIAN_POINT('',(8.971095078889,-4.399797986527,
    65.70787579103));
#3685 = CARTESIAN_POINT('',(10.43157308901,0.598251604516,
    66.055205265227));
#3686 = CARTESIAN_POINT('',(8.711798739723,5.768649322451,
    66.402873263612));
#3687 = CARTESIAN_POINT('',(4.549063796054,8.896358435404,
    66.750197269794));
#3688 = CARTESIAN_POINT('',(-0.195445756138,9.300333767477,
    67.097775302443));
#3689 = CARTESIAN_POINT('',(-4.028678186468,7.463437985801,
    67.445219261134));
#3690 = CARTESIAN_POINT('',(-6.196274671441,4.43515878025,
    67.792711411098));
#3691 = CARTESIAN_POINT('',(-8.363863574195,1.406872830611,
    68.140197849884));
#3692 = CARTESIAN_POINT('',(-8.866517912312,-2.813985141757,
    68.487649949141));
#3693 = CARTESIAN_POINT('',(-6.954368336168,-7.174644958768,
    68.835219540753));
#3694 = CARTESIAN_POINT('',(-2.651309210475,-10.10673941257,
    69.1825490156));
#3695 = CARTESIAN_POINT('',(2.797458261902,-10.06712369895,
    69.530217013226));
#3696 = CARTESIAN_POINT('',(7.05747878205,-7.073271383944,
    69.877541020105));
#3697 = CARTESIAN_POINT('',(8.906403883452,-2.685214533627,
    70.22511905225));
#3698 = CARTESIAN_POINT('',(8.342589993724,1.527856896756,
    70.572563011221));
#3699 = CARTESIAN_POINT('',(6.131384804028,4.524441799206,
    70.920055161077));
#3700 = CARTESIAN_POINT('',(3.920170859286,7.521021571979,
    71.267541600001));
#3701 = CARTESIAN_POINT('',(6.065159526022E-02,9.302148872582,
    71.614993698833));
#3702 = CARTESIAN_POINT('',(-4.677317185233,8.82957944537,71.96256329131
    ));
#3703 = CARTESIAN_POINT('',(-8.794597260114,5.641868585643,
    72.309892764851));
#3704 = CARTESIAN_POINT('',(-10.43901016401,0.447011265431,
    72.657560764004));
#3705 = CARTESIAN_POINT('',(-8.906504315686,-4.529167220185,
    73.004884769473));
#3706 = CARTESIAN_POINT('',(-5.303561235328,-7.642424056325,
    73.352462802646));
#3707 = CARTESIAN_POINT('',(-1.122217876907,-8.406769982108,
    73.699906761038));
#3708 = CARTESIAN_POINT('',(2.410624666571,-7.228647309676,
    74.04739891113));
#3709 = CARTESIAN_POINT('',(5.943465421671,-6.050514749675,
    74.394885116391));
#3710 = CARTESIAN_POINT('',(8.829068703996,-2.929363292865,
    74.742338409901));
#3711 = CARTESIAN_POINT('',(9.842249358323,1.723070798877,75.08990468749
    ));
#3712 = CARTESIAN_POINT('',(8.081277425175,6.62332777329,75.437240690917
    ));
#3713 = CARTESIAN_POINT('',(3.647822630127,9.791128652445,75.78489878004
    ));
#3714 = CARTESIAN_POINT('',(-1.558420193663,9.869678138231,
    76.132234783173));
#3715 = CARTESIAN_POINT('',(-5.631860981784,7.403812388931,
    76.479801061152));
#3716 = CARTESIAN_POINT('',(-7.649714717787,3.662665681021,
    76.827254354362));
#3717 = CARTESIAN_POINT('',(-7.61975328096,-6.131833415951E-02,
    77.174740559787));
#3718 = CARTESIAN_POINT('',(-7.589801652403,-3.785302472836,
    77.522232709627));
#3719 = CARTESIAN_POINT('',(-5.511901439342,-7.493495437263,
    77.869676668695));
#3720 = CARTESIAN_POINT('',(-1.399510541613,-9.893443890061,
    78.217254700606));
#3721 = CARTESIAN_POINT('',(3.805049043988,-9.731248708762,
    78.564578707822));
#3722 = CARTESIAN_POINT('',(8.186760766989,-6.492275342934,
    78.912246705113));
#3723 = CARTESIAN_POINT('',(9.868708067918,-1.564576333841,
    79.259576180231));
#3724 = CARTESIAN_POINT('',(8.780795076055,3.071140894217,
    79.607145771619));
#3725 = CARTESIAN_POINT('',(5.845316505666,6.145366901123,
    79.954597871065));
#3726 = CARTESIAN_POINT('',(2.293977199637,7.266503189758,
    80.302084309721));
#3727 = CARTESIAN_POINT('',(-1.257358507432,8.387648575006,
    80.649576693355));
#3728 = CARTESIAN_POINT('',(-5.425900125053,7.556002114777,
    80.997019457324));
#3729 = CARTESIAN_POINT('',(-8.97816076051,4.385363717298,
    81.344600804943));
#3730 = CARTESIAN_POINT('',(-10.43060024647,-0.615048514205,
    81.691918281069));
#3731 = CARTESIAN_POINT('',(-8.702500712857,-5.78265634041,
    82.039596189814));
#3732 = CARTESIAN_POINT('',(-4.53474135134,-8.903671921911,
    82.386913665891));
#3733 = CARTESIAN_POINT('',(0.2104142506,-9.300005679404,82.734495013551
    ));
#3734 = CARTESIAN_POINT('',(4.040684645488,-7.456944838963,
    83.081937777521));
#3735 = CARTESIAN_POINT('',(6.203404687666,-4.425180616871,
    83.429430161135));
#3736 = CARTESIAN_POINT('',(8.366117321638,-1.393409815378,
    83.776916366322));
#3737 = CARTESIAN_POINT('',(8.861976190584,2.828250604255,
    84.124369660091));
#3738 = CARTESIAN_POINT('',(6.942815605488,7.185830284925,
    84.471935937152));
#3739 = CARTESIAN_POINT('',(2.635033904632,10.110989660754,
    84.819271941375));
#3740 = CARTESIAN_POINT('',(-2.813648832658,10.062613501977,
    85.166930029545));
#3741 = CARTESIAN_POINT('',(-7.068862317374,7.061898157669,
    85.514266033602));
#3742 = CARTESIAN_POINT('',(-8.910706277225,2.670881810169,
    85.861832310862));
#3743 = CARTESIAN_POINT('',(-8.340125621842,-1.541285103518,
    86.209285604507));
#3744 = CARTESIAN_POINT('',(-6.124092176118,-4.534302043105,
    86.556771809741));
#3745 = CARTESIAN_POINT('',(-3.908066587786,-7.527324855723,
    86.904263959804));
#3746 = CARTESIAN_POINT('',(-4.567312284889E-02,-9.302227975382,
    87.251707918295));
#3747 = CARTESIAN_POINT('',(4.691513828903,-8.822049634186,
    87.599285951255));
#3748 = CARTESIAN_POINT('',(8.803672326975,-5.627695198177,
    87.946609957009));
#3749 = CARTESIAN_POINT('',(10.439712602274,-0.430222898401,
    88.294277955914));
#3750 = CARTESIAN_POINT('',(8.899204130944,4.543507882102,
    88.641607429609));
#3751 = CARTESIAN_POINT('',(5.291255426268,7.650940110853,
    88.989177021991));
#3752 = CARTESIAN_POINT('',(1.108685107979,8.408571622338,89.33662912091
    ));
#3753 = CARTESIAN_POINT('',(-2.422254609406,7.224754847549,
    89.684115559753));
#3754 = CARTESIAN_POINT('',(-5.953197159225,6.040947568053,
    90.031607709731));
#3755 = CARTESIAN_POINT('',(-8.833769557192,2.915140948945,
    90.37905166848));
#3756 = CARTESIAN_POINT('',(-9.839466079447,-1.738898798074,
    90.726629700936));
#3757 = CARTESIAN_POINT('',(-8.070604836486,-6.636334624378,
    91.073953707425));
#3758 = CARTESIAN_POINT('',(-3.632061594216,-9.796980123758,
    91.42162170549));
#3759 = CARTESIAN_POINT('',(1.574303633371,-9.86716099537,
    91.768951179956));
#3760 = CARTESIAN_POINT('',(5.64376914312,-7.394737211077,
    92.116520771763));
#3761 = CARTESIAN_POINT('',(7.655599682113,-3.650349696523,
    92.463972871027));
#3762 = CARTESIAN_POINT('',(7.619644725277,7.358165156773E-02,
    92.811459309709));
#3763 = CARTESIAN_POINT('',(7.583699532757,3.797512400424,
    93.158951693373));
#3764 = CARTESIAN_POINT('',(5.499834690221,7.502358196303,
    93.506394457301));
#3765 = CARTESIAN_POINT('',(1.383584573269,9.895679830228,
    93.853975804972));
#3766 = CARTESIAN_POINT('',(-3.820703257971,9.725118651836,
    94.201293281036));
#3767 = CARTESIAN_POINT('',(-8.197202464275,6.479082093004,
    94.548971189847));
#3768 = CARTESIAN_POINT('',(-9.871209535875,1.54870110579,
    94.896288665871));
#3769 = CARTESIAN_POINT('',(-8.775844287035,-3.085277433824,
    95.243870013555));
#3770 = CARTESIAN_POINT('',(-5.835416107479,-6.154760563043,
    95.591312777526));
#3771 = CARTESIAN_POINT('',(-2.282280639869,-7.270189013469,
    95.938805161128));
#3772 = CARTESIAN_POINT('',(1.270858784162,-8.385608380007,
    96.286291366304));
#3773 = CARTESIAN_POINT('',(5.438049311445,-7.547267265106,
    96.633744660134));
#3774 = CARTESIAN_POINT('',(8.985213875832,-4.370901168128,
    96.981310937116));
#3775 = CARTESIAN_POINT('',(10.429587999514,0.631830479794,
    97.328646941359));
#3776 = CARTESIAN_POINT('',(8.693192630477,5.796655254257,
    97.676305029635));
#3777 = CARTESIAN_POINT('',(4.520396221856,8.910961679094,
    98.023641033456));
#3778 = CARTESIAN_POINT('',(-0.225373958747,9.299650670016,
    98.371207311014));
#3779 = CARTESIAN_POINT('',(-4.052685868837,7.450435719089,
    98.718660604393));
#3780 = CARTESIAN_POINT('',(-6.210515931942,4.415188768364,
    99.066146809802));
#3781 = CARTESIAN_POINT('',(-8.368354015428,1.379947464823,
    99.413638959601));
#3782 = CARTESIAN_POINT('',(-8.857405799827,-2.842515407517,
    99.761082918713));
#3783 = CARTESIAN_POINT('',(-6.931249640793,-7.196988271536,
    100.10866095062));
#3784 = CARTESIAN_POINT('',(-2.618750267947,-10.11522351173,
    100.45598495776));
#3785 = CARTESIAN_POINT('',(2.829834805274,-10.05806770497,
    100.80365295518));
#3786 = CARTESIAN_POINT('',(7.080221763114,-7.050514720247,
    101.15098243019));
#3787 = CARTESIAN_POINT('',(8.914992075804,-2.656536250043,
    101.49855202161));
#3788 = CARTESIAN_POINT('',(8.337634543066,1.554705640189,
    101.84600412108));
#3789 = CARTESIAN_POINT('',(6.116786640203,4.544152417877,
    102.19349055969));
#3790 = CARTESIAN_POINT('',(3.895946984169,7.533604458181,
    102.54098294342));
#3791 = CARTESIAN_POINT('',(3.070145131082E-02,9.302290983662,
    102.88842570718));
#3792 = CARTESIAN_POINT('',(-4.705705162005,8.814483790911,
    103.23600705516));
#3793 = CARTESIAN_POINT('',(-8.812720015635,5.613525818119,
    103.58332453079));
#3794 = CARTESIAN_POINT('',(-10.44038908194,0.413411198735,
    103.93100244007));
#3795 = CARTESIAN_POINT('',(-8.891882816989,-4.557814474775,
    104.2783199157));
#3796 = CARTESIAN_POINT('',(-5.278932676419,-7.659454914898,
    104.62590126365));
#3797 = CARTESIAN_POINT('',(-1.095152348738,-8.41033887948,
    104.97334402748));
#3798 = CARTESIAN_POINT('',(2.433880032971,-7.220850448259,
    105.32083641114));
#3799 = CARTESIAN_POINT('',(5.962910266727,-6.031352344409,
    105.66832261628));
#3800 = CARTESIAN_POINT('',(8.838452115187,-2.90092876396,
    106.01577591017));
#3801 = CARTESIAN_POINT('',(9.836652082772,1.754742493286,
    106.36334218703));
#3802 = CARTESIAN_POINT('',(8.059916131574,6.649305794136,
    106.71067819148));
#3803 = CARTESIAN_POINT('',(3.616287663052,9.802819685707,107.0583362795
    ));
#3804 = CARTESIAN_POINT('',(-1.590181029647,9.864610703891,
    107.40567228355));
#3805 = CARTESIAN_POINT('',(-5.655663488476,7.385645977875,
    107.75323856096));
#3806 = CARTESIAN_POINT('',(-7.661464621216,3.638023503744,
    108.10069185439));
#3807 = CARTESIAN_POINT('',(-7.619516433187,-8.58447783817E-02,
    108.44817805981));
#3808 = CARTESIAN_POINT('',(-7.57757805285,-3.809713215577,
    108.79567020955));
#3809 = CARTESIAN_POINT('',(-5.487752527112,-7.511198542678,
    109.14311416882));
#3810 = CARTESIAN_POINT('',(-1.367657884502,-9.897897437129,
    109.49069220041));
#3811 = CARTESIAN_POINT('',(3.836352658332,-9.718950454283,
    109.83801620803));
#3812 = CARTESIAN_POINT('',(8.207615947225,-6.465889842261,
    110.18568420491));
#3813 = CARTESIAN_POINT('',(9.87369306324,-1.532802442253,
    110.53301368038));
#3814 = CARTESIAN_POINT('',(8.770864078066,3.09938895302,110.88058327152
    ));
#3815 = CARTESIAN_POINT('',(5.825505275223,6.164150200183,
    111.22803537111));
#3816 = CARTESIAN_POINT('',(2.270575609156,7.273849489909,111.5755218097
    ));
#3817 = CARTESIAN_POINT('',(-1.284350787975,8.383558134538,
    111.92301395992));
#3818 = CARTESIAN_POINT('',(-5.450192335627,7.538496855455,
    112.27045791805));
#3819 = CARTESIAN_POINT('',(-8.992233062654,4.356444226745,
    112.61803595158));
#3820 = CARTESIAN_POINT('',(-10.42856108916,-0.64862416362,
    112.96535995668));
#3821 = CARTESIAN_POINT('',(-8.683849574511,-5.810632281808,
    113.31302795612));
#3822 = CARTESIAN_POINT('',(-4.506050300029,-8.91822901358,
    113.66035742954));
#3823 = CARTESIAN_POINT('',(0.240341310157,-9.299274413541,
    114.00792702193));
#3824 = CARTESIAN_POINT('',(4.064671372055,-7.443903951288,114.355379121
    ));
#3825 = CARTESIAN_POINT('',(6.217613789347,-4.405187710501,
    114.70286555968));
#3826 = CARTESIAN_POINT('',(8.370563768042,-1.366477676901,
    115.05035794344));
#3827 = CARTESIAN_POINT('',(8.852820868443,2.856767893096,
    115.39780070716));
#3828 = CARTESIAN_POINT('',(6.919654375825,7.208132135971,
    115.74538205518));
#3829 = CARTESIAN_POINT('',(2.602473069052,10.119428843225,
    116.09269953077));
#3830 = CARTESIAN_POINT('',(-2.846026851933,10.053495121389,
    116.4403774401));
#3831 = CARTESIAN_POINT('',(-7.091551063547,7.039116161302,
    116.78769491565));
#3832 = CARTESIAN_POINT('',(-8.919263716306,2.642179887012,
    117.1352762637));
#3833 = CARTESIAN_POINT('',(-8.335116179357,-1.568118939952,
    117.48271902743));
#3834 = CARTESIAN_POINT('',(-6.109468206417,-4.553992912447,
    117.83021141117));
#3835 = CARTESIAN_POINT('',(-3.883811803205,-7.539861465991,
    118.17769784986));
#3836 = CARTESIAN_POINT('',(-1.573780077032E-02,-9.30233328736,
    118.52514994897));
#3837 = CARTESIAN_POINT('',(4.719894071018,-8.806893276568,
    118.8727195412));
#3838 = CARTESIAN_POINT('',(8.821735094243,-5.599340321974,
    119.22004901487));
#3839 = CARTESIAN_POINT('',(10.441046767658,-0.396603917819,
    119.56771701405));
#3840 = CARTESIAN_POINT('',(8.884532555536,4.572117244765,
    119.91504101938));
#3841 = CARTESIAN_POINT('',(5.266599893145,7.667941888379,
    120.26261905272));
#3842 = CARTESIAN_POINT('',(1.081614820548,8.412090339113,
    120.61006301099));
#3843 = CARTESIAN_POINT('',(-2.44549827472,7.21692395688,120.95755516114
    ));
#3844 = CARTESIAN_POINT('',(-5.97260953387,6.021747695623,
    121.30504136635));
#3845 = CARTESIAN_POINT('',(-8.843109486147,2.886700209186,
    121.65249465994));
#3846 = CARTESIAN_POINT('',(-9.833815222326,-1.770571541857,
    122.00006093745));
#3847 = CARTESIAN_POINT('',(-8.049204155858,-6.662268987982,
    122.34739694093));
#3848 = CARTESIAN_POINT('',(-3.600506107462,-9.808627121181,
    122.69505503001));
#3849 = CARTESIAN_POINT('',(1.606055288774,-9.862038656465,
    123.0423910332));
#3850 = CARTESIAN_POINT('',(5.667542783487,-7.376534064528,
    123.38995731111));
#3851 = CARTESIAN_POINT('',(7.667309812874,-3.625688264102,
    123.73741060438));
#3852 = CARTESIAN_POINT('',(7.619368404477,9.810768283296E-02,
    124.08489680977));
#3853 = CARTESIAN_POINT('',(7.571436803768,3.821903800611,
    124.43238895966));
#3854 = CARTESIAN_POINT('',(5.475656732997,7.520020923289,
    124.77983291859));
#3855 = CARTESIAN_POINT('',(1.351726222069,9.9000857562,125.12741095079)
  );
#3856 = CARTESIAN_POINT('',(-3.851989580654,9.71276355819,
    125.47473495754));
#3857 = CARTESIAN_POINT('',(-8.218011661085,6.452671951605,
    125.82240295542));
#3858 = CARTESIAN_POINT('',(-9.876147201196,1.516909521194,
    126.16973242996));
#3859 = CARTESIAN_POINT('',(-8.765864494811,-3.113500958985,
    126.5173020218));
#3860 = CARTESIAN_POINT('',(-5.815577012876,-6.173517911673,
    126.86475412097));
#3861 = CARTESIAN_POINT('',(-2.258865976784,-7.27749438329,
    127.21224055974));
#3862 = CARTESIAN_POINT('',(1.297841504463,-8.381479968402,
    127.55973294325));
#3863 = CARTESIAN_POINT('',(5.462319137158,-7.529716447002,
    127.90717570754));
#3864 = CARTESIAN_POINT('',(8.999229737327,-4.341963808341,
    128.25475705459));
#3865 = CARTESIAN_POINT('',(10.427509059036,0.665402876268,
    128.60207453147));
#3866 = CARTESIAN_POINT('',(8.674479173983,5.824606774743,
    128.94975243944));
#3867 = CARTESIAN_POINT('',(4.491699351834,8.925462999005,
    129.29706991616));
#3868 = CARTESIAN_POINT('',(-0.255314537509,9.298881345535,
    129.64465126339));
#3869 = CARTESIAN_POINT('',(-4.076641530888,7.437348490302,
    129.99209402759));
#3870 = CARTESIAN_POINT('',(-6.224698252666,4.395177456435,
    130.33958641111));
#3871 = CARTESIAN_POINT('',(-8.37274753468,1.352999879128,
    130.68707261631));
#3872 = CARTESIAN_POINT('',(-8.848217397873,-2.871005462302,
    131.03452591017));
#3873 = CARTESIAN_POINT('',(-6.908039704122,-7.219268166878,
    131.38209218695));
#3874 = CARTESIAN_POINT('',(-2.586184818537,-10.12359440465,
    131.72942819165));
#3875 = CARTESIAN_POINT('',(2.862200836408,-10.04891121606,
    132.07708627926));
#3876 = CARTESIAN_POINT('',(7.10287652269,-7.027685618447,132.4244222838
    ));
#3877 = CARTESIAN_POINT('',(8.923498094788,-2.627827572942,
    132.77198856076));
#3878 = CARTESIAN_POINT('',(8.332586701171,1.581535338402,
    133.11944185451));
#3879 = CARTESIAN_POINT('',(6.102128055698,4.563817830744,
    133.46692805976));
#3880 = CARTESIAN_POINT('',(3.871677338354,7.546105857885,
    133.81442044322));
#3881 = CARTESIAN_POINT('',(7.587124687179E-04,9.30234161665,
    134.16186320759));
#3882 = CARTESIAN_POINT('',(-4.734053192843,8.799291218536,
    134.50944455451));
#3883 = CARTESIAN_POINT('',(-8.830743398078,5.585130006851,
    134.85676203163));
#3884 = CARTESIAN_POINT('',(-10.44166570121,0.379803122434,
    135.20443993922));
#3885 = CARTESIAN_POINT('',(-8.877165879348,-4.586412406594,
    135.55175741639));
#3886 = CARTESIAN_POINT('',(-5.254250774296,-7.67640727091,
    135.89933876321));
#3887 = CARTESIAN_POINT('',(-1.068075145302,-8.413820429755,
    136.24678152768));
#3888 = CARTESIAN_POINT('',(2.457110182025,-7.212978771837,
    136.59427391108));
#3889 = CARTESIAN_POINT('',(5.9822929422,-6.012127427388,136.94176034989
    ));
#3890 = CARTESIAN_POINT('',(8.847745549217,-2.872464266615,
    137.28921244912));
#3891 = CARTESIAN_POINT('',(9.830948976371,1.786396223137,
    137.63678204079));
#3892 = CARTESIAN_POINT('',(8.038478274118,6.675214537129,
    137.98411151553));
#3893 = CARTESIAN_POINT('',(3.584705691864,9.8144096817,138.33177951329)
  );
#3894 = CARTESIAN_POINT('',(-1.621914972719,9.859440483742,
    138.67910352005));
#3895 = CARTESIAN_POINT('',(-5.679416529858,7.367403552593,
    139.02668155228));
#3896 = CARTESIAN_POINT('',(-7.673128753012,3.613343277307,
    139.3741255112));
#3897 = CARTESIAN_POINT('',(-7.619204134442,-0.110370138636,
    139.72161766108));
#3898 = CARTESIAN_POINT('',(-7.565269410934,-3.834084479128,
    140.06910410003));
#3899 = CARTESIAN_POINT('',(-5.463556465603,-7.528824809355,
    140.41655619871));
#3900 = CARTESIAN_POINT('',(-1.335779226956,-9.902245355739,
    140.76412579152));
#3901 = CARTESIAN_POINT('',(3.867604479225,-9.706557459229,
    141.11145526458));
#3902 = CARTESIAN_POINT('',(8.228396480813,-6.439428827271,
    141.45912326425));
#3903 = CARTESIAN_POINT('',(9.878568076529,-1.501022182251,
    141.80644726928));
#3904 = CARTESIAN_POINT('',(8.760847106614,3.127613340994,
    142.15402530274));
#3905 = CARTESIAN_POINT('',(5.805630986897,6.182863684228,
    142.50146926099));
#3906 = CARTESIAN_POINT('',(2.247151757282,7.281123690129,
    142.84896141114));
#3907 = CARTESIAN_POINT('',(-1.31133177313,8.379374614919,
    143.19644761642));
#3908 = CARTESIAN_POINT('',(-5.474426008505,7.520923038732,
    143.54390090976));
#3909 = CARTESIAN_POINT('',(-9.006212940273,4.327467375169,
    143.89146718774));
#3910 = CARTESIAN_POINT('',(-10.42641579844,-0.682179760279,
    144.23880319062));
#3911 = CARTESIAN_POINT('',(-8.665103607765,-5.838560583034,
    144.58646128023));
#3912 = CARTESIAN_POINT('',(-4.477319194207,-8.932683409363,
    144.93379728314));
#3913 = CARTESIAN_POINT('',(0.270272357753,-9.29845411125,
    145.28136356105));
#3914 = CARTESIAN_POINT('',(4.088611186692,-7.430781501394,
    145.62881685449));
#3915 = CARTESIAN_POINT('',(6.231761170794,-4.385151389453,
    145.97630305968));
#3916 = CARTESIAN_POINT('',(8.374918876694,-1.339527097669,
    146.32379544345));
#3917 = CARTESIAN_POINT('',(8.843579529583,2.885248902084,146.6712382071
    ));
#3918 = CARTESIAN_POINT('',(6.896416709252,7.230368050338,
    147.01881955531));
#3919 = CARTESIAN_POINT('',(2.569886770985,10.12775336253,
    147.36613703057));
#3920 = CARTESIAN_POINT('',(-2.878372694151,10.04428213627,
    147.71381494029));
#3921 = CARTESIAN_POINT('',(-7.11417211013,7.016253131437,
    148.06113241554));
#3922 = CARTESIAN_POINT('',(-8.927722262906,2.613456522124,
    148.40871376371));
#3923 = CARTESIAN_POINT('',(-8.330025476568,-1.594940216556,
    148.75615652747));
#3924 = CARTESIAN_POINT('',(-6.094777984684,-4.573634717373,
    149.10364891112));
#3925 = CARTESIAN_POINT('',(-3.859521979988,-7.552324147861,
    149.45113511618));
#3926 = CARTESIAN_POINT('',(1.420458487216E-02,-9.302334208147,
    149.79858841048));
#3927 = CARTESIAN_POINT('',(4.748218604311,-8.791658859912,
    150.14615468653));
#3928 = CARTESIAN_POINT('',(8.839710980379,-5.570908844218,
    150.49349069202));
#3929 = CARTESIAN_POINT('',(10.442271738698,-0.363003041779,
    150.84114877907));
#3930 = CARTESIAN_POINT('',(8.869766936542,4.600701526246,
    151.18848478379));
#3931 = CARTESIAN_POINT('',(5.241893086844,7.684845663338,
    151.53605106089));
#3932 = CARTESIAN_POINT('',(1.054530404928,8.415534491713,
    151.88350435438));
#3933 = CARTESIAN_POINT('',(-2.468714825643,7.209011521156,
    152.23099055985));
#3934 = CARTESIAN_POINT('',(-5.991963276095,6.002497815617,
    152.57848270944));
#3935 = CARTESIAN_POINT('',(-8.852353149011,2.858211867025,
    152.92592666904));
#3936 = CARTESIAN_POINT('',(-9.82806777366,-1.802205760142,
    153.27350470011));
#3937 = CARTESIAN_POINT('',(-8.02771522903,-6.688152797353,
    153.62082870834));
#3938 = CARTESIAN_POINT('',(-3.568916848069,-9.820159038271,
    153.96849670469));
#3939 = CARTESIAN_POINT('',(1.637792295289,-9.856821720204,
    154.31582618046));
#3940 = CARTESIAN_POINT('',(5.691256889293,-7.358251394178,
    154.66339577155));
#3941 = CARTESIAN_POINT('',(7.678940700863,-3.600990018448,
    155.01084787103));
#3942 = CARTESIAN_POINT('',(7.619013139644,0.122632697616,
    155.35833430977));
#3943 = CARTESIAN_POINT('',(7.55909548578,3.846255240239,155.70582645971
    ));
#3944 = CARTESIAN_POINT('',(5.451422626748,7.537607225462,
    156.05327041843));
#3945 = CARTESIAN_POINT('',(1.319852434144,9.90438545858,156.40084845108
    ));
#3946 = CARTESIAN_POINT('',(-3.883233451809,9.700314305893,
    156.74817245719));
#3947 = CARTESIAN_POINT('',(-8.238739202032,6.426186063896,
    157.09584045572));
#3948 = CARTESIAN_POINT('',(-9.880978726307,1.485111931647,
    157.44316992979));
#3949 = CARTESIAN_POINT('',(-8.755797223928,-3.141700739429,
    157.79073952183));
#3950 = CARTESIAN_POINT('',(-5.795675322906,-6.192205338211,
    158.138191621));
#3951 = CARTESIAN_POINT('',(-2.2354291893,-7.284727609081,158.4856780597
    ));
#3952 = CARTESIAN_POINT('',(1.324813720706,-8.377259250259,
    158.83317020985));
#3953 = CARTESIAN_POINT('',(5.486526544841,-7.512094102728,
    159.18061416829));
#3954 = CARTESIAN_POINT('',(9.013162244997,-4.312976710558,
    159.5281922011));
#3955 = CARTESIAN_POINT('',(10.425307813745,0.698968289148,
    159.87551620739));
#3956 = CARTESIAN_POINT('',(8.65569317856,5.85249233722,160.22318420532)
  );
#3957 = CARTESIAN_POINT('',(4.462938349264,8.939881393982,
    160.57051368027));
#3958 = CARTESIAN_POINT('',(-0.285237717106,9.298005592508,
    160.91808327141));
#3959 = CARTESIAN_POINT('',(-4.100565013489,7.424191940989,
    161.2655353713));
#3960 = CARTESIAN_POINT('',(-6.238810657864,4.375116177929,
    161.61302180955));
#3961 = CARTESIAN_POINT('',(-8.377064221162,1.326046374908,
    161.96051396037));
#3962 = CARTESIAN_POINT('',(-8.838923149691,-2.899477345128,
    162.30795791718));
#3963 = CARTESIAN_POINT('',(-6.884774356369,-7.241460060229,
    162.65553595283));
#3964 = CARTESIAN_POINT('',(-2.553577779038,-10.1318724958,
    163.00285995532));
#3965 = CARTESIAN_POINT('',(2.894526439063,-10.03964180602,
    163.35052795726));
#3966 = CARTESIAN_POINT('',(7.125463760641,-7.004788666017,
    163.69785742884));
#3967 = CARTESIAN_POINT('',(8.931909179675,-2.599089643008,
    164.04542702221));
#3968 = CARTESIAN_POINT('',(8.327453128035,1.60834815831,164.39287912098
    ));
#3969 = CARTESIAN_POINT('',(6.087406247034,4.58343595788,164.74036555961
    ));
#3970 = CARTESIAN_POINT('',(3.847367579207,7.558529073308,
    165.08785794364));
#3971 = CARTESIAN_POINT('',(-2.918403636683E-02,9.302295867722,
    165.43530070674));
#3972 = CARTESIAN_POINT('',(-4.762352170872,8.784007477435,
    165.78288205583));
#3973 = CARTESIAN_POINT('',(-8.848675289781,5.556676329258,166.13019953)
  );
#3974 = CARTESIAN_POINT('',(-10.44283413124,0.346191108739,
    166.47787744081));
#3975 = CARTESIAN_POINT('',(-8.862356968052,-4.614962816156,
    166.82519491514));
#3976 = CARTESIAN_POINT('',(-5.229514432156,-7.693280093993,
    167.17277626399));
#3977 = CARTESIAN_POINT('',(-1.040986875869,-8.417214803851,
    167.52021902731));
#3978 = CARTESIAN_POINT('',(2.480314873131,-7.205032362376,
    167.8677114112));
#3979 = CARTESIAN_POINT('',(6.001614023533,-5.992840241627,
    168.21519784986));
#3980 = CARTESIAN_POINT('',(8.85694571496,-2.843969913575,
    168.56264994888));
#3981 = CARTESIAN_POINT('',(9.825147924037,1.818031213167,
    168.91021954142));
#3982 = CARTESIAN_POINT('',(8.01695018932,6.701054528137,169.25754901456
    ));
#3983 = CARTESIAN_POINT('',(3.553096110782,9.825897429219,
    169.60521701435));
#3984 = CARTESIAN_POINT('',(-1.653642523601,9.854168723691,
    169.95254101916));
#3985 = CARTESIAN_POINT('',(-5.703101597687,7.349084256424,
    170.30011905285));
#3986 = CARTESIAN_POINT('',(-7.684719773623,3.588625989443,
    170.64756301093));
#3987 = CARTESIAN_POINT('',(-7.618809399708,-0.134894561119,
    170.99505516116));
#3988 = CARTESIAN_POINT('',(-7.552889056034,-3.858416366903,
    171.34254136633));
#3989 = CARTESIAN_POINT('',(-5.439293511716,-7.546370622833,
    171.68999465995));
#3990 = CARTESIAN_POINT('',(-1.303899972381,-9.906497376377,
    172.03756093746));
#3991 = CARTESIAN_POINT('',(3.898830781996,-9.694051482775,
    172.38489694087));
#3992 = CARTESIAN_POINT('',(8.249077921798,-6.412918498687,
    172.73255503013));
#3993 = CARTESIAN_POINT('',(9.883352185646,-1.469207141121,
    173.07989103306));
#3994 = CARTESIAN_POINT('',(8.750731161017,3.155788357787,
    173.42745731124));
#3995 = CARTESIAN_POINT('',(5.785701558228,6.201525024686,173.7749106043
    ));
#3996 = CARTESIAN_POINT('',(2.223702094996,7.288315923064,
    174.12239680982));
#3997 = CARTESIAN_POINT('',(-1.338294548495,8.375116216047,
    174.46988895955));
#3998 = CARTESIAN_POINT('',(-5.498609566502,7.503254239651,
    174.81733291875));
#3999 = CARTESIAN_POINT('',(-9.020091971298,4.298465143381,
    175.16491095067));
#4000 = CARTESIAN_POINT('',(-10.42416937592,-0.715746099311,
    175.51223495754));
#4001 = CARTESIAN_POINT('',(-8.646262840542,-5.866415420238,
    175.85990295555));
#4002 = CARTESIAN_POINT('',(-4.448544529401,-8.947052564731,
    176.20723242975));
#4003 = CARTESIAN_POINT('',(0.300201760774,-9.297534483459,
    176.55480202201));
#4004 = CARTESIAN_POINT('',(4.112508358325,-7.417582786658,
    176.9022541208));
#4005 = CARTESIAN_POINT('',(6.245843985489,-4.365069634224,
    177.24974055986));
#4006 = CARTESIAN_POINT('',(8.379187538347,-1.312562426903,
    177.5972327094));
#4007 = CARTESIAN_POINT('',(8.834245222997,2.913699142625,
    177.94467666913));
#4008 = CARTESIAN_POINT('',(6.873110872991,7.252531192138,
    178.29225469997));
#4009 = CARTESIAN_POINT('',(2.537268017958,10.135969151515,
    178.63957870848));
#4010 = CARTESIAN_POINT('',(-2.910680708839,10.034970294974,
    178.9872467046));
#4011 = CARTESIAN_POINT('',(-7.136728192417,6.993311714183,
    179.33457618048));
#4012 = CARTESIAN_POINT('',(-8.936080642593,2.584711068978,
    179.68214577158));
#4013 = CARTESIAN_POINT('',(-8.324853832501,-1.621748459739,
    180.02959787098));
#4014 = CARTESIAN_POINT('',(-6.08002168175,-4.593227226123,
    180.3770843098));
#4015 = CARTESIAN_POINT('',(-3.835197633222,-7.564711696291,
    180.72457645962));
#4016 = CARTESIAN_POINT('',(4.415489814206E-02,-9.302235305978,
    181.07202041861));
#4017 = CARTESIAN_POINT('',(4.776484198018,-8.776335252794,
    181.41959845084));
#4018 = CARTESIAN_POINT('',(8.857605053856,-5.542421165422,
    181.76692245743));
#4019 = CARTESIAN_POINT('',(10.443380259922,-0.329392958978,
    182.11459045552));
#4020 = CARTESIAN_POINT('',(8.854915354276,4.62923018506,182.46191992994
    ));
#4021 = CARTESIAN_POINT('',(5.217128305895,7.701677791294,
    182.80948952174));
#4022 = CARTESIAN_POINT('',(1.027437014091,8.418885471516,
    183.15694162105));
#4023 = CARTESIAN_POINT('',(-2.491906686566,7.201027778302,
    183.50442805969));
#4024 = CARTESIAN_POINT('',(-6.011253311456,5.983179553347,
    183.8519202099));
#4025 = CARTESIAN_POINT('',(-8.861507414093,2.829702755429,
    184.19936416819));
#4026 = CARTESIAN_POINT('',(-9.822215848918,-1.833831392601,
    184.5469422012));
#4027 = CARTESIAN_POINT('',(-8.006145552359,-6.713958078388,
    184.89426620732));
#4028 = CARTESIAN_POINT('',(-3.537288844246,-9.831595932948,
    185.24193420534));
#4029 = CARTESIAN_POINT('',(1.669511336253,-9.851498868019,
    185.58926368028));
#4030 = CARTESIAN_POINT('',(5.714912435042,-7.339894032804,
    185.93683327138));
#4031 = CARTESIAN_POINT('',(7.690491929156,-3.576254086971,
    186.28428537131));
#4032 = CARTESIAN_POINT('',(7.618578934194,0.147156441798,
    186.63177180954));
#4033 = CARTESIAN_POINT('',(7.546675849489,3.870566828936,
    186.97926396039));
#4034 = CARTESIAN_POINT('',(5.427132036337,7.555115431297,
    187.32670791713));
#4035 = CARTESIAN_POINT('',(1.287964974303,9.908582540777,187.6742859529
    ));
#4036 = CARTESIAN_POINT('',(-3.914437091799,9.687764551212,
    188.02160995526));
#4037 = CARTESIAN_POINT('',(-8.25938138001,6.399633592528,
    188.36927795729));
#4038 = CARTESIAN_POINT('',(-9.885707875691,1.453298956486,
    188.71660742886));
#4039 = CARTESIAN_POINT('',(-8.74563923457,-3.169867969508,
    189.06417702217));
#4040 = CARTESIAN_POINT('',(-5.775713584195,-6.210828607532,
    189.41162912101));
#4041 = CARTESIAN_POINT('',(-2.211969240605,-7.291885358032,
    189.75911555959));
#4042 = CARTESIAN_POINT('',(1.351771606426,-8.37295124593,
    190.10660794369));
#4043 = CARTESIAN_POINT('',(5.510679593035,-7.494395942335,
    190.45405070666));
#4044 = CARTESIAN_POINT('',(9.026995278312,-4.283939986522,
    190.80163205592));
#4045 = CARTESIAN_POINT('',(10.423009356175,0.732517694763,
    191.14894952992));
#4046 = CARTESIAN_POINT('',(8.636802667508,5.880329298712,
    191.49662744085));
#4047 = CARTESIAN_POINT('',(4.434147311266,8.954194014191,
    191.84394491516));
#4048 = CARTESIAN_POINT('',(-0.315172148399,9.297045031441,
    192.19152626392));
#4049 = CARTESIAN_POINT('',(-4.124436067318,7.410950401849,
    192.53896902738));
#4050 = CARTESIAN_POINT('',(-6.252863859357,4.355013980205,
    192.88646141115));
#4051 = CARTESIAN_POINT('',(-8.381284169081,1.29907106271,
    193.23394761619));
#4052 = CARTESIAN_POINT('',(-8.829551531708,-2.927907655476,
    193.5814009104));
#4053 = CARTESIAN_POINT('',(-6.861421467679,-7.263590080722,
    193.92896718663));
#4054 = CARTESIAN_POINT('',(-2.520959117625,-10.14003356521,
    194.27630319198));
#4055 = CARTESIAN_POINT('',(2.926832853698,-10.03027715049,
    194.62396127902));
#4056 = CARTESIAN_POINT('',(7.147971085707,-6.981814191113,
    194.97129728389));
#4057 = CARTESIAN_POINT('',(8.940230205569,-2.570326803113,
    195.3188635608));
#4058 = CARTESIAN_POINT('',(8.322232670712,1.635144804413,
    195.66631685442));
#4059 = CARTESIAN_POINT('',(6.072621367543,4.603006596642,
    196.01380305984));
#4060 = CARTESIAN_POINT('',(3.82301795604,7.570873974165,196.36129544299
    ));
#4061 = CARTESIAN_POINT('',(-5.912647918632E-02,9.302153739508,
    196.70873820803));
#4062 = CARTESIAN_POINT('',(-4.790601812269,8.768632725003,
    197.05631955392));
#4063 = CARTESIAN_POINT('',(-8.866515493872,5.528165077837,
    197.40363703223));
#4064 = CARTESIAN_POINT('',(-10.4438943694,0.312575511545,197.7513149387
    ));
#4065 = CARTESIAN_POINT('',(-8.84745623074,-4.643465414206,
    198.09863241677));
#4066 = CARTESIAN_POINT('',(-5.204723908745,-7.710073204472,
    198.44621376299));
#4067 = CARTESIAN_POINT('',(-1.013887820401,-8.420521969004,
    198.79365652778));
#4068 = CARTESIAN_POINT('',(2.503493865725,-7.19701130145,
    199.14114891105));
#4069 = CARTESIAN_POINT('',(7.62,-9.436895709314E-16,1.525));
#4070 = CARTESIAN_POINT('',(7.620000025906,3.724103363451,1.872492149989
    ));
#4071 = CARTESIAN_POINT('',(5.572065051095,7.448893924714,2.21993610868)
  );
#4072 = CARTESIAN_POINT('',(1.47900772069,9.881877792448,2.567514141264)
  );
#4073 = CARTESIAN_POINT('',(-3.726550337122,9.76150339517,2.914838147574
    ));
#4074 = CARTESIAN_POINT('',(-8.134284525015,6.558012028792,
    3.262506145823));
#4075 = CARTESIAN_POINT('',(-9.855793079055,1.643876719341,
    3.609835620116));
#4076 = CARTESIAN_POINT('',(-8.805216078608,-3.000348408647,
    3.957405212095));
#4077 = CARTESIAN_POINT('',(-5.894580308534,-6.098136785112,
    4.304857311198));
#4078 = CARTESIAN_POINT('',(-2.352376661965,-7.247808223197,4.65234375)
  );
#4079 = CARTESIAN_POINT('',(1.189826346004,-8.397479355309,
    4.999835899992));
#4080 = CARTESIAN_POINT('',(5.36490273702,-7.599457102815,5.347279858672
    ));
#4081 = CARTESIAN_POINT('',(8.942620981595,-4.457409844564,
    5.694857891279));
#4082 = CARTESIAN_POINT('',(10.435138401696,0.531048478361,
    6.042181897551));
#4083 = CARTESIAN_POINT('',(8.748833935507,5.712443546558,6.38984989585)
  );
#4084 = CARTESIAN_POINT('',(4.606173337096,8.866913503254,6.737179370093
    ));
#4085 = CARTESIAN_POINT('',(-0.135533472673,9.301373631997,
    7.084748962112));
#4086 = CARTESIAN_POINT('',(-3.980558108589,7.489226021949,
    7.432201061189));
#4087 = CARTESIAN_POINT('',(-6.167591611612,4.474954045839,
    7.779687500003));
#4088 = CARTESIAN_POINT('',(-8.354624610436,1.46068256066,8.127179883463
    ));
#4089 = CARTESIAN_POINT('',(-8.884472464115,-2.756824140587,
    8.474622647871));
#4090 = CARTESIAN_POINT('',(-7.00037577274,-7.129776468169,
    8.822203994696));
#4091 = CARTESIAN_POINT('',(-2.716330800083,-10.08938385356,
    9.16952147195));
#4092 = CARTESIAN_POINT('',(2.732565031697,-10.08499915264,
    9.517199379409));
#4093 = CARTESIAN_POINT('',(7.011841294929,-7.11850090259,9.864516856655
    ));
#4094 = CARTESIAN_POINT('',(8.888897762193,-2.74252199273,
    10.212098203489));
#4095 = CARTESIAN_POINT('',(8.352262983312,1.474126514962,
    10.559540967891));
#4096 = CARTESIAN_POINT('',(6.160381679646,4.484874308279,
    10.907033351353));
#4097 = CARTESIAN_POINT('',(3.968499896892,7.495622600167,
    11.254519556679));
#4098 = CARTESIAN_POINT('',(0.120563656612,9.301579677486,
    11.601972850085));
#4099 = CARTESIAN_POINT('',(-4.620437429246,8.859488977681,
    11.949539127785));
#4100 = CARTESIAN_POINT('',(-8.758016615416,5.698355715057,
    12.29687513118));
#4101 = CARTESIAN_POINT('',(-10.43597891559,0.514253794918,
    12.644533220179));
#4102 = CARTESIAN_POINT('',(-8.935436385797,-4.471796459865,
    12.991869223565));
#4103 = CARTESIAN_POINT('',(-5.352664692897,-7.608081280914,
    13.339435501277));
#4104 = CARTESIAN_POINT('',(-1.176310415343,-8.399383513249,
    13.686888794674));
#4105 = CARTESIAN_POINT('',(2.364038395702,-7.244012870202,
    14.034375000004));
#4106 = CARTESIAN_POINT('',(5.904386526419,-6.088642377668,
    14.381867149976));
#4107 = CARTESIAN_POINT('',(8.810034013581,-2.986173189002,
    14.729311108706));
#4108 = CARTESIAN_POINT('',(9.853133982885,1.659735900153,
    15.076889141226));
#4109 = CARTESIAN_POINT('',(8.123720229207,6.571095463198,
    15.424213147617));
#4110 = CARTESIAN_POINT('',(3.710834986991,9.767487404801,
    15.771881145785));
#4111 = CARTESIAN_POINT('',(-1.494909336889,9.879485510904,
    16.119210620145));
#4112 = CARTESIAN_POINT('',(-5.584046112809,7.439915978974,
    16.466780212079));
#4113 = CARTESIAN_POINT('',(-7.625983665555,3.711835448453,
    16.814232311204));
#4114 = CARTESIAN_POINT('',(-7.619990131185,-1.226379389635E-02,
    17.161718749999));
#4115 = CARTESIAN_POINT('',(-7.613996478141,-3.736362342595,
    17.50921113348));
#4116 = CARTESIAN_POINT('',(-5.56006952921,-7.457852045872,
    17.856653897833));
#4117 = CARTESIAN_POINT('',(-1.463101434681,-9.884245425795,
    18.204235244756));
#4118 = CARTESIAN_POINT('',(3.742255423335,-9.755493011969,
    18.551552721881));
#4119 = CARTESIAN_POINT('',(8.144829233968,-6.544912246236,
    18.899230629469));
#4120 = CARTESIAN_POINT('',(9.858425310284,-1.628012237922,
    19.246548106614));
#4121 = CARTESIAN_POINT('',(8.800376458355,3.014515632514,19.59412945351
    ));
#4122 = CARTESIAN_POINT('',(5.884757773586,6.107615890894,
    19.941572217883));
#4123 = CARTESIAN_POINT('',(2.340709068283,7.251584727329,
    20.289064601356));
#4124 = CARTESIAN_POINT('',(-1.203340317786,8.39555368486,
    20.636550806677));
#4125 = CARTESIAN_POINT('',(-5.377125910927,7.590812672564,
    20.984004100085));
#4126 = CARTESIAN_POINT('',(-8.949783947595,4.443011847224,
    21.331570377784));
#4127 = CARTESIAN_POINT('',(-10.43426956945,-0.547842534971,
    21.678906381185));
#4128 = CARTESIAN_POINT('',(-8.739629337256,-5.72651656244,
    22.026564470172));
#4129 = CARTESIAN_POINT('',(-4.59189650665,-8.87431537952,
    22.373900473568));
#4130 = CARTESIAN_POINT('',(0.150503023702,-9.30114342065,
    22.721466751279));
#4131 = CARTESIAN_POINT('',(3.992606302617,-7.482809933987,
    23.06892004467));
#4132 = CARTESIAN_POINT('',(6.174785712306,-4.465021994022,
    23.416406250008));
#4133 = CARTESIAN_POINT('',(8.356964660575,-1.447234576155,
    23.763898399968));
#4134 = CARTESIAN_POINT('',(8.880023998747,2.771119524082,
    24.111342358712));
#4135 = CARTESIAN_POINT('',(6.988892050886,7.141033569742,
    24.458920391229));
#4136 = CARTESIAN_POINT('',(2.70008892075,10.093742901856,
    24.806244397598));
#4137 = CARTESIAN_POINT('',(-2.748792115372,10.080587701625,
    25.153912395817));
#4138 = CARTESIAN_POINT('',(-7.023289315063,7.107207263237,
    25.501241870108));
#4139 = CARTESIAN_POINT('',(-8.893299746754,2.728211937984,
    25.84881146211));
#4140 = CARTESIAN_POINT('',(-8.349879939273,-1.487566557649,
    26.196263561183));
#4141 = CARTESIAN_POINT('',(-6.153155502269,-4.494783350162,
    26.543750000009));
#4142 = CARTESIAN_POINT('',(-3.956431403458,-7.501999520544,
    26.891242149963));
#4143 = CARTESIAN_POINT('',(-0.105592957773,-9.301762185864,
    27.238686108727));
#4144 = CARTESIAN_POINT('',(4.634689668684,-8.852040680996,
    27.586264141199));
#4145 = CARTESIAN_POINT('',(8.767176725006,-5.684253532469,
    27.933588147644));
#4146 = CARTESIAN_POINT('',(10.43679276368,-0.497456843899,
    28.281256145759));
#4147 = CARTESIAN_POINT('',(8.928227968698,4.48617133252,28.628585620166
    ));
#4148 = CARTESIAN_POINT('',(5.340413082787,7.616686213132,
    28.976155212063));
#4149 = CARTESIAN_POINT('',(1.162790757257,8.401265792639,
    29.323607311214));
#4150 = CARTESIAN_POINT('',(-2.375694006014,7.240198753473,
    29.671093749994));
#4151 = CARTESIAN_POINT('',(-5.914178073125,6.079131843926,
    30.018585900008));
#4152 = CARTESIAN_POINT('',(-8.814828615682,2.971990261001,
    30.366029858645));
#4153 = CARTESIAN_POINT('',(-9.850450006785,-1.675591598944,
    30.713607891307));
#4154 = CARTESIAN_POINT('',(-8.113134043934,-6.584161445032,
    31.060931897536));
#4155 = CARTESIAN_POINT('',(-3.69511017412,-9.773447053362,
    31.408599895846));
#4156 = CARTESIAN_POINT('',(1.510807659862,-9.877066776142,
    31.75592937011));
#4157 = CARTESIAN_POINT('',(5.596012843555,-7.430919258008,
    32.103498962089));
#4158 = CARTESIAN_POINT('',(7.631947697772,-3.699557217042,
    32.450951061209));
#4159 = CARTESIAN_POINT('',(7.619960524766,2.452755602763E-02,
    32.798437499989));
#4160 = CARTESIAN_POINT('',(7.607973234202,3.748611635252,33.14592988351
    ));
#4161 = CARTESIAN_POINT('',(5.548059498807,7.466790884016,
    33.493372647763));
#4162 = CARTESIAN_POINT('',(1.447191619999,9.8865873718,33.840953994878)
  );
#4163 = CARTESIAN_POINT('',(-3.757951279489,9.749457510098,
    34.188271471718));
#4164 = CARTESIAN_POINT('',(-8.155352209719,6.531795304285,
    34.535949379641));
#4165 = CARTESIAN_POINT('',(-9.861032700758,1.612143765132,
    34.883266856468));
#4166 = CARTESIAN_POINT('',(-8.795513433737,-3.028675245822,
    35.230848203611));
#4167 = CARTESIAN_POINT('',(-5.874920422127,-6.117079038078,
    35.578290967829));
#4168 = CARTESIAN_POINT('',(-2.32903517845,-7.25534252379,
    35.925783351377));
#4169 = CARTESIAN_POINT('',(1.216850762121,-8.393606107406,
    36.273269790174));
#4170 = CARTESIAN_POINT('',(5.389335700557,-7.582148868985,
    36.62072188915));
#4171 = CARTESIAN_POINT('',(8.956923197041,-4.428601893102,
    36.968291481487));
#4172 = CARTESIAN_POINT('',(10.433374061348,0.564634570838,
    37.315620955169));
#4173 = CARTESIAN_POINT('',(8.730402028996,5.740575438311,37.66328895418
    ));
#4174 = CARTESIAN_POINT('',(4.577607616029,8.881693591619,
    38.010612959759));
#4175 = CARTESIAN_POINT('',(-0.165471916966,9.300889671429,
    38.358190992891));
#4176 = CARTESIAN_POINT('',(-4.004644391057,7.476374091612,
    38.705634951265));
#4177 = CARTESIAN_POINT('',(-6.181963675505,4.455078575593,
    39.053127101388));
#4178 = CARTESIAN_POINT('',(-8.35928331026,1.433782457223,39.40061330662
    ));
#4179 = CARTESIAN_POINT('',(-8.875552223436,-2.785407119407,
    39.748066600167));
#4180 = CARTESIAN_POINT('',(-6.977390491708,-7.152272989033,
    40.095632877686));
#4181 = CARTESIAN_POINT('',(-2.683839943202,-10.09807486852,
    40.442968881281));
#4182 = CARTESIAN_POINT('',(2.765012187895,-10.07615107535,
    40.790626970093));
#4183 = CARTESIAN_POINT('',(7.034718873666,-7.095894401093,
    41.137962973624));
#4184 = CARTESIAN_POINT('',(8.897679007023,-2.713895425323,
    41.485529251245));
#4185 = CARTESIAN_POINT('',(8.347475019096,1.501003131728,
    41.832982544687));
#4186 = CARTESIAN_POINT('',(6.145913531013,4.504680551305,
    42.180468750001));
#4187 = CARTESIAN_POINT('',(3.944352398051,7.508357371388,
    42.527960899986));
#4188 = CARTESIAN_POINT('',(9.062236244185E-02,9.301920082577,
    42.875404858689));
#4189 = CARTESIAN_POINT('',(-4.648930333194,8.844570046075,
    43.22298289124));
#4190 = CARTESIAN_POINT('',(-8.776313731847,5.670136085598,
    43.570306897618));
#4191 = CARTESIAN_POINT('',(-10.43757986465,0.480658998126,
    43.917974895763));
#4192 = CARTESIAN_POINT('',(-8.92099626376,-4.500534806853,
    44.26530437018));
#4193 = CARTESIAN_POINT('',(-5.328147705693,-7.625271325694,
    44.612873962043));
#4194 = CARTESIAN_POINT('',(-1.149268071233,-8.403126332751,
    44.960326061231));
#4195 = CARTESIAN_POINT('',(2.387343462707,-7.236365882891,
    45.307812499983));
#4196 = CARTESIAN_POINT('',(5.923954300689,-6.069605563772,
    45.655304650045));
#4197 = CARTESIAN_POINT('',(8.819600385261,-2.957799634832,
    46.002748608563));
#4198 = CARTESIAN_POINT('',(9.847740515652,1.69144295755,46.350326641438
    ));
#4199 = CARTESIAN_POINT('',(8.1025268437,6.597210372309,46.697650647377)
  );
#4200 = CARTESIAN_POINT('',(3.67937579002,9.779381386346,47.045318645994
    ));
#4201 = CARTESIAN_POINT('',(-1.526702069476,9.874622457404,
    47.392648120007));
#4202 = CARTESIAN_POINT('',(-5.607965079285,7.42190328918,
    47.740217712138));
#4203 = CARTESIAN_POINT('',(-7.637891961411,3.687269402889,
    48.087669811199));
#4204 = CARTESIAN_POINT('',(-7.61991118082,-3.679125462613E-02,
    48.435156249984));
#4205 = CARTESIAN_POINT('',(-7.601930309732,-3.760851209823,
    48.782648400037));
#4206 = CARTESIAN_POINT('',(-5.53603499082,-7.475710415459,
    49.130092358577));
#4207 = CARTESIAN_POINT('',(-1.431278318286,-9.88890362569,
    49.477670391431));
#4208 = CARTESIAN_POINT('',(3.773637865693,-9.743396902913,
    49.824994397362));
#4209 = CARTESIAN_POINT('',(8.165853423964,-6.518661240021,
    50.17266239603));
#4210 = CARTESIAN_POINT('',(9.863615244857,-1.596271338704,
    50.519991869965));
#4211 = CARTESIAN_POINT('',(8.790627016364,3.042827208948,
    50.867561462174));
#4212 = CARTESIAN_POINT('',(5.865068280319,6.12652620421,51.215013561176
    ));
#4213 = CARTESIAN_POINT('',(2.317355022335,7.259081601722,
    51.562499999994));
#4214 = CARTESIAN_POINT('',(-1.230357611467,8.391636674225,
    51.909992383483));
#4215 = CARTESIAN_POINT('',(-5.401532206417,7.573465529787,
    52.257435147837));
#4216 = CARTESIAN_POINT('',(-8.964038389028,4.41418046816,
    52.605016494738));
#4217 = CARTESIAN_POINT('',(-10.43245245085,-0.581425335574,
    52.952333971909));
#4218 = CARTESIAN_POINT('',(-8.721151250962,-5.75461905075,
    53.300011879444));
#4219 = CARTESIAN_POINT('',(-4.563307557989,-8.889049306674,
    53.647329356626));
#4220 = CARTESIAN_POINT('',(0.180440863775,-9.300611345613,
    53.994910703511));
#4221 = CARTESIAN_POINT('',(4.016671817841,-7.469919238669,
    54.342353467876));
#4222 = CARTESIAN_POINT('',(6.189125769574,-4.445123418801,
    54.689845851363));
#4223 = CARTESIAN_POINT('',(8.361580044679,-1.420326987761,
    55.037332056704));
#4224 = CARTESIAN_POINT('',(8.87105783369,2.799688018969,55.384785349999
    ));
#4225 = CARTESIAN_POINT('',(6.965870431252,7.163493290117,
    55.732351627925));
#4226 = CARTESIAN_POINT('',(2.667584405816,10.102381220762,
    56.079687631031));
#4227 = CARTESIAN_POINT('',(-2.781225383828,10.071687954702,
    56.427345720286));
#4228 = CARTESIAN_POINT('',(-7.046130049766,7.084563381356,
    56.774681723525));
#4229 = CARTESIAN_POINT('',(-8.902035285854,2.699571792192,
    57.122248001257));
#4230 = CARTESIAN_POINT('',(-8.345048460995,-1.514435795775,
    57.469701294723));
#4231 = CARTESIAN_POINT('',(-6.138655640363,-4.514566084248,
    57.817187499959));
#4232 = CARTESIAN_POINT('',(-3.932263149977,-7.514695765198,
    58.164679883598));
#4233 = CARTESIAN_POINT('',(-7.565163875619E-02,-9.302053920396,
    58.512122647601));
#4234 = CARTESIAN_POINT('',(4.663159216437,-8.837076415118,
    58.859703995094));
#4235 = CARTESIAN_POINT('',(8.785427543583,-5.656004105117,
    59.207021471495));
#4236 = CARTESIAN_POINT('',(10.438340564651,-0.463859696719,
    59.554699379827));
#4237 = CARTESIAN_POINT('',(8.913740757771,4.514886393667,
    59.902016856342));
#4238 = CARTESIAN_POINT('',(5.315869135455,7.633836888657,
    60.249598203677));
#4239 = CARTESIAN_POINT('',(1.135741982781,8.404964965598,
    60.597040967805));
#4240 = CARTESIAN_POINT('',(-2.39898650294,7.232514345557,60.94453335138
    ));
#4241 = CARTESIAN_POINT('',(-5.933715609336,6.060063420733,
    61.292019556664));
#4242 = CARTESIAN_POINT('',(-8.824348701922,2.94360154893,
    61.639472850044));
#4243 = CARTESIAN_POINT('',(-9.845006210038,-1.707290164944,
    61.987039127917));
#4244 = CARTESIAN_POINT('',(-8.091898021108,-6.610242000656,
    62.334375130962));
#4245 = CARTESIAN_POINT('',(-3.663632337819,-9.785290541738,
    62.682033220433));
#4246 = CARTESIAN_POINT('',(1.542592785164,-9.872152474589,
    63.029369223343));
#4247 = CARTESIAN_POINT('',(5.619902682647,-7.412868131132,
    63.376935501422));
#4248 = CARTESIAN_POINT('',(7.64381646693,-3.674972029241,
    63.724388794609));
#4249 = CARTESIAN_POINT('',(7.619842099474,4.905485792217E-02,
    64.071875000019));
#4250 = CARTESIAN_POINT('',(7.595867642545,3.773081059468,
    64.419367383392));
#4251 = CARTESIAN_POINT('',(5.523996356714,7.484610514812,
    64.766810148043));
#4252 = CARTESIAN_POINT('',(1.415360786177,9.891194431974,
    65.114391494401));
#4253 = CARTESIAN_POINT('',(-3.78931374926,9.73731076167,65.461708972328
    ));
#4254 = CARTESIAN_POINT('',(-8.176334760949,6.505510697706,
    65.809386879036));
#4255 = CARTESIAN_POINT('',(-9.866170847791,1.580394333122,
    66.156704356941));
#4256 = CARTESIAN_POINT('',(-8.785719049614,-3.056970900789,
    66.504285703319));
#4257 = CARTESIAN_POINT('',(-5.855200092395,-6.13595777386,
    66.851728467966));
#4258 = CARTESIAN_POINT('',(-2.305669330748,-7.262801727793,
    67.199220851331));
#4259 = CARTESIAN_POINT('',(1.243862128076,-8.389645777381,
    67.546707290191));
#4260 = CARTESIAN_POINT('',(5.413713500537,-7.56476218387,
    67.894159389234));
#4261 = CARTESIAN_POINT('',(8.971131754066,-4.399748053826,
    68.241728981245));
#4262 = CARTESIAN_POINT('',(10.431502543494,0.598215001065,
    68.589058455559));
#4263 = CARTESIAN_POINT('',(8.711878811102,5.768647461105,
    68.936726453728));
#4264 = CARTESIAN_POINT('',(4.548995156816,8.896382163911,
    69.284050460157));
#4265 = CARTESIAN_POINT('',(-0.195409129642,9.300308860823,
    69.631628492622));
#4266 = CARTESIAN_POINT('',(-4.028688892377,7.463445053402,69.9790724514
    ));
#4267 = CARTESIAN_POINT('',(-6.19627183232,4.435156748072,
    70.326564601341));
#4268 = CARTESIAN_POINT('',(-8.36385510444,1.40686781738,70.674051040135
    ));
#4269 = CARTESIAN_POINT('',(-8.866540532273,-2.813961576444,
    71.021503139384));
#4270 = CARTESIAN_POINT('',(-6.954332164618,-7.174695256985,
    71.369072730971));
#4271 = CARTESIAN_POINT('',(-2.651322247807,-10.10666101343,
    71.716402205928));
#4272 = CARTESIAN_POINT('',(2.79743177269,-10.06719928413,
    72.064070203346));
#4273 = CARTESIAN_POINT('',(7.05752254098,-7.073213423004,
    72.411394210466));
#4274 = CARTESIAN_POINT('',(8.906368886577,-2.685241681948,
    72.75897224243));
#4275 = CARTESIAN_POINT('',(8.342600021027,1.527864897813,
    73.106416201487));
#4276 = CARTESIAN_POINT('',(6.131381994669,4.524439726135,73.45390835132
    ));
#4277 = CARTESIAN_POINT('',(3.920163476057,7.521015063442,
    73.801394790251));
#4278 = CARTESIAN_POINT('',(6.068099303026E-02,9.302163113053,
    74.148846889078));
#4279 = CARTESIAN_POINT('',(-4.67737619408,8.829560568021,
    74.496416481524));
#4280 = CARTESIAN_POINT('',(-8.794518664433,5.641856783343,
    74.843745955185));
#4281 = CARTESIAN_POINT('',(-10.43907388084,0.447059795374,
    75.191413954118));
#4282 = CARTESIAN_POINT('',(-8.906462693954,-4.529226735705,
    75.538737959838));
#4283 = CARTESIAN_POINT('',(-5.303576254023,-7.642382387248,
    75.886315992824));
#4284 = CARTESIAN_POINT('',(-1.122213362088,-8.40678198995,
    76.233759951304));
#4285 = CARTESIAN_POINT('',(2.410623562013,-7.228643997476,
    76.581252101373));
#4286 = CARTESIAN_POINT('',(5.943461122467,-6.050505721137,
    76.928738306642));
#4287 = CARTESIAN_POINT('',(8.829074769743,-2.929395637696,
    77.276191600143));
#4288 = CARTESIAN_POINT('',(9.84224570963,1.723132721128,77.623757877711
    ));
#4289 = CARTESIAN_POINT('',(8.081248873711,6.623256716455,77.97109388124
    ));
#4290 = CARTESIAN_POINT('',(3.647878933368,9.79117419824,78.318751970166
    ));
#4291 = CARTESIAN_POINT('',(-1.558479244461,9.869657006571,
    78.666087973526));
#4292 = CARTESIAN_POINT('',(-5.631825835548,7.403813736839,
    79.013654251339));
#4293 = CARTESIAN_POINT('',(-7.649721147264,3.662665145076,
    79.361107544623));
#4294 = CARTESIAN_POINT('',(-7.619753280907,-6.131833415666E-02,
    79.708593750033));
#4295 = CARTESIAN_POINT('',(-7.589785352157,-3.785301119434,
    80.056085899873));
#4296 = CARTESIAN_POINT('',(-5.511943200475,-7.493491295078,
    80.403529858944));
#4297 = CARTESIAN_POINT('',(-1.399440111268,-9.893459451515,
    80.751107890819));
#4298 = CARTESIAN_POINT('',(3.8049807461,-9.731199693266,81.098431898153
    ));
#4299 = CARTESIAN_POINT('',(8.186793644331,-6.492342899772,
    81.446099895232));
#4300 = CARTESIAN_POINT('',(9.868702287733,-1.564513676122,
    81.793429370589));
#4301 = CARTESIAN_POINT('',(8.780787104654,3.071107062009,
    82.140998961804));
#4302 = CARTESIAN_POINT('',(5.845317592716,6.145373178589,
    82.488451061327));
#4303 = CARTESIAN_POINT('',(2.293977199653,7.266503189807,
    82.835937499967));
#4304 = CARTESIAN_POINT('',(-1.257362568149,8.387632878016,
    83.183429883601));
#4305 = CARTESIAN_POINT('',(-5.425881992976,7.5560396311,83.530872647575
    ));
#4306 = CARTESIAN_POINT('',(-8.978200488887,4.385303800846,
    83.878453995151));
#4307 = CARTESIAN_POINT('',(-10.43052689104,-0.615002712163,
    84.225771471409));
#4308 = CARTESIAN_POINT('',(-8.702582876848,-5.782661224175,
    84.573449379925));
#4309 = CARTESIAN_POINT('',(-4.534671495971,-8.903691811149,
    84.920766856258));
#4310 = CARTESIAN_POINT('',(0.210377102991,-9.299982353881,
    85.268348203729));
#4311 = CARTESIAN_POINT('',(4.040695479734,-7.456951519518,
    85.615790967786));
#4312 = CARTESIAN_POINT('',(6.203401845231,-4.425178589228,
    85.963283351379));
#4313 = CARTESIAN_POINT('',(8.36610853215,-1.393405046704,
    86.310769556572));
#4314 = CARTESIAN_POINT('',(8.862000131312,2.828228025461,
    86.658222850333));
#4315 = CARTESIAN_POINT('',(6.942776210549,7.185878197858,
    87.005789127373));
#4316 = CARTESIAN_POINT('',(2.635052643897,10.110915411302,
    87.353125131699));
#4317 = CARTESIAN_POINT('',(-2.813630121382,10.062683460786,
    87.70078321967));
#4318 = CARTESIAN_POINT('',(-7.068897619091,7.061846319117,
    88.048119223956));
#4319 = CARTESIAN_POINT('',(-8.910678657006,2.670903585426,
    88.395685501048));
#4320 = CARTESIAN_POINT('',(-8.340130504104,-1.541289320832,
    88.743138794768));
#4321 = CARTESIAN_POINT('',(-6.124092176135,-4.534302043116,
    89.090624999986));
#4322 = CARTESIAN_POINT('',(-3.90805420619,-7.527314167609,
    89.43811715005));
#4323 = CARTESIAN_POINT('',(-4.570932316215E-02,-9.302249206151,
    89.785561108544));
#4324 = CARTESIAN_POINT('',(4.691579928259,-8.822020761651,
    90.133139141468));
#4325 = CARTESIAN_POINT('',(8.803588261434,-5.627695769358,
    90.480463147341));
#4326 = CARTESIAN_POINT('',(10.439778944765,-0.430258164737,
    90.828131146033));
#4327 = CARTESIAN_POINT('',(8.899162579016,4.543555136393,
    91.175460619967));
#4328 = CARTESIAN_POINT('',(5.291268894601,7.650908066985,
    91.523030212175));
#4329 = CARTESIAN_POINT('',(1.108682292014,8.4085773374,91.870482311171)
  );
#4330 = CARTESIAN_POINT('',(-2.422254609407,7.224754847551,
    92.217968749999));
#4331 = CARTESIAN_POINT('',(-5.953190815526,6.040932491795,
    92.565460899977));
#4332 = CARTESIAN_POINT('',(-8.833778575507,2.91518193499,
    92.912904858729));
#4333 = CARTESIAN_POINT('',(-9.839459022673,-1.738970581716,
    93.260482891148));
#4334 = CARTESIAN_POINT('',(-8.070579428113,-6.636254489051,
    93.607806897757));
#4335 = CARTESIAN_POINT('',(-3.632115618174,-9.797032338398,
    93.955474895609));
#4336 = CARTESIAN_POINT('',(1.574361406604,-9.867136061056,
    94.302804370313));
#4337 = CARTESIAN_POINT('',(5.643734506948,-7.394740129245,
    94.650373961948));
#4338 = CARTESIAN_POINT('',(7.655605987156,-3.650348782403,
    94.997826061288));
#4339 = CARTESIAN_POINT('',(7.61964472535,7.358165157188E-02,
    95.345312499955));
#4340 = CARTESIAN_POINT('',(7.583683350452,3.797511390926,
    95.692804883619));
#4341 = CARTESIAN_POINT('',(5.499875980775,7.502352597992,
    96.040247647551));
#4342 = CARTESIAN_POINT('',(1.383515287798,9.895699009809,
    96.387828995181));
#4343 = CARTESIAN_POINT('',(-3.820636957999,9.725063125549,
    96.735146471373));
#4344 = CARTESIAN_POINT('',(-8.197232597715,6.479158687741,
    97.082824379959));
#4345 = CARTESIAN_POINT('',(-9.871206771738,1.548628526757,
    97.430141856236));
#4346 = CARTESIAN_POINT('',(-8.775833637155,-3.085234882624,
    97.777723203734));
#4347 = CARTESIAN_POINT('',(-5.835419097168,-6.154772935275,
    98.125165967792));
#4348 = CARTESIAN_POINT('',(-2.282279594122,-7.270185682239,
    98.472658351372));
#4349 = CARTESIAN_POINT('',(1.270860590672,-8.385598544827,
    98.820144556554));
#4350 = CARTESIAN_POINT('',(5.438035274195,-7.54729702925,
    99.167597850377));
#4351 = CARTESIAN_POINT('',(8.985247202573,-4.370848852716,
    99.515164127335));
#4352 = CARTESIAN_POINT('',(10.429523227527,0.631789630199,
    99.862500131685));
#4353 = CARTESIAN_POINT('',(8.693264942324,5.796659170119,
    100.21015821975));
#4354 = CARTESIAN_POINT('',(4.520335989001,8.91097915666,100.55749422381
    ));
#4355 = CARTESIAN_POINT('',(-0.225344688841,9.299631168088,
    100.9050605012));
#4356 = CARTESIAN_POINT('',(-4.052691392879,7.450439052163,
    101.25251379465));
#4357 = CARTESIAN_POINT('',(-6.210515931875,4.415188768323,
    101.60000000004));
#4358 = CARTESIAN_POINT('',(-8.368340013683,1.379939010263,
    101.94749214984));
#4359 = CARTESIAN_POINT('',(-8.857437213364,-2.842487580605,
    102.29493610896));
#4360 = CARTESIAN_POINT('',(-6.931201686652,-7.197042150969,
    102.64251414083));
#4361 = CARTESIAN_POINT('',(-2.618776891341,-10.11514377267,
    102.98983814809));
#4362 = CARTESIAN_POINT('',(2.829821861475,-10.05814171382,
    103.3375061453));
#4363 = CARTESIAN_POINT('',(7.080253794152,-7.050460559217,
    103.68483562055));
#4364 = CARTESIAN_POINT('',(8.91496579193,-2.656558994701,104.0324052118
    ));
#4365 = CARTESIAN_POINT('',(8.337639102267,1.554710090081,
    104.37985731134));
#4366 = CARTESIAN_POINT('',(6.116786640272,4.544152417931,
    104.72734374994));
#4367 = CARTESIAN_POINT('',(3.895934495688,7.533594117643,
    105.07483613367));
#4368 = CARTESIAN_POINT('',(3.073812777201E-02,9.302310760035,
    105.42227889743));
#4369 = CARTESIAN_POINT('',(-4.705772464534,8.814458517451,
    105.76986024537));
#4370 = CARTESIAN_POINT('',(-8.812633734222,5.613519949856,
    106.11717772113));
#4371 = CARTESIAN_POINT('',(-10.44045852469,0.41345538629,
    106.46485563018));
#4372 = CARTESIAN_POINT('',(-8.891837864562,-4.557871524536,
    106.81217310606));
#4373 = CARTESIAN_POINT('',(-5.278949110817,-7.659414246116,
    107.15975445383));
#4374 = CARTESIAN_POINT('',(-1.095147483847,-8.410350641499,
    107.50719721774));
#4375 = CARTESIAN_POINT('',(2.433878917749,-7.220847139617,
    107.85468960138));
#4376 = CARTESIAN_POINT('',(5.962905938565,-6.031343329952,
    108.20217580653));
#4377 = CARTESIAN_POINT('',(8.838458284898,-2.900961088529,
    108.54962910041));
#4378 = CARTESIAN_POINT('',(9.836648234739,1.754804402477,
    108.89719537725));
#4379 = CARTESIAN_POINT('',(8.059887809384,6.649234646934,109.2445313818
    ));
#4380 = CARTESIAN_POINT('',(3.616343818684,9.802865411565,
    109.59218946962));
#4381 = CARTESIAN_POINT('',(-1.590240011426,9.864589382743,
    109.93952547391));
#4382 = CARTESIAN_POINT('',(-5.655628347155,7.385647438777,
    110.28709175114));
#4383 = CARTESIAN_POINT('',(-7.661471048845,3.638022947106,
    110.63454504466));
#4384 = CARTESIAN_POINT('',(-7.619516433083,-8.584477837242E-02,
    110.98203125006));
#4385 = CARTESIAN_POINT('',(-7.577561757167,-3.809711809706,
    111.3295233998));
#4386 = CARTESIAN_POINT('',(-5.487794301147,-7.511194535004,
    111.67696735907));
#4387 = CARTESIAN_POINT('',(-1.367587404695,-9.897912771627,
    112.02454539063));
#4388 = CARTESIAN_POINT('',(3.836284203238,-9.718901659151,
    112.37186939837));
#4389 = CARTESIAN_POINT('',(8.207649041758,-6.465957292625,
    112.71953739502));
#4390 = CARTESIAN_POINT('',(9.873687081392,-1.532739803702,
    113.06686687074));
#4391 = CARTESIAN_POINT('',(8.770856215646,3.099355095476,113.4144364617
    ));
#4392 = CARTESIAN_POINT('',(5.825506342036,6.164156481042,
    113.76188856137));
#4393 = CARTESIAN_POINT('',(2.270575609179,7.273849489988,
    114.10937499994));
#4394 = CARTESIAN_POINT('',(-1.284354481617,8.383542200158,
    114.45686715017));
#4395 = CARTESIAN_POINT('',(-5.450175627007,7.538535353164,
    114.8043111083));
#4396 = CARTESIAN_POINT('',(-8.992269407323,4.35638192165,
    115.15188914179));
#4397 = CARTESIAN_POINT('',(-10.42849354262,-0.648574114249,
    115.49921314701));
#4398 = CARTESIAN_POINT('',(-8.683923948986,-5.810642937904,
    115.84688114624));
#4399 = CARTESIAN_POINT('',(-4.505988872866,-8.918242661123,
    116.1942106199));
#4400 = CARTESIAN_POINT('',(0.240311532863,-9.299256482733,
    116.54178021212));
#4401 = CARTESIAN_POINT('',(4.064677016965,-7.443906905077,
    116.88923231126));
#4402 = CARTESIAN_POINT('',(6.217613789447,-4.405187710562,
    117.23671874992));
#4403 = CARTESIAN_POINT('',(8.370550063256,-1.366469012663,
    117.58421113368));
#4404 = CARTESIAN_POINT('',(8.852851047586,2.856739161718,
    117.93165389741));
#4405 = CARTESIAN_POINT('',(6.919609469372,7.208188276892,
    118.27923524539));
#4406 = CARTESIAN_POINT('',(2.602494258402,10.11934499837,118.6265527211
    ));
#4407 = CARTESIAN_POINT('',(-2.846006388674,10.053574846689,
    118.97423063022));
#4408 = CARTESIAN_POINT('',(-7.091591352301,7.039055727552,
    119.32154810601));
#4409 = CARTESIAN_POINT('',(-8.919230152766,2.642208127757,
    119.66912945388));
#4410 = CARTESIAN_POINT('',(-8.335125851792,-1.568127213924,
    120.0165722177));
#4411 = CARTESIAN_POINT('',(-6.10946540697,-4.55399082575,
    120.36406460141));
#4412 = CARTESIAN_POINT('',(-3.883804451644,-7.539854922011,
    120.71155104011));
#4413 = CARTESIAN_POINT('',(-1.576712936268E-02,-9.3023476694,
    121.05900313921));
#4414 = CARTESIAN_POINT('',(4.71995298812,-8.806874114873,
    121.40657273142));
#4415 = CARTESIAN_POINT('',(8.821656442284,-5.599328898778,
    121.7539022052));
#4416 = CARTESIAN_POINT('',(10.441110718262,-0.396652140145,
    122.10157020417));
#4417 = CARTESIAN_POINT('',(8.884490646829,4.572176559126,
    122.44889420974));
#4418 = CARTESIAN_POINT('',(5.266615112885,7.66790029201,122.7964722429)
  );
#4419 = CARTESIAN_POINT('',(1.081610247797,8.412102325128,
    123.14391620126));
#4420 = CARTESIAN_POINT('',(-2.445497154176,7.216920650034,
    123.49140835138));
#4421 = CARTESIAN_POINT('',(-5.972605191141,6.021738688005,
    123.8388945566));
#4422 = CARTESIAN_POINT('',(-8.843115708,2.886732524245,124.18634785019)
  );
#4423 = CARTESIAN_POINT('',(-9.833811274624,-1.770633445625,
    124.53391412767));
#4424 = CARTESIAN_POINT('',(-8.049175947944,-6.662197794261,
    124.88125013126));
#4425 = CARTESIAN_POINT('',(-3.600562189994,-9.808672938199,
    125.22890822014));
#4426 = CARTESIAN_POINT('',(1.606114236742,-9.862017239974,
    125.57624422356));
#4427 = CARTESIAN_POINT('',(5.667507644238,-7.37653558211,125.9238105013
    ));
#4428 = CARTESIAN_POINT('',(7.667316239651,-3.62568769712,
    126.27126379464));
#4429 = CARTESIAN_POINT('',(7.619368404439,9.810768283072E-02,
    126.61875000002));
#4430 = CARTESIAN_POINT('',(7.571420510185,3.821902368525,
    126.96624214991));
#4431 = CARTESIAN_POINT('',(5.475698513792,7.52001698275,127.31368610884
    ));
#4432 = CARTESIAN_POINT('',(1.351655717177,9.900100977558,
    127.66126414101));
#4433 = CARTESIAN_POINT('',(-3.851921046669,9.712714872717,
    128.00858814787));
#4434 = CARTESIAN_POINT('',(-8.218044864358,6.452739349357,
    128.35625614554));
#4435 = CARTESIAN_POINT('',(-9.876141118544,1.516846891676,
    128.70358562032));
#4436 = CARTESIAN_POINT('',(-8.765856686798,-3.113467088381,
    129.05115521198));
#4437 = CARTESIAN_POINT('',(-5.815578069649,-6.173524194458,
    129.39860731123));
#4438 = CARTESIAN_POINT('',(-2.258865976787,-7.277494383297,
    129.74609374999));
#4439 = CARTESIAN_POINT('',(1.29784548929,-8.381464252158,
    130.09358613349));
#4440 = CARTESIAN_POINT('',(5.462301186602,-7.529754050083,
    130.44102889779));
#4441 = CARTESIAN_POINT('',(8.999269175578,-4.341903701231,
    130.7886102448));
#4442 = CARTESIAN_POINT('',(10.427435926155,0.665356720966,
    131.1359277218));
#4443 = CARTESIAN_POINT('',(8.674561312847,5.824612055,131.48360562956)
  );
#4444 = CARTESIAN_POINT('',(4.491629401702,8.925482550694,
    131.83092310652));
#4445 = CARTESIAN_POINT('',(-0.255277277965,9.298858199744,
    132.17850445357));
#4446 = CARTESIAN_POINT('',(-4.076652397161,7.4373551184,132.52594721785
    ));
#4447 = CARTESIAN_POINT('',(-6.224695400504,4.395175442565,
    132.87343960135));
#4448 = CARTESIAN_POINT('',(-8.372738722305,1.35299515296,
    133.22092580656));
#4449 = CARTESIAN_POINT('',(-8.848241447176,-2.870982999524,
    133.56837910041));
#4450 = CARTESIAN_POINT('',(-6.908000078539,-7.219315888625,
    133.91594537718));
#4451 = CARTESIAN_POINT('',(-2.586203915947,-10.12352024719,
    134.26328138197));
#4452 = CARTESIAN_POINT('',(2.862182463205,-10.04898126373,
    134.61093946939));
#4453 = CARTESIAN_POINT('',(7.102911573505,-7.027633610511,
    134.95827547415));
#4454 = CARTESIAN_POINT('',(8.92347058018,-2.627849481115,
    135.30584175095));
#4455 = CARTESIAN_POINT('',(8.332591562978,1.58153957922,135.65329504477
    ));
#4456 = CARTESIAN_POINT('',(6.102128055683,4.563817830726,
    136.00078125001));
#4457 = CARTESIAN_POINT('',(3.871664883508,7.546095477406,
    136.34827363347));
#4458 = CARTESIAN_POINT('',(7.953244098812E-04,9.302361510674,
    136.69571639783));
#4459 = CARTESIAN_POINT('',(-4.734120412526,8.799265728749,
    137.04329774472));
#4460 = CARTESIAN_POINT('',(-8.830657099642,5.585124416585,
    137.39061522196));
#4461 = CARTESIAN_POINT('',(-10.44173528455,0.379847085522,
    137.73829312934));
#4462 = CARTESIAN_POINT('',(-8.877120744346,-4.586469310482,
    138.08561060675));
#4463 = CARTESIAN_POINT('',(-5.254267339141,-7.676366655912,
    138.43319195339));
#4464 = CARTESIAN_POINT('',(-1.068070242693,-8.413832175724,
    138.78063471795));
#4465 = CARTESIAN_POINT('',(2.457109056186,-7.212975466892,
    139.12812710132));
#4466 = CARTESIAN_POINT('',(5.982288972845,-6.012118421076,
    139.47561354014));
#4467 = CARTESIAN_POINT('',(8.847750226894,-2.872496594695,
    139.82306563936));
#4468 = CARTESIAN_POINT('',(9.830948838686,1.786458176884,
    140.17063523101));
#4469 = CARTESIAN_POINT('',(8.038443244146,6.675143197925,
    140.51796470586));
#4470 = CARTESIAN_POINT('',(3.5847712254,9.814455726673,140.86563270341)
  );
#4471 = CARTESIAN_POINT('',(-1.621984291317,9.859418821745,
    141.21295671041));
#4472 = CARTESIAN_POINT('',(-5.679372270369,7.367405258898,
    141.56053474245));
#4473 = CARTESIAN_POINT('',(-7.673141563781,3.613342607471,
    141.90797870146));
#4474 = CARTESIAN_POINT('',(-7.619200643351,-0.110370088066,
    142.25547085133));
#4475 = CARTESIAN_POINT('',(-7.565259618887,-3.834083484001,
    142.60295729028));
#4476 = CARTESIAN_POINT('',(-5.463588659448,-7.528819278314,
    142.95040938895));
#4477 = CARTESIAN_POINT('',(-1.335720255606,-9.902264351319,
    143.29797898174));
#4478 = CARTESIAN_POINT('',(3.867547437526,-9.706502115669,
    143.6453084549));
#4479 = CARTESIAN_POINT('',(8.22842004645,-6.439505376197,
    143.99297645437));
#4480 = CARTESIAN_POINT('',(9.878568871952,-1.500949560684,
    144.34030045964));
#4481 = CARTESIAN_POINT('',(8.760835066012,3.127570715677,
    144.68787849292));
#4482 = CARTESIAN_POINT('',(5.805634304729,6.182876076414,
    145.03532245125));
#4483 = CARTESIAN_POINT('',(2.247150727614,7.281120353858,
    145.38281460138));
#4484 = CARTESIAN_POINT('',(-1.311333532184,8.379364770859,
    145.73030080667));
#4485 = CARTESIAN_POINT('',(-5.474412114785,7.520952871131,146.0777541)
  );
#4486 = CARTESIAN_POINT('',(-9.006246014929,4.327414898177,
    146.42532037796));
#4487 = CARTESIAN_POINT('',(-10.42635122303,-0.682138597212,
    146.77265638094));
#4488 = CARTESIAN_POINT('',(-8.665175901306,-5.838564848663,
    147.12031447036));
#4489 = CARTESIAN_POINT('',(-4.477258876734,-8.932700595745,
    147.46765047349));
#4490 = CARTESIAN_POINT('',(0.270242993744,-9.298434750869,
    147.81521675124));
#4491 = CARTESIAN_POINT('',(4.088616726665,-7.430784807699,
    148.16267004475));
#4492 = CARTESIAN_POINT('',(6.231761170893,-4.385151389514,
    148.51015624993));
#4493 = CARTESIAN_POINT('',(8.374905144076,-1.33951847758,148.8576486337
    ));
#4494 = CARTESIAN_POINT('',(8.843609801101,2.885220267971,
    149.20509139735));
#4495 = CARTESIAN_POINT('',(6.89637162226,7.230424046441,149.55267274552
    ));
#4496 = CARTESIAN_POINT('',(2.569908230117,10.127669586337,
    149.89999022091));
#4497 = CARTESIAN_POINT('',(-2.878352487554,10.044361926946,
    150.2476681304));
#4498 = CARTESIAN_POINT('',(-7.114212204218,7.016192568427,
    150.59498560591));
#4499 = CARTESIAN_POINT('',(-8.927688790445,2.613484870657,
    150.94256695389));
#4500 = CARTESIAN_POINT('',(-8.330035122253,-1.594948521549,
    151.29000971774));
#4501 = CARTESIAN_POINT('',(-6.094775192045,-4.573632621714,
    151.63750210136));
#4502 = CARTESIAN_POINT('',(-3.859514775547,-7.552317213508,
    151.98498830643));
#4503 = CARTESIAN_POINT('',(1.41758212747E-02,-9.302350194233,
    152.33244160072));
#4504 = CARTESIAN_POINT('',(4.748276189954,-8.791635809712,
    152.68000787675));
#4505 = CARTESIAN_POINT('',(8.83963454309,-5.570904238399,
    153.02734388234));
#4506 = CARTESIAN_POINT('',(10.442332754995,-0.363042043948,
    153.3750019692));
#4507 = CARTESIAN_POINT('',(8.869728210342,4.600750858241,
    153.72233797414));
#4508 = CARTESIAN_POINT('',(5.241905483841,7.684812749129,
    154.06990425108));
#4509 = CARTESIAN_POINT('',(1.054527862527,8.415540421336,
    154.41735754464));
#4510 = CARTESIAN_POINT('',(-2.468714825579,7.209011521004,
    154.76484375009));
#4511 = CARTESIAN_POINT('',(-5.991956835662,6.002482781015,
    155.11233589969));
#4512 = CARTESIAN_POINT('',(-8.852362430724,2.85825279304,
    155.45977985928));
#4513 = CARTESIAN_POINT('',(-9.828060255003,-1.802277495099,
    155.80735789032));
#4514 = CARTESIAN_POINT('',(-8.027690337446,-6.688072502105,
    156.15468189867));
#4515 = CARTESIAN_POINT('',(-3.568970533979,-9.820211598045,
    156.50234989481));
#4516 = CARTESIAN_POINT('',(1.63784990603,-9.856796415308,
    156.84967937082));
#4517 = CARTESIAN_POINT('',(5.691222273032,-7.358254535018,
    157.19724896173));
#4518 = CARTESIAN_POINT('',(7.67894699985,-3.600989063768,
    157.54470106129));
#4519 = CARTESIAN_POINT('',(7.619013139605,0.122632697608,
    157.89218750002));
#4520 = CARTESIAN_POINT('',(7.559079196791,3.846253755693,
    158.23967964996));
#4521 = CARTESIAN_POINT('',(5.451464420312,7.537603419467,
    158.58712360868));
#4522 = CARTESIAN_POINT('',(1.319781880113,9.904400452924,
    158.93470164129));
#4523 = CARTESIAN_POINT('',(-3.883164760909,9.700265841133,
    159.28202564751));
#4524 = CARTESIAN_POINT('',(-8.238772622483,6.426253354673,
    159.62969364584));
#4525 = CARTESIAN_POINT('',(-9.880972441901,1.485049321814,
    159.97702312015));
#4526 = CARTESIAN_POINT('',(-8.755789525035,-3.14166684379,
    160.32459271202));
#4527 = CARTESIAN_POINT('',(-5.795676359434,-6.192211624327,
    160.67204481126));
#4528 = CARTESIAN_POINT('',(-2.235429189318,-7.284727609152,
    161.01953124995));
#4529 = CARTESIAN_POINT('',(1.324817337322,-8.377243298311,
    161.36702340009));
#4530 = CARTESIAN_POINT('',(5.486510022474,-7.512132680479,
    161.71446735854));
#4531 = CARTESIAN_POINT('',(9.01319828798,-4.312914230903,
    162.06204539131));
#4532 = CARTESIAN_POINT('',(10.425240510402,0.698917914226,
    162.40936939773));
#4533 = CARTESIAN_POINT('',(8.655767499758,5.852503352615,
    162.75703739543));
#4534 = CARTESIAN_POINT('',(4.462876857844,8.939894744257,
    163.10436687063));
#4535 = CARTESIAN_POINT('',(-0.285207854264,9.297987806156,
    163.45193646159));
#4536 = CARTESIAN_POINT('',(-4.100570672203,7.424194867204,
    163.79938856156));
#4537 = CARTESIAN_POINT('',(-6.238810658138,4.375116178103,
    164.1468749998));
#4538 = CARTESIAN_POINT('',(-8.377050164117,1.326038009874,
    164.49436715061));
#4539 = CARTESIAN_POINT('',(-8.838954743924,-2.899449719031,
    164.84181110743));
#4540 = CARTESIAN_POINT('',(-6.884726053722,-7.241513633393,
    165.18938914304));
#4541 = CARTESIAN_POINT('',(-2.553604917083,-10.13179292524,
    165.53671314565));
#4542 = CARTESIAN_POINT('',(2.894513972394,-10.03971590077,
    165.88438114738));
#4543 = CARTESIAN_POINT('',(7.125495442898,-7.004734297331,
    166.2317106192));
#4544 = CARTESIAN_POINT('',(8.931883042191,-2.599112557409,
    166.5792802124));
#4545 = CARTESIAN_POINT('',(8.327457658656,1.608352637599,
    166.92673231124));
#4546 = CARTESIAN_POINT('',(6.087406247211,4.583435958035,
    167.27421874985));
#4547 = CARTESIAN_POINT('',(3.847355157222,7.558518652356,
    167.62171113389));
#4548 = CARTESIAN_POINT('',(-2.914748723951E-02,9.302315880132,
    167.96915389698));
#4549 = CARTESIAN_POINT('',(-4.7624193105,8.78398177099,168.31673524605)
  );
#4550 = CARTESIAN_POINT('',(-8.848588970967,5.556671016445,
    168.66405272032));
#4551 = CARTESIAN_POINT('',(-10.44290385823,0.346234848852,
    169.01173063094));
#4552 = CARTESIAN_POINT('',(-8.862311648522,-4.615019576014,
    169.35904810549));
#4553 = CARTESIAN_POINT('',(-5.22953112837,-7.693239531331,
    169.70662945417));
#4554 = CARTESIAN_POINT('',(-1.040981935249,-8.41722653459,
    170.05407221758));
#4555 = CARTESIAN_POINT('',(2.480313736608,-7.205029060869,
    170.40156460145));
#4556 = CARTESIAN_POINT('',(6.001610025226,-5.992831248137,
    170.74905104011));
#4557 = CARTESIAN_POINT('',(8.856950496514,-2.844002227028,
    171.09650313911));
#4558 = CARTESIAN_POINT('',(9.825147587661,1.818093167468,
    171.44407273165));
#4559 = CARTESIAN_POINT('',(8.01691538756,6.700983074963,171.79140220488
    ));
#4560 = CARTESIAN_POINT('',(3.553161497943,9.82594368606,172.13907020449
    ));
#4561 = CARTESIAN_POINT('',(-1.653711774111,9.854146838201,
    172.48639420951));
#4562 = CARTESIAN_POINT('',(-5.703057342657,7.349086105236,
    172.83397224304));
#4563 = CARTESIAN_POINT('',(-7.684732582701,3.588625278412,
    173.18141620119));
#4564 = CARTESIAN_POINT('',(-7.618805908673,-0.134894499313,
    173.52890835141));
#4565 = CARTESIAN_POINT('',(-7.552879154405,-3.858414969231,
    173.87639455658));
#4566 = CARTESIAN_POINT('',(-5.439326188316,-7.546366722393,
    174.22384785019));
#4567 = CARTESIAN_POINT('',(-1.303839800157,-9.906512441778,
    174.57141412768));
#4568 = CARTESIAN_POINT('',(3.898771538905,-9.69400295946,174.9187501312
    ));
#4569 = CARTESIAN_POINT('',(8.249104512991,-6.412985858926,
    175.26640822025));
#4570 = CARTESIAN_POINT('',(9.883349710681,-1.469144471809,
    175.61374422342));
#4571 = CARTESIAN_POINT('',(8.750721920227,3.155754421157,
    175.96131050142));
#4572 = CARTESIAN_POINT('',(5.785702972634,6.201531319623,
    176.30876379456));
#4573 = CARTESIAN_POINT('',(2.223702094969,7.288315922957,
    176.65625000006));
#4574 = CARTESIAN_POINT('',(-1.338298139313,8.375100258923,
    177.00374214979));
#4575 = CARTESIAN_POINT('',(-5.498593106576,7.503292842648,
    177.35118610901));
#4576 = CARTESIAN_POINT('',(-9.020127913007,4.298402607682,
    177.69876414088));
#4577 = CARTESIAN_POINT('',(-10.42410215459,-0.715695618175,
    178.04608814787));
#4578 = CARTESIAN_POINT('',(-8.646337143336,-5.86642655352,
    178.39375614567));
#4579 = CARTESIAN_POINT('',(-4.448483016543,-8.947065817207,
    178.74108562011));
#4580 = CARTESIAN_POINT('',(0.30017186882,-9.297516744444,179.0886552122
    ));
#4581 = CARTESIAN_POINT('',(4.112514022361,-7.417585704227,
    179.43610731106));
#4582 = CARTESIAN_POINT('',(6.245843985338,-4.365069634131,
    179.7835937501));
#4583 = CARTESIAN_POINT('',(8.379173469355,-1.312554085487,
    180.13108589965));
#4584 = CARTESIAN_POINT('',(8.834276858702,2.913671569916,
    180.47852985939));
#4585 = CARTESIAN_POINT('',(6.873062487865,7.252584682977,
    180.82610789017));
#4586 = CARTESIAN_POINT('',(2.537295281235,10.135889630551,
    181.17343189882));
#4587 = CARTESIAN_POINT('',(-2.910668360526,10.035044404383,
    181.52109989472));
#4588 = CARTESIAN_POINT('',(-7.136759786709,6.993257297879,
    181.86842937084));
#4589 = CARTESIAN_POINT('',(-8.936054542545,2.584734024198,
    182.21599896177));
#4590 = CARTESIAN_POINT('',(-8.324858355863,-1.621752946248,
    182.56345106125));
#4591 = CARTESIAN_POINT('',(-6.080021681685,-4.593227226062,
    182.91093750005));
#4592 = CARTESIAN_POINT('',(-3.835185355667,-7.564700889283,
    183.25842964986));
#4593 = CARTESIAN_POINT('',(4.411890507099E-02,-9.302256885127,
    183.60587360887));
#4594 = CARTESIAN_POINT('',(4.776550014664,-8.776305743361,
    183.95345164104));
#4595 = CARTESIAN_POINT('',(8.857520998655,-5.542422548598,
    184.30077564778));
#4596 = CARTESIAN_POINT('',(10.443446939154,-0.329427582566,
    184.64844364562));
#4597 = CARTESIAN_POINT('',(8.854873348379,4.629277035398,
    184.99577312031));
#4598 = CARTESIAN_POINT('',(5.217142082855,7.701645879364,
    185.34334271192));
#4599 = CARTESIAN_POINT('',(1.027434143144,8.418891158895,
    185.69079481131));
#4600 = CARTESIAN_POINT('',(-2.491906686604,7.201027778398,
    186.03828124993));
#4601 = CARTESIAN_POINT('',(-6.011246822323,5.983164538721,
    186.38577340015));
#4602 = CARTESIAN_POINT('',(-8.861516828028,2.82974365317,
    186.73321735844));
#4603 = CARTESIAN_POINT('',(-9.822208098993,-1.833903105761,
    187.08079539142));
#4604 = CARTESIAN_POINT('',(-8.006120919316,-6.713877700399,
    187.42811939764));
#4605 = CARTESIAN_POINT('',(-3.537342361066,-9.831648667594,
    187.77578739547));
#4606 = CARTESIAN_POINT('',(1.669568865471,-9.85147337661,
    188.12311687064));
#4607 = CARTESIAN_POINT('',(5.714877829247,-7.339897285405,
    188.47068646157));
#4608 = CARTESIAN_POINT('',(7.690498224617,-3.576253112006,
    188.81813856157));
#4609 = CARTESIAN_POINT('',(7.618578934528,0.147156441819,
    189.16562499979));
#4610 = CARTESIAN_POINT('',(7.546659564118,3.870565291923,
    189.51311715064));
#4611 = CARTESIAN_POINT('',(5.427173844508,7.555111759592,
    189.86056110738));
#4612 = CARTESIAN_POINT('',(1.28789436873,9.908597309016,190.2081391431)
  );
#4613 = CARTESIAN_POINT('',(-3.914368241675,9.687716305784,
    190.5554631456));
#4614 = CARTESIAN_POINT('',(-8.259415019256,6.399700777705,
    190.9031311474));
#4615 = CARTESIAN_POINT('',(-9.885701388827,1.453236365506,
    191.25046061922));
#4616 = CARTESIAN_POINT('',(-8.745631644997,-3.169834048558,
    191.59803021235));
#4617 = CARTESIAN_POINT('',(-5.775714600476,-6.210834896973,
    191.94548231127));
#4618 = CARTESIAN_POINT('',(-2.211969240662,-7.291885358284,
    192.29296874984));
#4619 = CARTESIAN_POINT('',(1.35177549024,-8.372935503618,
    192.64046113393));
#4620 = CARTESIAN_POINT('',(5.510661884187,-7.494433661599,
    192.98790389691));
#4621 = CARTESIAN_POINT('',(9.027034330299,-4.283879625012,
    193.33548524614));
#4622 = CARTESIAN_POINT('',(10.422936519817,0.732471068236,
    193.68280272025));
#4623 = CARTESIAN_POINT('',(8.636884772824,5.880335108137,
    194.03048063097));
#4624 = CARTESIAN_POINT('',(4.434077235157,8.954213115361,
    194.37779810552));
#4625 = CARTESIAN_POINT('',(-0.315134739816,9.297022125634,
    194.7253794541));
#4626 = CARTESIAN_POINT('',(-4.12444697632,7.410956960053,
    195.07282221765));
#4627 = CARTESIAN_POINT('',(-6.252860994229,4.355011984694,
    195.4203146014));
#4628 = CARTESIAN_POINT('',(-8.381275326664,1.299066393483,
    195.76780080644));
#4629 = CARTESIAN_POINT('',(-8.829575724698,-2.927885348225,
    196.11525410064));
#4630 = CARTESIAN_POINT('',(-6.861381536309,-7.26363754597,
    196.46282037684));
#4631 = CARTESIAN_POINT('',(-2.520978691438,-10.13995953277,
    196.81015638232));
#4632 = CARTESIAN_POINT('',(2.926814931406,-10.03034731448,
    197.15781446913));
#4633 = CARTESIAN_POINT('',(7.148005801204,-6.981761958903,
    197.50515047425));
#4634 = CARTESIAN_POINT('',(8.940202832434,-2.570348887908,
    197.85271675098));
#4635 = CARTESIAN_POINT('',(8.322237505238,1.635149076517,
    198.20017004468));
#4636 = CARTESIAN_POINT('',(6.072621367432,4.603006596542,
    198.54765625008));
#4637 = CARTESIAN_POINT('',(3.823005568606,7.57086351396,198.89514863323
    ));
#4638 = CARTESIAN_POINT('',(-5.908999680913E-02,9.302173868453,
    199.24259139828));
#4639 = CARTESIAN_POINT('',(-4.790668865301,8.768606803271,
    199.59017274413));
#4640 = CARTESIAN_POINT('',(-8.866429162557,5.528160043308,
    199.93749022257));
#4641 = CARTESIAN_POINT('',(-10.44396423325,0.312619025392,
    200.28516812882));
#4642 = CARTESIAN_POINT('',(-8.847410730938,-4.643522025887,
    200.63248560713));
#4643 = CARTESIAN_POINT('',(-5.204740734489,-7.710032697291,
    200.98006695317));
#4644 = CARTESIAN_POINT('',(-1.013882842334,-8.420533683011,
    201.32750971804));
#4645 = CARTESIAN_POINT('',(2.503492718646,-7.197008003863,
    201.67500210129));
#4646 = DEFINITIONAL_REPRESENTATION('',(#4647),#4650);
#4647 = B_SPLINE_CURVE_WITH_KNOTS('',1,(#4648,#4649),.UNSPECIFIED.,.F.,
  .F.,(2,2),(0.,345.40756185583),.PIECEWISE_BEZIER_KNOTS.);
#4648 = CARTESIAN_POINT('',(6.28318530718,0.));
#4649 = CARTESIAN_POINT('',(6.28318530718,345.40756185583));
#4650 = ( GEOMETRIC_REPRESENTATION_CONTEXT(2) 
PARAMETRIC_REPRESENTATION_CONTEXT() REPRESENTATION_CONTEXT('2D SPACE',''
  ) );
#4651 = PCURVE('',#606,#4652);
#4652 = DEFINITIONAL_REPRESENTATION('',(#4653),#4657);
#4653 = LINE('',#4654,#4655);
#4654 = CARTESIAN_POINT('',(0.,0.));
#4655 = VECTOR('',#4656,1.);
#4656 = DIRECTION('',(0.,1.));
#4657 = ( GEOMETRIC_REPRESENTATION_CONTEXT(2) 
PARAMETRIC_REPRESENTATION_CONTEXT() REPRESENTATION_CONTEXT('2D SPACE',''
  ) );
#4658 = ORIENTED_EDGE('',*,*,#4659,.F.);
#4659 = EDGE_CURVE('',#24,#24,#4660,.T.);
#4660 = SURFACE_CURVE('',#4661,(#4669,#4676),.PCURVE_S1.);
#4661 = ( BOUNDED_CURVE() B_SPLINE_CURVE(6,(#4662,#4663,#4664,#4665,
#4666,#4667,#4668),.UNSPECIFIED.,.T.,.F.) B_SPLINE_CURVE_WITH_KNOTS((1,6
    ,6,1),(-6.28318530718,0.,6.28318530718,12.566370614359),
.UNSPECIFIED.) CURVE() GEOMETRIC_REPRESENTATION_ITEM() 
RATIONAL_B_SPLINE_CURVE((1.669078461068,1.03672962321,1.038346699848,
    0.853534330196,1.038346699848,1.03672962321,1.669078461068)) 
REPRESENTATION_ITEM('') );
#4662 = CARTESIAN_POINT('',(2.503492718646,-7.197008003863,
    201.67500210129));
#4663 = CARTESIAN_POINT('',(2.503491571567,-7.197004706276,
    204.20885529154));
#4664 = CARTESIAN_POINT('',(1.474107494207,-4.237743647459,
    204.57266916852));
#4665 = CARTESIAN_POINT('',(0.625084286603,-1.796981864194,
    201.67499422328));
#4666 = CARTESIAN_POINT('',(1.474110117767,-4.237751189588,
    198.77732639963));
#4667 = CARTESIAN_POINT('',(2.503493865725,-7.19701130145,
    199.14114891105));
#4668 = CARTESIAN_POINT('',(2.503492718646,-7.197008003863,
    201.67500210129));
#4669 = PCURVE('',#606,#4670);
#4670 = DEFINITIONAL_REPRESENTATION('',(#4671),#4675);
#4671 = LINE('',#4672,#4673);
#4672 = CARTESIAN_POINT('',(0.,345.40756185583));
#4673 = VECTOR('',#4674,1.);
#4674 = DIRECTION('',(1.,0.));
#4675 = ( GEOMETRIC_REPRESENTATION_CONTEXT(2) 
PARAMETRIC_REPRESENTATION_CONTEXT() REPRESENTATION_CONTEXT('2D SPACE',''
  ) );
#4676 = PCURVE('',#4677,#4682);
#4677 = PLANE('',#4678);
#4678 = AXIS2_PLACEMENT_3D('',#4679,#4680,#4681);
#4679 = CARTESIAN_POINT('',(2.002545192049,-5.756890033734,
    201.67500000033));
#4680 = DIRECTION('',(-0.944489281592,-0.328542230098,
    -2.841876410345E-12));
#4681 = DIRECTION('',(0.328542230098,-0.944489281592,0.));
#4682 = DEFINITIONAL_REPRESENTATION('',(#4683),#4691);
#4683 = ( BOUNDED_CURVE() B_SPLINE_CURVE(6,(#4684,#4685,#4686,#4687,
#4688,#4689,#4690),.UNSPECIFIED.,.T.,.F.) B_SPLINE_CURVE_WITH_KNOTS((1,6
    ,6,1),(-6.28318530718,0.,6.28318530718,12.566370614359),
.UNSPECIFIED.) CURVE() GEOMETRIC_REPRESENTATION_ITEM() 
RATIONAL_B_SPLINE_CURVE((1.669078461068,1.03672962321,1.038346699848,
    0.853534330196,1.038346699848,1.03672962321,1.669078461068)) 
REPRESENTATION_ITEM('') );
#4684 = CARTESIAN_POINT('',(1.524758404565,2.10096658293E-06));
#4685 = CARTESIAN_POINT('',(1.524754913166,2.53385529121));
#4686 = CARTESIAN_POINT('',(-1.608431578723,2.897669168192));
#4687 = CARTESIAN_POINT('',(-4.192644899967,-5.777050660072E-06));
#4688 = CARTESIAN_POINT('',(-1.608423593313,-2.897673600701));
#4689 = CARTESIAN_POINT('',(1.524761895965,-2.533851089277));
#4690 = CARTESIAN_POINT('',(1.524758404565,2.10096658293E-06));
#4691 = ( GEOMETRIC_REPRESENTATION_CONTEXT(2) 
PARAMETRIC_REPRESENTATION_CONTEXT() REPRESENTATION_CONTEXT('2D SPACE',''
  ) );
#4692 = ORIENTED_EDGE('',*,*,#21,.F.);
#4693 = ORIENTED_EDGE('',*,*,#4694,.T.);
#4694 = EDGE_CURVE('',#22,#22,#4695,.T.);
#4695 = SURFACE_CURVE('',#4696,(#4704,#4711),.PCURVE_S1.);
#4696 = ( BOUNDED_CURVE() B_SPLINE_CURVE(6,(#4697,#4698,#4699,#4700,
#4701,#4702,#4703),.UNSPECIFIED.,.T.,.F.) B_SPLINE_CURVE_WITH_KNOTS((1,6
    ,6,1),(-6.28318530718,0.,6.28318530718,12.566370614359),
.UNSPECIFIED.) CURVE() GEOMETRIC_REPRESENTATION_ITEM() 
RATIONAL_B_SPLINE_CURVE((1.669078461068,1.03672962321,1.038346699848,
    0.853534330196,1.038346699848,1.03672962321,1.669078461068)) 
REPRESENTATION_ITEM('') );
#4697 = CARTESIAN_POINT('',(7.62,-9.436895709314E-16,1.525));
#4698 = CARTESIAN_POINT('',(7.62,-2.053912595557E-15,4.058853190246));
#4699 = CARTESIAN_POINT('',(4.486814009414,-1.887379141863E-15,
    4.42267138445));
#4700 = CARTESIAN_POINT('',(1.902596695462,-5.551115123126E-16,1.525));
#4701 = CARTESIAN_POINT('',(4.486814009414,6.106226635438E-16,
    -1.37267138445));
#4702 = CARTESIAN_POINT('',(7.62,7.216449660064E-16,-1.008853190246));
#4703 = CARTESIAN_POINT('',(7.62,-9.436895709314E-16,1.525));
#4704 = PCURVE('',#606,#4705);
#4705 = DEFINITIONAL_REPRESENTATION('',(#4706),#4710);
#4706 = LINE('',#4707,#4708);
#4707 = CARTESIAN_POINT('',(0.,0.));
#4708 = VECTOR('',#4709,1.);
#4709 = DIRECTION('',(1.,0.));
#4710 = ( GEOMETRIC_REPRESENTATION_CONTEXT(2) 
PARAMETRIC_REPRESENTATION_CONTEXT() REPRESENTATION_CONTEXT('2D SPACE',''
  ) );
#4711 = PCURVE('',#4712,#4717);
#4712 = PLANE('',#4713);
#4713 = AXIS2_PLACEMENT_3D('',#4714,#4715,#4716);
#4714 = CARTESIAN_POINT('',(6.095241595433,-7.490260358493E-16,1.525));
#4715 = DIRECTION('',(-0.,-1.,-4.958223696272E-16));
#4716 = DIRECTION('',(0.,4.958223696272E-16,-1.));
#4717 = DEFINITIONAL_REPRESENTATION('',(#4718),#4726);
#4718 = ( BOUNDED_CURVE() B_SPLINE_CURVE(6,(#4719,#4720,#4721,#4722,
#4723,#4724,#4725),.UNSPECIFIED.,.T.,.F.) B_SPLINE_CURVE_WITH_KNOTS((1,6
    ,6,1),(-6.28318530718,0.,6.28318530718,12.566370614359),
.UNSPECIFIED.) CURVE() GEOMETRIC_REPRESENTATION_ITEM() 
RATIONAL_B_SPLINE_CURVE((1.669078461068,1.03672962321,1.038346699848,
    0.853534330196,1.038346699848,1.03672962321,1.669078461068)) 
REPRESENTATION_ITEM('') );
#4719 = CARTESIAN_POINT('',(-1.287858708565E-14,1.524758404567));
#4720 = CARTESIAN_POINT('',(-2.533853190246,1.524758404567));
#4721 = CARTESIAN_POINT('',(-2.89767138445,-1.608427586019));
#4722 = CARTESIAN_POINT('',(1.33226762955E-15,-4.192644899971));
#4723 = CARTESIAN_POINT('',(2.89767138445,-1.608427586019));
#4724 = CARTESIAN_POINT('',(2.533853190246,1.524758404567));
#4725 = CARTESIAN_POINT('',(-1.287858708565E-14,1.524758404567));
#4726 = ( GEOMETRIC_REPRESENTATION_CONTEXT(2) 
PARAMETRIC_REPRESENTATION_CONTEXT() REPRESENTATION_CONTEXT('2D SPACE',''
  ) );
#4727 = ADVANCED_FACE('',(#4728),#4712,.T.);
#4728 = FACE_BOUND('',#4729,.T.);
#4729 = EDGE_LOOP('',(#4730));
#4730 = ORIENTED_EDGE('',*,*,#4694,.T.);
#4731 = ADVANCED_FACE('',(#4732),#4677,.F.);
#4732 = FACE_BOUND('',#4733,.F.);
#4733 = EDGE_LOOP('',(#4734));
#4734 = ORIENTED_EDGE('',*,*,#4659,.T.);
#4735 = ( GEOMETRIC_REPRESENTATION_CONTEXT(3) 
GLOBAL_UNCERTAINTY_ASSIGNED_CONTEXT((#4739)) 
GLOBAL_UNIT_ASSIGNED_CONTEXT((#4736,#4737,#4738)) REPRESENTATION_CONTEXT
('Context #1','3D Context with UNIT and UNCERTAINTY') );
#4736 = ( LENGTH_UNIT() NAMED_UNIT(*) SI_UNIT(.MILLI.,.METRE.) );
#4737 = ( NAMED_UNIT(*) PLANE_ANGLE_UNIT() SI_UNIT($,.RADIAN.) );
#4738 = ( NAMED_UNIT(*) SI_UNIT($,.STERADIAN.) SOLID_ANGLE_UNIT() );
#4739 = UNCERTAINTY_MEASURE_WITH_UNIT(LENGTH_MEASURE(2.E-05),#4736,
  'distance_accuracy_value','confusion accuracy');
#4740 = PRODUCT_RELATED_PRODUCT_CATEGORY('part',$,(#7));
ENDSEC;
END-ISO-10303-21;
